id,username,email,full_name,phone_number,address,city_zone,citizen_card_id,emergency_contact,occupation,household_size,blood_group,registered_vehicles_count,created_at
1,citizen_1,citizen_1@example.com,David Gonzalez,+1-555-787-2746,"681 Smart City Ave, Street 10",East District,CTZ-000001,+1-555-630-9954,Accountant,1,A+,1,2026-01-23 08:02:18
2,citizen_2,citizen_2@example.com,Elizabeth Williams,+1-555-543-2123,"33 Smart City Ave, Street 23",North District,CTZ-000002,+1-555-265-4321,Manager,1,A+,1,2026-05-23 08:02:18
3,citizen_3,citizen_3@example.com,James Miller,+1-555-912-8433,"870 Smart City Ave, Street 2",South District,CTZ-000003,+1-555-657-8870,Teacher,4,AB-,1,2026-04-09 08:02:18
4,citizen_4,citizen_4@example.com,Michael Davis,+1-555-970-1945,"882 Smart City Ave, Street 7",North District,CTZ-000004,+1-555-613-1378,Accountant,2,B+,2,2026-08-10 08:02:18
5,citizen_5,citizen_5@example.com,Linda Hernandez,+1-555-414-9363,"247 Smart City Ave, Street 12",South District,CTZ-000005,+1-555-168-9624,Student,4,B+,0,2025-10-21 08:02:18
6,citizen_6,citizen_6@example.com,William Martin,+1-555-278-8693,"611 Smart City Ave, Street 35",North District,CTZ-000006,+1-555-179-8071,Civil Servant,3,O+,2,2026-05-02 08:02:18
7,citizen_7,citizen_7@example.com,Charles Gonzalez,+1-555-398-6043,"109 Smart City Ave, Street 38",Industrial Zone,CTZ-000007,+1-555-142-5889,Accountant,4,O-,2,2026-08-23 08:02:18
8,citizen_8,citizen_8@example.com,Thomas Gonzalez,+1-555-846-4855,"802 Smart City Ave, Street 41",Central Zone,CTZ-000008,+1-555-226-1620,Business Owner,4,O+,2,2026-04-04 08:02:18
9,citizen_9,citizen_9@example.com,Richard Thomas,+1-555-600-4330,"442 Smart City Ave, Street 3",West District,CTZ-000009,+1-555-755-4530,Architect,6,O-,2,2026-03-25 08:02:18
10,citizen_10,citizen_10@example.com,William Moore,+1-555-517-7078,"834 Smart City Ave, Street 30",South District,CTZ-000010,+1-555-967-7654,Business Owner,1,A+,1,2026-05-18 08:02:18
11,citizen_11,citizen_11@example.com,Joseph Miller,+1-555-548-2958,"319 Smart City Ave, Street 23",West District,CTZ-000011,+1-555-403-9769,Teacher,1,A+,0,2026-05-23 08:02:18
12,citizen_12,citizen_12@example.com,Linda Miller,+1-555-334-6343,"240 Smart City Ave, Street 29",South District,CTZ-000012,+1-555-882-3373,Doctor,2,A+,0,2026-08-01 08:02:18
13,citizen_13,citizen_13@example.com,David Anderson,+1-555-101-9794,"281 Smart City Ave, Street 46",Industrial Zone,CTZ-000013,+1-555-574-3910,Student,6,A+,1,2026-08-01 08:02:18
14,citizen_14,citizen_14@example.com,John Davis,+1-555-141-9819,"202 Smart City Ave, Street 33",South District,CTZ-000014,+1-555-969-9541,Technician,2,AB+,3,2025-11-26 08:02:18
15,citizen_15,citizen_15@example.com,James Smith,+1-555-851-4946,"296 Smart City Ave, Street 20",Central Zone,CTZ-000015,+1-555-590-9155,Engineer,1,O+,1,2026-03-15 08:02:18
16,citizen_16,citizen_16@example.com,Patricia Garcia,+1-555-999-7489,"379 Smart City Ave, Street 3",South District,CTZ-000016,+1-555-703-9932,Teacher,3,O-,2,2026-06-21 08:02:18
17,citizen_17,citizen_17@example.com,Linda Moore,+1-555-171-4349,"131 Smart City Ave, Street 44",South District,CTZ-000017,+1-555-821-6891,Engineer,6,B-,2,2026-01-17 08:02:18
18,citizen_18,citizen_18@example.com,Richard Wilson,+1-555-641-5837,"470 Smart City Ave, Street 46",East District,CTZ-000018,+1-555-662-4547,Student,5,O+,3,2026-04-13 08:02:18
19,citizen_19,citizen_19@example.com,Richard Martin,+1-555-865-9495,"796 Smart City Ave, Street 20",North District,CTZ-000019,+1-555-127-6834,Technician,5,A+,2,2026-05-06 08:02:18
20,citizen_20,citizen_20@example.com,Karen Jackson,+1-555-141-7874,"168 Smart City Ave, Street 19",West District,CTZ-000020,+1-555-365-7621,Civil Servant,1,O+,0,2025-12-05 08:02:18
21,citizen_21,citizen_21@example.com,John Wilson,+1-555-977-7134,"518 Smart City Ave, Street 36",South District,CTZ-000021,+1-555-102-5003,Doctor,3,B+,2,2026-02-26 08:02:18
22,citizen_22,citizen_22@example.com,Sarah Rodriguez,+1-555-285-5919,"671 Smart City Ave, Street 8",West District,CTZ-000022,+1-555-702-8955,Manager,5,A-,0,2025-09-27 08:02:18
23,citizen_23,citizen_23@example.com,James Moore,+1-555-415-9614,"962 Smart City Ave, Street 12",Industrial Zone,CTZ-000023,+1-555-696-3164,Doctor,4,AB-,1,2025-10-31 08:02:18
24,citizen_24,citizen_24@example.com,Karen Johnson,+1-555-980-8310,"764 Smart City Ave, Street 50",South District,CTZ-000024,+1-555-796-5297,Architect,5,O+,3,2026-05-23 08:02:18
25,citizen_25,citizen_25@example.com,Jessica Rodriguez,+1-555-894-9365,"956 Smart City Ave, Street 37",North District,CTZ-000025,+1-555-259-2793,Engineer,6,B-,2,2026-05-29 08:02:18
26,citizen_26,citizen_26@example.com,Robert Jones,+1-555-574-6609,"571 Smart City Ave, Street 13",Industrial Zone,CTZ-000026,+1-555-247-2865,Teacher,1,B+,1,2026-05-21 08:02:18
27,citizen_27,citizen_27@example.com,Charles Hernandez,+1-555-970-9217,"768 Smart City Ave, Street 9",East District,CTZ-000027,+1-555-279-3244,Teacher,5,AB-,1,2026-07-19 08:02:18
28,citizen_28,citizen_28@example.com,Mary Hernandez,+1-555-846-5035,"74 Smart City Ave, Street 1",West District,CTZ-000028,+1-555-625-6155,Doctor,1,O-,0,2026-07-09 08:02:18
29,citizen_29,citizen_29@example.com,Joseph Lopez,+1-555-824-2194,"469 Smart City Ave, Street 23",North District,CTZ-000029,+1-555-380-6550,Civil Servant,3,B-,2,2026-05-25 08:02:18
30,citizen_30,citizen_30@example.com,James Hernandez,+1-555-580-1774,"95 Smart City Ave, Street 30",South District,CTZ-000030,+1-555-152-1199,Architect,6,B-,1,2026-08-20 08:02:18
31,citizen_31,citizen_31@example.com,Susan Gonzalez,+1-555-421-2591,"601 Smart City Ave, Street 15",West District,CTZ-000031,+1-555-897-7756,Student,3,AB-,3,2026-02-09 08:02:18
32,citizen_32,citizen_32@example.com,Linda Jones,+1-555-166-6219,"482 Smart City Ave, Street 49",East District,CTZ-000032,+1-555-107-9400,Architect,3,B+,1,2026-07-23 08:02:18
33,citizen_33,citizen_33@example.com,Barbara Anderson,+1-555-658-7743,"77 Smart City Ave, Street 7",Industrial Zone,CTZ-000033,+1-555-474-1169,Student,2,B-,1,2026-03-15 08:02:18
34,citizen_34,citizen_34@example.com,Robert Rodriguez,+1-555-457-6084,"381 Smart City Ave, Street 12",West District,CTZ-000034,+1-555-789-8626,Accountant,6,O+,3,2025-11-21 08:02:18
35,citizen_35,citizen_35@example.com,Richard Davis,+1-555-195-5083,"796 Smart City Ave, Street 35",Industrial Zone,CTZ-000035,+1-555-439-3163,Engineer,5,O-,1,2025-10-25 08:02:18
36,citizen_36,citizen_36@example.com,Susan Rodriguez,+1-555-701-5794,"352 Smart City Ave, Street 45",Central Zone,CTZ-000036,+1-555-781-3891,Teacher,4,O+,2,2026-01-17 08:02:18
37,citizen_37,citizen_37@example.com,Richard Brown,+1-555-856-9132,"575 Smart City Ave, Street 3",West District,CTZ-000037,+1-555-703-9462,Civil Servant,2,O-,1,2026-05-03 08:02:18
38,citizen_38,citizen_38@example.com,Joseph Wilson,+1-555-137-7947,"486 Smart City Ave, Street 25",East District,CTZ-000038,+1-555-532-6932,Teacher,6,AB-,1,2026-07-14 08:02:18
39,citizen_39,citizen_39@example.com,Michael Martin,+1-555-788-7012,"373 Smart City Ave, Street 45",Central Zone,CTZ-000039,+1-555-430-6865,Student,2,O-,1,2026-02-18 08:02:18
40,citizen_40,citizen_40@example.com,William Garcia,+1-555-180-1056,"37 Smart City Ave, Street 35",West District,CTZ-000040,+1-555-749-9844,Technician,1,O+,1,2025-11-13 08:02:18
41,citizen_41,citizen_41@example.com,Robert Taylor,+1-555-558-4574,"530 Smart City Ave, Street 43",Industrial Zone,CTZ-000041,+1-555-616-2856,Manager,6,A-,1,2026-06-07 08:02:18
42,citizen_42,citizen_42@example.com,Elizabeth Rodriguez,+1-555-388-4169,"640 Smart City Ave, Street 33",West District,CTZ-000042,+1-555-607-3427,Business Owner,6,A+,0,2025-10-28 08:02:18
43,citizen_43,citizen_43@example.com,David Garcia,+1-555-825-1137,"295 Smart City Ave, Street 41",Central Zone,CTZ-000043,+1-555-449-3946,Teacher,5,B-,2,2026-04-16 08:02:18
44,citizen_44,citizen_44@example.com,John Rodriguez,+1-555-850-1316,"229 Smart City Ave, Street 17",West District,CTZ-000044,+1-555-387-7894,Civil Servant,2,AB+,0,2025-11-17 08:02:18
45,citizen_45,citizen_45@example.com,Charles Miller,+1-555-508-5609,"637 Smart City Ave, Street 19",South District,CTZ-000045,+1-555-951-3560,Technician,3,O-,2,2026-05-05 08:02:18
46,citizen_46,citizen_46@example.com,Barbara Martinez,+1-555-862-2159,"875 Smart City Ave, Street 37",South District,CTZ-000046,+1-555-620-6300,Accountant,5,B+,1,2026-07-05 08:02:18
47,citizen_47,citizen_47@example.com,Thomas Gonzalez,+1-555-913-8382,"64 Smart City Ave, Street 42",South District,CTZ-000047,+1-555-189-6342,Business Owner,4,AB-,2,2025-11-17 08:02:18
48,citizen_48,citizen_48@example.com,Barbara Hernandez,+1-555-492-8382,"833 Smart City Ave, Street 8",West District,CTZ-000048,+1-555-376-6484,Manager,1,A-,1,2026-01-09 08:02:18
49,citizen_49,citizen_49@example.com,Elizabeth Thomas,+1-555-530-8871,"552 Smart City Ave, Street 45",Industrial Zone,CTZ-000049,+1-555-539-7706,Accountant,4,O+,3,2025-12-26 08:02:18
50,citizen_50,citizen_50@example.com,Karen Williams,+1-555-456-1655,"146 Smart City Ave, Street 26",West District,CTZ-000050,+1-555-583-6210,Teacher,6,B-,3,2026-07-22 08:02:18
51,citizen_51,citizen_51@example.com,Mary Taylor,+1-555-100-1118,"579 Smart City Ave, Street 9",East District,CTZ-000051,+1-555-231-7056,Accountant,3,B+,1,2026-06-08 08:02:18
52,citizen_52,citizen_52@example.com,Patricia Jones,+1-555-535-5228,"222 Smart City Ave, Street 30",South District,CTZ-000052,+1-555-279-1159,Architect,3,O-,2,2026-03-13 08:02:18
53,citizen_53,citizen_53@example.com,Barbara Anderson,+1-555-926-7911,"197 Smart City Ave, Street 3",North District,CTZ-000053,+1-555-188-1926,Civil Servant,1,O+,1,2025-11-18 08:02:18
54,citizen_54,citizen_54@example.com,David Davis,+1-555-975-6041,"871 Smart City Ave, Street 21",West District,CTZ-000054,+1-555-761-3799,Student,2,O-,0,2026-04-25 08:02:18
55,citizen_55,citizen_55@example.com,Patricia Thomas,+1-555-844-1495,"861 Smart City Ave, Street 6",North District,CTZ-000055,+1-555-334-8440,Doctor,2,AB+,0,2026-08-03 08:02:18
56,citizen_56,citizen_56@example.com,Linda Thomas,+1-555-255-5973,"939 Smart City Ave, Street 6",West District,CTZ-000056,+1-555-594-8237,Engineer,2,AB+,2,2026-02-15 08:02:18
57,citizen_57,citizen_57@example.com,Barbara Jones,+1-555-104-2785,"307 Smart City Ave, Street 47",West District,CTZ-000057,+1-555-970-2960,Accountant,1,O-,3,2026-06-29 08:02:18
58,citizen_58,citizen_58@example.com,Barbara Jones,+1-555-549-2560,"954 Smart City Ave, Street 9",Central Zone,CTZ-000058,+1-555-125-1471,Doctor,2,B+,0,2026-05-31 08:02:18
59,citizen_59,citizen_59@example.com,Linda Johnson,+1-555-529-1335,"326 Smart City Ave, Street 10",East District,CTZ-000059,+1-555-524-7316,Engineer,3,AB+,3,2026-05-03 08:02:18
60,citizen_60,citizen_60@example.com,Robert Miller,+1-555-704-6967,"990 Smart City Ave, Street 45",West District,CTZ-000060,+1-555-327-5397,Student,3,A+,3,2026-02-28 08:02:18
61,citizen_61,citizen_61@example.com,Elizabeth Brown,+1-555-419-3596,"713 Smart City Ave, Street 22",Central Zone,CTZ-000061,+1-555-933-1585,Civil Servant,5,AB-,3,2025-09-19 08:02:18
62,citizen_62,citizen_62@example.com,Michael Moore,+1-555-660-9650,"49 Smart City Ave, Street 26",West District,CTZ-000062,+1-555-162-5315,Business Owner,1,O-,0,2026-05-06 08:02:18
63,citizen_63,citizen_63@example.com,Michael Rodriguez,+1-555-818-8689,"299 Smart City Ave, Street 16",East District,CTZ-000063,+1-555-874-7198,Technician,4,AB+,3,2025-10-23 08:02:18
64,citizen_64,citizen_64@example.com,Jessica Wilson,+1-555-230-3152,"530 Smart City Ave, Street 22",West District,CTZ-000064,+1-555-926-4037,Teacher,5,O-,2,2026-07-04 08:02:18
65,citizen_65,citizen_65@example.com,William Johnson,+1-555-819-6933,"426 Smart City Ave, Street 31",Industrial Zone,CTZ-000065,+1-555-741-6509,Technician,2,B-,1,2026-05-14 08:02:18
66,citizen_66,citizen_66@example.com,Linda Anderson,+1-555-499-4747,"65 Smart City Ave, Street 50",North District,CTZ-000066,+1-555-184-5990,Technician,3,A+,3,2026-04-14 08:02:18
67,citizen_67,citizen_67@example.com,David Anderson,+1-555-844-3968,"576 Smart City Ave, Street 10",East District,CTZ-000067,+1-555-685-8699,Teacher,5,B+,3,2026-04-01 08:02:18
68,citizen_68,citizen_68@example.com,James Smith,+1-555-925-3089,"338 Smart City Ave, Street 47",West District,CTZ-000068,+1-555-925-3905,Student,3,B+,2,2026-04-04 08:02:18
69,citizen_69,citizen_69@example.com,Patricia Miller,+1-555-561-8252,"307 Smart City Ave, Street 9",Central Zone,CTZ-000069,+1-555-301-1387,Engineer,6,B+,0,2026-08-13 08:02:18
70,citizen_70,citizen_70@example.com,Elizabeth Gonzalez,+1-555-628-1596,"794 Smart City Ave, Street 45",Central Zone,CTZ-000070,+1-555-443-1042,Technician,3,A+,0,2026-01-10 08:02:18
71,citizen_71,citizen_71@example.com,James Johnson,+1-555-374-6219,"574 Smart City Ave, Street 9",Industrial Zone,CTZ-000071,+1-555-369-3367,Architect,5,AB-,2,2025-10-05 08:02:18
72,citizen_72,citizen_72@example.com,Elizabeth Hernandez,+1-555-213-1477,"251 Smart City Ave, Street 6",North District,CTZ-000072,+1-555-230-8524,Civil Servant,4,AB+,0,2026-05-17 08:02:18
73,citizen_73,citizen_73@example.com,John Smith,+1-555-774-4419,"436 Smart City Ave, Street 18",West District,CTZ-000073,+1-555-724-2449,Accountant,2,A+,3,2025-09-19 08:02:18
74,citizen_74,citizen_74@example.com,Barbara Rodriguez,+1-555-735-4512,"869 Smart City Ave, Street 24",North District,CTZ-000074,+1-555-553-1171,Business Owner,1,AB+,1,2026-08-18 08:02:18
75,citizen_75,citizen_75@example.com,Michael Taylor,+1-555-262-7700,"704 Smart City Ave, Street 36",Industrial Zone,CTZ-000075,+1-555-205-2362,Civil Servant,1,O+,3,2026-07-28 08:02:18
76,citizen_76,citizen_76@example.com,Michael Taylor,+1-555-386-7763,"71 Smart City Ave, Street 42",Central Zone,CTZ-000076,+1-555-576-3688,Manager,6,AB+,2,2026-04-12 08:02:18
77,citizen_77,citizen_77@example.com,William Jackson,+1-555-580-5686,"270 Smart City Ave, Street 6",South District,CTZ-000077,+1-555-907-8689,Student,4,A-,0,2025-11-10 08:02:18
78,citizen_78,citizen_78@example.com,David Gonzalez,+1-555-312-2460,"308 Smart City Ave, Street 21",South District,CTZ-000078,+1-555-127-6358,Civil Servant,4,B+,2,2026-08-18 08:02:18
79,citizen_79,citizen_79@example.com,William Martin,+1-555-521-5777,"846 Smart City Ave, Street 34",North District,CTZ-000079,+1-555-544-9500,Architect,4,O-,3,2026-07-18 08:02:18
80,citizen_80,citizen_80@example.com,Elizabeth Jackson,+1-555-842-1922,"531 Smart City Ave, Street 32",Industrial Zone,CTZ-000080,+1-555-947-8078,Student,6,B-,3,2026-04-14 08:02:18
81,citizen_81,citizen_81@example.com,Robert Lopez,+1-555-684-8314,"897 Smart City Ave, Street 2",West District,CTZ-000081,+1-555-242-9220,Teacher,2,A+,3,2025-10-03 08:02:18
82,citizen_82,citizen_82@example.com,Mary Hernandez,+1-555-157-5923,"554 Smart City Ave, Street 30",South District,CTZ-000082,+1-555-129-1454,Engineer,3,O+,1,2026-02-11 08:02:18
83,citizen_83,citizen_83@example.com,William Hernandez,+1-555-664-6207,"31 Smart City Ave, Street 48",Industrial Zone,CTZ-000083,+1-555-615-6768,Accountant,6,A+,1,2026-04-04 08:02:18
84,citizen_84,citizen_84@example.com,Patricia Brown,+1-555-212-4924,"476 Smart City Ave, Street 9",South District,CTZ-000084,+1-555-827-8901,Doctor,5,B-,1,2025-10-22 08:02:18
85,citizen_85,citizen_85@example.com,Barbara Brown,+1-555-180-4650,"812 Smart City Ave, Street 22",East District,CTZ-000085,+1-555-689-1006,Student,4,B+,2,2025-10-07 08:02:18
86,citizen_86,citizen_86@example.com,Mary Rodriguez,+1-555-208-9987,"845 Smart City Ave, Street 34",East District,CTZ-000086,+1-555-666-5123,Doctor,1,A+,1,2026-08-09 08:02:18
87,citizen_87,citizen_87@example.com,Richard Taylor,+1-555-199-6418,"588 Smart City Ave, Street 30",Central Zone,CTZ-000087,+1-555-189-2639,Doctor,6,B-,2,2026-05-16 08:02:18
88,citizen_88,citizen_88@example.com,Barbara Williams,+1-555-432-7858,"348 Smart City Ave, Street 44",Industrial Zone,CTZ-000088,+1-555-830-3127,Teacher,6,O-,1,2026-08-06 08:02:18
89,citizen_89,citizen_89@example.com,Karen Gonzalez,+1-555-702-2274,"344 Smart City Ave, Street 18",Industrial Zone,CTZ-000089,+1-555-817-2457,Student,6,A+,1,2026-06-09 08:02:18
90,citizen_90,citizen_90@example.com,Thomas Thomas,+1-555-217-5578,"439 Smart City Ave, Street 21",West District,CTZ-000090,+1-555-347-7442,Manager,4,AB+,1,2026-05-07 08:02:18
91,citizen_91,citizen_91@example.com,Jennifer Anderson,+1-555-247-2767,"295 Smart City Ave, Street 24",North District,CTZ-000091,+1-555-415-6404,Civil Servant,3,A-,1,2026-03-29 08:02:18
92,citizen_92,citizen_92@example.com,William Miller,+1-555-211-7581,"40 Smart City Ave, Street 23",West District,CTZ-000092,+1-555-874-5024,Doctor,6,O-,3,2026-08-04 08:02:18
93,citizen_93,citizen_93@example.com,Karen Thomas,+1-555-813-1892,"421 Smart City Ave, Street 26",East District,CTZ-000093,+1-555-766-4895,Architect,1,A-,0,2026-07-13 08:02:18
94,citizen_94,citizen_94@example.com,Jennifer Thomas,+1-555-545-9751,"284 Smart City Ave, Street 38",Central Zone,CTZ-000094,+1-555-227-4913,Teacher,5,O-,1,2025-12-15 08:02:18
95,citizen_95,citizen_95@example.com,Karen Miller,+1-555-990-5199,"48 Smart City Ave, Street 37",West District,CTZ-000095,+1-555-271-9963,Civil Servant,4,O+,1,2026-06-11 08:02:18
96,citizen_96,citizen_96@example.com,Joseph Rodriguez,+1-555-685-7580,"501 Smart City Ave, Street 13",East District,CTZ-000096,+1-555-868-9043,Engineer,5,B-,0,2025-11-24 08:02:18
97,citizen_97,citizen_97@example.com,Sarah Gonzalez,+1-555-523-4542,"512 Smart City Ave, Street 47",South District,CTZ-000097,+1-555-461-7097,Accountant,6,B-,0,2026-05-07 08:02:18
98,citizen_98,citizen_98@example.com,Jessica Anderson,+1-555-353-5834,"839 Smart City Ave, Street 14",East District,CTZ-000098,+1-555-622-9466,Technician,5,O-,3,2026-05-26 08:02:18
99,citizen_99,citizen_99@example.com,Charles Lopez,+1-555-764-5396,"253 Smart City Ave, Street 12",Industrial Zone,CTZ-000099,+1-555-103-1789,Teacher,6,B+,1,2026-02-17 08:02:18
100,citizen_100,citizen_100@example.com,John Rodriguez,+1-555-578-6572,"560 Smart City Ave, Street 29",North District,CTZ-000100,+1-555-754-9839,Architect,2,A-,1,2025-10-30 08:02:18
101,citizen_101,citizen_101@example.com,Charles Jackson,+1-555-468-4533,"224 Smart City Ave, Street 10",East District,CTZ-000101,+1-555-513-9507,Manager,1,AB-,1,2025-11-29 08:02:18
102,citizen_102,citizen_102@example.com,Barbara Davis,+1-555-925-9515,"355 Smart City Ave, Street 41",Central Zone,CTZ-000102,+1-555-511-1812,Engineer,2,O+,1,2026-08-06 08:02:18
103,citizen_103,citizen_103@example.com,Robert Rodriguez,+1-555-571-1194,"117 Smart City Ave, Street 18",West District,CTZ-000103,+1-555-357-1462,Student,6,A+,3,2025-12-22 08:02:18
104,citizen_104,citizen_104@example.com,Linda Jackson,+1-555-101-4619,"368 Smart City Ave, Street 21",North District,CTZ-000104,+1-555-602-5905,Accountant,4,O-,1,2025-12-13 08:02:18
105,citizen_105,citizen_105@example.com,Thomas Wilson,+1-555-341-1635,"932 Smart City Ave, Street 27",South District,CTZ-000105,+1-555-451-8484,Teacher,3,A-,2,2026-08-07 08:02:18
106,citizen_106,citizen_106@example.com,Sarah Jackson,+1-555-428-9834,"488 Smart City Ave, Street 5",Central Zone,CTZ-000106,+1-555-204-9068,Teacher,2,O+,0,2026-06-06 08:02:18
107,citizen_107,citizen_107@example.com,David Martin,+1-555-478-6229,"763 Smart City Ave, Street 31",North District,CTZ-000107,+1-555-185-4538,Business Owner,1,B+,2,2025-10-05 08:02:18
108,citizen_108,citizen_108@example.com,Thomas Hernandez,+1-555-483-6432,"445 Smart City Ave, Street 44",North District,CTZ-000108,+1-555-611-2018,Business Owner,5,B-,3,2026-05-31 08:02:18
109,citizen_109,citizen_109@example.com,Susan Jackson,+1-555-572-1747,"493 Smart City Ave, Street 50",West District,CTZ-000109,+1-555-778-7566,Doctor,4,A+,1,2025-10-22 08:02:18
110,citizen_110,citizen_110@example.com,Patricia Johnson,+1-555-443-3461,"175 Smart City Ave, Street 32",West District,CTZ-000110,+1-555-817-8021,Technician,2,AB-,1,2026-02-28 08:02:18
111,citizen_111,citizen_111@example.com,Mary Moore,+1-555-701-2879,"306 Smart City Ave, Street 25",South District,CTZ-000111,+1-555-752-9197,Student,3,B+,0,2026-06-02 08:02:18
112,citizen_112,citizen_112@example.com,Joseph Wilson,+1-555-590-4125,"559 Smart City Ave, Street 8",Industrial Zone,CTZ-000112,+1-555-537-1191,Accountant,2,O+,1,2026-07-07 08:02:18
113,citizen_113,citizen_113@example.com,Thomas Miller,+1-555-826-8693,"964 Smart City Ave, Street 38",Industrial Zone,CTZ-000113,+1-555-638-1033,Manager,3,AB-,0,2026-01-30 08:02:18
114,citizen_114,citizen_114@example.com,Thomas Gonzalez,+1-555-667-3960,"285 Smart City Ave, Street 14",West District,CTZ-000114,+1-555-906-8818,Architect,1,B-,1,2025-12-07 08:02:18
115,citizen_115,citizen_115@example.com,Thomas Martinez,+1-555-417-8701,"797 Smart City Ave, Street 11",West District,CTZ-000115,+1-555-646-3083,Architect,2,B+,0,2025-09-22 08:02:18
116,citizen_116,citizen_116@example.com,Jessica Taylor,+1-555-856-7067,"698 Smart City Ave, Street 27",Central Zone,CTZ-000116,+1-555-607-7943,Manager,3,AB-,2,2025-09-13 08:02:18
117,citizen_117,citizen_117@example.com,Charles Smith,+1-555-915-7142,"471 Smart City Ave, Street 4",Industrial Zone,CTZ-000117,+1-555-698-7707,Accountant,6,O-,1,2026-04-09 08:02:18
118,citizen_118,citizen_118@example.com,John Johnson,+1-555-527-1450,"166 Smart City Ave, Street 6",East District,CTZ-000118,+1-555-473-7995,Doctor,4,AB+,3,2025-09-09 08:02:18
119,citizen_119,citizen_119@example.com,Charles Davis,+1-555-302-7339,"215 Smart City Ave, Street 42",South District,CTZ-000119,+1-555-712-6433,Teacher,4,B-,0,2026-07-03 08:02:18
120,citizen_120,citizen_120@example.com,Jennifer Jackson,+1-555-553-8340,"342 Smart City Ave, Street 39",Industrial Zone,CTZ-000120,+1-555-741-4624,Civil Servant,6,B+,1,2026-08-22 08:02:18
121,citizen_121,citizen_121@example.com,Richard Johnson,+1-555-570-5052,"882 Smart City Ave, Street 45",Central Zone,CTZ-000121,+1-555-698-9471,Architect,6,AB-,1,2025-11-19 08:02:18
122,citizen_122,citizen_122@example.com,Richard Thomas,+1-555-380-2648,"585 Smart City Ave, Street 20",Central Zone,CTZ-000122,+1-555-803-6158,Engineer,4,O-,1,2026-07-16 08:02:18
123,citizen_123,citizen_123@example.com,Linda Brown,+1-555-540-4392,"342 Smart City Ave, Street 31",North District,CTZ-000123,+1-555-510-5992,Engineer,3,AB+,3,2025-10-02 08:02:18
124,citizen_124,citizen_124@example.com,Sarah Brown,+1-555-607-1370,"667 Smart City Ave, Street 33",Central Zone,CTZ-000124,+1-555-621-4133,Technician,6,A-,0,2026-05-26 08:02:18
125,citizen_125,citizen_125@example.com,Jessica Rodriguez,+1-555-779-4258,"929 Smart City Ave, Street 30",South District,CTZ-000125,+1-555-875-7139,Student,6,A-,1,2026-02-02 08:02:18
126,citizen_126,citizen_126@example.com,Mary Davis,+1-555-561-9117,"124 Smart City Ave, Street 16",East District,CTZ-000126,+1-555-399-4523,Doctor,3,AB+,1,2026-05-31 08:02:18
127,citizen_127,citizen_127@example.com,Karen Gonzalez,+1-555-197-1656,"500 Smart City Ave, Street 34",North District,CTZ-000127,+1-555-866-3039,Doctor,2,A+,3,2025-11-09 08:02:18
128,citizen_128,citizen_128@example.com,Robert Wilson,+1-555-593-4072,"305 Smart City Ave, Street 19",West District,CTZ-000128,+1-555-254-5904,Manager,2,O-,1,2026-08-13 08:02:18
129,citizen_129,citizen_129@example.com,William Moore,+1-555-670-8751,"505 Smart City Ave, Street 3",West District,CTZ-000129,+1-555-425-4103,Engineer,6,AB+,0,2025-10-10 08:02:18
130,citizen_130,citizen_130@example.com,Sarah Williams,+1-555-236-1501,"205 Smart City Ave, Street 42",South District,CTZ-000130,+1-555-661-8164,Architect,3,O+,1,2026-06-15 08:02:18
131,citizen_131,citizen_131@example.com,Susan Thomas,+1-555-401-5167,"153 Smart City Ave, Street 48",East District,CTZ-000131,+1-555-128-1466,Business Owner,5,AB-,0,2026-03-05 08:02:18
132,citizen_132,citizen_132@example.com,Joseph Johnson,+1-555-558-2462,"335 Smart City Ave, Street 41",Industrial Zone,CTZ-000132,+1-555-684-3924,Manager,3,O+,1,2026-01-25 08:02:18
133,citizen_133,citizen_133@example.com,Linda Johnson,+1-555-783-7159,"648 Smart City Ave, Street 50",Industrial Zone,CTZ-000133,+1-555-967-2029,Teacher,1,B+,3,2025-09-15 08:02:18
134,citizen_134,citizen_134@example.com,Jessica Moore,+1-555-907-1962,"881 Smart City Ave, Street 31",South District,CTZ-000134,+1-555-612-5352,Teacher,5,A+,2,2025-12-09 08:02:18
135,citizen_135,citizen_135@example.com,Charles Thomas,+1-555-660-3077,"939 Smart City Ave, Street 26",West District,CTZ-000135,+1-555-564-4461,Architect,6,O-,0,2026-02-06 08:02:18
136,citizen_136,citizen_136@example.com,James Rodriguez,+1-555-330-8407,"463 Smart City Ave, Street 1",North District,CTZ-000136,+1-555-296-9473,Accountant,6,AB-,2,2025-12-26 08:02:18
137,citizen_137,citizen_137@example.com,Michael Gonzalez,+1-555-550-2644,"55 Smart City Ave, Street 49",Central Zone,CTZ-000137,+1-555-746-1499,Teacher,4,A+,0,2026-04-25 08:02:18
138,citizen_138,citizen_138@example.com,Robert Lopez,+1-555-695-6055,"430 Smart City Ave, Street 25",Industrial Zone,CTZ-000138,+1-555-728-5893,Student,6,B-,3,2026-03-19 08:02:18
139,citizen_139,citizen_139@example.com,Barbara Brown,+1-555-391-8950,"704 Smart City Ave, Street 9",South District,CTZ-000139,+1-555-855-3393,Manager,3,AB+,1,2026-05-13 08:02:18
140,citizen_140,citizen_140@example.com,Patricia Martinez,+1-555-426-9065,"331 Smart City Ave, Street 32",West District,CTZ-000140,+1-555-195-1349,Civil Servant,3,A+,1,2026-02-16 08:02:18
141,citizen_141,citizen_141@example.com,Karen Jackson,+1-555-829-7165,"639 Smart City Ave, Street 7",North District,CTZ-000141,+1-555-294-3405,Student,1,A+,2,2026-05-20 08:02:18
142,citizen_142,citizen_142@example.com,Charles Johnson,+1-555-443-3444,"725 Smart City Ave, Street 20",Central Zone,CTZ-000142,+1-555-537-4949,Technician,4,B-,1,2026-04-01 08:02:18
143,citizen_143,citizen_143@example.com,Karen Moore,+1-555-424-7528,"755 Smart City Ave, Street 50",North District,CTZ-000143,+1-555-177-2996,Technician,4,O-,2,2026-02-10 08:02:18
144,citizen_144,citizen_144@example.com,Joseph Lopez,+1-555-586-6978,"952 Smart City Ave, Street 35",Industrial Zone,CTZ-000144,+1-555-450-8452,Architect,1,AB-,2,2026-01-01 08:02:18
145,citizen_145,citizen_145@example.com,Jennifer Gonzalez,+1-555-555-9582,"429 Smart City Ave, Street 18",North District,CTZ-000145,+1-555-163-5722,Architect,1,A-,1,2026-04-07 08:02:18
146,citizen_146,citizen_146@example.com,Jennifer Moore,+1-555-971-3229,"693 Smart City Ave, Street 41",Industrial Zone,CTZ-000146,+1-555-384-6729,Student,3,A-,1,2026-07-16 08:02:18
147,citizen_147,citizen_147@example.com,Robert Davis,+1-555-136-8320,"590 Smart City Ave, Street 20",East District,CTZ-000147,+1-555-232-6644,Accountant,1,O+,1,2026-08-29 08:02:18
148,citizen_148,citizen_148@example.com,Elizabeth Wilson,+1-555-850-4227,"517 Smart City Ave, Street 47",East District,CTZ-000148,+1-555-841-9906,Engineer,1,B-,3,2025-12-14 08:02:18
149,citizen_149,citizen_149@example.com,Richard Smith,+1-555-809-1107,"843 Smart City Ave, Street 48",Central Zone,CTZ-000149,+1-555-765-1725,Technician,6,A-,1,2025-10-22 08:02:18
150,citizen_150,citizen_150@example.com,Mary Jones,+1-555-497-8854,"887 Smart City Ave, Street 42",Industrial Zone,CTZ-000150,+1-555-312-4362,Student,1,O-,2,2025-10-29 08:02:18
151,citizen_151,citizen_151@example.com,Jessica Jackson,+1-555-802-7313,"340 Smart City Ave, Street 35",North District,CTZ-000151,+1-555-364-1773,Civil Servant,2,O-,1,2026-07-10 08:02:18
152,citizen_152,citizen_152@example.com,Susan Martin,+1-555-941-6611,"415 Smart City Ave, Street 36",East District,CTZ-000152,+1-555-931-1492,Doctor,6,O-,3,2026-06-11 08:02:18
153,citizen_153,citizen_153@example.com,James Garcia,+1-555-364-6130,"146 Smart City Ave, Street 34",Industrial Zone,CTZ-000153,+1-555-226-3097,Manager,6,B+,0,2025-09-27 08:02:18
154,citizen_154,citizen_154@example.com,Robert Moore,+1-555-215-1954,"944 Smart City Ave, Street 7",South District,CTZ-000154,+1-555-335-8714,Doctor,4,A+,1,2025-12-07 08:02:18
155,citizen_155,citizen_155@example.com,Robert Martinez,+1-555-177-1581,"996 Smart City Ave, Street 37",Industrial Zone,CTZ-000155,+1-555-836-9643,Technician,5,O+,1,2026-01-04 08:02:18
156,citizen_156,citizen_156@example.com,Elizabeth Lopez,+1-555-890-5739,"43 Smart City Ave, Street 43",Central Zone,CTZ-000156,+1-555-551-5746,Architect,4,O-,1,2026-03-31 08:02:18
157,citizen_157,citizen_157@example.com,Barbara Taylor,+1-555-780-5316,"749 Smart City Ave, Street 42",Central Zone,CTZ-000157,+1-555-347-6258,Student,1,AB+,1,2026-03-12 08:02:18
158,citizen_158,citizen_158@example.com,Thomas Martinez,+1-555-481-9137,"552 Smart City Ave, Street 36",West District,CTZ-000158,+1-555-460-9439,Student,1,O+,2,2025-09-25 08:02:18
159,citizen_159,citizen_159@example.com,Patricia Thomas,+1-555-906-2255,"680 Smart City Ave, Street 45",East District,CTZ-000159,+1-555-850-6788,Doctor,2,O+,1,2026-01-06 08:02:18
160,citizen_160,citizen_160@example.com,Elizabeth Lopez,+1-555-720-1770,"410 Smart City Ave, Street 35",North District,CTZ-000160,+1-555-630-5783,Architect,2,O-,0,2025-12-07 08:02:18
161,citizen_161,citizen_161@example.com,Karen Lopez,+1-555-308-1150,"846 Smart City Ave, Street 21",West District,CTZ-000161,+1-555-792-9641,Architect,1,O-,1,2026-02-16 08:02:18
162,citizen_162,citizen_162@example.com,Patricia Wilson,+1-555-233-6553,"890 Smart City Ave, Street 29",Central Zone,CTZ-000162,+1-555-536-9557,Technician,2,O-,1,2026-05-21 08:02:18
163,citizen_163,citizen_163@example.com,James Taylor,+1-555-603-9646,"361 Smart City Ave, Street 23",West District,CTZ-000163,+1-555-624-2109,Engineer,6,B-,1,2026-03-11 08:02:18
164,citizen_164,citizen_164@example.com,David Garcia,+1-555-394-8587,"956 Smart City Ave, Street 25",East District,CTZ-000164,+1-555-640-8370,Technician,5,A+,1,2026-04-10 08:02:18
165,citizen_165,citizen_165@example.com,Susan Martinez,+1-555-658-3973,"847 Smart City Ave, Street 18",South District,CTZ-000165,+1-555-212-5605,Accountant,2,O-,1,2026-07-21 08:02:18
166,citizen_166,citizen_166@example.com,Thomas Rodriguez,+1-555-319-4027,"408 Smart City Ave, Street 1",Industrial Zone,CTZ-000166,+1-555-484-8065,Student,3,AB-,1,2026-01-17 08:02:18
167,citizen_167,citizen_167@example.com,Joseph Hernandez,+1-555-395-9292,"319 Smart City Ave, Street 23",West District,CTZ-000167,+1-555-297-9216,Business Owner,5,A+,0,2026-01-19 08:02:18
168,citizen_168,citizen_168@example.com,Robert Garcia,+1-555-802-5103,"370 Smart City Ave, Street 8",West District,CTZ-000168,+1-555-167-9374,Civil Servant,2,AB+,2,2026-01-15 08:02:18
169,citizen_169,citizen_169@example.com,David Johnson,+1-555-525-8600,"204 Smart City Ave, Street 17",South District,CTZ-000169,+1-555-379-8557,Engineer,4,A+,0,2026-01-15 08:02:18
170,citizen_170,citizen_170@example.com,Susan Moore,+1-555-918-5266,"690 Smart City Ave, Street 20",Central Zone,CTZ-000170,+1-555-717-3735,Student,3,A+,2,2026-08-27 08:02:18
171,citizen_171,citizen_171@example.com,Patricia Thomas,+1-555-239-5546,"641 Smart City Ave, Street 14",East District,CTZ-000171,+1-555-191-6270,Civil Servant,6,AB-,0,2026-03-16 08:02:18
172,citizen_172,citizen_172@example.com,John Gonzalez,+1-555-656-9500,"687 Smart City Ave, Street 8",East District,CTZ-000172,+1-555-189-9174,Technician,4,A+,3,2026-02-13 08:02:18
173,citizen_173,citizen_173@example.com,Barbara Martin,+1-555-570-4851,"525 Smart City Ave, Street 47",North District,CTZ-000173,+1-555-404-6331,Architect,5,A-,2,2025-12-25 08:02:18
174,citizen_174,citizen_174@example.com,Susan Martin,+1-555-944-9220,"66 Smart City Ave, Street 1",Industrial Zone,CTZ-000174,+1-555-945-8619,Civil Servant,4,O+,2,2026-06-27 08:02:18
175,citizen_175,citizen_175@example.com,Sarah Smith,+1-555-939-2275,"378 Smart City Ave, Street 11",Central Zone,CTZ-000175,+1-555-294-7845,Doctor,1,A+,1,2026-01-15 08:02:18
176,citizen_176,citizen_176@example.com,James Brown,+1-555-145-7432,"147 Smart City Ave, Street 43",Central Zone,CTZ-000176,+1-555-401-2222,Doctor,3,B-,1,2026-08-04 08:02:18
177,citizen_177,citizen_177@example.com,William Johnson,+1-555-198-2857,"117 Smart City Ave, Street 47",North District,CTZ-000177,+1-555-861-9179,Technician,3,O+,3,2026-03-14 08:02:18
178,citizen_178,citizen_178@example.com,Jessica Williams,+1-555-990-4522,"354 Smart City Ave, Street 4",West District,CTZ-000178,+1-555-891-9196,Technician,1,AB-,2,2026-02-24 08:02:18
179,citizen_179,citizen_179@example.com,Charles Jackson,+1-555-262-4235,"106 Smart City Ave, Street 46",South District,CTZ-000179,+1-555-534-5713,Technician,6,O+,1,2026-06-10 08:02:18
180,citizen_180,citizen_180@example.com,James Johnson,+1-555-844-2157,"240 Smart City Ave, Street 34",East District,CTZ-000180,+1-555-252-8484,Doctor,2,O-,3,2026-08-04 08:02:18
181,citizen_181,citizen_181@example.com,Robert Anderson,+1-555-469-6952,"550 Smart City Ave, Street 18",Central Zone,CTZ-000181,+1-555-224-3739,Business Owner,5,A-,1,2025-09-20 08:02:18
182,citizen_182,citizen_182@example.com,Susan Miller,+1-555-966-2943,"663 Smart City Ave, Street 44",Industrial Zone,CTZ-000182,+1-555-828-9284,Manager,1,B-,3,2026-09-01 08:02:18
183,citizen_183,citizen_183@example.com,Robert Williams,+1-555-532-8492,"636 Smart City Ave, Street 24",South District,CTZ-000183,+1-555-847-1892,Architect,2,AB+,0,2026-08-23 08:02:18
184,citizen_184,citizen_184@example.com,Thomas Wilson,+1-555-169-2239,"689 Smart City Ave, Street 49",Central Zone,CTZ-000184,+1-555-844-2226,Business Owner,5,B+,3,2025-12-14 08:02:18
185,citizen_185,citizen_185@example.com,James Jones,+1-555-765-9392,"249 Smart City Ave, Street 14",Central Zone,CTZ-000185,+1-555-947-7546,Accountant,4,O-,3,2026-08-18 08:02:18
186,citizen_186,citizen_186@example.com,Karen Garcia,+1-555-848-8714,"607 Smart City Ave, Street 42",Central Zone,CTZ-000186,+1-555-584-4806,Architect,3,O-,2,2026-04-18 08:02:18
187,citizen_187,citizen_187@example.com,Patricia Rodriguez,+1-555-669-3787,"986 Smart City Ave, Street 23",Industrial Zone,CTZ-000187,+1-555-151-1920,Civil Servant,1,AB-,0,2025-10-29 08:02:18
188,citizen_188,citizen_188@example.com,John Lopez,+1-555-397-9375,"894 Smart City Ave, Street 8",Industrial Zone,CTZ-000188,+1-555-347-8969,Manager,1,O+,2,2026-07-21 08:02:18
189,citizen_189,citizen_189@example.com,James Thomas,+1-555-848-5644,"233 Smart City Ave, Street 41",West District,CTZ-000189,+1-555-410-3566,Accountant,5,O+,0,2026-04-15 08:02:18
190,citizen_190,citizen_190@example.com,Robert Anderson,+1-555-363-1367,"423 Smart City Ave, Street 3",South District,CTZ-000190,+1-555-304-6400,Technician,3,A+,1,2026-01-23 08:02:18
191,citizen_191,citizen_191@example.com,Susan Brown,+1-555-176-8881,"531 Smart City Ave, Street 5",East District,CTZ-000191,+1-555-673-1295,Accountant,5,A-,0,2025-11-03 08:02:18
192,citizen_192,citizen_192@example.com,Michael Brown,+1-555-829-7162,"577 Smart City Ave, Street 38",West District,CTZ-000192,+1-555-929-8652,Doctor,6,AB-,3,2026-05-17 08:02:18
193,citizen_193,citizen_193@example.com,Charles Davis,+1-555-383-9655,"38 Smart City Ave, Street 28",South District,CTZ-000193,+1-555-660-4915,Doctor,6,O+,1,2025-11-02 08:02:18
194,citizen_194,citizen_194@example.com,Patricia Martin,+1-555-461-7224,"814 Smart City Ave, Street 48",North District,CTZ-000194,+1-555-362-9181,Doctor,5,AB+,2,2026-02-21 08:02:18
195,citizen_195,citizen_195@example.com,Susan Taylor,+1-555-565-5240,"271 Smart City Ave, Street 6",East District,CTZ-000195,+1-555-685-4254,Manager,3,AB-,0,2025-10-31 08:02:18
196,citizen_196,citizen_196@example.com,David Garcia,+1-555-510-5324,"837 Smart City Ave, Street 28",South District,CTZ-000196,+1-555-772-3160,Manager,3,AB-,1,2026-07-18 08:02:18
197,citizen_197,citizen_197@example.com,Karen Wilson,+1-555-313-4824,"572 Smart City Ave, Street 28",North District,CTZ-000197,+1-555-125-5477,Teacher,6,O-,3,2026-08-18 08:02:18
198,citizen_198,citizen_198@example.com,Richard Jones,+1-555-196-3365,"76 Smart City Ave, Street 9",East District,CTZ-000198,+1-555-728-6308,Doctor,3,O+,0,2025-12-13 08:02:18
199,citizen_199,citizen_199@example.com,Charles Anderson,+1-555-333-6707,"908 Smart City Ave, Street 48",South District,CTZ-000199,+1-555-713-4504,Architect,2,A+,0,2026-06-20 08:02:18
200,citizen_200,citizen_200@example.com,James Garcia,+1-555-773-7657,"909 Smart City Ave, Street 41",South District,CTZ-000200,+1-555-723-5833,Business Owner,4,A+,3,2026-04-14 08:02:18
201,citizen_201,citizen_201@example.com,William Johnson,+1-555-180-9130,"724 Smart City Ave, Street 41",South District,CTZ-000201,+1-555-593-1086,Civil Servant,1,A-,1,2025-12-08 08:02:18
202,citizen_202,citizen_202@example.com,Thomas Martinez,+1-555-662-6943,"766 Smart City Ave, Street 19",North District,CTZ-000202,+1-555-675-4877,Technician,6,A-,0,2025-09-24 08:02:18
203,citizen_203,citizen_203@example.com,Karen Miller,+1-555-298-6404,"96 Smart City Ave, Street 48",East District,CTZ-000203,+1-555-883-1728,Student,1,B+,1,2026-04-09 08:02:18
204,citizen_204,citizen_204@example.com,Michael Gonzalez,+1-555-220-6586,"432 Smart City Ave, Street 7",South District,CTZ-000204,+1-555-773-6523,Engineer,1,B+,1,2026-03-15 08:02:18
205,citizen_205,citizen_205@example.com,Elizabeth Lopez,+1-555-413-7221,"681 Smart City Ave, Street 9",East District,CTZ-000205,+1-555-278-5511,Architect,1,O+,0,2025-09-06 08:02:18
206,citizen_206,citizen_206@example.com,Karen Hernandez,+1-555-980-8163,"626 Smart City Ave, Street 38",Industrial Zone,CTZ-000206,+1-555-369-2400,Accountant,3,O-,0,2025-11-18 08:02:18
207,citizen_207,citizen_207@example.com,Susan Gonzalez,+1-555-432-1438,"805 Smart City Ave, Street 3",North District,CTZ-000207,+1-555-813-8323,Engineer,2,AB+,0,2026-08-23 08:02:18
208,citizen_208,citizen_208@example.com,Patricia Anderson,+1-555-447-3546,"799 Smart City Ave, Street 1",North District,CTZ-000208,+1-555-604-4292,Teacher,3,B-,1,2026-04-11 08:02:18
209,citizen_209,citizen_209@example.com,Jessica Anderson,+1-555-445-4783,"268 Smart City Ave, Street 47",Industrial Zone,CTZ-000209,+1-555-292-1085,Business Owner,1,AB-,0,2026-04-06 08:02:18
210,citizen_210,citizen_210@example.com,Michael Garcia,+1-555-648-4805,"937 Smart City Ave, Street 2",Central Zone,CTZ-000210,+1-555-260-2949,Technician,3,O+,1,2026-02-19 08:02:18
211,citizen_211,citizen_211@example.com,Sarah Gonzalez,+1-555-980-1361,"10 Smart City Ave, Street 41",Central Zone,CTZ-000211,+1-555-148-6522,Engineer,5,O+,2,2026-08-15 08:02:18
212,citizen_212,citizen_212@example.com,David Martin,+1-555-406-4851,"120 Smart City Ave, Street 29",North District,CTZ-000212,+1-555-896-6809,Manager,5,AB-,2,2026-07-01 08:02:18
213,citizen_213,citizen_213@example.com,John Taylor,+1-555-333-1215,"240 Smart City Ave, Street 8",Central Zone,CTZ-000213,+1-555-297-8706,Accountant,4,O+,3,2025-09-24 08:02:18
214,citizen_214,citizen_214@example.com,Mary Williams,+1-555-661-8255,"583 Smart City Ave, Street 49",South District,CTZ-000214,+1-555-254-4104,Student,5,B-,1,2025-12-08 08:02:18
215,citizen_215,citizen_215@example.com,Thomas Garcia,+1-555-151-3374,"233 Smart City Ave, Street 19",Central Zone,CTZ-000215,+1-555-876-9174,Architect,3,O-,3,2026-02-20 08:02:18
216,citizen_216,citizen_216@example.com,Patricia Brown,+1-555-828-9532,"896 Smart City Ave, Street 35",West District,CTZ-000216,+1-555-619-7790,Engineer,2,O+,3,2026-08-31 08:02:18
217,citizen_217,citizen_217@example.com,John Anderson,+1-555-342-8699,"705 Smart City Ave, Street 14",Central Zone,CTZ-000217,+1-555-540-7991,Manager,1,O-,0,2026-07-09 08:02:18
218,citizen_218,citizen_218@example.com,Thomas Rodriguez,+1-555-447-5502,"874 Smart City Ave, Street 6",North District,CTZ-000218,+1-555-931-7854,Doctor,5,O-,1,2026-04-05 08:02:18
219,citizen_219,citizen_219@example.com,Susan Smith,+1-555-147-6705,"179 Smart City Ave, Street 28",Central Zone,CTZ-000219,+1-555-413-9987,Manager,5,AB-,0,2026-04-06 08:02:18
220,citizen_220,citizen_220@example.com,Patricia Thomas,+1-555-393-2866,"757 Smart City Ave, Street 1",West District,CTZ-000220,+1-555-670-2265,Teacher,3,O-,2,2026-03-19 08:02:18
221,citizen_221,citizen_221@example.com,William Anderson,+1-555-787-8341,"692 Smart City Ave, Street 46",Industrial Zone,CTZ-000221,+1-555-418-9626,Doctor,6,AB+,1,2025-11-19 08:02:18
222,citizen_222,citizen_222@example.com,William Miller,+1-555-180-6981,"732 Smart City Ave, Street 32",West District,CTZ-000222,+1-555-936-5764,Engineer,5,AB+,2,2025-10-15 08:02:18
223,citizen_223,citizen_223@example.com,Patricia Lopez,+1-555-662-6424,"112 Smart City Ave, Street 1",South District,CTZ-000223,+1-555-145-2741,Technician,2,O+,0,2026-02-24 08:02:18
224,citizen_224,citizen_224@example.com,Charles Jones,+1-555-744-7702,"148 Smart City Ave, Street 22",Industrial Zone,CTZ-000224,+1-555-718-5166,Architect,5,O-,1,2026-08-29 08:02:18
225,citizen_225,citizen_225@example.com,Patricia Miller,+1-555-537-2758,"46 Smart City Ave, Street 3",East District,CTZ-000225,+1-555-124-6138,Engineer,3,A-,1,2025-09-08 08:02:18
226,citizen_226,citizen_226@example.com,Jennifer Miller,+1-555-105-4966,"396 Smart City Ave, Street 12",South District,CTZ-000226,+1-555-583-4129,Student,3,B-,2,2025-10-26 08:02:18
227,citizen_227,citizen_227@example.com,Jessica Johnson,+1-555-854-9049,"343 Smart City Ave, Street 6",North District,CTZ-000227,+1-555-218-9286,Manager,6,AB+,1,2025-10-15 08:02:18
228,citizen_228,citizen_228@example.com,John Martinez,+1-555-120-7132,"96 Smart City Ave, Street 50",East District,CTZ-000228,+1-555-460-3104,Architect,2,B-,2,2026-07-03 08:02:18
229,citizen_229,citizen_229@example.com,David Taylor,+1-555-243-9562,"714 Smart City Ave, Street 37",South District,CTZ-000229,+1-555-339-1995,Business Owner,2,B-,2,2026-08-22 08:02:18
230,citizen_230,citizen_230@example.com,Charles Gonzalez,+1-555-428-4354,"617 Smart City Ave, Street 46",Industrial Zone,CTZ-000230,+1-555-335-2153,Engineer,1,A+,3,2026-04-02 08:02:18
231,citizen_231,citizen_231@example.com,Elizabeth Jones,+1-555-523-9018,"571 Smart City Ave, Street 15",East District,CTZ-000231,+1-555-916-1003,Engineer,1,AB-,0,2026-06-20 08:02:18
232,citizen_232,citizen_232@example.com,Patricia Martin,+1-555-327-5090,"971 Smart City Ave, Street 17",West District,CTZ-000232,+1-555-984-3871,Civil Servant,6,AB-,1,2026-08-16 08:02:18
233,citizen_233,citizen_233@example.com,David Miller,+1-555-314-5845,"258 Smart City Ave, Street 23",East District,CTZ-000233,+1-555-395-6954,Doctor,5,AB+,1,2026-07-03 08:02:18
234,citizen_234,citizen_234@example.com,Susan Davis,+1-555-829-8203,"195 Smart City Ave, Street 16",Central Zone,CTZ-000234,+1-555-296-9867,Engineer,1,B+,1,2025-12-10 08:02:18
235,citizen_235,citizen_235@example.com,Jessica Smith,+1-555-663-6503,"926 Smart City Ave, Street 44",Industrial Zone,CTZ-000235,+1-555-317-1376,Manager,2,A+,0,2026-02-18 08:02:18
236,citizen_236,citizen_236@example.com,James Moore,+1-555-832-5899,"179 Smart City Ave, Street 46",East District,CTZ-000236,+1-555-598-1248,Business Owner,2,A-,2,2026-01-20 08:02:18
237,citizen_237,citizen_237@example.com,Charles Wilson,+1-555-118-6055,"227 Smart City Ave, Street 47",Industrial Zone,CTZ-000237,+1-555-800-9318,Engineer,1,B+,1,2026-05-23 08:02:18
238,citizen_238,citizen_238@example.com,Sarah Thomas,+1-555-780-2506,"532 Smart City Ave, Street 3",East District,CTZ-000238,+1-555-700-6156,Architect,3,AB+,2,2026-06-15 08:02:18
239,citizen_239,citizen_239@example.com,Robert Martin,+1-555-639-3728,"332 Smart City Ave, Street 45",Central Zone,CTZ-000239,+1-555-275-1400,Civil Servant,2,O-,2,2025-12-29 08:02:18
240,citizen_240,citizen_240@example.com,Susan Brown,+1-555-392-6630,"286 Smart City Ave, Street 10",North District,CTZ-000240,+1-555-930-1172,Architect,6,O-,1,2025-10-09 08:02:18
241,citizen_241,citizen_241@example.com,Barbara Moore,+1-555-577-3955,"525 Smart City Ave, Street 10",East District,CTZ-000241,+1-555-687-5532,Student,3,O-,3,2025-12-11 08:02:18
242,citizen_242,citizen_242@example.com,Robert Martin,+1-555-680-7586,"294 Smart City Ave, Street 32",Central Zone,CTZ-000242,+1-555-742-3919,Engineer,4,A-,0,2026-05-17 08:02:18
243,citizen_243,citizen_243@example.com,Patricia Jackson,+1-555-434-1209,"183 Smart City Ave, Street 2",West District,CTZ-000243,+1-555-636-7240,Business Owner,6,O+,1,2026-04-12 08:02:18
244,citizen_244,citizen_244@example.com,David Miller,+1-555-240-8052,"13 Smart City Ave, Street 47",North District,CTZ-000244,+1-555-808-9209,Business Owner,3,A+,1,2025-12-23 08:02:18
245,citizen_245,citizen_245@example.com,Barbara Lopez,+1-555-296-1872,"520 Smart City Ave, Street 39",East District,CTZ-000245,+1-555-502-5258,Technician,5,O-,1,2025-10-14 08:02:18
246,citizen_246,citizen_246@example.com,Charles Rodriguez,+1-555-782-8530,"17 Smart City Ave, Street 17",Industrial Zone,CTZ-000246,+1-555-101-9456,Engineer,4,A+,2,2026-09-01 08:02:18
247,citizen_247,citizen_247@example.com,Susan Williams,+1-555-852-8987,"32 Smart City Ave, Street 36",Central Zone,CTZ-000247,+1-555-468-2134,Manager,5,AB-,1,2026-06-20 08:02:18
248,citizen_248,citizen_248@example.com,Jessica Moore,+1-555-930-9978,"649 Smart City Ave, Street 16",West District,CTZ-000248,+1-555-745-8432,Student,4,AB-,1,2025-11-06 08:02:18
249,citizen_249,citizen_249@example.com,Barbara Davis,+1-555-772-5191,"898 Smart City Ave, Street 11",North District,CTZ-000249,+1-555-333-4306,Business Owner,2,AB+,1,2026-04-16 08:02:18
250,citizen_250,citizen_250@example.com,Jennifer Garcia,+1-555-742-6907,"569 Smart City Ave, Street 12",West District,CTZ-000250,+1-555-885-9343,Engineer,4,O-,3,2026-06-01 08:02:18
251,citizen_251,citizen_251@example.com,Elizabeth Garcia,+1-555-681-2639,"243 Smart City Ave, Street 22",South District,CTZ-000251,+1-555-236-1863,Business Owner,4,AB+,3,2026-05-19 08:02:18
252,citizen_252,citizen_252@example.com,Jessica Thomas,+1-555-235-9515,"122 Smart City Ave, Street 32",South District,CTZ-000252,+1-555-975-5687,Manager,5,A-,0,2026-07-07 08:02:18
253,citizen_253,citizen_253@example.com,Thomas Martin,+1-555-428-6160,"829 Smart City Ave, Street 50",South District,CTZ-000253,+1-555-305-5844,Business Owner,4,O+,1,2026-07-20 08:02:18
254,citizen_254,citizen_254@example.com,David Gonzalez,+1-555-267-5884,"504 Smart City Ave, Street 37",East District,CTZ-000254,+1-555-294-4763,Technician,4,AB-,1,2026-07-24 08:02:18
255,citizen_255,citizen_255@example.com,Joseph Martin,+1-555-900-4982,"345 Smart City Ave, Street 45",East District,CTZ-000255,+1-555-219-1039,Doctor,1,AB+,0,2025-11-28 08:02:18
256,citizen_256,citizen_256@example.com,Barbara Taylor,+1-555-368-7876,"696 Smart City Ave, Street 21",Central Zone,CTZ-000256,+1-555-496-3171,Civil Servant,3,AB-,2,2026-03-26 08:02:18
257,citizen_257,citizen_257@example.com,Thomas Taylor,+1-555-712-2481,"418 Smart City Ave, Street 24",North District,CTZ-000257,+1-555-839-9734,Student,3,O-,1,2025-12-06 08:02:18
258,citizen_258,citizen_258@example.com,Joseph Anderson,+1-555-504-7976,"388 Smart City Ave, Street 44",South District,CTZ-000258,+1-555-698-9677,Engineer,2,O-,1,2026-02-17 08:02:18
259,citizen_259,citizen_259@example.com,Joseph Moore,+1-555-958-4498,"166 Smart City Ave, Street 41",East District,CTZ-000259,+1-555-396-6068,Doctor,4,A+,0,2026-09-01 08:02:18
260,citizen_260,citizen_260@example.com,Susan Johnson,+1-555-816-9012,"153 Smart City Ave, Street 37",Central Zone,CTZ-000260,+1-555-173-2463,Business Owner,2,O-,2,2026-07-19 08:02:18
261,citizen_261,citizen_261@example.com,Thomas Brown,+1-555-631-2850,"782 Smart City Ave, Street 29",North District,CTZ-000261,+1-555-172-9054,Engineer,2,AB+,1,2026-04-25 08:02:18
262,citizen_262,citizen_262@example.com,Linda Miller,+1-555-989-6250,"346 Smart City Ave, Street 48",North District,CTZ-000262,+1-555-354-3243,Business Owner,2,AB+,2,2025-12-16 08:02:18
263,citizen_263,citizen_263@example.com,Karen Rodriguez,+1-555-569-5345,"170 Smart City Ave, Street 23",South District,CTZ-000263,+1-555-999-7297,Business Owner,2,AB-,0,2025-11-18 08:02:18
264,citizen_264,citizen_264@example.com,Joseph Jones,+1-555-774-9399,"418 Smart City Ave, Street 29",Industrial Zone,CTZ-000264,+1-555-147-6210,Accountant,6,O+,1,2026-08-14 08:02:18
265,citizen_265,citizen_265@example.com,John Davis,+1-555-601-3955,"210 Smart City Ave, Street 27",West District,CTZ-000265,+1-555-793-8933,Accountant,1,O+,1,2026-01-17 08:02:18
266,citizen_266,citizen_266@example.com,Thomas Lopez,+1-555-238-6469,"324 Smart City Ave, Street 26",East District,CTZ-000266,+1-555-325-3954,Business Owner,6,A-,2,2026-03-28 08:02:18
267,citizen_267,citizen_267@example.com,Richard Garcia,+1-555-466-7180,"439 Smart City Ave, Street 41",Industrial Zone,CTZ-000267,+1-555-652-7905,Business Owner,5,B-,0,2026-01-09 08:02:18
268,citizen_268,citizen_268@example.com,Elizabeth Williams,+1-555-767-3152,"647 Smart City Ave, Street 34",North District,CTZ-000268,+1-555-607-7913,Civil Servant,2,B-,2,2026-05-17 08:02:18
269,citizen_269,citizen_269@example.com,Sarah Taylor,+1-555-611-4919,"911 Smart City Ave, Street 17",Central Zone,CTZ-000269,+1-555-296-9086,Accountant,1,O+,2,2025-10-28 08:02:18
270,citizen_270,citizen_270@example.com,Jessica Martin,+1-555-356-4120,"55 Smart City Ave, Street 46",North District,CTZ-000270,+1-555-591-5985,Architect,2,AB+,3,2026-01-24 08:02:18
271,citizen_271,citizen_271@example.com,Joseph Davis,+1-555-560-9629,"604 Smart City Ave, Street 14",Industrial Zone,CTZ-000271,+1-555-272-9665,Accountant,2,O+,1,2026-06-05 08:02:18
272,citizen_272,citizen_272@example.com,Sarah Thomas,+1-555-530-4009,"214 Smart City Ave, Street 45",East District,CTZ-000272,+1-555-383-6794,Technician,5,B+,3,2026-07-31 08:02:18
273,citizen_273,citizen_273@example.com,William Hernandez,+1-555-396-3375,"945 Smart City Ave, Street 40",West District,CTZ-000273,+1-555-941-3733,Doctor,3,AB+,3,2025-10-31 08:02:18
274,citizen_274,citizen_274@example.com,Joseph Johnson,+1-555-274-4106,"346 Smart City Ave, Street 41",West District,CTZ-000274,+1-555-388-8313,Manager,2,B+,1,2026-02-17 08:02:18
275,citizen_275,citizen_275@example.com,Jennifer Rodriguez,+1-555-470-9887,"825 Smart City Ave, Street 36",Industrial Zone,CTZ-000275,+1-555-291-4419,Business Owner,2,O-,2,2025-09-24 08:02:18
276,citizen_276,citizen_276@example.com,Karen Jones,+1-555-722-1943,"560 Smart City Ave, Street 44",Central Zone,CTZ-000276,+1-555-917-9123,Technician,2,B-,3,2026-05-28 08:02:18
277,citizen_277,citizen_277@example.com,Jessica Martin,+1-555-850-5178,"763 Smart City Ave, Street 37",West District,CTZ-000277,+1-555-268-2390,Business Owner,5,A-,2,2026-04-13 08:02:18
278,citizen_278,citizen_278@example.com,Sarah Moore,+1-555-340-7654,"690 Smart City Ave, Street 23",West District,CTZ-000278,+1-555-899-6110,Civil Servant,5,AB+,1,2026-03-11 08:02:18
279,citizen_279,citizen_279@example.com,Linda Anderson,+1-555-663-3048,"123 Smart City Ave, Street 28",South District,CTZ-000279,+1-555-641-7588,Business Owner,5,B+,1,2026-07-17 08:02:18
280,citizen_280,citizen_280@example.com,Mary Jones,+1-555-888-9665,"444 Smart City Ave, Street 39",East District,CTZ-000280,+1-555-966-5105,Manager,1,A-,0,2026-04-05 08:02:18
281,citizen_281,citizen_281@example.com,Jessica Anderson,+1-555-287-2086,"546 Smart City Ave, Street 6",West District,CTZ-000281,+1-555-702-1090,Architect,1,AB-,2,2026-01-22 08:02:18
282,citizen_282,citizen_282@example.com,Karen Thomas,+1-555-171-1692,"811 Smart City Ave, Street 37",West District,CTZ-000282,+1-555-886-3634,Civil Servant,6,B+,0,2025-12-17 08:02:18
283,citizen_283,citizen_283@example.com,Barbara Moore,+1-555-717-3727,"205 Smart City Ave, Street 35",North District,CTZ-000283,+1-555-795-6428,Student,5,AB+,2,2026-07-18 08:02:18
284,citizen_284,citizen_284@example.com,Charles Gonzalez,+1-555-634-7047,"562 Smart City Ave, Street 31",South District,CTZ-000284,+1-555-414-9773,Doctor,4,A+,2,2025-10-06 08:02:18
285,citizen_285,citizen_285@example.com,John Jones,+1-555-824-4437,"237 Smart City Ave, Street 48",South District,CTZ-000285,+1-555-827-6954,Technician,5,O+,3,2026-08-23 08:02:18
286,citizen_286,citizen_286@example.com,David Jackson,+1-555-237-1607,"678 Smart City Ave, Street 42",North District,CTZ-000286,+1-555-221-5885,Engineer,3,B+,1,2025-10-15 08:02:18
287,citizen_287,citizen_287@example.com,Susan Thomas,+1-555-467-5684,"340 Smart City Ave, Street 11",Industrial Zone,CTZ-000287,+1-555-581-6520,Civil Servant,6,B-,3,2026-07-12 08:02:18
288,citizen_288,citizen_288@example.com,Linda Williams,+1-555-971-2668,"730 Smart City Ave, Street 40",West District,CTZ-000288,+1-555-128-1636,Student,5,AB+,0,2026-03-27 08:02:18
289,citizen_289,citizen_289@example.com,Barbara Brown,+1-555-224-8105,"258 Smart City Ave, Street 38",Industrial Zone,CTZ-000289,+1-555-829-7362,Teacher,4,B-,0,2026-07-03 08:02:18
290,citizen_290,citizen_290@example.com,Karen Thomas,+1-555-464-6346,"963 Smart City Ave, Street 20",East District,CTZ-000290,+1-555-884-5024,Civil Servant,4,O+,1,2025-11-12 08:02:18
291,citizen_291,citizen_291@example.com,Patricia Hernandez,+1-555-902-8268,"460 Smart City Ave, Street 48",Industrial Zone,CTZ-000291,+1-555-494-5594,Accountant,2,AB-,3,2025-12-18 08:02:18
292,citizen_292,citizen_292@example.com,Jessica Davis,+1-555-106-8798,"763 Smart City Ave, Street 9",South District,CTZ-000292,+1-555-429-4309,Architect,6,O-,0,2026-04-29 08:02:18
293,citizen_293,citizen_293@example.com,Joseph Anderson,+1-555-204-1992,"427 Smart City Ave, Street 28",Industrial Zone,CTZ-000293,+1-555-769-7812,Architect,4,AB-,2,2026-02-08 08:02:18
294,citizen_294,citizen_294@example.com,William Brown,+1-555-607-8197,"250 Smart City Ave, Street 19",South District,CTZ-000294,+1-555-453-3759,Technician,4,B-,3,2026-08-02 08:02:18
295,citizen_295,citizen_295@example.com,Thomas Taylor,+1-555-447-9582,"816 Smart City Ave, Street 44",Industrial Zone,CTZ-000295,+1-555-306-5510,Student,2,AB+,1,2025-12-10 08:02:18
296,citizen_296,citizen_296@example.com,Richard Davis,+1-555-686-8724,"71 Smart City Ave, Street 14",Industrial Zone,CTZ-000296,+1-555-771-6126,Technician,4,B-,1,2026-08-02 08:02:18
297,citizen_297,citizen_297@example.com,Joseph Moore,+1-555-586-8244,"695 Smart City Ave, Street 23",North District,CTZ-000297,+1-555-951-6108,Architect,4,B+,1,2026-08-29 08:02:18
298,citizen_298,citizen_298@example.com,Barbara Gonzalez,+1-555-843-1229,"769 Smart City Ave, Street 28",South District,CTZ-000298,+1-555-992-8445,Civil Servant,1,O-,3,2025-11-09 08:02:18
299,citizen_299,citizen_299@example.com,William Williams,+1-555-136-8233,"688 Smart City Ave, Street 26",East District,CTZ-000299,+1-555-676-3960,Technician,2,O+,1,2026-06-19 08:02:18
300,citizen_300,citizen_300@example.com,Sarah Jones,+1-555-705-3367,"412 Smart City Ave, Street 17",West District,CTZ-000300,+1-555-453-5206,Civil Servant,2,A+,3,2026-01-08 08:02:18
301,citizen_301,citizen_301@example.com,Robert Martinez,+1-555-774-6418,"504 Smart City Ave, Street 5",North District,CTZ-000301,+1-555-855-9842,Accountant,1,B+,1,2025-12-10 08:02:18
302,citizen_302,citizen_302@example.com,Thomas Rodriguez,+1-555-178-6107,"424 Smart City Ave, Street 15",Central Zone,CTZ-000302,+1-555-281-3140,Doctor,2,AB+,3,2026-08-31 08:02:18
303,citizen_303,citizen_303@example.com,Robert Jones,+1-555-551-9811,"569 Smart City Ave, Street 4",East District,CTZ-000303,+1-555-607-1068,Civil Servant,6,B-,0,2026-08-04 08:02:18
304,citizen_304,citizen_304@example.com,William Lopez,+1-555-921-3571,"520 Smart City Ave, Street 17",South District,CTZ-000304,+1-555-166-6983,Teacher,1,O+,0,2025-09-04 08:02:18
305,citizen_305,citizen_305@example.com,David Moore,+1-555-327-3392,"930 Smart City Ave, Street 39",Central Zone,CTZ-000305,+1-555-637-7566,Manager,1,AB-,2,2026-03-28 08:02:18
306,citizen_306,citizen_306@example.com,Jessica Martin,+1-555-424-8234,"435 Smart City Ave, Street 39",Industrial Zone,CTZ-000306,+1-555-356-9847,Student,3,B-,1,2025-09-12 08:02:18
307,citizen_307,citizen_307@example.com,Richard Johnson,+1-555-389-7380,"849 Smart City Ave, Street 13",Industrial Zone,CTZ-000307,+1-555-621-6551,Civil Servant,1,O-,3,2026-05-08 08:02:18
308,citizen_308,citizen_308@example.com,Joseph Hernandez,+1-555-392-5974,"883 Smart City Ave, Street 36",Central Zone,CTZ-000308,+1-555-145-7549,Architect,3,O-,2,2025-10-28 08:02:18
309,citizen_309,citizen_309@example.com,Mary Hernandez,+1-555-138-1245,"121 Smart City Ave, Street 11",East District,CTZ-000309,+1-555-749-5556,Technician,6,A-,1,2025-10-26 08:02:18
310,citizen_310,citizen_310@example.com,Joseph Davis,+1-555-795-3748,"357 Smart City Ave, Street 19",East District,CTZ-000310,+1-555-211-2044,Accountant,4,AB-,3,2026-08-23 08:02:18
311,citizen_311,citizen_311@example.com,David Martin,+1-555-622-1279,"392 Smart City Ave, Street 17",Central Zone,CTZ-000311,+1-555-619-3161,Teacher,4,B-,2,2026-07-30 08:02:18
312,citizen_312,citizen_312@example.com,Thomas Williams,+1-555-414-8969,"111 Smart City Ave, Street 9",Industrial Zone,CTZ-000312,+1-555-319-2089,Student,4,AB+,2,2026-07-25 08:02:18
313,citizen_313,citizen_313@example.com,Jessica Taylor,+1-555-270-5025,"957 Smart City Ave, Street 37",Central Zone,CTZ-000313,+1-555-556-8075,Accountant,1,AB-,1,2025-11-24 08:02:18
314,citizen_314,citizen_314@example.com,Patricia Hernandez,+1-555-882-1091,"456 Smart City Ave, Street 44",West District,CTZ-000314,+1-555-716-7837,Teacher,6,AB-,0,2026-07-19 08:02:18
315,citizen_315,citizen_315@example.com,James Brown,+1-555-577-3944,"28 Smart City Ave, Street 42",West District,CTZ-000315,+1-555-379-7989,Engineer,3,B-,3,2025-10-21 08:02:18
316,citizen_316,citizen_316@example.com,Robert Williams,+1-555-547-1629,"112 Smart City Ave, Street 37",Industrial Zone,CTZ-000316,+1-555-982-9390,Teacher,4,AB-,0,2026-05-23 08:02:18
317,citizen_317,citizen_317@example.com,Mary Martinez,+1-555-464-9914,"897 Smart City Ave, Street 8",North District,CTZ-000317,+1-555-952-7697,Accountant,4,B-,1,2025-11-18 08:02:18
318,citizen_318,citizen_318@example.com,Thomas Hernandez,+1-555-609-8231,"521 Smart City Ave, Street 26",East District,CTZ-000318,+1-555-278-5350,Manager,5,A+,1,2025-12-04 08:02:18
319,citizen_319,citizen_319@example.com,Robert Miller,+1-555-495-6656,"478 Smart City Ave, Street 44",North District,CTZ-000319,+1-555-974-8361,Manager,3,A-,1,2025-09-07 08:02:18
320,citizen_320,citizen_320@example.com,David Lopez,+1-555-614-4005,"210 Smart City Ave, Street 30",West District,CTZ-000320,+1-555-927-4607,Technician,6,AB+,1,2025-11-07 08:02:18
321,citizen_321,citizen_321@example.com,Jennifer Williams,+1-555-320-7530,"411 Smart City Ave, Street 29",North District,CTZ-000321,+1-555-384-4677,Accountant,2,O-,1,2026-05-04 08:02:18
322,citizen_322,citizen_322@example.com,John Jones,+1-555-408-9850,"551 Smart City Ave, Street 21",Central Zone,CTZ-000322,+1-555-385-3580,Teacher,4,A+,0,2026-05-25 08:02:18
323,citizen_323,citizen_323@example.com,Jennifer Gonzalez,+1-555-752-3518,"541 Smart City Ave, Street 21",Industrial Zone,CTZ-000323,+1-555-934-5413,Technician,5,A+,0,2026-04-25 08:02:18
324,citizen_324,citizen_324@example.com,Charles Johnson,+1-555-651-7763,"797 Smart City Ave, Street 18",East District,CTZ-000324,+1-555-888-1430,Business Owner,2,A+,2,2026-04-02 08:02:18
325,citizen_325,citizen_325@example.com,Karen Moore,+1-555-536-3840,"56 Smart City Ave, Street 43",South District,CTZ-000325,+1-555-639-3501,Accountant,3,AB+,3,2026-03-24 08:02:18
326,citizen_326,citizen_326@example.com,Michael Thomas,+1-555-702-1901,"145 Smart City Ave, Street 25",West District,CTZ-000326,+1-555-315-2689,Accountant,2,O-,3,2026-01-06 08:02:18
327,citizen_327,citizen_327@example.com,James Johnson,+1-555-861-4188,"329 Smart City Ave, Street 1",West District,CTZ-000327,+1-555-998-5000,Civil Servant,1,O-,3,2026-05-11 08:02:18
328,citizen_328,citizen_328@example.com,Mary Lopez,+1-555-114-3300,"99 Smart City Ave, Street 16",North District,CTZ-000328,+1-555-721-1743,Accountant,2,B-,3,2026-01-14 08:02:18
329,citizen_329,citizen_329@example.com,Michael Taylor,+1-555-545-7932,"928 Smart City Ave, Street 44",West District,CTZ-000329,+1-555-875-1545,Doctor,1,A-,1,2026-07-22 08:02:18
330,citizen_330,citizen_330@example.com,Charles Jones,+1-555-362-6438,"742 Smart City Ave, Street 40",South District,CTZ-000330,+1-555-647-8134,Technician,3,B+,3,2025-11-09 08:02:18
331,citizen_331,citizen_331@example.com,Susan Taylor,+1-555-169-9898,"188 Smart City Ave, Street 6",Central Zone,CTZ-000331,+1-555-219-5658,Accountant,1,A+,1,2026-06-20 08:02:18
332,citizen_332,citizen_332@example.com,Mary Wilson,+1-555-657-8548,"871 Smart City Ave, Street 45",West District,CTZ-000332,+1-555-349-8825,Doctor,6,O+,3,2026-06-02 08:02:18
333,citizen_333,citizen_333@example.com,Jennifer Martin,+1-555-201-9413,"239 Smart City Ave, Street 17",North District,CTZ-000333,+1-555-368-6430,Civil Servant,1,A+,3,2025-10-05 08:02:18
334,citizen_334,citizen_334@example.com,Patricia Wilson,+1-555-388-5810,"248 Smart City Ave, Street 50",South District,CTZ-000334,+1-555-869-3099,Architect,1,AB-,1,2026-07-02 08:02:18
335,citizen_335,citizen_335@example.com,Patricia Garcia,+1-555-679-7972,"422 Smart City Ave, Street 32",Central Zone,CTZ-000335,+1-555-285-4845,Engineer,5,A-,3,2026-04-02 08:02:18
336,citizen_336,citizen_336@example.com,Jennifer Davis,+1-555-354-6701,"50 Smart City Ave, Street 1",Industrial Zone,CTZ-000336,+1-555-472-6492,Manager,3,O+,1,2025-11-20 08:02:18
337,citizen_337,citizen_337@example.com,Joseph Gonzalez,+1-555-332-2426,"863 Smart City Ave, Street 40",Central Zone,CTZ-000337,+1-555-909-2510,Teacher,1,AB+,1,2026-04-21 08:02:18
338,citizen_338,citizen_338@example.com,Patricia Martinez,+1-555-740-4639,"811 Smart City Ave, Street 19",North District,CTZ-000338,+1-555-723-5218,Manager,5,A-,0,2025-12-18 08:02:18
339,citizen_339,citizen_339@example.com,Patricia Rodriguez,+1-555-930-1025,"19 Smart City Ave, Street 40",North District,CTZ-000339,+1-555-614-8234,Architect,3,O+,0,2026-01-11 08:02:18
340,citizen_340,citizen_340@example.com,Joseph Anderson,+1-555-813-1885,"812 Smart City Ave, Street 50",East District,CTZ-000340,+1-555-658-4230,Manager,4,A-,2,2025-09-15 08:02:18
341,citizen_341,citizen_341@example.com,Linda Jackson,+1-555-346-3310,"247 Smart City Ave, Street 18",South District,CTZ-000341,+1-555-422-2991,Architect,2,AB+,0,2025-10-02 08:02:18
342,citizen_342,citizen_342@example.com,Richard Davis,+1-555-790-9789,"438 Smart City Ave, Street 12",Industrial Zone,CTZ-000342,+1-555-925-7142,Accountant,3,B-,0,2026-06-27 08:02:18
343,citizen_343,citizen_343@example.com,Joseph Martin,+1-555-894-1867,"41 Smart City Ave, Street 11",North District,CTZ-000343,+1-555-609-3782,Engineer,4,AB-,0,2026-02-11 08:02:18
344,citizen_344,citizen_344@example.com,William Williams,+1-555-653-2842,"56 Smart City Ave, Street 39",South District,CTZ-000344,+1-555-827-9249,Accountant,2,A-,1,2026-03-19 08:02:18
345,citizen_345,citizen_345@example.com,William Davis,+1-555-844-1449,"347 Smart City Ave, Street 15",North District,CTZ-000345,+1-555-980-2999,Accountant,4,B+,2,2025-12-24 08:02:18
346,citizen_346,citizen_346@example.com,James Anderson,+1-555-457-4988,"477 Smart City Ave, Street 15",Central Zone,CTZ-000346,+1-555-727-2544,Architect,2,B+,1,2025-12-07 08:02:18
347,citizen_347,citizen_347@example.com,Jennifer Martin,+1-555-991-1992,"353 Smart City Ave, Street 37",West District,CTZ-000347,+1-555-387-9552,Civil Servant,1,O+,2,2026-04-18 08:02:18
348,citizen_348,citizen_348@example.com,Robert Martinez,+1-555-432-5255,"141 Smart City Ave, Street 22",Central Zone,CTZ-000348,+1-555-646-1437,Business Owner,1,B+,3,2026-04-20 08:02:18
349,citizen_349,citizen_349@example.com,John Martin,+1-555-894-9734,"356 Smart City Ave, Street 7",North District,CTZ-000349,+1-555-668-1669,Technician,3,A+,2,2026-03-25 08:02:18
350,citizen_350,citizen_350@example.com,Michael Lopez,+1-555-457-8194,"719 Smart City Ave, Street 20",Central Zone,CTZ-000350,+1-555-885-7952,Business Owner,2,AB-,0,2026-01-09 08:02:18
351,citizen_351,citizen_351@example.com,John Lopez,+1-555-258-3078,"147 Smart City Ave, Street 40",North District,CTZ-000351,+1-555-708-9143,Architect,2,AB-,1,2026-06-22 08:02:18
352,citizen_352,citizen_352@example.com,Joseph Thomas,+1-555-483-7954,"282 Smart City Ave, Street 40",Central Zone,CTZ-000352,+1-555-506-8652,Civil Servant,2,O-,2,2025-10-09 08:02:18
353,citizen_353,citizen_353@example.com,Thomas Wilson,+1-555-152-7956,"494 Smart City Ave, Street 43",North District,CTZ-000353,+1-555-232-3390,Engineer,1,O+,2,2026-03-06 08:02:18
354,citizen_354,citizen_354@example.com,Barbara Lopez,+1-555-845-2846,"195 Smart City Ave, Street 35",East District,CTZ-000354,+1-555-851-1883,Architect,2,AB+,0,2025-10-22 08:02:18
355,citizen_355,citizen_355@example.com,Sarah Martinez,+1-555-799-6730,"848 Smart City Ave, Street 48",East District,CTZ-000355,+1-555-907-1192,Engineer,4,A-,2,2025-12-18 08:02:18
356,citizen_356,citizen_356@example.com,Mary Hernandez,+1-555-413-7188,"318 Smart City Ave, Street 12",West District,CTZ-000356,+1-555-397-5950,Engineer,1,O+,1,2025-09-14 08:02:18
357,citizen_357,citizen_357@example.com,David Smith,+1-555-182-8159,"552 Smart City Ave, Street 38",North District,CTZ-000357,+1-555-205-9144,Civil Servant,6,B+,1,2026-08-09 08:02:18
358,citizen_358,citizen_358@example.com,Charles Gonzalez,+1-555-542-1790,"470 Smart City Ave, Street 1",North District,CTZ-000358,+1-555-114-6040,Engineer,1,A-,0,2026-06-21 08:02:18
359,citizen_359,citizen_359@example.com,Joseph Lopez,+1-555-777-9381,"12 Smart City Ave, Street 8",East District,CTZ-000359,+1-555-423-5192,Civil Servant,4,A+,1,2026-05-14 08:02:18
360,citizen_360,citizen_360@example.com,Mary Hernandez,+1-555-287-3419,"553 Smart City Ave, Street 14",Central Zone,CTZ-000360,+1-555-668-4854,Technician,2,O+,1,2025-12-10 08:02:18
361,citizen_361,citizen_361@example.com,Richard Taylor,+1-555-528-6451,"656 Smart City Ave, Street 12",Central Zone,CTZ-000361,+1-555-603-9081,Student,5,B-,0,2026-08-31 08:02:18
362,citizen_362,citizen_362@example.com,Sarah Gonzalez,+1-555-261-9930,"862 Smart City Ave, Street 43",South District,CTZ-000362,+1-555-419-5491,Business Owner,3,O+,1,2025-10-11 08:02:18
363,citizen_363,citizen_363@example.com,Robert Taylor,+1-555-973-9295,"750 Smart City Ave, Street 19",North District,CTZ-000363,+1-555-239-3943,Business Owner,6,O+,2,2026-03-16 08:02:18
364,citizen_364,citizen_364@example.com,Karen Smith,+1-555-170-3657,"659 Smart City Ave, Street 33",Central Zone,CTZ-000364,+1-555-637-4370,Civil Servant,6,B+,0,2025-10-18 08:02:18
365,citizen_365,citizen_365@example.com,James Jackson,+1-555-520-9078,"929 Smart City Ave, Street 24",North District,CTZ-000365,+1-555-238-2987,Engineer,2,A+,0,2026-01-04 08:02:18
366,citizen_366,citizen_366@example.com,Joseph Thomas,+1-555-435-2685,"787 Smart City Ave, Street 49",South District,CTZ-000366,+1-555-358-6933,Engineer,6,B-,1,2025-12-22 08:02:18
367,citizen_367,citizen_367@example.com,Mary Johnson,+1-555-766-4386,"381 Smart City Ave, Street 3",Industrial Zone,CTZ-000367,+1-555-611-3328,Student,3,B+,0,2025-11-13 08:02:18
368,citizen_368,citizen_368@example.com,Jennifer Thomas,+1-555-614-1615,"331 Smart City Ave, Street 41",Central Zone,CTZ-000368,+1-555-679-7253,Manager,3,AB+,2,2026-03-08 08:02:18
369,citizen_369,citizen_369@example.com,Jessica Taylor,+1-555-776-1974,"310 Smart City Ave, Street 41",Central Zone,CTZ-000369,+1-555-886-1113,Student,5,B+,1,2026-03-09 08:02:18
370,citizen_370,citizen_370@example.com,Richard Martinez,+1-555-858-6861,"130 Smart City Ave, Street 48",Industrial Zone,CTZ-000370,+1-555-528-2937,Manager,3,AB-,0,2026-07-01 08:02:18
371,citizen_371,citizen_371@example.com,David Thomas,+1-555-697-5154,"122 Smart City Ave, Street 14",North District,CTZ-000371,+1-555-843-9989,Civil Servant,1,B-,0,2026-03-31 08:02:18
372,citizen_372,citizen_372@example.com,Charles Rodriguez,+1-555-798-6859,"207 Smart City Ave, Street 45",East District,CTZ-000372,+1-555-393-5994,Technician,3,AB-,1,2026-01-18 08:02:18
373,citizen_373,citizen_373@example.com,Linda Johnson,+1-555-395-9075,"228 Smart City Ave, Street 44",South District,CTZ-000373,+1-555-302-4001,Teacher,1,A+,1,2026-07-31 08:02:18
374,citizen_374,citizen_374@example.com,John Miller,+1-555-732-1929,"179 Smart City Ave, Street 5",West District,CTZ-000374,+1-555-414-2424,Architect,2,A+,0,2025-11-02 08:02:18
375,citizen_375,citizen_375@example.com,Jennifer Moore,+1-555-731-6790,"849 Smart City Ave, Street 49",East District,CTZ-000375,+1-555-356-4445,Student,5,B+,2,2025-12-11 08:02:18
376,citizen_376,citizen_376@example.com,Charles Rodriguez,+1-555-729-6594,"747 Smart City Ave, Street 43",West District,CTZ-000376,+1-555-558-5617,Engineer,6,B-,3,2026-04-14 08:02:18
377,citizen_377,citizen_377@example.com,Joseph Rodriguez,+1-555-564-3709,"757 Smart City Ave, Street 35",West District,CTZ-000377,+1-555-856-4976,Technician,5,AB+,0,2025-11-11 08:02:18
378,citizen_378,citizen_378@example.com,William Garcia,+1-555-873-9424,"869 Smart City Ave, Street 26",East District,CTZ-000378,+1-555-162-2524,Civil Servant,1,AB-,1,2026-05-28 08:02:18
379,citizen_379,citizen_379@example.com,Thomas Taylor,+1-555-743-6693,"361 Smart City Ave, Street 28",West District,CTZ-000379,+1-555-313-6287,Doctor,3,B+,1,2026-09-01 08:02:18
380,citizen_380,citizen_380@example.com,Joseph Taylor,+1-555-870-9628,"875 Smart City Ave, Street 9",Industrial Zone,CTZ-000380,+1-555-157-6842,Manager,5,O+,3,2026-04-26 08:02:18
381,citizen_381,citizen_381@example.com,John Anderson,+1-555-114-7693,"537 Smart City Ave, Street 15",East District,CTZ-000381,+1-555-522-3366,Student,2,AB-,1,2026-03-30 08:02:18
382,citizen_382,citizen_382@example.com,Charles Brown,+1-555-498-9731,"447 Smart City Ave, Street 2",West District,CTZ-000382,+1-555-706-7923,Architect,2,A-,3,2026-01-16 08:02:18
383,citizen_383,citizen_383@example.com,Charles Moore,+1-555-247-9390,"206 Smart City Ave, Street 30",North District,CTZ-000383,+1-555-371-8521,Business Owner,5,B+,0,2026-01-08 08:02:18
384,citizen_384,citizen_384@example.com,Susan Anderson,+1-555-745-3663,"608 Smart City Ave, Street 47",West District,CTZ-000384,+1-555-235-6786,Civil Servant,3,A-,2,2026-08-21 08:02:18
385,citizen_385,citizen_385@example.com,Thomas Jones,+1-555-688-8767,"797 Smart City Ave, Street 8",Industrial Zone,CTZ-000385,+1-555-182-3481,Engineer,6,B-,3,2025-09-18 08:02:18
386,citizen_386,citizen_386@example.com,Linda Miller,+1-555-446-3716,"935 Smart City Ave, Street 17",Industrial Zone,CTZ-000386,+1-555-589-1139,Student,1,AB+,1,2026-07-24 08:02:18
387,citizen_387,citizen_387@example.com,Joseph Moore,+1-555-479-7486,"304 Smart City Ave, Street 29",Industrial Zone,CTZ-000387,+1-555-646-4600,Manager,3,A-,1,2025-10-12 08:02:18
388,citizen_388,citizen_388@example.com,Richard Anderson,+1-555-644-1687,"668 Smart City Ave, Street 7",South District,CTZ-000388,+1-555-703-9360,Accountant,5,B+,0,2026-05-05 08:02:18
389,citizen_389,citizen_389@example.com,Joseph Miller,+1-555-733-3728,"383 Smart City Ave, Street 5",Industrial Zone,CTZ-000389,+1-555-629-5515,Architect,2,A-,1,2025-10-12 08:02:18
390,citizen_390,citizen_390@example.com,Charles Smith,+1-555-479-1000,"225 Smart City Ave, Street 9",North District,CTZ-000390,+1-555-395-1451,Engineer,1,A+,1,2026-02-10 08:02:18
391,citizen_391,citizen_391@example.com,Linda Garcia,+1-555-611-9646,"237 Smart City Ave, Street 25",West District,CTZ-000391,+1-555-352-9569,Technician,2,AB+,2,2025-09-27 08:02:18
392,citizen_392,citizen_392@example.com,Mary Anderson,+1-555-311-7608,"525 Smart City Ave, Street 12",Central Zone,CTZ-000392,+1-555-110-7670,Student,1,AB-,1,2026-06-13 08:02:18
393,citizen_393,citizen_393@example.com,Jennifer Smith,+1-555-488-4423,"939 Smart City Ave, Street 19",North District,CTZ-000393,+1-555-143-3564,Engineer,5,A+,1,2026-04-01 08:02:18
394,citizen_394,citizen_394@example.com,Susan Jackson,+1-555-618-5044,"317 Smart City Ave, Street 16",West District,CTZ-000394,+1-555-406-8841,Student,4,O+,3,2026-06-02 08:02:18
395,citizen_395,citizen_395@example.com,Jessica Jones,+1-555-429-2215,"347 Smart City Ave, Street 35",East District,CTZ-000395,+1-555-589-8103,Technician,2,B-,3,2026-02-19 08:02:18
396,citizen_396,citizen_396@example.com,Charles Johnson,+1-555-948-7526,"836 Smart City Ave, Street 22",North District,CTZ-000396,+1-555-350-7963,Business Owner,3,B+,0,2026-02-17 08:02:18
397,citizen_397,citizen_397@example.com,Patricia Rodriguez,+1-555-712-8809,"708 Smart City Ave, Street 33",Central Zone,CTZ-000397,+1-555-551-6039,Civil Servant,4,B+,1,2026-05-14 08:02:18
398,citizen_398,citizen_398@example.com,Jessica Gonzalez,+1-555-311-5641,"532 Smart City Ave, Street 42",East District,CTZ-000398,+1-555-233-7641,Engineer,4,AB-,1,2026-03-23 08:02:18
399,citizen_399,citizen_399@example.com,Sarah Miller,+1-555-252-8628,"457 Smart City Ave, Street 14",Central Zone,CTZ-000399,+1-555-736-4090,Doctor,2,AB-,1,2026-07-29 08:02:18
400,citizen_400,citizen_400@example.com,James Smith,+1-555-578-5155,"333 Smart City Ave, Street 47",Central Zone,CTZ-000400,+1-555-188-6915,Technician,6,AB-,1,2026-06-05 08:02:18
401,citizen_401,citizen_401@example.com,Michael Thomas,+1-555-666-9807,"106 Smart City Ave, Street 20",South District,CTZ-000401,+1-555-455-3968,Engineer,1,O-,1,2026-07-24 08:02:18
402,citizen_402,citizen_402@example.com,Susan Hernandez,+1-555-269-5565,"938 Smart City Ave, Street 44",West District,CTZ-000402,+1-555-347-6622,Student,4,O-,3,2026-01-19 08:02:18
403,citizen_403,citizen_403@example.com,James Brown,+1-555-181-8890,"880 Smart City Ave, Street 32",West District,CTZ-000403,+1-555-289-6710,Manager,5,A-,2,2025-12-23 08:02:18
404,citizen_404,citizen_404@example.com,David Lopez,+1-555-305-6592,"601 Smart City Ave, Street 45",South District,CTZ-000404,+1-555-815-4760,Civil Servant,6,B+,0,2025-12-03 08:02:18
405,citizen_405,citizen_405@example.com,John Rodriguez,+1-555-304-7748,"755 Smart City Ave, Street 2",North District,CTZ-000405,+1-555-370-6337,Teacher,3,B+,0,2025-11-09 08:02:18
406,citizen_406,citizen_406@example.com,Barbara Wilson,+1-555-118-4514,"973 Smart City Ave, Street 49",South District,CTZ-000406,+1-555-265-4601,Doctor,6,AB-,1,2026-09-01 08:02:18
407,citizen_407,citizen_407@example.com,Joseph Rodriguez,+1-555-273-6669,"502 Smart City Ave, Street 44",North District,CTZ-000407,+1-555-606-9454,Technician,3,B-,2,2026-03-06 08:02:18
408,citizen_408,citizen_408@example.com,Jessica Johnson,+1-555-877-4479,"92 Smart City Ave, Street 18",South District,CTZ-000408,+1-555-642-6888,Accountant,1,A-,2,2026-05-06 08:02:18
409,citizen_409,citizen_409@example.com,Joseph Davis,+1-555-415-8406,"563 Smart City Ave, Street 49",West District,CTZ-000409,+1-555-278-3486,Doctor,6,A-,2,2025-10-22 08:02:18
410,citizen_410,citizen_410@example.com,Elizabeth Taylor,+1-555-289-7639,"995 Smart City Ave, Street 47",West District,CTZ-000410,+1-555-996-7055,Civil Servant,5,A-,1,2025-12-26 08:02:18
411,citizen_411,citizen_411@example.com,Jessica Martin,+1-555-792-8383,"184 Smart City Ave, Street 2",West District,CTZ-000411,+1-555-709-3028,Civil Servant,2,AB+,3,2025-10-19 08:02:18
412,citizen_412,citizen_412@example.com,Jennifer Davis,+1-555-955-3884,"555 Smart City Ave, Street 49",East District,CTZ-000412,+1-555-895-5040,Manager,5,O+,3,2026-05-23 08:02:18
413,citizen_413,citizen_413@example.com,Barbara Moore,+1-555-921-7247,"73 Smart City Ave, Street 43",East District,CTZ-000413,+1-555-207-4900,Civil Servant,2,O-,1,2025-11-07 08:02:18
414,citizen_414,citizen_414@example.com,John Taylor,+1-555-434-6377,"463 Smart City Ave, Street 8",South District,CTZ-000414,+1-555-258-6904,Engineer,2,AB-,2,2026-02-05 08:02:18
415,citizen_415,citizen_415@example.com,Michael Martin,+1-555-259-2338,"452 Smart City Ave, Street 32",Industrial Zone,CTZ-000415,+1-555-620-7635,Technician,4,O-,3,2026-03-01 08:02:18
416,citizen_416,citizen_416@example.com,David Jones,+1-555-274-8186,"744 Smart City Ave, Street 43",East District,CTZ-000416,+1-555-693-5779,Civil Servant,6,B-,1,2025-09-12 08:02:18
417,citizen_417,citizen_417@example.com,Elizabeth Jones,+1-555-589-1549,"952 Smart City Ave, Street 18",North District,CTZ-000417,+1-555-602-2032,Teacher,2,O+,1,2026-03-23 08:02:18
418,citizen_418,citizen_418@example.com,Elizabeth Rodriguez,+1-555-187-5390,"110 Smart City Ave, Street 14",West District,CTZ-000418,+1-555-549-7554,Civil Servant,1,A+,3,2026-03-27 08:02:18
419,citizen_419,citizen_419@example.com,Michael Martinez,+1-555-120-6151,"769 Smart City Ave, Street 37",East District,CTZ-000419,+1-555-720-1425,Business Owner,5,A+,0,2026-07-15 08:02:18
420,citizen_420,citizen_420@example.com,Jennifer Taylor,+1-555-800-4000,"964 Smart City Ave, Street 13",Industrial Zone,CTZ-000420,+1-555-228-6040,Architect,2,AB-,3,2026-04-20 08:02:18
421,citizen_421,citizen_421@example.com,David Brown,+1-555-932-1998,"178 Smart City Ave, Street 3",Central Zone,CTZ-000421,+1-555-232-4700,Architect,4,O-,3,2026-03-26 08:02:18
422,citizen_422,citizen_422@example.com,Linda Williams,+1-555-920-4813,"974 Smart City Ave, Street 39",North District,CTZ-000422,+1-555-179-6060,Business Owner,6,B+,1,2025-09-06 08:02:18
423,citizen_423,citizen_423@example.com,James Davis,+1-555-912-1201,"851 Smart City Ave, Street 34",East District,CTZ-000423,+1-555-577-3661,Technician,3,AB+,0,2026-07-31 08:02:18
424,citizen_424,citizen_424@example.com,Robert Thomas,+1-555-671-7685,"688 Smart City Ave, Street 20",West District,CTZ-000424,+1-555-602-2931,Doctor,5,AB-,2,2025-12-12 08:02:18
425,citizen_425,citizen_425@example.com,Richard Williams,+1-555-980-2417,"870 Smart City Ave, Street 23",South District,CTZ-000425,+1-555-262-1204,Teacher,1,O-,1,2026-02-17 08:02:18
426,citizen_426,citizen_426@example.com,Barbara Williams,+1-555-261-6292,"837 Smart City Ave, Street 20",Central Zone,CTZ-000426,+1-555-450-6061,Business Owner,2,B+,1,2026-01-15 08:02:18
427,citizen_427,citizen_427@example.com,Robert Thomas,+1-555-602-5104,"229 Smart City Ave, Street 37",South District,CTZ-000427,+1-555-606-8259,Engineer,3,A-,1,2026-03-04 08:02:18
428,citizen_428,citizen_428@example.com,William Moore,+1-555-772-3651,"634 Smart City Ave, Street 26",Central Zone,CTZ-000428,+1-555-889-8899,Manager,5,AB-,1,2025-11-06 08:02:18
429,citizen_429,citizen_429@example.com,Joseph Thomas,+1-555-521-9906,"538 Smart City Ave, Street 7",Central Zone,CTZ-000429,+1-555-134-8741,Student,4,O-,0,2025-09-05 08:02:18
430,citizen_430,citizen_430@example.com,Susan Taylor,+1-555-962-1551,"218 Smart City Ave, Street 9",South District,CTZ-000430,+1-555-466-5500,Doctor,4,AB-,0,2026-08-08 08:02:18
431,citizen_431,citizen_431@example.com,Karen Thomas,+1-555-263-6739,"641 Smart City Ave, Street 16",Industrial Zone,CTZ-000431,+1-555-904-8011,Manager,1,O+,0,2026-03-02 08:02:18
432,citizen_432,citizen_432@example.com,Thomas Taylor,+1-555-226-2365,"706 Smart City Ave, Street 35",North District,CTZ-000432,+1-555-415-6522,Civil Servant,3,B-,3,2025-12-09 08:02:18
433,citizen_433,citizen_433@example.com,Susan Martinez,+1-555-212-7137,"10 Smart City Ave, Street 5",East District,CTZ-000433,+1-555-223-1291,Doctor,1,O+,2,2025-10-19 08:02:18
434,citizen_434,citizen_434@example.com,Karen Anderson,+1-555-775-5137,"422 Smart City Ave, Street 15",Industrial Zone,CTZ-000434,+1-555-835-3247,Doctor,2,B-,1,2025-12-12 08:02:18
435,citizen_435,citizen_435@example.com,David Rodriguez,+1-555-732-3711,"161 Smart City Ave, Street 21",East District,CTZ-000435,+1-555-232-7440,Architect,3,O-,3,2026-08-25 08:02:18
436,citizen_436,citizen_436@example.com,Linda Rodriguez,+1-555-238-9681,"392 Smart City Ave, Street 40",East District,CTZ-000436,+1-555-914-4625,Civil Servant,6,B-,0,2026-09-01 08:02:18
437,citizen_437,citizen_437@example.com,Mary Rodriguez,+1-555-350-1995,"488 Smart City Ave, Street 33",North District,CTZ-000437,+1-555-193-1778,Business Owner,6,A+,1,2026-05-12 08:02:18
438,citizen_438,citizen_438@example.com,Thomas Gonzalez,+1-555-978-5585,"888 Smart City Ave, Street 49",West District,CTZ-000438,+1-555-263-1777,Architect,3,AB-,1,2026-06-25 08:02:18
439,citizen_439,citizen_439@example.com,Barbara Rodriguez,+1-555-984-5601,"287 Smart City Ave, Street 15",West District,CTZ-000439,+1-555-348-4930,Engineer,1,AB+,1,2026-05-11 08:02:18
440,citizen_440,citizen_440@example.com,Karen Hernandez,+1-555-825-2467,"707 Smart City Ave, Street 17",Central Zone,CTZ-000440,+1-555-650-2458,Civil Servant,5,O+,1,2025-10-08 08:02:18
441,citizen_441,citizen_441@example.com,Karen Johnson,+1-555-915-6208,"31 Smart City Ave, Street 23",Central Zone,CTZ-000441,+1-555-691-7546,Accountant,3,AB-,3,2026-07-23 08:02:18
442,citizen_442,citizen_442@example.com,Jennifer Jones,+1-555-372-2745,"494 Smart City Ave, Street 7",Central Zone,CTZ-000442,+1-555-350-1220,Business Owner,2,A-,1,2025-09-12 08:02:18
443,citizen_443,citizen_443@example.com,Elizabeth Martinez,+1-555-762-7991,"843 Smart City Ave, Street 46",Industrial Zone,CTZ-000443,+1-555-378-4949,Business Owner,6,O+,3,2025-12-14 08:02:18
444,citizen_444,citizen_444@example.com,Susan Thomas,+1-555-573-2855,"744 Smart City Ave, Street 50",Central Zone,CTZ-000444,+1-555-471-9102,Student,4,O+,3,2026-05-21 08:02:18
445,citizen_445,citizen_445@example.com,Susan Garcia,+1-555-504-9951,"625 Smart City Ave, Street 34",West District,CTZ-000445,+1-555-893-3941,Business Owner,2,AB-,1,2025-12-04 08:02:18
446,citizen_446,citizen_446@example.com,Robert Moore,+1-555-829-6406,"889 Smart City Ave, Street 11",Central Zone,CTZ-000446,+1-555-532-2580,Accountant,1,O-,1,2026-08-23 08:02:18
447,citizen_447,citizen_447@example.com,Thomas Martinez,+1-555-254-8403,"189 Smart City Ave, Street 46",West District,CTZ-000447,+1-555-714-6353,Architect,3,AB-,1,2026-04-08 08:02:18
448,citizen_448,citizen_448@example.com,Mary Wilson,+1-555-928-3556,"202 Smart City Ave, Street 16",Central Zone,CTZ-000448,+1-555-872-4527,Student,1,AB-,0,2026-04-20 08:02:18
449,citizen_449,citizen_449@example.com,James Johnson,+1-555-619-8702,"568 Smart City Ave, Street 28",Industrial Zone,CTZ-000449,+1-555-232-3651,Engineer,6,B+,0,2026-05-23 08:02:18
450,citizen_450,citizen_450@example.com,Joseph Martin,+1-555-408-2640,"582 Smart City Ave, Street 33",South District,CTZ-000450,+1-555-888-3699,Doctor,6,B+,1,2025-12-03 08:02:18
451,citizen_451,citizen_451@example.com,Joseph Smith,+1-555-119-8969,"584 Smart City Ave, Street 48",East District,CTZ-000451,+1-555-679-5020,Student,3,O-,1,2026-04-25 08:02:18
452,citizen_452,citizen_452@example.com,Jessica Garcia,+1-555-895-6526,"913 Smart City Ave, Street 2",South District,CTZ-000452,+1-555-138-1610,Business Owner,1,AB+,3,2026-04-03 08:02:18
453,citizen_453,citizen_453@example.com,Barbara Taylor,+1-555-948-1646,"900 Smart City Ave, Street 13",West District,CTZ-000453,+1-555-466-7640,Doctor,6,O-,2,2026-04-20 08:02:18
454,citizen_454,citizen_454@example.com,Barbara Smith,+1-555-584-8956,"101 Smart City Ave, Street 47",Central Zone,CTZ-000454,+1-555-798-1154,Accountant,2,B+,1,2026-04-28 08:02:18
455,citizen_455,citizen_455@example.com,John Johnson,+1-555-263-2564,"414 Smart City Ave, Street 19",West District,CTZ-000455,+1-555-799-2433,Manager,5,O+,3,2026-01-27 08:02:18
456,citizen_456,citizen_456@example.com,Richard Hernandez,+1-555-490-1299,"253 Smart City Ave, Street 12",East District,CTZ-000456,+1-555-382-3231,Engineer,6,B+,1,2026-06-24 08:02:18
457,citizen_457,citizen_457@example.com,Jessica Jackson,+1-555-401-9822,"611 Smart City Ave, Street 45",Industrial Zone,CTZ-000457,+1-555-477-7989,Engineer,6,A-,2,2025-12-01 08:02:18
458,citizen_458,citizen_458@example.com,Charles Gonzalez,+1-555-722-4232,"351 Smart City Ave, Street 42",North District,CTZ-000458,+1-555-354-6363,Accountant,2,AB-,1,2026-04-01 08:02:18
459,citizen_459,citizen_459@example.com,Mary Jackson,+1-555-400-9258,"904 Smart City Ave, Street 30",Central Zone,CTZ-000459,+1-555-950-9728,Business Owner,2,B+,3,2026-09-01 08:02:18
460,citizen_460,citizen_460@example.com,Sarah Hernandez,+1-555-497-3722,"855 Smart City Ave, Street 9",North District,CTZ-000460,+1-555-809-4856,Technician,3,B-,1,2026-05-02 08:02:18
461,citizen_461,citizen_461@example.com,Jessica Taylor,+1-555-593-1455,"545 Smart City Ave, Street 11",North District,CTZ-000461,+1-555-827-9810,Technician,3,O-,1,2025-09-09 08:02:18
462,citizen_462,citizen_462@example.com,James Smith,+1-555-408-5397,"385 Smart City Ave, Street 32",East District,CTZ-000462,+1-555-275-5330,Technician,4,B-,3,2026-07-08 08:02:18
463,citizen_463,citizen_463@example.com,David Smith,+1-555-461-9666,"160 Smart City Ave, Street 37",West District,CTZ-000463,+1-555-180-5756,Engineer,4,A-,1,2026-02-26 08:02:18
464,citizen_464,citizen_464@example.com,Michael Thomas,+1-555-451-9646,"270 Smart City Ave, Street 28",West District,CTZ-000464,+1-555-111-8881,Manager,3,B-,0,2026-03-21 08:02:18
465,citizen_465,citizen_465@example.com,James Thomas,+1-555-119-2169,"636 Smart City Ave, Street 33",West District,CTZ-000465,+1-555-215-3370,Engineer,3,AB+,1,2026-03-21 08:02:18
466,citizen_466,citizen_466@example.com,Karen Wilson,+1-555-433-1035,"706 Smart City Ave, Street 6",East District,CTZ-000466,+1-555-895-3046,Accountant,4,A+,1,2026-02-10 08:02:18
467,citizen_467,citizen_467@example.com,Linda Davis,+1-555-853-1245,"375 Smart City Ave, Street 33",West District,CTZ-000467,+1-555-518-2508,Civil Servant,6,AB+,1,2025-11-11 08:02:18
468,citizen_468,citizen_468@example.com,John Jackson,+1-555-121-9495,"160 Smart City Ave, Street 26",South District,CTZ-000468,+1-555-961-9130,Civil Servant,2,A-,1,2026-07-11 08:02:18
469,citizen_469,citizen_469@example.com,Barbara Williams,+1-555-502-1052,"666 Smart City Ave, Street 10",Central Zone,CTZ-000469,+1-555-185-9545,Civil Servant,2,A-,0,2026-08-08 08:02:18
470,citizen_470,citizen_470@example.com,Mary Wilson,+1-555-520-2248,"395 Smart City Ave, Street 5",East District,CTZ-000470,+1-555-910-4517,Student,3,B+,1,2025-12-17 08:02:18
471,citizen_471,citizen_471@example.com,William Jones,+1-555-285-3736,"253 Smart City Ave, Street 40",Industrial Zone,CTZ-000471,+1-555-314-3574,Engineer,5,AB+,1,2026-08-18 08:02:18
472,citizen_472,citizen_472@example.com,Susan Davis,+1-555-324-9598,"492 Smart City Ave, Street 40",South District,CTZ-000472,+1-555-446-5394,Architect,2,O-,3,2026-07-25 08:02:18
473,citizen_473,citizen_473@example.com,Elizabeth Thomas,+1-555-802-6545,"839 Smart City Ave, Street 30",North District,CTZ-000473,+1-555-941-1351,Manager,1,O+,1,2026-03-30 08:02:18
474,citizen_474,citizen_474@example.com,Michael Brown,+1-555-934-7242,"688 Smart City Ave, Street 20",South District,CTZ-000474,+1-555-716-2441,Doctor,5,B+,3,2026-04-29 08:02:18
475,citizen_475,citizen_475@example.com,Mary Smith,+1-555-590-9344,"375 Smart City Ave, Street 46",North District,CTZ-000475,+1-555-948-1369,Student,6,B-,2,2026-01-09 08:02:18
476,citizen_476,citizen_476@example.com,Charles Lopez,+1-555-747-7383,"366 Smart City Ave, Street 38",East District,CTZ-000476,+1-555-319-6680,Student,6,AB-,3,2026-06-07 08:02:18
477,citizen_477,citizen_477@example.com,Elizabeth Martinez,+1-555-649-9822,"738 Smart City Ave, Street 26",South District,CTZ-000477,+1-555-489-6497,Doctor,1,AB+,1,2026-05-25 08:02:18
478,citizen_478,citizen_478@example.com,Thomas Moore,+1-555-503-9896,"283 Smart City Ave, Street 39",South District,CTZ-000478,+1-555-503-7960,Business Owner,1,A-,2,2026-07-25 08:02:18
479,citizen_479,citizen_479@example.com,Michael Wilson,+1-555-140-7069,"233 Smart City Ave, Street 1",South District,CTZ-000479,+1-555-394-4911,Technician,4,B+,0,2026-07-10 08:02:18
480,citizen_480,citizen_480@example.com,Richard Garcia,+1-555-310-6100,"143 Smart City Ave, Street 20",South District,CTZ-000480,+1-555-372-2460,Teacher,1,O-,2,2025-09-04 08:02:18
481,citizen_481,citizen_481@example.com,Michael Rodriguez,+1-555-582-9181,"644 Smart City Ave, Street 27",South District,CTZ-000481,+1-555-387-6590,Business Owner,2,B-,1,2026-01-21 08:02:18
482,citizen_482,citizen_482@example.com,Karen Garcia,+1-555-477-8814,"215 Smart City Ave, Street 7",South District,CTZ-000482,+1-555-499-6272,Business Owner,3,B-,3,2025-12-23 08:02:18
483,citizen_483,citizen_483@example.com,Jessica Miller,+1-555-636-3998,"349 Smart City Ave, Street 25",West District,CTZ-000483,+1-555-799-6965,Doctor,5,O-,2,2026-04-08 08:02:18
484,citizen_484,citizen_484@example.com,Patricia Jones,+1-555-966-1784,"885 Smart City Ave, Street 45",East District,CTZ-000484,+1-555-971-9707,Teacher,5,B-,1,2026-04-17 08:02:18
485,citizen_485,citizen_485@example.com,William Jones,+1-555-965-8139,"931 Smart City Ave, Street 14",Industrial Zone,CTZ-000485,+1-555-834-6074,Technician,5,B+,1,2026-03-09 08:02:18
486,citizen_486,citizen_486@example.com,Jessica Gonzalez,+1-555-474-1098,"837 Smart City Ave, Street 47",Central Zone,CTZ-000486,+1-555-932-9591,Engineer,4,A-,2,2026-05-13 08:02:18
487,citizen_487,citizen_487@example.com,Jennifer Davis,+1-555-405-5799,"712 Smart City Ave, Street 27",West District,CTZ-000487,+1-555-440-6260,Business Owner,4,B+,1,2026-08-18 08:02:18
488,citizen_488,citizen_488@example.com,Karen Hernandez,+1-555-755-3453,"895 Smart City Ave, Street 8",Industrial Zone,CTZ-000488,+1-555-275-5138,Accountant,5,B-,0,2026-07-09 08:02:18
489,citizen_489,citizen_489@example.com,Elizabeth Anderson,+1-555-415-4790,"11 Smart City Ave, Street 39",East District,CTZ-000489,+1-555-158-9990,Architect,1,A+,1,2026-07-30 08:02:18
490,citizen_490,citizen_490@example.com,Patricia Moore,+1-555-932-7792,"324 Smart City Ave, Street 23",East District,CTZ-000490,+1-555-106-6722,Business Owner,3,A-,1,2025-10-14 08:02:18
491,citizen_491,citizen_491@example.com,Susan Martin,+1-555-433-2202,"613 Smart City Ave, Street 16",Industrial Zone,CTZ-000491,+1-555-606-5175,Doctor,6,AB-,0,2026-07-05 08:02:18
492,citizen_492,citizen_492@example.com,Thomas Brown,+1-555-340-4128,"587 Smart City Ave, Street 32",West District,CTZ-000492,+1-555-591-7643,Architect,1,A+,2,2026-02-19 08:02:18
493,citizen_493,citizen_493@example.com,Jennifer Martin,+1-555-628-8165,"349 Smart City Ave, Street 32",West District,CTZ-000493,+1-555-315-3502,Student,1,A+,0,2025-10-28 08:02:18
494,citizen_494,citizen_494@example.com,Richard Miller,+1-555-333-4202,"284 Smart City Ave, Street 6",South District,CTZ-000494,+1-555-751-2897,Technician,1,A-,1,2026-03-29 08:02:18
495,citizen_495,citizen_495@example.com,John Wilson,+1-555-729-4497,"432 Smart City Ave, Street 35",North District,CTZ-000495,+1-555-895-8763,Engineer,2,AB-,3,2026-06-10 08:02:18
496,citizen_496,citizen_496@example.com,John Martinez,+1-555-321-3532,"531 Smart City Ave, Street 20",North District,CTZ-000496,+1-555-452-5933,Business Owner,3,A+,1,2026-05-22 08:02:18
497,citizen_497,citizen_497@example.com,Robert Jackson,+1-555-618-4808,"645 Smart City Ave, Street 43",South District,CTZ-000497,+1-555-964-1469,Manager,2,AB-,3,2026-08-15 08:02:18
498,citizen_498,citizen_498@example.com,Michael Thomas,+1-555-728-9463,"957 Smart City Ave, Street 28",West District,CTZ-000498,+1-555-304-6757,Technician,3,A+,1,2025-12-29 08:02:18
499,citizen_499,citizen_499@example.com,David Smith,+1-555-870-4941,"122 Smart City Ave, Street 28",Central Zone,CTZ-000499,+1-555-264-3396,Engineer,4,A-,0,2026-06-29 08:02:18
500,citizen_500,citizen_500@example.com,James Davis,+1-555-993-8476,"822 Smart City Ave, Street 22",Industrial Zone,CTZ-000500,+1-555-420-6002,Civil Servant,2,AB-,1,2026-04-27 08:02:18
501,citizen_501,citizen_501@example.com,David Gonzalez,+1-555-493-7732,"173 Smart City Ave, Street 45",Industrial Zone,CTZ-000501,+1-555-897-2225,Accountant,4,B+,3,2026-07-08 08:02:18
502,citizen_502,citizen_502@example.com,Linda Jackson,+1-555-989-8886,"417 Smart City Ave, Street 13",Central Zone,CTZ-000502,+1-555-297-3869,Accountant,5,A-,3,2026-06-14 08:02:18
503,citizen_503,citizen_503@example.com,James Davis,+1-555-417-6815,"312 Smart City Ave, Street 35",Industrial Zone,CTZ-000503,+1-555-523-2673,Architect,2,O-,2,2026-07-18 08:02:18
504,citizen_504,citizen_504@example.com,Linda Davis,+1-555-177-8012,"903 Smart City Ave, Street 10",East District,CTZ-000504,+1-555-350-1251,Architect,3,B+,0,2026-03-24 08:02:18
505,citizen_505,citizen_505@example.com,John Davis,+1-555-942-3220,"880 Smart City Ave, Street 29",Central Zone,CTZ-000505,+1-555-797-4199,Technician,5,A+,2,2025-10-01 08:02:18
506,citizen_506,citizen_506@example.com,Michael Brown,+1-555-266-2566,"783 Smart City Ave, Street 11",East District,CTZ-000506,+1-555-980-7111,Doctor,6,AB+,3,2026-08-15 08:02:18
507,citizen_507,citizen_507@example.com,Sarah Williams,+1-555-146-3549,"876 Smart City Ave, Street 25",East District,CTZ-000507,+1-555-631-8779,Student,1,O+,0,2026-04-27 08:02:18
508,citizen_508,citizen_508@example.com,Jennifer Johnson,+1-555-467-1584,"948 Smart City Ave, Street 25",Central Zone,CTZ-000508,+1-555-632-7159,Engineer,6,AB-,1,2026-02-27 08:02:18
509,citizen_509,citizen_509@example.com,Elizabeth Williams,+1-555-412-8719,"326 Smart City Ave, Street 37",Industrial Zone,CTZ-000509,+1-555-410-4402,Business Owner,5,O+,1,2025-12-16 08:02:18
510,citizen_510,citizen_510@example.com,Elizabeth Miller,+1-555-217-2583,"261 Smart City Ave, Street 36",Central Zone,CTZ-000510,+1-555-832-5014,Business Owner,6,O+,3,2026-05-28 08:02:18
511,citizen_511,citizen_511@example.com,Charles Garcia,+1-555-273-2748,"887 Smart City Ave, Street 29",East District,CTZ-000511,+1-555-593-3144,Civil Servant,4,AB+,1,2025-09-23 08:02:18
512,citizen_512,citizen_512@example.com,William Williams,+1-555-206-1901,"89 Smart City Ave, Street 20",West District,CTZ-000512,+1-555-740-6195,Doctor,2,A-,2,2026-06-28 08:02:18
513,citizen_513,citizen_513@example.com,David Brown,+1-555-165-1604,"391 Smart City Ave, Street 4",East District,CTZ-000513,+1-555-496-4993,Accountant,1,A-,1,2026-03-25 08:02:18
514,citizen_514,citizen_514@example.com,Charles Smith,+1-555-442-1669,"620 Smart City Ave, Street 34",South District,CTZ-000514,+1-555-653-8537,Teacher,1,AB-,2,2025-11-20 08:02:18
515,citizen_515,citizen_515@example.com,Mary Martin,+1-555-421-6066,"594 Smart City Ave, Street 11",East District,CTZ-000515,+1-555-777-2474,Business Owner,6,B-,1,2026-04-16 08:02:18
516,citizen_516,citizen_516@example.com,Richard Martin,+1-555-557-4690,"109 Smart City Ave, Street 42",North District,CTZ-000516,+1-555-880-2393,Doctor,5,O-,1,2025-10-02 08:02:18
517,citizen_517,citizen_517@example.com,Karen Moore,+1-555-773-2865,"153 Smart City Ave, Street 4",West District,CTZ-000517,+1-555-447-4381,Civil Servant,4,A+,0,2026-06-04 08:02:18
518,citizen_518,citizen_518@example.com,John Moore,+1-555-985-1691,"849 Smart City Ave, Street 17",West District,CTZ-000518,+1-555-510-6222,Teacher,2,AB-,3,2025-12-13 08:02:18
519,citizen_519,citizen_519@example.com,Mary Davis,+1-555-248-6371,"260 Smart City Ave, Street 11",Central Zone,CTZ-000519,+1-555-110-3498,Business Owner,5,B+,3,2026-05-09 08:02:18
520,citizen_520,citizen_520@example.com,William Hernandez,+1-555-331-7198,"111 Smart City Ave, Street 30",Industrial Zone,CTZ-000520,+1-555-314-6899,Architect,2,O+,2,2026-07-02 08:02:18
521,citizen_521,citizen_521@example.com,Charles Wilson,+1-555-327-7126,"300 Smart City Ave, Street 33",Central Zone,CTZ-000521,+1-555-941-3749,Doctor,1,B+,2,2026-01-29 08:02:18
522,citizen_522,citizen_522@example.com,David Gonzalez,+1-555-131-8850,"316 Smart City Ave, Street 31",Industrial Zone,CTZ-000522,+1-555-914-9267,Technician,6,AB-,3,2026-04-03 08:02:18
523,citizen_523,citizen_523@example.com,Karen Thomas,+1-555-108-6212,"310 Smart City Ave, Street 14",East District,CTZ-000523,+1-555-193-9156,Teacher,4,AB-,3,2026-05-02 08:02:18
524,citizen_524,citizen_524@example.com,Jennifer Johnson,+1-555-596-4464,"273 Smart City Ave, Street 40",South District,CTZ-000524,+1-555-767-8809,Engineer,3,A+,3,2025-10-03 08:02:18
525,citizen_525,citizen_525@example.com,Mary Brown,+1-555-651-1020,"920 Smart City Ave, Street 11",North District,CTZ-000525,+1-555-785-9528,Technician,4,A+,3,2025-11-07 08:02:18
526,citizen_526,citizen_526@example.com,Susan Williams,+1-555-881-9992,"200 Smart City Ave, Street 44",Central Zone,CTZ-000526,+1-555-958-5583,Accountant,4,AB-,0,2025-09-30 08:02:18
527,citizen_527,citizen_527@example.com,Mary Johnson,+1-555-858-5101,"680 Smart City Ave, Street 4",South District,CTZ-000527,+1-555-258-9856,Technician,2,B+,0,2026-05-31 08:02:18
528,citizen_528,citizen_528@example.com,Richard Rodriguez,+1-555-412-6454,"629 Smart City Ave, Street 32",Industrial Zone,CTZ-000528,+1-555-572-4780,Engineer,1,B+,3,2025-11-22 08:02:18
529,citizen_529,citizen_529@example.com,Jennifer Moore,+1-555-572-3107,"98 Smart City Ave, Street 25",Central Zone,CTZ-000529,+1-555-502-9752,Student,1,O+,2,2026-05-24 08:02:18
530,citizen_530,citizen_530@example.com,Jennifer Jones,+1-555-624-7057,"635 Smart City Ave, Street 18",South District,CTZ-000530,+1-555-407-9800,Engineer,4,AB+,1,2025-10-02 08:02:18
531,citizen_531,citizen_531@example.com,Charles Anderson,+1-555-199-1789,"340 Smart City Ave, Street 25",West District,CTZ-000531,+1-555-865-8108,Business Owner,4,AB+,2,2025-11-01 08:02:18
532,citizen_532,citizen_532@example.com,Jennifer Lopez,+1-555-876-6274,"841 Smart City Ave, Street 36",Industrial Zone,CTZ-000532,+1-555-437-5654,Accountant,5,O+,1,2025-11-29 08:02:18
533,citizen_533,citizen_533@example.com,Linda Moore,+1-555-290-7587,"747 Smart City Ave, Street 26",East District,CTZ-000533,+1-555-973-2641,Civil Servant,3,O+,1,2025-11-09 08:02:18
534,citizen_534,citizen_534@example.com,Richard Anderson,+1-555-819-7754,"361 Smart City Ave, Street 41",Industrial Zone,CTZ-000534,+1-555-919-9027,Civil Servant,5,AB+,1,2026-01-06 08:02:18
535,citizen_535,citizen_535@example.com,Mary Smith,+1-555-983-4584,"391 Smart City Ave, Street 28",South District,CTZ-000535,+1-555-628-6147,Technician,2,B+,2,2026-04-01 08:02:18
536,citizen_536,citizen_536@example.com,Mary Wilson,+1-555-773-5766,"499 Smart City Ave, Street 30",South District,CTZ-000536,+1-555-534-8170,Manager,6,AB-,0,2025-10-31 08:02:18
537,citizen_537,citizen_537@example.com,Richard Miller,+1-555-492-8379,"75 Smart City Ave, Street 20",Industrial Zone,CTZ-000537,+1-555-919-5117,Engineer,2,AB-,3,2026-03-08 08:02:18
538,citizen_538,citizen_538@example.com,Elizabeth Martinez,+1-555-754-1897,"649 Smart City Ave, Street 44",Central Zone,CTZ-000538,+1-555-201-7102,Student,5,A+,0,2025-10-19 08:02:18
539,citizen_539,citizen_539@example.com,James Gonzalez,+1-555-263-8316,"259 Smart City Ave, Street 36",Central Zone,CTZ-000539,+1-555-846-6161,Manager,5,B+,1,2026-05-09 08:02:18
540,citizen_540,citizen_540@example.com,Linda Lopez,+1-555-610-6595,"297 Smart City Ave, Street 18",South District,CTZ-000540,+1-555-186-2171,Student,6,O-,1,2026-02-28 08:02:18
541,citizen_541,citizen_541@example.com,Robert Jackson,+1-555-569-1412,"680 Smart City Ave, Street 39",West District,CTZ-000541,+1-555-346-3622,Business Owner,5,B+,1,2026-04-06 08:02:18
542,citizen_542,citizen_542@example.com,Thomas Wilson,+1-555-644-4404,"394 Smart City Ave, Street 35",Industrial Zone,CTZ-000542,+1-555-954-8682,Civil Servant,4,O+,3,2025-09-07 08:02:18
543,citizen_543,citizen_543@example.com,Karen Williams,+1-555-465-3279,"578 Smart City Ave, Street 45",West District,CTZ-000543,+1-555-965-7624,Architect,1,B+,3,2025-10-30 08:02:18
544,citizen_544,citizen_544@example.com,Jessica Martin,+1-555-297-7251,"919 Smart City Ave, Street 21",Central Zone,CTZ-000544,+1-555-484-6842,Student,2,A+,0,2025-10-09 08:02:18
545,citizen_545,citizen_545@example.com,Barbara Moore,+1-555-476-1923,"395 Smart City Ave, Street 42",South District,CTZ-000545,+1-555-799-9119,Business Owner,2,B-,3,2026-02-01 08:02:18
546,citizen_546,citizen_546@example.com,Michael Garcia,+1-555-653-3587,"256 Smart City Ave, Street 34",North District,CTZ-000546,+1-555-668-8427,Technician,2,B-,0,2026-02-15 08:02:18
547,citizen_547,citizen_547@example.com,James Wilson,+1-555-755-1538,"776 Smart City Ave, Street 16",North District,CTZ-000547,+1-555-796-7389,Accountant,1,A+,0,2026-05-29 08:02:18
548,citizen_548,citizen_548@example.com,Richard Miller,+1-555-730-7279,"377 Smart City Ave, Street 11",Industrial Zone,CTZ-000548,+1-555-747-5381,Technician,3,A-,3,2025-12-31 08:02:18
549,citizen_549,citizen_549@example.com,Susan Williams,+1-555-779-6627,"578 Smart City Ave, Street 28",South District,CTZ-000549,+1-555-664-9916,Teacher,2,O+,1,2026-08-29 08:02:18
550,citizen_550,citizen_550@example.com,Richard Taylor,+1-555-566-1039,"36 Smart City Ave, Street 18",South District,CTZ-000550,+1-555-666-4190,Student,5,O+,1,2025-12-15 08:02:18
551,citizen_551,citizen_551@example.com,William Jones,+1-555-319-7143,"913 Smart City Ave, Street 45",West District,CTZ-000551,+1-555-996-2511,Engineer,6,B-,3,2026-04-25 08:02:18
552,citizen_552,citizen_552@example.com,David Martin,+1-555-969-5870,"525 Smart City Ave, Street 25",South District,CTZ-000552,+1-555-466-2977,Technician,6,B-,0,2025-09-11 08:02:18
553,citizen_553,citizen_553@example.com,David Rodriguez,+1-555-998-9709,"182 Smart City Ave, Street 3",South District,CTZ-000553,+1-555-930-7085,Business Owner,6,AB-,3,2025-11-23 08:02:18
554,citizen_554,citizen_554@example.com,Richard Davis,+1-555-362-1790,"417 Smart City Ave, Street 16",North District,CTZ-000554,+1-555-834-4800,Architect,1,B+,2,2025-12-24 08:02:18
555,citizen_555,citizen_555@example.com,William Anderson,+1-555-626-6140,"347 Smart City Ave, Street 2",West District,CTZ-000555,+1-555-143-5151,Civil Servant,1,A+,0,2026-01-14 08:02:18
556,citizen_556,citizen_556@example.com,Jennifer Smith,+1-555-646-7295,"345 Smart City Ave, Street 14",East District,CTZ-000556,+1-555-121-4732,Manager,3,O+,2,2026-01-18 08:02:18
557,citizen_557,citizen_557@example.com,John Anderson,+1-555-988-3270,"428 Smart City Ave, Street 21",East District,CTZ-000557,+1-555-963-7384,Teacher,6,AB+,1,2025-10-04 08:02:18
558,citizen_558,citizen_558@example.com,John Jones,+1-555-887-9434,"790 Smart City Ave, Street 28",North District,CTZ-000558,+1-555-433-2517,Doctor,4,A+,0,2026-02-15 08:02:18
559,citizen_559,citizen_559@example.com,Thomas Davis,+1-555-637-9764,"431 Smart City Ave, Street 15",South District,CTZ-000559,+1-555-157-2269,Manager,3,A+,2,2025-10-02 08:02:18
560,citizen_560,citizen_560@example.com,Sarah Moore,+1-555-989-7303,"367 Smart City Ave, Street 35",West District,CTZ-000560,+1-555-791-6020,Doctor,1,O-,1,2025-10-06 08:02:18
561,citizen_561,citizen_561@example.com,Patricia Williams,+1-555-843-7052,"604 Smart City Ave, Street 38",Central Zone,CTZ-000561,+1-555-618-8852,Doctor,5,B-,1,2026-02-10 08:02:18
562,citizen_562,citizen_562@example.com,William Taylor,+1-555-288-2292,"185 Smart City Ave, Street 49",South District,CTZ-000562,+1-555-483-2946,Business Owner,2,O-,2,2025-09-13 08:02:18
563,citizen_563,citizen_563@example.com,David Lopez,+1-555-579-6742,"314 Smart City Ave, Street 39",East District,CTZ-000563,+1-555-976-4182,Technician,2,O-,3,2025-09-17 08:02:18
564,citizen_564,citizen_564@example.com,David Brown,+1-555-607-2831,"896 Smart City Ave, Street 48",South District,CTZ-000564,+1-555-746-2718,Civil Servant,1,B-,1,2025-09-04 08:02:18
565,citizen_565,citizen_565@example.com,William Brown,+1-555-956-1177,"222 Smart City Ave, Street 36",East District,CTZ-000565,+1-555-499-2573,Doctor,2,O+,1,2026-08-20 08:02:18
566,citizen_566,citizen_566@example.com,Sarah Williams,+1-555-296-3649,"269 Smart City Ave, Street 14",Central Zone,CTZ-000566,+1-555-604-4527,Business Owner,4,AB+,2,2026-02-08 08:02:18
567,citizen_567,citizen_567@example.com,John Rodriguez,+1-555-842-6180,"751 Smart City Ave, Street 28",North District,CTZ-000567,+1-555-581-3128,Teacher,3,AB-,1,2025-10-11 08:02:18
568,citizen_568,citizen_568@example.com,Richard Jackson,+1-555-128-2374,"539 Smart City Ave, Street 10",South District,CTZ-000568,+1-555-752-6328,Engineer,2,AB+,2,2025-09-27 08:02:18
569,citizen_569,citizen_569@example.com,William Martin,+1-555-881-8892,"265 Smart City Ave, Street 22",North District,CTZ-000569,+1-555-843-3365,Business Owner,4,B+,2,2026-06-14 08:02:18
570,citizen_570,citizen_570@example.com,David Anderson,+1-555-747-2433,"384 Smart City Ave, Street 26",South District,CTZ-000570,+1-555-726-2631,Technician,5,O-,0,2025-10-31 08:02:18
571,citizen_571,citizen_571@example.com,John Rodriguez,+1-555-883-8752,"311 Smart City Ave, Street 49",West District,CTZ-000571,+1-555-777-1091,Engineer,6,O+,2,2026-02-05 08:02:18
572,citizen_572,citizen_572@example.com,Elizabeth Gonzalez,+1-555-975-5235,"666 Smart City Ave, Street 26",Central Zone,CTZ-000572,+1-555-207-9495,Civil Servant,3,AB-,1,2025-09-17 08:02:18
573,citizen_573,citizen_573@example.com,Linda Jackson,+1-555-664-1232,"407 Smart City Ave, Street 16",North District,CTZ-000573,+1-555-904-9461,Technician,6,B+,1,2025-10-06 08:02:18
574,citizen_574,citizen_574@example.com,James Hernandez,+1-555-747-8267,"576 Smart City Ave, Street 43",Central Zone,CTZ-000574,+1-555-992-4079,Architect,2,A+,1,2026-03-14 08:02:18
575,citizen_575,citizen_575@example.com,Elizabeth Wilson,+1-555-772-6690,"481 Smart City Ave, Street 4",North District,CTZ-000575,+1-555-975-2236,Business Owner,5,AB-,1,2025-11-04 08:02:18
576,citizen_576,citizen_576@example.com,David Jones,+1-555-449-2701,"439 Smart City Ave, Street 18",North District,CTZ-000576,+1-555-891-8187,Technician,2,O+,0,2026-05-06 08:02:18
577,citizen_577,citizen_577@example.com,Barbara Moore,+1-555-139-5224,"768 Smart City Ave, Street 29",West District,CTZ-000577,+1-555-704-3007,Engineer,4,A-,1,2026-02-07 08:02:18
578,citizen_578,citizen_578@example.com,Thomas Wilson,+1-555-499-3988,"341 Smart City Ave, Street 41",South District,CTZ-000578,+1-555-739-1562,Accountant,1,A+,1,2026-04-11 08:02:18
579,citizen_579,citizen_579@example.com,William Anderson,+1-555-625-1465,"271 Smart City Ave, Street 30",West District,CTZ-000579,+1-555-908-8537,Technician,5,B+,1,2026-01-05 08:02:18
580,citizen_580,citizen_580@example.com,Jessica Wilson,+1-555-104-5826,"959 Smart City Ave, Street 24",Central Zone,CTZ-000580,+1-555-180-5849,Manager,2,AB-,1,2025-10-17 08:02:18
581,citizen_581,citizen_581@example.com,Richard Moore,+1-555-659-3867,"248 Smart City Ave, Street 32",West District,CTZ-000581,+1-555-656-1458,Student,1,B+,0,2025-11-07 08:02:18
582,citizen_582,citizen_582@example.com,Joseph Johnson,+1-555-891-8273,"209 Smart City Ave, Street 40",Industrial Zone,CTZ-000582,+1-555-989-9474,Manager,1,B-,0,2026-01-14 08:02:18
583,citizen_583,citizen_583@example.com,William Williams,+1-555-598-2271,"186 Smart City Ave, Street 11",South District,CTZ-000583,+1-555-750-5475,Accountant,3,A+,2,2026-06-01 08:02:18
584,citizen_584,citizen_584@example.com,Patricia Brown,+1-555-522-6510,"79 Smart City Ave, Street 1",Central Zone,CTZ-000584,+1-555-583-3222,Accountant,5,AB+,0,2026-02-06 08:02:18
585,citizen_585,citizen_585@example.com,Mary Wilson,+1-555-730-9087,"861 Smart City Ave, Street 8",Industrial Zone,CTZ-000585,+1-555-439-9583,Technician,2,A+,3,2026-08-28 08:02:18
586,citizen_586,citizen_586@example.com,James Moore,+1-555-939-8822,"846 Smart City Ave, Street 20",North District,CTZ-000586,+1-555-361-4585,Manager,3,O+,1,2026-03-14 08:02:18
587,citizen_587,citizen_587@example.com,Susan Johnson,+1-555-913-5486,"95 Smart City Ave, Street 10",West District,CTZ-000587,+1-555-453-1721,Doctor,4,B+,3,2026-06-02 08:02:18
588,citizen_588,citizen_588@example.com,Jessica Gonzalez,+1-555-212-1757,"476 Smart City Ave, Street 1",Industrial Zone,CTZ-000588,+1-555-241-3915,Doctor,6,B+,2,2026-04-15 08:02:18
589,citizen_589,citizen_589@example.com,William Williams,+1-555-147-9981,"91 Smart City Ave, Street 31",Central Zone,CTZ-000589,+1-555-196-7776,Civil Servant,4,B+,3,2025-11-20 08:02:18
590,citizen_590,citizen_590@example.com,Charles Gonzalez,+1-555-212-2955,"530 Smart City Ave, Street 47",North District,CTZ-000590,+1-555-396-1558,Teacher,5,O-,1,2026-02-06 08:02:18
591,citizen_591,citizen_591@example.com,Elizabeth Martin,+1-555-216-2586,"257 Smart City Ave, Street 36",East District,CTZ-000591,+1-555-844-9930,Doctor,6,O+,0,2026-01-30 08:02:18
592,citizen_592,citizen_592@example.com,Michael Moore,+1-555-593-6972,"381 Smart City Ave, Street 6",West District,CTZ-000592,+1-555-853-9017,Architect,5,AB+,0,2026-03-12 08:02:18
593,citizen_593,citizen_593@example.com,Robert Anderson,+1-555-309-4676,"611 Smart City Ave, Street 4",North District,CTZ-000593,+1-555-557-6590,Architect,2,O-,2,2026-01-27 08:02:18
594,citizen_594,citizen_594@example.com,Mary Garcia,+1-555-163-5675,"191 Smart City Ave, Street 48",Industrial Zone,CTZ-000594,+1-555-648-7071,Architect,5,AB+,1,2025-09-19 08:02:18
595,citizen_595,citizen_595@example.com,David Lopez,+1-555-250-1449,"460 Smart City Ave, Street 49",South District,CTZ-000595,+1-555-364-4823,Teacher,5,AB+,1,2026-03-24 08:02:18
596,citizen_596,citizen_596@example.com,Jessica Taylor,+1-555-772-3251,"621 Smart City Ave, Street 45",South District,CTZ-000596,+1-555-506-7501,Accountant,1,B-,2,2025-09-06 08:02:18
597,citizen_597,citizen_597@example.com,Michael Garcia,+1-555-998-3535,"931 Smart City Ave, Street 4",South District,CTZ-000597,+1-555-516-9932,Technician,1,A+,0,2026-04-08 08:02:18
598,citizen_598,citizen_598@example.com,Robert Jones,+1-555-411-3170,"832 Smart City Ave, Street 27",East District,CTZ-000598,+1-555-126-2596,Accountant,5,B+,0,2025-10-04 08:02:18
599,citizen_599,citizen_599@example.com,Patricia Lopez,+1-555-787-9574,"515 Smart City Ave, Street 16",West District,CTZ-000599,+1-555-309-5977,Accountant,6,A+,2,2026-06-15 08:02:18
600,citizen_600,citizen_600@example.com,Robert Thomas,+1-555-337-3828,"534 Smart City Ave, Street 43",West District,CTZ-000600,+1-555-932-2677,Technician,5,A-,1,2025-09-08 08:02:18
601,citizen_601,citizen_601@example.com,Sarah Wilson,+1-555-375-7613,"253 Smart City Ave, Street 2",Central Zone,CTZ-000601,+1-555-625-4290,Manager,3,B-,2,2026-08-24 08:02:18
602,citizen_602,citizen_602@example.com,Joseph Miller,+1-555-717-2219,"663 Smart City Ave, Street 32",North District,CTZ-000602,+1-555-464-6232,Student,3,AB-,3,2026-01-26 08:02:18
603,citizen_603,citizen_603@example.com,Elizabeth Davis,+1-555-560-3573,"150 Smart City Ave, Street 11",Central Zone,CTZ-000603,+1-555-749-5598,Civil Servant,5,AB+,0,2026-08-19 08:02:18
604,citizen_604,citizen_604@example.com,Jessica Jackson,+1-555-992-6185,"989 Smart City Ave, Street 12",East District,CTZ-000604,+1-555-610-5516,Teacher,1,A-,0,2026-01-21 08:02:18
605,citizen_605,citizen_605@example.com,Elizabeth Moore,+1-555-795-6258,"879 Smart City Ave, Street 13",East District,CTZ-000605,+1-555-327-3097,Manager,1,AB+,1,2025-12-02 08:02:18
606,citizen_606,citizen_606@example.com,Thomas Jackson,+1-555-569-1496,"611 Smart City Ave, Street 36",South District,CTZ-000606,+1-555-203-6297,Architect,3,B+,1,2025-10-08 08:02:18
607,citizen_607,citizen_607@example.com,Mary Gonzalez,+1-555-114-2158,"297 Smart City Ave, Street 7",Central Zone,CTZ-000607,+1-555-761-2822,Manager,3,A+,0,2026-04-21 08:02:18
608,citizen_608,citizen_608@example.com,Mary Martin,+1-555-782-1904,"478 Smart City Ave, Street 2",East District,CTZ-000608,+1-555-522-9521,Accountant,4,AB-,0,2025-09-17 08:02:18
609,citizen_609,citizen_609@example.com,Patricia Garcia,+1-555-161-7011,"306 Smart City Ave, Street 13",West District,CTZ-000609,+1-555-122-2269,Architect,6,A+,2,2026-05-04 08:02:18
610,citizen_610,citizen_610@example.com,Thomas Jones,+1-555-447-4975,"676 Smart City Ave, Street 19",North District,CTZ-000610,+1-555-552-1101,Engineer,4,O+,2,2026-08-29 08:02:18
611,citizen_611,citizen_611@example.com,Richard Smith,+1-555-690-6940,"639 Smart City Ave, Street 44",Industrial Zone,CTZ-000611,+1-555-599-1643,Engineer,2,B-,2,2026-01-13 08:02:18
612,citizen_612,citizen_612@example.com,David Gonzalez,+1-555-261-7153,"608 Smart City Ave, Street 12",Central Zone,CTZ-000612,+1-555-593-8747,Technician,6,AB-,2,2026-06-08 08:02:18
613,citizen_613,citizen_613@example.com,Mary Smith,+1-555-435-3858,"13 Smart City Ave, Street 13",West District,CTZ-000613,+1-555-968-6250,Technician,2,O-,2,2025-12-03 08:02:18
614,citizen_614,citizen_614@example.com,Joseph Jones,+1-555-303-2522,"997 Smart City Ave, Street 12",North District,CTZ-000614,+1-555-984-8891,Teacher,5,O-,3,2026-01-10 08:02:18
615,citizen_615,citizen_615@example.com,Mary Jones,+1-555-933-9130,"588 Smart City Ave, Street 1",North District,CTZ-000615,+1-555-207-2920,Civil Servant,2,A+,2,2025-12-23 08:02:18
616,citizen_616,citizen_616@example.com,James Miller,+1-555-610-2914,"553 Smart City Ave, Street 12",Central Zone,CTZ-000616,+1-555-548-3792,Architect,5,O-,0,2026-07-10 08:02:18
617,citizen_617,citizen_617@example.com,Jennifer Moore,+1-555-231-9699,"602 Smart City Ave, Street 8",West District,CTZ-000617,+1-555-532-2408,Business Owner,5,AB+,1,2026-04-22 08:02:18
618,citizen_618,citizen_618@example.com,Barbara Jones,+1-555-775-2999,"889 Smart City Ave, Street 22",Industrial Zone,CTZ-000618,+1-555-657-9575,Doctor,5,B+,2,2026-05-04 08:02:18
619,citizen_619,citizen_619@example.com,Jessica Williams,+1-555-921-2469,"696 Smart City Ave, Street 46",Central Zone,CTZ-000619,+1-555-844-1354,Doctor,5,B+,3,2025-11-14 08:02:18
620,citizen_620,citizen_620@example.com,Robert Jones,+1-555-235-1207,"879 Smart City Ave, Street 43",West District,CTZ-000620,+1-555-968-1661,Business Owner,1,O-,1,2025-10-29 08:02:18
621,citizen_621,citizen_621@example.com,James Martin,+1-555-315-6308,"387 Smart City Ave, Street 19",South District,CTZ-000621,+1-555-267-4892,Technician,5,B+,1,2026-03-26 08:02:18
622,citizen_622,citizen_622@example.com,Jessica Anderson,+1-555-194-4738,"190 Smart City Ave, Street 7",South District,CTZ-000622,+1-555-769-4266,Civil Servant,5,O+,3,2026-07-29 08:02:18
623,citizen_623,citizen_623@example.com,Patricia Garcia,+1-555-197-3963,"569 Smart City Ave, Street 26",Central Zone,CTZ-000623,+1-555-295-9290,Technician,6,AB+,1,2026-01-06 08:02:18
624,citizen_624,citizen_624@example.com,Linda Thomas,+1-555-806-6413,"565 Smart City Ave, Street 25",Industrial Zone,CTZ-000624,+1-555-612-9910,Manager,2,O+,1,2026-01-03 08:02:18
625,citizen_625,citizen_625@example.com,Barbara Gonzalez,+1-555-819-9644,"757 Smart City Ave, Street 31",North District,CTZ-000625,+1-555-308-2401,Doctor,1,B+,2,2026-08-30 08:02:18
626,citizen_626,citizen_626@example.com,Thomas Jackson,+1-555-909-9539,"684 Smart City Ave, Street 16",West District,CTZ-000626,+1-555-550-4180,Civil Servant,1,O+,0,2025-11-13 08:02:18
627,citizen_627,citizen_627@example.com,Michael Hernandez,+1-555-872-9082,"321 Smart City Ave, Street 46",North District,CTZ-000627,+1-555-973-7032,Student,5,B-,0,2025-12-30 08:02:18
628,citizen_628,citizen_628@example.com,Patricia Williams,+1-555-215-1860,"341 Smart City Ave, Street 4",South District,CTZ-000628,+1-555-903-5094,Engineer,2,O+,0,2025-10-30 08:02:18
629,citizen_629,citizen_629@example.com,Elizabeth Williams,+1-555-266-1311,"351 Smart City Ave, Street 38",West District,CTZ-000629,+1-555-722-5485,Doctor,6,B+,1,2025-12-17 08:02:18
630,citizen_630,citizen_630@example.com,Sarah Johnson,+1-555-436-6984,"593 Smart City Ave, Street 8",Central Zone,CTZ-000630,+1-555-897-9467,Manager,5,AB+,1,2026-02-06 08:02:18
631,citizen_631,citizen_631@example.com,Susan Martin,+1-555-588-9030,"640 Smart City Ave, Street 26",South District,CTZ-000631,+1-555-810-2046,Teacher,6,A-,3,2025-10-22 08:02:18
632,citizen_632,citizen_632@example.com,Richard Jones,+1-555-178-2666,"702 Smart City Ave, Street 41",East District,CTZ-000632,+1-555-552-3526,Engineer,1,B+,3,2025-12-26 08:02:18
633,citizen_633,citizen_633@example.com,Barbara Gonzalez,+1-555-151-4440,"860 Smart City Ave, Street 15",East District,CTZ-000633,+1-555-111-8166,Architect,1,O-,1,2026-05-03 08:02:18
634,citizen_634,citizen_634@example.com,Mary Garcia,+1-555-392-1876,"687 Smart City Ave, Street 42",South District,CTZ-000634,+1-555-818-8576,Manager,2,AB+,1,2026-01-04 08:02:18
635,citizen_635,citizen_635@example.com,Mary Johnson,+1-555-369-3113,"999 Smart City Ave, Street 31",Industrial Zone,CTZ-000635,+1-555-514-7106,Doctor,4,AB+,2,2026-01-21 08:02:18
636,citizen_636,citizen_636@example.com,Joseph Williams,+1-555-105-1816,"47 Smart City Ave, Street 11",North District,CTZ-000636,+1-555-864-7466,Accountant,1,A+,1,2026-01-17 08:02:18
637,citizen_637,citizen_637@example.com,David Smith,+1-555-352-8396,"218 Smart City Ave, Street 4",North District,CTZ-000637,+1-555-321-7466,Business Owner,2,AB+,3,2026-06-22 08:02:18
638,citizen_638,citizen_638@example.com,Sarah Anderson,+1-555-500-6366,"969 Smart City Ave, Street 34",East District,CTZ-000638,+1-555-847-2402,Technician,1,A+,1,2025-12-20 08:02:18
639,citizen_639,citizen_639@example.com,Mary Smith,+1-555-848-1951,"981 Smart City Ave, Street 8",North District,CTZ-000639,+1-555-239-2198,Doctor,6,A-,3,2026-07-28 08:02:18
640,citizen_640,citizen_640@example.com,Jessica Garcia,+1-555-675-9764,"208 Smart City Ave, Street 48",South District,CTZ-000640,+1-555-784-7556,Engineer,4,B+,1,2025-10-04 08:02:18
641,citizen_641,citizen_641@example.com,Linda Garcia,+1-555-955-8380,"915 Smart City Ave, Street 25",North District,CTZ-000641,+1-555-836-4845,Doctor,1,AB-,1,2025-10-09 08:02:18
642,citizen_642,citizen_642@example.com,Mary Jones,+1-555-935-3126,"308 Smart City Ave, Street 46",West District,CTZ-000642,+1-555-419-8931,Student,3,A-,0,2025-09-27 08:02:18
643,citizen_643,citizen_643@example.com,Karen Martinez,+1-555-144-6088,"664 Smart City Ave, Street 29",Industrial Zone,CTZ-000643,+1-555-213-1575,Manager,6,O-,1,2026-03-15 08:02:18
644,citizen_644,citizen_644@example.com,Sarah Miller,+1-555-855-7659,"601 Smart City Ave, Street 44",West District,CTZ-000644,+1-555-903-6362,Business Owner,1,A-,1,2026-04-20 08:02:18
645,citizen_645,citizen_645@example.com,Joseph Gonzalez,+1-555-766-3832,"983 Smart City Ave, Street 42",South District,CTZ-000645,+1-555-749-7521,Manager,3,AB-,3,2026-08-14 08:02:18
646,citizen_646,citizen_646@example.com,Michael Johnson,+1-555-375-2142,"461 Smart City Ave, Street 48",Industrial Zone,CTZ-000646,+1-555-255-1370,Architect,5,A+,1,2026-03-18 08:02:18
647,citizen_647,citizen_647@example.com,Charles Smith,+1-555-822-1949,"737 Smart City Ave, Street 46",South District,CTZ-000647,+1-555-589-1184,Student,1,O+,1,2025-12-25 08:02:18
648,citizen_648,citizen_648@example.com,Karen Hernandez,+1-555-339-6647,"825 Smart City Ave, Street 9",South District,CTZ-000648,+1-555-934-8780,Accountant,2,A+,3,2025-12-07 08:02:18
649,citizen_649,citizen_649@example.com,Jennifer Rodriguez,+1-555-539-1644,"430 Smart City Ave, Street 6",West District,CTZ-000649,+1-555-363-2591,Engineer,3,AB+,3,2026-07-16 08:02:18
650,citizen_650,citizen_650@example.com,Joseph Rodriguez,+1-555-765-3971,"525 Smart City Ave, Street 9",North District,CTZ-000650,+1-555-570-9978,Accountant,2,AB-,1,2026-03-25 08:02:18
651,citizen_651,citizen_651@example.com,Jennifer Johnson,+1-555-547-8392,"302 Smart City Ave, Street 3",North District,CTZ-000651,+1-555-311-1095,Architect,4,AB+,0,2026-08-10 08:02:18
652,citizen_652,citizen_652@example.com,Karen Lopez,+1-555-128-6369,"299 Smart City Ave, Street 31",Central Zone,CTZ-000652,+1-555-135-5706,Technician,1,AB+,2,2026-06-10 08:02:18
653,citizen_653,citizen_653@example.com,Jessica Moore,+1-555-362-5506,"200 Smart City Ave, Street 39",South District,CTZ-000653,+1-555-998-7085,Engineer,5,A-,2,2026-01-22 08:02:18
654,citizen_654,citizen_654@example.com,Jennifer Hernandez,+1-555-223-5945,"887 Smart City Ave, Street 6",Central Zone,CTZ-000654,+1-555-728-1669,Manager,1,AB+,1,2026-03-12 08:02:18
655,citizen_655,citizen_655@example.com,Jessica Martinez,+1-555-195-1855,"962 Smart City Ave, Street 4",North District,CTZ-000655,+1-555-602-1597,Student,5,A-,1,2025-10-26 08:02:18
656,citizen_656,citizen_656@example.com,James Anderson,+1-555-806-9921,"419 Smart City Ave, Street 39",North District,CTZ-000656,+1-555-438-1563,Teacher,2,B+,2,2025-11-23 08:02:18
657,citizen_657,citizen_657@example.com,Richard Hernandez,+1-555-563-1534,"671 Smart City Ave, Street 49",Central Zone,CTZ-000657,+1-555-629-2914,Technician,4,B-,3,2025-12-21 08:02:18
658,citizen_658,citizen_658@example.com,Michael Williams,+1-555-366-4823,"297 Smart City Ave, Street 4",Industrial Zone,CTZ-000658,+1-555-486-8382,Teacher,3,A-,0,2026-07-27 08:02:18
659,citizen_659,citizen_659@example.com,James Gonzalez,+1-555-292-6552,"337 Smart City Ave, Street 22",East District,CTZ-000659,+1-555-821-1578,Manager,2,O+,3,2026-08-06 08:02:18
660,citizen_660,citizen_660@example.com,William Gonzalez,+1-555-446-7959,"288 Smart City Ave, Street 9",North District,CTZ-000660,+1-555-741-3485,Manager,4,O-,3,2025-10-23 08:02:18
661,citizen_661,citizen_661@example.com,William Moore,+1-555-210-9300,"198 Smart City Ave, Street 12",South District,CTZ-000661,+1-555-447-8058,Accountant,6,O-,3,2025-11-25 08:02:18
662,citizen_662,citizen_662@example.com,Joseph Williams,+1-555-687-5949,"731 Smart City Ave, Street 19",South District,CTZ-000662,+1-555-606-8978,Student,2,AB+,2,2026-03-09 08:02:18
663,citizen_663,citizen_663@example.com,Sarah Brown,+1-555-594-1079,"485 Smart City Ave, Street 23",North District,CTZ-000663,+1-555-491-3320,Accountant,3,A+,1,2026-08-21 08:02:18
664,citizen_664,citizen_664@example.com,Jessica Williams,+1-555-694-3907,"461 Smart City Ave, Street 36",South District,CTZ-000664,+1-555-336-9744,Technician,3,AB-,1,2025-10-01 08:02:18
665,citizen_665,citizen_665@example.com,Susan Thomas,+1-555-124-2668,"586 Smart City Ave, Street 48",Industrial Zone,CTZ-000665,+1-555-703-7366,Accountant,4,AB-,0,2026-01-16 08:02:18
666,citizen_666,citizen_666@example.com,Elizabeth Martinez,+1-555-576-7410,"943 Smart City Ave, Street 38",Industrial Zone,CTZ-000666,+1-555-951-7759,Civil Servant,3,B+,1,2026-01-06 08:02:18
667,citizen_667,citizen_667@example.com,Karen Moore,+1-555-741-9459,"440 Smart City Ave, Street 41",South District,CTZ-000667,+1-555-289-8687,Teacher,3,B-,0,2025-12-03 08:02:18
668,citizen_668,citizen_668@example.com,Thomas Moore,+1-555-444-6826,"861 Smart City Ave, Street 34",North District,CTZ-000668,+1-555-428-7130,Student,4,O-,3,2025-10-28 08:02:18
669,citizen_669,citizen_669@example.com,Michael Thomas,+1-555-980-3253,"998 Smart City Ave, Street 40",West District,CTZ-000669,+1-555-412-9840,Civil Servant,1,B-,0,2025-10-05 08:02:18
670,citizen_670,citizen_670@example.com,Joseph Thomas,+1-555-913-3580,"112 Smart City Ave, Street 24",Central Zone,CTZ-000670,+1-555-265-3946,Manager,5,AB+,3,2026-04-19 08:02:18
671,citizen_671,citizen_671@example.com,William Martinez,+1-555-632-8966,"108 Smart City Ave, Street 34",East District,CTZ-000671,+1-555-831-6866,Engineer,3,A-,2,2026-03-01 08:02:18
672,citizen_672,citizen_672@example.com,Jennifer Gonzalez,+1-555-113-1531,"406 Smart City Ave, Street 47",Central Zone,CTZ-000672,+1-555-665-9467,Civil Servant,1,AB-,1,2026-02-26 08:02:18
673,citizen_673,citizen_673@example.com,Thomas Davis,+1-555-351-5671,"11 Smart City Ave, Street 28",South District,CTZ-000673,+1-555-754-9630,Accountant,6,B-,1,2026-07-15 08:02:18
674,citizen_674,citizen_674@example.com,Linda Lopez,+1-555-728-3895,"258 Smart City Ave, Street 43",West District,CTZ-000674,+1-555-618-9490,Teacher,2,A+,0,2026-05-15 08:02:18
675,citizen_675,citizen_675@example.com,Jessica Hernandez,+1-555-470-5291,"404 Smart City Ave, Street 24",Central Zone,CTZ-000675,+1-555-709-2320,Architect,3,O+,0,2026-07-31 08:02:18
676,citizen_676,citizen_676@example.com,Elizabeth Thomas,+1-555-988-3495,"648 Smart City Ave, Street 34",Industrial Zone,CTZ-000676,+1-555-624-6417,Manager,5,AB+,1,2026-02-09 08:02:18
677,citizen_677,citizen_677@example.com,Elizabeth Davis,+1-555-353-5794,"275 Smart City Ave, Street 21",North District,CTZ-000677,+1-555-164-9281,Business Owner,4,AB-,1,2026-08-28 08:02:18
678,citizen_678,citizen_678@example.com,Robert Rodriguez,+1-555-680-2893,"462 Smart City Ave, Street 36",West District,CTZ-000678,+1-555-515-8856,Accountant,4,A-,1,2025-12-20 08:02:18
679,citizen_679,citizen_679@example.com,John Davis,+1-555-865-6554,"204 Smart City Ave, Street 29",South District,CTZ-000679,+1-555-688-1021,Accountant,3,AB-,1,2026-01-04 08:02:18
680,citizen_680,citizen_680@example.com,Patricia Smith,+1-555-406-5479,"819 Smart City Ave, Street 8",Central Zone,CTZ-000680,+1-555-878-4280,Teacher,6,O-,0,2026-08-17 08:02:18
681,citizen_681,citizen_681@example.com,Richard Martinez,+1-555-483-8509,"861 Smart City Ave, Street 25",Central Zone,CTZ-000681,+1-555-401-8438,Business Owner,3,B+,3,2025-11-05 08:02:18
682,citizen_682,citizen_682@example.com,Elizabeth Martinez,+1-555-991-4145,"282 Smart City Ave, Street 13",North District,CTZ-000682,+1-555-414-5806,Technician,4,A-,0,2026-08-14 08:02:18
683,citizen_683,citizen_683@example.com,Barbara Jackson,+1-555-420-3400,"340 Smart City Ave, Street 19",South District,CTZ-000683,+1-555-952-1666,Manager,5,AB-,1,2025-12-14 08:02:18
684,citizen_684,citizen_684@example.com,Joseph Moore,+1-555-756-6165,"878 Smart City Ave, Street 5",Central Zone,CTZ-000684,+1-555-630-2849,Doctor,5,O+,1,2026-07-03 08:02:18
685,citizen_685,citizen_685@example.com,Karen Jones,+1-555-691-6571,"366 Smart City Ave, Street 30",South District,CTZ-000685,+1-555-627-7235,Accountant,2,O-,1,2026-05-27 08:02:18
686,citizen_686,citizen_686@example.com,Patricia Smith,+1-555-821-4605,"40 Smart City Ave, Street 19",Industrial Zone,CTZ-000686,+1-555-958-2650,Engineer,2,B-,3,2026-08-26 08:02:18
687,citizen_687,citizen_687@example.com,David Johnson,+1-555-541-6233,"456 Smart City Ave, Street 39",North District,CTZ-000687,+1-555-651-6440,Accountant,5,B+,1,2026-03-08 08:02:18
688,citizen_688,citizen_688@example.com,Michael Jones,+1-555-415-2374,"767 Smart City Ave, Street 36",South District,CTZ-000688,+1-555-500-6225,Teacher,3,AB+,1,2025-12-28 08:02:18
689,citizen_689,citizen_689@example.com,Linda Davis,+1-555-300-5068,"223 Smart City Ave, Street 32",West District,CTZ-000689,+1-555-125-7089,Doctor,1,A+,0,2026-01-19 08:02:18
690,citizen_690,citizen_690@example.com,James Miller,+1-555-362-9080,"224 Smart City Ave, Street 5",West District,CTZ-000690,+1-555-385-3988,Teacher,2,AB+,1,2026-07-09 08:02:18
691,citizen_691,citizen_691@example.com,Robert Johnson,+1-555-891-7902,"602 Smart City Ave, Street 7",Industrial Zone,CTZ-000691,+1-555-302-8456,Civil Servant,3,B-,0,2025-11-04 08:02:18
692,citizen_692,citizen_692@example.com,Michael Martin,+1-555-738-7402,"858 Smart City Ave, Street 13",East District,CTZ-000692,+1-555-932-8059,Manager,6,O+,3,2026-02-26 08:02:18
693,citizen_693,citizen_693@example.com,Thomas Anderson,+1-555-156-3566,"157 Smart City Ave, Street 34",Industrial Zone,CTZ-000693,+1-555-274-7944,Accountant,3,AB-,3,2026-06-19 08:02:18
694,citizen_694,citizen_694@example.com,Joseph Taylor,+1-555-336-1937,"238 Smart City Ave, Street 41",West District,CTZ-000694,+1-555-757-1529,Teacher,4,O+,1,2026-04-04 08:02:18
695,citizen_695,citizen_695@example.com,Joseph Wilson,+1-555-308-9815,"495 Smart City Ave, Street 26",Central Zone,CTZ-000695,+1-555-834-4518,Doctor,5,O-,0,2026-04-30 08:02:18
696,citizen_696,citizen_696@example.com,Charles Martinez,+1-555-128-1500,"984 Smart City Ave, Street 34",West District,CTZ-000696,+1-555-437-6050,Civil Servant,5,B+,1,2026-07-21 08:02:18
697,citizen_697,citizen_697@example.com,John Gonzalez,+1-555-363-1303,"952 Smart City Ave, Street 41",Central Zone,CTZ-000697,+1-555-252-5965,Doctor,1,B+,2,2026-03-26 08:02:18
698,citizen_698,citizen_698@example.com,Charles Martinez,+1-555-605-9575,"934 Smart City Ave, Street 7",Industrial Zone,CTZ-000698,+1-555-727-8657,Civil Servant,4,A-,3,2026-08-05 08:02:18
699,citizen_699,citizen_699@example.com,Elizabeth Jones,+1-555-539-4235,"707 Smart City Ave, Street 30",Central Zone,CTZ-000699,+1-555-722-8275,Accountant,6,A-,2,2026-05-12 08:02:18
700,citizen_700,citizen_700@example.com,Elizabeth Martin,+1-555-474-8385,"670 Smart City Ave, Street 48",South District,CTZ-000700,+1-555-536-3641,Architect,2,O+,1,2026-03-07 08:02:18
701,citizen_701,citizen_701@example.com,Barbara Davis,+1-555-500-3979,"410 Smart City Ave, Street 40",East District,CTZ-000701,+1-555-250-8042,Student,5,AB-,1,2025-12-14 08:02:18
702,citizen_702,citizen_702@example.com,John Thomas,+1-555-346-5910,"924 Smart City Ave, Street 23",West District,CTZ-000702,+1-555-797-5919,Accountant,2,A-,0,2026-04-02 08:02:18
703,citizen_703,citizen_703@example.com,Joseph Lopez,+1-555-401-3698,"258 Smart City Ave, Street 43",South District,CTZ-000703,+1-555-349-5913,Doctor,3,A-,1,2026-07-18 08:02:18
704,citizen_704,citizen_704@example.com,Michael Garcia,+1-555-602-1111,"642 Smart City Ave, Street 47",West District,CTZ-000704,+1-555-505-9631,Accountant,4,AB-,3,2026-07-26 08:02:18
705,citizen_705,citizen_705@example.com,Elizabeth Smith,+1-555-364-1770,"93 Smart City Ave, Street 30",West District,CTZ-000705,+1-555-260-5024,Accountant,1,B+,1,2026-02-03 08:02:18
706,citizen_706,citizen_706@example.com,Robert Johnson,+1-555-844-1957,"433 Smart City Ave, Street 32",South District,CTZ-000706,+1-555-198-9116,Technician,1,A+,0,2026-07-22 08:02:18
707,citizen_707,citizen_707@example.com,Sarah Garcia,+1-555-992-9086,"383 Smart City Ave, Street 33",South District,CTZ-000707,+1-555-208-5503,Manager,5,AB+,1,2026-02-14 08:02:18
708,citizen_708,citizen_708@example.com,Robert Gonzalez,+1-555-677-6299,"863 Smart City Ave, Street 37",West District,CTZ-000708,+1-555-672-1271,Manager,4,AB+,1,2025-12-20 08:02:18
709,citizen_709,citizen_709@example.com,Susan Martin,+1-555-145-2001,"801 Smart City Ave, Street 25",West District,CTZ-000709,+1-555-140-6772,Student,3,B+,2,2026-04-01 08:02:18
710,citizen_710,citizen_710@example.com,David Anderson,+1-555-690-3510,"79 Smart City Ave, Street 34",Industrial Zone,CTZ-000710,+1-555-484-9346,Business Owner,1,O+,1,2026-05-14 08:02:18
711,citizen_711,citizen_711@example.com,Jessica Williams,+1-555-961-6057,"167 Smart City Ave, Street 34",Industrial Zone,CTZ-000711,+1-555-238-8630,Civil Servant,4,AB-,1,2026-08-30 08:02:18
712,citizen_712,citizen_712@example.com,Patricia Rodriguez,+1-555-833-1151,"753 Smart City Ave, Street 25",West District,CTZ-000712,+1-555-309-3390,Technician,2,B-,1,2026-03-11 08:02:18
713,citizen_713,citizen_713@example.com,Mary Johnson,+1-555-275-7279,"98 Smart City Ave, Street 18",Industrial Zone,CTZ-000713,+1-555-147-1998,Civil Servant,4,O+,1,2026-04-30 08:02:18
714,citizen_714,citizen_714@example.com,Karen Rodriguez,+1-555-683-6796,"884 Smart City Ave, Street 48",West District,CTZ-000714,+1-555-137-8337,Teacher,2,A+,2,2026-04-30 08:02:18
715,citizen_715,citizen_715@example.com,Susan Gonzalez,+1-555-207-5817,"155 Smart City Ave, Street 34",Industrial Zone,CTZ-000715,+1-555-552-7801,Manager,4,B-,1,2026-03-29 08:02:18
716,citizen_716,citizen_716@example.com,John Anderson,+1-555-731-3442,"204 Smart City Ave, Street 7",Central Zone,CTZ-000716,+1-555-482-1735,Teacher,2,B+,1,2026-03-22 08:02:18
717,citizen_717,citizen_717@example.com,Barbara Miller,+1-555-717-8244,"670 Smart City Ave, Street 21",North District,CTZ-000717,+1-555-461-9472,Civil Servant,1,B-,0,2026-06-10 08:02:18
718,citizen_718,citizen_718@example.com,Sarah Lopez,+1-555-652-1021,"552 Smart City Ave, Street 5",East District,CTZ-000718,+1-555-933-7757,Student,2,A+,1,2025-12-18 08:02:18
719,citizen_719,citizen_719@example.com,Thomas Hernandez,+1-555-152-3334,"856 Smart City Ave, Street 43",Industrial Zone,CTZ-000719,+1-555-204-4131,Business Owner,5,A-,1,2026-04-25 08:02:18
720,citizen_720,citizen_720@example.com,Jennifer Lopez,+1-555-303-9917,"273 Smart City Ave, Street 17",North District,CTZ-000720,+1-555-351-7551,Engineer,6,AB+,0,2026-05-15 08:02:18
721,citizen_721,citizen_721@example.com,Robert Thomas,+1-555-845-9394,"661 Smart City Ave, Street 50",West District,CTZ-000721,+1-555-853-8502,Technician,6,B+,1,2026-03-18 08:02:18
722,citizen_722,citizen_722@example.com,Susan Martinez,+1-555-316-8273,"617 Smart City Ave, Street 21",East District,CTZ-000722,+1-555-700-9560,Technician,1,O+,3,2026-08-18 08:02:18
723,citizen_723,citizen_723@example.com,Michael Taylor,+1-555-775-1675,"206 Smart City Ave, Street 11",East District,CTZ-000723,+1-555-873-2195,Student,1,O+,1,2026-03-13 08:02:18
724,citizen_724,citizen_724@example.com,William Miller,+1-555-515-9515,"23 Smart City Ave, Street 38",South District,CTZ-000724,+1-555-925-1828,Manager,4,B+,1,2025-10-07 08:02:18
725,citizen_725,citizen_725@example.com,John Anderson,+1-555-241-4502,"989 Smart City Ave, Street 24",North District,CTZ-000725,+1-555-248-8551,Engineer,3,B+,1,2026-05-31 08:02:18
726,citizen_726,citizen_726@example.com,John Thomas,+1-555-559-3506,"762 Smart City Ave, Street 48",East District,CTZ-000726,+1-555-727-5386,Engineer,1,AB+,1,2026-05-16 08:02:18
727,citizen_727,citizen_727@example.com,Susan Anderson,+1-555-771-1335,"880 Smart City Ave, Street 46",North District,CTZ-000727,+1-555-448-3582,Technician,1,O-,1,2025-09-07 08:02:18
728,citizen_728,citizen_728@example.com,Michael Lopez,+1-555-522-5586,"756 Smart City Ave, Street 11",South District,CTZ-000728,+1-555-547-5577,Engineer,6,B-,1,2025-12-21 08:02:18
729,citizen_729,citizen_729@example.com,William Davis,+1-555-873-8072,"886 Smart City Ave, Street 24",East District,CTZ-000729,+1-555-943-9555,Business Owner,1,A-,1,2026-07-10 08:02:18
730,citizen_730,citizen_730@example.com,Barbara Anderson,+1-555-830-3051,"894 Smart City Ave, Street 26",West District,CTZ-000730,+1-555-134-1123,Teacher,5,A-,0,2026-02-21 08:02:18
731,citizen_731,citizen_731@example.com,Jennifer Williams,+1-555-668-4804,"315 Smart City Ave, Street 8",West District,CTZ-000731,+1-555-468-4796,Engineer,5,A-,2,2026-04-21 08:02:18
732,citizen_732,citizen_732@example.com,Jessica Johnson,+1-555-744-8918,"532 Smart City Ave, Street 33",West District,CTZ-000732,+1-555-449-4205,Business Owner,1,B-,2,2026-06-18 08:02:18
733,citizen_733,citizen_733@example.com,Mary Wilson,+1-555-858-2501,"202 Smart City Ave, Street 36",Central Zone,CTZ-000733,+1-555-876-2585,Business Owner,6,A+,0,2026-02-11 08:02:18
734,citizen_734,citizen_734@example.com,Michael Brown,+1-555-276-8742,"861 Smart City Ave, Street 42",Central Zone,CTZ-000734,+1-555-914-3719,Business Owner,5,B+,0,2026-08-11 08:02:18
735,citizen_735,citizen_735@example.com,James Martinez,+1-555-856-5607,"701 Smart City Ave, Street 19",South District,CTZ-000735,+1-555-451-2853,Teacher,2,AB+,1,2026-05-08 08:02:18
736,citizen_736,citizen_736@example.com,Barbara Jones,+1-555-883-4431,"143 Smart City Ave, Street 27",South District,CTZ-000736,+1-555-256-9234,Manager,6,AB+,0,2026-03-07 08:02:18
737,citizen_737,citizen_737@example.com,Richard Hernandez,+1-555-448-4888,"83 Smart City Ave, Street 32",West District,CTZ-000737,+1-555-928-3260,Technician,2,B-,3,2026-07-18 08:02:18
738,citizen_738,citizen_738@example.com,Thomas Thomas,+1-555-315-1408,"385 Smart City Ave, Street 30",West District,CTZ-000738,+1-555-706-9660,Architect,3,AB+,1,2025-12-10 08:02:18
739,citizen_739,citizen_739@example.com,David Taylor,+1-555-521-4774,"336 Smart City Ave, Street 38",East District,CTZ-000739,+1-555-626-5821,Accountant,6,A-,2,2026-04-12 08:02:18
740,citizen_740,citizen_740@example.com,Thomas Moore,+1-555-143-3021,"689 Smart City Ave, Street 4",Industrial Zone,CTZ-000740,+1-555-571-5000,Doctor,1,AB+,3,2026-09-01 08:02:18
741,citizen_741,citizen_741@example.com,William Jackson,+1-555-269-2913,"727 Smart City Ave, Street 40",Central Zone,CTZ-000741,+1-555-738-1937,Doctor,1,A+,1,2026-05-20 08:02:18
742,citizen_742,citizen_742@example.com,Thomas Brown,+1-555-189-2928,"876 Smart City Ave, Street 14",South District,CTZ-000742,+1-555-466-2938,Technician,2,B-,1,2026-06-14 08:02:18
743,citizen_743,citizen_743@example.com,Robert Hernandez,+1-555-419-8965,"900 Smart City Ave, Street 48",North District,CTZ-000743,+1-555-122-8170,Teacher,6,O+,2,2026-08-31 08:02:18
744,citizen_744,citizen_744@example.com,Thomas Jones,+1-555-897-2087,"168 Smart City Ave, Street 30",West District,CTZ-000744,+1-555-694-1167,Business Owner,6,A-,1,2026-07-19 08:02:18
745,citizen_745,citizen_745@example.com,William Lopez,+1-555-473-5177,"809 Smart City Ave, Street 3",South District,CTZ-000745,+1-555-741-2899,Manager,6,A+,1,2025-09-30 08:02:18
746,citizen_746,citizen_746@example.com,Sarah Johnson,+1-555-793-7183,"462 Smart City Ave, Street 29",East District,CTZ-000746,+1-555-356-3629,Manager,5,B-,1,2026-06-12 08:02:18
747,citizen_747,citizen_747@example.com,Mary Thomas,+1-555-246-9095,"754 Smart City Ave, Street 16",Central Zone,CTZ-000747,+1-555-862-2558,Accountant,1,O+,0,2025-10-09 08:02:18
748,citizen_748,citizen_748@example.com,Charles Martin,+1-555-612-1204,"222 Smart City Ave, Street 24",South District,CTZ-000748,+1-555-289-1257,Accountant,2,O+,2,2026-06-23 08:02:18
749,citizen_749,citizen_749@example.com,Linda Smith,+1-555-478-6819,"693 Smart City Ave, Street 35",Industrial Zone,CTZ-000749,+1-555-522-6908,Civil Servant,4,A-,0,2026-07-25 08:02:18
750,citizen_750,citizen_750@example.com,Robert Lopez,+1-555-212-3567,"556 Smart City Ave, Street 47",Industrial Zone,CTZ-000750,+1-555-888-8593,Business Owner,2,A-,3,2026-03-22 08:02:18
751,citizen_751,citizen_751@example.com,Joseph Thomas,+1-555-470-4004,"189 Smart City Ave, Street 37",South District,CTZ-000751,+1-555-883-8664,Technician,1,B-,0,2025-12-19 08:02:18
752,citizen_752,citizen_752@example.com,John Miller,+1-555-610-9673,"811 Smart City Ave, Street 37",South District,CTZ-000752,+1-555-453-9072,Doctor,5,B+,1,2026-04-16 08:02:18
753,citizen_753,citizen_753@example.com,Mary Martinez,+1-555-411-8495,"459 Smart City Ave, Street 5",South District,CTZ-000753,+1-555-273-1293,Engineer,4,AB-,1,2025-11-10 08:02:18
754,citizen_754,citizen_754@example.com,Patricia Hernandez,+1-555-376-1070,"235 Smart City Ave, Street 30",West District,CTZ-000754,+1-555-250-1818,Civil Servant,6,O+,1,2026-01-22 08:02:18
755,citizen_755,citizen_755@example.com,Thomas Davis,+1-555-433-6967,"719 Smart City Ave, Street 14",Central Zone,CTZ-000755,+1-555-111-9309,Civil Servant,1,O-,1,2025-12-27 08:02:18
756,citizen_756,citizen_756@example.com,Susan Garcia,+1-555-555-3886,"692 Smart City Ave, Street 29",Industrial Zone,CTZ-000756,+1-555-587-3911,Teacher,1,AB-,2,2026-03-02 08:02:18
757,citizen_757,citizen_757@example.com,William Miller,+1-555-993-5955,"158 Smart City Ave, Street 38",Industrial Zone,CTZ-000757,+1-555-690-5983,Student,4,AB-,1,2025-09-25 08:02:18
758,citizen_758,citizen_758@example.com,Mary Taylor,+1-555-354-9303,"262 Smart City Ave, Street 32",North District,CTZ-000758,+1-555-754-4276,Accountant,2,O-,2,2026-02-21 08:02:18
759,citizen_759,citizen_759@example.com,Joseph Wilson,+1-555-772-2130,"833 Smart City Ave, Street 17",Central Zone,CTZ-000759,+1-555-245-4622,Technician,5,O+,3,2025-10-08 08:02:18
760,citizen_760,citizen_760@example.com,John Gonzalez,+1-555-473-8399,"943 Smart City Ave, Street 8",West District,CTZ-000760,+1-555-642-9201,Doctor,5,A+,1,2025-11-17 08:02:18
761,citizen_761,citizen_761@example.com,Charles Davis,+1-555-333-8084,"448 Smart City Ave, Street 35",North District,CTZ-000761,+1-555-748-5910,Doctor,6,B-,1,2026-06-24 08:02:18
762,citizen_762,citizen_762@example.com,Elizabeth Jackson,+1-555-351-3283,"472 Smart City Ave, Street 46",Industrial Zone,CTZ-000762,+1-555-589-3316,Teacher,4,O+,3,2026-03-12 08:02:18
763,citizen_763,citizen_763@example.com,Michael Gonzalez,+1-555-143-7708,"648 Smart City Ave, Street 49",North District,CTZ-000763,+1-555-312-4327,Accountant,3,A+,2,2026-06-28 08:02:18
764,citizen_764,citizen_764@example.com,Michael Wilson,+1-555-109-6704,"908 Smart City Ave, Street 13",Central Zone,CTZ-000764,+1-555-733-3081,Manager,2,AB-,1,2026-05-01 08:02:18
765,citizen_765,citizen_765@example.com,John Anderson,+1-555-498-2010,"701 Smart City Ave, Street 17",West District,CTZ-000765,+1-555-181-6127,Civil Servant,3,A+,3,2026-02-10 08:02:18
766,citizen_766,citizen_766@example.com,Karen Taylor,+1-555-197-5807,"397 Smart City Ave, Street 50",West District,CTZ-000766,+1-555-318-1740,Student,3,AB+,0,2025-12-18 08:02:18
767,citizen_767,citizen_767@example.com,Barbara Brown,+1-555-608-9456,"978 Smart City Ave, Street 10",South District,CTZ-000767,+1-555-128-6605,Doctor,3,A-,0,2026-05-22 08:02:18
768,citizen_768,citizen_768@example.com,Robert Garcia,+1-555-787-8391,"140 Smart City Ave, Street 4",South District,CTZ-000768,+1-555-947-9743,Business Owner,1,AB-,3,2026-04-19 08:02:18
769,citizen_769,citizen_769@example.com,Barbara Taylor,+1-555-323-8223,"255 Smart City Ave, Street 50",North District,CTZ-000769,+1-555-555-7889,Architect,1,O-,1,2026-07-30 08:02:18
770,citizen_770,citizen_770@example.com,Michael Brown,+1-555-490-7111,"932 Smart City Ave, Street 9",West District,CTZ-000770,+1-555-372-4488,Doctor,4,B-,2,2026-01-12 08:02:18
771,citizen_771,citizen_771@example.com,Karen Smith,+1-555-888-6579,"483 Smart City Ave, Street 26",West District,CTZ-000771,+1-555-240-9989,Doctor,6,AB-,2,2025-11-04 08:02:18
772,citizen_772,citizen_772@example.com,David Gonzalez,+1-555-830-5039,"181 Smart City Ave, Street 9",South District,CTZ-000772,+1-555-254-5353,Student,3,B-,3,2026-05-01 08:02:18
773,citizen_773,citizen_773@example.com,James Hernandez,+1-555-995-3305,"13 Smart City Ave, Street 15",East District,CTZ-000773,+1-555-477-8194,Accountant,6,O+,2,2026-03-04 08:02:18
774,citizen_774,citizen_774@example.com,Patricia Rodriguez,+1-555-247-1629,"308 Smart City Ave, Street 46",East District,CTZ-000774,+1-555-591-1627,Accountant,6,O+,1,2025-10-06 08:02:18
775,citizen_775,citizen_775@example.com,Jennifer Thomas,+1-555-699-7700,"355 Smart City Ave, Street 4",North District,CTZ-000775,+1-555-203-1587,Doctor,2,O+,3,2026-05-31 08:02:18
776,citizen_776,citizen_776@example.com,Mary Taylor,+1-555-816-4671,"84 Smart City Ave, Street 19",Industrial Zone,CTZ-000776,+1-555-572-4467,Manager,4,O-,0,2025-09-21 08:02:18
777,citizen_777,citizen_777@example.com,David Martin,+1-555-435-9882,"879 Smart City Ave, Street 10",Industrial Zone,CTZ-000777,+1-555-622-5386,Business Owner,3,A-,3,2026-03-03 08:02:18
778,citizen_778,citizen_778@example.com,Joseph Rodriguez,+1-555-337-8156,"466 Smart City Ave, Street 14",Industrial Zone,CTZ-000778,+1-555-158-9902,Architect,1,A-,1,2026-01-24 08:02:18
779,citizen_779,citizen_779@example.com,Jessica Smith,+1-555-665-1875,"189 Smart City Ave, Street 6",Central Zone,CTZ-000779,+1-555-177-9504,Engineer,2,B+,3,2026-06-04 08:02:18
780,citizen_780,citizen_780@example.com,Joseph Martinez,+1-555-845-7144,"642 Smart City Ave, Street 34",North District,CTZ-000780,+1-555-921-8676,Accountant,2,A+,2,2026-07-14 08:02:18
781,citizen_781,citizen_781@example.com,Michael Anderson,+1-555-614-8406,"697 Smart City Ave, Street 41",North District,CTZ-000781,+1-555-486-5897,Engineer,6,O-,0,2026-07-06 08:02:18
782,citizen_782,citizen_782@example.com,Charles Thomas,+1-555-162-4084,"428 Smart City Ave, Street 12",South District,CTZ-000782,+1-555-488-3874,Business Owner,3,A+,1,2026-04-29 08:02:18
783,citizen_783,citizen_783@example.com,Patricia Martinez,+1-555-634-2167,"443 Smart City Ave, Street 23",North District,CTZ-000783,+1-555-490-8214,Engineer,6,A+,1,2026-04-02 08:02:18
784,citizen_784,citizen_784@example.com,David Gonzalez,+1-555-345-4586,"577 Smart City Ave, Street 29",East District,CTZ-000784,+1-555-556-1190,Teacher,5,O+,2,2026-05-28 08:02:18
785,citizen_785,citizen_785@example.com,Patricia Moore,+1-555-807-2926,"456 Smart City Ave, Street 17",West District,CTZ-000785,+1-555-604-1767,Teacher,1,O+,1,2026-03-24 08:02:18
786,citizen_786,citizen_786@example.com,Sarah Thomas,+1-555-840-4900,"564 Smart City Ave, Street 17",Industrial Zone,CTZ-000786,+1-555-985-3314,Technician,6,AB-,2,2025-09-23 08:02:18
787,citizen_787,citizen_787@example.com,Michael Anderson,+1-555-664-5969,"131 Smart City Ave, Street 30",North District,CTZ-000787,+1-555-389-6758,Teacher,4,O-,2,2026-08-18 08:02:18
788,citizen_788,citizen_788@example.com,James Martinez,+1-555-273-4356,"734 Smart City Ave, Street 9",South District,CTZ-000788,+1-555-524-7558,Architect,2,A-,3,2025-09-09 08:02:18
789,citizen_789,citizen_789@example.com,Elizabeth Wilson,+1-555-429-4372,"402 Smart City Ave, Street 3",Central Zone,CTZ-000789,+1-555-416-6395,Civil Servant,6,AB+,3,2026-03-09 08:02:18
790,citizen_790,citizen_790@example.com,Robert Martinez,+1-555-107-9940,"238 Smart City Ave, Street 1",West District,CTZ-000790,+1-555-855-9152,Teacher,5,O+,1,2025-11-22 08:02:18
791,citizen_791,citizen_791@example.com,Patricia Wilson,+1-555-216-9833,"647 Smart City Ave, Street 44",North District,CTZ-000791,+1-555-999-9759,Manager,6,A+,3,2026-06-10 08:02:18
792,citizen_792,citizen_792@example.com,William Rodriguez,+1-555-431-6921,"820 Smart City Ave, Street 2",Industrial Zone,CTZ-000792,+1-555-427-3004,Technician,2,AB+,1,2026-01-16 08:02:18
793,citizen_793,citizen_793@example.com,Susan Lopez,+1-555-770-9522,"923 Smart City Ave, Street 47",West District,CTZ-000793,+1-555-154-6995,Business Owner,4,AB+,1,2025-11-01 08:02:18
794,citizen_794,citizen_794@example.com,James Jackson,+1-555-489-3457,"606 Smart City Ave, Street 43",North District,CTZ-000794,+1-555-901-8716,Civil Servant,1,B-,0,2026-03-18 08:02:18
795,citizen_795,citizen_795@example.com,Karen Garcia,+1-555-618-9486,"258 Smart City Ave, Street 15",East District,CTZ-000795,+1-555-900-5343,Accountant,6,O+,1,2026-02-19 08:02:18
796,citizen_796,citizen_796@example.com,Thomas Martin,+1-555-146-7703,"915 Smart City Ave, Street 23",East District,CTZ-000796,+1-555-555-3272,Business Owner,6,AB-,2,2026-07-21 08:02:18
797,citizen_797,citizen_797@example.com,David Rodriguez,+1-555-930-4508,"129 Smart City Ave, Street 27",Central Zone,CTZ-000797,+1-555-894-1018,Accountant,3,AB-,1,2026-01-30 08:02:18
798,citizen_798,citizen_798@example.com,Jennifer Williams,+1-555-257-4029,"965 Smart City Ave, Street 17",Central Zone,CTZ-000798,+1-555-303-3643,Engineer,2,O+,3,2026-02-10 08:02:18
799,citizen_799,citizen_799@example.com,Richard Garcia,+1-555-352-7139,"718 Smart City Ave, Street 14",West District,CTZ-000799,+1-555-127-3394,Teacher,4,B+,2,2025-11-02 08:02:18
800,citizen_800,citizen_800@example.com,Jennifer Brown,+1-555-721-8948,"606 Smart City Ave, Street 31",South District,CTZ-000800,+1-555-809-3646,Technician,3,B-,0,2026-05-11 08:02:18
801,citizen_801,citizen_801@example.com,Susan Gonzalez,+1-555-800-2861,"263 Smart City Ave, Street 31",Central Zone,CTZ-000801,+1-555-165-9682,Accountant,1,A-,1,2026-05-20 08:02:18
802,citizen_802,citizen_802@example.com,Barbara Smith,+1-555-226-6091,"271 Smart City Ave, Street 46",North District,CTZ-000802,+1-555-220-6892,Engineer,1,O+,1,2026-08-30 08:02:18
803,citizen_803,citizen_803@example.com,Thomas Brown,+1-555-427-7483,"987 Smart City Ave, Street 25",East District,CTZ-000803,+1-555-291-8363,Technician,1,B+,1,2025-12-10 08:02:18
804,citizen_804,citizen_804@example.com,Elizabeth Smith,+1-555-640-8047,"738 Smart City Ave, Street 22",West District,CTZ-000804,+1-555-356-6320,Doctor,1,A+,0,2026-08-12 08:02:18
805,citizen_805,citizen_805@example.com,Jessica Williams,+1-555-780-6654,"868 Smart City Ave, Street 26",East District,CTZ-000805,+1-555-818-9335,Manager,3,AB-,3,2026-03-18 08:02:18
806,citizen_806,citizen_806@example.com,Jennifer Lopez,+1-555-289-4534,"689 Smart City Ave, Street 16",Central Zone,CTZ-000806,+1-555-930-6387,Accountant,5,AB-,1,2026-05-03 08:02:18
807,citizen_807,citizen_807@example.com,Robert Miller,+1-555-737-2072,"756 Smart City Ave, Street 2",North District,CTZ-000807,+1-555-605-9085,Business Owner,1,AB+,1,2026-01-18 08:02:18
808,citizen_808,citizen_808@example.com,Richard Brown,+1-555-358-8272,"618 Smart City Ave, Street 19",South District,CTZ-000808,+1-555-356-8260,Student,4,AB+,1,2026-02-24 08:02:18
809,citizen_809,citizen_809@example.com,Michael Johnson,+1-555-485-9755,"570 Smart City Ave, Street 42",West District,CTZ-000809,+1-555-820-9209,Engineer,3,AB+,0,2026-08-19 08:02:18
810,citizen_810,citizen_810@example.com,Jessica Johnson,+1-555-760-9808,"505 Smart City Ave, Street 33",South District,CTZ-000810,+1-555-186-9078,Business Owner,4,O+,2,2025-12-22 08:02:18
811,citizen_811,citizen_811@example.com,Patricia Williams,+1-555-948-2802,"561 Smart City Ave, Street 20",Central Zone,CTZ-000811,+1-555-190-4570,Architect,5,A+,2,2026-05-06 08:02:18
812,citizen_812,citizen_812@example.com,Barbara Rodriguez,+1-555-382-5279,"413 Smart City Ave, Street 47",Central Zone,CTZ-000812,+1-555-415-8709,Teacher,6,AB-,1,2026-01-29 08:02:18
813,citizen_813,citizen_813@example.com,Michael Brown,+1-555-590-2664,"475 Smart City Ave, Street 42",Industrial Zone,CTZ-000813,+1-555-400-4057,Teacher,3,O-,0,2026-02-26 08:02:18
814,citizen_814,citizen_814@example.com,Richard Garcia,+1-555-426-5404,"159 Smart City Ave, Street 22",West District,CTZ-000814,+1-555-741-2135,Engineer,1,O-,2,2026-03-16 08:02:18
815,citizen_815,citizen_815@example.com,Barbara Garcia,+1-555-711-1324,"777 Smart City Ave, Street 14",Central Zone,CTZ-000815,+1-555-801-9979,Student,2,B+,2,2026-02-18 08:02:18
816,citizen_816,citizen_816@example.com,Karen Taylor,+1-555-228-9397,"854 Smart City Ave, Street 46",East District,CTZ-000816,+1-555-349-8796,Manager,6,B+,1,2026-01-06 08:02:18
817,citizen_817,citizen_817@example.com,Robert Rodriguez,+1-555-914-8248,"289 Smart City Ave, Street 24",South District,CTZ-000817,+1-555-625-4775,Accountant,6,O-,1,2025-12-30 08:02:18
818,citizen_818,citizen_818@example.com,Jennifer Moore,+1-555-840-4039,"150 Smart City Ave, Street 34",Central Zone,CTZ-000818,+1-555-463-4696,Manager,3,O-,3,2026-06-21 08:02:18
819,citizen_819,citizen_819@example.com,Elizabeth Davis,+1-555-352-6587,"910 Smart City Ave, Street 30",North District,CTZ-000819,+1-555-731-6816,Technician,1,O+,3,2025-11-16 08:02:18
820,citizen_820,citizen_820@example.com,Michael Gonzalez,+1-555-164-4805,"164 Smart City Ave, Street 37",South District,CTZ-000820,+1-555-289-5217,Manager,2,A+,1,2025-09-12 08:02:18
821,citizen_821,citizen_821@example.com,John Martinez,+1-555-662-4331,"556 Smart City Ave, Street 33",Industrial Zone,CTZ-000821,+1-555-931-2898,Engineer,4,A-,3,2026-06-05 08:02:18
822,citizen_822,citizen_822@example.com,Mary Hernandez,+1-555-263-8582,"723 Smart City Ave, Street 42",North District,CTZ-000822,+1-555-925-5431,Manager,2,B+,3,2025-12-02 08:02:18
823,citizen_823,citizen_823@example.com,Karen Williams,+1-555-954-2528,"385 Smart City Ave, Street 47",Industrial Zone,CTZ-000823,+1-555-653-4306,Manager,1,AB+,2,2025-12-29 08:02:18
824,citizen_824,citizen_824@example.com,Karen Wilson,+1-555-595-6476,"207 Smart City Ave, Street 44",East District,CTZ-000824,+1-555-840-5922,Doctor,1,A-,3,2025-09-18 08:02:18
825,citizen_825,citizen_825@example.com,Patricia Thomas,+1-555-568-9522,"630 Smart City Ave, Street 11",West District,CTZ-000825,+1-555-298-8487,Student,5,B-,1,2026-08-10 08:02:18
826,citizen_826,citizen_826@example.com,Barbara Taylor,+1-555-138-7778,"246 Smart City Ave, Street 48",North District,CTZ-000826,+1-555-981-8422,Accountant,2,A-,2,2026-05-30 08:02:18
827,citizen_827,citizen_827@example.com,Linda Wilson,+1-555-625-7262,"54 Smart City Ave, Street 5",Central Zone,CTZ-000827,+1-555-604-7364,Technician,5,B+,2,2026-01-16 08:02:18
828,citizen_828,citizen_828@example.com,Sarah Garcia,+1-555-305-9233,"698 Smart City Ave, Street 33",South District,CTZ-000828,+1-555-284-1973,Student,2,O+,3,2026-03-17 08:02:18
829,citizen_829,citizen_829@example.com,Sarah Martinez,+1-555-929-7019,"593 Smart City Ave, Street 2",South District,CTZ-000829,+1-555-987-1459,Student,4,O-,1,2025-10-31 08:02:18
830,citizen_830,citizen_830@example.com,Susan Anderson,+1-555-564-9223,"80 Smart City Ave, Street 37",North District,CTZ-000830,+1-555-111-6279,Accountant,6,AB-,1,2025-12-27 08:02:18
831,citizen_831,citizen_831@example.com,Jessica Brown,+1-555-523-1857,"296 Smart City Ave, Street 29",West District,CTZ-000831,+1-555-281-3039,Accountant,4,A+,2,2026-02-22 08:02:18
832,citizen_832,citizen_832@example.com,James Thomas,+1-555-885-8155,"783 Smart City Ave, Street 13",Central Zone,CTZ-000832,+1-555-953-7395,Doctor,5,B-,2,2025-10-05 08:02:18
833,citizen_833,citizen_833@example.com,Robert Moore,+1-555-697-9407,"554 Smart City Ave, Street 9",Central Zone,CTZ-000833,+1-555-741-4713,Technician,2,B-,1,2026-03-07 08:02:18
834,citizen_834,citizen_834@example.com,Charles Smith,+1-555-571-1919,"474 Smart City Ave, Street 38",Central Zone,CTZ-000834,+1-555-867-9269,Accountant,6,B+,2,2025-09-05 08:02:18
835,citizen_835,citizen_835@example.com,William Davis,+1-555-586-9670,"692 Smart City Ave, Street 6",Industrial Zone,CTZ-000835,+1-555-651-3541,Teacher,2,AB-,0,2026-01-22 08:02:18
836,citizen_836,citizen_836@example.com,David Jones,+1-555-599-6813,"973 Smart City Ave, Street 2",Central Zone,CTZ-000836,+1-555-530-2331,Business Owner,6,AB+,0,2026-05-21 08:02:18
837,citizen_837,citizen_837@example.com,Robert Gonzalez,+1-555-525-7289,"108 Smart City Ave, Street 10",Central Zone,CTZ-000837,+1-555-855-7429,Technician,3,A+,1,2026-08-19 08:02:18
838,citizen_838,citizen_838@example.com,Richard Martinez,+1-555-136-9854,"504 Smart City Ave, Street 27",West District,CTZ-000838,+1-555-371-6613,Engineer,3,A+,0,2026-07-23 08:02:18
839,citizen_839,citizen_839@example.com,Jessica Rodriguez,+1-555-888-2543,"778 Smart City Ave, Street 35",East District,CTZ-000839,+1-555-122-7595,Technician,1,AB+,3,2026-04-18 08:02:18
840,citizen_840,citizen_840@example.com,James Williams,+1-555-571-5509,"281 Smart City Ave, Street 27",North District,CTZ-000840,+1-555-572-4540,Student,6,O+,1,2025-10-13 08:02:18
841,citizen_841,citizen_841@example.com,Susan Jackson,+1-555-798-8393,"140 Smart City Ave, Street 36",East District,CTZ-000841,+1-555-629-6191,Technician,3,A+,1,2026-06-16 08:02:18
842,citizen_842,citizen_842@example.com,Robert Hernandez,+1-555-144-2621,"922 Smart City Ave, Street 47",East District,CTZ-000842,+1-555-388-2724,Architect,6,AB-,0,2026-03-28 08:02:18
843,citizen_843,citizen_843@example.com,James Wilson,+1-555-611-9138,"305 Smart City Ave, Street 38",Central Zone,CTZ-000843,+1-555-265-8122,Technician,2,AB-,2,2025-11-20 08:02:18
844,citizen_844,citizen_844@example.com,Karen Smith,+1-555-876-3631,"652 Smart City Ave, Street 50",Industrial Zone,CTZ-000844,+1-555-788-6963,Business Owner,1,AB+,0,2026-04-10 08:02:18
845,citizen_845,citizen_845@example.com,Elizabeth Hernandez,+1-555-899-6673,"950 Smart City Ave, Street 39",East District,CTZ-000845,+1-555-124-8967,Teacher,1,B+,1,2025-11-22 08:02:18
846,citizen_846,citizen_846@example.com,Jessica Wilson,+1-555-410-9694,"372 Smart City Ave, Street 37",Central Zone,CTZ-000846,+1-555-655-4763,Student,3,AB-,3,2025-10-18 08:02:18
847,citizen_847,citizen_847@example.com,James Moore,+1-555-587-8695,"951 Smart City Ave, Street 8",East District,CTZ-000847,+1-555-448-4149,Architect,5,B-,3,2026-05-17 08:02:18
848,citizen_848,citizen_848@example.com,Richard Williams,+1-555-450-2472,"782 Smart City Ave, Street 24",North District,CTZ-000848,+1-555-330-6368,Engineer,6,A-,0,2026-04-12 08:02:18
849,citizen_849,citizen_849@example.com,Susan Smith,+1-555-288-5210,"874 Smart City Ave, Street 17",West District,CTZ-000849,+1-555-163-7424,Teacher,2,O+,2,2026-06-30 08:02:18
850,citizen_850,citizen_850@example.com,Linda Jones,+1-555-346-2384,"939 Smart City Ave, Street 16",East District,CTZ-000850,+1-555-879-8318,Manager,4,A+,0,2026-08-18 08:02:18
851,citizen_851,citizen_851@example.com,Michael Davis,+1-555-395-6086,"406 Smart City Ave, Street 36",Central Zone,CTZ-000851,+1-555-108-2254,Technician,5,O+,2,2026-03-15 08:02:18
852,citizen_852,citizen_852@example.com,John Anderson,+1-555-711-2765,"477 Smart City Ave, Street 25",West District,CTZ-000852,+1-555-296-4468,Business Owner,5,A+,1,2026-02-11 08:02:18
853,citizen_853,citizen_853@example.com,Susan Wilson,+1-555-998-4816,"472 Smart City Ave, Street 10",North District,CTZ-000853,+1-555-234-4980,Accountant,4,B-,1,2025-10-27 08:02:18
854,citizen_854,citizen_854@example.com,Susan Smith,+1-555-146-6763,"301 Smart City Ave, Street 33",Central Zone,CTZ-000854,+1-555-729-5270,Student,6,O+,2,2026-08-13 08:02:18
855,citizen_855,citizen_855@example.com,Elizabeth Lopez,+1-555-602-3834,"336 Smart City Ave, Street 41",Central Zone,CTZ-000855,+1-555-596-1384,Business Owner,3,A+,3,2026-02-04 08:02:18
856,citizen_856,citizen_856@example.com,Patricia Johnson,+1-555-961-5669,"596 Smart City Ave, Street 34",North District,CTZ-000856,+1-555-719-2966,Engineer,5,AB+,2,2025-11-23 08:02:18
857,citizen_857,citizen_857@example.com,Charles Wilson,+1-555-653-2083,"392 Smart City Ave, Street 48",Industrial Zone,CTZ-000857,+1-555-400-1309,Teacher,3,A+,1,2026-07-28 08:02:18
858,citizen_858,citizen_858@example.com,Robert Davis,+1-555-341-6498,"668 Smart City Ave, Street 4",North District,CTZ-000858,+1-555-110-2369,Business Owner,4,A-,0,2026-05-04 08:02:18
859,citizen_859,citizen_859@example.com,David Moore,+1-555-526-5254,"469 Smart City Ave, Street 43",Industrial Zone,CTZ-000859,+1-555-228-2199,Business Owner,3,A+,0,2026-06-10 08:02:18
860,citizen_860,citizen_860@example.com,Barbara Miller,+1-555-442-4809,"715 Smart City Ave, Street 24",West District,CTZ-000860,+1-555-449-9225,Student,1,A-,2,2026-05-21 08:02:18
861,citizen_861,citizen_861@example.com,Charles Wilson,+1-555-413-3255,"168 Smart City Ave, Street 35",Central Zone,CTZ-000861,+1-555-725-1415,Doctor,3,AB+,2,2026-06-04 08:02:18
862,citizen_862,citizen_862@example.com,Michael Johnson,+1-555-122-7045,"464 Smart City Ave, Street 36",North District,CTZ-000862,+1-555-643-7667,Engineer,6,A-,3,2025-10-25 08:02:18
863,citizen_863,citizen_863@example.com,Charles Jackson,+1-555-712-6072,"859 Smart City Ave, Street 16",Industrial Zone,CTZ-000863,+1-555-432-4941,Doctor,1,B-,0,2025-11-16 08:02:18
864,citizen_864,citizen_864@example.com,Robert Rodriguez,+1-555-870-1996,"101 Smart City Ave, Street 6",North District,CTZ-000864,+1-555-194-7161,Teacher,2,AB-,0,2026-08-02 08:02:18
865,citizen_865,citizen_865@example.com,Mary Miller,+1-555-735-3665,"653 Smart City Ave, Street 41",West District,CTZ-000865,+1-555-524-6590,Doctor,3,AB-,3,2026-05-01 08:02:18
866,citizen_866,citizen_866@example.com,Mary Martinez,+1-555-402-9687,"855 Smart City Ave, Street 24",Industrial Zone,CTZ-000866,+1-555-579-7612,Engineer,4,A+,1,2026-03-18 08:02:18
867,citizen_867,citizen_867@example.com,David Smith,+1-555-679-2157,"749 Smart City Ave, Street 27",South District,CTZ-000867,+1-555-953-1307,Manager,4,AB-,3,2026-03-10 08:02:18
868,citizen_868,citizen_868@example.com,Jennifer Jones,+1-555-973-9088,"739 Smart City Ave, Street 12",West District,CTZ-000868,+1-555-762-9505,Architect,5,B+,1,2026-07-12 08:02:18
869,citizen_869,citizen_869@example.com,Sarah Garcia,+1-555-479-3784,"798 Smart City Ave, Street 42",North District,CTZ-000869,+1-555-525-8870,Technician,5,A+,3,2026-06-28 08:02:18
870,citizen_870,citizen_870@example.com,Patricia Gonzalez,+1-555-490-9396,"635 Smart City Ave, Street 23",North District,CTZ-000870,+1-555-725-5096,Manager,2,O+,1,2026-08-03 08:02:18
871,citizen_871,citizen_871@example.com,Barbara Hernandez,+1-555-781-7370,"404 Smart City Ave, Street 6",East District,CTZ-000871,+1-555-979-2488,Teacher,6,O-,3,2025-10-10 08:02:18
872,citizen_872,citizen_872@example.com,John Anderson,+1-555-606-5494,"323 Smart City Ave, Street 38",East District,CTZ-000872,+1-555-599-3839,Civil Servant,2,AB+,1,2026-05-30 08:02:18
873,citizen_873,citizen_873@example.com,Patricia Davis,+1-555-634-6459,"521 Smart City Ave, Street 23",East District,CTZ-000873,+1-555-880-5014,Architect,5,O-,1,2025-09-27 08:02:18
874,citizen_874,citizen_874@example.com,Patricia Johnson,+1-555-563-5498,"395 Smart City Ave, Street 6",Industrial Zone,CTZ-000874,+1-555-703-3651,Manager,5,B-,2,2026-09-01 08:02:18
875,citizen_875,citizen_875@example.com,Charles Moore,+1-555-137-2616,"312 Smart City Ave, Street 29",West District,CTZ-000875,+1-555-361-8041,Engineer,3,O-,1,2026-06-10 08:02:18
876,citizen_876,citizen_876@example.com,Richard Hernandez,+1-555-857-5349,"947 Smart City Ave, Street 45",Industrial Zone,CTZ-000876,+1-555-889-7322,Business Owner,5,B-,0,2026-02-01 08:02:18
877,citizen_877,citizen_877@example.com,Joseph Brown,+1-555-363-9246,"520 Smart City Ave, Street 19",East District,CTZ-000877,+1-555-560-2641,Accountant,5,A-,0,2026-07-08 08:02:18
878,citizen_878,citizen_878@example.com,James Lopez,+1-555-765-1712,"51 Smart City Ave, Street 6",Central Zone,CTZ-000878,+1-555-936-9053,Student,2,AB-,3,2026-01-25 08:02:18
879,citizen_879,citizen_879@example.com,Robert Martin,+1-555-594-4359,"467 Smart City Ave, Street 50",Industrial Zone,CTZ-000879,+1-555-127-6390,Business Owner,4,B-,3,2026-08-01 08:02:18
880,citizen_880,citizen_880@example.com,Richard Miller,+1-555-983-6096,"570 Smart City Ave, Street 12",Central Zone,CTZ-000880,+1-555-380-9071,Teacher,2,A+,1,2026-04-24 08:02:18
881,citizen_881,citizen_881@example.com,Jessica Jackson,+1-555-839-9145,"596 Smart City Ave, Street 4",East District,CTZ-000881,+1-555-761-6061,Student,2,O-,3,2026-02-18 08:02:18
882,citizen_882,citizen_882@example.com,Barbara Taylor,+1-555-112-7102,"72 Smart City Ave, Street 14",West District,CTZ-000882,+1-555-931-2650,Accountant,3,B+,1,2026-05-14 08:02:18
883,citizen_883,citizen_883@example.com,Sarah Johnson,+1-555-210-8168,"572 Smart City Ave, Street 1",Central Zone,CTZ-000883,+1-555-192-3983,Manager,3,B-,1,2026-03-11 08:02:18
884,citizen_884,citizen_884@example.com,Thomas Miller,+1-555-974-5872,"49 Smart City Ave, Street 11",East District,CTZ-000884,+1-555-398-2396,Civil Servant,4,O-,0,2026-05-30 08:02:18
885,citizen_885,citizen_885@example.com,Joseph Lopez,+1-555-610-7194,"913 Smart City Ave, Street 34",Central Zone,CTZ-000885,+1-555-604-6656,Teacher,6,A-,1,2026-01-29 08:02:18
886,citizen_886,citizen_886@example.com,James Davis,+1-555-207-6949,"95 Smart City Ave, Street 37",South District,CTZ-000886,+1-555-550-6790,Teacher,2,B+,2,2026-05-31 08:02:18
887,citizen_887,citizen_887@example.com,Charles Moore,+1-555-192-4990,"863 Smart City Ave, Street 22",East District,CTZ-000887,+1-555-365-4772,Technician,3,A-,1,2026-04-14 08:02:18
888,citizen_888,citizen_888@example.com,Jessica Garcia,+1-555-674-9116,"110 Smart City Ave, Street 43",East District,CTZ-000888,+1-555-949-2637,Architect,6,B-,3,2026-05-20 08:02:18
889,citizen_889,citizen_889@example.com,David Lopez,+1-555-787-4983,"704 Smart City Ave, Street 4",North District,CTZ-000889,+1-555-137-4683,Manager,6,A-,0,2025-11-16 08:02:18
890,citizen_890,citizen_890@example.com,Mary Martin,+1-555-366-7222,"681 Smart City Ave, Street 43",West District,CTZ-000890,+1-555-677-2051,Manager,1,O+,1,2026-05-24 08:02:18
891,citizen_891,citizen_891@example.com,Sarah Jones,+1-555-999-4306,"678 Smart City Ave, Street 4",Central Zone,CTZ-000891,+1-555-926-2431,Architect,5,B-,1,2026-05-26 08:02:18
892,citizen_892,citizen_892@example.com,Sarah Williams,+1-555-152-2852,"461 Smart City Ave, Street 48",East District,CTZ-000892,+1-555-765-9212,Technician,3,AB+,2,2026-05-12 08:02:18
893,citizen_893,citizen_893@example.com,Karen Anderson,+1-555-331-2109,"692 Smart City Ave, Street 19",South District,CTZ-000893,+1-555-860-7920,Technician,4,O-,1,2025-12-19 08:02:18
894,citizen_894,citizen_894@example.com,Thomas Hernandez,+1-555-489-1767,"212 Smart City Ave, Street 32",South District,CTZ-000894,+1-555-500-2172,Business Owner,1,B-,2,2025-09-04 08:02:18
895,citizen_895,citizen_895@example.com,Thomas Hernandez,+1-555-919-3798,"460 Smart City Ave, Street 46",South District,CTZ-000895,+1-555-280-9510,Student,1,A+,2,2026-05-19 08:02:18
896,citizen_896,citizen_896@example.com,Charles Rodriguez,+1-555-435-5291,"126 Smart City Ave, Street 43",Central Zone,CTZ-000896,+1-555-564-2470,Doctor,1,AB+,3,2026-05-03 08:02:18
897,citizen_897,citizen_897@example.com,Barbara Miller,+1-555-910-6686,"440 Smart City Ave, Street 6",South District,CTZ-000897,+1-555-314-2571,Business Owner,4,B+,3,2026-01-04 08:02:18
898,citizen_898,citizen_898@example.com,Jessica Miller,+1-555-588-5381,"636 Smart City Ave, Street 2",East District,CTZ-000898,+1-555-454-5112,Manager,5,AB-,2,2026-02-09 08:02:18
899,citizen_899,citizen_899@example.com,Jennifer Miller,+1-555-227-5849,"366 Smart City Ave, Street 4",North District,CTZ-000899,+1-555-948-8288,Architect,6,A+,1,2026-08-19 08:02:18
900,citizen_900,citizen_900@example.com,Sarah Williams,+1-555-945-8028,"614 Smart City Ave, Street 11",East District,CTZ-000900,+1-555-961-1561,Accountant,4,A+,1,2026-03-08 08:02:18
901,citizen_901,citizen_901@example.com,Joseph Anderson,+1-555-979-5113,"764 Smart City Ave, Street 41",Central Zone,CTZ-000901,+1-555-830-2063,Engineer,1,B+,0,2025-09-15 08:02:18
902,citizen_902,citizen_902@example.com,William Moore,+1-555-459-9476,"470 Smart City Ave, Street 21",Central Zone,CTZ-000902,+1-555-130-6862,Accountant,2,B-,2,2025-09-27 08:02:18
903,citizen_903,citizen_903@example.com,Barbara Jones,+1-555-294-8462,"516 Smart City Ave, Street 24",East District,CTZ-000903,+1-555-763-3250,Teacher,5,B-,0,2025-09-14 08:02:18
904,citizen_904,citizen_904@example.com,Barbara Thomas,+1-555-440-8016,"187 Smart City Ave, Street 42",West District,CTZ-000904,+1-555-970-1021,Architect,2,AB+,3,2026-05-21 08:02:18
905,citizen_905,citizen_905@example.com,Thomas Martin,+1-555-485-8170,"340 Smart City Ave, Street 12",Industrial Zone,CTZ-000905,+1-555-332-3799,Teacher,2,A-,2,2026-02-01 08:02:18
906,citizen_906,citizen_906@example.com,Susan Moore,+1-555-957-4871,"267 Smart City Ave, Street 8",North District,CTZ-000906,+1-555-988-1524,Civil Servant,2,O+,3,2026-03-10 08:02:18
907,citizen_907,citizen_907@example.com,David Garcia,+1-555-933-1710,"24 Smart City Ave, Street 46",Central Zone,CTZ-000907,+1-555-849-9809,Architect,1,A-,1,2026-07-10 08:02:18
908,citizen_908,citizen_908@example.com,William Lopez,+1-555-896-1200,"819 Smart City Ave, Street 47",South District,CTZ-000908,+1-555-892-3939,Architect,1,A+,3,2026-05-19 08:02:18
909,citizen_909,citizen_909@example.com,Patricia Taylor,+1-555-274-8823,"682 Smart City Ave, Street 50",Central Zone,CTZ-000909,+1-555-186-7164,Teacher,3,A-,1,2026-05-25 08:02:18
910,citizen_910,citizen_910@example.com,Richard Smith,+1-555-841-1054,"494 Smart City Ave, Street 29",Central Zone,CTZ-000910,+1-555-824-9333,Student,2,O-,3,2025-09-23 08:02:18
911,citizen_911,citizen_911@example.com,Barbara Garcia,+1-555-397-8123,"558 Smart City Ave, Street 20",Industrial Zone,CTZ-000911,+1-555-782-6999,Student,6,O-,3,2026-06-08 08:02:18
912,citizen_912,citizen_912@example.com,Charles Gonzalez,+1-555-144-8035,"829 Smart City Ave, Street 21",North District,CTZ-000912,+1-555-903-1113,Teacher,5,AB+,2,2026-05-18 08:02:18
913,citizen_913,citizen_913@example.com,David Anderson,+1-555-652-3782,"85 Smart City Ave, Street 30",East District,CTZ-000913,+1-555-813-2454,Student,2,O+,3,2026-01-04 08:02:18
914,citizen_914,citizen_914@example.com,Mary Smith,+1-555-916-1378,"769 Smart City Ave, Street 49",Central Zone,CTZ-000914,+1-555-573-6812,Teacher,4,A-,2,2026-04-14 08:02:18
915,citizen_915,citizen_915@example.com,William Rodriguez,+1-555-631-9671,"307 Smart City Ave, Street 11",Central Zone,CTZ-000915,+1-555-454-6843,Accountant,2,A-,3,2026-03-02 08:02:18
916,citizen_916,citizen_916@example.com,James Lopez,+1-555-712-7034,"269 Smart City Ave, Street 27",South District,CTZ-000916,+1-555-535-3642,Technician,6,AB+,3,2025-11-23 08:02:18
917,citizen_917,citizen_917@example.com,James Taylor,+1-555-438-1582,"724 Smart City Ave, Street 9",Central Zone,CTZ-000917,+1-555-601-1691,Teacher,1,O+,3,2025-10-01 08:02:18
918,citizen_918,citizen_918@example.com,William Jackson,+1-555-883-3539,"345 Smart City Ave, Street 6",Central Zone,CTZ-000918,+1-555-445-5721,Teacher,6,AB+,3,2026-06-18 08:02:18
919,citizen_919,citizen_919@example.com,William Wilson,+1-555-912-1171,"54 Smart City Ave, Street 49",South District,CTZ-000919,+1-555-525-3382,Technician,6,B-,0,2025-11-19 08:02:18
920,citizen_920,citizen_920@example.com,Patricia Davis,+1-555-187-2870,"794 Smart City Ave, Street 8",Industrial Zone,CTZ-000920,+1-555-138-4414,Doctor,6,AB+,1,2025-10-15 08:02:18
921,citizen_921,citizen_921@example.com,William Brown,+1-555-834-9381,"60 Smart City Ave, Street 17",North District,CTZ-000921,+1-555-769-1380,Architect,2,O+,1,2026-02-22 08:02:18
922,citizen_922,citizen_922@example.com,Thomas Jackson,+1-555-647-4437,"908 Smart City Ave, Street 35",South District,CTZ-000922,+1-555-399-7665,Civil Servant,2,O-,3,2026-01-09 08:02:18
923,citizen_923,citizen_923@example.com,Barbara Brown,+1-555-721-9273,"35 Smart City Ave, Street 33",North District,CTZ-000923,+1-555-507-1587,Technician,6,B-,0,2026-06-01 08:02:18
924,citizen_924,citizen_924@example.com,Patricia Johnson,+1-555-700-7618,"175 Smart City Ave, Street 49",Industrial Zone,CTZ-000924,+1-555-534-1039,Business Owner,4,A+,0,2025-11-11 08:02:18
925,citizen_925,citizen_925@example.com,Joseph Gonzalez,+1-555-708-8038,"855 Smart City Ave, Street 45",Central Zone,CTZ-000925,+1-555-521-3432,Student,6,O-,1,2025-12-13 08:02:18
926,citizen_926,citizen_926@example.com,Jessica Gonzalez,+1-555-241-2840,"635 Smart City Ave, Street 45",East District,CTZ-000926,+1-555-176-3884,Accountant,1,O-,2,2025-11-18 08:02:18
927,citizen_927,citizen_927@example.com,Michael Smith,+1-555-924-3660,"684 Smart City Ave, Street 31",South District,CTZ-000927,+1-555-397-7193,Business Owner,3,B-,1,2026-04-15 08:02:18
928,citizen_928,citizen_928@example.com,Sarah Rodriguez,+1-555-988-6754,"178 Smart City Ave, Street 11",West District,CTZ-000928,+1-555-112-9118,Engineer,1,A+,0,2026-06-23 08:02:18
929,citizen_929,citizen_929@example.com,Linda Williams,+1-555-668-2095,"168 Smart City Ave, Street 7",Central Zone,CTZ-000929,+1-555-320-9186,Student,6,A+,3,2026-04-12 08:02:18
930,citizen_930,citizen_930@example.com,Sarah Lopez,+1-555-107-3189,"939 Smart City Ave, Street 45",East District,CTZ-000930,+1-555-342-2726,Manager,3,AB+,1,2026-01-18 08:02:18
931,citizen_931,citizen_931@example.com,Mary Hernandez,+1-555-192-4660,"231 Smart City Ave, Street 29",West District,CTZ-000931,+1-555-775-7680,Student,5,O-,1,2025-11-22 08:02:18
932,citizen_932,citizen_932@example.com,James Davis,+1-555-192-2193,"646 Smart City Ave, Street 21",South District,CTZ-000932,+1-555-598-1143,Doctor,5,A-,1,2025-10-18 08:02:18
933,citizen_933,citizen_933@example.com,William Rodriguez,+1-555-865-3216,"100 Smart City Ave, Street 17",South District,CTZ-000933,+1-555-914-2354,Civil Servant,3,B+,1,2025-10-09 08:02:18
934,citizen_934,citizen_934@example.com,Sarah Lopez,+1-555-676-6941,"887 Smart City Ave, Street 33",North District,CTZ-000934,+1-555-861-9227,Teacher,5,AB-,1,2025-10-23 08:02:18
935,citizen_935,citizen_935@example.com,Charles Wilson,+1-555-932-5621,"984 Smart City Ave, Street 47",Industrial Zone,CTZ-000935,+1-555-654-9638,Technician,5,O-,2,2026-08-23 08:02:18
936,citizen_936,citizen_936@example.com,Michael Garcia,+1-555-918-2835,"451 Smart City Ave, Street 4",North District,CTZ-000936,+1-555-255-8275,Business Owner,3,B-,2,2026-08-06 08:02:18
937,citizen_937,citizen_937@example.com,Sarah Thomas,+1-555-198-7338,"274 Smart City Ave, Street 40",Industrial Zone,CTZ-000937,+1-555-253-5938,Architect,3,A+,3,2026-08-15 08:02:18
938,citizen_938,citizen_938@example.com,Linda Davis,+1-555-877-4011,"592 Smart City Ave, Street 12",West District,CTZ-000938,+1-555-221-3673,Civil Servant,2,A+,3,2025-12-23 08:02:18
939,citizen_939,citizen_939@example.com,Linda Rodriguez,+1-555-697-7418,"733 Smart City Ave, Street 9",Industrial Zone,CTZ-000939,+1-555-887-2883,Teacher,6,A-,2,2026-03-11 08:02:18
940,citizen_940,citizen_940@example.com,James Martin,+1-555-712-5087,"269 Smart City Ave, Street 48",North District,CTZ-000940,+1-555-857-8168,Civil Servant,5,AB+,2,2026-04-22 08:02:18
941,citizen_941,citizen_941@example.com,Jennifer Martinez,+1-555-215-5042,"504 Smart City Ave, Street 6",East District,CTZ-000941,+1-555-505-7904,Doctor,4,AB+,3,2026-09-02 08:02:18
942,citizen_942,citizen_942@example.com,Joseph Wilson,+1-555-655-1194,"134 Smart City Ave, Street 39",West District,CTZ-000942,+1-555-753-8062,Business Owner,4,AB-,2,2025-10-11 08:02:18
943,citizen_943,citizen_943@example.com,Patricia Brown,+1-555-746-2746,"350 Smart City Ave, Street 16",North District,CTZ-000943,+1-555-850-2603,Business Owner,3,B-,0,2025-09-27 08:02:18
944,citizen_944,citizen_944@example.com,David Moore,+1-555-890-2417,"280 Smart City Ave, Street 4",Central Zone,CTZ-000944,+1-555-158-3717,Manager,3,O+,0,2025-10-07 08:02:18
945,citizen_945,citizen_945@example.com,Barbara Brown,+1-555-807-2164,"822 Smart City Ave, Street 10",South District,CTZ-000945,+1-555-115-7004,Business Owner,4,AB+,1,2025-10-15 08:02:18
946,citizen_946,citizen_946@example.com,Robert Jones,+1-555-496-1619,"965 Smart City Ave, Street 20",East District,CTZ-000946,+1-555-224-4289,Civil Servant,1,O+,3,2026-04-30 08:02:18
947,citizen_947,citizen_947@example.com,Karen Martinez,+1-555-223-8820,"771 Smart City Ave, Street 20",North District,CTZ-000947,+1-555-103-4358,Doctor,4,A+,3,2025-10-31 08:02:18
948,citizen_948,citizen_948@example.com,John Jones,+1-555-304-3981,"39 Smart City Ave, Street 33",East District,CTZ-000948,+1-555-226-1998,Accountant,2,O+,2,2026-08-01 08:02:18
949,citizen_949,citizen_949@example.com,Linda Brown,+1-555-322-4860,"944 Smart City Ave, Street 48",East District,CTZ-000949,+1-555-124-7429,Technician,1,AB+,1,2026-02-14 08:02:18
950,citizen_950,citizen_950@example.com,Barbara Williams,+1-555-350-8378,"204 Smart City Ave, Street 4",East District,CTZ-000950,+1-555-988-1638,Engineer,3,A+,1,2026-03-21 08:02:18
951,citizen_951,citizen_951@example.com,Joseph Wilson,+1-555-450-1627,"949 Smart City Ave, Street 49",Industrial Zone,CTZ-000951,+1-555-540-2971,Engineer,5,O+,1,2025-10-20 08:02:18
952,citizen_952,citizen_952@example.com,Michael Lopez,+1-555-213-2447,"904 Smart City Ave, Street 6",South District,CTZ-000952,+1-555-136-2436,Manager,1,O+,1,2025-11-17 08:02:18
953,citizen_953,citizen_953@example.com,Thomas Brown,+1-555-727-1254,"54 Smart City Ave, Street 36",West District,CTZ-000953,+1-555-161-5687,Accountant,1,B-,3,2026-07-04 08:02:18
954,citizen_954,citizen_954@example.com,Barbara Hernandez,+1-555-497-2578,"787 Smart City Ave, Street 15",East District,CTZ-000954,+1-555-903-2934,Teacher,5,A-,0,2025-09-08 08:02:18
955,citizen_955,citizen_955@example.com,Charles Lopez,+1-555-899-5521,"656 Smart City Ave, Street 31",West District,CTZ-000955,+1-555-575-1439,Civil Servant,1,O+,1,2026-07-03 08:02:18
956,citizen_956,citizen_956@example.com,Karen Williams,+1-555-668-5884,"468 Smart City Ave, Street 50",Central Zone,CTZ-000956,+1-555-158-9750,Doctor,1,B+,1,2025-10-07 08:02:18
957,citizen_957,citizen_957@example.com,Susan Jones,+1-555-497-5286,"332 Smart City Ave, Street 4",Industrial Zone,CTZ-000957,+1-555-749-7193,Doctor,4,O-,1,2025-09-14 08:02:18
958,citizen_958,citizen_958@example.com,Karen Martin,+1-555-546-3736,"704 Smart City Ave, Street 15",Industrial Zone,CTZ-000958,+1-555-367-8886,Civil Servant,1,A-,3,2026-04-17 08:02:18
959,citizen_959,citizen_959@example.com,Jessica Brown,+1-555-989-8414,"278 Smart City Ave, Street 28",West District,CTZ-000959,+1-555-763-1099,Business Owner,6,A+,1,2025-10-28 08:02:18
960,citizen_960,citizen_960@example.com,Barbara Moore,+1-555-716-4672,"850 Smart City Ave, Street 32",North District,CTZ-000960,+1-555-698-3769,Manager,4,A+,0,2025-12-20 08:02:18
961,citizen_961,citizen_961@example.com,Patricia Moore,+1-555-174-3705,"223 Smart City Ave, Street 33",Central Zone,CTZ-000961,+1-555-336-7610,Civil Servant,3,B-,1,2026-02-17 08:02:18
962,citizen_962,citizen_962@example.com,William Anderson,+1-555-515-2753,"939 Smart City Ave, Street 33",North District,CTZ-000962,+1-555-774-9022,Architect,5,O-,2,2025-10-31 08:02:18
963,citizen_963,citizen_963@example.com,Michael Jackson,+1-555-986-2347,"279 Smart City Ave, Street 49",East District,CTZ-000963,+1-555-930-1853,Technician,2,B-,1,2025-12-09 08:02:18
964,citizen_964,citizen_964@example.com,Karen Davis,+1-555-961-6605,"645 Smart City Ave, Street 32",East District,CTZ-000964,+1-555-809-8228,Civil Servant,1,B-,2,2026-05-22 08:02:18
965,citizen_965,citizen_965@example.com,Jennifer Gonzalez,+1-555-766-5049,"670 Smart City Ave, Street 35",East District,CTZ-000965,+1-555-733-8299,Manager,3,A+,0,2026-08-16 08:02:18
966,citizen_966,citizen_966@example.com,Susan Jones,+1-555-617-9816,"494 Smart City Ave, Street 41",Central Zone,CTZ-000966,+1-555-487-7318,Business Owner,4,B-,0,2026-08-05 08:02:18
967,citizen_967,citizen_967@example.com,Joseph Williams,+1-555-177-1984,"753 Smart City Ave, Street 18",North District,CTZ-000967,+1-555-732-4499,Civil Servant,2,AB-,1,2026-03-14 08:02:18
968,citizen_968,citizen_968@example.com,Jennifer Hernandez,+1-555-367-4736,"816 Smart City Ave, Street 5",Central Zone,CTZ-000968,+1-555-580-3471,Technician,3,AB+,1,2026-03-21 08:02:18
969,citizen_969,citizen_969@example.com,Jessica Anderson,+1-555-599-8852,"729 Smart City Ave, Street 32",South District,CTZ-000969,+1-555-463-1148,Civil Servant,5,A+,2,2026-02-27 08:02:18
970,citizen_970,citizen_970@example.com,James Jones,+1-555-821-6278,"817 Smart City Ave, Street 40",Industrial Zone,CTZ-000970,+1-555-945-7149,Manager,1,O-,1,2025-11-27 08:02:18
971,citizen_971,citizen_971@example.com,Barbara Davis,+1-555-759-6103,"657 Smart City Ave, Street 25",Industrial Zone,CTZ-000971,+1-555-672-7916,Doctor,3,A+,0,2025-12-29 08:02:18
972,citizen_972,citizen_972@example.com,Jennifer Smith,+1-555-246-2154,"557 Smart City Ave, Street 3",West District,CTZ-000972,+1-555-796-5685,Doctor,4,B+,2,2026-01-14 08:02:18
973,citizen_973,citizen_973@example.com,Barbara Jones,+1-555-362-3243,"383 Smart City Ave, Street 34",Industrial Zone,CTZ-000973,+1-555-622-8876,Doctor,6,AB+,1,2026-02-03 08:02:18
974,citizen_974,citizen_974@example.com,Linda Miller,+1-555-425-4578,"516 Smart City Ave, Street 50",Industrial Zone,CTZ-000974,+1-555-386-9280,Business Owner,1,AB+,2,2026-07-18 08:02:18
975,citizen_975,citizen_975@example.com,Joseph Smith,+1-555-828-1408,"693 Smart City Ave, Street 50",West District,CTZ-000975,+1-555-388-4780,Manager,2,A-,1,2025-11-14 08:02:18
976,citizen_976,citizen_976@example.com,John Davis,+1-555-299-4927,"47 Smart City Ave, Street 10",West District,CTZ-000976,+1-555-386-2231,Teacher,2,O-,1,2026-08-12 08:02:18
977,citizen_977,citizen_977@example.com,Patricia Johnson,+1-555-524-9187,"533 Smart City Ave, Street 7",North District,CTZ-000977,+1-555-684-3995,Teacher,1,O+,0,2025-11-25 08:02:18
978,citizen_978,citizen_978@example.com,David Jackson,+1-555-468-3451,"788 Smart City Ave, Street 29",North District,CTZ-000978,+1-555-906-5653,Teacher,6,B+,1,2026-04-17 08:02:18
979,citizen_979,citizen_979@example.com,Karen Wilson,+1-555-498-2903,"193 Smart City Ave, Street 14",West District,CTZ-000979,+1-555-353-6685,Architect,3,B-,2,2026-05-05 08:02:18
980,citizen_980,citizen_980@example.com,John Thomas,+1-555-792-6843,"256 Smart City Ave, Street 39",Industrial Zone,CTZ-000980,+1-555-351-7372,Technician,2,A+,0,2026-08-06 08:02:18
981,citizen_981,citizen_981@example.com,Susan Brown,+1-555-173-4608,"781 Smart City Ave, Street 27",South District,CTZ-000981,+1-555-296-9697,Technician,2,A+,3,2025-11-16 08:02:18
982,citizen_982,citizen_982@example.com,Karen Thomas,+1-555-473-3467,"450 Smart City Ave, Street 42",South District,CTZ-000982,+1-555-627-5372,Technician,1,B-,1,2026-05-02 08:02:18
983,citizen_983,citizen_983@example.com,Michael Gonzalez,+1-555-499-3088,"85 Smart City Ave, Street 49",North District,CTZ-000983,+1-555-629-1632,Architect,4,A-,1,2025-10-29 08:02:18
984,citizen_984,citizen_984@example.com,Joseph Davis,+1-555-522-7572,"823 Smart City Ave, Street 37",East District,CTZ-000984,+1-555-575-1434,Business Owner,1,O+,1,2025-11-15 08:02:18
985,citizen_985,citizen_985@example.com,Sarah Lopez,+1-555-462-1361,"661 Smart City Ave, Street 23",Central Zone,CTZ-000985,+1-555-118-1754,Technician,1,B+,1,2025-09-13 08:02:18
986,citizen_986,citizen_986@example.com,Barbara Davis,+1-555-473-3766,"746 Smart City Ave, Street 33",Industrial Zone,CTZ-000986,+1-555-986-9491,Technician,6,B-,3,2026-08-15 08:02:18
987,citizen_987,citizen_987@example.com,Michael Wilson,+1-555-415-3345,"610 Smart City Ave, Street 30",North District,CTZ-000987,+1-555-540-4837,Technician,2,AB+,0,2026-03-24 08:02:18
988,citizen_988,citizen_988@example.com,Charles Johnson,+1-555-413-4827,"106 Smart City Ave, Street 20",North District,CTZ-000988,+1-555-576-1971,Teacher,2,B+,1,2026-07-27 08:02:18
989,citizen_989,citizen_989@example.com,Sarah Jones,+1-555-245-1245,"905 Smart City Ave, Street 16",West District,CTZ-000989,+1-555-668-9593,Civil Servant,3,B+,1,2026-01-13 08:02:18
990,citizen_990,citizen_990@example.com,Charles Moore,+1-555-674-1308,"782 Smart City Ave, Street 11",West District,CTZ-000990,+1-555-339-4544,Engineer,5,AB+,1,2025-12-28 08:02:18
991,citizen_991,citizen_991@example.com,Barbara Martin,+1-555-992-6218,"101 Smart City Ave, Street 20",West District,CTZ-000991,+1-555-217-9372,Technician,5,AB-,2,2026-01-07 08:02:18
992,citizen_992,citizen_992@example.com,Mary Williams,+1-555-222-5432,"825 Smart City Ave, Street 20",Industrial Zone,CTZ-000992,+1-555-852-9732,Doctor,4,AB-,2,2026-06-29 08:02:18
993,citizen_993,citizen_993@example.com,Linda Martinez,+1-555-353-3368,"954 Smart City Ave, Street 29",East District,CTZ-000993,+1-555-837-9629,Architect,2,B-,3,2025-11-30 08:02:18
994,citizen_994,citizen_994@example.com,Susan Miller,+1-555-879-7938,"55 Smart City Ave, Street 9",Central Zone,CTZ-000994,+1-555-205-3678,Technician,6,AB+,0,2026-04-09 08:02:18
995,citizen_995,citizen_995@example.com,Thomas Martin,+1-555-507-7349,"210 Smart City Ave, Street 22",South District,CTZ-000995,+1-555-768-8900,Manager,2,A-,1,2026-03-12 08:02:18
996,citizen_996,citizen_996@example.com,Linda Jones,+1-555-255-7225,"21 Smart City Ave, Street 47",South District,CTZ-000996,+1-555-307-6002,Architect,4,AB+,1,2026-03-30 08:02:18
997,citizen_997,citizen_997@example.com,Elizabeth Moore,+1-555-184-9875,"912 Smart City Ave, Street 18",West District,CTZ-000997,+1-555-982-3231,Manager,3,B-,1,2026-07-17 08:02:18
998,citizen_998,citizen_998@example.com,Susan Martinez,+1-555-787-7060,"687 Smart City Ave, Street 1",East District,CTZ-000998,+1-555-420-2695,Teacher,3,AB+,1,2026-04-25 08:02:18
999,citizen_999,citizen_999@example.com,Linda Anderson,+1-555-225-1284,"51 Smart City Ave, Street 44",East District,CTZ-000999,+1-555-994-4493,Technician,5,B+,1,2025-09-26 08:02:18
1000,citizen_1000,citizen_1000@example.com,Barbara Rodriguez,+1-555-202-3551,"218 Smart City Ave, Street 33",West District,CTZ-001000,+1-555-867-8711,Civil Servant,3,AB+,0,2026-04-26 08:02:18
1001,citizen_1001,citizen_1001@example.com,Jessica Gonzalez,+1-555-987-4925,"499 Smart City Ave, Street 27",East District,CTZ-001001,+1-555-557-2848,Business Owner,3,B+,0,2026-03-03 08:02:18
1002,citizen_1002,citizen_1002@example.com,Mary Gonzalez,+1-555-407-9383,"184 Smart City Ave, Street 35",South District,CTZ-001002,+1-555-427-9964,Teacher,4,AB+,3,2026-04-06 08:02:18
1003,citizen_1003,citizen_1003@example.com,Linda Miller,+1-555-965-6611,"853 Smart City Ave, Street 32",North District,CTZ-001003,+1-555-784-2065,Doctor,1,B+,3,2025-12-16 08:02:18
1004,citizen_1004,citizen_1004@example.com,Karen Williams,+1-555-689-6069,"452 Smart City Ave, Street 43",North District,CTZ-001004,+1-555-420-1236,Student,1,B-,2,2026-01-04 08:02:18
1005,citizen_1005,citizen_1005@example.com,Sarah Jones,+1-555-573-3239,"244 Smart City Ave, Street 4",Central Zone,CTZ-001005,+1-555-144-7667,Student,4,A+,3,2026-01-22 08:02:18
1006,citizen_1006,citizen_1006@example.com,Patricia Rodriguez,+1-555-564-9271,"393 Smart City Ave, Street 26",East District,CTZ-001006,+1-555-788-5877,Civil Servant,4,AB-,1,2026-04-15 08:02:18
1007,citizen_1007,citizen_1007@example.com,Sarah Martinez,+1-555-666-2385,"779 Smart City Ave, Street 35",North District,CTZ-001007,+1-555-206-9114,Manager,6,O-,1,2025-10-17 08:02:18
1008,citizen_1008,citizen_1008@example.com,Thomas Rodriguez,+1-555-459-1071,"451 Smart City Ave, Street 48",North District,CTZ-001008,+1-555-782-2692,Student,5,B+,1,2025-12-05 08:02:18
1009,citizen_1009,citizen_1009@example.com,John Wilson,+1-555-904-6755,"939 Smart City Ave, Street 21",Central Zone,CTZ-001009,+1-555-620-3686,Technician,5,A-,2,2026-01-26 08:02:18
1010,citizen_1010,citizen_1010@example.com,Mary Rodriguez,+1-555-368-1994,"401 Smart City Ave, Street 43",West District,CTZ-001010,+1-555-619-7706,Architect,5,A-,1,2025-10-25 08:02:18
1011,citizen_1011,citizen_1011@example.com,John Jackson,+1-555-665-8581,"465 Smart City Ave, Street 45",South District,CTZ-001011,+1-555-379-7124,Technician,3,A+,2,2025-11-26 08:02:18
1012,citizen_1012,citizen_1012@example.com,James Thomas,+1-555-474-2957,"148 Smart City Ave, Street 4",West District,CTZ-001012,+1-555-441-7578,Student,1,AB-,3,2025-12-05 08:02:18
1013,citizen_1013,citizen_1013@example.com,Jessica Gonzalez,+1-555-165-1144,"57 Smart City Ave, Street 4",West District,CTZ-001013,+1-555-804-8019,Engineer,6,AB+,1,2026-05-22 08:02:18
1014,citizen_1014,citizen_1014@example.com,James Taylor,+1-555-359-8514,"513 Smart City Ave, Street 12",West District,CTZ-001014,+1-555-165-5282,Architect,2,A-,0,2025-10-23 08:02:18
1015,citizen_1015,citizen_1015@example.com,Mary Garcia,+1-555-389-2598,"85 Smart City Ave, Street 30",South District,CTZ-001015,+1-555-665-6794,Business Owner,4,AB+,3,2026-05-09 08:02:18
1016,citizen_1016,citizen_1016@example.com,Karen Martin,+1-555-555-1966,"72 Smart City Ave, Street 40",North District,CTZ-001016,+1-555-769-7281,Doctor,3,O-,3,2026-06-27 08:02:18
1017,citizen_1017,citizen_1017@example.com,Patricia Jones,+1-555-374-5969,"963 Smart City Ave, Street 39",Industrial Zone,CTZ-001017,+1-555-123-7363,Teacher,6,AB+,3,2025-12-31 08:02:18
1018,citizen_1018,citizen_1018@example.com,John Johnson,+1-555-947-7161,"964 Smart City Ave, Street 17",East District,CTZ-001018,+1-555-468-7048,Architect,4,O-,1,2026-05-07 08:02:18
1019,citizen_1019,citizen_1019@example.com,Patricia Williams,+1-555-179-5128,"125 Smart City Ave, Street 32",North District,CTZ-001019,+1-555-529-3952,Civil Servant,1,AB+,1,2025-10-10 08:02:18
1020,citizen_1020,citizen_1020@example.com,Michael Moore,+1-555-425-2490,"916 Smart City Ave, Street 33",East District,CTZ-001020,+1-555-790-2770,Manager,4,AB+,2,2025-11-28 08:02:18
1021,citizen_1021,citizen_1021@example.com,Joseph Jackson,+1-555-617-4167,"69 Smart City Ave, Street 40",South District,CTZ-001021,+1-555-710-1325,Student,1,B-,1,2026-08-28 08:02:18
1022,citizen_1022,citizen_1022@example.com,Susan Smith,+1-555-498-6672,"745 Smart City Ave, Street 26",East District,CTZ-001022,+1-555-488-4808,Civil Servant,3,A-,0,2025-12-18 08:02:18
1023,citizen_1023,citizen_1023@example.com,William Lopez,+1-555-535-4292,"769 Smart City Ave, Street 23",South District,CTZ-001023,+1-555-893-1224,Civil Servant,4,O+,3,2026-04-01 08:02:18
1024,citizen_1024,citizen_1024@example.com,John Garcia,+1-555-749-6039,"37 Smart City Ave, Street 33",Central Zone,CTZ-001024,+1-555-665-7917,Engineer,4,O+,2,2026-06-05 08:02:18
1025,citizen_1025,citizen_1025@example.com,Thomas Davis,+1-555-573-2611,"390 Smart City Ave, Street 29",Industrial Zone,CTZ-001025,+1-555-545-1829,Engineer,6,B+,3,2026-01-31 08:02:18
1026,citizen_1026,citizen_1026@example.com,David Jackson,+1-555-895-5919,"369 Smart City Ave, Street 36",North District,CTZ-001026,+1-555-637-7653,Civil Servant,4,A-,1,2025-09-24 08:02:18
1027,citizen_1027,citizen_1027@example.com,Elizabeth Garcia,+1-555-774-3747,"744 Smart City Ave, Street 41",Central Zone,CTZ-001027,+1-555-334-2633,Manager,1,A+,3,2025-12-24 08:02:18
1028,citizen_1028,citizen_1028@example.com,Robert Miller,+1-555-204-5395,"890 Smart City Ave, Street 30",South District,CTZ-001028,+1-555-879-2667,Accountant,5,AB-,1,2026-07-21 08:02:18
1029,citizen_1029,citizen_1029@example.com,Michael Gonzalez,+1-555-479-7473,"645 Smart City Ave, Street 34",Central Zone,CTZ-001029,+1-555-579-3279,Business Owner,3,AB+,1,2026-08-23 08:02:18
1030,citizen_1030,citizen_1030@example.com,Patricia Johnson,+1-555-681-8006,"600 Smart City Ave, Street 11",South District,CTZ-001030,+1-555-665-5520,Doctor,3,A-,1,2026-06-05 08:02:18
1031,citizen_1031,citizen_1031@example.com,David Jones,+1-555-566-2292,"648 Smart City Ave, Street 49",South District,CTZ-001031,+1-555-612-7803,Architect,6,B+,2,2025-12-04 08:02:18
1032,citizen_1032,citizen_1032@example.com,Michael Hernandez,+1-555-548-2908,"160 Smart City Ave, Street 4",East District,CTZ-001032,+1-555-107-7091,Engineer,4,A-,1,2026-07-30 08:02:18
1033,citizen_1033,citizen_1033@example.com,Jennifer Williams,+1-555-405-9000,"934 Smart City Ave, Street 14",East District,CTZ-001033,+1-555-568-3365,Accountant,5,O+,3,2025-11-24 08:02:18
1034,citizen_1034,citizen_1034@example.com,Patricia Rodriguez,+1-555-841-9676,"19 Smart City Ave, Street 22",South District,CTZ-001034,+1-555-682-3847,Manager,6,O-,1,2026-04-16 08:02:18
1035,citizen_1035,citizen_1035@example.com,David Garcia,+1-555-179-1311,"824 Smart City Ave, Street 17",South District,CTZ-001035,+1-555-156-4649,Teacher,5,O+,3,2026-07-22 08:02:18
1036,citizen_1036,citizen_1036@example.com,Patricia Gonzalez,+1-555-920-3411,"20 Smart City Ave, Street 1",East District,CTZ-001036,+1-555-962-5902,Technician,4,AB-,0,2025-10-17 08:02:18
1037,citizen_1037,citizen_1037@example.com,Mary Hernandez,+1-555-927-3734,"857 Smart City Ave, Street 50",North District,CTZ-001037,+1-555-926-4425,Teacher,4,O-,1,2026-06-08 08:02:18
1038,citizen_1038,citizen_1038@example.com,John Miller,+1-555-663-6878,"755 Smart City Ave, Street 29",West District,CTZ-001038,+1-555-585-7203,Teacher,2,A+,2,2025-12-24 08:02:18
1039,citizen_1039,citizen_1039@example.com,Jennifer Martinez,+1-555-827-8011,"684 Smart City Ave, Street 43",South District,CTZ-001039,+1-555-992-5094,Civil Servant,6,A-,2,2025-10-08 08:02:18
1040,citizen_1040,citizen_1040@example.com,Patricia Johnson,+1-555-826-4083,"836 Smart City Ave, Street 9",East District,CTZ-001040,+1-555-468-8965,Manager,1,B-,2,2026-06-23 08:02:18
1041,citizen_1041,citizen_1041@example.com,Sarah Garcia,+1-555-203-9267,"486 Smart City Ave, Street 24",North District,CTZ-001041,+1-555-673-3066,Architect,3,A-,1,2025-12-07 08:02:18
1042,citizen_1042,citizen_1042@example.com,Michael Moore,+1-555-430-4523,"873 Smart City Ave, Street 24",Industrial Zone,CTZ-001042,+1-555-686-7602,Engineer,6,B+,2,2026-07-04 08:02:18
1043,citizen_1043,citizen_1043@example.com,James Jones,+1-555-493-7400,"590 Smart City Ave, Street 46",Industrial Zone,CTZ-001043,+1-555-828-9704,Manager,3,A-,1,2026-07-02 08:02:18
1044,citizen_1044,citizen_1044@example.com,Joseph Jackson,+1-555-896-8969,"447 Smart City Ave, Street 3",North District,CTZ-001044,+1-555-621-5117,Manager,4,B-,0,2025-09-06 08:02:18
1045,citizen_1045,citizen_1045@example.com,Linda Taylor,+1-555-530-8020,"106 Smart City Ave, Street 28",West District,CTZ-001045,+1-555-746-5616,Architect,4,AB-,1,2026-03-11 08:02:18
1046,citizen_1046,citizen_1046@example.com,Joseph Hernandez,+1-555-839-9463,"497 Smart City Ave, Street 19",Central Zone,CTZ-001046,+1-555-146-8477,Doctor,6,O-,1,2026-07-29 08:02:18
1047,citizen_1047,citizen_1047@example.com,Jennifer Martinez,+1-555-909-2386,"456 Smart City Ave, Street 17",West District,CTZ-001047,+1-555-770-3033,Student,4,O-,1,2026-06-09 08:02:18
1048,citizen_1048,citizen_1048@example.com,Sarah Johnson,+1-555-205-8572,"581 Smart City Ave, Street 26",West District,CTZ-001048,+1-555-648-1757,Engineer,4,A+,3,2026-05-09 08:02:18
1049,citizen_1049,citizen_1049@example.com,Michael Jackson,+1-555-436-1008,"549 Smart City Ave, Street 48",South District,CTZ-001049,+1-555-591-2730,Architect,6,O+,3,2025-11-08 08:02:18
1050,citizen_1050,citizen_1050@example.com,Jennifer Garcia,+1-555-285-9517,"986 Smart City Ave, Street 28",West District,CTZ-001050,+1-555-945-5644,Doctor,6,O+,1,2026-05-05 08:02:18
1051,citizen_1051,citizen_1051@example.com,William Williams,+1-555-604-1719,"46 Smart City Ave, Street 48",South District,CTZ-001051,+1-555-799-7227,Doctor,2,AB-,1,2026-04-07 08:02:18
1052,citizen_1052,citizen_1052@example.com,Jessica Anderson,+1-555-751-6262,"110 Smart City Ave, Street 30",Central Zone,CTZ-001052,+1-555-186-4170,Technician,3,AB-,1,2025-11-21 08:02:18
1053,citizen_1053,citizen_1053@example.com,Jessica Johnson,+1-555-809-1041,"66 Smart City Ave, Street 36",North District,CTZ-001053,+1-555-423-1544,Doctor,2,AB-,0,2026-01-29 08:02:18
1054,citizen_1054,citizen_1054@example.com,Linda Garcia,+1-555-896-2211,"768 Smart City Ave, Street 25",East District,CTZ-001054,+1-555-752-3342,Civil Servant,4,B+,2,2026-04-14 08:02:18
1055,citizen_1055,citizen_1055@example.com,David Jackson,+1-555-348-5946,"744 Smart City Ave, Street 42",East District,CTZ-001055,+1-555-268-3013,Engineer,1,B+,3,2026-05-16 08:02:18
1056,citizen_1056,citizen_1056@example.com,Elizabeth Taylor,+1-555-793-1472,"295 Smart City Ave, Street 26",North District,CTZ-001056,+1-555-325-9187,Business Owner,5,AB-,2,2025-10-29 08:02:18
1057,citizen_1057,citizen_1057@example.com,Jessica Williams,+1-555-570-7213,"912 Smart City Ave, Street 3",South District,CTZ-001057,+1-555-411-5688,Technician,1,B+,0,2026-07-22 08:02:18
1058,citizen_1058,citizen_1058@example.com,John Wilson,+1-555-814-6418,"246 Smart City Ave, Street 21",South District,CTZ-001058,+1-555-762-1010,Teacher,3,AB-,2,2026-03-19 08:02:18
1059,citizen_1059,citizen_1059@example.com,Patricia Martinez,+1-555-650-1741,"995 Smart City Ave, Street 1",West District,CTZ-001059,+1-555-617-6258,Teacher,3,A-,3,2026-06-05 08:02:18
1060,citizen_1060,citizen_1060@example.com,Michael Martin,+1-555-857-8411,"987 Smart City Ave, Street 13",North District,CTZ-001060,+1-555-179-5886,Manager,3,B-,2,2026-03-30 08:02:18
1061,citizen_1061,citizen_1061@example.com,Robert Williams,+1-555-891-2031,"254 Smart City Ave, Street 31",West District,CTZ-001061,+1-555-476-2869,Business Owner,6,A-,0,2025-11-18 08:02:18
1062,citizen_1062,citizen_1062@example.com,Linda Smith,+1-555-736-3922,"473 Smart City Ave, Street 9",South District,CTZ-001062,+1-555-445-1869,Engineer,5,B-,1,2026-03-11 08:02:18
1063,citizen_1063,citizen_1063@example.com,Joseph Johnson,+1-555-653-1129,"309 Smart City Ave, Street 25",Central Zone,CTZ-001063,+1-555-883-6265,Architect,1,B-,3,2025-10-02 08:02:18
1064,citizen_1064,citizen_1064@example.com,John Gonzalez,+1-555-711-3434,"826 Smart City Ave, Street 36",Central Zone,CTZ-001064,+1-555-280-3422,Business Owner,5,AB+,1,2026-03-25 08:02:18
1065,citizen_1065,citizen_1065@example.com,Karen Johnson,+1-555-665-8758,"407 Smart City Ave, Street 10",East District,CTZ-001065,+1-555-520-2252,Engineer,2,A-,1,2026-03-17 08:02:18
1066,citizen_1066,citizen_1066@example.com,John Anderson,+1-555-248-9007,"323 Smart City Ave, Street 37",West District,CTZ-001066,+1-555-677-8330,Engineer,2,O+,1,2026-05-01 08:02:18
1067,citizen_1067,citizen_1067@example.com,Barbara Rodriguez,+1-555-235-1236,"647 Smart City Ave, Street 8",South District,CTZ-001067,+1-555-870-7483,Teacher,5,AB+,0,2026-06-11 08:02:18
1068,citizen_1068,citizen_1068@example.com,Robert Johnson,+1-555-622-5827,"997 Smart City Ave, Street 29",West District,CTZ-001068,+1-555-670-1572,Architect,5,B+,2,2026-07-11 08:02:18
1069,citizen_1069,citizen_1069@example.com,James Jackson,+1-555-515-9498,"754 Smart City Ave, Street 43",South District,CTZ-001069,+1-555-588-4702,Business Owner,2,B+,2,2026-02-06 08:02:18
1070,citizen_1070,citizen_1070@example.com,Richard Martin,+1-555-657-3163,"737 Smart City Ave, Street 40",East District,CTZ-001070,+1-555-827-2924,Student,2,A-,1,2026-06-08 08:02:18
1071,citizen_1071,citizen_1071@example.com,John Lopez,+1-555-752-2625,"735 Smart City Ave, Street 6",Industrial Zone,CTZ-001071,+1-555-962-5053,Manager,4,B+,2,2025-12-18 08:02:18
1072,citizen_1072,citizen_1072@example.com,Thomas Jones,+1-555-120-2110,"87 Smart City Ave, Street 35",Central Zone,CTZ-001072,+1-555-366-7314,Accountant,4,O+,0,2026-03-10 08:02:18
1073,citizen_1073,citizen_1073@example.com,Michael Moore,+1-555-204-3886,"865 Smart City Ave, Street 47",Central Zone,CTZ-001073,+1-555-955-7938,Teacher,3,O-,3,2026-05-27 08:02:18
1074,citizen_1074,citizen_1074@example.com,Karen Jones,+1-555-555-5875,"478 Smart City Ave, Street 21",Industrial Zone,CTZ-001074,+1-555-729-5424,Doctor,1,O-,2,2026-06-15 08:02:18
1075,citizen_1075,citizen_1075@example.com,Susan Lopez,+1-555-780-7222,"987 Smart City Ave, Street 21",South District,CTZ-001075,+1-555-338-7328,Doctor,3,O+,1,2025-10-16 08:02:18
1076,citizen_1076,citizen_1076@example.com,Sarah Brown,+1-555-705-8877,"197 Smart City Ave, Street 40",South District,CTZ-001076,+1-555-944-8927,Technician,6,B+,3,2026-05-31 08:02:18
1077,citizen_1077,citizen_1077@example.com,Elizabeth Garcia,+1-555-283-8886,"533 Smart City Ave, Street 39",South District,CTZ-001077,+1-555-995-2558,Manager,5,O+,1,2025-12-09 08:02:18
1078,citizen_1078,citizen_1078@example.com,Sarah Thomas,+1-555-364-4483,"826 Smart City Ave, Street 5",East District,CTZ-001078,+1-555-429-1907,Teacher,6,B-,0,2026-06-24 08:02:18
1079,citizen_1079,citizen_1079@example.com,Richard Lopez,+1-555-770-7771,"980 Smart City Ave, Street 42",North District,CTZ-001079,+1-555-267-4834,Engineer,4,O-,2,2025-09-25 08:02:18
1080,citizen_1080,citizen_1080@example.com,Jessica Moore,+1-555-942-1892,"865 Smart City Ave, Street 39",West District,CTZ-001080,+1-555-515-9486,Engineer,4,B-,1,2026-01-26 08:02:18
1081,citizen_1081,citizen_1081@example.com,Jennifer Anderson,+1-555-121-2652,"480 Smart City Ave, Street 46",Industrial Zone,CTZ-001081,+1-555-814-7833,Civil Servant,4,A+,0,2026-07-06 08:02:18
1082,citizen_1082,citizen_1082@example.com,David Jackson,+1-555-171-7068,"294 Smart City Ave, Street 35",East District,CTZ-001082,+1-555-229-4571,Engineer,3,B+,1,2026-01-20 08:02:18
1083,citizen_1083,citizen_1083@example.com,Susan Williams,+1-555-910-6244,"26 Smart City Ave, Street 35",West District,CTZ-001083,+1-555-109-5719,Business Owner,1,B-,0,2025-11-07 08:02:18
1084,citizen_1084,citizen_1084@example.com,Linda Johnson,+1-555-512-1702,"834 Smart City Ave, Street 8",East District,CTZ-001084,+1-555-703-4103,Architect,6,B+,2,2026-02-20 08:02:18
1085,citizen_1085,citizen_1085@example.com,Michael Jackson,+1-555-426-7458,"673 Smart City Ave, Street 17",West District,CTZ-001085,+1-555-555-5358,Student,5,O-,3,2025-12-26 08:02:18
1086,citizen_1086,citizen_1086@example.com,William Taylor,+1-555-201-9405,"515 Smart City Ave, Street 48",South District,CTZ-001086,+1-555-261-4137,Architect,6,A-,3,2025-12-23 08:02:18
1087,citizen_1087,citizen_1087@example.com,Susan Hernandez,+1-555-246-3476,"218 Smart City Ave, Street 18",Central Zone,CTZ-001087,+1-555-845-9145,Civil Servant,2,A-,0,2026-07-03 08:02:18
1088,citizen_1088,citizen_1088@example.com,Linda Gonzalez,+1-555-237-4894,"302 Smart City Ave, Street 6",South District,CTZ-001088,+1-555-457-7672,Technician,1,B-,1,2026-06-08 08:02:18
1089,citizen_1089,citizen_1089@example.com,David Williams,+1-555-142-6188,"586 Smart City Ave, Street 31",North District,CTZ-001089,+1-555-228-7780,Manager,2,AB+,1,2025-11-27 08:02:18
1090,citizen_1090,citizen_1090@example.com,John Thomas,+1-555-594-1800,"901 Smart City Ave, Street 42",East District,CTZ-001090,+1-555-677-9093,Student,3,A-,2,2025-11-10 08:02:18
1091,citizen_1091,citizen_1091@example.com,Barbara Thomas,+1-555-713-4173,"630 Smart City Ave, Street 28",East District,CTZ-001091,+1-555-684-8313,Student,5,A-,3,2026-04-03 08:02:18
1092,citizen_1092,citizen_1092@example.com,Joseph Brown,+1-555-840-3446,"414 Smart City Ave, Street 17",West District,CTZ-001092,+1-555-417-7877,Technician,5,B-,3,2025-10-22 08:02:18
1093,citizen_1093,citizen_1093@example.com,Susan Smith,+1-555-645-4942,"237 Smart City Ave, Street 49",Central Zone,CTZ-001093,+1-555-691-2458,Accountant,5,O+,0,2025-12-31 08:02:18
1094,citizen_1094,citizen_1094@example.com,Karen Miller,+1-555-679-2545,"931 Smart City Ave, Street 20",Central Zone,CTZ-001094,+1-555-939-9083,Technician,4,AB-,1,2026-02-16 08:02:18
1095,citizen_1095,citizen_1095@example.com,Richard Garcia,+1-555-990-8863,"419 Smart City Ave, Street 8",Industrial Zone,CTZ-001095,+1-555-819-8128,Technician,6,A-,1,2026-04-20 08:02:18
1096,citizen_1096,citizen_1096@example.com,John Johnson,+1-555-550-3865,"917 Smart City Ave, Street 46",South District,CTZ-001096,+1-555-692-6881,Teacher,5,B+,0,2025-11-05 08:02:18
1097,citizen_1097,citizen_1097@example.com,Robert Hernandez,+1-555-300-1983,"795 Smart City Ave, Street 30",South District,CTZ-001097,+1-555-160-5269,Business Owner,1,A+,3,2026-07-31 08:02:18
1098,citizen_1098,citizen_1098@example.com,Karen Miller,+1-555-446-2643,"919 Smart City Ave, Street 12",West District,CTZ-001098,+1-555-536-7091,Architect,1,O+,3,2025-11-07 08:02:18
1099,citizen_1099,citizen_1099@example.com,Elizabeth Rodriguez,+1-555-621-4077,"701 Smart City Ave, Street 35",North District,CTZ-001099,+1-555-437-6594,Student,4,A-,1,2026-01-30 08:02:18
1100,citizen_1100,citizen_1100@example.com,James Lopez,+1-555-905-7995,"410 Smart City Ave, Street 46",West District,CTZ-001100,+1-555-891-4098,Business Owner,6,O-,2,2025-10-25 08:02:18
1101,citizen_1101,citizen_1101@example.com,David Anderson,+1-555-576-6077,"998 Smart City Ave, Street 44",South District,CTZ-001101,+1-555-290-3224,Technician,5,AB+,3,2026-03-19 08:02:18
1102,citizen_1102,citizen_1102@example.com,Patricia Martin,+1-555-861-2315,"931 Smart City Ave, Street 9",North District,CTZ-001102,+1-555-596-3426,Engineer,3,O-,2,2026-07-31 08:02:18
1103,citizen_1103,citizen_1103@example.com,Jennifer Lopez,+1-555-833-3202,"256 Smart City Ave, Street 24",East District,CTZ-001103,+1-555-786-6914,Student,4,O-,1,2026-03-17 08:02:18
1104,citizen_1104,citizen_1104@example.com,David Jackson,+1-555-876-2125,"449 Smart City Ave, Street 5",North District,CTZ-001104,+1-555-223-1839,Technician,5,O+,1,2026-05-24 08:02:18
1105,citizen_1105,citizen_1105@example.com,Michael Garcia,+1-555-672-7394,"506 Smart City Ave, Street 50",Industrial Zone,CTZ-001105,+1-555-301-6723,Technician,2,AB-,1,2026-08-07 08:02:18
1106,citizen_1106,citizen_1106@example.com,Susan Smith,+1-555-401-7375,"991 Smart City Ave, Street 33",Industrial Zone,CTZ-001106,+1-555-127-9025,Accountant,6,AB+,2,2025-10-27 08:02:18
1107,citizen_1107,citizen_1107@example.com,Robert Miller,+1-555-243-1234,"192 Smart City Ave, Street 39",North District,CTZ-001107,+1-555-887-4371,Doctor,6,A-,3,2026-05-20 08:02:18
1108,citizen_1108,citizen_1108@example.com,Patricia Davis,+1-555-313-5163,"688 Smart City Ave, Street 49",Industrial Zone,CTZ-001108,+1-555-521-3255,Doctor,1,AB+,2,2025-09-29 08:02:18
1109,citizen_1109,citizen_1109@example.com,William Miller,+1-555-535-6607,"155 Smart City Ave, Street 5",Industrial Zone,CTZ-001109,+1-555-991-9677,Accountant,2,A+,1,2026-04-25 08:02:18
1110,citizen_1110,citizen_1110@example.com,Susan Lopez,+1-555-760-9713,"215 Smart City Ave, Street 37",West District,CTZ-001110,+1-555-695-5767,Technician,1,O-,3,2025-09-11 08:02:18
1111,citizen_1111,citizen_1111@example.com,David Moore,+1-555-589-2202,"68 Smart City Ave, Street 13",East District,CTZ-001111,+1-555-265-8125,Technician,5,O+,3,2026-03-05 08:02:18
1112,citizen_1112,citizen_1112@example.com,William Brown,+1-555-301-9806,"462 Smart City Ave, Street 23",North District,CTZ-001112,+1-555-308-1208,Manager,6,O-,1,2026-05-14 08:02:18
1113,citizen_1113,citizen_1113@example.com,Michael Taylor,+1-555-556-9669,"159 Smart City Ave, Street 47",North District,CTZ-001113,+1-555-538-9529,Manager,4,O-,0,2026-06-18 08:02:18
1114,citizen_1114,citizen_1114@example.com,Joseph Miller,+1-555-384-7812,"114 Smart City Ave, Street 5",Central Zone,CTZ-001114,+1-555-334-4216,Civil Servant,1,AB-,0,2025-10-16 08:02:18
1115,citizen_1115,citizen_1115@example.com,Sarah Moore,+1-555-443-5919,"135 Smart City Ave, Street 34",East District,CTZ-001115,+1-555-545-6792,Doctor,4,O+,0,2025-11-25 08:02:18
1116,citizen_1116,citizen_1116@example.com,Sarah Hernandez,+1-555-689-5745,"945 Smart City Ave, Street 32",West District,CTZ-001116,+1-555-164-3206,Engineer,5,B+,0,2026-03-27 08:02:18
1117,citizen_1117,citizen_1117@example.com,John Rodriguez,+1-555-942-4201,"650 Smart City Ave, Street 18",West District,CTZ-001117,+1-555-222-8717,Architect,2,AB-,0,2026-04-14 08:02:18
1118,citizen_1118,citizen_1118@example.com,Mary Taylor,+1-555-306-4711,"295 Smart City Ave, Street 29",East District,CTZ-001118,+1-555-846-6466,Business Owner,4,B-,3,2025-12-16 08:02:18
1119,citizen_1119,citizen_1119@example.com,Michael Lopez,+1-555-820-5090,"399 Smart City Ave, Street 40",North District,CTZ-001119,+1-555-119-2569,Doctor,5,B-,1,2026-05-16 08:02:18
1120,citizen_1120,citizen_1120@example.com,Mary Martinez,+1-555-574-6929,"251 Smart City Ave, Street 27",South District,CTZ-001120,+1-555-283-9512,Civil Servant,5,O-,3,2026-02-06 08:02:18
1121,citizen_1121,citizen_1121@example.com,Sarah Jones,+1-555-521-5109,"171 Smart City Ave, Street 35",Industrial Zone,CTZ-001121,+1-555-722-5694,Business Owner,2,O-,3,2026-08-20 08:02:18
1122,citizen_1122,citizen_1122@example.com,James Garcia,+1-555-259-7774,"461 Smart City Ave, Street 45",West District,CTZ-001122,+1-555-777-9611,Architect,2,B-,1,2026-04-01 08:02:18
1123,citizen_1123,citizen_1123@example.com,Thomas Miller,+1-555-742-5647,"450 Smart City Ave, Street 36",South District,CTZ-001123,+1-555-806-6622,Accountant,1,B+,2,2026-04-30 08:02:18
1124,citizen_1124,citizen_1124@example.com,Thomas Johnson,+1-555-614-2082,"602 Smart City Ave, Street 47",East District,CTZ-001124,+1-555-111-4901,Engineer,5,B+,3,2026-04-11 08:02:18
1125,citizen_1125,citizen_1125@example.com,Richard Jackson,+1-555-969-6154,"423 Smart City Ave, Street 25",Central Zone,CTZ-001125,+1-555-638-6772,Teacher,1,B-,2,2026-06-29 08:02:18
1126,citizen_1126,citizen_1126@example.com,Mary Johnson,+1-555-966-3829,"385 Smart City Ave, Street 32",West District,CTZ-001126,+1-555-528-6461,Accountant,3,A+,3,2026-03-07 08:02:18
1127,citizen_1127,citizen_1127@example.com,Elizabeth Johnson,+1-555-640-8457,"574 Smart City Ave, Street 44",Central Zone,CTZ-001127,+1-555-301-2197,Technician,6,AB-,1,2026-02-09 08:02:18
1128,citizen_1128,citizen_1128@example.com,Joseph Martin,+1-555-457-6649,"233 Smart City Ave, Street 43",Central Zone,CTZ-001128,+1-555-399-4391,Student,5,B-,1,2026-05-09 08:02:18
1129,citizen_1129,citizen_1129@example.com,Susan Miller,+1-555-426-4905,"620 Smart City Ave, Street 36",West District,CTZ-001129,+1-555-737-7849,Business Owner,1,B+,1,2026-07-15 08:02:18
1130,citizen_1130,citizen_1130@example.com,William Lopez,+1-555-874-2022,"412 Smart City Ave, Street 30",East District,CTZ-001130,+1-555-356-9605,Teacher,1,A-,2,2025-12-24 08:02:18
1131,citizen_1131,citizen_1131@example.com,Linda Johnson,+1-555-931-1257,"682 Smart City Ave, Street 49",West District,CTZ-001131,+1-555-312-4988,Civil Servant,5,O-,0,2026-01-05 08:02:18
1132,citizen_1132,citizen_1132@example.com,Jessica Martin,+1-555-235-5818,"612 Smart City Ave, Street 11",Industrial Zone,CTZ-001132,+1-555-248-1420,Doctor,4,O+,1,2026-07-28 08:02:18
1133,citizen_1133,citizen_1133@example.com,Elizabeth Wilson,+1-555-307-6954,"243 Smart City Ave, Street 12",Industrial Zone,CTZ-001133,+1-555-267-6851,Civil Servant,1,O-,0,2026-02-11 08:02:18
1134,citizen_1134,citizen_1134@example.com,Barbara Wilson,+1-555-374-7831,"246 Smart City Ave, Street 30",Industrial Zone,CTZ-001134,+1-555-545-9012,Manager,1,A+,1,2025-10-12 08:02:18
1135,citizen_1135,citizen_1135@example.com,Linda Brown,+1-555-114-7586,"422 Smart City Ave, Street 12",Central Zone,CTZ-001135,+1-555-813-9189,Civil Servant,5,B-,0,2025-11-14 08:02:18
1136,citizen_1136,citizen_1136@example.com,Joseph Williams,+1-555-277-2634,"134 Smart City Ave, Street 1",North District,CTZ-001136,+1-555-991-5453,Business Owner,4,B-,3,2026-06-04 08:02:18
1137,citizen_1137,citizen_1137@example.com,Jennifer Martin,+1-555-328-6979,"439 Smart City Ave, Street 29",South District,CTZ-001137,+1-555-296-2491,Doctor,5,A+,2,2026-02-11 08:02:18
1138,citizen_1138,citizen_1138@example.com,Karen Hernandez,+1-555-545-4233,"513 Smart City Ave, Street 26",South District,CTZ-001138,+1-555-443-7111,Doctor,4,B-,2,2026-05-12 08:02:18
1139,citizen_1139,citizen_1139@example.com,Jennifer Johnson,+1-555-991-9253,"346 Smart City Ave, Street 12",North District,CTZ-001139,+1-555-554-1446,Accountant,1,AB-,0,2026-03-22 08:02:18
1140,citizen_1140,citizen_1140@example.com,Thomas Brown,+1-555-543-3684,"334 Smart City Ave, Street 14",West District,CTZ-001140,+1-555-151-5977,Civil Servant,6,AB+,1,2026-07-27 08:02:18
1141,citizen_1141,citizen_1141@example.com,Susan Moore,+1-555-576-9932,"690 Smart City Ave, Street 3",Industrial Zone,CTZ-001141,+1-555-576-5424,Manager,5,O+,0,2026-05-16 08:02:18
1142,citizen_1142,citizen_1142@example.com,Joseph Thomas,+1-555-526-2601,"729 Smart City Ave, Street 36",Industrial Zone,CTZ-001142,+1-555-405-7472,Technician,6,AB-,2,2025-11-03 08:02:18
1143,citizen_1143,citizen_1143@example.com,William Johnson,+1-555-966-8923,"975 Smart City Ave, Street 50",East District,CTZ-001143,+1-555-851-2509,Manager,5,A+,0,2026-01-25 08:02:18
1144,citizen_1144,citizen_1144@example.com,Robert Lopez,+1-555-719-7661,"901 Smart City Ave, Street 7",East District,CTZ-001144,+1-555-661-9620,Accountant,6,O+,2,2026-05-26 08:02:18
1145,citizen_1145,citizen_1145@example.com,Richard Hernandez,+1-555-441-7339,"763 Smart City Ave, Street 21",North District,CTZ-001145,+1-555-187-1426,Civil Servant,1,B-,1,2025-09-09 08:02:18
1146,citizen_1146,citizen_1146@example.com,Robert Anderson,+1-555-191-5447,"839 Smart City Ave, Street 1",West District,CTZ-001146,+1-555-431-2248,Doctor,3,AB+,1,2025-09-12 08:02:18
1147,citizen_1147,citizen_1147@example.com,Barbara Wilson,+1-555-528-6747,"710 Smart City Ave, Street 29",Central Zone,CTZ-001147,+1-555-513-2737,Civil Servant,2,B-,1,2026-05-22 08:02:18
1148,citizen_1148,citizen_1148@example.com,David Garcia,+1-555-629-1625,"895 Smart City Ave, Street 48",Central Zone,CTZ-001148,+1-555-229-7916,Business Owner,1,B-,1,2026-03-16 08:02:18
1149,citizen_1149,citizen_1149@example.com,Robert Jones,+1-555-906-4308,"982 Smart City Ave, Street 25",West District,CTZ-001149,+1-555-825-2952,Civil Servant,2,AB+,3,2026-06-28 08:02:18
1150,citizen_1150,citizen_1150@example.com,Robert Rodriguez,+1-555-666-3117,"778 Smart City Ave, Street 47",Industrial Zone,CTZ-001150,+1-555-571-2662,Business Owner,3,AB+,2,2026-08-11 08:02:18
1151,citizen_1151,citizen_1151@example.com,James Hernandez,+1-555-560-7211,"672 Smart City Ave, Street 31",South District,CTZ-001151,+1-555-161-1139,Manager,2,O-,2,2025-12-25 08:02:18
1152,citizen_1152,citizen_1152@example.com,Mary Lopez,+1-555-326-3405,"400 Smart City Ave, Street 7",West District,CTZ-001152,+1-555-392-8079,Accountant,3,O-,1,2025-09-21 08:02:18
1153,citizen_1153,citizen_1153@example.com,Karen Martin,+1-555-396-3945,"504 Smart City Ave, Street 45",North District,CTZ-001153,+1-555-802-3096,Teacher,4,A+,1,2026-05-08 08:02:18
1154,citizen_1154,citizen_1154@example.com,John Lopez,+1-555-175-7958,"53 Smart City Ave, Street 1",West District,CTZ-001154,+1-555-947-3825,Accountant,3,B-,3,2026-02-03 08:02:18
1155,citizen_1155,citizen_1155@example.com,Karen Brown,+1-555-962-2493,"92 Smart City Ave, Street 10",East District,CTZ-001155,+1-555-251-2431,Manager,5,O-,1,2026-05-26 08:02:18
1156,citizen_1156,citizen_1156@example.com,Barbara Jones,+1-555-929-9915,"719 Smart City Ave, Street 19",Central Zone,CTZ-001156,+1-555-633-9173,Engineer,1,B-,1,2025-11-15 08:02:18
1157,citizen_1157,citizen_1157@example.com,Joseph Brown,+1-555-274-2438,"450 Smart City Ave, Street 4",North District,CTZ-001157,+1-555-994-5421,Architect,2,AB+,1,2025-09-06 08:02:18
1158,citizen_1158,citizen_1158@example.com,Joseph Miller,+1-555-825-7029,"103 Smart City Ave, Street 34",Industrial Zone,CTZ-001158,+1-555-509-2966,Manager,2,AB+,0,2026-04-11 08:02:18
1159,citizen_1159,citizen_1159@example.com,Charles Garcia,+1-555-551-3790,"275 Smart City Ave, Street 32",East District,CTZ-001159,+1-555-627-3424,Civil Servant,4,O+,0,2026-07-24 08:02:18
1160,citizen_1160,citizen_1160@example.com,Robert Moore,+1-555-958-3831,"291 Smart City Ave, Street 28",Central Zone,CTZ-001160,+1-555-872-8452,Accountant,4,A-,1,2026-06-03 08:02:18
1161,citizen_1161,citizen_1161@example.com,William Johnson,+1-555-277-9076,"401 Smart City Ave, Street 4",South District,CTZ-001161,+1-555-530-2970,Accountant,4,O-,2,2025-12-17 08:02:18
1162,citizen_1162,citizen_1162@example.com,David Taylor,+1-555-408-3672,"626 Smart City Ave, Street 18",Industrial Zone,CTZ-001162,+1-555-279-5620,Doctor,1,B-,2,2026-05-14 08:02:18
1163,citizen_1163,citizen_1163@example.com,William Martinez,+1-555-470-3562,"76 Smart City Ave, Street 50",Industrial Zone,CTZ-001163,+1-555-232-9395,Business Owner,5,O-,2,2025-12-23 08:02:18
1164,citizen_1164,citizen_1164@example.com,James Miller,+1-555-718-4892,"796 Smart City Ave, Street 24",Central Zone,CTZ-001164,+1-555-252-4047,Business Owner,1,B+,2,2025-11-06 08:02:18
1165,citizen_1165,citizen_1165@example.com,Michael Gonzalez,+1-555-133-5803,"621 Smart City Ave, Street 46",Industrial Zone,CTZ-001165,+1-555-625-5039,Engineer,4,O-,2,2026-03-03 08:02:18
1166,citizen_1166,citizen_1166@example.com,Barbara Davis,+1-555-215-3500,"240 Smart City Ave, Street 37",North District,CTZ-001166,+1-555-259-1975,Accountant,4,B+,1,2026-01-17 08:02:18
1167,citizen_1167,citizen_1167@example.com,Jennifer Lopez,+1-555-113-7684,"107 Smart City Ave, Street 12",Industrial Zone,CTZ-001167,+1-555-313-2877,Technician,4,O+,0,2026-03-27 08:02:18
1168,citizen_1168,citizen_1168@example.com,William Anderson,+1-555-458-7838,"869 Smart City Ave, Street 17",Central Zone,CTZ-001168,+1-555-815-6176,Civil Servant,3,B-,0,2025-09-20 08:02:18
1169,citizen_1169,citizen_1169@example.com,Joseph Hernandez,+1-555-195-5191,"984 Smart City Ave, Street 27",West District,CTZ-001169,+1-555-941-4800,Engineer,3,B+,1,2026-08-01 08:02:18
1170,citizen_1170,citizen_1170@example.com,Patricia Wilson,+1-555-978-4740,"896 Smart City Ave, Street 22",East District,CTZ-001170,+1-555-770-8949,Architect,1,B+,2,2025-09-27 08:02:18
1171,citizen_1171,citizen_1171@example.com,Charles Lopez,+1-555-571-8479,"333 Smart City Ave, Street 4",East District,CTZ-001171,+1-555-119-3096,Teacher,1,B-,1,2026-08-10 08:02:18
1172,citizen_1172,citizen_1172@example.com,Karen Smith,+1-555-844-7234,"868 Smart City Ave, Street 46",South District,CTZ-001172,+1-555-235-6631,Manager,1,A+,1,2025-12-08 08:02:18
1173,citizen_1173,citizen_1173@example.com,Thomas Jackson,+1-555-747-6218,"517 Smart City Ave, Street 27",North District,CTZ-001173,+1-555-223-7086,Student,4,AB-,1,2026-07-16 08:02:18
1174,citizen_1174,citizen_1174@example.com,Patricia Rodriguez,+1-555-750-1523,"767 Smart City Ave, Street 8",West District,CTZ-001174,+1-555-788-3158,Student,6,B+,1,2025-11-21 08:02:18
1175,citizen_1175,citizen_1175@example.com,Patricia Taylor,+1-555-110-4180,"110 Smart City Ave, Street 30",Industrial Zone,CTZ-001175,+1-555-782-7067,Manager,5,A-,0,2026-03-20 08:02:18
1176,citizen_1176,citizen_1176@example.com,Susan Thomas,+1-555-256-5798,"38 Smart City Ave, Street 6",Industrial Zone,CTZ-001176,+1-555-807-7028,Accountant,1,O+,1,2026-07-16 08:02:18
1177,citizen_1177,citizen_1177@example.com,Joseph Brown,+1-555-404-5591,"271 Smart City Ave, Street 20",Central Zone,CTZ-001177,+1-555-296-1630,Teacher,5,A+,2,2026-08-01 08:02:18
1178,citizen_1178,citizen_1178@example.com,David Taylor,+1-555-666-6105,"121 Smart City Ave, Street 37",West District,CTZ-001178,+1-555-994-2854,Architect,6,O+,2,2026-06-10 08:02:18
1179,citizen_1179,citizen_1179@example.com,Barbara Moore,+1-555-414-2649,"17 Smart City Ave, Street 49",South District,CTZ-001179,+1-555-190-3800,Doctor,1,A-,1,2026-08-03 08:02:18
1180,citizen_1180,citizen_1180@example.com,Richard Taylor,+1-555-770-8197,"167 Smart City Ave, Street 49",Central Zone,CTZ-001180,+1-555-334-7944,Teacher,5,A-,2,2025-11-20 08:02:18
1181,citizen_1181,citizen_1181@example.com,Linda Johnson,+1-555-534-5268,"764 Smart City Ave, Street 17",North District,CTZ-001181,+1-555-844-5848,Technician,2,A+,0,2026-07-10 08:02:18
1182,citizen_1182,citizen_1182@example.com,Joseph Anderson,+1-555-920-4271,"112 Smart City Ave, Street 24",Industrial Zone,CTZ-001182,+1-555-660-3776,Doctor,2,AB+,0,2026-02-23 08:02:18
1183,citizen_1183,citizen_1183@example.com,Elizabeth Hernandez,+1-555-166-3394,"873 Smart City Ave, Street 9",East District,CTZ-001183,+1-555-544-9985,Doctor,4,AB+,0,2026-01-31 08:02:18
1184,citizen_1184,citizen_1184@example.com,Robert Hernandez,+1-555-163-4924,"580 Smart City Ave, Street 11",West District,CTZ-001184,+1-555-179-4722,Civil Servant,3,A+,2,2025-09-19 08:02:18
1185,citizen_1185,citizen_1185@example.com,Karen Taylor,+1-555-507-1527,"70 Smart City Ave, Street 3",South District,CTZ-001185,+1-555-133-4549,Teacher,3,A-,2,2025-10-23 08:02:18
1186,citizen_1186,citizen_1186@example.com,Michael Martin,+1-555-816-7344,"217 Smart City Ave, Street 50",West District,CTZ-001186,+1-555-492-5589,Technician,6,A-,1,2026-02-02 08:02:18
1187,citizen_1187,citizen_1187@example.com,Mary Taylor,+1-555-205-6219,"67 Smart City Ave, Street 16",Central Zone,CTZ-001187,+1-555-480-8330,Civil Servant,4,AB+,0,2026-08-09 08:02:18
1188,citizen_1188,citizen_1188@example.com,Richard Johnson,+1-555-547-1997,"931 Smart City Ave, Street 16",North District,CTZ-001188,+1-555-399-5138,Manager,1,A-,1,2025-12-25 08:02:18
1189,citizen_1189,citizen_1189@example.com,Jennifer Anderson,+1-555-332-2585,"307 Smart City Ave, Street 17",West District,CTZ-001189,+1-555-380-7591,Manager,2,O+,1,2026-02-28 08:02:18
1190,citizen_1190,citizen_1190@example.com,Richard Jones,+1-555-370-6162,"158 Smart City Ave, Street 9",Industrial Zone,CTZ-001190,+1-555-663-1134,Civil Servant,3,B-,3,2026-08-18 08:02:18
1191,citizen_1191,citizen_1191@example.com,David Johnson,+1-555-707-8304,"896 Smart City Ave, Street 15",Central Zone,CTZ-001191,+1-555-942-8606,Civil Servant,1,O-,0,2026-01-30 08:02:18
1192,citizen_1192,citizen_1192@example.com,Linda Hernandez,+1-555-688-6277,"50 Smart City Ave, Street 44",South District,CTZ-001192,+1-555-360-7427,Architect,4,B-,2,2026-03-25 08:02:18
1193,citizen_1193,citizen_1193@example.com,Susan Lopez,+1-555-108-8672,"707 Smart City Ave, Street 39",North District,CTZ-001193,+1-555-408-3035,Technician,2,O+,2,2026-08-19 08:02:18
1194,citizen_1194,citizen_1194@example.com,Elizabeth Williams,+1-555-894-6174,"294 Smart City Ave, Street 46",East District,CTZ-001194,+1-555-907-3583,Engineer,3,O+,3,2026-02-05 08:02:18
1195,citizen_1195,citizen_1195@example.com,Elizabeth Davis,+1-555-511-8704,"278 Smart City Ave, Street 30",Central Zone,CTZ-001195,+1-555-864-3548,Engineer,5,AB+,0,2026-07-09 08:02:18
1196,citizen_1196,citizen_1196@example.com,David Jackson,+1-555-176-9828,"995 Smart City Ave, Street 13",Industrial Zone,CTZ-001196,+1-555-171-1071,Technician,3,B+,1,2026-07-18 08:02:18
1197,citizen_1197,citizen_1197@example.com,Barbara Williams,+1-555-206-9018,"151 Smart City Ave, Street 45",Central Zone,CTZ-001197,+1-555-914-7832,Accountant,3,O+,3,2025-10-14 08:02:18
1198,citizen_1198,citizen_1198@example.com,Susan Moore,+1-555-587-9789,"268 Smart City Ave, Street 16",East District,CTZ-001198,+1-555-565-6855,Civil Servant,6,B-,1,2026-06-03 08:02:18
1199,citizen_1199,citizen_1199@example.com,Robert Hernandez,+1-555-530-5436,"63 Smart City Ave, Street 49",Central Zone,CTZ-001199,+1-555-894-4757,Business Owner,2,B+,1,2026-01-21 08:02:18
1200,citizen_1200,citizen_1200@example.com,Robert Lopez,+1-555-311-5674,"840 Smart City Ave, Street 12",Industrial Zone,CTZ-001200,+1-555-224-1359,Business Owner,6,A+,0,2026-01-10 08:02:18
1201,citizen_1201,citizen_1201@example.com,Elizabeth Martinez,+1-555-340-3152,"708 Smart City Ave, Street 24",Central Zone,CTZ-001201,+1-555-348-2483,Accountant,4,B-,0,2026-06-04 08:02:18
1202,citizen_1202,citizen_1202@example.com,John Taylor,+1-555-138-1992,"561 Smart City Ave, Street 17",Industrial Zone,CTZ-001202,+1-555-917-1706,Teacher,2,A-,1,2026-02-26 08:02:18
1203,citizen_1203,citizen_1203@example.com,Jessica Johnson,+1-555-998-1118,"221 Smart City Ave, Street 8",North District,CTZ-001203,+1-555-876-3884,Civil Servant,3,O+,0,2025-10-13 08:02:18
1204,citizen_1204,citizen_1204@example.com,Barbara Lopez,+1-555-274-6733,"475 Smart City Ave, Street 18",North District,CTZ-001204,+1-555-405-6048,Business Owner,1,A-,2,2026-01-10 08:02:18
1205,citizen_1205,citizen_1205@example.com,James Lopez,+1-555-661-7900,"743 Smart City Ave, Street 44",Industrial Zone,CTZ-001205,+1-555-701-1836,Teacher,6,AB-,1,2026-07-10 08:02:18
1206,citizen_1206,citizen_1206@example.com,Linda Brown,+1-555-621-4829,"876 Smart City Ave, Street 33",East District,CTZ-001206,+1-555-950-5925,Doctor,1,A+,0,2026-08-16 08:02:18
1207,citizen_1207,citizen_1207@example.com,John Garcia,+1-555-384-1804,"516 Smart City Ave, Street 1",West District,CTZ-001207,+1-555-878-2864,Manager,3,AB-,1,2026-07-14 08:02:18
1208,citizen_1208,citizen_1208@example.com,Patricia Davis,+1-555-903-2213,"577 Smart City Ave, Street 13",North District,CTZ-001208,+1-555-171-1787,Technician,4,AB-,1,2026-03-26 08:02:18
1209,citizen_1209,citizen_1209@example.com,Susan Garcia,+1-555-400-9405,"965 Smart City Ave, Street 21",East District,CTZ-001209,+1-555-217-1413,Engineer,6,AB-,2,2025-12-15 08:02:18
1210,citizen_1210,citizen_1210@example.com,Linda Johnson,+1-555-897-6528,"656 Smart City Ave, Street 2",West District,CTZ-001210,+1-555-359-6391,Accountant,2,AB-,0,2026-01-08 08:02:18
1211,citizen_1211,citizen_1211@example.com,Sarah Moore,+1-555-915-8514,"148 Smart City Ave, Street 24",South District,CTZ-001211,+1-555-114-4444,Architect,2,O-,2,2026-01-03 08:02:18
1212,citizen_1212,citizen_1212@example.com,William Wilson,+1-555-736-9877,"171 Smart City Ave, Street 5",South District,CTZ-001212,+1-555-121-7704,Architect,6,B-,2,2025-11-17 08:02:18
1213,citizen_1213,citizen_1213@example.com,Jennifer Thomas,+1-555-678-8200,"12 Smart City Ave, Street 13",South District,CTZ-001213,+1-555-501-6912,Accountant,4,A+,1,2026-07-07 08:02:18
1214,citizen_1214,citizen_1214@example.com,Charles Jackson,+1-555-129-2612,"276 Smart City Ave, Street 16",East District,CTZ-001214,+1-555-251-2891,Accountant,4,A+,3,2026-08-13 08:02:18
1215,citizen_1215,citizen_1215@example.com,Susan Wilson,+1-555-387-4081,"706 Smart City Ave, Street 29",East District,CTZ-001215,+1-555-539-1609,Manager,6,B-,1,2026-07-21 08:02:18
1216,citizen_1216,citizen_1216@example.com,Robert Brown,+1-555-388-8536,"433 Smart City Ave, Street 23",South District,CTZ-001216,+1-555-344-2911,Doctor,6,A-,1,2026-04-22 08:02:18
1217,citizen_1217,citizen_1217@example.com,Susan Hernandez,+1-555-132-2114,"733 Smart City Ave, Street 42",West District,CTZ-001217,+1-555-495-4463,Engineer,5,AB-,2,2026-08-04 08:02:18
1218,citizen_1218,citizen_1218@example.com,David Jones,+1-555-358-2528,"460 Smart City Ave, Street 30",South District,CTZ-001218,+1-555-349-6931,Teacher,5,O-,2,2025-10-18 08:02:18
1219,citizen_1219,citizen_1219@example.com,Linda Hernandez,+1-555-231-2610,"283 Smart City Ave, Street 11",East District,CTZ-001219,+1-555-995-8642,Civil Servant,5,B-,1,2026-04-29 08:02:18
1220,citizen_1220,citizen_1220@example.com,Joseph Moore,+1-555-140-5487,"428 Smart City Ave, Street 41",East District,CTZ-001220,+1-555-951-3202,Engineer,3,B+,3,2025-10-01 08:02:18
1221,citizen_1221,citizen_1221@example.com,Patricia Rodriguez,+1-555-897-6451,"132 Smart City Ave, Street 33",Central Zone,CTZ-001221,+1-555-755-7505,Teacher,6,B+,0,2026-05-23 08:02:18
1222,citizen_1222,citizen_1222@example.com,Thomas Lopez,+1-555-575-9548,"804 Smart City Ave, Street 12",West District,CTZ-001222,+1-555-469-3619,Business Owner,3,A-,0,2026-03-27 08:02:18
1223,citizen_1223,citizen_1223@example.com,Karen Brown,+1-555-424-8252,"827 Smart City Ave, Street 42",Industrial Zone,CTZ-001223,+1-555-662-2069,Student,1,O-,1,2025-10-24 08:02:18
1224,citizen_1224,citizen_1224@example.com,Patricia Martin,+1-555-675-2741,"900 Smart City Ave, Street 6",West District,CTZ-001224,+1-555-977-7800,Manager,3,A+,1,2026-03-14 08:02:18
1225,citizen_1225,citizen_1225@example.com,Jennifer Johnson,+1-555-862-2660,"24 Smart City Ave, Street 45",North District,CTZ-001225,+1-555-708-9239,Engineer,5,B+,2,2025-11-13 08:02:18
1226,citizen_1226,citizen_1226@example.com,Mary Rodriguez,+1-555-442-7658,"954 Smart City Ave, Street 42",North District,CTZ-001226,+1-555-849-5823,Manager,6,O-,2,2026-01-14 08:02:18
1227,citizen_1227,citizen_1227@example.com,Robert Hernandez,+1-555-592-3484,"899 Smart City Ave, Street 18",North District,CTZ-001227,+1-555-270-8150,Engineer,2,AB-,3,2026-04-17 08:02:18
1228,citizen_1228,citizen_1228@example.com,Jessica Williams,+1-555-351-4878,"705 Smart City Ave, Street 38",Central Zone,CTZ-001228,+1-555-310-6337,Architect,2,B+,2,2026-07-21 08:02:18
1229,citizen_1229,citizen_1229@example.com,Mary Johnson,+1-555-685-4076,"777 Smart City Ave, Street 48",Industrial Zone,CTZ-001229,+1-555-595-2711,Teacher,1,O-,3,2026-05-25 08:02:18
1230,citizen_1230,citizen_1230@example.com,Patricia Hernandez,+1-555-907-1019,"145 Smart City Ave, Street 49",East District,CTZ-001230,+1-555-439-5959,Manager,1,A+,2,2026-06-18 08:02:18
1231,citizen_1231,citizen_1231@example.com,Jennifer Smith,+1-555-757-3049,"440 Smart City Ave, Street 14",East District,CTZ-001231,+1-555-461-7554,Student,1,O-,2,2025-09-12 08:02:18
1232,citizen_1232,citizen_1232@example.com,Karen Jackson,+1-555-908-3223,"698 Smart City Ave, Street 1",East District,CTZ-001232,+1-555-846-3588,Civil Servant,5,AB-,1,2026-05-18 08:02:18
1233,citizen_1233,citizen_1233@example.com,Richard Taylor,+1-555-597-6316,"828 Smart City Ave, Street 23",South District,CTZ-001233,+1-555-965-9279,Architect,6,A-,1,2025-12-21 08:02:18
1234,citizen_1234,citizen_1234@example.com,David Martin,+1-555-995-7143,"348 Smart City Ave, Street 34",East District,CTZ-001234,+1-555-199-3746,Technician,4,A+,1,2025-12-29 08:02:18
1235,citizen_1235,citizen_1235@example.com,Jessica Gonzalez,+1-555-192-1113,"64 Smart City Ave, Street 2",South District,CTZ-001235,+1-555-442-4714,Accountant,3,AB+,3,2026-06-10 08:02:18
1236,citizen_1236,citizen_1236@example.com,Karen Williams,+1-555-574-8183,"562 Smart City Ave, Street 48",South District,CTZ-001236,+1-555-209-1234,Manager,6,B-,3,2026-05-16 08:02:18
1237,citizen_1237,citizen_1237@example.com,Robert Moore,+1-555-859-1643,"337 Smart City Ave, Street 37",Industrial Zone,CTZ-001237,+1-555-838-2195,Civil Servant,5,AB-,3,2026-02-19 08:02:18
1238,citizen_1238,citizen_1238@example.com,Mary Garcia,+1-555-753-8446,"261 Smart City Ave, Street 25",East District,CTZ-001238,+1-555-928-1569,Architect,6,O+,0,2026-04-22 08:02:18
1239,citizen_1239,citizen_1239@example.com,Linda Smith,+1-555-990-1524,"432 Smart City Ave, Street 4",North District,CTZ-001239,+1-555-656-2901,Civil Servant,1,AB-,1,2025-09-27 08:02:18
1240,citizen_1240,citizen_1240@example.com,Jennifer Gonzalez,+1-555-394-3115,"61 Smart City Ave, Street 5",Central Zone,CTZ-001240,+1-555-934-6362,Manager,2,O-,3,2026-07-08 08:02:18
1241,citizen_1241,citizen_1241@example.com,Linda Wilson,+1-555-785-3570,"40 Smart City Ave, Street 19",Central Zone,CTZ-001241,+1-555-594-3301,Engineer,3,A-,1,2026-08-17 08:02:18
1242,citizen_1242,citizen_1242@example.com,Richard Jackson,+1-555-239-7177,"765 Smart City Ave, Street 36",West District,CTZ-001242,+1-555-963-2736,Civil Servant,3,B-,2,2025-10-21 08:02:18
1243,citizen_1243,citizen_1243@example.com,Elizabeth Jones,+1-555-326-8655,"426 Smart City Ave, Street 32",Industrial Zone,CTZ-001243,+1-555-740-5968,Manager,3,A+,2,2026-02-22 08:02:18
1244,citizen_1244,citizen_1244@example.com,Barbara Garcia,+1-555-679-4962,"250 Smart City Ave, Street 42",North District,CTZ-001244,+1-555-685-6348,Civil Servant,6,O+,1,2025-12-03 08:02:18
1245,citizen_1245,citizen_1245@example.com,James Wilson,+1-555-438-1337,"451 Smart City Ave, Street 44",Industrial Zone,CTZ-001245,+1-555-180-9408,Accountant,6,B-,2,2026-02-10 08:02:18
1246,citizen_1246,citizen_1246@example.com,Karen Jones,+1-555-671-6918,"673 Smart City Ave, Street 3",West District,CTZ-001246,+1-555-892-6778,Architect,2,B-,0,2025-09-15 08:02:18
1247,citizen_1247,citizen_1247@example.com,David Lopez,+1-555-693-7504,"904 Smart City Ave, Street 12",North District,CTZ-001247,+1-555-537-5013,Civil Servant,3,A-,2,2026-02-08 08:02:18
1248,citizen_1248,citizen_1248@example.com,Barbara Davis,+1-555-999-4455,"693 Smart City Ave, Street 38",Industrial Zone,CTZ-001248,+1-555-625-1002,Technician,1,A-,2,2025-12-03 08:02:18
1249,citizen_1249,citizen_1249@example.com,Mary Hernandez,+1-555-510-4519,"105 Smart City Ave, Street 17",West District,CTZ-001249,+1-555-940-5522,Student,6,A-,1,2026-07-01 08:02:18
1250,citizen_1250,citizen_1250@example.com,Mary Miller,+1-555-489-2760,"396 Smart City Ave, Street 26",Central Zone,CTZ-001250,+1-555-372-6073,Engineer,5,AB-,1,2026-07-01 08:02:18
1251,citizen_1251,citizen_1251@example.com,Sarah Brown,+1-555-223-2852,"323 Smart City Ave, Street 11",South District,CTZ-001251,+1-555-602-8112,Student,4,O+,0,2026-06-23 08:02:18
1252,citizen_1252,citizen_1252@example.com,Barbara Hernandez,+1-555-166-8396,"303 Smart City Ave, Street 50",Central Zone,CTZ-001252,+1-555-884-4100,Doctor,5,B+,1,2026-03-23 08:02:18
1253,citizen_1253,citizen_1253@example.com,Patricia Smith,+1-555-997-4042,"891 Smart City Ave, Street 25",North District,CTZ-001253,+1-555-357-8221,Student,5,O-,1,2026-06-17 08:02:18
1254,citizen_1254,citizen_1254@example.com,Thomas Jones,+1-555-830-6127,"128 Smart City Ave, Street 21",Central Zone,CTZ-001254,+1-555-876-6255,Accountant,2,AB-,1,2026-03-21 08:02:18
1255,citizen_1255,citizen_1255@example.com,Sarah Johnson,+1-555-370-2408,"95 Smart City Ave, Street 25",North District,CTZ-001255,+1-555-502-6336,Accountant,2,A+,2,2026-07-15 08:02:18
1256,citizen_1256,citizen_1256@example.com,Robert Davis,+1-555-686-6781,"371 Smart City Ave, Street 45",North District,CTZ-001256,+1-555-587-8696,Business Owner,6,A-,3,2026-02-06 08:02:18
1257,citizen_1257,citizen_1257@example.com,William Johnson,+1-555-843-8124,"402 Smart City Ave, Street 24",North District,CTZ-001257,+1-555-930-9403,Civil Servant,1,O-,1,2026-08-25 08:02:18
1258,citizen_1258,citizen_1258@example.com,Richard Brown,+1-555-174-9816,"857 Smart City Ave, Street 25",East District,CTZ-001258,+1-555-948-5534,Technician,5,O-,0,2025-09-26 08:02:18
1259,citizen_1259,citizen_1259@example.com,Patricia Anderson,+1-555-868-4160,"530 Smart City Ave, Street 4",South District,CTZ-001259,+1-555-300-7574,Doctor,2,A-,1,2026-08-17 08:02:18
1260,citizen_1260,citizen_1260@example.com,James Davis,+1-555-968-5291,"68 Smart City Ave, Street 41",North District,CTZ-001260,+1-555-323-5499,Accountant,5,B-,0,2026-04-11 08:02:18
1261,citizen_1261,citizen_1261@example.com,William Jackson,+1-555-566-7912,"76 Smart City Ave, Street 28",Industrial Zone,CTZ-001261,+1-555-619-2754,Student,2,B-,2,2026-04-12 08:02:18
1262,citizen_1262,citizen_1262@example.com,Barbara Davis,+1-555-511-5157,"191 Smart City Ave, Street 12",North District,CTZ-001262,+1-555-753-1593,Teacher,4,AB+,1,2026-03-23 08:02:18
1263,citizen_1263,citizen_1263@example.com,Thomas Jackson,+1-555-853-7027,"455 Smart City Ave, Street 40",South District,CTZ-001263,+1-555-784-8951,Engineer,6,A-,1,2025-10-19 08:02:18
1264,citizen_1264,citizen_1264@example.com,Michael Moore,+1-555-936-7776,"959 Smart City Ave, Street 36",Central Zone,CTZ-001264,+1-555-277-9776,Architect,4,AB-,1,2026-07-26 08:02:18
1265,citizen_1265,citizen_1265@example.com,Barbara Martinez,+1-555-867-7018,"582 Smart City Ave, Street 48",Central Zone,CTZ-001265,+1-555-722-8253,Teacher,3,AB+,1,2025-12-18 08:02:18
1266,citizen_1266,citizen_1266@example.com,Patricia Hernandez,+1-555-171-2250,"923 Smart City Ave, Street 19",Industrial Zone,CTZ-001266,+1-555-679-5894,Engineer,6,B-,1,2026-05-27 08:02:18
1267,citizen_1267,citizen_1267@example.com,William Jackson,+1-555-904-2017,"864 Smart City Ave, Street 37",South District,CTZ-001267,+1-555-628-1686,Accountant,4,B+,3,2026-05-26 08:02:18
1268,citizen_1268,citizen_1268@example.com,Sarah Gonzalez,+1-555-841-7850,"698 Smart City Ave, Street 26",Central Zone,CTZ-001268,+1-555-912-5997,Engineer,3,B+,0,2026-08-03 08:02:18
1269,citizen_1269,citizen_1269@example.com,Linda Williams,+1-555-880-6450,"364 Smart City Ave, Street 16",East District,CTZ-001269,+1-555-526-2658,Architect,3,B+,1,2026-01-21 08:02:18
1270,citizen_1270,citizen_1270@example.com,Susan Taylor,+1-555-984-7246,"274 Smart City Ave, Street 45",Central Zone,CTZ-001270,+1-555-965-2434,Manager,5,AB-,1,2026-06-18 08:02:18
1271,citizen_1271,citizen_1271@example.com,William Martin,+1-555-119-9812,"693 Smart City Ave, Street 45",East District,CTZ-001271,+1-555-694-2787,Student,3,B+,1,2025-10-03 08:02:18
1272,citizen_1272,citizen_1272@example.com,Patricia Garcia,+1-555-949-4899,"226 Smart City Ave, Street 22",East District,CTZ-001272,+1-555-128-1848,Doctor,1,O+,1,2025-10-03 08:02:18
1273,citizen_1273,citizen_1273@example.com,Joseph Anderson,+1-555-388-1212,"687 Smart City Ave, Street 33",Central Zone,CTZ-001273,+1-555-470-6570,Manager,5,B+,1,2026-01-24 08:02:18
1274,citizen_1274,citizen_1274@example.com,Robert Martinez,+1-555-575-8755,"318 Smart City Ave, Street 18",East District,CTZ-001274,+1-555-913-4144,Manager,2,B-,2,2025-11-15 08:02:18
1275,citizen_1275,citizen_1275@example.com,Michael Gonzalez,+1-555-393-3800,"754 Smart City Ave, Street 19",West District,CTZ-001275,+1-555-491-2877,Civil Servant,5,A-,3,2026-01-31 08:02:18
1276,citizen_1276,citizen_1276@example.com,Linda Garcia,+1-555-926-1591,"388 Smart City Ave, Street 18",South District,CTZ-001276,+1-555-778-9246,Technician,4,O+,1,2026-02-10 08:02:18
1277,citizen_1277,citizen_1277@example.com,Linda Anderson,+1-555-136-8483,"901 Smart City Ave, Street 24",South District,CTZ-001277,+1-555-999-6339,Doctor,4,O-,2,2026-06-01 08:02:18
1278,citizen_1278,citizen_1278@example.com,Jessica Martin,+1-555-731-1178,"586 Smart City Ave, Street 42",East District,CTZ-001278,+1-555-255-1707,Architect,1,AB-,0,2026-08-02 08:02:18
1279,citizen_1279,citizen_1279@example.com,Sarah Jackson,+1-555-307-2660,"690 Smart City Ave, Street 50",East District,CTZ-001279,+1-555-323-2406,Accountant,4,A-,1,2026-01-06 08:02:18
1280,citizen_1280,citizen_1280@example.com,William Taylor,+1-555-114-2111,"394 Smart City Ave, Street 42",Industrial Zone,CTZ-001280,+1-555-511-7500,Architect,4,O+,0,2026-04-13 08:02:18
1281,citizen_1281,citizen_1281@example.com,Linda Smith,+1-555-172-6262,"933 Smart City Ave, Street 18",South District,CTZ-001281,+1-555-573-7590,Architect,6,AB-,1,2026-05-10 08:02:18
1282,citizen_1282,citizen_1282@example.com,Michael Thomas,+1-555-293-6189,"357 Smart City Ave, Street 45",West District,CTZ-001282,+1-555-744-5457,Student,1,O-,1,2025-10-03 08:02:18
1283,citizen_1283,citizen_1283@example.com,Sarah Thomas,+1-555-362-9094,"742 Smart City Ave, Street 20",East District,CTZ-001283,+1-555-823-2765,Architect,3,O-,1,2026-05-23 08:02:18
1284,citizen_1284,citizen_1284@example.com,Michael Gonzalez,+1-555-471-3749,"987 Smart City Ave, Street 7",North District,CTZ-001284,+1-555-950-4399,Civil Servant,6,AB+,1,2025-09-28 08:02:18
1285,citizen_1285,citizen_1285@example.com,Elizabeth Garcia,+1-555-700-8488,"374 Smart City Ave, Street 34",Central Zone,CTZ-001285,+1-555-666-3316,Technician,3,A+,1,2025-09-27 08:02:18
1286,citizen_1286,citizen_1286@example.com,Elizabeth Wilson,+1-555-798-7642,"841 Smart City Ave, Street 1",East District,CTZ-001286,+1-555-485-9470,Architect,3,B-,1,2026-06-06 08:02:18
1287,citizen_1287,citizen_1287@example.com,Jennifer Hernandez,+1-555-173-1637,"984 Smart City Ave, Street 18",Industrial Zone,CTZ-001287,+1-555-966-9379,Doctor,4,B-,1,2026-02-11 08:02:18
1288,citizen_1288,citizen_1288@example.com,Susan Martin,+1-555-308-4011,"744 Smart City Ave, Street 19",South District,CTZ-001288,+1-555-186-4798,Civil Servant,2,AB+,1,2026-02-14 08:02:18
1289,citizen_1289,citizen_1289@example.com,Thomas Smith,+1-555-901-2823,"392 Smart City Ave, Street 47",Central Zone,CTZ-001289,+1-555-790-2653,Doctor,3,AB+,1,2026-07-17 08:02:18
1290,citizen_1290,citizen_1290@example.com,Linda Wilson,+1-555-916-9504,"346 Smart City Ave, Street 23",Central Zone,CTZ-001290,+1-555-593-4577,Accountant,4,AB-,1,2026-02-09 08:02:18
1291,citizen_1291,citizen_1291@example.com,David Moore,+1-555-723-6855,"415 Smart City Ave, Street 7",North District,CTZ-001291,+1-555-469-7676,Student,5,A-,1,2025-11-28 08:02:18
1292,citizen_1292,citizen_1292@example.com,John Davis,+1-555-870-5754,"799 Smart City Ave, Street 17",West District,CTZ-001292,+1-555-904-5726,Civil Servant,6,AB+,3,2026-07-25 08:02:18
1293,citizen_1293,citizen_1293@example.com,Michael Jones,+1-555-731-3682,"827 Smart City Ave, Street 10",North District,CTZ-001293,+1-555-461-5403,Architect,1,B+,2,2026-07-27 08:02:18
1294,citizen_1294,citizen_1294@example.com,John Davis,+1-555-802-6882,"449 Smart City Ave, Street 42",Central Zone,CTZ-001294,+1-555-537-5230,Student,2,B+,2,2025-09-19 08:02:18
1295,citizen_1295,citizen_1295@example.com,James Martinez,+1-555-711-5174,"42 Smart City Ave, Street 12",West District,CTZ-001295,+1-555-335-6058,Civil Servant,5,O+,3,2026-04-28 08:02:18
1296,citizen_1296,citizen_1296@example.com,Thomas Davis,+1-555-939-1680,"972 Smart City Ave, Street 33",West District,CTZ-001296,+1-555-659-2744,Engineer,2,O-,2,2026-01-01 08:02:18
1297,citizen_1297,citizen_1297@example.com,Sarah Miller,+1-555-116-4158,"553 Smart City Ave, Street 38",East District,CTZ-001297,+1-555-593-9510,Doctor,1,O-,2,2026-08-29 08:02:18
1298,citizen_1298,citizen_1298@example.com,Jessica Anderson,+1-555-763-7670,"796 Smart City Ave, Street 3",Industrial Zone,CTZ-001298,+1-555-631-7847,Doctor,4,B+,3,2026-06-30 08:02:18
1299,citizen_1299,citizen_1299@example.com,Karen Johnson,+1-555-249-6951,"944 Smart City Ave, Street 50",West District,CTZ-001299,+1-555-540-5747,Civil Servant,4,A-,1,2025-12-02 08:02:18
1300,citizen_1300,citizen_1300@example.com,Richard Garcia,+1-555-477-6112,"754 Smart City Ave, Street 38",Industrial Zone,CTZ-001300,+1-555-658-1335,Accountant,1,AB+,2,2026-07-19 08:02:18
1301,citizen_1301,citizen_1301@example.com,Richard Rodriguez,+1-555-349-5176,"631 Smart City Ave, Street 2",Industrial Zone,CTZ-001301,+1-555-844-5261,Manager,1,B+,1,2026-02-05 08:02:18
1302,citizen_1302,citizen_1302@example.com,Susan Hernandez,+1-555-738-1926,"274 Smart City Ave, Street 7",Central Zone,CTZ-001302,+1-555-841-4396,Manager,2,AB+,0,2026-05-31 08:02:18
1303,citizen_1303,citizen_1303@example.com,Patricia Jackson,+1-555-204-9108,"919 Smart City Ave, Street 44",South District,CTZ-001303,+1-555-571-3603,Doctor,4,O-,1,2026-03-30 08:02:18
1304,citizen_1304,citizen_1304@example.com,Sarah Gonzalez,+1-555-170-7947,"287 Smart City Ave, Street 37",Industrial Zone,CTZ-001304,+1-555-951-6996,Civil Servant,4,A+,0,2026-07-17 08:02:18
1305,citizen_1305,citizen_1305@example.com,David Martinez,+1-555-451-3064,"597 Smart City Ave, Street 9",Central Zone,CTZ-001305,+1-555-750-2227,Teacher,4,B+,3,2025-11-05 08:02:18
1306,citizen_1306,citizen_1306@example.com,Karen Smith,+1-555-646-5091,"381 Smart City Ave, Street 49",East District,CTZ-001306,+1-555-900-1978,Doctor,4,A+,3,2026-07-14 08:02:18
1307,citizen_1307,citizen_1307@example.com,Thomas Miller,+1-555-562-7586,"782 Smart City Ave, Street 29",Industrial Zone,CTZ-001307,+1-555-107-2086,Manager,1,O+,1,2026-06-10 08:02:18
1308,citizen_1308,citizen_1308@example.com,Sarah Johnson,+1-555-810-5119,"486 Smart City Ave, Street 17",Central Zone,CTZ-001308,+1-555-161-3105,Civil Servant,6,A-,2,2026-03-08 08:02:18
1309,citizen_1309,citizen_1309@example.com,Elizabeth Brown,+1-555-566-3506,"671 Smart City Ave, Street 32",South District,CTZ-001309,+1-555-946-2677,Student,3,AB+,0,2026-07-31 08:02:18
1310,citizen_1310,citizen_1310@example.com,Sarah Jackson,+1-555-239-6437,"94 Smart City Ave, Street 5",West District,CTZ-001310,+1-555-348-6879,Business Owner,1,O+,1,2025-09-06 08:02:18
1311,citizen_1311,citizen_1311@example.com,Patricia Moore,+1-555-316-8156,"636 Smart City Ave, Street 1",North District,CTZ-001311,+1-555-960-4962,Manager,6,O+,2,2026-01-07 08:02:18
1312,citizen_1312,citizen_1312@example.com,Thomas Garcia,+1-555-955-4478,"417 Smart City Ave, Street 10",West District,CTZ-001312,+1-555-914-2608,Civil Servant,3,AB+,1,2026-05-10 08:02:18
1313,citizen_1313,citizen_1313@example.com,Michael Thomas,+1-555-884-2323,"514 Smart City Ave, Street 12",Industrial Zone,CTZ-001313,+1-555-601-5322,Manager,5,O-,2,2025-10-02 08:02:18
1314,citizen_1314,citizen_1314@example.com,Barbara Gonzalez,+1-555-576-9562,"74 Smart City Ave, Street 46",East District,CTZ-001314,+1-555-746-9083,Engineer,6,AB+,1,2026-01-16 08:02:18
1315,citizen_1315,citizen_1315@example.com,Mary Williams,+1-555-439-6734,"346 Smart City Ave, Street 17",Central Zone,CTZ-001315,+1-555-657-6309,Accountant,4,AB-,1,2025-11-12 08:02:18
1316,citizen_1316,citizen_1316@example.com,William Jackson,+1-555-944-3567,"571 Smart City Ave, Street 6",South District,CTZ-001316,+1-555-939-3733,Business Owner,1,B+,0,2026-09-02 08:02:18
1317,citizen_1317,citizen_1317@example.com,Mary Wilson,+1-555-381-2540,"472 Smart City Ave, Street 14",East District,CTZ-001317,+1-555-738-7457,Engineer,4,O+,1,2026-06-01 08:02:18
1318,citizen_1318,citizen_1318@example.com,Barbara Thomas,+1-555-974-8217,"438 Smart City Ave, Street 42",West District,CTZ-001318,+1-555-861-3233,Architect,3,AB+,2,2026-08-02 08:02:18
1319,citizen_1319,citizen_1319@example.com,William Wilson,+1-555-117-3423,"105 Smart City Ave, Street 7",West District,CTZ-001319,+1-555-325-3180,Accountant,2,AB-,1,2025-12-03 08:02:18
1320,citizen_1320,citizen_1320@example.com,Robert Martinez,+1-555-341-5937,"673 Smart City Ave, Street 39",South District,CTZ-001320,+1-555-258-7780,Architect,3,B+,1,2026-07-05 08:02:18
1321,citizen_1321,citizen_1321@example.com,David Wilson,+1-555-662-7017,"884 Smart City Ave, Street 2",East District,CTZ-001321,+1-555-741-5751,Business Owner,3,AB+,3,2026-08-21 08:02:18
1322,citizen_1322,citizen_1322@example.com,Susan Jackson,+1-555-846-7892,"794 Smart City Ave, Street 10",West District,CTZ-001322,+1-555-684-8314,Accountant,6,A-,1,2026-02-26 08:02:18
1323,citizen_1323,citizen_1323@example.com,Karen Martin,+1-555-117-4404,"167 Smart City Ave, Street 19",East District,CTZ-001323,+1-555-648-9915,Manager,4,A-,3,2026-06-11 08:02:18
1324,citizen_1324,citizen_1324@example.com,Mary Williams,+1-555-706-3041,"603 Smart City Ave, Street 20",Industrial Zone,CTZ-001324,+1-555-794-4173,Manager,5,AB-,3,2025-09-18 08:02:18
1325,citizen_1325,citizen_1325@example.com,Linda Garcia,+1-555-174-5531,"792 Smart City Ave, Street 16",East District,CTZ-001325,+1-555-201-4289,Teacher,4,AB+,0,2026-07-27 08:02:18
1326,citizen_1326,citizen_1326@example.com,Barbara Thomas,+1-555-779-3551,"316 Smart City Ave, Street 18",South District,CTZ-001326,+1-555-657-8711,Manager,5,B-,1,2025-12-17 08:02:18
1327,citizen_1327,citizen_1327@example.com,Elizabeth Martin,+1-555-211-5779,"422 Smart City Ave, Street 33",South District,CTZ-001327,+1-555-929-2979,Teacher,6,O+,1,2025-11-22 08:02:18
1328,citizen_1328,citizen_1328@example.com,David Brown,+1-555-196-5916,"709 Smart City Ave, Street 6",West District,CTZ-001328,+1-555-727-2720,Technician,5,O-,1,2026-08-10 08:02:18
1329,citizen_1329,citizen_1329@example.com,Susan Brown,+1-555-671-4172,"604 Smart City Ave, Street 14",North District,CTZ-001329,+1-555-390-7855,Student,3,O+,2,2026-04-12 08:02:18
1330,citizen_1330,citizen_1330@example.com,Thomas Smith,+1-555-832-4851,"534 Smart City Ave, Street 34",North District,CTZ-001330,+1-555-709-4171,Accountant,6,A-,1,2025-12-07 08:02:18
1331,citizen_1331,citizen_1331@example.com,David Moore,+1-555-667-2832,"674 Smart City Ave, Street 10",North District,CTZ-001331,+1-555-386-6718,Manager,2,AB+,1,2025-10-25 08:02:18
1332,citizen_1332,citizen_1332@example.com,Barbara Martinez,+1-555-845-8156,"736 Smart City Ave, Street 24",South District,CTZ-001332,+1-555-991-8674,Engineer,1,AB-,1,2025-11-15 08:02:18
1333,citizen_1333,citizen_1333@example.com,Joseph Moore,+1-555-729-8551,"633 Smart City Ave, Street 33",Central Zone,CTZ-001333,+1-555-820-9532,Technician,1,AB-,2,2026-01-10 08:02:18
1334,citizen_1334,citizen_1334@example.com,Richard Wilson,+1-555-734-3187,"106 Smart City Ave, Street 19",Industrial Zone,CTZ-001334,+1-555-393-5938,Student,4,B-,1,2026-07-23 08:02:18
1335,citizen_1335,citizen_1335@example.com,Barbara Smith,+1-555-267-5294,"749 Smart City Ave, Street 44",East District,CTZ-001335,+1-555-789-6517,Manager,6,A-,1,2025-11-21 08:02:18
1336,citizen_1336,citizen_1336@example.com,Susan Jackson,+1-555-593-8849,"135 Smart City Ave, Street 44",South District,CTZ-001336,+1-555-109-2185,Business Owner,1,AB+,1,2026-07-25 08:02:18
1337,citizen_1337,citizen_1337@example.com,Linda Miller,+1-555-549-8193,"254 Smart City Ave, Street 24",West District,CTZ-001337,+1-555-394-5185,Technician,1,AB-,1,2026-06-27 08:02:18
1338,citizen_1338,citizen_1338@example.com,Charles Rodriguez,+1-555-782-7994,"22 Smart City Ave, Street 39",Central Zone,CTZ-001338,+1-555-611-6950,Accountant,1,AB+,3,2026-01-14 08:02:18
1339,citizen_1339,citizen_1339@example.com,Robert Davis,+1-555-701-7751,"165 Smart City Ave, Street 17",West District,CTZ-001339,+1-555-530-2856,Architect,1,A+,0,2025-09-28 08:02:18
1340,citizen_1340,citizen_1340@example.com,Richard Martin,+1-555-134-8614,"360 Smart City Ave, Street 7",West District,CTZ-001340,+1-555-356-3095,Manager,3,O-,1,2026-04-25 08:02:18
1341,citizen_1341,citizen_1341@example.com,Jennifer Anderson,+1-555-754-2184,"734 Smart City Ave, Street 43",East District,CTZ-001341,+1-555-677-7972,Teacher,5,O+,1,2026-05-21 08:02:18
1342,citizen_1342,citizen_1342@example.com,Susan Taylor,+1-555-221-8485,"837 Smart City Ave, Street 11",South District,CTZ-001342,+1-555-851-9551,Accountant,4,O+,1,2025-11-24 08:02:18
1343,citizen_1343,citizen_1343@example.com,Elizabeth Jackson,+1-555-719-4343,"257 Smart City Ave, Street 18",East District,CTZ-001343,+1-555-618-8000,Civil Servant,3,B-,0,2026-05-08 08:02:18
1344,citizen_1344,citizen_1344@example.com,David Hernandez,+1-555-566-7043,"851 Smart City Ave, Street 4",East District,CTZ-001344,+1-555-994-4456,Engineer,3,O+,3,2026-06-14 08:02:18
1345,citizen_1345,citizen_1345@example.com,Charles Anderson,+1-555-783-8251,"444 Smart City Ave, Street 1",Industrial Zone,CTZ-001345,+1-555-275-5280,Student,4,AB+,3,2026-02-20 08:02:18
1346,citizen_1346,citizen_1346@example.com,Thomas Martinez,+1-555-162-5814,"160 Smart City Ave, Street 9",North District,CTZ-001346,+1-555-332-9582,Civil Servant,3,O-,1,2026-03-12 08:02:18
1347,citizen_1347,citizen_1347@example.com,Susan Jones,+1-555-301-3028,"255 Smart City Ave, Street 31",East District,CTZ-001347,+1-555-856-2062,Technician,6,A-,2,2025-11-21 08:02:18
1348,citizen_1348,citizen_1348@example.com,Patricia Moore,+1-555-714-7389,"970 Smart City Ave, Street 7",West District,CTZ-001348,+1-555-558-6916,Student,4,AB+,3,2025-11-26 08:02:18
1349,citizen_1349,citizen_1349@example.com,Sarah Martin,+1-555-803-8305,"562 Smart City Ave, Street 39",North District,CTZ-001349,+1-555-265-2851,Architect,1,B+,2,2026-04-23 08:02:18
1350,citizen_1350,citizen_1350@example.com,William Jackson,+1-555-298-3028,"188 Smart City Ave, Street 1",Central Zone,CTZ-001350,+1-555-367-8460,Doctor,3,A+,1,2026-06-03 08:02:18
1351,citizen_1351,citizen_1351@example.com,Mary Davis,+1-555-539-4621,"651 Smart City Ave, Street 17",East District,CTZ-001351,+1-555-661-6099,Civil Servant,6,B-,3,2026-07-13 08:02:18
1352,citizen_1352,citizen_1352@example.com,Jennifer Lopez,+1-555-328-8593,"937 Smart City Ave, Street 23",East District,CTZ-001352,+1-555-586-6437,Manager,3,AB-,0,2026-05-24 08:02:18
1353,citizen_1353,citizen_1353@example.com,Jennifer Moore,+1-555-749-5460,"327 Smart City Ave, Street 25",East District,CTZ-001353,+1-555-527-9725,Technician,6,AB+,1,2026-03-14 08:02:18
1354,citizen_1354,citizen_1354@example.com,Richard Miller,+1-555-363-8579,"364 Smart City Ave, Street 9",North District,CTZ-001354,+1-555-484-6529,Business Owner,5,AB+,0,2025-12-04 08:02:18
1355,citizen_1355,citizen_1355@example.com,Barbara Martinez,+1-555-601-3966,"956 Smart City Ave, Street 33",South District,CTZ-001355,+1-555-249-3077,Accountant,1,O+,1,2025-12-06 08:02:18
1356,citizen_1356,citizen_1356@example.com,Charles Miller,+1-555-583-9012,"664 Smart City Ave, Street 27",Industrial Zone,CTZ-001356,+1-555-580-7589,Student,5,AB+,0,2026-08-17 08:02:18
1357,citizen_1357,citizen_1357@example.com,Michael Williams,+1-555-185-1162,"616 Smart City Ave, Street 38",Industrial Zone,CTZ-001357,+1-555-253-7929,Student,5,A+,2,2026-04-25 08:02:18
1358,citizen_1358,citizen_1358@example.com,Sarah Johnson,+1-555-801-2935,"522 Smart City Ave, Street 34",South District,CTZ-001358,+1-555-106-9908,Architect,1,A+,3,2026-02-04 08:02:18
1359,citizen_1359,citizen_1359@example.com,Karen Wilson,+1-555-522-2208,"986 Smart City Ave, Street 10",North District,CTZ-001359,+1-555-472-3006,Teacher,1,A-,2,2026-04-25 08:02:18
1360,citizen_1360,citizen_1360@example.com,Elizabeth Jackson,+1-555-909-5400,"213 Smart City Ave, Street 48",Industrial Zone,CTZ-001360,+1-555-616-4500,Business Owner,3,AB+,1,2026-06-02 08:02:18
1361,citizen_1361,citizen_1361@example.com,Joseph Wilson,+1-555-542-8464,"694 Smart City Ave, Street 6",Central Zone,CTZ-001361,+1-555-816-2678,Manager,3,A-,1,2026-08-17 08:02:18
1362,citizen_1362,citizen_1362@example.com,Robert Johnson,+1-555-399-7363,"490 Smart City Ave, Street 31",East District,CTZ-001362,+1-555-974-7870,Accountant,4,O-,1,2025-10-09 08:02:18
1363,citizen_1363,citizen_1363@example.com,Patricia Martinez,+1-555-873-4759,"208 Smart City Ave, Street 29",East District,CTZ-001363,+1-555-717-7264,Engineer,6,AB+,1,2026-04-18 08:02:18
1364,citizen_1364,citizen_1364@example.com,Sarah Jackson,+1-555-127-6487,"230 Smart City Ave, Street 3",North District,CTZ-001364,+1-555-430-3294,Architect,6,O-,3,2026-04-07 08:02:18
1365,citizen_1365,citizen_1365@example.com,Thomas Lopez,+1-555-905-3837,"546 Smart City Ave, Street 8",Industrial Zone,CTZ-001365,+1-555-244-4031,Architect,5,O-,0,2025-10-22 08:02:18
1366,citizen_1366,citizen_1366@example.com,Linda Brown,+1-555-743-5023,"834 Smart City Ave, Street 5",South District,CTZ-001366,+1-555-704-2649,Technician,2,O+,1,2025-10-17 08:02:18
1367,citizen_1367,citizen_1367@example.com,John Jones,+1-555-454-8396,"426 Smart City Ave, Street 7",North District,CTZ-001367,+1-555-781-5112,Teacher,4,B+,1,2025-10-17 08:02:18
1368,citizen_1368,citizen_1368@example.com,Linda Miller,+1-555-332-6416,"813 Smart City Ave, Street 33",Central Zone,CTZ-001368,+1-555-469-8469,Business Owner,2,AB-,1,2026-02-15 08:02:18
1369,citizen_1369,citizen_1369@example.com,David Smith,+1-555-522-1903,"763 Smart City Ave, Street 11",South District,CTZ-001369,+1-555-745-4770,Student,2,B+,3,2026-03-15 08:02:18
1370,citizen_1370,citizen_1370@example.com,Linda Johnson,+1-555-781-8001,"399 Smart City Ave, Street 25",Central Zone,CTZ-001370,+1-555-135-6779,Manager,5,O-,2,2026-07-18 08:02:18
1371,citizen_1371,citizen_1371@example.com,Robert Garcia,+1-555-943-5573,"724 Smart City Ave, Street 46",Central Zone,CTZ-001371,+1-555-722-5204,Business Owner,6,AB+,3,2026-05-18 08:02:18
1372,citizen_1372,citizen_1372@example.com,John Wilson,+1-555-664-5618,"418 Smart City Ave, Street 40",South District,CTZ-001372,+1-555-259-8846,Teacher,2,A+,1,2026-01-14 08:02:18
1373,citizen_1373,citizen_1373@example.com,William Johnson,+1-555-764-6429,"105 Smart City Ave, Street 50",East District,CTZ-001373,+1-555-892-2601,Doctor,4,B+,1,2026-07-02 08:02:18
1374,citizen_1374,citizen_1374@example.com,Susan Garcia,+1-555-879-9847,"390 Smart City Ave, Street 40",West District,CTZ-001374,+1-555-108-6923,Engineer,2,AB+,1,2026-04-04 08:02:18
1375,citizen_1375,citizen_1375@example.com,Richard Taylor,+1-555-949-4050,"914 Smart City Ave, Street 35",Central Zone,CTZ-001375,+1-555-995-7967,Architect,5,A-,1,2026-04-14 08:02:18
1376,citizen_1376,citizen_1376@example.com,Richard Taylor,+1-555-334-4784,"774 Smart City Ave, Street 6",Industrial Zone,CTZ-001376,+1-555-607-3060,Technician,4,A-,2,2026-08-07 08:02:18
1377,citizen_1377,citizen_1377@example.com,Michael Rodriguez,+1-555-552-3725,"253 Smart City Ave, Street 13",Central Zone,CTZ-001377,+1-555-733-3121,Engineer,5,B-,3,2025-09-12 08:02:18
1378,citizen_1378,citizen_1378@example.com,Mary Anderson,+1-555-857-2914,"29 Smart City Ave, Street 10",North District,CTZ-001378,+1-555-310-9582,Architect,4,A+,3,2026-06-01 08:02:18
1379,citizen_1379,citizen_1379@example.com,Jessica Taylor,+1-555-167-7801,"65 Smart City Ave, Street 34",East District,CTZ-001379,+1-555-363-9003,Manager,2,B+,0,2026-04-18 08:02:18
1380,citizen_1380,citizen_1380@example.com,Karen Wilson,+1-555-277-6499,"216 Smart City Ave, Street 31",Industrial Zone,CTZ-001380,+1-555-858-9962,Student,4,B+,1,2026-05-17 08:02:18
1381,citizen_1381,citizen_1381@example.com,Mary Lopez,+1-555-899-7439,"141 Smart City Ave, Street 6",East District,CTZ-001381,+1-555-585-1902,Student,6,B-,0,2026-04-28 08:02:18
1382,citizen_1382,citizen_1382@example.com,Robert Thomas,+1-555-337-7142,"622 Smart City Ave, Street 33",West District,CTZ-001382,+1-555-826-2591,Engineer,4,A-,1,2025-12-20 08:02:18
1383,citizen_1383,citizen_1383@example.com,Richard Anderson,+1-555-897-6508,"232 Smart City Ave, Street 32",South District,CTZ-001383,+1-555-223-3969,Civil Servant,6,O-,3,2026-05-10 08:02:18
1384,citizen_1384,citizen_1384@example.com,Patricia Hernandez,+1-555-179-5170,"543 Smart City Ave, Street 23",East District,CTZ-001384,+1-555-342-5005,Accountant,2,B+,3,2026-02-10 08:02:18
1385,citizen_1385,citizen_1385@example.com,John Jackson,+1-555-488-1075,"532 Smart City Ave, Street 9",East District,CTZ-001385,+1-555-726-4313,Doctor,2,A-,2,2026-03-18 08:02:18
1386,citizen_1386,citizen_1386@example.com,Richard Miller,+1-555-962-9447,"12 Smart City Ave, Street 42",North District,CTZ-001386,+1-555-926-9323,Manager,3,O-,1,2026-08-22 08:02:18
1387,citizen_1387,citizen_1387@example.com,Charles Rodriguez,+1-555-227-3271,"241 Smart City Ave, Street 25",North District,CTZ-001387,+1-555-490-6404,Student,3,O-,1,2025-12-12 08:02:18
1388,citizen_1388,citizen_1388@example.com,Joseph Martinez,+1-555-654-2614,"717 Smart City Ave, Street 33",East District,CTZ-001388,+1-555-897-7110,Student,6,AB-,3,2025-12-11 08:02:18
1389,citizen_1389,citizen_1389@example.com,Joseph Garcia,+1-555-600-8331,"532 Smart City Ave, Street 12",Industrial Zone,CTZ-001389,+1-555-245-3473,Doctor,6,A+,1,2026-05-18 08:02:18
1390,citizen_1390,citizen_1390@example.com,John Moore,+1-555-296-2621,"705 Smart City Ave, Street 48",Industrial Zone,CTZ-001390,+1-555-431-2527,Teacher,4,A-,1,2026-08-08 08:02:18
1391,citizen_1391,citizen_1391@example.com,Robert Garcia,+1-555-973-1643,"126 Smart City Ave, Street 16",Industrial Zone,CTZ-001391,+1-555-350-1431,Technician,4,B+,3,2026-05-07 08:02:18
1392,citizen_1392,citizen_1392@example.com,David Lopez,+1-555-297-6065,"281 Smart City Ave, Street 33",North District,CTZ-001392,+1-555-467-5492,Business Owner,4,A+,3,2025-11-07 08:02:18
1393,citizen_1393,citizen_1393@example.com,Karen Anderson,+1-555-322-4059,"476 Smart City Ave, Street 23",Central Zone,CTZ-001393,+1-555-416-1738,Doctor,6,O+,1,2026-07-13 08:02:18
1394,citizen_1394,citizen_1394@example.com,Linda Jones,+1-555-285-8641,"716 Smart City Ave, Street 22",South District,CTZ-001394,+1-555-710-2970,Engineer,3,AB-,1,2025-11-10 08:02:18
1395,citizen_1395,citizen_1395@example.com,Charles Miller,+1-555-582-7071,"126 Smart City Ave, Street 30",West District,CTZ-001395,+1-555-190-1582,Engineer,1,AB+,3,2025-09-07 08:02:18
1396,citizen_1396,citizen_1396@example.com,Joseph Johnson,+1-555-669-8381,"983 Smart City Ave, Street 18",Central Zone,CTZ-001396,+1-555-306-1866,Teacher,4,AB+,1,2026-02-27 08:02:18
1397,citizen_1397,citizen_1397@example.com,Karen Hernandez,+1-555-618-5422,"623 Smart City Ave, Street 22",North District,CTZ-001397,+1-555-634-2171,Civil Servant,4,O+,0,2025-09-05 08:02:18
1398,citizen_1398,citizen_1398@example.com,Robert Moore,+1-555-538-4443,"16 Smart City Ave, Street 15",South District,CTZ-001398,+1-555-286-1131,Doctor,3,B-,0,2026-07-12 08:02:18
1399,citizen_1399,citizen_1399@example.com,Thomas Smith,+1-555-284-2278,"509 Smart City Ave, Street 17",West District,CTZ-001399,+1-555-832-2047,Civil Servant,3,O-,0,2026-07-14 08:02:18
1400,citizen_1400,citizen_1400@example.com,William Martinez,+1-555-337-4553,"975 Smart City Ave, Street 15",North District,CTZ-001400,+1-555-693-8772,Civil Servant,1,AB-,2,2025-11-17 08:02:18
1401,citizen_1401,citizen_1401@example.com,Robert Davis,+1-555-555-4604,"611 Smart City Ave, Street 21",Central Zone,CTZ-001401,+1-555-827-6489,Technician,3,AB+,0,2026-05-02 08:02:18
1402,citizen_1402,citizen_1402@example.com,Charles Lopez,+1-555-408-6439,"862 Smart City Ave, Street 30",East District,CTZ-001402,+1-555-956-3482,Doctor,5,A-,0,2026-06-07 08:02:18
1403,citizen_1403,citizen_1403@example.com,Joseph Taylor,+1-555-112-5073,"713 Smart City Ave, Street 45",South District,CTZ-001403,+1-555-934-5051,Teacher,1,B-,0,2026-07-10 08:02:18
1404,citizen_1404,citizen_1404@example.com,Patricia Gonzalez,+1-555-374-6614,"977 Smart City Ave, Street 28",Industrial Zone,CTZ-001404,+1-555-946-8260,Doctor,5,A-,1,2026-01-09 08:02:18
1405,citizen_1405,citizen_1405@example.com,Richard Wilson,+1-555-213-1473,"414 Smart City Ave, Street 10",West District,CTZ-001405,+1-555-257-7941,Accountant,2,A-,0,2025-11-20 08:02:18
1406,citizen_1406,citizen_1406@example.com,Barbara Moore,+1-555-497-1247,"520 Smart City Ave, Street 1",Industrial Zone,CTZ-001406,+1-555-726-1624,Technician,4,O+,1,2026-05-21 08:02:18
1407,citizen_1407,citizen_1407@example.com,Jennifer Moore,+1-555-309-5177,"607 Smart City Ave, Street 46",West District,CTZ-001407,+1-555-402-8460,Manager,6,O+,2,2025-11-29 08:02:18
1408,citizen_1408,citizen_1408@example.com,Karen Martin,+1-555-908-3148,"940 Smart City Ave, Street 28",West District,CTZ-001408,+1-555-728-7604,Manager,5,B+,1,2026-05-26 08:02:18
1409,citizen_1409,citizen_1409@example.com,Richard Moore,+1-555-262-2503,"396 Smart City Ave, Street 35",East District,CTZ-001409,+1-555-637-2830,Technician,2,B+,1,2025-11-01 08:02:18
1410,citizen_1410,citizen_1410@example.com,Thomas Wilson,+1-555-149-6310,"713 Smart City Ave, Street 20",East District,CTZ-001410,+1-555-811-2827,Civil Servant,4,B+,0,2025-10-13 08:02:18
1411,citizen_1411,citizen_1411@example.com,David Hernandez,+1-555-546-6787,"923 Smart City Ave, Street 16",South District,CTZ-001411,+1-555-827-7332,Civil Servant,3,AB+,3,2026-01-20 08:02:18
1412,citizen_1412,citizen_1412@example.com,Robert Jackson,+1-555-899-5979,"909 Smart City Ave, Street 5",South District,CTZ-001412,+1-555-651-8858,Business Owner,1,A+,2,2025-09-27 08:02:18
1413,citizen_1413,citizen_1413@example.com,Barbara Brown,+1-555-800-1040,"352 Smart City Ave, Street 25",West District,CTZ-001413,+1-555-432-7793,Teacher,4,B+,3,2026-07-03 08:02:18
1414,citizen_1414,citizen_1414@example.com,Robert Lopez,+1-555-945-5902,"877 Smart City Ave, Street 43",Central Zone,CTZ-001414,+1-555-363-7477,Engineer,6,O-,0,2025-10-07 08:02:18
1415,citizen_1415,citizen_1415@example.com,James Gonzalez,+1-555-410-1475,"821 Smart City Ave, Street 46",East District,CTZ-001415,+1-555-158-1188,Engineer,6,B-,1,2026-01-09 08:02:18
1416,citizen_1416,citizen_1416@example.com,Charles Rodriguez,+1-555-109-3955,"270 Smart City Ave, Street 47",West District,CTZ-001416,+1-555-985-5772,Doctor,1,AB+,1,2025-10-25 08:02:18
1417,citizen_1417,citizen_1417@example.com,John Rodriguez,+1-555-159-1692,"396 Smart City Ave, Street 27",West District,CTZ-001417,+1-555-129-4797,Architect,1,O-,3,2026-04-14 08:02:18
1418,citizen_1418,citizen_1418@example.com,Mary Johnson,+1-555-486-2990,"671 Smart City Ave, Street 43",East District,CTZ-001418,+1-555-838-7599,Business Owner,3,B+,3,2025-12-04 08:02:18
1419,citizen_1419,citizen_1419@example.com,Joseph Jackson,+1-555-490-1368,"990 Smart City Ave, Street 14",West District,CTZ-001419,+1-555-869-3473,Teacher,1,O-,0,2025-09-24 08:02:18
1420,citizen_1420,citizen_1420@example.com,Karen Anderson,+1-555-922-2126,"279 Smart City Ave, Street 40",Central Zone,CTZ-001420,+1-555-154-4812,Business Owner,2,AB+,3,2026-05-15 08:02:18
1421,citizen_1421,citizen_1421@example.com,Karen Thomas,+1-555-729-4843,"628 Smart City Ave, Street 43",East District,CTZ-001421,+1-555-961-6035,Architect,3,A-,0,2026-05-10 08:02:18
1422,citizen_1422,citizen_1422@example.com,John Lopez,+1-555-789-1796,"486 Smart City Ave, Street 46",North District,CTZ-001422,+1-555-127-5430,Technician,5,O-,1,2025-09-14 08:02:18
1423,citizen_1423,citizen_1423@example.com,Jennifer Jones,+1-555-589-1191,"958 Smart City Ave, Street 10",Industrial Zone,CTZ-001423,+1-555-201-6409,Manager,6,A+,3,2026-06-10 08:02:18
1424,citizen_1424,citizen_1424@example.com,Jessica Davis,+1-555-368-1439,"278 Smart City Ave, Street 6",South District,CTZ-001424,+1-555-510-3422,Civil Servant,5,A-,1,2026-05-26 08:02:18
1425,citizen_1425,citizen_1425@example.com,Sarah Gonzalez,+1-555-731-6278,"884 Smart City Ave, Street 4",East District,CTZ-001425,+1-555-994-2064,Student,2,B-,1,2026-04-30 08:02:18
1426,citizen_1426,citizen_1426@example.com,Barbara Jackson,+1-555-606-7348,"562 Smart City Ave, Street 29",North District,CTZ-001426,+1-555-735-3247,Civil Servant,4,AB+,1,2026-03-11 08:02:18
1427,citizen_1427,citizen_1427@example.com,Jessica Gonzalez,+1-555-111-8688,"243 Smart City Ave, Street 11",Industrial Zone,CTZ-001427,+1-555-844-7500,Architect,6,A+,0,2026-03-13 08:02:18
1428,citizen_1428,citizen_1428@example.com,Patricia Jones,+1-555-527-8077,"113 Smart City Ave, Street 21",Central Zone,CTZ-001428,+1-555-102-9910,Student,6,O-,2,2026-02-02 08:02:18
1429,citizen_1429,citizen_1429@example.com,Jennifer Johnson,+1-555-120-6049,"370 Smart City Ave, Street 39",West District,CTZ-001429,+1-555-933-6734,Manager,4,AB+,2,2026-08-01 08:02:18
1430,citizen_1430,citizen_1430@example.com,Sarah Lopez,+1-555-829-5757,"54 Smart City Ave, Street 17",North District,CTZ-001430,+1-555-222-8030,Architect,4,A+,1,2026-04-18 08:02:18
1431,citizen_1431,citizen_1431@example.com,Karen Gonzalez,+1-555-113-5239,"828 Smart City Ave, Street 33",North District,CTZ-001431,+1-555-979-5642,Technician,5,A+,3,2026-06-17 08:02:18
1432,citizen_1432,citizen_1432@example.com,Linda Thomas,+1-555-758-7762,"284 Smart City Ave, Street 41",Central Zone,CTZ-001432,+1-555-340-4626,Business Owner,5,B-,1,2026-04-25 08:02:18
1433,citizen_1433,citizen_1433@example.com,Linda Davis,+1-555-638-1918,"680 Smart City Ave, Street 30",North District,CTZ-001433,+1-555-532-3135,Teacher,4,A-,1,2025-12-20 08:02:18
1434,citizen_1434,citizen_1434@example.com,Jessica Anderson,+1-555-624-3255,"131 Smart City Ave, Street 43",Central Zone,CTZ-001434,+1-555-476-9524,Teacher,1,A+,1,2026-04-29 08:02:18
1435,citizen_1435,citizen_1435@example.com,David Rodriguez,+1-555-408-3512,"275 Smart City Ave, Street 21",South District,CTZ-001435,+1-555-582-3857,Teacher,2,O-,2,2026-08-10 08:02:18
1436,citizen_1436,citizen_1436@example.com,Mary Johnson,+1-555-217-4115,"83 Smart City Ave, Street 27",Industrial Zone,CTZ-001436,+1-555-892-8445,Student,6,A-,1,2026-07-12 08:02:18
1437,citizen_1437,citizen_1437@example.com,Mary Johnson,+1-555-815-5707,"84 Smart City Ave, Street 41",North District,CTZ-001437,+1-555-122-7957,Doctor,2,B+,2,2025-11-22 08:02:18
1438,citizen_1438,citizen_1438@example.com,Elizabeth Johnson,+1-555-340-1149,"223 Smart City Ave, Street 21",North District,CTZ-001438,+1-555-528-7872,Architect,4,AB+,0,2026-03-24 08:02:18
1439,citizen_1439,citizen_1439@example.com,David Jones,+1-555-326-6841,"368 Smart City Ave, Street 26",South District,CTZ-001439,+1-555-297-3765,Teacher,1,B-,1,2025-12-26 08:02:18
1440,citizen_1440,citizen_1440@example.com,Robert Martinez,+1-555-653-5382,"159 Smart City Ave, Street 34",Central Zone,CTZ-001440,+1-555-130-7352,Architect,2,A-,1,2026-03-31 08:02:18
1441,citizen_1441,citizen_1441@example.com,Robert Brown,+1-555-542-6731,"475 Smart City Ave, Street 45",North District,CTZ-001441,+1-555-668-3000,Civil Servant,5,O+,2,2025-11-19 08:02:18
1442,citizen_1442,citizen_1442@example.com,Patricia Gonzalez,+1-555-119-5138,"870 Smart City Ave, Street 17",West District,CTZ-001442,+1-555-661-1181,Student,3,A-,0,2026-04-21 08:02:18
1443,citizen_1443,citizen_1443@example.com,Thomas Smith,+1-555-759-5062,"896 Smart City Ave, Street 36",West District,CTZ-001443,+1-555-174-2471,Accountant,2,O-,1,2026-02-28 08:02:18
1444,citizen_1444,citizen_1444@example.com,Joseph Davis,+1-555-829-7317,"813 Smart City Ave, Street 21",East District,CTZ-001444,+1-555-204-2966,Accountant,5,B+,1,2026-04-20 08:02:18
1445,citizen_1445,citizen_1445@example.com,Karen Jones,+1-555-889-9375,"525 Smart City Ave, Street 26",Central Zone,CTZ-001445,+1-555-545-1768,Accountant,2,AB-,1,2026-03-21 08:02:18
1446,citizen_1446,citizen_1446@example.com,Elizabeth Hernandez,+1-555-641-9430,"324 Smart City Ave, Street 25",Industrial Zone,CTZ-001446,+1-555-467-5701,Architect,6,A-,0,2025-11-16 08:02:18
1447,citizen_1447,citizen_1447@example.com,Susan Jones,+1-555-832-8441,"653 Smart City Ave, Street 3",West District,CTZ-001447,+1-555-805-8207,Technician,5,B+,1,2026-03-10 08:02:18
1448,citizen_1448,citizen_1448@example.com,James Johnson,+1-555-486-7580,"308 Smart City Ave, Street 22",South District,CTZ-001448,+1-555-662-3633,Student,4,AB-,0,2026-06-23 08:02:18
1449,citizen_1449,citizen_1449@example.com,James Jackson,+1-555-232-9833,"426 Smart City Ave, Street 17",East District,CTZ-001449,+1-555-470-5412,Civil Servant,4,B+,1,2026-04-04 08:02:18
1450,citizen_1450,citizen_1450@example.com,Karen Jones,+1-555-528-2435,"67 Smart City Ave, Street 9",West District,CTZ-001450,+1-555-730-1218,Doctor,3,O+,1,2026-05-05 08:02:18
1451,citizen_1451,citizen_1451@example.com,Susan Gonzalez,+1-555-966-4540,"164 Smart City Ave, Street 41",South District,CTZ-001451,+1-555-428-7266,Manager,6,B-,1,2026-08-25 08:02:18
1452,citizen_1452,citizen_1452@example.com,Patricia Gonzalez,+1-555-396-6072,"733 Smart City Ave, Street 33",South District,CTZ-001452,+1-555-485-7618,Engineer,1,A-,2,2025-09-05 08:02:18
1453,citizen_1453,citizen_1453@example.com,Patricia Garcia,+1-555-705-8789,"287 Smart City Ave, Street 41",Central Zone,CTZ-001453,+1-555-658-2355,Business Owner,2,A+,2,2026-08-07 08:02:18
1454,citizen_1454,citizen_1454@example.com,Sarah Thomas,+1-555-386-4214,"77 Smart City Ave, Street 1",West District,CTZ-001454,+1-555-918-9206,Technician,3,A-,1,2026-03-16 08:02:18
1455,citizen_1455,citizen_1455@example.com,Michael Davis,+1-555-590-7880,"287 Smart City Ave, Street 17",North District,CTZ-001455,+1-555-531-5072,Civil Servant,6,AB+,0,2026-08-12 08:02:18
1456,citizen_1456,citizen_1456@example.com,Michael Thomas,+1-555-408-2724,"241 Smart City Ave, Street 21",Central Zone,CTZ-001456,+1-555-674-2540,Business Owner,5,O-,0,2026-05-25 08:02:18
1457,citizen_1457,citizen_1457@example.com,Michael Williams,+1-555-878-5855,"980 Smart City Ave, Street 48",North District,CTZ-001457,+1-555-118-9803,Student,6,AB-,3,2026-08-03 08:02:18
1458,citizen_1458,citizen_1458@example.com,Patricia Hernandez,+1-555-206-9875,"89 Smart City Ave, Street 29",North District,CTZ-001458,+1-555-810-5330,Architect,5,B-,1,2026-06-13 08:02:18
1459,citizen_1459,citizen_1459@example.com,Linda Garcia,+1-555-179-6068,"263 Smart City Ave, Street 29",Industrial Zone,CTZ-001459,+1-555-622-5873,Business Owner,2,B-,3,2026-01-22 08:02:18
1460,citizen_1460,citizen_1460@example.com,Elizabeth Moore,+1-555-421-9556,"95 Smart City Ave, Street 23",East District,CTZ-001460,+1-555-943-1840,Engineer,3,A-,2,2025-10-19 08:02:18
1461,citizen_1461,citizen_1461@example.com,John Hernandez,+1-555-589-6990,"708 Smart City Ave, Street 37",West District,CTZ-001461,+1-555-117-1296,Student,1,AB-,0,2026-03-26 08:02:18
1462,citizen_1462,citizen_1462@example.com,Barbara Gonzalez,+1-555-427-3942,"271 Smart City Ave, Street 33",West District,CTZ-001462,+1-555-555-6190,Technician,2,B-,3,2026-06-23 08:02:18
1463,citizen_1463,citizen_1463@example.com,Joseph Hernandez,+1-555-984-6367,"800 Smart City Ave, Street 46",East District,CTZ-001463,+1-555-204-4510,Doctor,6,AB-,1,2026-08-26 08:02:18
1464,citizen_1464,citizen_1464@example.com,Thomas Brown,+1-555-609-5460,"777 Smart City Ave, Street 39",Industrial Zone,CTZ-001464,+1-555-384-7328,Doctor,2,A+,3,2026-04-13 08:02:18
1465,citizen_1465,citizen_1465@example.com,Joseph Gonzalez,+1-555-192-1358,"587 Smart City Ave, Street 5",North District,CTZ-001465,+1-555-580-9325,Business Owner,5,B+,2,2025-11-08 08:02:18
1466,citizen_1466,citizen_1466@example.com,Jennifer Lopez,+1-555-130-2466,"31 Smart City Ave, Street 45",West District,CTZ-001466,+1-555-421-6767,Civil Servant,3,O-,3,2025-10-20 08:02:18
1467,citizen_1467,citizen_1467@example.com,Barbara Martinez,+1-555-735-6677,"959 Smart City Ave, Street 2",Central Zone,CTZ-001467,+1-555-949-8792,Engineer,4,B+,1,2026-05-27 08:02:18
1468,citizen_1468,citizen_1468@example.com,Jennifer Garcia,+1-555-295-3691,"846 Smart City Ave, Street 5",Industrial Zone,CTZ-001468,+1-555-761-3556,Student,5,B-,0,2026-05-03 08:02:18
1469,citizen_1469,citizen_1469@example.com,John Brown,+1-555-591-9438,"764 Smart City Ave, Street 26",South District,CTZ-001469,+1-555-329-5492,Manager,5,AB+,1,2025-12-02 08:02:18
1470,citizen_1470,citizen_1470@example.com,Robert Gonzalez,+1-555-512-1349,"774 Smart City Ave, Street 21",West District,CTZ-001470,+1-555-733-7332,Engineer,1,O-,0,2026-03-18 08:02:18
1471,citizen_1471,citizen_1471@example.com,Jessica Garcia,+1-555-409-3110,"984 Smart City Ave, Street 29",Central Zone,CTZ-001471,+1-555-514-7571,Manager,5,B+,3,2025-10-14 08:02:18
1472,citizen_1472,citizen_1472@example.com,Robert Rodriguez,+1-555-189-3557,"515 Smart City Ave, Street 14",South District,CTZ-001472,+1-555-613-2841,Teacher,1,O-,3,2026-03-09 08:02:18
1473,citizen_1473,citizen_1473@example.com,William Miller,+1-555-100-1045,"82 Smart City Ave, Street 46",Industrial Zone,CTZ-001473,+1-555-248-7376,Technician,4,O+,1,2025-12-10 08:02:18
1474,citizen_1474,citizen_1474@example.com,Michael Jones,+1-555-174-9936,"436 Smart City Ave, Street 29",West District,CTZ-001474,+1-555-387-5024,Architect,3,B-,1,2026-07-17 08:02:18
1475,citizen_1475,citizen_1475@example.com,David Jones,+1-555-137-7104,"802 Smart City Ave, Street 7",West District,CTZ-001475,+1-555-782-4692,Accountant,2,AB-,1,2025-12-10 08:02:18
1476,citizen_1476,citizen_1476@example.com,Barbara Martin,+1-555-795-4614,"364 Smart City Ave, Street 19",South District,CTZ-001476,+1-555-403-1096,Engineer,4,AB+,1,2026-09-03 08:02:18
1477,citizen_1477,citizen_1477@example.com,Thomas Gonzalez,+1-555-147-9968,"651 Smart City Ave, Street 35",North District,CTZ-001477,+1-555-322-9210,Doctor,5,O-,1,2026-01-18 08:02:18
1478,citizen_1478,citizen_1478@example.com,Susan Wilson,+1-555-645-3610,"290 Smart City Ave, Street 3",West District,CTZ-001478,+1-555-283-2616,Technician,2,A-,2,2025-12-30 08:02:18
1479,citizen_1479,citizen_1479@example.com,Susan Jones,+1-555-430-7261,"954 Smart City Ave, Street 33",West District,CTZ-001479,+1-555-124-9253,Student,1,AB-,3,2025-11-16 08:02:18
1480,citizen_1480,citizen_1480@example.com,Richard Anderson,+1-555-142-7809,"492 Smart City Ave, Street 20",West District,CTZ-001480,+1-555-182-6368,Doctor,3,AB+,1,2026-03-12 08:02:18
1481,citizen_1481,citizen_1481@example.com,James Lopez,+1-555-272-4668,"355 Smart City Ave, Street 43",Central Zone,CTZ-001481,+1-555-482-8537,Civil Servant,2,AB+,1,2025-10-12 08:02:18
1482,citizen_1482,citizen_1482@example.com,Linda Martinez,+1-555-561-3783,"38 Smart City Ave, Street 9",North District,CTZ-001482,+1-555-390-9608,Student,5,AB+,3,2026-02-17 08:02:18
1483,citizen_1483,citizen_1483@example.com,Karen Taylor,+1-555-235-2081,"169 Smart City Ave, Street 21",East District,CTZ-001483,+1-555-982-5335,Engineer,4,AB-,3,2025-09-06 08:02:18
1484,citizen_1484,citizen_1484@example.com,James Moore,+1-555-717-3845,"784 Smart City Ave, Street 26",South District,CTZ-001484,+1-555-850-2729,Engineer,3,O+,3,2026-01-05 08:02:18
1485,citizen_1485,citizen_1485@example.com,Charles Martin,+1-555-842-3750,"907 Smart City Ave, Street 1",Industrial Zone,CTZ-001485,+1-555-185-9219,Civil Servant,3,B-,0,2026-03-09 08:02:18
1486,citizen_1486,citizen_1486@example.com,Robert Taylor,+1-555-493-5996,"106 Smart City Ave, Street 45",West District,CTZ-001486,+1-555-486-8134,Architect,2,AB+,0,2025-09-26 08:02:18
1487,citizen_1487,citizen_1487@example.com,Barbara Anderson,+1-555-844-8239,"357 Smart City Ave, Street 7",East District,CTZ-001487,+1-555-602-3556,Engineer,4,O-,1,2026-01-03 08:02:18
1488,citizen_1488,citizen_1488@example.com,Jessica Taylor,+1-555-980-6457,"774 Smart City Ave, Street 15",West District,CTZ-001488,+1-555-501-2392,Civil Servant,1,AB-,1,2026-05-09 08:02:18
1489,citizen_1489,citizen_1489@example.com,Patricia Johnson,+1-555-955-9260,"738 Smart City Ave, Street 49",South District,CTZ-001489,+1-555-262-9592,Engineer,3,A+,2,2026-01-31 08:02:18
1490,citizen_1490,citizen_1490@example.com,Barbara Rodriguez,+1-555-137-5066,"311 Smart City Ave, Street 36",Industrial Zone,CTZ-001490,+1-555-901-6921,Civil Servant,5,A-,0,2026-01-23 08:02:18
1491,citizen_1491,citizen_1491@example.com,Mary Davis,+1-555-812-6219,"190 Smart City Ave, Street 29",East District,CTZ-001491,+1-555-778-3426,Technician,5,AB+,1,2026-08-07 08:02:18
1492,citizen_1492,citizen_1492@example.com,Barbara Moore,+1-555-537-9022,"132 Smart City Ave, Street 15",South District,CTZ-001492,+1-555-298-7507,Engineer,1,A+,1,2026-02-13 08:02:18
1493,citizen_1493,citizen_1493@example.com,Barbara Wilson,+1-555-487-6744,"687 Smart City Ave, Street 30",Industrial Zone,CTZ-001493,+1-555-921-3920,Teacher,4,A+,3,2025-09-05 08:02:18
1494,citizen_1494,citizen_1494@example.com,Karen Thomas,+1-555-703-6383,"377 Smart City Ave, Street 32",East District,CTZ-001494,+1-555-707-2524,Doctor,2,A+,1,2026-07-05 08:02:18
1495,citizen_1495,citizen_1495@example.com,William Miller,+1-555-114-2352,"639 Smart City Ave, Street 19",West District,CTZ-001495,+1-555-411-3160,Business Owner,4,AB-,2,2026-08-26 08:02:18
1496,citizen_1496,citizen_1496@example.com,Susan Hernandez,+1-555-594-1025,"705 Smart City Ave, Street 6",Industrial Zone,CTZ-001496,+1-555-205-1284,Student,2,B-,2,2026-02-18 08:02:18
1497,citizen_1497,citizen_1497@example.com,William Brown,+1-555-468-5010,"469 Smart City Ave, Street 18",South District,CTZ-001497,+1-555-531-5460,Engineer,5,O-,2,2026-01-17 08:02:18
1498,citizen_1498,citizen_1498@example.com,William Johnson,+1-555-444-5147,"728 Smart City Ave, Street 23",Central Zone,CTZ-001498,+1-555-530-1177,Manager,3,A-,0,2026-03-20 08:02:18
1499,citizen_1499,citizen_1499@example.com,Robert Thomas,+1-555-553-1796,"896 Smart City Ave, Street 1",Industrial Zone,CTZ-001499,+1-555-714-8110,Technician,2,AB-,3,2026-03-01 08:02:18
1500,citizen_1500,citizen_1500@example.com,Jennifer Jones,+1-555-409-5917,"697 Smart City Ave, Street 50",Central Zone,CTZ-001500,+1-555-132-6571,Technician,3,AB+,2,2026-02-19 08:02:18
1501,citizen_1501,citizen_1501@example.com,Jennifer Martinez,+1-555-227-5164,"605 Smart City Ave, Street 28",Industrial Zone,CTZ-001501,+1-555-115-3759,Doctor,2,AB-,1,2025-10-08 08:02:18
1502,citizen_1502,citizen_1502@example.com,Sarah Martinez,+1-555-450-3419,"660 Smart City Ave, Street 46",Central Zone,CTZ-001502,+1-555-792-4331,Doctor,4,B+,1,2025-12-09 08:02:18
1503,citizen_1503,citizen_1503@example.com,William Johnson,+1-555-412-4299,"771 Smart City Ave, Street 9",South District,CTZ-001503,+1-555-923-9517,Doctor,4,A-,1,2025-12-22 08:02:18
1504,citizen_1504,citizen_1504@example.com,James Martin,+1-555-915-4096,"633 Smart City Ave, Street 8",North District,CTZ-001504,+1-555-150-9897,Doctor,2,O-,1,2025-09-10 08:02:18
1505,citizen_1505,citizen_1505@example.com,Patricia Garcia,+1-555-913-4560,"727 Smart City Ave, Street 7",East District,CTZ-001505,+1-555-752-2786,Accountant,5,O+,2,2025-11-15 08:02:18
1506,citizen_1506,citizen_1506@example.com,Robert Brown,+1-555-513-9733,"627 Smart City Ave, Street 29",Industrial Zone,CTZ-001506,+1-555-596-2944,Architect,3,B-,3,2025-10-31 08:02:18
1507,citizen_1507,citizen_1507@example.com,Barbara Jones,+1-555-817-3802,"659 Smart City Ave, Street 38",East District,CTZ-001507,+1-555-226-6352,Accountant,1,A-,0,2025-10-03 08:02:18
1508,citizen_1508,citizen_1508@example.com,Sarah Davis,+1-555-133-5960,"874 Smart City Ave, Street 19",Industrial Zone,CTZ-001508,+1-555-301-5831,Teacher,3,A+,3,2025-12-15 08:02:18
1509,citizen_1509,citizen_1509@example.com,Richard Brown,+1-555-163-8474,"442 Smart City Ave, Street 9",South District,CTZ-001509,+1-555-749-4157,Engineer,6,AB+,1,2025-12-08 08:02:18
1510,citizen_1510,citizen_1510@example.com,Joseph Lopez,+1-555-329-8862,"499 Smart City Ave, Street 20",South District,CTZ-001510,+1-555-125-8492,Accountant,3,B+,1,2025-10-06 08:02:18
1511,citizen_1511,citizen_1511@example.com,Patricia Taylor,+1-555-496-9784,"970 Smart City Ave, Street 49",Central Zone,CTZ-001511,+1-555-971-1240,Business Owner,2,O+,3,2025-09-22 08:02:18
1512,citizen_1512,citizen_1512@example.com,Susan Williams,+1-555-166-4028,"248 Smart City Ave, Street 13",South District,CTZ-001512,+1-555-758-6147,Manager,1,AB-,1,2026-01-28 08:02:18
1513,citizen_1513,citizen_1513@example.com,Linda Williams,+1-555-946-6857,"987 Smart City Ave, Street 6",South District,CTZ-001513,+1-555-630-9789,Student,4,B-,0,2026-06-14 08:02:18
1514,citizen_1514,citizen_1514@example.com,Charles Jackson,+1-555-605-7882,"736 Smart City Ave, Street 16",East District,CTZ-001514,+1-555-199-5093,Architect,2,A-,1,2026-05-17 08:02:18
1515,citizen_1515,citizen_1515@example.com,John Williams,+1-555-754-3437,"261 Smart City Ave, Street 41",South District,CTZ-001515,+1-555-771-7992,Engineer,6,AB+,1,2026-06-27 08:02:18
1516,citizen_1516,citizen_1516@example.com,Richard Miller,+1-555-359-4387,"821 Smart City Ave, Street 7",North District,CTZ-001516,+1-555-102-9890,Technician,2,A+,2,2026-05-28 08:02:18
1517,citizen_1517,citizen_1517@example.com,Sarah Williams,+1-555-253-6721,"608 Smart City Ave, Street 27",South District,CTZ-001517,+1-555-743-2710,Doctor,6,AB-,1,2026-08-03 08:02:18
1518,citizen_1518,citizen_1518@example.com,John Wilson,+1-555-620-3956,"620 Smart City Ave, Street 18",East District,CTZ-001518,+1-555-544-5807,Student,6,AB+,1,2025-11-18 08:02:18
1519,citizen_1519,citizen_1519@example.com,John Martinez,+1-555-386-7753,"63 Smart City Ave, Street 41",Central Zone,CTZ-001519,+1-555-214-5505,Engineer,5,O+,3,2025-11-14 08:02:18
1520,citizen_1520,citizen_1520@example.com,Linda Martinez,+1-555-678-6376,"242 Smart City Ave, Street 21",South District,CTZ-001520,+1-555-424-6654,Architect,5,A+,2,2026-05-25 08:02:18
1521,citizen_1521,citizen_1521@example.com,John Smith,+1-555-372-7037,"421 Smart City Ave, Street 17",West District,CTZ-001521,+1-555-893-1059,Architect,3,O-,3,2026-03-09 08:02:18
1522,citizen_1522,citizen_1522@example.com,Jennifer Garcia,+1-555-182-5868,"655 Smart City Ave, Street 42",Central Zone,CTZ-001522,+1-555-195-7854,Teacher,1,A+,1,2025-12-26 08:02:18
1523,citizen_1523,citizen_1523@example.com,Charles Williams,+1-555-704-1420,"908 Smart City Ave, Street 5",South District,CTZ-001523,+1-555-162-8454,Teacher,3,A+,1,2026-02-03 08:02:18
1524,citizen_1524,citizen_1524@example.com,Richard Jackson,+1-555-304-5339,"874 Smart City Ave, Street 19",South District,CTZ-001524,+1-555-944-9922,Architect,3,AB+,1,2026-08-25 08:02:18
1525,citizen_1525,citizen_1525@example.com,Linda Brown,+1-555-148-7781,"189 Smart City Ave, Street 31",South District,CTZ-001525,+1-555-334-5535,Business Owner,4,O+,3,2026-03-05 08:02:18
1526,citizen_1526,citizen_1526@example.com,Mary Thomas,+1-555-255-1234,"719 Smart City Ave, Street 13",Industrial Zone,CTZ-001526,+1-555-371-4157,Civil Servant,6,B+,1,2025-12-21 08:02:18
1527,citizen_1527,citizen_1527@example.com,Patricia Taylor,+1-555-467-2403,"429 Smart City Ave, Street 9",North District,CTZ-001527,+1-555-829-6053,Teacher,3,B+,1,2026-08-03 08:02:18
1528,citizen_1528,citizen_1528@example.com,Jennifer Garcia,+1-555-172-8615,"91 Smart City Ave, Street 44",Central Zone,CTZ-001528,+1-555-841-4447,Engineer,2,B+,2,2026-04-29 08:02:18
1529,citizen_1529,citizen_1529@example.com,William Anderson,+1-555-238-2474,"590 Smart City Ave, Street 40",East District,CTZ-001529,+1-555-464-9490,Student,3,O-,0,2025-12-29 08:02:18
1530,citizen_1530,citizen_1530@example.com,Susan Williams,+1-555-739-4767,"105 Smart City Ave, Street 48",West District,CTZ-001530,+1-555-501-7005,Technician,2,O-,0,2026-03-14 08:02:18
1531,citizen_1531,citizen_1531@example.com,Mary Jackson,+1-555-724-5391,"488 Smart City Ave, Street 33",South District,CTZ-001531,+1-555-440-4227,Architect,4,AB+,1,2025-09-19 08:02:18
1532,citizen_1532,citizen_1532@example.com,John Williams,+1-555-195-2011,"266 Smart City Ave, Street 44",West District,CTZ-001532,+1-555-104-6400,Engineer,5,A+,0,2026-06-08 08:02:18
1533,citizen_1533,citizen_1533@example.com,John Wilson,+1-555-331-6158,"273 Smart City Ave, Street 25",Industrial Zone,CTZ-001533,+1-555-286-4451,Accountant,3,AB+,1,2026-05-22 08:02:18
1534,citizen_1534,citizen_1534@example.com,John Lopez,+1-555-464-4597,"871 Smart City Ave, Street 8",West District,CTZ-001534,+1-555-367-6238,Doctor,2,B+,3,2026-01-14 08:02:18
1535,citizen_1535,citizen_1535@example.com,Michael Davis,+1-555-945-2092,"260 Smart City Ave, Street 40",Industrial Zone,CTZ-001535,+1-555-234-1489,Engineer,1,A-,1,2026-08-23 08:02:18
1536,citizen_1536,citizen_1536@example.com,Thomas Brown,+1-555-228-7016,"626 Smart City Ave, Street 30",Industrial Zone,CTZ-001536,+1-555-607-3228,Accountant,5,B+,0,2026-03-01 08:02:18
1537,citizen_1537,citizen_1537@example.com,William Moore,+1-555-337-9500,"930 Smart City Ave, Street 20",Central Zone,CTZ-001537,+1-555-454-2984,Business Owner,4,A+,1,2025-12-30 08:02:18
1538,citizen_1538,citizen_1538@example.com,James Miller,+1-555-710-5598,"271 Smart City Ave, Street 8",Central Zone,CTZ-001538,+1-555-182-5405,Student,2,B-,2,2026-07-21 08:02:18
1539,citizen_1539,citizen_1539@example.com,John Anderson,+1-555-263-9540,"589 Smart City Ave, Street 12",West District,CTZ-001539,+1-555-247-1716,Doctor,6,A+,1,2026-01-23 08:02:18
1540,citizen_1540,citizen_1540@example.com,Patricia Gonzalez,+1-555-347-5196,"550 Smart City Ave, Street 38",Central Zone,CTZ-001540,+1-555-898-8662,Business Owner,5,A-,1,2026-08-12 08:02:18
1541,citizen_1541,citizen_1541@example.com,Thomas Martinez,+1-555-945-5356,"954 Smart City Ave, Street 34",Industrial Zone,CTZ-001541,+1-555-767-1843,Technician,5,A+,0,2026-02-05 08:02:18
1542,citizen_1542,citizen_1542@example.com,Susan Hernandez,+1-555-598-9530,"19 Smart City Ave, Street 46",Central Zone,CTZ-001542,+1-555-846-1396,Student,2,A-,1,2025-12-08 08:02:18
1543,citizen_1543,citizen_1543@example.com,James Taylor,+1-555-231-6866,"139 Smart City Ave, Street 39",Central Zone,CTZ-001543,+1-555-584-7376,Doctor,1,B-,1,2026-02-02 08:02:18
1544,citizen_1544,citizen_1544@example.com,Robert Wilson,+1-555-347-2709,"16 Smart City Ave, Street 20",Industrial Zone,CTZ-001544,+1-555-192-3736,Engineer,2,AB+,2,2026-04-10 08:02:18
1545,citizen_1545,citizen_1545@example.com,Jennifer Martin,+1-555-567-5284,"859 Smart City Ave, Street 12",East District,CTZ-001545,+1-555-496-7256,Accountant,5,AB-,0,2025-11-02 08:02:18
1546,citizen_1546,citizen_1546@example.com,Mary Smith,+1-555-374-6100,"48 Smart City Ave, Street 4",Industrial Zone,CTZ-001546,+1-555-349-8584,Accountant,6,AB-,1,2026-02-19 08:02:18
1547,citizen_1547,citizen_1547@example.com,Thomas Miller,+1-555-273-6628,"526 Smart City Ave, Street 8",West District,CTZ-001547,+1-555-851-6664,Engineer,6,O+,3,2025-09-10 08:02:18
1548,citizen_1548,citizen_1548@example.com,Robert Williams,+1-555-277-7093,"13 Smart City Ave, Street 17",West District,CTZ-001548,+1-555-225-6396,Teacher,5,A-,1,2025-09-28 08:02:18
1549,citizen_1549,citizen_1549@example.com,Robert Martin,+1-555-810-5333,"751 Smart City Ave, Street 14",South District,CTZ-001549,+1-555-149-9677,Teacher,1,A-,2,2025-11-30 08:02:18
1550,citizen_1550,citizen_1550@example.com,Susan Martinez,+1-555-265-5336,"722 Smart City Ave, Street 17",North District,CTZ-001550,+1-555-726-8072,Business Owner,1,A-,3,2026-04-01 08:02:18
1551,citizen_1551,citizen_1551@example.com,Charles Wilson,+1-555-951-2158,"264 Smart City Ave, Street 43",Industrial Zone,CTZ-001551,+1-555-971-4269,Business Owner,4,AB-,1,2025-10-28 08:02:18
1552,citizen_1552,citizen_1552@example.com,Mary Williams,+1-555-186-9380,"285 Smart City Ave, Street 39",West District,CTZ-001552,+1-555-807-9623,Business Owner,5,B+,1,2025-11-16 08:02:18
1553,citizen_1553,citizen_1553@example.com,Richard Johnson,+1-555-843-1311,"972 Smart City Ave, Street 40",Industrial Zone,CTZ-001553,+1-555-788-8591,Teacher,3,AB+,1,2025-10-15 08:02:18
1554,citizen_1554,citizen_1554@example.com,Richard Brown,+1-555-769-4096,"677 Smart City Ave, Street 9",West District,CTZ-001554,+1-555-754-8187,Student,5,O-,1,2026-01-28 08:02:18
1555,citizen_1555,citizen_1555@example.com,David Williams,+1-555-221-5109,"362 Smart City Ave, Street 23",Industrial Zone,CTZ-001555,+1-555-278-9663,Technician,4,O-,0,2026-05-06 08:02:18
1556,citizen_1556,citizen_1556@example.com,John Hernandez,+1-555-721-1213,"607 Smart City Ave, Street 2",East District,CTZ-001556,+1-555-532-5544,Manager,6,AB-,0,2026-05-07 08:02:18
1557,citizen_1557,citizen_1557@example.com,Richard Martin,+1-555-215-1903,"475 Smart City Ave, Street 41",East District,CTZ-001557,+1-555-936-2403,Manager,4,B+,1,2026-07-15 08:02:18
1558,citizen_1558,citizen_1558@example.com,Patricia Martin,+1-555-182-6127,"159 Smart City Ave, Street 5",Industrial Zone,CTZ-001558,+1-555-553-4560,Accountant,4,O-,0,2025-11-16 08:02:18
1559,citizen_1559,citizen_1559@example.com,Mary Smith,+1-555-983-7175,"466 Smart City Ave, Street 35",Central Zone,CTZ-001559,+1-555-721-4536,Accountant,4,O+,3,2025-10-11 08:02:18
1560,citizen_1560,citizen_1560@example.com,Jessica Smith,+1-555-797-2962,"253 Smart City Ave, Street 49",Central Zone,CTZ-001560,+1-555-353-5552,Engineer,5,AB+,0,2026-04-01 08:02:18
1561,citizen_1561,citizen_1561@example.com,John Hernandez,+1-555-864-2476,"506 Smart City Ave, Street 40",East District,CTZ-001561,+1-555-212-8600,Manager,4,AB-,1,2025-11-03 08:02:18
1562,citizen_1562,citizen_1562@example.com,Patricia Moore,+1-555-706-7482,"431 Smart City Ave, Street 37",North District,CTZ-001562,+1-555-448-2325,Student,1,O-,2,2026-04-06 08:02:18
1563,citizen_1563,citizen_1563@example.com,John Martinez,+1-555-467-4714,"802 Smart City Ave, Street 40",South District,CTZ-001563,+1-555-736-3481,Engineer,6,A-,1,2026-08-16 08:02:18
1564,citizen_1564,citizen_1564@example.com,David Wilson,+1-555-714-3024,"287 Smart City Ave, Street 43",South District,CTZ-001564,+1-555-115-3500,Technician,2,B+,1,2026-02-10 08:02:18
1565,citizen_1565,citizen_1565@example.com,Michael Garcia,+1-555-921-1831,"555 Smart City Ave, Street 43",East District,CTZ-001565,+1-555-376-8227,Business Owner,2,AB-,0,2026-04-12 08:02:18
1566,citizen_1566,citizen_1566@example.com,Karen Martin,+1-555-383-1753,"901 Smart City Ave, Street 11",East District,CTZ-001566,+1-555-360-8561,Student,6,A+,3,2025-09-18 08:02:18
1567,citizen_1567,citizen_1567@example.com,Jessica Davis,+1-555-258-3421,"45 Smart City Ave, Street 34",Central Zone,CTZ-001567,+1-555-321-5763,Manager,5,AB+,2,2026-02-25 08:02:18
1568,citizen_1568,citizen_1568@example.com,Mary Taylor,+1-555-137-4751,"997 Smart City Ave, Street 14",Industrial Zone,CTZ-001568,+1-555-865-1682,Accountant,4,O-,0,2026-02-12 08:02:18
1569,citizen_1569,citizen_1569@example.com,Elizabeth Anderson,+1-555-407-2170,"789 Smart City Ave, Street 44",West District,CTZ-001569,+1-555-199-6980,Civil Servant,4,O+,3,2026-07-11 08:02:18
1570,citizen_1570,citizen_1570@example.com,Richard Taylor,+1-555-692-7424,"967 Smart City Ave, Street 31",North District,CTZ-001570,+1-555-283-6034,Technician,3,O+,1,2026-02-14 08:02:18
1571,citizen_1571,citizen_1571@example.com,Susan Garcia,+1-555-475-6390,"39 Smart City Ave, Street 45",East District,CTZ-001571,+1-555-190-3634,Business Owner,5,AB-,0,2025-10-24 08:02:18
1572,citizen_1572,citizen_1572@example.com,Charles Williams,+1-555-350-1668,"639 Smart City Ave, Street 19",East District,CTZ-001572,+1-555-746-4975,Teacher,5,O-,3,2026-07-16 08:02:18
1573,citizen_1573,citizen_1573@example.com,Jessica Moore,+1-555-331-9575,"490 Smart City Ave, Street 9",East District,CTZ-001573,+1-555-614-3188,Accountant,3,O-,1,2025-09-20 08:02:18
1574,citizen_1574,citizen_1574@example.com,Jessica Miller,+1-555-118-2331,"373 Smart City Ave, Street 37",Central Zone,CTZ-001574,+1-555-559-6306,Manager,6,A+,1,2025-12-06 08:02:18
1575,citizen_1575,citizen_1575@example.com,Robert Jackson,+1-555-729-3413,"821 Smart City Ave, Street 12",North District,CTZ-001575,+1-555-488-4908,Engineer,3,O+,1,2026-08-12 08:02:18
1576,citizen_1576,citizen_1576@example.com,Thomas Brown,+1-555-819-4047,"580 Smart City Ave, Street 27",North District,CTZ-001576,+1-555-627-3005,Business Owner,5,A-,1,2025-12-03 08:02:18
1577,citizen_1577,citizen_1577@example.com,Susan Brown,+1-555-953-9141,"608 Smart City Ave, Street 21",South District,CTZ-001577,+1-555-823-4253,Engineer,6,O+,3,2026-06-21 08:02:18
1578,citizen_1578,citizen_1578@example.com,William Taylor,+1-555-630-8447,"621 Smart City Ave, Street 40",North District,CTZ-001578,+1-555-145-9133,Business Owner,5,A-,1,2026-07-24 08:02:18
1579,citizen_1579,citizen_1579@example.com,Patricia Jones,+1-555-224-7868,"937 Smart City Ave, Street 17",East District,CTZ-001579,+1-555-502-8677,Student,3,AB-,3,2026-08-13 08:02:18
1580,citizen_1580,citizen_1580@example.com,Richard Davis,+1-555-810-4481,"787 Smart City Ave, Street 23",North District,CTZ-001580,+1-555-778-1727,Business Owner,5,AB+,2,2026-07-04 08:02:18
1581,citizen_1581,citizen_1581@example.com,Richard Martin,+1-555-484-2051,"291 Smart City Ave, Street 24",South District,CTZ-001581,+1-555-793-2680,Engineer,2,O-,1,2026-02-06 08:02:18
1582,citizen_1582,citizen_1582@example.com,Thomas Johnson,+1-555-519-5688,"273 Smart City Ave, Street 27",Central Zone,CTZ-001582,+1-555-785-8668,Engineer,1,AB+,0,2026-03-09 08:02:18
1583,citizen_1583,citizen_1583@example.com,Barbara Lopez,+1-555-844-4440,"882 Smart City Ave, Street 25",South District,CTZ-001583,+1-555-529-3346,Architect,1,O-,1,2026-04-14 08:02:18
1584,citizen_1584,citizen_1584@example.com,Michael Thomas,+1-555-424-7231,"858 Smart City Ave, Street 47",East District,CTZ-001584,+1-555-394-1409,Doctor,4,AB-,1,2026-02-26 08:02:18
1585,citizen_1585,citizen_1585@example.com,Charles Taylor,+1-555-316-8585,"16 Smart City Ave, Street 34",West District,CTZ-001585,+1-555-637-5889,Civil Servant,6,A-,0,2026-06-02 08:02:18
1586,citizen_1586,citizen_1586@example.com,Richard Hernandez,+1-555-887-6299,"20 Smart City Ave, Street 46",East District,CTZ-001586,+1-555-749-3315,Manager,1,B+,1,2025-09-09 08:02:18
1587,citizen_1587,citizen_1587@example.com,David Miller,+1-555-205-6921,"605 Smart City Ave, Street 48",North District,CTZ-001587,+1-555-677-1476,Civil Servant,6,A+,0,2026-04-30 08:02:18
1588,citizen_1588,citizen_1588@example.com,John Wilson,+1-555-851-8269,"895 Smart City Ave, Street 43",Industrial Zone,CTZ-001588,+1-555-112-4634,Technician,4,B-,1,2025-10-12 08:02:18
1589,citizen_1589,citizen_1589@example.com,Joseph Gonzalez,+1-555-118-3845,"549 Smart City Ave, Street 24",East District,CTZ-001589,+1-555-633-2573,Engineer,6,O+,2,2026-03-06 08:02:18
1590,citizen_1590,citizen_1590@example.com,Karen Lopez,+1-555-272-2580,"393 Smart City Ave, Street 16",Central Zone,CTZ-001590,+1-555-884-4971,Architect,6,AB+,1,2026-06-03 08:02:18
1591,citizen_1591,citizen_1591@example.com,Thomas Lopez,+1-555-420-2968,"543 Smart City Ave, Street 18",Central Zone,CTZ-001591,+1-555-689-9424,Civil Servant,2,AB+,0,2026-09-02 08:02:18
1592,citizen_1592,citizen_1592@example.com,Robert Jones,+1-555-493-6851,"632 Smart City Ave, Street 9",East District,CTZ-001592,+1-555-464-2815,Accountant,2,AB+,1,2025-12-01 08:02:18
1593,citizen_1593,citizen_1593@example.com,Sarah Williams,+1-555-818-3224,"645 Smart City Ave, Street 18",South District,CTZ-001593,+1-555-910-2381,Teacher,3,A+,0,2026-06-04 08:02:18
1594,citizen_1594,citizen_1594@example.com,Charles Hernandez,+1-555-161-8138,"564 Smart City Ave, Street 13",North District,CTZ-001594,+1-555-532-8334,Teacher,2,A-,2,2025-12-12 08:02:18
1595,citizen_1595,citizen_1595@example.com,David Martinez,+1-555-271-5377,"167 Smart City Ave, Street 3",West District,CTZ-001595,+1-555-765-5950,Doctor,1,B+,0,2026-04-23 08:02:18
1596,citizen_1596,citizen_1596@example.com,Elizabeth Williams,+1-555-375-5157,"239 Smart City Ave, Street 3",West District,CTZ-001596,+1-555-150-8032,Architect,2,AB+,1,2026-03-21 08:02:18
1597,citizen_1597,citizen_1597@example.com,Jennifer Martin,+1-555-336-3402,"357 Smart City Ave, Street 33",West District,CTZ-001597,+1-555-813-8257,Accountant,2,AB+,1,2026-07-05 08:02:18
1598,citizen_1598,citizen_1598@example.com,Joseph Brown,+1-555-921-6079,"451 Smart City Ave, Street 28",West District,CTZ-001598,+1-555-798-8715,Architect,2,O+,1,2026-07-02 08:02:18
1599,citizen_1599,citizen_1599@example.com,Mary Rodriguez,+1-555-182-2791,"889 Smart City Ave, Street 35",North District,CTZ-001599,+1-555-887-1514,Student,2,O+,1,2025-10-16 08:02:18
1600,citizen_1600,citizen_1600@example.com,Jessica Johnson,+1-555-426-2228,"867 Smart City Ave, Street 14",South District,CTZ-001600,+1-555-411-7466,Manager,5,B-,2,2026-07-05 08:02:18
1601,citizen_1601,citizen_1601@example.com,Mary Miller,+1-555-335-6537,"558 Smart City Ave, Street 38",West District,CTZ-001601,+1-555-544-2273,Teacher,2,A-,3,2025-12-21 08:02:18
1602,citizen_1602,citizen_1602@example.com,Michael Williams,+1-555-136-6122,"110 Smart City Ave, Street 32",Central Zone,CTZ-001602,+1-555-834-4327,Student,2,AB-,0,2026-05-04 08:02:18
1603,citizen_1603,citizen_1603@example.com,Patricia Rodriguez,+1-555-758-1114,"506 Smart City Ave, Street 6",North District,CTZ-001603,+1-555-918-5942,Civil Servant,4,B-,2,2025-10-21 08:02:18
1604,citizen_1604,citizen_1604@example.com,John Martinez,+1-555-183-4641,"729 Smart City Ave, Street 49",Industrial Zone,CTZ-001604,+1-555-883-8334,Civil Servant,5,AB+,0,2026-01-25 08:02:18
1605,citizen_1605,citizen_1605@example.com,John Wilson,+1-555-610-4984,"805 Smart City Ave, Street 1",Industrial Zone,CTZ-001605,+1-555-344-7810,Doctor,1,O-,3,2026-05-03 08:02:18
1606,citizen_1606,citizen_1606@example.com,Barbara Moore,+1-555-453-1585,"881 Smart City Ave, Street 25",East District,CTZ-001606,+1-555-559-9941,Student,5,B-,1,2025-12-10 08:02:18
1607,citizen_1607,citizen_1607@example.com,Michael Rodriguez,+1-555-336-1378,"442 Smart City Ave, Street 45",West District,CTZ-001607,+1-555-187-8632,Teacher,3,A+,1,2026-02-16 08:02:18
1608,citizen_1608,citizen_1608@example.com,Linda Lopez,+1-555-691-3481,"965 Smart City Ave, Street 26",South District,CTZ-001608,+1-555-965-1624,Civil Servant,2,B-,3,2026-03-07 08:02:18
1609,citizen_1609,citizen_1609@example.com,Richard Taylor,+1-555-935-1540,"875 Smart City Ave, Street 27",East District,CTZ-001609,+1-555-210-6447,Civil Servant,3,AB-,1,2026-07-05 08:02:18
1610,citizen_1610,citizen_1610@example.com,Susan Rodriguez,+1-555-621-6792,"977 Smart City Ave, Street 38",South District,CTZ-001610,+1-555-767-9868,Engineer,2,B-,1,2026-03-24 08:02:18
1611,citizen_1611,citizen_1611@example.com,Jessica Garcia,+1-555-261-5155,"359 Smart City Ave, Street 18",West District,CTZ-001611,+1-555-734-5151,Teacher,3,A-,2,2026-07-13 08:02:18
1612,citizen_1612,citizen_1612@example.com,Jennifer Martinez,+1-555-305-8171,"989 Smart City Ave, Street 22",Industrial Zone,CTZ-001612,+1-555-330-8452,Civil Servant,5,O-,0,2026-04-22 08:02:18
1613,citizen_1613,citizen_1613@example.com,Barbara Martinez,+1-555-767-5767,"791 Smart City Ave, Street 8",Central Zone,CTZ-001613,+1-555-958-2655,Doctor,3,AB-,1,2025-09-26 08:02:18
1614,citizen_1614,citizen_1614@example.com,Jessica Williams,+1-555-433-1542,"853 Smart City Ave, Street 36",Central Zone,CTZ-001614,+1-555-800-5009,Teacher,2,O-,3,2026-06-14 08:02:18
1615,citizen_1615,citizen_1615@example.com,Joseph Johnson,+1-555-474-3208,"148 Smart City Ave, Street 16",West District,CTZ-001615,+1-555-699-1781,Manager,6,B-,1,2026-05-01 08:02:18
1616,citizen_1616,citizen_1616@example.com,Jennifer Rodriguez,+1-555-111-9362,"603 Smart City Ave, Street 11",East District,CTZ-001616,+1-555-387-7108,Civil Servant,4,AB+,1,2026-04-14 08:02:18
1617,citizen_1617,citizen_1617@example.com,Robert Jackson,+1-555-259-6476,"958 Smart City Ave, Street 17",East District,CTZ-001617,+1-555-636-9671,Teacher,1,O+,2,2026-05-20 08:02:18
1618,citizen_1618,citizen_1618@example.com,Joseph Thomas,+1-555-528-1966,"623 Smart City Ave, Street 49",West District,CTZ-001618,+1-555-627-8532,Student,2,A+,2,2025-12-07 08:02:18
1619,citizen_1619,citizen_1619@example.com,Patricia Jones,+1-555-728-6883,"369 Smart City Ave, Street 49",Central Zone,CTZ-001619,+1-555-967-1816,Engineer,5,O+,3,2026-03-18 08:02:18
1620,citizen_1620,citizen_1620@example.com,Linda Smith,+1-555-958-2268,"719 Smart City Ave, Street 14",Industrial Zone,CTZ-001620,+1-555-608-9417,Teacher,3,O+,2,2025-10-17 08:02:18
1621,citizen_1621,citizen_1621@example.com,Charles Anderson,+1-555-729-6021,"630 Smart City Ave, Street 22",Industrial Zone,CTZ-001621,+1-555-608-3733,Accountant,3,O-,2,2026-04-02 08:02:18
1622,citizen_1622,citizen_1622@example.com,Joseph Jones,+1-555-644-2504,"394 Smart City Ave, Street 44",East District,CTZ-001622,+1-555-928-8222,Engineer,2,B-,0,2026-08-03 08:02:18
1623,citizen_1623,citizen_1623@example.com,Richard Brown,+1-555-932-7100,"814 Smart City Ave, Street 29",North District,CTZ-001623,+1-555-291-1604,Business Owner,2,O+,1,2026-08-20 08:02:18
1624,citizen_1624,citizen_1624@example.com,John Jones,+1-555-633-1917,"641 Smart City Ave, Street 1",South District,CTZ-001624,+1-555-763-9884,Manager,5,B-,0,2025-09-05 08:02:18
1625,citizen_1625,citizen_1625@example.com,Karen Gonzalez,+1-555-766-1681,"135 Smart City Ave, Street 32",Industrial Zone,CTZ-001625,+1-555-872-3897,Manager,1,A-,3,2026-03-01 08:02:18
1626,citizen_1626,citizen_1626@example.com,Barbara Johnson,+1-555-225-5525,"386 Smart City Ave, Street 23",North District,CTZ-001626,+1-555-847-6495,Architect,3,AB-,2,2025-09-13 08:02:18
1627,citizen_1627,citizen_1627@example.com,Charles Moore,+1-555-725-2190,"132 Smart City Ave, Street 29",Central Zone,CTZ-001627,+1-555-291-3620,Teacher,6,O+,1,2026-02-26 08:02:18
1628,citizen_1628,citizen_1628@example.com,Sarah Miller,+1-555-232-9586,"844 Smart City Ave, Street 47",South District,CTZ-001628,+1-555-416-4914,Manager,4,A-,1,2026-01-13 08:02:18
1629,citizen_1629,citizen_1629@example.com,Michael Jackson,+1-555-422-4190,"748 Smart City Ave, Street 28",South District,CTZ-001629,+1-555-805-9445,Teacher,4,O-,2,2026-08-20 08:02:18
1630,citizen_1630,citizen_1630@example.com,Sarah Miller,+1-555-609-1936,"394 Smart City Ave, Street 7",Industrial Zone,CTZ-001630,+1-555-494-8236,Business Owner,2,B-,2,2026-03-22 08:02:18
1631,citizen_1631,citizen_1631@example.com,Robert Hernandez,+1-555-797-1835,"162 Smart City Ave, Street 19",East District,CTZ-001631,+1-555-573-9389,Accountant,4,AB-,3,2026-05-23 08:02:18
1632,citizen_1632,citizen_1632@example.com,Susan Lopez,+1-555-284-9313,"19 Smart City Ave, Street 34",Industrial Zone,CTZ-001632,+1-555-103-7193,Business Owner,6,B+,1,2026-01-26 08:02:18
1633,citizen_1633,citizen_1633@example.com,Richard Wilson,+1-555-185-8306,"467 Smart City Ave, Street 9",North District,CTZ-001633,+1-555-227-3126,Student,1,AB-,0,2026-05-21 08:02:18
1634,citizen_1634,citizen_1634@example.com,James Gonzalez,+1-555-312-6378,"688 Smart City Ave, Street 30",East District,CTZ-001634,+1-555-990-7561,Doctor,6,B-,1,2026-08-28 08:02:18
1635,citizen_1635,citizen_1635@example.com,Jessica Miller,+1-555-544-5925,"593 Smart City Ave, Street 40",West District,CTZ-001635,+1-555-935-3724,Teacher,6,B+,3,2025-12-25 08:02:18
1636,citizen_1636,citizen_1636@example.com,Joseph Rodriguez,+1-555-311-2268,"837 Smart City Ave, Street 19",North District,CTZ-001636,+1-555-212-8195,Teacher,3,B+,0,2026-04-09 08:02:18
1637,citizen_1637,citizen_1637@example.com,Charles Moore,+1-555-334-1499,"383 Smart City Ave, Street 39",West District,CTZ-001637,+1-555-911-6643,Accountant,1,AB+,0,2026-06-30 08:02:18
1638,citizen_1638,citizen_1638@example.com,Robert Rodriguez,+1-555-115-1908,"831 Smart City Ave, Street 46",North District,CTZ-001638,+1-555-429-4283,Manager,3,A-,1,2025-09-30 08:02:18
1639,citizen_1639,citizen_1639@example.com,Sarah Rodriguez,+1-555-962-2889,"358 Smart City Ave, Street 19",North District,CTZ-001639,+1-555-504-9048,Manager,6,A+,1,2026-06-26 08:02:18
1640,citizen_1640,citizen_1640@example.com,Michael Martinez,+1-555-274-5392,"919 Smart City Ave, Street 33",North District,CTZ-001640,+1-555-840-6776,Manager,5,A-,1,2026-03-15 08:02:18
1641,citizen_1641,citizen_1641@example.com,David Lopez,+1-555-414-3894,"441 Smart City Ave, Street 17",West District,CTZ-001641,+1-555-881-2759,Architect,5,B+,1,2026-01-04 08:02:18
1642,citizen_1642,citizen_1642@example.com,David Jones,+1-555-988-4264,"492 Smart City Ave, Street 6",North District,CTZ-001642,+1-555-920-3947,Student,3,AB+,1,2026-05-31 08:02:18
1643,citizen_1643,citizen_1643@example.com,John Smith,+1-555-967-7503,"879 Smart City Ave, Street 11",Central Zone,CTZ-001643,+1-555-511-1993,Accountant,4,A-,1,2026-03-11 08:02:18
1644,citizen_1644,citizen_1644@example.com,Mary Rodriguez,+1-555-117-8702,"99 Smart City Ave, Street 22",South District,CTZ-001644,+1-555-446-2956,Engineer,1,A+,2,2025-09-10 08:02:18
1645,citizen_1645,citizen_1645@example.com,Robert Martin,+1-555-153-2010,"196 Smart City Ave, Street 9",Industrial Zone,CTZ-001645,+1-555-674-8006,Doctor,1,O-,3,2026-05-24 08:02:18
1646,citizen_1646,citizen_1646@example.com,William Smith,+1-555-566-6987,"347 Smart City Ave, Street 25",North District,CTZ-001646,+1-555-489-2788,Student,5,B-,0,2026-06-12 08:02:18
1647,citizen_1647,citizen_1647@example.com,Charles Martin,+1-555-254-8368,"678 Smart City Ave, Street 22",Industrial Zone,CTZ-001647,+1-555-874-1207,Doctor,2,AB-,1,2025-11-16 08:02:18
1648,citizen_1648,citizen_1648@example.com,Robert Rodriguez,+1-555-509-9644,"608 Smart City Ave, Street 31",North District,CTZ-001648,+1-555-930-5979,Technician,2,AB+,3,2026-02-04 08:02:18
1649,citizen_1649,citizen_1649@example.com,Karen Brown,+1-555-420-5733,"436 Smart City Ave, Street 26",South District,CTZ-001649,+1-555-165-9662,Doctor,5,B+,1,2026-05-31 08:02:18
1650,citizen_1650,citizen_1650@example.com,Richard Moore,+1-555-563-2611,"817 Smart City Ave, Street 40",Industrial Zone,CTZ-001650,+1-555-374-6996,Student,6,B-,1,2026-03-19 08:02:18
1651,citizen_1651,citizen_1651@example.com,Joseph Jackson,+1-555-895-6314,"895 Smart City Ave, Street 2",North District,CTZ-001651,+1-555-625-5151,Technician,6,O-,0,2025-12-15 08:02:18
1652,citizen_1652,citizen_1652@example.com,Susan Jackson,+1-555-730-5311,"934 Smart City Ave, Street 40",West District,CTZ-001652,+1-555-930-7871,Accountant,6,A+,2,2026-06-08 08:02:18
1653,citizen_1653,citizen_1653@example.com,Richard Taylor,+1-555-481-4438,"213 Smart City Ave, Street 16",West District,CTZ-001653,+1-555-806-6845,Architect,2,A-,1,2026-05-06 08:02:18
1654,citizen_1654,citizen_1654@example.com,Charles Moore,+1-555-284-4526,"979 Smart City Ave, Street 11",West District,CTZ-001654,+1-555-588-3916,Civil Servant,1,AB+,3,2026-03-23 08:02:18
1655,citizen_1655,citizen_1655@example.com,James Taylor,+1-555-798-3818,"60 Smart City Ave, Street 4",Central Zone,CTZ-001655,+1-555-151-9306,Engineer,6,AB+,1,2026-02-26 08:02:18
1656,citizen_1656,citizen_1656@example.com,Robert Thomas,+1-555-505-2728,"376 Smart City Ave, Street 9",North District,CTZ-001656,+1-555-330-9112,Technician,1,O+,3,2025-12-05 08:02:18
1657,citizen_1657,citizen_1657@example.com,Richard Hernandez,+1-555-409-9819,"58 Smart City Ave, Street 4",North District,CTZ-001657,+1-555-665-4758,Technician,5,AB-,0,2026-07-13 08:02:18
1658,citizen_1658,citizen_1658@example.com,Mary Garcia,+1-555-428-4444,"50 Smart City Ave, Street 31",North District,CTZ-001658,+1-555-276-5785,Civil Servant,4,A+,1,2026-05-17 08:02:18
1659,citizen_1659,citizen_1659@example.com,Patricia Taylor,+1-555-640-6881,"111 Smart City Ave, Street 49",West District,CTZ-001659,+1-555-485-9911,Civil Servant,2,A+,1,2026-01-29 08:02:18
1660,citizen_1660,citizen_1660@example.com,Mary Jones,+1-555-982-8377,"50 Smart City Ave, Street 4",South District,CTZ-001660,+1-555-330-3898,Teacher,1,O+,3,2026-02-02 08:02:18
1661,citizen_1661,citizen_1661@example.com,James Hernandez,+1-555-552-2906,"31 Smart City Ave, Street 9",West District,CTZ-001661,+1-555-977-2823,Civil Servant,1,O+,2,2025-12-08 08:02:18
1662,citizen_1662,citizen_1662@example.com,Susan Jones,+1-555-701-6649,"708 Smart City Ave, Street 31",West District,CTZ-001662,+1-555-961-3294,Accountant,3,B-,1,2026-06-25 08:02:18
1663,citizen_1663,citizen_1663@example.com,Patricia Garcia,+1-555-183-6641,"930 Smart City Ave, Street 17",West District,CTZ-001663,+1-555-183-4867,Student,1,AB-,1,2026-04-26 08:02:18
1664,citizen_1664,citizen_1664@example.com,Karen Miller,+1-555-237-1576,"749 Smart City Ave, Street 3",West District,CTZ-001664,+1-555-650-1622,Civil Servant,3,A-,2,2026-05-05 08:02:18
1665,citizen_1665,citizen_1665@example.com,Charles Moore,+1-555-244-4862,"257 Smart City Ave, Street 43",North District,CTZ-001665,+1-555-731-7809,Manager,5,O+,3,2026-03-26 08:02:18
1666,citizen_1666,citizen_1666@example.com,David Anderson,+1-555-259-2983,"29 Smart City Ave, Street 9",North District,CTZ-001666,+1-555-239-3059,Civil Servant,2,AB-,2,2026-08-18 08:02:18
1667,citizen_1667,citizen_1667@example.com,Karen Hernandez,+1-555-659-4843,"835 Smart City Ave, Street 1",North District,CTZ-001667,+1-555-944-1824,Student,1,O-,1,2026-07-04 08:02:18
1668,citizen_1668,citizen_1668@example.com,David Davis,+1-555-218-9553,"989 Smart City Ave, Street 14",Industrial Zone,CTZ-001668,+1-555-267-8924,Accountant,6,A-,1,2026-07-14 08:02:18
1669,citizen_1669,citizen_1669@example.com,Michael Taylor,+1-555-511-1085,"909 Smart City Ave, Street 26",South District,CTZ-001669,+1-555-631-5731,Civil Servant,6,O-,0,2026-04-25 08:02:18
1670,citizen_1670,citizen_1670@example.com,David Moore,+1-555-581-1608,"84 Smart City Ave, Street 20",North District,CTZ-001670,+1-555-514-3474,Technician,6,A-,2,2025-10-12 08:02:18
1671,citizen_1671,citizen_1671@example.com,Mary Jackson,+1-555-716-3901,"369 Smart City Ave, Street 10",North District,CTZ-001671,+1-555-424-7052,Teacher,6,B-,3,2026-06-29 08:02:18
1672,citizen_1672,citizen_1672@example.com,Michael Williams,+1-555-616-3571,"287 Smart City Ave, Street 26",North District,CTZ-001672,+1-555-281-5862,Civil Servant,2,A-,2,2026-05-04 08:02:18
1673,citizen_1673,citizen_1673@example.com,Patricia Miller,+1-555-106-7782,"539 Smart City Ave, Street 26",East District,CTZ-001673,+1-555-519-1555,Civil Servant,6,AB+,3,2026-02-08 08:02:18
1674,citizen_1674,citizen_1674@example.com,Sarah Garcia,+1-555-894-4939,"871 Smart City Ave, Street 27",Central Zone,CTZ-001674,+1-555-892-5612,Engineer,2,O-,3,2026-03-03 08:02:18
1675,citizen_1675,citizen_1675@example.com,Elizabeth Martinez,+1-555-180-9028,"662 Smart City Ave, Street 25",East District,CTZ-001675,+1-555-953-9743,Manager,4,A-,1,2026-07-24 08:02:18
1676,citizen_1676,citizen_1676@example.com,James Moore,+1-555-954-3893,"947 Smart City Ave, Street 12",Central Zone,CTZ-001676,+1-555-841-8256,Accountant,2,B-,0,2026-01-30 08:02:18
1677,citizen_1677,citizen_1677@example.com,Jessica Garcia,+1-555-784-7442,"389 Smart City Ave, Street 8",North District,CTZ-001677,+1-555-277-9212,Engineer,6,B+,3,2026-07-09 08:02:18
1678,citizen_1678,citizen_1678@example.com,Mary Jackson,+1-555-526-1837,"797 Smart City Ave, Street 43",West District,CTZ-001678,+1-555-774-1732,Technician,4,O+,1,2025-09-05 08:02:18
1679,citizen_1679,citizen_1679@example.com,Joseph Davis,+1-555-618-9084,"416 Smart City Ave, Street 41",Central Zone,CTZ-001679,+1-555-345-4447,Teacher,2,B-,3,2025-12-11 08:02:18
1680,citizen_1680,citizen_1680@example.com,Susan Gonzalez,+1-555-889-3369,"302 Smart City Ave, Street 20",Central Zone,CTZ-001680,+1-555-492-6146,Civil Servant,1,A-,3,2025-10-30 08:02:18
1681,citizen_1681,citizen_1681@example.com,Joseph Moore,+1-555-559-3216,"329 Smart City Ave, Street 7",North District,CTZ-001681,+1-555-477-3090,Manager,5,B+,1,2026-08-01 08:02:18
1682,citizen_1682,citizen_1682@example.com,Karen Moore,+1-555-992-6218,"67 Smart City Ave, Street 47",North District,CTZ-001682,+1-555-640-3065,Teacher,3,O-,0,2026-06-26 08:02:18
1683,citizen_1683,citizen_1683@example.com,Barbara Thomas,+1-555-249-8525,"757 Smart City Ave, Street 3",Industrial Zone,CTZ-001683,+1-555-173-3293,Technician,4,AB-,1,2026-07-21 08:02:18
1684,citizen_1684,citizen_1684@example.com,Robert Rodriguez,+1-555-834-2676,"10 Smart City Ave, Street 8",East District,CTZ-001684,+1-555-816-5068,Business Owner,5,A+,1,2025-09-28 08:02:18
1685,citizen_1685,citizen_1685@example.com,William Martin,+1-555-720-8865,"783 Smart City Ave, Street 11",West District,CTZ-001685,+1-555-821-7631,Student,2,A+,0,2026-04-27 08:02:18
1686,citizen_1686,citizen_1686@example.com,Patricia Rodriguez,+1-555-164-9858,"381 Smart City Ave, Street 16",Industrial Zone,CTZ-001686,+1-555-547-5966,Doctor,2,O+,1,2026-06-22 08:02:18
1687,citizen_1687,citizen_1687@example.com,Karen Taylor,+1-555-145-4989,"472 Smart City Ave, Street 31",Central Zone,CTZ-001687,+1-555-438-2654,Architect,3,B-,2,2026-05-05 08:02:18
1688,citizen_1688,citizen_1688@example.com,James Jackson,+1-555-698-9070,"756 Smart City Ave, Street 46",Central Zone,CTZ-001688,+1-555-980-9761,Manager,4,AB-,1,2025-10-03 08:02:18
1689,citizen_1689,citizen_1689@example.com,Thomas Davis,+1-555-255-2848,"141 Smart City Ave, Street 15",Industrial Zone,CTZ-001689,+1-555-850-4287,Doctor,3,B+,2,2026-02-21 08:02:18
1690,citizen_1690,citizen_1690@example.com,Michael Miller,+1-555-849-6935,"66 Smart City Ave, Street 32",North District,CTZ-001690,+1-555-674-8865,Accountant,1,AB-,1,2026-03-24 08:02:18
1691,citizen_1691,citizen_1691@example.com,Sarah Martinez,+1-555-813-6458,"485 Smart City Ave, Street 13",Central Zone,CTZ-001691,+1-555-597-2997,Civil Servant,2,A-,1,2025-09-07 08:02:18
1692,citizen_1692,citizen_1692@example.com,Barbara Smith,+1-555-986-8134,"422 Smart City Ave, Street 20",North District,CTZ-001692,+1-555-237-7472,Student,5,O-,3,2025-12-28 08:02:18
1693,citizen_1693,citizen_1693@example.com,Patricia Smith,+1-555-574-8834,"304 Smart City Ave, Street 4",East District,CTZ-001693,+1-555-561-1776,Engineer,5,B-,1,2026-07-07 08:02:18
1694,citizen_1694,citizen_1694@example.com,John Gonzalez,+1-555-329-3885,"353 Smart City Ave, Street 47",North District,CTZ-001694,+1-555-595-4061,Doctor,5,B+,1,2026-07-29 08:02:18
1695,citizen_1695,citizen_1695@example.com,Thomas Thomas,+1-555-217-5779,"187 Smart City Ave, Street 12",Industrial Zone,CTZ-001695,+1-555-879-4651,Student,2,A-,1,2025-12-10 08:02:18
1696,citizen_1696,citizen_1696@example.com,Elizabeth Thomas,+1-555-802-9933,"70 Smart City Ave, Street 41",Industrial Zone,CTZ-001696,+1-555-557-5462,Business Owner,4,B-,3,2026-04-09 08:02:18
1697,citizen_1697,citizen_1697@example.com,Jennifer Martinez,+1-555-702-5018,"523 Smart City Ave, Street 42",South District,CTZ-001697,+1-555-643-2051,Architect,5,O+,3,2026-06-21 08:02:18
1698,citizen_1698,citizen_1698@example.com,Sarah Gonzalez,+1-555-181-9002,"591 Smart City Ave, Street 46",Central Zone,CTZ-001698,+1-555-902-7536,Student,5,AB-,1,2026-08-16 08:02:18
1699,citizen_1699,citizen_1699@example.com,Thomas Brown,+1-555-583-2483,"595 Smart City Ave, Street 16",East District,CTZ-001699,+1-555-469-1529,Business Owner,4,A-,1,2026-03-22 08:02:18
1700,citizen_1700,citizen_1700@example.com,Richard Martin,+1-555-314-1851,"616 Smart City Ave, Street 40",Central Zone,CTZ-001700,+1-555-356-9546,Architect,4,O+,3,2026-03-22 08:02:18
1701,citizen_1701,citizen_1701@example.com,Linda Lopez,+1-555-543-2473,"872 Smart City Ave, Street 49",North District,CTZ-001701,+1-555-714-2911,Technician,3,A+,1,2026-02-17 08:02:18
1702,citizen_1702,citizen_1702@example.com,James Martinez,+1-555-675-5080,"724 Smart City Ave, Street 4",Central Zone,CTZ-001702,+1-555-473-8057,Student,3,O+,0,2026-02-26 08:02:18
1703,citizen_1703,citizen_1703@example.com,Michael Moore,+1-555-838-5659,"442 Smart City Ave, Street 14",Industrial Zone,CTZ-001703,+1-555-422-5115,Manager,1,O+,1,2026-07-09 08:02:18
1704,citizen_1704,citizen_1704@example.com,Robert Johnson,+1-555-596-3632,"961 Smart City Ave, Street 45",West District,CTZ-001704,+1-555-904-4441,Student,3,B+,3,2026-01-09 08:02:18
1705,citizen_1705,citizen_1705@example.com,Richard Jackson,+1-555-128-5650,"543 Smart City Ave, Street 15",East District,CTZ-001705,+1-555-557-3641,Civil Servant,1,O+,1,2026-04-13 08:02:18
1706,citizen_1706,citizen_1706@example.com,Robert Martin,+1-555-168-6401,"115 Smart City Ave, Street 21",West District,CTZ-001706,+1-555-782-3976,Civil Servant,5,B+,0,2026-06-18 08:02:18
1707,citizen_1707,citizen_1707@example.com,David Miller,+1-555-483-9558,"36 Smart City Ave, Street 19",Central Zone,CTZ-001707,+1-555-473-2267,Architect,2,O-,3,2025-09-04 08:02:18
1708,citizen_1708,citizen_1708@example.com,Joseph Jackson,+1-555-629-5000,"308 Smart City Ave, Street 8",Industrial Zone,CTZ-001708,+1-555-757-6826,Accountant,3,AB-,2,2026-01-29 08:02:18
1709,citizen_1709,citizen_1709@example.com,Charles Martin,+1-555-117-3956,"962 Smart City Ave, Street 35",Industrial Zone,CTZ-001709,+1-555-583-4355,Student,1,B+,1,2025-10-27 08:02:18
1710,citizen_1710,citizen_1710@example.com,Charles Moore,+1-555-245-6052,"682 Smart City Ave, Street 13",South District,CTZ-001710,+1-555-150-4837,Civil Servant,3,AB+,1,2026-04-18 08:02:18
1711,citizen_1711,citizen_1711@example.com,John Davis,+1-555-343-1979,"987 Smart City Ave, Street 2",North District,CTZ-001711,+1-555-317-3017,Civil Servant,2,B+,1,2025-11-27 08:02:18
1712,citizen_1712,citizen_1712@example.com,Thomas Miller,+1-555-998-1716,"671 Smart City Ave, Street 7",East District,CTZ-001712,+1-555-515-4065,Engineer,2,AB+,2,2026-05-02 08:02:18
1713,citizen_1713,citizen_1713@example.com,Jennifer Jones,+1-555-965-5743,"476 Smart City Ave, Street 1",Industrial Zone,CTZ-001713,+1-555-239-4273,Accountant,2,A-,1,2026-03-16 08:02:18
1714,citizen_1714,citizen_1714@example.com,Elizabeth Thomas,+1-555-349-3421,"798 Smart City Ave, Street 5",East District,CTZ-001714,+1-555-753-9805,Business Owner,1,A+,1,2026-08-07 08:02:18
1715,citizen_1715,citizen_1715@example.com,Barbara Garcia,+1-555-808-2570,"414 Smart City Ave, Street 21",Central Zone,CTZ-001715,+1-555-553-9006,Engineer,5,B+,2,2026-08-17 08:02:18
1716,citizen_1716,citizen_1716@example.com,Linda Hernandez,+1-555-111-3314,"959 Smart City Ave, Street 50",East District,CTZ-001716,+1-555-808-8432,Student,3,AB+,2,2026-06-29 08:02:18
1717,citizen_1717,citizen_1717@example.com,David Garcia,+1-555-581-5055,"184 Smart City Ave, Street 17",West District,CTZ-001717,+1-555-660-2191,Engineer,3,AB+,1,2025-11-04 08:02:18
1718,citizen_1718,citizen_1718@example.com,Jessica Garcia,+1-555-481-7263,"127 Smart City Ave, Street 35",East District,CTZ-001718,+1-555-868-6127,Manager,5,B-,2,2026-02-12 08:02:18
1719,citizen_1719,citizen_1719@example.com,John Lopez,+1-555-379-6182,"234 Smart City Ave, Street 25",Industrial Zone,CTZ-001719,+1-555-385-5429,Engineer,2,A+,2,2025-09-19 08:02:18
1720,citizen_1720,citizen_1720@example.com,Richard Thomas,+1-555-622-2623,"234 Smart City Ave, Street 12",South District,CTZ-001720,+1-555-105-3893,Accountant,6,AB+,1,2026-01-27 08:02:18
1721,citizen_1721,citizen_1721@example.com,Jessica Anderson,+1-555-932-2103,"692 Smart City Ave, Street 33",South District,CTZ-001721,+1-555-254-6025,Civil Servant,1,B-,3,2026-04-03 08:02:18
1722,citizen_1722,citizen_1722@example.com,John Martin,+1-555-690-9573,"761 Smart City Ave, Street 50",East District,CTZ-001722,+1-555-115-4574,Civil Servant,2,A+,0,2026-02-19 08:02:18
1723,citizen_1723,citizen_1723@example.com,Jennifer Jones,+1-555-217-5587,"501 Smart City Ave, Street 27",South District,CTZ-001723,+1-555-238-1473,Engineer,2,B-,3,2026-02-26 08:02:18
1724,citizen_1724,citizen_1724@example.com,Joseph Jones,+1-555-955-5472,"71 Smart City Ave, Street 30",Central Zone,CTZ-001724,+1-555-901-9760,Manager,5,B-,0,2025-11-17 08:02:18
1725,citizen_1725,citizen_1725@example.com,Sarah Hernandez,+1-555-353-5705,"313 Smart City Ave, Street 22",Industrial Zone,CTZ-001725,+1-555-470-9173,Civil Servant,3,AB+,0,2026-02-24 08:02:18
1726,citizen_1726,citizen_1726@example.com,Thomas Jones,+1-555-186-9747,"993 Smart City Ave, Street 26",Industrial Zone,CTZ-001726,+1-555-827-3923,Teacher,2,AB+,3,2026-08-04 08:02:18
1727,citizen_1727,citizen_1727@example.com,Barbara Thomas,+1-555-208-6218,"599 Smart City Ave, Street 48",Central Zone,CTZ-001727,+1-555-569-3374,Business Owner,3,O-,0,2026-04-25 08:02:18
1728,citizen_1728,citizen_1728@example.com,Thomas Smith,+1-555-288-2404,"251 Smart City Ave, Street 38",Industrial Zone,CTZ-001728,+1-555-394-5133,Business Owner,5,A+,1,2025-11-03 08:02:18
1729,citizen_1729,citizen_1729@example.com,Thomas Garcia,+1-555-393-1573,"643 Smart City Ave, Street 29",West District,CTZ-001729,+1-555-658-5127,Business Owner,2,B-,0,2026-05-12 08:02:18
1730,citizen_1730,citizen_1730@example.com,Michael Moore,+1-555-211-9868,"969 Smart City Ave, Street 39",South District,CTZ-001730,+1-555-967-5723,Manager,4,O-,1,2026-04-25 08:02:18
1731,citizen_1731,citizen_1731@example.com,Jennifer Miller,+1-555-563-2583,"151 Smart City Ave, Street 49",West District,CTZ-001731,+1-555-797-6744,Architect,1,B+,3,2026-02-18 08:02:18
1732,citizen_1732,citizen_1732@example.com,David Davis,+1-555-510-6766,"657 Smart City Ave, Street 17",North District,CTZ-001732,+1-555-278-9696,Doctor,1,A+,1,2025-11-04 08:02:18
1733,citizen_1733,citizen_1733@example.com,David Miller,+1-555-626-8131,"117 Smart City Ave, Street 15",North District,CTZ-001733,+1-555-774-2755,Architect,2,A+,0,2026-06-06 08:02:18
1734,citizen_1734,citizen_1734@example.com,Thomas Taylor,+1-555-324-2792,"788 Smart City Ave, Street 5",North District,CTZ-001734,+1-555-412-6926,Technician,5,A+,3,2026-08-22 08:02:18
1735,citizen_1735,citizen_1735@example.com,Linda Thomas,+1-555-358-1481,"493 Smart City Ave, Street 18",West District,CTZ-001735,+1-555-238-5191,Student,6,B+,3,2026-06-11 08:02:18
1736,citizen_1736,citizen_1736@example.com,Jennifer Jackson,+1-555-938-5185,"452 Smart City Ave, Street 31",West District,CTZ-001736,+1-555-268-7172,Civil Servant,5,O+,1,2026-05-21 08:02:18
1737,citizen_1737,citizen_1737@example.com,Mary Lopez,+1-555-901-4528,"394 Smart City Ave, Street 27",East District,CTZ-001737,+1-555-369-2651,Accountant,1,O+,1,2025-11-22 08:02:18
1738,citizen_1738,citizen_1738@example.com,Jennifer Anderson,+1-555-132-1611,"633 Smart City Ave, Street 15",North District,CTZ-001738,+1-555-303-4282,Business Owner,1,A-,3,2025-09-06 08:02:18
1739,citizen_1739,citizen_1739@example.com,Michael Davis,+1-555-455-1344,"188 Smart City Ave, Street 13",West District,CTZ-001739,+1-555-462-6759,Civil Servant,3,B-,3,2026-03-29 08:02:18
1740,citizen_1740,citizen_1740@example.com,James Jones,+1-555-897-5060,"663 Smart City Ave, Street 48",North District,CTZ-001740,+1-555-865-3762,Doctor,6,O-,3,2025-11-02 08:02:18
1741,citizen_1741,citizen_1741@example.com,Richard Lopez,+1-555-486-9693,"125 Smart City Ave, Street 11",South District,CTZ-001741,+1-555-705-6285,Technician,4,O+,0,2025-12-23 08:02:18
1742,citizen_1742,citizen_1742@example.com,Jennifer Gonzalez,+1-555-468-4455,"929 Smart City Ave, Street 38",East District,CTZ-001742,+1-555-908-9021,Business Owner,3,A-,3,2026-07-02 08:02:18
1743,citizen_1743,citizen_1743@example.com,Mary Johnson,+1-555-118-5008,"653 Smart City Ave, Street 28",Industrial Zone,CTZ-001743,+1-555-495-5333,Business Owner,1,AB+,1,2026-06-24 08:02:18
1744,citizen_1744,citizen_1744@example.com,Robert Davis,+1-555-377-9958,"510 Smart City Ave, Street 48",East District,CTZ-001744,+1-555-318-9793,Teacher,4,B-,1,2025-12-15 08:02:18
1745,citizen_1745,citizen_1745@example.com,Michael Jones,+1-555-384-6351,"72 Smart City Ave, Street 30",Central Zone,CTZ-001745,+1-555-924-6883,Doctor,2,A+,1,2026-01-17 08:02:18
1746,citizen_1746,citizen_1746@example.com,Barbara Moore,+1-555-614-6656,"695 Smart City Ave, Street 20",Industrial Zone,CTZ-001746,+1-555-173-8882,Student,4,O+,0,2025-10-24 08:02:18
1747,citizen_1747,citizen_1747@example.com,Linda Taylor,+1-555-701-8664,"829 Smart City Ave, Street 27",South District,CTZ-001747,+1-555-513-3468,Civil Servant,3,AB-,0,2026-08-06 08:02:18
1748,citizen_1748,citizen_1748@example.com,Michael Smith,+1-555-914-5464,"848 Smart City Ave, Street 42",Industrial Zone,CTZ-001748,+1-555-594-9919,Doctor,5,A+,0,2025-11-23 08:02:18
1749,citizen_1749,citizen_1749@example.com,Karen Garcia,+1-555-335-3722,"674 Smart City Ave, Street 16",East District,CTZ-001749,+1-555-571-5667,Civil Servant,6,AB-,1,2026-03-16 08:02:18
1750,citizen_1750,citizen_1750@example.com,Linda Moore,+1-555-626-5944,"614 Smart City Ave, Street 20",Industrial Zone,CTZ-001750,+1-555-288-6527,Technician,2,B-,2,2026-01-19 08:02:18
1751,citizen_1751,citizen_1751@example.com,Mary Rodriguez,+1-555-138-4149,"969 Smart City Ave, Street 9",South District,CTZ-001751,+1-555-429-1369,Accountant,3,AB+,1,2025-11-10 08:02:18
1752,citizen_1752,citizen_1752@example.com,Michael Martin,+1-555-667-6966,"987 Smart City Ave, Street 30",Central Zone,CTZ-001752,+1-555-827-1840,Business Owner,3,B-,2,2026-08-31 08:02:18
1753,citizen_1753,citizen_1753@example.com,Jessica Martinez,+1-555-900-4706,"241 Smart City Ave, Street 48",Central Zone,CTZ-001753,+1-555-823-6619,Technician,1,O+,1,2026-02-15 08:02:18
1754,citizen_1754,citizen_1754@example.com,Mary Gonzalez,+1-555-462-8813,"972 Smart City Ave, Street 28",North District,CTZ-001754,+1-555-840-1044,Teacher,4,B+,3,2026-04-13 08:02:18
1755,citizen_1755,citizen_1755@example.com,Jessica Thomas,+1-555-921-9742,"619 Smart City Ave, Street 15",South District,CTZ-001755,+1-555-951-9723,Accountant,3,B+,1,2026-07-13 08:02:18
1756,citizen_1756,citizen_1756@example.com,Elizabeth Jackson,+1-555-705-1240,"152 Smart City Ave, Street 23",West District,CTZ-001756,+1-555-759-8356,Engineer,1,O+,0,2026-05-14 08:02:18
1757,citizen_1757,citizen_1757@example.com,James Anderson,+1-555-723-1229,"429 Smart City Ave, Street 4",South District,CTZ-001757,+1-555-743-7592,Student,5,O-,1,2025-11-30 08:02:18
1758,citizen_1758,citizen_1758@example.com,Susan Taylor,+1-555-260-1296,"255 Smart City Ave, Street 19",Central Zone,CTZ-001758,+1-555-839-6930,Architect,5,AB-,0,2026-05-16 08:02:18
1759,citizen_1759,citizen_1759@example.com,William Davis,+1-555-846-2219,"323 Smart City Ave, Street 45",East District,CTZ-001759,+1-555-677-7741,Doctor,1,AB-,2,2026-03-05 08:02:18
1760,citizen_1760,citizen_1760@example.com,Thomas Lopez,+1-555-240-9758,"707 Smart City Ave, Street 44",East District,CTZ-001760,+1-555-847-2486,Business Owner,5,AB+,0,2025-12-24 08:02:18
1761,citizen_1761,citizen_1761@example.com,Linda Taylor,+1-555-352-2496,"285 Smart City Ave, Street 44",West District,CTZ-001761,+1-555-787-3148,Civil Servant,5,O+,2,2026-05-08 08:02:18
1762,citizen_1762,citizen_1762@example.com,Susan Lopez,+1-555-769-6104,"924 Smart City Ave, Street 28",North District,CTZ-001762,+1-555-882-1796,Student,1,B-,1,2026-08-28 08:02:18
1763,citizen_1763,citizen_1763@example.com,Barbara Garcia,+1-555-943-3456,"736 Smart City Ave, Street 11",East District,CTZ-001763,+1-555-448-6635,Civil Servant,1,A-,3,2026-01-31 08:02:18
1764,citizen_1764,citizen_1764@example.com,Patricia Smith,+1-555-628-1452,"873 Smart City Ave, Street 7",South District,CTZ-001764,+1-555-560-8274,Civil Servant,1,A+,0,2025-12-28 08:02:18
1765,citizen_1765,citizen_1765@example.com,William Thomas,+1-555-316-2270,"664 Smart City Ave, Street 45",Central Zone,CTZ-001765,+1-555-705-4513,Technician,1,B+,0,2025-12-31 08:02:18
1766,citizen_1766,citizen_1766@example.com,Michael Lopez,+1-555-213-8930,"256 Smart City Ave, Street 40",East District,CTZ-001766,+1-555-579-6856,Student,6,A-,1,2026-06-19 08:02:18
1767,citizen_1767,citizen_1767@example.com,Linda Lopez,+1-555-464-5884,"365 Smart City Ave, Street 42",North District,CTZ-001767,+1-555-910-4788,Manager,1,O+,0,2026-07-31 08:02:18
1768,citizen_1768,citizen_1768@example.com,Linda Brown,+1-555-410-4917,"75 Smart City Ave, Street 6",North District,CTZ-001768,+1-555-198-9871,Technician,1,B+,2,2025-12-09 08:02:18
1769,citizen_1769,citizen_1769@example.com,Elizabeth Hernandez,+1-555-729-2104,"69 Smart City Ave, Street 23",West District,CTZ-001769,+1-555-602-7789,Accountant,4,B+,2,2026-04-10 08:02:18
1770,citizen_1770,citizen_1770@example.com,Barbara Anderson,+1-555-896-9802,"387 Smart City Ave, Street 1",Central Zone,CTZ-001770,+1-555-236-9637,Architect,2,O+,0,2025-11-14 08:02:18
1771,citizen_1771,citizen_1771@example.com,Patricia Hernandez,+1-555-357-2902,"34 Smart City Ave, Street 37",East District,CTZ-001771,+1-555-466-5702,Civil Servant,1,O+,2,2026-05-09 08:02:18
1772,citizen_1772,citizen_1772@example.com,Robert Rodriguez,+1-555-545-8058,"568 Smart City Ave, Street 27",North District,CTZ-001772,+1-555-250-7296,Civil Servant,3,O+,1,2025-10-05 08:02:18
1773,citizen_1773,citizen_1773@example.com,Karen Martinez,+1-555-301-4254,"841 Smart City Ave, Street 13",East District,CTZ-001773,+1-555-311-2141,Doctor,5,O-,0,2026-04-23 08:02:18
1774,citizen_1774,citizen_1774@example.com,Patricia Rodriguez,+1-555-126-5667,"54 Smart City Ave, Street 49",North District,CTZ-001774,+1-555-978-2646,Manager,2,AB-,2,2025-09-20 08:02:18
1775,citizen_1775,citizen_1775@example.com,Joseph Martinez,+1-555-627-5872,"41 Smart City Ave, Street 19",North District,CTZ-001775,+1-555-232-8535,Manager,6,B-,1,2025-10-25 08:02:18
1776,citizen_1776,citizen_1776@example.com,Sarah Martin,+1-555-895-9012,"282 Smart City Ave, Street 5",East District,CTZ-001776,+1-555-295-1972,Technician,3,AB+,1,2026-06-12 08:02:18
1777,citizen_1777,citizen_1777@example.com,William Miller,+1-555-638-1135,"180 Smart City Ave, Street 5",Industrial Zone,CTZ-001777,+1-555-731-3568,Manager,4,O+,0,2026-06-07 08:02:18
1778,citizen_1778,citizen_1778@example.com,John Thomas,+1-555-848-4895,"382 Smart City Ave, Street 34",Industrial Zone,CTZ-001778,+1-555-876-4554,Manager,2,B-,1,2025-10-20 08:02:18
1779,citizen_1779,citizen_1779@example.com,Susan Jackson,+1-555-469-5769,"716 Smart City Ave, Street 23",Industrial Zone,CTZ-001779,+1-555-170-3450,Business Owner,4,B-,0,2025-09-30 08:02:18
1780,citizen_1780,citizen_1780@example.com,David Jackson,+1-555-315-7278,"227 Smart City Ave, Street 50",Central Zone,CTZ-001780,+1-555-496-4363,Doctor,5,B-,2,2026-06-07 08:02:18
1781,citizen_1781,citizen_1781@example.com,Sarah Moore,+1-555-341-4989,"233 Smart City Ave, Street 34",West District,CTZ-001781,+1-555-539-4827,Manager,1,AB-,3,2025-09-05 08:02:18
1782,citizen_1782,citizen_1782@example.com,Michael Taylor,+1-555-115-4109,"299 Smart City Ave, Street 48",East District,CTZ-001782,+1-555-241-7372,Business Owner,2,A+,1,2025-12-10 08:02:18
1783,citizen_1783,citizen_1783@example.com,Joseph Lopez,+1-555-227-7278,"933 Smart City Ave, Street 29",East District,CTZ-001783,+1-555-601-8663,Civil Servant,4,A-,2,2026-04-22 08:02:18
1784,citizen_1784,citizen_1784@example.com,Sarah Gonzalez,+1-555-648-6668,"721 Smart City Ave, Street 49",South District,CTZ-001784,+1-555-659-3661,Technician,2,O+,3,2025-12-27 08:02:18
1785,citizen_1785,citizen_1785@example.com,John Hernandez,+1-555-671-2345,"588 Smart City Ave, Street 34",North District,CTZ-001785,+1-555-586-1400,Teacher,4,O-,2,2026-06-16 08:02:18
1786,citizen_1786,citizen_1786@example.com,William Anderson,+1-555-363-8999,"209 Smart City Ave, Street 4",Industrial Zone,CTZ-001786,+1-555-795-9524,Engineer,2,O+,1,2026-02-11 08:02:18
1787,citizen_1787,citizen_1787@example.com,Robert Davis,+1-555-261-5385,"428 Smart City Ave, Street 10",Industrial Zone,CTZ-001787,+1-555-713-2400,Technician,4,B+,2,2025-12-18 08:02:18
1788,citizen_1788,citizen_1788@example.com,Michael Johnson,+1-555-662-4207,"388 Smart City Ave, Street 28",West District,CTZ-001788,+1-555-436-2111,Student,4,B+,0,2026-05-22 08:02:18
1789,citizen_1789,citizen_1789@example.com,James Martin,+1-555-579-4462,"998 Smart City Ave, Street 7",Industrial Zone,CTZ-001789,+1-555-971-8968,Teacher,4,O-,3,2026-06-18 08:02:18
1790,citizen_1790,citizen_1790@example.com,Thomas Garcia,+1-555-185-5714,"386 Smart City Ave, Street 30",South District,CTZ-001790,+1-555-114-3253,Teacher,3,AB-,3,2026-07-12 08:02:18
1791,citizen_1791,citizen_1791@example.com,Thomas Miller,+1-555-506-1064,"587 Smart City Ave, Street 8",North District,CTZ-001791,+1-555-593-7639,Engineer,4,O+,3,2025-12-19 08:02:18
1792,citizen_1792,citizen_1792@example.com,Linda Moore,+1-555-401-9352,"486 Smart City Ave, Street 17",East District,CTZ-001792,+1-555-969-1014,Teacher,5,B+,1,2026-07-06 08:02:18
1793,citizen_1793,citizen_1793@example.com,Elizabeth Rodriguez,+1-555-964-3900,"981 Smart City Ave, Street 26",South District,CTZ-001793,+1-555-534-2232,Student,4,AB+,2,2025-10-10 08:02:18
1794,citizen_1794,citizen_1794@example.com,Susan Brown,+1-555-978-4741,"542 Smart City Ave, Street 25",North District,CTZ-001794,+1-555-364-6102,Technician,5,AB+,2,2025-11-16 08:02:18
1795,citizen_1795,citizen_1795@example.com,Joseph Williams,+1-555-559-9330,"442 Smart City Ave, Street 35",North District,CTZ-001795,+1-555-739-6416,Doctor,1,B-,1,2026-05-16 08:02:18
1796,citizen_1796,citizen_1796@example.com,Robert Anderson,+1-555-689-1398,"872 Smart City Ave, Street 23",West District,CTZ-001796,+1-555-799-4556,Teacher,4,B-,1,2026-06-13 08:02:18
1797,citizen_1797,citizen_1797@example.com,Jessica Moore,+1-555-892-2747,"64 Smart City Ave, Street 5",Central Zone,CTZ-001797,+1-555-865-2283,Doctor,4,A+,3,2026-03-26 08:02:18
1798,citizen_1798,citizen_1798@example.com,Michael Wilson,+1-555-925-3358,"214 Smart City Ave, Street 27",East District,CTZ-001798,+1-555-854-6275,Doctor,4,B+,3,2026-05-21 08:02:18
1799,citizen_1799,citizen_1799@example.com,Jessica Martinez,+1-555-648-2048,"963 Smart City Ave, Street 48",South District,CTZ-001799,+1-555-292-5681,Student,6,O+,2,2026-01-16 08:02:18
1800,citizen_1800,citizen_1800@example.com,Sarah Thomas,+1-555-164-2255,"568 Smart City Ave, Street 20",Central Zone,CTZ-001800,+1-555-457-8930,Technician,6,AB-,2,2026-05-04 08:02:18
1801,citizen_1801,citizen_1801@example.com,Mary Gonzalez,+1-555-510-8719,"226 Smart City Ave, Street 47",North District,CTZ-001801,+1-555-412-3803,Doctor,5,O+,2,2025-12-29 08:02:18
1802,citizen_1802,citizen_1802@example.com,Susan Brown,+1-555-303-8409,"272 Smart City Ave, Street 5",South District,CTZ-001802,+1-555-224-3994,Accountant,1,B-,3,2026-04-19 08:02:18
1803,citizen_1803,citizen_1803@example.com,Patricia Anderson,+1-555-543-7065,"605 Smart City Ave, Street 36",East District,CTZ-001803,+1-555-569-1450,Civil Servant,2,A-,0,2026-06-02 08:02:18
1804,citizen_1804,citizen_1804@example.com,Joseph Brown,+1-555-554-6038,"469 Smart City Ave, Street 21",West District,CTZ-001804,+1-555-131-9732,Manager,4,AB+,2,2025-09-13 08:02:18
1805,citizen_1805,citizen_1805@example.com,Charles Miller,+1-555-430-5312,"119 Smart City Ave, Street 17",East District,CTZ-001805,+1-555-880-2541,Manager,2,O+,0,2026-01-13 08:02:18
1806,citizen_1806,citizen_1806@example.com,Susan Martinez,+1-555-917-8626,"78 Smart City Ave, Street 34",North District,CTZ-001806,+1-555-960-9761,Student,4,B-,1,2026-02-09 08:02:18
1807,citizen_1807,citizen_1807@example.com,Mary Davis,+1-555-652-6350,"701 Smart City Ave, Street 32",West District,CTZ-001807,+1-555-113-7702,Manager,4,B-,1,2026-03-29 08:02:18
1808,citizen_1808,citizen_1808@example.com,William Brown,+1-555-688-5067,"916 Smart City Ave, Street 27",Industrial Zone,CTZ-001808,+1-555-643-3303,Business Owner,6,O+,1,2026-02-04 08:02:18
1809,citizen_1809,citizen_1809@example.com,Joseph Gonzalez,+1-555-762-5231,"259 Smart City Ave, Street 26",South District,CTZ-001809,+1-555-397-9994,Architect,2,O+,2,2026-03-26 08:02:18
1810,citizen_1810,citizen_1810@example.com,David Williams,+1-555-762-9413,"694 Smart City Ave, Street 3",Industrial Zone,CTZ-001810,+1-555-617-5933,Student,5,O-,1,2026-07-09 08:02:18
1811,citizen_1811,citizen_1811@example.com,Patricia Lopez,+1-555-822-2203,"367 Smart City Ave, Street 15",Industrial Zone,CTZ-001811,+1-555-417-3160,Civil Servant,2,AB+,1,2025-12-31 08:02:18
1812,citizen_1812,citizen_1812@example.com,Karen Jackson,+1-555-714-8228,"935 Smart City Ave, Street 46",Industrial Zone,CTZ-001812,+1-555-389-6709,Doctor,5,O-,2,2026-08-14 08:02:18
1813,citizen_1813,citizen_1813@example.com,David Rodriguez,+1-555-436-3567,"362 Smart City Ave, Street 6",North District,CTZ-001813,+1-555-912-7395,Engineer,6,AB-,3,2026-05-17 08:02:18
1814,citizen_1814,citizen_1814@example.com,Jessica Brown,+1-555-370-8562,"818 Smart City Ave, Street 44",West District,CTZ-001814,+1-555-404-6814,Student,5,B-,0,2025-09-24 08:02:18
1815,citizen_1815,citizen_1815@example.com,Jennifer Brown,+1-555-439-1884,"982 Smart City Ave, Street 35",Industrial Zone,CTZ-001815,+1-555-909-1158,Engineer,6,O-,0,2026-05-01 08:02:18
1816,citizen_1816,citizen_1816@example.com,Robert Davis,+1-555-107-7128,"220 Smart City Ave, Street 18",South District,CTZ-001816,+1-555-115-9695,Business Owner,2,AB+,3,2026-08-29 08:02:18
1817,citizen_1817,citizen_1817@example.com,Sarah Rodriguez,+1-555-940-3770,"601 Smart City Ave, Street 50",Industrial Zone,CTZ-001817,+1-555-912-7472,Student,4,AB-,2,2025-12-22 08:02:18
1818,citizen_1818,citizen_1818@example.com,Mary Garcia,+1-555-425-1841,"209 Smart City Ave, Street 21",North District,CTZ-001818,+1-555-931-8606,Accountant,4,B+,2,2025-09-30 08:02:18
1819,citizen_1819,citizen_1819@example.com,Elizabeth Taylor,+1-555-456-8604,"859 Smart City Ave, Street 43",Industrial Zone,CTZ-001819,+1-555-565-7086,Civil Servant,1,AB+,0,2026-07-25 08:02:18
1820,citizen_1820,citizen_1820@example.com,Susan Martinez,+1-555-921-4903,"222 Smart City Ave, Street 30",Industrial Zone,CTZ-001820,+1-555-471-3025,Engineer,4,AB-,1,2026-07-24 08:02:18
1821,citizen_1821,citizen_1821@example.com,Joseph Anderson,+1-555-882-6577,"130 Smart City Ave, Street 6",East District,CTZ-001821,+1-555-903-5590,Civil Servant,4,O+,0,2026-08-20 08:02:18
1822,citizen_1822,citizen_1822@example.com,Sarah Williams,+1-555-347-7061,"57 Smart City Ave, Street 11",West District,CTZ-001822,+1-555-430-4328,Teacher,1,B-,1,2026-02-20 08:02:18
1823,citizen_1823,citizen_1823@example.com,Jessica Jackson,+1-555-254-7832,"541 Smart City Ave, Street 17",Industrial Zone,CTZ-001823,+1-555-570-6102,Manager,2,B+,0,2026-06-15 08:02:18
1824,citizen_1824,citizen_1824@example.com,Patricia Davis,+1-555-159-7486,"592 Smart City Ave, Street 45",Industrial Zone,CTZ-001824,+1-555-162-5459,Student,4,A+,1,2025-12-07 08:02:18
1825,citizen_1825,citizen_1825@example.com,Jessica Gonzalez,+1-555-649-4410,"839 Smart City Ave, Street 36",Industrial Zone,CTZ-001825,+1-555-296-3154,Teacher,5,B-,0,2026-01-30 08:02:18
1826,citizen_1826,citizen_1826@example.com,Mary Martinez,+1-555-666-2242,"524 Smart City Ave, Street 13",North District,CTZ-001826,+1-555-197-5950,Doctor,1,A-,0,2026-05-17 08:02:18
1827,citizen_1827,citizen_1827@example.com,Joseph Garcia,+1-555-254-8775,"688 Smart City Ave, Street 32",Industrial Zone,CTZ-001827,+1-555-588-5296,Accountant,4,A+,1,2026-06-05 08:02:18
1828,citizen_1828,citizen_1828@example.com,William Anderson,+1-555-277-6946,"429 Smart City Ave, Street 3",West District,CTZ-001828,+1-555-414-1706,Engineer,6,A+,2,2026-06-11 08:02:18
1829,citizen_1829,citizen_1829@example.com,Barbara Garcia,+1-555-786-6844,"338 Smart City Ave, Street 42",West District,CTZ-001829,+1-555-615-9929,Technician,4,AB-,0,2026-06-21 08:02:18
1830,citizen_1830,citizen_1830@example.com,Jessica Thomas,+1-555-314-6670,"425 Smart City Ave, Street 18",South District,CTZ-001830,+1-555-851-2819,Civil Servant,4,A-,0,2026-01-28 08:02:18
1831,citizen_1831,citizen_1831@example.com,Elizabeth Gonzalez,+1-555-862-2802,"582 Smart City Ave, Street 9",South District,CTZ-001831,+1-555-665-8753,Architect,2,O-,3,2026-05-18 08:02:18
1832,citizen_1832,citizen_1832@example.com,Jennifer Anderson,+1-555-459-7863,"407 Smart City Ave, Street 16",West District,CTZ-001832,+1-555-796-6911,Teacher,2,O-,1,2026-05-17 08:02:18
1833,citizen_1833,citizen_1833@example.com,Patricia Anderson,+1-555-900-7041,"603 Smart City Ave, Street 28",West District,CTZ-001833,+1-555-303-3595,Manager,2,AB-,1,2026-08-05 08:02:18
1834,citizen_1834,citizen_1834@example.com,Richard Moore,+1-555-548-9545,"759 Smart City Ave, Street 34",South District,CTZ-001834,+1-555-737-1224,Accountant,4,B+,2,2025-10-13 08:02:18
1835,citizen_1835,citizen_1835@example.com,Joseph Smith,+1-555-519-4724,"790 Smart City Ave, Street 37",North District,CTZ-001835,+1-555-338-3017,Engineer,2,AB-,1,2026-08-26 08:02:18
1836,citizen_1836,citizen_1836@example.com,Linda Martinez,+1-555-724-1707,"282 Smart City Ave, Street 44",North District,CTZ-001836,+1-555-854-1898,Student,3,A+,1,2026-03-31 08:02:18
1837,citizen_1837,citizen_1837@example.com,Charles Taylor,+1-555-971-9292,"218 Smart City Ave, Street 32",East District,CTZ-001837,+1-555-867-4831,Civil Servant,5,O-,1,2026-01-19 08:02:18
1838,citizen_1838,citizen_1838@example.com,Barbara Moore,+1-555-120-8163,"115 Smart City Ave, Street 15",East District,CTZ-001838,+1-555-208-2821,Civil Servant,5,AB-,0,2026-05-09 08:02:18
1839,citizen_1839,citizen_1839@example.com,Thomas Garcia,+1-555-636-6597,"643 Smart City Ave, Street 36",Central Zone,CTZ-001839,+1-555-880-6402,Engineer,2,A-,0,2026-09-01 08:02:18
1840,citizen_1840,citizen_1840@example.com,Susan Martinez,+1-555-946-8055,"131 Smart City Ave, Street 48",Industrial Zone,CTZ-001840,+1-555-693-5653,Civil Servant,6,O-,2,2026-08-18 08:02:18
1841,citizen_1841,citizen_1841@example.com,Jessica Smith,+1-555-510-4086,"861 Smart City Ave, Street 1",West District,CTZ-001841,+1-555-564-3145,Doctor,3,A-,1,2026-06-28 08:02:18
1842,citizen_1842,citizen_1842@example.com,Thomas Jones,+1-555-300-7797,"319 Smart City Ave, Street 25",Central Zone,CTZ-001842,+1-555-144-8750,Civil Servant,6,A+,1,2026-04-29 08:02:18
1843,citizen_1843,citizen_1843@example.com,Jessica Davis,+1-555-958-1255,"145 Smart City Ave, Street 7",South District,CTZ-001843,+1-555-841-4332,Accountant,3,B+,2,2025-11-01 08:02:18
1844,citizen_1844,citizen_1844@example.com,Richard Martin,+1-555-864-1344,"121 Smart City Ave, Street 26",Central Zone,CTZ-001844,+1-555-399-6280,Civil Servant,5,O+,1,2026-07-18 08:02:18
1845,citizen_1845,citizen_1845@example.com,Joseph Lopez,+1-555-491-9226,"185 Smart City Ave, Street 32",Central Zone,CTZ-001845,+1-555-102-3368,Engineer,1,A+,2,2026-06-24 08:02:18
1846,citizen_1846,citizen_1846@example.com,Sarah Davis,+1-555-958-8706,"313 Smart City Ave, Street 21",West District,CTZ-001846,+1-555-439-4184,Civil Servant,3,O+,1,2026-08-30 08:02:18
1847,citizen_1847,citizen_1847@example.com,Sarah Anderson,+1-555-964-4968,"618 Smart City Ave, Street 47",South District,CTZ-001847,+1-555-339-1359,Civil Servant,1,B+,0,2026-03-04 08:02:18
1848,citizen_1848,citizen_1848@example.com,Elizabeth Jackson,+1-555-336-4787,"977 Smart City Ave, Street 46",Central Zone,CTZ-001848,+1-555-399-4338,Student,2,O-,2,2025-10-20 08:02:18
1849,citizen_1849,citizen_1849@example.com,William Thomas,+1-555-941-1950,"709 Smart City Ave, Street 18",East District,CTZ-001849,+1-555-313-7757,Civil Servant,1,B+,1,2026-04-28 08:02:18
1850,citizen_1850,citizen_1850@example.com,Susan Wilson,+1-555-439-1890,"822 Smart City Ave, Street 3",West District,CTZ-001850,+1-555-684-2206,Business Owner,4,AB+,1,2026-05-19 08:02:18
1851,citizen_1851,citizen_1851@example.com,Barbara Martin,+1-555-755-8480,"836 Smart City Ave, Street 4",West District,CTZ-001851,+1-555-588-1515,Student,5,A-,2,2025-12-31 08:02:18
1852,citizen_1852,citizen_1852@example.com,Sarah Brown,+1-555-816-9069,"591 Smart City Ave, Street 24",Industrial Zone,CTZ-001852,+1-555-993-4876,Architect,3,O+,0,2026-02-20 08:02:18
1853,citizen_1853,citizen_1853@example.com,Mary Taylor,+1-555-101-7383,"355 Smart City Ave, Street 6",South District,CTZ-001853,+1-555-597-4269,Technician,3,AB-,2,2026-05-08 08:02:18
1854,citizen_1854,citizen_1854@example.com,Mary Davis,+1-555-511-4333,"102 Smart City Ave, Street 11",East District,CTZ-001854,+1-555-897-5457,Doctor,6,AB-,3,2025-12-10 08:02:18
1855,citizen_1855,citizen_1855@example.com,Sarah Jackson,+1-555-522-4120,"67 Smart City Ave, Street 49",North District,CTZ-001855,+1-555-549-8071,Teacher,1,AB-,2,2026-07-24 08:02:18
1856,citizen_1856,citizen_1856@example.com,Linda Davis,+1-555-386-3207,"597 Smart City Ave, Street 8",Industrial Zone,CTZ-001856,+1-555-364-3738,Technician,4,A+,1,2026-02-25 08:02:18
1857,citizen_1857,citizen_1857@example.com,James Gonzalez,+1-555-210-8390,"512 Smart City Ave, Street 26",North District,CTZ-001857,+1-555-714-6649,Business Owner,1,O-,1,2025-12-06 08:02:18
1858,citizen_1858,citizen_1858@example.com,Elizabeth Thomas,+1-555-243-3884,"562 Smart City Ave, Street 21",Central Zone,CTZ-001858,+1-555-336-5687,Engineer,3,AB-,1,2026-04-25 08:02:18
1859,citizen_1859,citizen_1859@example.com,Charles Smith,+1-555-870-8568,"862 Smart City Ave, Street 50",South District,CTZ-001859,+1-555-718-6118,Manager,3,O+,1,2026-04-26 08:02:18
1860,citizen_1860,citizen_1860@example.com,Susan Anderson,+1-555-499-2890,"956 Smart City Ave, Street 13",North District,CTZ-001860,+1-555-269-8669,Business Owner,2,AB-,1,2025-10-05 08:02:18
1861,citizen_1861,citizen_1861@example.com,Linda Brown,+1-555-255-8224,"788 Smart City Ave, Street 19",North District,CTZ-001861,+1-555-703-6855,Civil Servant,4,AB+,3,2025-11-24 08:02:18
1862,citizen_1862,citizen_1862@example.com,James Gonzalez,+1-555-566-1774,"695 Smart City Ave, Street 3",West District,CTZ-001862,+1-555-175-2738,Student,3,A+,0,2025-10-06 08:02:18
1863,citizen_1863,citizen_1863@example.com,Barbara Jones,+1-555-760-4840,"451 Smart City Ave, Street 16",South District,CTZ-001863,+1-555-663-8107,Manager,3,AB+,0,2026-01-20 08:02:18
1864,citizen_1864,citizen_1864@example.com,Robert Rodriguez,+1-555-733-1067,"770 Smart City Ave, Street 10",Industrial Zone,CTZ-001864,+1-555-226-5165,Civil Servant,1,AB+,1,2026-04-15 08:02:18
1865,citizen_1865,citizen_1865@example.com,Linda Gonzalez,+1-555-314-5653,"971 Smart City Ave, Street 7",East District,CTZ-001865,+1-555-193-6824,Student,3,O-,0,2026-03-26 08:02:18
1866,citizen_1866,citizen_1866@example.com,Elizabeth Anderson,+1-555-821-1796,"687 Smart City Ave, Street 34",North District,CTZ-001866,+1-555-193-9363,Teacher,6,A-,1,2026-06-18 08:02:18
1867,citizen_1867,citizen_1867@example.com,Jennifer Johnson,+1-555-773-9362,"194 Smart City Ave, Street 26",Industrial Zone,CTZ-001867,+1-555-493-4409,Architect,4,A-,1,2026-05-17 08:02:18
1868,citizen_1868,citizen_1868@example.com,Richard Jackson,+1-555-265-5260,"748 Smart City Ave, Street 11",Central Zone,CTZ-001868,+1-555-335-2269,Student,5,O+,3,2025-11-04 08:02:18
1869,citizen_1869,citizen_1869@example.com,Richard Brown,+1-555-926-1736,"893 Smart City Ave, Street 20",West District,CTZ-001869,+1-555-365-8626,Business Owner,1,B+,2,2026-02-23 08:02:18
1870,citizen_1870,citizen_1870@example.com,James Williams,+1-555-583-8632,"449 Smart City Ave, Street 31",West District,CTZ-001870,+1-555-268-3310,Civil Servant,6,A-,1,2026-05-17 08:02:18
1871,citizen_1871,citizen_1871@example.com,Charles Taylor,+1-555-664-7188,"588 Smart City Ave, Street 28",South District,CTZ-001871,+1-555-505-7043,Accountant,6,AB-,1,2026-07-30 08:02:18
1872,citizen_1872,citizen_1872@example.com,David Anderson,+1-555-842-1777,"880 Smart City Ave, Street 8",Central Zone,CTZ-001872,+1-555-241-4523,Architect,1,B-,2,2025-10-06 08:02:18
1873,citizen_1873,citizen_1873@example.com,Joseph Martin,+1-555-536-4931,"963 Smart City Ave, Street 8",Central Zone,CTZ-001873,+1-555-828-6312,Doctor,4,O+,2,2025-10-10 08:02:18
1874,citizen_1874,citizen_1874@example.com,Richard Rodriguez,+1-555-759-9644,"193 Smart City Ave, Street 14",Central Zone,CTZ-001874,+1-555-415-3955,Architect,3,O-,2,2026-03-04 08:02:18
1875,citizen_1875,citizen_1875@example.com,Richard Davis,+1-555-238-7051,"462 Smart City Ave, Street 43",West District,CTZ-001875,+1-555-804-9701,Student,3,AB+,1,2026-08-07 08:02:18
1876,citizen_1876,citizen_1876@example.com,Barbara Moore,+1-555-785-7046,"859 Smart City Ave, Street 38",East District,CTZ-001876,+1-555-909-7503,Architect,1,O+,0,2026-01-16 08:02:18
1877,citizen_1877,citizen_1877@example.com,Jessica Martin,+1-555-501-2507,"408 Smart City Ave, Street 42",East District,CTZ-001877,+1-555-599-8909,Student,6,O-,1,2025-11-27 08:02:18
1878,citizen_1878,citizen_1878@example.com,Jennifer Wilson,+1-555-620-9037,"105 Smart City Ave, Street 29",North District,CTZ-001878,+1-555-305-5976,Accountant,4,B-,1,2025-12-21 08:02:18
1879,citizen_1879,citizen_1879@example.com,Elizabeth Hernandez,+1-555-491-6226,"733 Smart City Ave, Street 11",North District,CTZ-001879,+1-555-776-5866,Business Owner,6,AB-,3,2026-07-27 08:02:18
1880,citizen_1880,citizen_1880@example.com,Michael Martin,+1-555-369-3270,"406 Smart City Ave, Street 2",North District,CTZ-001880,+1-555-969-8230,Teacher,3,B-,1,2026-02-09 08:02:18
1881,citizen_1881,citizen_1881@example.com,Susan Miller,+1-555-343-5908,"789 Smart City Ave, Street 43",East District,CTZ-001881,+1-555-530-9791,Technician,6,O-,1,2025-10-03 08:02:18
1882,citizen_1882,citizen_1882@example.com,John Jackson,+1-555-615-3989,"857 Smart City Ave, Street 48",East District,CTZ-001882,+1-555-994-3501,Accountant,5,B-,3,2026-04-26 08:02:18
1883,citizen_1883,citizen_1883@example.com,James Hernandez,+1-555-900-5951,"518 Smart City Ave, Street 7",Industrial Zone,CTZ-001883,+1-555-692-9141,Technician,4,O-,1,2026-06-17 08:02:18
1884,citizen_1884,citizen_1884@example.com,Karen Jackson,+1-555-983-9375,"671 Smart City Ave, Street 33",North District,CTZ-001884,+1-555-272-5872,Accountant,4,B+,1,2025-09-30 08:02:18
1885,citizen_1885,citizen_1885@example.com,Sarah Garcia,+1-555-568-8452,"691 Smart City Ave, Street 18",South District,CTZ-001885,+1-555-428-1921,Teacher,1,B-,2,2026-04-25 08:02:18
1886,citizen_1886,citizen_1886@example.com,Sarah Smith,+1-555-563-2033,"704 Smart City Ave, Street 4",Industrial Zone,CTZ-001886,+1-555-537-6908,Engineer,2,O-,2,2026-08-30 08:02:18
1887,citizen_1887,citizen_1887@example.com,James Williams,+1-555-793-7180,"317 Smart City Ave, Street 33",Central Zone,CTZ-001887,+1-555-900-7989,Civil Servant,1,AB+,2,2026-03-07 08:02:18
1888,citizen_1888,citizen_1888@example.com,William Davis,+1-555-861-7897,"235 Smart City Ave, Street 49",East District,CTZ-001888,+1-555-715-1459,Technician,4,AB-,3,2026-05-18 08:02:18
1889,citizen_1889,citizen_1889@example.com,Michael Martinez,+1-555-211-5304,"867 Smart City Ave, Street 39",Industrial Zone,CTZ-001889,+1-555-468-2757,Doctor,5,O+,0,2026-04-14 08:02:18
1890,citizen_1890,citizen_1890@example.com,John Thomas,+1-555-709-2585,"309 Smart City Ave, Street 4",North District,CTZ-001890,+1-555-202-9925,Accountant,3,O+,3,2026-08-19 08:02:18
1891,citizen_1891,citizen_1891@example.com,Jessica Wilson,+1-555-225-3931,"732 Smart City Ave, Street 42",West District,CTZ-001891,+1-555-512-6197,Manager,4,AB-,3,2026-08-31 08:02:18
1892,citizen_1892,citizen_1892@example.com,Linda Rodriguez,+1-555-294-1289,"715 Smart City Ave, Street 42",East District,CTZ-001892,+1-555-567-4580,Accountant,1,O-,1,2026-06-28 08:02:18
1893,citizen_1893,citizen_1893@example.com,Linda Smith,+1-555-867-2154,"228 Smart City Ave, Street 11",West District,CTZ-001893,+1-555-149-6728,Accountant,2,O+,1,2026-04-13 08:02:18
1894,citizen_1894,citizen_1894@example.com,Mary Thomas,+1-555-513-6090,"739 Smart City Ave, Street 42",Central Zone,CTZ-001894,+1-555-132-1350,Manager,6,B-,1,2025-10-29 08:02:18
1895,citizen_1895,citizen_1895@example.com,Barbara Smith,+1-555-992-9865,"354 Smart City Ave, Street 23",East District,CTZ-001895,+1-555-753-6196,Technician,2,AB+,3,2026-01-22 08:02:18
1896,citizen_1896,citizen_1896@example.com,Karen Taylor,+1-555-996-5405,"238 Smart City Ave, Street 10",East District,CTZ-001896,+1-555-388-2087,Business Owner,1,O-,0,2026-03-29 08:02:18
1897,citizen_1897,citizen_1897@example.com,Karen Williams,+1-555-761-4188,"821 Smart City Ave, Street 15",North District,CTZ-001897,+1-555-605-3258,Engineer,2,A+,0,2026-08-25 08:02:18
1898,citizen_1898,citizen_1898@example.com,David Miller,+1-555-351-7627,"978 Smart City Ave, Street 5",West District,CTZ-001898,+1-555-732-2516,Architect,2,B-,2,2026-05-12 08:02:18
1899,citizen_1899,citizen_1899@example.com,Robert Gonzalez,+1-555-354-4765,"48 Smart City Ave, Street 27",Industrial Zone,CTZ-001899,+1-555-487-3365,Teacher,3,O+,3,2026-05-23 08:02:18
1900,citizen_1900,citizen_1900@example.com,Susan Anderson,+1-555-615-7850,"932 Smart City Ave, Street 42",West District,CTZ-001900,+1-555-900-4459,Student,3,B+,3,2026-01-11 08:02:18
1901,citizen_1901,citizen_1901@example.com,William Anderson,+1-555-492-8294,"993 Smart City Ave, Street 44",South District,CTZ-001901,+1-555-152-9826,Manager,5,B-,0,2026-08-27 08:02:18
1902,citizen_1902,citizen_1902@example.com,Charles Rodriguez,+1-555-660-4952,"965 Smart City Ave, Street 46",Central Zone,CTZ-001902,+1-555-521-3252,Teacher,5,A-,0,2026-05-19 08:02:18
1903,citizen_1903,citizen_1903@example.com,Barbara Thomas,+1-555-937-9852,"962 Smart City Ave, Street 40",West District,CTZ-001903,+1-555-360-8437,Architect,3,AB+,1,2026-05-22 08:02:18
1904,citizen_1904,citizen_1904@example.com,Jessica Garcia,+1-555-124-3635,"896 Smart City Ave, Street 38",Industrial Zone,CTZ-001904,+1-555-755-9607,Technician,6,A+,3,2026-06-07 08:02:18
1905,citizen_1905,citizen_1905@example.com,Elizabeth Jackson,+1-555-952-7046,"223 Smart City Ave, Street 34",Industrial Zone,CTZ-001905,+1-555-467-2211,Architect,5,A+,1,2026-02-02 08:02:18
1906,citizen_1906,citizen_1906@example.com,Michael Miller,+1-555-475-1267,"624 Smart City Ave, Street 19",West District,CTZ-001906,+1-555-439-8628,Civil Servant,6,AB-,2,2025-11-01 08:02:18
1907,citizen_1907,citizen_1907@example.com,Jennifer Jackson,+1-555-352-9756,"292 Smart City Ave, Street 12",South District,CTZ-001907,+1-555-673-5766,Civil Servant,1,B-,3,2026-01-20 08:02:18
1908,citizen_1908,citizen_1908@example.com,Joseph Anderson,+1-555-335-9314,"922 Smart City Ave, Street 49",North District,CTZ-001908,+1-555-345-1639,Technician,4,O-,2,2026-07-03 08:02:18
1909,citizen_1909,citizen_1909@example.com,Robert Wilson,+1-555-851-7998,"86 Smart City Ave, Street 1",East District,CTZ-001909,+1-555-453-9766,Teacher,6,B-,0,2026-04-12 08:02:18
1910,citizen_1910,citizen_1910@example.com,John Thomas,+1-555-397-2425,"303 Smart City Ave, Street 13",East District,CTZ-001910,+1-555-456-9850,Engineer,2,B+,0,2026-04-19 08:02:18
1911,citizen_1911,citizen_1911@example.com,Michael Davis,+1-555-362-9845,"781 Smart City Ave, Street 26",Industrial Zone,CTZ-001911,+1-555-607-3579,Engineer,6,A+,1,2025-12-30 08:02:18
1912,citizen_1912,citizen_1912@example.com,James Wilson,+1-555-767-3582,"390 Smart City Ave, Street 30",West District,CTZ-001912,+1-555-225-1833,Doctor,1,B-,2,2026-07-20 08:02:18
1913,citizen_1913,citizen_1913@example.com,Robert Garcia,+1-555-706-6277,"513 Smart City Ave, Street 12",Industrial Zone,CTZ-001913,+1-555-577-7924,Manager,4,O-,1,2026-06-14 08:02:18
1914,citizen_1914,citizen_1914@example.com,John Rodriguez,+1-555-819-1711,"336 Smart City Ave, Street 2",West District,CTZ-001914,+1-555-462-6716,Accountant,4,A+,1,2026-06-06 08:02:18
1915,citizen_1915,citizen_1915@example.com,John Garcia,+1-555-771-9306,"45 Smart City Ave, Street 2",North District,CTZ-001915,+1-555-851-2205,Doctor,2,AB+,2,2025-10-26 08:02:18
1916,citizen_1916,citizen_1916@example.com,Robert Hernandez,+1-555-262-5104,"442 Smart City Ave, Street 50",East District,CTZ-001916,+1-555-470-3963,Teacher,2,AB+,0,2026-03-22 08:02:18
1917,citizen_1917,citizen_1917@example.com,Jessica Jackson,+1-555-412-5720,"595 Smart City Ave, Street 18",East District,CTZ-001917,+1-555-289-2127,Student,6,B+,2,2026-01-03 08:02:18
1918,citizen_1918,citizen_1918@example.com,Robert Davis,+1-555-276-5614,"706 Smart City Ave, Street 13",East District,CTZ-001918,+1-555-181-4383,Technician,5,O-,1,2026-04-05 08:02:18
1919,citizen_1919,citizen_1919@example.com,Robert Hernandez,+1-555-508-1725,"721 Smart City Ave, Street 26",North District,CTZ-001919,+1-555-717-3586,Manager,6,B+,0,2026-07-06 08:02:18
1920,citizen_1920,citizen_1920@example.com,Karen Martinez,+1-555-346-3438,"175 Smart City Ave, Street 38",Industrial Zone,CTZ-001920,+1-555-209-7607,Technician,6,AB+,3,2026-06-16 08:02:18
1921,citizen_1921,citizen_1921@example.com,James Anderson,+1-555-300-4170,"86 Smart City Ave, Street 11",South District,CTZ-001921,+1-555-575-7771,Manager,3,B-,1,2026-02-23 08:02:18
1922,citizen_1922,citizen_1922@example.com,Sarah Rodriguez,+1-555-432-3472,"784 Smart City Ave, Street 35",Industrial Zone,CTZ-001922,+1-555-878-3832,Doctor,5,B-,0,2026-08-15 08:02:18
1923,citizen_1923,citizen_1923@example.com,Robert Anderson,+1-555-265-3277,"344 Smart City Ave, Street 2",South District,CTZ-001923,+1-555-615-9551,Engineer,4,A-,2,2026-02-26 08:02:18
1924,citizen_1924,citizen_1924@example.com,Patricia Anderson,+1-555-985-6370,"573 Smart City Ave, Street 34",West District,CTZ-001924,+1-555-443-5094,Engineer,5,O-,0,2026-07-05 08:02:18
1925,citizen_1925,citizen_1925@example.com,Thomas Martinez,+1-555-266-8887,"333 Smart City Ave, Street 18",North District,CTZ-001925,+1-555-219-5036,Architect,6,B-,2,2026-06-29 08:02:18
1926,citizen_1926,citizen_1926@example.com,Jennifer Martinez,+1-555-383-8426,"347 Smart City Ave, Street 19",West District,CTZ-001926,+1-555-149-1895,Accountant,2,A-,3,2026-08-15 08:02:18
1927,citizen_1927,citizen_1927@example.com,Richard Smith,+1-555-155-6058,"211 Smart City Ave, Street 38",Central Zone,CTZ-001927,+1-555-753-5488,Accountant,2,AB+,1,2025-10-21 08:02:18
1928,citizen_1928,citizen_1928@example.com,Michael Garcia,+1-555-926-6229,"30 Smart City Ave, Street 8",Central Zone,CTZ-001928,+1-555-344-7409,Technician,3,AB-,1,2026-02-15 08:02:18
1929,citizen_1929,citizen_1929@example.com,Linda Gonzalez,+1-555-279-7210,"238 Smart City Ave, Street 27",East District,CTZ-001929,+1-555-899-1968,Accountant,2,AB-,2,2026-04-02 08:02:18
1930,citizen_1930,citizen_1930@example.com,William Martinez,+1-555-179-5735,"330 Smart City Ave, Street 22",East District,CTZ-001930,+1-555-549-9165,Manager,2,A-,2,2026-07-25 08:02:18
1931,citizen_1931,citizen_1931@example.com,Susan Gonzalez,+1-555-435-6978,"758 Smart City Ave, Street 5",Industrial Zone,CTZ-001931,+1-555-124-9596,Student,4,O-,2,2025-10-09 08:02:18
1932,citizen_1932,citizen_1932@example.com,Michael Wilson,+1-555-910-1299,"376 Smart City Ave, Street 37",Industrial Zone,CTZ-001932,+1-555-240-8189,Accountant,3,A+,3,2026-04-27 08:02:18
1933,citizen_1933,citizen_1933@example.com,Robert Jones,+1-555-875-9268,"652 Smart City Ave, Street 16",West District,CTZ-001933,+1-555-681-4370,Civil Servant,3,O+,2,2025-11-20 08:02:18
1934,citizen_1934,citizen_1934@example.com,Susan Jackson,+1-555-819-7548,"167 Smart City Ave, Street 42",North District,CTZ-001934,+1-555-286-6181,Engineer,3,B-,1,2025-12-28 08:02:18
1935,citizen_1935,citizen_1935@example.com,Elizabeth Anderson,+1-555-415-1124,"701 Smart City Ave, Street 22",West District,CTZ-001935,+1-555-677-7551,Architect,1,A+,1,2026-01-15 08:02:18
1936,citizen_1936,citizen_1936@example.com,Barbara Taylor,+1-555-136-8799,"855 Smart City Ave, Street 31",South District,CTZ-001936,+1-555-961-7950,Architect,1,B+,1,2025-12-22 08:02:18
1937,citizen_1937,citizen_1937@example.com,Barbara Martin,+1-555-524-8162,"246 Smart City Ave, Street 34",East District,CTZ-001937,+1-555-412-1840,Civil Servant,6,B-,2,2025-12-07 08:02:18
1938,citizen_1938,citizen_1938@example.com,Linda Miller,+1-555-730-5391,"710 Smart City Ave, Street 13",Industrial Zone,CTZ-001938,+1-555-704-6470,Student,6,A+,1,2025-12-19 08:02:18
1939,citizen_1939,citizen_1939@example.com,Patricia Thomas,+1-555-667-6608,"594 Smart City Ave, Street 26",Industrial Zone,CTZ-001939,+1-555-619-1238,Accountant,2,B+,2,2025-11-01 08:02:18
1940,citizen_1940,citizen_1940@example.com,Barbara Smith,+1-555-798-3835,"842 Smart City Ave, Street 2",Industrial Zone,CTZ-001940,+1-555-417-4561,Student,1,B-,0,2025-09-20 08:02:18
1941,citizen_1941,citizen_1941@example.com,Susan Brown,+1-555-969-8944,"999 Smart City Ave, Street 8",West District,CTZ-001941,+1-555-555-8866,Architect,5,AB+,1,2025-10-27 08:02:18
1942,citizen_1942,citizen_1942@example.com,Thomas Jones,+1-555-122-4172,"757 Smart City Ave, Street 3",Industrial Zone,CTZ-001942,+1-555-723-9246,Architect,1,B-,1,2025-09-16 08:02:18
1943,citizen_1943,citizen_1943@example.com,Barbara Davis,+1-555-363-9137,"52 Smart City Ave, Street 27",East District,CTZ-001943,+1-555-979-9672,Civil Servant,5,B-,0,2026-05-05 08:02:18
1944,citizen_1944,citizen_1944@example.com,Thomas Johnson,+1-555-984-9504,"60 Smart City Ave, Street 7",East District,CTZ-001944,+1-555-853-5715,Technician,6,AB+,1,2026-05-13 08:02:18
1945,citizen_1945,citizen_1945@example.com,James Martin,+1-555-356-7975,"243 Smart City Ave, Street 8",East District,CTZ-001945,+1-555-943-5084,Teacher,4,A-,1,2026-08-05 08:02:18
1946,citizen_1946,citizen_1946@example.com,Sarah Garcia,+1-555-675-3915,"106 Smart City Ave, Street 1",East District,CTZ-001946,+1-555-621-9573,Civil Servant,5,A-,2,2026-05-14 08:02:18
1947,citizen_1947,citizen_1947@example.com,Karen Taylor,+1-555-993-9220,"981 Smart City Ave, Street 16",Industrial Zone,CTZ-001947,+1-555-511-5947,Teacher,1,A-,0,2025-12-13 08:02:18
1948,citizen_1948,citizen_1948@example.com,Sarah Anderson,+1-555-347-5672,"523 Smart City Ave, Street 14",North District,CTZ-001948,+1-555-391-3360,Teacher,2,A+,3,2025-09-07 08:02:18
1949,citizen_1949,citizen_1949@example.com,Karen Anderson,+1-555-511-6466,"317 Smart City Ave, Street 26",East District,CTZ-001949,+1-555-711-9440,Architect,3,A-,2,2025-09-25 08:02:18
1950,citizen_1950,citizen_1950@example.com,Thomas Lopez,+1-555-881-4164,"549 Smart City Ave, Street 38",North District,CTZ-001950,+1-555-326-8506,Engineer,6,O-,1,2026-05-05 08:02:18
1951,citizen_1951,citizen_1951@example.com,Robert Smith,+1-555-592-6631,"377 Smart City Ave, Street 37",South District,CTZ-001951,+1-555-610-5073,Manager,5,O+,0,2025-09-15 08:02:18
1952,citizen_1952,citizen_1952@example.com,Joseph Brown,+1-555-536-6709,"61 Smart City Ave, Street 21",Industrial Zone,CTZ-001952,+1-555-537-1743,Engineer,4,A+,2,2025-09-10 08:02:18
1953,citizen_1953,citizen_1953@example.com,Karen Taylor,+1-555-511-6646,"650 Smart City Ave, Street 2",East District,CTZ-001953,+1-555-269-9186,Doctor,5,A+,0,2026-01-04 08:02:18
1954,citizen_1954,citizen_1954@example.com,William Hernandez,+1-555-433-2012,"196 Smart City Ave, Street 23",Central Zone,CTZ-001954,+1-555-608-4116,Teacher,2,AB+,2,2026-06-01 08:02:18
1955,citizen_1955,citizen_1955@example.com,Patricia Johnson,+1-555-694-2588,"681 Smart City Ave, Street 34",East District,CTZ-001955,+1-555-378-7599,Manager,5,AB-,1,2026-07-07 08:02:18
1956,citizen_1956,citizen_1956@example.com,John Williams,+1-555-525-3320,"670 Smart City Ave, Street 36",West District,CTZ-001956,+1-555-352-4394,Accountant,6,AB-,3,2026-08-09 08:02:18
1957,citizen_1957,citizen_1957@example.com,William Jackson,+1-555-881-7444,"411 Smart City Ave, Street 18",Industrial Zone,CTZ-001957,+1-555-860-9119,Business Owner,5,B-,2,2025-09-20 08:02:18
1958,citizen_1958,citizen_1958@example.com,Richard Davis,+1-555-660-9488,"638 Smart City Ave, Street 33",Industrial Zone,CTZ-001958,+1-555-599-3172,Engineer,6,O+,1,2025-10-12 08:02:18
1959,citizen_1959,citizen_1959@example.com,Mary Davis,+1-555-324-3836,"550 Smart City Ave, Street 23",East District,CTZ-001959,+1-555-140-5943,Student,5,B+,1,2026-01-06 08:02:18
1960,citizen_1960,citizen_1960@example.com,Michael Garcia,+1-555-768-4169,"798 Smart City Ave, Street 6",Industrial Zone,CTZ-001960,+1-555-345-4044,Business Owner,5,A+,1,2026-03-30 08:02:18
1961,citizen_1961,citizen_1961@example.com,Elizabeth Brown,+1-555-884-7089,"106 Smart City Ave, Street 5",Industrial Zone,CTZ-001961,+1-555-993-4112,Manager,3,B-,0,2026-03-10 08:02:18
1962,citizen_1962,citizen_1962@example.com,Patricia Williams,+1-555-644-7050,"131 Smart City Ave, Street 8",North District,CTZ-001962,+1-555-857-7113,Manager,4,A-,1,2026-05-18 08:02:18
1963,citizen_1963,citizen_1963@example.com,Karen Smith,+1-555-918-1753,"926 Smart City Ave, Street 42",West District,CTZ-001963,+1-555-425-3336,Student,4,A-,0,2026-04-07 08:02:18
1964,citizen_1964,citizen_1964@example.com,Karen Johnson,+1-555-663-8183,"984 Smart City Ave, Street 20",West District,CTZ-001964,+1-555-646-7074,Student,5,A-,1,2025-11-18 08:02:18
1965,citizen_1965,citizen_1965@example.com,Karen Davis,+1-555-509-9154,"938 Smart City Ave, Street 25",South District,CTZ-001965,+1-555-268-2325,Accountant,3,AB+,1,2025-09-05 08:02:18
1966,citizen_1966,citizen_1966@example.com,Michael Williams,+1-555-702-9946,"309 Smart City Ave, Street 40",Industrial Zone,CTZ-001966,+1-555-838-1226,Business Owner,2,B+,1,2026-06-19 08:02:18
1967,citizen_1967,citizen_1967@example.com,Patricia Jones,+1-555-289-4486,"175 Smart City Ave, Street 46",West District,CTZ-001967,+1-555-407-6987,Civil Servant,5,A-,2,2025-11-09 08:02:18
1968,citizen_1968,citizen_1968@example.com,Elizabeth Jackson,+1-555-273-5181,"769 Smart City Ave, Street 6",West District,CTZ-001968,+1-555-404-4041,Business Owner,5,O+,1,2025-10-04 08:02:18
1969,citizen_1969,citizen_1969@example.com,Jennifer Jackson,+1-555-849-6017,"107 Smart City Ave, Street 7",North District,CTZ-001969,+1-555-421-7754,Business Owner,2,B-,1,2025-12-15 08:02:18
1970,citizen_1970,citizen_1970@example.com,Elizabeth Gonzalez,+1-555-496-3888,"950 Smart City Ave, Street 32",East District,CTZ-001970,+1-555-251-2024,Accountant,4,A-,2,2026-02-18 08:02:18
1971,citizen_1971,citizen_1971@example.com,Elizabeth Jones,+1-555-212-2751,"717 Smart City Ave, Street 29",North District,CTZ-001971,+1-555-877-7743,Teacher,5,O+,3,2026-02-06 08:02:18
1972,citizen_1972,citizen_1972@example.com,David Williams,+1-555-283-2415,"81 Smart City Ave, Street 33",Industrial Zone,CTZ-001972,+1-555-988-5896,Accountant,5,O-,0,2026-03-18 08:02:18
1973,citizen_1973,citizen_1973@example.com,Susan Martinez,+1-555-109-1081,"138 Smart City Ave, Street 42",North District,CTZ-001973,+1-555-836-1600,Accountant,2,A-,0,2026-03-02 08:02:18
1974,citizen_1974,citizen_1974@example.com,Robert Williams,+1-555-929-8845,"623 Smart City Ave, Street 32",Industrial Zone,CTZ-001974,+1-555-452-6508,Doctor,5,AB+,1,2026-07-01 08:02:18
1975,citizen_1975,citizen_1975@example.com,Karen Anderson,+1-555-372-6233,"847 Smart City Ave, Street 13",Industrial Zone,CTZ-001975,+1-555-519-8670,Engineer,3,B+,0,2026-01-12 08:02:18
1976,citizen_1976,citizen_1976@example.com,Jessica Johnson,+1-555-762-6455,"871 Smart City Ave, Street 37",West District,CTZ-001976,+1-555-643-3964,Manager,3,AB+,0,2025-09-25 08:02:18
1977,citizen_1977,citizen_1977@example.com,Michael Smith,+1-555-545-4768,"684 Smart City Ave, Street 33",East District,CTZ-001977,+1-555-377-7988,Technician,1,B-,0,2025-11-23 08:02:18
1978,citizen_1978,citizen_1978@example.com,Michael Hernandez,+1-555-475-7208,"221 Smart City Ave, Street 42",North District,CTZ-001978,+1-555-512-3760,Accountant,3,B+,0,2026-05-16 08:02:18
1979,citizen_1979,citizen_1979@example.com,Richard Moore,+1-555-363-2352,"742 Smart City Ave, Street 28",South District,CTZ-001979,+1-555-822-7459,Manager,6,AB-,0,2025-10-11 08:02:18
1980,citizen_1980,citizen_1980@example.com,Jennifer Brown,+1-555-458-8974,"525 Smart City Ave, Street 9",East District,CTZ-001980,+1-555-897-1522,Doctor,4,O+,2,2026-05-07 08:02:18
1981,citizen_1981,citizen_1981@example.com,William Garcia,+1-555-655-2755,"484 Smart City Ave, Street 31",South District,CTZ-001981,+1-555-739-1724,Technician,4,A-,3,2026-03-12 08:02:18
1982,citizen_1982,citizen_1982@example.com,Charles Lopez,+1-555-780-9273,"577 Smart City Ave, Street 38",East District,CTZ-001982,+1-555-879-3120,Student,1,O-,1,2026-02-09 08:02:18
1983,citizen_1983,citizen_1983@example.com,Barbara Wilson,+1-555-855-2768,"107 Smart City Ave, Street 6",North District,CTZ-001983,+1-555-687-8388,Business Owner,2,AB-,2,2025-09-17 08:02:18
1984,citizen_1984,citizen_1984@example.com,William Wilson,+1-555-228-8671,"846 Smart City Ave, Street 23",North District,CTZ-001984,+1-555-171-3796,Architect,2,A-,1,2025-12-09 08:02:18
1985,citizen_1985,citizen_1985@example.com,Susan Taylor,+1-555-175-7614,"950 Smart City Ave, Street 50",Central Zone,CTZ-001985,+1-555-982-8188,Accountant,6,B+,0,2026-07-11 08:02:18
1986,citizen_1986,citizen_1986@example.com,Charles Jones,+1-555-512-2118,"51 Smart City Ave, Street 11",Industrial Zone,CTZ-001986,+1-555-182-2678,Architect,3,B+,0,2026-04-02 08:02:18
1987,citizen_1987,citizen_1987@example.com,Linda Taylor,+1-555-923-4086,"923 Smart City Ave, Street 35",Industrial Zone,CTZ-001987,+1-555-577-2483,Student,6,A+,2,2025-09-17 08:02:18
1988,citizen_1988,citizen_1988@example.com,John Miller,+1-555-604-7890,"777 Smart City Ave, Street 34",North District,CTZ-001988,+1-555-354-4784,Business Owner,3,O-,1,2025-10-22 08:02:18
1989,citizen_1989,citizen_1989@example.com,Jennifer Jones,+1-555-867-1998,"696 Smart City Ave, Street 9",North District,CTZ-001989,+1-555-686-5709,Manager,4,AB-,0,2026-03-31 08:02:18
1990,citizen_1990,citizen_1990@example.com,Thomas Miller,+1-555-799-5322,"174 Smart City Ave, Street 38",East District,CTZ-001990,+1-555-756-4641,Teacher,6,B-,0,2025-09-24 08:02:18
1991,citizen_1991,citizen_1991@example.com,Patricia Moore,+1-555-632-5730,"95 Smart City Ave, Street 29",Central Zone,CTZ-001991,+1-555-953-9918,Engineer,5,AB+,2,2025-11-28 08:02:18
1992,citizen_1992,citizen_1992@example.com,Susan Johnson,+1-555-532-4761,"522 Smart City Ave, Street 3",East District,CTZ-001992,+1-555-831-9268,Technician,3,AB+,2,2025-12-21 08:02:18
1993,citizen_1993,citizen_1993@example.com,James Davis,+1-555-339-2857,"29 Smart City Ave, Street 33",East District,CTZ-001993,+1-555-236-3280,Engineer,4,B+,1,2026-08-05 08:02:18
1994,citizen_1994,citizen_1994@example.com,John Brown,+1-555-379-7985,"777 Smart City Ave, Street 28",East District,CTZ-001994,+1-555-192-6741,Business Owner,5,O-,3,2026-05-14 08:02:18
1995,citizen_1995,citizen_1995@example.com,Charles Miller,+1-555-457-4769,"188 Smart City Ave, Street 2",Industrial Zone,CTZ-001995,+1-555-572-5245,Accountant,5,AB+,1,2025-09-20 08:02:18
1996,citizen_1996,citizen_1996@example.com,David Rodriguez,+1-555-788-9194,"181 Smart City Ave, Street 20",Industrial Zone,CTZ-001996,+1-555-767-7131,Accountant,3,A+,1,2025-12-25 08:02:18
1997,citizen_1997,citizen_1997@example.com,Thomas Williams,+1-555-945-4637,"957 Smart City Ave, Street 13",Industrial Zone,CTZ-001997,+1-555-821-6203,Doctor,1,B+,3,2025-09-10 08:02:18
1998,citizen_1998,citizen_1998@example.com,William Jackson,+1-555-465-3428,"402 Smart City Ave, Street 36",Central Zone,CTZ-001998,+1-555-692-8770,Accountant,3,A-,1,2026-09-01 08:02:18
1999,citizen_1999,citizen_1999@example.com,Richard Smith,+1-555-245-5877,"791 Smart City Ave, Street 44",North District,CTZ-001999,+1-555-745-8418,Business Owner,4,B-,1,2025-09-28 08:02:18
2000,citizen_2000,citizen_2000@example.com,Joseph Gonzalez,+1-555-628-5233,"763 Smart City Ave, Street 26",Central Zone,CTZ-002000,+1-555-862-2055,Accountant,5,B-,3,2025-12-10 08:02:18
2001,citizen_2001,citizen_2001@example.com,Karen Hernandez,+1-555-691-4132,"258 Smart City Ave, Street 22",South District,CTZ-002001,+1-555-857-5070,Engineer,3,AB+,0,2025-10-03 08:02:18
2002,citizen_2002,citizen_2002@example.com,Jessica Anderson,+1-555-324-2700,"363 Smart City Ave, Street 34",West District,CTZ-002002,+1-555-220-2665,Student,2,O-,1,2025-11-24 08:02:18
2003,citizen_2003,citizen_2003@example.com,Sarah Thomas,+1-555-193-4720,"146 Smart City Ave, Street 17",South District,CTZ-002003,+1-555-680-6674,Student,6,AB+,3,2026-07-06 08:02:18
2004,citizen_2004,citizen_2004@example.com,Linda Williams,+1-555-401-4695,"651 Smart City Ave, Street 48",Industrial Zone,CTZ-002004,+1-555-886-3747,Engineer,1,O+,3,2026-07-04 08:02:18
2005,citizen_2005,citizen_2005@example.com,Mary Anderson,+1-555-102-3445,"869 Smart City Ave, Street 41",North District,CTZ-002005,+1-555-341-4682,Doctor,1,AB+,2,2025-09-18 08:02:18
2006,citizen_2006,citizen_2006@example.com,Jennifer Miller,+1-555-591-1050,"305 Smart City Ave, Street 46",Central Zone,CTZ-002006,+1-555-246-8535,Business Owner,1,AB-,3,2026-05-31 08:02:18
2007,citizen_2007,citizen_2007@example.com,Michael Miller,+1-555-763-5923,"810 Smart City Ave, Street 15",Industrial Zone,CTZ-002007,+1-555-589-5843,Architect,3,B+,2,2026-03-27 08:02:18
2008,citizen_2008,citizen_2008@example.com,Robert Johnson,+1-555-606-1387,"812 Smart City Ave, Street 44",Industrial Zone,CTZ-002008,+1-555-973-2639,Doctor,3,A+,1,2026-07-21 08:02:18
2009,citizen_2009,citizen_2009@example.com,Sarah Hernandez,+1-555-989-9634,"988 Smart City Ave, Street 11",West District,CTZ-002009,+1-555-132-9351,Student,5,A-,3,2026-06-12 08:02:18
2010,citizen_2010,citizen_2010@example.com,Jennifer Johnson,+1-555-102-8247,"55 Smart City Ave, Street 2",Central Zone,CTZ-002010,+1-555-418-1774,Doctor,1,AB+,2,2026-04-14 08:02:18
2011,citizen_2011,citizen_2011@example.com,Linda Smith,+1-555-952-6967,"485 Smart City Ave, Street 42",West District,CTZ-002011,+1-555-320-1878,Teacher,4,B+,2,2025-11-01 08:02:18
2012,citizen_2012,citizen_2012@example.com,John Johnson,+1-555-573-5026,"31 Smart City Ave, Street 44",South District,CTZ-002012,+1-555-500-4580,Engineer,1,B-,1,2026-03-20 08:02:18
2013,citizen_2013,citizen_2013@example.com,Mary Garcia,+1-555-355-4460,"596 Smart City Ave, Street 21",East District,CTZ-002013,+1-555-243-7721,Civil Servant,1,AB-,0,2026-03-08 08:02:18
2014,citizen_2014,citizen_2014@example.com,David Lopez,+1-555-978-7294,"681 Smart City Ave, Street 16",West District,CTZ-002014,+1-555-354-9030,Manager,3,A+,3,2025-11-19 08:02:18
2015,citizen_2015,citizen_2015@example.com,Charles Wilson,+1-555-253-9273,"795 Smart City Ave, Street 20",East District,CTZ-002015,+1-555-980-2728,Accountant,3,B-,3,2026-05-08 08:02:18
2016,citizen_2016,citizen_2016@example.com,Karen Garcia,+1-555-814-4620,"287 Smart City Ave, Street 49",West District,CTZ-002016,+1-555-125-9876,Accountant,4,AB-,0,2025-11-03 08:02:18
2017,citizen_2017,citizen_2017@example.com,John Wilson,+1-555-420-7563,"957 Smart City Ave, Street 1",Industrial Zone,CTZ-002017,+1-555-163-3509,Manager,1,O+,1,2026-05-09 08:02:18
2018,citizen_2018,citizen_2018@example.com,John Martin,+1-555-891-1820,"651 Smart City Ave, Street 22",East District,CTZ-002018,+1-555-341-6214,Architect,5,A-,3,2026-08-20 08:02:18
2019,citizen_2019,citizen_2019@example.com,Richard Martin,+1-555-797-2498,"452 Smart City Ave, Street 10",Central Zone,CTZ-002019,+1-555-892-4466,Business Owner,4,B+,1,2025-10-14 08:02:18
2020,citizen_2020,citizen_2020@example.com,Linda Thomas,+1-555-512-5405,"237 Smart City Ave, Street 19",West District,CTZ-002020,+1-555-863-3219,Accountant,5,B-,2,2026-05-12 08:02:18
2021,citizen_2021,citizen_2021@example.com,Mary Davis,+1-555-999-9014,"654 Smart City Ave, Street 42",South District,CTZ-002021,+1-555-379-7278,Civil Servant,3,A-,3,2026-02-07 08:02:18
2022,citizen_2022,citizen_2022@example.com,Susan Wilson,+1-555-599-6656,"486 Smart City Ave, Street 35",North District,CTZ-002022,+1-555-405-9704,Business Owner,2,O+,1,2026-07-01 08:02:18
2023,citizen_2023,citizen_2023@example.com,Robert Thomas,+1-555-620-2554,"601 Smart City Ave, Street 34",Industrial Zone,CTZ-002023,+1-555-273-1402,Engineer,4,B+,0,2026-06-14 08:02:18
2024,citizen_2024,citizen_2024@example.com,Joseph Moore,+1-555-660-3495,"840 Smart City Ave, Street 31",North District,CTZ-002024,+1-555-730-1431,Engineer,2,A-,1,2025-12-23 08:02:18
2025,citizen_2025,citizen_2025@example.com,Michael Thomas,+1-555-772-3484,"766 Smart City Ave, Street 27",South District,CTZ-002025,+1-555-935-1587,Technician,3,B-,0,2025-12-06 08:02:18
2026,citizen_2026,citizen_2026@example.com,Sarah Williams,+1-555-255-3720,"910 Smart City Ave, Street 6",Central Zone,CTZ-002026,+1-555-256-6359,Civil Servant,2,A-,2,2026-08-29 08:02:18
2027,citizen_2027,citizen_2027@example.com,Karen Taylor,+1-555-438-2862,"633 Smart City Ave, Street 45",Central Zone,CTZ-002027,+1-555-420-8524,Technician,2,B+,3,2026-02-13 08:02:18
2028,citizen_2028,citizen_2028@example.com,Linda Jones,+1-555-821-7766,"439 Smart City Ave, Street 7",Industrial Zone,CTZ-002028,+1-555-413-5923,Business Owner,3,AB-,0,2025-10-23 08:02:18
2029,citizen_2029,citizen_2029@example.com,Richard Gonzalez,+1-555-451-4129,"402 Smart City Ave, Street 36",Central Zone,CTZ-002029,+1-555-960-6058,Teacher,6,A+,2,2026-03-12 08:02:18
2030,citizen_2030,citizen_2030@example.com,David Smith,+1-555-762-8730,"499 Smart City Ave, Street 9",East District,CTZ-002030,+1-555-283-9718,Technician,2,AB-,3,2026-01-02 08:02:18
2031,citizen_2031,citizen_2031@example.com,Linda Rodriguez,+1-555-461-6475,"64 Smart City Ave, Street 26",South District,CTZ-002031,+1-555-365-3798,Civil Servant,6,AB-,0,2026-07-13 08:02:18
2032,citizen_2032,citizen_2032@example.com,Barbara Davis,+1-555-261-5359,"805 Smart City Ave, Street 47",West District,CTZ-002032,+1-555-954-8214,Manager,5,A-,2,2026-03-15 08:02:18
2033,citizen_2033,citizen_2033@example.com,Joseph Jackson,+1-555-171-4649,"24 Smart City Ave, Street 26",Central Zone,CTZ-002033,+1-555-928-3330,Manager,1,A-,2,2026-02-25 08:02:18
2034,citizen_2034,citizen_2034@example.com,John Lopez,+1-555-391-9254,"162 Smart City Ave, Street 25",South District,CTZ-002034,+1-555-615-8401,Teacher,5,O-,3,2025-09-13 08:02:18
2035,citizen_2035,citizen_2035@example.com,Jessica Lopez,+1-555-375-6671,"145 Smart City Ave, Street 8",West District,CTZ-002035,+1-555-539-5295,Technician,2,B+,0,2026-05-16 08:02:18
2036,citizen_2036,citizen_2036@example.com,James Moore,+1-555-985-9300,"586 Smart City Ave, Street 37",North District,CTZ-002036,+1-555-903-8680,Doctor,2,AB+,3,2026-01-03 08:02:18
2037,citizen_2037,citizen_2037@example.com,Susan Anderson,+1-555-491-8503,"996 Smart City Ave, Street 11",Central Zone,CTZ-002037,+1-555-186-9397,Manager,1,B-,2,2025-09-12 08:02:18
2038,citizen_2038,citizen_2038@example.com,Karen Miller,+1-555-907-5500,"404 Smart City Ave, Street 42",Industrial Zone,CTZ-002038,+1-555-149-7873,Engineer,3,O-,3,2025-12-22 08:02:18
2039,citizen_2039,citizen_2039@example.com,Jessica Moore,+1-555-222-3453,"561 Smart City Ave, Street 45",Central Zone,CTZ-002039,+1-555-318-1654,Teacher,4,AB+,3,2026-04-25 08:02:18
2040,citizen_2040,citizen_2040@example.com,Richard Jones,+1-555-212-6606,"563 Smart City Ave, Street 19",South District,CTZ-002040,+1-555-247-9434,Accountant,5,B-,2,2026-07-09 08:02:18
2041,citizen_2041,citizen_2041@example.com,Linda Davis,+1-555-494-4412,"296 Smart City Ave, Street 25",East District,CTZ-002041,+1-555-673-4341,Civil Servant,2,O+,1,2026-07-03 08:02:18
2042,citizen_2042,citizen_2042@example.com,Richard Rodriguez,+1-555-874-9016,"353 Smart City Ave, Street 45",Central Zone,CTZ-002042,+1-555-634-6457,Teacher,4,A-,2,2026-05-15 08:02:18
2043,citizen_2043,citizen_2043@example.com,Elizabeth Hernandez,+1-555-171-1033,"856 Smart City Ave, Street 50",North District,CTZ-002043,+1-555-277-3940,Business Owner,4,B+,1,2026-07-27 08:02:18
2044,citizen_2044,citizen_2044@example.com,Richard Hernandez,+1-555-478-9882,"229 Smart City Ave, Street 48",Central Zone,CTZ-002044,+1-555-843-9003,Civil Servant,1,O+,0,2026-01-25 08:02:18
2045,citizen_2045,citizen_2045@example.com,James Johnson,+1-555-404-3799,"429 Smart City Ave, Street 10",East District,CTZ-002045,+1-555-379-2944,Doctor,6,O-,3,2025-12-03 08:02:18
2046,citizen_2046,citizen_2046@example.com,Jessica Garcia,+1-555-723-3835,"622 Smart City Ave, Street 29",East District,CTZ-002046,+1-555-296-2062,Doctor,5,B-,0,2025-11-14 08:02:18
2047,citizen_2047,citizen_2047@example.com,Mary Garcia,+1-555-234-8729,"826 Smart City Ave, Street 33",North District,CTZ-002047,+1-555-828-4892,Architect,1,B+,1,2026-08-11 08:02:18
2048,citizen_2048,citizen_2048@example.com,David Johnson,+1-555-544-2781,"620 Smart City Ave, Street 41",South District,CTZ-002048,+1-555-641-6384,Engineer,1,O-,0,2025-10-06 08:02:18
2049,citizen_2049,citizen_2049@example.com,Elizabeth Gonzalez,+1-555-235-1540,"68 Smart City Ave, Street 32",North District,CTZ-002049,+1-555-284-5396,Engineer,3,AB-,0,2026-04-01 08:02:18
2050,citizen_2050,citizen_2050@example.com,Charles Garcia,+1-555-762-3285,"371 Smart City Ave, Street 44",Central Zone,CTZ-002050,+1-555-801-2457,Teacher,6,AB-,3,2026-07-31 08:02:18
2051,citizen_2051,citizen_2051@example.com,Susan Garcia,+1-555-133-7063,"903 Smart City Ave, Street 37",West District,CTZ-002051,+1-555-232-9765,Engineer,6,O-,1,2025-11-15 08:02:18
2052,citizen_2052,citizen_2052@example.com,Jennifer Davis,+1-555-260-1009,"896 Smart City Ave, Street 38",North District,CTZ-002052,+1-555-437-8020,Doctor,3,O+,3,2026-06-05 08:02:18
2053,citizen_2053,citizen_2053@example.com,James Jackson,+1-555-490-9890,"486 Smart City Ave, Street 37",North District,CTZ-002053,+1-555-802-5670,Civil Servant,1,B-,1,2026-02-18 08:02:18
2054,citizen_2054,citizen_2054@example.com,James Moore,+1-555-930-6873,"259 Smart City Ave, Street 41",West District,CTZ-002054,+1-555-109-6597,Doctor,5,AB-,1,2026-03-20 08:02:18
2055,citizen_2055,citizen_2055@example.com,Jessica Davis,+1-555-340-8686,"90 Smart City Ave, Street 25",Central Zone,CTZ-002055,+1-555-859-2277,Student,5,O-,3,2026-05-18 08:02:18
2056,citizen_2056,citizen_2056@example.com,Thomas Anderson,+1-555-991-9684,"654 Smart City Ave, Street 31",Industrial Zone,CTZ-002056,+1-555-383-5294,Business Owner,6,O-,0,2026-07-08 08:02:18
2057,citizen_2057,citizen_2057@example.com,Robert Johnson,+1-555-345-6494,"810 Smart City Ave, Street 33",Central Zone,CTZ-002057,+1-555-232-5014,Teacher,3,AB+,1,2026-06-29 08:02:18
2058,citizen_2058,citizen_2058@example.com,Charles Rodriguez,+1-555-636-2677,"529 Smart City Ave, Street 1",West District,CTZ-002058,+1-555-325-8533,Manager,3,AB+,1,2025-11-25 08:02:18
2059,citizen_2059,citizen_2059@example.com,Jennifer Jones,+1-555-682-4448,"206 Smart City Ave, Street 41",Industrial Zone,CTZ-002059,+1-555-806-4748,Student,2,A-,1,2025-12-12 08:02:18
2060,citizen_2060,citizen_2060@example.com,Barbara Martin,+1-555-380-4077,"63 Smart City Ave, Street 8",West District,CTZ-002060,+1-555-122-6682,Manager,6,A+,1,2026-04-30 08:02:18
2061,citizen_2061,citizen_2061@example.com,Jessica Moore,+1-555-172-2200,"407 Smart City Ave, Street 43",West District,CTZ-002061,+1-555-591-1512,Business Owner,2,A+,3,2026-01-13 08:02:18
2062,citizen_2062,citizen_2062@example.com,William Jones,+1-555-557-7797,"729 Smart City Ave, Street 2",South District,CTZ-002062,+1-555-509-6091,Accountant,5,O+,3,2026-07-17 08:02:18
2063,citizen_2063,citizen_2063@example.com,David Smith,+1-555-520-9664,"65 Smart City Ave, Street 21",South District,CTZ-002063,+1-555-371-4317,Civil Servant,6,A+,2,2026-06-20 08:02:18
2064,citizen_2064,citizen_2064@example.com,James Davis,+1-555-197-1200,"285 Smart City Ave, Street 35",South District,CTZ-002064,+1-555-224-1147,Teacher,1,B-,2,2025-11-07 08:02:18
2065,citizen_2065,citizen_2065@example.com,Thomas Gonzalez,+1-555-148-1135,"529 Smart City Ave, Street 19",East District,CTZ-002065,+1-555-594-3416,Engineer,3,A+,1,2026-07-23 08:02:18
2066,citizen_2066,citizen_2066@example.com,Karen Moore,+1-555-499-4421,"678 Smart City Ave, Street 33",Industrial Zone,CTZ-002066,+1-555-442-6786,Teacher,2,B+,2,2026-03-20 08:02:18
2067,citizen_2067,citizen_2067@example.com,John Taylor,+1-555-774-2608,"438 Smart City Ave, Street 15",East District,CTZ-002067,+1-555-422-9545,Doctor,2,AB-,1,2026-03-09 08:02:18
2068,citizen_2068,citizen_2068@example.com,Jessica Smith,+1-555-988-3412,"968 Smart City Ave, Street 42",West District,CTZ-002068,+1-555-752-9328,Architect,6,O+,1,2026-02-28 08:02:18
2069,citizen_2069,citizen_2069@example.com,Barbara Jackson,+1-555-833-8944,"143 Smart City Ave, Street 41",East District,CTZ-002069,+1-555-149-3023,Accountant,2,AB+,2,2026-02-26 08:02:18
2070,citizen_2070,citizen_2070@example.com,Sarah Thomas,+1-555-904-8164,"658 Smart City Ave, Street 12",East District,CTZ-002070,+1-555-573-8457,Manager,3,B+,0,2026-01-03 08:02:18
2071,citizen_2071,citizen_2071@example.com,Jessica Moore,+1-555-846-5788,"989 Smart City Ave, Street 26",Industrial Zone,CTZ-002071,+1-555-209-3662,Civil Servant,5,A-,2,2025-12-22 08:02:18
2072,citizen_2072,citizen_2072@example.com,Mary Smith,+1-555-633-2365,"279 Smart City Ave, Street 50",West District,CTZ-002072,+1-555-817-4739,Student,3,O-,1,2026-01-23 08:02:18
2073,citizen_2073,citizen_2073@example.com,William Gonzalez,+1-555-395-7322,"226 Smart City Ave, Street 45",South District,CTZ-002073,+1-555-473-8852,Manager,2,A+,3,2025-12-13 08:02:18
2074,citizen_2074,citizen_2074@example.com,Richard Anderson,+1-555-725-4180,"654 Smart City Ave, Street 30",East District,CTZ-002074,+1-555-137-5551,Accountant,6,B-,2,2026-03-27 08:02:18
2075,citizen_2075,citizen_2075@example.com,Elizabeth Wilson,+1-555-413-8921,"232 Smart City Ave, Street 33",South District,CTZ-002075,+1-555-616-3594,Doctor,6,O-,1,2026-04-09 08:02:18
2076,citizen_2076,citizen_2076@example.com,Karen Anderson,+1-555-205-3405,"113 Smart City Ave, Street 37",Industrial Zone,CTZ-002076,+1-555-843-4645,Architect,2,AB-,0,2026-06-12 08:02:18
2077,citizen_2077,citizen_2077@example.com,John Moore,+1-555-851-6655,"46 Smart City Ave, Street 31",Industrial Zone,CTZ-002077,+1-555-207-4204,Manager,3,A+,1,2026-04-22 08:02:18
2078,citizen_2078,citizen_2078@example.com,Barbara Johnson,+1-555-715-5501,"48 Smart City Ave, Street 18",East District,CTZ-002078,+1-555-866-4929,Student,2,B-,0,2026-03-11 08:02:18
2079,citizen_2079,citizen_2079@example.com,William Davis,+1-555-342-3357,"893 Smart City Ave, Street 6",Industrial Zone,CTZ-002079,+1-555-690-3813,Student,5,A+,1,2026-05-17 08:02:18
2080,citizen_2080,citizen_2080@example.com,Jessica Gonzalez,+1-555-672-8982,"969 Smart City Ave, Street 50",East District,CTZ-002080,+1-555-225-3683,Civil Servant,3,AB-,1,2025-09-04 08:02:18
2081,citizen_2081,citizen_2081@example.com,David Martinez,+1-555-685-2390,"152 Smart City Ave, Street 3",North District,CTZ-002081,+1-555-669-5635,Doctor,1,A+,0,2026-02-22 08:02:18
2082,citizen_2082,citizen_2082@example.com,Linda Garcia,+1-555-860-1300,"94 Smart City Ave, Street 1",Central Zone,CTZ-002082,+1-555-545-5157,Accountant,1,O+,3,2026-07-27 08:02:18
2083,citizen_2083,citizen_2083@example.com,Charles Garcia,+1-555-609-2189,"585 Smart City Ave, Street 15",Industrial Zone,CTZ-002083,+1-555-917-1200,Accountant,3,B-,1,2026-06-12 08:02:18
2084,citizen_2084,citizen_2084@example.com,Jennifer Miller,+1-555-312-9973,"906 Smart City Ave, Street 6",Central Zone,CTZ-002084,+1-555-925-1466,Teacher,2,B+,0,2025-12-21 08:02:18
2085,citizen_2085,citizen_2085@example.com,Joseph Davis,+1-555-761-9277,"566 Smart City Ave, Street 12",West District,CTZ-002085,+1-555-924-1484,Student,2,B-,1,2025-09-19 08:02:18
2086,citizen_2086,citizen_2086@example.com,Richard Taylor,+1-555-775-7723,"958 Smart City Ave, Street 45",West District,CTZ-002086,+1-555-517-2088,Business Owner,1,O+,1,2025-11-05 08:02:18
2087,citizen_2087,citizen_2087@example.com,Richard Moore,+1-555-150-9688,"110 Smart City Ave, Street 45",South District,CTZ-002087,+1-555-977-3557,Teacher,5,AB+,2,2026-08-25 08:02:18
2088,citizen_2088,citizen_2088@example.com,John Anderson,+1-555-425-1883,"200 Smart City Ave, Street 34",Industrial Zone,CTZ-002088,+1-555-909-5603,Manager,5,O-,1,2026-07-29 08:02:18
2089,citizen_2089,citizen_2089@example.com,Charles Davis,+1-555-306-5799,"163 Smart City Ave, Street 19",East District,CTZ-002089,+1-555-930-7367,Student,1,AB-,1,2026-02-01 08:02:18
2090,citizen_2090,citizen_2090@example.com,Jessica Rodriguez,+1-555-431-4929,"186 Smart City Ave, Street 47",West District,CTZ-002090,+1-555-525-7262,Business Owner,1,A+,3,2026-08-03 08:02:18
2091,citizen_2091,citizen_2091@example.com,Patricia Williams,+1-555-585-5775,"675 Smart City Ave, Street 9",Industrial Zone,CTZ-002091,+1-555-264-8149,Manager,4,O+,2,2025-09-12 08:02:18
2092,citizen_2092,citizen_2092@example.com,Elizabeth Johnson,+1-555-126-4386,"703 Smart City Ave, Street 10",East District,CTZ-002092,+1-555-569-3165,Civil Servant,2,AB+,2,2025-09-10 08:02:18
2093,citizen_2093,citizen_2093@example.com,Charles Brown,+1-555-151-7850,"791 Smart City Ave, Street 42",South District,CTZ-002093,+1-555-334-2321,Business Owner,1,B-,1,2026-06-25 08:02:18
2094,citizen_2094,citizen_2094@example.com,Jessica Jones,+1-555-886-8306,"608 Smart City Ave, Street 32",West District,CTZ-002094,+1-555-271-8760,Technician,4,AB-,3,2025-12-11 08:02:18
2095,citizen_2095,citizen_2095@example.com,Jennifer Thomas,+1-555-825-4671,"233 Smart City Ave, Street 49",Central Zone,CTZ-002095,+1-555-334-9394,Teacher,4,O+,3,2026-08-21 08:02:18
2096,citizen_2096,citizen_2096@example.com,Linda Johnson,+1-555-399-1294,"634 Smart City Ave, Street 35",Industrial Zone,CTZ-002096,+1-555-536-9069,Doctor,3,O-,0,2025-09-21 08:02:18
2097,citizen_2097,citizen_2097@example.com,William Thomas,+1-555-671-9956,"78 Smart City Ave, Street 49",Central Zone,CTZ-002097,+1-555-461-6065,Accountant,1,B+,2,2026-05-13 08:02:18
2098,citizen_2098,citizen_2098@example.com,Susan Rodriguez,+1-555-264-2915,"442 Smart City Ave, Street 5",Central Zone,CTZ-002098,+1-555-434-2025,Accountant,3,B-,1,2026-06-16 08:02:18
2099,citizen_2099,citizen_2099@example.com,Richard Miller,+1-555-876-4657,"886 Smart City Ave, Street 50",East District,CTZ-002099,+1-555-757-7436,Doctor,3,AB+,0,2025-10-12 08:02:18
2100,citizen_2100,citizen_2100@example.com,Karen Smith,+1-555-875-7887,"472 Smart City Ave, Street 49",Central Zone,CTZ-002100,+1-555-364-9839,Business Owner,3,B-,2,2026-07-14 08:02:18
2101,citizen_2101,citizen_2101@example.com,Patricia Jones,+1-555-685-7118,"104 Smart City Ave, Street 39",Industrial Zone,CTZ-002101,+1-555-297-4910,Technician,4,A-,2,2026-08-30 08:02:18
2102,citizen_2102,citizen_2102@example.com,Robert Taylor,+1-555-388-2078,"446 Smart City Ave, Street 45",West District,CTZ-002102,+1-555-680-1555,Civil Servant,2,AB-,0,2026-07-27 08:02:18
2103,citizen_2103,citizen_2103@example.com,Jessica Davis,+1-555-748-3689,"604 Smart City Ave, Street 12",South District,CTZ-002103,+1-555-894-8301,Student,1,AB-,1,2025-11-07 08:02:18
2104,citizen_2104,citizen_2104@example.com,Karen Jackson,+1-555-634-3320,"442 Smart City Ave, Street 8",Industrial Zone,CTZ-002104,+1-555-320-3623,Doctor,2,B-,1,2026-06-29 08:02:18
2105,citizen_2105,citizen_2105@example.com,Thomas Hernandez,+1-555-324-6660,"215 Smart City Ave, Street 17",East District,CTZ-002105,+1-555-321-3146,Doctor,5,A-,0,2026-04-21 08:02:18
2106,citizen_2106,citizen_2106@example.com,James Wilson,+1-555-746-3313,"347 Smart City Ave, Street 49",North District,CTZ-002106,+1-555-183-6763,Civil Servant,3,A+,1,2025-12-23 08:02:18
2107,citizen_2107,citizen_2107@example.com,Michael Garcia,+1-555-333-2473,"976 Smart City Ave, Street 31",Central Zone,CTZ-002107,+1-555-727-8906,Architect,5,O-,3,2025-09-26 08:02:18
2108,citizen_2108,citizen_2108@example.com,Joseph Hernandez,+1-555-644-3761,"736 Smart City Ave, Street 42",Industrial Zone,CTZ-002108,+1-555-172-5065,Technician,4,A-,0,2026-05-26 08:02:18
2109,citizen_2109,citizen_2109@example.com,Charles Garcia,+1-555-447-9127,"680 Smart City Ave, Street 29",West District,CTZ-002109,+1-555-985-8640,Engineer,5,A+,1,2026-03-13 08:02:18
2110,citizen_2110,citizen_2110@example.com,Michael Smith,+1-555-969-1328,"157 Smart City Ave, Street 30",North District,CTZ-002110,+1-555-869-1298,Civil Servant,3,B+,2,2025-11-10 08:02:18
2111,citizen_2111,citizen_2111@example.com,Elizabeth Davis,+1-555-546-8324,"670 Smart City Ave, Street 40",South District,CTZ-002111,+1-555-894-9359,Teacher,4,A+,0,2026-04-08 08:02:18
2112,citizen_2112,citizen_2112@example.com,Mary Moore,+1-555-407-2019,"314 Smart City Ave, Street 15",East District,CTZ-002112,+1-555-727-2039,Architect,4,A+,1,2026-01-17 08:02:18
2113,citizen_2113,citizen_2113@example.com,Elizabeth Gonzalez,+1-555-725-2088,"470 Smart City Ave, Street 3",West District,CTZ-002113,+1-555-801-1267,Doctor,2,AB-,1,2026-04-25 08:02:18
2114,citizen_2114,citizen_2114@example.com,Barbara Wilson,+1-555-491-2033,"617 Smart City Ave, Street 7",West District,CTZ-002114,+1-555-137-7817,Manager,3,O+,0,2026-06-16 08:02:18
2115,citizen_2115,citizen_2115@example.com,Jessica Miller,+1-555-174-9102,"367 Smart City Ave, Street 25",West District,CTZ-002115,+1-555-832-1189,Architect,1,A-,2,2026-01-14 08:02:18
2116,citizen_2116,citizen_2116@example.com,Joseph Garcia,+1-555-259-2733,"142 Smart City Ave, Street 20",Industrial Zone,CTZ-002116,+1-555-235-6977,Doctor,3,AB+,1,2025-12-30 08:02:18
2117,citizen_2117,citizen_2117@example.com,Charles Johnson,+1-555-697-8078,"357 Smart City Ave, Street 35",North District,CTZ-002117,+1-555-415-3790,Engineer,4,O-,1,2026-02-05 08:02:18
2118,citizen_2118,citizen_2118@example.com,Michael Lopez,+1-555-995-5300,"388 Smart City Ave, Street 13",Industrial Zone,CTZ-002118,+1-555-693-5236,Student,5,A-,2,2026-01-30 08:02:18
2119,citizen_2119,citizen_2119@example.com,William Martin,+1-555-437-8204,"203 Smart City Ave, Street 45",East District,CTZ-002119,+1-555-948-1603,Teacher,5,A-,1,2026-03-25 08:02:18
2120,citizen_2120,citizen_2120@example.com,Karen Moore,+1-555-506-4788,"613 Smart City Ave, Street 25",Central Zone,CTZ-002120,+1-555-706-7868,Civil Servant,2,B+,1,2025-12-31 08:02:18
2121,citizen_2121,citizen_2121@example.com,Richard Jones,+1-555-202-6555,"358 Smart City Ave, Street 22",Industrial Zone,CTZ-002121,+1-555-478-4944,Accountant,5,B-,1,2025-12-29 08:02:18
2122,citizen_2122,citizen_2122@example.com,Elizabeth Gonzalez,+1-555-188-8938,"587 Smart City Ave, Street 47",Central Zone,CTZ-002122,+1-555-642-8989,Doctor,4,AB-,2,2026-02-24 08:02:18
2123,citizen_2123,citizen_2123@example.com,Jennifer Lopez,+1-555-207-5440,"270 Smart City Ave, Street 44",Central Zone,CTZ-002123,+1-555-723-5051,Accountant,3,A+,3,2026-07-22 08:02:18
2124,citizen_2124,citizen_2124@example.com,Susan Rodriguez,+1-555-555-2068,"936 Smart City Ave, Street 19",North District,CTZ-002124,+1-555-440-7596,Architect,2,AB+,1,2026-07-14 08:02:18
2125,citizen_2125,citizen_2125@example.com,Richard Garcia,+1-555-499-5664,"469 Smart City Ave, Street 32",Central Zone,CTZ-002125,+1-555-770-9557,Manager,2,O-,3,2026-08-07 08:02:18
2126,citizen_2126,citizen_2126@example.com,Susan Johnson,+1-555-185-9681,"139 Smart City Ave, Street 28",West District,CTZ-002126,+1-555-850-7896,Manager,3,A+,3,2026-09-01 08:02:18
2127,citizen_2127,citizen_2127@example.com,Thomas Garcia,+1-555-117-8717,"934 Smart City Ave, Street 3",East District,CTZ-002127,+1-555-259-2589,Student,3,O+,3,2026-03-18 08:02:18
2128,citizen_2128,citizen_2128@example.com,William Martinez,+1-555-432-9719,"147 Smart City Ave, Street 33",South District,CTZ-002128,+1-555-662-3250,Teacher,3,A+,1,2025-12-02 08:02:18
2129,citizen_2129,citizen_2129@example.com,David Martinez,+1-555-195-8470,"357 Smart City Ave, Street 11",Central Zone,CTZ-002129,+1-555-282-4871,Teacher,3,AB-,1,2025-09-23 08:02:18
2130,citizen_2130,citizen_2130@example.com,Michael Jackson,+1-555-909-1496,"258 Smart City Ave, Street 3",Central Zone,CTZ-002130,+1-555-660-2775,Manager,2,AB-,2,2026-07-18 08:02:18
2131,citizen_2131,citizen_2131@example.com,William Martin,+1-555-654-9359,"341 Smart City Ave, Street 27",South District,CTZ-002131,+1-555-965-6811,Civil Servant,3,AB+,1,2026-04-01 08:02:18
2132,citizen_2132,citizen_2132@example.com,Sarah Rodriguez,+1-555-358-8913,"150 Smart City Ave, Street 19",South District,CTZ-002132,+1-555-775-6087,Student,3,AB-,1,2026-05-10 08:02:18
2133,citizen_2133,citizen_2133@example.com,Joseph Smith,+1-555-178-9497,"957 Smart City Ave, Street 13",West District,CTZ-002133,+1-555-465-4779,Teacher,3,AB+,0,2026-08-26 08:02:18
2134,citizen_2134,citizen_2134@example.com,Barbara Hernandez,+1-555-548-8059,"66 Smart City Ave, Street 43",Industrial Zone,CTZ-002134,+1-555-728-3257,Accountant,3,AB+,2,2026-05-11 08:02:18
2135,citizen_2135,citizen_2135@example.com,Patricia Martin,+1-555-255-2016,"60 Smart City Ave, Street 16",East District,CTZ-002135,+1-555-771-1160,Student,1,AB+,3,2026-07-22 08:02:18
2136,citizen_2136,citizen_2136@example.com,Mary Thomas,+1-555-158-4804,"35 Smart City Ave, Street 49",Central Zone,CTZ-002136,+1-555-666-6934,Student,5,B+,2,2025-12-24 08:02:18
2137,citizen_2137,citizen_2137@example.com,Richard Davis,+1-555-697-7475,"823 Smart City Ave, Street 20",Central Zone,CTZ-002137,+1-555-917-8368,Engineer,5,B+,1,2025-11-19 08:02:18
2138,citizen_2138,citizen_2138@example.com,Jennifer Martin,+1-555-303-1846,"662 Smart City Ave, Street 38",West District,CTZ-002138,+1-555-734-1518,Teacher,1,O-,1,2025-09-19 08:02:18
2139,citizen_2139,citizen_2139@example.com,Michael Lopez,+1-555-887-7411,"30 Smart City Ave, Street 5",West District,CTZ-002139,+1-555-299-8799,Manager,6,A-,2,2026-07-03 08:02:18
2140,citizen_2140,citizen_2140@example.com,Karen Miller,+1-555-879-1273,"32 Smart City Ave, Street 28",East District,CTZ-002140,+1-555-887-2508,Business Owner,3,AB+,1,2026-03-20 08:02:18
2141,citizen_2141,citizen_2141@example.com,Charles Williams,+1-555-274-9588,"967 Smart City Ave, Street 41",South District,CTZ-002141,+1-555-544-5406,Engineer,2,AB-,3,2026-07-10 08:02:18
2142,citizen_2142,citizen_2142@example.com,Patricia Anderson,+1-555-402-2960,"891 Smart City Ave, Street 37",South District,CTZ-002142,+1-555-298-5018,Accountant,1,A+,0,2025-11-10 08:02:18
2143,citizen_2143,citizen_2143@example.com,John Wilson,+1-555-690-2748,"585 Smart City Ave, Street 49",South District,CTZ-002143,+1-555-260-7415,Student,4,B-,2,2026-01-16 08:02:18
2144,citizen_2144,citizen_2144@example.com,Susan Rodriguez,+1-555-467-3266,"414 Smart City Ave, Street 10",South District,CTZ-002144,+1-555-242-4030,Engineer,3,A+,3,2026-05-26 08:02:18
2145,citizen_2145,citizen_2145@example.com,Jessica Miller,+1-555-126-8413,"437 Smart City Ave, Street 6",North District,CTZ-002145,+1-555-657-4580,Student,6,AB-,3,2026-04-17 08:02:18
2146,citizen_2146,citizen_2146@example.com,Jessica Gonzalez,+1-555-595-8640,"481 Smart City Ave, Street 47",West District,CTZ-002146,+1-555-911-9084,Business Owner,2,B+,2,2025-11-22 08:02:18
2147,citizen_2147,citizen_2147@example.com,Linda Wilson,+1-555-937-8329,"309 Smart City Ave, Street 8",North District,CTZ-002147,+1-555-874-4802,Teacher,6,O-,2,2026-01-03 08:02:18
2148,citizen_2148,citizen_2148@example.com,Joseph Wilson,+1-555-359-7894,"376 Smart City Ave, Street 30",Central Zone,CTZ-002148,+1-555-699-2975,Teacher,2,A-,3,2026-01-30 08:02:18
2149,citizen_2149,citizen_2149@example.com,Thomas Thomas,+1-555-829-6721,"713 Smart City Ave, Street 40",West District,CTZ-002149,+1-555-670-6513,Technician,3,AB-,1,2026-06-11 08:02:18
2150,citizen_2150,citizen_2150@example.com,Susan Lopez,+1-555-470-3324,"864 Smart City Ave, Street 14",Central Zone,CTZ-002150,+1-555-411-2450,Teacher,1,B+,2,2025-11-24 08:02:18
2151,citizen_2151,citizen_2151@example.com,Karen Hernandez,+1-555-513-6691,"70 Smart City Ave, Street 11",South District,CTZ-002151,+1-555-758-1445,Technician,2,B+,2,2026-08-23 08:02:18
2152,citizen_2152,citizen_2152@example.com,Thomas Thomas,+1-555-619-6963,"199 Smart City Ave, Street 40",Central Zone,CTZ-002152,+1-555-502-5583,Doctor,3,A+,2,2025-10-20 08:02:18
2153,citizen_2153,citizen_2153@example.com,Richard Miller,+1-555-752-2432,"177 Smart City Ave, Street 40",North District,CTZ-002153,+1-555-769-5608,Engineer,3,O+,1,2025-10-25 08:02:18
2154,citizen_2154,citizen_2154@example.com,Susan Lopez,+1-555-530-5401,"298 Smart City Ave, Street 35",Industrial Zone,CTZ-002154,+1-555-598-7342,Student,3,B+,3,2026-05-04 08:02:18
2155,citizen_2155,citizen_2155@example.com,Susan Johnson,+1-555-804-5639,"994 Smart City Ave, Street 11",West District,CTZ-002155,+1-555-877-6204,Manager,2,B-,1,2026-05-02 08:02:18
2156,citizen_2156,citizen_2156@example.com,Susan Moore,+1-555-850-3460,"241 Smart City Ave, Street 29",North District,CTZ-002156,+1-555-451-7877,Doctor,5,A-,1,2026-08-09 08:02:18
2157,citizen_2157,citizen_2157@example.com,Jessica Moore,+1-555-287-7821,"587 Smart City Ave, Street 16",South District,CTZ-002157,+1-555-338-5083,Civil Servant,2,B+,1,2026-04-01 08:02:18
2158,citizen_2158,citizen_2158@example.com,William Lopez,+1-555-246-2923,"467 Smart City Ave, Street 5",East District,CTZ-002158,+1-555-457-4150,Engineer,5,O-,3,2025-10-04 08:02:18
2159,citizen_2159,citizen_2159@example.com,Susan Hernandez,+1-555-974-9025,"432 Smart City Ave, Street 9",West District,CTZ-002159,+1-555-230-8519,Doctor,1,AB-,0,2025-09-15 08:02:18
2160,citizen_2160,citizen_2160@example.com,Charles Garcia,+1-555-927-2293,"165 Smart City Ave, Street 9",Industrial Zone,CTZ-002160,+1-555-494-5182,Architect,6,B-,3,2025-11-09 08:02:18
2161,citizen_2161,citizen_2161@example.com,James Hernandez,+1-555-863-1073,"118 Smart City Ave, Street 42",Industrial Zone,CTZ-002161,+1-555-848-1009,Accountant,2,A-,1,2026-01-13 08:02:18
2162,citizen_2162,citizen_2162@example.com,Robert Taylor,+1-555-571-2495,"915 Smart City Ave, Street 4",Industrial Zone,CTZ-002162,+1-555-538-4825,Doctor,4,B-,2,2025-10-28 08:02:18
2163,citizen_2163,citizen_2163@example.com,Jessica Lopez,+1-555-259-4563,"44 Smart City Ave, Street 7",South District,CTZ-002163,+1-555-948-7543,Teacher,4,AB+,3,2026-01-09 08:02:18
2164,citizen_2164,citizen_2164@example.com,Robert Garcia,+1-555-692-9343,"268 Smart City Ave, Street 16",South District,CTZ-002164,+1-555-545-1727,Business Owner,1,AB+,1,2026-01-24 08:02:18
2165,citizen_2165,citizen_2165@example.com,Jessica Miller,+1-555-171-2199,"818 Smart City Ave, Street 30",North District,CTZ-002165,+1-555-154-2544,Doctor,5,B+,1,2026-03-01 08:02:18
2166,citizen_2166,citizen_2166@example.com,Robert Williams,+1-555-342-4736,"320 Smart City Ave, Street 21",East District,CTZ-002166,+1-555-899-8879,Manager,3,A+,3,2025-11-17 08:02:18
2167,citizen_2167,citizen_2167@example.com,James Garcia,+1-555-887-7505,"842 Smart City Ave, Street 6",Industrial Zone,CTZ-002167,+1-555-998-1428,Technician,2,AB-,2,2025-12-16 08:02:18
2168,citizen_2168,citizen_2168@example.com,Robert Jones,+1-555-721-7244,"424 Smart City Ave, Street 21",Industrial Zone,CTZ-002168,+1-555-264-4259,Business Owner,3,A+,0,2026-01-15 08:02:18
2169,citizen_2169,citizen_2169@example.com,Linda Lopez,+1-555-339-1111,"667 Smart City Ave, Street 46",North District,CTZ-002169,+1-555-186-2585,Business Owner,4,B-,2,2025-12-23 08:02:18
2170,citizen_2170,citizen_2170@example.com,Linda Moore,+1-555-900-4315,"616 Smart City Ave, Street 18",West District,CTZ-002170,+1-555-902-1787,Architect,4,A+,2,2026-09-02 08:02:18
2171,citizen_2171,citizen_2171@example.com,Michael Miller,+1-555-261-5292,"593 Smart City Ave, Street 20",East District,CTZ-002171,+1-555-321-4153,Architect,3,O-,0,2026-01-03 08:02:18
2172,citizen_2172,citizen_2172@example.com,William Hernandez,+1-555-955-9962,"766 Smart City Ave, Street 29",East District,CTZ-002172,+1-555-847-9219,Accountant,5,A+,3,2025-09-23 08:02:18
2173,citizen_2173,citizen_2173@example.com,Jessica Moore,+1-555-727-1219,"654 Smart City Ave, Street 28",South District,CTZ-002173,+1-555-147-4101,Accountant,5,AB+,3,2025-11-11 08:02:18
2174,citizen_2174,citizen_2174@example.com,Michael Taylor,+1-555-975-2870,"505 Smart City Ave, Street 18",Industrial Zone,CTZ-002174,+1-555-561-7805,Teacher,6,O+,2,2026-03-02 08:02:18
2175,citizen_2175,citizen_2175@example.com,Charles Williams,+1-555-242-5131,"614 Smart City Ave, Street 37",South District,CTZ-002175,+1-555-275-4435,Architect,1,A-,1,2026-06-11 08:02:18
2176,citizen_2176,citizen_2176@example.com,Elizabeth Gonzalez,+1-555-345-2090,"693 Smart City Ave, Street 44",North District,CTZ-002176,+1-555-144-8030,Student,1,A+,0,2026-09-03 08:02:18
2177,citizen_2177,citizen_2177@example.com,Mary Smith,+1-555-342-6229,"615 Smart City Ave, Street 40",North District,CTZ-002177,+1-555-280-5445,Engineer,1,O-,3,2026-07-13 08:02:18
2178,citizen_2178,citizen_2178@example.com,William Martinez,+1-555-971-6426,"754 Smart City Ave, Street 36",West District,CTZ-002178,+1-555-575-6319,Doctor,1,A+,0,2026-03-22 08:02:18
2179,citizen_2179,citizen_2179@example.com,Sarah Garcia,+1-555-578-7540,"853 Smart City Ave, Street 14",North District,CTZ-002179,+1-555-777-9484,Architect,2,O+,1,2026-02-25 08:02:18
2180,citizen_2180,citizen_2180@example.com,Charles Hernandez,+1-555-955-8846,"45 Smart City Ave, Street 30",South District,CTZ-002180,+1-555-877-7367,Doctor,3,B+,2,2025-12-27 08:02:18
2181,citizen_2181,citizen_2181@example.com,Robert Thomas,+1-555-475-5006,"336 Smart City Ave, Street 6",South District,CTZ-002181,+1-555-888-9985,Student,3,O-,2,2026-07-02 08:02:18
2182,citizen_2182,citizen_2182@example.com,Linda Hernandez,+1-555-864-5774,"186 Smart City Ave, Street 29",East District,CTZ-002182,+1-555-301-7283,Manager,4,AB-,3,2026-01-30 08:02:18
2183,citizen_2183,citizen_2183@example.com,Karen Martin,+1-555-169-2924,"921 Smart City Ave, Street 27",Central Zone,CTZ-002183,+1-555-706-9468,Architect,2,O-,2,2025-10-16 08:02:18
2184,citizen_2184,citizen_2184@example.com,David Gonzalez,+1-555-880-9526,"939 Smart City Ave, Street 17",West District,CTZ-002184,+1-555-484-5081,Teacher,1,O+,0,2026-02-20 08:02:18
2185,citizen_2185,citizen_2185@example.com,Susan Thomas,+1-555-811-1001,"662 Smart City Ave, Street 29",Industrial Zone,CTZ-002185,+1-555-836-4733,Doctor,2,AB+,1,2025-10-19 08:02:18
2186,citizen_2186,citizen_2186@example.com,James Gonzalez,+1-555-391-8753,"873 Smart City Ave, Street 6",North District,CTZ-002186,+1-555-842-3692,Architect,4,A-,1,2026-06-22 08:02:18
2187,citizen_2187,citizen_2187@example.com,Thomas Smith,+1-555-342-3615,"734 Smart City Ave, Street 41",North District,CTZ-002187,+1-555-643-6851,Business Owner,4,B-,1,2025-10-11 08:02:18
2188,citizen_2188,citizen_2188@example.com,David Wilson,+1-555-963-7872,"680 Smart City Ave, Street 4",North District,CTZ-002188,+1-555-319-6818,Teacher,5,AB-,3,2025-12-19 08:02:18
2189,citizen_2189,citizen_2189@example.com,Karen Jones,+1-555-172-9956,"448 Smart City Ave, Street 50",West District,CTZ-002189,+1-555-948-5124,Doctor,3,A+,1,2026-01-12 08:02:18
2190,citizen_2190,citizen_2190@example.com,Karen Hernandez,+1-555-263-3775,"907 Smart City Ave, Street 22",Central Zone,CTZ-002190,+1-555-931-9849,Architect,5,A-,1,2026-02-01 08:02:18
2191,citizen_2191,citizen_2191@example.com,Richard Jones,+1-555-393-7289,"100 Smart City Ave, Street 5",South District,CTZ-002191,+1-555-169-2520,Engineer,1,AB-,0,2026-02-15 08:02:18
2192,citizen_2192,citizen_2192@example.com,Richard Williams,+1-555-503-1194,"692 Smart City Ave, Street 11",South District,CTZ-002192,+1-555-869-8527,Architect,3,AB-,3,2026-07-08 08:02:18
2193,citizen_2193,citizen_2193@example.com,Mary Miller,+1-555-164-5151,"475 Smart City Ave, Street 30",Central Zone,CTZ-002193,+1-555-351-2786,Business Owner,4,A-,1,2026-08-28 08:02:18
2194,citizen_2194,citizen_2194@example.com,Sarah Jones,+1-555-592-5833,"562 Smart City Ave, Street 3",West District,CTZ-002194,+1-555-540-5055,Manager,2,AB-,3,2025-11-07 08:02:18
2195,citizen_2195,citizen_2195@example.com,Robert Taylor,+1-555-594-8884,"386 Smart City Ave, Street 46",South District,CTZ-002195,+1-555-871-3149,Engineer,3,O+,0,2025-09-25 08:02:18
2196,citizen_2196,citizen_2196@example.com,Elizabeth Hernandez,+1-555-451-8925,"508 Smart City Ave, Street 47",West District,CTZ-002196,+1-555-280-5133,Accountant,6,AB-,1,2026-02-14 08:02:18
2197,citizen_2197,citizen_2197@example.com,James Rodriguez,+1-555-982-4451,"292 Smart City Ave, Street 18",East District,CTZ-002197,+1-555-362-9101,Civil Servant,4,A-,1,2025-09-04 08:02:18
2198,citizen_2198,citizen_2198@example.com,John Williams,+1-555-557-9051,"462 Smart City Ave, Street 24",West District,CTZ-002198,+1-555-124-1553,Civil Servant,3,O-,1,2025-12-22 08:02:18
2199,citizen_2199,citizen_2199@example.com,David Jackson,+1-555-188-9385,"205 Smart City Ave, Street 16",South District,CTZ-002199,+1-555-297-5138,Technician,1,A-,3,2026-08-19 08:02:18
2200,citizen_2200,citizen_2200@example.com,Thomas Miller,+1-555-838-4957,"477 Smart City Ave, Street 46",West District,CTZ-002200,+1-555-486-8166,Engineer,4,A-,1,2026-06-13 08:02:18
2201,citizen_2201,citizen_2201@example.com,Joseph Rodriguez,+1-555-144-4890,"104 Smart City Ave, Street 15",West District,CTZ-002201,+1-555-979-6765,Student,6,A+,3,2026-04-06 08:02:18
2202,citizen_2202,citizen_2202@example.com,Elizabeth Lopez,+1-555-106-5069,"99 Smart City Ave, Street 39",South District,CTZ-002202,+1-555-765-3131,Civil Servant,4,A-,0,2026-08-05 08:02:18
2203,citizen_2203,citizen_2203@example.com,Patricia Lopez,+1-555-193-5520,"910 Smart City Ave, Street 6",North District,CTZ-002203,+1-555-684-2417,Teacher,1,B-,2,2026-08-20 08:02:18
2204,citizen_2204,citizen_2204@example.com,William Jones,+1-555-521-3612,"333 Smart City Ave, Street 26",West District,CTZ-002204,+1-555-740-7405,Student,2,AB-,1,2026-06-10 08:02:18
2205,citizen_2205,citizen_2205@example.com,Jennifer Gonzalez,+1-555-544-6380,"27 Smart City Ave, Street 42",Central Zone,CTZ-002205,+1-555-865-7689,Accountant,3,O-,0,2025-09-10 08:02:18
2206,citizen_2206,citizen_2206@example.com,Mary Martinez,+1-555-558-4570,"736 Smart City Ave, Street 43",North District,CTZ-002206,+1-555-364-9412,Civil Servant,2,AB-,3,2026-03-22 08:02:18
2207,citizen_2207,citizen_2207@example.com,Linda Moore,+1-555-105-5661,"941 Smart City Ave, Street 7",West District,CTZ-002207,+1-555-839-5487,Student,4,AB+,3,2026-02-19 08:02:18
2208,citizen_2208,citizen_2208@example.com,Sarah Miller,+1-555-768-4889,"729 Smart City Ave, Street 18",Industrial Zone,CTZ-002208,+1-555-567-6339,Doctor,3,O+,0,2026-07-09 08:02:18
2209,citizen_2209,citizen_2209@example.com,Joseph Lopez,+1-555-563-3015,"373 Smart City Ave, Street 26",East District,CTZ-002209,+1-555-996-1916,Manager,5,AB-,3,2025-10-18 08:02:18
2210,citizen_2210,citizen_2210@example.com,Mary Taylor,+1-555-665-4973,"669 Smart City Ave, Street 15",West District,CTZ-002210,+1-555-626-9479,Business Owner,3,AB+,1,2026-03-18 08:02:18
2211,citizen_2211,citizen_2211@example.com,Joseph Hernandez,+1-555-322-3823,"239 Smart City Ave, Street 25",West District,CTZ-002211,+1-555-959-6592,Business Owner,3,B+,3,2026-08-22 08:02:18
2212,citizen_2212,citizen_2212@example.com,David Anderson,+1-555-920-3194,"773 Smart City Ave, Street 32",West District,CTZ-002212,+1-555-771-4955,Civil Servant,2,A+,1,2026-01-24 08:02:18
2213,citizen_2213,citizen_2213@example.com,Susan Smith,+1-555-385-8475,"881 Smart City Ave, Street 47",Central Zone,CTZ-002213,+1-555-424-1588,Accountant,6,O+,1,2026-02-17 08:02:18
2214,citizen_2214,citizen_2214@example.com,Patricia Taylor,+1-555-254-9779,"241 Smart City Ave, Street 29",Industrial Zone,CTZ-002214,+1-555-302-4012,Accountant,1,O+,2,2025-09-16 08:02:18
2215,citizen_2215,citizen_2215@example.com,David Martinez,+1-555-857-4524,"972 Smart City Ave, Street 45",North District,CTZ-002215,+1-555-707-3352,Engineer,1,A+,2,2026-01-18 08:02:18
2216,citizen_2216,citizen_2216@example.com,Joseph Martinez,+1-555-724-6512,"357 Smart City Ave, Street 49",Industrial Zone,CTZ-002216,+1-555-186-8604,Student,2,B+,1,2025-10-14 08:02:18
2217,citizen_2217,citizen_2217@example.com,Mary Thomas,+1-555-719-9772,"753 Smart City Ave, Street 28",East District,CTZ-002217,+1-555-945-7168,Business Owner,3,A+,0,2026-02-08 08:02:18
2218,citizen_2218,citizen_2218@example.com,Jessica Garcia,+1-555-154-4793,"652 Smart City Ave, Street 39",South District,CTZ-002218,+1-555-368-6225,Civil Servant,6,O-,3,2026-06-17 08:02:18
2219,citizen_2219,citizen_2219@example.com,Karen Garcia,+1-555-938-4766,"532 Smart City Ave, Street 20",Central Zone,CTZ-002219,+1-555-442-9674,Doctor,1,O-,3,2025-11-15 08:02:18
2220,citizen_2220,citizen_2220@example.com,Michael Thomas,+1-555-340-2120,"636 Smart City Ave, Street 50",North District,CTZ-002220,+1-555-518-5619,Engineer,1,O+,1,2025-11-11 08:02:18
2221,citizen_2221,citizen_2221@example.com,Susan Jones,+1-555-312-5533,"50 Smart City Ave, Street 10",Industrial Zone,CTZ-002221,+1-555-976-5823,Technician,3,B+,1,2026-01-03 08:02:18
2222,citizen_2222,citizen_2222@example.com,Barbara Lopez,+1-555-866-7135,"16 Smart City Ave, Street 28",Industrial Zone,CTZ-002222,+1-555-785-3929,Student,4,O+,3,2026-02-22 08:02:18
2223,citizen_2223,citizen_2223@example.com,Patricia Anderson,+1-555-943-2890,"965 Smart City Ave, Street 6",North District,CTZ-002223,+1-555-372-6529,Teacher,3,A+,1,2026-02-03 08:02:18
2224,citizen_2224,citizen_2224@example.com,Thomas Martin,+1-555-919-9573,"22 Smart City Ave, Street 42",Industrial Zone,CTZ-002224,+1-555-760-4895,Manager,6,B+,1,2026-02-24 08:02:18
2225,citizen_2225,citizen_2225@example.com,William Smith,+1-555-389-9180,"748 Smart City Ave, Street 22",North District,CTZ-002225,+1-555-741-5249,Civil Servant,6,B-,1,2025-11-08 08:02:18
2226,citizen_2226,citizen_2226@example.com,Charles Davis,+1-555-240-2317,"112 Smart City Ave, Street 42",North District,CTZ-002226,+1-555-803-2802,Engineer,4,B-,1,2025-10-30 08:02:18
2227,citizen_2227,citizen_2227@example.com,Patricia Wilson,+1-555-237-4152,"285 Smart City Ave, Street 6",East District,CTZ-002227,+1-555-807-6311,Civil Servant,1,B-,1,2026-01-05 08:02:18
2228,citizen_2228,citizen_2228@example.com,Barbara Garcia,+1-555-958-1133,"781 Smart City Ave, Street 9",North District,CTZ-002228,+1-555-647-3989,Architect,2,O-,1,2026-06-29 08:02:18
2229,citizen_2229,citizen_2229@example.com,Karen Taylor,+1-555-264-1536,"402 Smart City Ave, Street 6",East District,CTZ-002229,+1-555-202-6562,Technician,2,B-,1,2026-05-29 08:02:18
2230,citizen_2230,citizen_2230@example.com,Michael Brown,+1-555-764-3529,"673 Smart City Ave, Street 47",Central Zone,CTZ-002230,+1-555-406-5507,Architect,6,O-,1,2025-12-26 08:02:18
2231,citizen_2231,citizen_2231@example.com,Jessica Garcia,+1-555-173-4727,"96 Smart City Ave, Street 23",South District,CTZ-002231,+1-555-419-8196,Business Owner,1,A-,3,2026-02-26 08:02:18
2232,citizen_2232,citizen_2232@example.com,Karen Moore,+1-555-696-4807,"485 Smart City Ave, Street 31",Central Zone,CTZ-002232,+1-555-814-8858,Technician,1,AB+,1,2026-03-13 08:02:18
2233,citizen_2233,citizen_2233@example.com,Elizabeth Johnson,+1-555-305-4547,"318 Smart City Ave, Street 25",Industrial Zone,CTZ-002233,+1-555-615-2906,Technician,4,B+,3,2026-06-15 08:02:18
2234,citizen_2234,citizen_2234@example.com,William Johnson,+1-555-465-8009,"896 Smart City Ave, Street 15",Industrial Zone,CTZ-002234,+1-555-352-9295,Civil Servant,5,AB-,0,2025-09-27 08:02:18
2235,citizen_2235,citizen_2235@example.com,Jessica Thomas,+1-555-600-7886,"764 Smart City Ave, Street 41",Industrial Zone,CTZ-002235,+1-555-764-4492,Business Owner,6,AB-,2,2026-02-12 08:02:18
2236,citizen_2236,citizen_2236@example.com,James Jones,+1-555-321-9578,"939 Smart City Ave, Street 21",East District,CTZ-002236,+1-555-848-2548,Student,6,B-,2,2025-12-24 08:02:18
2237,citizen_2237,citizen_2237@example.com,John Hernandez,+1-555-431-9606,"177 Smart City Ave, Street 39",East District,CTZ-002237,+1-555-462-6216,Architect,4,B+,2,2025-09-22 08:02:18
2238,citizen_2238,citizen_2238@example.com,Michael Gonzalez,+1-555-293-3245,"605 Smart City Ave, Street 45",East District,CTZ-002238,+1-555-755-9733,Architect,2,B+,1,2026-07-26 08:02:18
2239,citizen_2239,citizen_2239@example.com,Jessica Jones,+1-555-120-8025,"278 Smart City Ave, Street 2",South District,CTZ-002239,+1-555-252-6090,Business Owner,2,AB+,1,2026-02-05 08:02:18
2240,citizen_2240,citizen_2240@example.com,Michael Anderson,+1-555-354-8298,"943 Smart City Ave, Street 21",Industrial Zone,CTZ-002240,+1-555-277-8226,Student,6,A+,3,2026-06-13 08:02:18
2241,citizen_2241,citizen_2241@example.com,Jennifer Martin,+1-555-867-5048,"490 Smart City Ave, Street 6",West District,CTZ-002241,+1-555-682-9660,Architect,5,B-,0,2025-11-01 08:02:18
2242,citizen_2242,citizen_2242@example.com,James Jackson,+1-555-946-7875,"80 Smart City Ave, Street 45",South District,CTZ-002242,+1-555-895-5505,Manager,1,O-,0,2026-01-31 08:02:18
2243,citizen_2243,citizen_2243@example.com,Sarah Hernandez,+1-555-185-7929,"621 Smart City Ave, Street 32",East District,CTZ-002243,+1-555-155-8925,Doctor,1,O+,0,2026-07-19 08:02:18
2244,citizen_2244,citizen_2244@example.com,Thomas Hernandez,+1-555-574-3038,"19 Smart City Ave, Street 21",East District,CTZ-002244,+1-555-529-7584,Architect,2,B-,0,2025-09-13 08:02:18
2245,citizen_2245,citizen_2245@example.com,Robert Garcia,+1-555-197-1144,"264 Smart City Ave, Street 50",East District,CTZ-002245,+1-555-977-3051,Business Owner,3,A-,3,2026-05-07 08:02:18
2246,citizen_2246,citizen_2246@example.com,Charles Anderson,+1-555-341-9849,"394 Smart City Ave, Street 16",North District,CTZ-002246,+1-555-232-8285,Engineer,1,A-,0,2025-10-21 08:02:18
2247,citizen_2247,citizen_2247@example.com,William Jones,+1-555-262-4584,"119 Smart City Ave, Street 27",Central Zone,CTZ-002247,+1-555-673-8580,Engineer,2,O+,0,2026-05-30 08:02:18
2248,citizen_2248,citizen_2248@example.com,Robert Brown,+1-555-421-4541,"403 Smart City Ave, Street 7",Central Zone,CTZ-002248,+1-555-394-4464,Technician,3,A-,0,2025-10-29 08:02:18
2249,citizen_2249,citizen_2249@example.com,Sarah Taylor,+1-555-463-8646,"214 Smart City Ave, Street 9",East District,CTZ-002249,+1-555-558-4547,Teacher,3,B+,2,2026-03-31 08:02:18
2250,citizen_2250,citizen_2250@example.com,Jennifer Davis,+1-555-959-4193,"146 Smart City Ave, Street 15",North District,CTZ-002250,+1-555-758-8741,Student,6,AB+,3,2026-06-06 08:02:18
2251,citizen_2251,citizen_2251@example.com,John Garcia,+1-555-715-8337,"516 Smart City Ave, Street 3",North District,CTZ-002251,+1-555-932-5596,Business Owner,1,A-,3,2025-11-19 08:02:18
2252,citizen_2252,citizen_2252@example.com,David Johnson,+1-555-449-3469,"186 Smart City Ave, Street 35",South District,CTZ-002252,+1-555-858-4879,Accountant,4,A-,2,2026-01-01 08:02:18
2253,citizen_2253,citizen_2253@example.com,Barbara Jackson,+1-555-981-4262,"844 Smart City Ave, Street 33",East District,CTZ-002253,+1-555-118-6165,Architect,6,B+,1,2026-03-23 08:02:18
2254,citizen_2254,citizen_2254@example.com,Richard Rodriguez,+1-555-252-1389,"561 Smart City Ave, Street 37",Industrial Zone,CTZ-002254,+1-555-376-5746,Manager,5,AB-,0,2026-08-13 08:02:18
2255,citizen_2255,citizen_2255@example.com,Joseph Jones,+1-555-845-6660,"688 Smart City Ave, Street 26",South District,CTZ-002255,+1-555-701-2883,Engineer,6,B+,2,2025-11-10 08:02:18
2256,citizen_2256,citizen_2256@example.com,Joseph Smith,+1-555-981-2722,"685 Smart City Ave, Street 21",East District,CTZ-002256,+1-555-850-3574,Student,6,B+,0,2026-08-18 08:02:18
2257,citizen_2257,citizen_2257@example.com,Patricia Martinez,+1-555-199-9816,"935 Smart City Ave, Street 3",West District,CTZ-002257,+1-555-991-8805,Civil Servant,1,A-,3,2026-07-28 08:02:18
2258,citizen_2258,citizen_2258@example.com,James Davis,+1-555-272-8983,"930 Smart City Ave, Street 23",Industrial Zone,CTZ-002258,+1-555-468-9054,Business Owner,4,O-,1,2025-11-01 08:02:18
2259,citizen_2259,citizen_2259@example.com,Barbara Brown,+1-555-673-7948,"258 Smart City Ave, Street 39",Industrial Zone,CTZ-002259,+1-555-126-7438,Student,2,A+,1,2026-08-09 08:02:18
2260,citizen_2260,citizen_2260@example.com,David Martinez,+1-555-285-6939,"894 Smart City Ave, Street 35",South District,CTZ-002260,+1-555-994-5654,Student,1,AB+,0,2025-10-06 08:02:18
2261,citizen_2261,citizen_2261@example.com,Karen Miller,+1-555-811-2476,"426 Smart City Ave, Street 11",West District,CTZ-002261,+1-555-654-8751,Architect,4,A-,1,2026-06-29 08:02:18
2262,citizen_2262,citizen_2262@example.com,Barbara Wilson,+1-555-907-9779,"229 Smart City Ave, Street 40",Central Zone,CTZ-002262,+1-555-789-2411,Technician,4,B+,1,2026-07-03 08:02:18
2263,citizen_2263,citizen_2263@example.com,Susan Thomas,+1-555-513-8002,"999 Smart City Ave, Street 6",East District,CTZ-002263,+1-555-844-3508,Engineer,6,O-,1,2026-01-22 08:02:18
2264,citizen_2264,citizen_2264@example.com,Barbara Thomas,+1-555-676-8419,"115 Smart City Ave, Street 18",Industrial Zone,CTZ-002264,+1-555-596-4800,Technician,5,A+,0,2025-10-01 08:02:18
2265,citizen_2265,citizen_2265@example.com,David Miller,+1-555-105-4443,"27 Smart City Ave, Street 17",Central Zone,CTZ-002265,+1-555-976-7719,Doctor,3,O-,1,2025-10-22 08:02:18
2266,citizen_2266,citizen_2266@example.com,James Brown,+1-555-263-5061,"715 Smart City Ave, Street 42",North District,CTZ-002266,+1-555-353-3677,Engineer,6,B-,2,2026-01-15 08:02:18
2267,citizen_2267,citizen_2267@example.com,Karen Wilson,+1-555-209-4073,"160 Smart City Ave, Street 47",North District,CTZ-002267,+1-555-218-7867,Teacher,1,A-,0,2025-11-03 08:02:18
2268,citizen_2268,citizen_2268@example.com,Jennifer Hernandez,+1-555-372-4348,"105 Smart City Ave, Street 36",West District,CTZ-002268,+1-555-525-3239,Business Owner,6,AB+,3,2025-09-09 08:02:18
2269,citizen_2269,citizen_2269@example.com,Mary Rodriguez,+1-555-753-5940,"732 Smart City Ave, Street 25",Central Zone,CTZ-002269,+1-555-410-5989,Engineer,2,O-,0,2026-02-19 08:02:18
2270,citizen_2270,citizen_2270@example.com,Karen Rodriguez,+1-555-232-8959,"766 Smart City Ave, Street 34",East District,CTZ-002270,+1-555-957-1405,Architect,5,A+,1,2025-12-26 08:02:18
2271,citizen_2271,citizen_2271@example.com,Sarah Martin,+1-555-562-5056,"236 Smart City Ave, Street 39",North District,CTZ-002271,+1-555-206-2060,Doctor,5,O-,1,2026-05-21 08:02:18
2272,citizen_2272,citizen_2272@example.com,Karen Brown,+1-555-171-7830,"162 Smart City Ave, Street 17",East District,CTZ-002272,+1-555-669-4016,Engineer,1,A+,2,2026-08-21 08:02:18
2273,citizen_2273,citizen_2273@example.com,Joseph Hernandez,+1-555-548-2259,"797 Smart City Ave, Street 17",West District,CTZ-002273,+1-555-119-8535,Architect,5,A-,3,2026-06-29 08:02:18
2274,citizen_2274,citizen_2274@example.com,Jessica Martinez,+1-555-510-6268,"541 Smart City Ave, Street 41",Central Zone,CTZ-002274,+1-555-173-3657,Engineer,6,A+,1,2026-03-15 08:02:18
2275,citizen_2275,citizen_2275@example.com,Richard Martinez,+1-555-502-8184,"381 Smart City Ave, Street 47",South District,CTZ-002275,+1-555-336-7276,Architect,2,AB+,3,2026-08-27 08:02:18
2276,citizen_2276,citizen_2276@example.com,Joseph Jones,+1-555-833-7282,"87 Smart City Ave, Street 22",Industrial Zone,CTZ-002276,+1-555-510-3236,Doctor,6,A+,2,2026-01-09 08:02:18
2277,citizen_2277,citizen_2277@example.com,Karen Smith,+1-555-297-6690,"450 Smart City Ave, Street 33",North District,CTZ-002277,+1-555-372-5217,Accountant,4,O+,1,2026-02-23 08:02:18
2278,citizen_2278,citizen_2278@example.com,Jessica Rodriguez,+1-555-827-2971,"542 Smart City Ave, Street 42",Central Zone,CTZ-002278,+1-555-127-1777,Teacher,4,B+,2,2026-04-22 08:02:18
2279,citizen_2279,citizen_2279@example.com,Robert Johnson,+1-555-558-1530,"669 Smart City Ave, Street 19",West District,CTZ-002279,+1-555-783-1168,Accountant,2,B+,3,2026-03-12 08:02:18
2280,citizen_2280,citizen_2280@example.com,Charles Garcia,+1-555-859-8806,"313 Smart City Ave, Street 8",Industrial Zone,CTZ-002280,+1-555-251-5842,Manager,4,A-,2,2026-04-11 08:02:18
2281,citizen_2281,citizen_2281@example.com,Linda Miller,+1-555-682-8795,"492 Smart City Ave, Street 34",East District,CTZ-002281,+1-555-507-6658,Civil Servant,4,B-,0,2026-05-27 08:02:18
2282,citizen_2282,citizen_2282@example.com,Susan Rodriguez,+1-555-350-7111,"898 Smart City Ave, Street 19",West District,CTZ-002282,+1-555-507-4138,Technician,1,B+,0,2026-01-12 08:02:18
2283,citizen_2283,citizen_2283@example.com,David Hernandez,+1-555-769-2954,"158 Smart City Ave, Street 29",Industrial Zone,CTZ-002283,+1-555-143-3765,Business Owner,3,B+,1,2026-02-02 08:02:18
2284,citizen_2284,citizen_2284@example.com,Sarah Miller,+1-555-855-3714,"94 Smart City Ave, Street 31",Central Zone,CTZ-002284,+1-555-572-7768,Doctor,3,A-,1,2026-01-06 08:02:18
2285,citizen_2285,citizen_2285@example.com,Barbara Anderson,+1-555-104-7988,"559 Smart City Ave, Street 41",East District,CTZ-002285,+1-555-308-1745,Technician,5,A+,0,2025-09-10 08:02:18
2286,citizen_2286,citizen_2286@example.com,Mary Jackson,+1-555-369-7960,"54 Smart City Ave, Street 41",South District,CTZ-002286,+1-555-230-2656,Civil Servant,3,A+,3,2026-08-16 08:02:18
2287,citizen_2287,citizen_2287@example.com,Jennifer Martinez,+1-555-158-1323,"596 Smart City Ave, Street 11",West District,CTZ-002287,+1-555-163-2078,Teacher,4,A+,0,2025-09-19 08:02:18
2288,citizen_2288,citizen_2288@example.com,Patricia Brown,+1-555-576-3811,"719 Smart City Ave, Street 14",South District,CTZ-002288,+1-555-311-8082,Technician,6,B+,1,2025-12-13 08:02:18
2289,citizen_2289,citizen_2289@example.com,Michael Jones,+1-555-776-7956,"680 Smart City Ave, Street 40",East District,CTZ-002289,+1-555-189-4672,Civil Servant,6,O-,0,2025-12-01 08:02:18
2290,citizen_2290,citizen_2290@example.com,Susan Johnson,+1-555-938-8464,"686 Smart City Ave, Street 24",Industrial Zone,CTZ-002290,+1-555-139-5821,Technician,6,B-,0,2026-06-16 08:02:18
2291,citizen_2291,citizen_2291@example.com,John Martinez,+1-555-654-4418,"969 Smart City Ave, Street 40",Central Zone,CTZ-002291,+1-555-780-6186,Student,1,A+,3,2026-03-03 08:02:18
2292,citizen_2292,citizen_2292@example.com,Thomas Wilson,+1-555-629-9496,"738 Smart City Ave, Street 14",Central Zone,CTZ-002292,+1-555-721-6995,Engineer,6,B+,2,2025-10-24 08:02:18
2293,citizen_2293,citizen_2293@example.com,Susan Smith,+1-555-112-9716,"112 Smart City Ave, Street 28",South District,CTZ-002293,+1-555-520-6149,Technician,2,O+,1,2025-10-11 08:02:18
2294,citizen_2294,citizen_2294@example.com,Susan Anderson,+1-555-963-2957,"638 Smart City Ave, Street 30",Industrial Zone,CTZ-002294,+1-555-496-6258,Teacher,6,A+,1,2025-09-04 08:02:18
2295,citizen_2295,citizen_2295@example.com,Susan Johnson,+1-555-242-7860,"688 Smart City Ave, Street 10",West District,CTZ-002295,+1-555-822-7099,Architect,4,B-,3,2025-12-28 08:02:18
2296,citizen_2296,citizen_2296@example.com,Elizabeth Martin,+1-555-301-7608,"630 Smart City Ave, Street 44",Industrial Zone,CTZ-002296,+1-555-386-1025,Engineer,4,AB+,2,2026-05-01 08:02:18
2297,citizen_2297,citizen_2297@example.com,Sarah Martinez,+1-555-919-2637,"850 Smart City Ave, Street 1",South District,CTZ-002297,+1-555-214-8069,Architect,1,O+,3,2026-08-06 08:02:18
2298,citizen_2298,citizen_2298@example.com,Thomas Davis,+1-555-499-5192,"799 Smart City Ave, Street 8",South District,CTZ-002298,+1-555-179-5523,Engineer,2,B+,1,2025-11-02 08:02:18
2299,citizen_2299,citizen_2299@example.com,Thomas Wilson,+1-555-597-1863,"222 Smart City Ave, Street 7",South District,CTZ-002299,+1-555-122-2800,Accountant,3,A-,3,2026-05-21 08:02:18
2300,citizen_2300,citizen_2300@example.com,Linda Davis,+1-555-592-3142,"595 Smart City Ave, Street 47",Industrial Zone,CTZ-002300,+1-555-366-3303,Architect,5,O-,3,2026-08-28 08:02:18
2301,citizen_2301,citizen_2301@example.com,Barbara Garcia,+1-555-533-5215,"937 Smart City Ave, Street 19",West District,CTZ-002301,+1-555-116-2484,Doctor,1,O-,3,2026-08-22 08:02:18
2302,citizen_2302,citizen_2302@example.com,Robert Hernandez,+1-555-159-4779,"112 Smart City Ave, Street 8",East District,CTZ-002302,+1-555-623-6754,Architect,5,A-,2,2025-11-11 08:02:18
2303,citizen_2303,citizen_2303@example.com,William Moore,+1-555-909-3539,"765 Smart City Ave, Street 46",South District,CTZ-002303,+1-555-636-4405,Business Owner,6,AB+,2,2025-11-10 08:02:18
2304,citizen_2304,citizen_2304@example.com,Jennifer Moore,+1-555-411-1647,"911 Smart City Ave, Street 9",North District,CTZ-002304,+1-555-428-6131,Manager,4,O+,0,2026-07-10 08:02:18
2305,citizen_2305,citizen_2305@example.com,Charles Jackson,+1-555-472-7564,"726 Smart City Ave, Street 30",West District,CTZ-002305,+1-555-104-7412,Civil Servant,3,O-,3,2025-10-20 08:02:18
2306,citizen_2306,citizen_2306@example.com,Patricia Wilson,+1-555-647-1433,"373 Smart City Ave, Street 14",South District,CTZ-002306,+1-555-754-8258,Accountant,1,AB-,2,2026-03-04 08:02:18
2307,citizen_2307,citizen_2307@example.com,Karen Hernandez,+1-555-891-1441,"287 Smart City Ave, Street 5",North District,CTZ-002307,+1-555-823-1942,Doctor,5,O+,3,2026-07-14 08:02:18
2308,citizen_2308,citizen_2308@example.com,John Davis,+1-555-915-8626,"890 Smart City Ave, Street 26",West District,CTZ-002308,+1-555-155-4430,Architect,1,AB+,1,2026-05-05 08:02:18
2309,citizen_2309,citizen_2309@example.com,Robert Jones,+1-555-221-4232,"302 Smart City Ave, Street 22",East District,CTZ-002309,+1-555-847-3115,Accountant,6,O-,3,2026-05-27 08:02:18
2310,citizen_2310,citizen_2310@example.com,Karen Thomas,+1-555-792-8005,"185 Smart City Ave, Street 17",Industrial Zone,CTZ-002310,+1-555-341-7899,Architect,3,B+,2,2025-11-14 08:02:18
2311,citizen_2311,citizen_2311@example.com,William Thomas,+1-555-911-6930,"105 Smart City Ave, Street 18",Central Zone,CTZ-002311,+1-555-936-8415,Engineer,5,B+,0,2025-12-13 08:02:18
2312,citizen_2312,citizen_2312@example.com,Thomas Martin,+1-555-422-7191,"272 Smart City Ave, Street 31",South District,CTZ-002312,+1-555-269-8975,Engineer,3,O+,0,2026-01-19 08:02:18
2313,citizen_2313,citizen_2313@example.com,Mary Hernandez,+1-555-154-5859,"954 Smart City Ave, Street 50",Central Zone,CTZ-002313,+1-555-248-4683,Student,6,A-,3,2026-03-30 08:02:18
2314,citizen_2314,citizen_2314@example.com,David Jackson,+1-555-252-2329,"239 Smart City Ave, Street 3",East District,CTZ-002314,+1-555-341-1089,Student,5,B-,3,2026-08-26 08:02:18
2315,citizen_2315,citizen_2315@example.com,Thomas Brown,+1-555-572-7548,"126 Smart City Ave, Street 16",Industrial Zone,CTZ-002315,+1-555-476-4842,Doctor,6,A-,2,2026-05-19 08:02:18
2316,citizen_2316,citizen_2316@example.com,William Rodriguez,+1-555-197-3790,"814 Smart City Ave, Street 17",Central Zone,CTZ-002316,+1-555-603-8838,Business Owner,3,O+,1,2025-11-01 08:02:18
2317,citizen_2317,citizen_2317@example.com,Robert Martinez,+1-555-558-1629,"792 Smart City Ave, Street 25",South District,CTZ-002317,+1-555-975-4854,Engineer,4,A+,0,2025-09-13 08:02:18
2318,citizen_2318,citizen_2318@example.com,Joseph Taylor,+1-555-633-8515,"705 Smart City Ave, Street 1",Central Zone,CTZ-002318,+1-555-471-1173,Technician,4,AB-,0,2026-02-28 08:02:18
2319,citizen_2319,citizen_2319@example.com,Linda Martin,+1-555-932-2745,"448 Smart City Ave, Street 31",West District,CTZ-002319,+1-555-403-3979,Student,5,A+,0,2026-05-30 08:02:18
2320,citizen_2320,citizen_2320@example.com,Joseph Davis,+1-555-340-8540,"875 Smart City Ave, Street 27",North District,CTZ-002320,+1-555-593-1182,Accountant,2,AB+,1,2025-09-05 08:02:18
2321,citizen_2321,citizen_2321@example.com,David Gonzalez,+1-555-463-3518,"510 Smart City Ave, Street 2",Industrial Zone,CTZ-002321,+1-555-934-3605,Teacher,3,A-,1,2026-06-17 08:02:18
2322,citizen_2322,citizen_2322@example.com,Jessica Garcia,+1-555-415-8619,"449 Smart City Ave, Street 37",North District,CTZ-002322,+1-555-671-1365,Engineer,3,O+,2,2026-06-04 08:02:18
2323,citizen_2323,citizen_2323@example.com,Susan Rodriguez,+1-555-760-6763,"713 Smart City Ave, Street 29",North District,CTZ-002323,+1-555-950-1248,Student,2,O+,2,2025-09-20 08:02:18
2324,citizen_2324,citizen_2324@example.com,Thomas Jones,+1-555-169-9474,"162 Smart City Ave, Street 33",Central Zone,CTZ-002324,+1-555-772-6400,Student,3,A-,3,2026-03-14 08:02:18
2325,citizen_2325,citizen_2325@example.com,Karen Wilson,+1-555-221-5329,"409 Smart City Ave, Street 49",Central Zone,CTZ-002325,+1-555-984-8445,Manager,1,B+,1,2025-10-30 08:02:18
2326,citizen_2326,citizen_2326@example.com,Patricia Taylor,+1-555-836-9083,"251 Smart City Ave, Street 30",Industrial Zone,CTZ-002326,+1-555-651-8704,Engineer,2,AB-,1,2026-04-02 08:02:18
2327,citizen_2327,citizen_2327@example.com,Robert Anderson,+1-555-767-8514,"473 Smart City Ave, Street 35",Central Zone,CTZ-002327,+1-555-923-1326,Architect,4,AB-,2,2026-03-24 08:02:18
2328,citizen_2328,citizen_2328@example.com,Barbara Martinez,+1-555-823-5002,"35 Smart City Ave, Street 28",Central Zone,CTZ-002328,+1-555-600-2882,Business Owner,6,B-,1,2026-07-22 08:02:18
2329,citizen_2329,citizen_2329@example.com,Susan Taylor,+1-555-412-5721,"255 Smart City Ave, Street 3",East District,CTZ-002329,+1-555-644-9890,Business Owner,2,B-,3,2026-03-18 08:02:18
2330,citizen_2330,citizen_2330@example.com,David Taylor,+1-555-567-5533,"901 Smart City Ave, Street 16",West District,CTZ-002330,+1-555-607-7154,Engineer,5,O-,2,2025-10-03 08:02:18
2331,citizen_2331,citizen_2331@example.com,Michael Garcia,+1-555-394-2099,"644 Smart City Ave, Street 1",East District,CTZ-002331,+1-555-633-6909,Business Owner,3,AB+,3,2026-04-03 08:02:18
2332,citizen_2332,citizen_2332@example.com,Thomas Miller,+1-555-253-3761,"247 Smart City Ave, Street 22",South District,CTZ-002332,+1-555-414-9585,Engineer,5,O-,1,2026-07-23 08:02:18
2333,citizen_2333,citizen_2333@example.com,Charles Jackson,+1-555-749-2378,"718 Smart City Ave, Street 27",Central Zone,CTZ-002333,+1-555-447-5045,Manager,2,A-,3,2026-05-07 08:02:18
2334,citizen_2334,citizen_2334@example.com,Karen Garcia,+1-555-203-9909,"128 Smart City Ave, Street 27",West District,CTZ-002334,+1-555-245-9194,Accountant,6,A+,3,2026-03-22 08:02:18
2335,citizen_2335,citizen_2335@example.com,Sarah Martin,+1-555-212-2190,"219 Smart City Ave, Street 10",North District,CTZ-002335,+1-555-382-9668,Manager,2,B+,0,2025-09-17 08:02:18
2336,citizen_2336,citizen_2336@example.com,William Moore,+1-555-605-3775,"456 Smart City Ave, Street 31",North District,CTZ-002336,+1-555-662-6222,Student,2,O-,1,2026-01-25 08:02:18
2337,citizen_2337,citizen_2337@example.com,Sarah Williams,+1-555-784-9201,"166 Smart City Ave, Street 25",North District,CTZ-002337,+1-555-802-7502,Student,1,AB-,2,2026-07-26 08:02:18
2338,citizen_2338,citizen_2338@example.com,Susan Thomas,+1-555-689-8433,"717 Smart City Ave, Street 25",West District,CTZ-002338,+1-555-799-5661,Doctor,2,B-,0,2025-12-21 08:02:18
2339,citizen_2339,citizen_2339@example.com,Linda Davis,+1-555-259-2248,"987 Smart City Ave, Street 49",West District,CTZ-002339,+1-555-373-9886,Student,1,O-,1,2026-02-24 08:02:18
2340,citizen_2340,citizen_2340@example.com,William Smith,+1-555-572-2427,"612 Smart City Ave, Street 32",North District,CTZ-002340,+1-555-244-8249,Civil Servant,4,AB+,3,2026-08-24 08:02:18
2341,citizen_2341,citizen_2341@example.com,Karen Martin,+1-555-748-2966,"587 Smart City Ave, Street 27",Central Zone,CTZ-002341,+1-555-268-2605,Technician,2,A-,0,2026-02-09 08:02:18
2342,citizen_2342,citizen_2342@example.com,Charles Moore,+1-555-385-6430,"314 Smart City Ave, Street 10",North District,CTZ-002342,+1-555-167-1059,Technician,5,A-,2,2026-03-12 08:02:18
2343,citizen_2343,citizen_2343@example.com,David Johnson,+1-555-935-8260,"90 Smart City Ave, Street 24",Central Zone,CTZ-002343,+1-555-367-7567,Doctor,1,A+,1,2026-04-18 08:02:18
2344,citizen_2344,citizen_2344@example.com,Charles Jones,+1-555-931-1170,"421 Smart City Ave, Street 18",Industrial Zone,CTZ-002344,+1-555-972-7217,Student,4,O+,2,2026-04-19 08:02:18
2345,citizen_2345,citizen_2345@example.com,James Davis,+1-555-767-4111,"202 Smart City Ave, Street 28",North District,CTZ-002345,+1-555-101-4928,Manager,4,AB-,1,2025-09-22 08:02:18
2346,citizen_2346,citizen_2346@example.com,James Miller,+1-555-751-4636,"866 Smart City Ave, Street 38",South District,CTZ-002346,+1-555-577-9183,Civil Servant,1,O-,2,2025-11-26 08:02:18
2347,citizen_2347,citizen_2347@example.com,Elizabeth Anderson,+1-555-626-1971,"673 Smart City Ave, Street 26",North District,CTZ-002347,+1-555-382-3109,Teacher,5,AB-,3,2025-10-25 08:02:18
2348,citizen_2348,citizen_2348@example.com,Karen Smith,+1-555-884-7084,"117 Smart City Ave, Street 8",South District,CTZ-002348,+1-555-438-8988,Student,6,B-,1,2026-03-31 08:02:18
2349,citizen_2349,citizen_2349@example.com,Charles Hernandez,+1-555-217-3252,"477 Smart City Ave, Street 18",Central Zone,CTZ-002349,+1-555-149-7425,Doctor,3,B-,2,2026-06-06 08:02:18
2350,citizen_2350,citizen_2350@example.com,David Brown,+1-555-862-8862,"986 Smart City Ave, Street 46",South District,CTZ-002350,+1-555-771-7251,Teacher,4,A-,0,2025-11-27 08:02:18
2351,citizen_2351,citizen_2351@example.com,Elizabeth Brown,+1-555-189-4450,"577 Smart City Ave, Street 50",West District,CTZ-002351,+1-555-490-4598,Business Owner,3,O+,2,2025-09-26 08:02:18
2352,citizen_2352,citizen_2352@example.com,Mary Smith,+1-555-905-7838,"867 Smart City Ave, Street 21",West District,CTZ-002352,+1-555-546-3767,Architect,6,AB-,0,2026-05-02 08:02:18
2353,citizen_2353,citizen_2353@example.com,Sarah Lopez,+1-555-139-9924,"179 Smart City Ave, Street 34",Central Zone,CTZ-002353,+1-555-878-3893,Accountant,1,B+,1,2026-06-20 08:02:18
2354,citizen_2354,citizen_2354@example.com,Patricia Taylor,+1-555-513-4465,"916 Smart City Ave, Street 39",Central Zone,CTZ-002354,+1-555-912-7188,Doctor,6,O+,1,2026-04-19 08:02:18
2355,citizen_2355,citizen_2355@example.com,Jennifer Martin,+1-555-266-8512,"141 Smart City Ave, Street 14",West District,CTZ-002355,+1-555-490-1703,Teacher,4,A-,1,2025-11-13 08:02:18
2356,citizen_2356,citizen_2356@example.com,Elizabeth Smith,+1-555-637-3539,"700 Smart City Ave, Street 5",East District,CTZ-002356,+1-555-543-7026,Technician,1,O+,1,2025-12-30 08:02:18
2357,citizen_2357,citizen_2357@example.com,Sarah Garcia,+1-555-890-1205,"656 Smart City Ave, Street 33",South District,CTZ-002357,+1-555-992-2927,Student,3,O+,1,2025-09-30 08:02:18
2358,citizen_2358,citizen_2358@example.com,Barbara Gonzalez,+1-555-574-7165,"932 Smart City Ave, Street 22",East District,CTZ-002358,+1-555-191-6599,Student,1,B-,1,2025-12-24 08:02:18
2359,citizen_2359,citizen_2359@example.com,James Hernandez,+1-555-724-9006,"133 Smart City Ave, Street 21",Central Zone,CTZ-002359,+1-555-609-1901,Accountant,2,O+,1,2025-09-15 08:02:18
2360,citizen_2360,citizen_2360@example.com,Robert Garcia,+1-555-473-9094,"345 Smart City Ave, Street 17",East District,CTZ-002360,+1-555-875-8772,Civil Servant,3,AB-,1,2026-08-08 08:02:18
2361,citizen_2361,citizen_2361@example.com,Jennifer Garcia,+1-555-850-5550,"680 Smart City Ave, Street 16",East District,CTZ-002361,+1-555-653-5811,Student,2,O-,1,2025-11-17 08:02:18
2362,citizen_2362,citizen_2362@example.com,Patricia Taylor,+1-555-888-6298,"971 Smart City Ave, Street 13",Central Zone,CTZ-002362,+1-555-122-6393,Architect,3,A+,2,2025-12-24 08:02:18
2363,citizen_2363,citizen_2363@example.com,Elizabeth Gonzalez,+1-555-153-1043,"357 Smart City Ave, Street 5",East District,CTZ-002363,+1-555-352-4257,Engineer,3,B-,3,2026-08-27 08:02:18
2364,citizen_2364,citizen_2364@example.com,Robert Thomas,+1-555-223-3952,"81 Smart City Ave, Street 42",Industrial Zone,CTZ-002364,+1-555-950-5155,Teacher,5,AB-,3,2026-03-09 08:02:18
2365,citizen_2365,citizen_2365@example.com,Richard Jones,+1-555-485-6426,"272 Smart City Ave, Street 45",North District,CTZ-002365,+1-555-396-5554,Accountant,5,O-,0,2026-08-02 08:02:18
2366,citizen_2366,citizen_2366@example.com,Thomas Jones,+1-555-773-6249,"899 Smart City Ave, Street 2",West District,CTZ-002366,+1-555-424-8245,Doctor,2,AB+,2,2026-03-18 08:02:18
2367,citizen_2367,citizen_2367@example.com,David Johnson,+1-555-446-8346,"583 Smart City Ave, Street 46",Central Zone,CTZ-002367,+1-555-158-6293,Architect,2,AB-,2,2026-07-09 08:02:18
2368,citizen_2368,citizen_2368@example.com,Charles Moore,+1-555-509-5803,"828 Smart City Ave, Street 45",Central Zone,CTZ-002368,+1-555-676-8356,Student,4,O+,2,2025-09-25 08:02:18
2369,citizen_2369,citizen_2369@example.com,Karen Wilson,+1-555-279-5765,"135 Smart City Ave, Street 10",South District,CTZ-002369,+1-555-215-1287,Architect,4,AB+,0,2026-01-07 08:02:18
2370,citizen_2370,citizen_2370@example.com,Mary Martinez,+1-555-939-5149,"372 Smart City Ave, Street 26",Industrial Zone,CTZ-002370,+1-555-339-9555,Accountant,1,AB-,1,2026-02-11 08:02:18
2371,citizen_2371,citizen_2371@example.com,Thomas Gonzalez,+1-555-273-4269,"997 Smart City Ave, Street 26",Industrial Zone,CTZ-002371,+1-555-223-6422,Student,3,A+,3,2026-03-05 08:02:18
2372,citizen_2372,citizen_2372@example.com,James Moore,+1-555-524-7172,"401 Smart City Ave, Street 3",East District,CTZ-002372,+1-555-473-4826,Civil Servant,3,B-,0,2026-01-07 08:02:18
2373,citizen_2373,citizen_2373@example.com,Susan Gonzalez,+1-555-137-1172,"629 Smart City Ave, Street 48",North District,CTZ-002373,+1-555-923-3501,Architect,3,A-,2,2025-12-09 08:02:18
2374,citizen_2374,citizen_2374@example.com,William Martin,+1-555-614-3009,"478 Smart City Ave, Street 49",Central Zone,CTZ-002374,+1-555-462-1398,Civil Servant,6,A-,0,2026-02-05 08:02:18
2375,citizen_2375,citizen_2375@example.com,Linda Taylor,+1-555-317-6862,"687 Smart City Ave, Street 9",South District,CTZ-002375,+1-555-672-5686,Architect,6,A-,0,2026-08-05 08:02:18
2376,citizen_2376,citizen_2376@example.com,Patricia Taylor,+1-555-183-3267,"892 Smart City Ave, Street 12",Industrial Zone,CTZ-002376,+1-555-582-7183,Engineer,3,A-,1,2026-06-13 08:02:18
2377,citizen_2377,citizen_2377@example.com,Elizabeth Anderson,+1-555-867-7844,"851 Smart City Ave, Street 9",South District,CTZ-002377,+1-555-792-8663,Doctor,6,B+,0,2026-04-27 08:02:18
2378,citizen_2378,citizen_2378@example.com,Elizabeth Davis,+1-555-952-6204,"636 Smart City Ave, Street 22",Central Zone,CTZ-002378,+1-555-934-4024,Student,3,B-,0,2025-11-26 08:02:18
2379,citizen_2379,citizen_2379@example.com,Jessica Lopez,+1-555-282-8862,"590 Smart City Ave, Street 41",West District,CTZ-002379,+1-555-749-2521,Civil Servant,6,O-,0,2026-07-23 08:02:18
2380,citizen_2380,citizen_2380@example.com,Thomas Williams,+1-555-216-8939,"626 Smart City Ave, Street 5",North District,CTZ-002380,+1-555-752-7621,Technician,2,O-,1,2025-12-04 08:02:18
2381,citizen_2381,citizen_2381@example.com,Sarah Hernandez,+1-555-580-8747,"646 Smart City Ave, Street 30",Industrial Zone,CTZ-002381,+1-555-518-1442,Teacher,6,A+,1,2026-08-09 08:02:18
2382,citizen_2382,citizen_2382@example.com,Jennifer Smith,+1-555-331-2892,"209 Smart City Ave, Street 24",North District,CTZ-002382,+1-555-961-8198,Manager,1,A+,1,2025-11-10 08:02:18
2383,citizen_2383,citizen_2383@example.com,Jennifer Jackson,+1-555-618-9535,"494 Smart City Ave, Street 30",West District,CTZ-002383,+1-555-441-6639,Technician,3,B+,3,2026-08-23 08:02:18
2384,citizen_2384,citizen_2384@example.com,Patricia Davis,+1-555-325-8206,"673 Smart City Ave, Street 5",West District,CTZ-002384,+1-555-364-1571,Technician,6,O+,0,2026-09-01 08:02:18
2385,citizen_2385,citizen_2385@example.com,Joseph Hernandez,+1-555-927-2246,"255 Smart City Ave, Street 17",Industrial Zone,CTZ-002385,+1-555-354-4947,Doctor,2,A+,1,2026-06-02 08:02:18
2386,citizen_2386,citizen_2386@example.com,Karen Rodriguez,+1-555-652-4998,"339 Smart City Ave, Street 11",East District,CTZ-002386,+1-555-876-5677,Architect,4,AB+,2,2026-05-19 08:02:18
2387,citizen_2387,citizen_2387@example.com,Robert Gonzalez,+1-555-749-3100,"144 Smart City Ave, Street 18",West District,CTZ-002387,+1-555-130-5628,Doctor,1,AB+,1,2026-02-12 08:02:18
2388,citizen_2388,citizen_2388@example.com,Richard Smith,+1-555-591-4492,"17 Smart City Ave, Street 2",Industrial Zone,CTZ-002388,+1-555-146-9011,Student,5,AB-,1,2026-03-17 08:02:18
2389,citizen_2389,citizen_2389@example.com,Charles Smith,+1-555-479-3376,"598 Smart City Ave, Street 33",East District,CTZ-002389,+1-555-458-3125,Doctor,5,B-,2,2025-10-15 08:02:18
2390,citizen_2390,citizen_2390@example.com,Mary Martinez,+1-555-785-5550,"539 Smart City Ave, Street 15",Industrial Zone,CTZ-002390,+1-555-468-6074,Accountant,2,A+,3,2025-09-09 08:02:18
2391,citizen_2391,citizen_2391@example.com,Linda Gonzalez,+1-555-766-7025,"501 Smart City Ave, Street 40",West District,CTZ-002391,+1-555-777-3751,Business Owner,1,AB+,1,2026-03-16 08:02:18
2392,citizen_2392,citizen_2392@example.com,Jennifer Davis,+1-555-114-6473,"900 Smart City Ave, Street 46",West District,CTZ-002392,+1-555-675-9901,Student,2,O-,0,2026-07-17 08:02:18
2393,citizen_2393,citizen_2393@example.com,Barbara Anderson,+1-555-193-5805,"239 Smart City Ave, Street 37",West District,CTZ-002393,+1-555-692-4233,Business Owner,6,AB+,1,2026-08-18 08:02:18
2394,citizen_2394,citizen_2394@example.com,Jennifer Davis,+1-555-132-3822,"770 Smart City Ave, Street 14",Industrial Zone,CTZ-002394,+1-555-338-3040,Accountant,4,AB+,0,2025-09-29 08:02:18
2395,citizen_2395,citizen_2395@example.com,Robert Miller,+1-555-876-5439,"309 Smart City Ave, Street 15",Central Zone,CTZ-002395,+1-555-136-6698,Architect,2,B+,3,2026-03-17 08:02:18
2396,citizen_2396,citizen_2396@example.com,Joseph Jones,+1-555-157-8434,"333 Smart City Ave, Street 37",West District,CTZ-002396,+1-555-856-6940,Engineer,4,O+,1,2025-11-03 08:02:18
2397,citizen_2397,citizen_2397@example.com,Thomas Miller,+1-555-906-3605,"188 Smart City Ave, Street 14",Industrial Zone,CTZ-002397,+1-555-153-5030,Technician,5,O-,3,2026-04-11 08:02:18
2398,citizen_2398,citizen_2398@example.com,Linda Lopez,+1-555-863-2175,"180 Smart City Ave, Street 43",South District,CTZ-002398,+1-555-665-4105,Teacher,2,AB+,1,2025-10-03 08:02:18
2399,citizen_2399,citizen_2399@example.com,Charles Jones,+1-555-986-3595,"608 Smart City Ave, Street 48",East District,CTZ-002399,+1-555-695-7758,Manager,5,AB+,1,2026-09-03 08:02:18
2400,citizen_2400,citizen_2400@example.com,Elizabeth Williams,+1-555-962-5090,"822 Smart City Ave, Street 17",North District,CTZ-002400,+1-555-388-6378,Civil Servant,4,AB-,1,2025-09-13 08:02:18
2401,citizen_2401,citizen_2401@example.com,Robert Anderson,+1-555-217-4168,"991 Smart City Ave, Street 16",Central Zone,CTZ-002401,+1-555-636-4723,Manager,1,B-,2,2026-03-12 08:02:18
2402,citizen_2402,citizen_2402@example.com,Sarah Johnson,+1-555-794-4486,"517 Smart City Ave, Street 20",South District,CTZ-002402,+1-555-720-2198,Doctor,1,AB+,1,2026-06-24 08:02:18
2403,citizen_2403,citizen_2403@example.com,Thomas Anderson,+1-555-185-8795,"581 Smart City Ave, Street 30",West District,CTZ-002403,+1-555-480-1929,Business Owner,5,B-,3,2025-11-22 08:02:18
2404,citizen_2404,citizen_2404@example.com,Sarah Garcia,+1-555-564-9986,"809 Smart City Ave, Street 22",East District,CTZ-002404,+1-555-430-8307,Student,4,B+,1,2026-03-18 08:02:18
2405,citizen_2405,citizen_2405@example.com,Michael Smith,+1-555-123-9718,"508 Smart City Ave, Street 28",Central Zone,CTZ-002405,+1-555-845-2585,Engineer,5,AB-,0,2026-05-06 08:02:18
2406,citizen_2406,citizen_2406@example.com,Thomas Miller,+1-555-690-3370,"197 Smart City Ave, Street 14",South District,CTZ-002406,+1-555-669-1182,Doctor,2,AB+,0,2026-01-25 08:02:18
2407,citizen_2407,citizen_2407@example.com,Michael Moore,+1-555-199-2617,"609 Smart City Ave, Street 32",South District,CTZ-002407,+1-555-182-7401,Architect,3,O-,1,2026-04-01 08:02:18
2408,citizen_2408,citizen_2408@example.com,Richard Lopez,+1-555-159-3593,"797 Smart City Ave, Street 19",East District,CTZ-002408,+1-555-435-9941,Manager,5,O-,0,2025-12-18 08:02:18
2409,citizen_2409,citizen_2409@example.com,Susan Hernandez,+1-555-260-9573,"869 Smart City Ave, Street 48",Industrial Zone,CTZ-002409,+1-555-747-6496,Business Owner,1,A-,3,2026-04-12 08:02:18
2410,citizen_2410,citizen_2410@example.com,John Martinez,+1-555-491-8821,"891 Smart City Ave, Street 30",East District,CTZ-002410,+1-555-654-8464,Business Owner,6,O+,2,2026-07-21 08:02:18
2411,citizen_2411,citizen_2411@example.com,Joseph Rodriguez,+1-555-396-7489,"814 Smart City Ave, Street 41",Industrial Zone,CTZ-002411,+1-555-660-8524,Architect,6,A-,0,2026-02-17 08:02:18
2412,citizen_2412,citizen_2412@example.com,Charles Smith,+1-555-165-5593,"670 Smart City Ave, Street 13",North District,CTZ-002412,+1-555-497-2367,Engineer,2,B+,0,2026-06-09 08:02:18
2413,citizen_2413,citizen_2413@example.com,William Hernandez,+1-555-154-2600,"503 Smart City Ave, Street 23",Industrial Zone,CTZ-002413,+1-555-201-6737,Business Owner,6,AB+,1,2026-06-14 08:02:18
2414,citizen_2414,citizen_2414@example.com,Jessica Gonzalez,+1-555-568-4705,"376 Smart City Ave, Street 12",North District,CTZ-002414,+1-555-742-6770,Doctor,4,O+,2,2026-08-16 08:02:18
2415,citizen_2415,citizen_2415@example.com,Robert Martin,+1-555-319-4216,"74 Smart City Ave, Street 4",West District,CTZ-002415,+1-555-615-9794,Manager,2,AB-,2,2026-06-08 08:02:18
2416,citizen_2416,citizen_2416@example.com,Richard Anderson,+1-555-758-3011,"628 Smart City Ave, Street 14",North District,CTZ-002416,+1-555-712-6903,Engineer,4,B+,3,2026-02-07 08:02:18
2417,citizen_2417,citizen_2417@example.com,Sarah Wilson,+1-555-160-6854,"566 Smart City Ave, Street 13",Central Zone,CTZ-002417,+1-555-704-1599,Doctor,1,A+,3,2026-03-21 08:02:18
2418,citizen_2418,citizen_2418@example.com,Joseph Moore,+1-555-636-3727,"610 Smart City Ave, Street 36",East District,CTZ-002418,+1-555-299-6789,Engineer,2,AB+,1,2026-08-27 08:02:18
2419,citizen_2419,citizen_2419@example.com,Jessica Johnson,+1-555-640-2364,"937 Smart City Ave, Street 21",Central Zone,CTZ-002419,+1-555-143-8794,Engineer,2,O+,1,2026-07-20 08:02:18
2420,citizen_2420,citizen_2420@example.com,Susan Rodriguez,+1-555-611-7026,"765 Smart City Ave, Street 34",East District,CTZ-002420,+1-555-439-4878,Engineer,6,AB+,1,2026-05-13 08:02:18
2421,citizen_2421,citizen_2421@example.com,Robert Davis,+1-555-876-3627,"487 Smart City Ave, Street 37",East District,CTZ-002421,+1-555-155-7491,Business Owner,1,B-,0,2026-07-14 08:02:18
2422,citizen_2422,citizen_2422@example.com,Susan Lopez,+1-555-333-1227,"809 Smart City Ave, Street 29",Industrial Zone,CTZ-002422,+1-555-838-5323,Teacher,2,B-,1,2026-08-17 08:02:18
2423,citizen_2423,citizen_2423@example.com,Richard Gonzalez,+1-555-874-4785,"219 Smart City Ave, Street 40",West District,CTZ-002423,+1-555-595-9810,Business Owner,3,AB+,2,2025-10-05 08:02:18
2424,citizen_2424,citizen_2424@example.com,Thomas Rodriguez,+1-555-466-8751,"483 Smart City Ave, Street 3",West District,CTZ-002424,+1-555-925-2400,Technician,6,A+,2,2026-05-12 08:02:18
2425,citizen_2425,citizen_2425@example.com,Elizabeth Wilson,+1-555-608-7761,"567 Smart City Ave, Street 3",West District,CTZ-002425,+1-555-426-7515,Engineer,5,O+,0,2025-12-24 08:02:18
2426,citizen_2426,citizen_2426@example.com,Charles Moore,+1-555-273-6531,"482 Smart City Ave, Street 6",North District,CTZ-002426,+1-555-270-6927,Engineer,3,B-,2,2026-04-19 08:02:18
2427,citizen_2427,citizen_2427@example.com,John Rodriguez,+1-555-225-2709,"812 Smart City Ave, Street 41",Central Zone,CTZ-002427,+1-555-110-2848,Doctor,6,AB-,0,2025-09-08 08:02:18
2428,citizen_2428,citizen_2428@example.com,John Brown,+1-555-907-6851,"304 Smart City Ave, Street 30",East District,CTZ-002428,+1-555-964-5707,Business Owner,4,A-,2,2026-04-10 08:02:18
2429,citizen_2429,citizen_2429@example.com,David Wilson,+1-555-327-7618,"916 Smart City Ave, Street 12",East District,CTZ-002429,+1-555-438-7106,Student,2,B+,1,2025-10-21 08:02:18
2430,citizen_2430,citizen_2430@example.com,Susan Smith,+1-555-896-5664,"935 Smart City Ave, Street 43",North District,CTZ-002430,+1-555-855-1110,Architect,6,AB+,3,2026-03-01 08:02:18
2431,citizen_2431,citizen_2431@example.com,Mary Miller,+1-555-312-3011,"187 Smart City Ave, Street 40",West District,CTZ-002431,+1-555-474-2791,Architect,6,B-,1,2026-06-03 08:02:18
2432,citizen_2432,citizen_2432@example.com,Susan Lopez,+1-555-295-8751,"808 Smart City Ave, Street 2",Central Zone,CTZ-002432,+1-555-534-2503,Technician,1,B+,3,2026-03-17 08:02:18
2433,citizen_2433,citizen_2433@example.com,Elizabeth Miller,+1-555-275-5574,"533 Smart City Ave, Street 21",East District,CTZ-002433,+1-555-125-3587,Engineer,1,AB+,1,2026-05-04 08:02:18
2434,citizen_2434,citizen_2434@example.com,Michael Taylor,+1-555-700-8365,"841 Smart City Ave, Street 17",West District,CTZ-002434,+1-555-504-4229,Civil Servant,3,A+,1,2025-10-26 08:02:18
2435,citizen_2435,citizen_2435@example.com,William Garcia,+1-555-383-9313,"26 Smart City Ave, Street 26",South District,CTZ-002435,+1-555-580-6107,Accountant,4,O+,1,2025-10-26 08:02:18
2436,citizen_2436,citizen_2436@example.com,Jennifer Martin,+1-555-716-5291,"452 Smart City Ave, Street 25",North District,CTZ-002436,+1-555-301-4560,Technician,5,O+,1,2026-07-06 08:02:18
2437,citizen_2437,citizen_2437@example.com,Barbara Moore,+1-555-735-6476,"717 Smart City Ave, Street 28",Central Zone,CTZ-002437,+1-555-415-5094,Manager,4,AB-,1,2026-02-21 08:02:18
2438,citizen_2438,citizen_2438@example.com,Jessica Taylor,+1-555-817-2031,"498 Smart City Ave, Street 13",Central Zone,CTZ-002438,+1-555-332-5277,Doctor,2,B+,2,2026-06-09 08:02:18
2439,citizen_2439,citizen_2439@example.com,Thomas Moore,+1-555-268-8730,"325 Smart City Ave, Street 40",South District,CTZ-002439,+1-555-180-6094,Teacher,3,B-,3,2025-12-14 08:02:18
2440,citizen_2440,citizen_2440@example.com,Susan Smith,+1-555-558-9975,"365 Smart City Ave, Street 38",Industrial Zone,CTZ-002440,+1-555-492-4115,Doctor,5,O+,1,2026-06-04 08:02:18
2441,citizen_2441,citizen_2441@example.com,Barbara Wilson,+1-555-471-5231,"725 Smart City Ave, Street 43",West District,CTZ-002441,+1-555-962-2946,Teacher,5,AB-,0,2026-05-01 08:02:18
2442,citizen_2442,citizen_2442@example.com,Sarah Smith,+1-555-867-4335,"179 Smart City Ave, Street 45",Central Zone,CTZ-002442,+1-555-333-3232,Student,4,B-,1,2026-05-31 08:02:18
2443,citizen_2443,citizen_2443@example.com,John Miller,+1-555-231-6663,"411 Smart City Ave, Street 22",West District,CTZ-002443,+1-555-644-6022,Civil Servant,5,O-,0,2025-12-18 08:02:18
2444,citizen_2444,citizen_2444@example.com,Linda Gonzalez,+1-555-700-1962,"535 Smart City Ave, Street 22",Industrial Zone,CTZ-002444,+1-555-863-8780,Architect,4,A+,1,2026-03-18 08:02:18
2445,citizen_2445,citizen_2445@example.com,David Jones,+1-555-410-7073,"291 Smart City Ave, Street 22",Central Zone,CTZ-002445,+1-555-359-5606,Architect,6,A-,3,2025-11-22 08:02:18
2446,citizen_2446,citizen_2446@example.com,Susan Moore,+1-555-384-3770,"811 Smart City Ave, Street 24",South District,CTZ-002446,+1-555-656-5779,Engineer,1,A+,2,2026-07-22 08:02:18
2447,citizen_2447,citizen_2447@example.com,Michael Hernandez,+1-555-866-9345,"497 Smart City Ave, Street 29",South District,CTZ-002447,+1-555-684-3937,Technician,3,B-,1,2026-06-06 08:02:18
2448,citizen_2448,citizen_2448@example.com,Michael Miller,+1-555-509-6311,"965 Smart City Ave, Street 25",East District,CTZ-002448,+1-555-882-5940,Manager,2,AB-,3,2026-04-01 08:02:18
2449,citizen_2449,citizen_2449@example.com,David Thomas,+1-555-270-2913,"193 Smart City Ave, Street 46",East District,CTZ-002449,+1-555-132-3428,Doctor,4,AB+,0,2026-07-24 08:02:18
2450,citizen_2450,citizen_2450@example.com,Mary Martin,+1-555-815-1532,"995 Smart City Ave, Street 10",North District,CTZ-002450,+1-555-840-1300,Doctor,1,AB+,2,2026-04-05 08:02:18
2451,citizen_2451,citizen_2451@example.com,Barbara Anderson,+1-555-112-8591,"783 Smart City Ave, Street 47",South District,CTZ-002451,+1-555-282-6754,Student,5,O-,0,2026-01-29 08:02:18
2452,citizen_2452,citizen_2452@example.com,Jessica Smith,+1-555-180-6360,"563 Smart City Ave, Street 25",Industrial Zone,CTZ-002452,+1-555-507-5306,Business Owner,3,A+,3,2026-02-02 08:02:18
2453,citizen_2453,citizen_2453@example.com,Charles Taylor,+1-555-717-6721,"764 Smart City Ave, Street 26",North District,CTZ-002453,+1-555-657-2493,Business Owner,6,A-,1,2026-02-03 08:02:18
2454,citizen_2454,citizen_2454@example.com,Robert Lopez,+1-555-915-5397,"340 Smart City Ave, Street 18",Industrial Zone,CTZ-002454,+1-555-801-3335,Business Owner,1,A+,1,2026-02-13 08:02:18
2455,citizen_2455,citizen_2455@example.com,David Johnson,+1-555-795-5955,"270 Smart City Ave, Street 7",West District,CTZ-002455,+1-555-312-3310,Engineer,1,O+,1,2026-03-05 08:02:18
2456,citizen_2456,citizen_2456@example.com,Michael Martinez,+1-555-728-5149,"821 Smart City Ave, Street 15",North District,CTZ-002456,+1-555-211-5928,Accountant,5,AB-,2,2025-12-22 08:02:18
2457,citizen_2457,citizen_2457@example.com,Mary Taylor,+1-555-524-5571,"539 Smart City Ave, Street 12",Industrial Zone,CTZ-002457,+1-555-925-4452,Civil Servant,1,B-,1,2026-01-27 08:02:18
2458,citizen_2458,citizen_2458@example.com,Patricia Williams,+1-555-401-6726,"718 Smart City Ave, Street 8",North District,CTZ-002458,+1-555-691-7251,Engineer,1,O+,2,2026-08-14 08:02:18
2459,citizen_2459,citizen_2459@example.com,John Taylor,+1-555-410-6033,"758 Smart City Ave, Street 28",Industrial Zone,CTZ-002459,+1-555-605-7520,Technician,2,O-,1,2026-02-05 08:02:18
2460,citizen_2460,citizen_2460@example.com,Mary Williams,+1-555-486-7679,"663 Smart City Ave, Street 22",West District,CTZ-002460,+1-555-317-1253,Manager,6,O+,1,2025-11-25 08:02:18
2461,citizen_2461,citizen_2461@example.com,Michael Wilson,+1-555-334-4512,"180 Smart City Ave, Street 6",West District,CTZ-002461,+1-555-198-1276,Technician,6,AB-,1,2025-11-16 08:02:18
2462,citizen_2462,citizen_2462@example.com,Michael Martinez,+1-555-853-8269,"721 Smart City Ave, Street 8",East District,CTZ-002462,+1-555-628-9289,Accountant,2,O+,0,2025-12-06 08:02:18
2463,citizen_2463,citizen_2463@example.com,Jessica Taylor,+1-555-912-8855,"102 Smart City Ave, Street 2",East District,CTZ-002463,+1-555-780-6364,Technician,5,B-,1,2026-04-01 08:02:18
2464,citizen_2464,citizen_2464@example.com,Jessica Anderson,+1-555-719-9406,"812 Smart City Ave, Street 33",West District,CTZ-002464,+1-555-450-7010,Accountant,1,B+,1,2025-12-14 08:02:18
2465,citizen_2465,citizen_2465@example.com,Robert Martin,+1-555-795-1237,"366 Smart City Ave, Street 23",West District,CTZ-002465,+1-555-686-6356,Civil Servant,6,B-,1,2026-03-24 08:02:18
2466,citizen_2466,citizen_2466@example.com,Linda Miller,+1-555-627-9403,"504 Smart City Ave, Street 13",North District,CTZ-002466,+1-555-671-4625,Doctor,3,AB+,3,2025-09-22 08:02:18
2467,citizen_2467,citizen_2467@example.com,Karen Davis,+1-555-185-1115,"523 Smart City Ave, Street 49",South District,CTZ-002467,+1-555-835-7095,Technician,3,B-,3,2026-04-12 08:02:18
2468,citizen_2468,citizen_2468@example.com,Charles Johnson,+1-555-184-5657,"26 Smart City Ave, Street 43",West District,CTZ-002468,+1-555-572-1499,Civil Servant,5,B-,1,2025-11-10 08:02:18
2469,citizen_2469,citizen_2469@example.com,John Davis,+1-555-951-2154,"810 Smart City Ave, Street 37",West District,CTZ-002469,+1-555-948-9457,Architect,6,A-,3,2026-05-02 08:02:18
2470,citizen_2470,citizen_2470@example.com,Karen Rodriguez,+1-555-974-1185,"124 Smart City Ave, Street 30",South District,CTZ-002470,+1-555-932-9059,Teacher,4,A+,0,2025-10-21 08:02:18
2471,citizen_2471,citizen_2471@example.com,William Davis,+1-555-666-3837,"104 Smart City Ave, Street 16",North District,CTZ-002471,+1-555-292-4016,Student,4,B+,1,2026-02-06 08:02:18
2472,citizen_2472,citizen_2472@example.com,Patricia Moore,+1-555-795-9987,"886 Smart City Ave, Street 37",East District,CTZ-002472,+1-555-704-7303,Civil Servant,4,A-,3,2025-09-06 08:02:18
2473,citizen_2473,citizen_2473@example.com,Jessica Gonzalez,+1-555-346-4227,"12 Smart City Ave, Street 38",North District,CTZ-002473,+1-555-354-4393,Student,6,O+,1,2026-01-12 08:02:18
2474,citizen_2474,citizen_2474@example.com,Patricia Jackson,+1-555-837-3016,"21 Smart City Ave, Street 29",East District,CTZ-002474,+1-555-803-2475,Technician,2,B+,2,2026-03-12 08:02:18
2475,citizen_2475,citizen_2475@example.com,Linda Gonzalez,+1-555-333-1412,"880 Smart City Ave, Street 4",Industrial Zone,CTZ-002475,+1-555-818-3217,Doctor,2,O-,1,2025-11-23 08:02:18
2476,citizen_2476,citizen_2476@example.com,Robert Miller,+1-555-364-6052,"380 Smart City Ave, Street 41",West District,CTZ-002476,+1-555-995-7004,Student,1,AB-,1,2025-10-26 08:02:18
2477,citizen_2477,citizen_2477@example.com,John Taylor,+1-555-244-4440,"46 Smart City Ave, Street 14",East District,CTZ-002477,+1-555-767-5731,Doctor,3,B-,1,2026-06-16 08:02:18
2478,citizen_2478,citizen_2478@example.com,Michael Smith,+1-555-275-7252,"176 Smart City Ave, Street 49",East District,CTZ-002478,+1-555-750-2351,Architect,2,AB+,3,2026-07-06 08:02:18
2479,citizen_2479,citizen_2479@example.com,William Thomas,+1-555-324-6534,"122 Smart City Ave, Street 49",Central Zone,CTZ-002479,+1-555-355-2542,Student,3,AB+,3,2025-10-27 08:02:18
2480,citizen_2480,citizen_2480@example.com,Michael Martinez,+1-555-156-7514,"515 Smart City Ave, Street 29",Industrial Zone,CTZ-002480,+1-555-979-8316,Engineer,1,A+,2,2025-09-11 08:02:18
2481,citizen_2481,citizen_2481@example.com,Joseph Thomas,+1-555-137-6102,"823 Smart City Ave, Street 18",North District,CTZ-002481,+1-555-366-3909,Architect,3,O+,3,2026-02-09 08:02:18
2482,citizen_2482,citizen_2482@example.com,Michael Williams,+1-555-421-9262,"870 Smart City Ave, Street 15",North District,CTZ-002482,+1-555-662-4151,Manager,1,B-,2,2025-09-11 08:02:18
2483,citizen_2483,citizen_2483@example.com,Patricia Lopez,+1-555-171-8444,"106 Smart City Ave, Street 7",West District,CTZ-002483,+1-555-611-5231,Teacher,4,AB+,1,2026-05-01 08:02:18
2484,citizen_2484,citizen_2484@example.com,Richard Jones,+1-555-183-5887,"195 Smart City Ave, Street 36",South District,CTZ-002484,+1-555-609-4624,Teacher,3,AB+,2,2026-04-21 08:02:18
2485,citizen_2485,citizen_2485@example.com,Charles Brown,+1-555-925-9994,"59 Smart City Ave, Street 32",Industrial Zone,CTZ-002485,+1-555-973-2361,Student,5,O-,1,2026-08-18 08:02:18
2486,citizen_2486,citizen_2486@example.com,Susan Jackson,+1-555-337-9150,"885 Smart City Ave, Street 26",East District,CTZ-002486,+1-555-546-7650,Architect,5,A-,1,2026-03-23 08:02:18
2487,citizen_2487,citizen_2487@example.com,Joseph Brown,+1-555-986-7203,"598 Smart City Ave, Street 16",Industrial Zone,CTZ-002487,+1-555-535-3221,Technician,2,AB-,3,2026-01-02 08:02:18
2488,citizen_2488,citizen_2488@example.com,John Wilson,+1-555-549-1120,"620 Smart City Ave, Street 32",North District,CTZ-002488,+1-555-399-8195,Manager,3,AB+,3,2025-11-02 08:02:18
2489,citizen_2489,citizen_2489@example.com,Karen Taylor,+1-555-379-7656,"269 Smart City Ave, Street 6",North District,CTZ-002489,+1-555-437-4010,Civil Servant,5,AB+,3,2026-03-23 08:02:18
2490,citizen_2490,citizen_2490@example.com,Michael Taylor,+1-555-898-1070,"393 Smart City Ave, Street 40",West District,CTZ-002490,+1-555-671-5217,Doctor,3,O+,2,2026-01-11 08:02:18
2491,citizen_2491,citizen_2491@example.com,John Miller,+1-555-381-5700,"168 Smart City Ave, Street 15",Central Zone,CTZ-002491,+1-555-479-1892,Teacher,4,B-,0,2026-06-29 08:02:18
2492,citizen_2492,citizen_2492@example.com,Robert Garcia,+1-555-438-4884,"26 Smart City Ave, Street 14",East District,CTZ-002492,+1-555-907-9722,Manager,5,O+,0,2026-04-07 08:02:18
2493,citizen_2493,citizen_2493@example.com,William Rodriguez,+1-555-105-4890,"367 Smart City Ave, Street 8",Industrial Zone,CTZ-002493,+1-555-607-3047,Doctor,4,AB-,1,2026-05-02 08:02:18
2494,citizen_2494,citizen_2494@example.com,Jennifer Brown,+1-555-929-1103,"266 Smart City Ave, Street 6",South District,CTZ-002494,+1-555-576-3076,Student,3,O-,1,2026-04-17 08:02:18
2495,citizen_2495,citizen_2495@example.com,Sarah Lopez,+1-555-738-6211,"110 Smart City Ave, Street 34",East District,CTZ-002495,+1-555-961-4433,Civil Servant,6,O-,2,2026-04-22 08:02:18
2496,citizen_2496,citizen_2496@example.com,Mary Jones,+1-555-768-6380,"390 Smart City Ave, Street 43",South District,CTZ-002496,+1-555-934-6049,Doctor,6,O-,3,2026-05-25 08:02:18
2497,citizen_2497,citizen_2497@example.com,Richard Lopez,+1-555-265-3570,"558 Smart City Ave, Street 38",Industrial Zone,CTZ-002497,+1-555-304-1786,Student,1,AB-,1,2026-03-25 08:02:18
2498,citizen_2498,citizen_2498@example.com,Jennifer Williams,+1-555-216-4487,"862 Smart City Ave, Street 29",West District,CTZ-002498,+1-555-982-4765,Accountant,1,O+,1,2026-08-09 08:02:18
2499,citizen_2499,citizen_2499@example.com,Sarah Lopez,+1-555-222-1096,"488 Smart City Ave, Street 22",Central Zone,CTZ-002499,+1-555-189-6482,Student,6,O+,2,2026-07-01 08:02:18
2500,citizen_2500,citizen_2500@example.com,Barbara Gonzalez,+1-555-989-3899,"339 Smart City Ave, Street 18",West District,CTZ-002500,+1-555-292-4884,Technician,4,B-,1,2025-11-17 08:02:18
2501,citizen_2501,citizen_2501@example.com,Jennifer Williams,+1-555-461-4024,"796 Smart City Ave, Street 18",East District,CTZ-002501,+1-555-934-8450,Civil Servant,1,AB-,1,2025-12-11 08:02:18
2502,citizen_2502,citizen_2502@example.com,Thomas Lopez,+1-555-506-8623,"696 Smart City Ave, Street 13",South District,CTZ-002502,+1-555-786-1204,Architect,3,O-,3,2025-11-11 08:02:18
2503,citizen_2503,citizen_2503@example.com,Linda Williams,+1-555-299-4221,"221 Smart City Ave, Street 49",Central Zone,CTZ-002503,+1-555-477-2430,Engineer,1,A-,0,2026-05-30 08:02:18
2504,citizen_2504,citizen_2504@example.com,Michael Davis,+1-555-506-1247,"571 Smart City Ave, Street 33",North District,CTZ-002504,+1-555-136-6261,Business Owner,1,A-,3,2026-08-22 08:02:18
2505,citizen_2505,citizen_2505@example.com,Karen Gonzalez,+1-555-762-7142,"938 Smart City Ave, Street 37",Central Zone,CTZ-002505,+1-555-469-6225,Student,6,A+,3,2026-03-14 08:02:18
2506,citizen_2506,citizen_2506@example.com,Mary Hernandez,+1-555-173-2853,"604 Smart City Ave, Street 47",Industrial Zone,CTZ-002506,+1-555-434-9076,Accountant,6,AB-,1,2025-09-22 08:02:18
2507,citizen_2507,citizen_2507@example.com,Charles Williams,+1-555-922-2315,"375 Smart City Ave, Street 45",South District,CTZ-002507,+1-555-423-1164,Doctor,1,O-,1,2025-12-05 08:02:18
2508,citizen_2508,citizen_2508@example.com,William Gonzalez,+1-555-770-5050,"811 Smart City Ave, Street 43",East District,CTZ-002508,+1-555-477-8021,Architect,5,O+,1,2026-02-28 08:02:18
2509,citizen_2509,citizen_2509@example.com,Sarah Lopez,+1-555-135-3263,"110 Smart City Ave, Street 37",Industrial Zone,CTZ-002509,+1-555-802-9920,Student,4,B-,2,2026-05-20 08:02:18
2510,citizen_2510,citizen_2510@example.com,Linda Lopez,+1-555-521-4252,"204 Smart City Ave, Street 26",Central Zone,CTZ-002510,+1-555-589-8982,Engineer,4,B+,1,2026-01-16 08:02:18
2511,citizen_2511,citizen_2511@example.com,Jennifer Johnson,+1-555-374-1020,"851 Smart City Ave, Street 28",Industrial Zone,CTZ-002511,+1-555-750-7680,Manager,5,A+,1,2026-01-09 08:02:18
2512,citizen_2512,citizen_2512@example.com,Richard Williams,+1-555-415-1243,"718 Smart City Ave, Street 6",Central Zone,CTZ-002512,+1-555-815-7708,Technician,6,A-,1,2026-08-13 08:02:18
2513,citizen_2513,citizen_2513@example.com,Richard Gonzalez,+1-555-576-5500,"792 Smart City Ave, Street 11",South District,CTZ-002513,+1-555-896-8013,Technician,3,AB+,1,2025-12-20 08:02:18
2514,citizen_2514,citizen_2514@example.com,Charles Wilson,+1-555-565-8614,"866 Smart City Ave, Street 9",East District,CTZ-002514,+1-555-897-7804,Civil Servant,2,AB+,3,2025-09-08 08:02:18
2515,citizen_2515,citizen_2515@example.com,Linda Brown,+1-555-334-2815,"586 Smart City Ave, Street 33",East District,CTZ-002515,+1-555-466-7830,Manager,3,B+,0,2025-10-19 08:02:18
2516,citizen_2516,citizen_2516@example.com,Jessica Hernandez,+1-555-882-6487,"467 Smart City Ave, Street 4",Industrial Zone,CTZ-002516,+1-555-247-2630,Civil Servant,2,B+,1,2025-12-07 08:02:18
2517,citizen_2517,citizen_2517@example.com,Jennifer Garcia,+1-555-146-3675,"619 Smart City Ave, Street 8",East District,CTZ-002517,+1-555-101-8917,Engineer,3,AB+,2,2026-02-06 08:02:18
2518,citizen_2518,citizen_2518@example.com,William Brown,+1-555-842-6136,"451 Smart City Ave, Street 3",North District,CTZ-002518,+1-555-818-2630,Engineer,4,AB-,2,2026-06-22 08:02:18
2519,citizen_2519,citizen_2519@example.com,Patricia Rodriguez,+1-555-618-2045,"902 Smart City Ave, Street 37",West District,CTZ-002519,+1-555-919-5819,Accountant,6,O+,1,2025-10-24 08:02:18
2520,citizen_2520,citizen_2520@example.com,Robert Rodriguez,+1-555-968-6281,"828 Smart City Ave, Street 31",North District,CTZ-002520,+1-555-768-1288,Doctor,5,A-,3,2026-03-26 08:02:18
2521,citizen_2521,citizen_2521@example.com,Barbara Wilson,+1-555-436-6323,"836 Smart City Ave, Street 50",Central Zone,CTZ-002521,+1-555-967-8712,Technician,6,AB-,2,2026-01-31 08:02:18
2522,citizen_2522,citizen_2522@example.com,James Moore,+1-555-711-1514,"509 Smart City Ave, Street 23",Industrial Zone,CTZ-002522,+1-555-298-6371,Architect,2,B+,2,2026-08-10 08:02:18
2523,citizen_2523,citizen_2523@example.com,Karen Taylor,+1-555-326-5899,"69 Smart City Ave, Street 11",South District,CTZ-002523,+1-555-751-7050,Engineer,5,B+,0,2025-12-11 08:02:18
2524,citizen_2524,citizen_2524@example.com,James Gonzalez,+1-555-557-8276,"447 Smart City Ave, Street 26",West District,CTZ-002524,+1-555-596-4614,Architect,6,O+,3,2025-11-28 08:02:18
2525,citizen_2525,citizen_2525@example.com,Robert Miller,+1-555-735-8163,"637 Smart City Ave, Street 15",West District,CTZ-002525,+1-555-643-4826,Business Owner,3,A-,1,2026-01-03 08:02:18
2526,citizen_2526,citizen_2526@example.com,Patricia Anderson,+1-555-955-8364,"955 Smart City Ave, Street 49",North District,CTZ-002526,+1-555-792-9859,Accountant,6,B+,3,2026-04-11 08:02:18
2527,citizen_2527,citizen_2527@example.com,Robert Garcia,+1-555-102-2318,"515 Smart City Ave, Street 23",South District,CTZ-002527,+1-555-609-1818,Engineer,2,B-,1,2025-12-19 08:02:18
2528,citizen_2528,citizen_2528@example.com,Sarah Moore,+1-555-909-8227,"340 Smart City Ave, Street 15",Industrial Zone,CTZ-002528,+1-555-758-2314,Teacher,4,B+,2,2026-07-13 08:02:18
2529,citizen_2529,citizen_2529@example.com,Mary Jones,+1-555-391-1878,"945 Smart City Ave, Street 23",North District,CTZ-002529,+1-555-592-4244,Technician,2,AB+,1,2026-06-11 08:02:18
2530,citizen_2530,citizen_2530@example.com,Charles Smith,+1-555-976-2574,"587 Smart City Ave, Street 7",East District,CTZ-002530,+1-555-958-3858,Civil Servant,4,AB-,1,2025-09-21 08:02:18
2531,citizen_2531,citizen_2531@example.com,Richard Davis,+1-555-491-1376,"182 Smart City Ave, Street 41",East District,CTZ-002531,+1-555-132-9692,Engineer,6,O-,2,2026-02-07 08:02:18
2532,citizen_2532,citizen_2532@example.com,Jennifer Garcia,+1-555-320-9571,"836 Smart City Ave, Street 4",East District,CTZ-002532,+1-555-991-9208,Manager,2,AB-,3,2026-04-27 08:02:18
2533,citizen_2533,citizen_2533@example.com,Robert Davis,+1-555-277-9607,"532 Smart City Ave, Street 49",South District,CTZ-002533,+1-555-473-1643,Civil Servant,1,B-,2,2026-03-30 08:02:18
2534,citizen_2534,citizen_2534@example.com,Joseph Martinez,+1-555-748-8440,"959 Smart City Ave, Street 2",Central Zone,CTZ-002534,+1-555-844-6261,Technician,3,A-,1,2026-07-10 08:02:18
2535,citizen_2535,citizen_2535@example.com,Joseph Davis,+1-555-183-9855,"53 Smart City Ave, Street 15",South District,CTZ-002535,+1-555-319-1550,Manager,5,A+,3,2026-03-21 08:02:18
2536,citizen_2536,citizen_2536@example.com,William Miller,+1-555-277-1822,"892 Smart City Ave, Street 32",West District,CTZ-002536,+1-555-625-7973,Student,3,B-,0,2026-03-16 08:02:18
2537,citizen_2537,citizen_2537@example.com,David Rodriguez,+1-555-788-4043,"362 Smart City Ave, Street 16",South District,CTZ-002537,+1-555-640-5226,Engineer,4,B+,0,2026-03-06 08:02:18
2538,citizen_2538,citizen_2538@example.com,Susan Thomas,+1-555-787-5548,"497 Smart City Ave, Street 1",Central Zone,CTZ-002538,+1-555-626-9619,Doctor,3,A-,1,2026-05-22 08:02:18
2539,citizen_2539,citizen_2539@example.com,Linda Smith,+1-555-628-8608,"742 Smart City Ave, Street 21",West District,CTZ-002539,+1-555-985-2836,Technician,1,B+,1,2025-11-05 08:02:18
2540,citizen_2540,citizen_2540@example.com,Jessica Gonzalez,+1-555-529-9832,"612 Smart City Ave, Street 32",Central Zone,CTZ-002540,+1-555-116-5936,Doctor,5,O-,1,2026-08-11 08:02:18
2541,citizen_2541,citizen_2541@example.com,Barbara Wilson,+1-555-379-1450,"228 Smart City Ave, Street 22",West District,CTZ-002541,+1-555-699-5121,Architect,1,AB-,0,2026-07-16 08:02:18
2542,citizen_2542,citizen_2542@example.com,Barbara Wilson,+1-555-271-5715,"813 Smart City Ave, Street 1",East District,CTZ-002542,+1-555-753-4396,Manager,5,O-,3,2026-05-18 08:02:18
2543,citizen_2543,citizen_2543@example.com,Robert Williams,+1-555-806-3418,"374 Smart City Ave, Street 50",West District,CTZ-002543,+1-555-130-9577,Doctor,4,A-,0,2025-12-07 08:02:18
2544,citizen_2544,citizen_2544@example.com,Joseph Rodriguez,+1-555-893-3997,"207 Smart City Ave, Street 10",Industrial Zone,CTZ-002544,+1-555-874-9575,Accountant,6,B-,2,2026-07-31 08:02:18
2545,citizen_2545,citizen_2545@example.com,Barbara Moore,+1-555-548-5374,"115 Smart City Ave, Street 21",Central Zone,CTZ-002545,+1-555-675-5710,Architect,6,O-,0,2026-05-21 08:02:18
2546,citizen_2546,citizen_2546@example.com,Patricia Martin,+1-555-633-6838,"596 Smart City Ave, Street 10",South District,CTZ-002546,+1-555-582-3847,Business Owner,3,O+,1,2026-06-14 08:02:18
2547,citizen_2547,citizen_2547@example.com,Mary Wilson,+1-555-321-8866,"869 Smart City Ave, Street 33",Industrial Zone,CTZ-002547,+1-555-363-9142,Teacher,3,O+,0,2026-07-04 08:02:18
2548,citizen_2548,citizen_2548@example.com,Charles Martin,+1-555-671-8007,"924 Smart City Ave, Street 28",South District,CTZ-002548,+1-555-811-9609,Technician,2,B-,0,2026-05-14 08:02:18
2549,citizen_2549,citizen_2549@example.com,Sarah Lopez,+1-555-177-1957,"249 Smart City Ave, Street 30",Central Zone,CTZ-002549,+1-555-185-7923,Teacher,2,O-,3,2025-11-13 08:02:18
2550,citizen_2550,citizen_2550@example.com,Richard Martin,+1-555-748-6979,"804 Smart City Ave, Street 26",South District,CTZ-002550,+1-555-181-2245,Civil Servant,3,A+,1,2026-03-19 08:02:18
2551,citizen_2551,citizen_2551@example.com,Mary Gonzalez,+1-555-114-6444,"474 Smart City Ave, Street 24",Central Zone,CTZ-002551,+1-555-366-6722,Student,1,A-,1,2025-09-19 08:02:18
2552,citizen_2552,citizen_2552@example.com,John Wilson,+1-555-233-4395,"260 Smart City Ave, Street 45",Central Zone,CTZ-002552,+1-555-236-3726,Accountant,2,A-,2,2025-10-27 08:02:18
2553,citizen_2553,citizen_2553@example.com,Jennifer Johnson,+1-555-440-7320,"332 Smart City Ave, Street 46",Industrial Zone,CTZ-002553,+1-555-326-5468,Engineer,4,A-,3,2025-10-24 08:02:18
2554,citizen_2554,citizen_2554@example.com,Jessica Anderson,+1-555-944-1011,"827 Smart City Ave, Street 41",East District,CTZ-002554,+1-555-746-5720,Doctor,5,O+,1,2025-10-04 08:02:18
2555,citizen_2555,citizen_2555@example.com,Jessica Johnson,+1-555-509-5640,"181 Smart City Ave, Street 20",Industrial Zone,CTZ-002555,+1-555-414-9428,Business Owner,1,A+,2,2026-01-24 08:02:18
2556,citizen_2556,citizen_2556@example.com,Robert Garcia,+1-555-722-4621,"281 Smart City Ave, Street 25",East District,CTZ-002556,+1-555-554-8557,Business Owner,6,AB-,3,2025-10-24 08:02:18
2557,citizen_2557,citizen_2557@example.com,Susan Williams,+1-555-976-3567,"239 Smart City Ave, Street 45",Central Zone,CTZ-002557,+1-555-600-8342,Architect,5,AB+,1,2026-04-24 08:02:18
2558,citizen_2558,citizen_2558@example.com,David Brown,+1-555-394-7462,"933 Smart City Ave, Street 48",South District,CTZ-002558,+1-555-762-1556,Teacher,4,B-,3,2026-06-23 08:02:18
2559,citizen_2559,citizen_2559@example.com,Joseph Anderson,+1-555-439-2293,"287 Smart City Ave, Street 49",Industrial Zone,CTZ-002559,+1-555-639-9655,Civil Servant,5,B+,1,2026-04-10 08:02:18
2560,citizen_2560,citizen_2560@example.com,Linda Martin,+1-555-212-7556,"32 Smart City Ave, Street 23",South District,CTZ-002560,+1-555-953-2908,Technician,1,AB-,2,2026-04-04 08:02:18
2561,citizen_2561,citizen_2561@example.com,Richard Jackson,+1-555-742-3466,"182 Smart City Ave, Street 40",South District,CTZ-002561,+1-555-284-3008,Engineer,3,B-,1,2026-08-06 08:02:18
2562,citizen_2562,citizen_2562@example.com,Patricia Johnson,+1-555-879-8967,"373 Smart City Ave, Street 8",West District,CTZ-002562,+1-555-468-3421,Technician,5,O+,3,2025-11-27 08:02:18
2563,citizen_2563,citizen_2563@example.com,Thomas Jones,+1-555-875-7119,"429 Smart City Ave, Street 36",North District,CTZ-002563,+1-555-665-3047,Technician,5,B+,0,2025-09-12 08:02:18
2564,citizen_2564,citizen_2564@example.com,Linda Lopez,+1-555-760-6648,"40 Smart City Ave, Street 7",West District,CTZ-002564,+1-555-294-1976,Teacher,5,A-,2,2026-04-19 08:02:18
2565,citizen_2565,citizen_2565@example.com,Jennifer Garcia,+1-555-746-2107,"17 Smart City Ave, Street 43",North District,CTZ-002565,+1-555-199-1105,Engineer,2,A-,0,2025-10-28 08:02:18
2566,citizen_2566,citizen_2566@example.com,Jennifer Martinez,+1-555-931-1358,"484 Smart City Ave, Street 8",Industrial Zone,CTZ-002566,+1-555-671-2967,Doctor,3,O-,1,2026-06-25 08:02:18
2567,citizen_2567,citizen_2567@example.com,Sarah Rodriguez,+1-555-702-9767,"483 Smart City Ave, Street 32",South District,CTZ-002567,+1-555-395-6356,Student,4,AB-,3,2025-09-20 08:02:18
2568,citizen_2568,citizen_2568@example.com,Linda Martinez,+1-555-141-8390,"391 Smart City Ave, Street 50",Central Zone,CTZ-002568,+1-555-693-4794,Civil Servant,5,B-,3,2026-03-21 08:02:18
2569,citizen_2569,citizen_2569@example.com,James Lopez,+1-555-145-2638,"32 Smart City Ave, Street 35",West District,CTZ-002569,+1-555-580-6260,Student,1,AB-,2,2026-04-08 08:02:18
2570,citizen_2570,citizen_2570@example.com,Sarah Smith,+1-555-307-1675,"134 Smart City Ave, Street 9",East District,CTZ-002570,+1-555-353-1138,Student,3,AB+,1,2026-05-29 08:02:18
2571,citizen_2571,citizen_2571@example.com,Joseph Williams,+1-555-304-6491,"780 Smart City Ave, Street 25",East District,CTZ-002571,+1-555-559-3864,Architect,3,A-,3,2026-02-03 08:02:18
2572,citizen_2572,citizen_2572@example.com,David Martinez,+1-555-814-8518,"434 Smart City Ave, Street 44",East District,CTZ-002572,+1-555-440-1658,Student,4,B+,0,2026-06-02 08:02:18
2573,citizen_2573,citizen_2573@example.com,Susan Taylor,+1-555-198-9819,"952 Smart City Ave, Street 49",South District,CTZ-002573,+1-555-815-8862,Business Owner,5,O-,3,2026-02-17 08:02:18
2574,citizen_2574,citizen_2574@example.com,Patricia Johnson,+1-555-521-5935,"931 Smart City Ave, Street 37",East District,CTZ-002574,+1-555-427-3149,Accountant,4,AB-,2,2026-05-08 08:02:18
2575,citizen_2575,citizen_2575@example.com,Thomas Smith,+1-555-325-3234,"740 Smart City Ave, Street 8",Industrial Zone,CTZ-002575,+1-555-296-6253,Business Owner,4,AB-,2,2026-01-29 08:02:18
2576,citizen_2576,citizen_2576@example.com,Robert Williams,+1-555-932-7525,"397 Smart City Ave, Street 13",West District,CTZ-002576,+1-555-247-8199,Accountant,2,O-,1,2025-11-20 08:02:18
2577,citizen_2577,citizen_2577@example.com,Susan Davis,+1-555-489-1548,"559 Smart City Ave, Street 12",Industrial Zone,CTZ-002577,+1-555-126-2105,Civil Servant,6,B+,3,2026-07-01 08:02:18
2578,citizen_2578,citizen_2578@example.com,Elizabeth Wilson,+1-555-259-7991,"806 Smart City Ave, Street 15",East District,CTZ-002578,+1-555-657-7523,Civil Servant,4,B-,1,2025-11-08 08:02:18
2579,citizen_2579,citizen_2579@example.com,Robert Martinez,+1-555-550-1297,"135 Smart City Ave, Street 23",Industrial Zone,CTZ-002579,+1-555-383-5191,Doctor,1,B+,1,2026-01-16 08:02:18
2580,citizen_2580,citizen_2580@example.com,Jessica Garcia,+1-555-172-2033,"311 Smart City Ave, Street 35",Central Zone,CTZ-002580,+1-555-417-8801,Business Owner,6,O+,2,2025-10-22 08:02:18
2581,citizen_2581,citizen_2581@example.com,Mary Rodriguez,+1-555-511-8375,"83 Smart City Ave, Street 29",Industrial Zone,CTZ-002581,+1-555-150-3574,Student,5,A+,1,2025-11-15 08:02:18
2582,citizen_2582,citizen_2582@example.com,Karen Martin,+1-555-160-7403,"49 Smart City Ave, Street 15",East District,CTZ-002582,+1-555-751-5332,Business Owner,3,AB-,1,2026-03-24 08:02:18
2583,citizen_2583,citizen_2583@example.com,Charles Thomas,+1-555-653-8925,"887 Smart City Ave, Street 24",South District,CTZ-002583,+1-555-874-8656,Business Owner,4,O-,1,2026-05-13 08:02:18
2584,citizen_2584,citizen_2584@example.com,Jessica Jackson,+1-555-681-1855,"322 Smart City Ave, Street 36",East District,CTZ-002584,+1-555-772-6957,Teacher,6,AB+,3,2026-02-05 08:02:18
2585,citizen_2585,citizen_2585@example.com,Sarah Jackson,+1-555-972-7841,"704 Smart City Ave, Street 4",East District,CTZ-002585,+1-555-614-2063,Teacher,6,B-,0,2026-02-24 08:02:18
2586,citizen_2586,citizen_2586@example.com,Mary Jackson,+1-555-161-5138,"238 Smart City Ave, Street 42",East District,CTZ-002586,+1-555-406-3494,Manager,4,O-,1,2025-09-17 08:02:18
2587,citizen_2587,citizen_2587@example.com,David Garcia,+1-555-880-9987,"608 Smart City Ave, Street 47",Central Zone,CTZ-002587,+1-555-898-4076,Manager,1,B+,3,2026-06-08 08:02:18
2588,citizen_2588,citizen_2588@example.com,David Brown,+1-555-156-6552,"83 Smart City Ave, Street 42",East District,CTZ-002588,+1-555-683-2993,Civil Servant,4,O-,0,2025-10-16 08:02:18
2589,citizen_2589,citizen_2589@example.com,Mary Jones,+1-555-258-1401,"784 Smart City Ave, Street 22",North District,CTZ-002589,+1-555-962-5742,Teacher,3,AB-,0,2026-09-03 08:02:18
2590,citizen_2590,citizen_2590@example.com,Linda Anderson,+1-555-373-6063,"552 Smart City Ave, Street 36",North District,CTZ-002590,+1-555-858-2274,Business Owner,4,A+,3,2025-12-30 08:02:18
2591,citizen_2591,citizen_2591@example.com,Jennifer Brown,+1-555-279-8803,"654 Smart City Ave, Street 15",North District,CTZ-002591,+1-555-643-2659,Business Owner,6,O-,3,2026-01-20 08:02:18
2592,citizen_2592,citizen_2592@example.com,Charles Johnson,+1-555-874-4401,"582 Smart City Ave, Street 9",Industrial Zone,CTZ-002592,+1-555-300-2072,Manager,6,O+,3,2026-04-04 08:02:18
2593,citizen_2593,citizen_2593@example.com,John Garcia,+1-555-719-2817,"594 Smart City Ave, Street 16",North District,CTZ-002593,+1-555-769-6222,Teacher,4,B-,1,2026-02-04 08:02:18
2594,citizen_2594,citizen_2594@example.com,John Brown,+1-555-563-8615,"759 Smart City Ave, Street 26",Industrial Zone,CTZ-002594,+1-555-916-6289,Technician,4,B-,0,2026-07-19 08:02:18
2595,citizen_2595,citizen_2595@example.com,Michael Jones,+1-555-210-6583,"60 Smart City Ave, Street 10",South District,CTZ-002595,+1-555-490-4652,Teacher,4,O+,2,2026-05-09 08:02:18
2596,citizen_2596,citizen_2596@example.com,Karen Johnson,+1-555-633-7638,"445 Smart City Ave, Street 30",South District,CTZ-002596,+1-555-824-3998,Civil Servant,4,B-,0,2026-04-18 08:02:18
2597,citizen_2597,citizen_2597@example.com,Jessica Smith,+1-555-526-1798,"599 Smart City Ave, Street 14",Central Zone,CTZ-002597,+1-555-439-9867,Engineer,3,A-,2,2026-02-14 08:02:18
2598,citizen_2598,citizen_2598@example.com,Sarah Williams,+1-555-256-1894,"608 Smart City Ave, Street 25",West District,CTZ-002598,+1-555-460-4801,Teacher,6,A+,0,2026-05-13 08:02:18
2599,citizen_2599,citizen_2599@example.com,Susan Gonzalez,+1-555-489-1773,"722 Smart City Ave, Street 34",Central Zone,CTZ-002599,+1-555-571-7208,Teacher,1,B+,2,2026-02-14 08:02:18
2600,citizen_2600,citizen_2600@example.com,David Martinez,+1-555-732-4233,"82 Smart City Ave, Street 28",North District,CTZ-002600,+1-555-950-6061,Business Owner,5,O+,3,2026-02-02 08:02:18
2601,citizen_2601,citizen_2601@example.com,Robert Davis,+1-555-893-1590,"409 Smart City Ave, Street 19",Industrial Zone,CTZ-002601,+1-555-935-4611,Technician,6,AB-,3,2026-04-15 08:02:18
2602,citizen_2602,citizen_2602@example.com,Mary Johnson,+1-555-907-7281,"622 Smart City Ave, Street 46",South District,CTZ-002602,+1-555-537-5647,Manager,4,O+,0,2026-04-19 08:02:18
2603,citizen_2603,citizen_2603@example.com,John Davis,+1-555-974-2339,"808 Smart City Ave, Street 6",North District,CTZ-002603,+1-555-159-2259,Accountant,5,O-,1,2026-09-03 08:02:18
2604,citizen_2604,citizen_2604@example.com,Mary Martinez,+1-555-571-7460,"241 Smart City Ave, Street 32",West District,CTZ-002604,+1-555-314-4897,Business Owner,4,A-,2,2026-02-05 08:02:18
2605,citizen_2605,citizen_2605@example.com,Susan Martinez,+1-555-144-2597,"50 Smart City Ave, Street 22",South District,CTZ-002605,+1-555-186-8933,Manager,3,AB-,3,2026-06-05 08:02:18
2606,citizen_2606,citizen_2606@example.com,Karen Jones,+1-555-586-2475,"512 Smart City Ave, Street 27",Industrial Zone,CTZ-002606,+1-555-661-4338,Business Owner,1,O+,1,2026-05-21 08:02:18
2607,citizen_2607,citizen_2607@example.com,Karen Gonzalez,+1-555-295-9029,"414 Smart City Ave, Street 46",Industrial Zone,CTZ-002607,+1-555-636-2549,Business Owner,4,B-,1,2026-08-02 08:02:18
2608,citizen_2608,citizen_2608@example.com,James Hernandez,+1-555-756-7210,"402 Smart City Ave, Street 18",East District,CTZ-002608,+1-555-193-3172,Civil Servant,6,A+,2,2025-12-12 08:02:18
2609,citizen_2609,citizen_2609@example.com,James Moore,+1-555-401-6884,"282 Smart City Ave, Street 35",South District,CTZ-002609,+1-555-320-8885,Technician,5,A-,0,2026-02-24 08:02:18
2610,citizen_2610,citizen_2610@example.com,Jessica Martinez,+1-555-316-6039,"661 Smart City Ave, Street 14",East District,CTZ-002610,+1-555-228-9221,Technician,1,B+,2,2026-06-29 08:02:18
2611,citizen_2611,citizen_2611@example.com,Charles Rodriguez,+1-555-617-5570,"319 Smart City Ave, Street 27",North District,CTZ-002611,+1-555-149-5771,Civil Servant,5,O+,2,2026-01-23 08:02:18
2612,citizen_2612,citizen_2612@example.com,Karen Miller,+1-555-579-3577,"903 Smart City Ave, Street 5",North District,CTZ-002612,+1-555-680-6681,Doctor,5,B-,2,2026-05-15 08:02:18
2613,citizen_2613,citizen_2613@example.com,Susan Jackson,+1-555-321-9946,"874 Smart City Ave, Street 31",Industrial Zone,CTZ-002613,+1-555-350-1095,Accountant,3,AB+,1,2026-05-29 08:02:18
2614,citizen_2614,citizen_2614@example.com,James Wilson,+1-555-542-3659,"51 Smart City Ave, Street 1",East District,CTZ-002614,+1-555-172-1797,Business Owner,5,A-,1,2025-12-01 08:02:18
2615,citizen_2615,citizen_2615@example.com,Elizabeth Brown,+1-555-803-5807,"436 Smart City Ave, Street 40",South District,CTZ-002615,+1-555-358-8964,Teacher,2,O+,2,2026-01-16 08:02:18
2616,citizen_2616,citizen_2616@example.com,Linda Brown,+1-555-426-5644,"989 Smart City Ave, Street 28",North District,CTZ-002616,+1-555-187-6209,Technician,1,B+,3,2025-09-22 08:02:18
2617,citizen_2617,citizen_2617@example.com,Sarah Brown,+1-555-610-2347,"198 Smart City Ave, Street 39",Industrial Zone,CTZ-002617,+1-555-918-7176,Engineer,1,B+,1,2026-02-21 08:02:18
2618,citizen_2618,citizen_2618@example.com,Jessica Brown,+1-555-151-3340,"239 Smart City Ave, Street 4",North District,CTZ-002618,+1-555-804-2602,Business Owner,4,AB+,2,2025-10-24 08:02:18
2619,citizen_2619,citizen_2619@example.com,Charles Smith,+1-555-227-9029,"374 Smart City Ave, Street 2",South District,CTZ-002619,+1-555-101-9801,Technician,1,B+,2,2025-11-28 08:02:18
2620,citizen_2620,citizen_2620@example.com,James Smith,+1-555-480-6720,"363 Smart City Ave, Street 10",South District,CTZ-002620,+1-555-340-7833,Student,2,O-,0,2026-04-30 08:02:18
2621,citizen_2621,citizen_2621@example.com,John Jones,+1-555-974-1511,"684 Smart City Ave, Street 14",Central Zone,CTZ-002621,+1-555-888-8835,Technician,2,B+,3,2026-04-07 08:02:18
2622,citizen_2622,citizen_2622@example.com,Barbara Garcia,+1-555-415-1960,"623 Smart City Ave, Street 8",West District,CTZ-002622,+1-555-200-5407,Accountant,3,B+,1,2025-10-19 08:02:18
2623,citizen_2623,citizen_2623@example.com,Karen Anderson,+1-555-412-2945,"933 Smart City Ave, Street 19",East District,CTZ-002623,+1-555-629-5371,Business Owner,3,A-,1,2025-11-14 08:02:18
2624,citizen_2624,citizen_2624@example.com,Jessica Hernandez,+1-555-995-1288,"212 Smart City Ave, Street 31",East District,CTZ-002624,+1-555-494-1711,Engineer,1,B+,3,2025-10-23 08:02:18
2625,citizen_2625,citizen_2625@example.com,Karen Anderson,+1-555-656-6224,"54 Smart City Ave, Street 10",Central Zone,CTZ-002625,+1-555-522-8124,Accountant,4,A-,3,2025-11-04 08:02:18
2626,citizen_2626,citizen_2626@example.com,Elizabeth Taylor,+1-555-742-7662,"867 Smart City Ave, Street 25",Industrial Zone,CTZ-002626,+1-555-517-7268,Architect,5,O+,0,2026-05-27 08:02:18
2627,citizen_2627,citizen_2627@example.com,Karen Martinez,+1-555-246-4592,"378 Smart City Ave, Street 38",Industrial Zone,CTZ-002627,+1-555-141-4389,Civil Servant,6,AB-,0,2026-07-14 08:02:18
2628,citizen_2628,citizen_2628@example.com,Susan Jones,+1-555-995-2799,"733 Smart City Ave, Street 20",North District,CTZ-002628,+1-555-588-1381,Engineer,4,O-,2,2026-06-09 08:02:18
2629,citizen_2629,citizen_2629@example.com,John Lopez,+1-555-644-9544,"924 Smart City Ave, Street 41",East District,CTZ-002629,+1-555-928-7964,Civil Servant,1,A-,2,2026-03-14 08:02:18
2630,citizen_2630,citizen_2630@example.com,John Miller,+1-555-705-3066,"700 Smart City Ave, Street 12",Central Zone,CTZ-002630,+1-555-733-8959,Business Owner,3,B-,1,2025-12-16 08:02:18
2631,citizen_2631,citizen_2631@example.com,James Jones,+1-555-811-5304,"800 Smart City Ave, Street 49",Industrial Zone,CTZ-002631,+1-555-870-3619,Accountant,5,B+,1,2026-02-15 08:02:18
2632,citizen_2632,citizen_2632@example.com,Elizabeth Anderson,+1-555-496-7543,"644 Smart City Ave, Street 41",West District,CTZ-002632,+1-555-612-9854,Teacher,6,AB+,2,2026-08-15 08:02:18
2633,citizen_2633,citizen_2633@example.com,Richard Hernandez,+1-555-203-9571,"472 Smart City Ave, Street 1",Central Zone,CTZ-002633,+1-555-383-9403,Accountant,5,B+,2,2025-10-30 08:02:18
2634,citizen_2634,citizen_2634@example.com,William Brown,+1-555-788-9653,"998 Smart City Ave, Street 50",Industrial Zone,CTZ-002634,+1-555-865-6632,Teacher,2,B-,0,2026-04-27 08:02:18
2635,citizen_2635,citizen_2635@example.com,Karen Miller,+1-555-470-3877,"448 Smart City Ave, Street 20",Industrial Zone,CTZ-002635,+1-555-701-4428,Doctor,3,A+,2,2025-10-19 08:02:18
2636,citizen_2636,citizen_2636@example.com,Richard Smith,+1-555-368-6209,"126 Smart City Ave, Street 39",South District,CTZ-002636,+1-555-796-6541,Student,3,AB+,1,2026-05-14 08:02:18
2637,citizen_2637,citizen_2637@example.com,Sarah Hernandez,+1-555-888-9993,"301 Smart City Ave, Street 2",West District,CTZ-002637,+1-555-757-6727,Teacher,3,A+,1,2026-08-31 08:02:18
2638,citizen_2638,citizen_2638@example.com,Elizabeth Gonzalez,+1-555-750-2325,"105 Smart City Ave, Street 21",South District,CTZ-002638,+1-555-757-5868,Accountant,2,A+,0,2026-04-15 08:02:18
2639,citizen_2639,citizen_2639@example.com,Karen Johnson,+1-555-455-8999,"470 Smart City Ave, Street 33",Industrial Zone,CTZ-002639,+1-555-525-4850,Architect,5,AB+,0,2026-01-02 08:02:18
2640,citizen_2640,citizen_2640@example.com,Richard Gonzalez,+1-555-613-3842,"132 Smart City Ave, Street 8",Industrial Zone,CTZ-002640,+1-555-549-2596,Civil Servant,4,A-,0,2026-08-04 08:02:18
2641,citizen_2641,citizen_2641@example.com,William Davis,+1-555-546-6908,"746 Smart City Ave, Street 14",East District,CTZ-002641,+1-555-554-2363,Civil Servant,4,O+,0,2026-06-17 08:02:18
2642,citizen_2642,citizen_2642@example.com,Linda Anderson,+1-555-701-1878,"199 Smart City Ave, Street 10",Central Zone,CTZ-002642,+1-555-338-2183,Architect,2,B+,3,2026-06-04 08:02:18
2643,citizen_2643,citizen_2643@example.com,Richard Garcia,+1-555-277-6736,"786 Smart City Ave, Street 21",Central Zone,CTZ-002643,+1-555-500-2090,Student,4,O+,1,2026-08-24 08:02:18
2644,citizen_2644,citizen_2644@example.com,Jennifer Wilson,+1-555-800-5095,"466 Smart City Ave, Street 2",East District,CTZ-002644,+1-555-339-6844,Business Owner,3,AB+,1,2026-03-25 08:02:18
2645,citizen_2645,citizen_2645@example.com,Linda Taylor,+1-555-763-2141,"561 Smart City Ave, Street 46",North District,CTZ-002645,+1-555-102-2756,Doctor,6,O+,2,2026-05-11 08:02:18
2646,citizen_2646,citizen_2646@example.com,Joseph Thomas,+1-555-123-4279,"822 Smart City Ave, Street 20",South District,CTZ-002646,+1-555-795-4385,Engineer,6,A-,2,2026-04-04 08:02:18
2647,citizen_2647,citizen_2647@example.com,Elizabeth Martinez,+1-555-767-6894,"620 Smart City Ave, Street 17",North District,CTZ-002647,+1-555-517-2960,Manager,6,B+,0,2025-11-11 08:02:18
2648,citizen_2648,citizen_2648@example.com,Charles Martinez,+1-555-360-3140,"559 Smart City Ave, Street 29",East District,CTZ-002648,+1-555-930-2183,Accountant,2,B-,2,2025-10-20 08:02:18
2649,citizen_2649,citizen_2649@example.com,James Williams,+1-555-325-3313,"623 Smart City Ave, Street 33",Central Zone,CTZ-002649,+1-555-199-2854,Doctor,4,O+,0,2026-05-02 08:02:18
2650,citizen_2650,citizen_2650@example.com,Patricia Williams,+1-555-129-4992,"818 Smart City Ave, Street 31",East District,CTZ-002650,+1-555-385-1997,Engineer,5,O-,0,2026-03-18 08:02:18
2651,citizen_2651,citizen_2651@example.com,Patricia Moore,+1-555-218-5124,"540 Smart City Ave, Street 49",South District,CTZ-002651,+1-555-500-6869,Engineer,2,O+,1,2025-12-24 08:02:18
2652,citizen_2652,citizen_2652@example.com,Michael Martin,+1-555-626-1258,"875 Smart City Ave, Street 19",Industrial Zone,CTZ-002652,+1-555-859-2590,Doctor,5,A+,0,2026-06-28 08:02:18
2653,citizen_2653,citizen_2653@example.com,Linda Hernandez,+1-555-669-6362,"45 Smart City Ave, Street 27",North District,CTZ-002653,+1-555-566-5930,Civil Servant,3,B+,0,2026-04-25 08:02:18
2654,citizen_2654,citizen_2654@example.com,Patricia Garcia,+1-555-452-6969,"970 Smart City Ave, Street 38",North District,CTZ-002654,+1-555-880-8021,Engineer,1,A+,1,2025-11-02 08:02:18
2655,citizen_2655,citizen_2655@example.com,James Jackson,+1-555-914-2770,"361 Smart City Ave, Street 36",North District,CTZ-002655,+1-555-516-7398,Business Owner,6,O-,0,2025-11-11 08:02:18
2656,citizen_2656,citizen_2656@example.com,Barbara Williams,+1-555-313-6311,"75 Smart City Ave, Street 27",East District,CTZ-002656,+1-555-363-5566,Accountant,1,O-,3,2026-03-10 08:02:18
2657,citizen_2657,citizen_2657@example.com,Jennifer Johnson,+1-555-675-9942,"315 Smart City Ave, Street 16",North District,CTZ-002657,+1-555-873-6359,Manager,2,B+,1,2026-02-21 08:02:18
2658,citizen_2658,citizen_2658@example.com,Jennifer Lopez,+1-555-198-3926,"962 Smart City Ave, Street 32",West District,CTZ-002658,+1-555-990-8399,Business Owner,1,B+,1,2026-05-18 08:02:18
2659,citizen_2659,citizen_2659@example.com,Sarah Martin,+1-555-696-6410,"701 Smart City Ave, Street 9",West District,CTZ-002659,+1-555-173-1825,Business Owner,4,B-,1,2025-12-04 08:02:18
2660,citizen_2660,citizen_2660@example.com,Susan Wilson,+1-555-349-7999,"683 Smart City Ave, Street 7",Central Zone,CTZ-002660,+1-555-915-7987,Accountant,1,B-,3,2026-05-18 08:02:18
2661,citizen_2661,citizen_2661@example.com,William Jackson,+1-555-477-7803,"759 Smart City Ave, Street 16",South District,CTZ-002661,+1-555-210-1575,Student,1,B+,0,2025-12-19 08:02:18
2662,citizen_2662,citizen_2662@example.com,David Taylor,+1-555-263-6980,"13 Smart City Ave, Street 37",East District,CTZ-002662,+1-555-928-5442,Manager,5,A-,1,2026-07-19 08:02:18
2663,citizen_2663,citizen_2663@example.com,Richard Brown,+1-555-765-1833,"417 Smart City Ave, Street 21",West District,CTZ-002663,+1-555-380-4879,Accountant,2,B-,1,2025-12-29 08:02:18
2664,citizen_2664,citizen_2664@example.com,Jessica Miller,+1-555-330-8699,"868 Smart City Ave, Street 49",North District,CTZ-002664,+1-555-902-7512,Teacher,4,AB+,1,2026-08-11 08:02:18
2665,citizen_2665,citizen_2665@example.com,Susan Wilson,+1-555-204-2213,"367 Smart City Ave, Street 28",East District,CTZ-002665,+1-555-966-7964,Teacher,3,AB+,3,2026-03-31 08:02:18
2666,citizen_2666,citizen_2666@example.com,Barbara Gonzalez,+1-555-429-6489,"752 Smart City Ave, Street 45",North District,CTZ-002666,+1-555-655-5290,Manager,1,O+,3,2026-06-16 08:02:18
2667,citizen_2667,citizen_2667@example.com,Barbara Johnson,+1-555-705-9716,"230 Smart City Ave, Street 5",South District,CTZ-002667,+1-555-730-4214,Architect,5,AB-,1,2026-08-24 08:02:18
2668,citizen_2668,citizen_2668@example.com,Mary Williams,+1-555-746-3437,"21 Smart City Ave, Street 7",South District,CTZ-002668,+1-555-605-4679,Manager,6,O-,1,2026-07-22 08:02:18
2669,citizen_2669,citizen_2669@example.com,John Hernandez,+1-555-916-4671,"844 Smart City Ave, Street 30",West District,CTZ-002669,+1-555-176-6074,Architect,1,O-,1,2025-09-16 08:02:18
2670,citizen_2670,citizen_2670@example.com,Michael Moore,+1-555-448-7596,"520 Smart City Ave, Street 33",North District,CTZ-002670,+1-555-208-3938,Architect,1,AB-,1,2026-05-02 08:02:18
2671,citizen_2671,citizen_2671@example.com,Charles Martin,+1-555-330-3669,"620 Smart City Ave, Street 30",West District,CTZ-002671,+1-555-652-5407,Engineer,3,B+,2,2026-01-06 08:02:18
2672,citizen_2672,citizen_2672@example.com,Patricia Taylor,+1-555-755-3507,"656 Smart City Ave, Street 12",West District,CTZ-002672,+1-555-161-1757,Business Owner,6,B-,1,2026-08-19 08:02:18
2673,citizen_2673,citizen_2673@example.com,Charles Moore,+1-555-750-9492,"417 Smart City Ave, Street 11",South District,CTZ-002673,+1-555-416-7518,Teacher,6,B-,3,2025-10-20 08:02:18
2674,citizen_2674,citizen_2674@example.com,John Lopez,+1-555-580-4109,"581 Smart City Ave, Street 37",Central Zone,CTZ-002674,+1-555-474-8682,Technician,2,B-,2,2025-11-22 08:02:18
2675,citizen_2675,citizen_2675@example.com,Thomas Rodriguez,+1-555-672-3736,"170 Smart City Ave, Street 29",East District,CTZ-002675,+1-555-274-2707,Civil Servant,4,A-,1,2026-05-12 08:02:18
2676,citizen_2676,citizen_2676@example.com,William Martin,+1-555-365-5330,"788 Smart City Ave, Street 37",East District,CTZ-002676,+1-555-279-7244,Student,3,A+,2,2026-06-02 08:02:18
2677,citizen_2677,citizen_2677@example.com,Elizabeth Moore,+1-555-783-5198,"794 Smart City Ave, Street 15",Industrial Zone,CTZ-002677,+1-555-127-7798,Doctor,4,A-,2,2026-01-24 08:02:18
2678,citizen_2678,citizen_2678@example.com,James Wilson,+1-555-435-3392,"242 Smart City Ave, Street 18",South District,CTZ-002678,+1-555-665-6183,Engineer,1,B+,2,2026-02-15 08:02:18
2679,citizen_2679,citizen_2679@example.com,Michael Wilson,+1-555-792-6379,"235 Smart City Ave, Street 48",Central Zone,CTZ-002679,+1-555-222-1456,Engineer,2,B+,0,2026-01-29 08:02:18
2680,citizen_2680,citizen_2680@example.com,Karen Brown,+1-555-945-6693,"764 Smart City Ave, Street 49",South District,CTZ-002680,+1-555-549-3188,Accountant,6,B-,2,2025-10-02 08:02:18
2681,citizen_2681,citizen_2681@example.com,Michael Martin,+1-555-974-3817,"808 Smart City Ave, Street 22",Central Zone,CTZ-002681,+1-555-924-8947,Civil Servant,3,O+,1,2026-04-23 08:02:18
2682,citizen_2682,citizen_2682@example.com,William Thomas,+1-555-373-8716,"939 Smart City Ave, Street 44",West District,CTZ-002682,+1-555-763-4700,Student,6,A+,1,2025-11-07 08:02:18
2683,citizen_2683,citizen_2683@example.com,Susan Rodriguez,+1-555-645-6115,"788 Smart City Ave, Street 17",West District,CTZ-002683,+1-555-258-1402,Manager,2,AB+,0,2026-02-08 08:02:18
2684,citizen_2684,citizen_2684@example.com,Thomas Jones,+1-555-304-1516,"662 Smart City Ave, Street 28",West District,CTZ-002684,+1-555-451-1807,Manager,1,O-,1,2026-08-30 08:02:18
2685,citizen_2685,citizen_2685@example.com,Susan Martin,+1-555-968-6359,"235 Smart City Ave, Street 22",Industrial Zone,CTZ-002685,+1-555-149-3583,Civil Servant,2,B+,0,2026-05-22 08:02:18
2686,citizen_2686,citizen_2686@example.com,James Smith,+1-555-805-5939,"13 Smart City Ave, Street 43",Industrial Zone,CTZ-002686,+1-555-617-5469,Technician,4,B+,1,2025-12-18 08:02:18
2687,citizen_2687,citizen_2687@example.com,Sarah Martinez,+1-555-616-3990,"441 Smart City Ave, Street 22",South District,CTZ-002687,+1-555-522-9747,Business Owner,4,AB+,1,2026-08-29 08:02:18
2688,citizen_2688,citizen_2688@example.com,David Martinez,+1-555-969-1172,"838 Smart City Ave, Street 36",North District,CTZ-002688,+1-555-864-5755,Business Owner,3,B+,0,2026-02-18 08:02:18
2689,citizen_2689,citizen_2689@example.com,Patricia Thomas,+1-555-392-4731,"865 Smart City Ave, Street 33",West District,CTZ-002689,+1-555-253-8936,Teacher,1,O-,3,2026-05-25 08:02:18
2690,citizen_2690,citizen_2690@example.com,Michael Miller,+1-555-411-2648,"452 Smart City Ave, Street 4",North District,CTZ-002690,+1-555-184-8963,Civil Servant,6,A-,0,2026-03-13 08:02:18
2691,citizen_2691,citizen_2691@example.com,Mary Anderson,+1-555-467-1610,"96 Smart City Ave, Street 15",West District,CTZ-002691,+1-555-737-1731,Manager,6,AB-,1,2025-11-08 08:02:18
2692,citizen_2692,citizen_2692@example.com,Michael Williams,+1-555-352-7476,"132 Smart City Ave, Street 20",South District,CTZ-002692,+1-555-516-2370,Engineer,1,O+,3,2026-08-06 08:02:18
2693,citizen_2693,citizen_2693@example.com,Jennifer Hernandez,+1-555-548-2576,"436 Smart City Ave, Street 9",Industrial Zone,CTZ-002693,+1-555-653-4852,Accountant,5,A-,1,2026-03-02 08:02:18
2694,citizen_2694,citizen_2694@example.com,Jennifer Anderson,+1-555-192-4487,"223 Smart City Ave, Street 39",Central Zone,CTZ-002694,+1-555-823-4365,Architect,6,O-,0,2026-06-22 08:02:18
2695,citizen_2695,citizen_2695@example.com,Jennifer Lopez,+1-555-531-3523,"285 Smart City Ave, Street 14",South District,CTZ-002695,+1-555-409-7034,Student,3,AB+,3,2026-01-06 08:02:18
2696,citizen_2696,citizen_2696@example.com,Jessica Smith,+1-555-297-7117,"24 Smart City Ave, Street 6",North District,CTZ-002696,+1-555-755-5927,Manager,1,O-,1,2026-02-07 08:02:18
2697,citizen_2697,citizen_2697@example.com,Joseph Smith,+1-555-804-3945,"997 Smart City Ave, Street 41",West District,CTZ-002697,+1-555-359-3944,Architect,5,O+,1,2026-03-15 08:02:18
2698,citizen_2698,citizen_2698@example.com,Jennifer Jones,+1-555-916-5051,"301 Smart City Ave, Street 50",Central Zone,CTZ-002698,+1-555-906-2814,Student,2,A+,2,2026-04-27 08:02:18
2699,citizen_2699,citizen_2699@example.com,Thomas Hernandez,+1-555-365-8474,"184 Smart City Ave, Street 32",Industrial Zone,CTZ-002699,+1-555-683-9224,Technician,3,AB-,3,2026-03-17 08:02:18
2700,citizen_2700,citizen_2700@example.com,Michael Lopez,+1-555-370-3925,"371 Smart City Ave, Street 4",Central Zone,CTZ-002700,+1-555-696-6287,Doctor,4,O+,1,2026-07-19 08:02:18
2701,citizen_2701,citizen_2701@example.com,John Martinez,+1-555-626-1184,"282 Smart City Ave, Street 36",South District,CTZ-002701,+1-555-839-6940,Engineer,1,B-,1,2025-11-20 08:02:18
2702,citizen_2702,citizen_2702@example.com,Joseph Davis,+1-555-953-2753,"260 Smart City Ave, Street 38",Industrial Zone,CTZ-002702,+1-555-933-7781,Architect,5,B-,0,2026-02-22 08:02:18
2703,citizen_2703,citizen_2703@example.com,Charles Moore,+1-555-782-3742,"268 Smart City Ave, Street 21",North District,CTZ-002703,+1-555-299-3642,Architect,2,B-,1,2025-11-27 08:02:18
2704,citizen_2704,citizen_2704@example.com,Robert Thomas,+1-555-954-1834,"824 Smart City Ave, Street 36",North District,CTZ-002704,+1-555-683-6777,Technician,2,A-,1,2025-09-15 08:02:18
2705,citizen_2705,citizen_2705@example.com,Richard Anderson,+1-555-598-2890,"556 Smart City Ave, Street 29",Central Zone,CTZ-002705,+1-555-738-7423,Manager,6,A+,1,2026-04-26 08:02:18
2706,citizen_2706,citizen_2706@example.com,Elizabeth Jones,+1-555-851-3634,"274 Smart City Ave, Street 6",Industrial Zone,CTZ-002706,+1-555-838-9824,Doctor,4,AB+,2,2025-11-23 08:02:18
2707,citizen_2707,citizen_2707@example.com,Linda Rodriguez,+1-555-791-7171,"732 Smart City Ave, Street 15",Industrial Zone,CTZ-002707,+1-555-203-2623,Manager,4,A-,2,2026-03-06 08:02:18
2708,citizen_2708,citizen_2708@example.com,William Lopez,+1-555-158-3936,"660 Smart City Ave, Street 34",North District,CTZ-002708,+1-555-947-3859,Civil Servant,1,A+,1,2025-12-25 08:02:18
2709,citizen_2709,citizen_2709@example.com,Barbara Garcia,+1-555-428-8076,"224 Smart City Ave, Street 5",Industrial Zone,CTZ-002709,+1-555-669-1983,Business Owner,3,AB+,0,2026-08-02 08:02:18
2710,citizen_2710,citizen_2710@example.com,William Martinez,+1-555-574-4481,"718 Smart City Ave, Street 14",West District,CTZ-002710,+1-555-991-4729,Technician,2,B-,3,2026-05-20 08:02:18
2711,citizen_2711,citizen_2711@example.com,Jessica Miller,+1-555-766-3618,"670 Smart City Ave, Street 16",Industrial Zone,CTZ-002711,+1-555-664-8484,Architect,6,A-,3,2026-01-28 08:02:18
2712,citizen_2712,citizen_2712@example.com,Susan Johnson,+1-555-304-5560,"34 Smart City Ave, Street 5",Central Zone,CTZ-002712,+1-555-997-5571,Civil Servant,3,AB-,3,2025-11-21 08:02:18
2713,citizen_2713,citizen_2713@example.com,Jessica Davis,+1-555-242-4526,"282 Smart City Ave, Street 30",South District,CTZ-002713,+1-555-293-6042,Architect,5,A+,1,2026-08-11 08:02:18
2714,citizen_2714,citizen_2714@example.com,James Williams,+1-555-110-9842,"254 Smart City Ave, Street 30",South District,CTZ-002714,+1-555-999-8032,Architect,1,B+,1,2025-12-03 08:02:18
2715,citizen_2715,citizen_2715@example.com,David Gonzalez,+1-555-550-4637,"462 Smart City Ave, Street 37",Central Zone,CTZ-002715,+1-555-277-7470,Civil Servant,5,A-,1,2025-12-03 08:02:18
2716,citizen_2716,citizen_2716@example.com,Elizabeth Jackson,+1-555-891-7895,"445 Smart City Ave, Street 7",Industrial Zone,CTZ-002716,+1-555-779-3300,Architect,4,A-,1,2026-08-27 08:02:18
2717,citizen_2717,citizen_2717@example.com,Thomas Rodriguez,+1-555-807-6287,"546 Smart City Ave, Street 31",South District,CTZ-002717,+1-555-559-8951,Civil Servant,6,A-,1,2026-06-26 08:02:18
2718,citizen_2718,citizen_2718@example.com,Barbara Gonzalez,+1-555-689-5273,"790 Smart City Ave, Street 41",North District,CTZ-002718,+1-555-787-6445,Accountant,2,AB-,3,2026-04-01 08:02:18
2719,citizen_2719,citizen_2719@example.com,Thomas Hernandez,+1-555-661-1617,"571 Smart City Ave, Street 41",West District,CTZ-002719,+1-555-181-8610,Business Owner,3,A+,3,2026-06-29 08:02:18
2720,citizen_2720,citizen_2720@example.com,Robert Lopez,+1-555-281-2711,"41 Smart City Ave, Street 37",Industrial Zone,CTZ-002720,+1-555-250-6383,Architect,6,O-,2,2025-09-16 08:02:18
2721,citizen_2721,citizen_2721@example.com,Karen Rodriguez,+1-555-832-3796,"824 Smart City Ave, Street 8",South District,CTZ-002721,+1-555-500-5195,Teacher,2,B-,0,2025-12-15 08:02:18
2722,citizen_2722,citizen_2722@example.com,Linda Miller,+1-555-644-6936,"688 Smart City Ave, Street 24",East District,CTZ-002722,+1-555-318-5194,Engineer,1,O+,1,2026-04-24 08:02:18
2723,citizen_2723,citizen_2723@example.com,Barbara Hernandez,+1-555-965-6229,"526 Smart City Ave, Street 49",West District,CTZ-002723,+1-555-969-1489,Doctor,4,B-,3,2026-05-20 08:02:18
2724,citizen_2724,citizen_2724@example.com,Karen Gonzalez,+1-555-662-8641,"102 Smart City Ave, Street 32",East District,CTZ-002724,+1-555-491-2359,Doctor,6,O-,1,2026-08-05 08:02:18
2725,citizen_2725,citizen_2725@example.com,Sarah Hernandez,+1-555-532-4196,"372 Smart City Ave, Street 29",North District,CTZ-002725,+1-555-272-7398,Architect,1,AB+,3,2026-08-03 08:02:18
2726,citizen_2726,citizen_2726@example.com,James Thomas,+1-555-346-2174,"988 Smart City Ave, Street 50",West District,CTZ-002726,+1-555-507-3328,Business Owner,2,A+,2,2026-05-27 08:02:18
2727,citizen_2727,citizen_2727@example.com,Thomas Thomas,+1-555-221-8309,"582 Smart City Ave, Street 5",Central Zone,CTZ-002727,+1-555-748-5951,Manager,6,AB-,2,2025-12-17 08:02:18
2728,citizen_2728,citizen_2728@example.com,Thomas Williams,+1-555-719-9993,"107 Smart City Ave, Street 31",East District,CTZ-002728,+1-555-933-8950,Doctor,4,A-,2,2026-05-18 08:02:18
2729,citizen_2729,citizen_2729@example.com,Patricia Martinez,+1-555-976-8173,"836 Smart City Ave, Street 44",North District,CTZ-002729,+1-555-573-7570,Manager,6,A-,1,2026-01-14 08:02:18
2730,citizen_2730,citizen_2730@example.com,Susan Gonzalez,+1-555-439-9819,"750 Smart City Ave, Street 11",Central Zone,CTZ-002730,+1-555-999-8153,Civil Servant,5,AB+,2,2025-10-13 08:02:18
2731,citizen_2731,citizen_2731@example.com,Thomas Gonzalez,+1-555-822-6726,"968 Smart City Ave, Street 49",North District,CTZ-002731,+1-555-567-9047,Civil Servant,6,B-,3,2025-11-21 08:02:18
2732,citizen_2732,citizen_2732@example.com,Michael Smith,+1-555-953-4863,"702 Smart City Ave, Street 48",West District,CTZ-002732,+1-555-168-7283,Technician,3,AB-,2,2025-09-06 08:02:18
2733,citizen_2733,citizen_2733@example.com,Barbara Johnson,+1-555-515-2185,"858 Smart City Ave, Street 33",Industrial Zone,CTZ-002733,+1-555-743-7122,Doctor,6,AB+,1,2025-12-02 08:02:18
2734,citizen_2734,citizen_2734@example.com,Thomas Taylor,+1-555-758-9442,"887 Smart City Ave, Street 9",East District,CTZ-002734,+1-555-826-5913,Accountant,6,AB+,3,2026-02-26 08:02:18
2735,citizen_2735,citizen_2735@example.com,Linda Thomas,+1-555-781-7232,"135 Smart City Ave, Street 28",North District,CTZ-002735,+1-555-636-8083,Doctor,3,B+,0,2026-04-20 08:02:18
2736,citizen_2736,citizen_2736@example.com,Robert Lopez,+1-555-736-1814,"566 Smart City Ave, Street 18",Industrial Zone,CTZ-002736,+1-555-702-4484,Manager,6,B-,0,2026-07-24 08:02:18
2737,citizen_2737,citizen_2737@example.com,Barbara Davis,+1-555-330-4799,"573 Smart City Ave, Street 12",West District,CTZ-002737,+1-555-236-5489,Business Owner,5,A+,0,2025-12-10 08:02:18
2738,citizen_2738,citizen_2738@example.com,Charles Wilson,+1-555-262-8149,"593 Smart City Ave, Street 42",North District,CTZ-002738,+1-555-784-7330,Teacher,3,B+,3,2026-06-29 08:02:18
2739,citizen_2739,citizen_2739@example.com,Barbara Martinez,+1-555-626-2784,"95 Smart City Ave, Street 42",East District,CTZ-002739,+1-555-190-9578,Engineer,3,B+,0,2026-07-02 08:02:18
2740,citizen_2740,citizen_2740@example.com,John Davis,+1-555-632-2548,"248 Smart City Ave, Street 14",Industrial Zone,CTZ-002740,+1-555-511-7116,Accountant,5,B-,0,2025-12-22 08:02:18
2741,citizen_2741,citizen_2741@example.com,Susan Moore,+1-555-821-8948,"166 Smart City Ave, Street 10",East District,CTZ-002741,+1-555-520-4690,Student,2,A-,0,2025-09-06 08:02:18
2742,citizen_2742,citizen_2742@example.com,Michael Smith,+1-555-928-1279,"523 Smart City Ave, Street 42",North District,CTZ-002742,+1-555-939-6955,Civil Servant,3,A-,3,2026-04-17 08:02:18
2743,citizen_2743,citizen_2743@example.com,Karen Lopez,+1-555-471-9528,"531 Smart City Ave, Street 7",North District,CTZ-002743,+1-555-109-9038,Business Owner,3,B-,0,2026-09-03 08:02:18
2744,citizen_2744,citizen_2744@example.com,David Williams,+1-555-173-3800,"53 Smart City Ave, Street 35",North District,CTZ-002744,+1-555-111-7790,Business Owner,4,A+,1,2026-08-23 08:02:18
2745,citizen_2745,citizen_2745@example.com,David Gonzalez,+1-555-270-2454,"683 Smart City Ave, Street 7",West District,CTZ-002745,+1-555-145-6476,Teacher,5,B+,3,2026-07-15 08:02:18
2746,citizen_2746,citizen_2746@example.com,Linda Thomas,+1-555-289-8820,"863 Smart City Ave, Street 28",North District,CTZ-002746,+1-555-943-8095,Business Owner,1,A-,1,2026-04-04 08:02:18
2747,citizen_2747,citizen_2747@example.com,Jennifer Brown,+1-555-830-4709,"271 Smart City Ave, Street 11",North District,CTZ-002747,+1-555-791-9162,Civil Servant,4,O+,3,2025-12-07 08:02:18
2748,citizen_2748,citizen_2748@example.com,Susan Taylor,+1-555-127-2153,"500 Smart City Ave, Street 11",Industrial Zone,CTZ-002748,+1-555-786-5513,Accountant,6,AB+,1,2026-08-10 08:02:18
2749,citizen_2749,citizen_2749@example.com,David Lopez,+1-555-994-8461,"307 Smart City Ave, Street 6",West District,CTZ-002749,+1-555-359-2772,Teacher,1,O-,3,2025-12-07 08:02:18
2750,citizen_2750,citizen_2750@example.com,Charles Rodriguez,+1-555-531-7189,"115 Smart City Ave, Street 19",West District,CTZ-002750,+1-555-958-7935,Technician,1,AB+,2,2026-04-17 08:02:18
2751,citizen_2751,citizen_2751@example.com,Patricia Rodriguez,+1-555-664-9584,"37 Smart City Ave, Street 26",North District,CTZ-002751,+1-555-408-1503,Manager,3,B+,2,2025-11-06 08:02:18
2752,citizen_2752,citizen_2752@example.com,Michael Moore,+1-555-271-6050,"114 Smart City Ave, Street 15",South District,CTZ-002752,+1-555-335-1538,Doctor,6,A+,0,2026-08-31 08:02:18
2753,citizen_2753,citizen_2753@example.com,Michael Jackson,+1-555-976-7683,"93 Smart City Ave, Street 16",South District,CTZ-002753,+1-555-253-2665,Doctor,6,O+,2,2025-09-08 08:02:18
2754,citizen_2754,citizen_2754@example.com,Thomas Anderson,+1-555-401-4809,"736 Smart City Ave, Street 14",Industrial Zone,CTZ-002754,+1-555-480-1944,Doctor,4,AB+,1,2025-10-01 08:02:18
2755,citizen_2755,citizen_2755@example.com,Jennifer Taylor,+1-555-569-2724,"967 Smart City Ave, Street 5",South District,CTZ-002755,+1-555-319-8925,Doctor,6,A-,3,2025-12-13 08:02:18
2756,citizen_2756,citizen_2756@example.com,Barbara Miller,+1-555-757-8414,"446 Smart City Ave, Street 11",Industrial Zone,CTZ-002756,+1-555-553-3381,Teacher,4,B+,1,2025-10-25 08:02:18
2757,citizen_2757,citizen_2757@example.com,Charles Hernandez,+1-555-650-2093,"27 Smart City Ave, Street 27",Industrial Zone,CTZ-002757,+1-555-214-4221,Architect,5,O-,2,2026-01-08 08:02:18
2758,citizen_2758,citizen_2758@example.com,Linda Martinez,+1-555-947-1476,"54 Smart City Ave, Street 21",Industrial Zone,CTZ-002758,+1-555-574-9889,Engineer,2,AB-,3,2026-03-07 08:02:18
2759,citizen_2759,citizen_2759@example.com,Jessica Jones,+1-555-439-2120,"376 Smart City Ave, Street 16",East District,CTZ-002759,+1-555-869-7283,Manager,4,AB+,3,2026-04-20 08:02:18
2760,citizen_2760,citizen_2760@example.com,Thomas Hernandez,+1-555-601-4537,"567 Smart City Ave, Street 37",North District,CTZ-002760,+1-555-842-8818,Teacher,6,A+,3,2026-07-31 08:02:18
2761,citizen_2761,citizen_2761@example.com,Jessica Williams,+1-555-993-6088,"135 Smart City Ave, Street 16",South District,CTZ-002761,+1-555-984-1130,Doctor,6,A+,1,2025-12-01 08:02:18
2762,citizen_2762,citizen_2762@example.com,Linda Miller,+1-555-728-3763,"394 Smart City Ave, Street 28",North District,CTZ-002762,+1-555-203-7914,Teacher,2,O+,0,2025-12-03 08:02:18
2763,citizen_2763,citizen_2763@example.com,Jessica Rodriguez,+1-555-969-4184,"113 Smart City Ave, Street 41",Industrial Zone,CTZ-002763,+1-555-468-5678,Civil Servant,5,O+,3,2026-05-27 08:02:18
2764,citizen_2764,citizen_2764@example.com,James Johnson,+1-555-902-1679,"707 Smart City Ave, Street 47",North District,CTZ-002764,+1-555-678-4006,Business Owner,4,AB-,1,2026-03-15 08:02:18
2765,citizen_2765,citizen_2765@example.com,Karen Rodriguez,+1-555-740-5024,"691 Smart City Ave, Street 20",West District,CTZ-002765,+1-555-261-1435,Business Owner,6,O+,1,2025-10-05 08:02:18
2766,citizen_2766,citizen_2766@example.com,Thomas Smith,+1-555-958-7051,"188 Smart City Ave, Street 39",East District,CTZ-002766,+1-555-644-8048,Manager,5,O-,2,2025-10-06 08:02:18
2767,citizen_2767,citizen_2767@example.com,James Rodriguez,+1-555-793-2653,"682 Smart City Ave, Street 22",East District,CTZ-002767,+1-555-430-8172,Business Owner,4,O-,3,2026-02-05 08:02:18
2768,citizen_2768,citizen_2768@example.com,Sarah Miller,+1-555-456-2203,"218 Smart City Ave, Street 33",East District,CTZ-002768,+1-555-107-4935,Doctor,4,AB+,2,2026-03-01 08:02:18
2769,citizen_2769,citizen_2769@example.com,Jessica Miller,+1-555-425-8004,"930 Smart City Ave, Street 36",Central Zone,CTZ-002769,+1-555-700-3471,Business Owner,1,A-,2,2026-05-02 08:02:18
2770,citizen_2770,citizen_2770@example.com,Jessica Martin,+1-555-144-4700,"398 Smart City Ave, Street 49",East District,CTZ-002770,+1-555-985-5083,Doctor,3,O+,1,2025-12-17 08:02:18
2771,citizen_2771,citizen_2771@example.com,William Garcia,+1-555-218-8939,"208 Smart City Ave, Street 11",Industrial Zone,CTZ-002771,+1-555-110-8691,Architect,3,B+,1,2026-04-29 08:02:18
2772,citizen_2772,citizen_2772@example.com,Richard Brown,+1-555-321-2630,"56 Smart City Ave, Street 30",East District,CTZ-002772,+1-555-237-3651,Teacher,2,AB+,0,2026-03-22 08:02:18
2773,citizen_2773,citizen_2773@example.com,Jessica Thomas,+1-555-139-2181,"888 Smart City Ave, Street 21",North District,CTZ-002773,+1-555-152-7987,Student,2,B-,2,2025-09-17 08:02:18
2774,citizen_2774,citizen_2774@example.com,Jessica Taylor,+1-555-436-6884,"453 Smart City Ave, Street 25",Industrial Zone,CTZ-002774,+1-555-366-9165,Architect,3,O+,0,2026-02-08 08:02:18
2775,citizen_2775,citizen_2775@example.com,Susan Brown,+1-555-257-9911,"810 Smart City Ave, Street 21",Central Zone,CTZ-002775,+1-555-693-7753,Business Owner,5,O-,0,2026-06-01 08:02:18
2776,citizen_2776,citizen_2776@example.com,Karen Martin,+1-555-896-3611,"911 Smart City Ave, Street 17",West District,CTZ-002776,+1-555-803-7840,Technician,6,B-,1,2026-08-09 08:02:18
2777,citizen_2777,citizen_2777@example.com,Richard Thomas,+1-555-768-9998,"258 Smart City Ave, Street 10",East District,CTZ-002777,+1-555-136-6398,Student,3,A+,1,2026-04-02 08:02:18
2778,citizen_2778,citizen_2778@example.com,Joseph Smith,+1-555-846-9634,"256 Smart City Ave, Street 27",North District,CTZ-002778,+1-555-132-3417,Architect,6,A-,1,2026-01-11 08:02:18
2779,citizen_2779,citizen_2779@example.com,Thomas Brown,+1-555-709-2885,"115 Smart City Ave, Street 37",North District,CTZ-002779,+1-555-489-5428,Doctor,6,A+,1,2026-01-17 08:02:18
2780,citizen_2780,citizen_2780@example.com,Thomas Wilson,+1-555-524-1913,"754 Smart City Ave, Street 18",South District,CTZ-002780,+1-555-639-7219,Business Owner,2,O-,2,2026-01-10 08:02:18
2781,citizen_2781,citizen_2781@example.com,Mary Wilson,+1-555-378-9494,"348 Smart City Ave, Street 31",West District,CTZ-002781,+1-555-789-5352,Teacher,5,O+,2,2025-09-09 08:02:18
2782,citizen_2782,citizen_2782@example.com,Linda Taylor,+1-555-485-9642,"55 Smart City Ave, Street 16",West District,CTZ-002782,+1-555-158-8505,Technician,1,O+,1,2025-09-18 08:02:18
2783,citizen_2783,citizen_2783@example.com,Karen Johnson,+1-555-982-5727,"729 Smart City Ave, Street 47",East District,CTZ-002783,+1-555-747-4287,Civil Servant,3,O+,0,2026-06-18 08:02:18
2784,citizen_2784,citizen_2784@example.com,Sarah Hernandez,+1-555-499-5491,"955 Smart City Ave, Street 30",West District,CTZ-002784,+1-555-619-6363,Architect,4,O+,3,2026-01-25 08:02:18
2785,citizen_2785,citizen_2785@example.com,Mary Gonzalez,+1-555-165-1844,"279 Smart City Ave, Street 30",Central Zone,CTZ-002785,+1-555-364-7865,Architect,6,AB-,0,2025-10-24 08:02:18
2786,citizen_2786,citizen_2786@example.com,Karen Gonzalez,+1-555-782-2616,"422 Smart City Ave, Street 28",South District,CTZ-002786,+1-555-911-3772,Civil Servant,2,A+,1,2026-07-07 08:02:18
2787,citizen_2787,citizen_2787@example.com,Jennifer Hernandez,+1-555-841-9544,"651 Smart City Ave, Street 13",South District,CTZ-002787,+1-555-182-7702,Teacher,1,AB-,3,2026-03-30 08:02:18
2788,citizen_2788,citizen_2788@example.com,Jessica Lopez,+1-555-555-6872,"222 Smart City Ave, Street 48",Industrial Zone,CTZ-002788,+1-555-145-3211,Engineer,6,AB-,0,2026-07-29 08:02:18
2789,citizen_2789,citizen_2789@example.com,Elizabeth Miller,+1-555-923-1191,"247 Smart City Ave, Street 29",West District,CTZ-002789,+1-555-438-7871,Civil Servant,6,B+,0,2026-02-13 08:02:18
2790,citizen_2790,citizen_2790@example.com,Linda Rodriguez,+1-555-240-1689,"293 Smart City Ave, Street 4",Central Zone,CTZ-002790,+1-555-556-5129,Civil Servant,6,O-,1,2026-08-11 08:02:18
2791,citizen_2791,citizen_2791@example.com,John Williams,+1-555-431-3936,"433 Smart City Ave, Street 18",South District,CTZ-002791,+1-555-102-2416,Civil Servant,2,A-,3,2026-06-16 08:02:18
2792,citizen_2792,citizen_2792@example.com,David Martin,+1-555-858-6824,"182 Smart City Ave, Street 40",West District,CTZ-002792,+1-555-137-4027,Manager,2,A+,0,2026-01-01 08:02:18
2793,citizen_2793,citizen_2793@example.com,Michael Davis,+1-555-704-3451,"343 Smart City Ave, Street 44",Central Zone,CTZ-002793,+1-555-414-1618,Manager,1,AB-,1,2026-01-09 08:02:18
2794,citizen_2794,citizen_2794@example.com,Barbara Davis,+1-555-962-3238,"306 Smart City Ave, Street 33",South District,CTZ-002794,+1-555-308-6120,Teacher,3,B-,0,2026-01-25 08:02:18
2795,citizen_2795,citizen_2795@example.com,Thomas Martin,+1-555-298-1940,"594 Smart City Ave, Street 26",Central Zone,CTZ-002795,+1-555-698-4971,Student,4,B-,1,2026-05-13 08:02:18
2796,citizen_2796,citizen_2796@example.com,William Thomas,+1-555-942-5562,"192 Smart City Ave, Street 28",East District,CTZ-002796,+1-555-160-8966,Student,2,A-,1,2026-06-21 08:02:18
2797,citizen_2797,citizen_2797@example.com,Patricia Martinez,+1-555-453-5342,"285 Smart City Ave, Street 27",South District,CTZ-002797,+1-555-605-3995,Civil Servant,4,A+,3,2026-05-04 08:02:18
2798,citizen_2798,citizen_2798@example.com,Karen Rodriguez,+1-555-104-7651,"334 Smart City Ave, Street 46",Central Zone,CTZ-002798,+1-555-699-7960,Accountant,3,A+,2,2026-03-17 08:02:18
2799,citizen_2799,citizen_2799@example.com,David Jackson,+1-555-556-7584,"542 Smart City Ave, Street 34",South District,CTZ-002799,+1-555-751-2450,Technician,3,A+,0,2026-08-04 08:02:18
2800,citizen_2800,citizen_2800@example.com,Elizabeth Taylor,+1-555-981-1613,"737 Smart City Ave, Street 48",South District,CTZ-002800,+1-555-566-5722,Business Owner,5,A-,1,2025-11-02 08:02:18
2801,citizen_2801,citizen_2801@example.com,Susan Brown,+1-555-469-3095,"607 Smart City Ave, Street 27",Central Zone,CTZ-002801,+1-555-301-5976,Engineer,1,B+,1,2025-12-07 08:02:18
2802,citizen_2802,citizen_2802@example.com,Barbara Anderson,+1-555-476-3838,"613 Smart City Ave, Street 19",West District,CTZ-002802,+1-555-283-7772,Student,6,B+,3,2026-01-10 08:02:18
2803,citizen_2803,citizen_2803@example.com,James Wilson,+1-555-831-2423,"122 Smart City Ave, Street 33",North District,CTZ-002803,+1-555-784-3304,Accountant,4,AB+,1,2025-09-29 08:02:18
2804,citizen_2804,citizen_2804@example.com,James Miller,+1-555-775-5282,"45 Smart City Ave, Street 20",Industrial Zone,CTZ-002804,+1-555-127-8674,Business Owner,6,B-,1,2026-04-14 08:02:18
2805,citizen_2805,citizen_2805@example.com,Sarah Martinez,+1-555-688-7000,"608 Smart City Ave, Street 23",East District,CTZ-002805,+1-555-140-1056,Technician,1,B-,1,2026-02-05 08:02:18
2806,citizen_2806,citizen_2806@example.com,Mary Anderson,+1-555-989-2412,"729 Smart City Ave, Street 26",East District,CTZ-002806,+1-555-803-8197,Student,2,O-,1,2026-07-12 08:02:18
2807,citizen_2807,citizen_2807@example.com,Jessica Lopez,+1-555-114-3103,"33 Smart City Ave, Street 22",Central Zone,CTZ-002807,+1-555-885-5079,Architect,2,A-,1,2026-02-23 08:02:18
2808,citizen_2808,citizen_2808@example.com,Jennifer Martinez,+1-555-751-1659,"630 Smart City Ave, Street 12",East District,CTZ-002808,+1-555-357-3151,Manager,1,AB+,0,2025-09-18 08:02:18
2809,citizen_2809,citizen_2809@example.com,Robert Lopez,+1-555-116-9084,"844 Smart City Ave, Street 21",South District,CTZ-002809,+1-555-313-8648,Technician,5,A-,1,2026-03-11 08:02:18
2810,citizen_2810,citizen_2810@example.com,Barbara Thomas,+1-555-203-4312,"429 Smart City Ave, Street 16",East District,CTZ-002810,+1-555-977-9766,Manager,1,O+,1,2026-07-01 08:02:18
2811,citizen_2811,citizen_2811@example.com,Mary Gonzalez,+1-555-186-1121,"687 Smart City Ave, Street 6",Industrial Zone,CTZ-002811,+1-555-737-5036,Civil Servant,6,B+,1,2026-01-14 08:02:18
2812,citizen_2812,citizen_2812@example.com,Susan Gonzalez,+1-555-952-9695,"138 Smart City Ave, Street 38",East District,CTZ-002812,+1-555-470-3865,Technician,6,B+,3,2026-05-07 08:02:18
2813,citizen_2813,citizen_2813@example.com,John Martinez,+1-555-474-4394,"807 Smart City Ave, Street 37",North District,CTZ-002813,+1-555-890-3381,Teacher,5,O-,1,2026-01-20 08:02:18
2814,citizen_2814,citizen_2814@example.com,Charles Jackson,+1-555-619-4942,"549 Smart City Ave, Street 50",Central Zone,CTZ-002814,+1-555-912-1740,Student,1,O+,3,2026-04-19 08:02:18
2815,citizen_2815,citizen_2815@example.com,Mary Wilson,+1-555-623-3367,"503 Smart City Ave, Street 46",Industrial Zone,CTZ-002815,+1-555-953-3698,Business Owner,1,B+,1,2026-03-12 08:02:18
2816,citizen_2816,citizen_2816@example.com,Michael Martinez,+1-555-680-2954,"402 Smart City Ave, Street 44",Central Zone,CTZ-002816,+1-555-990-5077,Doctor,2,AB-,2,2026-07-08 08:02:18
2817,citizen_2817,citizen_2817@example.com,Jessica Wilson,+1-555-273-5563,"815 Smart City Ave, Street 14",Industrial Zone,CTZ-002817,+1-555-702-7456,Accountant,6,A+,1,2025-09-27 08:02:18
2818,citizen_2818,citizen_2818@example.com,Joseph Martin,+1-555-497-7179,"659 Smart City Ave, Street 26",West District,CTZ-002818,+1-555-397-7736,Doctor,1,AB+,3,2025-12-21 08:02:18
2819,citizen_2819,citizen_2819@example.com,William Brown,+1-555-434-8473,"270 Smart City Ave, Street 10",North District,CTZ-002819,+1-555-583-6044,Accountant,6,A+,3,2026-01-26 08:02:18
2820,citizen_2820,citizen_2820@example.com,Elizabeth Anderson,+1-555-337-6296,"621 Smart City Ave, Street 8",East District,CTZ-002820,+1-555-512-2889,Student,6,A+,3,2026-03-21 08:02:18
2821,citizen_2821,citizen_2821@example.com,William Smith,+1-555-922-1196,"134 Smart City Ave, Street 7",North District,CTZ-002821,+1-555-801-4689,Manager,4,B+,2,2026-03-19 08:02:18
2822,citizen_2822,citizen_2822@example.com,Richard Thomas,+1-555-681-4439,"380 Smart City Ave, Street 46",Industrial Zone,CTZ-002822,+1-555-631-7452,Teacher,1,AB-,3,2026-03-23 08:02:18
2823,citizen_2823,citizen_2823@example.com,Karen Gonzalez,+1-555-799-9397,"848 Smart City Ave, Street 32",East District,CTZ-002823,+1-555-154-7113,Business Owner,5,AB+,0,2026-02-17 08:02:18
2824,citizen_2824,citizen_2824@example.com,Linda Hernandez,+1-555-844-7779,"981 Smart City Ave, Street 14",West District,CTZ-002824,+1-555-835-7384,Manager,5,AB+,3,2026-04-19 08:02:18
2825,citizen_2825,citizen_2825@example.com,Elizabeth Moore,+1-555-658-4767,"806 Smart City Ave, Street 50",North District,CTZ-002825,+1-555-371-6049,Teacher,1,O-,0,2026-06-16 08:02:18
2826,citizen_2826,citizen_2826@example.com,Karen Rodriguez,+1-555-498-2353,"730 Smart City Ave, Street 23",Central Zone,CTZ-002826,+1-555-613-6308,Engineer,5,A-,3,2025-12-12 08:02:18
2827,citizen_2827,citizen_2827@example.com,Karen Martinez,+1-555-657-5448,"245 Smart City Ave, Street 17",East District,CTZ-002827,+1-555-459-7091,Civil Servant,6,O+,2,2025-11-26 08:02:18
2828,citizen_2828,citizen_2828@example.com,Joseph Anderson,+1-555-223-9829,"835 Smart City Ave, Street 42",North District,CTZ-002828,+1-555-639-7373,Engineer,4,AB-,1,2025-11-27 08:02:18
2829,citizen_2829,citizen_2829@example.com,Thomas Wilson,+1-555-723-6435,"172 Smart City Ave, Street 21",Industrial Zone,CTZ-002829,+1-555-240-8794,Student,6,AB-,2,2025-09-20 08:02:18
2830,citizen_2830,citizen_2830@example.com,Susan Martin,+1-555-847-8402,"344 Smart City Ave, Street 35",South District,CTZ-002830,+1-555-287-1478,Civil Servant,6,O+,1,2026-08-11 08:02:18
2831,citizen_2831,citizen_2831@example.com,Jessica Taylor,+1-555-947-5829,"88 Smart City Ave, Street 19",East District,CTZ-002831,+1-555-143-8439,Manager,3,A-,1,2026-03-05 08:02:18
2832,citizen_2832,citizen_2832@example.com,John Taylor,+1-555-345-4205,"784 Smart City Ave, Street 32",South District,CTZ-002832,+1-555-136-7347,Technician,6,A-,1,2025-09-04 08:02:18
2833,citizen_2833,citizen_2833@example.com,John Jackson,+1-555-507-1203,"735 Smart City Ave, Street 38",Industrial Zone,CTZ-002833,+1-555-965-5885,Student,2,B+,1,2026-05-04 08:02:18
2834,citizen_2834,citizen_2834@example.com,James Jackson,+1-555-946-3606,"655 Smart City Ave, Street 45",South District,CTZ-002834,+1-555-743-8612,Technician,6,O-,3,2025-10-30 08:02:18
2835,citizen_2835,citizen_2835@example.com,Mary Martinez,+1-555-319-8823,"937 Smart City Ave, Street 8",West District,CTZ-002835,+1-555-107-3577,Engineer,5,B+,0,2026-02-26 08:02:18
2836,citizen_2836,citizen_2836@example.com,Jessica Williams,+1-555-351-9200,"762 Smart City Ave, Street 8",South District,CTZ-002836,+1-555-950-7362,Civil Servant,3,O+,0,2025-11-01 08:02:18
2837,citizen_2837,citizen_2837@example.com,Linda Garcia,+1-555-307-9862,"761 Smart City Ave, Street 44",South District,CTZ-002837,+1-555-346-4763,Engineer,2,B-,1,2026-08-10 08:02:18
2838,citizen_2838,citizen_2838@example.com,Patricia Williams,+1-555-646-4980,"167 Smart City Ave, Street 36",Central Zone,CTZ-002838,+1-555-489-6239,Architect,5,O-,1,2025-11-08 08:02:18
2839,citizen_2839,citizen_2839@example.com,Barbara Williams,+1-555-695-1293,"221 Smart City Ave, Street 43",West District,CTZ-002839,+1-555-778-7629,Civil Servant,4,A+,3,2025-10-27 08:02:18
2840,citizen_2840,citizen_2840@example.com,Thomas Lopez,+1-555-963-1348,"666 Smart City Ave, Street 13",Central Zone,CTZ-002840,+1-555-890-9479,Student,6,A-,1,2026-08-28 08:02:18
2841,citizen_2841,citizen_2841@example.com,Richard Williams,+1-555-291-3880,"807 Smart City Ave, Street 30",East District,CTZ-002841,+1-555-878-7132,Manager,2,O+,0,2025-10-14 08:02:18
2842,citizen_2842,citizen_2842@example.com,Karen Brown,+1-555-338-9289,"826 Smart City Ave, Street 8",Central Zone,CTZ-002842,+1-555-328-1928,Teacher,1,B+,3,2026-02-06 08:02:18
2843,citizen_2843,citizen_2843@example.com,Richard Garcia,+1-555-567-8914,"894 Smart City Ave, Street 29",West District,CTZ-002843,+1-555-658-2208,Doctor,4,B+,1,2026-08-21 08:02:18
2844,citizen_2844,citizen_2844@example.com,John Smith,+1-555-897-4521,"342 Smart City Ave, Street 30",Central Zone,CTZ-002844,+1-555-257-8770,Architect,2,A-,3,2025-10-10 08:02:18
2845,citizen_2845,citizen_2845@example.com,Jessica Smith,+1-555-911-1076,"227 Smart City Ave, Street 5",East District,CTZ-002845,+1-555-829-4872,Business Owner,3,A-,1,2026-01-29 08:02:18
2846,citizen_2846,citizen_2846@example.com,Jessica Moore,+1-555-442-2820,"937 Smart City Ave, Street 15",East District,CTZ-002846,+1-555-769-2451,Architect,2,A+,1,2026-05-29 08:02:18
2847,citizen_2847,citizen_2847@example.com,Linda Brown,+1-555-220-7732,"279 Smart City Ave, Street 21",Central Zone,CTZ-002847,+1-555-691-8926,Doctor,6,A+,1,2026-07-15 08:02:18
2848,citizen_2848,citizen_2848@example.com,Richard Hernandez,+1-555-911-9135,"241 Smart City Ave, Street 40",West District,CTZ-002848,+1-555-701-6194,Civil Servant,3,AB+,1,2026-07-21 08:02:18
2849,citizen_2849,citizen_2849@example.com,Patricia Hernandez,+1-555-334-6336,"262 Smart City Ave, Street 20",South District,CTZ-002849,+1-555-305-9868,Teacher,3,AB-,3,2026-05-07 08:02:18
2850,citizen_2850,citizen_2850@example.com,Patricia Wilson,+1-555-283-5236,"728 Smart City Ave, Street 46",Central Zone,CTZ-002850,+1-555-755-6875,Technician,3,B+,1,2026-02-13 08:02:18
2851,citizen_2851,citizen_2851@example.com,Michael Smith,+1-555-885-2167,"644 Smart City Ave, Street 48",Central Zone,CTZ-002851,+1-555-792-3358,Business Owner,3,AB+,1,2026-07-12 08:02:18
2852,citizen_2852,citizen_2852@example.com,David Smith,+1-555-126-2781,"453 Smart City Ave, Street 17",North District,CTZ-002852,+1-555-804-5766,Student,1,B-,2,2026-01-10 08:02:18
2853,citizen_2853,citizen_2853@example.com,Michael Martin,+1-555-992-4453,"849 Smart City Ave, Street 13",West District,CTZ-002853,+1-555-274-1410,Doctor,2,AB-,0,2026-02-08 08:02:18
2854,citizen_2854,citizen_2854@example.com,Charles Lopez,+1-555-735-9460,"469 Smart City Ave, Street 40",East District,CTZ-002854,+1-555-594-1112,Accountant,1,O-,1,2026-03-10 08:02:18
2855,citizen_2855,citizen_2855@example.com,Mary Brown,+1-555-856-1997,"590 Smart City Ave, Street 32",North District,CTZ-002855,+1-555-970-6899,Student,3,AB+,1,2025-12-25 08:02:18
2856,citizen_2856,citizen_2856@example.com,Susan Lopez,+1-555-416-5581,"831 Smart City Ave, Street 24",West District,CTZ-002856,+1-555-690-2056,Manager,5,AB-,3,2026-06-24 08:02:18
2857,citizen_2857,citizen_2857@example.com,Charles Johnson,+1-555-424-2537,"604 Smart City Ave, Street 33",East District,CTZ-002857,+1-555-105-8145,Civil Servant,5,B+,1,2026-02-07 08:02:18
2858,citizen_2858,citizen_2858@example.com,David Smith,+1-555-504-5933,"441 Smart City Ave, Street 27",Central Zone,CTZ-002858,+1-555-471-9460,Accountant,1,AB+,1,2026-05-30 08:02:18
2859,citizen_2859,citizen_2859@example.com,Sarah Garcia,+1-555-776-9876,"300 Smart City Ave, Street 35",West District,CTZ-002859,+1-555-902-4618,Civil Servant,6,B-,0,2026-08-31 08:02:18
2860,citizen_2860,citizen_2860@example.com,Joseph Thomas,+1-555-867-6341,"255 Smart City Ave, Street 43",West District,CTZ-002860,+1-555-969-7297,Technician,1,O+,1,2026-05-25 08:02:18
2861,citizen_2861,citizen_2861@example.com,Joseph Taylor,+1-555-430-8516,"122 Smart City Ave, Street 20",South District,CTZ-002861,+1-555-282-7952,Civil Servant,4,AB+,1,2026-06-17 08:02:18
2862,citizen_2862,citizen_2862@example.com,Barbara Lopez,+1-555-725-3075,"986 Smart City Ave, Street 50",South District,CTZ-002862,+1-555-240-9785,Manager,3,O+,2,2025-11-24 08:02:18
2863,citizen_2863,citizen_2863@example.com,Linda Jackson,+1-555-864-5536,"33 Smart City Ave, Street 12",Central Zone,CTZ-002863,+1-555-993-2433,Civil Servant,5,O-,1,2026-02-02 08:02:18
2864,citizen_2864,citizen_2864@example.com,Thomas Taylor,+1-555-212-1987,"160 Smart City Ave, Street 42",West District,CTZ-002864,+1-555-690-5927,Business Owner,3,AB-,1,2026-03-12 08:02:18
2865,citizen_2865,citizen_2865@example.com,Sarah Martin,+1-555-737-7762,"587 Smart City Ave, Street 8",West District,CTZ-002865,+1-555-405-9901,Technician,2,AB+,0,2026-04-24 08:02:18
2866,citizen_2866,citizen_2866@example.com,Patricia Davis,+1-555-662-6320,"489 Smart City Ave, Street 9",North District,CTZ-002866,+1-555-300-1353,Business Owner,1,B+,1,2025-10-17 08:02:18
2867,citizen_2867,citizen_2867@example.com,Charles Rodriguez,+1-555-399-2374,"691 Smart City Ave, Street 19",North District,CTZ-002867,+1-555-393-5125,Technician,4,B+,1,2026-04-18 08:02:18
2868,citizen_2868,citizen_2868@example.com,John Anderson,+1-555-849-8720,"380 Smart City Ave, Street 34",East District,CTZ-002868,+1-555-351-1354,Engineer,4,AB-,2,2026-03-06 08:02:18
2869,citizen_2869,citizen_2869@example.com,Robert Taylor,+1-555-448-7321,"258 Smart City Ave, Street 18",West District,CTZ-002869,+1-555-865-2385,Accountant,1,O+,1,2025-10-03 08:02:18
2870,citizen_2870,citizen_2870@example.com,Thomas Lopez,+1-555-965-8156,"800 Smart City Ave, Street 14",Industrial Zone,CTZ-002870,+1-555-971-3338,Manager,5,A+,1,2026-02-25 08:02:18
2871,citizen_2871,citizen_2871@example.com,Richard Anderson,+1-555-475-1781,"648 Smart City Ave, Street 25",Central Zone,CTZ-002871,+1-555-102-7853,Civil Servant,6,AB-,1,2025-12-21 08:02:18
2872,citizen_2872,citizen_2872@example.com,Thomas Moore,+1-555-983-3390,"353 Smart City Ave, Street 29",North District,CTZ-002872,+1-555-110-7865,Civil Servant,6,B+,3,2026-06-30 08:02:18
2873,citizen_2873,citizen_2873@example.com,Charles Jones,+1-555-187-9582,"559 Smart City Ave, Street 44",East District,CTZ-002873,+1-555-487-4273,Teacher,1,AB+,2,2026-08-31 08:02:18
2874,citizen_2874,citizen_2874@example.com,Richard Taylor,+1-555-889-4537,"215 Smart City Ave, Street 46",North District,CTZ-002874,+1-555-743-7124,Doctor,5,B-,0,2025-09-12 08:02:18
2875,citizen_2875,citizen_2875@example.com,Michael Johnson,+1-555-194-6911,"861 Smart City Ave, Street 39",Industrial Zone,CTZ-002875,+1-555-544-2443,Technician,1,A+,1,2026-06-15 08:02:18
2876,citizen_2876,citizen_2876@example.com,Jennifer Moore,+1-555-954-6365,"473 Smart City Ave, Street 16",North District,CTZ-002876,+1-555-421-1435,Civil Servant,3,B+,1,2026-07-03 08:02:18
2877,citizen_2877,citizen_2877@example.com,Sarah Martin,+1-555-766-9382,"695 Smart City Ave, Street 21",South District,CTZ-002877,+1-555-554-3749,Business Owner,5,A-,1,2026-05-17 08:02:18
2878,citizen_2878,citizen_2878@example.com,Mary Martinez,+1-555-925-7380,"781 Smart City Ave, Street 41",North District,CTZ-002878,+1-555-934-6915,Teacher,1,B+,2,2025-12-31 08:02:18
2879,citizen_2879,citizen_2879@example.com,Mary Brown,+1-555-101-1909,"870 Smart City Ave, Street 8",Central Zone,CTZ-002879,+1-555-419-7186,Student,4,AB+,1,2026-03-01 08:02:18
2880,citizen_2880,citizen_2880@example.com,Linda Jones,+1-555-517-9041,"421 Smart City Ave, Street 10",East District,CTZ-002880,+1-555-975-4477,Architect,6,O-,0,2026-07-02 08:02:18
2881,citizen_2881,citizen_2881@example.com,Thomas Brown,+1-555-345-1409,"208 Smart City Ave, Street 36",Industrial Zone,CTZ-002881,+1-555-189-7005,Architect,6,AB+,3,2026-08-25 08:02:18
2882,citizen_2882,citizen_2882@example.com,Joseph Gonzalez,+1-555-518-7976,"806 Smart City Ave, Street 12",West District,CTZ-002882,+1-555-270-7109,Civil Servant,1,O+,1,2026-06-28 08:02:18
2883,citizen_2883,citizen_2883@example.com,William Gonzalez,+1-555-143-1611,"765 Smart City Ave, Street 9",North District,CTZ-002883,+1-555-240-9519,Business Owner,6,A+,2,2026-06-22 08:02:18
2884,citizen_2884,citizen_2884@example.com,Thomas Jones,+1-555-533-5208,"795 Smart City Ave, Street 47",Central Zone,CTZ-002884,+1-555-819-8255,Accountant,5,B-,3,2026-06-19 08:02:18
2885,citizen_2885,citizen_2885@example.com,Patricia Jones,+1-555-576-2095,"81 Smart City Ave, Street 46",West District,CTZ-002885,+1-555-581-7340,Business Owner,1,A-,3,2026-07-23 08:02:18
2886,citizen_2886,citizen_2886@example.com,Karen Martin,+1-555-710-2276,"495 Smart City Ave, Street 49",Central Zone,CTZ-002886,+1-555-356-6628,Technician,3,A+,3,2026-06-18 08:02:18
2887,citizen_2887,citizen_2887@example.com,William Wilson,+1-555-973-2034,"118 Smart City Ave, Street 48",South District,CTZ-002887,+1-555-658-9503,Technician,4,O-,1,2026-04-24 08:02:18
2888,citizen_2888,citizen_2888@example.com,William Davis,+1-555-471-3130,"641 Smart City Ave, Street 31",South District,CTZ-002888,+1-555-633-8706,Manager,2,B-,1,2025-09-10 08:02:18
2889,citizen_2889,citizen_2889@example.com,Michael Wilson,+1-555-718-5606,"657 Smart City Ave, Street 4",West District,CTZ-002889,+1-555-714-2744,Manager,1,AB-,1,2026-08-16 08:02:18
2890,citizen_2890,citizen_2890@example.com,Barbara Rodriguez,+1-555-624-5982,"54 Smart City Ave, Street 47",South District,CTZ-002890,+1-555-765-4933,Doctor,3,B+,0,2025-09-09 08:02:18
2891,citizen_2891,citizen_2891@example.com,Sarah Garcia,+1-555-861-4528,"674 Smart City Ave, Street 37",West District,CTZ-002891,+1-555-692-9712,Civil Servant,1,O-,0,2026-04-30 08:02:18
2892,citizen_2892,citizen_2892@example.com,William Gonzalez,+1-555-402-4266,"510 Smart City Ave, Street 44",North District,CTZ-002892,+1-555-635-9375,Business Owner,2,B+,1,2025-09-28 08:02:18
2893,citizen_2893,citizen_2893@example.com,Joseph Martinez,+1-555-214-6982,"21 Smart City Ave, Street 33",North District,CTZ-002893,+1-555-153-9836,Student,4,AB-,1,2026-06-19 08:02:18
2894,citizen_2894,citizen_2894@example.com,Linda Moore,+1-555-558-2933,"489 Smart City Ave, Street 41",North District,CTZ-002894,+1-555-559-2949,Manager,2,B-,0,2025-12-05 08:02:18
2895,citizen_2895,citizen_2895@example.com,Linda Martin,+1-555-201-5945,"459 Smart City Ave, Street 11",Central Zone,CTZ-002895,+1-555-485-2019,Doctor,1,A+,1,2025-10-09 08:02:18
2896,citizen_2896,citizen_2896@example.com,Barbara Garcia,+1-555-644-6951,"285 Smart City Ave, Street 22",North District,CTZ-002896,+1-555-149-8732,Student,2,A+,1,2026-05-19 08:02:18
2897,citizen_2897,citizen_2897@example.com,Sarah Garcia,+1-555-962-8454,"441 Smart City Ave, Street 29",Industrial Zone,CTZ-002897,+1-555-956-3598,Student,1,O+,2,2025-12-21 08:02:18
2898,citizen_2898,citizen_2898@example.com,Elizabeth Martinez,+1-555-668-9897,"541 Smart City Ave, Street 26",Central Zone,CTZ-002898,+1-555-621-4718,Doctor,2,A-,1,2025-09-25 08:02:18
2899,citizen_2899,citizen_2899@example.com,Charles Hernandez,+1-555-882-7311,"965 Smart City Ave, Street 10",South District,CTZ-002899,+1-555-615-5579,Technician,2,AB-,2,2026-02-08 08:02:18
2900,citizen_2900,citizen_2900@example.com,William Jackson,+1-555-761-9205,"598 Smart City Ave, Street 25",East District,CTZ-002900,+1-555-979-2597,Student,4,B-,2,2025-11-29 08:02:18
2901,citizen_2901,citizen_2901@example.com,Jennifer Rodriguez,+1-555-103-9928,"210 Smart City Ave, Street 39",East District,CTZ-002901,+1-555-757-8478,Business Owner,6,B-,3,2025-09-10 08:02:18
2902,citizen_2902,citizen_2902@example.com,James Lopez,+1-555-958-8656,"319 Smart City Ave, Street 8",South District,CTZ-002902,+1-555-491-3317,Accountant,5,O+,3,2026-04-06 08:02:18
2903,citizen_2903,citizen_2903@example.com,Jennifer Lopez,+1-555-998-3130,"109 Smart City Ave, Street 39",Industrial Zone,CTZ-002903,+1-555-761-6058,Manager,3,AB+,0,2025-11-02 08:02:18
2904,citizen_2904,citizen_2904@example.com,Karen Williams,+1-555-915-2016,"803 Smart City Ave, Street 50",East District,CTZ-002904,+1-555-487-6558,Manager,3,B-,2,2026-06-15 08:02:18
2905,citizen_2905,citizen_2905@example.com,James Taylor,+1-555-603-2854,"221 Smart City Ave, Street 12",North District,CTZ-002905,+1-555-516-5065,Architect,2,A+,3,2026-02-20 08:02:18
2906,citizen_2906,citizen_2906@example.com,Susan Martinez,+1-555-130-7316,"308 Smart City Ave, Street 9",Industrial Zone,CTZ-002906,+1-555-501-8568,Engineer,5,AB-,3,2026-05-16 08:02:18
2907,citizen_2907,citizen_2907@example.com,John Moore,+1-555-354-4579,"406 Smart City Ave, Street 21",West District,CTZ-002907,+1-555-128-5943,Civil Servant,4,O+,0,2025-12-03 08:02:18
2908,citizen_2908,citizen_2908@example.com,Linda Smith,+1-555-993-1663,"68 Smart City Ave, Street 13",Industrial Zone,CTZ-002908,+1-555-511-7132,Civil Servant,3,AB+,3,2026-06-17 08:02:18
2909,citizen_2909,citizen_2909@example.com,Jennifer Rodriguez,+1-555-522-1773,"335 Smart City Ave, Street 29",West District,CTZ-002909,+1-555-645-5986,Technician,5,O+,2,2026-08-04 08:02:18
2910,citizen_2910,citizen_2910@example.com,Patricia Hernandez,+1-555-688-6516,"695 Smart City Ave, Street 41",West District,CTZ-002910,+1-555-292-5966,Business Owner,2,A+,2,2026-05-07 08:02:18
2911,citizen_2911,citizen_2911@example.com,Jennifer Miller,+1-555-609-8188,"995 Smart City Ave, Street 28",West District,CTZ-002911,+1-555-179-8603,Accountant,3,A-,0,2026-04-08 08:02:18
2912,citizen_2912,citizen_2912@example.com,David Martinez,+1-555-111-7698,"293 Smart City Ave, Street 28",East District,CTZ-002912,+1-555-488-9093,Student,6,O-,1,2025-12-28 08:02:18
2913,citizen_2913,citizen_2913@example.com,Patricia Garcia,+1-555-834-2445,"718 Smart City Ave, Street 23",South District,CTZ-002913,+1-555-813-3510,Business Owner,4,AB+,2,2025-09-20 08:02:18
2914,citizen_2914,citizen_2914@example.com,Jennifer Brown,+1-555-299-1185,"273 Smart City Ave, Street 43",Industrial Zone,CTZ-002914,+1-555-583-9875,Doctor,1,O-,0,2026-01-22 08:02:18
2915,citizen_2915,citizen_2915@example.com,Patricia Miller,+1-555-220-3363,"501 Smart City Ave, Street 35",West District,CTZ-002915,+1-555-379-7510,Manager,1,A+,0,2026-08-01 08:02:18
2916,citizen_2916,citizen_2916@example.com,Linda Garcia,+1-555-993-4830,"361 Smart City Ave, Street 46",North District,CTZ-002916,+1-555-218-5926,Business Owner,4,O-,3,2026-06-10 08:02:18
2917,citizen_2917,citizen_2917@example.com,Thomas Davis,+1-555-959-4688,"539 Smart City Ave, Street 3",East District,CTZ-002917,+1-555-463-5892,Architect,5,A-,1,2026-04-21 08:02:18
2918,citizen_2918,citizen_2918@example.com,Elizabeth Thomas,+1-555-601-2747,"234 Smart City Ave, Street 9",South District,CTZ-002918,+1-555-408-5622,Student,4,A+,1,2025-12-15 08:02:18
2919,citizen_2919,citizen_2919@example.com,Linda Rodriguez,+1-555-210-8681,"544 Smart City Ave, Street 32",North District,CTZ-002919,+1-555-287-5234,Architect,6,O-,3,2026-01-28 08:02:18
2920,citizen_2920,citizen_2920@example.com,Robert Smith,+1-555-502-2601,"800 Smart City Ave, Street 9",North District,CTZ-002920,+1-555-629-6988,Business Owner,2,B+,2,2025-11-28 08:02:18
2921,citizen_2921,citizen_2921@example.com,Joseph Lopez,+1-555-440-6058,"609 Smart City Ave, Street 32",South District,CTZ-002921,+1-555-342-8978,Civil Servant,5,AB-,0,2026-05-16 08:02:18
2922,citizen_2922,citizen_2922@example.com,John Rodriguez,+1-555-618-1480,"873 Smart City Ave, Street 11",Central Zone,CTZ-002922,+1-555-155-6023,Manager,1,AB+,1,2026-06-25 08:02:18
2923,citizen_2923,citizen_2923@example.com,Jennifer Jones,+1-555-865-7875,"860 Smart City Ave, Street 25",North District,CTZ-002923,+1-555-474-4439,Engineer,4,A+,1,2026-01-08 08:02:18
2924,citizen_2924,citizen_2924@example.com,Patricia Rodriguez,+1-555-327-6210,"800 Smart City Ave, Street 29",Central Zone,CTZ-002924,+1-555-455-4061,Engineer,3,O+,1,2025-09-14 08:02:18
2925,citizen_2925,citizen_2925@example.com,James Thomas,+1-555-820-2033,"89 Smart City Ave, Street 16",Industrial Zone,CTZ-002925,+1-555-179-3429,Engineer,1,A+,1,2025-09-15 08:02:18
2926,citizen_2926,citizen_2926@example.com,Susan Jackson,+1-555-475-5603,"686 Smart City Ave, Street 34",North District,CTZ-002926,+1-555-297-9664,Doctor,1,B+,1,2026-04-19 08:02:18
2927,citizen_2927,citizen_2927@example.com,Joseph Rodriguez,+1-555-390-9728,"630 Smart City Ave, Street 19",Central Zone,CTZ-002927,+1-555-653-8541,Manager,5,AB+,1,2025-12-07 08:02:18
2928,citizen_2928,citizen_2928@example.com,Jennifer Taylor,+1-555-534-2778,"289 Smart City Ave, Street 31",South District,CTZ-002928,+1-555-540-2346,Teacher,6,A+,1,2026-08-22 08:02:18
2929,citizen_2929,citizen_2929@example.com,Jennifer Jackson,+1-555-611-5090,"279 Smart City Ave, Street 19",South District,CTZ-002929,+1-555-722-1038,Engineer,3,AB+,1,2026-07-15 08:02:18
2930,citizen_2930,citizen_2930@example.com,Richard Thomas,+1-555-166-6978,"990 Smart City Ave, Street 34",Industrial Zone,CTZ-002930,+1-555-553-3799,Technician,6,A+,2,2026-07-30 08:02:18
2931,citizen_2931,citizen_2931@example.com,Karen Smith,+1-555-785-6158,"144 Smart City Ave, Street 38",North District,CTZ-002931,+1-555-554-1681,Accountant,3,B+,2,2025-11-10 08:02:18
2932,citizen_2932,citizen_2932@example.com,Susan Smith,+1-555-931-8595,"394 Smart City Ave, Street 37",West District,CTZ-002932,+1-555-453-9078,Civil Servant,4,B-,3,2025-12-04 08:02:18
2933,citizen_2933,citizen_2933@example.com,John Miller,+1-555-820-1584,"848 Smart City Ave, Street 42",South District,CTZ-002933,+1-555-525-2972,Accountant,4,O+,2,2026-01-26 08:02:18
2934,citizen_2934,citizen_2934@example.com,Linda Anderson,+1-555-329-1334,"648 Smart City Ave, Street 37",North District,CTZ-002934,+1-555-782-4439,Teacher,3,AB+,0,2026-06-20 08:02:18
2935,citizen_2935,citizen_2935@example.com,Jessica Hernandez,+1-555-489-7813,"316 Smart City Ave, Street 13",West District,CTZ-002935,+1-555-466-2252,Teacher,6,A+,2,2026-06-24 08:02:18
2936,citizen_2936,citizen_2936@example.com,Jennifer Taylor,+1-555-514-9667,"436 Smart City Ave, Street 1",Industrial Zone,CTZ-002936,+1-555-977-3680,Architect,4,B-,1,2026-07-05 08:02:18
2937,citizen_2937,citizen_2937@example.com,Elizabeth Hernandez,+1-555-691-4043,"774 Smart City Ave, Street 3",West District,CTZ-002937,+1-555-163-5853,Civil Servant,2,AB-,0,2026-02-12 08:02:18
2938,citizen_2938,citizen_2938@example.com,Thomas Taylor,+1-555-876-5934,"403 Smart City Ave, Street 21",South District,CTZ-002938,+1-555-830-7243,Manager,3,A+,2,2026-06-13 08:02:18
2939,citizen_2939,citizen_2939@example.com,Joseph Martin,+1-555-337-3505,"432 Smart City Ave, Street 21",South District,CTZ-002939,+1-555-914-9941,Teacher,2,AB-,3,2026-07-13 08:02:18
2940,citizen_2940,citizen_2940@example.com,Jennifer Anderson,+1-555-367-9033,"554 Smart City Ave, Street 36",South District,CTZ-002940,+1-555-491-8166,Manager,3,AB+,1,2025-09-19 08:02:18
2941,citizen_2941,citizen_2941@example.com,Barbara Brown,+1-555-124-5627,"538 Smart City Ave, Street 9",South District,CTZ-002941,+1-555-307-1983,Manager,5,A+,1,2025-12-26 08:02:18
2942,citizen_2942,citizen_2942@example.com,Barbara Rodriguez,+1-555-164-3248,"254 Smart City Ave, Street 13",West District,CTZ-002942,+1-555-532-8252,Business Owner,2,A+,1,2026-02-25 08:02:18
2943,citizen_2943,citizen_2943@example.com,Susan Martinez,+1-555-747-3534,"45 Smart City Ave, Street 14",South District,CTZ-002943,+1-555-132-4600,Architect,5,O-,3,2026-04-03 08:02:18
2944,citizen_2944,citizen_2944@example.com,Patricia Smith,+1-555-111-9159,"926 Smart City Ave, Street 20",East District,CTZ-002944,+1-555-815-7875,Civil Servant,6,O+,1,2025-09-16 08:02:18
2945,citizen_2945,citizen_2945@example.com,Susan Wilson,+1-555-506-3584,"319 Smart City Ave, Street 13",East District,CTZ-002945,+1-555-938-2117,Teacher,1,AB-,2,2026-03-27 08:02:18
2946,citizen_2946,citizen_2946@example.com,Charles Moore,+1-555-484-5298,"249 Smart City Ave, Street 25",North District,CTZ-002946,+1-555-729-5859,Accountant,4,A-,2,2026-01-27 08:02:18
2947,citizen_2947,citizen_2947@example.com,Charles Rodriguez,+1-555-741-9261,"885 Smart City Ave, Street 36",Central Zone,CTZ-002947,+1-555-672-6908,Manager,4,A-,3,2026-04-04 08:02:18
2948,citizen_2948,citizen_2948@example.com,Joseph Brown,+1-555-352-2806,"395 Smart City Ave, Street 22",North District,CTZ-002948,+1-555-513-8867,Manager,4,O-,1,2026-01-30 08:02:18
2949,citizen_2949,citizen_2949@example.com,James Smith,+1-555-810-3100,"883 Smart City Ave, Street 27",Central Zone,CTZ-002949,+1-555-123-4317,Civil Servant,5,A+,3,2026-06-09 08:02:18
2950,citizen_2950,citizen_2950@example.com,James Davis,+1-555-791-9047,"674 Smart City Ave, Street 25",North District,CTZ-002950,+1-555-144-1819,Doctor,4,B-,0,2026-02-15 08:02:18
2951,citizen_2951,citizen_2951@example.com,Elizabeth Smith,+1-555-755-1503,"334 Smart City Ave, Street 6",Central Zone,CTZ-002951,+1-555-574-6070,Civil Servant,4,B+,1,2025-12-09 08:02:18
2952,citizen_2952,citizen_2952@example.com,William Williams,+1-555-631-9631,"69 Smart City Ave, Street 39",Industrial Zone,CTZ-002952,+1-555-606-7996,Student,1,O-,2,2025-09-18 08:02:18
2953,citizen_2953,citizen_2953@example.com,James Martinez,+1-555-258-2055,"424 Smart City Ave, Street 16",West District,CTZ-002953,+1-555-885-2709,Business Owner,6,O-,2,2026-01-15 08:02:18
2954,citizen_2954,citizen_2954@example.com,Richard Wilson,+1-555-244-9737,"685 Smart City Ave, Street 37",East District,CTZ-002954,+1-555-614-6922,Student,3,O-,0,2026-05-22 08:02:18
2955,citizen_2955,citizen_2955@example.com,William Miller,+1-555-151-8901,"933 Smart City Ave, Street 41",West District,CTZ-002955,+1-555-480-9938,Civil Servant,6,A-,3,2025-10-26 08:02:18
2956,citizen_2956,citizen_2956@example.com,Richard Thomas,+1-555-521-2206,"957 Smart City Ave, Street 9",Industrial Zone,CTZ-002956,+1-555-840-9357,Teacher,6,B+,3,2026-04-12 08:02:18
2957,citizen_2957,citizen_2957@example.com,Robert Wilson,+1-555-477-5006,"999 Smart City Ave, Street 7",Central Zone,CTZ-002957,+1-555-198-3914,Teacher,4,B-,3,2026-08-29 08:02:18
2958,citizen_2958,citizen_2958@example.com,Jennifer Wilson,+1-555-229-4962,"223 Smart City Ave, Street 26",East District,CTZ-002958,+1-555-246-3342,Architect,6,B+,1,2026-02-26 08:02:18
2959,citizen_2959,citizen_2959@example.com,Michael Anderson,+1-555-816-8381,"540 Smart City Ave, Street 25",Central Zone,CTZ-002959,+1-555-475-5219,Accountant,3,A+,1,2026-02-09 08:02:18
2960,citizen_2960,citizen_2960@example.com,Thomas Garcia,+1-555-327-4642,"806 Smart City Ave, Street 28",North District,CTZ-002960,+1-555-855-9518,Doctor,1,O-,1,2026-04-21 08:02:18
2961,citizen_2961,citizen_2961@example.com,Michael Moore,+1-555-681-3427,"977 Smart City Ave, Street 25",West District,CTZ-002961,+1-555-769-9036,Student,1,O-,1,2026-01-16 08:02:18
2962,citizen_2962,citizen_2962@example.com,Barbara Hernandez,+1-555-789-5298,"319 Smart City Ave, Street 38",Central Zone,CTZ-002962,+1-555-187-6390,Architect,2,A-,1,2025-10-06 08:02:18
2963,citizen_2963,citizen_2963@example.com,James Smith,+1-555-802-6628,"707 Smart City Ave, Street 5",West District,CTZ-002963,+1-555-916-7622,Civil Servant,5,AB-,1,2025-10-13 08:02:18
2964,citizen_2964,citizen_2964@example.com,Elizabeth Jones,+1-555-820-9985,"540 Smart City Ave, Street 26",Central Zone,CTZ-002964,+1-555-514-8709,Business Owner,1,O+,2,2026-06-14 08:02:18
2965,citizen_2965,citizen_2965@example.com,Patricia Garcia,+1-555-787-4178,"164 Smart City Ave, Street 18",South District,CTZ-002965,+1-555-572-5833,Teacher,3,A-,1,2025-12-24 08:02:18
2966,citizen_2966,citizen_2966@example.com,James Moore,+1-555-931-1239,"580 Smart City Ave, Street 22",East District,CTZ-002966,+1-555-881-2589,Business Owner,5,A-,0,2026-08-11 08:02:18
2967,citizen_2967,citizen_2967@example.com,David Wilson,+1-555-328-6734,"332 Smart City Ave, Street 34",South District,CTZ-002967,+1-555-839-1560,Architect,6,A-,1,2026-04-11 08:02:18
2968,citizen_2968,citizen_2968@example.com,Patricia Martin,+1-555-997-3352,"767 Smart City Ave, Street 46",Central Zone,CTZ-002968,+1-555-133-5954,Civil Servant,6,O-,1,2026-02-10 08:02:18
2969,citizen_2969,citizen_2969@example.com,William Smith,+1-555-233-6843,"882 Smart City Ave, Street 35",South District,CTZ-002969,+1-555-511-4921,Teacher,4,O-,1,2025-11-01 08:02:18
2970,citizen_2970,citizen_2970@example.com,Joseph Wilson,+1-555-204-1935,"98 Smart City Ave, Street 37",North District,CTZ-002970,+1-555-229-1561,Engineer,3,B+,2,2026-06-06 08:02:18
2971,citizen_2971,citizen_2971@example.com,David Martinez,+1-555-825-9321,"825 Smart City Ave, Street 18",North District,CTZ-002971,+1-555-727-3902,Doctor,3,AB-,2,2026-02-13 08:02:18
2972,citizen_2972,citizen_2972@example.com,John Lopez,+1-555-108-6994,"593 Smart City Ave, Street 40",East District,CTZ-002972,+1-555-868-9445,Teacher,4,AB-,2,2025-09-17 08:02:18
2973,citizen_2973,citizen_2973@example.com,Patricia Smith,+1-555-375-7692,"469 Smart City Ave, Street 31",Industrial Zone,CTZ-002973,+1-555-317-9170,Student,6,O-,1,2025-10-19 08:02:18
2974,citizen_2974,citizen_2974@example.com,John Martin,+1-555-670-7027,"707 Smart City Ave, Street 42",Central Zone,CTZ-002974,+1-555-854-3464,Manager,3,B+,1,2026-03-15 08:02:18
2975,citizen_2975,citizen_2975@example.com,Jessica Thomas,+1-555-136-2655,"668 Smart City Ave, Street 49",Central Zone,CTZ-002975,+1-555-771-9283,Technician,1,A-,2,2025-10-07 08:02:18
2976,citizen_2976,citizen_2976@example.com,Elizabeth Garcia,+1-555-710-9141,"686 Smart City Ave, Street 6",North District,CTZ-002976,+1-555-310-5150,Doctor,3,O+,2,2025-11-13 08:02:18
2977,citizen_2977,citizen_2977@example.com,Patricia Jackson,+1-555-969-6594,"587 Smart City Ave, Street 10",Industrial Zone,CTZ-002977,+1-555-907-3489,Accountant,6,AB-,1,2026-06-20 08:02:18
2978,citizen_2978,citizen_2978@example.com,James Garcia,+1-555-983-2933,"457 Smart City Ave, Street 27",West District,CTZ-002978,+1-555-252-3267,Student,5,B+,3,2026-07-04 08:02:18
2979,citizen_2979,citizen_2979@example.com,Richard Jackson,+1-555-297-5736,"733 Smart City Ave, Street 21",North District,CTZ-002979,+1-555-335-9656,Student,3,A+,1,2026-01-30 08:02:18
2980,citizen_2980,citizen_2980@example.com,Charles Wilson,+1-555-901-9094,"421 Smart City Ave, Street 8",Central Zone,CTZ-002980,+1-555-334-8603,Technician,5,A+,3,2025-10-28 08:02:18
2981,citizen_2981,citizen_2981@example.com,Richard Smith,+1-555-363-6230,"908 Smart City Ave, Street 48",East District,CTZ-002981,+1-555-759-6410,Manager,1,O-,0,2025-10-06 08:02:18
2982,citizen_2982,citizen_2982@example.com,Charles Lopez,+1-555-828-4983,"15 Smart City Ave, Street 27",North District,CTZ-002982,+1-555-484-5391,Architect,1,AB-,1,2026-04-04 08:02:18
2983,citizen_2983,citizen_2983@example.com,Barbara Lopez,+1-555-572-8726,"83 Smart City Ave, Street 32",North District,CTZ-002983,+1-555-363-9647,Architect,5,AB+,3,2025-09-11 08:02:18
2984,citizen_2984,citizen_2984@example.com,Thomas Brown,+1-555-750-9716,"447 Smart City Ave, Street 8",East District,CTZ-002984,+1-555-133-5598,Architect,4,O+,1,2025-10-04 08:02:18
2985,citizen_2985,citizen_2985@example.com,Thomas Davis,+1-555-156-1575,"304 Smart City Ave, Street 18",North District,CTZ-002985,+1-555-467-7218,Business Owner,2,O+,3,2026-03-03 08:02:18
2986,citizen_2986,citizen_2986@example.com,Patricia Smith,+1-555-817-8212,"845 Smart City Ave, Street 5",North District,CTZ-002986,+1-555-855-1114,Engineer,1,AB+,1,2026-03-18 08:02:18
2987,citizen_2987,citizen_2987@example.com,Susan Hernandez,+1-555-265-9115,"576 Smart City Ave, Street 30",Central Zone,CTZ-002987,+1-555-120-1730,Doctor,4,O-,3,2025-11-26 08:02:18
2988,citizen_2988,citizen_2988@example.com,Charles Moore,+1-555-904-7339,"322 Smart City Ave, Street 48",South District,CTZ-002988,+1-555-885-9737,Civil Servant,5,O+,1,2025-12-03 08:02:18
2989,citizen_2989,citizen_2989@example.com,Richard Martin,+1-555-103-1630,"893 Smart City Ave, Street 7",West District,CTZ-002989,+1-555-485-1733,Manager,5,B+,3,2026-08-12 08:02:18
2990,citizen_2990,citizen_2990@example.com,Michael Anderson,+1-555-938-7974,"587 Smart City Ave, Street 24",West District,CTZ-002990,+1-555-219-9533,Manager,3,AB+,3,2026-07-08 08:02:18
2991,citizen_2991,citizen_2991@example.com,Patricia Martin,+1-555-713-7945,"144 Smart City Ave, Street 46",South District,CTZ-002991,+1-555-747-4519,Teacher,1,AB-,1,2026-03-19 08:02:18
2992,citizen_2992,citizen_2992@example.com,Charles Thomas,+1-555-920-3273,"334 Smart City Ave, Street 31",East District,CTZ-002992,+1-555-806-5419,Teacher,2,A+,3,2026-07-10 08:02:18
2993,citizen_2993,citizen_2993@example.com,James Hernandez,+1-555-979-6770,"843 Smart City Ave, Street 46",North District,CTZ-002993,+1-555-186-5146,Doctor,3,O-,2,2026-06-24 08:02:18
2994,citizen_2994,citizen_2994@example.com,David Davis,+1-555-923-6631,"141 Smart City Ave, Street 10",South District,CTZ-002994,+1-555-598-6429,Teacher,3,B-,1,2026-02-24 08:02:18
2995,citizen_2995,citizen_2995@example.com,Joseph Brown,+1-555-926-4053,"929 Smart City Ave, Street 26",Central Zone,CTZ-002995,+1-555-829-4193,Business Owner,3,A+,0,2025-09-11 08:02:18
2996,citizen_2996,citizen_2996@example.com,William Brown,+1-555-929-4324,"846 Smart City Ave, Street 10",Industrial Zone,CTZ-002996,+1-555-922-7453,Civil Servant,4,A-,0,2026-02-17 08:02:18
2997,citizen_2997,citizen_2997@example.com,Jessica Jones,+1-555-169-1044,"683 Smart City Ave, Street 25",East District,CTZ-002997,+1-555-807-4227,Civil Servant,1,B-,3,2025-09-26 08:02:18
2998,citizen_2998,citizen_2998@example.com,Thomas Smith,+1-555-261-1230,"427 Smart City Ave, Street 30",North District,CTZ-002998,+1-555-227-9581,Technician,3,O-,1,2025-11-07 08:02:18
2999,citizen_2999,citizen_2999@example.com,Michael Smith,+1-555-479-4688,"628 Smart City Ave, Street 40",West District,CTZ-002999,+1-555-275-8631,Manager,6,A-,0,2025-10-28 08:02:18
3000,citizen_3000,citizen_3000@example.com,Karen Miller,+1-555-162-7673,"99 Smart City Ave, Street 26",West District,CTZ-003000,+1-555-268-3423,Accountant,3,B+,2,2026-05-04 08:02:18
3001,citizen_3001,citizen_3001@example.com,Patricia Hernandez,+1-555-729-9721,"854 Smart City Ave, Street 33",East District,CTZ-003001,+1-555-991-5295,Engineer,1,B-,2,2026-03-12 08:02:18
3002,citizen_3002,citizen_3002@example.com,Barbara Gonzalez,+1-555-480-2894,"36 Smart City Ave, Street 34",East District,CTZ-003002,+1-555-511-5480,Student,4,AB+,1,2026-04-04 08:02:18
3003,citizen_3003,citizen_3003@example.com,Patricia Martinez,+1-555-998-5857,"506 Smart City Ave, Street 33",South District,CTZ-003003,+1-555-324-3331,Technician,1,A+,2,2026-06-24 08:02:18
3004,citizen_3004,citizen_3004@example.com,Thomas Jackson,+1-555-528-6383,"308 Smart City Ave, Street 47",North District,CTZ-003004,+1-555-474-3456,Engineer,5,O+,3,2025-09-13 08:02:18
3005,citizen_3005,citizen_3005@example.com,William Martinez,+1-555-148-3074,"549 Smart City Ave, Street 50",West District,CTZ-003005,+1-555-231-7015,Business Owner,5,O-,1,2026-06-22 08:02:18
3006,citizen_3006,citizen_3006@example.com,Charles Williams,+1-555-786-9091,"541 Smart City Ave, Street 16",Central Zone,CTZ-003006,+1-555-193-8909,Student,5,O+,2,2025-10-14 08:02:18
3007,citizen_3007,citizen_3007@example.com,James Jackson,+1-555-509-9429,"421 Smart City Ave, Street 8",South District,CTZ-003007,+1-555-597-5258,Manager,1,AB+,1,2025-10-02 08:02:18
3008,citizen_3008,citizen_3008@example.com,Elizabeth Miller,+1-555-212-9462,"397 Smart City Ave, Street 40",North District,CTZ-003008,+1-555-187-2069,Civil Servant,1,A+,1,2026-02-18 08:02:18
3009,citizen_3009,citizen_3009@example.com,Linda Anderson,+1-555-713-1477,"694 Smart City Ave, Street 8",North District,CTZ-003009,+1-555-792-8407,Manager,4,O-,2,2026-06-13 08:02:18
3010,citizen_3010,citizen_3010@example.com,Joseph Garcia,+1-555-591-7672,"930 Smart City Ave, Street 39",Industrial Zone,CTZ-003010,+1-555-906-6995,Teacher,2,B-,1,2026-02-13 08:02:18
3011,citizen_3011,citizen_3011@example.com,Michael Johnson,+1-555-877-6226,"995 Smart City Ave, Street 15",Central Zone,CTZ-003011,+1-555-887-9004,Accountant,5,O+,1,2026-04-01 08:02:18
3012,citizen_3012,citizen_3012@example.com,Karen Taylor,+1-555-524-1391,"822 Smart City Ave, Street 23",North District,CTZ-003012,+1-555-263-9737,Technician,6,B-,1,2026-08-27 08:02:18
3013,citizen_3013,citizen_3013@example.com,Charles Lopez,+1-555-264-9073,"15 Smart City Ave, Street 1",Industrial Zone,CTZ-003013,+1-555-375-4942,Manager,4,B-,0,2026-01-28 08:02:18
3014,citizen_3014,citizen_3014@example.com,Susan Brown,+1-555-504-8033,"192 Smart City Ave, Street 36",East District,CTZ-003014,+1-555-792-8791,Technician,5,AB-,3,2026-03-28 08:02:18
3015,citizen_3015,citizen_3015@example.com,James Hernandez,+1-555-596-8551,"737 Smart City Ave, Street 38",North District,CTZ-003015,+1-555-263-9180,Doctor,4,A+,0,2025-11-04 08:02:18
3016,citizen_3016,citizen_3016@example.com,Charles Miller,+1-555-468-4433,"184 Smart City Ave, Street 13",North District,CTZ-003016,+1-555-945-7954,Manager,1,A+,0,2025-10-15 08:02:18
3017,citizen_3017,citizen_3017@example.com,James Wilson,+1-555-860-6838,"965 Smart City Ave, Street 18",South District,CTZ-003017,+1-555-364-7004,Manager,1,O-,2,2026-03-05 08:02:18
3018,citizen_3018,citizen_3018@example.com,Sarah Johnson,+1-555-801-4775,"396 Smart City Ave, Street 16",Central Zone,CTZ-003018,+1-555-681-1582,Business Owner,6,O-,1,2026-07-30 08:02:18
3019,citizen_3019,citizen_3019@example.com,John Taylor,+1-555-859-2036,"731 Smart City Ave, Street 29",West District,CTZ-003019,+1-555-547-8845,Doctor,5,A-,2,2026-01-20 08:02:18
3020,citizen_3020,citizen_3020@example.com,Joseph Wilson,+1-555-646-4000,"795 Smart City Ave, Street 13",South District,CTZ-003020,+1-555-899-3716,Accountant,2,AB+,2,2026-02-24 08:02:18
3021,citizen_3021,citizen_3021@example.com,Elizabeth Rodriguez,+1-555-101-4712,"110 Smart City Ave, Street 2",Industrial Zone,CTZ-003021,+1-555-498-4383,Civil Servant,6,O-,2,2026-01-02 08:02:18
3022,citizen_3022,citizen_3022@example.com,David Lopez,+1-555-842-1052,"412 Smart City Ave, Street 46",West District,CTZ-003022,+1-555-972-5259,Architect,2,O-,0,2026-08-24 08:02:18
3023,citizen_3023,citizen_3023@example.com,Jessica Moore,+1-555-744-1408,"818 Smart City Ave, Street 5",Industrial Zone,CTZ-003023,+1-555-283-7944,Civil Servant,5,B+,3,2025-09-29 08:02:18
3024,citizen_3024,citizen_3024@example.com,Jessica Rodriguez,+1-555-692-6811,"903 Smart City Ave, Street 18",Central Zone,CTZ-003024,+1-555-475-5862,Engineer,2,AB+,1,2026-07-26 08:02:18
3025,citizen_3025,citizen_3025@example.com,Jessica Brown,+1-555-152-5210,"473 Smart City Ave, Street 22",East District,CTZ-003025,+1-555-503-7094,Accountant,2,B+,1,2026-08-18 08:02:18
3026,citizen_3026,citizen_3026@example.com,Charles Miller,+1-555-404-8239,"358 Smart City Ave, Street 28",Central Zone,CTZ-003026,+1-555-124-9324,Engineer,5,A-,3,2026-07-18 08:02:18
3027,citizen_3027,citizen_3027@example.com,Sarah Thomas,+1-555-313-5281,"165 Smart City Ave, Street 49",Central Zone,CTZ-003027,+1-555-570-8501,Engineer,2,A+,0,2025-12-04 08:02:18
3028,citizen_3028,citizen_3028@example.com,Charles Hernandez,+1-555-871-9272,"799 Smart City Ave, Street 11",East District,CTZ-003028,+1-555-622-5456,Manager,2,AB+,3,2026-02-20 08:02:18
3029,citizen_3029,citizen_3029@example.com,Joseph Thomas,+1-555-948-6643,"648 Smart City Ave, Street 40",West District,CTZ-003029,+1-555-206-1123,Business Owner,6,O+,3,2026-06-14 08:02:18
3030,citizen_3030,citizen_3030@example.com,Thomas Rodriguez,+1-555-978-1409,"29 Smart City Ave, Street 16",South District,CTZ-003030,+1-555-864-1177,Business Owner,1,A-,1,2025-12-31 08:02:18
3031,citizen_3031,citizen_3031@example.com,Susan Wilson,+1-555-583-6572,"196 Smart City Ave, Street 48",South District,CTZ-003031,+1-555-984-8180,Teacher,4,A+,2,2026-01-18 08:02:18
3032,citizen_3032,citizen_3032@example.com,Jessica Miller,+1-555-329-3261,"310 Smart City Ave, Street 21",South District,CTZ-003032,+1-555-266-7946,Civil Servant,4,A-,0,2026-01-24 08:02:18
3033,citizen_3033,citizen_3033@example.com,Patricia Brown,+1-555-221-1536,"558 Smart City Ave, Street 11",Central Zone,CTZ-003033,+1-555-848-9357,Manager,4,B+,1,2026-04-26 08:02:18
3034,citizen_3034,citizen_3034@example.com,Michael Martinez,+1-555-539-7395,"511 Smart City Ave, Street 34",Central Zone,CTZ-003034,+1-555-619-8590,Accountant,6,O-,1,2026-08-13 08:02:18
3035,citizen_3035,citizen_3035@example.com,Thomas Anderson,+1-555-261-4951,"798 Smart City Ave, Street 23",North District,CTZ-003035,+1-555-177-9012,Doctor,6,A+,1,2025-10-05 08:02:18
3036,citizen_3036,citizen_3036@example.com,Linda Lopez,+1-555-787-7106,"252 Smart City Ave, Street 3",Central Zone,CTZ-003036,+1-555-764-7357,Accountant,5,B-,3,2026-03-06 08:02:18
3037,citizen_3037,citizen_3037@example.com,Robert Thomas,+1-555-908-2762,"767 Smart City Ave, Street 45",Central Zone,CTZ-003037,+1-555-780-5712,Doctor,3,B-,0,2026-02-28 08:02:18
3038,citizen_3038,citizen_3038@example.com,Barbara Martinez,+1-555-114-6315,"763 Smart City Ave, Street 36",Central Zone,CTZ-003038,+1-555-162-2576,Civil Servant,2,A-,1,2025-12-21 08:02:18
3039,citizen_3039,citizen_3039@example.com,Richard Rodriguez,+1-555-723-4778,"774 Smart City Ave, Street 2",West District,CTZ-003039,+1-555-149-7605,Business Owner,5,O-,3,2026-08-23 08:02:18
3040,citizen_3040,citizen_3040@example.com,Linda Jackson,+1-555-842-9439,"650 Smart City Ave, Street 2",West District,CTZ-003040,+1-555-575-7758,Business Owner,5,AB-,1,2026-05-31 08:02:18
3041,citizen_3041,citizen_3041@example.com,Patricia Smith,+1-555-959-4920,"488 Smart City Ave, Street 21",West District,CTZ-003041,+1-555-227-7154,Business Owner,4,A-,1,2026-01-14 08:02:18
3042,citizen_3042,citizen_3042@example.com,Linda Martinez,+1-555-868-1097,"521 Smart City Ave, Street 42",Central Zone,CTZ-003042,+1-555-258-8782,Manager,4,AB+,1,2025-11-16 08:02:18
3043,citizen_3043,citizen_3043@example.com,Jennifer Jackson,+1-555-783-4242,"370 Smart City Ave, Street 17",Central Zone,CTZ-003043,+1-555-228-4056,Teacher,1,A-,3,2025-11-19 08:02:18
3044,citizen_3044,citizen_3044@example.com,Charles Anderson,+1-555-454-8498,"255 Smart City Ave, Street 37",West District,CTZ-003044,+1-555-937-2108,Teacher,4,O-,0,2026-06-04 08:02:18
3045,citizen_3045,citizen_3045@example.com,David Thomas,+1-555-821-9223,"665 Smart City Ave, Street 21",North District,CTZ-003045,+1-555-504-9941,Doctor,6,A+,2,2026-02-20 08:02:18
3046,citizen_3046,citizen_3046@example.com,Jessica Garcia,+1-555-187-5913,"781 Smart City Ave, Street 18",South District,CTZ-003046,+1-555-421-9687,Teacher,5,O+,1,2025-09-12 08:02:18
3047,citizen_3047,citizen_3047@example.com,Linda Lopez,+1-555-583-6805,"881 Smart City Ave, Street 46",South District,CTZ-003047,+1-555-414-3522,Business Owner,5,B-,1,2026-01-27 08:02:18
3048,citizen_3048,citizen_3048@example.com,Jessica Smith,+1-555-968-7931,"321 Smart City Ave, Street 20",Industrial Zone,CTZ-003048,+1-555-556-8459,Accountant,1,O+,2,2026-08-25 08:02:18
3049,citizen_3049,citizen_3049@example.com,David Lopez,+1-555-627-5208,"592 Smart City Ave, Street 19",East District,CTZ-003049,+1-555-769-1310,Architect,5,A-,3,2025-12-13 08:02:18
3050,citizen_3050,citizen_3050@example.com,Sarah Miller,+1-555-899-7075,"701 Smart City Ave, Street 5",Central Zone,CTZ-003050,+1-555-706-7968,Technician,6,AB-,1,2026-02-23 08:02:18
3051,citizen_3051,citizen_3051@example.com,Joseph Williams,+1-555-967-1656,"134 Smart City Ave, Street 45",North District,CTZ-003051,+1-555-866-7379,Civil Servant,6,A+,2,2026-05-06 08:02:18
3052,citizen_3052,citizen_3052@example.com,Richard Taylor,+1-555-228-9536,"669 Smart City Ave, Street 50",Central Zone,CTZ-003052,+1-555-679-2542,Business Owner,6,O-,1,2026-04-09 08:02:18
3053,citizen_3053,citizen_3053@example.com,Linda Smith,+1-555-335-9210,"999 Smart City Ave, Street 18",South District,CTZ-003053,+1-555-983-6037,Civil Servant,2,AB+,1,2026-01-01 08:02:18
3054,citizen_3054,citizen_3054@example.com,Robert Gonzalez,+1-555-636-5288,"65 Smart City Ave, Street 34",East District,CTZ-003054,+1-555-151-7754,Civil Servant,3,O-,1,2026-01-28 08:02:18
3055,citizen_3055,citizen_3055@example.com,Robert Jackson,+1-555-275-1695,"644 Smart City Ave, Street 19",Central Zone,CTZ-003055,+1-555-143-3176,Teacher,3,B-,3,2026-08-02 08:02:18
3056,citizen_3056,citizen_3056@example.com,John Lopez,+1-555-620-3338,"898 Smart City Ave, Street 43",South District,CTZ-003056,+1-555-495-4231,Student,4,B+,0,2026-05-24 08:02:18
3057,citizen_3057,citizen_3057@example.com,Richard Thomas,+1-555-956-2116,"576 Smart City Ave, Street 30",East District,CTZ-003057,+1-555-814-5446,Engineer,2,B+,0,2026-02-04 08:02:18
3058,citizen_3058,citizen_3058@example.com,John Hernandez,+1-555-268-2348,"571 Smart City Ave, Street 44",North District,CTZ-003058,+1-555-322-6736,Teacher,4,O-,1,2025-11-03 08:02:18
3059,citizen_3059,citizen_3059@example.com,Thomas Garcia,+1-555-138-6218,"775 Smart City Ave, Street 25",Central Zone,CTZ-003059,+1-555-591-4940,Architect,5,AB-,3,2025-09-29 08:02:18
3060,citizen_3060,citizen_3060@example.com,Patricia Smith,+1-555-902-8112,"40 Smart City Ave, Street 30",North District,CTZ-003060,+1-555-481-1863,Technician,5,O+,1,2025-10-24 08:02:18
3061,citizen_3061,citizen_3061@example.com,David Thomas,+1-555-444-9210,"141 Smart City Ave, Street 45",East District,CTZ-003061,+1-555-387-7285,Business Owner,2,O+,1,2026-02-26 08:02:18
3062,citizen_3062,citizen_3062@example.com,Michael Hernandez,+1-555-223-4561,"204 Smart City Ave, Street 6",West District,CTZ-003062,+1-555-631-4414,Technician,5,B+,1,2025-10-21 08:02:18
3063,citizen_3063,citizen_3063@example.com,Susan Jones,+1-555-441-2057,"160 Smart City Ave, Street 50",West District,CTZ-003063,+1-555-113-8456,Business Owner,1,B+,3,2026-01-25 08:02:18
3064,citizen_3064,citizen_3064@example.com,Richard Miller,+1-555-355-2013,"348 Smart City Ave, Street 28",East District,CTZ-003064,+1-555-107-2105,Accountant,4,O+,1,2026-07-28 08:02:18
3065,citizen_3065,citizen_3065@example.com,James Martinez,+1-555-786-6605,"517 Smart City Ave, Street 45",West District,CTZ-003065,+1-555-763-1238,Manager,6,A+,1,2026-07-20 08:02:18
3066,citizen_3066,citizen_3066@example.com,Elizabeth Gonzalez,+1-555-422-9807,"988 Smart City Ave, Street 50",West District,CTZ-003066,+1-555-965-4323,Manager,4,B-,0,2026-05-23 08:02:18
3067,citizen_3067,citizen_3067@example.com,Joseph Hernandez,+1-555-902-1355,"927 Smart City Ave, Street 45",Central Zone,CTZ-003067,+1-555-337-4915,Doctor,3,AB+,3,2025-12-13 08:02:18
3068,citizen_3068,citizen_3068@example.com,William Lopez,+1-555-675-4098,"137 Smart City Ave, Street 42",Industrial Zone,CTZ-003068,+1-555-534-7014,Business Owner,6,O-,1,2026-01-29 08:02:18
3069,citizen_3069,citizen_3069@example.com,Thomas Miller,+1-555-187-2630,"542 Smart City Ave, Street 25",West District,CTZ-003069,+1-555-802-6935,Civil Servant,2,A-,3,2026-02-01 08:02:18
3070,citizen_3070,citizen_3070@example.com,Charles Johnson,+1-555-340-3182,"608 Smart City Ave, Street 16",West District,CTZ-003070,+1-555-439-3751,Manager,5,A+,1,2025-11-17 08:02:18
3071,citizen_3071,citizen_3071@example.com,Jennifer Martin,+1-555-474-9960,"266 Smart City Ave, Street 36",East District,CTZ-003071,+1-555-960-5231,Doctor,2,O+,0,2025-12-01 08:02:18
3072,citizen_3072,citizen_3072@example.com,Joseph Jones,+1-555-749-8603,"782 Smart City Ave, Street 50",Central Zone,CTZ-003072,+1-555-155-2574,Civil Servant,1,B-,1,2026-08-17 08:02:18
3073,citizen_3073,citizen_3073@example.com,Robert Taylor,+1-555-185-2693,"703 Smart City Ave, Street 15",West District,CTZ-003073,+1-555-317-1242,Accountant,2,AB+,3,2026-01-18 08:02:18
3074,citizen_3074,citizen_3074@example.com,Joseph Davis,+1-555-834-9425,"96 Smart City Ave, Street 8",South District,CTZ-003074,+1-555-360-4787,Business Owner,4,O-,1,2026-03-19 08:02:18
3075,citizen_3075,citizen_3075@example.com,Karen Davis,+1-555-596-5550,"956 Smart City Ave, Street 16",Industrial Zone,CTZ-003075,+1-555-774-2442,Accountant,5,B+,3,2026-05-18 08:02:18
3076,citizen_3076,citizen_3076@example.com,Charles Davis,+1-555-270-5212,"525 Smart City Ave, Street 31",North District,CTZ-003076,+1-555-254-6500,Engineer,6,O+,2,2026-02-17 08:02:18
3077,citizen_3077,citizen_3077@example.com,David Williams,+1-555-511-6812,"202 Smart City Ave, Street 11",West District,CTZ-003077,+1-555-687-3974,Business Owner,2,B-,1,2026-01-27 08:02:18
3078,citizen_3078,citizen_3078@example.com,David Smith,+1-555-566-9943,"40 Smart City Ave, Street 35",West District,CTZ-003078,+1-555-379-5331,Technician,3,A+,1,2026-06-06 08:02:18
3079,citizen_3079,citizen_3079@example.com,Mary Taylor,+1-555-450-1402,"628 Smart City Ave, Street 19",South District,CTZ-003079,+1-555-864-1149,Technician,6,AB-,1,2026-01-27 08:02:18
3080,citizen_3080,citizen_3080@example.com,Jessica Hernandez,+1-555-284-8838,"455 Smart City Ave, Street 32",West District,CTZ-003080,+1-555-241-3997,Doctor,5,B-,3,2026-04-17 08:02:18
3081,citizen_3081,citizen_3081@example.com,Jennifer Wilson,+1-555-663-5428,"645 Smart City Ave, Street 43",West District,CTZ-003081,+1-555-372-3802,Manager,3,B+,2,2026-09-01 08:02:18
3082,citizen_3082,citizen_3082@example.com,Karen Garcia,+1-555-479-4040,"957 Smart City Ave, Street 4",North District,CTZ-003082,+1-555-400-3592,Business Owner,3,O+,1,2026-02-22 08:02:18
3083,citizen_3083,citizen_3083@example.com,Joseph Hernandez,+1-555-735-7696,"294 Smart City Ave, Street 13",South District,CTZ-003083,+1-555-155-4369,Architect,3,B+,2,2026-02-04 08:02:18
3084,citizen_3084,citizen_3084@example.com,Mary Garcia,+1-555-874-3108,"222 Smart City Ave, Street 15",West District,CTZ-003084,+1-555-889-1241,Accountant,2,B-,2,2026-07-13 08:02:18
3085,citizen_3085,citizen_3085@example.com,John Garcia,+1-555-218-4397,"633 Smart City Ave, Street 2",North District,CTZ-003085,+1-555-518-3997,Engineer,6,AB-,1,2025-11-29 08:02:18
3086,citizen_3086,citizen_3086@example.com,Joseph Moore,+1-555-348-2894,"592 Smart City Ave, Street 48",West District,CTZ-003086,+1-555-551-7695,Business Owner,5,O+,3,2026-01-20 08:02:18
3087,citizen_3087,citizen_3087@example.com,Jessica Hernandez,+1-555-208-1220,"752 Smart City Ave, Street 12",South District,CTZ-003087,+1-555-347-2878,Student,4,A+,1,2026-02-21 08:02:18
3088,citizen_3088,citizen_3088@example.com,Michael Rodriguez,+1-555-322-2026,"452 Smart City Ave, Street 1",South District,CTZ-003088,+1-555-489-9286,Manager,6,A+,1,2026-07-08 08:02:18
3089,citizen_3089,citizen_3089@example.com,Joseph Garcia,+1-555-381-4797,"280 Smart City Ave, Street 31",West District,CTZ-003089,+1-555-270-4924,Accountant,5,A+,3,2026-05-29 08:02:18
3090,citizen_3090,citizen_3090@example.com,Elizabeth Anderson,+1-555-472-3653,"313 Smart City Ave, Street 42",East District,CTZ-003090,+1-555-482-5253,Architect,3,O-,0,2026-08-27 08:02:18
3091,citizen_3091,citizen_3091@example.com,Michael Miller,+1-555-472-3992,"608 Smart City Ave, Street 37",Industrial Zone,CTZ-003091,+1-555-434-4096,Doctor,1,B-,1,2026-08-22 08:02:18
3092,citizen_3092,citizen_3092@example.com,Robert Wilson,+1-555-309-2701,"526 Smart City Ave, Street 14",South District,CTZ-003092,+1-555-467-5588,Accountant,4,O+,1,2026-06-19 08:02:18
3093,citizen_3093,citizen_3093@example.com,Charles Wilson,+1-555-246-8715,"176 Smart City Ave, Street 50",West District,CTZ-003093,+1-555-631-7219,Architect,6,O+,1,2026-08-22 08:02:18
3094,citizen_3094,citizen_3094@example.com,Barbara Williams,+1-555-758-1605,"986 Smart City Ave, Street 23",North District,CTZ-003094,+1-555-463-8893,Doctor,4,A+,1,2026-07-17 08:02:18
3095,citizen_3095,citizen_3095@example.com,Patricia Lopez,+1-555-126-8428,"560 Smart City Ave, Street 23",West District,CTZ-003095,+1-555-715-3403,Doctor,5,A-,1,2025-12-14 08:02:18
3096,citizen_3096,citizen_3096@example.com,Linda Rodriguez,+1-555-404-9331,"293 Smart City Ave, Street 9",East District,CTZ-003096,+1-555-208-1767,Teacher,4,O+,1,2025-12-21 08:02:18
3097,citizen_3097,citizen_3097@example.com,Mary Moore,+1-555-357-4475,"480 Smart City Ave, Street 15",South District,CTZ-003097,+1-555-152-4039,Technician,1,B-,3,2025-12-29 08:02:18
3098,citizen_3098,citizen_3098@example.com,Sarah Davis,+1-555-922-9529,"658 Smart City Ave, Street 41",South District,CTZ-003098,+1-555-292-9439,Teacher,1,AB+,1,2026-05-19 08:02:18
3099,citizen_3099,citizen_3099@example.com,Jessica Miller,+1-555-266-8447,"868 Smart City Ave, Street 18",North District,CTZ-003099,+1-555-433-2539,Business Owner,1,B-,1,2025-11-11 08:02:18
3100,citizen_3100,citizen_3100@example.com,Mary Hernandez,+1-555-813-3046,"760 Smart City Ave, Street 6",South District,CTZ-003100,+1-555-251-7598,Architect,6,A-,1,2026-01-24 08:02:18
3101,citizen_3101,citizen_3101@example.com,Linda Taylor,+1-555-682-4504,"902 Smart City Ave, Street 6",East District,CTZ-003101,+1-555-652-9895,Student,5,A-,0,2025-11-23 08:02:18
3102,citizen_3102,citizen_3102@example.com,Jennifer Smith,+1-555-847-1069,"189 Smart City Ave, Street 32",Industrial Zone,CTZ-003102,+1-555-403-8106,Student,2,AB+,1,2026-08-31 08:02:18
3103,citizen_3103,citizen_3103@example.com,Joseph Jones,+1-555-493-3382,"921 Smart City Ave, Street 19",Industrial Zone,CTZ-003103,+1-555-952-6947,Doctor,1,B-,2,2025-10-15 08:02:18
3104,citizen_3104,citizen_3104@example.com,William Johnson,+1-555-390-9802,"961 Smart City Ave, Street 36",Central Zone,CTZ-003104,+1-555-498-3093,Business Owner,6,A-,3,2026-06-14 08:02:18
3105,citizen_3105,citizen_3105@example.com,David Miller,+1-555-477-6159,"937 Smart City Ave, Street 11",East District,CTZ-003105,+1-555-585-3944,Technician,4,O-,3,2026-04-17 08:02:18
3106,citizen_3106,citizen_3106@example.com,James Smith,+1-555-184-4566,"369 Smart City Ave, Street 44",West District,CTZ-003106,+1-555-646-4915,Business Owner,2,AB-,2,2026-08-20 08:02:18
3107,citizen_3107,citizen_3107@example.com,David Moore,+1-555-539-3290,"376 Smart City Ave, Street 18",North District,CTZ-003107,+1-555-789-3535,Engineer,2,AB+,3,2026-05-20 08:02:18
3108,citizen_3108,citizen_3108@example.com,Mary Martin,+1-555-703-2834,"287 Smart City Ave, Street 30",North District,CTZ-003108,+1-555-974-3732,Engineer,5,O+,0,2026-04-19 08:02:18
3109,citizen_3109,citizen_3109@example.com,Susan Jones,+1-555-684-4678,"699 Smart City Ave, Street 5",South District,CTZ-003109,+1-555-137-1439,Student,4,B+,0,2025-10-31 08:02:18
3110,citizen_3110,citizen_3110@example.com,Sarah Taylor,+1-555-722-6084,"587 Smart City Ave, Street 14",West District,CTZ-003110,+1-555-583-4324,Civil Servant,5,A-,1,2025-10-11 08:02:18
3111,citizen_3111,citizen_3111@example.com,Thomas Thomas,+1-555-802-3732,"484 Smart City Ave, Street 43",East District,CTZ-003111,+1-555-257-4966,Business Owner,1,AB+,2,2026-03-23 08:02:18
3112,citizen_3112,citizen_3112@example.com,David Jackson,+1-555-386-8204,"785 Smart City Ave, Street 26",West District,CTZ-003112,+1-555-324-4993,Teacher,5,B-,0,2026-05-09 08:02:18
3113,citizen_3113,citizen_3113@example.com,Mary Hernandez,+1-555-944-9958,"150 Smart City Ave, Street 43",Central Zone,CTZ-003113,+1-555-171-2792,Business Owner,3,AB+,3,2026-01-17 08:02:18
3114,citizen_3114,citizen_3114@example.com,Mary Lopez,+1-555-778-6728,"820 Smart City Ave, Street 50",East District,CTZ-003114,+1-555-446-3839,Doctor,3,B-,1,2026-08-12 08:02:18
3115,citizen_3115,citizen_3115@example.com,Karen Anderson,+1-555-182-4452,"563 Smart City Ave, Street 2",South District,CTZ-003115,+1-555-768-4653,Business Owner,5,A-,1,2026-05-20 08:02:18
3116,citizen_3116,citizen_3116@example.com,Sarah Jones,+1-555-648-3072,"178 Smart City Ave, Street 41",West District,CTZ-003116,+1-555-972-7854,Manager,6,AB-,1,2025-11-26 08:02:18
3117,citizen_3117,citizen_3117@example.com,Charles Miller,+1-555-959-8897,"447 Smart City Ave, Street 23",North District,CTZ-003117,+1-555-865-2484,Doctor,3,AB+,1,2026-06-11 08:02:18
3118,citizen_3118,citizen_3118@example.com,James Thomas,+1-555-358-3824,"920 Smart City Ave, Street 50",Industrial Zone,CTZ-003118,+1-555-446-8640,Technician,1,A-,0,2026-05-13 08:02:18
3119,citizen_3119,citizen_3119@example.com,Jessica Anderson,+1-555-885-8009,"239 Smart City Ave, Street 26",East District,CTZ-003119,+1-555-327-5130,Business Owner,5,AB-,1,2025-10-20 08:02:18
3120,citizen_3120,citizen_3120@example.com,Susan Johnson,+1-555-400-4758,"378 Smart City Ave, Street 41",East District,CTZ-003120,+1-555-251-3620,Accountant,1,A+,2,2025-11-12 08:02:18
3121,citizen_3121,citizen_3121@example.com,James Johnson,+1-555-467-8019,"290 Smart City Ave, Street 9",North District,CTZ-003121,+1-555-325-3153,Manager,5,O-,0,2026-02-08 08:02:18
3122,citizen_3122,citizen_3122@example.com,James Lopez,+1-555-959-4155,"677 Smart City Ave, Street 29",Central Zone,CTZ-003122,+1-555-453-4732,Technician,2,O-,2,2026-04-25 08:02:18
3123,citizen_3123,citizen_3123@example.com,David Jackson,+1-555-883-7864,"912 Smart City Ave, Street 41",North District,CTZ-003123,+1-555-121-1988,Engineer,4,O-,1,2026-02-25 08:02:18
3124,citizen_3124,citizen_3124@example.com,William Hernandez,+1-555-891-2529,"467 Smart City Ave, Street 35",South District,CTZ-003124,+1-555-494-7753,Engineer,2,B-,0,2025-10-17 08:02:18
3125,citizen_3125,citizen_3125@example.com,Sarah Jackson,+1-555-303-2535,"618 Smart City Ave, Street 25",Central Zone,CTZ-003125,+1-555-848-5392,Doctor,4,AB-,3,2026-03-07 08:02:18
3126,citizen_3126,citizen_3126@example.com,William Taylor,+1-555-116-9538,"102 Smart City Ave, Street 21",Industrial Zone,CTZ-003126,+1-555-129-3184,Engineer,4,O+,1,2026-05-22 08:02:18
3127,citizen_3127,citizen_3127@example.com,Susan Wilson,+1-555-460-6355,"720 Smart City Ave, Street 23",North District,CTZ-003127,+1-555-125-5573,Business Owner,2,O-,3,2026-05-13 08:02:18
3128,citizen_3128,citizen_3128@example.com,Robert Garcia,+1-555-857-5434,"564 Smart City Ave, Street 7",South District,CTZ-003128,+1-555-200-8211,Business Owner,5,O-,0,2026-04-04 08:02:18
3129,citizen_3129,citizen_3129@example.com,William Smith,+1-555-450-1460,"15 Smart City Ave, Street 38",Industrial Zone,CTZ-003129,+1-555-825-2328,Teacher,3,A+,3,2026-03-11 08:02:18
3130,citizen_3130,citizen_3130@example.com,Robert Davis,+1-555-314-9953,"501 Smart City Ave, Street 21",Industrial Zone,CTZ-003130,+1-555-959-5206,Technician,6,AB-,2,2026-01-14 08:02:18
3131,citizen_3131,citizen_3131@example.com,William Davis,+1-555-384-7964,"93 Smart City Ave, Street 32",West District,CTZ-003131,+1-555-160-8707,Engineer,6,AB+,0,2025-09-05 08:02:18
3132,citizen_3132,citizen_3132@example.com,Richard Brown,+1-555-533-2487,"533 Smart City Ave, Street 39",North District,CTZ-003132,+1-555-723-8661,Engineer,6,O+,3,2026-06-16 08:02:18
3133,citizen_3133,citizen_3133@example.com,David Jackson,+1-555-443-2779,"307 Smart City Ave, Street 28",South District,CTZ-003133,+1-555-775-6979,Engineer,5,AB+,3,2026-06-23 08:02:18
3134,citizen_3134,citizen_3134@example.com,Barbara Hernandez,+1-555-626-1490,"594 Smart City Ave, Street 39",North District,CTZ-003134,+1-555-545-5555,Technician,1,A-,1,2025-09-21 08:02:18
3135,citizen_3135,citizen_3135@example.com,Linda Anderson,+1-555-570-9852,"920 Smart City Ave, Street 48",Central Zone,CTZ-003135,+1-555-139-3439,Architect,3,AB-,1,2026-02-15 08:02:18
3136,citizen_3136,citizen_3136@example.com,James Jones,+1-555-173-4933,"814 Smart City Ave, Street 22",Central Zone,CTZ-003136,+1-555-292-8789,Engineer,1,B-,0,2026-02-19 08:02:18
3137,citizen_3137,citizen_3137@example.com,Mary Jones,+1-555-721-9424,"955 Smart City Ave, Street 14",South District,CTZ-003137,+1-555-536-7813,Accountant,6,A-,1,2025-12-04 08:02:18
3138,citizen_3138,citizen_3138@example.com,David Davis,+1-555-319-3059,"693 Smart City Ave, Street 37",South District,CTZ-003138,+1-555-830-8885,Student,3,B+,2,2025-12-18 08:02:18
3139,citizen_3139,citizen_3139@example.com,William Jackson,+1-555-763-2890,"858 Smart City Ave, Street 28",North District,CTZ-003139,+1-555-863-3414,Technician,3,AB-,3,2026-05-19 08:02:18
3140,citizen_3140,citizen_3140@example.com,Jennifer Wilson,+1-555-595-2056,"116 Smart City Ave, Street 22",North District,CTZ-003140,+1-555-418-1817,Student,6,B-,3,2026-04-09 08:02:18
3141,citizen_3141,citizen_3141@example.com,James Thomas,+1-555-126-5369,"427 Smart City Ave, Street 28",South District,CTZ-003141,+1-555-831-1369,Teacher,2,A+,3,2026-04-13 08:02:18
3142,citizen_3142,citizen_3142@example.com,David Smith,+1-555-564-8433,"636 Smart City Ave, Street 13",South District,CTZ-003142,+1-555-648-4132,Doctor,2,AB+,3,2025-12-09 08:02:18
3143,citizen_3143,citizen_3143@example.com,Joseph Miller,+1-555-674-7233,"921 Smart City Ave, Street 1",East District,CTZ-003143,+1-555-457-9953,Business Owner,1,O-,3,2026-06-21 08:02:18
3144,citizen_3144,citizen_3144@example.com,Thomas Garcia,+1-555-203-7733,"689 Smart City Ave, Street 18",Central Zone,CTZ-003144,+1-555-727-9054,Technician,5,AB+,3,2025-12-04 08:02:18
3145,citizen_3145,citizen_3145@example.com,Richard Jones,+1-555-671-2017,"939 Smart City Ave, Street 22",South District,CTZ-003145,+1-555-717-2363,Student,1,O+,0,2025-12-09 08:02:18
3146,citizen_3146,citizen_3146@example.com,Sarah Wilson,+1-555-622-6072,"597 Smart City Ave, Street 41",South District,CTZ-003146,+1-555-320-7151,Business Owner,5,AB-,3,2025-10-14 08:02:18
3147,citizen_3147,citizen_3147@example.com,Patricia Brown,+1-555-127-1775,"348 Smart City Ave, Street 32",Industrial Zone,CTZ-003147,+1-555-207-7158,Technician,6,O+,0,2026-07-28 08:02:18
3148,citizen_3148,citizen_3148@example.com,John Martin,+1-555-840-3918,"281 Smart City Ave, Street 3",South District,CTZ-003148,+1-555-532-7971,Accountant,3,B+,1,2026-05-11 08:02:18
3149,citizen_3149,citizen_3149@example.com,Barbara Taylor,+1-555-821-8696,"155 Smart City Ave, Street 12",East District,CTZ-003149,+1-555-585-5386,Civil Servant,4,AB-,1,2025-10-14 08:02:18
3150,citizen_3150,citizen_3150@example.com,Jessica Johnson,+1-555-973-5263,"955 Smart City Ave, Street 17",South District,CTZ-003150,+1-555-433-4242,Student,6,A+,1,2026-07-11 08:02:18
3151,citizen_3151,citizen_3151@example.com,Karen Davis,+1-555-877-2025,"309 Smart City Ave, Street 45",East District,CTZ-003151,+1-555-474-4056,Student,2,O-,0,2026-08-12 08:02:18
3152,citizen_3152,citizen_3152@example.com,Robert Martinez,+1-555-369-7480,"657 Smart City Ave, Street 5",East District,CTZ-003152,+1-555-707-3159,Engineer,3,AB-,3,2026-01-26 08:02:18
3153,citizen_3153,citizen_3153@example.com,David Miller,+1-555-242-2733,"785 Smart City Ave, Street 33",West District,CTZ-003153,+1-555-529-5987,Business Owner,2,AB-,0,2026-02-18 08:02:18
3154,citizen_3154,citizen_3154@example.com,Elizabeth Wilson,+1-555-522-1212,"258 Smart City Ave, Street 40",East District,CTZ-003154,+1-555-251-5041,Civil Servant,3,AB-,3,2026-01-29 08:02:18
3155,citizen_3155,citizen_3155@example.com,John Moore,+1-555-496-5544,"763 Smart City Ave, Street 28",North District,CTZ-003155,+1-555-373-8051,Doctor,4,A+,1,2026-07-31 08:02:18
3156,citizen_3156,citizen_3156@example.com,David Davis,+1-555-993-2381,"181 Smart City Ave, Street 44",West District,CTZ-003156,+1-555-428-5301,Doctor,6,O-,2,2026-06-22 08:02:18
3157,citizen_3157,citizen_3157@example.com,Barbara Johnson,+1-555-778-6742,"541 Smart City Ave, Street 29",West District,CTZ-003157,+1-555-574-6419,Manager,6,O+,2,2026-06-23 08:02:18
3158,citizen_3158,citizen_3158@example.com,John Garcia,+1-555-817-8912,"464 Smart City Ave, Street 49",Industrial Zone,CTZ-003158,+1-555-118-5497,Student,2,A-,0,2025-10-12 08:02:18
3159,citizen_3159,citizen_3159@example.com,Joseph Martin,+1-555-211-4360,"111 Smart City Ave, Street 32",West District,CTZ-003159,+1-555-100-9960,Business Owner,2,AB-,1,2026-06-22 08:02:18
3160,citizen_3160,citizen_3160@example.com,Susan Davis,+1-555-677-7739,"276 Smart City Ave, Street 50",South District,CTZ-003160,+1-555-176-5968,Architect,1,A+,2,2026-02-04 08:02:18
3161,citizen_3161,citizen_3161@example.com,William Thomas,+1-555-163-7130,"288 Smart City Ave, Street 37",South District,CTZ-003161,+1-555-173-1277,Business Owner,2,AB+,1,2026-05-19 08:02:18
3162,citizen_3162,citizen_3162@example.com,John Martinez,+1-555-307-9586,"958 Smart City Ave, Street 36",South District,CTZ-003162,+1-555-902-4576,Manager,3,B+,0,2025-10-19 08:02:18
3163,citizen_3163,citizen_3163@example.com,Jennifer Thomas,+1-555-273-6891,"629 Smart City Ave, Street 30",West District,CTZ-003163,+1-555-410-6358,Accountant,3,O+,1,2026-03-11 08:02:18
3164,citizen_3164,citizen_3164@example.com,John Wilson,+1-555-729-1483,"345 Smart City Ave, Street 25",North District,CTZ-003164,+1-555-496-6427,Teacher,1,A-,0,2026-02-21 08:02:18
3165,citizen_3165,citizen_3165@example.com,Patricia Wilson,+1-555-698-2868,"746 Smart City Ave, Street 22",East District,CTZ-003165,+1-555-460-7105,Technician,3,AB-,2,2026-02-26 08:02:18
3166,citizen_3166,citizen_3166@example.com,John Jackson,+1-555-329-7961,"100 Smart City Ave, Street 42",Central Zone,CTZ-003166,+1-555-739-3853,Engineer,6,AB-,1,2026-01-09 08:02:18
3167,citizen_3167,citizen_3167@example.com,Mary Williams,+1-555-908-5089,"965 Smart City Ave, Street 15",West District,CTZ-003167,+1-555-530-2283,Business Owner,1,B-,2,2025-10-31 08:02:18
3168,citizen_3168,citizen_3168@example.com,John Anderson,+1-555-376-8865,"843 Smart City Ave, Street 23",Industrial Zone,CTZ-003168,+1-555-518-4964,Student,4,AB+,3,2026-01-16 08:02:18
3169,citizen_3169,citizen_3169@example.com,John Williams,+1-555-533-3649,"452 Smart City Ave, Street 31",West District,CTZ-003169,+1-555-883-6925,Manager,1,B+,1,2026-03-04 08:02:18
3170,citizen_3170,citizen_3170@example.com,Linda Williams,+1-555-205-3916,"955 Smart City Ave, Street 25",North District,CTZ-003170,+1-555-261-2056,Teacher,1,O+,1,2025-10-06 08:02:18
3171,citizen_3171,citizen_3171@example.com,Barbara Miller,+1-555-781-6690,"73 Smart City Ave, Street 39",North District,CTZ-003171,+1-555-519-2572,Manager,3,AB+,1,2026-03-30 08:02:18
3172,citizen_3172,citizen_3172@example.com,Richard Wilson,+1-555-577-8235,"619 Smart City Ave, Street 41",South District,CTZ-003172,+1-555-963-7539,Teacher,6,AB-,2,2026-05-07 08:02:18
3173,citizen_3173,citizen_3173@example.com,Jennifer Martinez,+1-555-741-4056,"392 Smart City Ave, Street 40",Industrial Zone,CTZ-003173,+1-555-655-1915,Architect,1,B+,1,2025-12-14 08:02:18
3174,citizen_3174,citizen_3174@example.com,Susan Martinez,+1-555-495-6765,"769 Smart City Ave, Street 29",Industrial Zone,CTZ-003174,+1-555-363-6535,Engineer,6,A-,1,2026-03-10 08:02:18
3175,citizen_3175,citizen_3175@example.com,Joseph Hernandez,+1-555-506-5437,"90 Smart City Ave, Street 3",Central Zone,CTZ-003175,+1-555-556-5602,Doctor,5,B-,2,2026-01-19 08:02:18
3176,citizen_3176,citizen_3176@example.com,Mary Thomas,+1-555-127-1858,"551 Smart City Ave, Street 11",West District,CTZ-003176,+1-555-859-9138,Engineer,2,B-,2,2025-10-17 08:02:18
3177,citizen_3177,citizen_3177@example.com,Barbara Hernandez,+1-555-688-8078,"969 Smart City Ave, Street 6",South District,CTZ-003177,+1-555-697-9700,Teacher,6,A-,1,2026-04-09 08:02:18
3178,citizen_3178,citizen_3178@example.com,Charles Lopez,+1-555-473-7251,"498 Smart City Ave, Street 34",North District,CTZ-003178,+1-555-272-5847,Manager,4,AB-,1,2026-04-11 08:02:18
3179,citizen_3179,citizen_3179@example.com,Karen Anderson,+1-555-838-3941,"864 Smart City Ave, Street 7",Central Zone,CTZ-003179,+1-555-731-3351,Architect,3,O+,1,2025-10-21 08:02:18
3180,citizen_3180,citizen_3180@example.com,Joseph Rodriguez,+1-555-675-6564,"778 Smart City Ave, Street 35",South District,CTZ-003180,+1-555-692-2351,Technician,2,A+,3,2026-04-23 08:02:18
3181,citizen_3181,citizen_3181@example.com,Robert Martinez,+1-555-955-3652,"602 Smart City Ave, Street 40",West District,CTZ-003181,+1-555-429-3474,Engineer,6,O-,0,2026-08-14 08:02:18
3182,citizen_3182,citizen_3182@example.com,Karen Anderson,+1-555-806-6595,"742 Smart City Ave, Street 34",North District,CTZ-003182,+1-555-657-2884,Student,5,AB+,1,2025-11-26 08:02:18
3183,citizen_3183,citizen_3183@example.com,David Jones,+1-555-813-9590,"932 Smart City Ave, Street 29",Industrial Zone,CTZ-003183,+1-555-607-8405,Teacher,6,B+,0,2026-07-14 08:02:18
3184,citizen_3184,citizen_3184@example.com,Patricia Smith,+1-555-550-1654,"440 Smart City Ave, Street 24",Industrial Zone,CTZ-003184,+1-555-126-1440,Civil Servant,1,A-,2,2026-06-24 08:02:18
3185,citizen_3185,citizen_3185@example.com,Charles Jackson,+1-555-728-9247,"374 Smart City Ave, Street 35",Central Zone,CTZ-003185,+1-555-337-2172,Architect,4,AB-,3,2025-12-21 08:02:18
3186,citizen_3186,citizen_3186@example.com,Barbara Johnson,+1-555-522-2838,"589 Smart City Ave, Street 6",West District,CTZ-003186,+1-555-159-6394,Student,2,B-,2,2026-07-09 08:02:18
3187,citizen_3187,citizen_3187@example.com,Thomas Taylor,+1-555-708-9271,"520 Smart City Ave, Street 14",West District,CTZ-003187,+1-555-773-3718,Engineer,4,AB+,3,2025-09-08 08:02:18
3188,citizen_3188,citizen_3188@example.com,Jessica Taylor,+1-555-725-3614,"376 Smart City Ave, Street 16",East District,CTZ-003188,+1-555-630-8898,Student,1,B+,1,2025-10-12 08:02:18
3189,citizen_3189,citizen_3189@example.com,William Taylor,+1-555-342-3527,"549 Smart City Ave, Street 8",West District,CTZ-003189,+1-555-431-5360,Business Owner,2,B+,3,2026-01-31 08:02:18
3190,citizen_3190,citizen_3190@example.com,Richard Smith,+1-555-789-8561,"688 Smart City Ave, Street 42",Central Zone,CTZ-003190,+1-555-624-7310,Doctor,6,B-,2,2026-06-02 08:02:18
3191,citizen_3191,citizen_3191@example.com,Thomas Hernandez,+1-555-819-9727,"849 Smart City Ave, Street 11",West District,CTZ-003191,+1-555-454-1069,Civil Servant,6,B-,1,2026-05-05 08:02:18
3192,citizen_3192,citizen_3192@example.com,Jennifer Thomas,+1-555-854-9453,"101 Smart City Ave, Street 18",Industrial Zone,CTZ-003192,+1-555-560-3282,Doctor,1,AB-,1,2025-11-12 08:02:18
3193,citizen_3193,citizen_3193@example.com,Barbara Williams,+1-555-130-6714,"198 Smart City Ave, Street 41",East District,CTZ-003193,+1-555-514-2260,Teacher,3,O+,1,2026-08-11 08:02:18
3194,citizen_3194,citizen_3194@example.com,Richard Rodriguez,+1-555-657-7106,"558 Smart City Ave, Street 42",East District,CTZ-003194,+1-555-962-8402,Accountant,1,AB+,3,2026-05-20 08:02:18
3195,citizen_3195,citizen_3195@example.com,William Rodriguez,+1-555-745-3793,"582 Smart City Ave, Street 32",Central Zone,CTZ-003195,+1-555-741-7006,Civil Servant,1,B+,0,2026-05-16 08:02:18
3196,citizen_3196,citizen_3196@example.com,Jennifer Thomas,+1-555-987-4526,"936 Smart City Ave, Street 8",Central Zone,CTZ-003196,+1-555-311-9310,Business Owner,1,O-,2,2025-11-16 08:02:18
3197,citizen_3197,citizen_3197@example.com,John Garcia,+1-555-506-2770,"345 Smart City Ave, Street 8",West District,CTZ-003197,+1-555-947-6301,Technician,1,O-,1,2026-08-12 08:02:18
3198,citizen_3198,citizen_3198@example.com,Jennifer Taylor,+1-555-315-3676,"74 Smart City Ave, Street 11",East District,CTZ-003198,+1-555-910-4485,Manager,3,AB+,0,2026-06-05 08:02:18
3199,citizen_3199,citizen_3199@example.com,Karen Jackson,+1-555-336-2229,"666 Smart City Ave, Street 26",East District,CTZ-003199,+1-555-353-6715,Student,3,O+,2,2025-11-23 08:02:18
3200,citizen_3200,citizen_3200@example.com,Joseph Jones,+1-555-145-1257,"538 Smart City Ave, Street 24",North District,CTZ-003200,+1-555-520-2398,Student,2,A+,2,2026-05-22 08:02:18
3201,citizen_3201,citizen_3201@example.com,Patricia Johnson,+1-555-486-1441,"355 Smart City Ave, Street 1",South District,CTZ-003201,+1-555-544-2845,Accountant,4,O+,3,2026-06-14 08:02:18
3202,citizen_3202,citizen_3202@example.com,Joseph Gonzalez,+1-555-639-3308,"982 Smart City Ave, Street 37",Industrial Zone,CTZ-003202,+1-555-734-4212,Accountant,1,A-,3,2026-03-07 08:02:18
3203,citizen_3203,citizen_3203@example.com,Barbara Jones,+1-555-854-4281,"478 Smart City Ave, Street 6",West District,CTZ-003203,+1-555-583-1877,Teacher,5,O-,0,2025-09-23 08:02:18
3204,citizen_3204,citizen_3204@example.com,Joseph Martinez,+1-555-340-7616,"704 Smart City Ave, Street 49",South District,CTZ-003204,+1-555-837-1166,Architect,2,O+,2,2025-12-13 08:02:18
3205,citizen_3205,citizen_3205@example.com,Jennifer Martin,+1-555-693-9349,"13 Smart City Ave, Street 27",South District,CTZ-003205,+1-555-713-5170,Doctor,2,AB+,2,2026-01-31 08:02:18
3206,citizen_3206,citizen_3206@example.com,Jennifer Anderson,+1-555-822-6029,"76 Smart City Ave, Street 15",East District,CTZ-003206,+1-555-203-4981,Civil Servant,6,O-,3,2026-04-25 08:02:18
3207,citizen_3207,citizen_3207@example.com,Mary Gonzalez,+1-555-486-4865,"528 Smart City Ave, Street 36",East District,CTZ-003207,+1-555-863-5080,Engineer,5,AB-,2,2026-06-28 08:02:18
3208,citizen_3208,citizen_3208@example.com,Barbara Lopez,+1-555-334-9518,"850 Smart City Ave, Street 34",Central Zone,CTZ-003208,+1-555-531-7628,Engineer,3,AB+,3,2025-12-23 08:02:18
3209,citizen_3209,citizen_3209@example.com,Jessica Martin,+1-555-319-8971,"98 Smart City Ave, Street 9",West District,CTZ-003209,+1-555-443-2966,Architect,1,O+,1,2026-01-04 08:02:18
3210,citizen_3210,citizen_3210@example.com,Karen Lopez,+1-555-941-8996,"247 Smart City Ave, Street 6",North District,CTZ-003210,+1-555-216-4978,Accountant,4,A+,0,2026-02-19 08:02:18
3211,citizen_3211,citizen_3211@example.com,Patricia Anderson,+1-555-617-7701,"569 Smart City Ave, Street 36",South District,CTZ-003211,+1-555-469-4891,Engineer,1,O+,1,2026-04-28 08:02:18
3212,citizen_3212,citizen_3212@example.com,Patricia Thomas,+1-555-429-1963,"151 Smart City Ave, Street 48",Industrial Zone,CTZ-003212,+1-555-431-4240,Accountant,6,A+,0,2025-10-22 08:02:18
3213,citizen_3213,citizen_3213@example.com,Richard Garcia,+1-555-253-1820,"750 Smart City Ave, Street 45",North District,CTZ-003213,+1-555-921-7076,Teacher,6,B-,1,2025-12-14 08:02:18
3214,citizen_3214,citizen_3214@example.com,Linda Garcia,+1-555-672-8234,"679 Smart City Ave, Street 42",Central Zone,CTZ-003214,+1-555-791-9384,Engineer,3,O+,1,2026-01-10 08:02:18
3215,citizen_3215,citizen_3215@example.com,Mary Williams,+1-555-439-1313,"357 Smart City Ave, Street 20",East District,CTZ-003215,+1-555-283-2677,Civil Servant,6,A+,1,2025-10-23 08:02:18
3216,citizen_3216,citizen_3216@example.com,James Thomas,+1-555-597-4937,"725 Smart City Ave, Street 22",South District,CTZ-003216,+1-555-550-8271,Civil Servant,4,AB+,2,2026-04-30 08:02:18
3217,citizen_3217,citizen_3217@example.com,Robert Smith,+1-555-684-6161,"682 Smart City Ave, Street 32",South District,CTZ-003217,+1-555-836-5460,Engineer,3,B-,3,2026-04-13 08:02:18
3218,citizen_3218,citizen_3218@example.com,Sarah Moore,+1-555-631-9035,"399 Smart City Ave, Street 41",South District,CTZ-003218,+1-555-420-7561,Accountant,3,B-,3,2026-03-12 08:02:18
3219,citizen_3219,citizen_3219@example.com,Richard Davis,+1-555-527-9017,"318 Smart City Ave, Street 45",Industrial Zone,CTZ-003219,+1-555-439-6670,Doctor,1,AB-,1,2026-03-18 08:02:18
3220,citizen_3220,citizen_3220@example.com,William Moore,+1-555-162-9755,"859 Smart City Ave, Street 41",Industrial Zone,CTZ-003220,+1-555-489-4782,Manager,6,A+,0,2026-06-08 08:02:18
3221,citizen_3221,citizen_3221@example.com,Jessica Brown,+1-555-823-7911,"626 Smart City Ave, Street 1",North District,CTZ-003221,+1-555-681-5296,Accountant,3,AB-,3,2025-09-06 08:02:18
3222,citizen_3222,citizen_3222@example.com,Michael Martinez,+1-555-610-4372,"152 Smart City Ave, Street 5",South District,CTZ-003222,+1-555-987-3360,Architect,1,B-,0,2025-09-06 08:02:18
3223,citizen_3223,citizen_3223@example.com,Robert Wilson,+1-555-570-3015,"756 Smart City Ave, Street 8",North District,CTZ-003223,+1-555-194-6314,Civil Servant,5,O+,0,2026-05-29 08:02:18
3224,citizen_3224,citizen_3224@example.com,Sarah Thomas,+1-555-920-8883,"122 Smart City Ave, Street 30",Industrial Zone,CTZ-003224,+1-555-634-7856,Student,4,AB+,3,2026-03-15 08:02:18
3225,citizen_3225,citizen_3225@example.com,Thomas Martinez,+1-555-100-2183,"315 Smart City Ave, Street 22",Central Zone,CTZ-003225,+1-555-336-1754,Technician,2,A+,3,2026-01-22 08:02:18
3226,citizen_3226,citizen_3226@example.com,Barbara Moore,+1-555-157-7431,"970 Smart City Ave, Street 40",South District,CTZ-003226,+1-555-571-9920,Accountant,2,A-,0,2026-03-04 08:02:18
3227,citizen_3227,citizen_3227@example.com,Joseph Anderson,+1-555-771-7535,"407 Smart City Ave, Street 34",South District,CTZ-003227,+1-555-881-1647,Architect,6,AB+,1,2026-08-10 08:02:18
3228,citizen_3228,citizen_3228@example.com,William Martinez,+1-555-631-2607,"841 Smart City Ave, Street 15",North District,CTZ-003228,+1-555-109-5839,Technician,5,AB-,1,2025-11-02 08:02:18
3229,citizen_3229,citizen_3229@example.com,Richard Hernandez,+1-555-746-3435,"965 Smart City Ave, Street 34",West District,CTZ-003229,+1-555-580-5992,Student,1,O+,1,2025-12-24 08:02:18
3230,citizen_3230,citizen_3230@example.com,Jessica Williams,+1-555-404-2587,"848 Smart City Ave, Street 7",South District,CTZ-003230,+1-555-878-9194,Teacher,2,O-,0,2026-01-13 08:02:18
3231,citizen_3231,citizen_3231@example.com,Susan Garcia,+1-555-443-7767,"662 Smart City Ave, Street 32",Central Zone,CTZ-003231,+1-555-991-7837,Business Owner,2,A-,3,2026-07-12 08:02:18
3232,citizen_3232,citizen_3232@example.com,Linda Rodriguez,+1-555-976-5570,"890 Smart City Ave, Street 47",North District,CTZ-003232,+1-555-743-6042,Civil Servant,2,A-,1,2026-01-01 08:02:18
3233,citizen_3233,citizen_3233@example.com,Thomas Gonzalez,+1-555-929-3360,"577 Smart City Ave, Street 5",North District,CTZ-003233,+1-555-661-8537,Manager,6,B-,0,2026-04-15 08:02:18
3234,citizen_3234,citizen_3234@example.com,Robert Martin,+1-555-446-4707,"452 Smart City Ave, Street 30",South District,CTZ-003234,+1-555-525-9169,Civil Servant,3,O-,1,2025-10-30 08:02:18
3235,citizen_3235,citizen_3235@example.com,William Jackson,+1-555-712-7661,"194 Smart City Ave, Street 42",East District,CTZ-003235,+1-555-282-1808,Doctor,6,AB-,1,2026-07-07 08:02:18
3236,citizen_3236,citizen_3236@example.com,Mary Moore,+1-555-890-7355,"865 Smart City Ave, Street 2",North District,CTZ-003236,+1-555-546-2110,Manager,3,B-,0,2025-10-22 08:02:18
3237,citizen_3237,citizen_3237@example.com,Robert Miller,+1-555-908-4311,"272 Smart City Ave, Street 17",Central Zone,CTZ-003237,+1-555-437-1613,Doctor,4,O-,1,2025-09-25 08:02:18
3238,citizen_3238,citizen_3238@example.com,Barbara Martin,+1-555-908-2977,"426 Smart City Ave, Street 24",Central Zone,CTZ-003238,+1-555-185-5603,Business Owner,5,O+,2,2025-10-02 08:02:18
3239,citizen_3239,citizen_3239@example.com,James Gonzalez,+1-555-660-2505,"781 Smart City Ave, Street 22",East District,CTZ-003239,+1-555-487-7611,Teacher,2,A+,1,2026-04-17 08:02:18
3240,citizen_3240,citizen_3240@example.com,James Miller,+1-555-482-8696,"648 Smart City Ave, Street 15",Industrial Zone,CTZ-003240,+1-555-738-5636,Doctor,2,A-,3,2025-09-28 08:02:18
3241,citizen_3241,citizen_3241@example.com,Thomas Taylor,+1-555-379-3661,"885 Smart City Ave, Street 7",South District,CTZ-003241,+1-555-675-7105,Teacher,3,B+,2,2026-08-21 08:02:18
3242,citizen_3242,citizen_3242@example.com,Sarah Gonzalez,+1-555-528-1071,"60 Smart City Ave, Street 28",Central Zone,CTZ-003242,+1-555-234-8779,Architect,1,A-,0,2025-12-11 08:02:18
3243,citizen_3243,citizen_3243@example.com,Linda Davis,+1-555-356-4586,"815 Smart City Ave, Street 6",Industrial Zone,CTZ-003243,+1-555-411-1772,Teacher,4,AB+,0,2026-02-07 08:02:18
3244,citizen_3244,citizen_3244@example.com,Richard Martinez,+1-555-147-2349,"518 Smart City Ave, Street 38",West District,CTZ-003244,+1-555-176-3908,Architect,2,O+,1,2026-06-06 08:02:18
3245,citizen_3245,citizen_3245@example.com,Mary Lopez,+1-555-523-4241,"886 Smart City Ave, Street 25",South District,CTZ-003245,+1-555-270-9991,Teacher,3,B-,1,2025-09-06 08:02:18
3246,citizen_3246,citizen_3246@example.com,John Anderson,+1-555-828-3172,"59 Smart City Ave, Street 9",Industrial Zone,CTZ-003246,+1-555-597-4672,Student,4,AB+,1,2026-04-23 08:02:18
3247,citizen_3247,citizen_3247@example.com,Charles Rodriguez,+1-555-879-3919,"59 Smart City Ave, Street 28",South District,CTZ-003247,+1-555-426-5969,Engineer,5,A-,1,2026-05-06 08:02:18
3248,citizen_3248,citizen_3248@example.com,William Gonzalez,+1-555-780-7742,"727 Smart City Ave, Street 6",North District,CTZ-003248,+1-555-425-2684,Doctor,6,B-,2,2026-03-09 08:02:18
3249,citizen_3249,citizen_3249@example.com,Charles Rodriguez,+1-555-987-1766,"455 Smart City Ave, Street 32",West District,CTZ-003249,+1-555-691-7317,Teacher,2,B+,1,2026-05-13 08:02:18
3250,citizen_3250,citizen_3250@example.com,Charles Miller,+1-555-910-7106,"785 Smart City Ave, Street 20",Central Zone,CTZ-003250,+1-555-798-5686,Technician,1,AB+,3,2025-10-16 08:02:18
3251,citizen_3251,citizen_3251@example.com,Elizabeth Smith,+1-555-617-5849,"415 Smart City Ave, Street 23",West District,CTZ-003251,+1-555-373-1513,Architect,2,O+,3,2025-11-06 08:02:18
3252,citizen_3252,citizen_3252@example.com,Richard Davis,+1-555-686-5844,"795 Smart City Ave, Street 46",East District,CTZ-003252,+1-555-290-6649,Technician,3,AB-,2,2026-08-05 08:02:18
3253,citizen_3253,citizen_3253@example.com,Sarah Lopez,+1-555-620-5010,"415 Smart City Ave, Street 36",Central Zone,CTZ-003253,+1-555-784-7482,Architect,3,A-,1,2026-02-25 08:02:18
3254,citizen_3254,citizen_3254@example.com,Michael Anderson,+1-555-216-4932,"125 Smart City Ave, Street 48",East District,CTZ-003254,+1-555-140-3985,Accountant,6,O-,2,2026-08-02 08:02:18
3255,citizen_3255,citizen_3255@example.com,Joseph Thomas,+1-555-916-5431,"946 Smart City Ave, Street 40",Industrial Zone,CTZ-003255,+1-555-793-6218,Teacher,6,AB-,1,2025-11-03 08:02:18
3256,citizen_3256,citizen_3256@example.com,Thomas Anderson,+1-555-497-9171,"181 Smart City Ave, Street 47",South District,CTZ-003256,+1-555-375-6457,Engineer,1,AB+,3,2026-08-31 08:02:18
3257,citizen_3257,citizen_3257@example.com,Thomas Martin,+1-555-948-6074,"248 Smart City Ave, Street 23",Industrial Zone,CTZ-003257,+1-555-769-6576,Teacher,3,O-,2,2026-02-13 08:02:18
3258,citizen_3258,citizen_3258@example.com,David Taylor,+1-555-520-7652,"940 Smart City Ave, Street 31",West District,CTZ-003258,+1-555-452-7649,Civil Servant,1,AB+,0,2026-04-11 08:02:18
3259,citizen_3259,citizen_3259@example.com,Richard Brown,+1-555-163-6095,"421 Smart City Ave, Street 17",West District,CTZ-003259,+1-555-408-1874,Teacher,6,AB+,1,2025-10-12 08:02:18
3260,citizen_3260,citizen_3260@example.com,David Garcia,+1-555-371-9555,"631 Smart City Ave, Street 33",Central Zone,CTZ-003260,+1-555-770-9301,Civil Servant,5,A+,1,2025-12-17 08:02:18
3261,citizen_3261,citizen_3261@example.com,Jennifer Taylor,+1-555-638-8964,"137 Smart City Ave, Street 29",Central Zone,CTZ-003261,+1-555-444-1411,Engineer,6,O-,3,2026-07-04 08:02:18
3262,citizen_3262,citizen_3262@example.com,Karen Lopez,+1-555-920-2160,"432 Smart City Ave, Street 35",Industrial Zone,CTZ-003262,+1-555-129-9053,Student,5,O-,2,2025-10-12 08:02:18
3263,citizen_3263,citizen_3263@example.com,Jessica Rodriguez,+1-555-396-6790,"597 Smart City Ave, Street 34",North District,CTZ-003263,+1-555-504-5738,Technician,3,B+,0,2025-09-11 08:02:18
3264,citizen_3264,citizen_3264@example.com,John Wilson,+1-555-524-5481,"953 Smart City Ave, Street 27",North District,CTZ-003264,+1-555-568-6070,Engineer,3,O-,3,2026-04-08 08:02:18
3265,citizen_3265,citizen_3265@example.com,Susan Martinez,+1-555-587-3161,"607 Smart City Ave, Street 15",South District,CTZ-003265,+1-555-968-3666,Technician,1,B+,0,2026-06-05 08:02:18
3266,citizen_3266,citizen_3266@example.com,Linda Moore,+1-555-778-3393,"971 Smart City Ave, Street 9",Industrial Zone,CTZ-003266,+1-555-388-3093,Manager,4,AB+,2,2026-04-26 08:02:18
3267,citizen_3267,citizen_3267@example.com,David Smith,+1-555-650-2757,"393 Smart City Ave, Street 46",East District,CTZ-003267,+1-555-955-5767,Teacher,1,O+,2,2026-04-03 08:02:18
3268,citizen_3268,citizen_3268@example.com,Jennifer Smith,+1-555-471-4075,"740 Smart City Ave, Street 41",Central Zone,CTZ-003268,+1-555-178-1494,Engineer,4,B+,1,2025-11-13 08:02:18
3269,citizen_3269,citizen_3269@example.com,Linda Moore,+1-555-100-3185,"921 Smart City Ave, Street 9",South District,CTZ-003269,+1-555-375-5562,Accountant,3,A+,2,2025-11-14 08:02:18
3270,citizen_3270,citizen_3270@example.com,Michael Jackson,+1-555-371-3344,"360 Smart City Ave, Street 44",South District,CTZ-003270,+1-555-356-7469,Business Owner,4,AB+,1,2026-02-17 08:02:18
3271,citizen_3271,citizen_3271@example.com,Patricia Rodriguez,+1-555-868-1558,"465 Smart City Ave, Street 20",North District,CTZ-003271,+1-555-144-9684,Civil Servant,6,A-,2,2026-03-27 08:02:18
3272,citizen_3272,citizen_3272@example.com,Richard Davis,+1-555-408-4431,"811 Smart City Ave, Street 35",South District,CTZ-003272,+1-555-362-6719,Accountant,6,O+,1,2025-10-29 08:02:18
3273,citizen_3273,citizen_3273@example.com,Elizabeth Hernandez,+1-555-311-5143,"461 Smart City Ave, Street 21",East District,CTZ-003273,+1-555-193-7574,Student,6,A-,1,2026-03-16 08:02:18
3274,citizen_3274,citizen_3274@example.com,Sarah Moore,+1-555-593-9602,"82 Smart City Ave, Street 6",East District,CTZ-003274,+1-555-978-5256,Technician,3,AB-,1,2026-01-23 08:02:18
3275,citizen_3275,citizen_3275@example.com,Elizabeth Taylor,+1-555-757-2778,"457 Smart City Ave, Street 27",Industrial Zone,CTZ-003275,+1-555-425-3433,Teacher,1,AB-,1,2026-05-16 08:02:18
3276,citizen_3276,citizen_3276@example.com,Jessica Davis,+1-555-162-3123,"267 Smart City Ave, Street 1",West District,CTZ-003276,+1-555-408-8144,Architect,4,A+,2,2026-07-04 08:02:18
3277,citizen_3277,citizen_3277@example.com,Michael Smith,+1-555-211-4227,"916 Smart City Ave, Street 46",East District,CTZ-003277,+1-555-256-2954,Engineer,6,AB+,1,2026-04-24 08:02:18
3278,citizen_3278,citizen_3278@example.com,David Wilson,+1-555-663-2360,"207 Smart City Ave, Street 22",East District,CTZ-003278,+1-555-941-2981,Student,2,O-,1,2026-03-13 08:02:18
3279,citizen_3279,citizen_3279@example.com,Richard Martin,+1-555-961-9915,"547 Smart City Ave, Street 29",Industrial Zone,CTZ-003279,+1-555-873-1117,Engineer,3,B-,1,2026-04-05 08:02:18
3280,citizen_3280,citizen_3280@example.com,James Jones,+1-555-636-1066,"124 Smart City Ave, Street 44",South District,CTZ-003280,+1-555-476-6697,Technician,2,B-,0,2026-05-28 08:02:18
3281,citizen_3281,citizen_3281@example.com,Patricia Davis,+1-555-410-3416,"120 Smart City Ave, Street 38",West District,CTZ-003281,+1-555-354-5512,Manager,5,B+,2,2026-04-06 08:02:18
3282,citizen_3282,citizen_3282@example.com,James Miller,+1-555-163-7610,"17 Smart City Ave, Street 21",North District,CTZ-003282,+1-555-417-9500,Technician,3,AB-,2,2025-09-12 08:02:18
3283,citizen_3283,citizen_3283@example.com,Michael Taylor,+1-555-487-3392,"17 Smart City Ave, Street 1",South District,CTZ-003283,+1-555-565-8710,Accountant,6,AB-,2,2026-02-20 08:02:18
3284,citizen_3284,citizen_3284@example.com,Michael Jones,+1-555-981-2621,"659 Smart City Ave, Street 43",Industrial Zone,CTZ-003284,+1-555-836-9888,Accountant,6,A+,3,2026-03-07 08:02:18
3285,citizen_3285,citizen_3285@example.com,David Jones,+1-555-174-9021,"529 Smart City Ave, Street 16",West District,CTZ-003285,+1-555-190-5710,Technician,3,AB-,2,2026-08-22 08:02:18
3286,citizen_3286,citizen_3286@example.com,Richard Hernandez,+1-555-545-6170,"300 Smart City Ave, Street 38",South District,CTZ-003286,+1-555-312-6749,Business Owner,5,AB-,1,2026-04-12 08:02:18
3287,citizen_3287,citizen_3287@example.com,David Moore,+1-555-402-7866,"84 Smart City Ave, Street 37",South District,CTZ-003287,+1-555-606-9670,Technician,4,AB-,2,2026-05-26 08:02:18
3288,citizen_3288,citizen_3288@example.com,Sarah Hernandez,+1-555-425-1369,"123 Smart City Ave, Street 21",Central Zone,CTZ-003288,+1-555-651-3189,Student,2,B+,1,2025-12-30 08:02:18
3289,citizen_3289,citizen_3289@example.com,David Taylor,+1-555-951-4155,"975 Smart City Ave, Street 38",Industrial Zone,CTZ-003289,+1-555-829-2551,Civil Servant,6,O+,1,2026-08-31 08:02:18
3290,citizen_3290,citizen_3290@example.com,Susan Taylor,+1-555-199-1576,"546 Smart City Ave, Street 30",Industrial Zone,CTZ-003290,+1-555-722-1730,Technician,2,AB-,2,2026-06-10 08:02:18
3291,citizen_3291,citizen_3291@example.com,Mary Smith,+1-555-287-2813,"389 Smart City Ave, Street 3",North District,CTZ-003291,+1-555-330-7143,Technician,5,AB-,3,2026-02-14 08:02:18
3292,citizen_3292,citizen_3292@example.com,Jessica Johnson,+1-555-380-8443,"443 Smart City Ave, Street 2",West District,CTZ-003292,+1-555-188-1769,Teacher,6,A-,2,2026-06-23 08:02:18
3293,citizen_3293,citizen_3293@example.com,Jessica Gonzalez,+1-555-892-6720,"102 Smart City Ave, Street 50",Industrial Zone,CTZ-003293,+1-555-576-4343,Engineer,1,A+,3,2026-06-01 08:02:18
3294,citizen_3294,citizen_3294@example.com,Susan Moore,+1-555-905-9185,"52 Smart City Ave, Street 24",North District,CTZ-003294,+1-555-987-2068,Engineer,3,A-,2,2026-03-28 08:02:18
3295,citizen_3295,citizen_3295@example.com,Patricia Garcia,+1-555-778-2991,"118 Smart City Ave, Street 26",Industrial Zone,CTZ-003295,+1-555-442-1211,Civil Servant,2,O-,0,2026-07-25 08:02:18
3296,citizen_3296,citizen_3296@example.com,David Jackson,+1-555-842-5971,"596 Smart City Ave, Street 44",North District,CTZ-003296,+1-555-585-2973,Technician,3,B-,0,2026-05-12 08:02:18
3297,citizen_3297,citizen_3297@example.com,Sarah Thomas,+1-555-243-5070,"416 Smart City Ave, Street 30",South District,CTZ-003297,+1-555-398-9204,Civil Servant,4,A-,1,2026-01-01 08:02:18
3298,citizen_3298,citizen_3298@example.com,William Lopez,+1-555-738-3630,"271 Smart City Ave, Street 23",South District,CTZ-003298,+1-555-204-7515,Student,5,A-,1,2025-12-21 08:02:18
3299,citizen_3299,citizen_3299@example.com,Thomas Williams,+1-555-371-2611,"433 Smart City Ave, Street 38",Industrial Zone,CTZ-003299,+1-555-609-6564,Architect,3,A-,1,2026-05-13 08:02:18
3300,citizen_3300,citizen_3300@example.com,John Moore,+1-555-587-4927,"183 Smart City Ave, Street 31",North District,CTZ-003300,+1-555-622-2187,Doctor,6,O+,1,2025-10-14 08:02:18
3301,citizen_3301,citizen_3301@example.com,Sarah Jackson,+1-555-243-9329,"828 Smart City Ave, Street 13",Industrial Zone,CTZ-003301,+1-555-164-7962,Engineer,1,AB+,1,2026-03-18 08:02:18
3302,citizen_3302,citizen_3302@example.com,David Martin,+1-555-105-6740,"613 Smart City Ave, Street 15",North District,CTZ-003302,+1-555-594-5671,Student,1,A+,1,2026-01-23 08:02:18
3303,citizen_3303,citizen_3303@example.com,Richard Gonzalez,+1-555-432-6433,"123 Smart City Ave, Street 23",East District,CTZ-003303,+1-555-994-5732,Accountant,6,AB+,1,2025-09-29 08:02:18
3304,citizen_3304,citizen_3304@example.com,William Moore,+1-555-263-4380,"932 Smart City Ave, Street 41",West District,CTZ-003304,+1-555-816-3235,Teacher,6,A+,1,2026-07-27 08:02:18
3305,citizen_3305,citizen_3305@example.com,Karen Brown,+1-555-341-3834,"275 Smart City Ave, Street 20",Central Zone,CTZ-003305,+1-555-540-3120,Accountant,4,AB-,2,2026-03-23 08:02:18
3306,citizen_3306,citizen_3306@example.com,Thomas Wilson,+1-555-402-6039,"282 Smart City Ave, Street 1",East District,CTZ-003306,+1-555-811-5568,Civil Servant,3,A-,2,2026-01-28 08:02:18
3307,citizen_3307,citizen_3307@example.com,Karen Johnson,+1-555-541-3510,"722 Smart City Ave, Street 26",South District,CTZ-003307,+1-555-874-1254,Doctor,5,O-,0,2026-06-20 08:02:18
3308,citizen_3308,citizen_3308@example.com,Barbara Moore,+1-555-542-8773,"500 Smart City Ave, Street 10",West District,CTZ-003308,+1-555-117-1361,Student,5,O-,0,2026-01-30 08:02:18
3309,citizen_3309,citizen_3309@example.com,Robert Brown,+1-555-405-1942,"616 Smart City Ave, Street 20",Industrial Zone,CTZ-003309,+1-555-369-6122,Technician,2,A-,0,2026-02-28 08:02:18
3310,citizen_3310,citizen_3310@example.com,Sarah Anderson,+1-555-461-5562,"565 Smart City Ave, Street 16",Industrial Zone,CTZ-003310,+1-555-729-6190,Architect,2,O+,1,2026-08-12 08:02:18
3311,citizen_3311,citizen_3311@example.com,Richard Moore,+1-555-778-2330,"685 Smart City Ave, Street 19",South District,CTZ-003311,+1-555-784-3252,Engineer,5,AB-,0,2026-03-12 08:02:18
3312,citizen_3312,citizen_3312@example.com,Jennifer Williams,+1-555-560-7593,"996 Smart City Ave, Street 29",Industrial Zone,CTZ-003312,+1-555-541-3210,Accountant,4,O-,3,2026-02-14 08:02:18
3313,citizen_3313,citizen_3313@example.com,Jennifer Davis,+1-555-119-4471,"343 Smart City Ave, Street 29",South District,CTZ-003313,+1-555-901-8886,Business Owner,5,AB+,1,2025-11-15 08:02:18
3314,citizen_3314,citizen_3314@example.com,Barbara Johnson,+1-555-145-2911,"907 Smart City Ave, Street 21",North District,CTZ-003314,+1-555-333-2505,Teacher,3,B-,2,2026-03-31 08:02:18
3315,citizen_3315,citizen_3315@example.com,Elizabeth Taylor,+1-555-245-1648,"898 Smart City Ave, Street 25",East District,CTZ-003315,+1-555-791-2717,Engineer,5,B+,2,2026-02-20 08:02:18
3316,citizen_3316,citizen_3316@example.com,Thomas Moore,+1-555-170-1177,"49 Smart City Ave, Street 8",North District,CTZ-003316,+1-555-727-5468,Architect,6,A-,1,2026-08-21 08:02:18
3317,citizen_3317,citizen_3317@example.com,Karen Martinez,+1-555-918-2159,"511 Smart City Ave, Street 41",Industrial Zone,CTZ-003317,+1-555-113-9900,Technician,2,A-,1,2026-07-25 08:02:18
3318,citizen_3318,citizen_3318@example.com,Mary Davis,+1-555-349-1523,"902 Smart City Ave, Street 47",Central Zone,CTZ-003318,+1-555-154-3359,Civil Servant,1,O+,3,2025-12-26 08:02:18
3319,citizen_3319,citizen_3319@example.com,Jessica Gonzalez,+1-555-146-3541,"277 Smart City Ave, Street 25",West District,CTZ-003319,+1-555-460-2459,Engineer,3,B+,1,2026-07-08 08:02:18
3320,citizen_3320,citizen_3320@example.com,Thomas Thomas,+1-555-211-6064,"792 Smart City Ave, Street 24",East District,CTZ-003320,+1-555-901-6943,Civil Servant,6,A-,1,2026-02-13 08:02:18
3321,citizen_3321,citizen_3321@example.com,Thomas Martinez,+1-555-739-2948,"233 Smart City Ave, Street 33",Central Zone,CTZ-003321,+1-555-387-5815,Architect,1,B+,2,2026-03-15 08:02:18
3322,citizen_3322,citizen_3322@example.com,Barbara Moore,+1-555-201-4031,"134 Smart City Ave, Street 3",Central Zone,CTZ-003322,+1-555-845-3812,Teacher,4,O+,3,2026-09-03 08:02:18
3323,citizen_3323,citizen_3323@example.com,Patricia Thomas,+1-555-658-8714,"650 Smart City Ave, Street 3",Industrial Zone,CTZ-003323,+1-555-468-3620,Accountant,2,O+,3,2025-09-06 08:02:18
3324,citizen_3324,citizen_3324@example.com,Jessica Garcia,+1-555-388-4989,"109 Smart City Ave, Street 39",North District,CTZ-003324,+1-555-283-2534,Civil Servant,2,B-,3,2026-07-16 08:02:18
3325,citizen_3325,citizen_3325@example.com,Elizabeth Martin,+1-555-581-4667,"690 Smart City Ave, Street 16",East District,CTZ-003325,+1-555-215-8484,Civil Servant,5,B+,1,2026-04-09 08:02:18
3326,citizen_3326,citizen_3326@example.com,Thomas Hernandez,+1-555-804-2469,"66 Smart City Ave, Street 3",Industrial Zone,CTZ-003326,+1-555-649-2346,Engineer,5,B-,3,2026-03-22 08:02:18
3327,citizen_3327,citizen_3327@example.com,Richard Anderson,+1-555-493-9384,"431 Smart City Ave, Street 41",North District,CTZ-003327,+1-555-576-9229,Manager,6,AB-,1,2026-01-27 08:02:18
3328,citizen_3328,citizen_3328@example.com,Joseph Smith,+1-555-510-1640,"275 Smart City Ave, Street 43",South District,CTZ-003328,+1-555-276-5192,Technician,5,O-,3,2026-01-27 08:02:18
3329,citizen_3329,citizen_3329@example.com,Charles Williams,+1-555-878-4112,"439 Smart City Ave, Street 47",North District,CTZ-003329,+1-555-247-1927,Doctor,2,O-,3,2026-02-21 08:02:18
3330,citizen_3330,citizen_3330@example.com,Joseph Rodriguez,+1-555-159-4283,"181 Smart City Ave, Street 40",South District,CTZ-003330,+1-555-574-4285,Civil Servant,1,O+,1,2026-05-16 08:02:18
3331,citizen_3331,citizen_3331@example.com,Jessica Garcia,+1-555-814-9584,"96 Smart City Ave, Street 26",Central Zone,CTZ-003331,+1-555-760-4818,Accountant,1,A+,3,2026-08-20 08:02:18
3332,citizen_3332,citizen_3332@example.com,Elizabeth Anderson,+1-555-176-5766,"809 Smart City Ave, Street 50",South District,CTZ-003332,+1-555-302-3820,Doctor,1,O+,1,2026-07-27 08:02:18
3333,citizen_3333,citizen_3333@example.com,James Williams,+1-555-508-6866,"633 Smart City Ave, Street 9",North District,CTZ-003333,+1-555-733-6100,Doctor,2,A+,3,2026-01-14 08:02:18
3334,citizen_3334,citizen_3334@example.com,Mary Hernandez,+1-555-505-1177,"745 Smart City Ave, Street 3",North District,CTZ-003334,+1-555-342-1555,Student,2,A+,3,2026-04-06 08:02:18
3335,citizen_3335,citizen_3335@example.com,Richard Miller,+1-555-732-9307,"162 Smart City Ave, Street 8",Industrial Zone,CTZ-003335,+1-555-247-8009,Architect,5,O+,3,2025-09-16 08:02:18
3336,citizen_3336,citizen_3336@example.com,Richard Rodriguez,+1-555-982-7905,"211 Smart City Ave, Street 24",East District,CTZ-003336,+1-555-206-7515,Teacher,1,B+,2,2026-05-17 08:02:18
3337,citizen_3337,citizen_3337@example.com,Joseph Hernandez,+1-555-772-5239,"162 Smart City Ave, Street 46",Industrial Zone,CTZ-003337,+1-555-262-2834,Civil Servant,5,O+,3,2025-12-14 08:02:18
3338,citizen_3338,citizen_3338@example.com,Mary Wilson,+1-555-925-8626,"645 Smart City Ave, Street 6",Central Zone,CTZ-003338,+1-555-157-2266,Manager,5,A+,3,2026-07-30 08:02:18
3339,citizen_3339,citizen_3339@example.com,Richard Garcia,+1-555-319-9720,"566 Smart City Ave, Street 4",South District,CTZ-003339,+1-555-904-1365,Architect,2,A+,2,2026-06-17 08:02:18
3340,citizen_3340,citizen_3340@example.com,Elizabeth Martinez,+1-555-376-6918,"20 Smart City Ave, Street 2",Industrial Zone,CTZ-003340,+1-555-327-5105,Business Owner,2,AB-,1,2026-01-27 08:02:18
3341,citizen_3341,citizen_3341@example.com,Susan Miller,+1-555-605-8587,"566 Smart City Ave, Street 33",West District,CTZ-003341,+1-555-691-2926,Manager,4,AB+,3,2026-01-15 08:02:18
3342,citizen_3342,citizen_3342@example.com,Jennifer Jackson,+1-555-162-6905,"35 Smart City Ave, Street 49",Central Zone,CTZ-003342,+1-555-733-6084,Student,3,A-,1,2025-11-06 08:02:18
3343,citizen_3343,citizen_3343@example.com,William Jones,+1-555-746-5407,"17 Smart City Ave, Street 35",South District,CTZ-003343,+1-555-933-3855,Technician,5,B+,1,2026-01-22 08:02:18
3344,citizen_3344,citizen_3344@example.com,William Rodriguez,+1-555-516-1266,"873 Smart City Ave, Street 29",West District,CTZ-003344,+1-555-560-2685,Engineer,4,O+,3,2026-05-25 08:02:18
3345,citizen_3345,citizen_3345@example.com,Jessica Martin,+1-555-166-7852,"302 Smart City Ave, Street 27",West District,CTZ-003345,+1-555-697-9710,Student,2,B-,2,2025-12-20 08:02:18
3346,citizen_3346,citizen_3346@example.com,David Williams,+1-555-831-6081,"237 Smart City Ave, Street 9",East District,CTZ-003346,+1-555-133-8714,Engineer,6,B-,1,2026-01-03 08:02:18
3347,citizen_3347,citizen_3347@example.com,Richard Davis,+1-555-130-4263,"518 Smart City Ave, Street 20",North District,CTZ-003347,+1-555-440-1101,Student,1,AB-,2,2025-11-19 08:02:18
3348,citizen_3348,citizen_3348@example.com,William Gonzalez,+1-555-579-5565,"294 Smart City Ave, Street 46",North District,CTZ-003348,+1-555-666-2123,Doctor,6,O+,1,2026-09-03 08:02:18
3349,citizen_3349,citizen_3349@example.com,Linda Martinez,+1-555-453-8783,"75 Smart City Ave, Street 15",East District,CTZ-003349,+1-555-881-1016,Manager,3,B-,0,2026-02-11 08:02:18
3350,citizen_3350,citizen_3350@example.com,Sarah Thomas,+1-555-602-9243,"890 Smart City Ave, Street 22",North District,CTZ-003350,+1-555-450-2463,Doctor,4,B+,1,2026-06-05 08:02:18
3351,citizen_3351,citizen_3351@example.com,Linda Taylor,+1-555-501-5394,"787 Smart City Ave, Street 32",Central Zone,CTZ-003351,+1-555-886-3874,Teacher,3,AB+,1,2025-10-22 08:02:18
3352,citizen_3352,citizen_3352@example.com,Jessica Anderson,+1-555-505-4796,"287 Smart City Ave, Street 31",South District,CTZ-003352,+1-555-792-4902,Accountant,2,O+,1,2026-02-05 08:02:18
3353,citizen_3353,citizen_3353@example.com,Michael Jones,+1-555-684-8936,"810 Smart City Ave, Street 47",North District,CTZ-003353,+1-555-796-8745,Accountant,1,A-,0,2026-03-25 08:02:18
3354,citizen_3354,citizen_3354@example.com,Sarah Johnson,+1-555-243-1052,"109 Smart City Ave, Street 35",Central Zone,CTZ-003354,+1-555-307-2936,Civil Servant,6,A-,1,2026-03-30 08:02:18
3355,citizen_3355,citizen_3355@example.com,Susan Rodriguez,+1-555-466-2387,"65 Smart City Ave, Street 22",Industrial Zone,CTZ-003355,+1-555-790-7554,Business Owner,5,A-,1,2026-03-09 08:02:18
3356,citizen_3356,citizen_3356@example.com,Barbara Anderson,+1-555-648-4545,"884 Smart City Ave, Street 33",South District,CTZ-003356,+1-555-220-5507,Student,5,A+,2,2026-04-07 08:02:18
3357,citizen_3357,citizen_3357@example.com,James Miller,+1-555-456-5603,"303 Smart City Ave, Street 20",North District,CTZ-003357,+1-555-903-7018,Student,2,A+,1,2026-04-23 08:02:18
3358,citizen_3358,citizen_3358@example.com,Jennifer Jackson,+1-555-163-1624,"49 Smart City Ave, Street 45",West District,CTZ-003358,+1-555-548-8446,Accountant,6,AB+,3,2026-02-23 08:02:18
3359,citizen_3359,citizen_3359@example.com,Linda Martinez,+1-555-997-5129,"420 Smart City Ave, Street 39",Central Zone,CTZ-003359,+1-555-366-4296,Student,3,B+,0,2026-08-12 08:02:18
3360,citizen_3360,citizen_3360@example.com,Susan Miller,+1-555-222-1431,"267 Smart City Ave, Street 7",Central Zone,CTZ-003360,+1-555-680-7366,Architect,3,B+,2,2026-08-15 08:02:18
3361,citizen_3361,citizen_3361@example.com,Robert Hernandez,+1-555-504-1447,"505 Smart City Ave, Street 11",South District,CTZ-003361,+1-555-186-6527,Teacher,2,B+,3,2025-09-19 08:02:18
3362,citizen_3362,citizen_3362@example.com,William Anderson,+1-555-303-7989,"309 Smart City Ave, Street 20",West District,CTZ-003362,+1-555-447-5003,Engineer,6,A-,1,2026-01-03 08:02:18
3363,citizen_3363,citizen_3363@example.com,Linda Lopez,+1-555-992-9711,"188 Smart City Ave, Street 26",Industrial Zone,CTZ-003363,+1-555-471-7823,Architect,2,A+,1,2026-07-30 08:02:18
3364,citizen_3364,citizen_3364@example.com,Linda Brown,+1-555-563-7390,"323 Smart City Ave, Street 22",South District,CTZ-003364,+1-555-559-8130,Business Owner,2,B+,1,2026-04-09 08:02:18
3365,citizen_3365,citizen_3365@example.com,James Smith,+1-555-297-1740,"865 Smart City Ave, Street 49",North District,CTZ-003365,+1-555-340-2353,Technician,2,B-,1,2026-07-04 08:02:18
3366,citizen_3366,citizen_3366@example.com,David Brown,+1-555-259-4669,"660 Smart City Ave, Street 47",Industrial Zone,CTZ-003366,+1-555-176-2827,Business Owner,5,A-,1,2026-08-25 08:02:18
3367,citizen_3367,citizen_3367@example.com,Mary Garcia,+1-555-986-7305,"802 Smart City Ave, Street 21",North District,CTZ-003367,+1-555-726-7587,Manager,4,B+,1,2026-05-20 08:02:18
3368,citizen_3368,citizen_3368@example.com,Linda Hernandez,+1-555-601-9875,"194 Smart City Ave, Street 45",North District,CTZ-003368,+1-555-792-4043,Architect,1,B+,1,2026-01-12 08:02:18
3369,citizen_3369,citizen_3369@example.com,Robert Lopez,+1-555-361-2380,"507 Smart City Ave, Street 12",South District,CTZ-003369,+1-555-142-6562,Architect,6,O+,1,2026-03-13 08:02:18
3370,citizen_3370,citizen_3370@example.com,Jessica Miller,+1-555-494-3364,"32 Smart City Ave, Street 46",South District,CTZ-003370,+1-555-348-8659,Doctor,4,B+,1,2026-05-03 08:02:18
3371,citizen_3371,citizen_3371@example.com,Thomas Brown,+1-555-463-5448,"43 Smart City Ave, Street 43",North District,CTZ-003371,+1-555-454-9188,Accountant,6,A+,2,2025-10-11 08:02:18
3372,citizen_3372,citizen_3372@example.com,Richard Davis,+1-555-742-5856,"328 Smart City Ave, Street 8",Industrial Zone,CTZ-003372,+1-555-381-5668,Accountant,4,AB+,3,2026-03-25 08:02:18
3373,citizen_3373,citizen_3373@example.com,Patricia Anderson,+1-555-646-5877,"631 Smart City Ave, Street 1",Central Zone,CTZ-003373,+1-555-598-2241,Accountant,4,AB-,2,2026-01-11 08:02:18
3374,citizen_3374,citizen_3374@example.com,Thomas Rodriguez,+1-555-137-1544,"563 Smart City Ave, Street 25",Central Zone,CTZ-003374,+1-555-227-1739,Teacher,2,A+,0,2026-04-06 08:02:18
3375,citizen_3375,citizen_3375@example.com,Karen Johnson,+1-555-666-7552,"579 Smart City Ave, Street 22",East District,CTZ-003375,+1-555-246-5040,Teacher,3,A-,3,2026-06-10 08:02:18
3376,citizen_3376,citizen_3376@example.com,William Hernandez,+1-555-696-5174,"92 Smart City Ave, Street 36",Central Zone,CTZ-003376,+1-555-368-7070,Civil Servant,3,AB+,1,2025-10-06 08:02:18
3377,citizen_3377,citizen_3377@example.com,Linda Martinez,+1-555-410-9878,"802 Smart City Ave, Street 21",West District,CTZ-003377,+1-555-912-8364,Engineer,1,B-,0,2025-12-12 08:02:18
3378,citizen_3378,citizen_3378@example.com,Linda Johnson,+1-555-129-8070,"171 Smart City Ave, Street 15",East District,CTZ-003378,+1-555-118-1449,Engineer,4,A+,1,2025-11-08 08:02:18
3379,citizen_3379,citizen_3379@example.com,Michael Wilson,+1-555-651-2691,"428 Smart City Ave, Street 13",West District,CTZ-003379,+1-555-203-7903,Business Owner,2,B-,3,2025-12-23 08:02:18
3380,citizen_3380,citizen_3380@example.com,Michael Martin,+1-555-544-8071,"749 Smart City Ave, Street 2",South District,CTZ-003380,+1-555-136-7804,Accountant,6,A+,2,2025-09-05 08:02:18
3381,citizen_3381,citizen_3381@example.com,Karen Jackson,+1-555-949-8432,"858 Smart City Ave, Street 21",South District,CTZ-003381,+1-555-743-4051,Accountant,4,A-,3,2026-07-11 08:02:18
3382,citizen_3382,citizen_3382@example.com,Karen Hernandez,+1-555-279-6424,"771 Smart City Ave, Street 18",North District,CTZ-003382,+1-555-728-2208,Architect,4,A-,2,2026-01-11 08:02:18
3383,citizen_3383,citizen_3383@example.com,Robert Lopez,+1-555-154-8479,"642 Smart City Ave, Street 35",West District,CTZ-003383,+1-555-929-7457,Engineer,3,O+,1,2025-09-11 08:02:18
3384,citizen_3384,citizen_3384@example.com,Barbara Martin,+1-555-361-6735,"773 Smart City Ave, Street 8",South District,CTZ-003384,+1-555-607-6202,Engineer,2,O+,1,2025-12-01 08:02:18
3385,citizen_3385,citizen_3385@example.com,Jennifer Jones,+1-555-673-4001,"131 Smart City Ave, Street 4",Industrial Zone,CTZ-003385,+1-555-848-6377,Architect,6,B-,1,2026-03-04 08:02:18
3386,citizen_3386,citizen_3386@example.com,James Taylor,+1-555-361-2772,"635 Smart City Ave, Street 29",Industrial Zone,CTZ-003386,+1-555-682-1107,Manager,3,O-,1,2026-02-03 08:02:18
3387,citizen_3387,citizen_3387@example.com,William Lopez,+1-555-658-4575,"552 Smart City Ave, Street 2",North District,CTZ-003387,+1-555-396-7302,Technician,3,B+,0,2025-11-11 08:02:18
3388,citizen_3388,citizen_3388@example.com,Karen Jones,+1-555-347-1155,"579 Smart City Ave, Street 41",Industrial Zone,CTZ-003388,+1-555-718-2612,Accountant,5,A+,3,2026-02-21 08:02:18
3389,citizen_3389,citizen_3389@example.com,Jennifer Wilson,+1-555-564-4432,"484 Smart City Ave, Street 26",Central Zone,CTZ-003389,+1-555-992-3872,Business Owner,5,AB-,0,2026-02-20 08:02:18
3390,citizen_3390,citizen_3390@example.com,Charles Moore,+1-555-615-5535,"205 Smart City Ave, Street 36",East District,CTZ-003390,+1-555-304-2981,Student,5,AB-,2,2025-11-19 08:02:18
3391,citizen_3391,citizen_3391@example.com,William Rodriguez,+1-555-486-8386,"130 Smart City Ave, Street 4",South District,CTZ-003391,+1-555-459-4782,Teacher,2,A+,0,2026-02-26 08:02:18
3392,citizen_3392,citizen_3392@example.com,David Martinez,+1-555-222-4789,"385 Smart City Ave, Street 30",North District,CTZ-003392,+1-555-514-7438,Doctor,6,B+,1,2025-10-30 08:02:18
3393,citizen_3393,citizen_3393@example.com,Patricia Brown,+1-555-797-6875,"169 Smart City Ave, Street 46",East District,CTZ-003393,+1-555-739-7235,Teacher,3,A+,1,2026-06-14 08:02:18
3394,citizen_3394,citizen_3394@example.com,William Jackson,+1-555-326-7311,"628 Smart City Ave, Street 36",East District,CTZ-003394,+1-555-328-3857,Civil Servant,1,O+,0,2025-12-07 08:02:18
3395,citizen_3395,citizen_3395@example.com,Thomas Brown,+1-555-660-8325,"463 Smart City Ave, Street 45",South District,CTZ-003395,+1-555-657-6623,Teacher,5,A-,3,2026-04-23 08:02:18
3396,citizen_3396,citizen_3396@example.com,Charles Wilson,+1-555-912-4631,"564 Smart City Ave, Street 39",Industrial Zone,CTZ-003396,+1-555-190-3887,Student,2,A-,3,2026-07-02 08:02:18
3397,citizen_3397,citizen_3397@example.com,David Jackson,+1-555-986-4640,"202 Smart City Ave, Street 18",East District,CTZ-003397,+1-555-267-9908,Engineer,4,A-,0,2026-01-24 08:02:18
3398,citizen_3398,citizen_3398@example.com,Thomas Jackson,+1-555-620-8112,"525 Smart City Ave, Street 11",South District,CTZ-003398,+1-555-561-4398,Engineer,1,A+,2,2025-12-01 08:02:18
3399,citizen_3399,citizen_3399@example.com,Barbara Miller,+1-555-767-5279,"10 Smart City Ave, Street 4",South District,CTZ-003399,+1-555-342-2764,Architect,1,O+,3,2026-03-29 08:02:18
3400,citizen_3400,citizen_3400@example.com,William Rodriguez,+1-555-940-3804,"272 Smart City Ave, Street 25",North District,CTZ-003400,+1-555-167-2005,Doctor,6,B+,2,2025-10-09 08:02:18
3401,citizen_3401,citizen_3401@example.com,James Jones,+1-555-574-9262,"927 Smart City Ave, Street 6",North District,CTZ-003401,+1-555-945-1755,Student,5,O+,3,2025-11-14 08:02:18
3402,citizen_3402,citizen_3402@example.com,Michael Jackson,+1-555-714-4238,"415 Smart City Ave, Street 38",West District,CTZ-003402,+1-555-109-4298,Doctor,1,AB+,1,2026-05-03 08:02:18
3403,citizen_3403,citizen_3403@example.com,Robert Lopez,+1-555-977-2970,"376 Smart City Ave, Street 24",North District,CTZ-003403,+1-555-655-8853,Teacher,5,AB+,3,2026-01-14 08:02:18
3404,citizen_3404,citizen_3404@example.com,John Moore,+1-555-719-6036,"891 Smart City Ave, Street 25",West District,CTZ-003404,+1-555-368-6196,Architect,6,O+,2,2026-07-10 08:02:18
3405,citizen_3405,citizen_3405@example.com,Joseph Wilson,+1-555-561-1733,"923 Smart City Ave, Street 25",East District,CTZ-003405,+1-555-535-7830,Engineer,2,B+,1,2025-11-16 08:02:18
3406,citizen_3406,citizen_3406@example.com,Thomas Thomas,+1-555-601-3494,"955 Smart City Ave, Street 44",West District,CTZ-003406,+1-555-354-2351,Civil Servant,5,B+,0,2026-05-05 08:02:18
3407,citizen_3407,citizen_3407@example.com,Jessica Davis,+1-555-969-7186,"458 Smart City Ave, Street 17",East District,CTZ-003407,+1-555-372-3497,Teacher,5,O+,0,2026-04-01 08:02:18
3408,citizen_3408,citizen_3408@example.com,Robert Jones,+1-555-386-8247,"710 Smart City Ave, Street 35",North District,CTZ-003408,+1-555-308-8755,Manager,3,B-,1,2026-04-11 08:02:18
3409,citizen_3409,citizen_3409@example.com,Susan Williams,+1-555-220-9690,"288 Smart City Ave, Street 45",South District,CTZ-003409,+1-555-415-3767,Business Owner,4,O+,1,2025-12-01 08:02:18
3410,citizen_3410,citizen_3410@example.com,Sarah Jackson,+1-555-863-6391,"210 Smart City Ave, Street 44",South District,CTZ-003410,+1-555-933-5527,Civil Servant,6,B+,1,2025-12-14 08:02:18
3411,citizen_3411,citizen_3411@example.com,Jessica Brown,+1-555-124-6393,"743 Smart City Ave, Street 6",South District,CTZ-003411,+1-555-558-4086,Architect,6,A+,2,2026-05-15 08:02:18
3412,citizen_3412,citizen_3412@example.com,John Moore,+1-555-253-5460,"234 Smart City Ave, Street 20",West District,CTZ-003412,+1-555-693-3426,Teacher,3,AB-,1,2026-05-03 08:02:18
3413,citizen_3413,citizen_3413@example.com,Robert Taylor,+1-555-135-4192,"783 Smart City Ave, Street 41",Central Zone,CTZ-003413,+1-555-385-1043,Business Owner,5,AB-,0,2025-12-08 08:02:18
3414,citizen_3414,citizen_3414@example.com,Karen Jones,+1-555-920-9708,"728 Smart City Ave, Street 46",Industrial Zone,CTZ-003414,+1-555-830-9904,Engineer,2,AB-,0,2025-12-04 08:02:18
3415,citizen_3415,citizen_3415@example.com,Mary Thomas,+1-555-564-6173,"869 Smart City Ave, Street 13",West District,CTZ-003415,+1-555-848-3023,Engineer,4,B-,2,2026-02-14 08:02:18
3416,citizen_3416,citizen_3416@example.com,Joseph Johnson,+1-555-872-1727,"680 Smart City Ave, Street 38",West District,CTZ-003416,+1-555-820-3998,Teacher,3,AB-,1,2026-07-19 08:02:18
3417,citizen_3417,citizen_3417@example.com,Susan Martin,+1-555-660-3421,"196 Smart City Ave, Street 6",Industrial Zone,CTZ-003417,+1-555-418-7438,Civil Servant,6,A-,0,2025-12-16 08:02:18
3418,citizen_3418,citizen_3418@example.com,Joseph Jackson,+1-555-839-3048,"510 Smart City Ave, Street 26",Industrial Zone,CTZ-003418,+1-555-934-6502,Manager,5,B-,1,2025-11-27 08:02:18
3419,citizen_3419,citizen_3419@example.com,Sarah Jones,+1-555-631-8768,"815 Smart City Ave, Street 11",North District,CTZ-003419,+1-555-886-5175,Engineer,3,A-,1,2026-05-25 08:02:18
3420,citizen_3420,citizen_3420@example.com,John Smith,+1-555-152-7320,"306 Smart City Ave, Street 20",West District,CTZ-003420,+1-555-173-9023,Technician,6,B-,1,2025-11-22 08:02:18
3421,citizen_3421,citizen_3421@example.com,John Williams,+1-555-367-4860,"374 Smart City Ave, Street 40",West District,CTZ-003421,+1-555-699-8197,Accountant,2,A-,1,2025-11-02 08:02:18
3422,citizen_3422,citizen_3422@example.com,Jennifer Martinez,+1-555-842-6921,"977 Smart City Ave, Street 22",North District,CTZ-003422,+1-555-798-2568,Doctor,3,A-,1,2026-05-14 08:02:18
3423,citizen_3423,citizen_3423@example.com,Karen Garcia,+1-555-293-7224,"300 Smart City Ave, Street 46",West District,CTZ-003423,+1-555-560-1739,Engineer,3,O+,0,2026-07-08 08:02:18
3424,citizen_3424,citizen_3424@example.com,William Moore,+1-555-944-8859,"220 Smart City Ave, Street 45",Central Zone,CTZ-003424,+1-555-399-5941,Technician,6,A-,1,2026-05-12 08:02:18
3425,citizen_3425,citizen_3425@example.com,Thomas Miller,+1-555-432-1272,"121 Smart City Ave, Street 20",North District,CTZ-003425,+1-555-890-9980,Manager,4,AB-,1,2026-01-05 08:02:18
3426,citizen_3426,citizen_3426@example.com,Jessica Johnson,+1-555-474-1534,"883 Smart City Ave, Street 37",East District,CTZ-003426,+1-555-454-3113,Doctor,1,O+,1,2025-11-17 08:02:18
3427,citizen_3427,citizen_3427@example.com,James Brown,+1-555-214-2690,"868 Smart City Ave, Street 47",North District,CTZ-003427,+1-555-105-5769,Business Owner,2,O+,0,2026-06-02 08:02:18
3428,citizen_3428,citizen_3428@example.com,William Gonzalez,+1-555-640-8406,"682 Smart City Ave, Street 45",Industrial Zone,CTZ-003428,+1-555-792-8568,Business Owner,4,A+,3,2026-06-22 08:02:18
3429,citizen_3429,citizen_3429@example.com,Mary Smith,+1-555-578-9171,"219 Smart City Ave, Street 6",North District,CTZ-003429,+1-555-978-4490,Teacher,6,AB-,1,2026-05-21 08:02:18
3430,citizen_3430,citizen_3430@example.com,Karen Wilson,+1-555-157-2851,"190 Smart City Ave, Street 32",North District,CTZ-003430,+1-555-614-1740,Architect,1,A+,3,2026-05-03 08:02:18
3431,citizen_3431,citizen_3431@example.com,William Rodriguez,+1-555-666-9171,"885 Smart City Ave, Street 3",Industrial Zone,CTZ-003431,+1-555-830-3171,Student,2,A+,0,2026-07-24 08:02:18
3432,citizen_3432,citizen_3432@example.com,Linda Rodriguez,+1-555-681-7018,"229 Smart City Ave, Street 22",Central Zone,CTZ-003432,+1-555-200-6356,Teacher,6,O-,0,2025-09-28 08:02:18
3433,citizen_3433,citizen_3433@example.com,William Jones,+1-555-311-1223,"679 Smart City Ave, Street 6",South District,CTZ-003433,+1-555-274-3698,Accountant,5,AB-,3,2026-02-12 08:02:18
3434,citizen_3434,citizen_3434@example.com,Elizabeth Davis,+1-555-612-1231,"548 Smart City Ave, Street 4",North District,CTZ-003434,+1-555-272-5417,Engineer,5,AB+,1,2026-06-25 08:02:18
3435,citizen_3435,citizen_3435@example.com,Elizabeth Lopez,+1-555-230-9873,"721 Smart City Ave, Street 13",Central Zone,CTZ-003435,+1-555-643-1851,Teacher,6,O+,1,2025-10-03 08:02:18
3436,citizen_3436,citizen_3436@example.com,Thomas Lopez,+1-555-740-2077,"841 Smart City Ave, Street 6",North District,CTZ-003436,+1-555-625-5525,Engineer,1,B-,1,2026-07-12 08:02:18
3437,citizen_3437,citizen_3437@example.com,Jennifer Martin,+1-555-514-2357,"85 Smart City Ave, Street 23",Central Zone,CTZ-003437,+1-555-864-3577,Architect,1,O+,1,2026-08-30 08:02:18
3438,citizen_3438,citizen_3438@example.com,Michael Martin,+1-555-534-2185,"563 Smart City Ave, Street 20",East District,CTZ-003438,+1-555-598-4948,Manager,4,A-,3,2026-03-23 08:02:18
3439,citizen_3439,citizen_3439@example.com,Charles Moore,+1-555-673-9822,"244 Smart City Ave, Street 20",West District,CTZ-003439,+1-555-589-1290,Doctor,2,A-,0,2025-10-09 08:02:18
3440,citizen_3440,citizen_3440@example.com,Patricia Thomas,+1-555-520-6430,"634 Smart City Ave, Street 3",East District,CTZ-003440,+1-555-608-1624,Civil Servant,6,O-,3,2026-03-13 08:02:18
3441,citizen_3441,citizen_3441@example.com,David Martinez,+1-555-544-9113,"942 Smart City Ave, Street 49",West District,CTZ-003441,+1-555-415-4349,Student,1,A+,3,2026-01-18 08:02:18
3442,citizen_3442,citizen_3442@example.com,Susan Jackson,+1-555-941-6139,"234 Smart City Ave, Street 27",South District,CTZ-003442,+1-555-886-8514,Architect,3,O-,2,2026-01-04 08:02:18
3443,citizen_3443,citizen_3443@example.com,David Brown,+1-555-487-3075,"268 Smart City Ave, Street 43",West District,CTZ-003443,+1-555-336-2076,Teacher,1,AB-,1,2026-04-21 08:02:18
3444,citizen_3444,citizen_3444@example.com,Sarah Rodriguez,+1-555-635-3610,"751 Smart City Ave, Street 18",Industrial Zone,CTZ-003444,+1-555-921-2061,Engineer,1,O+,3,2026-06-28 08:02:18
3445,citizen_3445,citizen_3445@example.com,Patricia Williams,+1-555-923-2876,"304 Smart City Ave, Street 14",South District,CTZ-003445,+1-555-387-2430,Accountant,5,B-,3,2026-02-21 08:02:18
3446,citizen_3446,citizen_3446@example.com,Jessica Hernandez,+1-555-598-1016,"970 Smart City Ave, Street 22",West District,CTZ-003446,+1-555-676-9946,Student,2,AB-,0,2025-12-07 08:02:18
3447,citizen_3447,citizen_3447@example.com,Robert Rodriguez,+1-555-349-5814,"378 Smart City Ave, Street 14",North District,CTZ-003447,+1-555-120-5419,Teacher,4,O+,0,2026-03-27 08:02:18
3448,citizen_3448,citizen_3448@example.com,Sarah Williams,+1-555-985-7767,"431 Smart City Ave, Street 22",South District,CTZ-003448,+1-555-526-4817,Accountant,6,O+,3,2026-06-16 08:02:18
3449,citizen_3449,citizen_3449@example.com,Thomas Johnson,+1-555-916-4812,"632 Smart City Ave, Street 45",Industrial Zone,CTZ-003449,+1-555-658-5542,Doctor,4,B+,3,2026-05-22 08:02:18
3450,citizen_3450,citizen_3450@example.com,Joseph Martinez,+1-555-702-6361,"170 Smart City Ave, Street 48",North District,CTZ-003450,+1-555-250-6012,Engineer,2,A-,2,2025-09-22 08:02:18
3451,citizen_3451,citizen_3451@example.com,Linda Wilson,+1-555-549-3929,"175 Smart City Ave, Street 16",West District,CTZ-003451,+1-555-952-3334,Student,4,B+,3,2026-04-30 08:02:18
3452,citizen_3452,citizen_3452@example.com,Joseph Taylor,+1-555-186-7802,"833 Smart City Ave, Street 17",East District,CTZ-003452,+1-555-543-7061,Accountant,4,O+,2,2025-11-20 08:02:18
3453,citizen_3453,citizen_3453@example.com,Robert Martinez,+1-555-717-5699,"113 Smart City Ave, Street 11",South District,CTZ-003453,+1-555-335-7362,Technician,6,B+,0,2026-07-19 08:02:18
3454,citizen_3454,citizen_3454@example.com,John Thomas,+1-555-337-5835,"344 Smart City Ave, Street 32",Central Zone,CTZ-003454,+1-555-768-3548,Business Owner,6,B-,0,2026-03-28 08:02:18
3455,citizen_3455,citizen_3455@example.com,John Martinez,+1-555-935-1323,"731 Smart City Ave, Street 4",West District,CTZ-003455,+1-555-794-4848,Teacher,4,A-,0,2026-05-05 08:02:18
3456,citizen_3456,citizen_3456@example.com,Karen Wilson,+1-555-788-9933,"568 Smart City Ave, Street 41",Industrial Zone,CTZ-003456,+1-555-784-5236,Technician,1,AB-,3,2026-01-17 08:02:18
3457,citizen_3457,citizen_3457@example.com,William Davis,+1-555-200-9360,"914 Smart City Ave, Street 17",North District,CTZ-003457,+1-555-159-2626,Accountant,3,AB-,2,2026-08-29 08:02:18
3458,citizen_3458,citizen_3458@example.com,Elizabeth Martin,+1-555-153-4352,"405 Smart City Ave, Street 11",West District,CTZ-003458,+1-555-674-2877,Doctor,5,A-,1,2025-09-13 08:02:18
3459,citizen_3459,citizen_3459@example.com,Charles Martin,+1-555-743-9507,"47 Smart City Ave, Street 49",South District,CTZ-003459,+1-555-692-3823,Teacher,6,B-,1,2026-01-14 08:02:18
3460,citizen_3460,citizen_3460@example.com,Richard Jackson,+1-555-259-2445,"196 Smart City Ave, Street 16",North District,CTZ-003460,+1-555-548-6143,Accountant,6,O+,1,2026-07-24 08:02:18
3461,citizen_3461,citizen_3461@example.com,Elizabeth Lopez,+1-555-866-3322,"806 Smart City Ave, Street 31",South District,CTZ-003461,+1-555-608-8377,Manager,4,AB+,2,2026-05-25 08:02:18
3462,citizen_3462,citizen_3462@example.com,Richard Wilson,+1-555-190-7508,"956 Smart City Ave, Street 46",Central Zone,CTZ-003462,+1-555-454-5189,Accountant,1,AB-,2,2025-12-07 08:02:18
3463,citizen_3463,citizen_3463@example.com,Susan Johnson,+1-555-817-8409,"752 Smart City Ave, Street 23",East District,CTZ-003463,+1-555-790-3198,Doctor,2,B+,2,2026-03-30 08:02:18
3464,citizen_3464,citizen_3464@example.com,Susan Lopez,+1-555-720-2981,"635 Smart City Ave, Street 32",East District,CTZ-003464,+1-555-860-9598,Student,3,B+,0,2026-02-06 08:02:18
3465,citizen_3465,citizen_3465@example.com,Richard Davis,+1-555-226-6999,"334 Smart City Ave, Street 38",Central Zone,CTZ-003465,+1-555-979-7788,Business Owner,5,B-,0,2025-10-02 08:02:18
3466,citizen_3466,citizen_3466@example.com,William Moore,+1-555-981-1368,"361 Smart City Ave, Street 46",West District,CTZ-003466,+1-555-529-7597,Accountant,3,A+,1,2026-03-24 08:02:18
3467,citizen_3467,citizen_3467@example.com,James Jackson,+1-555-235-3959,"371 Smart City Ave, Street 32",East District,CTZ-003467,+1-555-779-9016,Engineer,4,O-,0,2025-09-27 08:02:18
3468,citizen_3468,citizen_3468@example.com,Michael Thomas,+1-555-652-7101,"127 Smart City Ave, Street 50",Industrial Zone,CTZ-003468,+1-555-173-6605,Architect,2,B+,2,2026-03-10 08:02:18
3469,citizen_3469,citizen_3469@example.com,Susan Martin,+1-555-347-7956,"277 Smart City Ave, Street 20",South District,CTZ-003469,+1-555-542-2231,Architect,2,A-,1,2026-01-17 08:02:18
3470,citizen_3470,citizen_3470@example.com,Mary Garcia,+1-555-960-4197,"444 Smart City Ave, Street 48",West District,CTZ-003470,+1-555-135-6971,Student,5,O+,0,2026-05-20 08:02:18
3471,citizen_3471,citizen_3471@example.com,William Miller,+1-555-471-3778,"836 Smart City Ave, Street 7",South District,CTZ-003471,+1-555-246-8715,Manager,6,A-,2,2025-11-24 08:02:18
3472,citizen_3472,citizen_3472@example.com,Linda Brown,+1-555-217-9140,"84 Smart City Ave, Street 9",West District,CTZ-003472,+1-555-922-5683,Engineer,6,O-,2,2026-03-18 08:02:18
3473,citizen_3473,citizen_3473@example.com,Charles Smith,+1-555-148-3931,"667 Smart City Ave, Street 36",East District,CTZ-003473,+1-555-352-7743,Student,2,B-,1,2026-03-26 08:02:18
3474,citizen_3474,citizen_3474@example.com,Barbara Martinez,+1-555-795-7967,"420 Smart City Ave, Street 17",North District,CTZ-003474,+1-555-737-6170,Student,2,B+,0,2026-01-11 08:02:18
3475,citizen_3475,citizen_3475@example.com,Patricia Gonzalez,+1-555-114-7943,"556 Smart City Ave, Street 43",Central Zone,CTZ-003475,+1-555-320-3355,Doctor,4,O-,3,2026-03-10 08:02:18
3476,citizen_3476,citizen_3476@example.com,Michael Gonzalez,+1-555-427-2082,"48 Smart City Ave, Street 31",Industrial Zone,CTZ-003476,+1-555-314-9935,Engineer,2,A+,0,2026-02-07 08:02:18
3477,citizen_3477,citizen_3477@example.com,Elizabeth Rodriguez,+1-555-110-6810,"927 Smart City Ave, Street 33",North District,CTZ-003477,+1-555-783-1332,Accountant,6,B-,0,2026-01-02 08:02:18
3478,citizen_3478,citizen_3478@example.com,Barbara Taylor,+1-555-532-9435,"326 Smart City Ave, Street 8",North District,CTZ-003478,+1-555-212-6368,Business Owner,4,A-,1,2026-01-07 08:02:18
3479,citizen_3479,citizen_3479@example.com,William Taylor,+1-555-874-3839,"439 Smart City Ave, Street 31",South District,CTZ-003479,+1-555-657-6757,Manager,3,A-,1,2026-07-03 08:02:18
3480,citizen_3480,citizen_3480@example.com,James Brown,+1-555-309-8521,"603 Smart City Ave, Street 46",Central Zone,CTZ-003480,+1-555-227-9443,Business Owner,2,B-,2,2026-02-02 08:02:18
3481,citizen_3481,citizen_3481@example.com,Elizabeth Moore,+1-555-200-1321,"925 Smart City Ave, Street 5",Industrial Zone,CTZ-003481,+1-555-429-3007,Manager,3,O-,3,2025-10-27 08:02:18
3482,citizen_3482,citizen_3482@example.com,James Rodriguez,+1-555-685-2234,"474 Smart City Ave, Street 35",Central Zone,CTZ-003482,+1-555-609-3111,Manager,6,B+,0,2025-11-16 08:02:18
3483,citizen_3483,citizen_3483@example.com,James Moore,+1-555-731-8133,"463 Smart City Ave, Street 8",South District,CTZ-003483,+1-555-639-4234,Student,4,AB-,3,2025-12-31 08:02:18
3484,citizen_3484,citizen_3484@example.com,Richard Lopez,+1-555-996-4185,"693 Smart City Ave, Street 44",Central Zone,CTZ-003484,+1-555-530-9308,Civil Servant,1,B+,2,2026-08-04 08:02:18
3485,citizen_3485,citizen_3485@example.com,Jessica Moore,+1-555-951-2111,"514 Smart City Ave, Street 27",West District,CTZ-003485,+1-555-714-3801,Teacher,1,O-,3,2026-03-17 08:02:18
3486,citizen_3486,citizen_3486@example.com,Michael Gonzalez,+1-555-890-8680,"663 Smart City Ave, Street 34",Industrial Zone,CTZ-003486,+1-555-951-6021,Teacher,6,AB-,1,2026-04-23 08:02:18
3487,citizen_3487,citizen_3487@example.com,Jessica Miller,+1-555-547-2885,"529 Smart City Ave, Street 36",Industrial Zone,CTZ-003487,+1-555-102-3061,Technician,6,O+,0,2025-11-15 08:02:18
3488,citizen_3488,citizen_3488@example.com,Susan Thomas,+1-555-856-9736,"318 Smart City Ave, Street 11",North District,CTZ-003488,+1-555-222-6212,Student,3,O-,1,2026-03-10 08:02:18
3489,citizen_3489,citizen_3489@example.com,Charles Taylor,+1-555-702-6691,"332 Smart City Ave, Street 24",Central Zone,CTZ-003489,+1-555-452-6660,Civil Servant,1,AB+,2,2026-03-23 08:02:18
3490,citizen_3490,citizen_3490@example.com,Robert Johnson,+1-555-254-7869,"953 Smart City Ave, Street 11",East District,CTZ-003490,+1-555-320-1651,Accountant,2,AB+,0,2026-01-20 08:02:18
3491,citizen_3491,citizen_3491@example.com,Patricia Miller,+1-555-213-2919,"293 Smart City Ave, Street 2",North District,CTZ-003491,+1-555-142-4575,Civil Servant,6,O+,1,2025-10-27 08:02:18
3492,citizen_3492,citizen_3492@example.com,Karen Wilson,+1-555-699-4904,"596 Smart City Ave, Street 17",Industrial Zone,CTZ-003492,+1-555-420-4521,Accountant,4,O+,1,2025-09-30 08:02:18
3493,citizen_3493,citizen_3493@example.com,William Rodriguez,+1-555-750-8949,"869 Smart City Ave, Street 18",West District,CTZ-003493,+1-555-190-1394,Business Owner,2,A+,3,2026-09-02 08:02:18
3494,citizen_3494,citizen_3494@example.com,James Johnson,+1-555-580-8060,"380 Smart City Ave, Street 20",West District,CTZ-003494,+1-555-735-2693,Civil Servant,5,B+,0,2025-12-01 08:02:18
3495,citizen_3495,citizen_3495@example.com,Joseph Brown,+1-555-772-8800,"24 Smart City Ave, Street 47",Central Zone,CTZ-003495,+1-555-836-5623,Architect,6,AB+,1,2025-12-23 08:02:18
3496,citizen_3496,citizen_3496@example.com,Thomas Moore,+1-555-264-7519,"98 Smart City Ave, Street 20",Central Zone,CTZ-003496,+1-555-419-8642,Student,5,B-,1,2026-04-21 08:02:18
3497,citizen_3497,citizen_3497@example.com,James Williams,+1-555-414-1832,"216 Smart City Ave, Street 40",Industrial Zone,CTZ-003497,+1-555-132-4283,Teacher,5,B+,3,2025-09-07 08:02:18
3498,citizen_3498,citizen_3498@example.com,Jennifer Jones,+1-555-738-5141,"364 Smart City Ave, Street 6",East District,CTZ-003498,+1-555-614-4316,Student,3,AB-,3,2026-06-05 08:02:18
3499,citizen_3499,citizen_3499@example.com,Thomas Martinez,+1-555-339-5701,"159 Smart City Ave, Street 44",Industrial Zone,CTZ-003499,+1-555-604-9672,Civil Servant,5,AB+,1,2026-03-01 08:02:18
3500,citizen_3500,citizen_3500@example.com,Jennifer Gonzalez,+1-555-968-6218,"931 Smart City Ave, Street 5",East District,CTZ-003500,+1-555-556-5484,Accountant,1,O-,1,2025-10-25 08:02:18
3501,citizen_3501,citizen_3501@example.com,David Williams,+1-555-832-5524,"833 Smart City Ave, Street 7",Industrial Zone,CTZ-003501,+1-555-245-5774,Architect,6,O+,1,2026-03-05 08:02:18
3502,citizen_3502,citizen_3502@example.com,Mary Wilson,+1-555-526-5076,"735 Smart City Ave, Street 14",West District,CTZ-003502,+1-555-524-3961,Accountant,5,B+,1,2026-02-18 08:02:18
3503,citizen_3503,citizen_3503@example.com,Thomas Wilson,+1-555-664-3330,"191 Smart City Ave, Street 18",East District,CTZ-003503,+1-555-449-8874,Technician,5,AB-,3,2026-07-28 08:02:18
3504,citizen_3504,citizen_3504@example.com,Elizabeth Johnson,+1-555-980-9135,"423 Smart City Ave, Street 34",Central Zone,CTZ-003504,+1-555-199-4866,Technician,4,O-,2,2026-01-17 08:02:18
3505,citizen_3505,citizen_3505@example.com,Sarah Davis,+1-555-462-1416,"49 Smart City Ave, Street 22",South District,CTZ-003505,+1-555-578-1477,Technician,3,B-,1,2025-12-19 08:02:18
3506,citizen_3506,citizen_3506@example.com,Elizabeth Rodriguez,+1-555-236-7113,"781 Smart City Ave, Street 1",Industrial Zone,CTZ-003506,+1-555-176-3325,Engineer,6,A+,2,2026-08-26 08:02:18
3507,citizen_3507,citizen_3507@example.com,Patricia Davis,+1-555-715-9248,"244 Smart City Ave, Street 29",Industrial Zone,CTZ-003507,+1-555-931-7660,Engineer,2,A-,0,2026-07-10 08:02:18
3508,citizen_3508,citizen_3508@example.com,Charles Jones,+1-555-897-5380,"549 Smart City Ave, Street 49",South District,CTZ-003508,+1-555-331-5103,Manager,5,A-,1,2025-12-15 08:02:18
3509,citizen_3509,citizen_3509@example.com,John Brown,+1-555-972-8983,"292 Smart City Ave, Street 45",North District,CTZ-003509,+1-555-525-3663,Civil Servant,3,B+,1,2026-01-17 08:02:18
3510,citizen_3510,citizen_3510@example.com,John Jones,+1-555-426-4628,"319 Smart City Ave, Street 20",Industrial Zone,CTZ-003510,+1-555-308-4046,Student,2,O-,0,2025-12-02 08:02:18
3511,citizen_3511,citizen_3511@example.com,William Miller,+1-555-102-2000,"312 Smart City Ave, Street 37",East District,CTZ-003511,+1-555-360-4637,Business Owner,5,AB-,2,2026-04-02 08:02:18
3512,citizen_3512,citizen_3512@example.com,Susan Smith,+1-555-262-9175,"822 Smart City Ave, Street 8",South District,CTZ-003512,+1-555-987-1492,Engineer,6,B-,2,2026-06-10 08:02:18
3513,citizen_3513,citizen_3513@example.com,Michael Gonzalez,+1-555-646-1278,"558 Smart City Ave, Street 39",West District,CTZ-003513,+1-555-925-3522,Doctor,3,B-,0,2025-12-07 08:02:18
3514,citizen_3514,citizen_3514@example.com,Jennifer Jones,+1-555-855-5503,"372 Smart City Ave, Street 1",West District,CTZ-003514,+1-555-455-8554,Architect,3,O-,1,2026-03-23 08:02:18
3515,citizen_3515,citizen_3515@example.com,Mary Gonzalez,+1-555-553-7642,"970 Smart City Ave, Street 16",North District,CTZ-003515,+1-555-437-3715,Technician,5,A+,1,2025-11-04 08:02:18
3516,citizen_3516,citizen_3516@example.com,Barbara Moore,+1-555-374-8112,"694 Smart City Ave, Street 47",Central Zone,CTZ-003516,+1-555-212-9152,Student,3,A+,3,2025-12-01 08:02:18
3517,citizen_3517,citizen_3517@example.com,Michael Jackson,+1-555-108-1313,"762 Smart City Ave, Street 40",East District,CTZ-003517,+1-555-997-6064,Teacher,2,O-,3,2026-05-15 08:02:18
3518,citizen_3518,citizen_3518@example.com,James Davis,+1-555-976-5856,"950 Smart City Ave, Street 22",South District,CTZ-003518,+1-555-626-5275,Student,3,A+,3,2026-01-17 08:02:18
3519,citizen_3519,citizen_3519@example.com,Sarah Jackson,+1-555-889-5382,"881 Smart City Ave, Street 19",South District,CTZ-003519,+1-555-458-3723,Manager,1,O-,3,2026-01-25 08:02:18
3520,citizen_3520,citizen_3520@example.com,Michael Thomas,+1-555-194-5242,"869 Smart City Ave, Street 14",Industrial Zone,CTZ-003520,+1-555-405-4310,Civil Servant,2,B-,2,2025-11-30 08:02:18
3521,citizen_3521,citizen_3521@example.com,Patricia Smith,+1-555-868-8422,"536 Smart City Ave, Street 19",East District,CTZ-003521,+1-555-763-3807,Student,4,AB-,3,2026-07-31 08:02:18
3522,citizen_3522,citizen_3522@example.com,James Garcia,+1-555-811-8068,"417 Smart City Ave, Street 47",East District,CTZ-003522,+1-555-184-1074,Accountant,3,B+,1,2026-07-28 08:02:18
3523,citizen_3523,citizen_3523@example.com,Sarah Smith,+1-555-194-6101,"982 Smart City Ave, Street 9",Industrial Zone,CTZ-003523,+1-555-488-6545,Doctor,6,O+,0,2026-08-15 08:02:18
3524,citizen_3524,citizen_3524@example.com,Sarah Lopez,+1-555-175-5126,"434 Smart City Ave, Street 5",Industrial Zone,CTZ-003524,+1-555-665-2213,Student,6,A-,1,2025-12-18 08:02:18
3525,citizen_3525,citizen_3525@example.com,Mary Taylor,+1-555-365-4120,"647 Smart City Ave, Street 28",Central Zone,CTZ-003525,+1-555-508-6490,Technician,4,AB-,0,2026-01-20 08:02:18
3526,citizen_3526,citizen_3526@example.com,David Davis,+1-555-415-8366,"216 Smart City Ave, Street 11",East District,CTZ-003526,+1-555-655-9290,Technician,3,AB+,0,2026-03-25 08:02:18
3527,citizen_3527,citizen_3527@example.com,Susan Davis,+1-555-345-9860,"807 Smart City Ave, Street 26",Central Zone,CTZ-003527,+1-555-246-9565,Business Owner,2,O+,0,2025-09-19 08:02:18
3528,citizen_3528,citizen_3528@example.com,David Moore,+1-555-859-6438,"845 Smart City Ave, Street 23",North District,CTZ-003528,+1-555-365-5380,Architect,5,A-,0,2026-03-06 08:02:18
3529,citizen_3529,citizen_3529@example.com,Sarah Anderson,+1-555-171-3793,"98 Smart City Ave, Street 17",Central Zone,CTZ-003529,+1-555-777-2126,Architect,4,O+,0,2025-09-04 08:02:18
3530,citizen_3530,citizen_3530@example.com,Linda Rodriguez,+1-555-380-6833,"843 Smart City Ave, Street 21",West District,CTZ-003530,+1-555-525-8644,Architect,1,AB+,3,2025-11-28 08:02:18
3531,citizen_3531,citizen_3531@example.com,Barbara Johnson,+1-555-673-2192,"274 Smart City Ave, Street 20",North District,CTZ-003531,+1-555-207-6157,Accountant,1,B-,1,2026-05-18 08:02:18
3532,citizen_3532,citizen_3532@example.com,Joseph Moore,+1-555-959-3097,"816 Smart City Ave, Street 21",Industrial Zone,CTZ-003532,+1-555-880-3984,Student,5,B-,1,2026-08-22 08:02:18
3533,citizen_3533,citizen_3533@example.com,Barbara Martin,+1-555-661-4151,"314 Smart City Ave, Street 37",Central Zone,CTZ-003533,+1-555-278-7850,Doctor,6,A+,1,2025-12-24 08:02:18
3534,citizen_3534,citizen_3534@example.com,Sarah Martinez,+1-555-598-4829,"334 Smart City Ave, Street 37",East District,CTZ-003534,+1-555-462-4690,Architect,4,O+,3,2025-12-28 08:02:18
3535,citizen_3535,citizen_3535@example.com,Charles Miller,+1-555-248-5066,"738 Smart City Ave, Street 48",East District,CTZ-003535,+1-555-649-5437,Doctor,6,AB+,1,2025-11-29 08:02:18
3536,citizen_3536,citizen_3536@example.com,Barbara Jones,+1-555-294-3590,"414 Smart City Ave, Street 45",North District,CTZ-003536,+1-555-424-8461,Technician,5,A+,1,2025-12-22 08:02:18
3537,citizen_3537,citizen_3537@example.com,Patricia Thomas,+1-555-378-2345,"655 Smart City Ave, Street 21",Industrial Zone,CTZ-003537,+1-555-975-6696,Doctor,4,A-,1,2025-11-16 08:02:18
3538,citizen_3538,citizen_3538@example.com,Jennifer Thomas,+1-555-262-2679,"267 Smart City Ave, Street 36",Industrial Zone,CTZ-003538,+1-555-322-4997,Architect,6,AB+,0,2026-04-19 08:02:18
3539,citizen_3539,citizen_3539@example.com,David Martinez,+1-555-529-9887,"45 Smart City Ave, Street 45",East District,CTZ-003539,+1-555-582-9466,Technician,3,B+,2,2025-10-25 08:02:18
3540,citizen_3540,citizen_3540@example.com,Jessica Jackson,+1-555-501-2838,"819 Smart City Ave, Street 21",Central Zone,CTZ-003540,+1-555-570-5022,Technician,1,B-,2,2025-10-29 08:02:18
3541,citizen_3541,citizen_3541@example.com,Elizabeth Moore,+1-555-299-6991,"821 Smart City Ave, Street 26",West District,CTZ-003541,+1-555-729-6000,Teacher,4,A+,1,2026-06-17 08:02:18
3542,citizen_3542,citizen_3542@example.com,Joseph Hernandez,+1-555-760-5640,"895 Smart City Ave, Street 47",South District,CTZ-003542,+1-555-382-3563,Civil Servant,2,O-,2,2026-07-25 08:02:18
3543,citizen_3543,citizen_3543@example.com,James Anderson,+1-555-188-8133,"263 Smart City Ave, Street 42",Industrial Zone,CTZ-003543,+1-555-770-3826,Civil Servant,6,A-,3,2025-09-08 08:02:18
3544,citizen_3544,citizen_3544@example.com,Patricia Taylor,+1-555-824-2134,"988 Smart City Ave, Street 46",Industrial Zone,CTZ-003544,+1-555-542-7706,Civil Servant,2,O+,2,2025-09-29 08:02:18
3545,citizen_3545,citizen_3545@example.com,Thomas Thomas,+1-555-344-1441,"743 Smart City Ave, Street 15",South District,CTZ-003545,+1-555-364-8737,Architect,2,A-,0,2026-04-14 08:02:18
3546,citizen_3546,citizen_3546@example.com,William Wilson,+1-555-878-8244,"506 Smart City Ave, Street 8",Industrial Zone,CTZ-003546,+1-555-348-4249,Doctor,1,O-,2,2026-01-02 08:02:18
3547,citizen_3547,citizen_3547@example.com,Jennifer Davis,+1-555-369-1956,"327 Smart City Ave, Street 4",West District,CTZ-003547,+1-555-135-2155,Business Owner,3,AB+,3,2025-11-19 08:02:18
3548,citizen_3548,citizen_3548@example.com,Mary Thomas,+1-555-922-2157,"767 Smart City Ave, Street 5",Industrial Zone,CTZ-003548,+1-555-577-4978,Student,3,O-,2,2026-04-06 08:02:18
3549,citizen_3549,citizen_3549@example.com,James Williams,+1-555-909-6966,"624 Smart City Ave, Street 49",North District,CTZ-003549,+1-555-930-9080,Manager,1,B-,1,2026-06-29 08:02:18
3550,citizen_3550,citizen_3550@example.com,Jessica Gonzalez,+1-555-926-5468,"373 Smart City Ave, Street 7",West District,CTZ-003550,+1-555-725-1350,Student,3,O-,1,2026-04-13 08:02:18
3551,citizen_3551,citizen_3551@example.com,Karen Gonzalez,+1-555-608-9797,"487 Smart City Ave, Street 50",West District,CTZ-003551,+1-555-915-5404,Accountant,4,O-,2,2026-04-24 08:02:18
3552,citizen_3552,citizen_3552@example.com,Mary Hernandez,+1-555-469-6550,"728 Smart City Ave, Street 46",West District,CTZ-003552,+1-555-861-4578,Engineer,4,A+,3,2026-02-12 08:02:18
3553,citizen_3553,citizen_3553@example.com,Jessica Thomas,+1-555-776-1067,"545 Smart City Ave, Street 47",East District,CTZ-003553,+1-555-453-2211,Civil Servant,5,AB-,0,2026-02-17 08:02:18
3554,citizen_3554,citizen_3554@example.com,Jennifer Smith,+1-555-498-3886,"617 Smart City Ave, Street 42",North District,CTZ-003554,+1-555-127-6515,Civil Servant,6,B+,1,2025-09-29 08:02:18
3555,citizen_3555,citizen_3555@example.com,Joseph Martinez,+1-555-649-1424,"387 Smart City Ave, Street 11",North District,CTZ-003555,+1-555-814-7607,Doctor,1,A+,2,2025-11-30 08:02:18
3556,citizen_3556,citizen_3556@example.com,William Williams,+1-555-118-5958,"129 Smart City Ave, Street 34",Central Zone,CTZ-003556,+1-555-735-6030,Civil Servant,4,B+,1,2026-08-31 08:02:18
3557,citizen_3557,citizen_3557@example.com,Karen Gonzalez,+1-555-697-9316,"804 Smart City Ave, Street 42",North District,CTZ-003557,+1-555-659-5419,Business Owner,4,B+,3,2026-07-28 08:02:18
3558,citizen_3558,citizen_3558@example.com,Elizabeth Moore,+1-555-626-3921,"825 Smart City Ave, Street 33",Industrial Zone,CTZ-003558,+1-555-529-8164,Technician,3,AB+,1,2026-08-12 08:02:18
3559,citizen_3559,citizen_3559@example.com,James Smith,+1-555-434-4368,"356 Smart City Ave, Street 48",Industrial Zone,CTZ-003559,+1-555-376-8931,Student,4,B+,1,2025-10-12 08:02:18
3560,citizen_3560,citizen_3560@example.com,Susan Jones,+1-555-241-3713,"48 Smart City Ave, Street 45",East District,CTZ-003560,+1-555-138-5127,Architect,5,B+,3,2026-05-15 08:02:18
3561,citizen_3561,citizen_3561@example.com,Jessica Davis,+1-555-860-4050,"293 Smart City Ave, Street 41",Central Zone,CTZ-003561,+1-555-988-6504,Technician,2,B-,0,2026-02-15 08:02:18
3562,citizen_3562,citizen_3562@example.com,Michael Rodriguez,+1-555-883-2835,"598 Smart City Ave, Street 41",Central Zone,CTZ-003562,+1-555-516-8363,Student,3,AB-,2,2026-07-17 08:02:18
3563,citizen_3563,citizen_3563@example.com,Mary Taylor,+1-555-455-7625,"792 Smart City Ave, Street 10",North District,CTZ-003563,+1-555-109-7662,Teacher,1,B-,3,2025-11-02 08:02:18
3564,citizen_3564,citizen_3564@example.com,Charles Brown,+1-555-557-6080,"127 Smart City Ave, Street 9",Industrial Zone,CTZ-003564,+1-555-883-4889,Teacher,6,O-,1,2026-01-13 08:02:18
3565,citizen_3565,citizen_3565@example.com,James Moore,+1-555-369-8188,"407 Smart City Ave, Street 42",Central Zone,CTZ-003565,+1-555-228-2289,Manager,4,A+,1,2026-05-27 08:02:18
3566,citizen_3566,citizen_3566@example.com,Karen Moore,+1-555-268-1570,"661 Smart City Ave, Street 46",West District,CTZ-003566,+1-555-837-6482,Teacher,4,A+,1,2025-10-11 08:02:18
3567,citizen_3567,citizen_3567@example.com,Mary Moore,+1-555-961-1808,"434 Smart City Ave, Street 28",Industrial Zone,CTZ-003567,+1-555-444-3422,Student,5,A-,1,2025-10-11 08:02:18
3568,citizen_3568,citizen_3568@example.com,Linda Taylor,+1-555-933-9293,"480 Smart City Ave, Street 42",Central Zone,CTZ-003568,+1-555-362-6153,Engineer,1,O-,2,2026-05-28 08:02:18
3569,citizen_3569,citizen_3569@example.com,Charles Thomas,+1-555-974-5741,"359 Smart City Ave, Street 16",West District,CTZ-003569,+1-555-711-5358,Business Owner,2,O+,3,2026-01-14 08:02:18
3570,citizen_3570,citizen_3570@example.com,Richard Taylor,+1-555-848-2691,"79 Smart City Ave, Street 8",South District,CTZ-003570,+1-555-743-1605,Architect,6,B-,3,2026-01-30 08:02:18
3571,citizen_3571,citizen_3571@example.com,Patricia Brown,+1-555-148-8364,"897 Smart City Ave, Street 40",West District,CTZ-003571,+1-555-718-1604,Architect,3,O-,1,2026-02-18 08:02:18
3572,citizen_3572,citizen_3572@example.com,Mary Martinez,+1-555-806-3004,"311 Smart City Ave, Street 1",North District,CTZ-003572,+1-555-479-8602,Technician,2,AB+,1,2025-12-11 08:02:18
3573,citizen_3573,citizen_3573@example.com,David Wilson,+1-555-161-7880,"181 Smart City Ave, Street 33",West District,CTZ-003573,+1-555-218-6746,Technician,5,A+,1,2026-08-07 08:02:18
3574,citizen_3574,citizen_3574@example.com,William Rodriguez,+1-555-536-8742,"351 Smart City Ave, Street 9",South District,CTZ-003574,+1-555-387-6881,Student,3,B+,1,2026-02-11 08:02:18
3575,citizen_3575,citizen_3575@example.com,Karen Martinez,+1-555-556-2197,"255 Smart City Ave, Street 24",North District,CTZ-003575,+1-555-418-9250,Civil Servant,6,O-,2,2026-08-08 08:02:18
3576,citizen_3576,citizen_3576@example.com,Thomas Garcia,+1-555-800-8367,"484 Smart City Ave, Street 7",West District,CTZ-003576,+1-555-786-3013,Manager,2,B-,0,2025-10-02 08:02:18
3577,citizen_3577,citizen_3577@example.com,Linda Jones,+1-555-801-8220,"81 Smart City Ave, Street 11",West District,CTZ-003577,+1-555-179-7359,Teacher,2,O-,2,2026-05-22 08:02:18
3578,citizen_3578,citizen_3578@example.com,David Jones,+1-555-452-7320,"634 Smart City Ave, Street 29",Central Zone,CTZ-003578,+1-555-887-4906,Student,3,O-,0,2026-03-02 08:02:18
3579,citizen_3579,citizen_3579@example.com,Robert Davis,+1-555-790-4805,"785 Smart City Ave, Street 26",Industrial Zone,CTZ-003579,+1-555-226-9411,Technician,6,A+,2,2026-04-26 08:02:18
3580,citizen_3580,citizen_3580@example.com,Karen Lopez,+1-555-904-4119,"512 Smart City Ave, Street 44",East District,CTZ-003580,+1-555-624-7440,Manager,3,AB-,3,2026-02-02 08:02:18
3581,citizen_3581,citizen_3581@example.com,Michael Garcia,+1-555-542-8007,"688 Smart City Ave, Street 27",West District,CTZ-003581,+1-555-584-6232,Student,4,A+,3,2025-12-19 08:02:18
3582,citizen_3582,citizen_3582@example.com,William Anderson,+1-555-648-3108,"354 Smart City Ave, Street 29",East District,CTZ-003582,+1-555-236-2202,Civil Servant,1,B+,1,2026-01-01 08:02:18
3583,citizen_3583,citizen_3583@example.com,Karen Garcia,+1-555-774-4723,"67 Smart City Ave, Street 25",North District,CTZ-003583,+1-555-672-6630,Teacher,4,O-,0,2025-10-29 08:02:18
3584,citizen_3584,citizen_3584@example.com,Jessica Johnson,+1-555-314-1117,"737 Smart City Ave, Street 37",East District,CTZ-003584,+1-555-962-4259,Teacher,5,A+,2,2026-06-25 08:02:18
3585,citizen_3585,citizen_3585@example.com,William Wilson,+1-555-267-4357,"773 Smart City Ave, Street 5",Central Zone,CTZ-003585,+1-555-389-1746,Manager,2,A+,0,2025-10-16 08:02:18
3586,citizen_3586,citizen_3586@example.com,Richard Moore,+1-555-401-6803,"265 Smart City Ave, Street 23",South District,CTZ-003586,+1-555-432-3885,Engineer,4,O-,3,2025-09-09 08:02:18
3587,citizen_3587,citizen_3587@example.com,David Jones,+1-555-306-8440,"180 Smart City Ave, Street 7",North District,CTZ-003587,+1-555-827-8262,Manager,4,B+,3,2025-11-03 08:02:18
3588,citizen_3588,citizen_3588@example.com,Elizabeth Jones,+1-555-313-9025,"515 Smart City Ave, Street 31",South District,CTZ-003588,+1-555-912-7802,Teacher,6,B+,1,2026-02-26 08:02:18
3589,citizen_3589,citizen_3589@example.com,John Martin,+1-555-454-5038,"408 Smart City Ave, Street 22",North District,CTZ-003589,+1-555-194-3691,Doctor,1,A-,3,2026-03-26 08:02:18
3590,citizen_3590,citizen_3590@example.com,Charles Taylor,+1-555-204-3199,"232 Smart City Ave, Street 8",West District,CTZ-003590,+1-555-244-4692,Student,3,AB-,3,2025-11-13 08:02:18
3591,citizen_3591,citizen_3591@example.com,Susan Martinez,+1-555-559-3053,"722 Smart City Ave, Street 33",Industrial Zone,CTZ-003591,+1-555-392-3277,Accountant,5,AB+,0,2026-04-23 08:02:18
3592,citizen_3592,citizen_3592@example.com,Richard Davis,+1-555-591-1333,"917 Smart City Ave, Street 46",East District,CTZ-003592,+1-555-291-5897,Doctor,3,O+,2,2026-03-23 08:02:18
3593,citizen_3593,citizen_3593@example.com,Barbara Martin,+1-555-574-2010,"199 Smart City Ave, Street 6",Central Zone,CTZ-003593,+1-555-296-7346,Accountant,3,B+,1,2026-08-16 08:02:18
3594,citizen_3594,citizen_3594@example.com,Robert Anderson,+1-555-324-5703,"94 Smart City Ave, Street 35",South District,CTZ-003594,+1-555-583-8301,Engineer,1,O-,3,2025-11-18 08:02:18
3595,citizen_3595,citizen_3595@example.com,Michael Thomas,+1-555-482-8451,"157 Smart City Ave, Street 3",West District,CTZ-003595,+1-555-211-1380,Technician,5,AB+,1,2026-05-03 08:02:18
3596,citizen_3596,citizen_3596@example.com,Patricia Rodriguez,+1-555-242-5962,"763 Smart City Ave, Street 41",Industrial Zone,CTZ-003596,+1-555-659-6096,Technician,1,A-,3,2026-07-06 08:02:18
3597,citizen_3597,citizen_3597@example.com,Sarah Miller,+1-555-488-4530,"477 Smart City Ave, Street 45",Industrial Zone,CTZ-003597,+1-555-345-9103,Business Owner,3,O+,0,2026-01-26 08:02:18
3598,citizen_3598,citizen_3598@example.com,David Rodriguez,+1-555-189-7908,"652 Smart City Ave, Street 11",West District,CTZ-003598,+1-555-731-7923,Accountant,6,O-,2,2025-10-23 08:02:18
3599,citizen_3599,citizen_3599@example.com,William Smith,+1-555-704-8761,"129 Smart City Ave, Street 38",North District,CTZ-003599,+1-555-403-8148,Engineer,2,AB-,3,2025-10-02 08:02:18
3600,citizen_3600,citizen_3600@example.com,Charles Thomas,+1-555-674-4591,"221 Smart City Ave, Street 16",North District,CTZ-003600,+1-555-614-8019,Accountant,1,O-,1,2026-07-24 08:02:18
3601,citizen_3601,citizen_3601@example.com,Charles Gonzalez,+1-555-730-4359,"921 Smart City Ave, Street 8",East District,CTZ-003601,+1-555-629-4002,Business Owner,4,A+,1,2025-11-12 08:02:18
3602,citizen_3602,citizen_3602@example.com,Linda Martin,+1-555-422-4980,"805 Smart City Ave, Street 5",Industrial Zone,CTZ-003602,+1-555-526-5149,Architect,5,A+,1,2025-10-16 08:02:18
3603,citizen_3603,citizen_3603@example.com,John Martinez,+1-555-114-6813,"133 Smart City Ave, Street 44",Central Zone,CTZ-003603,+1-555-483-3913,Business Owner,5,B-,3,2025-12-24 08:02:18
3604,citizen_3604,citizen_3604@example.com,Richard Anderson,+1-555-273-1078,"141 Smart City Ave, Street 4",East District,CTZ-003604,+1-555-788-6867,Technician,2,A+,3,2026-03-08 08:02:18
3605,citizen_3605,citizen_3605@example.com,Jennifer Miller,+1-555-155-6658,"471 Smart City Ave, Street 45",South District,CTZ-003605,+1-555-528-8899,Doctor,6,AB-,2,2025-09-23 08:02:18
3606,citizen_3606,citizen_3606@example.com,Michael Miller,+1-555-837-7352,"456 Smart City Ave, Street 27",North District,CTZ-003606,+1-555-994-7898,Manager,5,O+,0,2025-10-29 08:02:18
3607,citizen_3607,citizen_3607@example.com,Richard Jackson,+1-555-778-2660,"68 Smart City Ave, Street 11",Industrial Zone,CTZ-003607,+1-555-787-7188,Engineer,4,A+,0,2025-10-09 08:02:18
3608,citizen_3608,citizen_3608@example.com,Thomas Taylor,+1-555-715-1150,"541 Smart City Ave, Street 43",North District,CTZ-003608,+1-555-152-6532,Architect,4,AB-,1,2025-10-10 08:02:18
3609,citizen_3609,citizen_3609@example.com,David Miller,+1-555-684-2107,"646 Smart City Ave, Street 6",Central Zone,CTZ-003609,+1-555-605-4604,Accountant,2,AB+,2,2025-10-18 08:02:18
3610,citizen_3610,citizen_3610@example.com,Susan Martinez,+1-555-575-1880,"400 Smart City Ave, Street 45",East District,CTZ-003610,+1-555-783-5009,Civil Servant,6,O-,3,2026-07-01 08:02:18
3611,citizen_3611,citizen_3611@example.com,David Jackson,+1-555-962-3061,"948 Smart City Ave, Street 11",South District,CTZ-003611,+1-555-474-3219,Civil Servant,1,A-,2,2025-10-02 08:02:18
3612,citizen_3612,citizen_3612@example.com,Patricia Davis,+1-555-963-2081,"37 Smart City Ave, Street 24",West District,CTZ-003612,+1-555-102-1775,Architect,4,AB+,3,2026-04-30 08:02:18
3613,citizen_3613,citizen_3613@example.com,Linda Williams,+1-555-936-1239,"500 Smart City Ave, Street 18",South District,CTZ-003613,+1-555-301-5704,Technician,5,O+,2,2026-03-05 08:02:18
3614,citizen_3614,citizen_3614@example.com,Karen Miller,+1-555-496-1341,"225 Smart City Ave, Street 22",West District,CTZ-003614,+1-555-936-2432,Civil Servant,3,O-,1,2025-12-18 08:02:18
3615,citizen_3615,citizen_3615@example.com,Robert Gonzalez,+1-555-966-7634,"535 Smart City Ave, Street 15",West District,CTZ-003615,+1-555-852-7218,Student,5,B+,1,2025-11-05 08:02:18
3616,citizen_3616,citizen_3616@example.com,James Martinez,+1-555-570-1557,"373 Smart City Ave, Street 30",South District,CTZ-003616,+1-555-961-2949,Teacher,1,AB+,3,2025-11-11 08:02:18
3617,citizen_3617,citizen_3617@example.com,John Williams,+1-555-301-1405,"104 Smart City Ave, Street 33",North District,CTZ-003617,+1-555-796-1355,Architect,5,O+,1,2025-09-08 08:02:18
3618,citizen_3618,citizen_3618@example.com,Jessica Brown,+1-555-924-6203,"600 Smart City Ave, Street 32",Industrial Zone,CTZ-003618,+1-555-985-8260,Engineer,1,A-,3,2025-11-24 08:02:18
3619,citizen_3619,citizen_3619@example.com,Karen Lopez,+1-555-392-3240,"946 Smart City Ave, Street 49",North District,CTZ-003619,+1-555-267-6682,Civil Servant,2,AB+,2,2026-03-17 08:02:18
3620,citizen_3620,citizen_3620@example.com,David Jackson,+1-555-488-8832,"935 Smart City Ave, Street 41",Central Zone,CTZ-003620,+1-555-893-3359,Business Owner,3,B-,1,2026-06-06 08:02:18
3621,citizen_3621,citizen_3621@example.com,Charles Lopez,+1-555-133-8909,"48 Smart City Ave, Street 46",West District,CTZ-003621,+1-555-290-2758,Engineer,6,O+,2,2026-06-18 08:02:18
3622,citizen_3622,citizen_3622@example.com,Linda Miller,+1-555-329-3979,"652 Smart City Ave, Street 48",South District,CTZ-003622,+1-555-487-5112,Doctor,2,B-,1,2026-02-18 08:02:18
3623,citizen_3623,citizen_3623@example.com,Sarah Miller,+1-555-540-4712,"648 Smart City Ave, Street 27",East District,CTZ-003623,+1-555-873-6931,Teacher,4,B+,1,2025-12-13 08:02:18
3624,citizen_3624,citizen_3624@example.com,Patricia Jackson,+1-555-351-4829,"858 Smart City Ave, Street 49",Industrial Zone,CTZ-003624,+1-555-239-1463,Technician,3,AB+,2,2026-06-13 08:02:18
3625,citizen_3625,citizen_3625@example.com,Mary Smith,+1-555-209-1701,"696 Smart City Ave, Street 26",Central Zone,CTZ-003625,+1-555-714-7602,Manager,1,A-,0,2025-09-16 08:02:18
3626,citizen_3626,citizen_3626@example.com,Sarah Martin,+1-555-543-6901,"757 Smart City Ave, Street 38",East District,CTZ-003626,+1-555-715-4295,Business Owner,4,A+,1,2026-01-14 08:02:18
3627,citizen_3627,citizen_3627@example.com,Sarah Hernandez,+1-555-526-4156,"922 Smart City Ave, Street 49",Industrial Zone,CTZ-003627,+1-555-823-7393,Civil Servant,2,B-,3,2026-02-23 08:02:18
3628,citizen_3628,citizen_3628@example.com,David Thomas,+1-555-751-2853,"732 Smart City Ave, Street 31",North District,CTZ-003628,+1-555-737-8187,Civil Servant,5,AB+,1,2026-08-09 08:02:18
3629,citizen_3629,citizen_3629@example.com,Mary Martinez,+1-555-382-8613,"164 Smart City Ave, Street 13",Central Zone,CTZ-003629,+1-555-257-2477,Doctor,1,B+,3,2026-06-27 08:02:18
3630,citizen_3630,citizen_3630@example.com,Elizabeth Lopez,+1-555-619-3530,"174 Smart City Ave, Street 42",Central Zone,CTZ-003630,+1-555-359-9411,Business Owner,4,B+,0,2026-04-29 08:02:18
3631,citizen_3631,citizen_3631@example.com,Susan Davis,+1-555-722-3341,"388 Smart City Ave, Street 42",Industrial Zone,CTZ-003631,+1-555-499-4699,Accountant,1,AB+,1,2025-10-11 08:02:18
3632,citizen_3632,citizen_3632@example.com,David Lopez,+1-555-554-3346,"953 Smart City Ave, Street 23",North District,CTZ-003632,+1-555-787-1465,Civil Servant,3,B-,0,2026-03-20 08:02:18
3633,citizen_3633,citizen_3633@example.com,Barbara Brown,+1-555-576-2972,"200 Smart City Ave, Street 49",North District,CTZ-003633,+1-555-858-5591,Technician,4,AB+,3,2026-07-16 08:02:18
3634,citizen_3634,citizen_3634@example.com,Elizabeth Lopez,+1-555-147-9687,"68 Smart City Ave, Street 30",North District,CTZ-003634,+1-555-234-4127,Business Owner,3,O-,0,2026-05-11 08:02:18
3635,citizen_3635,citizen_3635@example.com,Richard Miller,+1-555-240-9918,"449 Smart City Ave, Street 33",Central Zone,CTZ-003635,+1-555-401-6731,Accountant,4,O-,3,2026-03-01 08:02:18
3636,citizen_3636,citizen_3636@example.com,John Lopez,+1-555-228-6603,"17 Smart City Ave, Street 28",East District,CTZ-003636,+1-555-104-4113,Civil Servant,6,A-,2,2025-10-10 08:02:18
3637,citizen_3637,citizen_3637@example.com,David Martin,+1-555-280-4559,"924 Smart City Ave, Street 42",East District,CTZ-003637,+1-555-695-2785,Student,6,AB+,1,2025-10-06 08:02:18
3638,citizen_3638,citizen_3638@example.com,Sarah Miller,+1-555-172-5583,"827 Smart City Ave, Street 16",East District,CTZ-003638,+1-555-194-4606,Engineer,1,A+,2,2026-04-08 08:02:18
3639,citizen_3639,citizen_3639@example.com,Karen Jones,+1-555-709-3229,"493 Smart City Ave, Street 9",Industrial Zone,CTZ-003639,+1-555-871-9745,Engineer,4,AB+,1,2025-11-28 08:02:18
3640,citizen_3640,citizen_3640@example.com,Mary Martin,+1-555-977-3002,"388 Smart City Ave, Street 34",East District,CTZ-003640,+1-555-365-1978,Engineer,2,B+,3,2025-10-21 08:02:18
3641,citizen_3641,citizen_3641@example.com,Elizabeth Hernandez,+1-555-310-1777,"336 Smart City Ave, Street 47",Industrial Zone,CTZ-003641,+1-555-479-1124,Civil Servant,2,A-,0,2026-07-12 08:02:18
3642,citizen_3642,citizen_3642@example.com,Barbara Brown,+1-555-104-2063,"173 Smart City Ave, Street 40",Industrial Zone,CTZ-003642,+1-555-863-8589,Business Owner,1,O+,1,2025-11-21 08:02:18
3643,citizen_3643,citizen_3643@example.com,Joseph Rodriguez,+1-555-101-2734,"344 Smart City Ave, Street 46",East District,CTZ-003643,+1-555-832-6511,Business Owner,3,A-,3,2026-05-31 08:02:18
3644,citizen_3644,citizen_3644@example.com,Charles Moore,+1-555-227-8464,"626 Smart City Ave, Street 25",Central Zone,CTZ-003644,+1-555-668-7139,Manager,4,A+,1,2025-10-28 08:02:18
3645,citizen_3645,citizen_3645@example.com,Mary Rodriguez,+1-555-967-2115,"961 Smart City Ave, Street 4",Industrial Zone,CTZ-003645,+1-555-170-5722,Architect,2,B+,2,2026-02-27 08:02:18
3646,citizen_3646,citizen_3646@example.com,Richard Hernandez,+1-555-460-1943,"24 Smart City Ave, Street 18",Central Zone,CTZ-003646,+1-555-858-3362,Technician,1,B+,1,2025-12-13 08:02:18
3647,citizen_3647,citizen_3647@example.com,Linda Taylor,+1-555-756-2940,"113 Smart City Ave, Street 13",Industrial Zone,CTZ-003647,+1-555-679-7652,Student,2,AB+,3,2026-07-05 08:02:18
3648,citizen_3648,citizen_3648@example.com,James Hernandez,+1-555-622-1482,"503 Smart City Ave, Street 13",South District,CTZ-003648,+1-555-672-5929,Teacher,6,A+,2,2026-02-28 08:02:18
3649,citizen_3649,citizen_3649@example.com,Patricia Rodriguez,+1-555-262-8742,"712 Smart City Ave, Street 10",North District,CTZ-003649,+1-555-738-4026,Teacher,2,AB+,3,2025-10-05 08:02:18
3650,citizen_3650,citizen_3650@example.com,Linda Smith,+1-555-435-9133,"405 Smart City Ave, Street 39",North District,CTZ-003650,+1-555-751-3774,Manager,2,AB+,3,2026-02-06 08:02:18
3651,citizen_3651,citizen_3651@example.com,Linda Hernandez,+1-555-279-3363,"439 Smart City Ave, Street 24",West District,CTZ-003651,+1-555-980-8288,Teacher,5,O-,1,2026-08-12 08:02:18
3652,citizen_3652,citizen_3652@example.com,Susan Martinez,+1-555-527-4354,"478 Smart City Ave, Street 20",South District,CTZ-003652,+1-555-798-7105,Accountant,2,O-,1,2026-02-18 08:02:18
3653,citizen_3653,citizen_3653@example.com,Charles Brown,+1-555-156-8845,"19 Smart City Ave, Street 29",North District,CTZ-003653,+1-555-245-1575,Doctor,4,AB+,0,2025-09-04 08:02:18
3654,citizen_3654,citizen_3654@example.com,Mary Garcia,+1-555-165-5940,"249 Smart City Ave, Street 21",North District,CTZ-003654,+1-555-430-8916,Manager,4,AB-,1,2025-09-07 08:02:18
3655,citizen_3655,citizen_3655@example.com,Richard Hernandez,+1-555-306-6141,"174 Smart City Ave, Street 7",West District,CTZ-003655,+1-555-900-3573,Business Owner,5,B+,3,2025-10-05 08:02:18
3656,citizen_3656,citizen_3656@example.com,Patricia Hernandez,+1-555-624-4080,"981 Smart City Ave, Street 36",North District,CTZ-003656,+1-555-353-3110,Doctor,2,O-,0,2026-05-29 08:02:18
3657,citizen_3657,citizen_3657@example.com,Joseph Lopez,+1-555-714-4124,"188 Smart City Ave, Street 6",North District,CTZ-003657,+1-555-283-2930,Engineer,2,AB-,1,2025-11-02 08:02:18
3658,citizen_3658,citizen_3658@example.com,John Brown,+1-555-333-3370,"559 Smart City Ave, Street 48",South District,CTZ-003658,+1-555-251-1918,Doctor,3,B+,0,2026-06-22 08:02:18
3659,citizen_3659,citizen_3659@example.com,David Davis,+1-555-300-4592,"499 Smart City Ave, Street 49",West District,CTZ-003659,+1-555-660-6204,Business Owner,3,AB-,3,2026-06-02 08:02:18
3660,citizen_3660,citizen_3660@example.com,Michael Jones,+1-555-589-3135,"998 Smart City Ave, Street 16",West District,CTZ-003660,+1-555-389-2539,Accountant,5,AB-,1,2026-05-14 08:02:18
3661,citizen_3661,citizen_3661@example.com,James Wilson,+1-555-293-5969,"612 Smart City Ave, Street 17",Industrial Zone,CTZ-003661,+1-555-809-3321,Business Owner,5,O+,2,2026-07-20 08:02:18
3662,citizen_3662,citizen_3662@example.com,Charles Moore,+1-555-576-3628,"692 Smart City Ave, Street 23",Industrial Zone,CTZ-003662,+1-555-873-4299,Technician,6,A+,2,2026-01-16 08:02:18
3663,citizen_3663,citizen_3663@example.com,Charles Thomas,+1-555-259-8563,"270 Smart City Ave, Street 40",East District,CTZ-003663,+1-555-156-7636,Business Owner,3,O-,1,2026-06-30 08:02:18
3664,citizen_3664,citizen_3664@example.com,Jennifer Davis,+1-555-260-6361,"426 Smart City Ave, Street 3",North District,CTZ-003664,+1-555-724-8842,Civil Servant,6,B-,1,2026-07-09 08:02:18
3665,citizen_3665,citizen_3665@example.com,David Anderson,+1-555-679-6044,"347 Smart City Ave, Street 28",North District,CTZ-003665,+1-555-882-5814,Engineer,5,A+,1,2025-11-21 08:02:18
3666,citizen_3666,citizen_3666@example.com,Sarah Jackson,+1-555-869-9217,"327 Smart City Ave, Street 43",South District,CTZ-003666,+1-555-932-3591,Civil Servant,2,B+,0,2026-02-03 08:02:18
3667,citizen_3667,citizen_3667@example.com,David Smith,+1-555-696-8072,"448 Smart City Ave, Street 16",East District,CTZ-003667,+1-555-299-1781,Civil Servant,3,O+,1,2026-02-06 08:02:18
3668,citizen_3668,citizen_3668@example.com,Barbara Rodriguez,+1-555-538-5504,"105 Smart City Ave, Street 50",East District,CTZ-003668,+1-555-472-1833,Business Owner,1,B+,1,2026-07-22 08:02:18
3669,citizen_3669,citizen_3669@example.com,Elizabeth Taylor,+1-555-231-7365,"655 Smart City Ave, Street 13",Central Zone,CTZ-003669,+1-555-556-6515,Engineer,6,B-,3,2026-04-11 08:02:18
3670,citizen_3670,citizen_3670@example.com,John Wilson,+1-555-154-9937,"851 Smart City Ave, Street 25",Industrial Zone,CTZ-003670,+1-555-295-4282,Engineer,2,AB-,0,2026-06-13 08:02:18
3671,citizen_3671,citizen_3671@example.com,Charles Wilson,+1-555-222-6629,"448 Smart City Ave, Street 40",South District,CTZ-003671,+1-555-482-5276,Technician,6,A+,0,2026-09-03 08:02:18
3672,citizen_3672,citizen_3672@example.com,Sarah Martinez,+1-555-764-6850,"768 Smart City Ave, Street 31",South District,CTZ-003672,+1-555-818-5917,Student,3,B-,1,2026-03-29 08:02:18
3673,citizen_3673,citizen_3673@example.com,Patricia Miller,+1-555-582-7712,"357 Smart City Ave, Street 25",West District,CTZ-003673,+1-555-493-5720,Civil Servant,2,B-,1,2026-02-28 08:02:18
3674,citizen_3674,citizen_3674@example.com,Mary Garcia,+1-555-710-8378,"629 Smart City Ave, Street 14",North District,CTZ-003674,+1-555-196-2051,Architect,4,AB-,0,2025-11-23 08:02:18
3675,citizen_3675,citizen_3675@example.com,Mary Garcia,+1-555-341-6218,"500 Smart City Ave, Street 11",South District,CTZ-003675,+1-555-503-3251,Civil Servant,1,O-,3,2025-09-26 08:02:18
3676,citizen_3676,citizen_3676@example.com,James Thomas,+1-555-986-6188,"434 Smart City Ave, Street 47",South District,CTZ-003676,+1-555-286-7512,Doctor,5,AB+,3,2026-04-01 08:02:18
3677,citizen_3677,citizen_3677@example.com,Susan Brown,+1-555-786-3527,"256 Smart City Ave, Street 33",Industrial Zone,CTZ-003677,+1-555-275-6295,Manager,4,AB-,1,2025-10-31 08:02:18
3678,citizen_3678,citizen_3678@example.com,Richard Williams,+1-555-447-8111,"217 Smart City Ave, Street 27",Industrial Zone,CTZ-003678,+1-555-313-3742,Doctor,1,B-,2,2026-04-21 08:02:18
3679,citizen_3679,citizen_3679@example.com,Elizabeth Gonzalez,+1-555-149-8587,"250 Smart City Ave, Street 46",West District,CTZ-003679,+1-555-342-6167,Accountant,4,O-,0,2026-04-08 08:02:18
3680,citizen_3680,citizen_3680@example.com,William Moore,+1-555-583-7461,"825 Smart City Ave, Street 18",Central Zone,CTZ-003680,+1-555-529-3284,Technician,5,O-,2,2026-09-03 08:02:18
3681,citizen_3681,citizen_3681@example.com,James Gonzalez,+1-555-301-1385,"258 Smart City Ave, Street 45",East District,CTZ-003681,+1-555-612-3246,Student,3,AB-,3,2026-05-07 08:02:18
3682,citizen_3682,citizen_3682@example.com,Linda Brown,+1-555-373-2168,"966 Smart City Ave, Street 30",West District,CTZ-003682,+1-555-367-9595,Manager,2,O+,3,2026-03-29 08:02:18
3683,citizen_3683,citizen_3683@example.com,Elizabeth Smith,+1-555-567-1714,"268 Smart City Ave, Street 7",West District,CTZ-003683,+1-555-416-8792,Engineer,3,AB+,2,2026-08-24 08:02:18
3684,citizen_3684,citizen_3684@example.com,Michael Anderson,+1-555-100-5021,"285 Smart City Ave, Street 45",Central Zone,CTZ-003684,+1-555-714-5649,Accountant,3,AB+,3,2026-08-28 08:02:18
3685,citizen_3685,citizen_3685@example.com,Barbara Gonzalez,+1-555-190-5605,"281 Smart City Ave, Street 36",Industrial Zone,CTZ-003685,+1-555-877-7898,Accountant,2,AB+,1,2026-02-21 08:02:18
3686,citizen_3686,citizen_3686@example.com,Susan Davis,+1-555-578-1651,"246 Smart City Ave, Street 26",East District,CTZ-003686,+1-555-627-7151,Business Owner,6,O-,1,2026-08-27 08:02:18
3687,citizen_3687,citizen_3687@example.com,William Martinez,+1-555-430-3539,"773 Smart City Ave, Street 42",East District,CTZ-003687,+1-555-162-8233,Business Owner,5,B+,1,2026-05-28 08:02:18
3688,citizen_3688,citizen_3688@example.com,Karen Hernandez,+1-555-205-3745,"916 Smart City Ave, Street 22",South District,CTZ-003688,+1-555-510-7924,Civil Servant,1,AB+,1,2026-03-20 08:02:18
3689,citizen_3689,citizen_3689@example.com,Robert Taylor,+1-555-294-9766,"541 Smart City Ave, Street 21",South District,CTZ-003689,+1-555-802-1495,Doctor,2,O-,3,2025-10-25 08:02:18
3690,citizen_3690,citizen_3690@example.com,William Martinez,+1-555-591-2684,"422 Smart City Ave, Street 20",South District,CTZ-003690,+1-555-230-6285,Doctor,3,AB-,1,2026-06-23 08:02:18
3691,citizen_3691,citizen_3691@example.com,Elizabeth Moore,+1-555-488-7060,"758 Smart City Ave, Street 24",North District,CTZ-003691,+1-555-277-7473,Accountant,4,AB-,0,2026-08-04 08:02:18
3692,citizen_3692,citizen_3692@example.com,Patricia Moore,+1-555-444-1359,"289 Smart City Ave, Street 37",Central Zone,CTZ-003692,+1-555-807-1433,Teacher,5,A+,1,2026-05-11 08:02:18
3693,citizen_3693,citizen_3693@example.com,Charles Gonzalez,+1-555-548-7048,"17 Smart City Ave, Street 20",South District,CTZ-003693,+1-555-997-6857,Teacher,1,A-,0,2026-05-24 08:02:18
3694,citizen_3694,citizen_3694@example.com,Patricia Johnson,+1-555-259-2071,"431 Smart City Ave, Street 6",Central Zone,CTZ-003694,+1-555-412-5834,Business Owner,1,A+,1,2026-08-25 08:02:18
3695,citizen_3695,citizen_3695@example.com,Mary Jackson,+1-555-793-9322,"461 Smart City Ave, Street 2",South District,CTZ-003695,+1-555-644-4784,Student,4,A-,1,2026-01-06 08:02:18
3696,citizen_3696,citizen_3696@example.com,William Johnson,+1-555-509-8865,"523 Smart City Ave, Street 24",Industrial Zone,CTZ-003696,+1-555-115-7018,Accountant,1,B-,1,2026-01-10 08:02:18
3697,citizen_3697,citizen_3697@example.com,Mary Gonzalez,+1-555-680-9987,"856 Smart City Ave, Street 12",West District,CTZ-003697,+1-555-327-4843,Student,6,A-,0,2026-08-28 08:02:18
3698,citizen_3698,citizen_3698@example.com,Robert Davis,+1-555-182-8296,"83 Smart City Ave, Street 31",South District,CTZ-003698,+1-555-762-7709,Student,3,AB-,1,2025-12-14 08:02:18
3699,citizen_3699,citizen_3699@example.com,Charles Martinez,+1-555-867-3273,"516 Smart City Ave, Street 7",Industrial Zone,CTZ-003699,+1-555-443-9972,Manager,1,O-,0,2026-05-09 08:02:18
3700,citizen_3700,citizen_3700@example.com,Susan Martinez,+1-555-899-9343,"114 Smart City Ave, Street 11",Industrial Zone,CTZ-003700,+1-555-620-1196,Business Owner,1,AB+,3,2026-01-19 08:02:18
3701,citizen_3701,citizen_3701@example.com,Karen Brown,+1-555-412-9522,"581 Smart City Ave, Street 42",Industrial Zone,CTZ-003701,+1-555-732-5808,Student,3,AB-,3,2026-07-09 08:02:18
3702,citizen_3702,citizen_3702@example.com,Elizabeth Martin,+1-555-851-6981,"604 Smart City Ave, Street 43",Industrial Zone,CTZ-003702,+1-555-178-8296,Civil Servant,5,B-,2,2026-07-03 08:02:18
3703,citizen_3703,citizen_3703@example.com,Linda Williams,+1-555-146-4376,"991 Smart City Ave, Street 11",South District,CTZ-003703,+1-555-652-6125,Engineer,1,A-,1,2026-02-02 08:02:18
3704,citizen_3704,citizen_3704@example.com,Jennifer Miller,+1-555-196-6170,"392 Smart City Ave, Street 40",South District,CTZ-003704,+1-555-373-7365,Accountant,2,O+,3,2026-08-07 08:02:18
3705,citizen_3705,citizen_3705@example.com,Barbara Smith,+1-555-892-7832,"162 Smart City Ave, Street 35",North District,CTZ-003705,+1-555-680-1351,Doctor,1,AB-,0,2026-03-18 08:02:18
3706,citizen_3706,citizen_3706@example.com,Elizabeth Brown,+1-555-385-5999,"791 Smart City Ave, Street 8",West District,CTZ-003706,+1-555-928-4172,Architect,5,B-,2,2025-10-17 08:02:18
3707,citizen_3707,citizen_3707@example.com,Charles Gonzalez,+1-555-713-2981,"514 Smart City Ave, Street 44",Central Zone,CTZ-003707,+1-555-302-7402,Doctor,3,A-,0,2025-10-03 08:02:18
3708,citizen_3708,citizen_3708@example.com,William Smith,+1-555-684-4648,"215 Smart City Ave, Street 7",South District,CTZ-003708,+1-555-674-3975,Engineer,4,A+,3,2026-04-30 08:02:18
3709,citizen_3709,citizen_3709@example.com,Jennifer Lopez,+1-555-834-9112,"583 Smart City Ave, Street 12",West District,CTZ-003709,+1-555-164-4989,Manager,5,O-,1,2026-08-29 08:02:18
3710,citizen_3710,citizen_3710@example.com,Karen Taylor,+1-555-852-8364,"529 Smart City Ave, Street 8",East District,CTZ-003710,+1-555-127-6426,Accountant,6,O+,0,2025-10-18 08:02:18
3711,citizen_3711,citizen_3711@example.com,Susan Williams,+1-555-493-2781,"612 Smart City Ave, Street 9",North District,CTZ-003711,+1-555-343-7556,Engineer,1,AB+,3,2026-07-28 08:02:18
3712,citizen_3712,citizen_3712@example.com,Michael Moore,+1-555-478-9171,"527 Smart City Ave, Street 39",Industrial Zone,CTZ-003712,+1-555-919-9748,Technician,3,B-,0,2026-07-20 08:02:18
3713,citizen_3713,citizen_3713@example.com,David Smith,+1-555-996-8747,"375 Smart City Ave, Street 2",West District,CTZ-003713,+1-555-577-6016,Accountant,2,B+,0,2026-06-29 08:02:18
3714,citizen_3714,citizen_3714@example.com,Sarah Jackson,+1-555-202-9027,"456 Smart City Ave, Street 28",East District,CTZ-003714,+1-555-759-9961,Business Owner,5,A-,1,2026-05-14 08:02:18
3715,citizen_3715,citizen_3715@example.com,Patricia Garcia,+1-555-859-1621,"42 Smart City Ave, Street 16",West District,CTZ-003715,+1-555-180-5142,Doctor,4,AB+,3,2026-08-19 08:02:18
3716,citizen_3716,citizen_3716@example.com,Patricia Martin,+1-555-898-5578,"435 Smart City Ave, Street 23",East District,CTZ-003716,+1-555-835-8422,Teacher,6,B-,1,2025-11-19 08:02:18
3717,citizen_3717,citizen_3717@example.com,Thomas Wilson,+1-555-984-8420,"242 Smart City Ave, Street 11",West District,CTZ-003717,+1-555-759-3683,Manager,4,AB-,2,2026-02-18 08:02:18
3718,citizen_3718,citizen_3718@example.com,Mary Moore,+1-555-362-4059,"755 Smart City Ave, Street 10",North District,CTZ-003718,+1-555-912-5596,Accountant,3,A+,0,2025-11-10 08:02:18
3719,citizen_3719,citizen_3719@example.com,William Miller,+1-555-160-8981,"580 Smart City Ave, Street 37",South District,CTZ-003719,+1-555-115-8322,Technician,6,AB-,2,2026-08-10 08:02:18
3720,citizen_3720,citizen_3720@example.com,Mary Rodriguez,+1-555-735-2291,"313 Smart City Ave, Street 20",Industrial Zone,CTZ-003720,+1-555-261-2812,Technician,3,A-,2,2026-03-24 08:02:18
3721,citizen_3721,citizen_3721@example.com,Sarah Lopez,+1-555-225-1779,"377 Smart City Ave, Street 7",East District,CTZ-003721,+1-555-827-1476,Doctor,2,B+,0,2025-09-10 08:02:18
3722,citizen_3722,citizen_3722@example.com,Robert Gonzalez,+1-555-435-1125,"988 Smart City Ave, Street 47",Industrial Zone,CTZ-003722,+1-555-310-4610,Accountant,3,O-,1,2026-07-22 08:02:18
3723,citizen_3723,citizen_3723@example.com,Charles Johnson,+1-555-656-9626,"917 Smart City Ave, Street 5",West District,CTZ-003723,+1-555-547-9400,Student,1,O-,3,2025-10-22 08:02:18
3724,citizen_3724,citizen_3724@example.com,Thomas Rodriguez,+1-555-562-3015,"576 Smart City Ave, Street 35",North District,CTZ-003724,+1-555-299-7472,Engineer,2,AB-,1,2026-08-10 08:02:18
3725,citizen_3725,citizen_3725@example.com,Richard Williams,+1-555-172-8002,"693 Smart City Ave, Street 38",Industrial Zone,CTZ-003725,+1-555-326-8216,Architect,5,AB+,3,2025-09-26 08:02:18
3726,citizen_3726,citizen_3726@example.com,Susan Moore,+1-555-679-3481,"592 Smart City Ave, Street 36",Industrial Zone,CTZ-003726,+1-555-869-2563,Engineer,5,B+,1,2025-09-07 08:02:18
3727,citizen_3727,citizen_3727@example.com,Sarah Wilson,+1-555-381-2709,"600 Smart City Ave, Street 36",Industrial Zone,CTZ-003727,+1-555-556-4655,Teacher,2,AB+,1,2026-01-20 08:02:18
3728,citizen_3728,citizen_3728@example.com,Michael Anderson,+1-555-492-7105,"433 Smart City Ave, Street 35",West District,CTZ-003728,+1-555-272-9563,Doctor,6,O+,3,2026-05-16 08:02:18
3729,citizen_3729,citizen_3729@example.com,Robert Wilson,+1-555-244-2617,"184 Smart City Ave, Street 28",West District,CTZ-003729,+1-555-521-1015,Manager,3,O-,1,2026-01-29 08:02:18
3730,citizen_3730,citizen_3730@example.com,Jessica Brown,+1-555-890-2489,"595 Smart City Ave, Street 5",South District,CTZ-003730,+1-555-879-9348,Student,5,B+,2,2026-05-13 08:02:18
3731,citizen_3731,citizen_3731@example.com,Elizabeth Rodriguez,+1-555-695-2507,"888 Smart City Ave, Street 42",West District,CTZ-003731,+1-555-262-1270,Business Owner,5,AB-,0,2026-08-18 08:02:18
3732,citizen_3732,citizen_3732@example.com,Elizabeth Martinez,+1-555-438-8863,"675 Smart City Ave, Street 14",North District,CTZ-003732,+1-555-787-8492,Manager,2,O-,3,2026-03-03 08:02:18
3733,citizen_3733,citizen_3733@example.com,Robert Garcia,+1-555-716-2968,"896 Smart City Ave, Street 40",East District,CTZ-003733,+1-555-972-4052,Accountant,1,A-,0,2026-05-09 08:02:18
3734,citizen_3734,citizen_3734@example.com,William Jackson,+1-555-931-7079,"889 Smart City Ave, Street 49",South District,CTZ-003734,+1-555-424-1138,Civil Servant,3,O-,3,2025-11-21 08:02:18
3735,citizen_3735,citizen_3735@example.com,Linda Smith,+1-555-681-6818,"761 Smart City Ave, Street 25",Industrial Zone,CTZ-003735,+1-555-703-7692,Technician,3,AB+,0,2026-08-24 08:02:18
3736,citizen_3736,citizen_3736@example.com,Joseph Miller,+1-555-962-9117,"230 Smart City Ave, Street 8",Central Zone,CTZ-003736,+1-555-592-7677,Student,3,AB+,3,2026-04-28 08:02:18
3737,citizen_3737,citizen_3737@example.com,Joseph Brown,+1-555-294-7656,"940 Smart City Ave, Street 19",Central Zone,CTZ-003737,+1-555-618-6620,Business Owner,2,AB-,0,2026-03-13 08:02:18
3738,citizen_3738,citizen_3738@example.com,Jennifer Wilson,+1-555-378-4624,"269 Smart City Ave, Street 1",Central Zone,CTZ-003738,+1-555-770-1741,Accountant,1,A+,2,2026-02-12 08:02:18
3739,citizen_3739,citizen_3739@example.com,Michael Martin,+1-555-444-1949,"567 Smart City Ave, Street 42",West District,CTZ-003739,+1-555-769-1325,Manager,1,A+,2,2025-12-27 08:02:18
3740,citizen_3740,citizen_3740@example.com,Jessica Smith,+1-555-163-9426,"416 Smart City Ave, Street 43",West District,CTZ-003740,+1-555-672-8651,Doctor,5,O+,1,2026-07-09 08:02:18
3741,citizen_3741,citizen_3741@example.com,Mary Gonzalez,+1-555-749-9672,"567 Smart City Ave, Street 40",East District,CTZ-003741,+1-555-826-9822,Manager,3,AB-,2,2026-04-08 08:02:18
3742,citizen_3742,citizen_3742@example.com,Robert Taylor,+1-555-930-7474,"253 Smart City Ave, Street 22",West District,CTZ-003742,+1-555-246-8960,Business Owner,4,A-,1,2025-09-10 08:02:18
3743,citizen_3743,citizen_3743@example.com,Jennifer Brown,+1-555-621-4376,"614 Smart City Ave, Street 38",Industrial Zone,CTZ-003743,+1-555-357-3675,Technician,3,A+,0,2026-03-31 08:02:18
3744,citizen_3744,citizen_3744@example.com,Elizabeth Garcia,+1-555-381-9890,"931 Smart City Ave, Street 26",West District,CTZ-003744,+1-555-133-4270,Accountant,5,O-,3,2026-04-09 08:02:18
3745,citizen_3745,citizen_3745@example.com,James Jones,+1-555-663-6888,"981 Smart City Ave, Street 43",Industrial Zone,CTZ-003745,+1-555-803-9358,Engineer,4,AB+,3,2026-08-18 08:02:18
3746,citizen_3746,citizen_3746@example.com,Charles Williams,+1-555-927-9207,"402 Smart City Ave, Street 32",Industrial Zone,CTZ-003746,+1-555-400-4873,Manager,4,A+,3,2025-12-16 08:02:18
3747,citizen_3747,citizen_3747@example.com,Jessica Garcia,+1-555-284-2016,"379 Smart City Ave, Street 47",East District,CTZ-003747,+1-555-406-8923,Student,1,O-,3,2025-09-23 08:02:18
3748,citizen_3748,citizen_3748@example.com,Richard Martin,+1-555-207-7219,"821 Smart City Ave, Street 4",Central Zone,CTZ-003748,+1-555-749-3800,Architect,6,B+,1,2026-01-18 08:02:18
3749,citizen_3749,citizen_3749@example.com,Jessica Jackson,+1-555-802-8826,"906 Smart City Ave, Street 34",South District,CTZ-003749,+1-555-771-1377,Architect,3,A+,0,2026-02-20 08:02:18
3750,citizen_3750,citizen_3750@example.com,Elizabeth Moore,+1-555-184-3653,"331 Smart City Ave, Street 23",Central Zone,CTZ-003750,+1-555-512-9346,Student,1,O-,3,2026-05-27 08:02:18
3751,citizen_3751,citizen_3751@example.com,Elizabeth Taylor,+1-555-240-1166,"297 Smart City Ave, Street 41",South District,CTZ-003751,+1-555-915-1583,Manager,2,A+,1,2026-06-03 08:02:18
3752,citizen_3752,citizen_3752@example.com,Mary Thomas,+1-555-975-7002,"179 Smart City Ave, Street 10",South District,CTZ-003752,+1-555-273-9904,Engineer,2,O-,2,2026-05-08 08:02:18
3753,citizen_3753,citizen_3753@example.com,Michael Davis,+1-555-609-6198,"177 Smart City Ave, Street 17",South District,CTZ-003753,+1-555-407-2595,Architect,1,A+,1,2026-01-02 08:02:18
3754,citizen_3754,citizen_3754@example.com,John Hernandez,+1-555-929-4456,"386 Smart City Ave, Street 26",West District,CTZ-003754,+1-555-872-6546,Business Owner,6,B+,3,2026-05-23 08:02:18
3755,citizen_3755,citizen_3755@example.com,Sarah Davis,+1-555-373-3342,"651 Smart City Ave, Street 10",North District,CTZ-003755,+1-555-841-7722,Manager,2,AB-,1,2026-06-08 08:02:18
3756,citizen_3756,citizen_3756@example.com,Joseph Taylor,+1-555-687-3366,"906 Smart City Ave, Street 27",South District,CTZ-003756,+1-555-644-4579,Civil Servant,2,AB+,2,2026-06-10 08:02:18
3757,citizen_3757,citizen_3757@example.com,David Anderson,+1-555-934-8842,"77 Smart City Ave, Street 5",South District,CTZ-003757,+1-555-155-1953,Business Owner,3,A-,0,2026-02-10 08:02:18
3758,citizen_3758,citizen_3758@example.com,Karen Hernandez,+1-555-732-3800,"738 Smart City Ave, Street 18",North District,CTZ-003758,+1-555-382-7556,Technician,2,A+,1,2026-07-10 08:02:18
3759,citizen_3759,citizen_3759@example.com,Jennifer Martin,+1-555-495-1992,"314 Smart City Ave, Street 44",West District,CTZ-003759,+1-555-165-1299,Accountant,3,O-,1,2025-11-08 08:02:18
3760,citizen_3760,citizen_3760@example.com,Robert Moore,+1-555-318-3575,"414 Smart City Ave, Street 17",North District,CTZ-003760,+1-555-163-9172,Architect,2,AB+,0,2026-06-09 08:02:18
3761,citizen_3761,citizen_3761@example.com,James Johnson,+1-555-190-3751,"461 Smart City Ave, Street 49",Central Zone,CTZ-003761,+1-555-884-5975,Student,4,B+,1,2026-07-13 08:02:18
3762,citizen_3762,citizen_3762@example.com,Patricia Brown,+1-555-701-8266,"586 Smart City Ave, Street 50",North District,CTZ-003762,+1-555-426-9131,Engineer,5,O-,1,2026-08-17 08:02:18
3763,citizen_3763,citizen_3763@example.com,Karen Hernandez,+1-555-943-3342,"405 Smart City Ave, Street 11",North District,CTZ-003763,+1-555-317-2524,Student,6,B+,2,2025-12-10 08:02:18
3764,citizen_3764,citizen_3764@example.com,Michael Gonzalez,+1-555-235-8286,"443 Smart City Ave, Street 24",South District,CTZ-003764,+1-555-246-8554,Engineer,3,O+,3,2026-02-10 08:02:18
3765,citizen_3765,citizen_3765@example.com,Michael Gonzalez,+1-555-339-5203,"302 Smart City Ave, Street 34",West District,CTZ-003765,+1-555-552-8122,Doctor,2,B-,3,2026-04-16 08:02:18
3766,citizen_3766,citizen_3766@example.com,Patricia Martinez,+1-555-372-1638,"526 Smart City Ave, Street 41",West District,CTZ-003766,+1-555-582-6524,Accountant,4,B-,2,2026-03-10 08:02:18
3767,citizen_3767,citizen_3767@example.com,Sarah Martin,+1-555-329-4748,"607 Smart City Ave, Street 48",East District,CTZ-003767,+1-555-741-2654,Business Owner,4,A+,2,2025-09-07 08:02:18
3768,citizen_3768,citizen_3768@example.com,Jessica Davis,+1-555-207-9599,"382 Smart City Ave, Street 13",South District,CTZ-003768,+1-555-751-3437,Engineer,4,O+,3,2026-02-28 08:02:18
3769,citizen_3769,citizen_3769@example.com,Richard Martin,+1-555-710-8220,"537 Smart City Ave, Street 27",East District,CTZ-003769,+1-555-272-8809,Doctor,1,AB-,0,2026-03-26 08:02:18
3770,citizen_3770,citizen_3770@example.com,Elizabeth Wilson,+1-555-633-3744,"825 Smart City Ave, Street 30",South District,CTZ-003770,+1-555-508-7230,Engineer,2,B+,0,2026-07-05 08:02:18
3771,citizen_3771,citizen_3771@example.com,Charles Anderson,+1-555-204-9037,"748 Smart City Ave, Street 4",South District,CTZ-003771,+1-555-861-6411,Student,4,O-,2,2026-03-06 08:02:18
3772,citizen_3772,citizen_3772@example.com,Charles Smith,+1-555-760-2034,"359 Smart City Ave, Street 9",South District,CTZ-003772,+1-555-474-4600,Manager,4,A-,3,2026-03-01 08:02:18
3773,citizen_3773,citizen_3773@example.com,Thomas Martinez,+1-555-833-8169,"292 Smart City Ave, Street 49",West District,CTZ-003773,+1-555-819-3974,Civil Servant,4,AB+,0,2025-11-11 08:02:18
3774,citizen_3774,citizen_3774@example.com,Linda Brown,+1-555-596-8975,"569 Smart City Ave, Street 48",Central Zone,CTZ-003774,+1-555-631-2426,Teacher,2,A-,0,2026-04-15 08:02:18
3775,citizen_3775,citizen_3775@example.com,Sarah Wilson,+1-555-542-5147,"983 Smart City Ave, Street 32",Industrial Zone,CTZ-003775,+1-555-788-4488,Manager,2,O+,0,2025-10-24 08:02:18
3776,citizen_3776,citizen_3776@example.com,Jennifer Garcia,+1-555-379-4737,"93 Smart City Ave, Street 1",Central Zone,CTZ-003776,+1-555-485-9490,Civil Servant,4,A-,2,2026-02-18 08:02:18
3777,citizen_3777,citizen_3777@example.com,Jennifer Garcia,+1-555-517-6662,"858 Smart City Ave, Street 7",Central Zone,CTZ-003777,+1-555-480-1045,Student,2,O+,1,2026-03-29 08:02:18
3778,citizen_3778,citizen_3778@example.com,Robert Williams,+1-555-492-6112,"480 Smart City Ave, Street 23",West District,CTZ-003778,+1-555-417-1941,Manager,2,B-,3,2025-12-12 08:02:18
3779,citizen_3779,citizen_3779@example.com,Mary Wilson,+1-555-388-2331,"164 Smart City Ave, Street 23",Central Zone,CTZ-003779,+1-555-100-5046,Manager,1,O-,1,2025-10-25 08:02:18
3780,citizen_3780,citizen_3780@example.com,Robert Johnson,+1-555-621-6024,"417 Smart City Ave, Street 13",Industrial Zone,CTZ-003780,+1-555-440-6356,Accountant,2,B+,2,2026-01-15 08:02:18
3781,citizen_3781,citizen_3781@example.com,Jessica Wilson,+1-555-900-4152,"54 Smart City Ave, Street 39",Central Zone,CTZ-003781,+1-555-556-7391,Business Owner,3,B-,0,2026-06-02 08:02:18
3782,citizen_3782,citizen_3782@example.com,Robert Miller,+1-555-302-4656,"570 Smart City Ave, Street 43",Industrial Zone,CTZ-003782,+1-555-764-4966,Doctor,6,O-,1,2026-03-02 08:02:18
3783,citizen_3783,citizen_3783@example.com,James Martin,+1-555-410-9788,"56 Smart City Ave, Street 7",West District,CTZ-003783,+1-555-376-6705,Business Owner,3,B-,2,2026-06-23 08:02:18
3784,citizen_3784,citizen_3784@example.com,Charles Moore,+1-555-262-8298,"98 Smart City Ave, Street 17",Industrial Zone,CTZ-003784,+1-555-299-8297,Civil Servant,2,B+,2,2026-07-07 08:02:18
3785,citizen_3785,citizen_3785@example.com,Robert Garcia,+1-555-829-4784,"809 Smart City Ave, Street 11",South District,CTZ-003785,+1-555-409-5480,Doctor,6,AB-,1,2025-09-07 08:02:18
3786,citizen_3786,citizen_3786@example.com,Elizabeth Jones,+1-555-522-7251,"487 Smart City Ave, Street 40",West District,CTZ-003786,+1-555-777-5793,Architect,1,AB+,1,2026-06-15 08:02:18
3787,citizen_3787,citizen_3787@example.com,Robert Johnson,+1-555-705-9848,"866 Smart City Ave, Street 50",Industrial Zone,CTZ-003787,+1-555-483-6890,Technician,4,O-,2,2026-08-19 08:02:18
3788,citizen_3788,citizen_3788@example.com,David Lopez,+1-555-469-8698,"12 Smart City Ave, Street 50",West District,CTZ-003788,+1-555-394-1041,Business Owner,3,AB-,1,2026-05-19 08:02:18
3789,citizen_3789,citizen_3789@example.com,Thomas Garcia,+1-555-504-6516,"143 Smart City Ave, Street 1",East District,CTZ-003789,+1-555-222-1729,Teacher,6,AB-,0,2026-01-01 08:02:18
3790,citizen_3790,citizen_3790@example.com,Thomas Thomas,+1-555-984-7852,"526 Smart City Ave, Street 46",North District,CTZ-003790,+1-555-546-8843,Doctor,6,A+,1,2026-06-16 08:02:18
3791,citizen_3791,citizen_3791@example.com,Karen Hernandez,+1-555-479-6834,"935 Smart City Ave, Street 5",North District,CTZ-003791,+1-555-471-2222,Business Owner,5,A-,2,2025-11-24 08:02:18
3792,citizen_3792,citizen_3792@example.com,Jessica Jackson,+1-555-329-2619,"454 Smart City Ave, Street 20",East District,CTZ-003792,+1-555-503-5698,Civil Servant,4,B+,0,2025-12-05 08:02:18
3793,citizen_3793,citizen_3793@example.com,Susan Davis,+1-555-382-7287,"633 Smart City Ave, Street 22",South District,CTZ-003793,+1-555-724-1074,Civil Servant,3,O-,3,2025-12-14 08:02:18
3794,citizen_3794,citizen_3794@example.com,Charles Williams,+1-555-999-6685,"505 Smart City Ave, Street 10",East District,CTZ-003794,+1-555-270-4052,Architect,3,AB+,1,2025-09-04 08:02:18
3795,citizen_3795,citizen_3795@example.com,Barbara Martin,+1-555-556-6313,"965 Smart City Ave, Street 29",Central Zone,CTZ-003795,+1-555-784-1290,Technician,3,B+,2,2025-09-21 08:02:18
3796,citizen_3796,citizen_3796@example.com,Mary Lopez,+1-555-711-5164,"191 Smart City Ave, Street 9",Central Zone,CTZ-003796,+1-555-976-8498,Technician,3,A+,0,2026-07-05 08:02:18
3797,citizen_3797,citizen_3797@example.com,Karen Wilson,+1-555-812-1852,"364 Smart City Ave, Street 43",Central Zone,CTZ-003797,+1-555-228-1343,Doctor,1,B-,1,2026-04-23 08:02:18
3798,citizen_3798,citizen_3798@example.com,Patricia Lopez,+1-555-203-9297,"402 Smart City Ave, Street 41",North District,CTZ-003798,+1-555-121-8241,Student,5,B+,1,2026-04-27 08:02:18
3799,citizen_3799,citizen_3799@example.com,Karen Smith,+1-555-890-1816,"415 Smart City Ave, Street 3",South District,CTZ-003799,+1-555-612-3386,Accountant,1,O-,3,2026-07-03 08:02:18
3800,citizen_3800,citizen_3800@example.com,Richard Lopez,+1-555-339-1994,"873 Smart City Ave, Street 38",North District,CTZ-003800,+1-555-320-7535,Doctor,3,B+,3,2026-08-07 08:02:18
3801,citizen_3801,citizen_3801@example.com,Linda Hernandez,+1-555-663-3572,"570 Smart City Ave, Street 18",Industrial Zone,CTZ-003801,+1-555-148-8563,Engineer,4,AB-,2,2026-01-10 08:02:18
3802,citizen_3802,citizen_3802@example.com,Mary Jones,+1-555-185-4361,"561 Smart City Ave, Street 15",East District,CTZ-003802,+1-555-866-4292,Student,6,AB-,2,2026-08-30 08:02:18
3803,citizen_3803,citizen_3803@example.com,Joseph Brown,+1-555-893-2048,"601 Smart City Ave, Street 15",Central Zone,CTZ-003803,+1-555-428-5306,Student,1,B+,2,2026-05-07 08:02:18
3804,citizen_3804,citizen_3804@example.com,Sarah Jackson,+1-555-824-7767,"577 Smart City Ave, Street 24",North District,CTZ-003804,+1-555-118-5721,Manager,6,B-,1,2026-07-03 08:02:18
3805,citizen_3805,citizen_3805@example.com,Robert Williams,+1-555-693-9883,"245 Smart City Ave, Street 29",North District,CTZ-003805,+1-555-954-3879,Teacher,6,A-,3,2026-08-07 08:02:18
3806,citizen_3806,citizen_3806@example.com,Thomas Martinez,+1-555-938-8963,"987 Smart City Ave, Street 15",Central Zone,CTZ-003806,+1-555-855-2538,Manager,2,B+,2,2026-03-11 08:02:18
3807,citizen_3807,citizen_3807@example.com,Barbara Thomas,+1-555-341-6736,"450 Smart City Ave, Street 29",East District,CTZ-003807,+1-555-701-6488,Doctor,5,O-,0,2026-07-25 08:02:18
3808,citizen_3808,citizen_3808@example.com,Susan Gonzalez,+1-555-908-9873,"728 Smart City Ave, Street 5",North District,CTZ-003808,+1-555-965-4724,Manager,3,A-,1,2026-01-02 08:02:18
3809,citizen_3809,citizen_3809@example.com,Mary Davis,+1-555-660-3131,"92 Smart City Ave, Street 11",Industrial Zone,CTZ-003809,+1-555-807-5725,Architect,6,O+,1,2026-05-25 08:02:18
3810,citizen_3810,citizen_3810@example.com,Patricia Garcia,+1-555-927-7840,"576 Smart City Ave, Street 1",Industrial Zone,CTZ-003810,+1-555-895-2866,Civil Servant,2,O-,1,2025-09-08 08:02:18
3811,citizen_3811,citizen_3811@example.com,Sarah Thomas,+1-555-895-9160,"824 Smart City Ave, Street 40",North District,CTZ-003811,+1-555-418-9132,Architect,5,O-,1,2025-11-02 08:02:18
3812,citizen_3812,citizen_3812@example.com,Susan Taylor,+1-555-681-1518,"91 Smart City Ave, Street 44",North District,CTZ-003812,+1-555-201-7847,Civil Servant,5,B+,2,2025-09-19 08:02:18
3813,citizen_3813,citizen_3813@example.com,Thomas Williams,+1-555-255-5285,"303 Smart City Ave, Street 18",West District,CTZ-003813,+1-555-505-4751,Technician,6,A+,1,2026-08-01 08:02:18
3814,citizen_3814,citizen_3814@example.com,Karen Williams,+1-555-501-1607,"408 Smart City Ave, Street 21",North District,CTZ-003814,+1-555-590-2681,Business Owner,3,A+,3,2026-08-17 08:02:18
3815,citizen_3815,citizen_3815@example.com,Robert Brown,+1-555-528-4706,"188 Smart City Ave, Street 2",Industrial Zone,CTZ-003815,+1-555-203-9717,Business Owner,2,B+,1,2026-01-26 08:02:18
3816,citizen_3816,citizen_3816@example.com,Richard Smith,+1-555-320-7865,"21 Smart City Ave, Street 26",West District,CTZ-003816,+1-555-947-4147,Student,4,A+,2,2026-03-29 08:02:18
3817,citizen_3817,citizen_3817@example.com,John Lopez,+1-555-103-6991,"865 Smart City Ave, Street 31",South District,CTZ-003817,+1-555-500-7931,Teacher,5,B+,0,2026-01-29 08:02:18
3818,citizen_3818,citizen_3818@example.com,William Wilson,+1-555-425-9515,"695 Smart City Ave, Street 39",North District,CTZ-003818,+1-555-682-7173,Manager,2,AB+,2,2026-07-28 08:02:18
3819,citizen_3819,citizen_3819@example.com,John Davis,+1-555-879-7881,"123 Smart City Ave, Street 48",South District,CTZ-003819,+1-555-688-8206,Manager,5,A-,3,2026-02-17 08:02:18
3820,citizen_3820,citizen_3820@example.com,Barbara Gonzalez,+1-555-387-7168,"807 Smart City Ave, Street 40",East District,CTZ-003820,+1-555-305-9745,Student,3,O-,1,2026-06-18 08:02:18
3821,citizen_3821,citizen_3821@example.com,William Wilson,+1-555-617-9020,"827 Smart City Ave, Street 33",North District,CTZ-003821,+1-555-342-4842,Technician,1,O-,3,2025-10-02 08:02:18
3822,citizen_3822,citizen_3822@example.com,John Anderson,+1-555-501-3105,"786 Smart City Ave, Street 26",South District,CTZ-003822,+1-555-814-8750,Civil Servant,1,B+,3,2026-07-18 08:02:18
3823,citizen_3823,citizen_3823@example.com,Patricia Thomas,+1-555-747-7416,"496 Smart City Ave, Street 38",North District,CTZ-003823,+1-555-933-1310,Engineer,2,B-,2,2025-09-07 08:02:18
3824,citizen_3824,citizen_3824@example.com,Thomas Taylor,+1-555-702-7683,"936 Smart City Ave, Street 45",Industrial Zone,CTZ-003824,+1-555-270-4386,Student,2,AB+,1,2026-06-26 08:02:18
3825,citizen_3825,citizen_3825@example.com,Robert Moore,+1-555-519-6467,"640 Smart City Ave, Street 21",Industrial Zone,CTZ-003825,+1-555-152-4619,Doctor,1,B-,0,2026-04-13 08:02:18
3826,citizen_3826,citizen_3826@example.com,Richard Jones,+1-555-880-9896,"479 Smart City Ave, Street 48",South District,CTZ-003826,+1-555-265-8406,Architect,4,AB+,1,2026-04-17 08:02:18
3827,citizen_3827,citizen_3827@example.com,Elizabeth Davis,+1-555-334-7747,"235 Smart City Ave, Street 2",East District,CTZ-003827,+1-555-985-2887,Accountant,1,B-,2,2025-09-06 08:02:18
3828,citizen_3828,citizen_3828@example.com,David Garcia,+1-555-720-5952,"32 Smart City Ave, Street 6",East District,CTZ-003828,+1-555-405-5578,Student,3,A+,1,2025-09-17 08:02:18
3829,citizen_3829,citizen_3829@example.com,Patricia Brown,+1-555-837-2421,"722 Smart City Ave, Street 10",Central Zone,CTZ-003829,+1-555-942-7660,Accountant,5,B-,3,2025-11-12 08:02:18
3830,citizen_3830,citizen_3830@example.com,Linda Johnson,+1-555-304-3502,"161 Smart City Ave, Street 11",South District,CTZ-003830,+1-555-468-2023,Student,5,B+,1,2026-01-02 08:02:18
3831,citizen_3831,citizen_3831@example.com,Thomas Anderson,+1-555-891-9916,"129 Smart City Ave, Street 24",West District,CTZ-003831,+1-555-953-3624,Doctor,1,B-,2,2026-08-04 08:02:18
3832,citizen_3832,citizen_3832@example.com,David Gonzalez,+1-555-806-7393,"294 Smart City Ave, Street 14",South District,CTZ-003832,+1-555-945-3090,Civil Servant,4,AB+,0,2026-08-27 08:02:18
3833,citizen_3833,citizen_3833@example.com,Patricia Gonzalez,+1-555-777-4562,"737 Smart City Ave, Street 45",East District,CTZ-003833,+1-555-235-5978,Architect,4,AB+,1,2026-01-17 08:02:18
3834,citizen_3834,citizen_3834@example.com,Elizabeth Martinez,+1-555-788-8342,"498 Smart City Ave, Street 35",West District,CTZ-003834,+1-555-373-9764,Civil Servant,5,A+,0,2026-05-09 08:02:18
3835,citizen_3835,citizen_3835@example.com,Richard Anderson,+1-555-291-4690,"277 Smart City Ave, Street 28",West District,CTZ-003835,+1-555-290-1595,Engineer,2,O+,3,2025-10-30 08:02:18
3836,citizen_3836,citizen_3836@example.com,David Davis,+1-555-179-7771,"524 Smart City Ave, Street 17",South District,CTZ-003836,+1-555-198-1340,Architect,1,O-,0,2026-07-29 08:02:18
3837,citizen_3837,citizen_3837@example.com,Robert Martinez,+1-555-426-1639,"77 Smart City Ave, Street 34",Central Zone,CTZ-003837,+1-555-843-9685,Civil Servant,2,A+,0,2026-04-14 08:02:18
3838,citizen_3838,citizen_3838@example.com,Patricia Thomas,+1-555-536-6211,"682 Smart City Ave, Street 49",Central Zone,CTZ-003838,+1-555-609-2350,Engineer,4,AB+,0,2026-04-22 08:02:18
3839,citizen_3839,citizen_3839@example.com,John Anderson,+1-555-342-7835,"384 Smart City Ave, Street 22",South District,CTZ-003839,+1-555-147-1827,Business Owner,5,A-,3,2026-08-09 08:02:18
3840,citizen_3840,citizen_3840@example.com,William Jones,+1-555-181-6335,"152 Smart City Ave, Street 47",North District,CTZ-003840,+1-555-626-2391,Doctor,5,A+,3,2025-09-09 08:02:18
3841,citizen_3841,citizen_3841@example.com,Richard Martin,+1-555-757-2798,"616 Smart City Ave, Street 19",North District,CTZ-003841,+1-555-819-5688,Civil Servant,4,B-,1,2026-06-22 08:02:18
3842,citizen_3842,citizen_3842@example.com,William Brown,+1-555-612-7965,"631 Smart City Ave, Street 8",Industrial Zone,CTZ-003842,+1-555-288-4403,Manager,5,A-,1,2026-03-19 08:02:18
3843,citizen_3843,citizen_3843@example.com,James Miller,+1-555-974-1633,"336 Smart City Ave, Street 20",South District,CTZ-003843,+1-555-866-1015,Manager,1,AB-,1,2026-07-09 08:02:18
3844,citizen_3844,citizen_3844@example.com,Elizabeth Jackson,+1-555-421-7311,"77 Smart City Ave, Street 18",North District,CTZ-003844,+1-555-598-5932,Technician,1,O-,0,2025-10-20 08:02:18
3845,citizen_3845,citizen_3845@example.com,Linda Davis,+1-555-782-5707,"749 Smart City Ave, Street 25",North District,CTZ-003845,+1-555-487-8185,Civil Servant,1,B-,1,2025-12-07 08:02:18
3846,citizen_3846,citizen_3846@example.com,Elizabeth Garcia,+1-555-655-3718,"495 Smart City Ave, Street 42",Central Zone,CTZ-003846,+1-555-723-2636,Accountant,4,A-,0,2026-07-11 08:02:18
3847,citizen_3847,citizen_3847@example.com,Michael Hernandez,+1-555-654-5762,"989 Smart City Ave, Street 24",Central Zone,CTZ-003847,+1-555-970-6110,Business Owner,6,A-,1,2025-11-12 08:02:18
3848,citizen_3848,citizen_3848@example.com,Jennifer Hernandez,+1-555-895-8316,"492 Smart City Ave, Street 33",South District,CTZ-003848,+1-555-333-5513,Accountant,3,B-,1,2026-03-12 08:02:18
3849,citizen_3849,citizen_3849@example.com,Elizabeth Garcia,+1-555-327-5553,"148 Smart City Ave, Street 45",West District,CTZ-003849,+1-555-558-7118,Doctor,1,AB-,2,2026-08-25 08:02:18
3850,citizen_3850,citizen_3850@example.com,Patricia Jones,+1-555-505-7547,"677 Smart City Ave, Street 3",East District,CTZ-003850,+1-555-327-2171,Civil Servant,2,A-,3,2025-11-20 08:02:18
3851,citizen_3851,citizen_3851@example.com,Elizabeth Martinez,+1-555-279-9885,"837 Smart City Ave, Street 31",West District,CTZ-003851,+1-555-883-8914,Architect,1,AB+,1,2026-05-22 08:02:18
3852,citizen_3852,citizen_3852@example.com,Robert Brown,+1-555-887-8438,"647 Smart City Ave, Street 14",West District,CTZ-003852,+1-555-495-2986,Teacher,1,A+,0,2025-11-20 08:02:18
3853,citizen_3853,citizen_3853@example.com,Susan Jackson,+1-555-428-6639,"919 Smart City Ave, Street 18",Central Zone,CTZ-003853,+1-555-530-5222,Technician,5,AB-,3,2026-02-04 08:02:18
3854,citizen_3854,citizen_3854@example.com,John Garcia,+1-555-606-8494,"887 Smart City Ave, Street 1",Central Zone,CTZ-003854,+1-555-541-1864,Technician,3,AB+,3,2025-11-27 08:02:18
3855,citizen_3855,citizen_3855@example.com,Elizabeth Miller,+1-555-307-1264,"909 Smart City Ave, Street 48",Central Zone,CTZ-003855,+1-555-984-9598,Business Owner,5,A-,3,2025-12-11 08:02:18
3856,citizen_3856,citizen_3856@example.com,Robert Hernandez,+1-555-169-5738,"439 Smart City Ave, Street 48",East District,CTZ-003856,+1-555-432-4383,Manager,3,O-,2,2026-04-28 08:02:18
3857,citizen_3857,citizen_3857@example.com,Linda Williams,+1-555-178-3600,"122 Smart City Ave, Street 23",North District,CTZ-003857,+1-555-901-2297,Architect,4,O-,1,2026-06-03 08:02:18
3858,citizen_3858,citizen_3858@example.com,Linda Taylor,+1-555-314-6141,"122 Smart City Ave, Street 35",Industrial Zone,CTZ-003858,+1-555-351-6441,Teacher,2,A+,1,2026-08-18 08:02:18
3859,citizen_3859,citizen_3859@example.com,Richard Thomas,+1-555-332-4333,"527 Smart City Ave, Street 8",Central Zone,CTZ-003859,+1-555-235-2234,Engineer,6,O+,1,2025-11-27 08:02:18
3860,citizen_3860,citizen_3860@example.com,Charles Taylor,+1-555-124-4706,"417 Smart City Ave, Street 38",Industrial Zone,CTZ-003860,+1-555-714-2636,Architect,5,AB+,0,2026-06-07 08:02:18
3861,citizen_3861,citizen_3861@example.com,Robert Rodriguez,+1-555-815-7816,"621 Smart City Ave, Street 4",South District,CTZ-003861,+1-555-467-5726,Accountant,3,A+,3,2026-05-02 08:02:18
3862,citizen_3862,citizen_3862@example.com,Linda Jackson,+1-555-385-7496,"225 Smart City Ave, Street 31",Industrial Zone,CTZ-003862,+1-555-730-6704,Architect,3,AB-,0,2026-03-23 08:02:18
3863,citizen_3863,citizen_3863@example.com,Thomas Martin,+1-555-563-7412,"898 Smart City Ave, Street 15",Industrial Zone,CTZ-003863,+1-555-623-5299,Doctor,3,A-,3,2026-04-19 08:02:18
3864,citizen_3864,citizen_3864@example.com,Jennifer Hernandez,+1-555-676-8937,"827 Smart City Ave, Street 44",South District,CTZ-003864,+1-555-504-7300,Architect,4,O-,1,2026-07-26 08:02:18
3865,citizen_3865,citizen_3865@example.com,Michael Anderson,+1-555-763-8382,"765 Smart City Ave, Street 34",Industrial Zone,CTZ-003865,+1-555-730-5944,Manager,5,A-,1,2025-12-26 08:02:18
3866,citizen_3866,citizen_3866@example.com,Robert Gonzalez,+1-555-920-7901,"747 Smart City Ave, Street 2",East District,CTZ-003866,+1-555-991-4100,Doctor,2,B+,3,2026-05-24 08:02:18
3867,citizen_3867,citizen_3867@example.com,Charles Williams,+1-555-686-3545,"221 Smart City Ave, Street 39",East District,CTZ-003867,+1-555-170-4313,Technician,4,B+,1,2026-05-09 08:02:18
3868,citizen_3868,citizen_3868@example.com,Joseph Lopez,+1-555-876-2213,"919 Smart City Ave, Street 43",South District,CTZ-003868,+1-555-771-2966,Civil Servant,2,O+,1,2026-04-21 08:02:18
3869,citizen_3869,citizen_3869@example.com,Thomas Jackson,+1-555-583-4527,"789 Smart City Ave, Street 32",East District,CTZ-003869,+1-555-884-9945,Accountant,3,B-,0,2025-11-22 08:02:18
3870,citizen_3870,citizen_3870@example.com,Susan Thomas,+1-555-542-8086,"682 Smart City Ave, Street 24",North District,CTZ-003870,+1-555-777-2697,Civil Servant,6,A+,0,2025-10-19 08:02:18
3871,citizen_3871,citizen_3871@example.com,Robert Jackson,+1-555-206-7465,"524 Smart City Ave, Street 49",North District,CTZ-003871,+1-555-566-7847,Manager,2,A+,2,2025-12-18 08:02:18
3872,citizen_3872,citizen_3872@example.com,Joseph Williams,+1-555-145-7579,"553 Smart City Ave, Street 9",Central Zone,CTZ-003872,+1-555-796-8213,Manager,3,AB+,1,2025-09-08 08:02:18
3873,citizen_3873,citizen_3873@example.com,Patricia Jackson,+1-555-496-8620,"366 Smart City Ave, Street 29",North District,CTZ-003873,+1-555-983-5643,Accountant,1,O-,1,2026-07-11 08:02:18
3874,citizen_3874,citizen_3874@example.com,Michael Taylor,+1-555-941-3704,"646 Smart City Ave, Street 46",South District,CTZ-003874,+1-555-437-5788,Business Owner,3,B-,3,2025-12-07 08:02:18
3875,citizen_3875,citizen_3875@example.com,David Moore,+1-555-307-9835,"679 Smart City Ave, Street 9",South District,CTZ-003875,+1-555-636-4441,Accountant,5,AB+,0,2025-10-17 08:02:18
3876,citizen_3876,citizen_3876@example.com,Susan Williams,+1-555-686-5308,"34 Smart City Ave, Street 29",East District,CTZ-003876,+1-555-779-6305,Technician,3,A+,1,2026-03-19 08:02:18
3877,citizen_3877,citizen_3877@example.com,David Jackson,+1-555-449-1292,"972 Smart City Ave, Street 38",Central Zone,CTZ-003877,+1-555-923-2402,Doctor,3,B-,1,2025-12-03 08:02:18
3878,citizen_3878,citizen_3878@example.com,Karen Moore,+1-555-288-4963,"129 Smart City Ave, Street 19",South District,CTZ-003878,+1-555-725-5705,Teacher,3,B-,1,2025-12-23 08:02:18
3879,citizen_3879,citizen_3879@example.com,Jennifer Moore,+1-555-272-9587,"580 Smart City Ave, Street 8",South District,CTZ-003879,+1-555-530-4537,Engineer,1,B-,1,2026-06-17 08:02:18
3880,citizen_3880,citizen_3880@example.com,David Taylor,+1-555-297-4379,"476 Smart City Ave, Street 13",East District,CTZ-003880,+1-555-242-2182,Technician,4,B-,2,2025-11-24 08:02:18
3881,citizen_3881,citizen_3881@example.com,Jessica Lopez,+1-555-699-3158,"687 Smart City Ave, Street 44",East District,CTZ-003881,+1-555-381-2516,Student,2,AB+,3,2026-01-31 08:02:18
3882,citizen_3882,citizen_3882@example.com,William Smith,+1-555-489-3576,"920 Smart City Ave, Street 14",East District,CTZ-003882,+1-555-928-7648,Student,4,B+,1,2026-02-04 08:02:18
3883,citizen_3883,citizen_3883@example.com,Thomas Anderson,+1-555-572-6571,"824 Smart City Ave, Street 24",West District,CTZ-003883,+1-555-851-2583,Student,4,A-,1,2025-10-18 08:02:18
3884,citizen_3884,citizen_3884@example.com,Linda Jackson,+1-555-178-8275,"365 Smart City Ave, Street 5",South District,CTZ-003884,+1-555-442-5054,Manager,5,B+,1,2026-08-24 08:02:18
3885,citizen_3885,citizen_3885@example.com,Linda Moore,+1-555-720-9168,"649 Smart City Ave, Street 32",East District,CTZ-003885,+1-555-202-9762,Business Owner,6,O-,1,2025-11-10 08:02:18
3886,citizen_3886,citizen_3886@example.com,Sarah Williams,+1-555-533-9878,"504 Smart City Ave, Street 9",South District,CTZ-003886,+1-555-146-5086,Architect,3,A-,1,2025-09-24 08:02:18
3887,citizen_3887,citizen_3887@example.com,Richard Williams,+1-555-996-8097,"841 Smart City Ave, Street 27",North District,CTZ-003887,+1-555-456-1728,Technician,4,B+,2,2026-03-04 08:02:18
3888,citizen_3888,citizen_3888@example.com,James Jackson,+1-555-418-5517,"980 Smart City Ave, Street 9",East District,CTZ-003888,+1-555-213-7740,Accountant,4,AB+,1,2026-07-04 08:02:18
3889,citizen_3889,citizen_3889@example.com,Patricia Wilson,+1-555-963-9141,"449 Smart City Ave, Street 19",South District,CTZ-003889,+1-555-612-8776,Accountant,6,B-,1,2026-03-03 08:02:18
3890,citizen_3890,citizen_3890@example.com,Jennifer Brown,+1-555-960-5256,"275 Smart City Ave, Street 25",East District,CTZ-003890,+1-555-282-8918,Business Owner,5,AB-,1,2026-04-12 08:02:18
3891,citizen_3891,citizen_3891@example.com,Susan Wilson,+1-555-317-3875,"141 Smart City Ave, Street 43",West District,CTZ-003891,+1-555-731-4731,Manager,6,A+,3,2026-04-23 08:02:18
3892,citizen_3892,citizen_3892@example.com,Jessica Jackson,+1-555-168-5831,"862 Smart City Ave, Street 48",East District,CTZ-003892,+1-555-232-2913,Technician,5,O+,1,2026-01-26 08:02:18
3893,citizen_3893,citizen_3893@example.com,Robert Jones,+1-555-702-3214,"999 Smart City Ave, Street 4",East District,CTZ-003893,+1-555-392-2610,Technician,2,B-,3,2026-08-30 08:02:18
3894,citizen_3894,citizen_3894@example.com,Elizabeth Hernandez,+1-555-917-2029,"177 Smart City Ave, Street 12",East District,CTZ-003894,+1-555-151-3928,Technician,4,AB-,1,2025-09-10 08:02:18
3895,citizen_3895,citizen_3895@example.com,David Thomas,+1-555-344-1622,"948 Smart City Ave, Street 30",North District,CTZ-003895,+1-555-881-7005,Engineer,4,AB+,1,2025-11-30 08:02:18
3896,citizen_3896,citizen_3896@example.com,Thomas Garcia,+1-555-964-9288,"405 Smart City Ave, Street 37",West District,CTZ-003896,+1-555-834-3294,Manager,2,B-,1,2026-04-29 08:02:18
3897,citizen_3897,citizen_3897@example.com,Richard Thomas,+1-555-146-1947,"513 Smart City Ave, Street 36",East District,CTZ-003897,+1-555-455-5652,Architect,6,A+,1,2026-08-20 08:02:18
3898,citizen_3898,citizen_3898@example.com,Elizabeth Johnson,+1-555-750-8671,"460 Smart City Ave, Street 48",North District,CTZ-003898,+1-555-221-4442,Business Owner,3,B+,1,2026-06-06 08:02:18
3899,citizen_3899,citizen_3899@example.com,James Smith,+1-555-178-5222,"762 Smart City Ave, Street 27",East District,CTZ-003899,+1-555-893-4848,Civil Servant,3,AB-,3,2025-09-28 08:02:18
3900,citizen_3900,citizen_3900@example.com,Richard Anderson,+1-555-539-3675,"119 Smart City Ave, Street 17",South District,CTZ-003900,+1-555-674-1507,Civil Servant,4,O+,3,2025-09-21 08:02:18
3901,citizen_3901,citizen_3901@example.com,William Brown,+1-555-609-5024,"165 Smart City Ave, Street 33",Central Zone,CTZ-003901,+1-555-979-8783,Accountant,5,O+,3,2026-07-19 08:02:18
3902,citizen_3902,citizen_3902@example.com,Jessica Jones,+1-555-413-4774,"295 Smart City Ave, Street 16",West District,CTZ-003902,+1-555-671-7665,Architect,4,O-,1,2026-04-08 08:02:18
3903,citizen_3903,citizen_3903@example.com,Mary Hernandez,+1-555-991-6272,"300 Smart City Ave, Street 34",Industrial Zone,CTZ-003903,+1-555-618-9264,Student,5,O+,3,2026-06-27 08:02:18
3904,citizen_3904,citizen_3904@example.com,John Jones,+1-555-912-8282,"780 Smart City Ave, Street 50",Industrial Zone,CTZ-003904,+1-555-659-7230,Accountant,4,A+,1,2026-04-27 08:02:18
3905,citizen_3905,citizen_3905@example.com,Susan Williams,+1-555-308-9478,"366 Smart City Ave, Street 22",Central Zone,CTZ-003905,+1-555-757-3557,Engineer,3,B+,1,2026-04-09 08:02:18
3906,citizen_3906,citizen_3906@example.com,Patricia Jackson,+1-555-498-5021,"56 Smart City Ave, Street 6",Central Zone,CTZ-003906,+1-555-767-4618,Technician,3,B-,1,2025-09-10 08:02:18
3907,citizen_3907,citizen_3907@example.com,Karen Jackson,+1-555-863-7212,"895 Smart City Ave, Street 33",South District,CTZ-003907,+1-555-159-2329,Architect,5,AB+,2,2025-11-01 08:02:18
3908,citizen_3908,citizen_3908@example.com,Thomas Davis,+1-555-461-3679,"914 Smart City Ave, Street 48",North District,CTZ-003908,+1-555-191-8586,Accountant,6,AB+,0,2026-03-18 08:02:18
3909,citizen_3909,citizen_3909@example.com,Sarah Gonzalez,+1-555-768-5941,"428 Smart City Ave, Street 17",Industrial Zone,CTZ-003909,+1-555-326-3483,Manager,2,B-,3,2025-11-15 08:02:18
3910,citizen_3910,citizen_3910@example.com,Patricia Hernandez,+1-555-196-5269,"438 Smart City Ave, Street 3",Industrial Zone,CTZ-003910,+1-555-344-1750,Accountant,1,AB+,0,2026-08-29 08:02:18
3911,citizen_3911,citizen_3911@example.com,Charles Garcia,+1-555-504-1342,"201 Smart City Ave, Street 29",Central Zone,CTZ-003911,+1-555-423-4633,Manager,5,O-,3,2026-02-01 08:02:18
3912,citizen_3912,citizen_3912@example.com,Joseph Martinez,+1-555-426-8778,"512 Smart City Ave, Street 3",West District,CTZ-003912,+1-555-946-9934,Architect,6,O-,3,2025-11-17 08:02:18
3913,citizen_3913,citizen_3913@example.com,Jessica Jackson,+1-555-268-3830,"985 Smart City Ave, Street 2",South District,CTZ-003913,+1-555-798-2254,Business Owner,1,AB-,0,2026-03-21 08:02:18
3914,citizen_3914,citizen_3914@example.com,Jennifer Miller,+1-555-244-4275,"871 Smart City Ave, Street 10",Industrial Zone,CTZ-003914,+1-555-510-3866,Technician,6,AB+,1,2025-12-29 08:02:18
3915,citizen_3915,citizen_3915@example.com,Thomas Wilson,+1-555-811-4688,"157 Smart City Ave, Street 9",West District,CTZ-003915,+1-555-610-9796,Doctor,1,B-,2,2025-10-15 08:02:18
3916,citizen_3916,citizen_3916@example.com,Patricia Jones,+1-555-417-4850,"985 Smart City Ave, Street 39",North District,CTZ-003916,+1-555-575-7221,Student,3,O-,0,2026-08-23 08:02:18
3917,citizen_3917,citizen_3917@example.com,Barbara Wilson,+1-555-929-6765,"425 Smart City Ave, Street 21",East District,CTZ-003917,+1-555-806-9639,Architect,1,AB-,2,2026-05-03 08:02:18
3918,citizen_3918,citizen_3918@example.com,Linda Hernandez,+1-555-367-7453,"564 Smart City Ave, Street 24",East District,CTZ-003918,+1-555-470-6136,Manager,5,B-,1,2026-02-16 08:02:18
3919,citizen_3919,citizen_3919@example.com,Susan Johnson,+1-555-353-4194,"863 Smart City Ave, Street 13",Central Zone,CTZ-003919,+1-555-841-3576,Engineer,4,B+,0,2026-02-07 08:02:18
3920,citizen_3920,citizen_3920@example.com,Charles Anderson,+1-555-659-7322,"515 Smart City Ave, Street 3",West District,CTZ-003920,+1-555-912-3941,Civil Servant,5,B+,2,2025-11-25 08:02:18
3921,citizen_3921,citizen_3921@example.com,Karen Davis,+1-555-494-1039,"272 Smart City Ave, Street 33",North District,CTZ-003921,+1-555-571-7895,Technician,5,B-,0,2026-04-17 08:02:18
3922,citizen_3922,citizen_3922@example.com,Robert Rodriguez,+1-555-355-8177,"887 Smart City Ave, Street 4",North District,CTZ-003922,+1-555-888-6170,Civil Servant,6,B+,3,2026-05-31 08:02:18
3923,citizen_3923,citizen_3923@example.com,Linda Jones,+1-555-230-5046,"577 Smart City Ave, Street 32",Central Zone,CTZ-003923,+1-555-732-6815,Manager,1,A-,2,2026-03-24 08:02:18
3924,citizen_3924,citizen_3924@example.com,Karen Gonzalez,+1-555-965-5293,"811 Smart City Ave, Street 47",Industrial Zone,CTZ-003924,+1-555-226-3443,Engineer,2,B-,1,2026-04-20 08:02:18
3925,citizen_3925,citizen_3925@example.com,Karen Anderson,+1-555-484-5914,"473 Smart City Ave, Street 46",East District,CTZ-003925,+1-555-914-5776,Accountant,2,O+,0,2026-07-28 08:02:18
3926,citizen_3926,citizen_3926@example.com,Michael Miller,+1-555-187-9876,"768 Smart City Ave, Street 26",East District,CTZ-003926,+1-555-130-8234,Technician,5,B+,1,2026-04-08 08:02:18
3927,citizen_3927,citizen_3927@example.com,Michael Johnson,+1-555-761-9417,"629 Smart City Ave, Street 22",Industrial Zone,CTZ-003927,+1-555-910-1527,Accountant,4,B+,0,2026-07-06 08:02:18
3928,citizen_3928,citizen_3928@example.com,Joseph Jackson,+1-555-296-6373,"569 Smart City Ave, Street 3",South District,CTZ-003928,+1-555-237-7743,Doctor,4,B+,1,2026-05-16 08:02:18
3929,citizen_3929,citizen_3929@example.com,Barbara Lopez,+1-555-702-3053,"552 Smart City Ave, Street 24",Central Zone,CTZ-003929,+1-555-983-3515,Manager,1,A-,3,2026-04-26 08:02:18
3930,citizen_3930,citizen_3930@example.com,William Williams,+1-555-384-8839,"66 Smart City Ave, Street 22",Central Zone,CTZ-003930,+1-555-289-8659,Architect,4,O+,2,2026-05-17 08:02:18
3931,citizen_3931,citizen_3931@example.com,Elizabeth Lopez,+1-555-601-5894,"591 Smart City Ave, Street 28",Industrial Zone,CTZ-003931,+1-555-883-1001,Civil Servant,2,B+,1,2025-11-08 08:02:18
3932,citizen_3932,citizen_3932@example.com,Jessica Lopez,+1-555-784-6721,"802 Smart City Ave, Street 33",Industrial Zone,CTZ-003932,+1-555-786-9936,Manager,1,AB+,3,2026-08-13 08:02:18
3933,citizen_3933,citizen_3933@example.com,Sarah Jones,+1-555-505-3064,"336 Smart City Ave, Street 8",West District,CTZ-003933,+1-555-960-3593,Accountant,4,A+,3,2026-05-24 08:02:18
3934,citizen_3934,citizen_3934@example.com,Sarah Miller,+1-555-981-5650,"580 Smart City Ave, Street 47",West District,CTZ-003934,+1-555-159-9931,Technician,6,AB+,2,2026-05-03 08:02:18
3935,citizen_3935,citizen_3935@example.com,William Davis,+1-555-357-9115,"497 Smart City Ave, Street 3",North District,CTZ-003935,+1-555-757-6561,Student,2,O+,2,2025-12-01 08:02:18
3936,citizen_3936,citizen_3936@example.com,Joseph Davis,+1-555-677-5241,"354 Smart City Ave, Street 15",North District,CTZ-003936,+1-555-483-6986,Business Owner,6,O+,2,2026-03-21 08:02:18
3937,citizen_3937,citizen_3937@example.com,Patricia Gonzalez,+1-555-413-9676,"448 Smart City Ave, Street 17",West District,CTZ-003937,+1-555-750-9085,Teacher,1,A+,0,2026-04-01 08:02:18
3938,citizen_3938,citizen_3938@example.com,Michael Wilson,+1-555-756-8163,"153 Smart City Ave, Street 10",West District,CTZ-003938,+1-555-486-4840,Technician,4,O+,1,2025-12-19 08:02:18
3939,citizen_3939,citizen_3939@example.com,Jennifer Williams,+1-555-915-4083,"524 Smart City Ave, Street 4",East District,CTZ-003939,+1-555-714-5515,Civil Servant,3,AB-,3,2026-04-14 08:02:18
3940,citizen_3940,citizen_3940@example.com,William Smith,+1-555-250-2413,"360 Smart City Ave, Street 30",North District,CTZ-003940,+1-555-198-1596,Business Owner,2,B-,3,2026-02-02 08:02:18
3941,citizen_3941,citizen_3941@example.com,Barbara Anderson,+1-555-553-1282,"703 Smart City Ave, Street 29",Industrial Zone,CTZ-003941,+1-555-288-1200,Engineer,3,B+,1,2026-01-27 08:02:18
3942,citizen_3942,citizen_3942@example.com,Mary Jackson,+1-555-188-8852,"949 Smart City Ave, Street 40",South District,CTZ-003942,+1-555-218-7679,Teacher,6,A-,2,2026-07-10 08:02:18
3943,citizen_3943,citizen_3943@example.com,Richard Miller,+1-555-851-8609,"651 Smart City Ave, Street 47",North District,CTZ-003943,+1-555-638-4438,Civil Servant,6,B+,1,2026-03-03 08:02:18
3944,citizen_3944,citizen_3944@example.com,Patricia Davis,+1-555-530-9574,"960 Smart City Ave, Street 39",Industrial Zone,CTZ-003944,+1-555-217-8369,Business Owner,4,A-,2,2025-12-29 08:02:18
3945,citizen_3945,citizen_3945@example.com,Richard Brown,+1-555-249-7925,"133 Smart City Ave, Street 13",North District,CTZ-003945,+1-555-326-4197,Doctor,1,O+,1,2026-03-18 08:02:18
3946,citizen_3946,citizen_3946@example.com,Susan Davis,+1-555-676-3121,"247 Smart City Ave, Street 7",South District,CTZ-003946,+1-555-262-7132,Technician,2,A+,2,2026-01-16 08:02:18
3947,citizen_3947,citizen_3947@example.com,Joseph Martin,+1-555-182-9720,"872 Smart City Ave, Street 42",South District,CTZ-003947,+1-555-787-9789,Manager,4,O-,3,2026-05-15 08:02:18
3948,citizen_3948,citizen_3948@example.com,Mary Hernandez,+1-555-183-4281,"673 Smart City Ave, Street 15",West District,CTZ-003948,+1-555-608-5274,Technician,1,B+,2,2026-05-19 08:02:18
3949,citizen_3949,citizen_3949@example.com,James Anderson,+1-555-304-3013,"558 Smart City Ave, Street 9",North District,CTZ-003949,+1-555-319-7355,Doctor,2,AB+,2,2026-05-01 08:02:18
3950,citizen_3950,citizen_3950@example.com,Susan Jackson,+1-555-564-5979,"184 Smart City Ave, Street 32",South District,CTZ-003950,+1-555-785-6719,Civil Servant,1,A+,1,2025-11-20 08:02:18
3951,citizen_3951,citizen_3951@example.com,Joseph Moore,+1-555-424-4401,"992 Smart City Ave, Street 35",South District,CTZ-003951,+1-555-173-8556,Architect,5,B+,3,2026-04-14 08:02:18
3952,citizen_3952,citizen_3952@example.com,Linda Jackson,+1-555-452-9061,"252 Smart City Ave, Street 39",North District,CTZ-003952,+1-555-972-7830,Civil Servant,3,AB-,1,2025-10-09 08:02:18
3953,citizen_3953,citizen_3953@example.com,Joseph Wilson,+1-555-491-9438,"786 Smart City Ave, Street 25",Central Zone,CTZ-003953,+1-555-339-8832,Civil Servant,6,A-,1,2026-04-29 08:02:18
3954,citizen_3954,citizen_3954@example.com,David Smith,+1-555-939-8821,"711 Smart City Ave, Street 15",West District,CTZ-003954,+1-555-934-9464,Student,1,O+,1,2026-08-21 08:02:18
3955,citizen_3955,citizen_3955@example.com,William Gonzalez,+1-555-535-7363,"897 Smart City Ave, Street 42",East District,CTZ-003955,+1-555-143-9557,Architect,4,O-,0,2025-11-21 08:02:18
3956,citizen_3956,citizen_3956@example.com,Mary Miller,+1-555-968-7531,"264 Smart City Ave, Street 20",North District,CTZ-003956,+1-555-207-8307,Architect,1,O+,1,2026-03-31 08:02:18
3957,citizen_3957,citizen_3957@example.com,Karen Brown,+1-555-298-3231,"843 Smart City Ave, Street 48",Industrial Zone,CTZ-003957,+1-555-932-3222,Manager,6,A+,0,2025-12-08 08:02:18
3958,citizen_3958,citizen_3958@example.com,Linda Smith,+1-555-420-2742,"183 Smart City Ave, Street 15",West District,CTZ-003958,+1-555-628-5894,Accountant,6,A+,0,2026-06-01 08:02:18
3959,citizen_3959,citizen_3959@example.com,Susan Anderson,+1-555-820-2552,"642 Smart City Ave, Street 43",North District,CTZ-003959,+1-555-909-2945,Student,6,AB-,1,2025-11-20 08:02:18
3960,citizen_3960,citizen_3960@example.com,David Brown,+1-555-380-7336,"762 Smart City Ave, Street 24",East District,CTZ-003960,+1-555-467-5372,Doctor,3,B-,0,2026-07-03 08:02:18
3961,citizen_3961,citizen_3961@example.com,Linda Anderson,+1-555-422-2802,"408 Smart City Ave, Street 9",South District,CTZ-003961,+1-555-750-1464,Manager,5,B+,3,2026-02-03 08:02:18
3962,citizen_3962,citizen_3962@example.com,Barbara Williams,+1-555-236-2716,"956 Smart City Ave, Street 6",Industrial Zone,CTZ-003962,+1-555-139-2592,Student,1,O+,0,2026-07-23 08:02:18
3963,citizen_3963,citizen_3963@example.com,Jennifer Hernandez,+1-555-198-8915,"725 Smart City Ave, Street 9",East District,CTZ-003963,+1-555-490-1175,Civil Servant,6,B-,0,2026-02-23 08:02:18
3964,citizen_3964,citizen_3964@example.com,Jennifer Brown,+1-555-414-1996,"533 Smart City Ave, Street 50",South District,CTZ-003964,+1-555-904-2800,Technician,4,A-,1,2026-05-19 08:02:18
3965,citizen_3965,citizen_3965@example.com,Jessica Jones,+1-555-485-2992,"827 Smart City Ave, Street 24",North District,CTZ-003965,+1-555-824-9579,Architect,2,A+,1,2026-05-04 08:02:18
3966,citizen_3966,citizen_3966@example.com,Thomas Taylor,+1-555-955-1604,"530 Smart City Ave, Street 8",North District,CTZ-003966,+1-555-208-1875,Doctor,1,O+,1,2025-10-11 08:02:18
3967,citizen_3967,citizen_3967@example.com,Mary Johnson,+1-555-658-9566,"815 Smart City Ave, Street 49",South District,CTZ-003967,+1-555-344-4032,Teacher,4,A-,0,2026-07-28 08:02:18
3968,citizen_3968,citizen_3968@example.com,David Wilson,+1-555-947-7680,"259 Smart City Ave, Street 37",Central Zone,CTZ-003968,+1-555-486-4814,Business Owner,4,AB-,3,2026-04-09 08:02:18
3969,citizen_3969,citizen_3969@example.com,Joseph Gonzalez,+1-555-622-5991,"501 Smart City Ave, Street 37",South District,CTZ-003969,+1-555-516-1654,Civil Servant,4,AB+,1,2025-11-17 08:02:18
3970,citizen_3970,citizen_3970@example.com,James Hernandez,+1-555-955-2678,"712 Smart City Ave, Street 33",North District,CTZ-003970,+1-555-234-4197,Doctor,3,B-,1,2026-01-03 08:02:18
3971,citizen_3971,citizen_3971@example.com,Jessica Miller,+1-555-367-8900,"340 Smart City Ave, Street 39",East District,CTZ-003971,+1-555-450-7882,Engineer,5,AB-,2,2025-11-02 08:02:18
3972,citizen_3972,citizen_3972@example.com,William Anderson,+1-555-391-6969,"366 Smart City Ave, Street 50",West District,CTZ-003972,+1-555-491-6858,Teacher,2,O-,1,2025-11-25 08:02:18
3973,citizen_3973,citizen_3973@example.com,Thomas Garcia,+1-555-553-3953,"349 Smart City Ave, Street 35",East District,CTZ-003973,+1-555-913-7206,Architect,1,O+,0,2026-08-15 08:02:18
3974,citizen_3974,citizen_3974@example.com,James Lopez,+1-555-402-7119,"770 Smart City Ave, Street 2",West District,CTZ-003974,+1-555-703-1736,Teacher,3,A-,1,2026-08-01 08:02:18
3975,citizen_3975,citizen_3975@example.com,David Gonzalez,+1-555-697-7490,"43 Smart City Ave, Street 15",Industrial Zone,CTZ-003975,+1-555-387-5608,Architect,3,O+,3,2026-01-03 08:02:18
3976,citizen_3976,citizen_3976@example.com,Linda Taylor,+1-555-735-8710,"380 Smart City Ave, Street 50",Industrial Zone,CTZ-003976,+1-555-412-9232,Business Owner,2,O+,2,2026-05-07 08:02:18
3977,citizen_3977,citizen_3977@example.com,Jennifer Miller,+1-555-940-8397,"274 Smart City Ave, Street 29",West District,CTZ-003977,+1-555-325-6340,Accountant,1,AB-,1,2026-01-28 08:02:18
3978,citizen_3978,citizen_3978@example.com,Barbara Gonzalez,+1-555-570-5050,"139 Smart City Ave, Street 9",Industrial Zone,CTZ-003978,+1-555-880-9215,Teacher,5,O+,2,2025-10-31 08:02:18
3979,citizen_3979,citizen_3979@example.com,Joseph Jones,+1-555-491-4817,"684 Smart City Ave, Street 17",Central Zone,CTZ-003979,+1-555-554-9899,Business Owner,6,A+,0,2025-11-13 08:02:18
3980,citizen_3980,citizen_3980@example.com,Barbara Rodriguez,+1-555-319-7830,"74 Smart City Ave, Street 9",Central Zone,CTZ-003980,+1-555-216-1562,Engineer,4,B+,3,2025-12-11 08:02:18
3981,citizen_3981,citizen_3981@example.com,John Jones,+1-555-632-2857,"412 Smart City Ave, Street 40",Industrial Zone,CTZ-003981,+1-555-632-1813,Teacher,3,B-,1,2026-07-19 08:02:18
3982,citizen_3982,citizen_3982@example.com,David Smith,+1-555-163-1287,"658 Smart City Ave, Street 44",Industrial Zone,CTZ-003982,+1-555-757-7695,Student,6,O+,1,2026-01-12 08:02:18
3983,citizen_3983,citizen_3983@example.com,Barbara Martinez,+1-555-796-7914,"256 Smart City Ave, Street 48",West District,CTZ-003983,+1-555-724-1511,Technician,3,A-,1,2025-09-17 08:02:18
3984,citizen_3984,citizen_3984@example.com,Patricia Rodriguez,+1-555-214-1010,"443 Smart City Ave, Street 47",South District,CTZ-003984,+1-555-691-9943,Doctor,5,AB-,1,2026-06-05 08:02:18
3985,citizen_3985,citizen_3985@example.com,Mary Thomas,+1-555-631-2612,"626 Smart City Ave, Street 37",Industrial Zone,CTZ-003985,+1-555-548-5165,Manager,5,A-,1,2025-09-26 08:02:18
3986,citizen_3986,citizen_3986@example.com,Jennifer Anderson,+1-555-855-4273,"761 Smart City Ave, Street 35",North District,CTZ-003986,+1-555-155-3415,Civil Servant,6,O-,3,2026-04-06 08:02:18
3987,citizen_3987,citizen_3987@example.com,Jessica Martinez,+1-555-813-2733,"886 Smart City Ave, Street 8",North District,CTZ-003987,+1-555-161-9647,Student,6,AB-,0,2026-08-20 08:02:18
3988,citizen_3988,citizen_3988@example.com,Mary Thomas,+1-555-435-4956,"712 Smart City Ave, Street 6",East District,CTZ-003988,+1-555-863-6833,Student,4,AB+,3,2025-09-27 08:02:18
3989,citizen_3989,citizen_3989@example.com,Patricia Smith,+1-555-952-2330,"854 Smart City Ave, Street 17",East District,CTZ-003989,+1-555-501-3237,Architect,6,O+,0,2025-10-05 08:02:18
3990,citizen_3990,citizen_3990@example.com,Jessica Gonzalez,+1-555-680-9935,"968 Smart City Ave, Street 34",South District,CTZ-003990,+1-555-275-2627,Business Owner,4,A+,0,2025-11-30 08:02:18
3991,citizen_3991,citizen_3991@example.com,Sarah Brown,+1-555-983-7668,"478 Smart City Ave, Street 12",Industrial Zone,CTZ-003991,+1-555-672-4072,Accountant,4,AB-,2,2025-11-25 08:02:18
3992,citizen_3992,citizen_3992@example.com,Linda Taylor,+1-555-496-2147,"817 Smart City Ave, Street 39",South District,CTZ-003992,+1-555-782-7125,Student,4,AB-,1,2025-10-24 08:02:18
3993,citizen_3993,citizen_3993@example.com,Mary Brown,+1-555-257-5404,"115 Smart City Ave, Street 8",West District,CTZ-003993,+1-555-947-3302,Business Owner,3,A-,3,2025-10-16 08:02:18
3994,citizen_3994,citizen_3994@example.com,Joseph Smith,+1-555-710-4976,"124 Smart City Ave, Street 2",Industrial Zone,CTZ-003994,+1-555-799-8467,Manager,1,AB+,3,2026-08-08 08:02:18
3995,citizen_3995,citizen_3995@example.com,William Miller,+1-555-458-4928,"484 Smart City Ave, Street 7",West District,CTZ-003995,+1-555-455-3487,Teacher,6,O-,0,2025-10-20 08:02:18
3996,citizen_3996,citizen_3996@example.com,Jennifer Jackson,+1-555-939-3816,"898 Smart City Ave, Street 40",South District,CTZ-003996,+1-555-775-4676,Teacher,5,B+,0,2026-03-09 08:02:18
3997,citizen_3997,citizen_3997@example.com,Thomas Miller,+1-555-926-3303,"929 Smart City Ave, Street 9",West District,CTZ-003997,+1-555-941-6019,Accountant,3,O-,2,2026-04-19 08:02:18
3998,citizen_3998,citizen_3998@example.com,Elizabeth Jones,+1-555-306-5554,"822 Smart City Ave, Street 7",Industrial Zone,CTZ-003998,+1-555-220-4239,Accountant,5,AB+,3,2025-09-21 08:02:18
3999,citizen_3999,citizen_3999@example.com,David Lopez,+1-555-247-7279,"867 Smart City Ave, Street 1",East District,CTZ-003999,+1-555-497-4476,Accountant,1,AB+,3,2026-06-05 08:02:18
4000,citizen_4000,citizen_4000@example.com,Robert Williams,+1-555-425-7226,"875 Smart City Ave, Street 2",South District,CTZ-004000,+1-555-684-7989,Technician,5,O-,1,2026-08-28 08:02:18
4001,citizen_4001,citizen_4001@example.com,Richard Wilson,+1-555-516-9673,"225 Smart City Ave, Street 13",South District,CTZ-004001,+1-555-122-8782,Manager,1,B-,1,2025-10-10 08:02:18
4002,citizen_4002,citizen_4002@example.com,Elizabeth Moore,+1-555-500-8045,"317 Smart City Ave, Street 4",Central Zone,CTZ-004002,+1-555-416-5362,Doctor,4,B+,3,2026-04-17 08:02:18
4003,citizen_4003,citizen_4003@example.com,Patricia Martinez,+1-555-678-4133,"511 Smart City Ave, Street 29",Industrial Zone,CTZ-004003,+1-555-125-9000,Civil Servant,6,AB-,2,2026-06-20 08:02:18
4004,citizen_4004,citizen_4004@example.com,William Jackson,+1-555-371-7635,"386 Smart City Ave, Street 46",West District,CTZ-004004,+1-555-518-1273,Civil Servant,4,AB-,1,2026-09-01 08:02:18
4005,citizen_4005,citizen_4005@example.com,Joseph Hernandez,+1-555-503-4687,"963 Smart City Ave, Street 14",Central Zone,CTZ-004005,+1-555-602-5294,Student,5,O-,3,2026-04-01 08:02:18
4006,citizen_4006,citizen_4006@example.com,Jennifer Davis,+1-555-598-7354,"921 Smart City Ave, Street 25",North District,CTZ-004006,+1-555-757-4481,Manager,4,B-,2,2026-05-03 08:02:18
4007,citizen_4007,citizen_4007@example.com,Linda Anderson,+1-555-990-2671,"780 Smart City Ave, Street 23",East District,CTZ-004007,+1-555-560-4810,Accountant,1,B+,1,2026-05-12 08:02:18
4008,citizen_4008,citizen_4008@example.com,Sarah Wilson,+1-555-739-1197,"34 Smart City Ave, Street 41",West District,CTZ-004008,+1-555-359-8900,Business Owner,6,O+,2,2026-03-19 08:02:18
4009,citizen_4009,citizen_4009@example.com,David Anderson,+1-555-749-9688,"967 Smart City Ave, Street 32",Central Zone,CTZ-004009,+1-555-411-1897,Manager,2,A+,2,2026-07-10 08:02:18
4010,citizen_4010,citizen_4010@example.com,William Wilson,+1-555-446-3098,"216 Smart City Ave, Street 25",North District,CTZ-004010,+1-555-624-7665,Doctor,2,B+,1,2025-10-09 08:02:18
4011,citizen_4011,citizen_4011@example.com,Richard Wilson,+1-555-427-3987,"858 Smart City Ave, Street 1",Industrial Zone,CTZ-004011,+1-555-245-6711,Architect,3,A-,2,2025-09-30 08:02:18
4012,citizen_4012,citizen_4012@example.com,Thomas Anderson,+1-555-923-2739,"411 Smart City Ave, Street 36",East District,CTZ-004012,+1-555-377-1079,Civil Servant,1,O-,3,2026-08-31 08:02:18
4013,citizen_4013,citizen_4013@example.com,Mary Wilson,+1-555-227-2109,"474 Smart City Ave, Street 49",South District,CTZ-004013,+1-555-664-1409,Accountant,4,O+,1,2026-08-29 08:02:18
4014,citizen_4014,citizen_4014@example.com,Linda Taylor,+1-555-601-4152,"951 Smart City Ave, Street 23",North District,CTZ-004014,+1-555-997-2442,Civil Servant,1,AB-,3,2026-08-10 08:02:18
4015,citizen_4015,citizen_4015@example.com,Linda Brown,+1-555-522-8755,"137 Smart City Ave, Street 12",Industrial Zone,CTZ-004015,+1-555-831-9071,Engineer,2,B-,0,2026-08-26 08:02:18
4016,citizen_4016,citizen_4016@example.com,Mary Williams,+1-555-150-5746,"692 Smart City Ave, Street 36",South District,CTZ-004016,+1-555-764-9907,Architect,2,B-,1,2026-08-08 08:02:18
4017,citizen_4017,citizen_4017@example.com,Jennifer Miller,+1-555-569-6037,"178 Smart City Ave, Street 5",South District,CTZ-004017,+1-555-356-6091,Civil Servant,3,B+,1,2026-06-27 08:02:18
4018,citizen_4018,citizen_4018@example.com,Mary Williams,+1-555-340-1058,"884 Smart City Ave, Street 6",South District,CTZ-004018,+1-555-751-2411,Teacher,6,A+,1,2026-07-15 08:02:18
4019,citizen_4019,citizen_4019@example.com,Patricia Thomas,+1-555-673-2014,"230 Smart City Ave, Street 26",Industrial Zone,CTZ-004019,+1-555-144-1121,Technician,2,AB-,3,2025-10-01 08:02:18
4020,citizen_4020,citizen_4020@example.com,Barbara Rodriguez,+1-555-583-8211,"595 Smart City Ave, Street 32",Industrial Zone,CTZ-004020,+1-555-332-7160,Engineer,2,A-,1,2026-07-24 08:02:18
4021,citizen_4021,citizen_4021@example.com,Jessica Martin,+1-555-569-5516,"766 Smart City Ave, Street 15",North District,CTZ-004021,+1-555-535-8825,Civil Servant,6,A-,0,2026-06-26 08:02:18
4022,citizen_4022,citizen_4022@example.com,Robert Johnson,+1-555-373-2826,"426 Smart City Ave, Street 38",Central Zone,CTZ-004022,+1-555-124-6315,Engineer,2,O+,0,2026-05-24 08:02:18
4023,citizen_4023,citizen_4023@example.com,Richard Thomas,+1-555-677-6392,"617 Smart City Ave, Street 22",Central Zone,CTZ-004023,+1-555-446-9348,Technician,2,O-,1,2026-04-07 08:02:18
4024,citizen_4024,citizen_4024@example.com,John Williams,+1-555-822-3770,"752 Smart City Ave, Street 23",East District,CTZ-004024,+1-555-535-7054,Business Owner,4,B-,1,2025-11-06 08:02:18
4025,citizen_4025,citizen_4025@example.com,Sarah Martinez,+1-555-268-3923,"992 Smart City Ave, Street 10",Industrial Zone,CTZ-004025,+1-555-213-5197,Manager,1,A+,1,2026-04-30 08:02:18
4026,citizen_4026,citizen_4026@example.com,Susan Williams,+1-555-614-1638,"85 Smart City Ave, Street 46",Central Zone,CTZ-004026,+1-555-739-9246,Technician,3,B-,0,2025-09-29 08:02:18
4027,citizen_4027,citizen_4027@example.com,Patricia Wilson,+1-555-571-5401,"822 Smart City Ave, Street 37",Central Zone,CTZ-004027,+1-555-380-9895,Accountant,6,B-,0,2026-02-26 08:02:18
4028,citizen_4028,citizen_4028@example.com,Linda Martinez,+1-555-139-5296,"184 Smart City Ave, Street 36",West District,CTZ-004028,+1-555-964-6463,Technician,1,A+,1,2026-02-25 08:02:18
4029,citizen_4029,citizen_4029@example.com,Susan Davis,+1-555-545-7627,"361 Smart City Ave, Street 28",East District,CTZ-004029,+1-555-541-5703,Civil Servant,6,AB+,1,2026-02-10 08:02:18
4030,citizen_4030,citizen_4030@example.com,Thomas Jackson,+1-555-901-4569,"806 Smart City Ave, Street 25",West District,CTZ-004030,+1-555-863-2890,Technician,6,O-,1,2026-03-14 08:02:18
4031,citizen_4031,citizen_4031@example.com,Susan Jackson,+1-555-662-3497,"329 Smart City Ave, Street 36",Industrial Zone,CTZ-004031,+1-555-147-1891,Manager,5,B+,2,2026-01-05 08:02:18
4032,citizen_4032,citizen_4032@example.com,Jennifer Johnson,+1-555-786-2619,"872 Smart City Ave, Street 20",North District,CTZ-004032,+1-555-693-1818,Engineer,3,B-,1,2025-09-04 08:02:18
4033,citizen_4033,citizen_4033@example.com,Joseph Taylor,+1-555-745-1368,"930 Smart City Ave, Street 45",Industrial Zone,CTZ-004033,+1-555-965-7116,Civil Servant,2,O+,1,2026-06-15 08:02:18
4034,citizen_4034,citizen_4034@example.com,Robert Brown,+1-555-502-9236,"255 Smart City Ave, Street 24",Central Zone,CTZ-004034,+1-555-244-1447,Teacher,4,B+,0,2026-01-13 08:02:18
4035,citizen_4035,citizen_4035@example.com,James Martin,+1-555-368-7394,"952 Smart City Ave, Street 29",North District,CTZ-004035,+1-555-821-7922,Manager,4,A-,0,2026-03-04 08:02:18
4036,citizen_4036,citizen_4036@example.com,David Gonzalez,+1-555-356-7618,"928 Smart City Ave, Street 41",East District,CTZ-004036,+1-555-152-6216,Business Owner,1,A-,2,2025-10-24 08:02:18
4037,citizen_4037,citizen_4037@example.com,Barbara Gonzalez,+1-555-284-7987,"921 Smart City Ave, Street 24",East District,CTZ-004037,+1-555-638-9882,Architect,3,O-,3,2026-04-12 08:02:18
4038,citizen_4038,citizen_4038@example.com,Thomas Martinez,+1-555-113-1007,"165 Smart City Ave, Street 7",Industrial Zone,CTZ-004038,+1-555-362-5982,Architect,1,O-,0,2025-12-19 08:02:18
4039,citizen_4039,citizen_4039@example.com,Charles Gonzalez,+1-555-629-4382,"899 Smart City Ave, Street 37",West District,CTZ-004039,+1-555-186-3496,Civil Servant,3,O-,2,2026-05-27 08:02:18
4040,citizen_4040,citizen_4040@example.com,John Anderson,+1-555-466-1281,"939 Smart City Ave, Street 5",Industrial Zone,CTZ-004040,+1-555-111-1509,Civil Servant,5,AB+,1,2026-08-11 08:02:18
4041,citizen_4041,citizen_4041@example.com,Charles Moore,+1-555-338-5940,"669 Smart City Ave, Street 2",North District,CTZ-004041,+1-555-113-4521,Accountant,6,B-,0,2025-11-27 08:02:18
4042,citizen_4042,citizen_4042@example.com,Karen Davis,+1-555-865-3012,"789 Smart City Ave, Street 44",North District,CTZ-004042,+1-555-658-3260,Manager,1,AB-,3,2025-10-14 08:02:18
4043,citizen_4043,citizen_4043@example.com,Jessica Martin,+1-555-306-4157,"292 Smart City Ave, Street 4",East District,CTZ-004043,+1-555-648-3214,Doctor,5,B+,1,2026-03-29 08:02:18
4044,citizen_4044,citizen_4044@example.com,Mary Jackson,+1-555-884-8013,"29 Smart City Ave, Street 33",South District,CTZ-004044,+1-555-239-7332,Engineer,6,AB+,2,2026-08-18 08:02:18
4045,citizen_4045,citizen_4045@example.com,Sarah Brown,+1-555-784-7560,"595 Smart City Ave, Street 28",East District,CTZ-004045,+1-555-119-5219,Doctor,6,B+,2,2026-01-13 08:02:18
4046,citizen_4046,citizen_4046@example.com,William Martinez,+1-555-662-6371,"850 Smart City Ave, Street 37",North District,CTZ-004046,+1-555-717-7478,Architect,5,AB+,1,2025-12-22 08:02:18
4047,citizen_4047,citizen_4047@example.com,Thomas Martinez,+1-555-580-4896,"175 Smart City Ave, Street 32",East District,CTZ-004047,+1-555-667-9181,Teacher,2,AB+,0,2026-07-28 08:02:18
4048,citizen_4048,citizen_4048@example.com,Mary Brown,+1-555-516-9705,"222 Smart City Ave, Street 12",North District,CTZ-004048,+1-555-400-2592,Architect,3,AB-,1,2026-07-18 08:02:18
4049,citizen_4049,citizen_4049@example.com,Jessica Thomas,+1-555-759-5445,"280 Smart City Ave, Street 33",East District,CTZ-004049,+1-555-433-1425,Civil Servant,6,O-,1,2026-03-10 08:02:18
4050,citizen_4050,citizen_4050@example.com,Linda Garcia,+1-555-373-4082,"88 Smart City Ave, Street 25",North District,CTZ-004050,+1-555-358-7547,Teacher,6,B+,1,2026-06-10 08:02:18
4051,citizen_4051,citizen_4051@example.com,Elizabeth Williams,+1-555-482-9614,"725 Smart City Ave, Street 33",Industrial Zone,CTZ-004051,+1-555-136-9894,Accountant,5,O-,1,2025-12-22 08:02:18
4052,citizen_4052,citizen_4052@example.com,Jessica Taylor,+1-555-826-2186,"491 Smart City Ave, Street 40",Industrial Zone,CTZ-004052,+1-555-521-3174,Architect,4,B-,3,2026-07-30 08:02:18
4053,citizen_4053,citizen_4053@example.com,Elizabeth Miller,+1-555-655-7835,"119 Smart City Ave, Street 5",North District,CTZ-004053,+1-555-312-6782,Student,6,AB+,0,2026-02-18 08:02:18
4054,citizen_4054,citizen_4054@example.com,Patricia Thomas,+1-555-238-9853,"842 Smart City Ave, Street 17",North District,CTZ-004054,+1-555-327-5967,Doctor,5,AB+,0,2026-03-15 08:02:18
4055,citizen_4055,citizen_4055@example.com,Charles Lopez,+1-555-630-9804,"373 Smart City Ave, Street 29",South District,CTZ-004055,+1-555-583-9316,Business Owner,4,B-,1,2026-06-21 08:02:18
4056,citizen_4056,citizen_4056@example.com,Richard Hernandez,+1-555-969-1100,"225 Smart City Ave, Street 33",Central Zone,CTZ-004056,+1-555-399-2013,Accountant,4,B-,0,2026-06-22 08:02:18
4057,citizen_4057,citizen_4057@example.com,Linda Martin,+1-555-265-9313,"964 Smart City Ave, Street 44",Industrial Zone,CTZ-004057,+1-555-778-3636,Student,5,A+,3,2026-01-01 08:02:18
4058,citizen_4058,citizen_4058@example.com,Jessica Garcia,+1-555-594-9852,"140 Smart City Ave, Street 3",East District,CTZ-004058,+1-555-978-5745,Doctor,5,O+,1,2026-02-08 08:02:18
4059,citizen_4059,citizen_4059@example.com,Jennifer Martin,+1-555-196-2801,"602 Smart City Ave, Street 2",North District,CTZ-004059,+1-555-873-9396,Engineer,5,AB+,3,2026-04-03 08:02:18
4060,citizen_4060,citizen_4060@example.com,Joseph Martin,+1-555-633-3274,"637 Smart City Ave, Street 2",Industrial Zone,CTZ-004060,+1-555-332-3415,Doctor,4,AB-,2,2026-05-05 08:02:18
4061,citizen_4061,citizen_4061@example.com,Michael Miller,+1-555-775-1467,"476 Smart City Ave, Street 33",South District,CTZ-004061,+1-555-909-3726,Student,4,AB-,1,2026-04-03 08:02:18
4062,citizen_4062,citizen_4062@example.com,Jennifer Martinez,+1-555-779-6324,"814 Smart City Ave, Street 25",East District,CTZ-004062,+1-555-948-1319,Student,5,AB-,3,2026-09-01 08:02:18
4063,citizen_4063,citizen_4063@example.com,Michael Williams,+1-555-577-5623,"415 Smart City Ave, Street 47",West District,CTZ-004063,+1-555-877-3868,Engineer,1,AB-,1,2026-02-27 08:02:18
4064,citizen_4064,citizen_4064@example.com,Thomas Garcia,+1-555-332-2604,"999 Smart City Ave, Street 40",Industrial Zone,CTZ-004064,+1-555-675-5213,Business Owner,3,O+,0,2026-04-09 08:02:18
4065,citizen_4065,citizen_4065@example.com,Joseph Garcia,+1-555-214-3005,"427 Smart City Ave, Street 35",South District,CTZ-004065,+1-555-321-6590,Engineer,6,AB-,3,2025-12-22 08:02:18
4066,citizen_4066,citizen_4066@example.com,John Anderson,+1-555-665-3534,"201 Smart City Ave, Street 22",South District,CTZ-004066,+1-555-663-2505,Architect,6,A+,2,2025-11-07 08:02:18
4067,citizen_4067,citizen_4067@example.com,Joseph Garcia,+1-555-487-6930,"505 Smart City Ave, Street 42",North District,CTZ-004067,+1-555-805-2516,Doctor,1,A+,1,2025-11-21 08:02:18
4068,citizen_4068,citizen_4068@example.com,James Rodriguez,+1-555-337-3468,"779 Smart City Ave, Street 5",West District,CTZ-004068,+1-555-943-3155,Doctor,2,A+,1,2026-02-15 08:02:18
4069,citizen_4069,citizen_4069@example.com,Robert Williams,+1-555-657-3151,"374 Smart City Ave, Street 44",West District,CTZ-004069,+1-555-350-4420,Technician,2,O-,3,2026-01-16 08:02:18
4070,citizen_4070,citizen_4070@example.com,Linda Jackson,+1-555-880-3006,"491 Smart City Ave, Street 33",North District,CTZ-004070,+1-555-472-3031,Manager,5,O-,3,2026-07-09 08:02:18
4071,citizen_4071,citizen_4071@example.com,Elizabeth Martin,+1-555-727-9627,"524 Smart City Ave, Street 13",Central Zone,CTZ-004071,+1-555-195-4055,Doctor,4,O-,2,2026-06-24 08:02:18
4072,citizen_4072,citizen_4072@example.com,John Moore,+1-555-570-8332,"560 Smart City Ave, Street 34",East District,CTZ-004072,+1-555-890-6280,Technician,4,AB-,2,2025-11-27 08:02:18
4073,citizen_4073,citizen_4073@example.com,Barbara Miller,+1-555-718-2806,"201 Smart City Ave, Street 28",East District,CTZ-004073,+1-555-990-1615,Technician,6,O-,3,2026-02-06 08:02:18
4074,citizen_4074,citizen_4074@example.com,Joseph Miller,+1-555-196-3718,"371 Smart City Ave, Street 39",North District,CTZ-004074,+1-555-406-6125,Student,4,B-,1,2026-08-30 08:02:18
4075,citizen_4075,citizen_4075@example.com,John Martinez,+1-555-711-9397,"222 Smart City Ave, Street 21",East District,CTZ-004075,+1-555-973-5962,Business Owner,6,B+,1,2026-05-22 08:02:18
4076,citizen_4076,citizen_4076@example.com,Sarah Wilson,+1-555-166-4212,"477 Smart City Ave, Street 17",Central Zone,CTZ-004076,+1-555-436-8953,Manager,1,AB-,1,2025-10-23 08:02:18
4077,citizen_4077,citizen_4077@example.com,Robert Hernandez,+1-555-136-9752,"379 Smart City Ave, Street 16",South District,CTZ-004077,+1-555-809-4858,Business Owner,4,B+,2,2026-01-20 08:02:18
4078,citizen_4078,citizen_4078@example.com,Jennifer Johnson,+1-555-778-5476,"61 Smart City Ave, Street 36",West District,CTZ-004078,+1-555-871-6991,Doctor,6,AB-,1,2026-06-12 08:02:18
4079,citizen_4079,citizen_4079@example.com,Michael Anderson,+1-555-458-6833,"12 Smart City Ave, Street 7",Central Zone,CTZ-004079,+1-555-495-8166,Teacher,2,A-,1,2026-07-03 08:02:18
4080,citizen_4080,citizen_4080@example.com,Robert Miller,+1-555-961-7281,"43 Smart City Ave, Street 32",Industrial Zone,CTZ-004080,+1-555-735-1199,Teacher,3,O-,0,2026-03-25 08:02:18
4081,citizen_4081,citizen_4081@example.com,Linda Miller,+1-555-523-6230,"499 Smart City Ave, Street 17",Industrial Zone,CTZ-004081,+1-555-730-3494,Accountant,5,B-,0,2026-04-01 08:02:18
4082,citizen_4082,citizen_4082@example.com,Linda Moore,+1-555-660-6087,"584 Smart City Ave, Street 19",North District,CTZ-004082,+1-555-245-3716,Teacher,6,AB+,0,2026-01-08 08:02:18
4083,citizen_4083,citizen_4083@example.com,James Williams,+1-555-287-3341,"64 Smart City Ave, Street 20",South District,CTZ-004083,+1-555-390-1262,Accountant,5,A-,2,2026-08-08 08:02:18
4084,citizen_4084,citizen_4084@example.com,Susan Martinez,+1-555-282-8612,"815 Smart City Ave, Street 22",West District,CTZ-004084,+1-555-462-5874,Accountant,2,B+,1,2026-02-10 08:02:18
4085,citizen_4085,citizen_4085@example.com,David Thomas,+1-555-286-7662,"225 Smart City Ave, Street 31",South District,CTZ-004085,+1-555-604-1673,Student,4,AB+,2,2026-06-14 08:02:18
4086,citizen_4086,citizen_4086@example.com,Jessica Smith,+1-555-867-3203,"400 Smart City Ave, Street 37",Central Zone,CTZ-004086,+1-555-350-6576,Accountant,6,AB+,1,2025-10-14 08:02:18
4087,citizen_4087,citizen_4087@example.com,Barbara Jackson,+1-555-390-7471,"373 Smart City Ave, Street 11",Industrial Zone,CTZ-004087,+1-555-640-6503,Student,1,O-,0,2026-05-23 08:02:18
4088,citizen_4088,citizen_4088@example.com,Michael Moore,+1-555-448-9028,"598 Smart City Ave, Street 43",North District,CTZ-004088,+1-555-498-4643,Manager,2,A+,3,2026-03-02 08:02:18
4089,citizen_4089,citizen_4089@example.com,David Hernandez,+1-555-137-7973,"78 Smart City Ave, Street 42",South District,CTZ-004089,+1-555-840-2625,Engineer,5,B-,1,2026-08-01 08:02:18
4090,citizen_4090,citizen_4090@example.com,Linda Davis,+1-555-545-9922,"825 Smart City Ave, Street 46",North District,CTZ-004090,+1-555-827-7418,Doctor,6,B-,1,2025-09-22 08:02:18
4091,citizen_4091,citizen_4091@example.com,Elizabeth Martin,+1-555-252-4242,"360 Smart City Ave, Street 11",Industrial Zone,CTZ-004091,+1-555-851-6355,Engineer,4,AB-,2,2025-10-24 08:02:18
4092,citizen_4092,citizen_4092@example.com,David Smith,+1-555-265-8469,"148 Smart City Ave, Street 44",East District,CTZ-004092,+1-555-526-4205,Teacher,6,A+,3,2025-11-12 08:02:18
4093,citizen_4093,citizen_4093@example.com,James Garcia,+1-555-757-5191,"713 Smart City Ave, Street 41",West District,CTZ-004093,+1-555-212-8949,Civil Servant,6,A+,1,2025-11-29 08:02:18
4094,citizen_4094,citizen_4094@example.com,Jessica Moore,+1-555-167-3912,"654 Smart City Ave, Street 35",Industrial Zone,CTZ-004094,+1-555-441-1675,Student,1,O-,1,2026-06-03 08:02:18
4095,citizen_4095,citizen_4095@example.com,David Hernandez,+1-555-360-2885,"793 Smart City Ave, Street 46",North District,CTZ-004095,+1-555-687-9713,Teacher,6,AB+,3,2026-07-04 08:02:18
4096,citizen_4096,citizen_4096@example.com,Jessica Martin,+1-555-707-4965,"402 Smart City Ave, Street 32",West District,CTZ-004096,+1-555-899-1822,Manager,3,AB+,1,2025-10-12 08:02:18
4097,citizen_4097,citizen_4097@example.com,Patricia Anderson,+1-555-626-7644,"952 Smart City Ave, Street 50",Central Zone,CTZ-004097,+1-555-287-4058,Manager,1,B+,1,2026-03-21 08:02:18
4098,citizen_4098,citizen_4098@example.com,Charles Martinez,+1-555-669-6937,"772 Smart City Ave, Street 17",Industrial Zone,CTZ-004098,+1-555-938-3002,Doctor,2,O+,3,2025-12-02 08:02:18
4099,citizen_4099,citizen_4099@example.com,William Martinez,+1-555-432-4454,"411 Smart City Ave, Street 23",Industrial Zone,CTZ-004099,+1-555-553-2299,Architect,5,AB+,2,2026-07-08 08:02:18
4100,citizen_4100,citizen_4100@example.com,Jessica Moore,+1-555-737-2856,"187 Smart City Ave, Street 20",North District,CTZ-004100,+1-555-991-8980,Teacher,1,O+,1,2026-02-23 08:02:18
4101,citizen_4101,citizen_4101@example.com,Jennifer Martinez,+1-555-815-8064,"835 Smart City Ave, Street 18",West District,CTZ-004101,+1-555-856-8370,Technician,5,AB-,3,2026-02-19 08:02:18
4102,citizen_4102,citizen_4102@example.com,James Davis,+1-555-296-2447,"372 Smart City Ave, Street 43",North District,CTZ-004102,+1-555-444-6119,Technician,5,O-,1,2025-10-29 08:02:18
4103,citizen_4103,citizen_4103@example.com,Robert Jones,+1-555-945-5578,"929 Smart City Ave, Street 18",North District,CTZ-004103,+1-555-169-3585,Engineer,5,AB-,0,2026-06-16 08:02:18
4104,citizen_4104,citizen_4104@example.com,Michael Wilson,+1-555-195-4931,"469 Smart City Ave, Street 33",East District,CTZ-004104,+1-555-760-2348,Student,2,B-,2,2025-09-24 08:02:18
4105,citizen_4105,citizen_4105@example.com,Richard Jones,+1-555-464-1961,"100 Smart City Ave, Street 29",West District,CTZ-004105,+1-555-837-6924,Architect,6,O+,1,2025-10-19 08:02:18
4106,citizen_4106,citizen_4106@example.com,Thomas Thomas,+1-555-498-7658,"846 Smart City Ave, Street 37",South District,CTZ-004106,+1-555-465-8471,Business Owner,4,A-,1,2026-02-22 08:02:18
4107,citizen_4107,citizen_4107@example.com,Charles Martin,+1-555-821-7613,"215 Smart City Ave, Street 30",North District,CTZ-004107,+1-555-624-4297,Teacher,6,A-,1,2026-02-22 08:02:18
4108,citizen_4108,citizen_4108@example.com,Karen Rodriguez,+1-555-177-6574,"934 Smart City Ave, Street 24",North District,CTZ-004108,+1-555-471-5647,Technician,1,B-,2,2026-05-20 08:02:18
4109,citizen_4109,citizen_4109@example.com,Michael Taylor,+1-555-772-3885,"742 Smart City Ave, Street 48",South District,CTZ-004109,+1-555-948-9876,Teacher,1,A-,1,2026-05-28 08:02:18
4110,citizen_4110,citizen_4110@example.com,Joseph Martin,+1-555-453-3920,"101 Smart City Ave, Street 26",Industrial Zone,CTZ-004110,+1-555-258-2463,Civil Servant,6,A-,0,2025-11-21 08:02:18
4111,citizen_4111,citizen_4111@example.com,Susan Wilson,+1-555-739-6681,"239 Smart City Ave, Street 13",North District,CTZ-004111,+1-555-224-8912,Architect,3,B-,0,2025-10-14 08:02:18
4112,citizen_4112,citizen_4112@example.com,Thomas Thomas,+1-555-457-8978,"614 Smart City Ave, Street 29",East District,CTZ-004112,+1-555-733-8491,Teacher,5,AB-,3,2026-03-16 08:02:18
4113,citizen_4113,citizen_4113@example.com,Linda Miller,+1-555-387-9491,"80 Smart City Ave, Street 7",West District,CTZ-004113,+1-555-253-3335,Student,2,B+,3,2026-02-21 08:02:18
4114,citizen_4114,citizen_4114@example.com,Joseph Gonzalez,+1-555-177-4380,"163 Smart City Ave, Street 22",South District,CTZ-004114,+1-555-749-9222,Student,1,A-,0,2026-03-08 08:02:18
4115,citizen_4115,citizen_4115@example.com,Jessica Smith,+1-555-158-5200,"744 Smart City Ave, Street 50",North District,CTZ-004115,+1-555-901-8750,Engineer,2,O+,0,2025-09-18 08:02:18
4116,citizen_4116,citizen_4116@example.com,Susan Johnson,+1-555-388-9761,"389 Smart City Ave, Street 8",East District,CTZ-004116,+1-555-163-1085,Manager,1,O-,1,2026-08-17 08:02:18
4117,citizen_4117,citizen_4117@example.com,Barbara Martinez,+1-555-873-8073,"624 Smart City Ave, Street 48",Industrial Zone,CTZ-004117,+1-555-945-8689,Technician,2,AB-,0,2026-01-06 08:02:18
4118,citizen_4118,citizen_4118@example.com,Robert Martinez,+1-555-426-7798,"232 Smart City Ave, Street 21",Central Zone,CTZ-004118,+1-555-353-5255,Architect,6,A-,0,2025-11-10 08:02:18
4119,citizen_4119,citizen_4119@example.com,Sarah Rodriguez,+1-555-224-5058,"498 Smart City Ave, Street 16",Industrial Zone,CTZ-004119,+1-555-755-6778,Civil Servant,2,O-,1,2026-02-06 08:02:18
4120,citizen_4120,citizen_4120@example.com,Jessica Rodriguez,+1-555-993-6480,"474 Smart City Ave, Street 42",East District,CTZ-004120,+1-555-547-7929,Manager,2,B+,1,2026-03-20 08:02:18
4121,citizen_4121,citizen_4121@example.com,Joseph Williams,+1-555-215-7386,"569 Smart City Ave, Street 46",West District,CTZ-004121,+1-555-805-1272,Architect,1,AB+,3,2026-05-26 08:02:18
4122,citizen_4122,citizen_4122@example.com,Patricia Martinez,+1-555-268-6817,"486 Smart City Ave, Street 9",West District,CTZ-004122,+1-555-978-9376,Doctor,3,AB-,1,2026-05-10 08:02:18
4123,citizen_4123,citizen_4123@example.com,Jennifer Jackson,+1-555-960-5098,"321 Smart City Ave, Street 16",West District,CTZ-004123,+1-555-705-6518,Student,3,AB+,0,2025-10-28 08:02:18
4124,citizen_4124,citizen_4124@example.com,Charles Hernandez,+1-555-239-5273,"261 Smart City Ave, Street 38",Industrial Zone,CTZ-004124,+1-555-291-4996,Architect,2,B-,3,2026-07-27 08:02:18
4125,citizen_4125,citizen_4125@example.com,Susan Martinez,+1-555-489-3128,"583 Smart City Ave, Street 48",South District,CTZ-004125,+1-555-996-5132,Teacher,4,B-,2,2025-11-24 08:02:18
4126,citizen_4126,citizen_4126@example.com,Karen Lopez,+1-555-654-6007,"953 Smart City Ave, Street 6",Industrial Zone,CTZ-004126,+1-555-631-4474,Teacher,3,B+,1,2025-09-22 08:02:18
4127,citizen_4127,citizen_4127@example.com,Elizabeth Garcia,+1-555-310-4773,"208 Smart City Ave, Street 1",South District,CTZ-004127,+1-555-601-2863,Manager,1,O-,1,2025-10-14 08:02:18
4128,citizen_4128,citizen_4128@example.com,Barbara Martin,+1-555-161-9695,"260 Smart City Ave, Street 35",South District,CTZ-004128,+1-555-756-4497,Technician,1,O-,0,2025-09-17 08:02:18
4129,citizen_4129,citizen_4129@example.com,Charles Martinez,+1-555-564-6610,"911 Smart City Ave, Street 39",Central Zone,CTZ-004129,+1-555-123-5424,Manager,2,B+,1,2025-09-11 08:02:18
4130,citizen_4130,citizen_4130@example.com,David Hernandez,+1-555-134-1062,"137 Smart City Ave, Street 38",Central Zone,CTZ-004130,+1-555-238-3164,Civil Servant,4,AB+,2,2025-12-17 08:02:18
4131,citizen_4131,citizen_4131@example.com,Karen Anderson,+1-555-212-4523,"602 Smart City Ave, Street 38",North District,CTZ-004131,+1-555-634-1155,Business Owner,1,AB-,3,2026-07-18 08:02:18
4132,citizen_4132,citizen_4132@example.com,Patricia Garcia,+1-555-646-4773,"140 Smart City Ave, Street 11",West District,CTZ-004132,+1-555-446-7225,Business Owner,6,B+,1,2026-04-09 08:02:18
4133,citizen_4133,citizen_4133@example.com,Charles Martin,+1-555-418-6425,"794 Smart City Ave, Street 42",South District,CTZ-004133,+1-555-270-5192,Architect,2,A-,0,2026-01-06 08:02:18
4134,citizen_4134,citizen_4134@example.com,Charles Garcia,+1-555-775-3359,"859 Smart City Ave, Street 26",South District,CTZ-004134,+1-555-207-8660,Architect,3,A-,0,2026-03-03 08:02:18
4135,citizen_4135,citizen_4135@example.com,Jessica Brown,+1-555-147-3139,"763 Smart City Ave, Street 20",South District,CTZ-004135,+1-555-530-2416,Student,1,B+,1,2026-08-02 08:02:18
4136,citizen_4136,citizen_4136@example.com,Michael Gonzalez,+1-555-657-5454,"418 Smart City Ave, Street 21",Central Zone,CTZ-004136,+1-555-768-2932,Manager,5,B+,0,2026-02-21 08:02:18
4137,citizen_4137,citizen_4137@example.com,Barbara Miller,+1-555-656-7113,"737 Smart City Ave, Street 34",North District,CTZ-004137,+1-555-834-9560,Architect,1,AB-,1,2025-12-05 08:02:18
4138,citizen_4138,citizen_4138@example.com,John Smith,+1-555-368-8276,"326 Smart City Ave, Street 44",West District,CTZ-004138,+1-555-344-1316,Doctor,4,AB-,1,2026-02-14 08:02:18
4139,citizen_4139,citizen_4139@example.com,Mary Taylor,+1-555-278-7951,"822 Smart City Ave, Street 41",West District,CTZ-004139,+1-555-699-4748,Engineer,3,A+,0,2026-06-23 08:02:18
4140,citizen_4140,citizen_4140@example.com,Linda Smith,+1-555-322-1870,"738 Smart City Ave, Street 49",Central Zone,CTZ-004140,+1-555-569-1631,Student,5,B-,1,2025-09-13 08:02:18
4141,citizen_4141,citizen_4141@example.com,Jessica Garcia,+1-555-337-8166,"492 Smart City Ave, Street 23",West District,CTZ-004141,+1-555-932-8935,Technician,5,O-,2,2026-01-02 08:02:18
4142,citizen_4142,citizen_4142@example.com,John Wilson,+1-555-996-4681,"524 Smart City Ave, Street 40",East District,CTZ-004142,+1-555-946-8792,Teacher,1,B-,0,2026-07-20 08:02:18
4143,citizen_4143,citizen_4143@example.com,Sarah Garcia,+1-555-376-2262,"693 Smart City Ave, Street 28",East District,CTZ-004143,+1-555-361-6907,Doctor,1,AB+,1,2026-01-08 08:02:18
4144,citizen_4144,citizen_4144@example.com,Joseph Wilson,+1-555-710-7761,"241 Smart City Ave, Street 39",Central Zone,CTZ-004144,+1-555-675-1147,Doctor,2,AB+,1,2026-08-31 08:02:18
4145,citizen_4145,citizen_4145@example.com,Richard Martinez,+1-555-814-9589,"700 Smart City Ave, Street 18",Central Zone,CTZ-004145,+1-555-178-2315,Civil Servant,3,O+,2,2025-09-18 08:02:18
4146,citizen_4146,citizen_4146@example.com,William Hernandez,+1-555-557-5824,"469 Smart City Ave, Street 47",Industrial Zone,CTZ-004146,+1-555-577-6480,Doctor,5,A-,1,2026-04-15 08:02:18
4147,citizen_4147,citizen_4147@example.com,Thomas Jones,+1-555-754-5851,"623 Smart City Ave, Street 50",Industrial Zone,CTZ-004147,+1-555-540-8700,Doctor,6,AB+,1,2026-05-31 08:02:18
4148,citizen_4148,citizen_4148@example.com,John Garcia,+1-555-908-8256,"67 Smart City Ave, Street 10",West District,CTZ-004148,+1-555-936-5161,Manager,5,A+,2,2025-09-26 08:02:18
4149,citizen_4149,citizen_4149@example.com,William Davis,+1-555-753-8033,"684 Smart City Ave, Street 23",South District,CTZ-004149,+1-555-405-7563,Civil Servant,2,O+,1,2026-04-07 08:02:18
4150,citizen_4150,citizen_4150@example.com,William Thomas,+1-555-314-4322,"339 Smart City Ave, Street 43",Industrial Zone,CTZ-004150,+1-555-997-4953,Teacher,4,O-,2,2025-11-22 08:02:18
4151,citizen_4151,citizen_4151@example.com,Barbara Rodriguez,+1-555-208-4286,"21 Smart City Ave, Street 24",Industrial Zone,CTZ-004151,+1-555-958-7714,Manager,6,AB-,1,2025-12-02 08:02:18
4152,citizen_4152,citizen_4152@example.com,John Martin,+1-555-112-1632,"287 Smart City Ave, Street 37",Central Zone,CTZ-004152,+1-555-219-5084,Student,2,B-,1,2025-12-03 08:02:18
4153,citizen_4153,citizen_4153@example.com,Mary Thomas,+1-555-726-3970,"591 Smart City Ave, Street 35",North District,CTZ-004153,+1-555-825-1796,Teacher,1,O+,3,2025-12-31 08:02:18
4154,citizen_4154,citizen_4154@example.com,Michael Anderson,+1-555-497-9463,"832 Smart City Ave, Street 15",Central Zone,CTZ-004154,+1-555-991-4876,Manager,5,B-,2,2026-04-07 08:02:18
4155,citizen_4155,citizen_4155@example.com,William Hernandez,+1-555-607-7027,"579 Smart City Ave, Street 32",North District,CTZ-004155,+1-555-733-7651,Teacher,5,A-,2,2026-05-05 08:02:18
4156,citizen_4156,citizen_4156@example.com,Sarah Smith,+1-555-156-3786,"922 Smart City Ave, Street 37",West District,CTZ-004156,+1-555-317-7245,Manager,4,AB+,0,2025-09-25 08:02:18
4157,citizen_4157,citizen_4157@example.com,Sarah Martin,+1-555-680-5108,"539 Smart City Ave, Street 48",West District,CTZ-004157,+1-555-563-6561,Manager,3,O-,1,2026-06-04 08:02:18
4158,citizen_4158,citizen_4158@example.com,Jennifer Taylor,+1-555-586-2016,"368 Smart City Ave, Street 19",Industrial Zone,CTZ-004158,+1-555-947-8904,Architect,4,B+,0,2025-10-15 08:02:18
4159,citizen_4159,citizen_4159@example.com,Jennifer Jackson,+1-555-837-7888,"415 Smart City Ave, Street 1",West District,CTZ-004159,+1-555-658-7330,Accountant,3,AB-,1,2026-08-24 08:02:18
4160,citizen_4160,citizen_4160@example.com,Karen Brown,+1-555-714-9319,"853 Smart City Ave, Street 32",Industrial Zone,CTZ-004160,+1-555-107-3587,Doctor,6,AB-,3,2026-05-11 08:02:18
4161,citizen_4161,citizen_4161@example.com,Karen Garcia,+1-555-831-5768,"565 Smart City Ave, Street 24",West District,CTZ-004161,+1-555-143-8456,Student,4,O+,2,2025-12-16 08:02:18
4162,citizen_4162,citizen_4162@example.com,Barbara Taylor,+1-555-663-5515,"81 Smart City Ave, Street 8",West District,CTZ-004162,+1-555-406-8547,Engineer,3,A+,3,2025-11-30 08:02:18
4163,citizen_4163,citizen_4163@example.com,Susan Martinez,+1-555-677-9724,"996 Smart City Ave, Street 40",Central Zone,CTZ-004163,+1-555-484-8046,Civil Servant,2,AB+,2,2025-11-02 08:02:18
4164,citizen_4164,citizen_4164@example.com,Thomas Johnson,+1-555-244-8546,"582 Smart City Ave, Street 40",West District,CTZ-004164,+1-555-732-5974,Civil Servant,6,B+,3,2026-08-07 08:02:18
4165,citizen_4165,citizen_4165@example.com,Elizabeth Williams,+1-555-541-9633,"679 Smart City Ave, Street 49",West District,CTZ-004165,+1-555-920-4113,Architect,5,A+,1,2026-01-24 08:02:18
4166,citizen_4166,citizen_4166@example.com,Michael Moore,+1-555-220-8077,"188 Smart City Ave, Street 1",North District,CTZ-004166,+1-555-483-9786,Engineer,4,B-,1,2026-01-27 08:02:18
4167,citizen_4167,citizen_4167@example.com,Mary Jones,+1-555-133-2625,"463 Smart City Ave, Street 43",East District,CTZ-004167,+1-555-245-4194,Engineer,2,AB-,2,2025-10-26 08:02:18
4168,citizen_4168,citizen_4168@example.com,John Gonzalez,+1-555-876-4657,"966 Smart City Ave, Street 43",Central Zone,CTZ-004168,+1-555-452-4786,Architect,4,O+,1,2025-11-08 08:02:18
4169,citizen_4169,citizen_4169@example.com,Sarah Gonzalez,+1-555-785-8992,"997 Smart City Ave, Street 20",Industrial Zone,CTZ-004169,+1-555-476-2810,Business Owner,6,A-,2,2025-09-29 08:02:18
4170,citizen_4170,citizen_4170@example.com,Thomas Martinez,+1-555-854-2758,"933 Smart City Ave, Street 8",West District,CTZ-004170,+1-555-789-3720,Architect,1,AB+,3,2026-04-21 08:02:18
4171,citizen_4171,citizen_4171@example.com,David Smith,+1-555-697-6065,"436 Smart City Ave, Street 38",West District,CTZ-004171,+1-555-985-1536,Civil Servant,2,A+,1,2026-08-15 08:02:18
4172,citizen_4172,citizen_4172@example.com,Charles Garcia,+1-555-785-2441,"169 Smart City Ave, Street 46",North District,CTZ-004172,+1-555-585-3617,Architect,2,AB+,0,2026-09-03 08:02:18
4173,citizen_4173,citizen_4173@example.com,Michael Rodriguez,+1-555-609-4766,"443 Smart City Ave, Street 20",East District,CTZ-004173,+1-555-780-1677,Teacher,6,AB-,3,2026-04-25 08:02:18
4174,citizen_4174,citizen_4174@example.com,William Wilson,+1-555-764-5753,"950 Smart City Ave, Street 15",Central Zone,CTZ-004174,+1-555-613-6026,Engineer,3,A-,1,2026-04-15 08:02:18
4175,citizen_4175,citizen_4175@example.com,Jessica Thomas,+1-555-152-4989,"608 Smart City Ave, Street 47",Industrial Zone,CTZ-004175,+1-555-611-6299,Business Owner,5,AB+,3,2025-09-25 08:02:18
4176,citizen_4176,citizen_4176@example.com,Barbara Williams,+1-555-659-1170,"659 Smart City Ave, Street 18",Industrial Zone,CTZ-004176,+1-555-163-2188,Teacher,5,B+,1,2026-01-03 08:02:18
4177,citizen_4177,citizen_4177@example.com,Karen Martin,+1-555-998-8476,"744 Smart City Ave, Street 35",West District,CTZ-004177,+1-555-974-2901,Civil Servant,6,AB+,3,2026-05-30 08:02:18
4178,citizen_4178,citizen_4178@example.com,James Lopez,+1-555-468-5324,"290 Smart City Ave, Street 22",North District,CTZ-004178,+1-555-799-6941,Technician,3,AB+,0,2026-05-09 08:02:18
4179,citizen_4179,citizen_4179@example.com,William Martin,+1-555-159-4930,"648 Smart City Ave, Street 35",North District,CTZ-004179,+1-555-139-4779,Technician,6,AB-,2,2026-02-18 08:02:18
4180,citizen_4180,citizen_4180@example.com,Michael Williams,+1-555-497-7635,"311 Smart City Ave, Street 16",North District,CTZ-004180,+1-555-408-2660,Engineer,6,B-,1,2025-10-13 08:02:18
4181,citizen_4181,citizen_4181@example.com,Susan Moore,+1-555-770-4610,"725 Smart City Ave, Street 32",North District,CTZ-004181,+1-555-699-5848,Civil Servant,2,B+,2,2026-06-05 08:02:18
4182,citizen_4182,citizen_4182@example.com,Richard Lopez,+1-555-529-7360,"398 Smart City Ave, Street 29",East District,CTZ-004182,+1-555-900-9876,Manager,5,O+,1,2026-01-27 08:02:18
4183,citizen_4183,citizen_4183@example.com,Sarah Williams,+1-555-832-9317,"766 Smart City Ave, Street 15",Industrial Zone,CTZ-004183,+1-555-463-2052,Civil Servant,2,B+,1,2026-02-23 08:02:18
4184,citizen_4184,citizen_4184@example.com,John Martin,+1-555-665-2560,"446 Smart City Ave, Street 10",Central Zone,CTZ-004184,+1-555-161-8054,Business Owner,4,A-,1,2025-09-14 08:02:18
4185,citizen_4185,citizen_4185@example.com,Richard Lopez,+1-555-698-4757,"128 Smart City Ave, Street 30",West District,CTZ-004185,+1-555-734-3305,Architect,4,AB+,2,2026-04-28 08:02:18
4186,citizen_4186,citizen_4186@example.com,Charles Taylor,+1-555-454-6037,"795 Smart City Ave, Street 32",North District,CTZ-004186,+1-555-173-9517,Manager,5,O-,2,2025-10-31 08:02:18
4187,citizen_4187,citizen_4187@example.com,Patricia Brown,+1-555-698-3742,"216 Smart City Ave, Street 44",East District,CTZ-004187,+1-555-245-6081,Business Owner,6,B-,2,2025-11-11 08:02:18
4188,citizen_4188,citizen_4188@example.com,Jennifer Moore,+1-555-875-2511,"251 Smart City Ave, Street 46",Central Zone,CTZ-004188,+1-555-339-1829,Architect,3,AB+,0,2026-03-28 08:02:18
4189,citizen_4189,citizen_4189@example.com,Elizabeth Anderson,+1-555-936-5004,"21 Smart City Ave, Street 18",West District,CTZ-004189,+1-555-711-5851,Doctor,5,B+,3,2026-07-19 08:02:18
4190,citizen_4190,citizen_4190@example.com,Linda Garcia,+1-555-972-6261,"267 Smart City Ave, Street 31",North District,CTZ-004190,+1-555-710-4421,Student,6,B+,2,2025-11-22 08:02:18
4191,citizen_4191,citizen_4191@example.com,Susan Lopez,+1-555-995-3080,"216 Smart City Ave, Street 20",Central Zone,CTZ-004191,+1-555-438-7513,Teacher,4,AB-,0,2026-01-01 08:02:18
4192,citizen_4192,citizen_4192@example.com,Robert Brown,+1-555-946-2406,"929 Smart City Ave, Street 33",Industrial Zone,CTZ-004192,+1-555-491-3821,Technician,6,B-,0,2025-11-01 08:02:18
4193,citizen_4193,citizen_4193@example.com,Sarah Jones,+1-555-139-6858,"511 Smart City Ave, Street 15",East District,CTZ-004193,+1-555-324-6928,Teacher,3,O+,1,2025-12-20 08:02:18
4194,citizen_4194,citizen_4194@example.com,Elizabeth Moore,+1-555-616-9172,"716 Smart City Ave, Street 38",Industrial Zone,CTZ-004194,+1-555-343-8112,Manager,1,A+,2,2026-02-18 08:02:18
4195,citizen_4195,citizen_4195@example.com,Patricia Jackson,+1-555-473-4543,"954 Smart City Ave, Street 27",North District,CTZ-004195,+1-555-129-7002,Technician,4,A+,1,2025-09-06 08:02:18
4196,citizen_4196,citizen_4196@example.com,Susan Anderson,+1-555-724-6310,"478 Smart City Ave, Street 20",South District,CTZ-004196,+1-555-944-8647,Engineer,3,O+,1,2026-03-15 08:02:18
4197,citizen_4197,citizen_4197@example.com,Richard Hernandez,+1-555-555-7201,"607 Smart City Ave, Street 3",West District,CTZ-004197,+1-555-412-3333,Teacher,3,B+,0,2025-11-09 08:02:18
4198,citizen_4198,citizen_4198@example.com,Joseph Moore,+1-555-191-2567,"235 Smart City Ave, Street 40",Industrial Zone,CTZ-004198,+1-555-660-3278,Civil Servant,5,O-,1,2025-09-11 08:02:18
4199,citizen_4199,citizen_4199@example.com,Jennifer Wilson,+1-555-838-5174,"611 Smart City Ave, Street 41",Central Zone,CTZ-004199,+1-555-725-3658,Doctor,5,AB+,1,2026-07-13 08:02:18
4200,citizen_4200,citizen_4200@example.com,Thomas Brown,+1-555-301-5758,"104 Smart City Ave, Street 33",North District,CTZ-004200,+1-555-230-8948,Technician,2,B+,3,2025-10-30 08:02:18
4201,citizen_4201,citizen_4201@example.com,William Miller,+1-555-520-3086,"340 Smart City Ave, Street 16",North District,CTZ-004201,+1-555-958-3154,Engineer,2,AB-,0,2026-04-06 08:02:18
4202,citizen_4202,citizen_4202@example.com,David Miller,+1-555-143-7552,"411 Smart City Ave, Street 31",West District,CTZ-004202,+1-555-430-4022,Student,2,B+,1,2026-03-04 08:02:18
4203,citizen_4203,citizen_4203@example.com,Elizabeth Davis,+1-555-445-3049,"636 Smart City Ave, Street 41",North District,CTZ-004203,+1-555-432-8247,Engineer,3,B+,2,2025-11-20 08:02:18
4204,citizen_4204,citizen_4204@example.com,Thomas Williams,+1-555-616-8343,"165 Smart City Ave, Street 50",North District,CTZ-004204,+1-555-566-3091,Student,1,B+,1,2026-07-02 08:02:18
4205,citizen_4205,citizen_4205@example.com,Joseph Rodriguez,+1-555-937-6179,"316 Smart City Ave, Street 10",East District,CTZ-004205,+1-555-301-2380,Civil Servant,2,O+,3,2026-02-27 08:02:18
4206,citizen_4206,citizen_4206@example.com,Richard Jones,+1-555-458-2974,"148 Smart City Ave, Street 42",West District,CTZ-004206,+1-555-384-8885,Manager,6,B+,0,2026-07-31 08:02:18
4207,citizen_4207,citizen_4207@example.com,David Thomas,+1-555-502-8363,"694 Smart City Ave, Street 44",South District,CTZ-004207,+1-555-456-1511,Engineer,3,A-,2,2026-02-09 08:02:18
4208,citizen_4208,citizen_4208@example.com,David Taylor,+1-555-433-4854,"604 Smart City Ave, Street 39",South District,CTZ-004208,+1-555-787-9939,Business Owner,6,AB-,1,2025-11-18 08:02:18
4209,citizen_4209,citizen_4209@example.com,Michael Martinez,+1-555-221-8186,"74 Smart City Ave, Street 27",East District,CTZ-004209,+1-555-127-5304,Manager,1,A-,3,2025-12-22 08:02:18
4210,citizen_4210,citizen_4210@example.com,Susan Hernandez,+1-555-201-7415,"545 Smart City Ave, Street 49",North District,CTZ-004210,+1-555-144-9336,Engineer,5,AB+,0,2025-10-10 08:02:18
4211,citizen_4211,citizen_4211@example.com,Susan Taylor,+1-555-229-8415,"894 Smart City Ave, Street 10",West District,CTZ-004211,+1-555-920-9077,Business Owner,6,B-,1,2026-08-05 08:02:18
4212,citizen_4212,citizen_4212@example.com,John Thomas,+1-555-442-7249,"92 Smart City Ave, Street 43",South District,CTZ-004212,+1-555-407-9254,Business Owner,1,A+,2,2026-01-04 08:02:18
4213,citizen_4213,citizen_4213@example.com,Mary Hernandez,+1-555-594-1348,"877 Smart City Ave, Street 2",Central Zone,CTZ-004213,+1-555-493-8999,Technician,4,A+,3,2026-03-21 08:02:18
4214,citizen_4214,citizen_4214@example.com,James Smith,+1-555-337-4828,"15 Smart City Ave, Street 44",West District,CTZ-004214,+1-555-760-1181,Teacher,4,B+,1,2026-05-28 08:02:18
4215,citizen_4215,citizen_4215@example.com,Linda Martin,+1-555-359-3777,"273 Smart City Ave, Street 12",North District,CTZ-004215,+1-555-509-8017,Teacher,5,A-,1,2026-08-25 08:02:18
4216,citizen_4216,citizen_4216@example.com,John Martinez,+1-555-942-9075,"195 Smart City Ave, Street 33",South District,CTZ-004216,+1-555-524-4219,Business Owner,6,AB+,0,2026-02-15 08:02:18
4217,citizen_4217,citizen_4217@example.com,Thomas Wilson,+1-555-588-4656,"363 Smart City Ave, Street 49",East District,CTZ-004217,+1-555-181-9974,Engineer,3,O-,0,2026-03-02 08:02:18
4218,citizen_4218,citizen_4218@example.com,Sarah Williams,+1-555-500-2170,"849 Smart City Ave, Street 2",North District,CTZ-004218,+1-555-289-6537,Civil Servant,1,O+,1,2025-11-06 08:02:18
4219,citizen_4219,citizen_4219@example.com,Joseph Taylor,+1-555-857-5786,"283 Smart City Ave, Street 20",Central Zone,CTZ-004219,+1-555-407-3331,Doctor,3,B+,3,2026-03-26 08:02:18
4220,citizen_4220,citizen_4220@example.com,Mary Gonzalez,+1-555-787-8054,"820 Smart City Ave, Street 24",East District,CTZ-004220,+1-555-211-1967,Student,5,B-,1,2026-08-22 08:02:18
4221,citizen_4221,citizen_4221@example.com,Joseph Lopez,+1-555-348-2231,"140 Smart City Ave, Street 40",South District,CTZ-004221,+1-555-297-2212,Technician,3,B+,3,2025-10-23 08:02:18
4222,citizen_4222,citizen_4222@example.com,William Gonzalez,+1-555-795-4089,"683 Smart City Ave, Street 22",South District,CTZ-004222,+1-555-296-4550,Architect,3,B-,1,2026-05-05 08:02:18
4223,citizen_4223,citizen_4223@example.com,Michael Rodriguez,+1-555-802-1261,"448 Smart City Ave, Street 32",South District,CTZ-004223,+1-555-947-4287,Architect,6,A+,0,2026-01-16 08:02:18
4224,citizen_4224,citizen_4224@example.com,Richard Anderson,+1-555-636-6590,"730 Smart City Ave, Street 5",East District,CTZ-004224,+1-555-946-4308,Accountant,2,O+,3,2026-06-07 08:02:18
4225,citizen_4225,citizen_4225@example.com,Barbara Taylor,+1-555-854-9632,"600 Smart City Ave, Street 40",South District,CTZ-004225,+1-555-163-6063,Manager,5,B+,0,2026-02-17 08:02:18
4226,citizen_4226,citizen_4226@example.com,Barbara Rodriguez,+1-555-265-4192,"553 Smart City Ave, Street 6",Central Zone,CTZ-004226,+1-555-595-7328,Manager,1,A+,1,2025-09-11 08:02:18
4227,citizen_4227,citizen_4227@example.com,Jessica Davis,+1-555-852-5902,"495 Smart City Ave, Street 4",North District,CTZ-004227,+1-555-952-9685,Technician,4,AB+,2,2026-02-11 08:02:18
4228,citizen_4228,citizen_4228@example.com,Linda Rodriguez,+1-555-973-2945,"692 Smart City Ave, Street 1",West District,CTZ-004228,+1-555-740-6990,Technician,2,A-,1,2026-03-30 08:02:18
4229,citizen_4229,citizen_4229@example.com,William Miller,+1-555-612-8629,"688 Smart City Ave, Street 20",South District,CTZ-004229,+1-555-334-3578,Business Owner,3,O+,1,2025-11-29 08:02:18
4230,citizen_4230,citizen_4230@example.com,Thomas Jackson,+1-555-774-5719,"797 Smart City Ave, Street 47",East District,CTZ-004230,+1-555-367-8051,Civil Servant,3,O+,3,2025-12-17 08:02:18
4231,citizen_4231,citizen_4231@example.com,Charles Johnson,+1-555-914-7434,"620 Smart City Ave, Street 11",Central Zone,CTZ-004231,+1-555-585-7639,Technician,1,A+,3,2026-04-17 08:02:18
4232,citizen_4232,citizen_4232@example.com,David Thomas,+1-555-592-7791,"704 Smart City Ave, Street 27",South District,CTZ-004232,+1-555-891-8239,Accountant,1,AB-,2,2025-12-06 08:02:18
4233,citizen_4233,citizen_4233@example.com,Patricia Moore,+1-555-157-5723,"13 Smart City Ave, Street 49",South District,CTZ-004233,+1-555-976-9592,Technician,3,A+,0,2026-05-01 08:02:18
4234,citizen_4234,citizen_4234@example.com,Linda Lopez,+1-555-686-7055,"955 Smart City Ave, Street 49",South District,CTZ-004234,+1-555-585-4181,Engineer,3,AB-,2,2026-08-28 08:02:18
4235,citizen_4235,citizen_4235@example.com,James Smith,+1-555-263-9851,"102 Smart City Ave, Street 6",East District,CTZ-004235,+1-555-199-3489,Student,4,B+,1,2025-10-06 08:02:18
4236,citizen_4236,citizen_4236@example.com,Barbara Gonzalez,+1-555-223-4327,"483 Smart City Ave, Street 30",East District,CTZ-004236,+1-555-207-1696,Accountant,3,B+,1,2026-08-27 08:02:18
4237,citizen_4237,citizen_4237@example.com,Elizabeth Jones,+1-555-982-6408,"779 Smart City Ave, Street 28",East District,CTZ-004237,+1-555-641-2699,Teacher,1,A-,1,2026-04-16 08:02:18
4238,citizen_4238,citizen_4238@example.com,Michael Johnson,+1-555-521-7896,"866 Smart City Ave, Street 26",Industrial Zone,CTZ-004238,+1-555-282-6833,Student,6,AB-,2,2025-11-02 08:02:18
4239,citizen_4239,citizen_4239@example.com,Jessica Wilson,+1-555-403-4749,"521 Smart City Ave, Street 45",West District,CTZ-004239,+1-555-277-1251,Business Owner,2,AB+,0,2026-06-10 08:02:18
4240,citizen_4240,citizen_4240@example.com,Elizabeth Gonzalez,+1-555-248-6559,"576 Smart City Ave, Street 33",East District,CTZ-004240,+1-555-601-2927,Student,2,B+,2,2025-09-30 08:02:18
4241,citizen_4241,citizen_4241@example.com,James Moore,+1-555-423-5475,"219 Smart City Ave, Street 20",Industrial Zone,CTZ-004241,+1-555-437-7341,Architect,2,AB+,3,2025-09-08 08:02:18
4242,citizen_4242,citizen_4242@example.com,Robert Garcia,+1-555-302-8260,"161 Smart City Ave, Street 50",North District,CTZ-004242,+1-555-456-6091,Engineer,2,AB+,2,2026-06-15 08:02:18
4243,citizen_4243,citizen_4243@example.com,Robert Martinez,+1-555-317-4717,"135 Smart City Ave, Street 31",West District,CTZ-004243,+1-555-692-6429,Teacher,5,AB-,2,2026-04-17 08:02:18
4244,citizen_4244,citizen_4244@example.com,Robert Jones,+1-555-224-7399,"649 Smart City Ave, Street 19",North District,CTZ-004244,+1-555-465-2059,Manager,2,B+,3,2026-01-19 08:02:18
4245,citizen_4245,citizen_4245@example.com,William Taylor,+1-555-885-9570,"964 Smart City Ave, Street 38",East District,CTZ-004245,+1-555-942-7900,Student,3,O+,0,2026-08-05 08:02:18
4246,citizen_4246,citizen_4246@example.com,Michael Gonzalez,+1-555-855-4887,"349 Smart City Ave, Street 29",Central Zone,CTZ-004246,+1-555-996-4287,Accountant,1,AB-,1,2026-04-20 08:02:18
4247,citizen_4247,citizen_4247@example.com,Joseph Lopez,+1-555-939-2552,"486 Smart City Ave, Street 22",South District,CTZ-004247,+1-555-315-1600,Civil Servant,4,O-,0,2026-02-22 08:02:18
4248,citizen_4248,citizen_4248@example.com,Charles Smith,+1-555-852-3529,"526 Smart City Ave, Street 14",South District,CTZ-004248,+1-555-745-2042,Engineer,6,B+,0,2026-02-13 08:02:18
4249,citizen_4249,citizen_4249@example.com,Joseph Brown,+1-555-689-8492,"399 Smart City Ave, Street 50",West District,CTZ-004249,+1-555-666-4320,Architect,4,O+,3,2026-07-07 08:02:18
4250,citizen_4250,citizen_4250@example.com,Richard Taylor,+1-555-565-9228,"257 Smart City Ave, Street 34",West District,CTZ-004250,+1-555-148-7371,Student,3,AB+,1,2026-03-03 08:02:18
4251,citizen_4251,citizen_4251@example.com,Patricia Thomas,+1-555-347-8537,"950 Smart City Ave, Street 42",Industrial Zone,CTZ-004251,+1-555-739-1930,Business Owner,6,A-,2,2026-08-21 08:02:18
4252,citizen_4252,citizen_4252@example.com,Richard Brown,+1-555-343-4013,"628 Smart City Ave, Street 29",Industrial Zone,CTZ-004252,+1-555-380-3794,Student,4,A+,1,2025-11-11 08:02:18
4253,citizen_4253,citizen_4253@example.com,Jessica Garcia,+1-555-642-8182,"148 Smart City Ave, Street 37",West District,CTZ-004253,+1-555-877-4918,Doctor,1,AB-,1,2026-05-27 08:02:18
4254,citizen_4254,citizen_4254@example.com,Jennifer Taylor,+1-555-862-4240,"693 Smart City Ave, Street 12",West District,CTZ-004254,+1-555-397-7730,Manager,1,A+,0,2026-08-07 08:02:18
4255,citizen_4255,citizen_4255@example.com,Karen Thomas,+1-555-632-2972,"789 Smart City Ave, Street 29",South District,CTZ-004255,+1-555-603-1208,Civil Servant,2,B-,0,2026-02-15 08:02:18
4256,citizen_4256,citizen_4256@example.com,David Rodriguez,+1-555-636-1316,"553 Smart City Ave, Street 18",South District,CTZ-004256,+1-555-132-6081,Architect,6,AB-,0,2025-12-29 08:02:18
4257,citizen_4257,citizen_4257@example.com,Karen Taylor,+1-555-973-3436,"639 Smart City Ave, Street 40",Central Zone,CTZ-004257,+1-555-562-2366,Business Owner,3,B-,2,2026-07-24 08:02:18
4258,citizen_4258,citizen_4258@example.com,Michael Lopez,+1-555-623-5528,"167 Smart City Ave, Street 46",South District,CTZ-004258,+1-555-377-8583,Architect,5,B-,0,2026-01-05 08:02:18
4259,citizen_4259,citizen_4259@example.com,Sarah Wilson,+1-555-157-5475,"247 Smart City Ave, Street 29",Industrial Zone,CTZ-004259,+1-555-939-4420,Student,2,O+,2,2025-10-20 08:02:18
4260,citizen_4260,citizen_4260@example.com,Susan Williams,+1-555-985-8539,"861 Smart City Ave, Street 15",East District,CTZ-004260,+1-555-568-2630,Technician,1,A+,1,2026-07-01 08:02:18
4261,citizen_4261,citizen_4261@example.com,Richard Moore,+1-555-689-8446,"367 Smart City Ave, Street 4",East District,CTZ-004261,+1-555-582-3987,Engineer,2,AB-,1,2026-05-01 08:02:18
4262,citizen_4262,citizen_4262@example.com,Robert Miller,+1-555-518-9295,"976 Smart City Ave, Street 40",Central Zone,CTZ-004262,+1-555-369-2952,Architect,3,AB+,2,2026-05-01 08:02:18
4263,citizen_4263,citizen_4263@example.com,Susan Hernandez,+1-555-558-2360,"55 Smart City Ave, Street 23",West District,CTZ-004263,+1-555-111-8927,Engineer,5,AB+,2,2025-09-22 08:02:18
4264,citizen_4264,citizen_4264@example.com,William Moore,+1-555-596-4540,"165 Smart City Ave, Street 14",North District,CTZ-004264,+1-555-586-7247,Civil Servant,3,AB+,2,2025-10-07 08:02:18
4265,citizen_4265,citizen_4265@example.com,David Brown,+1-555-624-5912,"772 Smart City Ave, Street 12",East District,CTZ-004265,+1-555-384-7507,Doctor,3,B-,2,2026-09-02 08:02:18
4266,citizen_4266,citizen_4266@example.com,Robert Wilson,+1-555-390-7186,"326 Smart City Ave, Street 4",East District,CTZ-004266,+1-555-742-9913,Business Owner,1,A+,3,2025-12-24 08:02:18
4267,citizen_4267,citizen_4267@example.com,Jessica Thomas,+1-555-528-1609,"162 Smart City Ave, Street 40",North District,CTZ-004267,+1-555-733-7058,Student,2,AB+,0,2026-01-02 08:02:18
4268,citizen_4268,citizen_4268@example.com,Richard Taylor,+1-555-859-3072,"338 Smart City Ave, Street 24",North District,CTZ-004268,+1-555-738-3852,Architect,4,O+,2,2025-12-22 08:02:18
4269,citizen_4269,citizen_4269@example.com,John Miller,+1-555-189-3632,"484 Smart City Ave, Street 13",West District,CTZ-004269,+1-555-262-8006,Civil Servant,1,O+,0,2025-10-18 08:02:18
4270,citizen_4270,citizen_4270@example.com,James Rodriguez,+1-555-566-5569,"312 Smart City Ave, Street 45",South District,CTZ-004270,+1-555-636-7742,Architect,1,B-,2,2025-09-27 08:02:18
4271,citizen_4271,citizen_4271@example.com,Michael Rodriguez,+1-555-882-2391,"528 Smart City Ave, Street 5",North District,CTZ-004271,+1-555-744-2742,Teacher,6,AB-,3,2026-06-30 08:02:18
4272,citizen_4272,citizen_4272@example.com,Thomas Garcia,+1-555-850-9759,"709 Smart City Ave, Street 34",East District,CTZ-004272,+1-555-305-7744,Technician,3,A+,2,2026-07-17 08:02:18
4273,citizen_4273,citizen_4273@example.com,William Hernandez,+1-555-987-8528,"304 Smart City Ave, Street 15",Industrial Zone,CTZ-004273,+1-555-676-6513,Civil Servant,5,AB-,3,2026-07-11 08:02:18
4274,citizen_4274,citizen_4274@example.com,Robert Williams,+1-555-236-6926,"612 Smart City Ave, Street 22",Central Zone,CTZ-004274,+1-555-747-9920,Technician,6,AB+,0,2026-03-06 08:02:18
4275,citizen_4275,citizen_4275@example.com,Robert Moore,+1-555-184-5537,"772 Smart City Ave, Street 23",Industrial Zone,CTZ-004275,+1-555-628-1493,Student,6,AB+,0,2025-10-31 08:02:18
4276,citizen_4276,citizen_4276@example.com,James Brown,+1-555-197-3016,"692 Smart City Ave, Street 27",South District,CTZ-004276,+1-555-321-8829,Accountant,4,B+,3,2025-11-09 08:02:18
4277,citizen_4277,citizen_4277@example.com,Karen Martinez,+1-555-517-3745,"700 Smart City Ave, Street 32",South District,CTZ-004277,+1-555-708-4471,Doctor,6,O+,1,2026-05-21 08:02:18
4278,citizen_4278,citizen_4278@example.com,John Davis,+1-555-296-5168,"659 Smart City Ave, Street 6",West District,CTZ-004278,+1-555-923-9842,Technician,1,B+,3,2026-08-09 08:02:18
4279,citizen_4279,citizen_4279@example.com,Sarah Martinez,+1-555-820-5469,"55 Smart City Ave, Street 8",Central Zone,CTZ-004279,+1-555-261-4152,Student,3,B+,1,2026-01-14 08:02:18
4280,citizen_4280,citizen_4280@example.com,Jennifer Jones,+1-555-494-7730,"315 Smart City Ave, Street 6",South District,CTZ-004280,+1-555-379-2221,Doctor,5,O-,3,2026-08-26 08:02:18
4281,citizen_4281,citizen_4281@example.com,Michael Williams,+1-555-669-9619,"823 Smart City Ave, Street 13",East District,CTZ-004281,+1-555-536-8585,Doctor,2,AB-,1,2026-07-30 08:02:18
4282,citizen_4282,citizen_4282@example.com,Linda Johnson,+1-555-345-8040,"996 Smart City Ave, Street 10",North District,CTZ-004282,+1-555-140-4932,Manager,3,AB+,0,2025-11-02 08:02:18
4283,citizen_4283,citizen_4283@example.com,John Miller,+1-555-610-2503,"150 Smart City Ave, Street 19",West District,CTZ-004283,+1-555-371-3369,Doctor,3,AB-,1,2026-01-16 08:02:18
4284,citizen_4284,citizen_4284@example.com,Jennifer Taylor,+1-555-880-5857,"793 Smart City Ave, Street 49",East District,CTZ-004284,+1-555-657-6362,Civil Servant,2,B-,3,2026-04-09 08:02:18
4285,citizen_4285,citizen_4285@example.com,William Wilson,+1-555-113-3428,"904 Smart City Ave, Street 18",Industrial Zone,CTZ-004285,+1-555-104-1357,Doctor,4,AB+,3,2026-03-06 08:02:18
4286,citizen_4286,citizen_4286@example.com,Richard Jones,+1-555-896-3548,"450 Smart City Ave, Street 27",East District,CTZ-004286,+1-555-652-8530,Teacher,4,B-,0,2025-10-24 08:02:18
4287,citizen_4287,citizen_4287@example.com,Jessica Williams,+1-555-561-3379,"518 Smart City Ave, Street 44",Central Zone,CTZ-004287,+1-555-758-6531,Technician,5,O+,1,2026-06-02 08:02:18
4288,citizen_4288,citizen_4288@example.com,James Smith,+1-555-391-8846,"348 Smart City Ave, Street 29",North District,CTZ-004288,+1-555-164-5606,Doctor,1,B-,3,2026-04-26 08:02:18
4289,citizen_4289,citizen_4289@example.com,Charles Taylor,+1-555-734-7498,"460 Smart City Ave, Street 14",West District,CTZ-004289,+1-555-186-2999,Technician,2,O+,0,2025-11-24 08:02:18
4290,citizen_4290,citizen_4290@example.com,David Lopez,+1-555-713-3251,"646 Smart City Ave, Street 23",Industrial Zone,CTZ-004290,+1-555-893-2484,Business Owner,1,O-,1,2026-07-22 08:02:18
4291,citizen_4291,citizen_4291@example.com,Thomas Martinez,+1-555-813-1740,"161 Smart City Ave, Street 17",North District,CTZ-004291,+1-555-294-1038,Civil Servant,4,A+,3,2026-07-11 08:02:18
4292,citizen_4292,citizen_4292@example.com,James Thomas,+1-555-996-1211,"638 Smart City Ave, Street 5",South District,CTZ-004292,+1-555-191-6007,Technician,3,AB+,3,2026-08-12 08:02:18
4293,citizen_4293,citizen_4293@example.com,Susan Hernandez,+1-555-604-7237,"776 Smart City Ave, Street 10",South District,CTZ-004293,+1-555-837-3063,Technician,1,AB-,3,2025-09-18 08:02:18
4294,citizen_4294,citizen_4294@example.com,David Moore,+1-555-955-1946,"43 Smart City Ave, Street 21",East District,CTZ-004294,+1-555-633-6584,Civil Servant,5,B-,2,2026-02-22 08:02:18
4295,citizen_4295,citizen_4295@example.com,Michael Thomas,+1-555-312-6521,"667 Smart City Ave, Street 40",East District,CTZ-004295,+1-555-212-5152,Civil Servant,2,A-,3,2025-11-29 08:02:18
4296,citizen_4296,citizen_4296@example.com,Barbara Rodriguez,+1-555-203-9487,"844 Smart City Ave, Street 50",South District,CTZ-004296,+1-555-951-8291,Civil Servant,6,A+,3,2025-10-23 08:02:18
4297,citizen_4297,citizen_4297@example.com,Charles Rodriguez,+1-555-469-7870,"133 Smart City Ave, Street 15",Industrial Zone,CTZ-004297,+1-555-614-4545,Architect,2,O-,3,2026-04-04 08:02:18
4298,citizen_4298,citizen_4298@example.com,Barbara Miller,+1-555-718-5249,"604 Smart City Ave, Street 22",North District,CTZ-004298,+1-555-832-2389,Teacher,2,B+,1,2025-10-08 08:02:18
4299,citizen_4299,citizen_4299@example.com,Patricia Smith,+1-555-208-3055,"729 Smart City Ave, Street 33",North District,CTZ-004299,+1-555-311-4967,Doctor,4,AB-,2,2026-04-09 08:02:18
4300,citizen_4300,citizen_4300@example.com,William Smith,+1-555-550-5294,"74 Smart City Ave, Street 43",Industrial Zone,CTZ-004300,+1-555-716-9348,Teacher,2,A+,1,2026-02-26 08:02:18
4301,citizen_4301,citizen_4301@example.com,David Taylor,+1-555-925-1179,"643 Smart City Ave, Street 3",North District,CTZ-004301,+1-555-731-8651,Civil Servant,1,A+,1,2026-04-19 08:02:18
4302,citizen_4302,citizen_4302@example.com,Linda Garcia,+1-555-133-9694,"403 Smart City Ave, Street 50",Central Zone,CTZ-004302,+1-555-338-2083,Civil Servant,2,AB+,2,2025-11-01 08:02:18
4303,citizen_4303,citizen_4303@example.com,Barbara Lopez,+1-555-422-6052,"483 Smart City Ave, Street 50",South District,CTZ-004303,+1-555-637-6446,Business Owner,3,O+,3,2026-04-17 08:02:18
4304,citizen_4304,citizen_4304@example.com,Richard Garcia,+1-555-453-5217,"399 Smart City Ave, Street 21",South District,CTZ-004304,+1-555-156-5136,Accountant,3,O-,3,2026-08-13 08:02:18
4305,citizen_4305,citizen_4305@example.com,Linda Miller,+1-555-556-3935,"554 Smart City Ave, Street 10",North District,CTZ-004305,+1-555-554-8131,Student,6,O-,1,2025-11-12 08:02:18
4306,citizen_4306,citizen_4306@example.com,Sarah Rodriguez,+1-555-536-3465,"913 Smart City Ave, Street 37",East District,CTZ-004306,+1-555-561-2918,Civil Servant,6,O-,1,2026-06-23 08:02:18
4307,citizen_4307,citizen_4307@example.com,Elizabeth Wilson,+1-555-643-2914,"504 Smart City Ave, Street 37",North District,CTZ-004307,+1-555-170-8282,Teacher,6,O-,1,2026-01-26 08:02:18
4308,citizen_4308,citizen_4308@example.com,Linda Anderson,+1-555-690-5284,"443 Smart City Ave, Street 28",West District,CTZ-004308,+1-555-143-5566,Accountant,1,B-,3,2026-03-19 08:02:18
4309,citizen_4309,citizen_4309@example.com,Jennifer Lopez,+1-555-307-3195,"552 Smart City Ave, Street 2",South District,CTZ-004309,+1-555-266-4872,Student,5,AB-,2,2026-05-07 08:02:18
4310,citizen_4310,citizen_4310@example.com,Thomas Johnson,+1-555-494-1987,"445 Smart City Ave, Street 28",Central Zone,CTZ-004310,+1-555-107-6785,Teacher,2,AB-,0,2026-05-18 08:02:18
4311,citizen_4311,citizen_4311@example.com,Mary Gonzalez,+1-555-732-9855,"650 Smart City Ave, Street 40",Industrial Zone,CTZ-004311,+1-555-203-1623,Teacher,3,O+,2,2026-01-05 08:02:18
4312,citizen_4312,citizen_4312@example.com,Michael Anderson,+1-555-372-4283,"540 Smart City Ave, Street 5",Industrial Zone,CTZ-004312,+1-555-716-3482,Accountant,5,A+,1,2026-01-07 08:02:18
4313,citizen_4313,citizen_4313@example.com,Karen Gonzalez,+1-555-947-9835,"198 Smart City Ave, Street 1",Industrial Zone,CTZ-004313,+1-555-820-5881,Doctor,4,A-,2,2026-08-27 08:02:18
4314,citizen_4314,citizen_4314@example.com,Mary Jackson,+1-555-828-5044,"756 Smart City Ave, Street 29",South District,CTZ-004314,+1-555-907-5308,Engineer,4,AB-,0,2026-02-18 08:02:18
4315,citizen_4315,citizen_4315@example.com,James Jackson,+1-555-310-2748,"913 Smart City Ave, Street 43",Central Zone,CTZ-004315,+1-555-692-6415,Student,4,O-,2,2026-06-13 08:02:18
4316,citizen_4316,citizen_4316@example.com,James Miller,+1-555-465-1480,"105 Smart City Ave, Street 4",Central Zone,CTZ-004316,+1-555-976-6219,Student,3,AB+,2,2025-09-28 08:02:18
4317,citizen_4317,citizen_4317@example.com,Jennifer Taylor,+1-555-238-5473,"834 Smart City Ave, Street 20",Industrial Zone,CTZ-004317,+1-555-906-9916,Doctor,3,AB+,0,2026-02-19 08:02:18
4318,citizen_4318,citizen_4318@example.com,Patricia Thomas,+1-555-369-5771,"482 Smart City Ave, Street 39",Central Zone,CTZ-004318,+1-555-885-9339,Doctor,1,O+,3,2025-12-03 08:02:18
4319,citizen_4319,citizen_4319@example.com,Joseph Garcia,+1-555-455-3177,"569 Smart City Ave, Street 40",West District,CTZ-004319,+1-555-600-6262,Manager,4,AB-,3,2026-01-05 08:02:18
4320,citizen_4320,citizen_4320@example.com,Linda Brown,+1-555-862-5890,"944 Smart City Ave, Street 5",East District,CTZ-004320,+1-555-261-5039,Architect,2,AB+,3,2026-03-15 08:02:18
4321,citizen_4321,citizen_4321@example.com,David Johnson,+1-555-271-3160,"123 Smart City Ave, Street 25",Industrial Zone,CTZ-004321,+1-555-602-4295,Manager,1,B+,3,2026-02-16 08:02:18
4322,citizen_4322,citizen_4322@example.com,Thomas Thomas,+1-555-703-2675,"603 Smart City Ave, Street 32",South District,CTZ-004322,+1-555-451-7829,Business Owner,5,O+,0,2026-05-28 08:02:18
4323,citizen_4323,citizen_4323@example.com,Barbara Davis,+1-555-845-8836,"626 Smart City Ave, Street 22",East District,CTZ-004323,+1-555-549-9230,Engineer,1,O+,1,2026-04-15 08:02:18
4324,citizen_4324,citizen_4324@example.com,Richard Jones,+1-555-206-7510,"547 Smart City Ave, Street 18",South District,CTZ-004324,+1-555-511-5220,Manager,3,A-,3,2026-04-28 08:02:18
4325,citizen_4325,citizen_4325@example.com,John Brown,+1-555-570-2671,"64 Smart City Ave, Street 42",South District,CTZ-004325,+1-555-597-6369,Civil Servant,2,O+,0,2026-03-31 08:02:18
4326,citizen_4326,citizen_4326@example.com,Elizabeth Gonzalez,+1-555-504-4098,"232 Smart City Ave, Street 27",Industrial Zone,CTZ-004326,+1-555-344-2585,Accountant,4,O+,2,2025-09-08 08:02:18
4327,citizen_4327,citizen_4327@example.com,David Garcia,+1-555-345-9060,"156 Smart City Ave, Street 23",East District,CTZ-004327,+1-555-920-7060,Accountant,6,B-,2,2026-08-18 08:02:18
4328,citizen_4328,citizen_4328@example.com,Susan Johnson,+1-555-763-8720,"597 Smart City Ave, Street 6",Central Zone,CTZ-004328,+1-555-247-6242,Manager,1,O+,1,2026-05-21 08:02:18
4329,citizen_4329,citizen_4329@example.com,Michael Thomas,+1-555-685-4920,"951 Smart City Ave, Street 20",West District,CTZ-004329,+1-555-290-8392,Doctor,2,O-,1,2026-01-08 08:02:18
4330,citizen_4330,citizen_4330@example.com,Joseph Smith,+1-555-791-3628,"348 Smart City Ave, Street 19",North District,CTZ-004330,+1-555-683-9728,Civil Servant,6,A-,1,2026-01-03 08:02:18
4331,citizen_4331,citizen_4331@example.com,Mary Jones,+1-555-920-3215,"212 Smart City Ave, Street 18",East District,CTZ-004331,+1-555-646-3247,Civil Servant,3,O+,2,2026-03-13 08:02:18
4332,citizen_4332,citizen_4332@example.com,Joseph Taylor,+1-555-723-3939,"989 Smart City Ave, Street 47",South District,CTZ-004332,+1-555-265-7674,Teacher,3,B+,1,2026-06-10 08:02:18
4333,citizen_4333,citizen_4333@example.com,Barbara Anderson,+1-555-550-9918,"693 Smart City Ave, Street 25",South District,CTZ-004333,+1-555-123-8290,Civil Servant,5,B-,1,2026-05-13 08:02:18
4334,citizen_4334,citizen_4334@example.com,Linda Anderson,+1-555-442-5840,"100 Smart City Ave, Street 19",Industrial Zone,CTZ-004334,+1-555-515-8770,Engineer,4,AB-,2,2025-11-04 08:02:18
4335,citizen_4335,citizen_4335@example.com,Richard Smith,+1-555-181-9938,"54 Smart City Ave, Street 21",North District,CTZ-004335,+1-555-900-1780,Architect,6,B+,2,2026-03-15 08:02:18
4336,citizen_4336,citizen_4336@example.com,Jennifer Garcia,+1-555-246-4818,"568 Smart City Ave, Street 9",Industrial Zone,CTZ-004336,+1-555-842-6087,Accountant,5,O+,1,2026-02-28 08:02:18
4337,citizen_4337,citizen_4337@example.com,Michael Jones,+1-555-406-2710,"59 Smart City Ave, Street 42",West District,CTZ-004337,+1-555-401-2908,Engineer,6,B-,1,2025-10-16 08:02:18
4338,citizen_4338,citizen_4338@example.com,Jennifer Lopez,+1-555-992-4223,"747 Smart City Ave, Street 25",Industrial Zone,CTZ-004338,+1-555-927-8170,Accountant,3,B-,0,2026-01-24 08:02:18
4339,citizen_4339,citizen_4339@example.com,Karen Brown,+1-555-347-8806,"12 Smart City Ave, Street 13",Industrial Zone,CTZ-004339,+1-555-974-8264,Doctor,2,A-,1,2026-04-29 08:02:18
4340,citizen_4340,citizen_4340@example.com,Karen Wilson,+1-555-500-9095,"10 Smart City Ave, Street 23",West District,CTZ-004340,+1-555-702-2361,Business Owner,1,A+,1,2025-12-29 08:02:18
4341,citizen_4341,citizen_4341@example.com,William Hernandez,+1-555-345-6064,"62 Smart City Ave, Street 27",Central Zone,CTZ-004341,+1-555-895-7806,Engineer,5,B+,2,2026-05-14 08:02:18
4342,citizen_4342,citizen_4342@example.com,Charles Martinez,+1-555-143-5291,"419 Smart City Ave, Street 18",West District,CTZ-004342,+1-555-986-1414,Technician,3,A+,2,2025-09-27 08:02:18
4343,citizen_4343,citizen_4343@example.com,James Rodriguez,+1-555-912-6544,"133 Smart City Ave, Street 12",North District,CTZ-004343,+1-555-249-5834,Student,6,O+,2,2025-12-21 08:02:18
4344,citizen_4344,citizen_4344@example.com,Richard Smith,+1-555-188-6245,"261 Smart City Ave, Street 50",West District,CTZ-004344,+1-555-132-6608,Manager,2,B-,2,2025-09-10 08:02:18
4345,citizen_4345,citizen_4345@example.com,Patricia Miller,+1-555-202-3006,"888 Smart City Ave, Street 45",East District,CTZ-004345,+1-555-155-7661,Student,6,A+,2,2026-05-19 08:02:18
4346,citizen_4346,citizen_4346@example.com,Robert Wilson,+1-555-521-3546,"609 Smart City Ave, Street 15",North District,CTZ-004346,+1-555-529-9902,Architect,2,A+,3,2026-02-02 08:02:18
4347,citizen_4347,citizen_4347@example.com,Charles Miller,+1-555-615-2759,"256 Smart City Ave, Street 46",South District,CTZ-004347,+1-555-112-8216,Manager,4,AB-,3,2025-12-02 08:02:18
4348,citizen_4348,citizen_4348@example.com,Patricia Jones,+1-555-604-2466,"115 Smart City Ave, Street 43",West District,CTZ-004348,+1-555-975-1401,Manager,1,B-,3,2025-09-09 08:02:18
4349,citizen_4349,citizen_4349@example.com,Jennifer Anderson,+1-555-707-5111,"116 Smart City Ave, Street 45",South District,CTZ-004349,+1-555-232-4144,Architect,5,B-,1,2026-09-01 08:02:18
4350,citizen_4350,citizen_4350@example.com,Susan Moore,+1-555-702-8180,"390 Smart City Ave, Street 39",West District,CTZ-004350,+1-555-969-9465,Student,4,A-,1,2026-02-11 08:02:18
4351,citizen_4351,citizen_4351@example.com,Sarah Williams,+1-555-958-5440,"202 Smart City Ave, Street 6",South District,CTZ-004351,+1-555-501-4200,Technician,1,O-,0,2025-12-25 08:02:18
4352,citizen_4352,citizen_4352@example.com,David Anderson,+1-555-370-1581,"628 Smart City Ave, Street 46",East District,CTZ-004352,+1-555-499-4412,Manager,5,AB+,2,2025-12-18 08:02:18
4353,citizen_4353,citizen_4353@example.com,Mary Jones,+1-555-727-3556,"230 Smart City Ave, Street 2",East District,CTZ-004353,+1-555-746-9769,Business Owner,4,O+,3,2025-09-07 08:02:18
4354,citizen_4354,citizen_4354@example.com,Thomas Jones,+1-555-179-4381,"342 Smart City Ave, Street 30",East District,CTZ-004354,+1-555-279-5261,Civil Servant,5,A+,1,2026-05-29 08:02:18
4355,citizen_4355,citizen_4355@example.com,Jessica Jones,+1-555-405-6196,"494 Smart City Ave, Street 20",North District,CTZ-004355,+1-555-561-3230,Technician,1,AB+,1,2026-08-09 08:02:18
4356,citizen_4356,citizen_4356@example.com,Michael Garcia,+1-555-528-9195,"797 Smart City Ave, Street 12",Central Zone,CTZ-004356,+1-555-266-4864,Business Owner,5,AB+,0,2026-05-05 08:02:18
4357,citizen_4357,citizen_4357@example.com,Linda Gonzalez,+1-555-856-8648,"194 Smart City Ave, Street 3",South District,CTZ-004357,+1-555-283-1279,Technician,6,O+,0,2025-12-21 08:02:18
4358,citizen_4358,citizen_4358@example.com,Richard Taylor,+1-555-932-6079,"119 Smart City Ave, Street 46",North District,CTZ-004358,+1-555-890-5089,Business Owner,6,B-,1,2026-03-29 08:02:18
4359,citizen_4359,citizen_4359@example.com,Susan Lopez,+1-555-972-4911,"566 Smart City Ave, Street 8",Central Zone,CTZ-004359,+1-555-284-4249,Student,2,AB-,3,2025-11-10 08:02:18
4360,citizen_4360,citizen_4360@example.com,Linda Moore,+1-555-724-2179,"932 Smart City Ave, Street 19",East District,CTZ-004360,+1-555-487-5452,Doctor,1,AB+,2,2026-08-31 08:02:18
4361,citizen_4361,citizen_4361@example.com,Robert Miller,+1-555-574-1957,"64 Smart City Ave, Street 4",West District,CTZ-004361,+1-555-653-9569,Civil Servant,5,B+,1,2026-07-21 08:02:18
4362,citizen_4362,citizen_4362@example.com,Patricia Anderson,+1-555-971-6137,"801 Smart City Ave, Street 20",South District,CTZ-004362,+1-555-999-2493,Architect,3,AB-,3,2025-10-26 08:02:18
4363,citizen_4363,citizen_4363@example.com,Karen Brown,+1-555-463-4483,"180 Smart City Ave, Street 41",West District,CTZ-004363,+1-555-564-3121,Architect,3,O+,1,2026-03-12 08:02:18
4364,citizen_4364,citizen_4364@example.com,Patricia Gonzalez,+1-555-936-8582,"781 Smart City Ave, Street 15",Central Zone,CTZ-004364,+1-555-175-1044,Civil Servant,5,B-,2,2025-12-02 08:02:18
4365,citizen_4365,citizen_4365@example.com,Linda Johnson,+1-555-629-7829,"137 Smart City Ave, Street 8",North District,CTZ-004365,+1-555-722-8518,Doctor,4,A-,3,2025-09-04 08:02:18
4366,citizen_4366,citizen_4366@example.com,Linda Brown,+1-555-981-6000,"802 Smart City Ave, Street 14",East District,CTZ-004366,+1-555-783-8623,Civil Servant,2,AB+,2,2026-08-09 08:02:18
4367,citizen_4367,citizen_4367@example.com,Charles Martin,+1-555-808-9152,"818 Smart City Ave, Street 23",West District,CTZ-004367,+1-555-905-6904,Accountant,4,B-,1,2026-04-04 08:02:18
4368,citizen_4368,citizen_4368@example.com,Linda Davis,+1-555-272-7444,"502 Smart City Ave, Street 11",Central Zone,CTZ-004368,+1-555-260-8642,Accountant,6,B-,1,2026-05-22 08:02:18
4369,citizen_4369,citizen_4369@example.com,Elizabeth Anderson,+1-555-695-9450,"119 Smart City Ave, Street 26",Central Zone,CTZ-004369,+1-555-249-2853,Business Owner,1,AB+,1,2026-08-24 08:02:18
4370,citizen_4370,citizen_4370@example.com,Linda Garcia,+1-555-967-1438,"50 Smart City Ave, Street 40",West District,CTZ-004370,+1-555-387-9555,Architect,6,O-,3,2026-07-21 08:02:18
4371,citizen_4371,citizen_4371@example.com,Richard Brown,+1-555-474-2181,"446 Smart City Ave, Street 35",South District,CTZ-004371,+1-555-782-9308,Student,6,O+,3,2025-12-03 08:02:18
4372,citizen_4372,citizen_4372@example.com,James Miller,+1-555-973-6019,"576 Smart City Ave, Street 13",Central Zone,CTZ-004372,+1-555-519-8151,Teacher,6,AB-,0,2025-12-28 08:02:18
4373,citizen_4373,citizen_4373@example.com,Elizabeth Taylor,+1-555-152-5995,"435 Smart City Ave, Street 5",Central Zone,CTZ-004373,+1-555-758-3307,Teacher,1,A+,0,2026-02-28 08:02:18
4374,citizen_4374,citizen_4374@example.com,Michael Wilson,+1-555-779-4445,"375 Smart City Ave, Street 43",Central Zone,CTZ-004374,+1-555-730-2593,Manager,4,A-,0,2026-08-01 08:02:18
4375,citizen_4375,citizen_4375@example.com,Barbara Williams,+1-555-773-2039,"188 Smart City Ave, Street 45",West District,CTZ-004375,+1-555-739-5802,Engineer,4,AB-,1,2025-09-09 08:02:18
4376,citizen_4376,citizen_4376@example.com,Charles Brown,+1-555-591-1270,"982 Smart City Ave, Street 13",West District,CTZ-004376,+1-555-116-7352,Teacher,3,AB-,3,2026-08-12 08:02:18
4377,citizen_4377,citizen_4377@example.com,John Jackson,+1-555-374-2889,"439 Smart City Ave, Street 38",Industrial Zone,CTZ-004377,+1-555-101-3725,Civil Servant,2,AB+,1,2025-12-31 08:02:18
4378,citizen_4378,citizen_4378@example.com,Richard Jones,+1-555-942-2317,"842 Smart City Ave, Street 17",West District,CTZ-004378,+1-555-416-3368,Civil Servant,2,B+,0,2026-03-09 08:02:18
4379,citizen_4379,citizen_4379@example.com,William Rodriguez,+1-555-916-5723,"56 Smart City Ave, Street 43",North District,CTZ-004379,+1-555-892-6918,Business Owner,6,B+,3,2025-10-28 08:02:18
4380,citizen_4380,citizen_4380@example.com,Karen Brown,+1-555-108-6175,"338 Smart City Ave, Street 31",West District,CTZ-004380,+1-555-398-6015,Accountant,4,O+,0,2026-08-08 08:02:18
4381,citizen_4381,citizen_4381@example.com,Charles Wilson,+1-555-729-3952,"785 Smart City Ave, Street 11",South District,CTZ-004381,+1-555-132-5133,Accountant,3,B+,2,2026-01-13 08:02:18
4382,citizen_4382,citizen_4382@example.com,Susan Lopez,+1-555-289-3210,"500 Smart City Ave, Street 14",North District,CTZ-004382,+1-555-626-5348,Teacher,4,B-,0,2025-10-04 08:02:18
4383,citizen_4383,citizen_4383@example.com,Linda Garcia,+1-555-929-7178,"817 Smart City Ave, Street 41",East District,CTZ-004383,+1-555-751-8221,Manager,4,A-,1,2026-07-07 08:02:18
4384,citizen_4384,citizen_4384@example.com,Sarah Jones,+1-555-351-1477,"820 Smart City Ave, Street 12",West District,CTZ-004384,+1-555-936-9336,Architect,1,O-,1,2026-01-02 08:02:18
4385,citizen_4385,citizen_4385@example.com,Patricia Johnson,+1-555-154-3800,"289 Smart City Ave, Street 8",Industrial Zone,CTZ-004385,+1-555-554-4404,Business Owner,2,B-,2,2025-09-30 08:02:18
4386,citizen_4386,citizen_4386@example.com,Susan Gonzalez,+1-555-376-6053,"425 Smart City Ave, Street 11",West District,CTZ-004386,+1-555-229-6069,Technician,3,AB-,3,2026-07-09 08:02:18
4387,citizen_4387,citizen_4387@example.com,Karen Jones,+1-555-409-3510,"628 Smart City Ave, Street 18",North District,CTZ-004387,+1-555-222-1094,Accountant,5,O+,1,2026-06-16 08:02:18
4388,citizen_4388,citizen_4388@example.com,Thomas Rodriguez,+1-555-779-1806,"829 Smart City Ave, Street 16",Industrial Zone,CTZ-004388,+1-555-598-2324,Architect,3,B+,1,2026-05-30 08:02:18
4389,citizen_4389,citizen_4389@example.com,Elizabeth Williams,+1-555-806-4951,"863 Smart City Ave, Street 28",South District,CTZ-004389,+1-555-581-9833,Business Owner,2,O-,1,2026-01-17 08:02:18
4390,citizen_4390,citizen_4390@example.com,Charles Jones,+1-555-672-1101,"894 Smart City Ave, Street 26",Industrial Zone,CTZ-004390,+1-555-315-3580,Architect,2,A+,1,2026-08-14 08:02:18
4391,citizen_4391,citizen_4391@example.com,David Jones,+1-555-263-7183,"714 Smart City Ave, Street 44",North District,CTZ-004391,+1-555-166-6988,Teacher,6,A-,1,2026-05-04 08:02:18
4392,citizen_4392,citizen_4392@example.com,Patricia Taylor,+1-555-732-7419,"249 Smart City Ave, Street 39",South District,CTZ-004392,+1-555-945-5044,Architect,3,B-,3,2026-05-31 08:02:18
4393,citizen_4393,citizen_4393@example.com,Joseph Rodriguez,+1-555-445-9236,"944 Smart City Ave, Street 31",East District,CTZ-004393,+1-555-152-7145,Teacher,2,B-,2,2026-08-17 08:02:18
4394,citizen_4394,citizen_4394@example.com,Thomas Davis,+1-555-406-8637,"610 Smart City Ave, Street 42",South District,CTZ-004394,+1-555-113-3337,Business Owner,4,O-,3,2025-10-12 08:02:18
4395,citizen_4395,citizen_4395@example.com,Joseph Jones,+1-555-271-7264,"926 Smart City Ave, Street 17",North District,CTZ-004395,+1-555-268-1050,Civil Servant,3,B-,3,2026-05-30 08:02:18
4396,citizen_4396,citizen_4396@example.com,James Garcia,+1-555-707-9772,"92 Smart City Ave, Street 49",East District,CTZ-004396,+1-555-377-8583,Business Owner,2,B+,1,2026-02-17 08:02:18
4397,citizen_4397,citizen_4397@example.com,John Miller,+1-555-699-4937,"250 Smart City Ave, Street 20",South District,CTZ-004397,+1-555-641-7421,Technician,3,B-,0,2025-09-04 08:02:18
4398,citizen_4398,citizen_4398@example.com,Patricia Lopez,+1-555-750-7415,"753 Smart City Ave, Street 5",North District,CTZ-004398,+1-555-724-5013,Manager,5,A-,2,2025-09-09 08:02:18
4399,citizen_4399,citizen_4399@example.com,Patricia Martinez,+1-555-153-3710,"545 Smart City Ave, Street 35",North District,CTZ-004399,+1-555-444-9547,Architect,6,B+,1,2026-06-18 08:02:18
4400,citizen_4400,citizen_4400@example.com,David Moore,+1-555-834-8145,"402 Smart City Ave, Street 10",Central Zone,CTZ-004400,+1-555-498-7984,Technician,5,A-,1,2025-09-05 08:02:18
4401,citizen_4401,citizen_4401@example.com,Elizabeth Johnson,+1-555-877-2646,"791 Smart City Ave, Street 31",South District,CTZ-004401,+1-555-979-6859,Accountant,1,AB+,1,2026-04-27 08:02:18
4402,citizen_4402,citizen_4402@example.com,Patricia Jones,+1-555-102-3663,"88 Smart City Ave, Street 27",Industrial Zone,CTZ-004402,+1-555-121-7977,Engineer,6,O-,1,2026-08-28 08:02:18
4403,citizen_4403,citizen_4403@example.com,William Rodriguez,+1-555-387-1992,"947 Smart City Ave, Street 40",Central Zone,CTZ-004403,+1-555-688-5418,Architect,3,O+,1,2026-08-30 08:02:18
4404,citizen_4404,citizen_4404@example.com,Susan Jones,+1-555-397-9601,"954 Smart City Ave, Street 1",West District,CTZ-004404,+1-555-639-2983,Manager,5,A-,0,2026-02-14 08:02:18
4405,citizen_4405,citizen_4405@example.com,Patricia Martinez,+1-555-301-3544,"537 Smart City Ave, Street 39",East District,CTZ-004405,+1-555-594-3887,Civil Servant,5,AB-,1,2026-04-15 08:02:18
4406,citizen_4406,citizen_4406@example.com,Sarah Brown,+1-555-786-2945,"934 Smart City Ave, Street 31",South District,CTZ-004406,+1-555-216-2206,Student,1,O+,2,2026-01-02 08:02:18
4407,citizen_4407,citizen_4407@example.com,David Thomas,+1-555-655-9512,"821 Smart City Ave, Street 23",South District,CTZ-004407,+1-555-734-5741,Technician,3,A+,0,2025-10-02 08:02:18
4408,citizen_4408,citizen_4408@example.com,Jennifer Gonzalez,+1-555-152-6065,"349 Smart City Ave, Street 21",West District,CTZ-004408,+1-555-204-6825,Business Owner,6,AB-,3,2025-11-17 08:02:18
4409,citizen_4409,citizen_4409@example.com,Susan Martin,+1-555-504-5628,"997 Smart City Ave, Street 11",North District,CTZ-004409,+1-555-290-6957,Student,5,B+,3,2025-09-17 08:02:18
4410,citizen_4410,citizen_4410@example.com,Jennifer Garcia,+1-555-121-1232,"554 Smart City Ave, Street 32",South District,CTZ-004410,+1-555-421-5393,Technician,6,AB-,0,2026-01-03 08:02:18
4411,citizen_4411,citizen_4411@example.com,Jessica Jackson,+1-555-380-8659,"636 Smart City Ave, Street 40",Industrial Zone,CTZ-004411,+1-555-882-3925,Accountant,5,A-,2,2026-02-04 08:02:18
4412,citizen_4412,citizen_4412@example.com,Robert Anderson,+1-555-968-1103,"620 Smart City Ave, Street 26",Industrial Zone,CTZ-004412,+1-555-482-7278,Engineer,4,AB+,1,2026-01-15 08:02:18
4413,citizen_4413,citizen_4413@example.com,Patricia Martin,+1-555-679-4694,"89 Smart City Ave, Street 1",South District,CTZ-004413,+1-555-501-5477,Accountant,4,AB+,0,2026-03-14 08:02:18
4414,citizen_4414,citizen_4414@example.com,Patricia Williams,+1-555-838-5324,"262 Smart City Ave, Street 15",Central Zone,CTZ-004414,+1-555-625-8851,Accountant,5,B+,0,2026-08-16 08:02:18
4415,citizen_4415,citizen_4415@example.com,William Martin,+1-555-741-7032,"502 Smart City Ave, Street 33",East District,CTZ-004415,+1-555-841-6004,Teacher,2,O+,1,2026-05-01 08:02:18
4416,citizen_4416,citizen_4416@example.com,Richard Miller,+1-555-687-1246,"345 Smart City Ave, Street 12",North District,CTZ-004416,+1-555-662-6975,Civil Servant,1,B-,1,2026-03-12 08:02:18
4417,citizen_4417,citizen_4417@example.com,John Davis,+1-555-776-7055,"485 Smart City Ave, Street 25",Central Zone,CTZ-004417,+1-555-653-5405,Student,3,B+,0,2025-10-24 08:02:18
4418,citizen_4418,citizen_4418@example.com,James Thomas,+1-555-218-5457,"59 Smart City Ave, Street 44",Central Zone,CTZ-004418,+1-555-496-2419,Engineer,5,B+,1,2026-04-04 08:02:18
4419,citizen_4419,citizen_4419@example.com,Jessica Taylor,+1-555-828-1913,"595 Smart City Ave, Street 30",West District,CTZ-004419,+1-555-810-2887,Civil Servant,3,B-,2,2026-08-07 08:02:18
4420,citizen_4420,citizen_4420@example.com,Joseph Martinez,+1-555-480-4943,"816 Smart City Ave, Street 1",East District,CTZ-004420,+1-555-109-1755,Student,4,A-,0,2026-03-08 08:02:18
4421,citizen_4421,citizen_4421@example.com,William Williams,+1-555-879-8543,"493 Smart City Ave, Street 5",Central Zone,CTZ-004421,+1-555-781-3756,Civil Servant,4,B-,1,2026-02-17 08:02:18
4422,citizen_4422,citizen_4422@example.com,Patricia Lopez,+1-555-124-6793,"656 Smart City Ave, Street 18",Central Zone,CTZ-004422,+1-555-908-7693,Student,6,B+,3,2026-01-05 08:02:18
4423,citizen_4423,citizen_4423@example.com,Patricia Martin,+1-555-756-5763,"595 Smart City Ave, Street 39",North District,CTZ-004423,+1-555-114-6982,Manager,2,A-,3,2026-08-29 08:02:18
4424,citizen_4424,citizen_4424@example.com,Jennifer Lopez,+1-555-635-5104,"803 Smart City Ave, Street 17",North District,CTZ-004424,+1-555-619-4248,Engineer,6,AB-,3,2026-02-09 08:02:18
4425,citizen_4425,citizen_4425@example.com,Thomas Martin,+1-555-863-5170,"585 Smart City Ave, Street 4",North District,CTZ-004425,+1-555-443-6764,Architect,6,O-,1,2026-01-17 08:02:18
4426,citizen_4426,citizen_4426@example.com,Mary Gonzalez,+1-555-575-1384,"253 Smart City Ave, Street 9",West District,CTZ-004426,+1-555-978-3487,Technician,4,AB-,1,2026-02-28 08:02:18
4427,citizen_4427,citizen_4427@example.com,Thomas Williams,+1-555-502-4237,"257 Smart City Ave, Street 24",Central Zone,CTZ-004427,+1-555-579-4117,Student,6,O+,2,2026-05-27 08:02:18
4428,citizen_4428,citizen_4428@example.com,Michael Smith,+1-555-301-2597,"228 Smart City Ave, Street 19",West District,CTZ-004428,+1-555-438-7670,Student,1,AB-,1,2026-01-12 08:02:18
4429,citizen_4429,citizen_4429@example.com,Barbara Moore,+1-555-464-9016,"636 Smart City Ave, Street 35",Industrial Zone,CTZ-004429,+1-555-451-9210,Manager,5,A-,3,2026-07-29 08:02:18
4430,citizen_4430,citizen_4430@example.com,David Thomas,+1-555-660-4431,"301 Smart City Ave, Street 20",Central Zone,CTZ-004430,+1-555-271-6055,Manager,2,AB-,2,2026-03-30 08:02:18
4431,citizen_4431,citizen_4431@example.com,Sarah Davis,+1-555-492-5790,"831 Smart City Ave, Street 22",Central Zone,CTZ-004431,+1-555-113-7189,Civil Servant,2,AB+,3,2026-05-11 08:02:18
4432,citizen_4432,citizen_4432@example.com,Thomas Gonzalez,+1-555-194-6535,"246 Smart City Ave, Street 23",Central Zone,CTZ-004432,+1-555-848-2752,Technician,6,O-,0,2025-10-11 08:02:18
4433,citizen_4433,citizen_4433@example.com,John Hernandez,+1-555-588-7282,"376 Smart City Ave, Street 40",East District,CTZ-004433,+1-555-102-4346,Teacher,6,A-,2,2026-06-08 08:02:18
4434,citizen_4434,citizen_4434@example.com,Richard Anderson,+1-555-272-1503,"104 Smart City Ave, Street 34",East District,CTZ-004434,+1-555-493-2970,Engineer,3,B-,3,2025-10-04 08:02:18
4435,citizen_4435,citizen_4435@example.com,Linda Hernandez,+1-555-471-3238,"858 Smart City Ave, Street 16",North District,CTZ-004435,+1-555-963-4205,Business Owner,5,B+,2,2026-08-31 08:02:18
4436,citizen_4436,citizen_4436@example.com,Richard Hernandez,+1-555-798-4605,"98 Smart City Ave, Street 47",Industrial Zone,CTZ-004436,+1-555-794-9587,Manager,3,AB-,1,2026-01-29 08:02:18
4437,citizen_4437,citizen_4437@example.com,William Taylor,+1-555-364-8163,"69 Smart City Ave, Street 46",South District,CTZ-004437,+1-555-893-8186,Accountant,4,O-,2,2026-02-21 08:02:18
4438,citizen_4438,citizen_4438@example.com,Elizabeth Hernandez,+1-555-917-9843,"408 Smart City Ave, Street 7",South District,CTZ-004438,+1-555-667-2038,Teacher,2,O-,1,2025-10-28 08:02:18
4439,citizen_4439,citizen_4439@example.com,Mary Lopez,+1-555-472-2722,"259 Smart City Ave, Street 21",East District,CTZ-004439,+1-555-587-3132,Architect,5,AB-,3,2026-06-25 08:02:18
4440,citizen_4440,citizen_4440@example.com,Michael Hernandez,+1-555-823-3779,"396 Smart City Ave, Street 42",Central Zone,CTZ-004440,+1-555-115-1786,Civil Servant,1,AB-,1,2026-07-30 08:02:18
4441,citizen_4441,citizen_4441@example.com,Richard Thomas,+1-555-352-2531,"864 Smart City Ave, Street 9",West District,CTZ-004441,+1-555-562-5083,Business Owner,5,AB+,2,2026-02-03 08:02:18
4442,citizen_4442,citizen_4442@example.com,Sarah Wilson,+1-555-469-9527,"788 Smart City Ave, Street 14",Central Zone,CTZ-004442,+1-555-388-8988,Accountant,3,AB+,3,2025-09-10 08:02:18
4443,citizen_4443,citizen_4443@example.com,David Jones,+1-555-713-8532,"933 Smart City Ave, Street 7",South District,CTZ-004443,+1-555-798-5251,Civil Servant,6,AB+,1,2025-12-11 08:02:18
4444,citizen_4444,citizen_4444@example.com,Jennifer Thomas,+1-555-236-3397,"33 Smart City Ave, Street 16",Central Zone,CTZ-004444,+1-555-603-5246,Technician,3,A-,3,2026-06-13 08:02:18
4445,citizen_4445,citizen_4445@example.com,Charles Martinez,+1-555-887-7462,"734 Smart City Ave, Street 16",North District,CTZ-004445,+1-555-655-1798,Student,5,A+,1,2025-12-30 08:02:18
4446,citizen_4446,citizen_4446@example.com,Linda Martinez,+1-555-886-8345,"207 Smart City Ave, Street 42",Central Zone,CTZ-004446,+1-555-148-2910,Business Owner,2,AB-,3,2025-09-14 08:02:18
4447,citizen_4447,citizen_4447@example.com,Karen Thomas,+1-555-208-5492,"362 Smart City Ave, Street 45",Central Zone,CTZ-004447,+1-555-671-3844,Architect,2,O-,2,2025-09-15 08:02:18
4448,citizen_4448,citizen_4448@example.com,Thomas Thomas,+1-555-526-2767,"363 Smart City Ave, Street 29",East District,CTZ-004448,+1-555-656-3845,Manager,2,A-,1,2025-09-15 08:02:18
4449,citizen_4449,citizen_4449@example.com,Linda Jones,+1-555-552-8319,"691 Smart City Ave, Street 42",South District,CTZ-004449,+1-555-123-2775,Student,4,O+,1,2025-09-29 08:02:18
4450,citizen_4450,citizen_4450@example.com,Patricia Miller,+1-555-320-1937,"369 Smart City Ave, Street 39",West District,CTZ-004450,+1-555-786-1037,Technician,5,A-,1,2026-07-13 08:02:18
4451,citizen_4451,citizen_4451@example.com,John Rodriguez,+1-555-969-1885,"222 Smart City Ave, Street 44",North District,CTZ-004451,+1-555-927-2054,Civil Servant,3,AB-,3,2026-05-12 08:02:18
4452,citizen_4452,citizen_4452@example.com,Susan Taylor,+1-555-178-8914,"193 Smart City Ave, Street 15",West District,CTZ-004452,+1-555-600-1605,Architect,3,O+,3,2026-06-12 08:02:18
4453,citizen_4453,citizen_4453@example.com,Robert Garcia,+1-555-789-2736,"72 Smart City Ave, Street 39",South District,CTZ-004453,+1-555-841-3770,Teacher,6,O-,3,2025-11-29 08:02:18
4454,citizen_4454,citizen_4454@example.com,Michael Thomas,+1-555-613-7443,"136 Smart City Ave, Street 16",Central Zone,CTZ-004454,+1-555-782-8024,Business Owner,6,AB-,2,2026-07-06 08:02:18
4455,citizen_4455,citizen_4455@example.com,Linda Garcia,+1-555-198-7591,"583 Smart City Ave, Street 6",West District,CTZ-004455,+1-555-895-2525,Architect,2,B+,1,2026-08-07 08:02:18
4456,citizen_4456,citizen_4456@example.com,William Gonzalez,+1-555-832-6025,"102 Smart City Ave, Street 15",South District,CTZ-004456,+1-555-268-1443,Civil Servant,2,O+,0,2026-07-17 08:02:18
4457,citizen_4457,citizen_4457@example.com,Karen Smith,+1-555-385-6841,"504 Smart City Ave, Street 10",Industrial Zone,CTZ-004457,+1-555-215-8033,Teacher,5,A+,1,2026-03-08 08:02:18
4458,citizen_4458,citizen_4458@example.com,Jennifer Martin,+1-555-753-7599,"872 Smart City Ave, Street 28",East District,CTZ-004458,+1-555-648-1044,Manager,2,O-,1,2026-06-28 08:02:18
4459,citizen_4459,citizen_4459@example.com,David Wilson,+1-555-712-7216,"801 Smart City Ave, Street 44",East District,CTZ-004459,+1-555-997-8993,Manager,6,B-,1,2026-04-13 08:02:18
4460,citizen_4460,citizen_4460@example.com,James Martinez,+1-555-346-7553,"748 Smart City Ave, Street 16",South District,CTZ-004460,+1-555-473-3855,Student,6,A-,1,2026-01-24 08:02:18
4461,citizen_4461,citizen_4461@example.com,Joseph Williams,+1-555-923-3409,"509 Smart City Ave, Street 32",Industrial Zone,CTZ-004461,+1-555-243-8588,Doctor,6,AB+,1,2026-06-15 08:02:18
4462,citizen_4462,citizen_4462@example.com,Sarah Rodriguez,+1-555-708-6320,"45 Smart City Ave, Street 7",Central Zone,CTZ-004462,+1-555-396-9683,Doctor,3,A+,3,2026-04-04 08:02:18
4463,citizen_4463,citizen_4463@example.com,David Wilson,+1-555-100-1143,"525 Smart City Ave, Street 47",South District,CTZ-004463,+1-555-886-8558,Civil Servant,4,A-,2,2025-11-27 08:02:18
4464,citizen_4464,citizen_4464@example.com,David Williams,+1-555-741-3156,"893 Smart City Ave, Street 46",West District,CTZ-004464,+1-555-441-7375,Teacher,2,A-,3,2025-10-30 08:02:18
4465,citizen_4465,citizen_4465@example.com,Thomas Rodriguez,+1-555-395-2759,"526 Smart City Ave, Street 44",Central Zone,CTZ-004465,+1-555-869-7559,Doctor,5,A-,2,2025-09-17 08:02:18
4466,citizen_4466,citizen_4466@example.com,Jessica Lopez,+1-555-538-6057,"108 Smart City Ave, Street 49",Industrial Zone,CTZ-004466,+1-555-834-7419,Student,2,AB-,1,2026-03-02 08:02:18
4467,citizen_4467,citizen_4467@example.com,Karen Wilson,+1-555-392-7561,"340 Smart City Ave, Street 28",West District,CTZ-004467,+1-555-708-4646,Architect,4,AB-,0,2026-02-21 08:02:18
4468,citizen_4468,citizen_4468@example.com,James Anderson,+1-555-654-7921,"522 Smart City Ave, Street 44",West District,CTZ-004468,+1-555-565-2426,Technician,6,A-,0,2025-09-14 08:02:18
4469,citizen_4469,citizen_4469@example.com,William Moore,+1-555-171-8447,"742 Smart City Ave, Street 47",East District,CTZ-004469,+1-555-558-9325,Teacher,1,AB-,2,2026-02-11 08:02:18
4470,citizen_4470,citizen_4470@example.com,Karen Gonzalez,+1-555-488-5566,"148 Smart City Ave, Street 17",South District,CTZ-004470,+1-555-734-1712,Teacher,1,B+,1,2026-02-20 08:02:18
4471,citizen_4471,citizen_4471@example.com,Jessica Jackson,+1-555-350-7745,"492 Smart City Ave, Street 46",South District,CTZ-004471,+1-555-551-6003,Civil Servant,6,B+,1,2026-04-19 08:02:18
4472,citizen_4472,citizen_4472@example.com,Elizabeth Rodriguez,+1-555-824-2902,"572 Smart City Ave, Street 11",South District,CTZ-004472,+1-555-194-1694,Civil Servant,2,B+,0,2025-11-06 08:02:18
4473,citizen_4473,citizen_4473@example.com,Linda Gonzalez,+1-555-206-3184,"448 Smart City Ave, Street 17",Industrial Zone,CTZ-004473,+1-555-722-7445,Engineer,1,A-,3,2026-06-27 08:02:18
4474,citizen_4474,citizen_4474@example.com,William Williams,+1-555-978-1445,"664 Smart City Ave, Street 47",South District,CTZ-004474,+1-555-890-7413,Doctor,4,AB+,3,2026-03-07 08:02:18
4475,citizen_4475,citizen_4475@example.com,David Gonzalez,+1-555-448-4182,"767 Smart City Ave, Street 8",North District,CTZ-004475,+1-555-430-9041,Student,6,A+,3,2026-03-24 08:02:18
4476,citizen_4476,citizen_4476@example.com,Michael Wilson,+1-555-891-8464,"636 Smart City Ave, Street 11",West District,CTZ-004476,+1-555-772-5918,Doctor,4,O+,3,2026-01-19 08:02:18
4477,citizen_4477,citizen_4477@example.com,John Garcia,+1-555-594-9720,"159 Smart City Ave, Street 12",Central Zone,CTZ-004477,+1-555-680-6820,Teacher,6,AB+,1,2025-10-31 08:02:18
4478,citizen_4478,citizen_4478@example.com,James Moore,+1-555-239-1919,"417 Smart City Ave, Street 29",Central Zone,CTZ-004478,+1-555-437-3275,Accountant,3,O+,2,2026-04-30 08:02:18
4479,citizen_4479,citizen_4479@example.com,Elizabeth Martinez,+1-555-474-8668,"603 Smart City Ave, Street 18",Industrial Zone,CTZ-004479,+1-555-469-9423,Engineer,4,B-,2,2025-11-30 08:02:18
4480,citizen_4480,citizen_4480@example.com,Jessica Wilson,+1-555-246-5302,"248 Smart City Ave, Street 25",South District,CTZ-004480,+1-555-500-4535,Accountant,4,O-,1,2026-02-03 08:02:18
4481,citizen_4481,citizen_4481@example.com,Charles Martinez,+1-555-728-8098,"938 Smart City Ave, Street 50",North District,CTZ-004481,+1-555-491-3031,Technician,2,AB-,3,2026-03-18 08:02:18
4482,citizen_4482,citizen_4482@example.com,Michael Davis,+1-555-909-2342,"459 Smart City Ave, Street 1",Central Zone,CTZ-004482,+1-555-112-3305,Technician,4,A+,1,2025-12-14 08:02:18
4483,citizen_4483,citizen_4483@example.com,James Williams,+1-555-754-5365,"159 Smart City Ave, Street 8",East District,CTZ-004483,+1-555-705-5277,Architect,3,AB-,2,2025-09-08 08:02:18
4484,citizen_4484,citizen_4484@example.com,Sarah Thomas,+1-555-364-8804,"152 Smart City Ave, Street 23",Central Zone,CTZ-004484,+1-555-659-9176,Manager,6,AB-,3,2026-05-16 08:02:18
4485,citizen_4485,citizen_4485@example.com,Patricia Thomas,+1-555-546-7966,"598 Smart City Ave, Street 11",West District,CTZ-004485,+1-555-840-2877,Technician,5,O-,3,2025-12-04 08:02:18
4486,citizen_4486,citizen_4486@example.com,Charles Lopez,+1-555-887-3167,"707 Smart City Ave, Street 5",South District,CTZ-004486,+1-555-745-5468,Manager,1,O+,2,2025-10-12 08:02:18
4487,citizen_4487,citizen_4487@example.com,Jessica Lopez,+1-555-317-1492,"432 Smart City Ave, Street 40",South District,CTZ-004487,+1-555-948-8870,Student,4,O+,2,2026-06-25 08:02:18
4488,citizen_4488,citizen_4488@example.com,David Johnson,+1-555-629-1112,"153 Smart City Ave, Street 35",East District,CTZ-004488,+1-555-846-6622,Student,3,A-,0,2025-09-25 08:02:18
4489,citizen_4489,citizen_4489@example.com,David Martin,+1-555-724-1736,"375 Smart City Ave, Street 34",North District,CTZ-004489,+1-555-902-6257,Accountant,1,B+,3,2026-06-08 08:02:18
4490,citizen_4490,citizen_4490@example.com,Thomas Lopez,+1-555-426-9492,"138 Smart City Ave, Street 29",North District,CTZ-004490,+1-555-840-3940,Doctor,6,O+,2,2026-05-06 08:02:18
4491,citizen_4491,citizen_4491@example.com,Sarah Wilson,+1-555-434-1281,"17 Smart City Ave, Street 42",West District,CTZ-004491,+1-555-342-6111,Business Owner,4,O-,1,2026-05-07 08:02:18
4492,citizen_4492,citizen_4492@example.com,William Hernandez,+1-555-854-7399,"285 Smart City Ave, Street 26",North District,CTZ-004492,+1-555-268-4212,Civil Servant,5,AB+,1,2026-09-02 08:02:18
4493,citizen_4493,citizen_4493@example.com,Jessica Moore,+1-555-106-7136,"939 Smart City Ave, Street 17",East District,CTZ-004493,+1-555-520-1967,Manager,1,A-,2,2026-03-28 08:02:18
4494,citizen_4494,citizen_4494@example.com,Charles Gonzalez,+1-555-928-8923,"191 Smart City Ave, Street 23",East District,CTZ-004494,+1-555-811-3806,Manager,3,B+,1,2026-08-07 08:02:18
4495,citizen_4495,citizen_4495@example.com,Patricia Moore,+1-555-324-9646,"404 Smart City Ave, Street 6",North District,CTZ-004495,+1-555-448-4396,Engineer,5,A+,1,2025-10-26 08:02:18
4496,citizen_4496,citizen_4496@example.com,Joseph Johnson,+1-555-489-1616,"418 Smart City Ave, Street 36",North District,CTZ-004496,+1-555-283-3362,Accountant,6,O+,1,2026-05-19 08:02:18
4497,citizen_4497,citizen_4497@example.com,Joseph Williams,+1-555-307-3509,"696 Smart City Ave, Street 24",South District,CTZ-004497,+1-555-880-4141,Doctor,5,O-,3,2026-05-01 08:02:18
4498,citizen_4498,citizen_4498@example.com,Linda Wilson,+1-555-144-5585,"869 Smart City Ave, Street 33",Industrial Zone,CTZ-004498,+1-555-187-4998,Civil Servant,6,O+,0,2026-04-17 08:02:18
4499,citizen_4499,citizen_4499@example.com,Robert Brown,+1-555-352-5901,"660 Smart City Ave, Street 8",South District,CTZ-004499,+1-555-938-2920,Engineer,3,A-,3,2025-11-25 08:02:18
4500,citizen_4500,citizen_4500@example.com,Jennifer Brown,+1-555-333-9149,"194 Smart City Ave, Street 16",North District,CTZ-004500,+1-555-630-2238,Accountant,6,O-,3,2026-01-09 08:02:18
4501,citizen_4501,citizen_4501@example.com,Mary Garcia,+1-555-190-1955,"927 Smart City Ave, Street 30",North District,CTZ-004501,+1-555-349-9404,Doctor,1,AB+,1,2026-04-15 08:02:18
4502,citizen_4502,citizen_4502@example.com,William Gonzalez,+1-555-160-3089,"762 Smart City Ave, Street 45",North District,CTZ-004502,+1-555-529-8036,Technician,3,A+,1,2025-11-30 08:02:18
4503,citizen_4503,citizen_4503@example.com,David Davis,+1-555-941-4965,"170 Smart City Ave, Street 20",North District,CTZ-004503,+1-555-898-7416,Accountant,4,O-,3,2026-08-31 08:02:18
4504,citizen_4504,citizen_4504@example.com,Susan Davis,+1-555-641-3613,"626 Smart City Ave, Street 46",North District,CTZ-004504,+1-555-941-8670,Engineer,6,O+,1,2026-08-21 08:02:18
4505,citizen_4505,citizen_4505@example.com,Barbara Williams,+1-555-602-9946,"434 Smart City Ave, Street 22",Industrial Zone,CTZ-004505,+1-555-739-5004,Engineer,5,O+,0,2026-04-27 08:02:18
4506,citizen_4506,citizen_4506@example.com,Susan Wilson,+1-555-825-3858,"90 Smart City Ave, Street 16",Industrial Zone,CTZ-004506,+1-555-340-9862,Civil Servant,3,AB-,2,2025-12-01 08:02:18
4507,citizen_4507,citizen_4507@example.com,David Martin,+1-555-269-3047,"184 Smart City Ave, Street 38",Central Zone,CTZ-004507,+1-555-229-9273,Civil Servant,2,A+,2,2026-04-09 08:02:18
4508,citizen_4508,citizen_4508@example.com,Joseph Gonzalez,+1-555-451-8666,"231 Smart City Ave, Street 14",North District,CTZ-004508,+1-555-260-6092,Technician,2,A+,1,2026-03-27 08:02:18
4509,citizen_4509,citizen_4509@example.com,James Wilson,+1-555-199-9203,"918 Smart City Ave, Street 31",North District,CTZ-004509,+1-555-299-7933,Doctor,1,O-,0,2026-06-08 08:02:18
4510,citizen_4510,citizen_4510@example.com,Barbara Brown,+1-555-314-7458,"797 Smart City Ave, Street 23",East District,CTZ-004510,+1-555-547-1398,Manager,4,A-,2,2026-04-06 08:02:18
4511,citizen_4511,citizen_4511@example.com,Robert Martinez,+1-555-600-1678,"116 Smart City Ave, Street 40",South District,CTZ-004511,+1-555-902-6303,Business Owner,6,AB-,0,2025-09-07 08:02:18
4512,citizen_4512,citizen_4512@example.com,John Jackson,+1-555-306-2535,"592 Smart City Ave, Street 38",Central Zone,CTZ-004512,+1-555-425-1911,Civil Servant,2,O+,1,2026-05-13 08:02:18
4513,citizen_4513,citizen_4513@example.com,Mary Gonzalez,+1-555-161-8696,"191 Smart City Ave, Street 10",South District,CTZ-004513,+1-555-700-2380,Technician,6,B+,2,2026-07-21 08:02:18
4514,citizen_4514,citizen_4514@example.com,Joseph Smith,+1-555-140-3728,"223 Smart City Ave, Street 47",North District,CTZ-004514,+1-555-125-2774,Architect,6,B-,1,2025-12-10 08:02:18
4515,citizen_4515,citizen_4515@example.com,Sarah Wilson,+1-555-714-3406,"14 Smart City Ave, Street 23",Industrial Zone,CTZ-004515,+1-555-447-1536,Teacher,5,AB-,2,2026-08-30 08:02:18
4516,citizen_4516,citizen_4516@example.com,Barbara Smith,+1-555-283-6735,"530 Smart City Ave, Street 3",Central Zone,CTZ-004516,+1-555-575-5988,Technician,1,B+,3,2025-12-29 08:02:18
4517,citizen_4517,citizen_4517@example.com,Susan Wilson,+1-555-859-2284,"938 Smart City Ave, Street 50",South District,CTZ-004517,+1-555-291-4263,Architect,2,AB-,3,2025-11-04 08:02:18
4518,citizen_4518,citizen_4518@example.com,John Rodriguez,+1-555-297-1192,"913 Smart City Ave, Street 48",North District,CTZ-004518,+1-555-633-5708,Architect,2,A-,1,2026-04-06 08:02:18
4519,citizen_4519,citizen_4519@example.com,Karen Gonzalez,+1-555-912-9641,"271 Smart City Ave, Street 50",Central Zone,CTZ-004519,+1-555-720-8713,Engineer,6,O-,1,2026-02-04 08:02:18
4520,citizen_4520,citizen_4520@example.com,Robert Moore,+1-555-258-5203,"81 Smart City Ave, Street 40",East District,CTZ-004520,+1-555-348-9753,Doctor,6,A-,1,2025-12-20 08:02:18
4521,citizen_4521,citizen_4521@example.com,Elizabeth Brown,+1-555-783-2125,"255 Smart City Ave, Street 2",Central Zone,CTZ-004521,+1-555-893-7789,Technician,4,B+,1,2026-04-19 08:02:18
4522,citizen_4522,citizen_4522@example.com,James Anderson,+1-555-738-8724,"120 Smart City Ave, Street 13",Central Zone,CTZ-004522,+1-555-767-6412,Business Owner,3,AB+,0,2026-06-13 08:02:18
4523,citizen_4523,citizen_4523@example.com,Michael Taylor,+1-555-726-6243,"485 Smart City Ave, Street 48",North District,CTZ-004523,+1-555-809-1069,Business Owner,3,AB+,2,2026-02-02 08:02:18
4524,citizen_4524,citizen_4524@example.com,Robert Hernandez,+1-555-732-2460,"845 Smart City Ave, Street 16",Central Zone,CTZ-004524,+1-555-431-9528,Engineer,6,A+,2,2026-02-25 08:02:18
4525,citizen_4525,citizen_4525@example.com,Linda Wilson,+1-555-346-8354,"854 Smart City Ave, Street 34",East District,CTZ-004525,+1-555-165-4424,Architect,2,A-,2,2026-09-01 08:02:18
4526,citizen_4526,citizen_4526@example.com,David Martinez,+1-555-585-5242,"160 Smart City Ave, Street 8",South District,CTZ-004526,+1-555-291-4154,Doctor,6,O-,3,2026-04-03 08:02:18
4527,citizen_4527,citizen_4527@example.com,Karen Hernandez,+1-555-940-7809,"203 Smart City Ave, Street 25",South District,CTZ-004527,+1-555-455-2795,Teacher,2,B+,3,2026-04-11 08:02:18
4528,citizen_4528,citizen_4528@example.com,John Lopez,+1-555-515-8539,"261 Smart City Ave, Street 25",Industrial Zone,CTZ-004528,+1-555-420-7910,Engineer,2,A+,1,2026-04-30 08:02:18
4529,citizen_4529,citizen_4529@example.com,Richard Hernandez,+1-555-368-6861,"260 Smart City Ave, Street 17",Industrial Zone,CTZ-004529,+1-555-747-9569,Business Owner,2,O+,1,2026-08-07 08:02:18
4530,citizen_4530,citizen_4530@example.com,Robert Moore,+1-555-826-9431,"44 Smart City Ave, Street 3",West District,CTZ-004530,+1-555-652-9697,Civil Servant,4,AB+,0,2026-02-03 08:02:18
4531,citizen_4531,citizen_4531@example.com,Karen Thomas,+1-555-171-1279,"627 Smart City Ave, Street 9",Central Zone,CTZ-004531,+1-555-655-5415,Student,1,O-,0,2025-11-14 08:02:18
4532,citizen_4532,citizen_4532@example.com,Linda Davis,+1-555-473-2443,"269 Smart City Ave, Street 21",North District,CTZ-004532,+1-555-133-3336,Business Owner,6,O-,1,2026-01-20 08:02:18
4533,citizen_4533,citizen_4533@example.com,Linda Garcia,+1-555-229-4612,"604 Smart City Ave, Street 30",West District,CTZ-004533,+1-555-216-8037,Technician,1,AB+,0,2026-04-21 08:02:18
4534,citizen_4534,citizen_4534@example.com,Joseph Jones,+1-555-975-2891,"286 Smart City Ave, Street 30",North District,CTZ-004534,+1-555-715-5967,Accountant,6,A-,1,2026-03-28 08:02:18
4535,citizen_4535,citizen_4535@example.com,Linda Jackson,+1-555-367-5178,"983 Smart City Ave, Street 12",North District,CTZ-004535,+1-555-661-5766,Civil Servant,4,AB-,1,2025-09-10 08:02:18
4536,citizen_4536,citizen_4536@example.com,Thomas Williams,+1-555-684-6361,"981 Smart City Ave, Street 15",North District,CTZ-004536,+1-555-475-6228,Doctor,4,AB-,2,2025-09-23 08:02:18
4537,citizen_4537,citizen_4537@example.com,Charles Miller,+1-555-216-6497,"574 Smart City Ave, Street 3",East District,CTZ-004537,+1-555-833-5271,Manager,3,A+,1,2026-06-29 08:02:18
4538,citizen_4538,citizen_4538@example.com,John Martinez,+1-555-890-3078,"706 Smart City Ave, Street 9",East District,CTZ-004538,+1-555-209-2627,Teacher,1,A-,3,2026-06-17 08:02:18
4539,citizen_4539,citizen_4539@example.com,David Thomas,+1-555-417-2844,"983 Smart City Ave, Street 43",West District,CTZ-004539,+1-555-974-7679,Accountant,4,O+,3,2026-02-16 08:02:18
4540,citizen_4540,citizen_4540@example.com,Patricia Martinez,+1-555-197-8708,"470 Smart City Ave, Street 21",West District,CTZ-004540,+1-555-875-4953,Business Owner,3,O+,0,2026-08-24 08:02:18
4541,citizen_4541,citizen_4541@example.com,Linda Taylor,+1-555-500-4144,"529 Smart City Ave, Street 8",Industrial Zone,CTZ-004541,+1-555-600-7736,Technician,6,AB+,3,2026-06-10 08:02:18
4542,citizen_4542,citizen_4542@example.com,Karen Garcia,+1-555-173-1688,"10 Smart City Ave, Street 10",North District,CTZ-004542,+1-555-587-7218,Civil Servant,4,B+,1,2025-11-01 08:02:18
4543,citizen_4543,citizen_4543@example.com,Mary Martinez,+1-555-719-1604,"711 Smart City Ave, Street 37",West District,CTZ-004543,+1-555-588-9902,Business Owner,2,B-,1,2026-05-30 08:02:18
4544,citizen_4544,citizen_4544@example.com,Thomas Thomas,+1-555-757-3928,"470 Smart City Ave, Street 6",North District,CTZ-004544,+1-555-345-2311,Technician,1,A-,2,2026-07-12 08:02:18
4545,citizen_4545,citizen_4545@example.com,Susan Thomas,+1-555-427-4308,"288 Smart City Ave, Street 2",East District,CTZ-004545,+1-555-268-7375,Manager,6,AB+,1,2026-08-11 08:02:18
4546,citizen_4546,citizen_4546@example.com,William Anderson,+1-555-444-7517,"579 Smart City Ave, Street 26",Central Zone,CTZ-004546,+1-555-590-2243,Engineer,2,AB-,1,2025-09-06 08:02:18
4547,citizen_4547,citizen_4547@example.com,David Williams,+1-555-259-4979,"221 Smart City Ave, Street 38",East District,CTZ-004547,+1-555-540-7127,Teacher,1,AB+,3,2026-05-11 08:02:18
4548,citizen_4548,citizen_4548@example.com,Jessica Wilson,+1-555-276-7475,"734 Smart City Ave, Street 3",South District,CTZ-004548,+1-555-571-4145,Accountant,4,AB+,3,2026-02-15 08:02:18
4549,citizen_4549,citizen_4549@example.com,Barbara Johnson,+1-555-972-3027,"588 Smart City Ave, Street 27",West District,CTZ-004549,+1-555-940-4174,Architect,1,B+,0,2026-02-12 08:02:18
4550,citizen_4550,citizen_4550@example.com,Elizabeth Martin,+1-555-161-8214,"924 Smart City Ave, Street 28",South District,CTZ-004550,+1-555-191-8125,Civil Servant,1,AB+,2,2025-12-25 08:02:18
4551,citizen_4551,citizen_4551@example.com,Charles Jackson,+1-555-547-9601,"646 Smart City Ave, Street 42",North District,CTZ-004551,+1-555-586-5762,Architect,5,O-,0,2025-11-01 08:02:18
4552,citizen_4552,citizen_4552@example.com,Joseph Lopez,+1-555-828-7134,"317 Smart City Ave, Street 24",North District,CTZ-004552,+1-555-743-9793,Engineer,4,O-,1,2026-05-24 08:02:18
4553,citizen_4553,citizen_4553@example.com,Jessica Moore,+1-555-706-1325,"345 Smart City Ave, Street 50",South District,CTZ-004553,+1-555-241-4372,Student,1,A-,3,2026-05-12 08:02:18
4554,citizen_4554,citizen_4554@example.com,Robert Lopez,+1-555-365-4476,"32 Smart City Ave, Street 9",South District,CTZ-004554,+1-555-744-8435,Doctor,1,B-,3,2026-01-04 08:02:18
4555,citizen_4555,citizen_4555@example.com,Jennifer Anderson,+1-555-328-7575,"611 Smart City Ave, Street 5",Industrial Zone,CTZ-004555,+1-555-329-7093,Doctor,4,A+,3,2025-10-31 08:02:18
4556,citizen_4556,citizen_4556@example.com,Elizabeth Thomas,+1-555-445-7199,"669 Smart City Ave, Street 50",South District,CTZ-004556,+1-555-317-7187,Engineer,4,O+,1,2026-04-29 08:02:18
4557,citizen_4557,citizen_4557@example.com,William Martin,+1-555-572-9556,"942 Smart City Ave, Street 37",Central Zone,CTZ-004557,+1-555-932-2162,Accountant,2,A+,2,2026-07-25 08:02:18
4558,citizen_4558,citizen_4558@example.com,Linda Martinez,+1-555-626-5061,"517 Smart City Ave, Street 12",South District,CTZ-004558,+1-555-538-6558,Engineer,3,A-,0,2026-05-26 08:02:18
4559,citizen_4559,citizen_4559@example.com,William Thomas,+1-555-572-3202,"652 Smart City Ave, Street 42",Industrial Zone,CTZ-004559,+1-555-125-4613,Student,3,B+,2,2026-04-12 08:02:18
4560,citizen_4560,citizen_4560@example.com,Michael Martin,+1-555-942-7136,"826 Smart City Ave, Street 13",North District,CTZ-004560,+1-555-311-7412,Business Owner,5,O-,1,2025-09-25 08:02:18
4561,citizen_4561,citizen_4561@example.com,John Gonzalez,+1-555-689-4717,"810 Smart City Ave, Street 7",Industrial Zone,CTZ-004561,+1-555-699-7250,Doctor,4,B-,2,2025-09-15 08:02:18
4562,citizen_4562,citizen_4562@example.com,Susan Garcia,+1-555-818-7153,"483 Smart City Ave, Street 38",North District,CTZ-004562,+1-555-612-8758,Teacher,4,A+,2,2026-05-25 08:02:18
4563,citizen_4563,citizen_4563@example.com,Linda Moore,+1-555-824-4836,"735 Smart City Ave, Street 23",West District,CTZ-004563,+1-555-250-1123,Architect,4,B+,0,2025-12-06 08:02:18
4564,citizen_4564,citizen_4564@example.com,Michael Rodriguez,+1-555-146-7983,"643 Smart City Ave, Street 46",Central Zone,CTZ-004564,+1-555-433-4054,Manager,5,AB+,1,2025-10-11 08:02:18
4565,citizen_4565,citizen_4565@example.com,Charles Smith,+1-555-871-8252,"252 Smart City Ave, Street 33",South District,CTZ-004565,+1-555-501-9745,Accountant,3,A-,3,2026-04-08 08:02:18
4566,citizen_4566,citizen_4566@example.com,Susan Anderson,+1-555-974-6757,"728 Smart City Ave, Street 46",Central Zone,CTZ-004566,+1-555-910-8988,Business Owner,2,O-,0,2025-09-23 08:02:18
4567,citizen_4567,citizen_4567@example.com,Elizabeth Smith,+1-555-165-3976,"669 Smart City Ave, Street 3",Central Zone,CTZ-004567,+1-555-505-3221,Doctor,5,AB-,3,2025-09-17 08:02:18
4568,citizen_4568,citizen_4568@example.com,Karen Taylor,+1-555-600-1907,"41 Smart City Ave, Street 47",North District,CTZ-004568,+1-555-272-1892,Doctor,5,A+,0,2025-12-16 08:02:18
4569,citizen_4569,citizen_4569@example.com,Elizabeth Anderson,+1-555-258-3866,"183 Smart City Ave, Street 36",South District,CTZ-004569,+1-555-446-6171,Technician,5,AB-,1,2025-09-27 08:02:18
4570,citizen_4570,citizen_4570@example.com,Mary Moore,+1-555-922-9593,"971 Smart City Ave, Street 47",East District,CTZ-004570,+1-555-867-4233,Technician,5,O+,1,2025-10-08 08:02:18
4571,citizen_4571,citizen_4571@example.com,James Davis,+1-555-183-1518,"457 Smart City Ave, Street 28",North District,CTZ-004571,+1-555-806-1749,Civil Servant,4,B+,2,2025-11-22 08:02:18
4572,citizen_4572,citizen_4572@example.com,Richard Wilson,+1-555-834-5531,"406 Smart City Ave, Street 17",Central Zone,CTZ-004572,+1-555-698-4789,Accountant,2,O-,1,2026-02-19 08:02:18
4573,citizen_4573,citizen_4573@example.com,Karen Jones,+1-555-325-7072,"480 Smart City Ave, Street 28",Central Zone,CTZ-004573,+1-555-858-7358,Manager,2,AB+,1,2026-03-30 08:02:18
4574,citizen_4574,citizen_4574@example.com,Linda Rodriguez,+1-555-863-5234,"222 Smart City Ave, Street 18",Central Zone,CTZ-004574,+1-555-751-3543,Doctor,3,O-,1,2025-12-26 08:02:18
4575,citizen_4575,citizen_4575@example.com,Sarah Jones,+1-555-673-7219,"630 Smart City Ave, Street 26",East District,CTZ-004575,+1-555-979-2145,Business Owner,3,O+,1,2025-09-26 08:02:18
4576,citizen_4576,citizen_4576@example.com,Elizabeth Jackson,+1-555-225-9021,"742 Smart City Ave, Street 10",East District,CTZ-004576,+1-555-618-7718,Doctor,3,O-,2,2026-01-03 08:02:18
4577,citizen_4577,citizen_4577@example.com,Jennifer Wilson,+1-555-741-2076,"491 Smart City Ave, Street 24",North District,CTZ-004577,+1-555-735-2501,Doctor,3,AB+,0,2026-01-29 08:02:18
4578,citizen_4578,citizen_4578@example.com,Barbara Rodriguez,+1-555-503-1694,"181 Smart City Ave, Street 27",Central Zone,CTZ-004578,+1-555-540-7506,Technician,2,AB-,3,2026-05-29 08:02:18
4579,citizen_4579,citizen_4579@example.com,Mary Rodriguez,+1-555-329-7374,"307 Smart City Ave, Street 45",North District,CTZ-004579,+1-555-505-7164,Teacher,2,O-,1,2025-10-10 08:02:18
4580,citizen_4580,citizen_4580@example.com,Richard Lopez,+1-555-219-3674,"162 Smart City Ave, Street 17",East District,CTZ-004580,+1-555-135-8629,Accountant,5,B-,3,2026-03-25 08:02:18
4581,citizen_4581,citizen_4581@example.com,Susan Lopez,+1-555-877-7500,"713 Smart City Ave, Street 50",Central Zone,CTZ-004581,+1-555-537-9754,Manager,1,O-,1,2026-02-12 08:02:18
4582,citizen_4582,citizen_4582@example.com,Mary Wilson,+1-555-647-8251,"239 Smart City Ave, Street 46",Industrial Zone,CTZ-004582,+1-555-636-6397,Manager,6,AB+,1,2026-03-06 08:02:18
4583,citizen_4583,citizen_4583@example.com,John Garcia,+1-555-731-6357,"143 Smart City Ave, Street 22",Central Zone,CTZ-004583,+1-555-504-2512,Architect,2,B-,2,2026-01-25 08:02:18
4584,citizen_4584,citizen_4584@example.com,Thomas Jones,+1-555-370-8468,"457 Smart City Ave, Street 45",South District,CTZ-004584,+1-555-333-4368,Accountant,2,AB+,1,2026-07-13 08:02:18
4585,citizen_4585,citizen_4585@example.com,Barbara Wilson,+1-555-898-4912,"38 Smart City Ave, Street 49",South District,CTZ-004585,+1-555-670-5860,Business Owner,3,AB+,1,2026-02-10 08:02:18
4586,citizen_4586,citizen_4586@example.com,Charles Taylor,+1-555-537-9462,"961 Smart City Ave, Street 23",Industrial Zone,CTZ-004586,+1-555-308-5173,Doctor,2,A-,1,2026-01-11 08:02:18
4587,citizen_4587,citizen_4587@example.com,Sarah Anderson,+1-555-883-2558,"205 Smart City Ave, Street 33",Central Zone,CTZ-004587,+1-555-204-7717,Business Owner,6,B-,0,2026-02-06 08:02:18
4588,citizen_4588,citizen_4588@example.com,Richard Taylor,+1-555-585-2605,"978 Smart City Ave, Street 11",Industrial Zone,CTZ-004588,+1-555-576-8284,Accountant,5,B-,0,2025-11-22 08:02:18
4589,citizen_4589,citizen_4589@example.com,Elizabeth Lopez,+1-555-751-9808,"396 Smart City Ave, Street 9",Central Zone,CTZ-004589,+1-555-219-7280,Manager,5,AB-,1,2025-09-07 08:02:18
4590,citizen_4590,citizen_4590@example.com,Thomas Taylor,+1-555-619-4409,"815 Smart City Ave, Street 17",South District,CTZ-004590,+1-555-647-1749,Student,3,A+,3,2026-05-25 08:02:18
4591,citizen_4591,citizen_4591@example.com,Patricia Rodriguez,+1-555-905-9896,"453 Smart City Ave, Street 25",North District,CTZ-004591,+1-555-231-9501,Accountant,6,O+,1,2026-06-03 08:02:18
4592,citizen_4592,citizen_4592@example.com,James Jones,+1-555-254-1032,"587 Smart City Ave, Street 33",West District,CTZ-004592,+1-555-709-3483,Doctor,6,O+,0,2026-01-02 08:02:18
4593,citizen_4593,citizen_4593@example.com,Richard Miller,+1-555-122-6117,"177 Smart City Ave, Street 2",Industrial Zone,CTZ-004593,+1-555-288-7899,Teacher,6,AB+,3,2025-12-16 08:02:18
4594,citizen_4594,citizen_4594@example.com,Thomas Miller,+1-555-827-2215,"805 Smart City Ave, Street 10",Industrial Zone,CTZ-004594,+1-555-964-8294,Accountant,5,B+,1,2026-01-04 08:02:18
4595,citizen_4595,citizen_4595@example.com,John Garcia,+1-555-241-2817,"40 Smart City Ave, Street 28",East District,CTZ-004595,+1-555-199-8425,Accountant,1,A+,0,2025-10-31 08:02:18
4596,citizen_4596,citizen_4596@example.com,Richard Jackson,+1-555-909-9788,"189 Smart City Ave, Street 33",South District,CTZ-004596,+1-555-632-1095,Doctor,4,AB+,1,2026-04-15 08:02:18
4597,citizen_4597,citizen_4597@example.com,Charles Martinez,+1-555-655-8144,"428 Smart City Ave, Street 34",Central Zone,CTZ-004597,+1-555-934-8764,Architect,6,O-,2,2026-05-31 08:02:18
4598,citizen_4598,citizen_4598@example.com,David Jones,+1-555-776-7968,"765 Smart City Ave, Street 45",South District,CTZ-004598,+1-555-480-5700,Accountant,1,B-,1,2026-04-09 08:02:18
4599,citizen_4599,citizen_4599@example.com,Jessica Brown,+1-555-605-3000,"350 Smart City Ave, Street 30",Central Zone,CTZ-004599,+1-555-913-3321,Engineer,3,A+,2,2026-01-16 08:02:18
4600,citizen_4600,citizen_4600@example.com,Sarah Thomas,+1-555-319-8876,"255 Smart City Ave, Street 16",North District,CTZ-004600,+1-555-824-4349,Architect,6,O-,3,2025-10-14 08:02:18
4601,citizen_4601,citizen_4601@example.com,William Williams,+1-555-251-8378,"83 Smart City Ave, Street 28",East District,CTZ-004601,+1-555-475-6965,Technician,3,A+,0,2026-06-25 08:02:18
4602,citizen_4602,citizen_4602@example.com,Karen Taylor,+1-555-177-2880,"297 Smart City Ave, Street 21",East District,CTZ-004602,+1-555-339-7735,Engineer,1,O+,1,2026-06-27 08:02:18
4603,citizen_4603,citizen_4603@example.com,Jennifer Smith,+1-555-327-1002,"856 Smart City Ave, Street 4",South District,CTZ-004603,+1-555-518-5589,Engineer,6,O+,3,2026-04-09 08:02:18
4604,citizen_4604,citizen_4604@example.com,Karen Brown,+1-555-714-9449,"366 Smart City Ave, Street 9",West District,CTZ-004604,+1-555-430-9937,Student,2,AB-,2,2026-07-26 08:02:18
4605,citizen_4605,citizen_4605@example.com,Richard Jones,+1-555-621-2197,"909 Smart City Ave, Street 37",West District,CTZ-004605,+1-555-208-8171,Technician,4,AB-,1,2026-07-12 08:02:18
4606,citizen_4606,citizen_4606@example.com,Robert Wilson,+1-555-483-1006,"938 Smart City Ave, Street 48",North District,CTZ-004606,+1-555-950-5528,Student,1,AB-,1,2026-04-20 08:02:18
4607,citizen_4607,citizen_4607@example.com,James Miller,+1-555-411-3545,"766 Smart City Ave, Street 16",South District,CTZ-004607,+1-555-667-8061,Technician,2,B-,1,2025-09-10 08:02:18
4608,citizen_4608,citizen_4608@example.com,Karen Hernandez,+1-555-848-3437,"446 Smart City Ave, Street 22",South District,CTZ-004608,+1-555-237-9810,Civil Servant,6,B-,1,2025-09-28 08:02:18
4609,citizen_4609,citizen_4609@example.com,Linda Wilson,+1-555-762-8527,"257 Smart City Ave, Street 14",North District,CTZ-004609,+1-555-319-2855,Civil Servant,1,O+,3,2026-03-22 08:02:18
4610,citizen_4610,citizen_4610@example.com,Richard Brown,+1-555-353-9261,"106 Smart City Ave, Street 17",West District,CTZ-004610,+1-555-812-2911,Student,6,A-,2,2026-07-27 08:02:18
4611,citizen_4611,citizen_4611@example.com,John Taylor,+1-555-676-1895,"428 Smart City Ave, Street 29",South District,CTZ-004611,+1-555-117-7665,Business Owner,2,A+,1,2025-09-07 08:02:18
4612,citizen_4612,citizen_4612@example.com,Robert Thomas,+1-555-516-2905,"823 Smart City Ave, Street 27",East District,CTZ-004612,+1-555-841-1337,Manager,4,B+,1,2026-07-25 08:02:18
4613,citizen_4613,citizen_4613@example.com,Sarah Thomas,+1-555-662-3635,"44 Smart City Ave, Street 39",West District,CTZ-004613,+1-555-571-6440,Engineer,4,B-,1,2025-12-26 08:02:18
4614,citizen_4614,citizen_4614@example.com,Sarah Wilson,+1-555-112-4235,"79 Smart City Ave, Street 2",Industrial Zone,CTZ-004614,+1-555-433-7793,Architect,2,O+,1,2026-07-16 08:02:18
4615,citizen_4615,citizen_4615@example.com,Richard Davis,+1-555-798-4516,"603 Smart City Ave, Street 2",Industrial Zone,CTZ-004615,+1-555-116-5724,Doctor,4,O-,1,2026-08-17 08:02:18
4616,citizen_4616,citizen_4616@example.com,David Jones,+1-555-371-4955,"773 Smart City Ave, Street 49",South District,CTZ-004616,+1-555-872-1009,Accountant,1,O-,3,2026-01-04 08:02:18
4617,citizen_4617,citizen_4617@example.com,Sarah Martin,+1-555-996-4987,"879 Smart City Ave, Street 23",Central Zone,CTZ-004617,+1-555-415-6237,Architect,3,O-,1,2025-10-18 08:02:18
4618,citizen_4618,citizen_4618@example.com,John Moore,+1-555-458-8876,"855 Smart City Ave, Street 19",North District,CTZ-004618,+1-555-987-5827,Civil Servant,3,B+,2,2025-11-15 08:02:18
4619,citizen_4619,citizen_4619@example.com,Richard Smith,+1-555-841-9368,"785 Smart City Ave, Street 38",Central Zone,CTZ-004619,+1-555-281-1098,Technician,5,O+,1,2026-01-21 08:02:18
4620,citizen_4620,citizen_4620@example.com,James Lopez,+1-555-473-6128,"576 Smart City Ave, Street 8",West District,CTZ-004620,+1-555-682-8240,Engineer,6,O-,0,2026-06-06 08:02:18
4621,citizen_4621,citizen_4621@example.com,Joseph Martinez,+1-555-115-4465,"499 Smart City Ave, Street 18",North District,CTZ-004621,+1-555-995-6054,Teacher,2,AB+,2,2026-03-25 08:02:18
4622,citizen_4622,citizen_4622@example.com,Linda Jones,+1-555-461-4240,"951 Smart City Ave, Street 41",West District,CTZ-004622,+1-555-509-5539,Civil Servant,5,A+,1,2025-11-23 08:02:18
4623,citizen_4623,citizen_4623@example.com,Sarah Smith,+1-555-932-4789,"676 Smart City Ave, Street 23",North District,CTZ-004623,+1-555-271-8817,Accountant,4,AB+,0,2025-11-11 08:02:18
4624,citizen_4624,citizen_4624@example.com,Charles Brown,+1-555-531-4627,"293 Smart City Ave, Street 34",Industrial Zone,CTZ-004624,+1-555-411-7595,Technician,4,AB-,2,2025-12-28 08:02:18
4625,citizen_4625,citizen_4625@example.com,David Thomas,+1-555-959-1793,"551 Smart City Ave, Street 21",Central Zone,CTZ-004625,+1-555-937-1463,Engineer,4,A+,0,2025-12-18 08:02:18
4626,citizen_4626,citizen_4626@example.com,Jennifer Martin,+1-555-324-2181,"129 Smart City Ave, Street 4",Central Zone,CTZ-004626,+1-555-107-5320,Engineer,2,A-,2,2025-09-04 08:02:18
4627,citizen_4627,citizen_4627@example.com,Elizabeth Garcia,+1-555-653-4991,"125 Smart City Ave, Street 28",West District,CTZ-004627,+1-555-235-8671,Accountant,3,A+,3,2026-01-06 08:02:18
4628,citizen_4628,citizen_4628@example.com,Robert Jones,+1-555-823-8057,"821 Smart City Ave, Street 44",South District,CTZ-004628,+1-555-251-5551,Accountant,5,O-,1,2026-03-14 08:02:18
4629,citizen_4629,citizen_4629@example.com,Jennifer Lopez,+1-555-297-3077,"908 Smart City Ave, Street 39",West District,CTZ-004629,+1-555-685-8133,Student,4,AB-,3,2025-10-25 08:02:18
4630,citizen_4630,citizen_4630@example.com,Patricia Jones,+1-555-662-6736,"240 Smart City Ave, Street 5",Industrial Zone,CTZ-004630,+1-555-898-1023,Technician,2,AB+,1,2026-05-18 08:02:18
4631,citizen_4631,citizen_4631@example.com,Thomas Thomas,+1-555-690-4106,"116 Smart City Ave, Street 1",South District,CTZ-004631,+1-555-507-7869,Student,2,B-,1,2026-03-25 08:02:18
4632,citizen_4632,citizen_4632@example.com,Barbara Rodriguez,+1-555-693-5222,"833 Smart City Ave, Street 30",West District,CTZ-004632,+1-555-983-1662,Doctor,1,A-,2,2025-12-08 08:02:18
4633,citizen_4633,citizen_4633@example.com,Richard Hernandez,+1-555-395-3834,"254 Smart City Ave, Street 46",North District,CTZ-004633,+1-555-544-4989,Business Owner,5,O+,0,2026-02-05 08:02:18
4634,citizen_4634,citizen_4634@example.com,Barbara Taylor,+1-555-560-7515,"129 Smart City Ave, Street 37",East District,CTZ-004634,+1-555-619-4173,Architect,6,A+,3,2026-03-08 08:02:18
4635,citizen_4635,citizen_4635@example.com,David Hernandez,+1-555-284-1946,"353 Smart City Ave, Street 41",South District,CTZ-004635,+1-555-738-8678,Accountant,3,A+,3,2026-02-05 08:02:18
4636,citizen_4636,citizen_4636@example.com,Mary Jones,+1-555-101-6915,"925 Smart City Ave, Street 22",West District,CTZ-004636,+1-555-388-5484,Civil Servant,1,B+,0,2025-09-20 08:02:18
4637,citizen_4637,citizen_4637@example.com,John Thomas,+1-555-715-6519,"173 Smart City Ave, Street 45",North District,CTZ-004637,+1-555-261-7395,Technician,4,AB-,0,2025-11-01 08:02:18
4638,citizen_4638,citizen_4638@example.com,Sarah Martin,+1-555-802-1033,"454 Smart City Ave, Street 20",Industrial Zone,CTZ-004638,+1-555-873-8013,Engineer,4,O+,3,2026-08-27 08:02:18
4639,citizen_4639,citizen_4639@example.com,Barbara Davis,+1-555-490-1987,"460 Smart City Ave, Street 4",Central Zone,CTZ-004639,+1-555-541-5052,Teacher,5,B+,2,2026-04-28 08:02:18
4640,citizen_4640,citizen_4640@example.com,Elizabeth Smith,+1-555-138-8668,"16 Smart City Ave, Street 5",North District,CTZ-004640,+1-555-112-5902,Teacher,2,AB+,0,2026-06-16 08:02:18
4641,citizen_4641,citizen_4641@example.com,Michael Anderson,+1-555-215-4351,"319 Smart City Ave, Street 10",Central Zone,CTZ-004641,+1-555-415-5045,Engineer,2,AB-,3,2026-05-13 08:02:18
4642,citizen_4642,citizen_4642@example.com,Jessica Thomas,+1-555-400-1558,"758 Smart City Ave, Street 18",Industrial Zone,CTZ-004642,+1-555-925-4656,Engineer,3,A+,2,2026-05-08 08:02:18
4643,citizen_4643,citizen_4643@example.com,Charles Davis,+1-555-105-3560,"244 Smart City Ave, Street 9",Central Zone,CTZ-004643,+1-555-767-2907,Business Owner,6,A-,3,2025-09-07 08:02:18
4644,citizen_4644,citizen_4644@example.com,Mary Rodriguez,+1-555-489-4347,"308 Smart City Ave, Street 11",South District,CTZ-004644,+1-555-152-4158,Technician,6,B-,1,2026-01-12 08:02:18
4645,citizen_4645,citizen_4645@example.com,Michael Jones,+1-555-846-9042,"759 Smart City Ave, Street 21",East District,CTZ-004645,+1-555-858-1342,Engineer,6,O-,0,2025-11-26 08:02:18
4646,citizen_4646,citizen_4646@example.com,Charles Johnson,+1-555-711-2539,"238 Smart City Ave, Street 44",South District,CTZ-004646,+1-555-978-1636,Business Owner,3,A-,1,2026-06-29 08:02:18
4647,citizen_4647,citizen_4647@example.com,Susan Taylor,+1-555-527-5277,"957 Smart City Ave, Street 10",East District,CTZ-004647,+1-555-453-1512,Engineer,2,A-,3,2025-10-18 08:02:18
4648,citizen_4648,citizen_4648@example.com,Elizabeth Jones,+1-555-349-5752,"881 Smart City Ave, Street 26",South District,CTZ-004648,+1-555-315-1816,Accountant,6,B+,1,2025-12-10 08:02:18
4649,citizen_4649,citizen_4649@example.com,Karen Brown,+1-555-674-1242,"436 Smart City Ave, Street 23",West District,CTZ-004649,+1-555-912-2286,Technician,1,B+,0,2026-07-06 08:02:18
4650,citizen_4650,citizen_4650@example.com,Patricia Hernandez,+1-555-754-4526,"640 Smart City Ave, Street 49",East District,CTZ-004650,+1-555-485-8291,Architect,5,O+,1,2026-04-26 08:02:18
4651,citizen_4651,citizen_4651@example.com,Jessica Jones,+1-555-622-1118,"870 Smart City Ave, Street 37",West District,CTZ-004651,+1-555-152-9946,Student,2,AB+,1,2025-09-23 08:02:18
4652,citizen_4652,citizen_4652@example.com,Michael Jackson,+1-555-729-4150,"296 Smart City Ave, Street 2",South District,CTZ-004652,+1-555-759-9074,Technician,5,B+,0,2026-03-28 08:02:18
4653,citizen_4653,citizen_4653@example.com,Robert Davis,+1-555-696-2468,"397 Smart City Ave, Street 44",Industrial Zone,CTZ-004653,+1-555-451-5861,Civil Servant,1,A+,1,2025-12-29 08:02:18
4654,citizen_4654,citizen_4654@example.com,James Smith,+1-555-743-2921,"81 Smart City Ave, Street 15",South District,CTZ-004654,+1-555-307-7034,Engineer,1,O-,1,2025-11-30 08:02:18
4655,citizen_4655,citizen_4655@example.com,Linda Anderson,+1-555-632-3953,"368 Smart City Ave, Street 22",West District,CTZ-004655,+1-555-503-6794,Architect,1,O+,0,2025-11-02 08:02:18
4656,citizen_4656,citizen_4656@example.com,Richard Rodriguez,+1-555-117-7640,"799 Smart City Ave, Street 31",North District,CTZ-004656,+1-555-448-2000,Teacher,5,O-,1,2026-07-20 08:02:18
4657,citizen_4657,citizen_4657@example.com,Jennifer Lopez,+1-555-312-9050,"193 Smart City Ave, Street 39",North District,CTZ-004657,+1-555-504-8829,Engineer,3,AB-,2,2026-04-19 08:02:18
4658,citizen_4658,citizen_4658@example.com,Patricia Gonzalez,+1-555-658-4483,"61 Smart City Ave, Street 9",East District,CTZ-004658,+1-555-958-9175,Teacher,3,O-,3,2026-02-20 08:02:18
4659,citizen_4659,citizen_4659@example.com,Charles Anderson,+1-555-981-7005,"561 Smart City Ave, Street 17",Central Zone,CTZ-004659,+1-555-754-8095,Manager,1,O-,0,2026-08-13 08:02:18
4660,citizen_4660,citizen_4660@example.com,Jessica Taylor,+1-555-224-7710,"970 Smart City Ave, Street 6",South District,CTZ-004660,+1-555-945-9752,Technician,1,B+,2,2026-06-28 08:02:18
4661,citizen_4661,citizen_4661@example.com,Karen Taylor,+1-555-108-2125,"466 Smart City Ave, Street 47",Industrial Zone,CTZ-004661,+1-555-695-2777,Doctor,3,B+,1,2026-08-01 08:02:18
4662,citizen_4662,citizen_4662@example.com,Mary Davis,+1-555-569-5586,"493 Smart City Ave, Street 36",South District,CTZ-004662,+1-555-584-1763,Teacher,5,A+,1,2026-06-26 08:02:18
4663,citizen_4663,citizen_4663@example.com,Barbara Wilson,+1-555-724-5201,"984 Smart City Ave, Street 40",Central Zone,CTZ-004663,+1-555-287-5964,Manager,5,A+,2,2025-10-22 08:02:18
4664,citizen_4664,citizen_4664@example.com,John Taylor,+1-555-158-6694,"454 Smart City Ave, Street 19",North District,CTZ-004664,+1-555-790-6077,Civil Servant,2,B-,2,2026-08-21 08:02:18
4665,citizen_4665,citizen_4665@example.com,Jessica Rodriguez,+1-555-671-8586,"534 Smart City Ave, Street 30",East District,CTZ-004665,+1-555-998-7531,Teacher,2,A+,3,2025-10-05 08:02:18
4666,citizen_4666,citizen_4666@example.com,Joseph Martinez,+1-555-533-2295,"411 Smart City Ave, Street 38",North District,CTZ-004666,+1-555-255-7527,Technician,6,B+,2,2026-03-01 08:02:18
4667,citizen_4667,citizen_4667@example.com,James Wilson,+1-555-117-6092,"94 Smart City Ave, Street 31",Central Zone,CTZ-004667,+1-555-905-4020,Teacher,2,A+,2,2025-11-09 08:02:18
4668,citizen_4668,citizen_4668@example.com,Elizabeth Thomas,+1-555-680-7853,"135 Smart City Ave, Street 45",South District,CTZ-004668,+1-555-971-8402,Doctor,2,A+,1,2026-02-23 08:02:18
4669,citizen_4669,citizen_4669@example.com,Robert Smith,+1-555-301-1353,"512 Smart City Ave, Street 17",North District,CTZ-004669,+1-555-715-9542,Doctor,6,AB+,1,2025-12-06 08:02:18
4670,citizen_4670,citizen_4670@example.com,Robert Martin,+1-555-491-6361,"387 Smart City Ave, Street 20",Central Zone,CTZ-004670,+1-555-118-2172,Teacher,6,AB-,1,2026-07-11 08:02:18
4671,citizen_4671,citizen_4671@example.com,Michael Thomas,+1-555-283-2856,"525 Smart City Ave, Street 46",South District,CTZ-004671,+1-555-553-6084,Doctor,6,B-,2,2026-07-22 08:02:18
4672,citizen_4672,citizen_4672@example.com,Joseph Wilson,+1-555-374-4730,"498 Smart City Ave, Street 7",South District,CTZ-004672,+1-555-606-3004,Technician,2,B+,1,2025-11-04 08:02:18
4673,citizen_4673,citizen_4673@example.com,David Davis,+1-555-647-5893,"900 Smart City Ave, Street 13",Central Zone,CTZ-004673,+1-555-830-2468,Architect,3,O+,1,2026-04-28 08:02:18
4674,citizen_4674,citizen_4674@example.com,David Martinez,+1-555-226-8527,"665 Smart City Ave, Street 33",East District,CTZ-004674,+1-555-687-6919,Technician,6,AB+,1,2026-03-08 08:02:18
4675,citizen_4675,citizen_4675@example.com,Jessica Thomas,+1-555-533-9817,"67 Smart City Ave, Street 43",Industrial Zone,CTZ-004675,+1-555-337-6612,Business Owner,5,B-,2,2025-12-14 08:02:18
4676,citizen_4676,citizen_4676@example.com,Mary Hernandez,+1-555-713-3766,"374 Smart City Ave, Street 9",South District,CTZ-004676,+1-555-908-6638,Accountant,5,A-,3,2026-01-19 08:02:18
4677,citizen_4677,citizen_4677@example.com,Thomas Smith,+1-555-804-5955,"51 Smart City Ave, Street 26",Industrial Zone,CTZ-004677,+1-555-678-5051,Accountant,6,O+,0,2026-04-09 08:02:18
4678,citizen_4678,citizen_4678@example.com,Charles Jones,+1-555-635-6106,"990 Smart City Ave, Street 28",South District,CTZ-004678,+1-555-613-6112,Manager,5,A+,3,2025-09-17 08:02:18
4679,citizen_4679,citizen_4679@example.com,Thomas Johnson,+1-555-520-1988,"751 Smart City Ave, Street 12",East District,CTZ-004679,+1-555-235-8575,Engineer,4,AB-,1,2025-12-29 08:02:18
4680,citizen_4680,citizen_4680@example.com,Patricia Lopez,+1-555-554-4236,"395 Smart City Ave, Street 18",North District,CTZ-004680,+1-555-104-7459,Doctor,2,O-,1,2025-12-26 08:02:18
4681,citizen_4681,citizen_4681@example.com,Thomas Gonzalez,+1-555-719-5585,"733 Smart City Ave, Street 46",Central Zone,CTZ-004681,+1-555-615-6582,Civil Servant,6,AB-,1,2026-05-21 08:02:18
4682,citizen_4682,citizen_4682@example.com,Thomas Wilson,+1-555-584-3288,"877 Smart City Ave, Street 21",West District,CTZ-004682,+1-555-201-2031,Technician,4,B+,2,2025-09-26 08:02:18
4683,citizen_4683,citizen_4683@example.com,Mary Gonzalez,+1-555-956-4216,"403 Smart City Ave, Street 9",South District,CTZ-004683,+1-555-684-7382,Accountant,1,A+,1,2026-01-02 08:02:18
4684,citizen_4684,citizen_4684@example.com,Sarah Gonzalez,+1-555-653-6720,"24 Smart City Ave, Street 44",East District,CTZ-004684,+1-555-529-3282,Accountant,2,A+,0,2026-05-15 08:02:18
4685,citizen_4685,citizen_4685@example.com,Jennifer Jones,+1-555-170-9117,"584 Smart City Ave, Street 26",Industrial Zone,CTZ-004685,+1-555-283-5014,Doctor,1,O-,1,2026-06-01 08:02:18
4686,citizen_4686,citizen_4686@example.com,Susan Taylor,+1-555-223-3591,"700 Smart City Ave, Street 27",North District,CTZ-004686,+1-555-362-5324,Technician,3,O-,1,2026-03-21 08:02:18
4687,citizen_4687,citizen_4687@example.com,Michael Hernandez,+1-555-914-9009,"811 Smart City Ave, Street 48",Industrial Zone,CTZ-004687,+1-555-185-4882,Business Owner,5,AB+,0,2026-03-07 08:02:18
4688,citizen_4688,citizen_4688@example.com,David Jackson,+1-555-605-7771,"85 Smart City Ave, Street 31",East District,CTZ-004688,+1-555-305-9100,Business Owner,5,B-,3,2026-05-04 08:02:18
4689,citizen_4689,citizen_4689@example.com,Susan Wilson,+1-555-360-2386,"174 Smart City Ave, Street 24",North District,CTZ-004689,+1-555-841-4147,Doctor,3,B+,1,2026-06-12 08:02:18
4690,citizen_4690,citizen_4690@example.com,Joseph Taylor,+1-555-836-1441,"514 Smart City Ave, Street 15",Central Zone,CTZ-004690,+1-555-974-3099,Accountant,4,B-,0,2025-11-03 08:02:18
4691,citizen_4691,citizen_4691@example.com,Sarah Davis,+1-555-116-9024,"117 Smart City Ave, Street 5",West District,CTZ-004691,+1-555-393-3080,Manager,4,B+,1,2025-12-26 08:02:18
4692,citizen_4692,citizen_4692@example.com,James Moore,+1-555-408-7614,"131 Smart City Ave, Street 17",South District,CTZ-004692,+1-555-382-2976,Student,2,B-,2,2026-01-31 08:02:18
4693,citizen_4693,citizen_4693@example.com,Joseph Martin,+1-555-318-4826,"791 Smart City Ave, Street 40",North District,CTZ-004693,+1-555-689-9357,Accountant,5,B-,1,2025-12-20 08:02:18
4694,citizen_4694,citizen_4694@example.com,James Williams,+1-555-569-8577,"583 Smart City Ave, Street 17",South District,CTZ-004694,+1-555-468-6154,Architect,5,A+,2,2025-12-26 08:02:18
4695,citizen_4695,citizen_4695@example.com,James Brown,+1-555-689-2000,"910 Smart City Ave, Street 13",North District,CTZ-004695,+1-555-693-5776,Business Owner,5,A+,2,2026-07-17 08:02:18
4696,citizen_4696,citizen_4696@example.com,Sarah Martinez,+1-555-552-7420,"235 Smart City Ave, Street 34",South District,CTZ-004696,+1-555-464-1147,Technician,3,A-,2,2026-06-18 08:02:18
4697,citizen_4697,citizen_4697@example.com,Robert Williams,+1-555-695-2668,"924 Smart City Ave, Street 6",South District,CTZ-004697,+1-555-883-3598,Student,4,O+,0,2026-07-13 08:02:18
4698,citizen_4698,citizen_4698@example.com,Jessica Miller,+1-555-768-8273,"784 Smart City Ave, Street 4",Industrial Zone,CTZ-004698,+1-555-744-9807,Architect,4,B-,0,2026-04-24 08:02:18
4699,citizen_4699,citizen_4699@example.com,Thomas Hernandez,+1-555-360-7269,"927 Smart City Ave, Street 32",North District,CTZ-004699,+1-555-811-2489,Accountant,4,O-,2,2026-05-05 08:02:18
4700,citizen_4700,citizen_4700@example.com,Jessica Smith,+1-555-588-7107,"542 Smart City Ave, Street 25",South District,CTZ-004700,+1-555-801-5362,Doctor,3,B+,1,2026-06-23 08:02:18
4701,citizen_4701,citizen_4701@example.com,John Smith,+1-555-613-6803,"84 Smart City Ave, Street 10",Central Zone,CTZ-004701,+1-555-750-6979,Architect,2,B-,2,2025-11-04 08:02:18
4702,citizen_4702,citizen_4702@example.com,Jessica Davis,+1-555-799-4183,"805 Smart City Ave, Street 8",South District,CTZ-004702,+1-555-682-6581,Technician,4,O+,0,2026-08-03 08:02:18
4703,citizen_4703,citizen_4703@example.com,Richard Lopez,+1-555-951-9133,"86 Smart City Ave, Street 13",South District,CTZ-004703,+1-555-455-2291,Student,5,B+,3,2025-12-20 08:02:18
4704,citizen_4704,citizen_4704@example.com,Richard Brown,+1-555-602-8093,"252 Smart City Ave, Street 22",East District,CTZ-004704,+1-555-786-3932,Civil Servant,6,B+,3,2026-04-24 08:02:18
4705,citizen_4705,citizen_4705@example.com,Susan Brown,+1-555-235-3154,"262 Smart City Ave, Street 23",North District,CTZ-004705,+1-555-829-1091,Student,3,AB+,1,2026-05-29 08:02:18
4706,citizen_4706,citizen_4706@example.com,Mary Thomas,+1-555-227-1617,"432 Smart City Ave, Street 17",Industrial Zone,CTZ-004706,+1-555-394-5411,Engineer,5,O+,0,2026-05-25 08:02:18
4707,citizen_4707,citizen_4707@example.com,John Davis,+1-555-152-3510,"371 Smart City Ave, Street 32",West District,CTZ-004707,+1-555-768-2682,Doctor,1,AB+,2,2026-01-26 08:02:18
4708,citizen_4708,citizen_4708@example.com,John Gonzalez,+1-555-301-5234,"45 Smart City Ave, Street 36",Central Zone,CTZ-004708,+1-555-631-8427,Doctor,3,O-,1,2026-07-23 08:02:18
4709,citizen_4709,citizen_4709@example.com,Richard Moore,+1-555-222-1504,"213 Smart City Ave, Street 22",Industrial Zone,CTZ-004709,+1-555-646-1496,Accountant,4,AB+,2,2026-08-07 08:02:18
4710,citizen_4710,citizen_4710@example.com,Jessica Martin,+1-555-909-3055,"283 Smart City Ave, Street 22",Central Zone,CTZ-004710,+1-555-148-1799,Manager,1,AB+,0,2026-03-22 08:02:18
4711,citizen_4711,citizen_4711@example.com,James Williams,+1-555-685-8617,"717 Smart City Ave, Street 15",West District,CTZ-004711,+1-555-327-7115,Civil Servant,4,AB-,3,2026-08-06 08:02:18
4712,citizen_4712,citizen_4712@example.com,Susan Thomas,+1-555-182-9675,"760 Smart City Ave, Street 32",South District,CTZ-004712,+1-555-599-2331,Engineer,1,AB+,1,2025-09-18 08:02:18
4713,citizen_4713,citizen_4713@example.com,John Martin,+1-555-919-5141,"580 Smart City Ave, Street 44",West District,CTZ-004713,+1-555-607-7931,Civil Servant,5,B+,1,2025-11-30 08:02:18
4714,citizen_4714,citizen_4714@example.com,David Smith,+1-555-772-3848,"395 Smart City Ave, Street 50",Industrial Zone,CTZ-004714,+1-555-235-7802,Business Owner,3,AB+,0,2026-08-14 08:02:18
4715,citizen_4715,citizen_4715@example.com,David Wilson,+1-555-148-7104,"715 Smart City Ave, Street 22",West District,CTZ-004715,+1-555-389-7402,Architect,3,AB-,2,2025-12-06 08:02:18
4716,citizen_4716,citizen_4716@example.com,Charles Taylor,+1-555-399-7999,"563 Smart City Ave, Street 18",South District,CTZ-004716,+1-555-582-6524,Technician,2,A-,1,2025-10-19 08:02:18
4717,citizen_4717,citizen_4717@example.com,Jennifer Johnson,+1-555-325-1451,"309 Smart City Ave, Street 17",Industrial Zone,CTZ-004717,+1-555-303-4348,Teacher,1,A-,0,2026-05-20 08:02:18
4718,citizen_4718,citizen_4718@example.com,Michael Thomas,+1-555-782-2885,"775 Smart City Ave, Street 33",North District,CTZ-004718,+1-555-531-3007,Business Owner,6,B-,1,2026-06-22 08:02:18
4719,citizen_4719,citizen_4719@example.com,James Lopez,+1-555-677-8220,"846 Smart City Ave, Street 47",West District,CTZ-004719,+1-555-231-3278,Civil Servant,5,A+,3,2025-11-08 08:02:18
4720,citizen_4720,citizen_4720@example.com,David Hernandez,+1-555-788-3559,"516 Smart City Ave, Street 8",South District,CTZ-004720,+1-555-868-7667,Accountant,3,O-,0,2026-07-26 08:02:18
4721,citizen_4721,citizen_4721@example.com,Thomas Brown,+1-555-797-3392,"846 Smart City Ave, Street 31",Industrial Zone,CTZ-004721,+1-555-437-3508,Engineer,6,B+,0,2025-09-27 08:02:18
4722,citizen_4722,citizen_4722@example.com,Jessica Moore,+1-555-735-8561,"837 Smart City Ave, Street 20",West District,CTZ-004722,+1-555-237-3154,Business Owner,4,AB-,2,2026-02-02 08:02:18
4723,citizen_4723,citizen_4723@example.com,Robert Taylor,+1-555-274-2457,"158 Smart City Ave, Street 20",East District,CTZ-004723,+1-555-272-3849,Doctor,1,B+,1,2026-05-18 08:02:18
4724,citizen_4724,citizen_4724@example.com,Elizabeth Hernandez,+1-555-729-8702,"718 Smart City Ave, Street 32",North District,CTZ-004724,+1-555-723-7349,Teacher,1,B-,3,2026-03-04 08:02:18
4725,citizen_4725,citizen_4725@example.com,Richard Martinez,+1-555-916-1684,"664 Smart City Ave, Street 23",East District,CTZ-004725,+1-555-541-1561,Architect,4,AB+,3,2025-12-17 08:02:18
4726,citizen_4726,citizen_4726@example.com,Susan Gonzalez,+1-555-231-6263,"329 Smart City Ave, Street 15",Central Zone,CTZ-004726,+1-555-616-7019,Technician,5,A+,1,2026-08-01 08:02:18
4727,citizen_4727,citizen_4727@example.com,Mary Garcia,+1-555-403-9003,"140 Smart City Ave, Street 36",Central Zone,CTZ-004727,+1-555-272-5201,Teacher,2,A-,1,2026-01-24 08:02:18
4728,citizen_4728,citizen_4728@example.com,Robert Thomas,+1-555-575-4505,"480 Smart City Ave, Street 16",North District,CTZ-004728,+1-555-792-2104,Engineer,1,B-,2,2026-05-29 08:02:18
4729,citizen_4729,citizen_4729@example.com,Michael Moore,+1-555-209-6873,"580 Smart City Ave, Street 45",Industrial Zone,CTZ-004729,+1-555-830-7663,Doctor,2,B-,1,2026-01-19 08:02:18
4730,citizen_4730,citizen_4730@example.com,Elizabeth Williams,+1-555-220-8372,"406 Smart City Ave, Street 42",North District,CTZ-004730,+1-555-439-4411,Accountant,3,O-,0,2026-08-20 08:02:18
4731,citizen_4731,citizen_4731@example.com,Thomas Williams,+1-555-107-8994,"844 Smart City Ave, Street 31",Industrial Zone,CTZ-004731,+1-555-491-2802,Civil Servant,4,O+,2,2025-09-15 08:02:18
4732,citizen_4732,citizen_4732@example.com,Patricia Martinez,+1-555-482-1724,"475 Smart City Ave, Street 20",West District,CTZ-004732,+1-555-423-4338,Teacher,1,A+,3,2025-09-14 08:02:18
4733,citizen_4733,citizen_4733@example.com,Richard Thomas,+1-555-522-1441,"450 Smart City Ave, Street 33",South District,CTZ-004733,+1-555-187-6190,Technician,1,B-,2,2025-09-29 08:02:18
4734,citizen_4734,citizen_4734@example.com,Joseph Hernandez,+1-555-400-5147,"849 Smart City Ave, Street 28",West District,CTZ-004734,+1-555-653-9838,Student,3,B+,0,2025-12-27 08:02:18
4735,citizen_4735,citizen_4735@example.com,Robert Garcia,+1-555-481-3267,"103 Smart City Ave, Street 42",East District,CTZ-004735,+1-555-739-2217,Technician,6,O-,1,2025-10-28 08:02:18
4736,citizen_4736,citizen_4736@example.com,Richard Jones,+1-555-708-5252,"67 Smart City Ave, Street 31",North District,CTZ-004736,+1-555-843-7071,Teacher,6,AB+,3,2026-06-15 08:02:18
4737,citizen_4737,citizen_4737@example.com,David Gonzalez,+1-555-599-3032,"206 Smart City Ave, Street 16",Central Zone,CTZ-004737,+1-555-588-4608,Student,6,B+,2,2025-12-17 08:02:18
4738,citizen_4738,citizen_4738@example.com,Jessica Gonzalez,+1-555-224-3657,"256 Smart City Ave, Street 46",South District,CTZ-004738,+1-555-298-8126,Technician,2,O+,0,2025-12-16 08:02:18
4739,citizen_4739,citizen_4739@example.com,David Thomas,+1-555-239-8573,"38 Smart City Ave, Street 33",North District,CTZ-004739,+1-555-728-1832,Doctor,3,O+,1,2025-11-05 08:02:18
4740,citizen_4740,citizen_4740@example.com,Charles Lopez,+1-555-176-2417,"225 Smart City Ave, Street 34",Central Zone,CTZ-004740,+1-555-239-5770,Technician,3,AB-,2,2026-03-03 08:02:18
4741,citizen_4741,citizen_4741@example.com,Sarah Hernandez,+1-555-523-9804,"939 Smart City Ave, Street 21",Central Zone,CTZ-004741,+1-555-102-1918,Teacher,6,A-,2,2026-02-16 08:02:18
4742,citizen_4742,citizen_4742@example.com,Linda Jackson,+1-555-656-7251,"414 Smart City Ave, Street 5",Industrial Zone,CTZ-004742,+1-555-576-2472,Engineer,6,A+,3,2025-10-17 08:02:18
4743,citizen_4743,citizen_4743@example.com,Susan Brown,+1-555-683-8215,"264 Smart City Ave, Street 24",North District,CTZ-004743,+1-555-397-1065,Architect,3,A+,0,2026-04-02 08:02:18
4744,citizen_4744,citizen_4744@example.com,Joseph Williams,+1-555-972-9504,"357 Smart City Ave, Street 36",West District,CTZ-004744,+1-555-383-6429,Student,4,O-,3,2026-02-09 08:02:18
4745,citizen_4745,citizen_4745@example.com,Jessica Jones,+1-555-332-3751,"86 Smart City Ave, Street 38",Central Zone,CTZ-004745,+1-555-977-5033,Accountant,1,B-,1,2026-05-08 08:02:18
4746,citizen_4746,citizen_4746@example.com,Elizabeth Smith,+1-555-513-8217,"413 Smart City Ave, Street 3",Industrial Zone,CTZ-004746,+1-555-762-6747,Architect,1,B-,1,2026-06-16 08:02:18
4747,citizen_4747,citizen_4747@example.com,Richard Thomas,+1-555-161-3684,"406 Smart City Ave, Street 29",Industrial Zone,CTZ-004747,+1-555-764-9923,Business Owner,2,A+,1,2025-12-02 08:02:18
4748,citizen_4748,citizen_4748@example.com,Patricia Garcia,+1-555-706-2744,"84 Smart City Ave, Street 36",South District,CTZ-004748,+1-555-486-2413,Civil Servant,6,O+,3,2026-08-18 08:02:18
4749,citizen_4749,citizen_4749@example.com,Jennifer Taylor,+1-555-811-4710,"747 Smart City Ave, Street 3",Central Zone,CTZ-004749,+1-555-546-7203,Engineer,6,B+,3,2026-04-24 08:02:18
4750,citizen_4750,citizen_4750@example.com,Sarah Jackson,+1-555-903-6130,"111 Smart City Ave, Street 6",East District,CTZ-004750,+1-555-900-2696,Manager,5,A-,2,2026-05-04 08:02:18
4751,citizen_4751,citizen_4751@example.com,James Hernandez,+1-555-579-2763,"638 Smart City Ave, Street 27",Industrial Zone,CTZ-004751,+1-555-231-3476,Student,4,A+,0,2026-03-20 08:02:18
4752,citizen_4752,citizen_4752@example.com,Susan Moore,+1-555-193-3305,"817 Smart City Ave, Street 38",East District,CTZ-004752,+1-555-712-1990,Student,6,A-,2,2026-05-02 08:02:18
4753,citizen_4753,citizen_4753@example.com,Karen Gonzalez,+1-555-398-7736,"199 Smart City Ave, Street 41",North District,CTZ-004753,+1-555-183-7853,Teacher,5,B+,2,2025-10-07 08:02:18
4754,citizen_4754,citizen_4754@example.com,Susan Moore,+1-555-818-2246,"78 Smart City Ave, Street 46",North District,CTZ-004754,+1-555-197-8166,Engineer,6,O+,1,2025-09-19 08:02:18
4755,citizen_4755,citizen_4755@example.com,Jennifer Gonzalez,+1-555-177-6529,"825 Smart City Ave, Street 18",Central Zone,CTZ-004755,+1-555-891-5011,Technician,3,O+,3,2026-03-29 08:02:18
4756,citizen_4756,citizen_4756@example.com,David Wilson,+1-555-964-2955,"882 Smart City Ave, Street 49",Industrial Zone,CTZ-004756,+1-555-899-8642,Technician,3,A+,1,2026-06-08 08:02:18
4757,citizen_4757,citizen_4757@example.com,Jennifer Martin,+1-555-898-3626,"119 Smart City Ave, Street 26",East District,CTZ-004757,+1-555-712-3336,Business Owner,1,A-,1,2025-11-14 08:02:18
4758,citizen_4758,citizen_4758@example.com,Jessica Brown,+1-555-830-2254,"434 Smart City Ave, Street 3",North District,CTZ-004758,+1-555-503-1633,Doctor,4,AB+,3,2026-07-01 08:02:18
4759,citizen_4759,citizen_4759@example.com,James Davis,+1-555-362-9466,"27 Smart City Ave, Street 32",North District,CTZ-004759,+1-555-731-6793,Doctor,5,A-,1,2026-05-30 08:02:18
4760,citizen_4760,citizen_4760@example.com,Jennifer Garcia,+1-555-168-6880,"234 Smart City Ave, Street 24",South District,CTZ-004760,+1-555-969-3581,Architect,1,O-,3,2026-05-10 08:02:18
4761,citizen_4761,citizen_4761@example.com,James Smith,+1-555-916-5036,"495 Smart City Ave, Street 6",South District,CTZ-004761,+1-555-420-4833,Student,3,B-,0,2026-07-09 08:02:18
4762,citizen_4762,citizen_4762@example.com,Robert Moore,+1-555-988-9765,"246 Smart City Ave, Street 34",North District,CTZ-004762,+1-555-871-1389,Engineer,1,B+,2,2025-09-26 08:02:18
4763,citizen_4763,citizen_4763@example.com,James Garcia,+1-555-412-9417,"617 Smart City Ave, Street 42",South District,CTZ-004763,+1-555-367-6599,Doctor,3,B+,3,2025-10-24 08:02:18
4764,citizen_4764,citizen_4764@example.com,Jessica Garcia,+1-555-738-5837,"49 Smart City Ave, Street 49",Central Zone,CTZ-004764,+1-555-708-3686,Doctor,2,B+,3,2026-03-07 08:02:18
4765,citizen_4765,citizen_4765@example.com,James Wilson,+1-555-816-5975,"691 Smart City Ave, Street 9",West District,CTZ-004765,+1-555-694-2360,Business Owner,4,O+,3,2025-12-20 08:02:18
4766,citizen_4766,citizen_4766@example.com,Susan Jackson,+1-555-107-1787,"841 Smart City Ave, Street 39",Central Zone,CTZ-004766,+1-555-518-5200,Architect,5,B-,0,2026-01-18 08:02:18
4767,citizen_4767,citizen_4767@example.com,Mary Davis,+1-555-805-1126,"817 Smart City Ave, Street 46",West District,CTZ-004767,+1-555-531-9551,Doctor,5,AB+,1,2026-03-09 08:02:18
4768,citizen_4768,citizen_4768@example.com,Jennifer Gonzalez,+1-555-474-9212,"573 Smart City Ave, Street 24",East District,CTZ-004768,+1-555-631-8643,Technician,1,A+,2,2026-03-10 08:02:18
4769,citizen_4769,citizen_4769@example.com,David Martin,+1-555-979-7082,"721 Smart City Ave, Street 18",East District,CTZ-004769,+1-555-833-2705,Engineer,3,O-,0,2026-08-22 08:02:18
4770,citizen_4770,citizen_4770@example.com,Elizabeth Gonzalez,+1-555-852-8314,"34 Smart City Ave, Street 12",East District,CTZ-004770,+1-555-807-7301,Student,3,B-,3,2025-11-03 08:02:18
4771,citizen_4771,citizen_4771@example.com,Susan Gonzalez,+1-555-555-4873,"267 Smart City Ave, Street 25",North District,CTZ-004771,+1-555-131-3321,Civil Servant,5,B-,2,2026-01-10 08:02:18
4772,citizen_4772,citizen_4772@example.com,Patricia Davis,+1-555-237-5667,"33 Smart City Ave, Street 29",East District,CTZ-004772,+1-555-429-6435,Teacher,5,AB-,0,2026-07-09 08:02:18
4773,citizen_4773,citizen_4773@example.com,Barbara Gonzalez,+1-555-645-7661,"399 Smart City Ave, Street 5",Central Zone,CTZ-004773,+1-555-512-3844,Civil Servant,5,A+,2,2025-10-05 08:02:18
4774,citizen_4774,citizen_4774@example.com,Patricia Johnson,+1-555-857-7124,"457 Smart City Ave, Street 2",North District,CTZ-004774,+1-555-490-9605,Student,6,B-,2,2026-08-09 08:02:18
4775,citizen_4775,citizen_4775@example.com,Barbara Davis,+1-555-934-1929,"446 Smart City Ave, Street 42",East District,CTZ-004775,+1-555-176-8334,Teacher,3,B-,1,2026-06-29 08:02:18
4776,citizen_4776,citizen_4776@example.com,Richard Lopez,+1-555-114-4488,"113 Smart City Ave, Street 6",West District,CTZ-004776,+1-555-915-5761,Technician,1,B-,2,2025-12-02 08:02:18
4777,citizen_4777,citizen_4777@example.com,Jennifer Brown,+1-555-581-6333,"38 Smart City Ave, Street 32",North District,CTZ-004777,+1-555-871-1883,Architect,4,A-,0,2026-05-25 08:02:18
4778,citizen_4778,citizen_4778@example.com,Richard Davis,+1-555-532-2610,"758 Smart City Ave, Street 39",Central Zone,CTZ-004778,+1-555-180-8557,Business Owner,4,AB+,3,2026-06-26 08:02:18
4779,citizen_4779,citizen_4779@example.com,Charles Smith,+1-555-342-1736,"858 Smart City Ave, Street 20",Central Zone,CTZ-004779,+1-555-315-7425,Accountant,4,B+,3,2026-01-23 08:02:18
4780,citizen_4780,citizen_4780@example.com,Richard Garcia,+1-555-401-5564,"506 Smart City Ave, Street 46",West District,CTZ-004780,+1-555-849-4154,Doctor,1,AB+,3,2026-01-23 08:02:18
4781,citizen_4781,citizen_4781@example.com,David Brown,+1-555-845-4174,"621 Smart City Ave, Street 11",Industrial Zone,CTZ-004781,+1-555-439-9932,Doctor,3,AB+,1,2026-05-25 08:02:18
4782,citizen_4782,citizen_4782@example.com,James Miller,+1-555-902-2005,"981 Smart City Ave, Street 8",Central Zone,CTZ-004782,+1-555-961-1154,Teacher,5,A+,1,2026-04-26 08:02:18
4783,citizen_4783,citizen_4783@example.com,Thomas Gonzalez,+1-555-993-5370,"736 Smart City Ave, Street 21",West District,CTZ-004783,+1-555-713-5731,Teacher,1,B-,1,2026-01-22 08:02:18
4784,citizen_4784,citizen_4784@example.com,David Anderson,+1-555-172-9716,"828 Smart City Ave, Street 6",North District,CTZ-004784,+1-555-379-9190,Accountant,2,A-,2,2026-05-31 08:02:18
4785,citizen_4785,citizen_4785@example.com,James Thomas,+1-555-632-2187,"475 Smart City Ave, Street 28",Central Zone,CTZ-004785,+1-555-736-7570,Business Owner,2,B+,3,2025-09-22 08:02:18
4786,citizen_4786,citizen_4786@example.com,Mary Smith,+1-555-367-9405,"347 Smart City Ave, Street 25",Central Zone,CTZ-004786,+1-555-691-1908,Student,3,B-,2,2025-12-31 08:02:18
4787,citizen_4787,citizen_4787@example.com,William Taylor,+1-555-432-8322,"205 Smart City Ave, Street 9",East District,CTZ-004787,+1-555-924-1538,Manager,6,AB+,1,2025-09-26 08:02:18
4788,citizen_4788,citizen_4788@example.com,Mary Hernandez,+1-555-411-7231,"487 Smart City Ave, Street 42",East District,CTZ-004788,+1-555-707-2108,Doctor,4,AB+,2,2026-06-03 08:02:18
4789,citizen_4789,citizen_4789@example.com,Barbara Martinez,+1-555-316-2005,"264 Smart City Ave, Street 31",Industrial Zone,CTZ-004789,+1-555-132-5028,Civil Servant,6,B-,0,2026-08-07 08:02:18
4790,citizen_4790,citizen_4790@example.com,Patricia Hernandez,+1-555-804-3884,"42 Smart City Ave, Street 19",West District,CTZ-004790,+1-555-155-9025,Architect,6,O-,0,2026-01-04 08:02:18
4791,citizen_4791,citizen_4791@example.com,Jennifer Jones,+1-555-512-9068,"235 Smart City Ave, Street 20",Central Zone,CTZ-004791,+1-555-914-4636,Teacher,4,A+,2,2026-04-20 08:02:18
4792,citizen_4792,citizen_4792@example.com,Sarah Garcia,+1-555-306-6566,"174 Smart City Ave, Street 4",Industrial Zone,CTZ-004792,+1-555-825-3508,Business Owner,2,AB+,1,2026-01-15 08:02:18
4793,citizen_4793,citizen_4793@example.com,Jessica Johnson,+1-555-492-3740,"356 Smart City Ave, Street 38",North District,CTZ-004793,+1-555-759-3117,Student,3,O+,1,2026-08-19 08:02:18
4794,citizen_4794,citizen_4794@example.com,Linda Anderson,+1-555-954-9810,"277 Smart City Ave, Street 42",West District,CTZ-004794,+1-555-503-8577,Business Owner,2,B-,1,2026-08-17 08:02:18
4795,citizen_4795,citizen_4795@example.com,Jennifer Rodriguez,+1-555-504-5790,"771 Smart City Ave, Street 22",North District,CTZ-004795,+1-555-995-3001,Civil Servant,2,AB-,1,2025-09-06 08:02:18
4796,citizen_4796,citizen_4796@example.com,John Miller,+1-555-432-3624,"882 Smart City Ave, Street 2",West District,CTZ-004796,+1-555-238-6336,Manager,2,A+,0,2026-03-24 08:02:18
4797,citizen_4797,citizen_4797@example.com,Mary Martinez,+1-555-243-2536,"767 Smart City Ave, Street 16",South District,CTZ-004797,+1-555-331-5111,Teacher,1,A-,0,2026-04-29 08:02:18
4798,citizen_4798,citizen_4798@example.com,Michael Wilson,+1-555-442-4903,"775 Smart City Ave, Street 22",North District,CTZ-004798,+1-555-251-8214,Manager,5,O+,1,2026-06-29 08:02:18
4799,citizen_4799,citizen_4799@example.com,William Jones,+1-555-108-2233,"688 Smart City Ave, Street 11",Central Zone,CTZ-004799,+1-555-584-2629,Technician,4,O-,3,2026-04-19 08:02:18
4800,citizen_4800,citizen_4800@example.com,William Williams,+1-555-252-8755,"190 Smart City Ave, Street 47",Industrial Zone,CTZ-004800,+1-555-165-4254,Accountant,5,AB+,0,2025-11-04 08:02:18
4801,citizen_4801,citizen_4801@example.com,John Wilson,+1-555-524-6120,"308 Smart City Ave, Street 48",West District,CTZ-004801,+1-555-583-3252,Architect,2,A-,3,2026-07-03 08:02:18
4802,citizen_4802,citizen_4802@example.com,Susan Moore,+1-555-619-2091,"466 Smart City Ave, Street 39",Industrial Zone,CTZ-004802,+1-555-860-9549,Business Owner,2,AB+,1,2025-10-30 08:02:18
4803,citizen_4803,citizen_4803@example.com,Thomas Smith,+1-555-271-8072,"844 Smart City Ave, Street 21",East District,CTZ-004803,+1-555-981-6617,Student,3,B+,0,2026-08-26 08:02:18
4804,citizen_4804,citizen_4804@example.com,Mary Anderson,+1-555-574-4647,"362 Smart City Ave, Street 31",East District,CTZ-004804,+1-555-199-4739,Business Owner,5,AB+,3,2025-10-12 08:02:18
4805,citizen_4805,citizen_4805@example.com,Jennifer Johnson,+1-555-135-2535,"434 Smart City Ave, Street 9",Industrial Zone,CTZ-004805,+1-555-427-3290,Architect,4,A-,2,2026-04-03 08:02:18
4806,citizen_4806,citizen_4806@example.com,Karen Miller,+1-555-871-1082,"840 Smart City Ave, Street 30",North District,CTZ-004806,+1-555-614-5292,Student,5,A+,3,2026-06-22 08:02:18
4807,citizen_4807,citizen_4807@example.com,Mary Martin,+1-555-323-5222,"551 Smart City Ave, Street 4",Central Zone,CTZ-004807,+1-555-855-4983,Business Owner,1,AB+,0,2025-10-17 08:02:18
4808,citizen_4808,citizen_4808@example.com,John Anderson,+1-555-509-2010,"113 Smart City Ave, Street 46",South District,CTZ-004808,+1-555-576-4520,Civil Servant,6,O+,0,2026-06-25 08:02:18
4809,citizen_4809,citizen_4809@example.com,Thomas Jones,+1-555-624-8105,"397 Smart City Ave, Street 48",Central Zone,CTZ-004809,+1-555-185-7830,Technician,2,O+,0,2026-05-05 08:02:18
4810,citizen_4810,citizen_4810@example.com,Mary Johnson,+1-555-692-2885,"204 Smart City Ave, Street 1",South District,CTZ-004810,+1-555-447-8771,Manager,6,AB-,0,2026-03-21 08:02:18
4811,citizen_4811,citizen_4811@example.com,Mary Martinez,+1-555-671-4947,"333 Smart City Ave, Street 44",West District,CTZ-004811,+1-555-546-1124,Business Owner,4,AB-,1,2026-05-19 08:02:18
4812,citizen_4812,citizen_4812@example.com,Linda Miller,+1-555-411-4399,"566 Smart City Ave, Street 2",Central Zone,CTZ-004812,+1-555-880-9192,Doctor,3,O-,2,2026-01-20 08:02:18
4813,citizen_4813,citizen_4813@example.com,Richard Wilson,+1-555-682-4853,"897 Smart City Ave, Street 1",Central Zone,CTZ-004813,+1-555-370-1010,Architect,1,B-,2,2026-05-15 08:02:18
4814,citizen_4814,citizen_4814@example.com,Sarah Rodriguez,+1-555-160-1218,"323 Smart City Ave, Street 7",Central Zone,CTZ-004814,+1-555-638-3451,Engineer,4,B-,2,2025-11-23 08:02:18
4815,citizen_4815,citizen_4815@example.com,Michael Wilson,+1-555-886-1440,"496 Smart City Ave, Street 38",East District,CTZ-004815,+1-555-793-2956,Architect,1,AB-,2,2026-03-06 08:02:18
4816,citizen_4816,citizen_4816@example.com,Susan Garcia,+1-555-382-4569,"463 Smart City Ave, Street 17",North District,CTZ-004816,+1-555-183-9794,Technician,6,A+,2,2025-11-05 08:02:18
4817,citizen_4817,citizen_4817@example.com,James Hernandez,+1-555-391-1465,"567 Smart City Ave, Street 41",Central Zone,CTZ-004817,+1-555-491-5528,Doctor,6,B+,1,2026-02-02 08:02:18
4818,citizen_4818,citizen_4818@example.com,Linda Garcia,+1-555-783-8583,"575 Smart City Ave, Street 11",Central Zone,CTZ-004818,+1-555-686-5208,Technician,4,A-,1,2026-01-05 08:02:18
4819,citizen_4819,citizen_4819@example.com,John Miller,+1-555-723-2848,"922 Smart City Ave, Street 47",Industrial Zone,CTZ-004819,+1-555-141-5578,Teacher,3,A-,1,2026-04-29 08:02:18
4820,citizen_4820,citizen_4820@example.com,Thomas Johnson,+1-555-467-4965,"515 Smart City Ave, Street 6",South District,CTZ-004820,+1-555-660-3988,Engineer,2,O-,0,2026-03-27 08:02:18
4821,citizen_4821,citizen_4821@example.com,Barbara Moore,+1-555-677-4475,"134 Smart City Ave, Street 40",North District,CTZ-004821,+1-555-980-1882,Civil Servant,2,B-,3,2025-11-20 08:02:18
4822,citizen_4822,citizen_4822@example.com,David Garcia,+1-555-624-7280,"562 Smart City Ave, Street 8",South District,CTZ-004822,+1-555-176-5867,Technician,1,A-,3,2025-12-05 08:02:18
4823,citizen_4823,citizen_4823@example.com,Linda Moore,+1-555-674-9233,"450 Smart City Ave, Street 39",East District,CTZ-004823,+1-555-883-8519,Doctor,4,A+,1,2026-05-05 08:02:18
4824,citizen_4824,citizen_4824@example.com,Jennifer Garcia,+1-555-384-6432,"24 Smart City Ave, Street 22",North District,CTZ-004824,+1-555-945-6517,Teacher,1,B-,1,2026-05-15 08:02:18
4825,citizen_4825,citizen_4825@example.com,Susan Johnson,+1-555-435-1471,"615 Smart City Ave, Street 25",East District,CTZ-004825,+1-555-956-9519,Student,4,AB+,0,2026-03-10 08:02:18
4826,citizen_4826,citizen_4826@example.com,Jennifer Taylor,+1-555-420-8801,"271 Smart City Ave, Street 34",West District,CTZ-004826,+1-555-505-9117,Technician,2,AB-,1,2026-02-26 08:02:18
4827,citizen_4827,citizen_4827@example.com,Linda Lopez,+1-555-419-8941,"556 Smart City Ave, Street 1",Central Zone,CTZ-004827,+1-555-828-4366,Civil Servant,5,AB-,3,2025-12-06 08:02:18
4828,citizen_4828,citizen_4828@example.com,William Martinez,+1-555-775-2299,"662 Smart City Ave, Street 42",North District,CTZ-004828,+1-555-166-5510,Student,6,B+,1,2026-07-03 08:02:18
4829,citizen_4829,citizen_4829@example.com,Sarah Moore,+1-555-409-1275,"15 Smart City Ave, Street 37",West District,CTZ-004829,+1-555-466-5388,Doctor,4,B+,1,2026-05-19 08:02:18
4830,citizen_4830,citizen_4830@example.com,Jessica Hernandez,+1-555-400-6003,"443 Smart City Ave, Street 3",North District,CTZ-004830,+1-555-375-7807,Doctor,6,O+,0,2026-07-18 08:02:18
4831,citizen_4831,citizen_4831@example.com,Jessica Gonzalez,+1-555-945-9000,"244 Smart City Ave, Street 30",South District,CTZ-004831,+1-555-560-1160,Business Owner,5,B+,1,2026-01-25 08:02:18
4832,citizen_4832,citizen_4832@example.com,Barbara Davis,+1-555-812-3138,"691 Smart City Ave, Street 10",Central Zone,CTZ-004832,+1-555-221-4457,Technician,6,B-,3,2026-01-04 08:02:18
4833,citizen_4833,citizen_4833@example.com,Joseph Thomas,+1-555-679-3071,"430 Smart City Ave, Street 32",Industrial Zone,CTZ-004833,+1-555-703-8047,Business Owner,2,AB+,0,2026-03-13 08:02:18
4834,citizen_4834,citizen_4834@example.com,William Martin,+1-555-964-7087,"340 Smart City Ave, Street 48",North District,CTZ-004834,+1-555-965-8056,Civil Servant,2,B-,0,2026-02-28 08:02:18
4835,citizen_4835,citizen_4835@example.com,Barbara Miller,+1-555-703-9889,"418 Smart City Ave, Street 40",Central Zone,CTZ-004835,+1-555-304-2917,Teacher,2,O-,3,2026-01-30 08:02:18
4836,citizen_4836,citizen_4836@example.com,John Hernandez,+1-555-217-4233,"158 Smart City Ave, Street 30",South District,CTZ-004836,+1-555-820-9234,Civil Servant,1,A+,1,2026-07-01 08:02:18
4837,citizen_4837,citizen_4837@example.com,Sarah Hernandez,+1-555-662-8066,"652 Smart City Ave, Street 34",South District,CTZ-004837,+1-555-967-6236,Teacher,4,O-,1,2026-07-06 08:02:18
4838,citizen_4838,citizen_4838@example.com,Elizabeth Martinez,+1-555-710-8930,"614 Smart City Ave, Street 45",Industrial Zone,CTZ-004838,+1-555-788-7041,Technician,5,B-,3,2026-08-14 08:02:18
4839,citizen_4839,citizen_4839@example.com,James Jones,+1-555-935-6147,"99 Smart City Ave, Street 25",Central Zone,CTZ-004839,+1-555-481-4214,Accountant,6,AB-,3,2026-02-08 08:02:18
4840,citizen_4840,citizen_4840@example.com,Thomas Brown,+1-555-755-5585,"116 Smart City Ave, Street 20",South District,CTZ-004840,+1-555-932-4635,Civil Servant,6,B-,2,2026-07-16 08:02:18
4841,citizen_4841,citizen_4841@example.com,Michael Jackson,+1-555-485-4854,"512 Smart City Ave, Street 44",Central Zone,CTZ-004841,+1-555-982-7117,Doctor,1,B+,2,2026-04-25 08:02:18
4842,citizen_4842,citizen_4842@example.com,Barbara Thomas,+1-555-992-6779,"913 Smart City Ave, Street 26",West District,CTZ-004842,+1-555-858-2535,Doctor,6,AB+,2,2026-08-09 08:02:18
4843,citizen_4843,citizen_4843@example.com,Robert Thomas,+1-555-271-6154,"269 Smart City Ave, Street 28",Industrial Zone,CTZ-004843,+1-555-564-9397,Teacher,1,A-,1,2026-05-20 08:02:18
4844,citizen_4844,citizen_4844@example.com,Linda Martin,+1-555-253-2472,"414 Smart City Ave, Street 28",North District,CTZ-004844,+1-555-276-8659,Technician,4,B-,0,2026-04-30 08:02:18
4845,citizen_4845,citizen_4845@example.com,Linda Garcia,+1-555-918-9467,"120 Smart City Ave, Street 20",East District,CTZ-004845,+1-555-456-6643,Doctor,6,O+,1,2026-03-06 08:02:18
4846,citizen_4846,citizen_4846@example.com,James Miller,+1-555-321-4194,"84 Smart City Ave, Street 35",Industrial Zone,CTZ-004846,+1-555-589-7203,Engineer,3,AB+,1,2026-09-01 08:02:18
4847,citizen_4847,citizen_4847@example.com,Joseph Martinez,+1-555-299-9194,"40 Smart City Ave, Street 31",South District,CTZ-004847,+1-555-767-8852,Civil Servant,5,A+,2,2026-02-05 08:02:18
4848,citizen_4848,citizen_4848@example.com,Jennifer Smith,+1-555-601-7932,"447 Smart City Ave, Street 1",North District,CTZ-004848,+1-555-801-4255,Doctor,5,B-,0,2026-02-11 08:02:18
4849,citizen_4849,citizen_4849@example.com,Susan Jackson,+1-555-474-2725,"639 Smart City Ave, Street 11",West District,CTZ-004849,+1-555-293-8909,Teacher,2,O+,3,2025-10-18 08:02:18
4850,citizen_4850,citizen_4850@example.com,Robert Anderson,+1-555-914-4468,"836 Smart City Ave, Street 8",North District,CTZ-004850,+1-555-262-7247,Business Owner,3,B-,1,2026-07-14 08:02:18
4851,citizen_4851,citizen_4851@example.com,John Brown,+1-555-440-9925,"574 Smart City Ave, Street 19",Central Zone,CTZ-004851,+1-555-660-8506,Doctor,2,B+,1,2025-12-12 08:02:18
4852,citizen_4852,citizen_4852@example.com,William Hernandez,+1-555-709-8690,"282 Smart City Ave, Street 36",Central Zone,CTZ-004852,+1-555-630-9772,Engineer,3,A+,1,2026-01-31 08:02:18
4853,citizen_4853,citizen_4853@example.com,Sarah Jones,+1-555-339-1303,"989 Smart City Ave, Street 41",West District,CTZ-004853,+1-555-518-1984,Teacher,2,O+,1,2026-08-16 08:02:18
4854,citizen_4854,citizen_4854@example.com,William Brown,+1-555-954-7342,"704 Smart City Ave, Street 27",Central Zone,CTZ-004854,+1-555-663-2275,Manager,1,B+,2,2025-12-17 08:02:18
4855,citizen_4855,citizen_4855@example.com,Elizabeth Brown,+1-555-850-2161,"443 Smart City Ave, Street 25",East District,CTZ-004855,+1-555-821-5854,Engineer,4,O+,1,2026-01-13 08:02:18
4856,citizen_4856,citizen_4856@example.com,Jennifer Taylor,+1-555-858-7246,"507 Smart City Ave, Street 35",South District,CTZ-004856,+1-555-711-1019,Civil Servant,1,B+,3,2025-11-17 08:02:18
4857,citizen_4857,citizen_4857@example.com,Patricia Hernandez,+1-555-506-3887,"709 Smart City Ave, Street 28",East District,CTZ-004857,+1-555-695-3503,Doctor,4,B-,3,2026-03-06 08:02:18
4858,citizen_4858,citizen_4858@example.com,Charles Lopez,+1-555-895-4279,"387 Smart City Ave, Street 49",West District,CTZ-004858,+1-555-797-7995,Engineer,2,A-,0,2026-05-27 08:02:18
4859,citizen_4859,citizen_4859@example.com,Barbara Miller,+1-555-189-7044,"606 Smart City Ave, Street 13",South District,CTZ-004859,+1-555-813-6989,Civil Servant,1,AB-,2,2025-10-17 08:02:18
4860,citizen_4860,citizen_4860@example.com,Joseph Rodriguez,+1-555-815-6023,"718 Smart City Ave, Street 12",North District,CTZ-004860,+1-555-898-5749,Accountant,2,A-,1,2026-07-02 08:02:18
4861,citizen_4861,citizen_4861@example.com,David Rodriguez,+1-555-941-7788,"10 Smart City Ave, Street 33",South District,CTZ-004861,+1-555-898-1055,Doctor,5,AB+,1,2026-04-05 08:02:18
4862,citizen_4862,citizen_4862@example.com,Mary Rodriguez,+1-555-847-5531,"858 Smart City Ave, Street 18",East District,CTZ-004862,+1-555-537-7665,Engineer,2,B+,3,2025-12-05 08:02:18
4863,citizen_4863,citizen_4863@example.com,Charles Anderson,+1-555-721-4807,"353 Smart City Ave, Street 3",Central Zone,CTZ-004863,+1-555-904-7141,Technician,2,A-,1,2026-04-10 08:02:18
4864,citizen_4864,citizen_4864@example.com,Thomas Davis,+1-555-161-5072,"555 Smart City Ave, Street 8",North District,CTZ-004864,+1-555-534-2783,Manager,4,AB+,1,2026-01-30 08:02:18
4865,citizen_4865,citizen_4865@example.com,Michael Moore,+1-555-104-9538,"842 Smart City Ave, Street 19",North District,CTZ-004865,+1-555-728-5170,Technician,4,B-,1,2025-10-05 08:02:18
4866,citizen_4866,citizen_4866@example.com,Charles Jones,+1-555-703-1436,"176 Smart City Ave, Street 40",Central Zone,CTZ-004866,+1-555-592-8328,Technician,2,B-,0,2026-04-12 08:02:18
4867,citizen_4867,citizen_4867@example.com,Barbara Moore,+1-555-764-2094,"866 Smart City Ave, Street 5",Industrial Zone,CTZ-004867,+1-555-358-7144,Civil Servant,6,AB+,0,2026-01-14 08:02:18
4868,citizen_4868,citizen_4868@example.com,Susan Thomas,+1-555-270-7178,"300 Smart City Ave, Street 48",Central Zone,CTZ-004868,+1-555-775-8612,Architect,3,O+,1,2025-10-18 08:02:18
4869,citizen_4869,citizen_4869@example.com,Sarah Taylor,+1-555-888-4806,"861 Smart City Ave, Street 4",Industrial Zone,CTZ-004869,+1-555-590-8583,Manager,4,AB+,3,2025-11-26 08:02:18
4870,citizen_4870,citizen_4870@example.com,David Martinez,+1-555-180-3571,"412 Smart City Ave, Street 27",North District,CTZ-004870,+1-555-629-3525,Technician,5,B-,2,2026-06-28 08:02:18
4871,citizen_4871,citizen_4871@example.com,Thomas Jackson,+1-555-235-4680,"492 Smart City Ave, Street 22",North District,CTZ-004871,+1-555-336-4053,Manager,2,B+,3,2025-09-14 08:02:18
4872,citizen_4872,citizen_4872@example.com,Charles Rodriguez,+1-555-652-1901,"50 Smart City Ave, Street 43",East District,CTZ-004872,+1-555-857-2063,Teacher,4,AB-,3,2026-03-16 08:02:18
4873,citizen_4873,citizen_4873@example.com,Michael Davis,+1-555-935-2684,"919 Smart City Ave, Street 44",West District,CTZ-004873,+1-555-611-7122,Technician,3,O-,0,2025-09-27 08:02:18
4874,citizen_4874,citizen_4874@example.com,Susan Thomas,+1-555-595-5651,"145 Smart City Ave, Street 42",South District,CTZ-004874,+1-555-531-9169,Teacher,1,O-,1,2026-08-14 08:02:18
4875,citizen_4875,citizen_4875@example.com,James Martinez,+1-555-638-4809,"168 Smart City Ave, Street 41",West District,CTZ-004875,+1-555-426-3004,Accountant,4,B-,0,2026-04-27 08:02:18
4876,citizen_4876,citizen_4876@example.com,James Williams,+1-555-242-2956,"580 Smart City Ave, Street 21",Industrial Zone,CTZ-004876,+1-555-621-5202,Manager,2,B+,0,2026-07-19 08:02:18
4877,citizen_4877,citizen_4877@example.com,Mary Wilson,+1-555-644-8206,"838 Smart City Ave, Street 18",North District,CTZ-004877,+1-555-279-4700,Manager,1,A-,1,2026-07-01 08:02:18
4878,citizen_4878,citizen_4878@example.com,Joseph Thomas,+1-555-784-9141,"521 Smart City Ave, Street 39",South District,CTZ-004878,+1-555-493-7661,Architect,2,AB-,1,2026-07-01 08:02:18
4879,citizen_4879,citizen_4879@example.com,Michael Jackson,+1-555-851-4951,"360 Smart City Ave, Street 26",Industrial Zone,CTZ-004879,+1-555-488-7912,Doctor,4,A+,0,2026-09-03 08:02:18
4880,citizen_4880,citizen_4880@example.com,William Taylor,+1-555-323-5617,"523 Smart City Ave, Street 49",South District,CTZ-004880,+1-555-516-6056,Business Owner,5,AB+,3,2025-10-08 08:02:18
4881,citizen_4881,citizen_4881@example.com,Jennifer Smith,+1-555-725-7514,"364 Smart City Ave, Street 38",North District,CTZ-004881,+1-555-121-8806,Doctor,4,AB+,2,2026-08-28 08:02:18
4882,citizen_4882,citizen_4882@example.com,Barbara Miller,+1-555-876-7072,"668 Smart City Ave, Street 27",Central Zone,CTZ-004882,+1-555-195-8649,Student,4,A+,1,2026-01-28 08:02:18
4883,citizen_4883,citizen_4883@example.com,David Jackson,+1-555-298-4687,"224 Smart City Ave, Street 47",Industrial Zone,CTZ-004883,+1-555-247-3165,Student,2,B+,3,2026-08-04 08:02:18
4884,citizen_4884,citizen_4884@example.com,Mary Davis,+1-555-953-1902,"799 Smart City Ave, Street 13",Central Zone,CTZ-004884,+1-555-734-6396,Engineer,3,A-,1,2026-08-13 08:02:18
4885,citizen_4885,citizen_4885@example.com,Thomas Miller,+1-555-417-3565,"581 Smart City Ave, Street 45",Central Zone,CTZ-004885,+1-555-122-7147,Manager,5,B-,1,2026-08-04 08:02:18
4886,citizen_4886,citizen_4886@example.com,Jennifer Miller,+1-555-344-5900,"332 Smart City Ave, Street 2",North District,CTZ-004886,+1-555-243-2077,Manager,6,A-,1,2026-07-19 08:02:18
4887,citizen_4887,citizen_4887@example.com,Sarah Garcia,+1-555-403-4974,"19 Smart City Ave, Street 33",North District,CTZ-004887,+1-555-817-2944,Accountant,4,AB-,1,2026-01-09 08:02:18
4888,citizen_4888,citizen_4888@example.com,Elizabeth Jackson,+1-555-449-8243,"520 Smart City Ave, Street 19",West District,CTZ-004888,+1-555-439-9120,Engineer,2,AB+,3,2026-04-30 08:02:18
4889,citizen_4889,citizen_4889@example.com,Barbara Rodriguez,+1-555-271-1848,"898 Smart City Ave, Street 43",Industrial Zone,CTZ-004889,+1-555-607-9789,Manager,5,A+,3,2026-07-03 08:02:18
4890,citizen_4890,citizen_4890@example.com,Michael Anderson,+1-555-869-6061,"438 Smart City Ave, Street 41",South District,CTZ-004890,+1-555-986-9919,Architect,5,A-,2,2025-11-22 08:02:18
4891,citizen_4891,citizen_4891@example.com,Linda Hernandez,+1-555-322-6774,"940 Smart City Ave, Street 43",East District,CTZ-004891,+1-555-758-8437,Civil Servant,1,B-,1,2026-08-01 08:02:18
4892,citizen_4892,citizen_4892@example.com,Sarah Thomas,+1-555-714-4784,"407 Smart City Ave, Street 3",South District,CTZ-004892,+1-555-583-6173,Manager,5,B-,3,2025-11-09 08:02:18
4893,citizen_4893,citizen_4893@example.com,Barbara Davis,+1-555-321-6395,"412 Smart City Ave, Street 47",Industrial Zone,CTZ-004893,+1-555-865-2794,Student,1,A-,1,2026-05-13 08:02:18
4894,citizen_4894,citizen_4894@example.com,Mary Anderson,+1-555-761-4210,"478 Smart City Ave, Street 47",North District,CTZ-004894,+1-555-205-5169,Student,3,A-,1,2025-09-23 08:02:18
4895,citizen_4895,citizen_4895@example.com,Robert Martinez,+1-555-704-6687,"868 Smart City Ave, Street 39",Industrial Zone,CTZ-004895,+1-555-802-2593,Doctor,1,AB-,1,2026-08-22 08:02:18
4896,citizen_4896,citizen_4896@example.com,Thomas Jackson,+1-555-162-8898,"790 Smart City Ave, Street 50",North District,CTZ-004896,+1-555-486-9346,Accountant,1,O+,1,2025-11-07 08:02:18
4897,citizen_4897,citizen_4897@example.com,William Taylor,+1-555-341-9608,"538 Smart City Ave, Street 48",South District,CTZ-004897,+1-555-571-1612,Doctor,4,A+,2,2026-06-10 08:02:18
4898,citizen_4898,citizen_4898@example.com,Elizabeth Williams,+1-555-730-9194,"72 Smart City Ave, Street 26",South District,CTZ-004898,+1-555-286-1844,Architect,6,O-,2,2025-09-24 08:02:18
4899,citizen_4899,citizen_4899@example.com,Robert Johnson,+1-555-257-3894,"817 Smart City Ave, Street 37",East District,CTZ-004899,+1-555-345-4825,Manager,5,A+,2,2026-06-27 08:02:18
4900,citizen_4900,citizen_4900@example.com,Susan Williams,+1-555-269-1314,"60 Smart City Ave, Street 25",South District,CTZ-004900,+1-555-814-5370,Architect,4,B+,1,2025-09-19 08:02:18
4901,citizen_4901,citizen_4901@example.com,Joseph Johnson,+1-555-595-6744,"513 Smart City Ave, Street 37",North District,CTZ-004901,+1-555-127-6585,Doctor,6,B+,3,2025-11-07 08:02:18
4902,citizen_4902,citizen_4902@example.com,David Rodriguez,+1-555-467-1447,"95 Smart City Ave, Street 6",Industrial Zone,CTZ-004902,+1-555-882-9316,Business Owner,6,O-,2,2026-06-03 08:02:18
4903,citizen_4903,citizen_4903@example.com,Joseph Johnson,+1-555-850-2282,"512 Smart City Ave, Street 42",North District,CTZ-004903,+1-555-256-5554,Teacher,5,A-,2,2026-08-01 08:02:18
4904,citizen_4904,citizen_4904@example.com,Thomas Johnson,+1-555-553-7538,"745 Smart City Ave, Street 49",South District,CTZ-004904,+1-555-742-9214,Accountant,2,B-,3,2026-05-08 08:02:18
4905,citizen_4905,citizen_4905@example.com,Patricia Moore,+1-555-571-8018,"328 Smart City Ave, Street 10",South District,CTZ-004905,+1-555-673-7863,Technician,5,A+,0,2025-10-17 08:02:18
4906,citizen_4906,citizen_4906@example.com,Joseph Martinez,+1-555-719-5352,"825 Smart City Ave, Street 23",Industrial Zone,CTZ-004906,+1-555-284-7147,Manager,1,B-,2,2025-09-10 08:02:18
4907,citizen_4907,citizen_4907@example.com,Robert Taylor,+1-555-259-4226,"582 Smart City Ave, Street 45",North District,CTZ-004907,+1-555-137-1950,Engineer,6,B-,1,2026-02-28 08:02:18
4908,citizen_4908,citizen_4908@example.com,Jessica Miller,+1-555-392-4952,"891 Smart City Ave, Street 44",Industrial Zone,CTZ-004908,+1-555-119-1970,Technician,6,B-,0,2026-03-22 08:02:18
4909,citizen_4909,citizen_4909@example.com,Richard Thomas,+1-555-377-5461,"395 Smart City Ave, Street 10",South District,CTZ-004909,+1-555-811-5423,Student,2,AB-,3,2025-09-09 08:02:18
4910,citizen_4910,citizen_4910@example.com,Karen Hernandez,+1-555-375-7570,"785 Smart City Ave, Street 31",North District,CTZ-004910,+1-555-266-7944,Accountant,3,B+,2,2026-07-16 08:02:18
4911,citizen_4911,citizen_4911@example.com,Jessica Brown,+1-555-874-3908,"901 Smart City Ave, Street 4",West District,CTZ-004911,+1-555-526-1265,Engineer,3,B-,3,2026-08-25 08:02:18
4912,citizen_4912,citizen_4912@example.com,Thomas Jackson,+1-555-263-5673,"280 Smart City Ave, Street 14",South District,CTZ-004912,+1-555-723-1934,Accountant,3,B+,1,2026-08-31 08:02:18
4913,citizen_4913,citizen_4913@example.com,Jennifer Smith,+1-555-769-3011,"341 Smart City Ave, Street 9",West District,CTZ-004913,+1-555-442-8465,Accountant,5,A+,2,2025-11-26 08:02:18
4914,citizen_4914,citizen_4914@example.com,Charles Miller,+1-555-381-4949,"572 Smart City Ave, Street 22",South District,CTZ-004914,+1-555-172-3076,Student,3,B-,3,2026-08-21 08:02:18
4915,citizen_4915,citizen_4915@example.com,Mary Brown,+1-555-629-2678,"885 Smart City Ave, Street 27",North District,CTZ-004915,+1-555-404-3112,Doctor,3,O-,1,2026-04-23 08:02:18
4916,citizen_4916,citizen_4916@example.com,Linda Martinez,+1-555-493-1826,"845 Smart City Ave, Street 4",South District,CTZ-004916,+1-555-814-8192,Manager,2,B-,1,2026-03-25 08:02:18
4917,citizen_4917,citizen_4917@example.com,John Davis,+1-555-314-5680,"572 Smart City Ave, Street 3",South District,CTZ-004917,+1-555-383-4189,Architect,5,A-,1,2025-11-21 08:02:18
4918,citizen_4918,citizen_4918@example.com,Elizabeth Miller,+1-555-145-6471,"137 Smart City Ave, Street 10",Central Zone,CTZ-004918,+1-555-409-8929,Doctor,5,AB+,2,2026-05-16 08:02:18
4919,citizen_4919,citizen_4919@example.com,Richard Jackson,+1-555-189-8929,"857 Smart City Ave, Street 36",West District,CTZ-004919,+1-555-721-2759,Accountant,4,B-,1,2026-08-21 08:02:18
4920,citizen_4920,citizen_4920@example.com,Sarah Moore,+1-555-443-6650,"567 Smart City Ave, Street 50",West District,CTZ-004920,+1-555-409-7549,Manager,5,AB+,2,2026-03-19 08:02:18
4921,citizen_4921,citizen_4921@example.com,Michael Wilson,+1-555-726-3713,"139 Smart City Ave, Street 4",East District,CTZ-004921,+1-555-491-3215,Technician,5,AB-,1,2026-02-13 08:02:18
4922,citizen_4922,citizen_4922@example.com,Mary Anderson,+1-555-407-3325,"58 Smart City Ave, Street 42",East District,CTZ-004922,+1-555-120-6628,Technician,4,B+,1,2026-08-03 08:02:18
4923,citizen_4923,citizen_4923@example.com,Joseph Jones,+1-555-387-3632,"159 Smart City Ave, Street 16",West District,CTZ-004923,+1-555-454-4066,Student,5,O+,0,2025-10-17 08:02:18
4924,citizen_4924,citizen_4924@example.com,Jessica Jones,+1-555-316-3640,"475 Smart City Ave, Street 15",South District,CTZ-004924,+1-555-513-7747,Student,3,AB-,2,2026-01-16 08:02:18
4925,citizen_4925,citizen_4925@example.com,Barbara Jackson,+1-555-839-6300,"456 Smart City Ave, Street 46",North District,CTZ-004925,+1-555-837-8816,Doctor,1,O+,3,2026-04-20 08:02:18
4926,citizen_4926,citizen_4926@example.com,Patricia Anderson,+1-555-638-3950,"633 Smart City Ave, Street 44",North District,CTZ-004926,+1-555-313-5967,Doctor,6,O+,0,2025-12-10 08:02:18
4927,citizen_4927,citizen_4927@example.com,Michael Moore,+1-555-867-7466,"67 Smart City Ave, Street 50",Industrial Zone,CTZ-004927,+1-555-432-6594,Civil Servant,6,AB+,0,2026-07-19 08:02:18
4928,citizen_4928,citizen_4928@example.com,Richard Johnson,+1-555-545-8213,"116 Smart City Ave, Street 36",East District,CTZ-004928,+1-555-449-1937,Student,4,AB-,0,2026-05-29 08:02:18
4929,citizen_4929,citizen_4929@example.com,William Rodriguez,+1-555-111-5817,"289 Smart City Ave, Street 47",Industrial Zone,CTZ-004929,+1-555-331-3129,Engineer,1,O-,1,2026-07-19 08:02:18
4930,citizen_4930,citizen_4930@example.com,David Wilson,+1-555-918-8856,"155 Smart City Ave, Street 41",Industrial Zone,CTZ-004930,+1-555-576-3787,Civil Servant,3,A+,2,2026-08-10 08:02:18
4931,citizen_4931,citizen_4931@example.com,John Miller,+1-555-113-5486,"998 Smart City Ave, Street 13",North District,CTZ-004931,+1-555-144-4466,Student,4,A+,2,2026-05-18 08:02:18
4932,citizen_4932,citizen_4932@example.com,Michael Rodriguez,+1-555-321-1070,"30 Smart City Ave, Street 37",Industrial Zone,CTZ-004932,+1-555-447-5841,Doctor,2,O-,1,2026-02-24 08:02:18
4933,citizen_4933,citizen_4933@example.com,Patricia Williams,+1-555-621-2425,"919 Smart City Ave, Street 24",Industrial Zone,CTZ-004933,+1-555-602-4336,Business Owner,1,B-,3,2026-02-09 08:02:18
4934,citizen_4934,citizen_4934@example.com,Michael Rodriguez,+1-555-411-4421,"951 Smart City Ave, Street 28",North District,CTZ-004934,+1-555-609-7628,Doctor,6,O-,0,2026-07-17 08:02:18
4935,citizen_4935,citizen_4935@example.com,Elizabeth Wilson,+1-555-876-1646,"861 Smart City Ave, Street 5",Central Zone,CTZ-004935,+1-555-755-4565,Architect,2,O+,1,2026-04-16 08:02:18
4936,citizen_4936,citizen_4936@example.com,Jessica Gonzalez,+1-555-966-7089,"504 Smart City Ave, Street 32",East District,CTZ-004936,+1-555-788-5084,Engineer,2,B+,3,2026-06-08 08:02:18
4937,citizen_4937,citizen_4937@example.com,Karen Davis,+1-555-513-5973,"996 Smart City Ave, Street 19",South District,CTZ-004937,+1-555-217-6015,Technician,1,AB-,1,2026-03-19 08:02:18
4938,citizen_4938,citizen_4938@example.com,Thomas Miller,+1-555-525-4960,"167 Smart City Ave, Street 38",South District,CTZ-004938,+1-555-741-9287,Student,3,AB-,1,2025-12-29 08:02:18
4939,citizen_4939,citizen_4939@example.com,Sarah Thomas,+1-555-204-3631,"697 Smart City Ave, Street 20",West District,CTZ-004939,+1-555-365-2327,Teacher,4,AB-,3,2025-11-24 08:02:18
4940,citizen_4940,citizen_4940@example.com,Susan Brown,+1-555-525-5632,"647 Smart City Ave, Street 15",South District,CTZ-004940,+1-555-110-5863,Student,2,A-,3,2026-03-11 08:02:18
4941,citizen_4941,citizen_4941@example.com,Charles Taylor,+1-555-863-3654,"852 Smart City Ave, Street 3",South District,CTZ-004941,+1-555-866-2751,Civil Servant,4,B-,0,2025-09-19 08:02:18
4942,citizen_4942,citizen_4942@example.com,James Williams,+1-555-526-8728,"736 Smart City Ave, Street 42",East District,CTZ-004942,+1-555-216-3029,Teacher,3,B-,2,2026-01-29 08:02:18
4943,citizen_4943,citizen_4943@example.com,James Martin,+1-555-314-8277,"159 Smart City Ave, Street 7",North District,CTZ-004943,+1-555-762-4433,Engineer,2,A+,1,2025-12-11 08:02:18
4944,citizen_4944,citizen_4944@example.com,Joseph Taylor,+1-555-496-5820,"227 Smart City Ave, Street 5",Central Zone,CTZ-004944,+1-555-876-3939,Teacher,4,B+,0,2026-05-26 08:02:18
4945,citizen_4945,citizen_4945@example.com,Jessica Davis,+1-555-785-5826,"546 Smart City Ave, Street 42",South District,CTZ-004945,+1-555-406-7122,Technician,6,AB+,1,2026-07-27 08:02:18
4946,citizen_4946,citizen_4946@example.com,Charles Williams,+1-555-238-3197,"261 Smart City Ave, Street 34",Industrial Zone,CTZ-004946,+1-555-373-1149,Technician,2,O+,1,2025-12-11 08:02:18
4947,citizen_4947,citizen_4947@example.com,John Gonzalez,+1-555-763-1448,"774 Smart City Ave, Street 41",East District,CTZ-004947,+1-555-940-9800,Doctor,3,O-,1,2026-05-25 08:02:18
4948,citizen_4948,citizen_4948@example.com,William Anderson,+1-555-400-4191,"223 Smart City Ave, Street 30",South District,CTZ-004948,+1-555-877-6053,Civil Servant,2,O-,0,2025-10-01 08:02:18
4949,citizen_4949,citizen_4949@example.com,Jennifer Davis,+1-555-450-3206,"34 Smart City Ave, Street 6",North District,CTZ-004949,+1-555-627-6413,Engineer,5,B-,1,2026-06-01 08:02:18
4950,citizen_4950,citizen_4950@example.com,James Brown,+1-555-619-6336,"68 Smart City Ave, Street 24",South District,CTZ-004950,+1-555-394-3819,Engineer,6,AB-,2,2026-03-31 08:02:18
4951,citizen_4951,citizen_4951@example.com,Charles Jones,+1-555-268-9620,"15 Smart City Ave, Street 1",Central Zone,CTZ-004951,+1-555-242-5923,Business Owner,3,A+,3,2025-10-10 08:02:18
4952,citizen_4952,citizen_4952@example.com,John Miller,+1-555-944-6271,"179 Smart City Ave, Street 18",Central Zone,CTZ-004952,+1-555-379-5719,Civil Servant,2,O+,0,2025-11-05 08:02:18
4953,citizen_4953,citizen_4953@example.com,Linda Brown,+1-555-781-1921,"598 Smart City Ave, Street 25",South District,CTZ-004953,+1-555-248-7361,Architect,3,O+,3,2026-05-30 08:02:18
4954,citizen_4954,citizen_4954@example.com,Linda Rodriguez,+1-555-204-2422,"484 Smart City Ave, Street 21",Central Zone,CTZ-004954,+1-555-470-9196,Student,5,B+,1,2026-07-14 08:02:18
4955,citizen_4955,citizen_4955@example.com,Michael Williams,+1-555-252-9602,"428 Smart City Ave, Street 34",South District,CTZ-004955,+1-555-782-3815,Architect,5,AB+,3,2025-12-18 08:02:18
4956,citizen_4956,citizen_4956@example.com,Jessica Martin,+1-555-966-9297,"451 Smart City Ave, Street 35",South District,CTZ-004956,+1-555-815-7750,Accountant,6,A+,1,2025-10-03 08:02:18
4957,citizen_4957,citizen_4957@example.com,Jessica Jackson,+1-555-700-8432,"748 Smart City Ave, Street 38",East District,CTZ-004957,+1-555-850-1627,Student,1,AB-,2,2026-05-18 08:02:18
4958,citizen_4958,citizen_4958@example.com,Richard Gonzalez,+1-555-358-3390,"791 Smart City Ave, Street 13",Central Zone,CTZ-004958,+1-555-796-8431,Doctor,1,B-,0,2026-01-09 08:02:18
4959,citizen_4959,citizen_4959@example.com,Robert Anderson,+1-555-575-3092,"276 Smart City Ave, Street 15",North District,CTZ-004959,+1-555-125-8221,Business Owner,2,B+,1,2025-09-18 08:02:18
4960,citizen_4960,citizen_4960@example.com,John Williams,+1-555-200-9105,"861 Smart City Ave, Street 12",West District,CTZ-004960,+1-555-651-8445,Business Owner,4,A-,2,2026-07-20 08:02:18
4961,citizen_4961,citizen_4961@example.com,Joseph Williams,+1-555-728-1235,"789 Smart City Ave, Street 39",South District,CTZ-004961,+1-555-720-7851,Civil Servant,1,AB-,2,2026-08-09 08:02:18
4962,citizen_4962,citizen_4962@example.com,Charles Williams,+1-555-994-1459,"423 Smart City Ave, Street 41",West District,CTZ-004962,+1-555-798-3530,Architect,6,O+,0,2026-03-30 08:02:18
4963,citizen_4963,citizen_4963@example.com,David Martinez,+1-555-128-7926,"943 Smart City Ave, Street 22",South District,CTZ-004963,+1-555-770-8466,Architect,6,B+,0,2026-01-18 08:02:18
4964,citizen_4964,citizen_4964@example.com,James Wilson,+1-555-164-1939,"77 Smart City Ave, Street 38",Industrial Zone,CTZ-004964,+1-555-335-4439,Accountant,4,O+,1,2026-07-26 08:02:18
4965,citizen_4965,citizen_4965@example.com,Elizabeth Johnson,+1-555-916-6325,"750 Smart City Ave, Street 11",East District,CTZ-004965,+1-555-686-4190,Business Owner,2,B-,0,2026-07-25 08:02:18
4966,citizen_4966,citizen_4966@example.com,Linda Miller,+1-555-986-9192,"758 Smart City Ave, Street 43",West District,CTZ-004966,+1-555-695-3249,Technician,6,B+,0,2025-10-12 08:02:18
4967,citizen_4967,citizen_4967@example.com,Charles Jones,+1-555-763-8807,"76 Smart City Ave, Street 30",West District,CTZ-004967,+1-555-437-5841,Student,2,B+,3,2026-08-29 08:02:18
4968,citizen_4968,citizen_4968@example.com,Joseph Lopez,+1-555-897-4922,"895 Smart City Ave, Street 30",Central Zone,CTZ-004968,+1-555-113-3012,Architect,2,O+,1,2025-10-25 08:02:18
4969,citizen_4969,citizen_4969@example.com,Jessica Thomas,+1-555-785-2623,"460 Smart City Ave, Street 28",Industrial Zone,CTZ-004969,+1-555-502-3468,Doctor,4,A-,0,2026-05-12 08:02:18
4970,citizen_4970,citizen_4970@example.com,Sarah Thomas,+1-555-700-4494,"47 Smart City Ave, Street 28",South District,CTZ-004970,+1-555-845-6924,Student,3,AB-,2,2026-05-14 08:02:18
4971,citizen_4971,citizen_4971@example.com,Richard Taylor,+1-555-920-4644,"980 Smart City Ave, Street 2",Central Zone,CTZ-004971,+1-555-383-4081,Doctor,1,A+,1,2026-08-04 08:02:18
4972,citizen_4972,citizen_4972@example.com,Susan Garcia,+1-555-634-1941,"856 Smart City Ave, Street 17",South District,CTZ-004972,+1-555-189-8857,Student,3,O+,1,2026-02-17 08:02:18
4973,citizen_4973,citizen_4973@example.com,Linda Martin,+1-555-407-3669,"911 Smart City Ave, Street 5",East District,CTZ-004973,+1-555-523-2402,Manager,4,O-,1,2026-06-24 08:02:18
4974,citizen_4974,citizen_4974@example.com,Barbara Moore,+1-555-909-3118,"942 Smart City Ave, Street 6",Industrial Zone,CTZ-004974,+1-555-579-2190,Teacher,3,AB-,0,2026-03-14 08:02:18
4975,citizen_4975,citizen_4975@example.com,William Moore,+1-555-629-1658,"972 Smart City Ave, Street 25",South District,CTZ-004975,+1-555-671-6565,Architect,4,AB+,1,2026-03-04 08:02:18
4976,citizen_4976,citizen_4976@example.com,Susan Martinez,+1-555-888-5464,"479 Smart City Ave, Street 27",North District,CTZ-004976,+1-555-650-9152,Manager,5,AB+,3,2026-05-28 08:02:18
4977,citizen_4977,citizen_4977@example.com,Barbara Taylor,+1-555-708-6440,"20 Smart City Ave, Street 6",Central Zone,CTZ-004977,+1-555-312-3784,Teacher,3,O-,2,2026-03-08 08:02:18
4978,citizen_4978,citizen_4978@example.com,John Hernandez,+1-555-551-1990,"986 Smart City Ave, Street 24",East District,CTZ-004978,+1-555-107-2217,Architect,6,AB+,1,2026-08-03 08:02:18
4979,citizen_4979,citizen_4979@example.com,Jennifer Taylor,+1-555-954-8901,"854 Smart City Ave, Street 24",North District,CTZ-004979,+1-555-814-9119,Doctor,3,B-,0,2026-08-09 08:02:18
4980,citizen_4980,citizen_4980@example.com,Thomas Brown,+1-555-166-3399,"983 Smart City Ave, Street 14",Industrial Zone,CTZ-004980,+1-555-372-2595,Technician,1,A-,2,2026-07-08 08:02:18
4981,citizen_4981,citizen_4981@example.com,James Gonzalez,+1-555-311-7748,"72 Smart City Ave, Street 15",East District,CTZ-004981,+1-555-353-9973,Business Owner,5,AB-,1,2026-06-25 08:02:18
4982,citizen_4982,citizen_4982@example.com,Robert Rodriguez,+1-555-939-5890,"889 Smart City Ave, Street 14",South District,CTZ-004982,+1-555-701-4420,Engineer,5,AB-,3,2026-05-08 08:02:18
4983,citizen_4983,citizen_4983@example.com,John Taylor,+1-555-287-5995,"897 Smart City Ave, Street 12",Central Zone,CTZ-004983,+1-555-384-1024,Doctor,2,A-,2,2026-02-27 08:02:18
4984,citizen_4984,citizen_4984@example.com,John Davis,+1-555-313-9997,"472 Smart City Ave, Street 36",West District,CTZ-004984,+1-555-887-8802,Technician,4,O+,2,2026-02-15 08:02:18
4985,citizen_4985,citizen_4985@example.com,Susan Thomas,+1-555-128-1090,"486 Smart City Ave, Street 49",Industrial Zone,CTZ-004985,+1-555-365-4511,Teacher,4,B+,0,2025-11-25 08:02:18
4986,citizen_4986,citizen_4986@example.com,Susan Garcia,+1-555-528-8848,"93 Smart City Ave, Street 22",Industrial Zone,CTZ-004986,+1-555-104-5168,Student,4,O-,0,2026-07-07 08:02:18
4987,citizen_4987,citizen_4987@example.com,Michael Johnson,+1-555-834-4985,"603 Smart City Ave, Street 8",West District,CTZ-004987,+1-555-916-1423,Accountant,6,B-,1,2026-03-26 08:02:18
4988,citizen_4988,citizen_4988@example.com,Michael Moore,+1-555-135-7798,"258 Smart City Ave, Street 33",West District,CTZ-004988,+1-555-391-7864,Accountant,4,O-,1,2026-03-31 08:02:18
4989,citizen_4989,citizen_4989@example.com,Elizabeth Moore,+1-555-228-1447,"343 Smart City Ave, Street 2",Central Zone,CTZ-004989,+1-555-264-3848,Accountant,4,AB+,0,2026-04-30 08:02:18
4990,citizen_4990,citizen_4990@example.com,David Martinez,+1-555-821-2050,"74 Smart City Ave, Street 25",Central Zone,CTZ-004990,+1-555-339-4356,Civil Servant,6,B+,0,2025-10-20 08:02:18
4991,citizen_4991,citizen_4991@example.com,David Martin,+1-555-285-2771,"554 Smart City Ave, Street 4",North District,CTZ-004991,+1-555-497-7204,Doctor,2,O-,1,2026-05-17 08:02:18
4992,citizen_4992,citizen_4992@example.com,Mary Moore,+1-555-807-4518,"431 Smart City Ave, Street 24",Central Zone,CTZ-004992,+1-555-766-7670,Doctor,1,B-,0,2026-09-03 08:02:18
4993,citizen_4993,citizen_4993@example.com,Mary Davis,+1-555-331-8854,"617 Smart City Ave, Street 42",Industrial Zone,CTZ-004993,+1-555-141-7042,Doctor,3,O-,3,2026-01-02 08:02:18
4994,citizen_4994,citizen_4994@example.com,Barbara Rodriguez,+1-555-910-6257,"143 Smart City Ave, Street 13",North District,CTZ-004994,+1-555-632-4283,Doctor,3,B+,1,2026-03-07 08:02:18
4995,citizen_4995,citizen_4995@example.com,Michael Miller,+1-555-416-1299,"270 Smart City Ave, Street 31",East District,CTZ-004995,+1-555-572-2089,Engineer,2,B-,0,2026-07-23 08:02:18
4996,citizen_4996,citizen_4996@example.com,Jennifer Lopez,+1-555-344-5139,"338 Smart City Ave, Street 32",Industrial Zone,CTZ-004996,+1-555-468-3057,Manager,1,AB-,2,2026-04-21 08:02:18
4997,citizen_4997,citizen_4997@example.com,William Martinez,+1-555-689-6647,"645 Smart City Ave, Street 39",Industrial Zone,CTZ-004997,+1-555-867-4135,Teacher,4,B-,3,2026-08-28 08:02:18
4998,citizen_4998,citizen_4998@example.com,Elizabeth Lopez,+1-555-568-9268,"698 Smart City Ave, Street 2",Industrial Zone,CTZ-004998,+1-555-118-9116,Technician,6,A-,1,2026-03-12 08:02:18
4999,citizen_4999,citizen_4999@example.com,Barbara Moore,+1-555-719-3241,"39 Smart City Ave, Street 33",Industrial Zone,CTZ-004999,+1-555-331-9642,Student,6,A-,3,2026-04-09 08:02:18
5000,citizen_5000,citizen_5000@example.com,James Thomas,+1-555-490-7825,"359 Smart City Ave, Street 48",North District,CTZ-005000,+1-555-817-2006,Architect,1,B-,1,2025-12-18 08:02:18
