id,transformer_id,consumption_kwh,peak_demand_kw,power_factor,frequency_hz,is_peak_hour,recorded_at
1,17,32.3,242.87,0.93,50.0,0,2026-07-06 08:10:19
2,14,37.48,281.78,0.94,49.96,0,2026-07-06 08:18:19
3,23,35.68,268.28,0.94,49.97,0,2026-07-06 08:26:19
4,18,34.61,260.2,0.91,50.02,0,2026-07-06 08:34:19
5,8,35.62,267.79,0.91,50.1,0,2026-07-06 08:42:19
6,4,30.43,228.8,0.93,49.92,0,2026-07-06 08:50:19
7,14,33.29,250.31,0.91,49.93,0,2026-07-06 08:58:19
8,30,36.18,272.02,0.94,49.92,0,2026-07-06 09:06:19
9,4,36.83,276.9,0.91,50.02,0,2026-07-06 09:14:19
10,17,37.92,285.1,0.94,49.92,0,2026-07-06 09:22:19
11,28,32.81,246.66,0.91,50.05,0,2026-07-06 09:30:19
12,26,35.19,264.6,0.93,49.95,0,2026-07-06 09:38:19
13,30,33.56,252.34,0.91,50.0,0,2026-07-06 09:46:19
14,10,34.92,262.58,0.91,50.1,0,2026-07-06 09:54:19
15,3,35.84,269.44,0.94,50.07,0,2026-07-06 10:02:19
16,16,34.46,259.12,0.91,49.98,0,2026-07-06 10:10:19
17,1,32.85,247.02,0.93,49.92,0,2026-07-06 10:18:19
18,14,31.91,239.96,0.91,50.06,0,2026-07-06 10:26:19
19,27,37.78,284.07,0.92,49.91,0,2026-07-06 10:34:19
20,8,35.08,263.77,0.93,50.02,0,2026-07-06 10:42:19
21,30,34.69,260.8,0.92,49.91,0,2026-07-06 10:50:19
22,17,32.02,240.73,0.91,49.9,0,2026-07-06 10:58:19
23,9,30.08,226.17,0.92,50.02,0,2026-07-06 11:06:19
24,3,34.12,256.51,0.92,50.02,0,2026-07-06 11:14:19
25,3,36.13,271.67,0.92,49.91,0,2026-07-06 11:22:19
26,21,30.6,230.07,0.93,50.08,0,2026-07-06 11:30:19
27,9,30.09,226.26,0.91,50.07,0,2026-07-06 11:38:19
28,1,33.63,252.82,0.93,49.96,0,2026-07-06 11:46:19
29,9,33.09,248.82,0.92,49.96,0,2026-07-06 11:54:19
30,28,35.7,268.42,0.92,49.91,0,2026-07-06 12:02:19
31,3,32.87,247.12,0.93,49.96,0,2026-07-06 12:10:19
32,23,32.23,242.34,0.91,49.93,0,2026-07-06 12:18:19
33,18,31.05,233.43,0.95,49.97,0,2026-07-06 12:26:19
34,12,37.02,278.38,0.91,50.0,0,2026-07-06 12:34:19
35,16,30.87,232.12,0.94,49.99,0,2026-07-06 12:42:19
36,8,32.1,241.37,0.94,49.94,0,2026-07-06 12:50:19
37,28,35.43,266.38,0.91,50.1,0,2026-07-06 12:58:19
38,27,36.27,272.74,0.93,50.06,0,2026-07-06 13:06:19
39,20,34.63,260.38,0.91,50.04,0,2026-07-06 13:14:19
40,24,30.29,227.76,0.95,50.02,0,2026-07-06 13:22:19
41,3,34.34,258.23,0.94,50.04,0,2026-07-06 13:30:19
42,27,31.08,233.65,0.92,49.94,0,2026-07-06 13:38:19
43,29,36.18,272.0,0.93,49.96,0,2026-07-06 13:46:19
44,26,34.56,259.83,0.94,50.02,0,2026-07-06 13:54:19
45,9,64.54,485.26,0.9,49.94,1,2026-07-06 14:02:19
46,26,67.74,509.3,0.9,50.09,1,2026-07-06 14:10:19
47,21,66.16,497.43,0.89,49.96,1,2026-07-06 14:18:19
48,15,65.02,488.88,0.91,49.96,1,2026-07-06 14:26:19
49,19,71.01,533.89,0.9,50.08,1,2026-07-06 14:34:19
50,2,71.29,536.04,0.88,49.91,1,2026-07-06 14:42:19
51,30,70.38,529.21,0.88,49.99,1,2026-07-06 14:50:19
52,16,68.13,512.28,0.89,50.04,1,2026-07-06 14:58:19
53,10,71.52,537.72,0.88,49.95,1,2026-07-06 15:06:19
54,20,71.2,535.31,0.88,49.95,1,2026-07-06 15:14:19
55,3,64.51,485.03,0.89,49.97,1,2026-07-06 15:22:19
56,3,71.85,540.24,0.9,50.0,1,2026-07-06 15:30:19
57,12,71.61,538.41,0.89,49.9,1,2026-07-06 15:38:19
58,28,65.91,495.59,0.91,50.09,1,2026-07-06 15:46:19
59,22,70.76,532.01,0.9,50.01,1,2026-07-06 15:54:19
60,2,71.54,537.9,0.9,49.97,1,2026-07-06 16:02:19
61,2,65.99,496.13,0.91,50.04,1,2026-07-06 16:10:19
62,19,68.3,513.52,0.87,50.03,1,2026-07-06 16:18:19
63,16,65.12,489.64,0.91,50.03,1,2026-07-06 16:26:19
64,4,70.5,530.09,0.88,49.98,1,2026-07-06 16:34:19
65,30,65.11,489.54,0.9,50.08,1,2026-07-06 16:42:19
66,19,69.6,523.31,0.88,49.92,1,2026-07-06 16:50:19
67,26,65.72,494.1,0.89,50.06,1,2026-07-06 16:58:19
68,28,70.77,532.12,0.89,49.94,1,2026-07-06 17:06:19
69,28,69.88,525.41,0.87,50.03,1,2026-07-06 17:14:19
70,20,65.47,492.27,0.9,50.09,1,2026-07-06 17:22:19
71,3,68.83,517.49,0.9,49.94,1,2026-07-06 17:30:19
72,27,68.42,514.44,0.9,49.9,1,2026-07-06 17:38:19
73,11,65.21,490.32,0.89,49.91,1,2026-07-06 17:46:19
74,19,66.32,498.66,0.9,49.99,1,2026-07-06 17:54:19
75,28,71.66,538.76,0.88,50.06,1,2026-07-06 18:02:19
76,14,70.41,529.38,0.87,50.0,1,2026-07-06 18:10:19
77,20,70.91,533.17,0.88,50.09,1,2026-07-06 18:18:19
78,13,68.37,514.07,0.9,50.02,1,2026-07-06 18:26:19
79,5,64.17,482.51,0.91,50.03,1,2026-07-06 18:34:19
80,4,66.24,498.06,0.88,49.95,1,2026-07-06 18:42:19
81,6,68.2,512.8,0.88,50.04,1,2026-07-06 18:50:19
82,30,68.37,514.03,0.89,49.9,1,2026-07-06 18:58:19
83,18,70.09,526.99,0.88,50.1,1,2026-07-06 19:06:19
84,5,64.87,487.74,0.89,50.02,1,2026-07-06 19:14:19
85,22,65.48,492.34,0.9,50.02,1,2026-07-06 19:22:19
86,9,64.58,485.58,0.9,50.02,1,2026-07-06 19:30:19
87,27,66.36,498.96,0.88,50.09,1,2026-07-06 19:38:19
88,30,65.81,494.82,0.88,50.0,1,2026-07-06 19:46:19
89,21,67.38,506.6,0.91,50.01,1,2026-07-06 19:54:19
90,6,70.26,528.27,0.9,50.04,1,2026-07-06 20:02:19
91,17,66.8,502.22,0.91,50.07,1,2026-07-06 20:10:19
92,8,64.65,486.06,0.89,49.98,1,2026-07-06 20:18:19
93,10,66.63,500.98,0.87,50.0,1,2026-07-06 20:26:19
94,1,67.4,506.73,0.9,50.08,1,2026-07-06 20:34:19
95,1,69.55,522.92,0.89,49.96,1,2026-07-06 20:42:19
96,10,67.59,508.19,0.9,50.07,1,2026-07-06 20:50:19
97,6,70.06,526.78,0.89,50.03,1,2026-07-06 20:58:19
98,29,65.1,489.46,0.91,50.09,1,2026-07-06 21:06:19
99,6,66.93,503.21,0.89,50.07,1,2026-07-06 21:14:19
100,16,65.58,493.11,0.89,49.96,1,2026-07-06 21:22:19
101,5,68.13,512.27,0.88,50.0,1,2026-07-06 21:30:19
102,2,71.93,540.81,0.9,50.06,1,2026-07-06 21:38:19
103,23,68.8,517.31,0.87,49.92,1,2026-07-06 21:46:19
104,23,65.21,490.31,0.89,50.02,1,2026-07-06 21:54:19
105,29,30.9,232.35,0.93,50.04,0,2026-07-06 22:02:19
106,21,34.87,262.17,0.92,49.97,0,2026-07-06 22:10:19
107,15,37.34,280.75,0.91,50.09,0,2026-07-06 22:18:19
108,2,35.83,269.4,0.91,50.05,0,2026-07-06 22:26:19
109,17,37.0,278.21,0.94,50.09,0,2026-07-06 22:34:19
110,2,34.33,258.14,0.93,49.96,0,2026-07-06 22:42:19
111,2,32.04,240.93,0.92,50.03,0,2026-07-06 22:50:19
112,5,36.04,270.99,0.92,50.03,0,2026-07-06 22:58:19
113,29,34.35,258.29,0.91,50.01,0,2026-07-06 23:06:19
114,28,37.35,280.82,0.91,50.05,0,2026-07-06 23:14:19
115,11,34.68,260.73,0.92,50.05,0,2026-07-06 23:22:19
116,13,32.66,245.56,0.91,49.96,0,2026-07-06 23:30:19
117,6,36.63,275.39,0.92,50.0,0,2026-07-06 23:38:19
118,22,37.5,281.95,0.91,49.98,0,2026-07-06 23:46:19
119,19,32.93,247.58,0.93,49.96,0,2026-07-06 23:54:19
120,22,31.57,237.38,0.92,49.98,0,2026-07-07 00:02:19
121,17,32.04,240.91,0.95,50.04,0,2026-07-07 00:10:19
122,9,37.66,283.18,0.93,50.03,0,2026-07-07 00:18:19
123,17,30.19,227.0,0.94,50.0,0,2026-07-07 00:26:19
124,10,33.41,251.17,0.93,50.05,0,2026-07-07 00:34:19
125,26,34.6,260.16,0.92,50.08,0,2026-07-07 00:42:19
126,11,37.75,283.81,0.93,49.92,0,2026-07-07 00:50:19
127,22,34.53,259.61,0.94,49.99,0,2026-07-07 00:58:19
128,30,35.59,267.61,0.93,50.05,0,2026-07-07 01:06:19
129,7,32.46,244.09,0.95,50.1,0,2026-07-07 01:14:19
130,2,30.57,229.87,0.95,49.91,0,2026-07-07 01:22:19
131,12,34.96,262.89,0.91,50.0,0,2026-07-07 01:30:19
132,15,36.65,275.59,0.9,49.96,0,2026-07-07 01:38:19
133,10,33.86,254.58,0.91,49.96,0,2026-07-07 01:46:19
134,28,31.84,239.37,0.94,49.98,0,2026-07-07 01:54:19
135,28,33.75,253.79,0.93,49.98,0,2026-07-07 02:02:19
136,13,31.24,234.86,0.92,50.0,0,2026-07-07 02:10:19
137,28,33.37,250.93,0.91,49.96,0,2026-07-07 02:18:19
138,4,32.11,241.43,0.94,50.05,0,2026-07-07 02:26:19
139,23,34.8,261.68,0.92,49.94,0,2026-07-07 02:34:19
140,4,34.15,256.78,0.91,50.02,0,2026-07-07 02:42:19
141,12,36.06,271.13,0.93,49.97,0,2026-07-07 02:50:19
142,18,37.02,278.32,0.93,49.99,0,2026-07-07 02:58:19
143,29,30.54,229.63,0.94,49.91,0,2026-07-07 03:06:19
144,14,35.81,269.24,0.93,49.95,0,2026-07-07 03:14:19
145,5,32.05,240.99,0.91,50.04,0,2026-07-07 03:22:19
146,14,31.16,234.31,0.93,49.99,0,2026-07-07 03:30:19
147,30,35.22,264.8,0.91,50.02,0,2026-07-07 03:38:19
148,21,32.32,243.01,0.93,50.08,0,2026-07-07 03:46:19
149,12,31.88,239.68,0.94,49.95,0,2026-07-07 03:54:19
150,5,36.44,273.96,0.94,50.01,0,2026-07-07 04:02:19
151,27,31.3,235.34,0.91,49.97,0,2026-07-07 04:10:19
152,6,34.95,262.8,0.94,50.06,0,2026-07-07 04:18:19
153,22,31.72,238.49,0.94,50.08,0,2026-07-07 04:26:19
154,24,32.45,243.99,0.92,49.91,0,2026-07-07 04:34:19
155,17,31.91,239.91,0.91,49.99,0,2026-07-07 04:42:19
156,10,32.34,243.15,0.94,50.06,0,2026-07-07 04:50:19
157,13,34.36,258.32,0.91,50.08,0,2026-07-07 04:58:19
158,3,31.43,236.34,0.94,49.99,0,2026-07-07 05:06:19
159,19,34.64,260.46,0.92,49.93,0,2026-07-07 05:14:19
160,30,33.43,251.36,0.91,49.94,0,2026-07-07 05:22:19
161,9,34.63,260.39,0.94,49.97,0,2026-07-07 05:30:19
162,3,37.61,282.76,0.94,50.05,0,2026-07-07 05:38:19
163,6,35.03,263.38,0.92,50.1,0,2026-07-07 05:46:19
164,27,33.04,248.4,0.94,50.05,0,2026-07-07 05:54:19
165,13,34.12,256.53,0.91,50.07,0,2026-07-07 06:02:19
166,3,36.3,272.95,0.91,49.92,0,2026-07-07 06:10:19
167,27,33.72,253.57,0.94,50.04,0,2026-07-07 06:18:19
168,10,35.56,267.39,0.93,49.98,0,2026-07-07 06:26:19
169,11,31.27,235.11,0.93,49.98,0,2026-07-07 06:34:19
170,1,34.32,258.03,0.94,49.91,0,2026-07-07 06:42:19
171,23,36.51,274.5,0.93,49.98,0,2026-07-07 06:50:19
172,21,31.44,236.39,0.92,50.0,0,2026-07-07 06:58:19
173,22,34.51,259.45,0.94,50.1,0,2026-07-07 07:06:19
174,11,33.9,254.85,0.93,50.08,0,2026-07-07 07:14:19
175,17,35.05,263.51,0.91,50.06,0,2026-07-07 07:22:19
176,20,35.34,265.71,0.91,49.96,0,2026-07-07 07:30:19
177,2,30.41,228.68,0.94,49.94,0,2026-07-07 07:38:19
178,19,33.66,253.05,0.93,50.06,0,2026-07-07 07:46:19
179,9,36.63,275.39,0.94,49.92,0,2026-07-07 07:54:19
180,14,32.73,246.09,0.93,49.91,0,2026-07-07 08:02:19
181,19,34.72,261.09,0.91,49.92,0,2026-07-07 08:10:19
182,24,34.83,261.9,0.93,49.96,0,2026-07-07 08:18:19
183,15,36.38,273.52,0.91,49.91,0,2026-07-07 08:26:19
184,16,36.83,276.89,0.93,50.07,0,2026-07-07 08:34:19
185,5,31.58,237.47,0.93,50.09,0,2026-07-07 08:42:19
186,10,37.2,279.7,0.94,50.06,0,2026-07-07 08:50:19
187,18,33.24,249.93,0.94,49.94,0,2026-07-07 08:58:19
188,7,34.78,261.54,0.94,50.06,0,2026-07-07 09:06:19
189,10,33.34,250.69,0.93,49.97,0,2026-07-07 09:14:19
190,29,37.08,278.83,0.94,50.06,0,2026-07-07 09:22:19
191,10,37.25,280.06,0.91,50.05,0,2026-07-07 09:30:19
192,2,31.2,234.59,0.95,49.93,0,2026-07-07 09:38:19
193,16,35.14,264.21,0.93,50.03,0,2026-07-07 09:46:19
194,10,34.01,255.74,0.93,49.99,0,2026-07-07 09:54:19
195,2,36.41,273.75,0.94,50.04,0,2026-07-07 10:02:19
196,23,30.22,227.19,0.92,50.09,0,2026-07-07 10:10:19
197,24,34.01,255.68,0.93,49.97,0,2026-07-07 10:18:19
198,19,31.74,238.67,0.93,49.93,0,2026-07-07 10:26:19
199,5,32.5,244.33,0.92,50.07,0,2026-07-07 10:34:19
200,5,34.29,257.82,0.94,50.08,0,2026-07-07 10:42:19
201,3,34.99,263.1,0.93,50.01,0,2026-07-07 10:50:19
202,30,37.33,280.69,0.92,49.96,0,2026-07-07 10:58:19
203,14,37.21,279.74,0.91,49.99,0,2026-07-07 11:06:19
204,3,34.03,255.84,0.94,49.99,0,2026-07-07 11:14:19
205,2,35.94,270.26,0.92,49.91,0,2026-07-07 11:22:19
206,4,30.29,227.74,0.92,49.92,0,2026-07-07 11:30:19
207,3,33.81,254.21,0.94,50.02,0,2026-07-07 11:38:19
208,6,30.27,227.61,0.94,49.96,0,2026-07-07 11:46:19
209,12,30.63,230.3,0.93,49.98,0,2026-07-07 11:54:19
210,20,37.68,283.3,0.94,50.04,0,2026-07-07 12:02:19
211,6,34.01,255.69,0.92,50.06,0,2026-07-07 12:10:19
212,27,33.46,251.58,0.93,49.91,0,2026-07-07 12:18:19
213,14,30.65,230.43,0.93,50.04,0,2026-07-07 12:26:19
214,19,35.33,265.65,0.91,50.02,0,2026-07-07 12:34:19
215,22,36.19,272.07,0.94,49.91,0,2026-07-07 12:42:19
216,13,37.93,285.16,0.9,50.02,0,2026-07-07 12:50:19
217,18,31.52,237.0,0.92,50.02,0,2026-07-07 12:58:19
218,19,36.75,276.3,0.92,49.93,0,2026-07-07 13:06:19
219,5,36.38,273.5,0.94,50.09,0,2026-07-07 13:14:19
220,26,33.52,252.02,0.91,49.92,0,2026-07-07 13:22:19
221,7,30.95,232.7,0.92,50.1,0,2026-07-07 13:30:19
222,14,30.3,227.8,0.92,49.92,0,2026-07-07 13:38:19
223,25,37.22,279.82,0.91,50.07,0,2026-07-07 13:46:19
224,27,37.39,281.1,0.92,50.06,0,2026-07-07 13:54:19
225,3,65.07,489.23,0.91,49.99,1,2026-07-07 14:02:19
226,21,67.86,510.24,0.88,49.95,1,2026-07-07 14:10:19
227,8,70.4,529.3,0.91,49.97,1,2026-07-07 14:18:19
228,12,69.56,522.99,0.9,50.09,1,2026-07-07 14:26:19
229,26,70.98,533.71,0.89,49.92,1,2026-07-07 14:34:19
230,19,69.17,520.1,0.88,49.91,1,2026-07-07 14:42:19
231,29,64.87,487.74,0.91,49.95,1,2026-07-07 14:50:19
232,27,66.06,496.72,0.9,50.04,1,2026-07-07 14:58:19
233,17,69.95,525.97,0.9,50.07,1,2026-07-07 15:06:19
234,1,68.86,517.71,0.9,50.02,1,2026-07-07 15:14:19
235,28,64.33,483.66,0.89,49.91,1,2026-07-07 15:22:19
236,5,66.01,496.31,0.89,50.08,1,2026-07-07 15:30:19
237,16,71.42,537.02,0.89,50.07,1,2026-07-07 15:38:19
238,18,71.88,540.42,0.9,49.94,1,2026-07-07 15:46:19
239,29,67.56,507.96,0.88,50.06,1,2026-07-07 15:54:19
240,18,65.58,493.11,0.9,49.93,1,2026-07-07 16:02:19
241,29,71.45,537.23,0.89,50.03,1,2026-07-07 16:10:19
242,11,67.11,504.57,0.89,49.96,1,2026-07-07 16:18:19
243,11,65.91,495.56,0.88,49.95,1,2026-07-07 16:26:19
244,3,68.32,513.65,0.89,50.06,1,2026-07-07 16:34:19
245,23,67.91,510.58,0.89,50.07,1,2026-07-07 16:42:19
246,30,71.98,541.2,0.89,49.92,1,2026-07-07 16:50:19
247,25,70.29,528.5,0.88,50.08,1,2026-07-07 16:58:19
248,18,71.19,535.27,0.89,49.94,1,2026-07-07 17:06:19
249,13,67.5,507.51,0.88,49.96,1,2026-07-07 17:14:19
250,6,70.17,527.57,0.89,49.94,1,2026-07-07 17:22:19
251,4,69.58,523.19,0.91,49.97,1,2026-07-07 17:30:19
252,8,66.91,503.08,0.89,49.91,1,2026-07-07 17:38:19
253,30,65.25,490.59,0.9,50.04,1,2026-07-07 17:46:19
254,3,68.23,513.01,0.89,50.07,1,2026-07-07 17:54:19
255,12,71.55,537.97,0.87,50.05,1,2026-07-07 18:02:19
256,2,65.96,495.91,0.88,49.96,1,2026-07-07 18:10:19
257,20,67.67,508.78,0.9,50.07,1,2026-07-07 18:18:19
258,29,68.76,516.99,0.88,50.07,1,2026-07-07 18:26:19
259,4,68.86,517.75,0.89,50.05,1,2026-07-07 18:34:19
260,19,68.43,514.5,0.88,50.06,1,2026-07-07 18:42:19
261,10,67.94,510.83,0.89,49.99,1,2026-07-07 18:50:19
262,14,65.52,492.66,0.91,50.09,1,2026-07-07 18:58:19
263,30,66.4,499.22,0.88,49.96,1,2026-07-07 19:06:19
264,18,68.14,512.36,0.9,50.04,1,2026-07-07 19:14:19
265,16,70.63,531.06,0.88,49.95,1,2026-07-07 19:22:19
266,16,65.81,494.81,0.88,50.09,1,2026-07-07 19:30:19
267,6,70.32,528.74,0.88,49.98,1,2026-07-07 19:38:19
268,20,64.68,486.32,0.9,49.97,1,2026-07-07 19:46:19
269,19,67.6,508.3,0.88,49.93,1,2026-07-07 19:54:19
270,25,66.34,498.78,0.89,50.09,1,2026-07-07 20:02:19
271,13,71.55,537.98,0.91,50.02,1,2026-07-07 20:10:19
272,5,65.6,493.25,0.88,50.0,1,2026-07-07 20:18:19
273,30,69.5,522.59,0.89,50.06,1,2026-07-07 20:26:19
274,15,70.28,528.44,0.91,49.94,1,2026-07-07 20:34:19
275,30,66.04,496.51,0.88,49.93,1,2026-07-07 20:42:19
276,14,66.79,502.21,0.91,50.0,1,2026-07-07 20:50:19
277,14,66.03,496.49,0.89,49.94,1,2026-07-07 20:58:19
278,25,67.06,504.22,0.91,49.93,1,2026-07-07 21:06:19
279,11,64.22,482.83,0.89,50.09,1,2026-07-07 21:14:19
280,26,67.56,507.94,0.89,50.09,1,2026-07-07 21:22:19
281,3,70.44,529.65,0.89,50.06,1,2026-07-07 21:30:19
282,16,70.35,528.96,0.87,50.08,1,2026-07-07 21:38:19
283,26,64.22,482.84,0.88,49.99,1,2026-07-07 21:46:19
284,21,68.51,515.12,0.87,50.09,1,2026-07-07 21:54:19
285,29,34.81,261.72,0.91,50.08,0,2026-07-07 22:02:19
286,26,31.32,235.47,0.93,49.95,0,2026-07-07 22:10:19
287,4,36.61,275.28,0.91,50.01,0,2026-07-07 22:18:19
288,8,31.03,233.28,0.92,50.06,0,2026-07-07 22:26:19
289,21,33.09,248.82,0.94,49.91,0,2026-07-07 22:34:19
290,22,32.02,240.78,0.92,49.92,0,2026-07-07 22:42:19
291,22,34.82,261.83,0.94,49.93,0,2026-07-07 22:50:19
292,20,37.29,280.39,0.9,49.96,0,2026-07-07 22:58:19
293,30,32.11,241.4,0.93,50.03,0,2026-07-07 23:06:19
294,28,35.17,264.4,0.92,49.94,0,2026-07-07 23:14:19
295,9,38.01,285.78,0.93,50.02,0,2026-07-07 23:22:19
296,12,34.1,256.38,0.93,50.08,0,2026-07-07 23:30:19
297,5,35.5,266.9,0.91,50.03,0,2026-07-07 23:38:19
298,12,35.69,268.33,0.92,50.04,0,2026-07-07 23:46:19
299,22,37.76,283.9,0.92,50.0,0,2026-07-07 23:54:19
300,15,36.69,275.85,0.91,49.92,0,2026-07-08 00:02:19
301,19,34.51,259.45,0.93,49.98,0,2026-07-08 00:10:19
302,29,31.62,237.71,0.94,50.07,0,2026-07-08 00:18:19
303,28,36.08,271.26,0.91,50.09,0,2026-07-08 00:26:19
304,24,34.88,262.28,0.91,49.91,0,2026-07-08 00:34:19
305,15,33.77,253.9,0.94,50.0,0,2026-07-08 00:42:19
306,28,33.36,250.81,0.91,49.96,0,2026-07-08 00:50:19
307,2,37.94,285.28,0.93,49.94,0,2026-07-08 00:58:19
308,15,33.3,250.36,0.92,50.09,0,2026-07-08 01:06:19
309,8,37.64,282.98,0.94,50.05,0,2026-07-08 01:14:19
310,12,30.48,229.17,0.93,49.98,0,2026-07-08 01:22:19
311,16,33.01,248.21,0.92,50.04,0,2026-07-08 01:30:19
312,10,37.52,282.1,0.94,50.04,0,2026-07-08 01:38:19
313,16,31.36,235.81,0.94,49.94,0,2026-07-08 01:46:19
314,5,30.68,230.71,0.94,50.04,0,2026-07-08 01:54:19
315,19,34.22,257.27,0.94,50.04,0,2026-07-08 02:02:19
316,1,32.64,245.45,0.91,50.05,0,2026-07-08 02:10:19
317,5,31.82,239.22,0.94,50.05,0,2026-07-08 02:18:19
318,20,37.71,283.55,0.92,50.05,0,2026-07-08 02:26:19
319,20,33.19,249.53,0.93,49.9,0,2026-07-08 02:34:19
320,29,35.78,269.04,0.93,50.02,0,2026-07-08 02:42:19
321,28,34.15,256.78,0.93,49.99,0,2026-07-08 02:50:19
322,19,33.32,250.5,0.95,50.04,0,2026-07-08 02:58:19
323,1,37.17,279.51,0.91,50.06,0,2026-07-08 03:06:19
324,6,34.0,255.64,0.92,49.92,0,2026-07-08 03:14:19
325,10,34.83,261.91,0.91,50.09,0,2026-07-08 03:22:19
326,22,36.92,277.59,0.94,50.1,0,2026-07-08 03:30:19
327,14,31.98,240.48,0.92,50.07,0,2026-07-08 03:38:19
328,12,34.79,261.57,0.91,49.93,0,2026-07-08 03:46:19
329,25,34.86,262.09,0.91,50.04,0,2026-07-08 03:54:19
330,14,30.49,229.23,0.94,49.92,0,2026-07-08 04:02:19
331,29,37.37,281.01,0.92,50.03,0,2026-07-08 04:10:19
332,2,31.54,237.13,0.93,50.01,0,2026-07-08 04:18:19
333,3,32.96,247.83,0.95,49.9,0,2026-07-08 04:26:19
334,11,34.58,260.03,0.94,49.98,0,2026-07-08 04:34:19
335,14,30.46,229.03,0.94,49.98,0,2026-07-08 04:42:19
336,15,30.25,227.46,0.92,50.06,0,2026-07-08 04:50:19
337,26,33.8,254.12,0.92,50.09,0,2026-07-08 04:58:19
338,4,35.73,268.68,0.91,50.08,0,2026-07-08 05:06:19
339,20,36.91,277.53,0.9,49.98,0,2026-07-08 05:14:19
340,10,33.53,252.08,0.92,50.01,0,2026-07-08 05:22:19
341,21,37.36,280.9,0.92,50.04,0,2026-07-08 05:30:19
342,14,33.34,250.66,0.92,50.01,0,2026-07-08 05:38:19
343,10,30.14,226.61,0.92,49.96,0,2026-07-08 05:46:19
344,3,34.82,261.82,0.91,49.94,0,2026-07-08 05:54:19
345,25,36.48,274.27,0.92,49.91,0,2026-07-08 06:02:19
346,21,33.93,255.15,0.94,50.06,0,2026-07-08 06:10:19
347,3,32.93,247.57,0.95,50.01,0,2026-07-08 06:18:19
348,11,30.81,231.66,0.92,49.98,0,2026-07-08 06:26:19
349,24,37.56,282.42,0.91,49.98,0,2026-07-08 06:34:19
350,1,30.19,226.96,0.91,49.95,0,2026-07-08 06:42:19
351,27,34.47,259.17,0.91,49.95,0,2026-07-08 06:50:19
352,20,32.52,244.53,0.94,50.03,0,2026-07-08 06:58:19
353,17,37.64,282.97,0.94,49.95,0,2026-07-08 07:06:19
354,29,35.7,268.42,0.92,49.97,0,2026-07-08 07:14:19
355,18,35.15,264.28,0.93,49.9,0,2026-07-08 07:22:19
356,3,33.82,254.31,0.94,49.99,0,2026-07-08 07:30:19
357,5,35.76,268.86,0.94,49.95,0,2026-07-08 07:38:19
358,12,37.75,283.81,0.93,50.06,0,2026-07-08 07:46:19
359,7,37.52,282.08,0.92,50.09,0,2026-07-08 07:54:19
360,17,37.65,283.09,0.91,50.03,0,2026-07-08 08:02:19
361,22,36.34,273.2,0.91,50.05,0,2026-07-08 08:10:19
362,6,34.99,263.07,0.92,49.94,0,2026-07-08 08:18:19
363,7,34.98,262.98,0.93,50.07,0,2026-07-08 08:26:19
364,27,35.17,264.42,0.91,50.07,0,2026-07-08 08:34:19
365,9,35.24,264.96,0.92,49.99,0,2026-07-08 08:42:19
366,16,36.64,275.52,0.91,49.98,0,2026-07-08 08:50:19
367,8,34.84,261.99,0.92,50.01,0,2026-07-08 08:58:19
368,26,32.92,247.5,0.94,49.91,0,2026-07-08 09:06:19
369,17,31.06,233.57,0.93,49.92,0,2026-07-08 09:14:19
370,14,33.87,254.65,0.91,50.04,0,2026-07-08 09:22:19
371,24,34.15,256.77,0.91,49.99,0,2026-07-08 09:30:19
372,4,31.15,234.22,0.92,50.03,0,2026-07-08 09:38:19
373,29,34.69,260.8,0.92,50.03,0,2026-07-08 09:46:19
374,20,36.07,271.23,0.93,49.92,0,2026-07-08 09:54:19
375,19,32.18,241.99,0.92,50.05,0,2026-07-08 10:02:19
376,1,34.73,261.15,0.93,50.08,0,2026-07-08 10:10:19
377,7,36.71,276.02,0.91,49.98,0,2026-07-08 10:18:19
378,11,35.41,266.21,0.94,50.0,0,2026-07-08 10:26:19
379,27,32.41,243.69,0.91,49.92,0,2026-07-08 10:34:19
380,20,37.37,280.95,0.92,50.09,0,2026-07-08 10:42:19
381,16,31.38,235.97,0.95,49.96,0,2026-07-08 10:50:19
382,4,32.52,244.54,0.93,50.02,0,2026-07-08 10:58:19
383,22,34.62,260.3,0.92,50.03,0,2026-07-08 11:06:19
384,11,35.01,263.26,0.92,50.01,0,2026-07-08 11:14:19
385,11,32.91,247.43,0.94,50.01,0,2026-07-08 11:22:19
386,28,34.16,256.82,0.91,49.95,0,2026-07-08 11:30:19
387,29,31.36,235.8,0.95,50.0,0,2026-07-08 11:38:19
388,20,36.63,275.41,0.93,49.96,0,2026-07-08 11:46:19
389,29,36.94,277.73,0.92,50.04,0,2026-07-08 11:54:19
390,11,31.26,235.07,0.95,49.94,0,2026-07-08 12:02:19
391,11,37.06,278.67,0.92,50.04,0,2026-07-08 12:10:19
392,12,31.67,238.15,0.94,50.0,0,2026-07-08 12:18:19
393,20,30.21,227.14,0.94,50.06,0,2026-07-08 12:26:19
394,21,32.57,244.92,0.94,49.99,0,2026-07-08 12:34:19
395,22,32.79,246.51,0.91,50.07,0,2026-07-08 12:42:19
396,17,31.97,240.4,0.91,50.04,0,2026-07-08 12:50:19
397,10,32.15,241.71,0.95,50.06,0,2026-07-08 12:58:19
398,4,33.95,255.24,0.91,50.04,0,2026-07-08 13:06:19
399,24,34.21,257.21,0.93,49.96,0,2026-07-08 13:14:19
400,23,33.14,249.21,0.94,49.91,0,2026-07-08 13:22:19
401,25,31.96,240.28,0.92,50.08,0,2026-07-08 13:30:19
402,1,30.68,230.7,0.92,50.04,0,2026-07-08 13:38:19
403,13,31.22,234.72,0.92,50.01,0,2026-07-08 13:46:19
404,7,31.26,235.01,0.93,50.05,0,2026-07-08 13:54:19
405,9,65.96,495.97,0.88,50.06,1,2026-07-08 14:02:19
406,21,67.0,503.79,0.91,50.07,1,2026-07-08 14:10:19
407,24,69.5,522.52,0.88,50.09,1,2026-07-08 14:18:19
408,5,65.16,489.95,0.87,49.97,1,2026-07-08 14:26:19
409,29,65.76,494.4,0.9,50.05,1,2026-07-08 14:34:19
410,8,71.07,534.35,0.9,50.06,1,2026-07-08 14:42:19
411,24,69.57,523.11,0.87,49.92,1,2026-07-08 14:50:19
412,19,67.05,504.1,0.91,49.92,1,2026-07-08 14:58:19
413,13,65.26,490.65,0.91,49.95,1,2026-07-08 15:06:19
414,27,64.18,482.55,0.9,50.04,1,2026-07-08 15:14:19
415,10,68.85,517.66,0.91,49.92,1,2026-07-08 15:22:19
416,6,68.64,516.12,0.88,49.93,1,2026-07-08 15:30:19
417,23,68.37,514.08,0.88,50.03,1,2026-07-08 15:38:19
418,12,69.48,522.39,0.89,50.1,1,2026-07-08 15:46:19
419,3,64.81,487.28,0.9,49.96,1,2026-07-08 15:54:19
420,25,65.57,492.98,0.91,49.97,1,2026-07-08 16:02:19
421,22,68.58,515.63,0.91,50.06,1,2026-07-08 16:10:19
422,17,68.1,512.0,0.88,50.06,1,2026-07-08 16:18:19
423,21,67.21,505.34,0.91,50.08,1,2026-07-08 16:26:19
424,5,68.98,518.65,0.88,49.92,1,2026-07-08 16:34:19
425,11,69.43,522.04,0.88,50.05,1,2026-07-08 16:42:19
426,8,70.72,531.72,0.9,49.9,1,2026-07-08 16:50:19
427,22,68.24,513.11,0.91,50.08,1,2026-07-08 16:58:19
428,17,68.73,516.79,0.9,49.9,1,2026-07-08 17:06:19
429,11,66.57,500.53,0.88,49.97,1,2026-07-08 17:14:19
430,30,65.08,489.34,0.91,50.06,1,2026-07-08 17:22:19
431,20,68.1,512.01,0.88,49.91,1,2026-07-08 17:30:19
432,14,65.85,495.14,0.9,50.03,1,2026-07-08 17:38:19
433,26,66.14,497.31,0.9,50.08,1,2026-07-08 17:46:19
434,29,72.08,541.95,0.89,50.0,1,2026-07-08 17:54:19
435,23,66.59,500.68,0.89,49.99,1,2026-07-08 18:02:19
436,16,64.32,483.64,0.89,50.01,1,2026-07-08 18:10:19
437,7,65.77,494.53,0.89,49.96,1,2026-07-08 18:18:19
438,3,70.78,532.19,0.89,49.93,1,2026-07-08 18:26:19
439,1,69.21,520.36,0.89,50.08,1,2026-07-08 18:34:19
440,29,69.84,525.11,0.9,49.93,1,2026-07-08 18:42:19
441,4,65.31,491.06,0.89,49.99,1,2026-07-08 18:50:19
442,8,69.65,523.66,0.88,50.02,1,2026-07-08 18:58:19
443,2,67.23,505.48,0.88,49.96,1,2026-07-08 19:06:19
444,26,70.39,529.22,0.88,49.92,1,2026-07-08 19:14:19
445,16,66.65,501.12,0.89,50.1,1,2026-07-08 19:22:19
446,7,71.79,539.8,0.9,50.07,1,2026-07-08 19:30:19
447,11,71.98,541.21,0.88,50.02,1,2026-07-08 19:38:19
448,29,71.73,539.31,0.88,49.98,1,2026-07-08 19:46:19
449,3,64.85,487.62,0.89,50.07,1,2026-07-08 19:54:19
450,23,66.36,498.95,0.9,50.09,1,2026-07-08 20:02:19
451,8,68.61,515.84,0.87,49.92,1,2026-07-08 20:10:19
452,30,64.89,487.88,0.91,50.1,1,2026-07-08 20:18:19
453,17,67.09,504.46,0.89,49.99,1,2026-07-08 20:26:19
454,14,65.46,492.2,0.89,50.0,1,2026-07-08 20:34:19
455,8,65.57,492.99,0.9,49.95,1,2026-07-08 20:42:19
456,6,68.29,513.43,0.91,50.09,1,2026-07-08 20:50:19
457,28,68.13,512.23,0.88,49.99,1,2026-07-08 20:58:19
458,24,64.92,488.14,0.88,49.97,1,2026-07-08 21:06:19
459,17,69.52,522.68,0.89,50.09,1,2026-07-08 21:14:19
460,4,66.69,501.45,0.91,49.93,1,2026-07-08 21:22:19
461,15,64.73,486.7,0.88,50.04,1,2026-07-08 21:30:19
462,13,68.52,515.22,0.89,49.92,1,2026-07-08 21:38:19
463,9,67.36,506.44,0.89,49.99,1,2026-07-08 21:46:19
464,2,71.95,540.99,0.88,50.05,1,2026-07-08 21:54:19
465,1,37.82,284.34,0.94,50.03,0,2026-07-08 22:02:19
466,3,32.31,242.91,0.91,50.07,0,2026-07-08 22:10:19
467,26,30.5,229.3,0.91,49.98,0,2026-07-08 22:18:19
468,2,37.56,282.39,0.93,49.91,0,2026-07-08 22:26:19
469,28,35.28,265.29,0.94,49.99,0,2026-07-08 22:34:19
470,30,30.67,230.61,0.94,50.08,0,2026-07-08 22:42:19
471,13,32.62,245.29,0.93,49.96,0,2026-07-08 22:50:19
472,5,32.72,246.02,0.93,49.96,0,2026-07-08 22:58:19
473,15,34.85,262.04,0.92,50.02,0,2026-07-08 23:06:19
474,6,36.76,276.37,0.92,50.06,0,2026-07-08 23:14:19
475,11,31.64,237.88,0.94,50.06,0,2026-07-08 23:22:19
476,14,35.51,266.99,0.93,49.96,0,2026-07-08 23:30:19
477,14,33.76,253.81,0.91,50.01,0,2026-07-08 23:38:19
478,15,34.22,257.3,0.91,50.0,0,2026-07-08 23:46:19
479,4,37.09,278.87,0.92,50.05,0,2026-07-08 23:54:19
480,4,30.48,229.17,0.92,50.06,0,2026-07-09 00:02:19
481,8,31.39,236.04,0.95,50.09,0,2026-07-09 00:10:19
482,27,30.76,231.3,0.92,50.02,0,2026-07-09 00:18:19
483,27,33.2,249.63,0.92,50.04,0,2026-07-09 00:26:19
484,30,36.35,273.32,0.9,49.96,0,2026-07-09 00:34:19
485,27,32.32,243.01,0.94,49.99,0,2026-07-09 00:42:19
486,29,30.34,228.15,0.93,50.03,0,2026-07-09 00:50:19
487,13,32.22,242.22,0.91,50.05,0,2026-07-09 00:58:19
488,24,33.69,253.33,0.92,49.95,0,2026-07-09 01:06:19
489,23,35.67,268.16,0.93,50.03,0,2026-07-09 01:14:19
490,12,30.32,227.98,0.94,49.98,0,2026-07-09 01:22:19
491,18,32.5,244.33,0.91,49.96,0,2026-07-09 01:30:19
492,22,37.12,279.12,0.92,50.07,0,2026-07-09 01:38:19
493,2,32.7,245.89,0.92,49.93,0,2026-07-09 01:46:19
494,6,30.2,227.06,0.93,50.04,0,2026-07-09 01:54:19
495,29,35.9,269.89,0.93,50.06,0,2026-07-09 02:02:19
496,26,35.92,270.04,0.91,49.97,0,2026-07-09 02:10:19
497,18,32.14,241.64,0.94,49.99,0,2026-07-09 02:18:19
498,20,37.98,285.54,0.91,50.07,0,2026-07-09 02:26:19
499,16,35.11,264.0,0.92,50.05,0,2026-07-09 02:34:19
500,26,31.2,234.58,0.95,49.94,0,2026-07-09 02:42:19
501,9,36.4,273.67,0.93,50.02,0,2026-07-09 02:50:19
502,7,30.86,232.01,0.91,50.09,0,2026-07-09 02:58:19
503,9,37.69,283.38,0.93,49.97,0,2026-07-09 03:06:19
504,27,32.28,242.68,0.91,49.92,0,2026-07-09 03:14:19
505,27,35.87,269.68,0.92,49.94,0,2026-07-09 03:22:19
506,11,31.63,237.8,0.92,49.97,0,2026-07-09 03:30:19
507,7,37.56,282.41,0.92,50.09,0,2026-07-09 03:38:19
508,22,33.44,251.46,0.92,49.96,0,2026-07-09 03:46:19
509,10,37.37,280.98,0.94,49.96,0,2026-07-09 03:54:19
510,11,34.19,257.07,0.94,49.93,0,2026-07-09 04:02:19
511,25,33.2,249.63,0.93,49.9,0,2026-07-09 04:10:19
512,24,36.33,273.14,0.94,49.98,0,2026-07-09 04:18:19
513,4,36.58,275.05,0.91,49.93,0,2026-07-09 04:26:19
514,12,30.17,226.84,0.94,49.9,0,2026-07-09 04:34:19
515,27,30.19,227.0,0.95,50.0,0,2026-07-09 04:42:19
516,23,36.22,272.36,0.92,49.9,0,2026-07-09 04:50:19
517,6,31.04,233.38,0.94,50.01,0,2026-07-09 04:58:19
518,11,33.17,249.39,0.94,50.02,0,2026-07-09 05:06:19
519,28,30.14,226.61,0.92,49.96,0,2026-07-09 05:14:19
520,19,36.99,278.15,0.92,50.03,0,2026-07-09 05:22:19
521,9,33.15,249.23,0.94,49.94,0,2026-07-09 05:30:19
522,17,37.94,285.23,0.94,49.99,0,2026-07-09 05:38:19
523,27,36.7,275.93,0.92,50.05,0,2026-07-09 05:46:19
524,1,37.86,284.67,0.94,49.95,0,2026-07-09 05:54:19
525,25,36.05,271.08,0.9,50.1,0,2026-07-09 06:02:19
526,19,37.69,283.37,0.91,50.03,0,2026-07-09 06:10:19
527,3,31.14,234.13,0.94,50.05,0,2026-07-09 06:18:19
528,2,35.36,265.86,0.93,50.08,0,2026-07-09 06:26:19
529,14,35.86,269.59,0.91,49.91,0,2026-07-09 06:34:19
530,1,33.74,253.65,0.92,49.91,0,2026-07-09 06:42:19
531,9,36.58,275.06,0.91,50.04,0,2026-07-09 06:50:19
532,17,34.86,262.08,0.91,50.03,0,2026-07-09 06:58:19
533,30,32.16,241.77,0.94,49.93,0,2026-07-09 07:06:19
534,30,33.28,250.25,0.94,50.01,0,2026-07-09 07:14:19
535,16,35.16,264.37,0.93,49.98,0,2026-07-09 07:22:19
536,25,33.19,249.58,0.94,49.91,0,2026-07-09 07:30:19
537,26,32.14,241.69,0.92,49.9,0,2026-07-09 07:38:19
538,13,37.33,280.64,0.92,49.93,0,2026-07-09 07:46:19
539,27,31.89,239.74,0.93,50.1,0,2026-07-09 07:54:19
540,3,30.85,231.98,0.92,50.04,0,2026-07-09 08:02:19
541,4,34.56,259.87,0.93,49.92,0,2026-07-09 08:10:19
542,29,33.57,252.41,0.94,49.92,0,2026-07-09 08:18:19
543,5,31.5,236.86,0.93,50.01,0,2026-07-09 08:26:19
544,19,34.46,259.08,0.93,49.96,0,2026-07-09 08:34:19
545,2,33.1,248.88,0.93,49.92,0,2026-07-09 08:42:19
546,19,33.0,248.09,0.92,49.96,0,2026-07-09 08:50:19
547,28,33.41,251.24,0.94,50.02,0,2026-07-09 08:58:19
548,22,30.41,228.67,0.94,49.92,0,2026-07-09 09:06:19
549,23,34.69,260.79,0.93,50.01,0,2026-07-09 09:14:19
550,25,30.62,230.22,0.93,50.06,0,2026-07-09 09:22:19
551,23,36.84,277.03,0.91,50.04,0,2026-07-09 09:30:19
552,13,34.59,260.1,0.93,49.91,0,2026-07-09 09:38:19
553,30,31.63,237.85,0.92,50.02,0,2026-07-09 09:46:19
554,3,33.42,251.3,0.91,50.0,0,2026-07-09 09:54:19
555,12,33.91,254.94,0.93,49.98,0,2026-07-09 10:02:19
556,1,35.21,264.73,0.94,50.07,0,2026-07-09 10:10:19
557,23,31.64,237.93,0.91,50.06,0,2026-07-09 10:18:19
558,16,37.18,279.52,0.92,50.0,0,2026-07-09 10:26:19
559,4,36.23,272.4,0.93,49.98,0,2026-07-09 10:34:19
560,2,30.19,226.98,0.91,49.98,0,2026-07-09 10:42:19
561,6,30.91,232.44,0.92,49.94,0,2026-07-09 10:50:19
562,28,31.95,240.19,0.93,49.93,0,2026-07-09 10:58:19
563,22,37.61,282.76,0.92,49.95,0,2026-07-09 11:06:19
564,20,35.82,269.36,0.91,50.04,0,2026-07-09 11:14:19
565,27,33.18,249.5,0.92,49.97,0,2026-07-09 11:22:19
566,8,30.65,230.47,0.94,49.99,0,2026-07-09 11:30:19
567,9,32.12,241.54,0.91,49.94,0,2026-07-09 11:38:19
568,25,34.15,256.79,0.92,50.1,0,2026-07-09 11:46:19
569,30,32.93,247.62,0.94,49.98,0,2026-07-09 11:54:19
570,17,37.69,283.35,0.91,50.08,0,2026-07-09 12:02:19
571,24,30.54,229.66,0.94,49.9,0,2026-07-09 12:10:19
572,2,32.6,245.15,0.91,50.08,0,2026-07-09 12:18:19
573,9,32.9,247.36,0.95,50.07,0,2026-07-09 12:26:19
574,28,31.5,236.86,0.92,49.92,0,2026-07-09 12:34:19
575,2,33.94,255.17,0.92,50.06,0,2026-07-09 12:42:19
576,1,33.92,255.04,0.93,50.03,0,2026-07-09 12:50:19
577,5,36.62,275.31,0.91,50.06,0,2026-07-09 12:58:19
578,20,35.93,270.18,0.91,50.05,0,2026-07-09 13:06:19
579,11,36.38,273.51,0.91,49.95,0,2026-07-09 13:14:19
580,30,31.17,234.38,0.93,50.06,0,2026-07-09 13:22:19
581,12,32.38,243.49,0.93,50.01,0,2026-07-09 13:30:19
582,5,34.55,259.81,0.91,49.91,0,2026-07-09 13:38:19
583,3,35.39,266.1,0.94,49.98,0,2026-07-09 13:46:19
584,17,34.85,262.03,0.94,50.08,0,2026-07-09 13:54:19
585,20,69.04,519.13,0.89,49.95,1,2026-07-09 14:02:19
586,21,65.17,490.0,0.89,49.99,1,2026-07-09 14:10:19
587,7,68.46,514.73,0.89,49.98,1,2026-07-09 14:18:19
588,21,64.85,487.6,0.91,50.02,1,2026-07-09 14:26:19
589,20,71.9,540.62,0.88,49.9,1,2026-07-09 14:34:19
590,4,65.64,493.57,0.9,50.07,1,2026-07-09 14:42:19
591,30,69.4,521.79,0.91,50.0,1,2026-07-09 14:50:19
592,27,66.09,496.89,0.9,49.97,1,2026-07-09 14:58:19
593,21,66.13,497.23,0.91,50.04,1,2026-07-09 15:06:19
594,3,66.36,498.92,0.9,49.97,1,2026-07-09 15:14:19
595,21,66.87,502.8,0.89,50.04,1,2026-07-09 15:22:19
596,29,71.14,534.87,0.9,50.0,1,2026-07-09 15:30:19
597,9,67.15,504.92,0.89,49.96,1,2026-07-09 15:38:19
598,29,71.02,533.98,0.88,50.09,1,2026-07-09 15:46:19
599,27,69.82,524.98,0.91,49.93,1,2026-07-09 15:54:19
600,18,67.3,506.05,0.88,50.07,1,2026-07-09 16:02:19
601,26,67.06,504.22,0.89,50.03,1,2026-07-09 16:10:19
602,16,70.65,531.22,0.9,50.08,1,2026-07-09 16:18:19
603,10,66.24,498.01,0.91,50.09,1,2026-07-09 16:26:19
604,24,69.83,525.04,0.9,50.07,1,2026-07-09 16:34:19
605,12,68.25,513.17,0.9,50.06,1,2026-07-09 16:42:19
606,11,70.35,528.93,0.88,50.04,1,2026-07-09 16:50:19
607,2,64.99,488.65,0.91,49.94,1,2026-07-09 16:58:19
608,24,64.37,484.02,0.9,49.95,1,2026-07-09 17:06:19
609,18,71.59,538.24,0.88,49.93,1,2026-07-09 17:14:19
610,20,69.86,525.29,0.87,49.95,1,2026-07-09 17:22:19
611,24,67.5,507.5,0.9,49.94,1,2026-07-09 17:30:19
612,19,69.56,522.98,0.9,50.06,1,2026-07-09 17:38:19
613,19,67.03,504.01,0.88,49.94,1,2026-07-09 17:46:19
614,13,72.03,541.61,0.87,49.91,1,2026-07-09 17:54:19
615,11,69.2,520.31,0.91,50.08,1,2026-07-09 18:02:19
616,30,71.72,539.22,0.89,50.09,1,2026-07-09 18:10:19
617,12,67.34,506.32,0.88,49.95,1,2026-07-09 18:18:19
618,16,65.19,490.17,0.91,49.94,1,2026-07-09 18:26:19
619,16,69.51,522.66,0.9,49.98,1,2026-07-09 18:34:19
620,24,64.37,483.95,0.91,50.04,1,2026-07-09 18:42:19
621,27,66.45,499.59,0.89,49.94,1,2026-07-09 18:50:19
622,23,66.99,503.69,0.89,49.96,1,2026-07-09 18:58:19
623,24,67.48,507.37,0.9,49.96,1,2026-07-09 19:06:19
624,10,67.28,505.85,0.9,50.04,1,2026-07-09 19:14:19
625,7,71.83,540.04,0.89,50.0,1,2026-07-09 19:22:19
626,1,67.17,505.01,0.91,50.0,1,2026-07-09 19:30:19
627,26,71.8,539.88,0.87,50.06,1,2026-07-09 19:38:19
628,29,66.79,502.17,0.9,49.97,1,2026-07-09 19:46:19
629,1,69.68,523.89,0.89,50.09,1,2026-07-09 19:54:19
630,1,64.34,483.76,0.89,50.03,1,2026-07-09 20:02:19
631,19,71.13,534.82,0.88,50.05,1,2026-07-09 20:10:19
632,20,67.45,507.18,0.88,49.95,1,2026-07-09 20:18:19
633,18,71.96,541.02,0.88,49.97,1,2026-07-09 20:26:19
634,6,68.72,516.71,0.89,50.05,1,2026-07-09 20:34:19
635,20,69.77,524.62,0.9,50.02,1,2026-07-09 20:42:19
636,4,71.7,539.08,0.88,50.09,1,2026-07-09 20:50:19
637,14,70.63,531.09,0.9,49.91,1,2026-07-09 20:58:19
638,10,66.88,502.86,0.9,50.09,1,2026-07-09 21:06:19
639,20,70.03,526.55,0.88,49.97,1,2026-07-09 21:14:19
640,1,67.67,508.77,0.88,50.07,1,2026-07-09 21:22:19
641,18,64.66,486.13,0.88,50.07,1,2026-07-09 21:30:19
642,12,66.53,500.25,0.88,50.0,1,2026-07-09 21:38:19
643,9,64.86,487.69,0.91,49.97,1,2026-07-09 21:46:19
644,14,66.3,498.48,0.89,50.0,1,2026-07-09 21:54:19
645,24,31.36,235.77,0.92,50.07,0,2026-07-09 22:02:19
646,8,31.75,238.73,0.92,50.03,0,2026-07-09 22:10:19
647,19,37.46,281.68,0.93,50.05,0,2026-07-09 22:18:19
648,4,31.05,233.45,0.91,50.06,0,2026-07-09 22:26:19
649,26,37.01,278.29,0.92,50.09,0,2026-07-09 22:34:19
650,20,30.35,228.23,0.92,50.06,0,2026-07-09 22:42:19
651,9,33.07,248.65,0.92,50.1,0,2026-07-09 22:50:19
652,18,31.5,236.87,0.91,49.96,0,2026-07-09 22:58:19
653,9,37.8,284.2,0.93,50.04,0,2026-07-09 23:06:19
654,21,37.67,283.22,0.92,50.05,0,2026-07-09 23:14:19
655,27,32.9,247.39,0.92,50.03,0,2026-07-09 23:22:19
656,11,32.45,243.95,0.91,49.91,0,2026-07-09 23:30:19
657,7,33.77,253.94,0.91,50.09,0,2026-07-09 23:38:19
658,5,33.84,254.4,0.91,50.04,0,2026-07-09 23:46:19
659,13,36.5,274.42,0.9,50.03,0,2026-07-09 23:54:19
660,9,32.57,244.9,0.93,50.0,0,2026-07-10 00:02:19
661,17,33.09,248.82,0.92,49.95,0,2026-07-10 00:10:19
662,26,31.87,239.6,0.95,50.0,0,2026-07-10 00:18:19
663,11,33.11,248.91,0.93,50.05,0,2026-07-10 00:26:19
664,29,32.14,241.64,0.95,50.04,0,2026-07-10 00:34:19
665,26,35.33,265.66,0.93,49.93,0,2026-07-10 00:42:19
666,30,30.35,228.17,0.92,50.01,0,2026-07-10 00:50:19
667,27,36.89,277.38,0.94,49.94,0,2026-07-10 00:58:19
668,16,35.31,265.49,0.94,49.92,0,2026-07-10 01:06:19
669,18,34.25,257.55,0.93,50.04,0,2026-07-10 01:14:19
670,22,34.31,257.98,0.93,50.1,0,2026-07-10 01:22:19
671,13,36.11,271.54,0.91,50.06,0,2026-07-10 01:30:19
672,7,35.02,263.3,0.91,49.93,0,2026-07-10 01:38:19
673,27,31.45,236.46,0.93,50.03,0,2026-07-10 01:46:19
674,16,35.51,266.97,0.94,50.09,0,2026-07-10 01:54:19
675,22,32.59,245.03,0.92,50.0,0,2026-07-10 02:02:19
676,3,36.39,273.61,0.93,50.0,0,2026-07-10 02:10:19
677,7,36.43,273.89,0.92,50.01,0,2026-07-10 02:18:19
678,8,33.23,249.86,0.93,49.95,0,2026-07-10 02:26:19
679,9,35.02,263.33,0.92,49.93,0,2026-07-10 02:34:19
680,19,30.33,228.02,0.94,50.08,0,2026-07-10 02:42:19
681,15,34.32,258.05,0.94,50.0,0,2026-07-10 02:50:19
682,4,35.56,267.39,0.92,50.04,0,2026-07-10 02:58:19
683,18,33.13,249.1,0.93,49.94,0,2026-07-10 03:06:19
684,28,32.61,245.16,0.92,50.02,0,2026-07-10 03:14:19
685,19,37.68,283.29,0.94,50.09,0,2026-07-10 03:22:19
686,19,34.31,258.0,0.91,49.97,0,2026-07-10 03:30:19
687,29,37.0,278.23,0.94,50.08,0,2026-07-10 03:38:19
688,2,34.62,260.32,0.93,50.07,0,2026-07-10 03:46:19
689,4,30.72,230.98,0.92,49.95,0,2026-07-10 03:54:19
690,19,34.93,262.65,0.91,50.01,0,2026-07-10 04:02:19
691,23,33.99,255.54,0.94,49.9,0,2026-07-10 04:10:19
692,8,35.03,263.35,0.94,50.08,0,2026-07-10 04:18:19
693,25,30.47,229.07,0.91,50.08,0,2026-07-10 04:26:19
694,14,37.3,280.47,0.92,49.91,0,2026-07-10 04:34:19
695,17,31.67,238.12,0.94,49.96,0,2026-07-10 04:42:19
696,12,32.58,244.95,0.94,49.93,0,2026-07-10 04:50:19
697,17,34.63,260.38,0.91,49.93,0,2026-07-10 04:58:19
698,25,33.4,251.11,0.93,50.07,0,2026-07-10 05:06:19
699,9,37.76,283.92,0.94,50.01,0,2026-07-10 05:14:19
700,6,34.63,260.35,0.94,50.04,0,2026-07-10 05:22:19
701,21,32.63,245.36,0.91,50.09,0,2026-07-10 05:30:19
702,14,37.08,278.82,0.93,49.94,0,2026-07-10 05:38:19
703,20,36.03,270.89,0.92,49.9,0,2026-07-10 05:46:19
704,2,32.67,245.63,0.93,49.99,0,2026-07-10 05:54:19
705,19,33.03,248.31,0.94,50.0,0,2026-07-10 06:02:19
706,19,36.02,270.83,0.92,50.08,0,2026-07-10 06:10:19
707,15,35.57,267.42,0.92,50.05,0,2026-07-10 06:18:19
708,8,34.94,262.67,0.94,50.1,0,2026-07-10 06:26:19
709,1,36.18,272.06,0.93,50.06,0,2026-07-10 06:34:19
710,15,33.99,255.56,0.93,49.93,0,2026-07-10 06:42:19
711,20,36.83,276.88,0.91,49.9,0,2026-07-10 06:50:19
712,29,34.49,259.35,0.94,50.09,0,2026-07-10 06:58:19
713,7,37.75,283.82,0.92,49.91,0,2026-07-10 07:06:19
714,17,31.32,235.47,0.94,50.08,0,2026-07-10 07:14:19
715,7,31.06,233.52,0.92,49.99,0,2026-07-10 07:22:19
716,16,32.31,242.91,0.94,49.92,0,2026-07-10 07:30:19
717,13,30.49,229.26,0.92,49.98,0,2026-07-10 07:38:19
718,6,32.45,243.97,0.94,49.95,0,2026-07-10 07:46:19
719,12,33.48,251.73,0.93,50.05,0,2026-07-10 07:54:19
720,17,34.6,260.12,0.91,49.96,0,2026-07-10 08:02:19
721,9,34.64,260.44,0.92,49.97,0,2026-07-10 08:10:19
722,18,31.35,235.72,0.91,49.97,0,2026-07-10 08:18:19
723,1,36.42,273.82,0.91,49.93,0,2026-07-10 08:26:19
724,16,37.69,283.39,0.93,50.0,0,2026-07-10 08:34:19
725,21,37.68,283.32,0.91,50.07,0,2026-07-10 08:42:19
726,7,35.66,268.13,0.93,50.02,0,2026-07-10 08:50:19
727,4,33.79,254.08,0.93,50.04,0,2026-07-10 08:58:19
728,15,31.09,233.74,0.95,50.1,0,2026-07-10 09:06:19
729,17,32.01,240.67,0.94,50.06,0,2026-07-10 09:14:19
730,7,36.69,275.89,0.93,49.96,0,2026-07-10 09:22:19
731,11,37.06,278.61,0.93,49.92,0,2026-07-10 09:30:19
732,19,34.46,259.08,0.94,49.91,0,2026-07-10 09:38:19
733,12,32.24,242.43,0.94,50.02,0,2026-07-10 09:46:19
734,9,36.94,277.77,0.94,50.07,0,2026-07-10 09:54:19
735,2,35.17,264.44,0.92,50.0,0,2026-07-10 10:02:19
736,18,32.76,246.3,0.92,50.07,0,2026-07-10 10:10:19
737,6,34.96,262.85,0.91,49.94,0,2026-07-10 10:18:19
738,24,33.29,250.31,0.92,49.91,0,2026-07-10 10:26:19
739,4,36.48,274.32,0.92,50.03,0,2026-07-10 10:34:19
740,25,33.83,254.37,0.94,50.03,0,2026-07-10 10:42:19
741,15,33.22,249.81,0.93,50.08,0,2026-07-10 10:50:19
742,2,36.69,275.9,0.91,50.06,0,2026-07-10 10:58:19
743,22,37.68,283.33,0.93,50.03,0,2026-07-10 11:06:19
744,20,36.37,273.44,0.92,50.0,0,2026-07-10 11:14:19
745,29,35.15,264.28,0.91,50.07,0,2026-07-10 11:22:19
746,28,34.3,257.89,0.94,49.96,0,2026-07-10 11:30:19
747,6,32.85,246.97,0.91,49.98,0,2026-07-10 11:38:19
748,2,31.51,236.89,0.94,49.96,0,2026-07-10 11:46:19
749,30,35.59,267.58,0.91,50.08,0,2026-07-10 11:54:19
750,18,30.42,228.72,0.95,49.92,0,2026-07-10 12:02:19
751,21,32.36,243.32,0.91,50.07,0,2026-07-10 12:10:19
752,5,33.61,252.67,0.92,49.97,0,2026-07-10 12:18:19
753,9,37.36,280.88,0.93,50.08,0,2026-07-10 12:26:19
754,14,32.05,241.0,0.93,49.97,0,2026-07-10 12:34:19
755,29,35.26,265.11,0.92,50.05,0,2026-07-10 12:42:19
756,11,30.53,229.54,0.94,50.09,0,2026-07-10 12:50:19
757,17,31.47,236.58,0.92,50.05,0,2026-07-10 12:58:19
758,30,36.72,276.11,0.91,50.08,0,2026-07-10 13:06:19
759,3,34.26,257.56,0.92,50.09,0,2026-07-10 13:14:19
760,23,33.49,251.77,0.91,50.06,0,2026-07-10 13:22:19
761,15,36.12,271.59,0.93,49.99,0,2026-07-10 13:30:19
762,17,33.15,249.27,0.94,50.07,0,2026-07-10 13:38:19
763,8,34.81,261.7,0.94,50.03,0,2026-07-10 13:46:19
764,12,34.15,256.79,0.94,49.98,0,2026-07-10 13:54:19
765,29,70.22,527.97,0.89,50.07,1,2026-07-10 14:02:19
766,16,69.44,522.08,0.9,49.97,1,2026-07-10 14:10:19
767,15,71.57,538.13,0.89,50.04,1,2026-07-10 14:18:19
768,22,68.82,517.45,0.88,50.07,1,2026-07-10 14:26:19
769,20,71.16,535.01,0.89,49.98,1,2026-07-10 14:34:19
770,22,71.85,540.21,0.9,50.08,1,2026-07-10 14:42:19
771,1,66.93,503.21,0.89,50.0,1,2026-07-10 14:50:19
772,6,70.07,526.87,0.89,49.95,1,2026-07-10 14:58:19
773,19,65.44,492.04,0.89,50.09,1,2026-07-10 15:06:19
774,26,66.92,503.15,0.88,50.09,1,2026-07-10 15:14:19
775,24,66.72,501.62,0.89,49.97,1,2026-07-10 15:22:19
776,28,68.53,515.23,0.88,50.06,1,2026-07-10 15:30:19
777,23,64.51,485.06,0.91,50.0,1,2026-07-10 15:38:19
778,8,68.09,511.94,0.88,49.96,1,2026-07-10 15:46:19
779,25,64.33,483.69,0.89,50.07,1,2026-07-10 15:54:19
780,1,70.78,532.17,0.9,50.01,1,2026-07-10 16:02:19
781,1,67.7,509.04,0.89,49.96,1,2026-07-10 16:10:19
782,9,66.8,502.22,0.9,50.08,1,2026-07-10 16:18:19
783,30,69.59,523.27,0.9,50.02,1,2026-07-10 16:26:19
784,22,69.34,521.34,0.89,49.93,1,2026-07-10 16:34:19
785,18,64.18,482.55,0.9,49.96,1,2026-07-10 16:42:19
786,27,67.03,503.95,0.88,49.92,1,2026-07-10 16:50:19
787,7,67.19,505.18,0.91,50.08,1,2026-07-10 16:58:19
788,14,71.78,539.7,0.89,49.93,1,2026-07-10 17:06:19
789,12,71.12,534.76,0.9,49.92,1,2026-07-10 17:14:19
790,15,64.9,487.94,0.91,49.97,1,2026-07-10 17:22:19
791,14,65.33,491.23,0.89,50.02,1,2026-07-10 17:30:19
792,15,64.19,482.66,0.9,50.05,1,2026-07-10 17:38:19
793,12,70.92,533.27,0.9,50.08,1,2026-07-10 17:46:19
794,7,66.7,501.53,0.89,50.09,1,2026-07-10 17:54:19
795,15,66.68,501.36,0.9,50.1,1,2026-07-10 18:02:19
796,16,64.2,482.72,0.91,49.91,1,2026-07-10 18:10:19
797,15,69.3,521.06,0.89,49.91,1,2026-07-10 18:18:19
798,20,70.43,529.52,0.9,49.96,1,2026-07-10 18:26:19
799,26,65.64,493.54,0.89,50.04,1,2026-07-10 18:34:19
800,18,69.84,525.14,0.88,49.95,1,2026-07-10 18:42:19
801,23,68.38,514.13,0.89,49.94,1,2026-07-10 18:50:19
802,27,64.14,482.28,0.91,49.91,1,2026-07-10 18:58:19
803,27,70.95,533.44,0.87,49.95,1,2026-07-10 19:06:19
804,24,68.79,517.21,0.89,49.91,1,2026-07-10 19:14:19
805,26,68.96,518.48,0.9,50.01,1,2026-07-10 19:22:19
806,12,67.51,507.63,0.89,49.96,1,2026-07-10 19:30:19
807,20,66.7,501.48,0.9,50.02,1,2026-07-10 19:38:19
808,12,69.54,522.85,0.87,50.0,1,2026-07-10 19:46:19
809,17,67.41,506.81,0.87,49.96,1,2026-07-10 19:54:19
810,9,71.69,539.06,0.87,49.91,1,2026-07-10 20:02:19
811,29,67.78,509.65,0.9,50.08,1,2026-07-10 20:10:19
812,13,66.21,497.81,0.88,50.05,1,2026-07-10 20:18:19
813,11,68.59,515.75,0.88,50.07,1,2026-07-10 20:26:19
814,22,71.82,540.03,0.89,50.1,1,2026-07-10 20:34:19
815,10,70.95,533.49,0.87,50.02,1,2026-07-10 20:42:19
816,29,67.86,510.21,0.91,49.96,1,2026-07-10 20:50:19
817,11,72.07,541.9,0.87,50.02,1,2026-07-10 20:58:19
818,4,71.02,534.02,0.91,49.99,1,2026-07-10 21:06:19
819,19,69.68,523.93,0.91,49.9,1,2026-07-10 21:14:19
820,15,65.54,492.8,0.89,50.07,1,2026-07-10 21:22:19
821,11,66.97,503.54,0.89,49.99,1,2026-07-10 21:30:19
822,3,70.27,528.32,0.9,49.91,1,2026-07-10 21:38:19
823,21,67.89,510.44,0.88,50.08,1,2026-07-10 21:46:19
824,21,69.32,521.21,0.89,50.05,1,2026-07-10 21:54:19
825,19,37.47,281.74,0.9,50.07,0,2026-07-10 22:02:19
826,11,35.13,264.1,0.92,50.0,0,2026-07-10 22:10:19
827,28,30.23,227.31,0.91,49.93,0,2026-07-10 22:18:19
828,29,31.23,234.78,0.93,49.95,0,2026-07-10 22:26:19
829,22,35.26,265.09,0.92,50.04,0,2026-07-10 22:34:19
830,9,37.34,280.72,0.91,50.01,0,2026-07-10 22:42:19
831,25,36.66,275.64,0.91,49.98,0,2026-07-10 22:50:19
832,22,30.39,228.49,0.91,50.1,0,2026-07-10 22:58:19
833,20,36.33,273.18,0.91,49.97,0,2026-07-10 23:06:19
834,14,31.67,238.14,0.94,50.01,0,2026-07-10 23:14:19
835,6,31.31,235.45,0.94,50.01,0,2026-07-10 23:22:19
836,9,32.49,244.27,0.92,49.9,0,2026-07-10 23:30:19
837,28,33.92,255.01,0.94,50.0,0,2026-07-10 23:38:19
838,8,35.26,265.12,0.93,49.98,0,2026-07-10 23:46:19
839,5,34.28,257.74,0.92,49.99,0,2026-07-10 23:54:19
840,20,34.22,257.3,0.92,50.04,0,2026-07-11 00:02:19
841,9,37.76,283.9,0.94,49.91,0,2026-07-11 00:10:19
842,8,32.4,243.59,0.94,49.98,0,2026-07-11 00:18:19
843,12,32.58,244.98,0.92,49.99,0,2026-07-11 00:26:19
844,28,36.67,275.75,0.91,50.02,0,2026-07-11 00:34:19
845,9,35.25,265.01,0.92,50.04,0,2026-07-11 00:42:19
846,4,31.61,237.67,0.92,49.94,0,2026-07-11 00:50:19
847,1,31.08,233.68,0.95,49.97,0,2026-07-11 00:58:19
848,12,35.81,269.22,0.92,49.96,0,2026-07-11 01:06:19
849,20,35.23,264.9,0.92,50.0,0,2026-07-11 01:14:19
850,17,37.65,283.11,0.91,49.91,0,2026-07-11 01:22:19
851,7,36.07,271.18,0.93,49.9,0,2026-07-11 01:30:19
852,2,34.3,257.92,0.94,49.99,0,2026-07-11 01:38:19
853,12,32.74,246.17,0.93,49.97,0,2026-07-11 01:46:19
854,30,30.22,227.19,0.91,50.0,0,2026-07-11 01:54:19
855,30,35.96,270.36,0.93,50.0,0,2026-07-11 02:02:19
856,28,35.48,266.79,0.93,50.06,0,2026-07-11 02:10:19
857,14,35.97,270.48,0.91,49.9,0,2026-07-11 02:18:19
858,29,34.05,256.02,0.92,49.93,0,2026-07-11 02:26:19
859,30,35.99,270.6,0.91,49.95,0,2026-07-11 02:34:19
860,22,33.24,249.96,0.92,49.92,0,2026-07-11 02:42:19
861,21,31.48,236.66,0.93,49.97,0,2026-07-11 02:50:19
862,10,33.6,252.66,0.91,49.98,0,2026-07-11 02:58:19
863,14,30.58,229.89,0.91,50.07,0,2026-07-11 03:06:19
864,12,30.8,231.61,0.92,49.94,0,2026-07-11 03:14:19
865,21,33.16,249.32,0.92,50.05,0,2026-07-11 03:22:19
866,30,33.69,253.3,0.94,49.97,0,2026-07-11 03:30:19
867,12,31.69,238.3,0.92,50.1,0,2026-07-11 03:38:19
868,16,33.17,249.39,0.91,49.99,0,2026-07-11 03:46:19
869,9,31.13,234.09,0.93,49.96,0,2026-07-11 03:54:19
870,20,34.87,262.19,0.91,49.95,0,2026-07-11 04:02:19
871,13,31.95,240.2,0.92,50.05,0,2026-07-11 04:10:19
872,14,31.87,239.59,0.94,50.04,0,2026-07-11 04:18:19
873,15,31.04,233.38,0.94,49.92,0,2026-07-11 04:26:19
874,23,34.83,261.86,0.95,50.06,0,2026-07-11 04:34:19
875,4,37.95,285.33,0.91,50.0,0,2026-07-11 04:42:19
876,11,30.71,230.92,0.91,49.99,0,2026-07-11 04:50:19
877,7,36.39,273.6,0.94,49.95,0,2026-07-11 04:58:19
878,3,31.57,237.38,0.93,50.06,0,2026-07-11 05:06:19
879,22,32.71,245.96,0.91,50.09,0,2026-07-11 05:14:19
880,29,30.46,229.04,0.94,50.05,0,2026-07-11 05:22:19
881,16,34.1,256.4,0.93,49.93,0,2026-07-11 05:30:19
882,11,33.86,254.57,0.94,50.02,0,2026-07-11 05:38:19
883,21,31.63,237.84,0.95,50.07,0,2026-07-11 05:46:19
884,2,34.95,262.79,0.92,49.94,0,2026-07-11 05:54:19
885,24,36.95,277.81,0.92,50.05,0,2026-07-11 06:02:19
886,11,31.22,234.73,0.93,49.96,0,2026-07-11 06:10:19
887,2,32.17,241.9,0.91,50.05,0,2026-07-11 06:18:19
888,12,35.8,269.19,0.91,49.96,0,2026-07-11 06:26:19
889,13,36.8,276.68,0.93,50.01,0,2026-07-11 06:34:19
890,6,36.4,273.7,0.92,49.98,0,2026-07-11 06:42:19
891,24,30.94,232.6,0.91,50.05,0,2026-07-11 06:50:19
892,25,30.81,231.69,0.94,50.06,0,2026-07-11 06:58:19
893,9,34.8,261.69,0.93,49.96,0,2026-07-11 07:06:19
894,26,32.99,248.03,0.92,49.97,0,2026-07-11 07:14:19
895,8,31.85,239.49,0.94,49.94,0,2026-07-11 07:22:19
896,24,36.49,274.36,0.94,50.01,0,2026-07-11 07:30:19
897,20,35.44,266.5,0.91,50.03,0,2026-07-11 07:38:19
898,18,31.5,236.83,0.95,49.94,0,2026-07-11 07:46:19
899,30,36.22,272.34,0.93,49.94,0,2026-07-11 07:54:19
900,4,31.43,236.31,0.91,49.92,0,2026-07-11 08:02:19
901,19,34.01,255.71,0.93,50.03,0,2026-07-11 08:10:19
902,5,32.97,247.88,0.93,50.04,0,2026-07-11 08:18:19
903,13,32.73,246.12,0.91,49.94,0,2026-07-11 08:26:19
904,19,34.64,260.43,0.91,49.98,0,2026-07-11 08:34:19
905,14,34.81,261.7,0.93,49.98,0,2026-07-11 08:42:19
906,22,36.07,271.17,0.91,49.95,0,2026-07-11 08:50:19
907,28,30.89,232.23,0.92,49.94,0,2026-07-11 08:58:19
908,21,35.18,264.48,0.91,49.92,0,2026-07-11 09:06:19
909,10,34.32,258.06,0.93,49.91,0,2026-07-11 09:14:19
910,13,31.33,235.53,0.93,50.0,0,2026-07-11 09:22:19
911,15,33.07,248.62,0.93,49.96,0,2026-07-11 09:30:19
912,11,36.32,273.08,0.91,49.99,0,2026-07-11 09:38:19
913,4,32.11,241.4,0.91,50.03,0,2026-07-11 09:46:19
914,25,30.76,231.26,0.92,50.09,0,2026-07-11 09:54:19
915,8,34.23,257.4,0.93,50.05,0,2026-07-11 10:02:19
916,27,33.15,249.24,0.92,50.09,0,2026-07-11 10:10:19
917,12,36.87,277.25,0.9,49.99,0,2026-07-11 10:18:19
918,19,30.15,226.66,0.94,50.1,0,2026-07-11 10:26:19
919,29,32.33,243.09,0.94,49.97,0,2026-07-11 10:34:19
920,3,37.07,278.69,0.91,50.09,0,2026-07-11 10:42:19
921,16,33.4,251.14,0.93,50.09,0,2026-07-11 10:50:19
922,2,32.53,244.62,0.94,50.0,0,2026-07-11 10:58:19
923,4,35.6,267.66,0.94,50.08,0,2026-07-11 11:06:19
924,27,37.91,285.02,0.94,49.95,0,2026-07-11 11:14:19
925,28,38.0,285.69,0.91,50.0,0,2026-07-11 11:22:19
926,3,32.02,240.72,0.94,50.08,0,2026-07-11 11:30:19
927,3,34.78,261.53,0.92,50.03,0,2026-07-11 11:38:19
928,16,35.0,263.15,0.92,49.98,0,2026-07-11 11:46:19
929,3,33.98,255.52,0.92,49.99,0,2026-07-11 11:54:19
930,4,35.48,266.78,0.94,50.0,0,2026-07-11 12:02:19
931,24,36.75,276.3,0.91,50.08,0,2026-07-11 12:10:19
932,13,37.41,281.27,0.91,50.07,0,2026-07-11 12:18:19
933,23,34.86,262.13,0.93,49.93,0,2026-07-11 12:26:19
934,6,36.89,277.38,0.92,49.92,0,2026-07-11 12:34:19
935,22,32.6,245.1,0.95,49.91,0,2026-07-11 12:42:19
936,9,34.34,258.2,0.94,50.04,0,2026-07-11 12:50:19
937,22,31.15,234.19,0.91,50.04,0,2026-07-11 12:58:19
938,18,35.69,268.36,0.91,50.06,0,2026-07-11 13:06:19
939,23,37.75,283.85,0.92,50.07,0,2026-07-11 13:14:19
940,20,30.12,226.49,0.93,49.92,0,2026-07-11 13:22:19
941,12,36.13,271.62,0.93,50.01,0,2026-07-11 13:30:19
942,8,32.84,246.89,0.94,49.94,0,2026-07-11 13:38:19
943,11,33.8,254.11,0.94,50.09,0,2026-07-11 13:46:19
944,8,36.44,273.99,0.94,49.97,0,2026-07-11 13:54:19
945,20,69.31,521.16,0.89,50.09,1,2026-07-11 14:02:19
946,7,66.36,498.95,0.89,50.06,1,2026-07-11 14:10:19
947,9,70.83,532.58,0.88,49.92,1,2026-07-11 14:18:19
948,9,71.58,538.16,0.9,49.93,1,2026-07-11 14:26:19
949,17,68.35,513.94,0.88,49.98,1,2026-07-11 14:34:19
950,4,70.4,529.31,0.87,50.03,1,2026-07-11 14:42:19
951,23,64.57,485.47,0.89,49.98,1,2026-07-11 14:50:19
952,1,66.24,498.06,0.91,50.02,1,2026-07-11 14:58:19
953,10,65.91,495.57,0.91,50.0,1,2026-07-11 15:06:19
954,28,70.68,531.4,0.9,50.01,1,2026-07-11 15:14:19
955,2,70.23,528.06,0.91,50.01,1,2026-07-11 15:22:19
956,25,64.26,483.16,0.9,50.04,1,2026-07-11 15:30:19
957,12,70.14,527.37,0.89,50.03,1,2026-07-11 15:38:19
958,30,66.28,498.33,0.9,50.06,1,2026-07-11 15:46:19
959,27,64.58,485.56,0.88,50.07,1,2026-07-11 15:54:19
960,11,66.74,501.84,0.89,50.01,1,2026-07-11 16:02:19
961,19,67.27,505.77,0.89,50.03,1,2026-07-11 16:10:19
962,20,68.98,518.64,0.88,49.97,1,2026-07-11 16:18:19
963,23,70.24,528.12,0.87,49.92,1,2026-07-11 16:26:19
964,20,67.85,510.15,0.88,50.06,1,2026-07-11 16:34:19
965,22,65.3,490.98,0.87,50.01,1,2026-07-11 16:42:19
966,9,69.73,524.28,0.88,50.04,1,2026-07-11 16:50:19
967,3,67.3,506.0,0.91,49.91,1,2026-07-11 16:58:19
968,27,70.29,528.52,0.88,49.91,1,2026-07-11 17:06:19
969,23,69.41,521.91,0.9,50.01,1,2026-07-11 17:14:19
970,23,64.86,487.66,0.89,49.93,1,2026-07-11 17:22:19
971,14,67.08,504.39,0.88,50.05,1,2026-07-11 17:30:19
972,6,69.95,525.93,0.89,49.92,1,2026-07-11 17:38:19
973,13,65.48,492.33,0.89,50.02,1,2026-07-11 17:46:19
974,17,65.69,493.93,0.89,49.98,1,2026-07-11 17:54:19
975,20,65.32,491.13,0.9,50.09,1,2026-07-11 18:02:19
976,19,65.66,493.65,0.9,50.07,1,2026-07-11 18:10:19
977,11,66.75,501.88,0.88,49.99,1,2026-07-11 18:18:19
978,2,67.34,506.3,0.89,50.04,1,2026-07-11 18:26:19
979,30,66.28,498.37,0.88,49.94,1,2026-07-11 18:34:19
980,23,64.59,485.61,0.9,49.9,1,2026-07-11 18:42:19
981,7,69.65,523.7,0.9,49.94,1,2026-07-11 18:50:19
982,25,71.32,536.23,0.9,50.1,1,2026-07-11 18:58:19
983,1,65.88,495.32,0.9,49.93,1,2026-07-11 19:06:19
984,25,68.58,515.66,0.9,49.98,1,2026-07-11 19:14:19
985,27,68.89,517.95,0.87,50.04,1,2026-07-11 19:22:19
986,28,71.39,536.76,0.9,49.92,1,2026-07-11 19:30:19
987,27,64.5,484.94,0.88,49.92,1,2026-07-11 19:38:19
988,19,70.36,529.02,0.88,49.93,1,2026-07-11 19:46:19
989,2,70.86,532.79,0.9,49.96,1,2026-07-11 19:54:19
990,15,64.51,485.06,0.89,49.93,1,2026-07-11 20:02:19
991,19,69.33,521.3,0.89,49.97,1,2026-07-11 20:10:19
992,17,69.9,525.55,0.88,49.96,1,2026-07-11 20:18:19
993,9,69.36,521.5,0.88,49.95,1,2026-07-11 20:26:19
994,5,69.0,518.79,0.88,50.0,1,2026-07-11 20:34:19
995,4,68.89,517.94,0.89,50.08,1,2026-07-11 20:42:19
996,29,71.65,538.75,0.88,50.0,1,2026-07-11 20:50:19
997,3,68.39,514.21,0.88,49.95,1,2026-07-11 20:58:19
998,3,64.95,488.31,0.88,50.0,1,2026-07-11 21:06:19
999,20,67.76,509.5,0.89,49.9,1,2026-07-11 21:14:19
1000,15,65.58,493.08,0.88,50.05,1,2026-07-11 21:22:19
1001,15,64.35,483.82,0.9,50.07,1,2026-07-11 21:30:19
1002,15,70.45,529.68,0.88,50.07,1,2026-07-11 21:38:19
1003,2,64.86,487.69,0.9,49.97,1,2026-07-11 21:46:19
1004,19,67.5,507.49,0.91,50.1,1,2026-07-11 21:54:19
1005,20,31.67,238.12,0.92,49.91,0,2026-07-11 22:02:19
1006,13,30.78,231.42,0.92,49.98,0,2026-07-11 22:10:19
1007,29,31.09,233.77,0.93,50.08,0,2026-07-11 22:18:19
1008,15,31.11,233.9,0.92,50.1,0,2026-07-11 22:26:19
1009,8,34.29,257.84,0.91,49.95,0,2026-07-11 22:34:19
1010,11,32.06,241.06,0.93,49.96,0,2026-07-11 22:42:19
1011,21,30.16,226.78,0.93,49.97,0,2026-07-11 22:50:19
1012,1,34.59,260.07,0.92,50.08,0,2026-07-11 22:58:19
1013,19,36.87,277.22,0.94,49.99,0,2026-07-11 23:06:19
1014,22,32.39,243.56,0.93,49.97,0,2026-07-11 23:14:19
1015,25,36.81,276.75,0.92,50.01,0,2026-07-11 23:22:19
1016,24,31.71,238.39,0.94,50.01,0,2026-07-11 23:30:19
1017,13,33.9,254.86,0.91,49.91,0,2026-07-11 23:38:19
1018,29,32.26,242.54,0.93,50.08,0,2026-07-11 23:46:19
1019,23,36.04,270.95,0.92,50.0,0,2026-07-11 23:54:19
1020,21,30.06,226.03,0.93,50.07,0,2026-07-12 00:02:19
1021,18,31.37,235.83,0.95,49.93,0,2026-07-12 00:10:19
1022,18,34.64,260.43,0.93,50.07,0,2026-07-12 00:18:19
1023,29,37.04,278.53,0.92,49.93,0,2026-07-12 00:26:19
1024,7,33.47,251.63,0.92,49.96,0,2026-07-12 00:34:19
1025,5,31.39,236.02,0.91,49.9,0,2026-07-12 00:42:19
1026,5,33.65,253.0,0.92,49.98,0,2026-07-12 00:50:19
1027,10,35.96,270.37,0.93,49.93,0,2026-07-12 00:58:19
1028,15,32.44,243.9,0.91,49.93,0,2026-07-12 01:06:19
1029,12,30.12,226.5,0.92,50.05,0,2026-07-12 01:14:19
1030,5,34.24,257.45,0.91,50.07,0,2026-07-12 01:22:19
1031,22,35.76,268.9,0.94,49.96,0,2026-07-12 01:30:19
1032,15,32.61,245.19,0.93,50.08,0,2026-07-12 01:38:19
1033,14,33.47,251.62,0.95,49.97,0,2026-07-12 01:46:19
1034,21,34.22,257.33,0.94,49.99,0,2026-07-12 01:54:19
1035,1,35.46,266.58,0.94,50.0,0,2026-07-12 02:02:19
1036,24,34.77,261.42,0.94,50.04,0,2026-07-12 02:10:19
1037,11,36.1,271.4,0.91,49.94,0,2026-07-12 02:18:19
1038,27,35.65,268.02,0.93,50.04,0,2026-07-12 02:26:19
1039,4,36.9,277.42,0.93,49.98,0,2026-07-12 02:34:19
1040,26,33.81,254.22,0.94,50.01,0,2026-07-12 02:42:19
1041,22,37.42,281.32,0.92,49.98,0,2026-07-12 02:50:19
1042,26,37.25,280.04,0.9,49.93,0,2026-07-12 02:58:19
1043,15,31.24,234.92,0.95,49.94,0,2026-07-12 03:06:19
1044,29,35.83,269.43,0.91,49.91,0,2026-07-12 03:14:19
1045,30,34.72,261.05,0.93,49.93,0,2026-07-12 03:22:19
1046,19,36.94,277.77,0.91,50.08,0,2026-07-12 03:30:19
1047,24,37.96,285.45,0.94,49.91,0,2026-07-12 03:38:19
1048,5,32.52,244.54,0.95,50.07,0,2026-07-12 03:46:19
1049,28,35.11,263.96,0.91,49.97,0,2026-07-12 03:54:19
1050,24,34.02,255.82,0.94,50.04,0,2026-07-12 04:02:19
1051,24,37.42,281.39,0.94,50.01,0,2026-07-12 04:10:19
1052,21,35.12,264.05,0.92,49.96,0,2026-07-12 04:18:19
1053,26,33.35,250.78,0.91,49.93,0,2026-07-12 04:26:19
1054,11,30.4,228.56,0.94,49.92,0,2026-07-12 04:34:19
1055,23,35.49,266.83,0.91,50.03,0,2026-07-12 04:42:19
1056,19,32.57,244.86,0.92,50.03,0,2026-07-12 04:50:19
1057,1,36.98,278.04,0.91,49.92,0,2026-07-12 04:58:19
1058,1,30.2,227.08,0.92,50.05,0,2026-07-12 05:06:19
1059,11,37.58,282.55,0.92,49.93,0,2026-07-12 05:14:19
1060,2,31.81,239.21,0.92,49.91,0,2026-07-12 05:22:19
1061,24,36.65,275.58,0.91,50.05,0,2026-07-12 05:30:19
1062,13,32.26,242.52,0.92,49.99,0,2026-07-12 05:38:19
1063,14,36.73,276.2,0.93,50.01,0,2026-07-12 05:46:19
1064,5,30.84,231.87,0.91,50.03,0,2026-07-12 05:54:19
1065,15,36.68,275.8,0.92,50.04,0,2026-07-12 06:02:19
1066,9,37.6,282.69,0.94,50.0,0,2026-07-12 06:10:19
1067,18,32.7,245.87,0.93,49.99,0,2026-07-12 06:18:19
1068,15,34.83,261.85,0.92,49.95,0,2026-07-12 06:26:19
1069,27,37.92,285.1,0.91,49.99,0,2026-07-12 06:34:19
1070,4,33.52,252.05,0.92,50.02,0,2026-07-12 06:42:19
1071,20,31.04,233.4,0.94,50.02,0,2026-07-12 06:50:19
1072,3,36.27,272.7,0.94,49.96,0,2026-07-12 06:58:19
1073,17,37.35,280.8,0.94,50.08,0,2026-07-12 07:06:19
1074,20,35.44,266.48,0.91,49.96,0,2026-07-12 07:14:19
1075,8,34.51,259.46,0.94,49.98,0,2026-07-12 07:22:19
1076,18,35.34,265.73,0.92,49.92,0,2026-07-12 07:30:19
1077,23,30.47,229.09,0.94,50.04,0,2026-07-12 07:38:19
1078,26,36.57,274.97,0.94,50.04,0,2026-07-12 07:46:19
1079,20,36.37,273.44,0.92,50.05,0,2026-07-12 07:54:19
1080,17,32.31,242.95,0.91,50.06,0,2026-07-12 08:02:19
1081,3,35.37,265.94,0.91,50.01,0,2026-07-12 08:10:19
1082,19,33.01,248.22,0.94,50.09,0,2026-07-12 08:18:19
1083,27,35.99,270.62,0.92,50.06,0,2026-07-12 08:26:19
1084,11,31.74,238.64,0.95,49.96,0,2026-07-12 08:34:19
1085,11,31.03,233.31,0.92,50.04,0,2026-07-12 08:42:19
1086,14,36.02,270.86,0.93,49.95,0,2026-07-12 08:50:19
1087,4,36.02,270.86,0.92,50.06,0,2026-07-12 08:58:19
1088,5,33.95,255.27,0.91,50.05,0,2026-07-12 09:06:19
1089,19,34.13,256.61,0.91,49.9,0,2026-07-12 09:14:19
1090,8,30.53,229.55,0.92,49.99,0,2026-07-12 09:22:19
1091,19,30.56,229.74,0.94,49.94,0,2026-07-12 09:30:19
1092,7,35.91,270.02,0.93,50.09,0,2026-07-12 09:38:19
1093,22,36.66,275.67,0.9,50.05,0,2026-07-12 09:46:19
1094,4,30.46,229.06,0.94,49.92,0,2026-07-12 09:54:19
1095,29,34.67,260.69,0.91,50.09,0,2026-07-12 10:02:19
1096,10,31.39,235.98,0.94,49.96,0,2026-07-12 10:10:19
1097,8,33.32,250.49,0.92,50.03,0,2026-07-12 10:18:19
1098,25,33.36,250.84,0.93,50.02,0,2026-07-12 10:26:19
1099,28,33.3,250.35,0.92,49.91,0,2026-07-12 10:34:19
1100,12,37.26,280.15,0.91,49.99,0,2026-07-12 10:42:19
1101,5,34.0,255.62,0.91,50.01,0,2026-07-12 10:50:19
1102,15,31.5,236.84,0.95,49.97,0,2026-07-12 10:58:19
1103,8,37.38,281.06,0.92,50.03,0,2026-07-12 11:06:19
1104,19,35.07,263.67,0.94,49.92,0,2026-07-12 11:14:19
1105,14,37.8,284.19,0.93,50.04,0,2026-07-12 11:22:19
1106,16,37.45,281.56,0.93,50.08,0,2026-07-12 11:30:19
1107,3,34.81,261.74,0.93,50.1,0,2026-07-12 11:38:19
1108,12,33.93,255.08,0.92,49.92,0,2026-07-12 11:46:19
1109,2,36.07,271.2,0.93,50.09,0,2026-07-12 11:54:19
1110,17,36.61,275.28,0.94,50.04,0,2026-07-12 12:02:19
1111,20,35.55,267.32,0.91,50.06,0,2026-07-12 12:10:19
1112,23,34.49,259.3,0.93,49.9,0,2026-07-12 12:18:19
1113,24,36.68,275.81,0.94,49.92,0,2026-07-12 12:26:19
1114,10,33.16,249.29,0.91,49.96,0,2026-07-12 12:34:19
1115,22,31.47,236.63,0.94,49.92,0,2026-07-12 12:42:19
1116,11,35.71,268.48,0.91,49.96,0,2026-07-12 12:50:19
1117,1,37.77,283.95,0.9,50.08,0,2026-07-12 12:58:19
1118,17,35.32,265.58,0.93,50.08,0,2026-07-12 13:06:19
1119,19,34.92,262.52,0.92,49.93,0,2026-07-12 13:14:19
1120,26,36.49,274.33,0.93,50.04,0,2026-07-12 13:22:19
1121,19,33.78,253.99,0.91,50.05,0,2026-07-12 13:30:19
1122,30,33.69,253.34,0.92,50.04,0,2026-07-12 13:38:19
1123,28,34.06,256.1,0.93,50.02,0,2026-07-12 13:46:19
1124,16,35.19,264.58,0.91,49.98,0,2026-07-12 13:54:19
1125,5,65.55,492.89,0.91,50.0,1,2026-07-12 14:02:19
1126,28,66.36,498.92,0.91,50.07,1,2026-07-12 14:10:19
1127,8,69.78,524.66,0.91,50.0,1,2026-07-12 14:18:19
1128,25,67.73,509.22,0.89,49.94,1,2026-07-12 14:26:19
1129,10,69.27,520.86,0.91,49.9,1,2026-07-12 14:34:19
1130,27,69.83,525.04,0.91,49.99,1,2026-07-12 14:42:19
1131,23,69.66,523.77,0.89,49.98,1,2026-07-12 14:50:19
1132,1,65.57,493.01,0.88,49.91,1,2026-07-12 14:58:19
1133,9,71.89,540.49,0.88,49.96,1,2026-07-12 15:06:19
1134,6,67.82,509.94,0.88,49.97,1,2026-07-12 15:14:19
1135,12,70.83,532.52,0.89,49.94,1,2026-07-12 15:22:19
1136,30,65.44,492.03,0.9,49.96,1,2026-07-12 15:30:19
1137,29,68.37,514.07,0.91,50.04,1,2026-07-12 15:38:19
1138,25,66.61,500.83,0.87,49.9,1,2026-07-12 15:46:19
1139,27,64.23,482.9,0.9,50.09,1,2026-07-12 15:54:19
1140,30,66.92,503.17,0.89,50.01,1,2026-07-12 16:02:19
1141,19,68.02,511.46,0.89,49.98,1,2026-07-12 16:10:19
1142,28,66.74,501.78,0.9,50.01,1,2026-07-12 16:18:19
1143,30,67.76,509.46,0.88,49.95,1,2026-07-12 16:26:19
1144,6,70.17,527.63,0.9,50.06,1,2026-07-12 16:34:19
1145,23,69.96,525.99,0.9,50.07,1,2026-07-12 16:42:19
1146,24,67.07,504.25,0.88,49.9,1,2026-07-12 16:50:19
1147,3,66.23,497.99,0.88,50.0,1,2026-07-12 16:58:19
1148,12,68.04,511.55,0.9,50.05,1,2026-07-12 17:06:19
1149,21,64.59,485.63,0.91,49.94,1,2026-07-12 17:14:19
1150,28,69.24,520.62,0.88,50.04,1,2026-07-12 17:22:19
1151,23,66.19,497.69,0.9,49.95,1,2026-07-12 17:30:19
1152,13,71.93,540.86,0.88,49.92,1,2026-07-12 17:38:19
1153,20,67.82,509.95,0.89,50.08,1,2026-07-12 17:46:19
1154,9,66.99,503.68,0.91,49.97,1,2026-07-12 17:54:19
1155,7,70.59,530.78,0.9,50.07,1,2026-07-12 18:02:19
1156,16,65.37,491.47,0.91,49.93,1,2026-07-12 18:10:19
1157,26,65.72,494.13,0.9,49.96,1,2026-07-12 18:18:19
1158,27,66.58,500.57,0.88,49.99,1,2026-07-12 18:26:19
1159,16,66.53,500.21,0.89,49.98,1,2026-07-12 18:34:19
1160,16,69.59,523.27,0.88,50.1,1,2026-07-12 18:42:19
1161,22,67.12,504.64,0.91,49.91,1,2026-07-12 18:50:19
1162,11,65.96,495.96,0.9,49.97,1,2026-07-12 18:58:19
1163,30,71.16,535.0,0.89,50.04,1,2026-07-12 19:06:19
1164,15,71.64,538.61,0.88,49.96,1,2026-07-12 19:14:19
1165,14,68.65,516.17,0.9,49.93,1,2026-07-12 19:22:19
1166,21,66.01,496.34,0.88,50.02,1,2026-07-12 19:30:19
1167,22,71.79,539.79,0.87,49.92,1,2026-07-12 19:38:19
1168,8,66.54,500.3,0.9,50.09,1,2026-07-12 19:46:19
1169,14,64.97,488.52,0.88,49.97,1,2026-07-12 19:54:19
1170,11,71.84,540.13,0.87,50.1,1,2026-07-12 20:02:19
1171,7,64.36,483.89,0.9,50.01,1,2026-07-12 20:10:19
1172,13,67.97,511.09,0.89,50.02,1,2026-07-12 20:18:19
1173,16,71.25,535.71,0.88,49.96,1,2026-07-12 20:26:19
1174,6,67.25,505.67,0.87,50.01,1,2026-07-12 20:34:19
1175,24,67.78,509.62,0.9,50.09,1,2026-07-12 20:42:19
1176,4,67.75,509.39,0.9,49.99,1,2026-07-12 20:50:19
1177,14,67.51,507.59,0.9,49.92,1,2026-07-12 20:58:19
1178,2,70.04,526.59,0.88,49.92,1,2026-07-12 21:06:19
1179,18,69.19,520.2,0.91,50.04,1,2026-07-12 21:14:19
1180,20,67.12,504.63,0.88,49.99,1,2026-07-12 21:22:19
1181,19,69.71,524.14,0.9,49.97,1,2026-07-12 21:30:19
1182,23,64.52,485.14,0.89,50.03,1,2026-07-12 21:38:19
1183,3,70.17,527.59,0.87,49.99,1,2026-07-12 21:46:19
1184,3,66.85,502.6,0.9,49.91,1,2026-07-12 21:54:19
1185,29,31.68,238.21,0.93,49.98,0,2026-07-12 22:02:19
1186,8,30.09,226.24,0.94,50.08,0,2026-07-12 22:10:19
1187,29,31.06,233.54,0.94,49.97,0,2026-07-12 22:18:19
1188,25,35.86,269.66,0.9,49.96,0,2026-07-12 22:26:19
1189,24,34.08,256.25,0.91,50.02,0,2026-07-12 22:34:19
1190,6,35.38,266.04,0.91,49.99,0,2026-07-12 22:42:19
1191,20,33.37,250.87,0.91,50.03,0,2026-07-12 22:50:19
1192,12,35.19,264.59,0.94,50.05,0,2026-07-12 22:58:19
1193,11,31.25,234.97,0.95,50.04,0,2026-07-12 23:06:19
1194,17,34.63,260.39,0.94,50.04,0,2026-07-12 23:14:19
1195,17,33.14,249.16,0.94,50.05,0,2026-07-12 23:22:19
1196,16,36.88,277.26,0.92,49.93,0,2026-07-12 23:30:19
1197,26,30.7,230.86,0.92,49.99,0,2026-07-12 23:38:19
1198,20,34.68,260.78,0.92,49.97,0,2026-07-12 23:46:19
1199,27,32.05,240.97,0.94,49.91,0,2026-07-12 23:54:19
1200,23,37.32,280.58,0.91,50.05,0,2026-07-13 00:02:19
1201,2,34.98,263.02,0.91,49.94,0,2026-07-13 00:10:19
1202,21,37.97,285.48,0.93,50.0,0,2026-07-13 00:18:19
1203,14,32.55,244.73,0.94,50.08,0,2026-07-13 00:26:19
1204,24,30.44,228.84,0.93,49.93,0,2026-07-13 00:34:19
1205,7,30.64,230.34,0.92,49.94,0,2026-07-13 00:42:19
1206,29,30.68,230.69,0.92,50.0,0,2026-07-13 00:50:19
1207,27,34.62,260.3,0.91,50.06,0,2026-07-13 00:58:19
1208,21,37.75,283.82,0.94,49.98,0,2026-07-13 01:06:19
1209,28,32.76,246.32,0.92,50.09,0,2026-07-13 01:14:19
1210,21,37.2,279.71,0.93,50.08,0,2026-07-13 01:22:19
1211,4,30.3,227.85,0.92,49.93,0,2026-07-13 01:30:19
1212,18,34.4,258.67,0.91,50.06,0,2026-07-13 01:38:19
1213,15,31.56,237.26,0.94,50.01,0,2026-07-13 01:46:19
1214,10,36.48,274.32,0.92,50.08,0,2026-07-13 01:54:19
1215,20,35.36,265.86,0.94,50.08,0,2026-07-13 02:02:19
1216,6,30.69,230.74,0.92,49.94,0,2026-07-13 02:10:19
1217,12,32.0,240.61,0.93,49.97,0,2026-07-13 02:18:19
1218,22,34.08,256.23,0.94,49.99,0,2026-07-13 02:26:19
1219,7,32.34,243.13,0.93,50.04,0,2026-07-13 02:34:19
1220,7,36.93,277.7,0.91,50.09,0,2026-07-13 02:42:19
1221,23,37.6,282.73,0.92,50.05,0,2026-07-13 02:50:19
1222,2,37.9,284.94,0.93,49.99,0,2026-07-13 02:58:19
1223,14,34.46,259.13,0.92,50.0,0,2026-07-13 03:06:19
1224,13,32.16,241.82,0.91,49.93,0,2026-07-13 03:14:19
1225,1,37.7,283.43,0.93,49.98,0,2026-07-13 03:22:19
1226,7,35.93,270.16,0.94,50.1,0,2026-07-13 03:30:19
1227,26,37.45,281.57,0.91,50.03,0,2026-07-13 03:38:19
1228,23,37.1,278.96,0.91,50.01,0,2026-07-13 03:46:19
1229,3,32.49,244.26,0.93,50.02,0,2026-07-13 03:54:19
1230,16,36.91,277.5,0.93,50.06,0,2026-07-13 04:02:19
1231,28,37.14,279.23,0.93,49.9,0,2026-07-13 04:10:19
1232,8,34.95,262.81,0.92,49.92,0,2026-07-13 04:18:19
1233,26,30.53,229.52,0.91,50.01,0,2026-07-13 04:26:19
1234,11,33.37,250.92,0.93,49.96,0,2026-07-13 04:34:19
1235,25,37.54,282.26,0.93,50.06,0,2026-07-13 04:42:19
1236,9,30.73,231.07,0.92,50.09,0,2026-07-13 04:50:19
1237,25,31.68,238.23,0.91,50.01,0,2026-07-13 04:58:19
1238,16,30.32,227.98,0.94,49.91,0,2026-07-13 05:06:19
1239,28,30.19,227.01,0.92,49.93,0,2026-07-13 05:14:19
1240,3,32.26,242.52,0.94,50.02,0,2026-07-13 05:22:19
1241,14,31.95,240.26,0.94,49.91,0,2026-07-13 05:30:19
1242,8,37.35,280.85,0.91,50.09,0,2026-07-13 05:38:19
1243,14,35.17,264.42,0.93,49.9,0,2026-07-13 05:46:19
1244,14,35.89,269.85,0.91,50.01,0,2026-07-13 05:54:19
1245,8,34.25,257.54,0.93,49.91,0,2026-07-13 06:02:19
1246,13,34.98,263.02,0.93,49.96,0,2026-07-13 06:10:19
1247,22,35.19,264.62,0.91,50.07,0,2026-07-13 06:18:19
1248,26,36.76,276.39,0.92,50.05,0,2026-07-13 06:26:19
1249,24,34.62,260.3,0.93,49.91,0,2026-07-13 06:34:19
1250,25,36.04,270.97,0.94,49.99,0,2026-07-13 06:42:19
1251,16,36.27,272.73,0.94,49.95,0,2026-07-13 06:50:19
1252,10,36.55,274.82,0.93,50.08,0,2026-07-13 06:58:19
1253,21,31.62,237.73,0.92,50.02,0,2026-07-13 07:06:19
1254,24,30.11,226.39,0.93,50.1,0,2026-07-13 07:14:19
1255,21,32.64,245.43,0.94,50.05,0,2026-07-13 07:22:19
1256,7,37.52,282.08,0.94,49.94,0,2026-07-13 07:30:19
1257,28,36.12,271.6,0.91,50.06,0,2026-07-13 07:38:19
1258,3,30.39,228.49,0.93,49.99,0,2026-07-13 07:46:19
1259,22,37.86,284.64,0.9,49.94,0,2026-07-13 07:54:19
1260,20,37.68,283.29,0.92,50.02,0,2026-07-13 08:02:19
1261,8,35.67,268.22,0.91,49.93,0,2026-07-13 08:10:19
1262,23,31.12,233.98,0.92,49.91,0,2026-07-13 08:18:19
1263,8,37.69,283.37,0.9,49.92,0,2026-07-13 08:26:19
1264,22,32.82,246.73,0.92,49.98,0,2026-07-13 08:34:19
1265,17,38.0,285.7,0.91,49.91,0,2026-07-13 08:42:19
1266,27,35.53,267.11,0.92,49.94,0,2026-07-13 08:50:19
1267,11,34.53,259.66,0.94,50.03,0,2026-07-13 08:58:19
1268,12,34.36,258.37,0.94,50.07,0,2026-07-13 09:06:19
1269,27,36.72,276.11,0.92,50.1,0,2026-07-13 09:14:19
1270,23,34.17,256.89,0.92,49.98,0,2026-07-13 09:22:19
1271,11,33.34,250.66,0.92,49.94,0,2026-07-13 09:30:19
1272,8,37.73,283.7,0.93,49.93,0,2026-07-13 09:38:19
1273,28,32.45,243.98,0.92,50.04,0,2026-07-13 09:46:19
1274,4,32.47,244.14,0.92,50.06,0,2026-07-13 09:54:19
1275,19,31.22,234.71,0.94,49.92,0,2026-07-13 10:02:19
1276,14,37.87,284.76,0.93,50.02,0,2026-07-13 10:10:19
1277,10,30.54,229.66,0.94,49.99,0,2026-07-13 10:18:19
1278,21,32.03,240.81,0.92,49.93,0,2026-07-13 10:26:19
1279,13,35.16,264.34,0.93,49.92,0,2026-07-13 10:34:19
1280,27,31.31,235.45,0.93,49.95,0,2026-07-13 10:42:19
1281,14,31.5,236.86,0.94,50.08,0,2026-07-13 10:50:19
1282,17,33.21,249.72,0.91,50.01,0,2026-07-13 10:58:19
1283,24,36.08,271.28,0.92,50.01,0,2026-07-13 11:06:19
1284,17,33.46,251.6,0.93,50.08,0,2026-07-13 11:14:19
1285,23,36.73,276.17,0.91,50.07,0,2026-07-13 11:22:19
1286,14,31.45,236.44,0.93,50.03,0,2026-07-13 11:30:19
1287,24,30.6,230.11,0.92,50.07,0,2026-07-13 11:38:19
1288,13,35.37,265.96,0.92,50.09,0,2026-07-13 11:46:19
1289,6,35.7,268.39,0.94,50.03,0,2026-07-13 11:54:19
1290,30,35.38,266.04,0.92,50.09,0,2026-07-13 12:02:19
1291,14,31.29,235.28,0.91,49.92,0,2026-07-13 12:10:19
1292,5,33.22,249.76,0.92,50.07,0,2026-07-13 12:18:19
1293,9,30.38,228.39,0.93,50.02,0,2026-07-13 12:26:19
1294,19,37.08,278.77,0.91,49.9,0,2026-07-13 12:34:19
1295,14,35.03,263.37,0.94,49.94,0,2026-07-13 12:42:19
1296,16,31.23,234.82,0.92,50.0,0,2026-07-13 12:50:19
1297,7,32.83,246.86,0.91,50.06,0,2026-07-13 12:58:19
1298,19,36.69,275.84,0.91,49.91,0,2026-07-13 13:06:19
1299,3,31.86,239.52,0.93,49.96,0,2026-07-13 13:14:19
1300,27,30.3,227.83,0.93,49.92,0,2026-07-13 13:22:19
1301,24,37.47,281.72,0.91,49.97,0,2026-07-13 13:30:19
1302,14,36.67,275.71,0.94,49.98,0,2026-07-13 13:38:19
1303,26,30.47,229.12,0.91,50.07,0,2026-07-13 13:46:19
1304,22,36.86,277.13,0.92,49.95,0,2026-07-13 13:54:19
1305,13,68.01,511.33,0.91,50.04,1,2026-07-13 14:02:19
1306,2,66.46,499.73,0.89,49.91,1,2026-07-13 14:10:19
1307,15,65.43,491.98,0.88,49.96,1,2026-07-13 14:18:19
1308,4,71.36,536.53,0.88,50.0,1,2026-07-13 14:26:19
1309,30,70.02,526.5,0.9,50.05,1,2026-07-13 14:34:19
1310,18,66.42,499.4,0.89,49.94,1,2026-07-13 14:42:19
1311,1,67.02,503.94,0.9,49.95,1,2026-07-13 14:50:19
1312,30,65.59,493.14,0.88,50.06,1,2026-07-13 14:58:19
1313,2,71.62,538.51,0.9,50.01,1,2026-07-13 15:06:19
1314,6,64.13,482.17,0.9,49.97,1,2026-07-13 15:14:19
1315,25,65.09,489.43,0.9,50.01,1,2026-07-13 15:22:19
1316,6,71.08,534.46,0.87,50.02,1,2026-07-13 15:30:19
1317,4,70.93,533.28,0.9,50.05,1,2026-07-13 15:38:19
1318,15,65.58,493.11,0.89,49.91,1,2026-07-13 15:46:19
1319,28,66.44,499.52,0.91,50.08,1,2026-07-13 15:54:19
1320,13,71.1,534.57,0.87,49.91,1,2026-07-13 16:02:19
1321,9,71.86,540.29,0.89,50.08,1,2026-07-13 16:10:19
1322,11,69.91,525.67,0.9,50.07,1,2026-07-13 16:18:19
1323,19,71.9,540.58,0.87,50.09,1,2026-07-13 16:26:19
1324,30,67.46,507.19,0.88,50.03,1,2026-07-13 16:34:19
1325,2,64.59,485.65,0.88,50.03,1,2026-07-13 16:42:19
1326,26,68.4,514.31,0.89,49.95,1,2026-07-13 16:50:19
1327,15,71.21,535.41,0.88,50.08,1,2026-07-13 16:58:19
1328,16,72.06,541.78,0.9,49.98,1,2026-07-13 17:06:19
1329,11,65.65,493.62,0.89,49.91,1,2026-07-13 17:14:19
1330,1,65.94,495.77,0.88,49.99,1,2026-07-13 17:22:19
1331,13,69.34,521.35,0.88,49.92,1,2026-07-13 17:30:19
1332,27,65.35,491.32,0.89,50.05,1,2026-07-13 17:38:19
1333,2,71.48,537.41,0.87,50.09,1,2026-07-13 17:46:19
1334,1,69.2,520.28,0.88,49.95,1,2026-07-13 17:54:19
1335,10,66.64,501.08,0.89,50.06,1,2026-07-13 18:02:19
1336,16,68.51,515.13,0.91,50.06,1,2026-07-13 18:10:19
1337,15,65.59,493.15,0.91,49.99,1,2026-07-13 18:18:19
1338,3,70.88,532.92,0.87,50.01,1,2026-07-13 18:26:19
1339,19,68.17,512.55,0.88,50.05,1,2026-07-13 18:34:19
1340,5,64.27,483.25,0.88,49.92,1,2026-07-13 18:42:19
1341,4,67.79,509.71,0.89,49.98,1,2026-07-13 18:50:19
1342,15,70.13,527.31,0.88,49.94,1,2026-07-13 18:58:19
1343,26,64.75,486.85,0.89,50.04,1,2026-07-13 19:06:19
1344,21,66.4,499.26,0.89,49.96,1,2026-07-13 19:14:19
1345,8,64.32,483.6,0.9,49.99,1,2026-07-13 19:22:19
1346,8,69.74,524.36,0.87,49.91,1,2026-07-13 19:30:19
1347,30,70.69,531.53,0.89,49.96,1,2026-07-13 19:38:19
1348,12,68.94,518.35,0.9,49.95,1,2026-07-13 19:46:19
1349,7,66.6,500.74,0.9,50.09,1,2026-07-13 19:54:19
1350,4,65.54,492.76,0.91,49.96,1,2026-07-13 20:02:19
1351,20,71.7,539.12,0.91,50.03,1,2026-07-13 20:10:19
1352,2,67.2,505.3,0.88,50.0,1,2026-07-13 20:18:19
1353,24,69.01,518.88,0.89,49.91,1,2026-07-13 20:26:19
1354,15,64.77,487.0,0.89,49.94,1,2026-07-13 20:34:19
1355,28,71.23,535.57,0.88,50.02,1,2026-07-13 20:42:19
1356,15,65.2,490.24,0.91,49.96,1,2026-07-13 20:50:19
1357,21,68.91,518.1,0.87,50.04,1,2026-07-13 20:58:19
1358,22,69.46,522.24,0.91,49.97,1,2026-07-13 21:06:19
1359,15,71.17,535.14,0.91,50.0,1,2026-07-13 21:14:19
1360,22,67.36,506.48,0.89,50.08,1,2026-07-13 21:22:19
1361,20,67.44,507.09,0.91,49.93,1,2026-07-13 21:30:19
1362,24,67.22,505.41,0.91,50.05,1,2026-07-13 21:38:19
1363,3,66.31,498.57,0.91,49.91,1,2026-07-13 21:46:19
1364,18,68.06,511.74,0.87,49.94,1,2026-07-13 21:54:19
1365,16,30.39,228.48,0.94,50.1,0,2026-07-13 22:02:19
1366,18,36.75,276.32,0.92,49.97,0,2026-07-13 22:10:19
1367,10,32.21,242.18,0.94,49.98,0,2026-07-13 22:18:19
1368,24,33.92,255.04,0.92,49.9,0,2026-07-13 22:26:19
1369,12,36.85,277.08,0.94,49.93,0,2026-07-13 22:34:19
1370,17,30.53,229.57,0.94,50.06,0,2026-07-13 22:42:19
1371,29,36.87,277.23,0.94,49.99,0,2026-07-13 22:50:19
1372,8,33.49,251.83,0.95,50.03,0,2026-07-13 22:58:19
1373,9,31.0,233.09,0.94,50.03,0,2026-07-13 23:06:19
1374,2,33.26,250.08,0.93,50.09,0,2026-07-13 23:14:19
1375,7,34.33,258.09,0.93,49.98,0,2026-07-13 23:22:19
1376,3,37.8,284.18,0.92,50.02,0,2026-07-13 23:30:19
1377,30,36.71,276.01,0.94,50.07,0,2026-07-13 23:38:19
1378,19,34.12,256.56,0.92,50.04,0,2026-07-13 23:46:19
1379,29,31.35,235.75,0.92,50.02,0,2026-07-13 23:54:19
1380,21,30.58,229.91,0.93,50.01,0,2026-07-14 00:02:19
1381,6,36.38,273.53,0.92,50.08,0,2026-07-14 00:10:19
1382,6,34.58,259.97,0.91,49.96,0,2026-07-14 00:18:19
1383,30,36.46,274.15,0.91,49.92,0,2026-07-14 00:26:19
1384,17,33.03,248.33,0.93,49.95,0,2026-07-14 00:34:19
1385,3,34.76,261.36,0.94,49.92,0,2026-07-14 00:42:19
1386,24,37.12,279.11,0.92,49.99,0,2026-07-14 00:50:19
1387,26,37.4,281.24,0.91,49.95,0,2026-07-14 00:58:19
1388,11,32.4,243.58,0.95,50.1,0,2026-07-14 01:06:19
1389,7,36.58,275.01,0.91,49.91,0,2026-07-14 01:14:19
1390,18,35.51,266.99,0.92,50.03,0,2026-07-14 01:22:19
1391,1,35.15,264.32,0.94,50.08,0,2026-07-14 01:30:19
1392,30,31.39,236.04,0.91,49.92,0,2026-07-14 01:38:19
1393,26,35.98,270.51,0.91,50.02,0,2026-07-14 01:46:19
1394,9,34.13,256.6,0.93,49.96,0,2026-07-14 01:54:19
1395,29,31.89,239.77,0.92,50.05,0,2026-07-14 02:02:19
1396,13,35.78,269.04,0.93,49.91,0,2026-07-14 02:10:19
1397,17,37.22,279.84,0.91,50.0,0,2026-07-14 02:18:19
1398,15,36.32,273.08,0.94,49.98,0,2026-07-14 02:26:19
1399,16,34.41,258.73,0.93,50.01,0,2026-07-14 02:34:19
1400,3,34.72,261.07,0.92,50.0,0,2026-07-14 02:42:19
1401,20,32.28,242.67,0.92,50.05,0,2026-07-14 02:50:19
1402,8,36.04,270.99,0.91,50.03,0,2026-07-14 02:58:19
1403,2,32.98,247.95,0.94,49.99,0,2026-07-14 03:06:19
1404,28,37.87,284.71,0.92,49.95,0,2026-07-14 03:14:19
1405,1,32.43,243.82,0.91,49.9,0,2026-07-14 03:22:19
1406,9,33.69,253.34,0.93,49.9,0,2026-07-14 03:30:19
1407,18,35.67,268.21,0.91,50.05,0,2026-07-14 03:38:19
1408,4,30.23,227.33,0.93,49.99,0,2026-07-14 03:46:19
1409,2,31.16,234.26,0.92,49.9,0,2026-07-14 03:54:19
1410,23,33.15,249.27,0.93,49.93,0,2026-07-14 04:02:19
1411,14,35.79,269.11,0.91,50.03,0,2026-07-14 04:10:19
1412,23,32.86,247.07,0.92,50.04,0,2026-07-14 04:18:19
1413,1,32.64,245.41,0.93,49.98,0,2026-07-14 04:26:19
1414,18,33.26,250.09,0.92,50.08,0,2026-07-14 04:34:19
1415,14,34.66,260.59,0.91,49.94,0,2026-07-14 04:42:19
1416,21,32.64,245.41,0.95,49.97,0,2026-07-14 04:50:19
1417,3,34.63,260.41,0.91,50.06,0,2026-07-14 04:58:19
1418,27,33.29,250.29,0.94,50.04,0,2026-07-14 05:06:19
1419,2,31.33,235.53,0.93,49.99,0,2026-07-14 05:14:19
1420,14,35.59,267.62,0.93,50.04,0,2026-07-14 05:22:19
1421,30,33.87,254.63,0.94,50.05,0,2026-07-14 05:30:19
1422,5,35.24,264.97,0.94,50.04,0,2026-07-14 05:38:19
1423,25,34.3,257.92,0.91,49.93,0,2026-07-14 05:46:19
1424,24,33.49,251.78,0.91,50.09,0,2026-07-14 05:54:19
1425,4,36.63,275.38,0.92,49.98,0,2026-07-14 06:02:19
1426,9,36.12,271.58,0.92,49.95,0,2026-07-14 06:10:19
1427,1,32.72,246.01,0.94,49.99,0,2026-07-14 06:18:19
1428,28,37.44,281.54,0.93,49.98,0,2026-07-14 06:26:19
1429,4,36.09,271.39,0.93,49.94,0,2026-07-14 06:34:19
1430,23,32.1,241.38,0.93,49.99,0,2026-07-14 06:42:19
1431,8,30.16,226.77,0.95,50.06,0,2026-07-14 06:50:19
1432,25,35.69,268.31,0.91,50.0,0,2026-07-14 06:58:19
1433,15,31.1,233.85,0.95,49.98,0,2026-07-14 07:06:19
1434,1,33.04,248.42,0.93,50.01,0,2026-07-14 07:14:19
1435,25,37.59,282.66,0.93,50.05,0,2026-07-14 07:22:19
1436,21,34.14,256.67,0.92,49.97,0,2026-07-14 07:30:19
1437,27,32.57,244.91,0.94,50.06,0,2026-07-14 07:38:19
1438,21,30.86,232.01,0.94,50.01,0,2026-07-14 07:46:19
1439,7,35.72,268.59,0.94,50.02,0,2026-07-14 07:54:19
1440,11,35.53,267.13,0.94,50.06,0,2026-07-14 08:02:19
1441,1,33.98,255.52,0.94,50.02,0,2026-07-14 08:10:19
1442,16,35.87,269.73,0.91,50.09,0,2026-07-14 08:18:19
1443,30,31.54,237.18,0.92,49.94,0,2026-07-14 08:26:19
1444,3,36.1,271.42,0.93,49.92,0,2026-07-14 08:34:19
1445,30,30.17,226.82,0.91,50.02,0,2026-07-14 08:42:19
1446,15,33.01,248.19,0.92,50.04,0,2026-07-14 08:50:19
1447,10,32.37,243.35,0.92,49.99,0,2026-07-14 08:58:19
1448,22,36.23,272.39,0.91,49.94,0,2026-07-14 09:06:19
1449,22,32.69,245.76,0.94,49.98,0,2026-07-14 09:14:19
1450,28,34.17,256.9,0.95,50.0,0,2026-07-14 09:22:19
1451,13,34.27,257.64,0.94,50.07,0,2026-07-14 09:30:19
1452,16,31.79,239.03,0.92,49.95,0,2026-07-14 09:38:19
1453,11,34.5,259.37,0.91,50.06,0,2026-07-14 09:46:19
1454,3,37.8,284.21,0.93,50.01,0,2026-07-14 09:54:19
1455,27,31.21,234.63,0.92,50.08,0,2026-07-14 10:02:19
1456,3,36.74,276.21,0.94,49.92,0,2026-07-14 10:10:19
1457,4,37.23,279.91,0.92,50.08,0,2026-07-14 10:18:19
1458,7,32.66,245.54,0.92,49.94,0,2026-07-14 10:26:19
1459,1,35.0,263.14,0.91,50.06,0,2026-07-14 10:34:19
1460,17,37.73,283.69,0.93,50.01,0,2026-07-14 10:42:19
1461,14,36.43,273.92,0.94,50.01,0,2026-07-14 10:50:19
1462,4,30.72,230.98,0.92,50.01,0,2026-07-14 10:58:19
1463,23,34.41,258.74,0.94,50.05,0,2026-07-14 11:06:19
1464,29,35.36,265.86,0.91,50.01,0,2026-07-14 11:14:19
1465,9,33.14,249.14,0.94,50.08,0,2026-07-14 11:22:19
1466,17,34.96,262.89,0.94,50.07,0,2026-07-14 11:30:19
1467,10,30.78,231.43,0.93,50.02,0,2026-07-14 11:38:19
1468,13,30.67,230.62,0.93,49.98,0,2026-07-14 11:46:19
1469,18,37.9,284.97,0.93,50.04,0,2026-07-14 11:54:19
1470,9,35.88,269.75,0.91,50.02,0,2026-07-14 12:02:19
1471,26,30.16,226.79,0.94,49.95,0,2026-07-14 12:10:19
1472,29,35.87,269.67,0.91,49.96,0,2026-07-14 12:18:19
1473,2,30.34,228.15,0.95,50.06,0,2026-07-14 12:26:19
1474,5,35.87,269.73,0.93,49.98,0,2026-07-14 12:34:19
1475,21,32.82,246.8,0.91,49.95,0,2026-07-14 12:42:19
1476,10,35.54,267.25,0.91,49.98,0,2026-07-14 12:50:19
1477,10,30.68,230.69,0.93,50.09,0,2026-07-14 12:58:19
1478,10,32.36,243.29,0.93,49.98,0,2026-07-14 13:06:19
1479,13,37.41,281.3,0.91,50.04,0,2026-07-14 13:14:19
1480,4,33.54,252.2,0.93,49.97,0,2026-07-14 13:22:19
1481,8,35.92,270.09,0.93,50.02,0,2026-07-14 13:30:19
1482,7,32.42,243.78,0.92,50.03,0,2026-07-14 13:38:19
1483,2,33.53,252.14,0.94,49.99,0,2026-07-14 13:46:19
1484,5,36.67,275.72,0.93,49.91,0,2026-07-14 13:54:19
1485,29,68.75,516.89,0.91,49.94,1,2026-07-14 14:02:19
1486,7,68.52,515.22,0.89,49.95,1,2026-07-14 14:10:19
1487,26,69.75,524.4,0.88,50.03,1,2026-07-14 14:18:19
1488,27,65.36,491.45,0.89,50.04,1,2026-07-14 14:26:19
1489,2,70.04,526.65,0.87,50.07,1,2026-07-14 14:34:19
1490,20,69.05,519.18,0.87,50.0,1,2026-07-14 14:42:19
1491,18,69.31,521.1,0.91,50.0,1,2026-07-14 14:50:19
1492,23,69.93,525.78,0.89,49.92,1,2026-07-14 14:58:19
1493,20,66.45,499.63,0.91,49.98,1,2026-07-14 15:06:19
1494,14,64.97,488.51,0.91,49.95,1,2026-07-14 15:14:19
1495,30,66.89,502.94,0.9,49.95,1,2026-07-14 15:22:19
1496,3,68.5,515.06,0.91,49.99,1,2026-07-14 15:30:19
1497,26,65.36,491.45,0.88,50.03,1,2026-07-14 15:38:19
1498,16,68.01,511.32,0.89,50.06,1,2026-07-14 15:46:19
1499,21,70.84,532.65,0.89,50.09,1,2026-07-14 15:54:19
1500,19,64.77,486.98,0.89,50.02,1,2026-07-14 16:02:19
1501,10,71.0,533.82,0.87,49.95,1,2026-07-14 16:10:19
1502,14,70.52,530.2,0.89,50.09,1,2026-07-14 16:18:19
1503,27,71.13,534.79,0.89,49.92,1,2026-07-14 16:26:19
1504,3,71.39,536.8,0.88,49.93,1,2026-07-14 16:34:19
1505,17,71.21,535.38,0.9,49.93,1,2026-07-14 16:42:19
1506,9,67.83,510.03,0.91,49.92,1,2026-07-14 16:50:19
1507,6,64.92,488.13,0.9,50.06,1,2026-07-14 16:58:19
1508,19,69.13,519.8,0.88,49.94,1,2026-07-14 17:06:19
1509,1,68.19,512.74,0.9,49.92,1,2026-07-14 17:14:19
1510,5,69.75,524.42,0.9,50.08,1,2026-07-14 17:22:19
1511,29,66.54,500.29,0.91,50.08,1,2026-07-14 17:30:19
1512,13,70.65,531.2,0.87,50.04,1,2026-07-14 17:38:19
1513,16,71.3,536.07,0.9,50.03,1,2026-07-14 17:46:19
1514,13,66.24,498.01,0.87,50.1,1,2026-07-14 17:54:19
1515,21,70.36,529.02,0.91,49.97,1,2026-07-14 18:02:19
1516,22,71.12,534.72,0.91,50.03,1,2026-07-14 18:10:19
1517,5,64.77,486.96,0.91,50.06,1,2026-07-14 18:18:19
1518,1,70.07,526.81,0.89,49.91,1,2026-07-14 18:26:19
1519,1,67.44,507.07,0.91,49.91,1,2026-07-14 18:34:19
1520,10,70.26,528.3,0.89,49.9,1,2026-07-14 18:42:19
1521,13,70.31,528.64,0.9,50.06,1,2026-07-14 18:50:19
1522,28,69.15,519.89,0.87,49.91,1,2026-07-14 18:58:19
1523,14,64.71,486.53,0.89,50.01,1,2026-07-14 19:06:19
1524,4,65.22,490.35,0.89,50.07,1,2026-07-14 19:14:19
1525,3,68.09,511.92,0.89,49.95,1,2026-07-14 19:22:19
1526,4,70.36,529.04,0.89,49.98,1,2026-07-14 19:30:19
1527,19,70.67,531.38,0.9,49.95,1,2026-07-14 19:38:19
1528,18,66.55,500.35,0.88,50.0,1,2026-07-14 19:46:19
1529,27,64.5,484.98,0.9,50.07,1,2026-07-14 19:54:19
1530,14,69.5,522.57,0.89,49.96,1,2026-07-14 20:02:19
1531,22,66.94,503.34,0.91,49.9,1,2026-07-14 20:10:19
1532,18,70.09,527.0,0.91,49.97,1,2026-07-14 20:18:19
1533,26,70.56,530.5,0.9,50.04,1,2026-07-14 20:26:19
1534,26,64.34,483.76,0.89,50.03,1,2026-07-14 20:34:19
1535,7,64.69,486.36,0.89,49.93,1,2026-07-14 20:42:19
1536,24,67.52,507.7,0.91,49.96,1,2026-07-14 20:50:19
1537,9,71.02,534.01,0.89,50.07,1,2026-07-14 20:58:19
1538,29,65.55,492.83,0.9,49.98,1,2026-07-14 21:06:19
1539,1,64.12,482.09,0.89,50.05,1,2026-07-14 21:14:19
1540,24,69.07,519.36,0.9,49.91,1,2026-07-14 21:22:19
1541,21,66.72,501.66,0.88,49.99,1,2026-07-14 21:30:19
1542,4,64.87,487.72,0.88,50.03,1,2026-07-14 21:38:19
1543,29,68.6,515.78,0.89,50.01,1,2026-07-14 21:46:19
1544,29,66.55,500.37,0.91,49.9,1,2026-07-14 21:54:19
1545,17,35.87,269.67,0.94,50.03,0,2026-07-14 22:02:19
1546,17,36.62,275.31,0.91,49.97,0,2026-07-14 22:10:19
1547,20,30.11,226.41,0.93,50.04,0,2026-07-14 22:18:19
1548,20,33.03,248.32,0.92,49.99,0,2026-07-14 22:26:19
1549,13,34.53,259.65,0.91,50.09,0,2026-07-14 22:34:19
1550,18,33.5,251.88,0.92,50.09,0,2026-07-14 22:42:19
1551,15,30.23,227.31,0.91,49.92,0,2026-07-14 22:50:19
1552,6,32.58,244.95,0.92,49.91,0,2026-07-14 22:58:19
1553,15,36.31,273.03,0.92,49.93,0,2026-07-14 23:06:19
1554,14,30.25,227.43,0.93,49.94,0,2026-07-14 23:14:19
1555,18,36.91,277.51,0.92,50.08,0,2026-07-14 23:22:19
1556,30,31.16,234.3,0.94,50.01,0,2026-07-14 23:30:19
1557,20,31.05,233.43,0.92,49.92,0,2026-07-14 23:38:19
1558,18,33.24,249.92,0.92,50.02,0,2026-07-14 23:46:19
1559,21,35.62,267.84,0.93,50.02,0,2026-07-14 23:54:19
1560,28,31.1,233.84,0.91,49.97,0,2026-07-15 00:02:19
1561,8,34.05,256.0,0.94,50.01,0,2026-07-15 00:10:19
1562,10,30.56,229.79,0.93,49.99,0,2026-07-15 00:18:19
1563,10,30.59,229.98,0.93,49.98,0,2026-07-15 00:26:19
1564,12,34.77,261.43,0.93,50.02,0,2026-07-15 00:34:19
1565,17,34.82,261.83,0.94,49.96,0,2026-07-15 00:42:19
1566,1,37.91,285.04,0.92,50.08,0,2026-07-15 00:50:19
1567,30,32.54,244.64,0.94,49.98,0,2026-07-15 00:58:19
1568,20,31.17,234.34,0.91,50.0,0,2026-07-15 01:06:19
1569,26,30.72,230.94,0.92,50.0,0,2026-07-15 01:14:19
1570,1,31.6,237.63,0.94,50.02,0,2026-07-15 01:22:19
1571,24,33.05,248.48,0.93,50.08,0,2026-07-15 01:30:19
1572,1,33.3,250.38,0.92,50.08,0,2026-07-15 01:38:19
1573,15,31.84,239.4,0.92,49.91,0,2026-07-15 01:46:19
1574,27,37.31,280.54,0.94,49.92,0,2026-07-15 01:54:19
1575,5,36.51,274.54,0.94,49.94,0,2026-07-15 02:02:19
1576,14,34.6,260.18,0.91,50.03,0,2026-07-15 02:10:19
1577,9,30.95,232.71,0.94,50.03,0,2026-07-15 02:18:19
1578,18,35.8,269.2,0.91,49.99,0,2026-07-15 02:26:19
1579,22,32.62,245.3,0.94,50.06,0,2026-07-15 02:34:19
1580,19,31.18,234.47,0.94,50.09,0,2026-07-15 02:42:19
1581,1,30.44,228.84,0.94,49.9,0,2026-07-15 02:50:19
1582,28,34.41,258.72,0.93,50.05,0,2026-07-15 02:58:19
1583,30,37.32,280.6,0.94,50.08,0,2026-07-15 03:06:19
1584,8,36.83,276.92,0.93,50.08,0,2026-07-15 03:14:19
1585,2,30.81,231.64,0.94,50.08,0,2026-07-15 03:22:19
1586,3,37.29,280.4,0.92,49.93,0,2026-07-15 03:30:19
1587,20,33.33,250.6,0.92,49.95,0,2026-07-15 03:38:19
1588,15,32.69,245.8,0.91,50.02,0,2026-07-15 03:46:19
1589,2,35.99,270.63,0.93,50.0,0,2026-07-15 03:54:19
1590,24,37.78,284.05,0.93,50.01,0,2026-07-15 04:02:19
1591,13,35.36,265.9,0.93,49.93,0,2026-07-15 04:10:19
1592,15,37.86,284.68,0.92,50.1,0,2026-07-15 04:18:19
1593,26,31.84,239.42,0.94,49.99,0,2026-07-15 04:26:19
1594,7,30.23,227.28,0.93,49.96,0,2026-07-15 04:34:19
1595,24,33.97,255.44,0.91,50.07,0,2026-07-15 04:42:19
1596,6,36.99,278.11,0.92,49.92,0,2026-07-15 04:50:19
1597,6,36.79,276.62,0.91,50.05,0,2026-07-15 04:58:19
1598,5,32.51,244.4,0.92,49.97,0,2026-07-15 05:06:19
1599,21,37.21,279.74,0.91,49.98,0,2026-07-15 05:14:19
1600,3,35.44,266.45,0.93,50.05,0,2026-07-15 05:22:19
1601,18,34.27,257.64,0.92,50.03,0,2026-07-15 05:30:19
1602,2,31.18,234.46,0.91,49.99,0,2026-07-15 05:38:19
1603,22,32.72,246.01,0.92,50.04,0,2026-07-15 05:46:19
1604,28,36.64,275.5,0.94,49.99,0,2026-07-15 05:54:19
1605,26,34.41,258.72,0.91,50.01,0,2026-07-15 06:02:19
1606,26,33.92,255.04,0.95,49.92,0,2026-07-15 06:10:19
1607,14,32.06,241.07,0.92,50.08,0,2026-07-15 06:18:19
1608,28,34.97,262.96,0.93,50.09,0,2026-07-15 06:26:19
1609,16,30.34,228.1,0.92,49.96,0,2026-07-15 06:34:19
1610,17,37.67,283.21,0.94,50.09,0,2026-07-15 06:42:19
1611,4,37.58,282.58,0.9,50.02,0,2026-07-15 06:50:19
1612,21,32.13,241.55,0.94,49.9,0,2026-07-15 06:58:19
1613,2,36.6,275.18,0.91,50.06,0,2026-07-15 07:06:19
1614,17,36.07,271.24,0.94,49.92,0,2026-07-15 07:14:19
1615,17,35.5,266.94,0.92,50.04,0,2026-07-15 07:22:19
1616,21,32.33,243.11,0.93,49.98,0,2026-07-15 07:30:19
1617,12,33.48,251.7,0.93,50.09,0,2026-07-15 07:38:19
1618,17,35.53,267.11,0.93,50.0,0,2026-07-15 07:46:19
1619,1,36.7,275.91,0.91,49.99,0,2026-07-15 07:54:19
1620,5,32.86,247.04,0.91,49.91,0,2026-07-15 08:02:19
1621,15,32.8,246.59,0.94,50.08,0,2026-07-15 08:10:19
1622,23,34.39,258.6,0.92,49.95,0,2026-07-15 08:18:19
1623,28,32.32,242.97,0.92,49.96,0,2026-07-15 08:26:19
1624,30,33.46,251.57,0.94,50.02,0,2026-07-15 08:34:19
1625,9,32.1,241.38,0.94,50.08,0,2026-07-15 08:42:19
1626,7,35.09,263.8,0.92,49.91,0,2026-07-15 08:50:19
1627,25,32.53,244.6,0.92,50.03,0,2026-07-15 08:58:19
1628,24,30.75,231.2,0.91,50.06,0,2026-07-15 09:06:19
1629,15,38.0,285.69,0.94,50.05,0,2026-07-15 09:14:19
1630,8,31.58,237.45,0.94,49.92,0,2026-07-15 09:22:19
1631,26,32.24,242.38,0.94,49.98,0,2026-07-15 09:30:19
1632,18,30.26,227.52,0.94,49.98,0,2026-07-15 09:38:19
1633,2,33.28,250.2,0.94,49.98,0,2026-07-15 09:46:19
1634,28,32.55,244.77,0.95,49.92,0,2026-07-15 09:54:19
1635,5,31.29,235.29,0.92,49.93,0,2026-07-15 10:02:19
1636,2,37.39,281.12,0.91,49.96,0,2026-07-15 10:10:19
1637,22,30.36,228.28,0.92,50.01,0,2026-07-15 10:18:19
1638,20,33.72,253.53,0.92,49.9,0,2026-07-15 10:26:19
1639,15,30.21,227.14,0.93,49.96,0,2026-07-15 10:34:19
1640,27,36.14,271.71,0.93,49.96,0,2026-07-15 10:42:19
1641,17,31.52,237.03,0.91,50.06,0,2026-07-15 10:50:19
1642,5,32.94,247.67,0.94,49.94,0,2026-07-15 10:58:19
1643,14,30.91,232.37,0.91,50.06,0,2026-07-15 11:06:19
1644,17,30.52,229.47,0.94,50.09,0,2026-07-15 11:14:19
1645,4,37.17,279.51,0.91,50.02,0,2026-07-15 11:22:19
1646,3,34.75,261.27,0.92,50.03,0,2026-07-15 11:30:19
1647,26,35.21,264.71,0.92,49.96,0,2026-07-15 11:38:19
1648,19,36.6,275.19,0.91,49.99,0,2026-07-15 11:46:19
1649,29,34.97,262.94,0.93,50.0,0,2026-07-15 11:54:19
1650,16,33.49,251.82,0.94,49.95,0,2026-07-15 12:02:19
1651,14,35.72,268.59,0.91,49.96,0,2026-07-15 12:10:19
1652,27,32.76,246.34,0.92,49.97,0,2026-07-15 12:18:19
1653,14,37.15,279.35,0.92,49.99,0,2026-07-15 12:26:19
1654,2,33.3,250.38,0.95,49.92,0,2026-07-15 12:34:19
1655,16,34.88,262.24,0.93,49.91,0,2026-07-15 12:42:19
1656,11,33.03,248.31,0.92,49.93,0,2026-07-15 12:50:19
1657,13,34.95,262.76,0.94,50.06,0,2026-07-15 12:58:19
1658,24,32.67,245.63,0.91,49.98,0,2026-07-15 13:06:19
1659,17,35.85,269.55,0.92,50.09,0,2026-07-15 13:14:19
1660,28,37.36,280.87,0.94,49.92,0,2026-07-15 13:22:19
1661,30,34.6,260.13,0.93,50.06,0,2026-07-15 13:30:19
1662,12,32.93,247.57,0.91,49.97,0,2026-07-15 13:38:19
1663,23,34.08,256.27,0.91,50.04,0,2026-07-15 13:46:19
1664,10,35.0,263.16,0.92,50.07,0,2026-07-15 13:54:19
1665,11,70.76,532.02,0.91,49.91,1,2026-07-15 14:02:19
1666,25,69.71,524.1,0.91,50.0,1,2026-07-15 14:10:19
1667,1,65.61,493.33,0.91,49.99,1,2026-07-15 14:18:19
1668,19,70.13,527.27,0.9,50.1,1,2026-07-15 14:26:19
1669,29,67.53,507.75,0.89,50.01,1,2026-07-15 14:34:19
1670,26,67.58,508.11,0.91,49.95,1,2026-07-15 14:42:19
1671,24,66.51,500.11,0.9,49.91,1,2026-07-15 14:50:19
1672,5,69.4,521.78,0.89,50.08,1,2026-07-15 14:58:19
1673,16,71.63,538.57,0.87,50.08,1,2026-07-15 15:06:19
1674,3,69.06,519.23,0.88,49.96,1,2026-07-15 15:14:19
1675,12,71.41,536.92,0.88,50.03,1,2026-07-15 15:22:19
1676,24,65.51,492.56,0.89,49.94,1,2026-07-15 15:30:19
1677,10,68.17,512.56,0.91,50.05,1,2026-07-15 15:38:19
1678,23,65.96,495.96,0.88,50.06,1,2026-07-15 15:46:19
1679,2,65.42,491.85,0.9,49.97,1,2026-07-15 15:54:19
1680,22,69.6,523.28,0.91,49.99,1,2026-07-15 16:02:19
1681,9,67.92,510.71,0.91,50.02,1,2026-07-15 16:10:19
1682,14,66.6,500.76,0.88,49.91,1,2026-07-15 16:18:19
1683,30,68.79,517.2,0.89,50.1,1,2026-07-15 16:26:19
1684,25,71.61,538.41,0.89,49.98,1,2026-07-15 16:34:19
1685,14,65.41,491.77,0.91,50.0,1,2026-07-15 16:42:19
1686,12,66.02,496.41,0.9,49.92,1,2026-07-15 16:50:19
1687,10,69.69,524.02,0.88,50.08,1,2026-07-15 16:58:19
1688,19,71.53,537.84,0.91,49.92,1,2026-07-15 17:06:19
1689,1,66.63,501.0,0.88,49.98,1,2026-07-15 17:14:19
1690,28,70.91,533.19,0.88,50.1,1,2026-07-15 17:22:19
1691,22,67.59,508.21,0.88,49.94,1,2026-07-15 17:30:19
1692,3,64.98,488.54,0.91,50.06,1,2026-07-15 17:38:19
1693,21,68.41,514.36,0.91,50.01,1,2026-07-15 17:46:19
1694,23,69.67,523.85,0.89,49.94,1,2026-07-15 17:54:19
1695,16,66.66,501.23,0.89,50.01,1,2026-07-15 18:02:19
1696,24,65.85,495.12,0.88,49.97,1,2026-07-15 18:10:19
1697,25,69.91,525.62,0.9,50.08,1,2026-07-15 18:18:19
1698,11,71.96,541.06,0.87,49.9,1,2026-07-15 18:26:19
1699,6,69.88,525.42,0.88,49.94,1,2026-07-15 18:34:19
1700,6,69.86,525.29,0.88,49.93,1,2026-07-15 18:42:19
1701,17,65.16,489.96,0.9,49.93,1,2026-07-15 18:50:19
1702,2,67.91,510.58,0.87,49.97,1,2026-07-15 18:58:19
1703,13,70.09,526.96,0.9,50.07,1,2026-07-15 19:06:19
1704,26,65.19,490.13,0.88,50.02,1,2026-07-15 19:14:19
1705,29,64.78,487.07,0.88,50.04,1,2026-07-15 19:22:19
1706,16,67.44,507.04,0.88,49.97,1,2026-07-15 19:30:19
1707,17,67.5,507.5,0.9,50.0,1,2026-07-15 19:38:19
1708,24,66.17,497.5,0.88,50.01,1,2026-07-15 19:46:19
1709,18,70.14,527.39,0.88,50.08,1,2026-07-15 19:54:19
1710,8,67.98,511.12,0.88,50.05,1,2026-07-15 20:02:19
1711,28,65.08,489.3,0.91,50.07,1,2026-07-15 20:10:19
1712,16,68.99,518.72,0.89,50.01,1,2026-07-15 20:18:19
1713,17,64.5,484.99,0.89,50.03,1,2026-07-15 20:26:19
1714,19,69.47,522.35,0.88,50.09,1,2026-07-15 20:34:19
1715,8,69.62,523.47,0.89,50.03,1,2026-07-15 20:42:19
1716,30,69.89,525.47,0.9,49.95,1,2026-07-15 20:50:19
1717,14,65.79,494.69,0.89,49.91,1,2026-07-15 20:58:19
1718,21,64.46,484.65,0.91,50.07,1,2026-07-15 21:06:19
1719,11,71.35,536.5,0.9,49.93,1,2026-07-15 21:14:19
1720,16,70.57,530.59,0.9,50.0,1,2026-07-15 21:22:19
1721,7,67.12,504.63,0.91,50.01,1,2026-07-15 21:30:19
1722,29,66.6,500.76,0.88,50.06,1,2026-07-15 21:38:19
1723,21,67.83,509.97,0.9,50.09,1,2026-07-15 21:46:19
1724,12,71.29,535.98,0.88,49.94,1,2026-07-15 21:54:19
1725,10,30.18,226.88,0.91,49.91,0,2026-07-15 22:02:19
1726,22,32.21,242.2,0.95,50.1,0,2026-07-15 22:10:19
1727,18,37.68,283.33,0.92,49.93,0,2026-07-15 22:18:19
1728,3,36.62,275.33,0.91,50.08,0,2026-07-15 22:26:19
1729,21,36.37,273.43,0.94,50.07,0,2026-07-15 22:34:19
1730,26,35.17,264.41,0.92,50.02,0,2026-07-15 22:42:19
1731,18,35.6,267.65,0.94,49.92,0,2026-07-15 22:50:19
1732,9,36.14,271.74,0.94,49.99,0,2026-07-15 22:58:19
1733,11,35.01,263.25,0.92,49.9,0,2026-07-15 23:06:19
1734,19,30.41,228.64,0.93,49.93,0,2026-07-15 23:14:19
1735,22,36.18,272.03,0.94,49.97,0,2026-07-15 23:22:19
1736,3,30.67,230.61,0.91,49.99,0,2026-07-15 23:30:19
1737,12,33.81,254.19,0.91,50.02,0,2026-07-15 23:38:19
1738,21,32.97,247.9,0.93,50.09,0,2026-07-15 23:46:19
1739,10,33.84,254.46,0.92,50.01,0,2026-07-15 23:54:19
1740,18,36.59,275.11,0.91,49.97,0,2026-07-16 00:02:19
1741,20,36.49,274.36,0.92,49.95,0,2026-07-16 00:10:19
1742,27,34.99,263.09,0.94,49.91,0,2026-07-16 00:18:19
1743,28,36.21,272.22,0.94,49.97,0,2026-07-16 00:26:19
1744,27,33.59,252.57,0.91,49.94,0,2026-07-16 00:34:19
1745,23,35.03,263.37,0.91,49.93,0,2026-07-16 00:42:19
1746,17,32.22,242.24,0.92,50.08,0,2026-07-16 00:50:19
1747,7,36.76,276.36,0.91,50.05,0,2026-07-16 00:58:19
1748,25,32.31,242.96,0.92,50.03,0,2026-07-16 01:06:19
1749,21,32.43,243.8,0.91,49.94,0,2026-07-16 01:14:19
1750,10,30.66,230.54,0.92,50.09,0,2026-07-16 01:22:19
1751,8,31.25,234.96,0.95,50.04,0,2026-07-16 01:30:19
1752,21,32.52,244.54,0.94,50.01,0,2026-07-16 01:38:19
1753,19,32.95,247.74,0.93,50.02,0,2026-07-16 01:46:19
1754,2,36.22,272.36,0.9,49.95,0,2026-07-16 01:54:19
1755,8,36.64,275.47,0.93,50.06,0,2026-07-16 02:02:19
1756,15,36.01,270.73,0.91,50.09,0,2026-07-16 02:10:19
1757,10,34.8,261.67,0.93,49.93,0,2026-07-16 02:18:19
1758,25,31.96,240.33,0.91,49.94,0,2026-07-16 02:26:19
1759,8,35.7,268.39,0.93,50.05,0,2026-07-16 02:34:19
1760,12,31.45,236.46,0.92,49.92,0,2026-07-16 02:42:19
1761,17,32.72,246.02,0.93,50.04,0,2026-07-16 02:50:19
1762,22,33.58,252.51,0.94,49.96,0,2026-07-16 02:58:19
1763,24,37.4,281.2,0.92,50.0,0,2026-07-16 03:06:19
1764,4,35.94,270.2,0.91,50.02,0,2026-07-16 03:14:19
1765,4,31.25,234.93,0.93,49.96,0,2026-07-16 03:22:19
1766,17,33.79,254.09,0.91,49.91,0,2026-07-16 03:30:19
1767,12,34.61,260.26,0.94,50.05,0,2026-07-16 03:38:19
1768,5,34.93,262.62,0.94,50.0,0,2026-07-16 03:46:19
1769,28,31.69,238.27,0.94,49.98,0,2026-07-16 03:54:19
1770,29,31.05,233.48,0.94,50.0,0,2026-07-16 04:02:19
1771,4,31.58,237.42,0.92,49.91,0,2026-07-16 04:10:19
1772,17,30.17,226.82,0.95,50.08,0,2026-07-16 04:18:19
1773,16,32.07,241.11,0.93,50.0,0,2026-07-16 04:26:19
1774,29,35.27,265.21,0.91,49.98,0,2026-07-16 04:34:19
1775,6,34.18,256.96,0.95,50.1,0,2026-07-16 04:42:19
1776,19,31.82,239.22,0.93,49.93,0,2026-07-16 04:50:19
1777,29,37.42,281.36,0.92,50.03,0,2026-07-16 04:58:19
1778,18,36.94,277.76,0.91,49.99,0,2026-07-16 05:06:19
1779,18,30.14,226.63,0.95,50.05,0,2026-07-16 05:14:19
1780,1,34.81,261.76,0.93,50.06,0,2026-07-16 05:22:19
1781,11,36.27,272.71,0.92,49.96,0,2026-07-16 05:30:19
1782,25,30.7,230.81,0.95,49.91,0,2026-07-16 05:38:19
1783,27,37.6,282.73,0.91,49.94,0,2026-07-16 05:46:19
1784,13,32.45,243.99,0.94,49.9,0,2026-07-16 05:54:19
1785,20,36.36,273.38,0.93,49.91,0,2026-07-16 06:02:19
1786,23,35.26,265.08,0.91,49.92,0,2026-07-16 06:10:19
1787,9,30.43,228.79,0.92,50.05,0,2026-07-16 06:18:19
1788,1,35.51,267.03,0.91,50.02,0,2026-07-16 06:26:19
1789,19,31.85,239.44,0.94,49.98,0,2026-07-16 06:34:19
1790,22,33.95,255.26,0.92,50.02,0,2026-07-16 06:42:19
1791,3,37.84,284.5,0.92,50.04,0,2026-07-16 06:50:19
1792,1,34.69,260.84,0.93,50.03,0,2026-07-16 06:58:19
1793,14,37.97,285.52,0.92,50.0,0,2026-07-16 07:06:19
1794,7,31.66,238.06,0.95,50.07,0,2026-07-16 07:14:19
1795,2,33.27,250.13,0.92,50.05,0,2026-07-16 07:22:19
1796,9,33.07,248.66,0.93,49.93,0,2026-07-16 07:30:19
1797,5,31.45,236.44,0.94,50.03,0,2026-07-16 07:38:19
1798,12,36.44,274.01,0.92,49.94,0,2026-07-16 07:46:19
1799,21,30.83,231.81,0.91,50.04,0,2026-07-16 07:54:19
1800,3,36.29,272.82,0.91,50.07,0,2026-07-16 08:02:19
1801,14,32.72,246.04,0.93,49.92,0,2026-07-16 08:10:19
1802,27,36.24,272.49,0.92,50.0,0,2026-07-16 08:18:19
1803,29,35.74,268.75,0.94,49.92,0,2026-07-16 08:26:19
1804,28,32.69,245.82,0.92,50.06,0,2026-07-16 08:34:19
1805,17,31.48,236.7,0.91,50.09,0,2026-07-16 08:42:19
1806,1,33.93,255.11,0.93,49.9,0,2026-07-16 08:50:19
1807,7,30.46,229.05,0.95,50.03,0,2026-07-16 08:58:19
1808,26,37.85,284.58,0.91,49.94,0,2026-07-16 09:06:19
1809,30,36.37,273.49,0.91,49.9,0,2026-07-16 09:14:19
1810,25,32.81,246.67,0.93,50.06,0,2026-07-16 09:22:19
1811,9,30.83,231.83,0.93,49.94,0,2026-07-16 09:30:19
1812,3,35.39,266.08,0.91,49.92,0,2026-07-16 09:38:19
1813,27,35.88,269.75,0.94,50.1,0,2026-07-16 09:46:19
1814,24,36.15,271.84,0.93,50.02,0,2026-07-16 09:54:19
1815,22,31.99,240.53,0.94,50.09,0,2026-07-16 10:02:19
1816,4,31.49,236.8,0.94,50.03,0,2026-07-16 10:10:19
1817,19,37.19,279.66,0.94,50.09,0,2026-07-16 10:18:19
1818,15,36.59,275.08,0.94,50.08,0,2026-07-16 10:26:19
1819,15,37.94,285.26,0.91,49.92,0,2026-07-16 10:34:19
1820,10,37.79,284.12,0.91,49.91,0,2026-07-16 10:42:19
1821,27,31.93,240.08,0.92,50.04,0,2026-07-16 10:50:19
1822,6,32.75,246.24,0.93,50.0,0,2026-07-16 10:58:19
1823,18,35.61,267.73,0.92,50.01,0,2026-07-16 11:06:19
1824,1,34.53,259.59,0.92,50.07,0,2026-07-16 11:14:19
1825,12,35.59,267.61,0.93,50.03,0,2026-07-16 11:22:19
1826,10,33.64,252.96,0.92,50.04,0,2026-07-16 11:30:19
1827,13,36.43,273.93,0.91,49.96,0,2026-07-16 11:38:19
1828,12,35.93,270.17,0.93,50.08,0,2026-07-16 11:46:19
1829,26,34.6,260.18,0.91,50.09,0,2026-07-16 11:54:19
1830,23,31.66,238.07,0.94,49.99,0,2026-07-16 12:02:19
1831,1,32.0,240.58,0.94,50.06,0,2026-07-16 12:10:19
1832,27,34.23,257.36,0.93,50.02,0,2026-07-16 12:18:19
1833,4,36.44,273.96,0.91,50.03,0,2026-07-16 12:26:19
1834,25,34.03,255.88,0.94,49.95,0,2026-07-16 12:34:19
1835,28,35.08,263.76,0.94,50.0,0,2026-07-16 12:42:19
1836,9,37.85,284.56,0.91,50.04,0,2026-07-16 12:50:19
1837,25,35.85,269.55,0.94,50.01,0,2026-07-16 12:58:19
1838,10,30.39,228.51,0.95,49.98,0,2026-07-16 13:06:19
1839,2,37.52,282.08,0.93,49.96,0,2026-07-16 13:14:19
1840,7,37.87,284.71,0.91,49.96,0,2026-07-16 13:22:19
1841,21,34.14,256.67,0.93,50.09,0,2026-07-16 13:30:19
1842,25,36.42,273.87,0.93,49.94,0,2026-07-16 13:38:19
1843,15,32.77,246.39,0.94,50.03,0,2026-07-16 13:46:19
1844,28,31.3,235.31,0.95,49.94,0,2026-07-16 13:54:19
1845,9,68.6,515.77,0.91,49.94,1,2026-07-16 14:02:19
1846,2,65.93,495.7,0.91,50.0,1,2026-07-16 14:10:19
1847,3,71.91,540.67,0.89,50.02,1,2026-07-16 14:18:19
1848,3,70.78,532.19,0.89,50.09,1,2026-07-16 14:26:19
1849,1,70.59,530.76,0.91,50.06,1,2026-07-16 14:34:19
1850,15,68.59,515.74,0.91,50.03,1,2026-07-16 14:42:19
1851,13,71.28,535.91,0.88,49.94,1,2026-07-16 14:50:19
1852,17,69.17,520.1,0.88,50.08,1,2026-07-16 14:58:19
1853,5,70.61,530.93,0.9,50.01,1,2026-07-16 15:06:19
1854,13,66.67,501.27,0.88,50.07,1,2026-07-16 15:14:19
1855,25,71.05,534.23,0.9,49.93,1,2026-07-16 15:22:19
1856,19,71.94,540.87,0.9,49.97,1,2026-07-16 15:30:19
1857,26,68.42,514.41,0.89,49.93,1,2026-07-16 15:38:19
1858,21,70.14,527.38,0.88,50.03,1,2026-07-16 15:46:19
1859,12,69.29,521.0,0.89,50.05,1,2026-07-16 15:54:19
1860,21,65.97,496.05,0.89,49.92,1,2026-07-16 16:02:19
1861,2,69.89,525.52,0.88,49.99,1,2026-07-16 16:10:19
1862,22,66.3,498.5,0.91,50.02,1,2026-07-16 16:18:19
1863,5,67.94,510.8,0.87,50.06,1,2026-07-16 16:26:19
1864,13,69.67,523.83,0.9,49.96,1,2026-07-16 16:34:19
1865,11,71.13,534.83,0.9,49.98,1,2026-07-16 16:42:19
1866,1,70.93,533.32,0.88,49.96,1,2026-07-16 16:50:19
1867,20,67.74,509.32,0.88,50.01,1,2026-07-16 16:58:19
1868,22,65.8,494.73,0.91,49.94,1,2026-07-16 17:06:19
1869,30,67.43,506.97,0.88,49.97,1,2026-07-16 17:14:19
1870,4,64.81,487.26,0.91,50.04,1,2026-07-16 17:22:19
1871,27,66.63,500.96,0.9,49.92,1,2026-07-16 17:30:19
1872,5,69.2,520.31,0.89,50.1,1,2026-07-16 17:38:19
1873,5,70.93,533.28,0.89,50.0,1,2026-07-16 17:46:19
1874,14,70.71,531.64,0.88,49.91,1,2026-07-16 17:54:19
1875,21,64.73,486.68,0.89,49.97,1,2026-07-16 18:02:19
1876,8,65.78,494.56,0.91,50.0,1,2026-07-16 18:10:19
1877,6,64.21,482.77,0.89,49.98,1,2026-07-16 18:18:19
1878,8,68.57,515.54,0.88,50.06,1,2026-07-16 18:26:19
1879,14,69.33,521.28,0.89,50.0,1,2026-07-16 18:34:19
1880,23,67.0,503.76,0.9,50.1,1,2026-07-16 18:42:19
1881,28,69.52,522.71,0.87,49.9,1,2026-07-16 18:50:19
1882,11,65.68,493.86,0.91,50.05,1,2026-07-16 18:58:19
1883,13,66.63,500.94,0.88,50.01,1,2026-07-16 19:06:19
1884,17,68.03,511.5,0.88,50.09,1,2026-07-16 19:14:19
1885,6,69.86,525.25,0.89,49.92,1,2026-07-16 19:22:19
1886,13,70.53,530.28,0.89,50.08,1,2026-07-16 19:30:19
1887,9,70.25,528.16,0.9,50.09,1,2026-07-16 19:38:19
1888,13,64.7,486.43,0.88,49.99,1,2026-07-16 19:46:19
1889,3,70.63,531.04,0.88,49.99,1,2026-07-16 19:54:19
1890,3,70.98,533.68,0.91,49.95,1,2026-07-16 20:02:19
1891,29,71.88,540.43,0.89,50.09,1,2026-07-16 20:10:19
1892,17,70.05,526.66,0.91,50.07,1,2026-07-16 20:18:19
1893,25,64.5,484.98,0.91,49.96,1,2026-07-16 20:26:19
1894,10,65.12,489.66,0.9,49.99,1,2026-07-16 20:34:19
1895,12,68.14,512.3,0.89,49.92,1,2026-07-16 20:42:19
1896,2,69.73,524.29,0.87,49.99,1,2026-07-16 20:50:19
1897,7,71.16,535.05,0.9,49.91,1,2026-07-16 20:58:19
1898,25,67.1,504.51,0.89,49.99,1,2026-07-16 21:06:19
1899,21,70.86,532.75,0.87,49.95,1,2026-07-16 21:14:19
1900,9,64.91,488.06,0.91,49.95,1,2026-07-16 21:22:19
1901,15,69.38,521.62,0.9,49.96,1,2026-07-16 21:30:19
1902,3,64.82,487.36,0.91,49.9,1,2026-07-16 21:38:19
1903,1,66.22,497.88,0.9,50.04,1,2026-07-16 21:46:19
1904,26,71.42,537.0,0.9,50.06,1,2026-07-16 21:54:19
1905,20,32.52,244.48,0.93,50.06,0,2026-07-16 22:02:19
1906,30,35.43,266.37,0.94,49.96,0,2026-07-16 22:10:19
1907,27,34.04,255.91,0.93,50.06,0,2026-07-16 22:18:19
1908,30,30.86,232.02,0.95,50.01,0,2026-07-16 22:26:19
1909,13,33.3,250.39,0.93,50.0,0,2026-07-16 22:34:19
1910,7,36.23,272.44,0.94,49.98,0,2026-07-16 22:42:19
1911,11,30.07,226.1,0.92,49.91,0,2026-07-16 22:50:19
1912,8,35.53,267.11,0.92,49.97,0,2026-07-16 22:58:19
1913,1,31.54,237.11,0.93,49.96,0,2026-07-16 23:06:19
1914,27,32.11,241.4,0.92,49.98,0,2026-07-16 23:14:19
1915,8,34.5,259.4,0.93,49.93,0,2026-07-16 23:22:19
1916,21,31.87,239.59,0.94,49.97,0,2026-07-16 23:30:19
1917,4,31.46,236.51,0.92,50.03,0,2026-07-16 23:38:19
1918,27,37.75,283.8,0.91,50.0,0,2026-07-16 23:46:19
1919,29,35.6,267.68,0.92,50.04,0,2026-07-16 23:54:19
1920,29,36.55,274.83,0.92,49.93,0,2026-07-17 00:02:19
1921,10,37.31,280.56,0.91,49.91,0,2026-07-17 00:10:19
1922,21,31.55,237.21,0.91,50.04,0,2026-07-17 00:18:19
1923,8,37.3,280.42,0.91,49.98,0,2026-07-17 00:26:19
1924,9,30.27,227.56,0.92,50.08,0,2026-07-17 00:34:19
1925,25,37.48,281.81,0.92,49.97,0,2026-07-17 00:42:19
1926,21,32.83,246.81,0.94,49.95,0,2026-07-17 00:50:19
1927,25,31.07,233.64,0.95,50.07,0,2026-07-17 00:58:19
1928,9,34.57,259.92,0.91,49.94,0,2026-07-17 01:06:19
1929,15,35.74,268.71,0.92,49.98,0,2026-07-17 01:14:19
1930,22,32.92,247.52,0.91,49.96,0,2026-07-17 01:22:19
1931,26,32.37,243.4,0.93,49.93,0,2026-07-17 01:30:19
1932,4,37.45,281.59,0.93,49.98,0,2026-07-17 01:38:19
1933,17,37.23,279.91,0.9,49.94,0,2026-07-17 01:46:19
1934,6,34.8,261.62,0.92,49.93,0,2026-07-17 01:54:19
1935,14,32.85,247.0,0.92,49.97,0,2026-07-17 02:02:19
1936,16,31.71,238.4,0.92,49.98,0,2026-07-17 02:10:19
1937,15,37.16,279.39,0.92,49.98,0,2026-07-17 02:18:19
1938,11,34.75,261.31,0.91,50.09,0,2026-07-17 02:26:19
1939,30,32.47,244.16,0.94,49.9,0,2026-07-17 02:34:19
1940,26,37.86,284.64,0.91,50.01,0,2026-07-17 02:42:19
1941,26,33.41,251.21,0.91,50.0,0,2026-07-17 02:50:19
1942,14,32.57,244.89,0.94,49.99,0,2026-07-17 02:58:19
1943,23,32.95,247.72,0.94,49.97,0,2026-07-17 03:06:19
1944,11,34.39,258.58,0.93,49.98,0,2026-07-17 03:14:19
1945,22,31.69,238.24,0.93,50.05,0,2026-07-17 03:22:19
1946,16,31.13,234.04,0.94,50.03,0,2026-07-17 03:30:19
1947,22,31.56,237.29,0.91,49.92,0,2026-07-17 03:38:19
1948,17,33.61,252.67,0.91,50.01,0,2026-07-17 03:46:19
1949,2,30.29,227.73,0.91,50.06,0,2026-07-17 03:54:19
1950,5,32.74,246.15,0.92,50.1,0,2026-07-17 04:02:19
1951,8,33.94,255.21,0.92,50.03,0,2026-07-17 04:10:19
1952,1,32.59,245.06,0.91,50.05,0,2026-07-17 04:18:19
1953,6,30.84,231.91,0.91,50.06,0,2026-07-17 04:26:19
1954,1,32.19,242.03,0.91,49.92,0,2026-07-17 04:34:19
1955,15,37.69,283.41,0.92,49.91,0,2026-07-17 04:42:19
1956,10,34.68,260.72,0.91,49.93,0,2026-07-17 04:50:19
1957,9,30.1,226.29,0.93,50.09,0,2026-07-17 04:58:19
1958,10,32.69,245.77,0.94,49.9,0,2026-07-17 05:06:19
1959,16,36.51,274.49,0.92,50.05,0,2026-07-17 05:14:19
1960,8,37.49,281.9,0.94,49.97,0,2026-07-17 05:22:19
1961,28,35.24,264.93,0.93,49.97,0,2026-07-17 05:30:19
1962,22,30.96,232.76,0.94,49.94,0,2026-07-17 05:38:19
1963,16,35.01,263.25,0.91,50.0,0,2026-07-17 05:46:19
1964,25,32.71,245.92,0.94,49.92,0,2026-07-17 05:54:19
1965,15,30.98,232.91,0.91,50.0,0,2026-07-17 06:02:19
1966,27,36.76,276.37,0.91,49.96,0,2026-07-17 06:10:19
1967,28,35.8,269.17,0.93,49.91,0,2026-07-17 06:18:19
1968,14,36.1,271.44,0.93,50.06,0,2026-07-17 06:26:19
1969,15,30.15,226.71,0.91,49.92,0,2026-07-17 06:34:19
1970,8,34.53,259.62,0.94,49.9,0,2026-07-17 06:42:19
1971,10,30.52,229.46,0.91,49.97,0,2026-07-17 06:50:19
1972,29,30.09,226.25,0.92,49.92,0,2026-07-17 06:58:19
1973,28,34.18,256.99,0.91,49.98,0,2026-07-17 07:06:19
1974,5,35.33,265.63,0.92,49.92,0,2026-07-17 07:14:19
1975,23,30.3,227.79,0.92,50.08,0,2026-07-17 07:22:19
1976,29,37.84,284.53,0.91,50.0,0,2026-07-17 07:30:19
1977,4,34.22,257.32,0.93,49.98,0,2026-07-17 07:38:19
1978,10,32.5,244.33,0.92,50.03,0,2026-07-17 07:46:19
1979,25,30.41,228.61,0.94,49.97,0,2026-07-17 07:54:19
1980,4,33.51,251.96,0.93,50.0,0,2026-07-17 08:02:19
1981,14,30.49,229.25,0.94,49.94,0,2026-07-17 08:10:19
1982,21,34.58,260.03,0.94,50.02,0,2026-07-17 08:18:19
1983,22,30.76,231.31,0.91,49.94,0,2026-07-17 08:26:19
1984,29,31.14,234.12,0.92,50.0,0,2026-07-17 08:34:19
1985,7,32.84,246.95,0.91,49.99,0,2026-07-17 08:42:19
1986,15,33.57,252.4,0.91,50.07,0,2026-07-17 08:50:19
1987,7,30.42,228.7,0.94,49.99,0,2026-07-17 08:58:19
1988,23,35.91,269.99,0.92,50.03,0,2026-07-17 09:06:19
1989,7,34.55,259.79,0.92,50.03,0,2026-07-17 09:14:19
1990,27,35.47,266.72,0.91,50.06,0,2026-07-17 09:22:19
1991,3,35.49,266.83,0.92,50.01,0,2026-07-17 09:30:19
1992,5,33.16,249.32,0.94,49.92,0,2026-07-17 09:38:19
1993,19,32.95,247.72,0.95,49.95,0,2026-07-17 09:46:19
1994,28,35.05,263.57,0.93,50.02,0,2026-07-17 09:54:19
1995,10,35.48,266.74,0.91,50.0,0,2026-07-17 10:02:19
1996,29,36.92,277.59,0.92,50.07,0,2026-07-17 10:10:19
1997,5,36.63,275.39,0.92,50.06,0,2026-07-17 10:18:19
1998,11,35.91,269.98,0.91,50.09,0,2026-07-17 10:26:19
1999,11,31.23,234.82,0.91,50.01,0,2026-07-17 10:34:19
2000,24,37.32,280.58,0.93,49.93,0,2026-07-17 10:42:19
2001,21,32.88,247.24,0.93,50.09,0,2026-07-17 10:50:19
2002,22,35.44,266.45,0.93,50.08,0,2026-07-17 10:58:19
2003,27,34.42,258.81,0.91,49.94,0,2026-07-17 11:06:19
2004,2,37.33,280.65,0.92,50.08,0,2026-07-17 11:14:19
2005,10,37.89,284.92,0.91,50.0,0,2026-07-17 11:22:19
2006,27,34.27,257.7,0.91,49.95,0,2026-07-17 11:30:19
2007,18,36.92,277.56,0.91,50.02,0,2026-07-17 11:38:19
2008,24,32.0,240.62,0.93,49.93,0,2026-07-17 11:46:19
2009,13,33.02,248.26,0.94,50.01,0,2026-07-17 11:54:19
2010,4,31.6,237.56,0.93,50.02,0,2026-07-17 12:02:19
2011,8,36.68,275.78,0.91,49.96,0,2026-07-17 12:10:19
2012,25,32.21,242.19,0.94,49.91,0,2026-07-17 12:18:19
2013,3,31.08,233.66,0.94,50.08,0,2026-07-17 12:26:19
2014,13,35.25,265.0,0.93,49.97,0,2026-07-17 12:34:19
2015,11,30.06,226.03,0.91,49.92,0,2026-07-17 12:42:19
2016,28,37.96,285.45,0.93,50.02,0,2026-07-17 12:50:19
2017,17,35.57,267.46,0.92,49.91,0,2026-07-17 12:58:19
2018,16,34.84,261.97,0.93,50.0,0,2026-07-17 13:06:19
2019,27,32.06,241.08,0.94,50.09,0,2026-07-17 13:14:19
2020,24,37.65,283.05,0.92,50.08,0,2026-07-17 13:22:19
2021,17,33.95,255.23,0.91,50.08,0,2026-07-17 13:30:19
2022,16,33.48,251.7,0.93,49.91,0,2026-07-17 13:38:19
2023,25,31.93,240.07,0.92,50.08,0,2026-07-17 13:46:19
2024,23,30.32,227.98,0.93,49.91,0,2026-07-17 13:54:19
2025,23,70.82,532.47,0.88,50.05,1,2026-07-17 14:02:19
2026,20,64.18,482.54,0.88,49.92,1,2026-07-17 14:10:19
2027,6,72.01,541.45,0.88,50.07,1,2026-07-17 14:18:19
2028,19,67.66,508.7,0.91,49.94,1,2026-07-17 14:26:19
2029,23,70.64,531.15,0.87,50.07,1,2026-07-17 14:34:19
2030,18,65.39,491.67,0.91,49.94,1,2026-07-17 14:42:19
2031,13,64.99,488.64,0.89,50.01,1,2026-07-17 14:50:19
2032,23,66.72,501.63,0.87,49.91,1,2026-07-17 14:58:19
2033,26,64.84,487.52,0.91,49.9,1,2026-07-17 15:06:19
2034,19,71.12,534.77,0.89,50.05,1,2026-07-17 15:14:19
2035,12,65.51,492.53,0.89,49.92,1,2026-07-17 15:22:19
2036,5,67.37,506.53,0.91,50.09,1,2026-07-17 15:30:19
2037,11,65.88,495.36,0.89,49.94,1,2026-07-17 15:38:19
2038,9,71.96,541.07,0.9,49.9,1,2026-07-17 15:46:19
2039,8,67.54,507.84,0.9,49.94,1,2026-07-17 15:54:19
2040,11,67.35,506.38,0.91,49.91,1,2026-07-17 16:02:19
2041,20,64.32,483.59,0.88,49.95,1,2026-07-17 16:10:19
2042,9,69.22,520.48,0.89,49.96,1,2026-07-17 16:18:19
2043,22,67.36,506.45,0.88,49.93,1,2026-07-17 16:26:19
2044,17,64.79,487.14,0.88,49.95,1,2026-07-17 16:34:19
2045,10,66.73,501.72,0.89,49.93,1,2026-07-17 16:42:19
2046,8,66.49,499.89,0.91,50.08,1,2026-07-17 16:50:19
2047,14,68.17,512.56,0.88,49.91,1,2026-07-17 16:58:19
2048,23,69.29,521.0,0.87,49.91,1,2026-07-17 17:06:19
2049,24,67.28,505.85,0.89,50.04,1,2026-07-17 17:14:19
2050,18,69.57,523.07,0.88,50.04,1,2026-07-17 17:22:19
2051,28,70.48,529.96,0.91,50.07,1,2026-07-17 17:30:19
2052,11,68.24,513.07,0.88,49.95,1,2026-07-17 17:38:19
2053,30,71.93,540.82,0.88,50.03,1,2026-07-17 17:46:19
2054,12,68.94,518.36,0.89,49.98,1,2026-07-17 17:54:19
2055,19,67.15,504.92,0.9,50.1,1,2026-07-17 18:02:19
2056,5,65.87,495.27,0.88,50.08,1,2026-07-17 18:10:19
2057,18,70.67,531.34,0.89,49.9,1,2026-07-17 18:18:19
2058,23,70.1,527.08,0.88,50.05,1,2026-07-17 18:26:19
2059,23,71.62,538.53,0.87,49.95,1,2026-07-17 18:34:19
2060,26,69.63,523.57,0.91,49.94,1,2026-07-17 18:42:19
2061,22,67.53,507.77,0.89,50.03,1,2026-07-17 18:50:19
2062,5,71.6,538.34,0.89,50.0,1,2026-07-17 18:58:19
2063,30,70.15,527.45,0.91,49.94,1,2026-07-17 19:06:19
2064,4,69.27,520.8,0.9,50.04,1,2026-07-17 19:14:19
2065,4,65.78,494.56,0.89,50.08,1,2026-07-17 19:22:19
2066,29,66.77,502.05,0.88,49.99,1,2026-07-17 19:30:19
2067,25,71.72,539.27,0.88,49.96,1,2026-07-17 19:38:19
2068,7,66.14,497.32,0.89,50.07,1,2026-07-17 19:46:19
2069,11,70.84,532.65,0.87,50.1,1,2026-07-17 19:54:19
2070,11,64.24,483.01,0.88,49.99,1,2026-07-17 20:02:19
2071,8,71.86,540.28,0.88,50.0,1,2026-07-17 20:10:19
2072,23,65.76,494.47,0.89,50.04,1,2026-07-17 20:18:19
2073,23,68.34,513.87,0.89,50.07,1,2026-07-17 20:26:19
2074,6,66.97,503.53,0.9,49.95,1,2026-07-17 20:34:19
2075,21,68.09,511.97,0.9,50.07,1,2026-07-17 20:42:19
2076,3,64.57,485.47,0.91,49.95,1,2026-07-17 20:50:19
2077,16,69.38,521.68,0.91,50.0,1,2026-07-17 20:58:19
2078,23,67.99,511.2,0.91,49.96,1,2026-07-17 21:06:19
2079,22,69.86,525.3,0.9,49.96,1,2026-07-17 21:14:19
2080,7,65.74,494.31,0.91,50.0,1,2026-07-17 21:22:19
2081,21,66.13,497.25,0.9,50.05,1,2026-07-17 21:30:19
2082,23,68.24,513.05,0.89,50.08,1,2026-07-17 21:38:19
2083,9,67.0,503.74,0.91,49.96,1,2026-07-17 21:46:19
2084,27,70.69,531.47,0.9,50.07,1,2026-07-17 21:54:19
2085,20,35.2,264.66,0.92,50.06,0,2026-07-17 22:02:19
2086,10,31.55,237.24,0.91,49.99,0,2026-07-17 22:10:19
2087,15,37.45,281.58,0.92,50.08,0,2026-07-17 22:18:19
2088,3,31.57,237.4,0.92,49.91,0,2026-07-17 22:26:19
2089,1,36.82,276.84,0.94,49.97,0,2026-07-17 22:34:19
2090,30,32.09,241.27,0.91,50.07,0,2026-07-17 22:42:19
2091,14,31.82,239.25,0.93,50.06,0,2026-07-17 22:50:19
2092,19,31.65,237.95,0.94,49.99,0,2026-07-17 22:58:19
2093,13,36.97,277.98,0.91,49.98,0,2026-07-17 23:06:19
2094,16,37.64,282.97,0.92,49.94,0,2026-07-17 23:14:19
2095,4,35.61,267.72,0.93,49.91,0,2026-07-17 23:22:19
2096,28,31.83,239.3,0.93,49.91,0,2026-07-17 23:30:19
2097,27,36.7,275.91,0.93,50.08,0,2026-07-17 23:38:19
2098,29,36.65,275.56,0.91,50.03,0,2026-07-17 23:46:19
2099,14,32.12,241.54,0.93,50.03,0,2026-07-17 23:54:19
2100,4,34.14,256.7,0.93,50.06,0,2026-07-18 00:02:19
2101,16,34.1,256.41,0.91,50.03,0,2026-07-18 00:10:19
2102,11,37.14,279.22,0.92,50.01,0,2026-07-18 00:18:19
2103,12,34.46,259.13,0.94,49.99,0,2026-07-18 00:26:19
2104,2,36.43,273.88,0.93,49.97,0,2026-07-18 00:34:19
2105,24,32.95,247.72,0.94,50.04,0,2026-07-18 00:42:19
2106,24,37.28,280.28,0.93,50.0,0,2026-07-18 00:50:19
2107,16,33.97,255.41,0.94,50.07,0,2026-07-18 00:58:19
2108,13,37.28,280.28,0.91,49.91,0,2026-07-18 01:06:19
2109,21,36.93,277.7,0.92,49.99,0,2026-07-18 01:14:19
2110,13,35.81,269.26,0.91,50.04,0,2026-07-18 01:22:19
2111,22,31.4,236.09,0.95,49.93,0,2026-07-18 01:30:19
2112,23,34.17,256.95,0.93,50.01,0,2026-07-18 01:38:19
2113,27,36.92,277.57,0.92,49.94,0,2026-07-18 01:46:19
2114,10,34.42,258.81,0.93,49.95,0,2026-07-18 01:54:19
2115,22,32.76,246.31,0.93,49.99,0,2026-07-18 02:02:19
2116,25,37.55,282.33,0.91,49.92,0,2026-07-18 02:10:19
2117,20,32.68,245.68,0.92,49.93,0,2026-07-18 02:18:19
2118,6,30.11,226.36,0.93,50.01,0,2026-07-18 02:26:19
2119,10,33.11,248.95,0.91,49.91,0,2026-07-18 02:34:19
2120,6,36.09,271.35,0.91,49.99,0,2026-07-18 02:42:19
2121,23,34.74,261.22,0.91,50.0,0,2026-07-18 02:50:19
2122,26,30.72,230.95,0.92,49.93,0,2026-07-18 02:58:19
2123,4,34.97,262.96,0.92,49.94,0,2026-07-18 03:06:19
2124,13,32.87,247.12,0.91,50.0,0,2026-07-18 03:14:19
2125,24,32.24,242.42,0.91,50.04,0,2026-07-18 03:22:19
2126,28,36.0,270.64,0.93,50.08,0,2026-07-18 03:30:19
2127,17,30.89,232.27,0.94,50.01,0,2026-07-18 03:38:19
2128,11,31.92,239.98,0.91,50.07,0,2026-07-18 03:46:19
2129,25,37.28,280.28,0.91,50.01,0,2026-07-18 03:54:19
2130,13,30.75,231.21,0.92,49.94,0,2026-07-18 04:02:19
2131,16,31.37,235.83,0.92,49.95,0,2026-07-18 04:10:19
2132,18,31.12,233.96,0.94,49.96,0,2026-07-18 04:18:19
2133,25,31.23,234.82,0.94,49.96,0,2026-07-18 04:26:19
2134,29,32.64,245.44,0.92,49.9,0,2026-07-18 04:34:19
2135,20,36.26,272.63,0.93,50.05,0,2026-07-18 04:42:19
2136,22,32.85,247.02,0.91,49.91,0,2026-07-18 04:50:19
2137,4,35.87,269.72,0.93,50.06,0,2026-07-18 04:58:19
2138,21,36.78,276.52,0.94,50.01,0,2026-07-18 05:06:19
2139,19,33.0,248.15,0.94,50.03,0,2026-07-18 05:14:19
2140,19,37.56,282.39,0.93,49.92,0,2026-07-18 05:22:19
2141,28,31.76,238.83,0.92,49.95,0,2026-07-18 05:30:19
2142,4,30.86,232.06,0.93,49.96,0,2026-07-18 05:38:19
2143,29,32.66,245.54,0.91,50.01,0,2026-07-18 05:46:19
2144,20,35.02,263.31,0.92,50.07,0,2026-07-18 05:54:19
2145,1,36.32,273.05,0.91,50.1,0,2026-07-18 06:02:19
2146,7,31.81,239.14,0.91,50.01,0,2026-07-18 06:10:19
2147,30,36.81,276.73,0.91,50.03,0,2026-07-18 06:18:19
2148,9,32.33,243.12,0.92,49.93,0,2026-07-18 06:26:19
2149,12,37.2,279.67,0.92,50.01,0,2026-07-18 06:34:19
2150,22,37.9,284.94,0.92,50.02,0,2026-07-18 06:42:19
2151,1,36.08,271.31,0.91,50.1,0,2026-07-18 06:50:19
2152,19,38.03,285.91,0.93,50.06,0,2026-07-18 06:58:19
2153,14,35.54,267.23,0.94,50.05,0,2026-07-18 07:06:19
2154,29,33.13,249.07,0.93,49.94,0,2026-07-18 07:14:19
2155,8,37.23,279.94,0.91,49.99,0,2026-07-18 07:22:19
2156,4,34.84,261.95,0.93,50.01,0,2026-07-18 07:30:19
2157,6,33.93,255.09,0.94,49.93,0,2026-07-18 07:38:19
2158,3,35.97,270.42,0.94,50.09,0,2026-07-18 07:46:19
2159,18,34.75,261.27,0.91,50.0,0,2026-07-18 07:54:19
2160,2,30.34,228.13,0.94,50.1,0,2026-07-18 08:02:19
2161,23,30.64,230.37,0.93,50.08,0,2026-07-18 08:10:19
2162,30,33.44,251.42,0.93,49.9,0,2026-07-18 08:18:19
2163,24,36.3,272.93,0.92,50.08,0,2026-07-18 08:26:19
2164,8,30.87,232.1,0.95,50.0,0,2026-07-18 08:34:19
2165,26,32.01,240.66,0.94,50.06,0,2026-07-18 08:42:19
2166,8,34.7,260.9,0.92,50.06,0,2026-07-18 08:50:19
2167,11,36.6,275.22,0.92,49.92,0,2026-07-18 08:58:19
2168,4,35.09,263.87,0.94,50.08,0,2026-07-18 09:06:19
2169,8,32.21,242.18,0.94,50.07,0,2026-07-18 09:14:19
2170,1,30.72,230.98,0.92,49.97,0,2026-07-18 09:22:19
2171,27,33.78,253.96,0.91,50.05,0,2026-07-18 09:30:19
2172,30,36.84,277.01,0.93,50.09,0,2026-07-18 09:38:19
2173,4,31.52,237.02,0.92,49.97,0,2026-07-18 09:46:19
2174,13,34.33,258.14,0.94,49.99,0,2026-07-18 09:54:19
2175,5,31.8,239.1,0.91,49.95,0,2026-07-18 10:02:19
2176,24,37.69,283.36,0.91,50.03,0,2026-07-18 10:10:19
2177,5,33.53,252.11,0.93,50.08,0,2026-07-18 10:18:19
2178,14,37.5,281.97,0.91,49.97,0,2026-07-18 10:26:19
2179,19,32.9,247.4,0.94,49.99,0,2026-07-18 10:34:19
2180,29,35.79,269.11,0.92,50.03,0,2026-07-18 10:42:19
2181,9,35.42,266.35,0.93,49.99,0,2026-07-18 10:50:19
2182,20,36.25,272.58,0.92,50.05,0,2026-07-18 10:58:19
2183,9,36.6,275.16,0.91,50.06,0,2026-07-18 11:06:19
2184,16,34.3,257.93,0.92,49.93,0,2026-07-18 11:14:19
2185,20,36.25,272.58,0.94,49.97,0,2026-07-18 11:22:19
2186,1,36.32,273.09,0.94,49.98,0,2026-07-18 11:30:19
2187,7,33.99,255.6,0.91,49.97,0,2026-07-18 11:38:19
2188,22,30.09,226.26,0.95,49.93,0,2026-07-18 11:46:19
2189,5,32.56,244.81,0.93,50.06,0,2026-07-18 11:54:19
2190,29,30.63,230.29,0.92,49.91,0,2026-07-18 12:02:19
2191,4,37.61,282.79,0.93,49.95,0,2026-07-18 12:10:19
2192,9,30.33,228.02,0.94,49.95,0,2026-07-18 12:18:19
2193,14,35.9,269.92,0.94,50.05,0,2026-07-18 12:26:19
2194,18,35.7,268.39,0.93,49.96,0,2026-07-18 12:34:19
2195,27,34.18,257.0,0.94,50.0,0,2026-07-18 12:42:19
2196,10,30.91,232.39,0.94,49.97,0,2026-07-18 12:50:19
2197,9,31.02,233.2,0.92,49.96,0,2026-07-18 12:58:19
2198,4,34.97,262.95,0.92,50.03,0,2026-07-18 13:06:19
2199,27,37.73,283.71,0.91,49.97,0,2026-07-18 13:14:19
2200,24,33.78,254.02,0.94,49.96,0,2026-07-18 13:22:19
2201,18,37.64,283.02,0.94,50.01,0,2026-07-18 13:30:19
2202,3,34.6,260.17,0.94,50.03,0,2026-07-18 13:38:19
2203,12,31.87,239.63,0.91,50.05,0,2026-07-18 13:46:19
2204,2,30.22,227.19,0.94,49.92,0,2026-07-18 13:54:19
2205,10,65.32,491.1,0.91,49.95,1,2026-07-18 14:02:19
2206,11,68.07,511.82,0.9,50.04,1,2026-07-18 14:10:19
2207,13,67.63,508.46,0.89,49.94,1,2026-07-18 14:18:19
2208,29,69.49,522.51,0.9,50.07,1,2026-07-18 14:26:19
2209,7,68.25,513.15,0.88,50.05,1,2026-07-18 14:34:19
2210,1,69.43,522.0,0.88,50.03,1,2026-07-18 14:42:19
2211,13,70.32,528.69,0.87,49.92,1,2026-07-18 14:50:19
2212,22,72.0,541.32,0.91,49.92,1,2026-07-18 14:58:19
2213,16,66.34,498.77,0.9,49.95,1,2026-07-18 15:06:19
2214,20,66.65,501.11,0.9,50.1,1,2026-07-18 15:14:19
2215,2,68.91,518.15,0.88,50.0,1,2026-07-18 15:22:19
2216,6,67.95,510.91,0.89,49.98,1,2026-07-18 15:30:19
2217,19,71.46,537.3,0.9,50.1,1,2026-07-18 15:38:19
2218,7,66.82,502.39,0.9,49.92,1,2026-07-18 15:46:19
2219,20,67.18,505.08,0.87,49.95,1,2026-07-18 15:54:19
2220,25,71.99,541.31,0.88,49.95,1,2026-07-18 16:02:19
2221,3,67.09,504.46,0.87,50.09,1,2026-07-18 16:10:19
2222,16,70.85,532.67,0.9,50.02,1,2026-07-18 16:18:19
2223,10,64.35,483.81,0.89,49.97,1,2026-07-18 16:26:19
2224,13,71.09,534.51,0.9,50.01,1,2026-07-18 16:34:19
2225,12,66.87,502.79,0.89,49.91,1,2026-07-18 16:42:19
2226,26,68.55,515.42,0.88,50.06,1,2026-07-18 16:50:19
2227,29,65.76,494.47,0.88,49.99,1,2026-07-18 16:58:19
2228,24,71.46,537.27,0.9,50.03,1,2026-07-18 17:06:19
2229,13,66.13,497.24,0.9,49.96,1,2026-07-18 17:14:19
2230,1,64.63,485.97,0.91,49.99,1,2026-07-18 17:22:19
2231,25,66.9,503.03,0.91,49.93,1,2026-07-18 17:30:19
2232,2,68.5,515.0,0.9,50.07,1,2026-07-18 17:38:19
2233,9,67.36,506.47,0.88,49.9,1,2026-07-18 17:46:19
2234,3,68.61,515.89,0.88,50.02,1,2026-07-18 17:54:19
2235,28,65.02,488.88,0.91,49.92,1,2026-07-18 18:02:19
2236,16,70.77,532.09,0.87,50.0,1,2026-07-18 18:10:19
2237,5,65.33,491.2,0.89,49.9,1,2026-07-18 18:18:19
2238,5,69.12,519.7,0.88,50.03,1,2026-07-18 18:26:19
2239,28,67.56,507.97,0.9,50.04,1,2026-07-18 18:34:19
2240,12,70.89,532.99,0.88,50.07,1,2026-07-18 18:42:19
2241,29,71.92,540.78,0.9,50.01,1,2026-07-18 18:50:19
2242,26,66.79,502.21,0.88,49.95,1,2026-07-18 18:58:19
2243,25,70.77,532.08,0.87,50.02,1,2026-07-18 19:06:19
2244,18,65.0,488.74,0.89,50.08,1,2026-07-18 19:14:19
2245,17,70.06,526.74,0.88,49.95,1,2026-07-18 19:22:19
2246,16,66.83,502.45,0.91,50.04,1,2026-07-18 19:30:19
2247,28,66.13,497.23,0.9,49.91,1,2026-07-18 19:38:19
2248,5,66.97,503.51,0.88,50.01,1,2026-07-18 19:46:19
2249,18,67.27,505.78,0.88,49.99,1,2026-07-18 19:54:19
2250,13,64.88,487.84,0.89,50.03,1,2026-07-18 20:02:19
2251,2,70.21,527.92,0.91,50.05,1,2026-07-18 20:10:19
2252,30,67.82,509.92,0.89,49.98,1,2026-07-18 20:18:19
2253,20,64.58,485.55,0.91,49.91,1,2026-07-18 20:26:19
2254,5,67.81,509.83,0.91,49.99,1,2026-07-18 20:34:19
2255,13,70.82,532.47,0.89,50.1,1,2026-07-18 20:42:19
2256,8,64.68,486.28,0.91,50.06,1,2026-07-18 20:50:19
2257,27,67.77,509.55,0.89,50.07,1,2026-07-18 20:58:19
2258,13,66.85,502.6,0.88,49.92,1,2026-07-18 21:06:19
2259,3,66.59,500.69,0.91,50.04,1,2026-07-18 21:14:19
2260,19,66.79,502.2,0.9,49.9,1,2026-07-18 21:22:19
2261,19,69.27,520.8,0.88,50.06,1,2026-07-18 21:30:19
2262,26,69.84,525.09,0.91,49.95,1,2026-07-18 21:38:19
2263,11,69.98,526.17,0.89,49.97,1,2026-07-18 21:46:19
2264,2,71.43,537.1,0.87,50.02,1,2026-07-18 21:54:19
2265,28,31.83,239.35,0.93,50.05,0,2026-07-18 22:02:19
2266,6,36.03,270.89,0.93,49.96,0,2026-07-18 22:10:19
2267,5,33.69,253.29,0.91,50.05,0,2026-07-18 22:18:19
2268,19,35.86,269.6,0.93,49.96,0,2026-07-18 22:26:19
2269,2,31.99,240.56,0.91,49.93,0,2026-07-18 22:34:19
2270,10,31.07,233.59,0.92,50.0,0,2026-07-18 22:42:19
2271,4,35.77,268.97,0.94,49.95,0,2026-07-18 22:50:19
2272,4,32.3,242.83,0.91,50.05,0,2026-07-18 22:58:19
2273,18,36.78,276.52,0.94,49.99,0,2026-07-18 23:06:19
2274,18,35.09,263.81,0.91,50.04,0,2026-07-18 23:14:19
2275,7,31.3,235.35,0.94,49.92,0,2026-07-18 23:22:19
2276,16,34.47,259.18,0.91,49.95,0,2026-07-18 23:30:19
2277,14,32.25,242.47,0.94,50.1,0,2026-07-18 23:38:19
2278,23,34.55,259.75,0.92,50.03,0,2026-07-18 23:46:19
2279,24,33.86,254.61,0.91,50.08,0,2026-07-18 23:54:19
2280,7,32.14,241.69,0.93,50.06,0,2026-07-19 00:02:19
2281,30,37.42,281.36,0.93,49.94,0,2026-07-19 00:10:19
2282,4,33.27,250.16,0.91,49.95,0,2026-07-19 00:18:19
2283,12,37.07,278.71,0.92,49.95,0,2026-07-19 00:26:19
2284,30,35.55,267.28,0.91,49.91,0,2026-07-19 00:34:19
2285,27,33.2,249.59,0.91,50.08,0,2026-07-19 00:42:19
2286,8,31.55,237.22,0.92,50.05,0,2026-07-19 00:50:19
2287,13,31.82,239.28,0.92,50.02,0,2026-07-19 00:58:19
2288,25,37.63,282.92,0.91,50.09,0,2026-07-19 01:06:19
2289,17,31.97,240.34,0.93,50.02,0,2026-07-19 01:14:19
2290,18,35.04,263.47,0.92,49.93,0,2026-07-19 01:22:19
2291,4,33.08,248.72,0.91,50.06,0,2026-07-19 01:30:19
2292,16,33.67,253.15,0.94,49.98,0,2026-07-19 01:38:19
2293,21,37.1,278.97,0.93,50.07,0,2026-07-19 01:46:19
2294,12,35.52,267.04,0.91,49.93,0,2026-07-19 01:54:19
2295,11,30.8,231.57,0.93,49.92,0,2026-07-19 02:02:19
2296,23,36.03,270.93,0.94,50.0,0,2026-07-19 02:10:19
2297,8,30.25,227.43,0.94,49.94,0,2026-07-19 02:18:19
2298,4,37.78,284.08,0.91,50.1,0,2026-07-19 02:26:19
2299,6,32.25,242.48,0.94,49.96,0,2026-07-19 02:34:19
2300,15,32.47,244.11,0.92,49.93,0,2026-07-19 02:42:19
2301,26,31.13,234.04,0.92,50.04,0,2026-07-19 02:50:19
2302,3,35.59,267.6,0.92,49.9,0,2026-07-19 02:58:19
2303,28,33.36,250.85,0.94,49.98,0,2026-07-19 03:06:19
2304,25,33.11,248.94,0.92,50.1,0,2026-07-19 03:14:19
2305,21,30.48,229.18,0.94,50.07,0,2026-07-19 03:22:19
2306,27,34.11,256.47,0.91,50.02,0,2026-07-19 03:30:19
2307,10,34.56,259.83,0.92,50.09,0,2026-07-19 03:38:19
2308,24,32.62,245.28,0.92,50.0,0,2026-07-19 03:46:19
2309,19,35.56,267.37,0.94,50.08,0,2026-07-19 03:54:19
2310,21,30.79,231.51,0.91,49.98,0,2026-07-19 04:02:19
2311,3,34.22,257.28,0.94,50.07,0,2026-07-19 04:10:19
2312,24,30.58,229.9,0.92,50.03,0,2026-07-19 04:18:19
2313,12,30.3,227.8,0.92,49.91,0,2026-07-19 04:26:19
2314,11,31.99,240.55,0.92,50.07,0,2026-07-19 04:34:19
2315,27,36.3,272.93,0.92,49.92,0,2026-07-19 04:42:19
2316,25,36.88,277.28,0.91,50.05,0,2026-07-19 04:50:19
2317,25,33.09,248.81,0.94,50.04,0,2026-07-19 04:58:19
2318,3,34.9,262.4,0.93,50.08,0,2026-07-19 05:06:19
2319,3,37.71,283.56,0.92,49.97,0,2026-07-19 05:14:19
2320,20,32.5,244.34,0.95,50.04,0,2026-07-19 05:22:19
2321,3,32.92,247.54,0.94,50.0,0,2026-07-19 05:30:19
2322,21,30.41,228.61,0.92,50.09,0,2026-07-19 05:38:19
2323,24,32.78,246.49,0.91,50.02,0,2026-07-19 05:46:19
2324,22,30.77,231.32,0.91,50.02,0,2026-07-19 05:54:19
2325,10,33.53,252.09,0.92,49.98,0,2026-07-19 06:02:19
2326,12,35.13,264.1,0.94,49.99,0,2026-07-19 06:10:19
2327,17,33.65,252.98,0.91,49.95,0,2026-07-19 06:18:19
2328,27,31.46,236.55,0.91,50.04,0,2026-07-19 06:26:19
2329,23,33.51,251.94,0.93,49.92,0,2026-07-19 06:34:19
2330,24,32.89,247.26,0.91,50.01,0,2026-07-19 06:42:19
2331,15,35.3,265.44,0.91,50.09,0,2026-07-19 06:50:19
2332,12,31.05,233.43,0.94,49.95,0,2026-07-19 06:58:19
2333,20,31.91,239.92,0.93,49.93,0,2026-07-19 07:06:19
2334,22,32.85,247.02,0.91,50.04,0,2026-07-19 07:14:19
2335,28,31.29,235.29,0.93,49.96,0,2026-07-19 07:22:19
2336,27,35.38,266.0,0.93,49.93,0,2026-07-19 07:30:19
2337,20,36.01,270.76,0.91,49.93,0,2026-07-19 07:38:19
2338,11,33.74,253.71,0.93,50.01,0,2026-07-19 07:46:19
2339,2,35.04,263.44,0.93,49.99,0,2026-07-19 07:54:19
2340,30,30.13,226.53,0.93,50.05,0,2026-07-19 08:02:19
2341,20,31.3,235.33,0.93,49.91,0,2026-07-19 08:10:19
2342,12,31.29,235.29,0.91,50.09,0,2026-07-19 08:18:19
2343,20,34.61,260.19,0.93,49.92,0,2026-07-19 08:26:19
2344,27,37.78,284.07,0.9,49.93,0,2026-07-19 08:34:19
2345,10,32.31,242.93,0.93,50.01,0,2026-07-19 08:42:19
2346,20,35.76,268.9,0.91,50.0,0,2026-07-19 08:50:19
2347,18,34.09,256.29,0.92,50.0,0,2026-07-19 08:58:19
2348,17,36.69,275.9,0.92,50.08,0,2026-07-19 09:06:19
2349,21,33.52,252.02,0.94,50.05,0,2026-07-19 09:14:19
2350,30,33.67,253.19,0.93,50.04,0,2026-07-19 09:22:19
2351,30,32.2,242.13,0.91,49.94,0,2026-07-19 09:30:19
2352,17,37.28,280.31,0.93,50.02,0,2026-07-19 09:38:19
2353,22,36.24,272.47,0.91,50.01,0,2026-07-19 09:46:19
2354,22,31.72,238.51,0.92,50.0,0,2026-07-19 09:54:19
2355,6,32.7,245.86,0.92,50.03,0,2026-07-19 10:02:19
2356,19,37.13,279.14,0.92,50.07,0,2026-07-19 10:10:19
2357,1,35.89,269.85,0.92,50.08,0,2026-07-19 10:18:19
2358,28,33.51,251.96,0.92,49.93,0,2026-07-19 10:26:19
2359,29,30.41,228.68,0.94,49.98,0,2026-07-19 10:34:19
2360,28,37.54,282.25,0.93,49.96,0,2026-07-19 10:42:19
2361,15,32.8,246.6,0.94,49.95,0,2026-07-19 10:50:19
2362,3,34.56,259.88,0.91,49.98,0,2026-07-19 10:58:19
2363,4,31.41,236.14,0.93,49.95,0,2026-07-19 11:06:19
2364,10,35.31,265.47,0.94,50.01,0,2026-07-19 11:14:19
2365,11,36.04,270.97,0.94,49.97,0,2026-07-19 11:22:19
2366,18,35.16,264.37,0.92,50.06,0,2026-07-19 11:30:19
2367,9,32.05,241.01,0.94,50.03,0,2026-07-19 11:38:19
2368,17,36.1,271.42,0.92,49.93,0,2026-07-19 11:46:19
2369,20,32.87,247.18,0.91,50.0,0,2026-07-19 11:54:19
2370,24,33.78,253.99,0.91,50.03,0,2026-07-19 12:02:19
2371,22,30.51,229.4,0.91,50.04,0,2026-07-19 12:10:19
2372,21,37.93,285.21,0.92,49.93,0,2026-07-19 12:18:19
2373,25,32.6,245.1,0.94,50.07,0,2026-07-19 12:26:19
2374,8,35.53,267.18,0.92,49.96,0,2026-07-19 12:34:19
2375,20,31.02,233.27,0.91,50.06,0,2026-07-19 12:42:19
2376,10,36.75,276.32,0.91,49.92,0,2026-07-19 12:50:19
2377,16,35.54,267.19,0.94,50.09,0,2026-07-19 12:58:19
2378,10,35.5,266.93,0.93,50.0,0,2026-07-19 13:06:19
2379,19,30.61,230.13,0.94,50.1,0,2026-07-19 13:14:19
2380,11,36.16,271.87,0.93,50.04,0,2026-07-19 13:22:19
2381,24,34.68,260.77,0.93,50.07,0,2026-07-19 13:30:19
2382,27,30.41,228.61,0.95,50.07,0,2026-07-19 13:38:19
2383,1,34.67,260.68,0.94,49.96,0,2026-07-19 13:46:19
2384,1,37.26,280.16,0.94,50.03,0,2026-07-19 13:54:19
2385,13,64.93,488.22,0.9,50.01,1,2026-07-19 14:02:19
2386,20,64.43,484.46,0.89,50.01,1,2026-07-19 14:10:19
2387,26,68.51,515.09,0.89,50.1,1,2026-07-19 14:18:19
2388,16,69.74,524.34,0.88,50.01,1,2026-07-19 14:26:19
2389,16,70.77,532.11,0.88,49.98,1,2026-07-19 14:34:19
2390,18,71.36,536.56,0.9,49.93,1,2026-07-19 14:42:19
2391,21,66.66,501.23,0.9,50.05,1,2026-07-19 14:50:19
2392,26,66.76,501.94,0.89,49.93,1,2026-07-19 14:58:19
2393,8,69.41,521.89,0.88,50.04,1,2026-07-19 15:06:19
2394,17,64.17,482.51,0.9,50.06,1,2026-07-19 15:14:19
2395,22,69.48,522.42,0.87,50.05,1,2026-07-19 15:22:19
2396,18,67.53,507.74,0.91,50.07,1,2026-07-19 15:30:19
2397,30,68.64,516.11,0.89,49.99,1,2026-07-19 15:38:19
2398,30,69.32,521.22,0.9,50.08,1,2026-07-19 15:46:19
2399,15,71.21,535.42,0.91,49.92,1,2026-07-19 15:54:19
2400,11,70.38,529.18,0.9,50.03,1,2026-07-19 16:02:19
2401,12,67.51,507.57,0.88,50.05,1,2026-07-19 16:10:19
2402,5,66.6,500.78,0.89,50.05,1,2026-07-19 16:18:19
2403,9,71.52,537.73,0.87,49.97,1,2026-07-19 16:26:19
2404,13,70.48,529.9,0.88,50.01,1,2026-07-19 16:34:19
2405,22,65.41,491.83,0.9,49.92,1,2026-07-19 16:42:19
2406,16,70.57,530.61,0.89,49.98,1,2026-07-19 16:50:19
2407,8,69.23,520.52,0.9,50.06,1,2026-07-19 16:58:19
2408,17,71.03,534.07,0.9,50.09,1,2026-07-19 17:06:19
2409,25,66.9,502.98,0.9,49.96,1,2026-07-19 17:14:19
2410,4,71.39,536.77,0.88,49.99,1,2026-07-19 17:22:19
2411,13,68.15,512.37,0.88,50.08,1,2026-07-19 17:30:19
2412,12,65.31,491.06,0.91,50.0,1,2026-07-19 17:38:19
2413,8,64.32,483.62,0.9,49.92,1,2026-07-19 17:46:19
2414,27,71.68,538.91,0.89,50.02,1,2026-07-19 17:54:19
2415,29,70.55,530.43,0.88,49.91,1,2026-07-19 18:02:19
2416,19,65.78,494.61,0.89,49.9,1,2026-07-19 18:10:19
2417,13,68.92,518.21,0.91,49.91,1,2026-07-19 18:18:19
2418,25,71.56,538.01,0.9,50.03,1,2026-07-19 18:26:19
2419,20,69.5,522.57,0.88,49.95,1,2026-07-19 18:34:19
2420,4,65.15,489.82,0.88,50.1,1,2026-07-19 18:42:19
2421,12,65.02,488.84,0.88,49.93,1,2026-07-19 18:50:19
2422,14,66.0,496.24,0.88,49.96,1,2026-07-19 18:58:19
2423,29,67.48,507.36,0.91,49.92,1,2026-07-19 19:06:19
2424,15,67.47,507.27,0.9,50.07,1,2026-07-19 19:14:19
2425,3,70.62,531.01,0.9,50.09,1,2026-07-19 19:22:19
2426,18,68.38,514.13,0.91,50.01,1,2026-07-19 19:30:19
2427,14,66.9,502.99,0.91,50.06,1,2026-07-19 19:38:19
2428,3,71.16,535.06,0.89,49.96,1,2026-07-19 19:46:19
2429,10,66.52,500.15,0.88,50.1,1,2026-07-19 19:54:19
2430,29,70.01,526.38,0.87,50.05,1,2026-07-19 20:02:19
2431,25,71.3,536.12,0.87,49.99,1,2026-07-19 20:10:19
2432,15,67.82,509.96,0.87,50.08,1,2026-07-19 20:18:19
2433,28,70.8,532.32,0.89,49.95,1,2026-07-19 20:26:19
2434,7,71.29,536.03,0.88,49.98,1,2026-07-19 20:34:19
2435,11,71.44,537.17,0.89,49.98,1,2026-07-19 20:42:19
2436,15,71.99,541.29,0.91,50.07,1,2026-07-19 20:50:19
2437,8,68.25,513.17,0.89,49.94,1,2026-07-19 20:58:19
2438,11,68.12,512.19,0.9,49.95,1,2026-07-19 21:06:19
2439,27,66.57,500.54,0.89,49.94,1,2026-07-19 21:14:19
2440,6,68.38,514.16,0.88,50.03,1,2026-07-19 21:22:19
2441,2,71.66,538.76,0.88,50.03,1,2026-07-19 21:30:19
2442,15,64.75,486.86,0.91,50.02,1,2026-07-19 21:38:19
2443,8,65.46,492.15,0.9,49.92,1,2026-07-19 21:46:19
2444,11,64.41,484.25,0.88,50.07,1,2026-07-19 21:54:19
2445,4,30.22,227.23,0.92,49.92,0,2026-07-19 22:02:19
2446,4,35.09,263.82,0.94,50.08,0,2026-07-19 22:10:19
2447,14,34.23,257.35,0.93,50.05,0,2026-07-19 22:18:19
2448,7,31.05,233.47,0.92,49.91,0,2026-07-19 22:26:19
2449,23,37.24,280.03,0.93,49.91,0,2026-07-19 22:34:19
2450,20,33.09,248.8,0.92,49.98,0,2026-07-19 22:42:19
2451,5,36.38,273.52,0.92,50.03,0,2026-07-19 22:50:19
2452,10,37.38,281.02,0.94,49.98,0,2026-07-19 22:58:19
2453,18,37.56,282.43,0.91,50.03,0,2026-07-19 23:06:19
2454,8,35.52,267.05,0.91,50.04,0,2026-07-19 23:14:19
2455,17,36.49,274.38,0.93,49.99,0,2026-07-19 23:22:19
2456,13,30.11,226.42,0.92,50.0,0,2026-07-19 23:30:19
2457,20,31.3,235.31,0.95,50.08,0,2026-07-19 23:38:19
2458,24,31.56,237.26,0.92,49.91,0,2026-07-19 23:46:19
2459,5,30.62,230.22,0.94,49.93,0,2026-07-19 23:54:19
2460,30,32.0,240.57,0.93,50.0,0,2026-07-20 00:02:19
2461,8,33.05,248.5,0.93,50.0,0,2026-07-20 00:10:19
2462,4,36.59,275.14,0.94,50.03,0,2026-07-20 00:18:19
2463,7,37.21,279.75,0.91,50.04,0,2026-07-20 00:26:19
2464,24,30.91,232.37,0.95,49.92,0,2026-07-20 00:34:19
2465,7,35.61,267.78,0.91,49.92,0,2026-07-20 00:42:19
2466,28,34.04,255.94,0.91,49.94,0,2026-07-20 00:50:19
2467,9,31.45,236.44,0.92,49.98,0,2026-07-20 00:58:19
2468,13,34.91,262.51,0.93,49.92,0,2026-07-20 01:06:19
2469,25,36.47,274.18,0.94,49.95,0,2026-07-20 01:14:19
2470,16,33.69,253.28,0.91,50.1,0,2026-07-20 01:22:19
2471,28,30.23,227.26,0.94,49.97,0,2026-07-20 01:30:19
2472,25,32.92,247.52,0.94,50.03,0,2026-07-20 01:38:19
2473,29,36.71,275.98,0.91,49.9,0,2026-07-20 01:46:19
2474,29,32.49,244.26,0.91,49.94,0,2026-07-20 01:54:19
2475,7,36.41,273.73,0.94,49.94,0,2026-07-20 02:02:19
2476,13,32.79,246.52,0.93,50.08,0,2026-07-20 02:10:19
2477,17,30.39,228.5,0.92,49.95,0,2026-07-20 02:18:19
2478,22,32.04,240.88,0.94,50.08,0,2026-07-20 02:26:19
2479,13,30.11,226.42,0.91,50.01,0,2026-07-20 02:34:19
2480,29,35.18,264.53,0.91,50.06,0,2026-07-20 02:42:19
2481,30,35.32,265.58,0.92,49.97,0,2026-07-20 02:50:19
2482,7,37.64,283.0,0.92,50.09,0,2026-07-20 02:58:19
2483,4,31.97,240.37,0.91,49.97,0,2026-07-20 03:06:19
2484,16,34.25,257.53,0.92,50.05,0,2026-07-20 03:14:19
2485,15,35.79,269.11,0.92,49.99,0,2026-07-20 03:22:19
2486,27,36.25,272.59,0.92,49.94,0,2026-07-20 03:30:19
2487,11,33.2,249.63,0.92,49.91,0,2026-07-20 03:38:19
2488,15,32.74,246.17,0.92,49.9,0,2026-07-20 03:46:19
2489,13,35.56,267.39,0.91,50.04,0,2026-07-20 03:54:19
2490,11,34.65,260.5,0.91,49.98,0,2026-07-20 04:02:19
2491,23,31.88,239.7,0.94,49.99,0,2026-07-20 04:10:19
2492,21,31.91,239.94,0.93,49.94,0,2026-07-20 04:18:19
2493,27,37.57,282.46,0.92,50.1,0,2026-07-20 04:26:19
2494,12,34.36,258.37,0.94,50.03,0,2026-07-20 04:34:19
2495,21,35.55,267.26,0.91,50.05,0,2026-07-20 04:42:19
2496,27,34.26,257.58,0.91,50.06,0,2026-07-20 04:50:19
2497,6,37.47,281.71,0.91,50.07,0,2026-07-20 04:58:19
2498,2,33.38,250.96,0.92,49.94,0,2026-07-20 05:06:19
2499,24,31.24,234.92,0.94,50.06,0,2026-07-20 05:14:19
2500,30,36.0,270.66,0.92,50.06,0,2026-07-20 05:22:19
2501,25,33.61,252.73,0.94,50.03,0,2026-07-20 05:30:19
2502,25,31.97,240.37,0.93,50.02,0,2026-07-20 05:38:19
2503,21,34.36,258.31,0.93,50.08,0,2026-07-20 05:46:19
2504,10,32.02,240.72,0.95,49.92,0,2026-07-20 05:54:19
2505,9,37.65,283.09,0.94,49.99,0,2026-07-20 06:02:19
2506,6,33.89,254.81,0.94,50.01,0,2026-07-20 06:10:19
2507,28,36.35,273.33,0.92,50.04,0,2026-07-20 06:18:19
2508,3,31.46,236.54,0.91,50.01,0,2026-07-20 06:26:19
2509,28,35.97,270.45,0.94,50.02,0,2026-07-20 06:34:19
2510,20,37.21,279.75,0.91,50.02,0,2026-07-20 06:42:19
2511,18,35.36,265.9,0.94,49.95,0,2026-07-20 06:50:19
2512,9,36.96,277.89,0.93,50.05,0,2026-07-20 06:58:19
2513,13,31.12,234.01,0.95,49.99,0,2026-07-20 07:06:19
2514,27,34.32,258.02,0.93,49.93,0,2026-07-20 07:14:19
2515,12,31.38,235.93,0.94,50.01,0,2026-07-20 07:22:19
2516,7,35.05,263.54,0.94,50.08,0,2026-07-20 07:30:19
2517,6,33.9,254.88,0.93,49.94,0,2026-07-20 07:38:19
2518,30,31.83,239.29,0.93,50.08,0,2026-07-20 07:46:19
2519,17,34.51,259.48,0.92,49.91,0,2026-07-20 07:54:19
2520,17,35.02,263.28,0.93,50.06,0,2026-07-20 08:02:19
2521,30,30.86,232.05,0.92,49.98,0,2026-07-20 08:10:19
2522,25,32.05,240.94,0.94,50.05,0,2026-07-20 08:18:19
2523,12,36.37,273.45,0.91,50.0,0,2026-07-20 08:26:19
2524,22,37.93,285.21,0.93,50.0,0,2026-07-20 08:34:19
2525,28,32.62,245.3,0.93,50.06,0,2026-07-20 08:42:19
2526,21,36.44,273.96,0.92,50.05,0,2026-07-20 08:50:19
2527,10,38.01,285.81,0.9,50.08,0,2026-07-20 08:58:19
2528,10,33.59,252.53,0.93,50.0,0,2026-07-20 09:06:19
2529,11,35.37,265.91,0.92,49.9,0,2026-07-20 09:14:19
2530,8,32.7,245.87,0.93,49.91,0,2026-07-20 09:22:19
2531,8,31.73,238.58,0.92,49.96,0,2026-07-20 09:30:19
2532,23,36.38,273.52,0.93,50.08,0,2026-07-20 09:38:19
2533,6,34.25,257.5,0.93,49.96,0,2026-07-20 09:46:19
2534,29,37.62,282.87,0.94,50.06,0,2026-07-20 09:54:19
2535,25,32.94,247.66,0.92,49.91,0,2026-07-20 10:02:19
2536,9,30.77,231.39,0.93,50.09,0,2026-07-20 10:10:19
2537,6,35.6,267.7,0.92,49.98,0,2026-07-20 10:18:19
2538,13,30.67,230.58,0.92,50.04,0,2026-07-20 10:26:19
2539,13,35.18,264.51,0.94,50.04,0,2026-07-20 10:34:19
2540,22,37.61,282.79,0.92,50.01,0,2026-07-20 10:42:19
2541,10,35.56,267.4,0.92,49.93,0,2026-07-20 10:50:19
2542,22,37.06,278.67,0.92,49.91,0,2026-07-20 10:58:19
2543,2,37.8,284.23,0.93,49.93,0,2026-07-20 11:06:19
2544,2,37.76,283.89,0.93,50.03,0,2026-07-20 11:14:19
2545,13,34.47,259.16,0.93,49.92,0,2026-07-20 11:22:19
2546,24,35.87,269.73,0.91,49.92,0,2026-07-20 11:30:19
2547,13,34.98,263.03,0.94,49.94,0,2026-07-20 11:38:19
2548,6,32.12,241.48,0.91,50.05,0,2026-07-20 11:46:19
2549,19,30.37,228.36,0.94,50.03,0,2026-07-20 11:54:19
2550,9,34.64,260.45,0.92,49.92,0,2026-07-20 12:02:19
2551,16,36.5,274.44,0.94,49.93,0,2026-07-20 12:10:19
2552,17,30.65,230.48,0.93,49.91,0,2026-07-20 12:18:19
2553,29,30.96,232.79,0.92,49.94,0,2026-07-20 12:26:19
2554,17,30.67,230.58,0.91,50.0,0,2026-07-20 12:34:19
2555,14,32.63,245.37,0.94,50.05,0,2026-07-20 12:42:19
2556,17,31.4,236.06,0.93,50.0,0,2026-07-20 12:50:19
2557,17,36.92,277.6,0.91,50.0,0,2026-07-20 12:58:19
2558,25,32.59,245.03,0.93,50.02,0,2026-07-20 13:06:19
2559,30,36.56,274.85,0.91,49.91,0,2026-07-20 13:14:19
2560,4,34.23,257.34,0.92,49.93,0,2026-07-20 13:22:19
2561,16,35.03,263.41,0.92,49.97,0,2026-07-20 13:30:19
2562,27,33.95,255.25,0.94,50.1,0,2026-07-20 13:38:19
2563,6,30.61,230.17,0.92,49.96,0,2026-07-20 13:46:19
2564,20,31.52,236.96,0.93,49.94,0,2026-07-20 13:54:19
2565,9,68.24,513.08,0.88,49.98,1,2026-07-20 14:02:19
2566,20,67.84,510.05,0.91,50.0,1,2026-07-20 14:10:19
2567,7,65.85,495.1,0.91,49.92,1,2026-07-20 14:18:19
2568,15,68.36,513.96,0.88,50.0,1,2026-07-20 14:26:19
2569,29,66.17,497.51,0.9,50.04,1,2026-07-20 14:34:19
2570,26,70.79,532.25,0.87,50.04,1,2026-07-20 14:42:19
2571,14,68.74,516.83,0.9,49.99,1,2026-07-20 14:50:19
2572,18,71.24,535.67,0.89,50.04,1,2026-07-20 14:58:19
2573,12,69.3,521.05,0.9,49.95,1,2026-07-20 15:06:19
2574,26,68.19,512.7,0.89,49.97,1,2026-07-20 15:14:19
2575,25,71.77,539.62,0.88,49.96,1,2026-07-20 15:22:19
2576,9,64.16,482.41,0.91,49.95,1,2026-07-20 15:30:19
2577,30,66.29,498.42,0.91,50.1,1,2026-07-20 15:38:19
2578,17,69.27,520.82,0.9,50.01,1,2026-07-20 15:46:19
2579,5,65.31,491.08,0.9,50.0,1,2026-07-20 15:54:19
2580,13,69.0,518.76,0.87,49.96,1,2026-07-20 16:02:19
2581,30,68.51,515.11,0.9,50.05,1,2026-07-20 16:10:19
2582,14,66.14,497.33,0.89,50.04,1,2026-07-20 16:18:19
2583,13,66.0,496.26,0.91,49.9,1,2026-07-20 16:26:19
2584,6,70.29,528.5,0.89,50.01,1,2026-07-20 16:34:19
2585,14,68.45,514.67,0.89,50.01,1,2026-07-20 16:42:19
2586,15,68.49,514.96,0.88,49.94,1,2026-07-20 16:50:19
2587,2,64.5,484.93,0.88,49.96,1,2026-07-20 16:58:19
2588,20,68.09,511.93,0.88,49.92,1,2026-07-20 17:06:19
2589,10,66.64,501.06,0.89,50.08,1,2026-07-20 17:14:19
2590,24,67.17,505.06,0.91,49.91,1,2026-07-20 17:22:19
2591,28,71.58,538.17,0.91,49.97,1,2026-07-20 17:30:19
2592,5,70.09,526.97,0.87,50.09,1,2026-07-20 17:38:19
2593,13,68.88,517.91,0.88,49.92,1,2026-07-20 17:46:19
2594,22,65.32,491.1,0.9,49.9,1,2026-07-20 17:54:19
2595,30,70.05,526.71,0.9,50.02,1,2026-07-20 18:02:19
2596,30,69.97,526.09,0.91,49.99,1,2026-07-20 18:10:19
2597,15,66.86,502.71,0.87,50.02,1,2026-07-20 18:18:19
2598,19,71.75,539.44,0.89,49.95,1,2026-07-20 18:26:19
2599,29,70.4,529.32,0.9,49.92,1,2026-07-20 18:34:19
2600,16,70.21,527.89,0.89,49.99,1,2026-07-20 18:42:19
2601,25,69.67,523.8,0.91,49.99,1,2026-07-20 18:50:19
2602,4,64.45,484.6,0.89,50.01,1,2026-07-20 18:58:19
2603,14,69.89,525.51,0.9,50.01,1,2026-07-20 19:06:19
2604,13,71.55,537.99,0.88,49.95,1,2026-07-20 19:14:19
2605,10,67.28,505.9,0.91,49.92,1,2026-07-20 19:22:19
2606,12,66.74,501.78,0.9,49.95,1,2026-07-20 19:30:19
2607,13,70.61,530.87,0.91,50.05,1,2026-07-20 19:38:19
2608,22,70.48,529.89,0.87,49.93,1,2026-07-20 19:46:19
2609,23,64.54,485.29,0.9,50.03,1,2026-07-20 19:54:19
2610,27,71.62,538.51,0.88,50.03,1,2026-07-20 20:02:19
2611,29,70.77,532.08,0.9,49.9,1,2026-07-20 20:10:19
2612,5,64.45,484.56,0.88,49.96,1,2026-07-20 20:18:19
2613,6,70.11,527.12,0.89,49.92,1,2026-07-20 20:26:19
2614,6,64.93,488.22,0.91,50.03,1,2026-07-20 20:34:19
2615,4,65.14,489.81,0.91,49.96,1,2026-07-20 20:42:19
2616,19,71.65,538.71,0.9,49.98,1,2026-07-20 20:50:19
2617,16,70.73,531.84,0.89,50.08,1,2026-07-20 20:58:19
2618,9,66.15,497.39,0.89,49.94,1,2026-07-20 21:06:19
2619,7,67.87,510.28,0.9,50.07,1,2026-07-20 21:14:19
2620,19,71.41,536.88,0.88,49.92,1,2026-07-20 21:22:19
2621,15,69.68,523.88,0.89,49.92,1,2026-07-20 21:30:19
2622,27,69.6,523.3,0.88,50.01,1,2026-07-20 21:38:19
2623,12,70.09,526.99,0.89,50.0,1,2026-07-20 21:46:19
2624,16,66.81,502.33,0.9,50.01,1,2026-07-20 21:54:19
2625,18,37.74,283.78,0.91,49.98,0,2026-07-20 22:02:19
2626,8,37.25,280.11,0.94,49.98,0,2026-07-20 22:10:19
2627,29,30.36,228.27,0.94,49.93,0,2026-07-20 22:18:19
2628,16,34.67,260.7,0.91,49.92,0,2026-07-20 22:26:19
2629,1,36.25,272.55,0.93,49.97,0,2026-07-20 22:34:19
2630,12,32.9,247.36,0.94,50.03,0,2026-07-20 22:42:19
2631,30,32.59,245.02,0.93,50.01,0,2026-07-20 22:50:19
2632,5,31.37,235.87,0.93,50.08,0,2026-07-20 22:58:19
2633,3,36.35,273.32,0.94,49.9,0,2026-07-20 23:06:19
2634,10,32.24,242.37,0.93,49.98,0,2026-07-20 23:14:19
2635,5,31.77,238.85,0.91,49.91,0,2026-07-20 23:22:19
2636,17,35.07,263.7,0.94,50.09,0,2026-07-20 23:30:19
2637,11,34.8,261.66,0.94,50.01,0,2026-07-20 23:38:19
2638,13,35.77,268.96,0.93,49.96,0,2026-07-20 23:46:19
2639,1,34.55,259.77,0.92,49.92,0,2026-07-20 23:54:19
2640,14,36.19,272.09,0.91,50.07,0,2026-07-21 00:02:19
2641,25,33.32,250.51,0.91,49.99,0,2026-07-21 00:10:19
2642,25,33.71,253.45,0.93,50.07,0,2026-07-21 00:18:19
2643,6,34.03,255.87,0.92,49.93,0,2026-07-21 00:26:19
2644,10,31.4,236.1,0.91,50.09,0,2026-07-21 00:34:19
2645,22,35.17,264.42,0.93,50.0,0,2026-07-21 00:42:19
2646,17,33.12,249.04,0.94,50.07,0,2026-07-21 00:50:19
2647,15,31.79,239.04,0.94,50.02,0,2026-07-21 00:58:19
2648,10,34.13,256.62,0.93,49.95,0,2026-07-21 01:06:19
2649,29,34.88,262.28,0.92,49.93,0,2026-07-21 01:14:19
2650,7,34.62,260.28,0.91,50.05,0,2026-07-21 01:22:19
2651,6,37.35,280.8,0.91,49.92,0,2026-07-21 01:30:19
2652,3,37.15,279.31,0.91,50.07,0,2026-07-21 01:38:19
2653,15,32.03,240.84,0.92,50.08,0,2026-07-21 01:46:19
2654,13,30.99,233.01,0.91,50.02,0,2026-07-21 01:54:19
2655,9,34.46,259.07,0.94,50.02,0,2026-07-21 02:02:19
2656,25,31.46,236.54,0.91,50.07,0,2026-07-21 02:10:19
2657,11,31.58,237.44,0.94,50.09,0,2026-07-21 02:18:19
2658,19,31.86,239.55,0.94,50.02,0,2026-07-21 02:26:19
2659,28,31.35,235.74,0.95,50.04,0,2026-07-21 02:34:19
2660,29,30.06,226.03,0.93,50.03,0,2026-07-21 02:42:19
2661,23,37.62,282.87,0.92,49.99,0,2026-07-21 02:50:19
2662,13,32.51,244.4,0.91,49.91,0,2026-07-21 02:58:19
2663,1,36.69,275.83,0.93,49.94,0,2026-07-21 03:06:19
2664,29,31.59,237.53,0.92,50.01,0,2026-07-21 03:14:19
2665,6,34.11,256.43,0.91,49.91,0,2026-07-21 03:22:19
2666,20,33.27,250.13,0.93,50.09,0,2026-07-21 03:30:19
2667,2,33.79,254.05,0.92,50.08,0,2026-07-21 03:38:19
2668,20,31.75,238.7,0.91,50.02,0,2026-07-21 03:46:19
2669,26,32.22,242.29,0.92,49.96,0,2026-07-21 03:54:19
2670,26,36.68,275.8,0.91,49.94,0,2026-07-21 04:02:19
2671,16,36.35,273.3,0.93,49.91,0,2026-07-21 04:10:19
2672,5,36.69,275.9,0.9,50.01,0,2026-07-21 04:18:19
2673,29,36.73,276.2,0.93,50.03,0,2026-07-21 04:26:19
2674,21,31.56,237.29,0.95,50.05,0,2026-07-21 04:34:19
2675,21,37.65,283.06,0.93,50.0,0,2026-07-21 04:42:19
2676,13,37.12,279.12,0.92,50.03,0,2026-07-21 04:50:19
2677,17,31.32,235.5,0.92,50.09,0,2026-07-21 04:58:19
2678,3,37.5,281.96,0.92,49.98,0,2026-07-21 05:06:19
2679,3,33.56,252.36,0.91,50.02,0,2026-07-21 05:14:19
2680,17,32.01,240.71,0.92,50.1,0,2026-07-21 05:22:19
2681,13,33.79,254.03,0.92,49.91,0,2026-07-21 05:30:19
2682,23,34.09,256.33,0.92,49.97,0,2026-07-21 05:38:19
2683,25,35.01,263.21,0.94,50.03,0,2026-07-21 05:46:19
2684,4,36.89,277.38,0.91,49.93,0,2026-07-21 05:54:19
2685,26,37.92,285.14,0.91,50.03,0,2026-07-21 06:02:19
2686,21,32.14,241.63,0.92,50.0,0,2026-07-21 06:10:19
2687,13,33.56,252.32,0.93,49.93,0,2026-07-21 06:18:19
2688,11,30.75,231.24,0.95,50.02,0,2026-07-21 06:26:19
2689,14,33.76,253.81,0.92,49.91,0,2026-07-21 06:34:19
2690,5,33.29,250.33,0.94,49.95,0,2026-07-21 06:42:19
2691,23,36.47,274.22,0.92,50.06,0,2026-07-21 06:50:19
2692,11,37.18,279.52,0.91,50.01,0,2026-07-21 06:58:19
2693,30,32.93,247.59,0.93,50.09,0,2026-07-21 07:06:19
2694,2,36.79,276.65,0.92,50.05,0,2026-07-21 07:14:19
2695,20,35.03,263.38,0.92,50.01,0,2026-07-21 07:22:19
2696,10,34.29,257.85,0.92,49.95,0,2026-07-21 07:30:19
2697,27,32.28,242.73,0.95,49.97,0,2026-07-21 07:38:19
2698,12,32.74,246.16,0.91,49.99,0,2026-07-21 07:46:19
2699,24,36.18,272.06,0.93,50.09,0,2026-07-21 07:54:19
2700,8,30.92,232.46,0.93,49.93,0,2026-07-21 08:02:19
2701,17,30.52,229.51,0.94,49.94,0,2026-07-21 08:10:19
2702,8,36.45,274.05,0.92,50.01,0,2026-07-21 08:18:19
2703,25,36.98,278.04,0.91,49.94,0,2026-07-21 08:26:19
2704,6,36.89,277.38,0.93,50.04,0,2026-07-21 08:34:19
2705,13,36.25,272.52,0.94,49.98,0,2026-07-21 08:42:19
2706,11,31.65,237.97,0.93,50.08,0,2026-07-21 08:50:19
2707,15,34.57,259.96,0.91,50.02,0,2026-07-21 08:58:19
2708,1,31.34,235.62,0.94,49.94,0,2026-07-21 09:06:19
2709,29,35.37,265.92,0.91,50.09,0,2026-07-21 09:14:19
2710,9,30.66,230.54,0.92,49.96,0,2026-07-21 09:22:19
2711,19,37.91,285.0,0.94,49.97,0,2026-07-21 09:30:19
2712,20,35.22,264.79,0.92,50.09,0,2026-07-21 09:38:19
2713,7,31.92,239.98,0.94,49.99,0,2026-07-21 09:46:19
2714,15,32.76,246.32,0.94,50.08,0,2026-07-21 09:54:19
2715,23,33.48,251.72,0.93,49.97,0,2026-07-21 10:02:19
2716,15,31.05,233.44,0.93,49.91,0,2026-07-21 10:10:19
2717,1,33.17,249.37,0.93,50.01,0,2026-07-21 10:18:19
2718,18,31.13,234.08,0.91,50.07,0,2026-07-21 10:26:19
2719,18,33.3,250.39,0.94,49.92,0,2026-07-21 10:34:19
2720,3,31.86,239.57,0.92,49.98,0,2026-07-21 10:42:19
2721,6,34.12,256.53,0.92,49.96,0,2026-07-21 10:50:19
2722,23,35.08,263.77,0.93,50.03,0,2026-07-21 10:58:19
2723,23,30.34,228.09,0.93,50.08,0,2026-07-21 11:06:19
2724,21,36.96,277.91,0.94,49.91,0,2026-07-21 11:14:19
2725,18,32.9,247.4,0.92,49.95,0,2026-07-21 11:22:19
2726,9,37.08,278.8,0.9,50.02,0,2026-07-21 11:30:19
2727,17,31.16,234.3,0.93,50.01,0,2026-07-21 11:38:19
2728,20,33.48,251.76,0.94,49.94,0,2026-07-21 11:46:19
2729,26,31.75,238.71,0.92,49.92,0,2026-07-21 11:54:19
2730,9,37.98,285.58,0.91,49.95,0,2026-07-21 12:02:19
2731,15,34.05,256.04,0.94,49.96,0,2026-07-21 12:10:19
2732,23,34.98,263.03,0.93,50.09,0,2026-07-21 12:18:19
2733,24,32.82,246.79,0.91,50.1,0,2026-07-21 12:26:19
2734,7,34.42,258.77,0.93,50.02,0,2026-07-21 12:34:19
2735,30,37.5,281.98,0.91,50.09,0,2026-07-21 12:42:19
2736,18,31.79,239.0,0.94,49.91,0,2026-07-21 12:50:19
2737,29,34.45,259.0,0.92,49.93,0,2026-07-21 12:58:19
2738,14,30.37,228.32,0.94,50.09,0,2026-07-21 13:06:19
2739,8,37.65,283.07,0.91,49.92,0,2026-07-21 13:14:19
2740,15,30.59,230.01,0.92,50.04,0,2026-07-21 13:22:19
2741,18,31.57,237.38,0.91,50.09,0,2026-07-21 13:30:19
2742,26,36.8,276.67,0.93,50.0,0,2026-07-21 13:38:19
2743,30,35.05,263.56,0.93,49.9,0,2026-07-21 13:46:19
2744,14,36.32,273.09,0.94,49.92,0,2026-07-21 13:54:19
2745,6,66.32,498.63,0.88,50.09,1,2026-07-21 14:02:19
2746,13,66.76,501.92,0.91,49.91,1,2026-07-21 14:10:19
2747,8,69.98,526.19,0.9,50.07,1,2026-07-21 14:18:19
2748,25,71.41,536.93,0.89,50.01,1,2026-07-21 14:26:19
2749,6,69.5,522.55,0.9,50.03,1,2026-07-21 14:34:19
2750,27,70.55,530.42,0.88,50.09,1,2026-07-21 14:42:19
2751,15,64.51,485.03,0.9,49.96,1,2026-07-21 14:50:19
2752,15,71.62,538.46,0.9,49.99,1,2026-07-21 14:58:19
2753,15,69.98,526.17,0.9,50.06,1,2026-07-21 15:06:19
2754,9,70.49,529.98,0.89,49.98,1,2026-07-21 15:14:19
2755,23,66.55,500.37,0.89,50.05,1,2026-07-21 15:22:19
2756,20,68.29,513.43,0.9,50.02,1,2026-07-21 15:30:19
2757,27,64.11,482.04,0.91,50.03,1,2026-07-21 15:38:19
2758,22,71.49,537.5,0.9,50.02,1,2026-07-21 15:46:19
2759,11,67.36,506.45,0.91,50.08,1,2026-07-21 15:54:19
2760,12,71.49,537.54,0.88,49.97,1,2026-07-21 16:02:19
2761,12,67.7,509.06,0.89,50.07,1,2026-07-21 16:10:19
2762,4,64.33,483.7,0.88,49.92,1,2026-07-21 16:18:19
2763,5,71.35,536.48,0.89,50.04,1,2026-07-21 16:26:19
2764,20,69.86,525.28,0.9,50.1,1,2026-07-21 16:34:19
2765,14,65.68,493.84,0.9,49.91,1,2026-07-21 16:42:19
2766,23,67.02,503.9,0.9,49.94,1,2026-07-21 16:50:19
2767,30,67.93,510.75,0.9,50.06,1,2026-07-21 16:58:19
2768,10,67.69,508.92,0.89,49.92,1,2026-07-21 17:06:19
2769,8,68.41,514.39,0.89,50.02,1,2026-07-21 17:14:19
2770,15,65.21,490.31,0.89,50.01,1,2026-07-21 17:22:19
2771,24,67.95,510.91,0.91,50.01,1,2026-07-21 17:30:19
2772,30,69.2,520.28,0.88,50.01,1,2026-07-21 17:38:19
2773,12,70.92,533.21,0.87,50.1,1,2026-07-21 17:46:19
2774,10,69.0,518.79,0.88,50.04,1,2026-07-21 17:54:19
2775,13,69.99,526.25,0.87,49.93,1,2026-07-21 18:02:19
2776,10,69.95,525.97,0.87,50.07,1,2026-07-21 18:10:19
2777,8,71.63,538.58,0.88,49.96,1,2026-07-21 18:18:19
2778,17,71.3,536.11,0.91,50.07,1,2026-07-21 18:26:19
2779,23,67.38,506.58,0.9,50.09,1,2026-07-21 18:34:19
2780,28,64.79,487.13,0.9,50.04,1,2026-07-21 18:42:19
2781,6,69.75,524.43,0.9,49.94,1,2026-07-21 18:50:19
2782,22,65.16,489.9,0.91,49.97,1,2026-07-21 18:58:19
2783,2,64.18,482.58,0.88,49.93,1,2026-07-21 19:06:19
2784,20,66.91,503.1,0.9,50.08,1,2026-07-21 19:14:19
2785,30,64.62,485.88,0.9,49.9,1,2026-07-21 19:22:19
2786,8,71.31,536.15,0.87,50.0,1,2026-07-21 19:30:19
2787,5,64.65,486.06,0.89,50.0,1,2026-07-21 19:38:19
2788,17,69.38,521.64,0.9,50.05,1,2026-07-21 19:46:19
2789,8,68.84,517.6,0.89,49.93,1,2026-07-21 19:54:19
2790,18,70.85,532.73,0.87,50.1,1,2026-07-21 20:02:19
2791,27,70.56,530.56,0.88,50.01,1,2026-07-21 20:10:19
2792,6,64.43,484.42,0.9,49.98,1,2026-07-21 20:18:19
2793,10,71.86,540.31,0.88,49.99,1,2026-07-21 20:26:19
2794,26,68.42,514.41,0.91,50.09,1,2026-07-21 20:34:19
2795,27,67.4,506.75,0.89,50.07,1,2026-07-21 20:42:19
2796,30,66.5,499.97,0.91,50.08,1,2026-07-21 20:50:19
2797,24,66.04,496.53,0.88,49.99,1,2026-07-21 20:58:19
2798,13,68.76,516.99,0.88,50.03,1,2026-07-21 21:06:19
2799,11,69.89,525.5,0.89,50.1,1,2026-07-21 21:14:19
2800,30,64.27,483.26,0.91,49.92,1,2026-07-21 21:22:19
2801,26,64.24,483.04,0.91,50.01,1,2026-07-21 21:30:19
2802,14,70.31,528.62,0.89,50.05,1,2026-07-21 21:38:19
2803,16,71.55,538.0,0.88,49.96,1,2026-07-21 21:46:19
2804,17,67.98,511.1,0.89,50.04,1,2026-07-21 21:54:19
2805,26,32.79,246.51,0.91,49.95,0,2026-07-21 22:02:19
2806,12,30.26,227.51,0.95,50.02,0,2026-07-21 22:10:19
2807,14,34.18,257.01,0.91,49.98,0,2026-07-21 22:18:19
2808,30,31.02,233.27,0.94,50.02,0,2026-07-21 22:26:19
2809,28,35.35,265.77,0.92,49.93,0,2026-07-21 22:34:19
2810,3,34.94,262.74,0.93,49.93,0,2026-07-21 22:42:19
2811,6,34.44,258.98,0.91,49.94,0,2026-07-21 22:50:19
2812,5,30.3,227.84,0.95,49.95,0,2026-07-21 22:58:19
2813,19,31.75,238.7,0.92,49.94,0,2026-07-21 23:06:19
2814,6,31.1,233.84,0.95,49.91,0,2026-07-21 23:14:19
2815,13,30.19,227.03,0.94,50.09,0,2026-07-21 23:22:19
2816,17,35.71,268.49,0.91,50.03,0,2026-07-21 23:30:19
2817,13,35.66,268.1,0.93,49.96,0,2026-07-21 23:38:19
2818,13,30.37,228.37,0.92,49.96,0,2026-07-21 23:46:19
2819,7,35.97,270.47,0.92,50.08,0,2026-07-21 23:54:19
2820,25,35.32,265.55,0.91,50.07,0,2026-07-22 00:02:19
2821,28,30.21,227.14,0.92,50.05,0,2026-07-22 00:10:19
2822,15,37.1,278.94,0.92,50.05,0,2026-07-22 00:18:19
2823,17,34.59,260.08,0.91,50.06,0,2026-07-22 00:26:19
2824,11,36.32,273.12,0.94,50.01,0,2026-07-22 00:34:19
2825,20,36.18,272.04,0.92,49.9,0,2026-07-22 00:42:19
2826,5,30.93,232.55,0.92,49.92,0,2026-07-22 00:50:19
2827,20,30.76,231.28,0.93,49.92,0,2026-07-22 00:58:19
2828,17,37.96,285.44,0.91,49.93,0,2026-07-22 01:06:19
2829,19,35.67,268.16,0.93,50.07,0,2026-07-22 01:14:19
2830,20,36.86,277.16,0.93,49.96,0,2026-07-22 01:22:19
2831,26,36.54,274.73,0.91,50.05,0,2026-07-22 01:30:19
2832,8,31.27,235.1,0.93,49.91,0,2026-07-22 01:38:19
2833,4,31.94,240.17,0.93,50.03,0,2026-07-22 01:46:19
2834,11,36.81,276.74,0.91,49.95,0,2026-07-22 01:54:19
2835,3,33.37,250.87,0.93,50.06,0,2026-07-22 02:02:19
2836,15,31.85,239.46,0.93,50.09,0,2026-07-22 02:10:19
2837,25,36.32,273.12,0.92,50.0,0,2026-07-22 02:18:19
2838,14,33.18,249.45,0.93,50.04,0,2026-07-22 02:26:19
2839,18,34.49,259.32,0.92,49.91,0,2026-07-22 02:34:19
2840,17,37.74,283.76,0.94,50.0,0,2026-07-22 02:42:19
2841,11,35.01,263.23,0.91,50.04,0,2026-07-22 02:50:19
2842,12,33.53,252.11,0.92,49.98,0,2026-07-22 02:58:19
2843,21,30.65,230.44,0.92,49.95,0,2026-07-22 03:06:19
2844,12,33.31,250.44,0.93,49.99,0,2026-07-22 03:14:19
2845,6,32.01,240.7,0.91,50.04,0,2026-07-22 03:22:19
2846,11,36.58,275.04,0.91,49.96,0,2026-07-22 03:30:19
2847,3,35.95,270.29,0.91,50.07,0,2026-07-22 03:38:19
2848,11,32.05,240.97,0.92,50.03,0,2026-07-22 03:46:19
2849,6,36.59,275.09,0.9,50.08,0,2026-07-22 03:54:19
2850,29,35.45,266.56,0.92,49.9,0,2026-07-22 04:02:19
2851,22,30.07,226.07,0.93,49.92,0,2026-07-22 04:10:19
2852,22,35.04,263.43,0.92,49.94,0,2026-07-22 04:18:19
2853,20,36.71,275.98,0.91,50.04,0,2026-07-22 04:26:19
2854,2,36.06,271.15,0.94,49.91,0,2026-07-22 04:34:19
2855,26,36.52,274.58,0.91,50.02,0,2026-07-22 04:42:19
2856,6,31.42,236.25,0.92,50.04,0,2026-07-22 04:50:19
2857,24,35.87,269.71,0.93,50.07,0,2026-07-22 04:58:19
2858,25,36.73,276.15,0.94,50.03,0,2026-07-22 05:06:19
2859,13,31.41,236.15,0.93,49.98,0,2026-07-22 05:14:19
2860,2,36.07,271.23,0.92,50.03,0,2026-07-22 05:22:19
2861,21,35.88,269.79,0.94,49.93,0,2026-07-22 05:30:19
2862,24,31.41,236.13,0.94,49.9,0,2026-07-22 05:38:19
2863,9,30.35,228.18,0.91,49.96,0,2026-07-22 05:46:19
2864,1,31.39,236.03,0.94,50.1,0,2026-07-22 05:54:19
2865,8,30.62,230.2,0.94,49.98,0,2026-07-22 06:02:19
2866,1,31.68,238.18,0.92,49.92,0,2026-07-22 06:10:19
2867,9,37.51,282.01,0.94,50.0,0,2026-07-22 06:18:19
2868,9,34.12,256.54,0.94,49.97,0,2026-07-22 06:26:19
2869,22,35.44,266.49,0.91,50.09,0,2026-07-22 06:34:19
2870,26,34.75,261.28,0.94,50.03,0,2026-07-22 06:42:19
2871,27,31.99,240.54,0.92,50.0,0,2026-07-22 06:50:19
2872,10,33.52,252.01,0.94,49.98,0,2026-07-22 06:58:19
2873,2,37.09,278.85,0.9,49.98,0,2026-07-22 07:06:19
2874,24,30.89,232.27,0.91,49.97,0,2026-07-22 07:14:19
2875,12,32.86,247.07,0.94,50.09,0,2026-07-22 07:22:19
2876,4,36.47,274.19,0.9,49.97,0,2026-07-22 07:30:19
2877,3,35.53,267.17,0.92,50.06,0,2026-07-22 07:38:19
2878,16,32.61,245.16,0.94,50.07,0,2026-07-22 07:46:19
2879,1,32.58,244.93,0.93,50.02,0,2026-07-22 07:54:19
2880,26,34.8,261.66,0.91,49.96,0,2026-07-22 08:02:19
2881,3,36.4,273.7,0.93,49.96,0,2026-07-22 08:10:19
2882,27,31.52,237.02,0.91,50.07,0,2026-07-22 08:18:19
2883,28,35.49,266.83,0.94,49.95,0,2026-07-22 08:26:19
2884,14,36.38,273.53,0.91,49.97,0,2026-07-22 08:34:19
2885,20,32.57,244.9,0.93,49.91,0,2026-07-22 08:42:19
2886,29,31.76,238.77,0.93,49.98,0,2026-07-22 08:50:19
2887,3,32.36,243.33,0.95,49.99,0,2026-07-22 08:58:19
2888,23,34.36,258.37,0.93,50.09,0,2026-07-22 09:06:19
2889,18,31.74,238.66,0.91,50.03,0,2026-07-22 09:14:19
2890,14,36.34,273.26,0.93,50.05,0,2026-07-22 09:22:19
2891,24,34.13,256.65,0.91,50.09,0,2026-07-22 09:30:19
2892,19,31.71,238.39,0.92,50.03,0,2026-07-22 09:38:19
2893,8,30.78,231.42,0.92,50.01,0,2026-07-22 09:46:19
2894,27,31.99,240.52,0.94,50.06,0,2026-07-22 09:54:19
2895,13,30.4,228.59,0.91,50.02,0,2026-07-22 10:02:19
2896,28,30.69,230.77,0.95,50.07,0,2026-07-22 10:10:19
2897,2,36.62,275.35,0.93,50.0,0,2026-07-22 10:18:19
2898,22,33.29,250.27,0.93,49.91,0,2026-07-22 10:26:19
2899,20,35.76,268.84,0.92,49.94,0,2026-07-22 10:34:19
2900,30,35.02,263.28,0.94,50.0,0,2026-07-22 10:42:19
2901,3,32.34,243.13,0.91,50.01,0,2026-07-22 10:50:19
2902,18,31.5,236.85,0.92,50.09,0,2026-07-22 10:58:19
2903,15,36.17,271.98,0.91,49.94,0,2026-07-22 11:06:19
2904,25,33.57,252.41,0.94,50.06,0,2026-07-22 11:14:19
2905,8,32.84,246.95,0.95,49.91,0,2026-07-22 11:22:19
2906,4,34.93,262.61,0.91,49.91,0,2026-07-22 11:30:19
2907,6,34.55,259.8,0.92,49.9,0,2026-07-22 11:38:19
2908,3,34.15,256.79,0.93,49.93,0,2026-07-22 11:46:19
2909,11,34.97,262.92,0.92,50.02,0,2026-07-22 11:54:19
2910,16,30.98,232.94,0.95,50.07,0,2026-07-22 12:02:19
2911,27,37.94,285.28,0.92,49.96,0,2026-07-22 12:10:19
2912,25,30.83,231.78,0.91,49.92,0,2026-07-22 12:18:19
2913,20,34.0,255.61,0.93,50.04,0,2026-07-22 12:26:19
2914,6,30.51,229.42,0.91,50.07,0,2026-07-22 12:34:19
2915,25,30.95,232.68,0.95,49.91,0,2026-07-22 12:42:19
2916,30,36.58,275.02,0.92,50.08,0,2026-07-22 12:50:19
2917,14,37.97,285.51,0.92,49.94,0,2026-07-22 12:58:19
2918,26,36.11,271.52,0.94,50.09,0,2026-07-22 13:06:19
2919,2,32.84,246.95,0.93,50.04,0,2026-07-22 13:14:19
2920,2,36.15,271.77,0.93,50.05,0,2026-07-22 13:22:19
2921,11,31.24,234.85,0.94,49.98,0,2026-07-22 13:30:19
2922,15,30.83,231.83,0.95,50.07,0,2026-07-22 13:38:19
2923,23,36.22,272.35,0.93,50.04,0,2026-07-22 13:46:19
2924,5,34.74,261.24,0.93,49.93,0,2026-07-22 13:54:19
2925,10,70.19,527.73,0.89,50.04,1,2026-07-22 14:02:19
2926,21,71.21,535.44,0.9,49.99,1,2026-07-22 14:10:19
2927,17,64.66,486.15,0.9,50.09,1,2026-07-22 14:18:19
2928,12,70.28,528.39,0.88,49.97,1,2026-07-22 14:26:19
2929,28,67.1,504.54,0.88,49.97,1,2026-07-22 14:34:19
2930,16,64.27,483.27,0.89,50.03,1,2026-07-22 14:42:19
2931,10,67.45,507.15,0.89,49.99,1,2026-07-22 14:50:19
2932,4,65.78,494.62,0.9,49.92,1,2026-07-22 14:58:19
2933,17,68.64,516.06,0.9,50.08,1,2026-07-22 15:06:19
2934,15,67.54,507.84,0.9,50.07,1,2026-07-22 15:14:19
2935,15,69.05,519.2,0.89,50.1,1,2026-07-22 15:22:19
2936,12,69.13,519.81,0.87,49.97,1,2026-07-22 15:30:19
2937,14,69.73,524.28,0.9,50.01,1,2026-07-22 15:38:19
2938,11,70.76,532.01,0.89,49.91,1,2026-07-22 15:46:19
2939,9,68.95,518.42,0.9,49.99,1,2026-07-22 15:54:19
2940,2,65.66,493.72,0.89,49.98,1,2026-07-22 16:02:19
2941,19,64.23,482.95,0.88,49.94,1,2026-07-22 16:10:19
2942,3,68.86,517.76,0.88,50.02,1,2026-07-22 16:18:19
2943,22,68.89,517.95,0.89,50.08,1,2026-07-22 16:26:19
2944,4,66.41,499.36,0.89,50.02,1,2026-07-22 16:34:19
2945,7,69.83,525.01,0.89,50.1,1,2026-07-22 16:42:19
2946,25,64.64,486.0,0.91,49.91,1,2026-07-22 16:50:19
2947,6,66.64,501.03,0.88,49.97,1,2026-07-22 16:58:19
2948,13,64.16,482.44,0.88,50.01,1,2026-07-22 17:06:19
2949,18,67.91,510.58,0.89,50.04,1,2026-07-22 17:14:19
2950,29,71.79,539.77,0.91,50.07,1,2026-07-22 17:22:19
2951,12,69.15,519.94,0.88,49.92,1,2026-07-22 17:30:19
2952,26,68.68,516.36,0.88,50.07,1,2026-07-22 17:38:19
2953,4,67.87,510.27,0.89,49.94,1,2026-07-22 17:46:19
2954,2,65.56,492.94,0.91,49.94,1,2026-07-22 17:54:19
2955,9,70.03,526.55,0.9,50.03,1,2026-07-22 18:02:19
2956,9,70.39,529.23,0.9,49.97,1,2026-07-22 18:10:19
2957,20,70.8,532.33,0.88,49.95,1,2026-07-22 18:18:19
2958,22,72.03,541.56,0.87,50.02,1,2026-07-22 18:26:19
2959,26,64.19,482.62,0.89,49.94,1,2026-07-22 18:34:19
2960,25,64.2,482.68,0.91,49.98,1,2026-07-22 18:42:19
2961,6,69.64,523.63,0.89,50.01,1,2026-07-22 18:50:19
2962,5,67.71,509.12,0.91,50.0,1,2026-07-22 18:58:19
2963,10,66.02,496.42,0.9,50.07,1,2026-07-22 19:06:19
2964,24,71.92,540.75,0.88,50.01,1,2026-07-22 19:14:19
2965,11,64.38,484.05,0.89,49.96,1,2026-07-22 19:22:19
2966,25,69.11,519.64,0.89,50.08,1,2026-07-22 19:30:19
2967,29,70.9,533.06,0.88,50.02,1,2026-07-22 19:38:19
2968,28,67.43,506.96,0.91,49.95,1,2026-07-22 19:46:19
2969,29,65.59,493.13,0.91,50.07,1,2026-07-22 19:54:19
2970,8,68.41,514.36,0.89,50.01,1,2026-07-22 20:02:19
2971,21,65.94,495.8,0.88,50.1,1,2026-07-22 20:10:19
2972,19,68.56,515.52,0.88,49.97,1,2026-07-22 20:18:19
2973,11,65.82,494.88,0.89,49.99,1,2026-07-22 20:26:19
2974,7,66.92,503.18,0.9,49.95,1,2026-07-22 20:34:19
2975,26,64.2,482.7,0.91,50.08,1,2026-07-22 20:42:19
2976,13,69.17,520.1,0.9,50.09,1,2026-07-22 20:50:19
2977,11,72.04,541.62,0.89,49.97,1,2026-07-22 20:58:19
2978,16,64.33,483.68,0.9,50.01,1,2026-07-22 21:06:19
2979,2,69.45,522.2,0.9,49.91,1,2026-07-22 21:14:19
2980,11,71.55,537.98,0.88,49.91,1,2026-07-22 21:22:19
2981,4,67.5,507.52,0.89,49.97,1,2026-07-22 21:30:19
2982,8,68.5,515.03,0.91,49.96,1,2026-07-22 21:38:19
2983,3,64.39,484.17,0.91,49.98,1,2026-07-22 21:46:19
2984,12,68.07,511.82,0.89,50.02,1,2026-07-22 21:54:19
2985,21,32.72,246.05,0.93,49.99,0,2026-07-22 22:02:19
2986,28,37.22,279.82,0.93,50.02,0,2026-07-22 22:10:19
2987,12,37.72,283.58,0.91,50.03,0,2026-07-22 22:18:19
2988,27,36.22,272.3,0.94,50.05,0,2026-07-22 22:26:19
2989,9,35.04,263.48,0.94,50.08,0,2026-07-22 22:34:19
2990,25,31.78,238.91,0.94,50.1,0,2026-07-22 22:42:19
2991,8,31.64,237.92,0.91,49.93,0,2026-07-22 22:50:19
2992,10,30.43,228.8,0.92,50.06,0,2026-07-22 22:58:19
2993,7,34.97,262.91,0.92,50.0,0,2026-07-22 23:06:19
2994,28,34.01,255.71,0.94,49.91,0,2026-07-22 23:14:19
2995,14,37.07,278.71,0.93,50.03,0,2026-07-22 23:22:19
2996,22,30.58,229.94,0.93,49.95,0,2026-07-22 23:30:19
2997,25,33.49,251.79,0.91,49.94,0,2026-07-22 23:38:19
2998,2,36.16,271.89,0.94,49.99,0,2026-07-22 23:46:19
2999,26,37.44,281.5,0.91,49.98,0,2026-07-22 23:54:19
3000,11,35.57,267.45,0.91,50.0,0,2026-07-23 00:02:19
3001,22,33.42,251.31,0.95,50.0,0,2026-07-23 00:10:19
3002,17,37.77,284.01,0.93,50.05,0,2026-07-23 00:18:19
3003,20,33.38,251.0,0.94,50.05,0,2026-07-23 00:26:19
3004,9,32.86,247.06,0.91,50.05,0,2026-07-23 00:34:19
3005,21,36.43,273.9,0.93,50.01,0,2026-07-23 00:42:19
3006,10,34.26,257.56,0.94,50.01,0,2026-07-23 00:50:19
3007,2,32.3,242.83,0.92,50.04,0,2026-07-23 00:58:19
3008,4,33.4,251.16,0.93,50.02,0,2026-07-23 01:06:19
3009,5,31.73,238.54,0.93,49.94,0,2026-07-23 01:14:19
3010,21,37.75,283.86,0.94,50.09,0,2026-07-23 01:22:19
3011,30,31.1,233.81,0.92,50.1,0,2026-07-23 01:30:19
3012,24,31.38,235.96,0.93,50.02,0,2026-07-23 01:38:19
3013,1,30.16,226.77,0.94,50.03,0,2026-07-23 01:46:19
3014,20,31.56,237.33,0.95,49.93,0,2026-07-23 01:54:19
3015,5,32.73,246.07,0.94,49.92,0,2026-07-23 02:02:19
3016,1,36.06,271.1,0.93,49.98,0,2026-07-23 02:10:19
3017,2,32.1,241.35,0.91,50.04,0,2026-07-23 02:18:19
3018,25,30.71,230.92,0.92,49.93,0,2026-07-23 02:26:19
3019,20,35.24,264.93,0.93,50.05,0,2026-07-23 02:34:19
3020,25,32.9,247.38,0.92,50.0,0,2026-07-23 02:42:19
3021,14,32.93,247.6,0.93,50.01,0,2026-07-23 02:50:19
3022,30,37.96,285.45,0.93,49.95,0,2026-07-23 02:58:19
3023,13,33.19,249.56,0.94,50.05,0,2026-07-23 03:06:19
3024,27,30.16,226.74,0.94,49.93,0,2026-07-23 03:14:19
3025,26,37.36,280.9,0.94,50.09,0,2026-07-23 03:22:19
3026,29,31.41,236.18,0.95,49.95,0,2026-07-23 03:30:19
3027,1,34.36,258.33,0.92,50.1,0,2026-07-23 03:38:19
3028,25,30.97,232.84,0.94,50.02,0,2026-07-23 03:46:19
3029,13,37.69,283.35,0.92,50.01,0,2026-07-23 03:54:19
3030,29,37.25,280.04,0.92,49.98,0,2026-07-23 04:02:19
3031,25,33.42,251.3,0.93,50.08,0,2026-07-23 04:10:19
3032,20,36.03,270.89,0.92,50.04,0,2026-07-23 04:18:19
3033,8,32.43,243.8,0.93,49.98,0,2026-07-23 04:26:19
3034,24,34.28,257.77,0.91,50.02,0,2026-07-23 04:34:19
3035,2,36.81,276.75,0.94,49.95,0,2026-07-23 04:42:19
3036,18,37.32,280.59,0.93,49.92,0,2026-07-23 04:50:19
3037,9,30.86,232.05,0.92,49.99,0,2026-07-23 04:58:19
3038,2,34.55,259.76,0.92,50.05,0,2026-07-23 05:06:19
3039,15,30.1,226.32,0.93,50.02,0,2026-07-23 05:14:19
3040,13,34.02,255.8,0.92,50.08,0,2026-07-23 05:22:19
3041,12,37.48,281.81,0.93,50.09,0,2026-07-23 05:30:19
3042,18,34.31,257.94,0.93,50.05,0,2026-07-23 05:38:19
3043,20,31.33,235.6,0.95,49.92,0,2026-07-23 05:46:19
3044,25,34.44,258.95,0.94,49.92,0,2026-07-23 05:54:19
3045,22,31.75,238.75,0.94,49.96,0,2026-07-23 06:02:19
3046,29,37.1,278.91,0.91,50.04,0,2026-07-23 06:10:19
3047,22,33.47,251.68,0.92,50.06,0,2026-07-23 06:18:19
3048,8,33.61,252.71,0.92,50.0,0,2026-07-23 06:26:19
3049,12,33.61,252.67,0.94,50.06,0,2026-07-23 06:34:19
3050,1,30.63,230.31,0.93,50.01,0,2026-07-23 06:42:19
3051,28,36.11,271.5,0.91,49.99,0,2026-07-23 06:50:19
3052,12,30.31,227.93,0.92,50.05,0,2026-07-23 06:58:19
3053,21,30.33,228.06,0.94,49.97,0,2026-07-23 07:06:19
3054,27,35.32,265.53,0.94,49.97,0,2026-07-23 07:14:19
3055,10,33.65,253.02,0.91,50.01,0,2026-07-23 07:22:19
3056,5,35.6,267.67,0.91,50.09,0,2026-07-23 07:30:19
3057,12,36.35,273.3,0.93,50.05,0,2026-07-23 07:38:19
3058,24,37.57,282.49,0.92,49.91,0,2026-07-23 07:46:19
3059,6,35.22,264.81,0.93,49.92,0,2026-07-23 07:54:19
3060,19,37.56,282.37,0.92,49.9,0,2026-07-23 08:02:19
3061,14,37.91,285.02,0.93,49.92,0,2026-07-23 08:10:19
3062,7,38.0,285.75,0.9,50.06,0,2026-07-23 08:18:19
3063,10,36.26,272.63,0.91,50.03,0,2026-07-23 08:26:19
3064,6,35.65,268.08,0.94,50.1,0,2026-07-23 08:34:19
3065,11,33.49,251.81,0.93,49.98,0,2026-07-23 08:42:19
3066,18,37.07,278.74,0.92,50.06,0,2026-07-23 08:50:19
3067,16,38.01,285.78,0.91,49.92,0,2026-07-23 08:58:19
3068,3,36.72,276.09,0.92,49.95,0,2026-07-23 09:06:19
3069,20,34.81,261.75,0.94,49.91,0,2026-07-23 09:14:19
3070,24,37.75,283.82,0.92,49.94,0,2026-07-23 09:22:19
3071,29,35.61,267.74,0.91,49.99,0,2026-07-23 09:30:19
3072,18,32.57,244.89,0.93,50.07,0,2026-07-23 09:38:19
3073,16,37.07,278.74,0.9,50.04,0,2026-07-23 09:46:19
3074,7,30.32,227.96,0.94,50.07,0,2026-07-23 09:54:19
3075,3,35.67,268.19,0.94,50.1,0,2026-07-23 10:02:19
3076,9,36.65,275.55,0.93,50.06,0,2026-07-23 10:10:19
3077,15,31.22,234.7,0.91,50.08,0,2026-07-23 10:18:19
3078,8,36.04,270.96,0.94,49.98,0,2026-07-23 10:26:19
3079,8,37.71,283.5,0.94,49.92,0,2026-07-23 10:34:19
3080,1,36.22,272.36,0.93,49.96,0,2026-07-23 10:42:19
3081,23,30.67,230.57,0.92,49.96,0,2026-07-23 10:50:19
3082,12,31.69,238.29,0.91,49.96,0,2026-07-23 10:58:19
3083,9,35.03,263.42,0.94,49.98,0,2026-07-23 11:06:19
3084,23,35.77,268.91,0.94,50.02,0,2026-07-23 11:14:19
3085,22,34.94,262.73,0.93,49.96,0,2026-07-23 11:22:19
3086,24,31.01,233.16,0.93,49.95,0,2026-07-23 11:30:19
3087,16,31.88,239.68,0.95,49.97,0,2026-07-23 11:38:19
3088,21,32.04,240.92,0.92,50.02,0,2026-07-23 11:46:19
3089,20,31.83,239.33,0.93,49.98,0,2026-07-23 11:54:19
3090,12,34.33,258.14,0.93,49.95,0,2026-07-23 12:02:19
3091,3,30.13,226.53,0.92,50.04,0,2026-07-23 12:10:19
3092,1,37.92,285.13,0.91,50.08,0,2026-07-23 12:18:19
3093,26,32.31,242.95,0.91,49.99,0,2026-07-23 12:26:19
3094,30,34.22,257.31,0.91,49.98,0,2026-07-23 12:34:19
3095,26,35.63,267.86,0.92,49.9,0,2026-07-23 12:42:19
3096,19,34.55,259.79,0.94,49.96,0,2026-07-23 12:50:19
3097,13,31.45,236.45,0.94,49.97,0,2026-07-23 12:58:19
3098,25,32.62,245.26,0.94,49.9,0,2026-07-23 13:06:19
3099,25,30.07,226.06,0.95,50.02,0,2026-07-23 13:14:19
3100,20,35.72,268.58,0.92,49.99,0,2026-07-23 13:22:19
3101,9,35.86,269.66,0.91,50.08,0,2026-07-23 13:30:19
3102,26,36.84,276.98,0.92,49.92,0,2026-07-23 13:38:19
3103,11,31.77,238.9,0.94,49.95,0,2026-07-23 13:46:19
3104,2,37.26,280.16,0.92,49.97,0,2026-07-23 13:54:19
3105,30,71.17,535.08,0.91,50.09,1,2026-07-23 14:02:19
3106,14,71.65,538.73,0.87,50.02,1,2026-07-23 14:10:19
3107,29,71.51,537.67,0.9,50.04,1,2026-07-23 14:18:19
3108,2,67.22,505.39,0.89,49.91,1,2026-07-23 14:26:19
3109,10,66.59,500.69,0.87,49.91,1,2026-07-23 14:34:19
3110,8,70.95,533.44,0.88,50.07,1,2026-07-23 14:42:19
3111,24,67.8,509.78,0.89,49.96,1,2026-07-23 14:50:19
3112,29,69.57,523.1,0.91,50.06,1,2026-07-23 14:58:19
3113,12,70.55,530.45,0.88,49.95,1,2026-07-23 15:06:19
3114,21,66.64,501.09,0.9,49.94,1,2026-07-23 15:14:19
3115,16,68.58,515.66,0.89,50.02,1,2026-07-23 15:22:19
3116,25,70.35,528.98,0.88,49.95,1,2026-07-23 15:30:19
3117,8,70.77,532.14,0.88,50.05,1,2026-07-23 15:38:19
3118,27,70.59,530.76,0.89,49.96,1,2026-07-23 15:46:19
3119,22,64.52,485.15,0.91,50.04,1,2026-07-23 15:54:19
3120,22,65.49,492.38,0.89,49.91,1,2026-07-23 16:02:19
3121,15,70.72,531.7,0.88,49.98,1,2026-07-23 16:10:19
3122,3,71.97,541.11,0.89,50.06,1,2026-07-23 16:18:19
3123,26,65.69,493.89,0.9,49.9,1,2026-07-23 16:26:19
3124,9,68.41,514.35,0.89,49.9,1,2026-07-23 16:34:19
3125,9,70.9,533.12,0.88,50.02,1,2026-07-23 16:42:19
3126,23,72.02,541.47,0.89,50.08,1,2026-07-23 16:50:19
3127,9,65.48,492.35,0.9,49.98,1,2026-07-23 16:58:19
3128,14,64.41,484.31,0.89,50.03,1,2026-07-23 17:06:19
3129,30,71.13,534.81,0.9,50.03,1,2026-07-23 17:14:19
3130,8,66.32,498.65,0.91,49.92,1,2026-07-23 17:22:19
3131,14,65.44,492.03,0.91,49.97,1,2026-07-23 17:30:19
3132,21,68.78,517.18,0.91,49.9,1,2026-07-23 17:38:19
3133,20,68.01,511.39,0.9,50.08,1,2026-07-23 17:46:19
3134,10,70.53,530.31,0.89,50.1,1,2026-07-23 17:54:19
3135,19,70.83,532.57,0.88,50.1,1,2026-07-23 18:02:19
3136,15,65.66,493.65,0.9,50.07,1,2026-07-23 18:10:19
3137,28,67.88,510.37,0.9,50.08,1,2026-07-23 18:18:19
3138,9,68.32,513.68,0.9,49.91,1,2026-07-23 18:26:19
3139,29,65.59,493.14,0.9,50.09,1,2026-07-23 18:34:19
3140,29,71.17,535.08,0.88,49.93,1,2026-07-23 18:42:19
3141,7,70.59,530.74,0.87,49.99,1,2026-07-23 18:50:19
3142,22,69.59,523.21,0.88,50.06,1,2026-07-23 18:58:19
3143,29,69.98,526.13,0.9,50.03,1,2026-07-23 19:06:19
3144,9,67.46,507.24,0.89,50.07,1,2026-07-23 19:14:19
3145,9,67.68,508.85,0.87,49.98,1,2026-07-23 19:22:19
3146,30,69.84,525.09,0.9,49.98,1,2026-07-23 19:30:19
3147,23,70.88,532.96,0.88,49.95,1,2026-07-23 19:38:19
3148,14,72.0,541.33,0.9,50.04,1,2026-07-23 19:46:19
3149,15,71.17,535.09,0.88,49.99,1,2026-07-23 19:54:19
3150,4,64.15,482.31,0.89,50.01,1,2026-07-23 20:02:19
3151,24,64.45,484.55,0.9,50.06,1,2026-07-23 20:10:19
3152,24,70.9,533.07,0.88,50.06,1,2026-07-23 20:18:19
3153,24,71.47,537.35,0.87,49.95,1,2026-07-23 20:26:19
3154,20,70.14,527.34,0.89,50.01,1,2026-07-23 20:34:19
3155,22,71.79,539.8,0.88,50.08,1,2026-07-23 20:42:19
3156,15,68.64,516.08,0.88,50.07,1,2026-07-23 20:50:19
3157,15,69.21,520.35,0.9,49.96,1,2026-07-23 20:58:19
3158,15,71.35,536.43,0.88,49.98,1,2026-07-23 21:06:19
3159,17,66.07,496.76,0.88,50.03,1,2026-07-23 21:14:19
3160,24,64.85,487.61,0.9,50.01,1,2026-07-23 21:22:19
3161,23,64.46,484.65,0.88,50.07,1,2026-07-23 21:30:19
3162,20,68.32,513.67,0.88,49.91,1,2026-07-23 21:38:19
3163,8,68.07,511.77,0.91,49.91,1,2026-07-23 21:46:19
3164,28,66.3,498.51,0.89,50.09,1,2026-07-23 21:54:19
3165,2,30.42,228.7,0.92,49.99,0,2026-07-23 22:02:19
3166,29,31.78,238.94,0.93,49.95,0,2026-07-23 22:10:19
3167,24,36.56,274.88,0.94,50.09,0,2026-07-23 22:18:19
3168,4,37.39,281.11,0.91,49.92,0,2026-07-23 22:26:19
3169,27,33.23,249.82,0.93,50.0,0,2026-07-23 22:34:19
3170,8,37.68,283.33,0.92,50.02,0,2026-07-23 22:42:19
3171,7,34.93,262.61,0.92,49.93,0,2026-07-23 22:50:19
3172,5,30.97,232.85,0.94,50.06,0,2026-07-23 22:58:19
3173,19,35.44,266.44,0.93,50.06,0,2026-07-23 23:06:19
3174,13,32.42,243.79,0.92,50.08,0,2026-07-23 23:14:19
3175,12,36.58,275.03,0.92,50.08,0,2026-07-23 23:22:19
3176,20,31.55,237.22,0.93,49.96,0,2026-07-23 23:30:19
3177,5,37.83,284.4,0.94,49.97,0,2026-07-23 23:38:19
3178,29,32.82,246.76,0.94,49.96,0,2026-07-23 23:46:19
3179,11,35.58,267.53,0.91,50.03,0,2026-07-23 23:54:19
3180,6,38.01,285.79,0.92,50.01,0,2026-07-24 00:02:19
3181,30,33.83,254.35,0.94,50.06,0,2026-07-24 00:10:19
3182,15,33.13,249.11,0.93,50.06,0,2026-07-24 00:18:19
3183,27,32.8,246.62,0.92,49.98,0,2026-07-24 00:26:19
3184,28,33.12,249.03,0.93,50.05,0,2026-07-24 00:34:19
3185,6,31.07,233.62,0.91,49.96,0,2026-07-24 00:42:19
3186,19,35.23,264.88,0.91,50.06,0,2026-07-24 00:50:19
3187,22,34.88,262.28,0.93,50.09,0,2026-07-24 00:58:19
3188,20,31.48,236.69,0.93,50.01,0,2026-07-24 01:06:19
3189,28,32.24,242.41,0.92,49.91,0,2026-07-24 01:14:19
3190,28,37.61,282.79,0.91,50.05,0,2026-07-24 01:22:19
3191,3,36.52,274.58,0.92,50.0,0,2026-07-24 01:30:19
3192,11,33.15,249.26,0.91,50.07,0,2026-07-24 01:38:19
3193,17,30.73,231.07,0.94,50.08,0,2026-07-24 01:46:19
3194,28,33.38,250.94,0.94,49.99,0,2026-07-24 01:54:19
3195,1,33.35,250.78,0.92,50.04,0,2026-07-24 02:02:19
3196,14,31.05,233.49,0.92,50.0,0,2026-07-24 02:10:19
3197,15,34.06,256.07,0.94,50.01,0,2026-07-24 02:18:19
3198,24,32.23,242.36,0.93,49.99,0,2026-07-24 02:26:19
3199,17,30.96,232.75,0.93,49.96,0,2026-07-24 02:34:19
3200,12,33.5,251.91,0.95,49.9,0,2026-07-24 02:42:19
3201,16,32.9,247.34,0.93,49.92,0,2026-07-24 02:50:19
3202,20,36.27,272.7,0.92,50.01,0,2026-07-24 02:58:19
3203,23,31.47,236.58,0.94,50.0,0,2026-07-24 03:06:19
3204,11,30.49,229.23,0.95,50.07,0,2026-07-24 03:14:19
3205,11,37.85,284.59,0.92,49.91,0,2026-07-24 03:22:19
3206,10,37.2,279.69,0.91,50.07,0,2026-07-24 03:30:19
3207,28,33.03,248.35,0.93,49.95,0,2026-07-24 03:38:19
3208,20,35.78,268.99,0.91,50.04,0,2026-07-24 03:46:19
3209,1,30.8,231.59,0.94,50.01,0,2026-07-24 03:54:19
3210,24,31.63,237.8,0.93,49.91,0,2026-07-24 04:02:19
3211,2,36.72,276.07,0.91,50.0,0,2026-07-24 04:10:19
3212,26,37.25,280.11,0.93,50.05,0,2026-07-24 04:18:19
3213,17,35.11,264.0,0.91,50.09,0,2026-07-24 04:26:19
3214,17,31.48,236.69,0.94,50.02,0,2026-07-24 04:34:19
3215,9,33.64,252.95,0.91,50.09,0,2026-07-24 04:42:19
3216,8,37.14,279.27,0.91,49.93,0,2026-07-24 04:50:19
3217,3,33.18,249.45,0.94,49.95,0,2026-07-24 04:58:19
3218,16,35.78,269.04,0.93,50.1,0,2026-07-24 05:06:19
3219,10,32.8,246.64,0.94,50.06,0,2026-07-24 05:14:19
3220,9,37.07,278.74,0.93,50.06,0,2026-07-24 05:22:19
3221,21,37.41,281.31,0.93,50.03,0,2026-07-24 05:30:19
3222,18,34.13,256.59,0.94,50.03,0,2026-07-24 05:38:19
3223,5,36.24,272.48,0.92,50.03,0,2026-07-24 05:46:19
3224,1,32.75,246.26,0.93,49.93,0,2026-07-24 05:54:19
3225,25,34.26,257.57,0.92,50.07,0,2026-07-24 06:02:19
3226,25,31.99,240.55,0.94,49.99,0,2026-07-24 06:10:19
3227,28,35.41,266.27,0.93,50.03,0,2026-07-24 06:18:19
3228,8,33.2,249.66,0.91,50.01,0,2026-07-24 06:26:19
3229,15,31.11,233.92,0.93,49.92,0,2026-07-24 06:34:19
3230,8,31.98,240.45,0.94,49.97,0,2026-07-24 06:42:19
3231,4,34.06,256.09,0.92,49.94,0,2026-07-24 06:50:19
3232,8,32.79,246.57,0.93,50.07,0,2026-07-24 06:58:19
3233,22,35.82,269.36,0.93,49.93,0,2026-07-24 07:06:19
3234,27,35.02,263.32,0.91,49.95,0,2026-07-24 07:14:19
3235,22,35.11,263.98,0.92,50.08,0,2026-07-24 07:22:19
3236,9,37.16,279.42,0.93,49.94,0,2026-07-24 07:30:19
3237,18,30.78,231.46,0.95,50.06,0,2026-07-24 07:38:19
3238,8,34.35,258.3,0.94,49.97,0,2026-07-24 07:46:19
3239,12,34.11,256.48,0.94,50.02,0,2026-07-24 07:54:19
3240,26,35.42,266.34,0.91,50.02,0,2026-07-24 08:02:19
3241,17,36.89,277.34,0.93,49.93,0,2026-07-24 08:10:19
3242,10,36.77,276.5,0.91,50.05,0,2026-07-24 08:18:19
3243,19,32.58,244.93,0.95,49.99,0,2026-07-24 08:26:19
3244,30,36.27,272.69,0.92,49.94,0,2026-07-24 08:34:19
3245,30,37.38,281.02,0.93,50.06,0,2026-07-24 08:42:19
3246,20,32.14,241.66,0.94,50.05,0,2026-07-24 08:50:19
3247,17,36.6,275.17,0.91,49.93,0,2026-07-24 08:58:19
3248,7,30.46,229.04,0.95,49.94,0,2026-07-24 09:06:19
3249,4,35.7,268.45,0.92,50.01,0,2026-07-24 09:14:19
3250,20,32.1,241.37,0.95,50.07,0,2026-07-24 09:22:19
3251,26,33.39,251.08,0.93,49.92,0,2026-07-24 09:30:19
3252,22,33.82,254.32,0.94,50.09,0,2026-07-24 09:38:19
3253,23,32.28,242.74,0.93,49.99,0,2026-07-24 09:46:19
3254,12,36.46,274.1,0.93,49.99,0,2026-07-24 09:54:19
3255,27,37.65,283.1,0.94,50.0,0,2026-07-24 10:02:19
3256,23,37.59,282.62,0.9,49.95,0,2026-07-24 10:10:19
3257,22,37.25,280.1,0.91,49.92,0,2026-07-24 10:18:19
3258,12,35.03,263.36,0.93,49.91,0,2026-07-24 10:26:19
3259,19,34.26,257.59,0.91,49.96,0,2026-07-24 10:34:19
3260,7,32.81,246.68,0.91,50.04,0,2026-07-24 10:42:19
3261,30,32.05,240.95,0.91,50.05,0,2026-07-24 10:50:19
3262,23,34.3,257.93,0.91,49.91,0,2026-07-24 10:58:19
3263,4,37.11,279.04,0.92,50.04,0,2026-07-24 11:06:19
3264,15,34.05,255.98,0.93,49.98,0,2026-07-24 11:14:19
3265,3,31.96,240.29,0.93,50.07,0,2026-07-24 11:22:19
3266,21,32.61,245.19,0.92,50.03,0,2026-07-24 11:30:19
3267,22,31.81,239.15,0.92,49.91,0,2026-07-24 11:38:19
3268,8,32.87,247.11,0.94,50.04,0,2026-07-24 11:46:19
3269,3,37.56,282.39,0.93,49.95,0,2026-07-24 11:54:19
3270,13,33.44,251.4,0.91,50.01,0,2026-07-24 12:02:19
3271,29,33.87,254.65,0.94,49.94,0,2026-07-24 12:10:19
3272,19,31.6,237.58,0.94,50.07,0,2026-07-24 12:18:19
3273,3,37.72,283.61,0.94,49.92,0,2026-07-24 12:26:19
3274,6,33.21,249.69,0.94,49.99,0,2026-07-24 12:34:19
3275,5,36.25,272.55,0.92,50.07,0,2026-07-24 12:42:19
3276,1,30.92,232.46,0.93,49.94,0,2026-07-24 12:50:19
3277,30,33.01,248.21,0.94,49.98,0,2026-07-24 12:58:19
3278,13,34.88,262.25,0.93,50.04,0,2026-07-24 13:06:19
3279,2,36.44,274.01,0.93,50.04,0,2026-07-24 13:14:19
3280,8,34.95,262.76,0.93,50.07,0,2026-07-24 13:22:19
3281,5,32.29,242.75,0.92,49.96,0,2026-07-24 13:30:19
3282,29,37.42,281.32,0.92,49.98,0,2026-07-24 13:38:19
3283,25,32.04,240.89,0.91,50.1,0,2026-07-24 13:46:19
3284,4,30.95,232.68,0.91,49.96,0,2026-07-24 13:54:19
3285,30,67.05,504.11,0.91,49.91,1,2026-07-24 14:02:19
3286,26,65.34,491.28,0.9,50.03,1,2026-07-24 14:10:19
3287,5,68.01,511.39,0.9,50.0,1,2026-07-24 14:18:19
3288,10,69.18,520.15,0.89,49.97,1,2026-07-24 14:26:19
3289,11,67.95,510.91,0.88,50.09,1,2026-07-24 14:34:19
3290,2,70.51,530.18,0.9,50.02,1,2026-07-24 14:42:19
3291,25,65.35,491.32,0.88,50.0,1,2026-07-24 14:50:19
3292,8,69.84,525.1,0.9,50.03,1,2026-07-24 14:58:19
3293,21,69.77,524.62,0.9,50.01,1,2026-07-24 15:06:19
3294,19,68.86,517.77,0.9,49.93,1,2026-07-24 15:14:19
3295,22,68.23,513.01,0.89,50.04,1,2026-07-24 15:22:19
3296,25,70.99,533.79,0.91,49.98,1,2026-07-24 15:30:19
3297,14,67.05,504.17,0.87,50.04,1,2026-07-24 15:38:19
3298,2,66.05,496.62,0.88,49.9,1,2026-07-24 15:46:19
3299,4,64.7,486.47,0.89,50.04,1,2026-07-24 15:54:19
3300,19,65.12,489.59,0.88,49.97,1,2026-07-24 16:02:19
3301,7,66.03,496.49,0.9,49.91,1,2026-07-24 16:10:19
3302,2,70.24,528.13,0.88,49.93,1,2026-07-24 16:18:19
3303,20,70.24,528.12,0.9,50.0,1,2026-07-24 16:26:19
3304,15,69.87,525.31,0.91,49.95,1,2026-07-24 16:34:19
3305,13,67.47,507.33,0.87,50.04,1,2026-07-24 16:42:19
3306,14,68.33,513.74,0.91,50.02,1,2026-07-24 16:50:19
3307,1,66.23,497.97,0.89,49.91,1,2026-07-24 16:58:19
3308,29,64.62,485.83,0.91,50.1,1,2026-07-24 17:06:19
3309,17,69.61,523.42,0.91,49.96,1,2026-07-24 17:14:19
3310,5,68.66,516.23,0.88,49.94,1,2026-07-24 17:22:19
3311,16,69.91,525.61,0.88,49.9,1,2026-07-24 17:30:19
3312,5,71.07,534.39,0.9,49.93,1,2026-07-24 17:38:19
3313,14,71.23,535.56,0.9,49.96,1,2026-07-24 17:46:19
3314,29,64.87,487.77,0.89,49.99,1,2026-07-24 17:54:19
3315,7,69.55,522.92,0.9,49.91,1,2026-07-24 18:02:19
3316,2,70.54,530.41,0.89,50.0,1,2026-07-24 18:10:19
3317,24,67.11,504.56,0.9,49.94,1,2026-07-24 18:18:19
3318,17,65.37,491.52,0.9,50.02,1,2026-07-24 18:26:19
3319,7,66.39,499.14,0.91,50.04,1,2026-07-24 18:34:19
3320,26,69.21,520.41,0.88,50.03,1,2026-07-24 18:42:19
3321,23,67.75,509.41,0.91,50.02,1,2026-07-24 18:50:19
3322,27,67.54,507.81,0.88,50.07,1,2026-07-24 18:58:19
3323,8,70.25,528.19,0.88,50.09,1,2026-07-24 19:06:19
3324,5,68.75,516.95,0.88,49.91,1,2026-07-24 19:14:19
3325,25,64.64,485.99,0.88,50.06,1,2026-07-24 19:22:19
3326,6,66.21,497.81,0.89,49.94,1,2026-07-24 19:30:19
3327,23,66.91,503.09,0.89,50.01,1,2026-07-24 19:38:19
3328,16,65.54,492.75,0.91,50.02,1,2026-07-24 19:46:19
3329,21,65.56,492.92,0.91,49.93,1,2026-07-24 19:54:19
3330,8,66.58,500.57,0.89,49.92,1,2026-07-24 20:02:19
3331,17,69.99,526.25,0.9,49.94,1,2026-07-24 20:10:19
3332,3,70.59,530.75,0.89,49.93,1,2026-07-24 20:18:19
3333,25,65.53,492.71,0.88,49.95,1,2026-07-24 20:26:19
3334,3,66.99,503.68,0.88,49.91,1,2026-07-24 20:34:19
3335,9,69.16,519.99,0.88,50.04,1,2026-07-24 20:42:19
3336,18,67.08,504.37,0.91,50.01,1,2026-07-24 20:50:19
3337,22,70.97,533.61,0.9,50.0,1,2026-07-24 20:58:19
3338,22,70.35,528.95,0.88,49.92,1,2026-07-24 21:06:19
3339,22,71.27,535.83,0.9,50.03,1,2026-07-24 21:14:19
3340,6,67.07,504.28,0.91,49.91,1,2026-07-24 21:22:19
3341,30,69.85,525.2,0.88,49.99,1,2026-07-24 21:30:19
3342,7,70.03,526.54,0.9,50.06,1,2026-07-24 21:38:19
3343,9,65.47,492.23,0.88,50.1,1,2026-07-24 21:46:19
3344,30,67.72,509.18,0.89,50.05,1,2026-07-24 21:54:19
3345,11,31.26,235.01,0.91,50.02,0,2026-07-24 22:02:19
3346,11,31.26,235.02,0.93,50.08,0,2026-07-24 22:10:19
3347,26,33.54,252.15,0.92,50.0,0,2026-07-24 22:18:19
3348,27,35.26,265.12,0.91,49.97,0,2026-07-24 22:26:19
3349,22,32.78,246.43,0.95,50.07,0,2026-07-24 22:34:19
3350,1,31.61,237.65,0.92,50.02,0,2026-07-24 22:42:19
3351,13,36.17,271.96,0.91,49.91,0,2026-07-24 22:50:19
3352,29,37.58,282.59,0.94,50.04,0,2026-07-24 22:58:19
3353,25,34.59,260.11,0.92,49.99,0,2026-07-24 23:06:19
3354,28,37.62,282.85,0.93,49.98,0,2026-07-24 23:14:19
3355,13,30.57,229.82,0.92,49.95,0,2026-07-24 23:22:19
3356,30,30.11,226.42,0.95,50.06,0,2026-07-24 23:30:19
3357,22,32.79,246.51,0.94,49.97,0,2026-07-24 23:38:19
3358,1,38.01,285.81,0.92,50.02,0,2026-07-24 23:46:19
3359,2,37.67,283.24,0.91,50.08,0,2026-07-24 23:54:19
3360,5,34.43,258.9,0.91,50.05,0,2026-07-25 00:02:19
3361,21,32.27,242.64,0.94,50.03,0,2026-07-25 00:10:19
3362,23,37.57,282.47,0.91,50.09,0,2026-07-25 00:18:19
3363,22,31.34,235.61,0.93,49.98,0,2026-07-25 00:26:19
3364,8,32.46,244.08,0.93,49.91,0,2026-07-25 00:34:19
3365,1,35.72,268.59,0.93,50.04,0,2026-07-25 00:42:19
3366,13,35.19,264.56,0.94,49.98,0,2026-07-25 00:50:19
3367,8,30.96,232.75,0.91,50.08,0,2026-07-25 00:58:19
3368,18,31.55,237.22,0.93,49.93,0,2026-07-25 01:06:19
3369,27,36.31,273.0,0.91,50.01,0,2026-07-25 01:14:19
3370,21,36.28,272.81,0.94,49.91,0,2026-07-25 01:22:19
3371,8,35.9,269.95,0.91,50.01,0,2026-07-25 01:30:19
3372,30,35.93,270.13,0.91,50.0,0,2026-07-25 01:38:19
3373,11,37.71,283.5,0.94,49.94,0,2026-07-25 01:46:19
3374,4,32.26,242.55,0.94,49.99,0,2026-07-25 01:54:19
3375,26,30.33,228.03,0.91,49.93,0,2026-07-25 02:02:19
3376,26,36.73,276.2,0.94,50.03,0,2026-07-25 02:10:19
3377,18,31.92,240.03,0.92,49.95,0,2026-07-25 02:18:19
3378,20,35.78,268.99,0.92,49.97,0,2026-07-25 02:26:19
3379,2,36.85,277.07,0.94,50.07,0,2026-07-25 02:34:19
3380,28,34.13,256.6,0.95,50.1,0,2026-07-25 02:42:19
3381,20,31.58,237.43,0.92,49.96,0,2026-07-25 02:50:19
3382,4,36.16,271.86,0.94,50.06,0,2026-07-25 02:58:19
3383,2,33.72,253.52,0.94,49.96,0,2026-07-25 03:06:19
3384,24,30.25,227.43,0.94,50.02,0,2026-07-25 03:14:19
3385,21,31.42,236.21,0.92,49.94,0,2026-07-25 03:22:19
3386,25,33.08,248.75,0.93,50.06,0,2026-07-25 03:30:19
3387,24,32.64,245.45,0.93,50.08,0,2026-07-25 03:38:19
3388,29,31.76,238.76,0.91,49.94,0,2026-07-25 03:46:19
3389,12,36.6,275.17,0.91,50.0,0,2026-07-25 03:54:19
3390,9,32.04,240.89,0.91,50.09,0,2026-07-25 04:02:19
3391,17,37.26,280.15,0.93,49.97,0,2026-07-25 04:10:19
3392,14,35.75,268.82,0.92,50.04,0,2026-07-25 04:18:19
3393,9,34.93,262.62,0.93,49.91,0,2026-07-25 04:26:19
3394,8,33.23,249.84,0.92,49.96,0,2026-07-25 04:34:19
3395,15,33.88,254.72,0.92,49.99,0,2026-07-25 04:42:19
3396,28,35.13,264.16,0.91,49.99,0,2026-07-25 04:50:19
3397,30,35.88,269.78,0.92,50.06,0,2026-07-25 04:58:19
3398,20,33.76,253.82,0.93,50.05,0,2026-07-25 05:06:19
3399,15,33.72,253.5,0.94,50.07,0,2026-07-25 05:14:19
3400,1,32.12,241.48,0.93,49.95,0,2026-07-25 05:22:19
3401,6,33.39,251.05,0.91,50.09,0,2026-07-25 05:30:19
3402,7,34.04,255.91,0.94,50.06,0,2026-07-25 05:38:19
3403,19,32.39,243.5,0.92,50.09,0,2026-07-25 05:46:19
3404,10,32.81,246.68,0.94,49.97,0,2026-07-25 05:54:19
3405,2,30.74,231.12,0.94,49.95,0,2026-07-25 06:02:19
3406,18,36.23,272.44,0.91,50.01,0,2026-07-25 06:10:19
3407,15,36.02,270.82,0.93,49.97,0,2026-07-25 06:18:19
3408,9,35.35,265.82,0.92,50.04,0,2026-07-25 06:26:19
3409,7,37.21,279.81,0.91,50.08,0,2026-07-25 06:34:19
3410,22,36.53,274.68,0.92,50.03,0,2026-07-25 06:42:19
3411,7,35.23,264.9,0.93,50.09,0,2026-07-25 06:50:19
3412,2,34.3,257.9,0.91,50.07,0,2026-07-25 06:58:19
3413,22,32.04,240.91,0.93,50.07,0,2026-07-25 07:06:19
3414,27,33.93,255.11,0.94,50.01,0,2026-07-25 07:14:19
3415,1,30.17,226.85,0.94,49.91,0,2026-07-25 07:22:19
3416,14,32.2,242.1,0.92,50.03,0,2026-07-25 07:30:19
3417,10,37.22,279.85,0.94,49.98,0,2026-07-25 07:38:19
3418,18,35.41,266.26,0.93,49.96,0,2026-07-25 07:46:19
3419,27,36.92,277.57,0.91,50.07,0,2026-07-25 07:54:19
3420,22,36.56,274.86,0.93,50.06,0,2026-07-25 08:02:19
3421,28,37.71,283.51,0.91,49.95,0,2026-07-25 08:10:19
3422,21,34.29,257.79,0.92,50.08,0,2026-07-25 08:18:19
3423,20,30.86,232.04,0.92,49.95,0,2026-07-25 08:26:19
3424,12,30.08,226.17,0.95,50.05,0,2026-07-25 08:34:19
3425,29,31.63,237.83,0.93,50.06,0,2026-07-25 08:42:19
3426,14,37.62,282.86,0.92,49.96,0,2026-07-25 08:50:19
3427,11,34.09,256.28,0.92,49.99,0,2026-07-25 08:58:19
3428,20,36.62,275.33,0.94,49.93,0,2026-07-25 09:06:19
3429,20,35.96,270.35,0.91,50.08,0,2026-07-25 09:14:19
3430,16,35.68,268.3,0.92,50.07,0,2026-07-25 09:22:19
3431,13,31.8,239.08,0.92,50.05,0,2026-07-25 09:30:19
3432,6,34.52,259.54,0.92,49.91,0,2026-07-25 09:38:19
3433,26,33.35,250.75,0.93,49.98,0,2026-07-25 09:46:19
3434,12,37.24,279.98,0.92,50.1,0,2026-07-25 09:54:19
3435,22,34.4,258.62,0.92,49.92,0,2026-07-25 10:02:19
3436,30,36.48,274.27,0.92,50.06,0,2026-07-25 10:10:19
3437,1,36.41,273.75,0.94,49.97,0,2026-07-25 10:18:19
3438,12,33.96,255.34,0.94,50.06,0,2026-07-25 10:26:19
3439,9,37.27,280.23,0.93,49.97,0,2026-07-25 10:34:19
3440,28,32.6,245.09,0.92,50.08,0,2026-07-25 10:42:19
3441,30,35.26,265.12,0.93,49.93,0,2026-07-25 10:50:19
3442,6,32.3,242.82,0.93,49.97,0,2026-07-25 10:58:19
3443,3,36.05,271.04,0.91,50.1,0,2026-07-25 11:06:19
3444,20,32.11,241.43,0.94,50.04,0,2026-07-25 11:14:19
3445,21,36.91,277.52,0.93,50.0,0,2026-07-25 11:22:19
3446,28,33.77,253.9,0.92,49.9,0,2026-07-25 11:30:19
3447,6,30.69,230.76,0.92,49.91,0,2026-07-25 11:38:19
3448,30,33.12,249.05,0.94,49.9,0,2026-07-25 11:46:19
3449,28,35.41,266.27,0.91,50.08,0,2026-07-25 11:54:19
3450,28,37.7,283.44,0.91,50.01,0,2026-07-25 12:02:19
3451,2,34.11,256.43,0.92,50.08,0,2026-07-25 12:10:19
3452,15,34.77,261.41,0.94,50.0,0,2026-07-25 12:18:19
3453,10,36.21,272.22,0.93,49.94,0,2026-07-25 12:26:19
3454,2,31.17,234.33,0.93,50.04,0,2026-07-25 12:34:19
3455,26,36.41,273.79,0.91,50.01,0,2026-07-25 12:42:19
3456,12,34.9,262.42,0.91,49.9,0,2026-07-25 12:50:19
3457,10,35.86,269.64,0.92,50.07,0,2026-07-25 12:58:19
3458,27,30.65,230.47,0.94,50.04,0,2026-07-25 13:06:19
3459,24,36.03,270.91,0.93,49.95,0,2026-07-25 13:14:19
3460,29,35.6,267.66,0.91,50.09,0,2026-07-25 13:22:19
3461,12,34.72,261.07,0.94,50.0,0,2026-07-25 13:30:19
3462,10,31.47,236.6,0.94,49.95,0,2026-07-25 13:38:19
3463,12,32.04,240.93,0.92,49.97,0,2026-07-25 13:46:19
3464,23,34.9,262.38,0.92,50.06,0,2026-07-25 13:54:19
3465,1,64.65,486.09,0.89,49.96,1,2026-07-25 14:02:19
3466,2,67.64,508.54,0.89,50.06,1,2026-07-25 14:10:19
3467,27,64.72,486.59,0.88,50.07,1,2026-07-25 14:18:19
3468,21,68.14,512.35,0.89,49.93,1,2026-07-25 14:26:19
3469,2,64.81,487.28,0.88,50.05,1,2026-07-25 14:34:19
3470,18,66.81,502.3,0.89,50.01,1,2026-07-25 14:42:19
3471,21,69.63,523.51,0.88,50.02,1,2026-07-25 14:50:19
3472,30,68.88,517.91,0.89,50.09,1,2026-07-25 14:58:19
3473,16,69.11,519.66,0.89,49.99,1,2026-07-25 15:06:19
3474,7,64.74,486.8,0.89,49.96,1,2026-07-25 15:14:19
3475,7,69.08,519.38,0.88,49.95,1,2026-07-25 15:22:19
3476,21,66.73,501.7,0.89,50.0,1,2026-07-25 15:30:19
3477,26,67.56,507.99,0.91,49.98,1,2026-07-25 15:38:19
3478,13,71.2,535.31,0.88,49.94,1,2026-07-25 15:46:19
3479,23,64.4,484.18,0.9,50.08,1,2026-07-25 15:54:19
3480,4,64.34,483.79,0.91,49.97,1,2026-07-25 16:02:19
3481,25,71.85,540.25,0.87,49.97,1,2026-07-25 16:10:19
3482,22,68.84,517.6,0.88,50.08,1,2026-07-25 16:18:19
3483,25,66.45,499.62,0.88,49.92,1,2026-07-25 16:26:19
3484,20,65.3,490.97,0.89,49.93,1,2026-07-25 16:34:19
3485,13,67.13,504.7,0.88,50.0,1,2026-07-25 16:42:19
3486,19,68.93,518.24,0.89,49.98,1,2026-07-25 16:50:19
3487,22,64.34,483.75,0.89,49.95,1,2026-07-25 16:58:19
3488,9,72.0,541.38,0.87,49.99,1,2026-07-25 17:06:19
3489,7,64.59,485.67,0.88,50.05,1,2026-07-25 17:14:19
3490,23,64.88,487.85,0.9,49.92,1,2026-07-25 17:22:19
3491,20,69.91,525.62,0.91,49.93,1,2026-07-25 17:30:19
3492,12,71.83,540.06,0.88,49.93,1,2026-07-25 17:38:19
3493,11,67.55,507.87,0.9,50.09,1,2026-07-25 17:46:19
3494,24,64.9,488.0,0.88,49.95,1,2026-07-25 17:54:19
3495,25,68.23,513.03,0.91,49.95,1,2026-07-25 18:02:19
3496,20,68.63,516.0,0.89,49.92,1,2026-07-25 18:10:19
3497,11,64.57,485.5,0.91,50.02,1,2026-07-25 18:18:19
3498,28,66.99,503.7,0.87,50.03,1,2026-07-25 18:26:19
3499,3,66.52,500.18,0.9,49.96,1,2026-07-25 18:34:19
3500,1,66.41,499.36,0.88,49.94,1,2026-07-25 18:42:19
3501,15,64.63,485.96,0.88,50.07,1,2026-07-25 18:50:19
3502,7,64.78,487.06,0.9,49.99,1,2026-07-25 18:58:19
3503,25,71.94,540.9,0.9,49.99,1,2026-07-25 19:06:19
3504,3,69.38,521.64,0.88,49.93,1,2026-07-25 19:14:19
3505,11,65.72,494.17,0.91,49.94,1,2026-07-25 19:22:19
3506,23,70.25,528.23,0.88,49.9,1,2026-07-25 19:30:19
3507,1,64.11,482.05,0.91,49.91,1,2026-07-25 19:38:19
3508,2,70.8,532.3,0.88,49.95,1,2026-07-25 19:46:19
3509,28,71.75,539.45,0.9,50.05,1,2026-07-25 19:54:19
3510,17,69.5,522.57,0.91,50.07,1,2026-07-25 20:02:19
3511,12,64.33,483.7,0.91,50.0,1,2026-07-25 20:10:19
3512,19,68.61,515.83,0.89,50.01,1,2026-07-25 20:18:19
3513,19,70.31,528.67,0.88,50.01,1,2026-07-25 20:26:19
3514,11,70.49,530.01,0.9,49.96,1,2026-07-25 20:34:19
3515,26,67.4,506.76,0.89,50.09,1,2026-07-25 20:42:19
3516,26,65.49,492.38,0.89,49.93,1,2026-07-25 20:50:19
3517,16,69.05,519.15,0.87,49.91,1,2026-07-25 20:58:19
3518,24,64.74,486.8,0.9,50.01,1,2026-07-25 21:06:19
3519,10,66.44,499.52,0.91,50.05,1,2026-07-25 21:14:19
3520,30,70.58,530.66,0.89,50.08,1,2026-07-25 21:22:19
3521,3,68.66,516.24,0.9,50.1,1,2026-07-25 21:30:19
3522,14,65.17,489.98,0.88,49.96,1,2026-07-25 21:38:19
3523,11,67.92,510.64,0.89,50.1,1,2026-07-25 21:46:19
3524,28,68.78,517.13,0.9,50.02,1,2026-07-25 21:54:19
3525,4,31.0,233.11,0.92,49.96,0,2026-07-25 22:02:19
3526,13,32.16,241.77,0.93,49.94,0,2026-07-25 22:10:19
3527,9,31.15,234.21,0.93,50.1,0,2026-07-25 22:18:19
3528,21,33.64,252.91,0.91,49.98,0,2026-07-25 22:26:19
3529,25,30.7,230.8,0.91,50.09,0,2026-07-25 22:34:19
3530,17,37.26,280.17,0.93,49.98,0,2026-07-25 22:42:19
3531,26,30.5,229.34,0.95,50.1,0,2026-07-25 22:50:19
3532,1,32.95,247.76,0.93,49.9,0,2026-07-25 22:58:19
3533,22,32.97,247.92,0.91,49.94,0,2026-07-25 23:06:19
3534,14,35.57,267.48,0.93,50.05,0,2026-07-25 23:14:19
3535,17,33.42,251.25,0.91,49.96,0,2026-07-25 23:22:19
3536,22,36.9,277.46,0.93,49.99,0,2026-07-25 23:30:19
3537,22,36.02,270.83,0.92,49.98,0,2026-07-25 23:38:19
3538,6,31.72,238.49,0.92,49.92,0,2026-07-25 23:46:19
3539,15,30.48,229.18,0.95,49.92,0,2026-07-25 23:54:19
3540,22,32.57,244.91,0.93,49.99,0,2026-07-26 00:02:19
3541,25,34.31,258.0,0.92,50.05,0,2026-07-26 00:10:19
3542,15,31.67,238.12,0.93,49.97,0,2026-07-26 00:18:19
3543,18,37.44,281.48,0.94,49.99,0,2026-07-26 00:26:19
3544,23,37.32,280.62,0.91,49.94,0,2026-07-26 00:34:19
3545,22,34.21,257.25,0.94,50.0,0,2026-07-26 00:42:19
3546,7,37.81,284.26,0.9,49.99,0,2026-07-26 00:50:19
3547,7,30.86,232.01,0.95,50.06,0,2026-07-26 00:58:19
3548,24,34.47,259.18,0.92,50.06,0,2026-07-26 01:06:19
3549,13,31.09,233.79,0.91,50.03,0,2026-07-26 01:14:19
3550,15,34.33,258.14,0.94,50.09,0,2026-07-26 01:22:19
3551,3,36.44,273.99,0.94,50.05,0,2026-07-26 01:30:19
3552,23,32.11,241.44,0.94,50.07,0,2026-07-26 01:38:19
3553,10,35.71,268.49,0.91,50.04,0,2026-07-26 01:46:19
3554,12,33.71,253.46,0.92,49.98,0,2026-07-26 01:54:19
3555,21,34.87,262.17,0.92,50.0,0,2026-07-26 02:02:19
3556,1,33.98,255.48,0.91,50.02,0,2026-07-26 02:10:19
3557,14,35.41,266.25,0.93,50.06,0,2026-07-26 02:18:19
3558,2,36.75,276.35,0.94,50.06,0,2026-07-26 02:26:19
3559,13,34.09,256.29,0.94,49.9,0,2026-07-26 02:34:19
3560,17,32.85,246.97,0.94,49.93,0,2026-07-26 02:42:19
3561,26,31.74,238.64,0.93,50.02,0,2026-07-26 02:50:19
3562,29,34.67,260.69,0.92,50.09,0,2026-07-26 02:58:19
3563,9,34.32,258.02,0.91,49.98,0,2026-07-26 03:06:19
3564,30,37.27,280.26,0.93,50.08,0,2026-07-26 03:14:19
3565,11,32.66,245.58,0.91,49.94,0,2026-07-26 03:22:19
3566,16,36.01,270.74,0.94,49.99,0,2026-07-26 03:30:19
3567,9,32.31,242.94,0.94,50.03,0,2026-07-26 03:38:19
3568,1,32.45,243.95,0.92,49.95,0,2026-07-26 03:46:19
3569,8,33.88,254.72,0.93,50.02,0,2026-07-26 03:54:19
3570,14,34.92,262.54,0.92,49.92,0,2026-07-26 04:02:19
3571,1,33.17,249.37,0.92,50.03,0,2026-07-26 04:10:19
3572,29,37.06,278.68,0.94,50.03,0,2026-07-26 04:18:19
3573,26,34.66,260.63,0.94,49.99,0,2026-07-26 04:26:19
3574,16,37.2,279.72,0.9,50.0,0,2026-07-26 04:34:19
3575,4,31.35,235.73,0.93,49.95,0,2026-07-26 04:42:19
3576,16,36.52,274.59,0.93,50.07,0,2026-07-26 04:50:19
3577,22,34.68,260.73,0.92,49.92,0,2026-07-26 04:58:19
3578,26,35.53,267.16,0.9,49.96,0,2026-07-26 05:06:19
3579,1,34.45,259.0,0.91,49.9,0,2026-07-26 05:14:19
3580,9,36.1,271.44,0.93,50.09,0,2026-07-26 05:22:19
3581,15,33.82,254.27,0.91,50.06,0,2026-07-26 05:30:19
3582,18,30.21,227.12,0.94,49.94,0,2026-07-26 05:38:19
3583,30,34.02,255.79,0.93,49.94,0,2026-07-26 05:46:19
3584,30,36.35,273.31,0.94,50.04,0,2026-07-26 05:54:19
3585,16,37.23,279.92,0.93,49.94,0,2026-07-26 06:02:19
3586,19,31.85,239.44,0.91,50.0,0,2026-07-26 06:10:19
3587,30,35.94,270.22,0.93,49.97,0,2026-07-26 06:18:19
3588,26,35.13,264.1,0.92,49.94,0,2026-07-26 06:26:19
3589,17,37.99,285.64,0.92,49.92,0,2026-07-26 06:34:19
3590,24,34.92,262.59,0.92,49.93,0,2026-07-26 06:42:19
3591,26,37.92,285.1,0.91,50.03,0,2026-07-26 06:50:19
3592,18,36.67,275.68,0.93,50.03,0,2026-07-26 06:58:19
3593,8,30.99,233.02,0.94,50.05,0,2026-07-26 07:06:19
3594,7,34.41,258.72,0.93,49.92,0,2026-07-26 07:14:19
3595,3,37.95,285.32,0.92,49.97,0,2026-07-26 07:22:19
3596,21,30.63,230.32,0.91,50.03,0,2026-07-26 07:30:19
3597,17,37.67,283.24,0.93,50.09,0,2026-07-26 07:38:19
3598,11,30.07,226.06,0.92,50.05,0,2026-07-26 07:46:19
3599,2,32.35,243.24,0.94,50.06,0,2026-07-26 07:54:19
3600,21,31.56,237.3,0.92,50.01,0,2026-07-26 08:02:19
3601,8,37.37,280.97,0.94,49.92,0,2026-07-26 08:10:19
3602,27,34.27,257.69,0.92,49.92,0,2026-07-26 08:18:19
3603,21,35.45,266.52,0.94,50.07,0,2026-07-26 08:26:19
3604,23,33.76,253.84,0.91,50.0,0,2026-07-26 08:34:19
3605,25,33.89,254.82,0.92,49.96,0,2026-07-26 08:42:19
3606,4,30.49,229.27,0.94,50.03,0,2026-07-26 08:50:19
3607,21,34.58,260.01,0.93,50.03,0,2026-07-26 08:58:19
3608,28,33.8,254.15,0.94,50.04,0,2026-07-26 09:06:19
3609,28,34.74,261.17,0.93,49.91,0,2026-07-26 09:14:19
3610,10,35.15,264.25,0.91,49.95,0,2026-07-26 09:22:19
3611,11,35.45,266.55,0.94,50.07,0,2026-07-26 09:30:19
3612,19,35.34,265.73,0.92,49.97,0,2026-07-26 09:38:19
3613,29,34.26,257.59,0.92,50.09,0,2026-07-26 09:46:19
3614,18,36.32,273.07,0.91,50.1,0,2026-07-26 09:54:19
3615,5,34.69,260.84,0.91,50.07,0,2026-07-26 10:02:19
3616,22,34.42,258.82,0.92,50.07,0,2026-07-26 10:10:19
3617,28,33.75,253.73,0.93,50.08,0,2026-07-26 10:18:19
3618,16,37.05,278.59,0.94,49.91,0,2026-07-26 10:26:19
3619,15,32.71,245.95,0.93,50.08,0,2026-07-26 10:34:19
3620,4,31.95,240.24,0.94,49.94,0,2026-07-26 10:42:19
3621,5,30.15,226.69,0.92,50.05,0,2026-07-26 10:50:19
3622,28,32.17,241.87,0.92,49.97,0,2026-07-26 10:58:19
3623,29,33.39,251.08,0.93,50.03,0,2026-07-26 11:06:19
3624,16,32.48,244.19,0.92,50.0,0,2026-07-26 11:14:19
3625,4,37.75,283.87,0.92,49.92,0,2026-07-26 11:22:19
3626,27,33.52,252.04,0.95,49.95,0,2026-07-26 11:30:19
3627,7,32.31,242.92,0.91,49.97,0,2026-07-26 11:38:19
3628,23,30.16,226.75,0.94,50.02,0,2026-07-26 11:46:19
3629,15,35.4,266.18,0.93,49.96,0,2026-07-26 11:54:19
3630,14,30.71,230.91,0.94,50.1,0,2026-07-26 12:02:19
3631,28,31.17,234.37,0.92,49.96,0,2026-07-26 12:10:19
3632,3,36.0,270.71,0.9,49.97,0,2026-07-26 12:18:19
3633,5,33.8,254.17,0.94,50.0,0,2026-07-26 12:26:19
3634,28,36.73,276.14,0.93,49.95,0,2026-07-26 12:34:19
3635,23,33.34,250.64,0.94,50.02,0,2026-07-26 12:42:19
3636,21,32.93,247.61,0.94,49.94,0,2026-07-26 12:50:19
3637,3,36.87,277.22,0.92,49.91,0,2026-07-26 12:58:19
3638,19,31.84,239.42,0.94,50.02,0,2026-07-26 13:06:19
3639,21,33.25,250.02,0.94,49.93,0,2026-07-26 13:14:19
3640,8,34.84,261.97,0.93,49.91,0,2026-07-26 13:22:19
3641,10,35.84,269.49,0.94,50.02,0,2026-07-26 13:30:19
3642,15,37.63,282.94,0.93,49.93,0,2026-07-26 13:38:19
3643,14,32.48,244.19,0.92,50.08,0,2026-07-26 13:46:19
3644,26,30.95,232.68,0.94,50.01,0,2026-07-26 13:54:19
3645,9,66.55,500.36,0.89,50.05,1,2026-07-26 14:02:19
3646,8,67.41,506.83,0.88,50.09,1,2026-07-26 14:10:19
3647,16,66.76,501.94,0.88,50.08,1,2026-07-26 14:18:19
3648,20,64.18,482.57,0.88,49.94,1,2026-07-26 14:26:19
3649,6,68.47,514.78,0.9,49.9,1,2026-07-26 14:34:19
3650,11,69.32,521.18,0.91,49.98,1,2026-07-26 14:42:19
3651,7,67.84,510.05,0.88,50.08,1,2026-07-26 14:50:19
3652,30,69.63,523.55,0.89,49.91,1,2026-07-26 14:58:19
3653,1,64.27,483.26,0.91,50.06,1,2026-07-26 15:06:19
3654,20,69.4,521.8,0.88,49.92,1,2026-07-26 15:14:19
3655,9,70.23,528.01,0.88,50.1,1,2026-07-26 15:22:19
3656,16,64.31,483.5,0.88,50.0,1,2026-07-26 15:30:19
3657,8,69.99,526.26,0.88,49.92,1,2026-07-26 15:38:19
3658,9,72.07,541.89,0.88,50.02,1,2026-07-26 15:46:19
3659,2,68.74,516.85,0.88,49.99,1,2026-07-26 15:54:19
3660,4,67.78,509.64,0.9,50.05,1,2026-07-26 16:02:19
3661,12,70.51,530.12,0.9,49.91,1,2026-07-26 16:10:19
3662,13,67.85,510.18,0.91,50.01,1,2026-07-26 16:18:19
3663,18,71.01,533.89,0.9,50.07,1,2026-07-26 16:26:19
3664,3,71.0,533.81,0.89,50.02,1,2026-07-26 16:34:19
3665,22,71.36,536.55,0.88,50.09,1,2026-07-26 16:42:19
3666,5,64.23,482.91,0.91,50.06,1,2026-07-26 16:50:19
3667,6,69.8,524.8,0.87,50.1,1,2026-07-26 16:58:19
3668,14,71.68,538.92,0.88,49.97,1,2026-07-26 17:06:19
3669,1,65.36,491.41,0.89,49.92,1,2026-07-26 17:14:19
3670,22,71.37,536.63,0.9,49.97,1,2026-07-26 17:22:19
3671,11,67.35,506.39,0.88,49.98,1,2026-07-26 17:30:19
3672,22,68.17,512.56,0.87,49.93,1,2026-07-26 17:38:19
3673,20,67.51,507.59,0.88,49.92,1,2026-07-26 17:46:19
3674,23,66.35,498.88,0.9,50.05,1,2026-07-26 17:54:19
3675,18,66.74,501.81,0.87,49.91,1,2026-07-26 18:02:19
3676,1,70.76,532.01,0.88,50.09,1,2026-07-26 18:10:19
3677,24,65.29,490.93,0.89,50.08,1,2026-07-26 18:18:19
3678,3,70.66,531.28,0.87,50.04,1,2026-07-26 18:26:19
3679,19,69.52,522.69,0.9,49.91,1,2026-07-26 18:34:19
3680,17,70.27,528.36,0.88,50.01,1,2026-07-26 18:42:19
3681,12,66.77,502.02,0.88,49.94,1,2026-07-26 18:50:19
3682,16,69.36,521.52,0.89,49.9,1,2026-07-26 18:58:19
3683,8,65.04,489.04,0.88,49.95,1,2026-07-26 19:06:19
3684,22,67.57,508.08,0.88,49.99,1,2026-07-26 19:14:19
3685,4,65.62,493.37,0.89,50.09,1,2026-07-26 19:22:19
3686,9,66.09,496.92,0.9,49.99,1,2026-07-26 19:30:19
3687,19,67.57,508.08,0.89,49.92,1,2026-07-26 19:38:19
3688,23,69.67,523.86,0.91,50.09,1,2026-07-26 19:46:19
3689,23,70.27,528.31,0.9,50.05,1,2026-07-26 19:54:19
3690,5,69.22,520.44,0.87,49.92,1,2026-07-26 20:02:19
3691,2,71.66,538.8,0.9,49.9,1,2026-07-26 20:10:19
3692,28,69.22,520.45,0.87,50.07,1,2026-07-26 20:18:19
3693,14,64.32,483.58,0.91,49.9,1,2026-07-26 20:26:19
3694,22,67.22,505.41,0.91,49.93,1,2026-07-26 20:34:19
3695,27,64.17,482.48,0.9,49.9,1,2026-07-26 20:42:19
3696,23,64.93,488.18,0.91,50.1,1,2026-07-26 20:50:19
3697,29,69.16,519.97,0.9,50.02,1,2026-07-26 20:58:19
3698,13,68.8,517.28,0.91,50.03,1,2026-07-26 21:06:19
3699,11,66.14,497.33,0.89,49.96,1,2026-07-26 21:14:19
3700,24,64.46,484.68,0.89,50.02,1,2026-07-26 21:22:19
3701,2,65.7,493.97,0.88,50.02,1,2026-07-26 21:30:19
3702,6,68.8,517.33,0.89,50.05,1,2026-07-26 21:38:19
3703,5,64.45,484.59,0.89,50.04,1,2026-07-26 21:46:19
3704,20,70.8,532.36,0.87,50.02,1,2026-07-26 21:54:19
3705,19,34.24,257.45,0.92,50.03,0,2026-07-26 22:02:19
3706,20,33.13,249.09,0.91,50.06,0,2026-07-26 22:10:19
3707,4,37.55,282.32,0.91,49.98,0,2026-07-26 22:18:19
3708,21,36.55,274.78,0.91,49.95,0,2026-07-26 22:26:19
3709,24,35.79,269.08,0.91,50.02,0,2026-07-26 22:34:19
3710,21,33.09,248.8,0.92,50.09,0,2026-07-26 22:42:19
3711,30,37.85,284.58,0.94,50.02,0,2026-07-26 22:50:19
3712,29,30.91,232.44,0.93,50.0,0,2026-07-26 22:58:19
3713,6,34.54,259.68,0.91,50.1,0,2026-07-26 23:06:19
3714,27,37.53,282.16,0.94,50.03,0,2026-07-26 23:14:19
3715,26,30.98,232.93,0.92,50.1,0,2026-07-26 23:22:19
3716,10,37.67,283.23,0.93,49.93,0,2026-07-26 23:30:19
3717,12,32.85,247.03,0.91,49.94,0,2026-07-26 23:38:19
3718,10,34.76,261.35,0.91,50.08,0,2026-07-26 23:46:19
3719,19,37.95,285.37,0.92,50.08,0,2026-07-26 23:54:19
3720,24,35.49,266.82,0.92,50.02,0,2026-07-27 00:02:19
3721,8,35.41,266.25,0.91,50.02,0,2026-07-27 00:10:19
3722,8,32.09,241.27,0.93,49.95,0,2026-07-27 00:18:19
3723,13,36.28,272.8,0.93,50.01,0,2026-07-27 00:26:19
3724,20,32.39,243.57,0.93,50.09,0,2026-07-27 00:34:19
3725,3,35.96,270.34,0.91,50.01,0,2026-07-27 00:42:19
3726,25,37.81,284.26,0.92,50.09,0,2026-07-27 00:50:19
3727,12,32.83,246.85,0.93,49.91,0,2026-07-27 00:58:19
3728,6,34.07,256.15,0.92,50.08,0,2026-07-27 01:06:19
3729,21,30.69,230.73,0.93,50.07,0,2026-07-27 01:14:19
3730,4,33.13,249.09,0.93,49.91,0,2026-07-27 01:22:19
3731,13,37.23,279.89,0.93,49.98,0,2026-07-27 01:30:19
3732,26,35.44,266.47,0.94,50.05,0,2026-07-27 01:38:19
3733,26,32.62,245.24,0.94,49.96,0,2026-07-27 01:46:19
3734,27,30.1,226.32,0.92,49.9,0,2026-07-27 01:54:19
3735,29,35.03,263.37,0.93,50.1,0,2026-07-27 02:02:19
3736,27,35.9,269.94,0.93,50.04,0,2026-07-27 02:10:19
3737,4,35.09,263.87,0.91,49.93,0,2026-07-27 02:18:19
3738,27,31.1,233.86,0.93,49.99,0,2026-07-27 02:26:19
3739,18,33.81,254.18,0.93,49.94,0,2026-07-27 02:34:19
3740,5,33.55,252.22,0.93,49.96,0,2026-07-27 02:42:19
3741,2,36.43,273.93,0.91,50.08,0,2026-07-27 02:50:19
3742,14,35.29,265.32,0.93,50.02,0,2026-07-27 02:58:19
3743,5,34.4,258.67,0.94,50.09,0,2026-07-27 03:06:19
3744,9,33.6,252.66,0.92,49.91,0,2026-07-27 03:14:19
3745,23,32.0,240.58,0.94,50.05,0,2026-07-27 03:22:19
3746,12,32.93,247.6,0.91,49.92,0,2026-07-27 03:30:19
3747,18,34.13,256.62,0.94,50.04,0,2026-07-27 03:38:19
3748,4,35.28,265.26,0.91,49.95,0,2026-07-27 03:46:19
3749,1,37.74,283.77,0.94,50.08,0,2026-07-27 03:54:19
3750,12,34.02,255.82,0.93,50.1,0,2026-07-27 04:02:19
3751,25,36.71,275.99,0.9,50.01,0,2026-07-27 04:10:19
3752,15,35.3,265.45,0.94,50.05,0,2026-07-27 04:18:19
3753,17,37.62,282.82,0.94,49.93,0,2026-07-27 04:26:19
3754,26,34.02,255.78,0.92,50.03,0,2026-07-27 04:34:19
3755,8,34.17,256.94,0.92,49.9,0,2026-07-27 04:42:19
3756,5,37.09,278.9,0.91,49.97,0,2026-07-27 04:50:19
3757,7,30.51,229.41,0.91,50.02,0,2026-07-27 04:58:19
3758,30,31.82,239.22,0.93,49.98,0,2026-07-27 05:06:19
3759,15,32.93,247.63,0.92,50.07,0,2026-07-27 05:14:19
3760,21,33.54,252.18,0.92,50.08,0,2026-07-27 05:22:19
3761,19,35.65,268.04,0.93,49.99,0,2026-07-27 05:30:19
3762,24,35.33,265.61,0.92,49.99,0,2026-07-27 05:38:19
3763,30,35.96,270.39,0.93,49.93,0,2026-07-27 05:46:19
3764,20,37.09,278.9,0.94,50.03,0,2026-07-27 05:54:19
3765,26,34.73,261.16,0.92,50.05,0,2026-07-27 06:02:19
3766,12,35.17,264.41,0.91,49.98,0,2026-07-27 06:10:19
3767,11,36.52,274.58,0.93,50.05,0,2026-07-27 06:18:19
3768,7,32.05,240.96,0.94,50.08,0,2026-07-27 06:26:19
3769,15,33.29,250.31,0.95,49.96,0,2026-07-27 06:34:19
3770,11,32.2,242.12,0.93,50.03,0,2026-07-27 06:42:19
3771,30,36.35,273.33,0.91,49.98,0,2026-07-27 06:50:19
3772,5,30.06,226.04,0.91,50.1,0,2026-07-27 06:58:19
3773,11,33.36,250.82,0.93,50.01,0,2026-07-27 07:06:19
3774,23,37.15,279.3,0.92,50.1,0,2026-07-27 07:14:19
3775,13,36.68,275.81,0.94,49.92,0,2026-07-27 07:22:19
3776,11,32.77,246.36,0.93,50.05,0,2026-07-27 07:30:19
3777,16,37.8,284.23,0.91,50.02,0,2026-07-27 07:38:19
3778,27,33.85,254.54,0.93,50.05,0,2026-07-27 07:46:19
3779,27,35.05,263.52,0.92,49.91,0,2026-07-27 07:54:19
3780,25,36.2,272.21,0.91,49.94,0,2026-07-27 08:02:19
3781,28,37.27,280.24,0.91,50.05,0,2026-07-27 08:10:19
3782,12,33.03,248.36,0.94,50.08,0,2026-07-27 08:18:19
3783,5,34.89,262.36,0.94,49.98,0,2026-07-27 08:26:19
3784,21,34.28,257.78,0.92,50.01,0,2026-07-27 08:34:19
3785,19,37.6,282.73,0.91,49.97,0,2026-07-27 08:42:19
3786,13,32.5,244.34,0.92,50.03,0,2026-07-27 08:50:19
3787,7,31.98,240.45,0.92,50.08,0,2026-07-27 08:58:19
3788,18,30.19,226.97,0.93,50.06,0,2026-07-27 09:06:19
3789,21,36.82,276.82,0.93,50.08,0,2026-07-27 09:14:19
3790,5,33.94,255.17,0.91,49.94,0,2026-07-27 09:22:19
3791,7,33.59,252.56,0.91,49.94,0,2026-07-27 09:30:19
3792,12,31.14,234.12,0.95,50.01,0,2026-07-27 09:38:19
3793,9,34.69,260.81,0.91,49.98,0,2026-07-27 09:46:19
3794,4,37.15,279.29,0.93,50.07,0,2026-07-27 09:54:19
3795,7,35.95,270.31,0.91,50.07,0,2026-07-27 10:02:19
3796,4,37.96,285.4,0.91,50.07,0,2026-07-27 10:10:19
3797,27,36.35,273.3,0.91,50.08,0,2026-07-27 10:18:19
3798,25,30.2,227.09,0.92,49.91,0,2026-07-27 10:26:19
3799,4,37.67,283.21,0.91,50.09,0,2026-07-27 10:34:19
3800,15,32.38,243.46,0.94,50.05,0,2026-07-27 10:42:19
3801,24,35.96,270.35,0.93,50.06,0,2026-07-27 10:50:19
3802,9,34.3,257.93,0.92,50.01,0,2026-07-27 10:58:19
3803,24,36.55,274.84,0.91,50.01,0,2026-07-27 11:06:19
3804,10,34.33,258.14,0.91,50.06,0,2026-07-27 11:14:19
3805,13,37.73,283.67,0.93,50.05,0,2026-07-27 11:22:19
3806,29,35.95,270.27,0.94,50.03,0,2026-07-27 11:30:19
3807,22,31.99,240.53,0.94,50.06,0,2026-07-27 11:38:19
3808,10,35.96,270.41,0.91,49.91,0,2026-07-27 11:46:19
3809,20,35.79,269.11,0.93,49.97,0,2026-07-27 11:54:19
3810,25,31.63,237.83,0.94,50.08,0,2026-07-27 12:02:19
3811,28,30.73,231.08,0.94,50.02,0,2026-07-27 12:10:19
3812,30,31.88,239.72,0.93,50.02,0,2026-07-27 12:18:19
3813,7,36.46,274.11,0.93,50.09,0,2026-07-27 12:26:19
3814,17,31.53,237.08,0.94,50.07,0,2026-07-27 12:34:19
3815,25,36.71,275.98,0.92,49.93,0,2026-07-27 12:42:19
3816,3,37.52,282.11,0.9,50.08,0,2026-07-27 12:50:19
3817,14,35.83,269.39,0.94,49.94,0,2026-07-27 12:58:19
3818,30,35.42,266.35,0.92,49.94,0,2026-07-27 13:06:19
3819,18,36.07,271.24,0.93,49.94,0,2026-07-27 13:14:19
3820,8,33.85,254.53,0.94,50.05,0,2026-07-27 13:22:19
3821,27,30.21,227.12,0.93,50.09,0,2026-07-27 13:30:19
3822,17,32.15,241.75,0.92,49.98,0,2026-07-27 13:38:19
3823,30,34.0,255.61,0.92,50.05,0,2026-07-27 13:46:19
3824,10,36.19,272.12,0.9,50.0,0,2026-07-27 13:54:19
3825,28,69.02,518.97,0.88,50.06,1,2026-07-27 14:02:19
3826,3,70.19,527.71,0.87,50.01,1,2026-07-27 14:10:19
3827,21,67.95,510.87,0.91,49.98,1,2026-07-27 14:18:19
3828,20,71.14,534.89,0.87,50.03,1,2026-07-27 14:26:19
3829,27,66.72,501.64,0.9,49.95,1,2026-07-27 14:34:19
3830,10,70.92,533.21,0.88,49.99,1,2026-07-27 14:42:19
3831,21,65.16,489.92,0.89,50.02,1,2026-07-27 14:50:19
3832,30,70.09,527.0,0.87,49.91,1,2026-07-27 14:58:19
3833,2,69.94,525.89,0.9,50.07,1,2026-07-27 15:06:19
3834,17,65.26,490.67,0.88,50.08,1,2026-07-27 15:14:19
3835,20,71.62,538.47,0.87,49.92,1,2026-07-27 15:22:19
3836,13,71.4,536.87,0.89,49.99,1,2026-07-27 15:30:19
3837,22,71.97,541.15,0.9,50.02,1,2026-07-27 15:38:19
3838,30,68.61,515.87,0.89,50.0,1,2026-07-27 15:46:19
3839,12,69.85,525.18,0.91,49.91,1,2026-07-27 15:54:19
3840,14,69.1,519.53,0.88,50.02,1,2026-07-27 16:02:19
3841,5,64.11,482.05,0.88,49.95,1,2026-07-27 16:10:19
3842,11,71.98,541.24,0.91,50.01,1,2026-07-27 16:18:19
3843,12,70.34,528.85,0.88,49.99,1,2026-07-27 16:26:19
3844,8,70.63,531.06,0.89,50.03,1,2026-07-27 16:34:19
3845,22,70.99,533.75,0.89,49.98,1,2026-07-27 16:42:19
3846,10,64.98,488.55,0.88,50.07,1,2026-07-27 16:50:19
3847,13,70.71,531.69,0.9,50.03,1,2026-07-27 16:58:19
3848,9,71.06,534.32,0.9,50.1,1,2026-07-27 17:06:19
3849,16,64.78,487.1,0.91,49.96,1,2026-07-27 17:14:19
3850,20,67.44,507.05,0.88,50.06,1,2026-07-27 17:22:19
3851,6,72.02,541.52,0.89,50.03,1,2026-07-27 17:30:19
3852,29,64.63,485.91,0.91,50.08,1,2026-07-27 17:38:19
3853,4,69.8,524.78,0.9,49.95,1,2026-07-27 17:46:19
3854,8,69.98,526.18,0.9,49.92,1,2026-07-27 17:54:19
3855,7,69.28,520.89,0.88,49.98,1,2026-07-27 18:02:19
3856,6,67.79,509.7,0.89,49.99,1,2026-07-27 18:10:19
3857,18,70.63,531.03,0.89,49.97,1,2026-07-27 18:18:19
3858,28,66.49,499.95,0.9,50.07,1,2026-07-27 18:26:19
3859,6,67.11,504.56,0.89,50.06,1,2026-07-27 18:34:19
3860,16,67.39,506.68,0.9,49.9,1,2026-07-27 18:42:19
3861,30,67.02,503.92,0.9,49.98,1,2026-07-27 18:50:19
3862,11,65.33,491.23,0.88,49.94,1,2026-07-27 18:58:19
3863,9,67.58,508.09,0.9,50.08,1,2026-07-27 19:06:19
3864,3,65.68,493.83,0.87,50.04,1,2026-07-27 19:14:19
3865,12,64.6,485.74,0.88,50.09,1,2026-07-27 19:22:19
3866,12,69.7,524.05,0.89,49.95,1,2026-07-27 19:30:19
3867,5,71.45,537.2,0.87,50.0,1,2026-07-27 19:38:19
3868,17,71.64,538.65,0.87,50.0,1,2026-07-27 19:46:19
3869,22,67.07,504.25,0.91,50.1,1,2026-07-27 19:54:19
3870,27,68.07,511.82,0.91,50.05,1,2026-07-27 20:02:19
3871,10,66.15,497.37,0.89,49.98,1,2026-07-27 20:10:19
3872,17,67.51,507.63,0.88,50.01,1,2026-07-27 20:18:19
3873,23,68.95,518.42,0.89,49.99,1,2026-07-27 20:26:19
3874,3,68.33,513.78,0.88,49.95,1,2026-07-27 20:34:19
3875,4,64.98,488.6,0.88,50.04,1,2026-07-27 20:42:19
3876,10,71.85,540.23,0.9,50.08,1,2026-07-27 20:50:19
3877,5,64.5,484.98,0.88,49.93,1,2026-07-27 20:58:19
3878,26,71.16,535.02,0.88,50.07,1,2026-07-27 21:06:19
3879,20,70.43,529.55,0.87,50.03,1,2026-07-27 21:14:19
3880,29,67.76,509.49,0.89,50.06,1,2026-07-27 21:22:19
3881,22,64.45,484.56,0.91,49.9,1,2026-07-27 21:30:19
3882,30,65.36,491.43,0.9,50.08,1,2026-07-27 21:38:19
3883,5,68.89,517.95,0.88,50.01,1,2026-07-27 21:46:19
3884,28,69.51,522.64,0.88,49.96,1,2026-07-27 21:54:19
3885,16,37.26,280.12,0.93,50.09,0,2026-07-27 22:02:19
3886,22,32.72,246.03,0.92,50.08,0,2026-07-27 22:10:19
3887,22,31.58,237.48,0.94,49.99,0,2026-07-27 22:18:19
3888,24,35.38,265.98,0.91,49.96,0,2026-07-27 22:26:19
3889,12,36.95,277.82,0.93,49.97,0,2026-07-27 22:34:19
3890,6,30.64,230.39,0.95,50.01,0,2026-07-27 22:42:19
3891,13,36.66,275.67,0.92,49.9,0,2026-07-27 22:50:19
3892,15,36.95,277.82,0.93,49.97,0,2026-07-27 22:58:19
3893,21,35.75,268.78,0.93,49.91,0,2026-07-27 23:06:19
3894,5,33.33,250.59,0.95,49.98,0,2026-07-27 23:14:19
3895,30,30.07,226.09,0.94,49.94,0,2026-07-27 23:22:19
3896,10,31.08,233.65,0.94,50.07,0,2026-07-27 23:30:19
3897,29,30.37,228.37,0.92,50.05,0,2026-07-27 23:38:19
3898,27,34.24,257.44,0.92,50.0,0,2026-07-27 23:46:19
3899,11,35.3,265.4,0.94,49.95,0,2026-07-27 23:54:19
3900,21,36.1,271.41,0.92,50.02,0,2026-07-28 00:02:19
3901,13,35.03,263.41,0.92,49.96,0,2026-07-28 00:10:19
3902,10,32.9,247.38,0.95,49.97,0,2026-07-28 00:18:19
3903,3,34.18,257.01,0.92,50.03,0,2026-07-28 00:26:19
3904,2,37.59,282.6,0.92,49.95,0,2026-07-28 00:34:19
3905,10,34.56,259.85,0.94,49.95,0,2026-07-28 00:42:19
3906,6,36.99,278.12,0.93,50.09,0,2026-07-28 00:50:19
3907,27,35.49,266.82,0.94,50.0,0,2026-07-28 00:58:19
3908,4,34.42,258.83,0.91,50.1,0,2026-07-28 01:06:19
3909,18,37.55,282.31,0.91,49.94,0,2026-07-28 01:14:19
3910,30,37.66,283.16,0.93,50.0,0,2026-07-28 01:22:19
3911,20,32.38,243.46,0.93,49.93,0,2026-07-28 01:30:19
3912,14,32.25,242.47,0.92,50.08,0,2026-07-28 01:38:19
3913,15,35.06,263.6,0.94,49.95,0,2026-07-28 01:46:19
3914,12,33.25,250.0,0.91,50.05,0,2026-07-28 01:54:19
3915,7,36.31,272.99,0.94,50.05,0,2026-07-28 02:02:19
3916,20,31.79,239.04,0.91,49.91,0,2026-07-28 02:10:19
3917,25,32.16,241.81,0.92,50.01,0,2026-07-28 02:18:19
3918,9,34.71,260.98,0.91,49.97,0,2026-07-28 02:26:19
3919,7,37.5,281.96,0.93,50.08,0,2026-07-28 02:34:19
3920,21,33.47,251.69,0.93,49.9,0,2026-07-28 02:42:19
3921,9,35.46,266.58,0.93,50.07,0,2026-07-28 02:50:19
3922,10,32.67,245.63,0.91,50.0,0,2026-07-28 02:58:19
3923,22,37.15,279.3,0.93,50.1,0,2026-07-28 03:06:19
3924,14,36.83,276.93,0.92,49.97,0,2026-07-28 03:14:19
3925,9,31.64,237.93,0.94,50.08,0,2026-07-28 03:22:19
3926,25,31.66,238.03,0.94,50.09,0,2026-07-28 03:30:19
3927,3,37.46,281.63,0.92,50.06,0,2026-07-28 03:38:19
3928,13,33.4,251.16,0.91,50.06,0,2026-07-28 03:46:19
3929,3,31.49,236.74,0.93,50.06,0,2026-07-28 03:54:19
3930,30,32.65,245.5,0.93,50.02,0,2026-07-28 04:02:19
3931,14,36.96,277.89,0.92,50.03,0,2026-07-28 04:10:19
3932,15,33.6,252.63,0.94,49.98,0,2026-07-28 04:18:19
3933,25,35.51,267.01,0.91,50.08,0,2026-07-28 04:26:19
3934,18,35.74,268.75,0.91,50.09,0,2026-07-28 04:34:19
3935,14,36.89,277.39,0.91,49.9,0,2026-07-28 04:42:19
3936,18,32.64,245.38,0.92,49.99,0,2026-07-28 04:50:19
3937,3,34.45,258.99,0.94,49.92,0,2026-07-28 04:58:19
3938,20,31.81,239.17,0.93,49.9,0,2026-07-28 05:06:19
3939,14,33.78,253.95,0.92,50.09,0,2026-07-28 05:14:19
3940,18,37.13,279.15,0.9,49.93,0,2026-07-28 05:22:19
3941,12,32.11,241.41,0.92,50.06,0,2026-07-28 05:30:19
3942,15,34.7,260.91,0.93,49.97,0,2026-07-28 05:38:19
3943,22,32.63,245.37,0.91,50.02,0,2026-07-28 05:46:19
3944,3,34.59,260.11,0.91,49.93,0,2026-07-28 05:54:19
3945,15,34.36,258.37,0.94,49.9,0,2026-07-28 06:02:19
3946,15,36.26,272.61,0.92,50.01,0,2026-07-28 06:10:19
3947,29,35.39,266.06,0.91,49.94,0,2026-07-28 06:18:19
3948,9,32.77,246.4,0.92,50.05,0,2026-07-28 06:26:19
3949,25,37.71,283.52,0.92,49.93,0,2026-07-28 06:34:19
3950,14,36.78,276.57,0.92,50.06,0,2026-07-28 06:42:19
3951,10,32.46,244.09,0.91,49.96,0,2026-07-28 06:50:19
3952,3,31.21,234.68,0.93,50.09,0,2026-07-28 06:58:19
3953,22,30.87,232.09,0.94,49.98,0,2026-07-28 07:06:19
3954,17,34.31,257.98,0.94,49.98,0,2026-07-28 07:14:19
3955,30,31.6,237.58,0.93,49.96,0,2026-07-28 07:22:19
3956,26,30.23,227.32,0.92,49.92,0,2026-07-28 07:30:19
3957,25,36.61,275.27,0.92,49.9,0,2026-07-28 07:38:19
3958,5,36.45,274.09,0.93,50.06,0,2026-07-28 07:46:19
3959,5,33.88,254.73,0.95,50.09,0,2026-07-28 07:54:19
3960,15,30.56,229.74,0.94,50.06,0,2026-07-28 08:02:19
3961,22,31.59,237.55,0.94,49.93,0,2026-07-28 08:10:19
3962,20,37.78,284.05,0.92,50.01,0,2026-07-28 08:18:19
3963,19,34.04,255.92,0.92,49.93,0,2026-07-28 08:26:19
3964,14,30.91,232.37,0.95,50.02,0,2026-07-28 08:34:19
3965,22,34.84,261.98,0.94,50.02,0,2026-07-28 08:42:19
3966,16,33.8,254.12,0.94,50.02,0,2026-07-28 08:50:19
3967,2,32.86,247.06,0.92,50.02,0,2026-07-28 08:58:19
3968,21,33.97,255.38,0.93,49.96,0,2026-07-28 09:06:19
3969,29,35.19,264.62,0.91,50.01,0,2026-07-28 09:14:19
3970,22,37.95,285.31,0.9,50.07,0,2026-07-28 09:22:19
3971,15,33.1,248.86,0.94,50.09,0,2026-07-28 09:30:19
3972,30,32.81,246.71,0.91,49.93,0,2026-07-28 09:38:19
3973,20,30.95,232.72,0.94,50.0,0,2026-07-28 09:46:19
3974,10,35.87,269.72,0.93,50.01,0,2026-07-28 09:54:19
3975,21,36.45,274.04,0.93,50.01,0,2026-07-28 10:02:19
3976,22,36.04,270.99,0.91,49.94,0,2026-07-28 10:10:19
3977,29,36.05,271.02,0.91,50.09,0,2026-07-28 10:18:19
3978,1,30.63,230.28,0.91,49.97,0,2026-07-28 10:26:19
3979,25,37.68,283.28,0.93,49.95,0,2026-07-28 10:34:19
3980,20,33.65,252.97,0.92,49.91,0,2026-07-28 10:42:19
3981,14,33.27,250.12,0.92,50.09,0,2026-07-28 10:50:19
3982,13,30.83,231.8,0.91,49.91,0,2026-07-28 10:58:19
3983,6,30.29,227.74,0.92,49.92,0,2026-07-28 11:06:19
3984,23,33.29,250.27,0.94,50.05,0,2026-07-28 11:14:19
3985,19,34.95,262.79,0.92,50.02,0,2026-07-28 11:22:19
3986,2,33.3,250.35,0.94,49.97,0,2026-07-28 11:30:19
3987,17,32.81,246.71,0.94,50.02,0,2026-07-28 11:38:19
3988,17,36.73,276.16,0.92,49.97,0,2026-07-28 11:46:19
3989,24,31.62,237.76,0.91,49.94,0,2026-07-28 11:54:19
3990,18,34.0,255.64,0.91,49.97,0,2026-07-28 12:02:19
3991,6,31.62,237.76,0.93,50.01,0,2026-07-28 12:10:19
3992,9,31.31,235.38,0.92,50.09,0,2026-07-28 12:18:19
3993,6,34.77,261.41,0.91,50.1,0,2026-07-28 12:26:19
3994,6,35.4,266.13,0.93,49.99,0,2026-07-28 12:34:19
3995,25,37.07,278.71,0.92,49.95,0,2026-07-28 12:42:19
3996,3,35.81,269.24,0.94,49.95,0,2026-07-28 12:50:19
3997,14,35.28,265.25,0.92,50.06,0,2026-07-28 12:58:19
3998,29,34.0,255.67,0.91,50.02,0,2026-07-28 13:06:19
3999,28,38.01,285.82,0.91,50.01,0,2026-07-28 13:14:19
4000,27,31.45,236.44,0.94,50.03,0,2026-07-28 13:22:19
4001,29,36.38,273.54,0.94,50.05,0,2026-07-28 13:30:19
4002,26,31.17,234.37,0.95,49.94,0,2026-07-28 13:38:19
4003,22,30.1,226.3,0.93,49.99,0,2026-07-28 13:46:19
4004,6,30.94,232.6,0.93,50.04,0,2026-07-28 13:54:19
4005,13,71.03,534.09,0.87,49.98,1,2026-07-28 14:02:19
4006,16,64.93,488.18,0.89,50.02,1,2026-07-28 14:10:19
4007,17,71.3,536.07,0.91,49.95,1,2026-07-28 14:18:19
4008,30,69.06,519.28,0.89,50.04,1,2026-07-28 14:26:19
4009,4,65.88,495.36,0.88,49.92,1,2026-07-28 14:34:19
4010,21,64.92,488.09,0.91,50.0,1,2026-07-28 14:42:19
4011,28,69.02,518.98,0.9,50.0,1,2026-07-28 14:50:19
4012,7,68.66,516.27,0.87,49.97,1,2026-07-28 14:58:19
4013,27,71.06,534.26,0.9,49.96,1,2026-07-28 15:06:19
4014,13,65.06,489.16,0.91,50.01,1,2026-07-28 15:14:19
4015,15,69.8,524.82,0.88,50.1,1,2026-07-28 15:22:19
4016,13,71.81,539.95,0.87,50.05,1,2026-07-28 15:30:19
4017,26,69.62,523.44,0.87,50.1,1,2026-07-28 15:38:19
4018,30,65.06,489.15,0.88,50.0,1,2026-07-28 15:46:19
4019,9,69.3,521.08,0.9,50.05,1,2026-07-28 15:54:19
4020,29,64.26,483.15,0.88,49.97,1,2026-07-28 16:02:19
4021,27,65.96,495.93,0.9,50.04,1,2026-07-28 16:10:19
4022,20,65.88,495.31,0.88,49.91,1,2026-07-28 16:18:19
4023,30,70.54,530.41,0.91,49.99,1,2026-07-28 16:26:19
4024,11,69.65,523.67,0.88,49.93,1,2026-07-28 16:34:19
4025,4,69.22,520.46,0.88,49.91,1,2026-07-28 16:42:19
4026,12,71.14,534.87,0.87,50.03,1,2026-07-28 16:50:19
4027,5,64.2,482.69,0.89,49.91,1,2026-07-28 16:58:19
4028,2,67.36,506.45,0.9,49.98,1,2026-07-28 17:06:19
4029,3,65.76,494.42,0.9,50.06,1,2026-07-28 17:14:19
4030,5,70.29,528.5,0.89,50.09,1,2026-07-28 17:22:19
4031,26,65.98,496.07,0.88,50.05,1,2026-07-28 17:30:19
4032,15,70.69,531.47,0.88,50.01,1,2026-07-28 17:38:19
4033,24,65.35,491.38,0.9,50.09,1,2026-07-28 17:46:19
4034,4,68.53,515.28,0.9,50.02,1,2026-07-28 17:54:19
4035,23,71.33,536.34,0.88,49.97,1,2026-07-28 18:02:19
4036,21,68.67,516.3,0.9,50.0,1,2026-07-28 18:10:19
4037,5,70.79,532.22,0.88,49.95,1,2026-07-28 18:18:19
4038,7,65.69,493.89,0.88,49.99,1,2026-07-28 18:26:19
4039,17,66.25,498.13,0.91,49.97,1,2026-07-28 18:34:19
4040,5,64.47,484.74,0.91,50.06,1,2026-07-28 18:42:19
4041,8,64.4,484.18,0.91,49.93,1,2026-07-28 18:50:19
4042,6,69.08,519.42,0.88,49.92,1,2026-07-28 18:58:19
4043,28,66.2,497.74,0.88,50.04,1,2026-07-28 19:06:19
4044,7,67.89,510.43,0.91,49.99,1,2026-07-28 19:14:19
4045,6,71.36,536.57,0.88,50.1,1,2026-07-28 19:22:19
4046,9,67.97,511.09,0.89,50.04,1,2026-07-28 19:30:19
4047,16,66.11,497.05,0.91,49.91,1,2026-07-28 19:38:19
4048,1,64.31,483.53,0.88,50.1,1,2026-07-28 19:46:19
4049,12,68.34,513.82,0.89,49.94,1,2026-07-28 19:54:19
4050,18,68.98,518.62,0.9,50.03,1,2026-07-28 20:02:19
4051,11,66.72,501.64,0.88,50.05,1,2026-07-28 20:10:19
4052,16,71.31,536.2,0.9,50.08,1,2026-07-28 20:18:19
4053,10,64.13,482.21,0.9,49.91,1,2026-07-28 20:26:19
4054,4,66.83,502.51,0.91,50.03,1,2026-07-28 20:34:19
4055,23,66.82,502.37,0.91,50.04,1,2026-07-28 20:42:19
4056,2,64.31,483.51,0.9,50.03,1,2026-07-28 20:50:19
4057,29,68.66,516.25,0.87,49.92,1,2026-07-28 20:58:19
4058,29,64.58,485.56,0.9,49.94,1,2026-07-28 21:06:19
4059,29,67.88,510.37,0.9,49.95,1,2026-07-28 21:14:19
4060,22,64.32,483.64,0.91,49.91,1,2026-07-28 21:22:19
4061,7,66.15,497.4,0.91,49.97,1,2026-07-28 21:30:19
4062,1,65.59,493.18,0.88,50.02,1,2026-07-28 21:38:19
4063,22,65.18,490.11,0.89,50.01,1,2026-07-28 21:46:19
4064,18,64.52,485.09,0.88,50.01,1,2026-07-28 21:54:19
4065,7,31.54,237.14,0.93,49.91,0,2026-07-28 22:02:19
4066,29,36.25,272.57,0.92,50.06,0,2026-07-28 22:10:19
4067,27,37.72,283.62,0.91,49.94,0,2026-07-28 22:18:19
4068,16,34.27,257.65,0.93,50.1,0,2026-07-28 22:26:19
4069,7,32.54,244.64,0.92,49.96,0,2026-07-28 22:34:19
4070,24,31.32,235.49,0.93,50.09,0,2026-07-28 22:42:19
4071,11,35.52,267.05,0.93,50.1,0,2026-07-28 22:50:19
4072,21,33.29,250.3,0.93,50.0,0,2026-07-28 22:58:19
4073,4,37.6,282.68,0.92,49.94,0,2026-07-28 23:06:19
4074,8,37.49,281.87,0.92,49.91,0,2026-07-28 23:14:19
4075,30,30.56,229.76,0.93,49.98,0,2026-07-28 23:22:19
4076,2,37.94,285.3,0.93,49.91,0,2026-07-28 23:30:19
4077,24,37.24,279.99,0.93,50.03,0,2026-07-28 23:38:19
4078,16,37.74,283.78,0.9,49.94,0,2026-07-28 23:46:19
4079,21,35.86,269.6,0.93,49.99,0,2026-07-28 23:54:19
4080,30,34.86,262.1,0.94,49.93,0,2026-07-29 00:02:19
4081,30,37.63,282.91,0.91,49.91,0,2026-07-29 00:10:19
4082,18,34.39,258.6,0.93,49.98,0,2026-07-29 00:18:19
4083,14,35.4,266.18,0.91,49.98,0,2026-07-29 00:26:19
4084,15,37.4,281.17,0.91,50.08,0,2026-07-29 00:34:19
4085,20,36.81,276.8,0.91,49.92,0,2026-07-29 00:42:19
4086,24,38.02,285.88,0.91,50.01,0,2026-07-29 00:50:19
4087,15,36.83,276.93,0.92,49.96,0,2026-07-29 00:58:19
4088,28,36.86,277.15,0.93,49.94,0,2026-07-29 01:06:19
4089,18,37.29,280.37,0.92,49.92,0,2026-07-29 01:14:19
4090,22,33.63,252.86,0.93,49.96,0,2026-07-29 01:22:19
4091,17,37.89,284.9,0.92,50.02,0,2026-07-29 01:30:19
4092,11,31.86,239.55,0.94,49.98,0,2026-07-29 01:38:19
4093,4,32.24,242.39,0.92,49.96,0,2026-07-29 01:46:19
4094,1,30.45,228.94,0.94,50.02,0,2026-07-29 01:54:19
4095,24,36.14,271.71,0.91,49.97,0,2026-07-29 02:02:19
4096,9,36.4,273.69,0.91,50.09,0,2026-07-29 02:10:19
4097,30,36.44,273.99,0.93,50.06,0,2026-07-29 02:18:19
4098,20,31.45,236.43,0.92,49.92,0,2026-07-29 02:26:19
4099,2,34.92,262.55,0.94,50.05,0,2026-07-29 02:34:19
4100,7,36.57,274.95,0.93,49.93,0,2026-07-29 02:42:19
4101,20,35.04,263.48,0.94,50.06,0,2026-07-29 02:50:19
4102,24,32.85,247.02,0.92,50.03,0,2026-07-29 02:58:19
4103,14,32.45,244.0,0.95,49.96,0,2026-07-29 03:06:19
4104,24,34.06,256.1,0.93,49.96,0,2026-07-29 03:14:19
4105,29,32.23,242.36,0.92,50.0,0,2026-07-29 03:22:19
4106,30,36.84,276.96,0.94,49.93,0,2026-07-29 03:30:19
4107,25,37.72,283.6,0.93,49.99,0,2026-07-29 03:38:19
4108,8,37.45,281.55,0.92,50.04,0,2026-07-29 03:46:19
4109,2,31.64,237.91,0.95,50.1,0,2026-07-29 03:54:19
4110,19,33.47,251.68,0.92,49.91,0,2026-07-29 04:02:19
4111,26,37.87,284.74,0.93,50.06,0,2026-07-29 04:10:19
4112,5,34.79,261.56,0.93,50.09,0,2026-07-29 04:18:19
4113,30,30.97,232.83,0.92,50.02,0,2026-07-29 04:26:19
4114,10,31.93,240.11,0.94,49.95,0,2026-07-29 04:34:19
4115,8,36.15,271.8,0.93,50.02,0,2026-07-29 04:42:19
4116,15,37.17,279.46,0.91,50.05,0,2026-07-29 04:50:19
4117,1,36.91,277.5,0.93,49.92,0,2026-07-29 04:58:19
4118,25,34.38,258.5,0.91,50.09,0,2026-07-29 05:06:19
4119,4,33.35,250.78,0.92,49.96,0,2026-07-29 05:14:19
4120,2,36.42,273.8,0.94,50.09,0,2026-07-29 05:22:19
4121,25,33.78,253.98,0.94,50.01,0,2026-07-29 05:30:19
4122,15,30.28,227.67,0.94,49.98,0,2026-07-29 05:38:19
4123,24,36.38,273.55,0.94,50.04,0,2026-07-29 05:46:19
4124,25,34.92,262.52,0.91,49.99,0,2026-07-29 05:54:19
4125,21,30.24,227.4,0.94,49.97,0,2026-07-29 06:02:19
4126,17,34.57,259.96,0.94,50.04,0,2026-07-29 06:10:19
4127,29,34.72,261.06,0.94,50.06,0,2026-07-29 06:18:19
4128,7,34.99,263.08,0.94,49.92,0,2026-07-29 06:26:19
4129,10,32.86,247.05,0.94,49.97,0,2026-07-29 06:34:19
4130,19,33.07,248.63,0.91,49.91,0,2026-07-29 06:42:19
4131,3,32.11,241.41,0.94,49.92,0,2026-07-29 06:50:19
4132,18,35.29,265.33,0.93,50.06,0,2026-07-29 06:58:19
4133,7,36.12,271.6,0.92,49.92,0,2026-07-29 07:06:19
4134,27,35.51,266.96,0.91,49.98,0,2026-07-29 07:14:19
4135,6,35.5,266.95,0.92,50.02,0,2026-07-29 07:22:19
4136,14,34.48,259.24,0.91,50.03,0,2026-07-29 07:30:19
4137,5,37.67,283.2,0.91,50.1,0,2026-07-29 07:38:19
4138,27,35.99,270.63,0.91,49.92,0,2026-07-29 07:46:19
4139,10,33.81,254.19,0.91,50.0,0,2026-07-29 07:54:19
4140,2,36.95,277.79,0.92,49.98,0,2026-07-29 08:02:19
4141,9,33.81,254.2,0.91,50.05,0,2026-07-29 08:10:19
4142,12,37.04,278.46,0.94,49.98,0,2026-07-29 08:18:19
4143,5,34.74,261.18,0.93,50.05,0,2026-07-29 08:26:19
4144,28,35.58,267.52,0.94,50.04,0,2026-07-29 08:34:19
4145,3,34.8,261.63,0.91,50.01,0,2026-07-29 08:42:19
4146,28,37.23,279.9,0.94,50.06,0,2026-07-29 08:50:19
4147,6,30.45,228.96,0.92,50.09,0,2026-07-29 08:58:19
4148,25,30.34,228.09,0.94,49.9,0,2026-07-29 09:06:19
4149,8,33.0,248.15,0.94,50.02,0,2026-07-29 09:14:19
4150,20,37.99,285.64,0.93,49.9,0,2026-07-29 09:22:19
4151,19,32.18,241.98,0.94,49.94,0,2026-07-29 09:30:19
4152,4,31.44,236.39,0.92,49.94,0,2026-07-29 09:38:19
4153,11,37.38,281.07,0.92,50.06,0,2026-07-29 09:46:19
4154,10,37.41,281.31,0.92,50.0,0,2026-07-29 09:54:19
4155,25,36.56,274.89,0.93,49.92,0,2026-07-29 10:02:19
4156,17,31.86,239.56,0.92,49.96,0,2026-07-29 10:10:19
4157,6,31.5,236.81,0.92,50.09,0,2026-07-29 10:18:19
4158,4,32.21,242.16,0.91,50.09,0,2026-07-29 10:26:19
4159,12,34.15,256.8,0.92,50.0,0,2026-07-29 10:34:19
4160,18,32.42,243.77,0.92,49.94,0,2026-07-29 10:42:19
4161,10,31.41,236.13,0.91,50.06,0,2026-07-29 10:50:19
4162,2,34.33,258.13,0.91,50.06,0,2026-07-29 10:58:19
4163,28,34.14,256.69,0.92,49.92,0,2026-07-29 11:06:19
4164,15,37.17,279.46,0.91,49.97,0,2026-07-29 11:14:19
4165,27,36.42,273.81,0.93,49.97,0,2026-07-29 11:22:19
4166,28,33.85,254.51,0.94,50.06,0,2026-07-29 11:30:19
4167,18,35.01,263.23,0.92,49.95,0,2026-07-29 11:38:19
4168,29,32.88,247.25,0.92,50.08,0,2026-07-29 11:46:19
4169,9,32.99,248.08,0.93,50.07,0,2026-07-29 11:54:19
4170,10,30.91,232.41,0.93,49.92,0,2026-07-29 12:02:19
4171,17,31.67,238.1,0.94,49.96,0,2026-07-29 12:10:19
4172,22,36.69,275.83,0.91,50.07,0,2026-07-29 12:18:19
4173,4,34.87,262.16,0.91,50.07,0,2026-07-29 12:26:19
4174,9,31.62,237.78,0.94,50.06,0,2026-07-29 12:34:19
4175,15,32.07,241.11,0.93,49.98,0,2026-07-29 12:42:19
4176,17,34.98,263.02,0.94,50.09,0,2026-07-29 12:50:19
4177,13,37.0,278.17,0.93,49.98,0,2026-07-29 12:58:19
4178,9,30.16,226.75,0.93,49.92,0,2026-07-29 13:06:19
4179,30,31.34,235.65,0.93,50.09,0,2026-07-29 13:14:19
4180,15,34.35,258.26,0.93,49.91,0,2026-07-29 13:22:19
4181,18,34.51,259.5,0.92,50.02,0,2026-07-29 13:30:19
4182,20,36.58,275.01,0.92,50.06,0,2026-07-29 13:38:19
4183,13,30.64,230.35,0.91,49.97,0,2026-07-29 13:46:19
4184,10,36.6,275.2,0.92,50.06,0,2026-07-29 13:54:19
4185,20,65.57,493.02,0.88,50.04,1,2026-07-29 14:02:19
4186,26,68.57,515.55,0.88,50.06,1,2026-07-29 14:10:19
4187,16,68.6,515.76,0.91,50.07,1,2026-07-29 14:18:19
4188,2,64.31,483.52,0.88,49.93,1,2026-07-29 14:26:19
4189,17,67.72,509.15,0.89,50.0,1,2026-07-29 14:34:19
4190,25,68.88,517.9,0.89,49.99,1,2026-07-29 14:42:19
4191,14,71.78,539.67,0.87,50.05,1,2026-07-29 14:50:19
4192,25,70.81,532.44,0.9,50.02,1,2026-07-29 14:58:19
4193,23,66.73,501.72,0.89,50.02,1,2026-07-29 15:06:19
4194,15,70.44,529.63,0.91,50.01,1,2026-07-29 15:14:19
4195,1,64.23,482.94,0.9,50.07,1,2026-07-29 15:22:19
4196,21,68.54,515.32,0.89,50.09,1,2026-07-29 15:30:19
4197,22,66.73,501.74,0.91,49.96,1,2026-07-29 15:38:19
4198,25,70.96,533.52,0.9,50.06,1,2026-07-29 15:46:19
4199,9,67.41,506.82,0.91,50.07,1,2026-07-29 15:54:19
4200,7,69.15,519.91,0.88,50.04,1,2026-07-29 16:02:19
4201,5,66.54,500.29,0.88,50.01,1,2026-07-29 16:10:19
4202,20,65.72,494.1,0.9,50.04,1,2026-07-29 16:18:19
4203,8,70.0,526.31,0.87,49.9,1,2026-07-29 16:26:19
4204,10,70.57,530.6,0.88,49.94,1,2026-07-29 16:34:19
4205,11,67.01,503.85,0.87,50.05,1,2026-07-29 16:42:19
4206,4,66.92,503.15,0.9,50.03,1,2026-07-29 16:50:19
4207,3,65.78,494.58,0.89,49.92,1,2026-07-29 16:58:19
4208,20,66.05,496.58,0.88,49.99,1,2026-07-29 17:06:19
4209,12,70.21,527.87,0.88,50.01,1,2026-07-29 17:14:19
4210,14,71.59,538.26,0.9,49.95,1,2026-07-29 17:22:19
4211,11,68.74,516.87,0.91,49.94,1,2026-07-29 17:30:19
4212,5,64.19,482.6,0.88,50.02,1,2026-07-29 17:38:19
4213,24,65.22,490.36,0.9,49.94,1,2026-07-29 17:46:19
4214,11,65.52,492.63,0.88,49.94,1,2026-07-29 17:54:19
4215,12,65.56,492.95,0.9,50.0,1,2026-07-29 18:02:19
4216,10,68.79,517.22,0.9,50.0,1,2026-07-29 18:10:19
4217,18,68.96,518.49,0.88,49.92,1,2026-07-29 18:18:19
4218,1,71.93,540.84,0.87,49.99,1,2026-07-29 18:26:19
4219,29,66.53,500.26,0.9,50.02,1,2026-07-29 18:34:19
4220,9,67.87,510.27,0.91,50.09,1,2026-07-29 18:42:19
4221,30,69.61,523.37,0.88,49.98,1,2026-07-29 18:50:19
4222,26,68.78,517.17,0.87,50.09,1,2026-07-29 18:58:19
4223,22,67.89,510.43,0.91,49.93,1,2026-07-29 19:06:19
4224,3,66.72,501.67,0.91,50.06,1,2026-07-29 19:14:19
4225,15,65.63,493.47,0.9,49.93,1,2026-07-29 19:22:19
4226,23,71.04,534.15,0.87,49.94,1,2026-07-29 19:30:19
4227,5,66.73,501.75,0.88,49.96,1,2026-07-29 19:38:19
4228,5,70.93,533.34,0.89,49.96,1,2026-07-29 19:46:19
4229,2,67.51,507.56,0.9,49.98,1,2026-07-29 19:54:19
4230,10,70.45,529.67,0.88,50.09,1,2026-07-29 20:02:19
4231,4,64.39,484.14,0.9,49.97,1,2026-07-29 20:10:19
4232,5,70.39,529.24,0.9,50.05,1,2026-07-29 20:18:19
4233,12,67.38,506.58,0.88,49.96,1,2026-07-29 20:26:19
4234,11,65.5,492.47,0.9,50.07,1,2026-07-29 20:34:19
4235,4,65.96,495.91,0.89,50.04,1,2026-07-29 20:42:19
4236,27,71.41,536.9,0.89,50.05,1,2026-07-29 20:50:19
4237,29,68.92,518.17,0.9,49.98,1,2026-07-29 20:58:19
4238,19,69.74,524.37,0.87,49.91,1,2026-07-29 21:06:19
4239,14,65.68,493.86,0.91,49.93,1,2026-07-29 21:14:19
4240,9,65.05,489.11,0.88,50.1,1,2026-07-29 21:22:19
4241,12,64.44,484.51,0.91,49.96,1,2026-07-29 21:30:19
4242,18,69.6,523.31,0.89,50.02,1,2026-07-29 21:38:19
4243,26,68.07,511.82,0.88,50.08,1,2026-07-29 21:46:19
4244,13,71.28,535.96,0.9,50.06,1,2026-07-29 21:54:19
4245,12,35.42,266.29,0.94,50.09,0,2026-07-29 22:02:19
4246,9,36.61,275.24,0.92,50.08,0,2026-07-29 22:10:19
4247,7,36.93,277.66,0.94,50.04,0,2026-07-29 22:18:19
4248,7,30.23,227.27,0.91,50.0,0,2026-07-29 22:26:19
4249,30,37.69,283.35,0.94,49.93,0,2026-07-29 22:34:19
4250,28,31.29,235.26,0.93,50.02,0,2026-07-29 22:42:19
4251,14,36.65,275.58,0.93,50.08,0,2026-07-29 22:50:19
4252,30,35.15,264.32,0.94,50.05,0,2026-07-29 22:58:19
4253,1,33.17,249.4,0.95,49.98,0,2026-07-29 23:06:19
4254,24,34.19,257.09,0.93,50.02,0,2026-07-29 23:14:19
4255,17,34.62,260.28,0.94,50.03,0,2026-07-29 23:22:19
4256,17,34.72,261.02,0.93,50.06,0,2026-07-29 23:30:19
4257,9,32.74,246.18,0.94,49.96,0,2026-07-29 23:38:19
4258,5,33.21,249.69,0.91,50.05,0,2026-07-29 23:46:19
4259,24,34.86,262.07,0.93,50.0,0,2026-07-29 23:54:19
4260,6,32.25,242.5,0.93,50.04,0,2026-07-30 00:02:19
4261,16,35.49,266.87,0.91,49.98,0,2026-07-30 00:10:19
4262,27,31.75,238.75,0.91,49.91,0,2026-07-30 00:18:19
4263,1,32.8,246.61,0.94,50.02,0,2026-07-30 00:26:19
4264,2,35.56,267.35,0.94,49.95,0,2026-07-30 00:34:19
4265,14,37.54,282.25,0.91,50.06,0,2026-07-30 00:42:19
4266,15,31.97,240.37,0.93,49.96,0,2026-07-30 00:50:19
4267,23,34.04,255.92,0.91,50.01,0,2026-07-30 00:58:19
4268,19,32.97,247.91,0.91,50.0,0,2026-07-30 01:06:19
4269,17,32.24,242.43,0.93,50.09,0,2026-07-30 01:14:19
4270,27,30.08,226.13,0.91,50.09,0,2026-07-30 01:22:19
4271,7,31.23,234.84,0.92,49.99,0,2026-07-30 01:30:19
4272,4,30.58,229.92,0.94,50.0,0,2026-07-30 01:38:19
4273,27,31.52,236.97,0.91,50.0,0,2026-07-30 01:46:19
4274,23,37.6,282.68,0.94,50.05,0,2026-07-30 01:54:19
4275,15,36.96,277.87,0.9,49.92,0,2026-07-30 02:02:19
4276,25,32.15,241.71,0.94,50.04,0,2026-07-30 02:10:19
4277,13,36.52,274.59,0.93,50.1,0,2026-07-30 02:18:19
4278,18,34.88,262.23,0.92,49.93,0,2026-07-30 02:26:19
4279,1,37.58,282.53,0.92,49.92,0,2026-07-30 02:34:19
4280,25,36.88,277.3,0.92,50.01,0,2026-07-30 02:42:19
4281,5,34.54,259.68,0.91,49.99,0,2026-07-30 02:50:19
4282,24,32.05,240.96,0.91,50.08,0,2026-07-30 02:58:19
4283,15,33.98,255.51,0.92,50.02,0,2026-07-30 03:06:19
4284,29,30.7,230.82,0.93,49.91,0,2026-07-30 03:14:19
4285,29,30.65,230.43,0.95,50.02,0,2026-07-30 03:22:19
4286,24,37.01,278.28,0.9,50.09,0,2026-07-30 03:30:19
4287,10,31.24,234.91,0.94,50.08,0,2026-07-30 03:38:19
4288,7,35.53,267.12,0.92,49.98,0,2026-07-30 03:46:19
4289,22,34.51,259.45,0.94,50.1,0,2026-07-30 03:54:19
4290,30,37.62,282.85,0.91,49.97,0,2026-07-30 04:02:19
4291,19,37.31,280.51,0.93,50.08,0,2026-07-30 04:10:19
4292,21,36.38,273.53,0.93,49.93,0,2026-07-30 04:18:19
4293,3,35.95,270.31,0.91,50.07,0,2026-07-30 04:26:19
4294,29,34.68,260.72,0.94,49.96,0,2026-07-30 04:34:19
4295,11,34.61,260.2,0.93,49.95,0,2026-07-30 04:42:19
4296,19,37.27,280.2,0.94,50.01,0,2026-07-30 04:50:19
4297,30,33.68,253.25,0.94,49.94,0,2026-07-30 04:58:19
4298,12,31.38,235.94,0.93,49.98,0,2026-07-30 05:06:19
4299,12,34.55,259.76,0.93,49.98,0,2026-07-30 05:14:19
4300,2,33.24,249.9,0.94,49.99,0,2026-07-30 05:22:19
4301,30,32.84,246.94,0.94,49.99,0,2026-07-30 05:30:19
4302,19,30.21,227.17,0.92,50.0,0,2026-07-30 05:38:19
4303,29,34.29,257.85,0.93,49.96,0,2026-07-30 05:46:19
4304,7,35.47,266.66,0.91,49.91,0,2026-07-30 05:54:19
4305,10,36.66,275.62,0.92,50.04,0,2026-07-30 06:02:19
4306,17,37.71,283.5,0.91,50.1,0,2026-07-30 06:10:19
4307,28,33.8,254.1,0.91,50.1,0,2026-07-30 06:18:19
4308,16,36.72,276.07,0.93,49.93,0,2026-07-30 06:26:19
4309,7,35.98,270.52,0.92,49.9,0,2026-07-30 06:34:19
4310,3,31.39,236.03,0.92,50.1,0,2026-07-30 06:42:19
4311,2,31.75,238.69,0.94,49.93,0,2026-07-30 06:50:19
4312,8,36.2,272.18,0.92,50.1,0,2026-07-30 06:58:19
4313,24,35.32,265.54,0.91,49.93,0,2026-07-30 07:06:19
4314,28,35.4,266.19,0.91,50.08,0,2026-07-30 07:14:19
4315,25,31.76,238.79,0.93,50.02,0,2026-07-30 07:22:19
4316,7,34.21,257.24,0.91,49.98,0,2026-07-30 07:30:19
4317,11,34.47,259.16,0.92,49.98,0,2026-07-30 07:38:19
4318,25,31.49,236.77,0.93,50.06,0,2026-07-30 07:46:19
4319,11,34.23,257.4,0.91,50.07,0,2026-07-30 07:54:19
4320,20,36.72,276.09,0.91,50.0,0,2026-07-30 08:02:19
4321,23,33.13,249.11,0.93,50.01,0,2026-07-30 08:10:19
4322,30,37.87,284.75,0.91,50.05,0,2026-07-30 08:18:19
4323,24,37.07,278.75,0.9,49.91,0,2026-07-30 08:26:19
4324,6,33.9,254.91,0.93,50.03,0,2026-07-30 08:34:19
4325,28,32.4,243.61,0.95,49.97,0,2026-07-30 08:42:19
4326,17,37.22,279.84,0.92,50.04,0,2026-07-30 08:50:19
4327,2,34.02,255.76,0.92,50.07,0,2026-07-30 08:58:19
4328,26,33.41,251.19,0.92,50.07,0,2026-07-30 09:06:19
4329,19,36.27,272.74,0.92,50.04,0,2026-07-30 09:14:19
4330,17,33.29,250.29,0.92,49.9,0,2026-07-30 09:22:19
4331,21,30.82,231.75,0.91,49.93,0,2026-07-30 09:30:19
4332,13,34.7,260.88,0.91,50.05,0,2026-07-30 09:38:19
4333,17,31.16,234.32,0.91,49.99,0,2026-07-30 09:46:19
4334,26,30.4,228.58,0.93,50.06,0,2026-07-30 09:54:19
4335,11,30.61,230.17,0.93,50.07,0,2026-07-30 10:02:19
4336,25,37.04,278.48,0.93,50.09,0,2026-07-30 10:10:19
4337,6,32.7,245.84,0.91,49.91,0,2026-07-30 10:18:19
4338,22,31.56,237.27,0.92,49.96,0,2026-07-30 10:26:19
4339,17,31.71,238.42,0.93,49.92,0,2026-07-30 10:34:19
4340,13,31.46,236.57,0.91,49.92,0,2026-07-30 10:42:19
4341,22,34.21,257.23,0.94,50.07,0,2026-07-30 10:50:19
4342,14,37.02,278.34,0.92,49.96,0,2026-07-30 10:58:19
4343,28,33.96,255.34,0.91,50.01,0,2026-07-30 11:06:19
4344,11,36.01,270.72,0.93,49.9,0,2026-07-30 11:14:19
4345,24,35.17,264.4,0.92,50.07,0,2026-07-30 11:22:19
4346,15,36.69,275.88,0.91,50.01,0,2026-07-30 11:30:19
4347,15,36.77,276.48,0.91,50.07,0,2026-07-30 11:38:19
4348,2,31.94,240.15,0.94,50.06,0,2026-07-30 11:46:19
4349,11,35.36,265.86,0.94,50.01,0,2026-07-30 11:54:19
4350,26,33.63,252.85,0.95,49.98,0,2026-07-30 12:02:19
4351,12,36.34,273.2,0.94,49.96,0,2026-07-30 12:10:19
4352,13,31.4,236.11,0.92,50.05,0,2026-07-30 12:18:19
4353,7,32.49,244.28,0.94,50.04,0,2026-07-30 12:26:19
4354,2,30.16,226.74,0.95,49.96,0,2026-07-30 12:34:19
4355,18,32.41,243.69,0.94,50.03,0,2026-07-30 12:42:19
4356,26,31.12,234.01,0.93,50.06,0,2026-07-30 12:50:19
4357,17,33.01,248.2,0.94,50.02,0,2026-07-30 12:58:19
4358,6,36.68,275.82,0.92,49.93,0,2026-07-30 13:06:19
4359,29,33.08,248.7,0.95,49.99,0,2026-07-30 13:14:19
4360,27,31.95,240.2,0.91,49.93,0,2026-07-30 13:22:19
4361,2,34.14,256.68,0.94,49.9,0,2026-07-30 13:30:19
4362,21,37.03,278.39,0.92,50.01,0,2026-07-30 13:38:19
4363,17,32.0,240.62,0.93,50.02,0,2026-07-30 13:46:19
4364,11,34.71,260.98,0.93,50.08,0,2026-07-30 13:54:19
4365,13,71.29,536.01,0.88,50.01,1,2026-07-30 14:02:19
4366,25,66.21,497.83,0.89,50.01,1,2026-07-30 14:10:19
4367,3,67.91,510.63,0.88,49.98,1,2026-07-30 14:18:19
4368,20,67.88,510.35,0.89,50.04,1,2026-07-30 14:26:19
4369,22,70.7,531.58,0.9,50.01,1,2026-07-30 14:34:19
4370,2,71.1,534.56,0.9,49.96,1,2026-07-30 14:42:19
4371,30,70.29,528.48,0.88,50.0,1,2026-07-30 14:50:19
4372,17,70.84,532.64,0.88,49.92,1,2026-07-30 14:58:19
4373,8,67.29,505.91,0.89,50.09,1,2026-07-30 15:06:19
4374,5,69.26,520.72,0.87,49.95,1,2026-07-30 15:14:19
4375,22,69.03,519.05,0.9,50.09,1,2026-07-30 15:22:19
4376,11,67.07,504.27,0.9,50.0,1,2026-07-30 15:30:19
4377,21,70.17,527.6,0.91,49.92,1,2026-07-30 15:38:19
4378,19,71.64,538.67,0.9,50.1,1,2026-07-30 15:46:19
4379,23,66.51,500.11,0.91,50.02,1,2026-07-30 15:54:19
4380,10,64.48,484.79,0.88,49.95,1,2026-07-30 16:02:19
4381,21,69.34,521.33,0.9,50.02,1,2026-07-30 16:10:19
4382,11,71.85,540.26,0.91,50.06,1,2026-07-30 16:18:19
4383,25,70.33,528.77,0.87,50.05,1,2026-07-30 16:26:19
4384,5,66.57,500.52,0.89,50.03,1,2026-07-30 16:34:19
4385,7,69.81,524.87,0.9,49.95,1,2026-07-30 16:42:19
4386,27,64.8,487.2,0.89,50.04,1,2026-07-30 16:50:19
4387,23,68.8,517.28,0.89,50.04,1,2026-07-30 16:58:19
4388,10,68.45,514.65,0.88,49.94,1,2026-07-30 17:06:19
4389,26,69.52,522.71,0.88,50.0,1,2026-07-30 17:14:19
4390,23,69.88,525.4,0.89,49.97,1,2026-07-30 17:22:19
4391,5,71.07,534.38,0.88,49.91,1,2026-07-30 17:30:19
4392,11,64.54,485.26,0.89,49.93,1,2026-07-30 17:38:19
4393,27,69.16,520.02,0.88,50.01,1,2026-07-30 17:46:19
4394,4,71.41,536.89,0.89,49.93,1,2026-07-30 17:54:19
4395,5,71.78,539.72,0.89,50.02,1,2026-07-30 18:02:19
4396,4,69.52,522.71,0.88,50.06,1,2026-07-30 18:10:19
4397,6,67.4,506.74,0.89,50.05,1,2026-07-30 18:18:19
4398,28,64.38,484.08,0.91,50.0,1,2026-07-30 18:26:19
4399,12,68.55,515.45,0.88,49.99,1,2026-07-30 18:34:19
4400,21,68.48,514.9,0.88,50.01,1,2026-07-30 18:42:19
4401,15,64.47,484.7,0.89,49.98,1,2026-07-30 18:50:19
4402,20,69.21,520.35,0.91,49.9,1,2026-07-30 18:58:19
4403,2,70.18,527.66,0.9,49.92,1,2026-07-30 19:06:19
4404,21,70.77,532.07,0.88,49.94,1,2026-07-30 19:14:19
4405,9,70.22,527.97,0.9,49.91,1,2026-07-30 19:22:19
4406,2,65.62,493.36,0.9,50.08,1,2026-07-30 19:30:19
4407,10,66.13,497.21,0.91,49.91,1,2026-07-30 19:38:19
4408,5,71.07,534.37,0.89,50.02,1,2026-07-30 19:46:19
4409,27,68.86,517.75,0.89,50.09,1,2026-07-30 19:54:19
4410,15,65.95,495.85,0.9,49.91,1,2026-07-30 20:02:19
4411,4,64.42,484.38,0.91,50.03,1,2026-07-30 20:10:19
4412,23,70.66,531.25,0.91,50.02,1,2026-07-30 20:18:19
4413,12,65.35,491.36,0.89,49.92,1,2026-07-30 20:26:19
4414,18,70.59,530.73,0.9,50.0,1,2026-07-30 20:34:19
4415,7,70.76,532.02,0.88,50.03,1,2026-07-30 20:42:19
4416,10,67.38,506.63,0.89,50.05,1,2026-07-30 20:50:19
4417,20,68.4,514.26,0.9,50.1,1,2026-07-30 20:58:19
4418,11,70.49,529.99,0.89,50.04,1,2026-07-30 21:06:19
4419,25,64.94,488.24,0.88,50.0,1,2026-07-30 21:14:19
4420,30,69.32,521.22,0.88,49.91,1,2026-07-30 21:22:19
4421,21,66.64,501.04,0.89,49.95,1,2026-07-30 21:30:19
4422,20,67.02,503.93,0.9,50.1,1,2026-07-30 21:38:19
4423,30,68.63,516.05,0.88,50.05,1,2026-07-30 21:46:19
4424,24,64.88,487.84,0.91,50.0,1,2026-07-30 21:54:19
4425,18,33.28,250.23,0.92,49.94,0,2026-07-30 22:02:19
4426,23,33.27,250.15,0.93,50.05,0,2026-07-30 22:10:19
4427,21,33.38,250.97,0.94,49.93,0,2026-07-30 22:18:19
4428,29,30.09,226.26,0.92,50.0,0,2026-07-30 22:26:19
4429,8,37.81,284.3,0.93,50.05,0,2026-07-30 22:34:19
4430,6,34.0,255.64,0.94,49.97,0,2026-07-30 22:42:19
4431,27,32.49,244.29,0.93,50.0,0,2026-07-30 22:50:19
4432,27,36.13,271.63,0.94,50.08,0,2026-07-30 22:58:19
4433,22,30.98,232.91,0.93,49.99,0,2026-07-30 23:06:19
4434,16,32.43,243.86,0.95,50.01,0,2026-07-30 23:14:19
4435,18,30.37,228.37,0.91,49.9,0,2026-07-30 23:22:19
4436,8,32.99,248.03,0.93,50.02,0,2026-07-30 23:30:19
4437,23,30.59,229.98,0.93,50.06,0,2026-07-30 23:38:19
4438,29,37.66,283.13,0.93,50.1,0,2026-07-30 23:46:19
4439,18,32.59,245.02,0.94,50.1,0,2026-07-30 23:54:19
4440,20,35.44,266.5,0.93,49.96,0,2026-07-31 00:02:19
4441,6,36.2,272.19,0.93,50.05,0,2026-07-31 00:10:19
4442,29,33.86,254.57,0.92,50.06,0,2026-07-31 00:18:19
4443,14,36.78,276.57,0.93,49.97,0,2026-07-31 00:26:19
4444,21,31.57,237.38,0.93,50.04,0,2026-07-31 00:34:19
4445,16,36.42,273.81,0.92,50.09,0,2026-07-31 00:42:19
4446,8,37.4,281.24,0.92,49.92,0,2026-07-31 00:50:19
4447,6,37.55,282.3,0.91,50.05,0,2026-07-31 00:58:19
4448,30,37.47,281.72,0.91,49.91,0,2026-07-31 01:06:19
4449,6,36.8,276.66,0.92,50.07,0,2026-07-31 01:14:19
4450,25,34.7,260.93,0.93,50.0,0,2026-07-31 01:22:19
4451,17,36.38,273.54,0.93,50.03,0,2026-07-31 01:30:19
4452,6,36.79,276.59,0.93,50.02,0,2026-07-31 01:38:19
4453,27,32.23,242.34,0.93,50.07,0,2026-07-31 01:46:19
4454,21,37.09,278.85,0.93,49.98,0,2026-07-31 01:54:19
4455,18,34.93,262.61,0.93,50.0,0,2026-07-31 02:02:19
4456,26,33.94,255.21,0.92,50.06,0,2026-07-31 02:10:19
4457,17,30.09,226.26,0.92,50.05,0,2026-07-31 02:18:19
4458,7,35.16,264.35,0.92,49.92,0,2026-07-31 02:26:19
4459,10,33.41,251.19,0.94,49.92,0,2026-07-31 02:34:19
4460,3,32.43,243.82,0.94,49.95,0,2026-07-31 02:42:19
4461,15,34.42,258.8,0.91,49.92,0,2026-07-31 02:50:19
4462,28,34.53,259.63,0.95,49.96,0,2026-07-31 02:58:19
4463,25,31.46,236.54,0.94,50.07,0,2026-07-31 03:06:19
4464,21,33.43,251.34,0.93,49.93,0,2026-07-31 03:14:19
4465,20,36.8,276.68,0.92,50.05,0,2026-07-31 03:22:19
4466,6,37.04,278.51,0.91,49.91,0,2026-07-31 03:30:19
4467,27,35.9,269.93,0.91,50.07,0,2026-07-31 03:38:19
4468,11,35.76,268.87,0.92,49.9,0,2026-07-31 03:46:19
4469,10,32.33,243.05,0.94,49.95,0,2026-07-31 03:54:19
4470,18,32.31,242.95,0.93,50.0,0,2026-07-31 04:02:19
4471,13,32.73,246.06,0.95,50.0,0,2026-07-31 04:10:19
4472,23,30.94,232.65,0.91,50.09,0,2026-07-31 04:18:19
4473,29,31.75,238.74,0.93,50.06,0,2026-07-31 04:26:19
4474,5,35.92,270.04,0.92,50.08,0,2026-07-31 04:34:19
4475,13,32.55,244.76,0.91,49.97,0,2026-07-31 04:42:19
4476,15,36.44,274.0,0.92,49.95,0,2026-07-31 04:50:19
4477,27,35.44,266.47,0.92,50.05,0,2026-07-31 04:58:19
4478,11,32.51,244.45,0.93,49.9,0,2026-07-31 05:06:19
4479,15,31.28,235.17,0.92,49.99,0,2026-07-31 05:14:19
4480,23,30.95,232.7,0.94,49.95,0,2026-07-31 05:22:19
4481,6,31.74,238.67,0.93,50.04,0,2026-07-31 05:30:19
4482,9,31.84,239.41,0.91,49.94,0,2026-07-31 05:38:19
4483,28,36.88,277.29,0.9,50.1,0,2026-07-31 05:46:19
4484,2,34.46,259.13,0.92,49.91,0,2026-07-31 05:54:19
4485,11,30.93,232.56,0.93,50.01,0,2026-07-31 06:02:19
4486,5,35.26,265.1,0.93,49.92,0,2026-07-31 06:10:19
4487,27,30.64,230.37,0.95,50.07,0,2026-07-31 06:18:19
4488,23,37.82,284.35,0.93,50.05,0,2026-07-31 06:26:19
4489,20,30.07,226.09,0.91,49.95,0,2026-07-31 06:34:19
4490,26,31.34,235.67,0.93,49.97,0,2026-07-31 06:42:19
4491,12,35.6,267.7,0.94,50.08,0,2026-07-31 06:50:19
4492,30,30.19,226.98,0.94,50.08,0,2026-07-31 06:58:19
4493,4,31.36,235.81,0.95,50.03,0,2026-07-31 07:06:19
4494,9,35.2,264.67,0.92,49.93,0,2026-07-31 07:14:19
4495,9,31.75,238.69,0.91,49.94,0,2026-07-31 07:22:19
4496,5,37.22,279.85,0.92,49.98,0,2026-07-31 07:30:19
4497,10,33.35,250.78,0.91,50.01,0,2026-07-31 07:38:19
4498,17,30.52,229.46,0.91,50.1,0,2026-07-31 07:46:19
4499,5,35.76,268.84,0.93,49.93,0,2026-07-31 07:54:19
4500,12,36.92,277.59,0.94,49.99,0,2026-07-31 08:02:19
4501,10,30.33,228.03,0.91,49.95,0,2026-07-31 08:10:19
4502,9,32.83,246.82,0.94,50.07,0,2026-07-31 08:18:19
4503,1,34.07,256.18,0.94,50.09,0,2026-07-31 08:26:19
4504,27,31.51,236.92,0.92,49.99,0,2026-07-31 08:34:19
4505,8,32.75,246.23,0.94,50.04,0,2026-07-31 08:42:19
4506,1,33.79,254.04,0.91,49.93,0,2026-07-31 08:50:19
4507,6,36.39,273.64,0.93,50.07,0,2026-07-31 08:58:19
4508,9,30.86,232.02,0.94,50.02,0,2026-07-31 09:06:19
4509,14,33.34,250.64,0.92,50.0,0,2026-07-31 09:14:19
4510,13,35.85,269.54,0.91,50.0,0,2026-07-31 09:22:19
4511,9,37.21,279.79,0.93,49.95,0,2026-07-31 09:30:19
4512,30,36.26,272.62,0.93,50.0,0,2026-07-31 09:38:19
4513,17,32.5,244.37,0.91,50.03,0,2026-07-31 09:46:19
4514,8,34.94,262.67,0.91,49.97,0,2026-07-31 09:54:19
4515,29,30.68,230.65,0.92,49.98,0,2026-07-31 10:02:19
4516,8,33.01,248.18,0.93,49.96,0,2026-07-31 10:10:19
4517,30,34.1,256.4,0.91,50.08,0,2026-07-31 10:18:19
4518,2,33.88,254.7,0.93,50.02,0,2026-07-31 10:26:19
4519,8,36.81,276.78,0.93,49.91,0,2026-07-31 10:34:19
4520,16,37.56,282.4,0.92,50.02,0,2026-07-31 10:42:19
4521,21,30.68,230.67,0.94,49.94,0,2026-07-31 10:50:19
4522,6,36.13,271.62,0.94,50.07,0,2026-07-31 10:58:19
4523,10,30.37,228.32,0.94,50.0,0,2026-07-31 11:06:19
4524,5,32.06,241.05,0.94,49.98,0,2026-07-31 11:14:19
4525,27,31.28,235.21,0.91,50.08,0,2026-07-31 11:22:19
4526,14,35.97,270.48,0.93,50.05,0,2026-07-31 11:30:19
4527,30,30.07,226.09,0.93,49.92,0,2026-07-31 11:38:19
4528,4,31.77,238.88,0.91,50.08,0,2026-07-31 11:46:19
4529,16,32.46,244.07,0.94,50.1,0,2026-07-31 11:54:19
4530,14,35.1,263.94,0.93,49.98,0,2026-07-31 12:02:19
4531,7,37.82,284.37,0.9,50.06,0,2026-07-31 12:10:19
4532,23,36.11,271.52,0.92,50.09,0,2026-07-31 12:18:19
4533,5,32.32,243.02,0.94,49.94,0,2026-07-31 12:26:19
4534,3,34.56,259.88,0.94,50.09,0,2026-07-31 12:34:19
4535,30,34.72,261.07,0.95,49.99,0,2026-07-31 12:42:19
4536,4,34.3,257.89,0.93,50.05,0,2026-07-31 12:50:19
4537,17,30.69,230.77,0.93,49.92,0,2026-07-31 12:58:19
4538,30,37.1,278.95,0.94,50.02,0,2026-07-31 13:06:19
4539,14,31.12,234.01,0.94,49.93,0,2026-07-31 13:14:19
4540,5,34.14,256.72,0.94,49.97,0,2026-07-31 13:22:19
4541,19,35.34,265.71,0.92,49.93,0,2026-07-31 13:30:19
4542,19,35.79,269.07,0.92,50.02,0,2026-07-31 13:38:19
4543,16,31.94,240.16,0.91,50.09,0,2026-07-31 13:46:19
4544,30,30.87,232.11,0.92,50.0,0,2026-07-31 13:54:19
4545,29,70.89,533.02,0.88,50.07,1,2026-07-31 14:02:19
4546,28,66.03,496.43,0.89,50.06,1,2026-07-31 14:10:19
4547,28,70.8,532.36,0.88,49.99,1,2026-07-31 14:18:19
4548,28,71.77,539.61,0.89,49.95,1,2026-07-31 14:26:19
4549,11,69.27,520.79,0.89,50.03,1,2026-07-31 14:34:19
4550,17,65.74,494.32,0.88,49.92,1,2026-07-31 14:42:19
4551,14,68.59,515.69,0.87,49.95,1,2026-07-31 14:50:19
4552,20,67.59,508.21,0.87,49.99,1,2026-07-31 14:58:19
4553,21,71.53,537.81,0.87,50.07,1,2026-07-31 15:06:19
4554,26,67.47,507.31,0.88,50.08,1,2026-07-31 15:14:19
4555,22,65.46,492.15,0.91,49.98,1,2026-07-31 15:22:19
4556,2,71.69,539.0,0.89,50.07,1,2026-07-31 15:30:19
4557,24,68.95,518.45,0.89,49.9,1,2026-07-31 15:38:19
4558,26,65.75,494.36,0.89,49.97,1,2026-07-31 15:46:19
4559,24,69.95,525.94,0.9,49.93,1,2026-07-31 15:54:19
4560,17,66.01,496.29,0.91,49.9,1,2026-07-31 16:02:19
4561,29,71.35,536.44,0.89,50.06,1,2026-07-31 16:10:19
4562,1,71.9,540.58,0.89,50.01,1,2026-07-31 16:18:19
4563,9,66.96,503.49,0.89,49.96,1,2026-07-31 16:26:19
4564,17,67.42,506.94,0.9,49.98,1,2026-07-31 16:34:19
4565,6,65.05,489.07,0.88,50.01,1,2026-07-31 16:42:19
4566,4,65.67,493.75,0.9,50.05,1,2026-07-31 16:50:19
4567,25,64.72,486.62,0.88,50.04,1,2026-07-31 16:58:19
4568,1,67.78,509.61,0.89,49.9,1,2026-07-31 17:06:19
4569,21,68.79,517.19,0.89,50.06,1,2026-07-31 17:14:19
4570,3,64.39,484.12,0.9,50.05,1,2026-07-31 17:22:19
4571,10,65.55,492.83,0.89,49.94,1,2026-07-31 17:30:19
4572,24,70.77,532.12,0.9,49.99,1,2026-07-31 17:38:19
4573,13,68.28,513.36,0.91,49.92,1,2026-07-31 17:46:19
4574,17,64.44,484.5,0.9,50.09,1,2026-07-31 17:54:19
4575,9,68.94,518.34,0.89,50.09,1,2026-07-31 18:02:19
4576,27,69.57,523.05,0.9,50.05,1,2026-07-31 18:10:19
4577,26,70.68,531.46,0.89,49.91,1,2026-07-31 18:18:19
4578,29,70.98,533.66,0.91,49.99,1,2026-07-31 18:26:19
4579,19,64.64,485.99,0.88,50.06,1,2026-07-31 18:34:19
4580,29,64.97,488.52,0.91,49.93,1,2026-07-31 18:42:19
4581,15,66.05,496.62,0.91,49.93,1,2026-07-31 18:50:19
4582,14,64.46,484.69,0.88,50.1,1,2026-07-31 18:58:19
4583,11,65.27,490.73,0.88,49.99,1,2026-07-31 19:06:19
4584,30,65.36,491.41,0.89,49.91,1,2026-07-31 19:14:19
4585,25,65.29,490.92,0.91,50.07,1,2026-07-31 19:22:19
4586,15,69.93,525.81,0.89,50.03,1,2026-07-31 19:30:19
4587,28,70.89,533.01,0.88,50.01,1,2026-07-31 19:38:19
4588,23,68.72,516.67,0.9,50.07,1,2026-07-31 19:46:19
4589,14,71.17,535.15,0.91,49.96,1,2026-07-31 19:54:19
4590,13,68.32,513.71,0.87,50.0,1,2026-07-31 20:02:19
4591,30,66.9,503.03,0.91,50.03,1,2026-07-31 20:10:19
4592,11,70.83,532.56,0.88,50.08,1,2026-07-31 20:18:19
4593,16,70.06,526.79,0.89,49.92,1,2026-07-31 20:26:19
4594,20,70.38,529.17,0.9,49.95,1,2026-07-31 20:34:19
4595,27,66.82,502.43,0.9,49.9,1,2026-07-31 20:42:19
4596,27,64.38,484.09,0.89,49.97,1,2026-07-31 20:50:19
4597,12,68.39,514.18,0.91,49.92,1,2026-07-31 20:58:19
4598,30,66.8,502.26,0.88,50.02,1,2026-07-31 21:06:19
4599,20,71.92,540.72,0.88,50.08,1,2026-07-31 21:14:19
4600,17,64.74,486.74,0.88,50.06,1,2026-07-31 21:22:19
4601,25,69.13,519.81,0.89,50.02,1,2026-07-31 21:30:19
4602,17,65.81,494.78,0.89,50.02,1,2026-07-31 21:38:19
4603,29,65.11,489.56,0.89,50.07,1,2026-07-31 21:46:19
4604,17,67.37,506.54,0.91,50.09,1,2026-07-31 21:54:19
4605,25,37.13,279.15,0.93,49.95,0,2026-07-31 22:02:19
4606,9,31.98,240.43,0.91,50.01,0,2026-07-31 22:10:19
4607,6,30.83,231.8,0.92,50.08,0,2026-07-31 22:18:19
4608,4,36.94,277.72,0.94,50.09,0,2026-07-31 22:26:19
4609,30,37.56,282.42,0.94,49.99,0,2026-07-31 22:34:19
4610,24,36.26,272.64,0.94,50.07,0,2026-07-31 22:42:19
4611,18,30.86,232.03,0.95,50.01,0,2026-07-31 22:50:19
4612,1,30.55,229.73,0.94,50.02,0,2026-07-31 22:58:19
4613,8,31.78,238.97,0.95,49.93,0,2026-07-31 23:06:19
4614,12,32.23,242.32,0.92,49.92,0,2026-07-31 23:14:19
4615,20,32.46,244.09,0.94,49.95,0,2026-07-31 23:22:19
4616,27,35.91,270.03,0.92,50.01,0,2026-07-31 23:30:19
4617,26,31.52,236.99,0.91,50.0,0,2026-07-31 23:38:19
4618,29,32.09,241.28,0.94,50.04,0,2026-07-31 23:46:19
4619,1,35.62,267.84,0.93,50.09,0,2026-07-31 23:54:19
4620,26,31.58,237.41,0.93,50.09,0,2026-08-01 00:02:19
4621,12,36.51,274.54,0.91,50.03,0,2026-08-01 00:10:19
4622,25,32.32,242.97,0.92,50.05,0,2026-08-01 00:18:19
4623,4,31.81,239.2,0.92,50.06,0,2026-08-01 00:26:19
4624,8,38.02,285.83,0.92,50.0,0,2026-08-01 00:34:19
4625,27,34.32,258.07,0.92,50.01,0,2026-08-01 00:42:19
4626,15,34.63,260.36,0.94,49.91,0,2026-08-01 00:50:19
4627,7,31.19,234.49,0.94,50.09,0,2026-08-01 00:58:19
4628,11,30.08,226.13,0.94,50.08,0,2026-08-01 01:06:19
4629,16,36.28,272.78,0.91,50.1,0,2026-08-01 01:14:19
4630,11,37.25,280.08,0.92,49.93,0,2026-08-01 01:22:19
4631,29,35.92,270.09,0.93,49.91,0,2026-08-01 01:30:19
4632,27,37.38,281.02,0.91,50.0,0,2026-08-01 01:38:19
4633,12,36.77,276.48,0.91,49.97,0,2026-08-01 01:46:19
4634,18,35.6,267.67,0.92,49.96,0,2026-08-01 01:54:19
4635,22,35.81,269.24,0.94,49.91,0,2026-08-01 02:02:19
4636,23,37.64,283.02,0.9,50.1,0,2026-08-01 02:10:19
4637,25,34.08,256.21,0.93,50.05,0,2026-08-01 02:18:19
4638,6,31.32,235.48,0.93,50.1,0,2026-08-01 02:26:19
4639,30,35.71,268.49,0.93,49.99,0,2026-08-01 02:34:19
4640,23,36.35,273.28,0.92,50.04,0,2026-08-01 02:42:19
4641,21,36.02,270.83,0.94,50.06,0,2026-08-01 02:50:19
4642,26,34.78,261.49,0.92,50.07,0,2026-08-01 02:58:19
4643,2,35.93,270.16,0.92,49.95,0,2026-08-01 03:06:19
4644,23,34.63,260.39,0.93,49.91,0,2026-08-01 03:14:19
4645,17,31.79,239.05,0.93,49.98,0,2026-08-01 03:22:19
4646,24,31.09,233.77,0.92,50.0,0,2026-08-01 03:30:19
4647,9,35.16,264.39,0.93,49.95,0,2026-08-01 03:38:19
4648,28,32.42,243.79,0.92,49.94,0,2026-08-01 03:46:19
4649,12,35.0,263.15,0.94,49.97,0,2026-08-01 03:54:19
4650,30,36.46,274.17,0.92,49.95,0,2026-08-01 04:02:19
4651,15,33.33,250.57,0.94,50.02,0,2026-08-01 04:10:19
4652,11,36.54,274.71,0.91,50.07,0,2026-08-01 04:18:19
4653,9,32.57,244.92,0.91,50.0,0,2026-08-01 04:26:19
4654,30,30.33,228.07,0.91,49.96,0,2026-08-01 04:34:19
4655,1,30.68,230.71,0.94,49.91,0,2026-08-01 04:42:19
4656,25,34.68,260.72,0.94,50.07,0,2026-08-01 04:50:19
4657,29,35.07,263.68,0.93,50.06,0,2026-08-01 04:58:19
4658,15,31.29,235.29,0.93,50.04,0,2026-08-01 05:06:19
4659,10,33.02,248.26,0.94,49.92,0,2026-08-01 05:14:19
4660,9,36.9,277.48,0.91,50.05,0,2026-08-01 05:22:19
4661,25,37.27,280.21,0.92,50.05,0,2026-08-01 05:30:19
4662,9,31.49,236.8,0.94,49.91,0,2026-08-01 05:38:19
4663,2,32.28,242.71,0.92,50.01,0,2026-08-01 05:46:19
4664,9,34.03,255.86,0.92,50.07,0,2026-08-01 05:54:19
4665,8,36.43,273.93,0.93,50.05,0,2026-08-01 06:02:19
4666,11,30.25,227.42,0.92,49.98,0,2026-08-01 06:10:19
4667,24,30.82,231.72,0.95,50.01,0,2026-08-01 06:18:19
4668,23,32.01,240.68,0.93,49.98,0,2026-08-01 06:26:19
4669,1,31.61,237.64,0.92,49.94,0,2026-08-01 06:34:19
4670,14,32.03,240.83,0.93,50.02,0,2026-08-01 06:42:19
4671,11,32.9,247.38,0.92,50.08,0,2026-08-01 06:50:19
4672,20,36.48,274.3,0.94,50.03,0,2026-08-01 06:58:19
4673,29,35.23,264.88,0.93,50.02,0,2026-08-01 07:06:19
4674,4,30.15,226.69,0.95,49.91,0,2026-08-01 07:14:19
4675,30,33.97,255.4,0.92,49.97,0,2026-08-01 07:22:19
4676,2,35.01,263.21,0.92,50.03,0,2026-08-01 07:30:19
4677,6,30.8,231.61,0.91,49.97,0,2026-08-01 07:38:19
4678,17,33.11,248.92,0.92,50.04,0,2026-08-01 07:46:19
4679,24,31.72,238.52,0.93,50.09,0,2026-08-01 07:54:19
4680,3,33.43,251.35,0.94,50.02,0,2026-08-01 08:02:19
4681,21,38.02,285.85,0.91,49.91,0,2026-08-01 08:10:19
4682,30,33.27,250.12,0.94,49.94,0,2026-08-01 08:18:19
4683,26,32.19,242.05,0.91,49.98,0,2026-08-01 08:26:19
4684,20,33.0,248.13,0.94,50.02,0,2026-08-01 08:34:19
4685,25,35.95,270.31,0.92,49.9,0,2026-08-01 08:42:19
4686,12,30.2,227.04,0.95,50.09,0,2026-08-01 08:50:19
4687,3,34.38,258.49,0.93,50.02,0,2026-08-01 08:58:19
4688,24,35.79,269.11,0.92,49.91,0,2026-08-01 09:06:19
4689,26,30.2,227.1,0.94,49.93,0,2026-08-01 09:14:19
4690,21,33.25,250.02,0.94,50.03,0,2026-08-01 09:22:19
4691,2,34.05,256.04,0.94,50.05,0,2026-08-01 09:30:19
4692,13,31.81,239.19,0.91,49.98,0,2026-08-01 09:38:19
4693,26,32.16,241.84,0.94,49.97,0,2026-08-01 09:46:19
4694,9,35.95,270.29,0.91,49.93,0,2026-08-01 09:54:19
4695,25,37.53,282.16,0.91,49.92,0,2026-08-01 10:02:19
4696,7,31.46,236.53,0.92,49.93,0,2026-08-01 10:10:19
4697,18,31.85,239.44,0.92,50.04,0,2026-08-01 10:18:19
4698,16,33.69,253.28,0.92,50.05,0,2026-08-01 10:26:19
4699,3,30.72,231.0,0.92,50.0,0,2026-08-01 10:34:19
4700,11,32.76,246.28,0.92,50.01,0,2026-08-01 10:42:19
4701,24,37.7,283.43,0.92,50.1,0,2026-08-01 10:50:19
4702,13,34.38,258.49,0.91,49.97,0,2026-08-01 10:58:19
4703,15,34.19,257.08,0.93,50.0,0,2026-08-01 11:06:19
4704,4,34.79,261.57,0.94,50.07,0,2026-08-01 11:14:19
4705,6,31.67,238.11,0.93,50.01,0,2026-08-01 11:22:19
4706,8,34.36,258.34,0.93,49.91,0,2026-08-01 11:30:19
4707,27,35.03,263.35,0.93,50.01,0,2026-08-01 11:38:19
4708,18,34.77,261.43,0.92,50.0,0,2026-08-01 11:46:19
4709,19,30.28,227.7,0.94,49.91,0,2026-08-01 11:54:19
4710,8,34.26,257.63,0.93,49.99,0,2026-08-01 12:02:19
4711,12,37.49,281.85,0.92,50.08,0,2026-08-01 12:10:19
4712,14,36.51,274.53,0.9,49.9,0,2026-08-01 12:18:19
4713,11,30.25,227.48,0.92,49.96,0,2026-08-01 12:26:19
4714,15,33.09,248.81,0.93,50.04,0,2026-08-01 12:34:19
4715,9,36.54,274.77,0.94,49.98,0,2026-08-01 12:42:19
4716,18,33.28,250.26,0.91,49.96,0,2026-08-01 12:50:19
4717,9,35.62,267.82,0.93,49.91,0,2026-08-01 12:58:19
4718,22,35.42,266.33,0.92,49.95,0,2026-08-01 13:06:19
4719,10,33.84,254.4,0.91,49.94,0,2026-08-01 13:14:19
4720,12,35.62,267.79,0.94,50.06,0,2026-08-01 13:22:19
4721,11,31.29,235.26,0.93,50.04,0,2026-08-01 13:30:19
4722,25,35.19,264.62,0.93,49.96,0,2026-08-01 13:38:19
4723,13,37.74,283.78,0.94,49.9,0,2026-08-01 13:46:19
4724,7,34.01,255.7,0.94,50.01,0,2026-08-01 13:54:19
4725,15,67.43,506.98,0.9,49.95,1,2026-08-01 14:02:19
4726,9,68.48,514.87,0.9,50.02,1,2026-08-01 14:10:19
4727,12,71.53,537.84,0.88,50.0,1,2026-08-01 14:18:19
4728,2,71.5,537.6,0.88,49.97,1,2026-08-01 14:26:19
4729,30,64.83,487.42,0.91,49.98,1,2026-08-01 14:34:19
4730,22,64.47,484.71,0.91,50.05,1,2026-08-01 14:42:19
4731,28,71.45,537.2,0.89,49.91,1,2026-08-01 14:50:19
4732,12,69.66,523.77,0.89,49.99,1,2026-08-01 14:58:19
4733,6,68.15,512.39,0.91,49.98,1,2026-08-01 15:06:19
4734,17,70.34,528.88,0.9,49.99,1,2026-08-01 15:14:19
4735,22,65.85,495.12,0.88,50.0,1,2026-08-01 15:22:19
4736,4,67.43,507.01,0.88,49.96,1,2026-08-01 15:30:19
4737,21,67.56,507.95,0.91,50.02,1,2026-08-01 15:38:19
4738,10,70.06,526.73,0.9,49.93,1,2026-08-01 15:46:19
4739,25,68.32,513.71,0.91,50.06,1,2026-08-01 15:54:19
4740,21,64.31,483.56,0.9,50.06,1,2026-08-01 16:02:19
4741,6,71.15,534.97,0.89,49.91,1,2026-08-01 16:10:19
4742,19,69.21,520.37,0.91,49.97,1,2026-08-01 16:18:19
4743,10,72.06,541.79,0.88,50.09,1,2026-08-01 16:26:19
4744,25,64.44,484.5,0.9,50.01,1,2026-08-01 16:34:19
4745,28,69.24,520.6,0.88,49.94,1,2026-08-01 16:42:19
4746,12,71.67,538.9,0.88,49.9,1,2026-08-01 16:50:19
4747,12,68.47,514.84,0.91,49.97,1,2026-08-01 16:58:19
4748,25,67.04,504.04,0.88,49.98,1,2026-08-01 17:06:19
4749,14,67.07,504.31,0.9,50.06,1,2026-08-01 17:14:19
4750,27,66.96,503.43,0.89,49.96,1,2026-08-01 17:22:19
4751,9,64.58,485.56,0.91,50.05,1,2026-08-01 17:30:19
4752,6,69.8,524.8,0.88,50.05,1,2026-08-01 17:38:19
4753,20,67.78,509.61,0.9,50.0,1,2026-08-01 17:46:19
4754,16,71.68,538.96,0.88,49.94,1,2026-08-01 17:54:19
4755,26,67.01,503.84,0.88,49.97,1,2026-08-01 18:02:19
4756,14,65.76,494.47,0.91,50.01,1,2026-08-01 18:10:19
4757,11,72.07,541.87,0.87,49.97,1,2026-08-01 18:18:19
4758,13,66.76,501.96,0.9,50.0,1,2026-08-01 18:26:19
4759,2,68.19,512.71,0.9,50.04,1,2026-08-01 18:34:19
4760,19,68.3,513.57,0.89,50.01,1,2026-08-01 18:42:19
4761,27,69.6,523.28,0.9,50.02,1,2026-08-01 18:50:19
4762,25,64.83,487.45,0.89,49.9,1,2026-08-01 18:58:19
4763,20,64.7,486.48,0.88,49.96,1,2026-08-01 19:06:19
4764,17,71.45,537.22,0.9,49.94,1,2026-08-01 19:14:19
4765,25,65.17,490.02,0.89,49.99,1,2026-08-01 19:22:19
4766,29,70.89,533.03,0.89,49.92,1,2026-08-01 19:30:19
4767,14,65.75,494.38,0.89,50.03,1,2026-08-01 19:38:19
4768,22,70.58,530.68,0.87,50.05,1,2026-08-01 19:46:19
4769,3,68.33,513.74,0.91,49.9,1,2026-08-01 19:54:19
4770,15,64.84,487.52,0.91,49.99,1,2026-08-01 20:02:19
4771,1,70.85,532.7,0.88,50.0,1,2026-08-01 20:10:19
4772,28,66.28,498.32,0.89,50.03,1,2026-08-01 20:18:19
4773,27,65.82,494.91,0.87,49.9,1,2026-08-01 20:26:19
4774,12,68.22,512.91,0.88,50.05,1,2026-08-01 20:34:19
4775,27,64.66,486.13,0.88,49.96,1,2026-08-01 20:42:19
4776,1,69.06,519.25,0.87,49.95,1,2026-08-01 20:50:19
4777,22,71.67,538.89,0.88,49.93,1,2026-08-01 20:58:19
4778,27,68.39,514.21,0.9,49.98,1,2026-08-01 21:06:19
4779,19,71.86,540.29,0.88,50.04,1,2026-08-01 21:14:19
4780,20,67.86,510.22,0.88,50.07,1,2026-08-01 21:22:19
4781,7,71.05,534.24,0.89,50.05,1,2026-08-01 21:30:19
4782,11,65.49,492.39,0.91,49.93,1,2026-08-01 21:38:19
4783,14,67.22,505.38,0.91,49.99,1,2026-08-01 21:46:19
4784,16,68.83,517.5,0.9,49.95,1,2026-08-01 21:54:19
4785,19,30.1,226.29,0.92,49.94,0,2026-08-01 22:02:19
4786,6,34.09,256.34,0.93,50.08,0,2026-08-01 22:10:19
4787,16,34.64,260.46,0.92,50.07,0,2026-08-01 22:18:19
4788,12,32.0,240.6,0.93,50.0,0,2026-08-01 22:26:19
4789,24,30.75,231.2,0.91,50.09,0,2026-08-01 22:34:19
4790,7,35.63,267.86,0.94,49.92,0,2026-08-01 22:42:19
4791,12,32.64,245.44,0.94,50.04,0,2026-08-01 22:50:19
4792,1,31.71,238.45,0.95,50.01,0,2026-08-01 22:58:19
4793,26,31.73,238.56,0.92,50.08,0,2026-08-01 23:06:19
4794,7,32.29,242.8,0.95,49.95,0,2026-08-01 23:14:19
4795,29,32.76,246.3,0.91,49.92,0,2026-08-01 23:22:19
4796,5,31.52,237.0,0.91,49.96,0,2026-08-01 23:30:19
4797,16,31.74,238.65,0.93,50.1,0,2026-08-01 23:38:19
4798,28,30.86,232.06,0.94,50.06,0,2026-08-01 23:46:19
4799,23,35.77,268.94,0.93,50.01,0,2026-08-01 23:54:19
4800,23,36.34,273.24,0.94,49.91,0,2026-08-02 00:02:19
4801,5,33.37,250.9,0.93,49.94,0,2026-08-02 00:10:19
4802,10,30.45,228.95,0.94,49.91,0,2026-08-02 00:18:19
4803,14,30.97,232.85,0.93,50.06,0,2026-08-02 00:26:19
4804,15,34.06,256.07,0.92,49.97,0,2026-08-02 00:34:19
4805,2,33.92,255.06,0.92,50.0,0,2026-08-02 00:42:19
4806,9,37.56,282.41,0.92,50.07,0,2026-08-02 00:50:19
4807,11,32.29,242.8,0.91,50.09,0,2026-08-02 00:58:19
4808,12,30.76,231.25,0.93,50.07,0,2026-08-02 01:06:19
4809,20,37.13,279.2,0.91,49.91,0,2026-08-02 01:14:19
4810,20,32.97,247.88,0.92,50.01,0,2026-08-02 01:22:19
4811,11,37.55,282.33,0.92,49.94,0,2026-08-02 01:30:19
4812,13,36.64,275.46,0.94,49.98,0,2026-08-02 01:38:19
4813,19,33.0,248.1,0.94,50.01,0,2026-08-02 01:46:19
4814,14,33.32,250.49,0.93,50.05,0,2026-08-02 01:54:19
4815,15,37.0,278.16,0.94,50.01,0,2026-08-02 02:02:19
4816,12,32.26,242.53,0.91,49.94,0,2026-08-02 02:10:19
4817,10,37.5,281.92,0.9,49.95,0,2026-08-02 02:18:19
4818,19,32.04,240.88,0.91,49.92,0,2026-08-02 02:26:19
4819,19,34.84,261.95,0.93,50.08,0,2026-08-02 02:34:19
4820,22,32.91,247.41,0.92,50.02,0,2026-08-02 02:42:19
4821,13,35.2,264.67,0.93,50.05,0,2026-08-02 02:50:19
4822,30,36.3,272.92,0.91,49.92,0,2026-08-02 02:58:19
4823,29,32.47,244.13,0.92,50.04,0,2026-08-02 03:06:19
4824,15,35.69,268.38,0.92,50.0,0,2026-08-02 03:14:19
4825,26,31.33,235.56,0.94,49.99,0,2026-08-02 03:22:19
4826,27,31.87,239.62,0.95,49.96,0,2026-08-02 03:30:19
4827,8,30.41,228.62,0.93,50.1,0,2026-08-02 03:38:19
4828,7,37.88,284.81,0.92,49.96,0,2026-08-02 03:46:19
4829,15,33.68,253.25,0.93,50.1,0,2026-08-02 03:54:19
4830,30,33.92,255.07,0.93,49.94,0,2026-08-02 04:02:19
4831,30,37.25,280.08,0.91,50.09,0,2026-08-02 04:10:19
4832,16,35.81,269.24,0.93,49.95,0,2026-08-02 04:18:19
4833,30,31.47,236.65,0.93,49.97,0,2026-08-02 04:26:19
4834,21,30.25,227.44,0.94,50.07,0,2026-08-02 04:34:19
4835,14,37.27,280.19,0.92,50.1,0,2026-08-02 04:42:19
4836,8,34.93,262.61,0.92,49.9,0,2026-08-02 04:50:19
4837,18,35.1,263.88,0.92,49.94,0,2026-08-02 04:58:19
4838,25,35.31,265.47,0.92,49.91,0,2026-08-02 05:06:19
4839,8,34.52,259.55,0.93,49.91,0,2026-08-02 05:14:19
4840,24,31.68,238.17,0.94,50.02,0,2026-08-02 05:22:19
4841,8,33.17,249.43,0.92,50.01,0,2026-08-02 05:30:19
4842,2,33.36,250.82,0.91,50.05,0,2026-08-02 05:38:19
4843,8,33.57,252.42,0.94,49.98,0,2026-08-02 05:46:19
4844,21,31.62,237.78,0.95,50.06,0,2026-08-02 05:54:19
4845,29,33.64,252.91,0.94,50.03,0,2026-08-02 06:02:19
4846,30,36.63,275.38,0.94,49.98,0,2026-08-02 06:10:19
4847,15,31.76,238.76,0.91,50.09,0,2026-08-02 06:18:19
4848,28,32.28,242.71,0.94,50.05,0,2026-08-02 06:26:19
4849,15,38.02,285.9,0.91,49.92,0,2026-08-02 06:34:19
4850,27,34.18,256.98,0.94,49.97,0,2026-08-02 06:42:19
4851,29,37.23,279.9,0.92,50.05,0,2026-08-02 06:50:19
4852,18,37.65,283.1,0.9,50.08,0,2026-08-02 06:58:19
4853,29,30.46,229.03,0.91,49.94,0,2026-08-02 07:06:19
4854,2,36.78,276.51,0.94,50.02,0,2026-08-02 07:14:19
4855,28,37.95,285.31,0.91,49.94,0,2026-08-02 07:22:19
4856,12,33.61,252.69,0.93,49.94,0,2026-08-02 07:30:19
4857,12,34.73,261.16,0.91,49.95,0,2026-08-02 07:38:19
4858,30,34.44,258.96,0.94,50.05,0,2026-08-02 07:46:19
4859,29,35.13,264.11,0.91,49.99,0,2026-08-02 07:54:19
4860,23,35.86,269.66,0.92,49.92,0,2026-08-02 08:02:19
4861,25,35.65,268.02,0.91,49.93,0,2026-08-02 08:10:19
4862,14,32.24,242.4,0.93,50.02,0,2026-08-02 08:18:19
4863,16,35.86,269.66,0.94,49.97,0,2026-08-02 08:26:19
4864,24,32.64,245.41,0.92,50.0,0,2026-08-02 08:34:19
4865,7,35.56,267.38,0.94,50.01,0,2026-08-02 08:42:19
4866,24,30.55,229.72,0.93,49.97,0,2026-08-02 08:50:19
4867,17,30.62,230.19,0.93,50.06,0,2026-08-02 08:58:19
4868,17,37.76,283.88,0.92,50.05,0,2026-08-02 09:06:19
4869,13,37.11,279.04,0.9,49.98,0,2026-08-02 09:14:19
4870,5,37.3,280.42,0.92,49.95,0,2026-08-02 09:22:19
4871,19,35.04,263.46,0.94,50.0,0,2026-08-02 09:30:19
4872,28,32.51,244.4,0.93,50.08,0,2026-08-02 09:38:19
4873,14,37.22,279.86,0.94,50.09,0,2026-08-02 09:46:19
4874,17,37.64,283.03,0.91,49.95,0,2026-08-02 09:54:19
4875,23,34.15,256.78,0.93,50.02,0,2026-08-02 10:02:19
4876,2,36.69,275.83,0.91,49.91,0,2026-08-02 10:10:19
4877,10,36.56,274.91,0.91,50.08,0,2026-08-02 10:18:19
4878,19,30.86,232.04,0.93,49.91,0,2026-08-02 10:26:19
4879,29,32.65,245.48,0.93,49.97,0,2026-08-02 10:34:19
4880,1,30.74,231.15,0.93,50.07,0,2026-08-02 10:42:19
4881,26,37.46,281.65,0.91,49.94,0,2026-08-02 10:50:19
4882,28,34.57,259.94,0.94,49.95,0,2026-08-02 10:58:19
4883,14,35.96,270.4,0.9,49.95,0,2026-08-02 11:06:19
4884,29,32.95,247.78,0.92,50.09,0,2026-08-02 11:14:19
4885,20,32.48,244.19,0.93,49.99,0,2026-08-02 11:22:19
4886,24,33.2,249.65,0.94,50.06,0,2026-08-02 11:30:19
4887,11,33.78,253.99,0.93,50.08,0,2026-08-02 11:38:19
4888,19,33.03,248.32,0.91,49.97,0,2026-08-02 11:46:19
4889,21,33.3,250.41,0.92,49.91,0,2026-08-02 11:54:19
4890,9,33.94,255.21,0.91,50.0,0,2026-08-02 12:02:19
4891,30,36.35,273.28,0.94,50.05,0,2026-08-02 12:10:19
4892,15,30.48,229.14,0.93,49.99,0,2026-08-02 12:18:19
4893,22,34.8,261.63,0.92,49.9,0,2026-08-02 12:26:19
4894,30,35.78,269.0,0.92,49.92,0,2026-08-02 12:34:19
4895,12,35.9,269.96,0.94,50.0,0,2026-08-02 12:42:19
4896,17,31.74,238.61,0.92,49.9,0,2026-08-02 12:50:19
4897,23,33.83,254.34,0.91,50.02,0,2026-08-02 12:58:19
4898,25,37.67,283.21,0.91,50.07,0,2026-08-02 13:06:19
4899,1,36.66,275.63,0.93,49.98,0,2026-08-02 13:14:19
4900,3,35.54,267.24,0.93,50.03,0,2026-08-02 13:22:19
4901,23,32.84,246.94,0.92,50.05,0,2026-08-02 13:30:19
4902,5,35.02,263.28,0.94,49.9,0,2026-08-02 13:38:19
4903,3,32.34,243.19,0.94,50.04,0,2026-08-02 13:46:19
4904,5,37.67,283.27,0.91,49.93,0,2026-08-02 13:54:19
4905,30,69.27,520.81,0.89,50.02,1,2026-08-02 14:02:19
4906,18,64.98,488.57,0.91,49.94,1,2026-08-02 14:10:19
4907,20,68.69,516.45,0.9,50.01,1,2026-08-02 14:18:19
4908,3,65.34,491.29,0.9,50.07,1,2026-08-02 14:26:19
4909,14,71.64,538.68,0.9,49.91,1,2026-08-02 14:34:19
4910,19,69.83,525.02,0.9,49.98,1,2026-08-02 14:42:19
4911,27,68.69,516.47,0.89,49.91,1,2026-08-02 14:50:19
4912,15,71.57,538.1,0.87,49.9,1,2026-08-02 14:58:19
4913,23,68.06,511.7,0.91,49.9,1,2026-08-02 15:06:19
4914,28,68.81,517.37,0.88,50.0,1,2026-08-02 15:14:19
4915,23,70.34,528.84,0.89,49.92,1,2026-08-02 15:22:19
4916,8,69.37,521.6,0.89,49.98,1,2026-08-02 15:30:19
4917,25,64.85,487.62,0.9,49.9,1,2026-08-02 15:38:19
4918,13,71.33,536.33,0.87,49.96,1,2026-08-02 15:46:19
4919,6,70.69,531.52,0.91,49.99,1,2026-08-02 15:54:19
4920,12,70.86,532.75,0.87,49.94,1,2026-08-02 16:02:19
4921,2,67.65,508.63,0.89,50.01,1,2026-08-02 16:10:19
4922,8,66.32,498.68,0.89,50.01,1,2026-08-02 16:18:19
4923,10,67.09,504.42,0.89,50.02,1,2026-08-02 16:26:19
4924,10,69.9,525.56,0.89,49.93,1,2026-08-02 16:34:19
4925,17,67.72,509.18,0.89,50.08,1,2026-08-02 16:42:19
4926,15,71.88,540.47,0.9,50.03,1,2026-08-02 16:50:19
4927,23,71.78,539.69,0.9,49.93,1,2026-08-02 16:58:19
4928,3,71.35,536.44,0.88,49.96,1,2026-08-02 17:06:19
4929,5,70.46,529.79,0.9,49.97,1,2026-08-02 17:14:19
4930,9,64.59,485.65,0.91,50.04,1,2026-08-02 17:22:19
4931,27,65.36,491.45,0.9,50.05,1,2026-08-02 17:30:19
4932,24,69.93,525.81,0.9,49.93,1,2026-08-02 17:38:19
4933,1,67.22,505.45,0.89,49.96,1,2026-08-02 17:46:19
4934,9,65.78,494.56,0.89,49.93,1,2026-08-02 17:54:19
4935,20,65.26,490.69,0.91,49.93,1,2026-08-02 18:02:19
4936,21,71.29,536.0,0.9,50.08,1,2026-08-02 18:10:19
4937,22,68.13,512.26,0.89,49.98,1,2026-08-02 18:18:19
4938,13,64.43,484.42,0.9,49.93,1,2026-08-02 18:26:19
4939,15,64.9,488.0,0.9,49.9,1,2026-08-02 18:34:19
4940,30,65.46,492.15,0.89,50.09,1,2026-08-02 18:42:19
4941,24,69.15,519.89,0.88,49.93,1,2026-08-02 18:50:19
4942,7,64.73,486.68,0.9,50.05,1,2026-08-02 18:58:19
4943,26,66.42,499.41,0.88,49.99,1,2026-08-02 19:06:19
4944,26,65.56,492.96,0.91,50.04,1,2026-08-02 19:14:19
4945,13,64.35,483.87,0.91,50.02,1,2026-08-02 19:22:19
4946,18,69.38,521.63,0.91,50.01,1,2026-08-02 19:30:19
4947,27,67.49,507.46,0.9,49.98,1,2026-08-02 19:38:19
4948,25,64.87,487.71,0.9,49.93,1,2026-08-02 19:46:19
4949,22,69.47,522.36,0.91,50.05,1,2026-08-02 19:54:19
4950,21,67.89,510.48,0.89,50.02,1,2026-08-02 20:02:19
4951,7,64.6,485.68,0.9,49.96,1,2026-08-02 20:10:19
4952,1,67.34,506.35,0.9,49.91,1,2026-08-02 20:18:19
4953,25,66.23,497.98,0.89,49.94,1,2026-08-02 20:26:19
4954,28,69.61,523.4,0.87,50.01,1,2026-08-02 20:34:19
4955,19,67.4,506.8,0.89,49.92,1,2026-08-02 20:42:19
4956,12,67.85,510.16,0.88,50.03,1,2026-08-02 20:50:19
4957,24,67.89,510.43,0.91,49.98,1,2026-08-02 20:58:19
4958,20,70.91,533.15,0.89,49.94,1,2026-08-02 21:06:19
4959,8,65.45,492.12,0.88,49.92,1,2026-08-02 21:14:19
4960,2,70.66,531.26,0.87,50.04,1,2026-08-02 21:22:19
4961,5,68.93,518.3,0.87,49.99,1,2026-08-02 21:30:19
4962,6,68.94,518.38,0.88,50.02,1,2026-08-02 21:38:19
4963,10,67.73,509.28,0.87,50.02,1,2026-08-02 21:46:19
4964,12,69.95,525.95,0.89,50.09,1,2026-08-02 21:54:19
4965,24,37.83,284.41,0.94,49.95,0,2026-08-02 22:02:19
4966,19,35.86,269.65,0.91,50.01,0,2026-08-02 22:10:19
4967,25,33.09,248.83,0.91,49.9,0,2026-08-02 22:18:19
4968,21,34.79,261.61,0.94,50.0,0,2026-08-02 22:26:19
4969,26,32.06,241.07,0.91,49.92,0,2026-08-02 22:34:19
4970,30,35.74,268.71,0.94,49.92,0,2026-08-02 22:42:19
4971,1,37.53,282.15,0.92,50.02,0,2026-08-02 22:50:19
4972,12,32.1,241.32,0.94,50.05,0,2026-08-02 22:58:19
4973,3,33.02,248.27,0.93,49.95,0,2026-08-02 23:06:19
4974,7,37.78,284.06,0.91,50.02,0,2026-08-02 23:14:19
4975,9,36.05,271.06,0.92,50.01,0,2026-08-02 23:22:19
4976,5,35.87,269.7,0.94,49.94,0,2026-08-02 23:30:19
4977,17,33.05,248.52,0.94,50.0,0,2026-08-02 23:38:19
4978,17,36.06,271.1,0.91,50.02,0,2026-08-02 23:46:19
4979,26,36.71,275.98,0.94,49.95,0,2026-08-02 23:54:19
4980,9,32.34,243.16,0.92,49.93,0,2026-08-03 00:02:19
4981,11,33.45,251.52,0.94,49.92,0,2026-08-03 00:10:19
4982,20,36.77,276.48,0.93,50.06,0,2026-08-03 00:18:19
4983,10,33.32,250.53,0.95,49.99,0,2026-08-03 00:26:19
4984,9,32.78,246.43,0.92,50.0,0,2026-08-03 00:34:19
4985,4,32.72,246.04,0.93,50.08,0,2026-08-03 00:42:19
4986,7,36.89,277.35,0.92,49.99,0,2026-08-03 00:50:19
4987,9,31.74,238.61,0.92,50.0,0,2026-08-03 00:58:19
4988,12,33.62,252.76,0.95,50.03,0,2026-08-03 01:06:19
4989,27,30.39,228.49,0.94,50.02,0,2026-08-03 01:14:19
4990,22,37.93,285.22,0.94,49.95,0,2026-08-03 01:22:19
4991,23,37.62,282.88,0.93,49.95,0,2026-08-03 01:30:19
4992,30,33.43,251.32,0.91,49.9,0,2026-08-03 01:38:19
4993,21,35.08,263.75,0.93,49.97,0,2026-08-03 01:46:19
4994,5,37.88,284.83,0.91,49.97,0,2026-08-03 01:54:19
4995,6,31.27,235.12,0.91,50.0,0,2026-08-03 02:02:19
4996,22,33.37,250.9,0.91,50.07,0,2026-08-03 02:10:19
4997,13,34.06,256.07,0.92,50.0,0,2026-08-03 02:18:19
4998,30,30.3,227.82,0.92,50.09,0,2026-08-03 02:26:19
4999,22,36.5,274.46,0.91,49.93,0,2026-08-03 02:34:19
5000,18,37.19,279.63,0.93,50.07,0,2026-08-03 02:42:19
5001,26,34.55,259.8,0.91,49.94,0,2026-08-03 02:50:19
5002,10,36.02,270.81,0.91,49.95,0,2026-08-03 02:58:19
5003,25,34.67,260.67,0.92,50.05,0,2026-08-03 03:06:19
5004,29,35.07,263.66,0.93,49.96,0,2026-08-03 03:14:19
5005,23,30.6,230.08,0.94,50.05,0,2026-08-03 03:22:19
5006,27,35.48,266.8,0.92,49.93,0,2026-08-03 03:30:19
5007,25,33.87,254.68,0.91,49.91,0,2026-08-03 03:38:19
5008,20,33.24,249.89,0.91,49.99,0,2026-08-03 03:46:19
5009,25,31.66,238.03,0.94,50.0,0,2026-08-03 03:54:19
5010,24,35.86,269.6,0.94,50.04,0,2026-08-03 04:02:19
5011,14,32.05,240.96,0.94,50.08,0,2026-08-03 04:10:19
5012,28,32.62,245.23,0.94,50.02,0,2026-08-03 04:18:19
5013,29,36.26,272.6,0.91,49.99,0,2026-08-03 04:26:19
5014,16,37.12,279.11,0.93,50.1,0,2026-08-03 04:34:19
5015,20,34.46,259.12,0.91,50.04,0,2026-08-03 04:42:19
5016,4,32.24,242.43,0.91,49.93,0,2026-08-03 04:50:19
5017,30,35.84,269.48,0.92,49.98,0,2026-08-03 04:58:19
5018,25,33.17,249.43,0.94,50.0,0,2026-08-03 05:06:19
5019,28,37.74,283.77,0.92,50.1,0,2026-08-03 05:14:19
5020,17,32.76,246.35,0.95,50.03,0,2026-08-03 05:22:19
5021,15,30.94,232.64,0.91,49.97,0,2026-08-03 05:30:19
5022,3,34.81,261.7,0.91,49.98,0,2026-08-03 05:38:19
5023,1,37.27,280.2,0.91,50.02,0,2026-08-03 05:46:19
5024,22,36.44,273.97,0.93,50.07,0,2026-08-03 05:54:19
5025,4,37.95,285.36,0.91,50.04,0,2026-08-03 06:02:19
5026,27,34.56,259.87,0.91,50.04,0,2026-08-03 06:10:19
5027,17,36.33,273.19,0.93,49.92,0,2026-08-03 06:18:19
5028,4,35.68,268.28,0.94,50.01,0,2026-08-03 06:26:19
5029,13,35.94,270.2,0.92,50.06,0,2026-08-03 06:34:19
5030,2,32.18,241.95,0.92,50.0,0,2026-08-03 06:42:19
5031,5,32.46,244.09,0.92,49.97,0,2026-08-03 06:50:19
5032,18,37.28,280.32,0.94,49.92,0,2026-08-03 06:58:19
5033,3,31.58,237.43,0.91,50.0,0,2026-08-03 07:06:19
5034,19,31.79,239.04,0.92,49.97,0,2026-08-03 07:14:19
5035,23,37.2,279.72,0.92,49.95,0,2026-08-03 07:22:19
5036,29,33.25,250.03,0.93,50.04,0,2026-08-03 07:30:19
5037,12,32.07,241.14,0.92,49.91,0,2026-08-03 07:38:19
5038,10,35.55,267.28,0.94,50.0,0,2026-08-03 07:46:19
5039,30,31.35,235.73,0.91,50.01,0,2026-08-03 07:54:19
5040,18,33.86,254.6,0.92,49.9,0,2026-08-03 08:02:19
5041,18,32.43,243.83,0.91,49.96,0,2026-08-03 08:10:19
5042,8,38.03,285.92,0.91,50.08,0,2026-08-03 08:18:19
5043,2,36.48,274.27,0.92,50.01,0,2026-08-03 08:26:19
5044,20,32.83,246.82,0.92,50.04,0,2026-08-03 08:34:19
5045,18,36.54,274.72,0.92,50.1,0,2026-08-03 08:42:19
5046,13,32.63,245.36,0.94,49.95,0,2026-08-03 08:50:19
5047,24,34.88,262.23,0.94,49.97,0,2026-08-03 08:58:19
5048,16,31.29,235.26,0.94,50.04,0,2026-08-03 09:06:19
5049,12,36.96,277.91,0.9,50.08,0,2026-08-03 09:14:19
5050,11,35.58,267.51,0.91,50.04,0,2026-08-03 09:22:19
5051,14,32.16,241.79,0.93,50.02,0,2026-08-03 09:30:19
5052,10,36.52,274.62,0.93,49.94,0,2026-08-03 09:38:19
5053,19,34.1,256.38,0.93,49.95,0,2026-08-03 09:46:19
5054,5,34.59,260.11,0.94,50.06,0,2026-08-03 09:54:19
5055,3,33.2,249.64,0.91,49.93,0,2026-08-03 10:02:19
5056,4,32.07,241.16,0.91,50.04,0,2026-08-03 10:10:19
5057,16,30.77,231.32,0.93,49.93,0,2026-08-03 10:18:19
5058,25,35.5,266.91,0.92,50.03,0,2026-08-03 10:26:19
5059,28,37.54,282.22,0.91,49.97,0,2026-08-03 10:34:19
5060,8,35.74,268.74,0.92,50.09,0,2026-08-03 10:42:19
5061,7,30.36,228.25,0.92,50.02,0,2026-08-03 10:50:19
5062,8,36.05,271.02,0.93,50.1,0,2026-08-03 10:58:19
5063,11,31.02,233.24,0.93,50.04,0,2026-08-03 11:06:19
5064,11,37.5,281.99,0.92,50.06,0,2026-08-03 11:14:19
5065,19,35.22,264.78,0.94,50.02,0,2026-08-03 11:22:19
5066,25,30.74,231.1,0.92,49.93,0,2026-08-03 11:30:19
5067,18,31.62,237.77,0.93,50.1,0,2026-08-03 11:38:19
5068,8,30.66,230.55,0.93,50.07,0,2026-08-03 11:46:19
5069,28,34.93,262.61,0.92,49.99,0,2026-08-03 11:54:19
5070,7,36.6,275.18,0.91,50.01,0,2026-08-03 12:02:19
5071,10,32.43,243.84,0.91,49.92,0,2026-08-03 12:10:19
5072,4,33.13,249.09,0.93,49.93,0,2026-08-03 12:18:19
5073,16,35.94,270.2,0.92,49.9,0,2026-08-03 12:26:19
5074,1,32.56,244.81,0.94,50.09,0,2026-08-03 12:34:19
5075,27,35.52,267.06,0.92,49.96,0,2026-08-03 12:42:19
5076,12,33.74,253.69,0.93,50.04,0,2026-08-03 12:50:19
5077,13,37.35,280.79,0.93,49.93,0,2026-08-03 12:58:19
5078,27,34.21,257.19,0.94,50.03,0,2026-08-03 13:06:19
5079,9,30.7,230.84,0.92,50.04,0,2026-08-03 13:14:19
5080,18,38.01,285.78,0.91,50.06,0,2026-08-03 13:22:19
5081,19,37.33,280.68,0.92,50.04,0,2026-08-03 13:30:19
5082,4,30.96,232.8,0.94,50.05,0,2026-08-03 13:38:19
5083,4,35.34,265.74,0.94,50.02,0,2026-08-03 13:46:19
5084,18,30.36,228.3,0.93,50.0,0,2026-08-03 13:54:19
5085,29,69.84,525.13,0.89,49.98,1,2026-08-03 14:02:19
5086,15,69.74,524.36,0.89,50.09,1,2026-08-03 14:10:19
5087,26,68.58,515.61,0.89,50.07,1,2026-08-03 14:18:19
5088,18,69.59,523.25,0.88,49.92,1,2026-08-03 14:26:19
5089,15,67.53,507.73,0.89,49.99,1,2026-08-03 14:34:19
5090,1,64.69,486.37,0.88,50.01,1,2026-08-03 14:42:19
5091,20,71.45,537.23,0.89,50.09,1,2026-08-03 14:50:19
5092,2,71.49,537.51,0.88,50.02,1,2026-08-03 14:58:19
5093,30,68.89,517.97,0.9,50.02,1,2026-08-03 15:06:19
5094,19,70.35,528.98,0.88,50.09,1,2026-08-03 15:14:19
5095,24,64.17,482.5,0.92,49.91,1,2026-08-03 15:22:19
5096,16,67.39,506.7,0.88,50.07,1,2026-08-03 15:30:19
5097,11,71.37,536.58,0.91,49.94,1,2026-08-03 15:38:19
5098,30,68.14,512.36,0.9,49.95,1,2026-08-03 15:46:19
5099,22,65.41,491.84,0.91,50.01,1,2026-08-03 15:54:19
5100,3,68.44,514.57,0.87,50.08,1,2026-08-03 16:02:19
5101,13,66.19,497.69,0.91,49.99,1,2026-08-03 16:10:19
5102,24,70.9,533.12,0.91,50.08,1,2026-08-03 16:18:19
5103,6,70.33,528.81,0.88,49.94,1,2026-08-03 16:26:19
5104,12,68.05,511.64,0.9,49.94,1,2026-08-03 16:34:19
5105,3,70.55,530.46,0.91,49.96,1,2026-08-03 16:42:19
5106,12,68.09,511.94,0.91,49.92,1,2026-08-03 16:50:19
5107,15,71.17,535.14,0.89,49.91,1,2026-08-03 16:58:19
5108,16,66.3,498.51,0.91,50.05,1,2026-08-03 17:06:19
5109,16,71.15,534.97,0.91,49.94,1,2026-08-03 17:14:19
5110,28,71.95,540.94,0.87,49.91,1,2026-08-03 17:22:19
5111,6,64.81,487.31,0.9,49.93,1,2026-08-03 17:30:19
5112,6,70.61,530.92,0.87,50.09,1,2026-08-03 17:38:19
5113,16,71.68,538.92,0.88,50.06,1,2026-08-03 17:46:19
5114,10,70.43,529.58,0.91,50.02,1,2026-08-03 17:54:19
5115,2,66.37,499.0,0.88,49.93,1,2026-08-03 18:02:19
5116,7,64.37,483.98,0.88,50.05,1,2026-08-03 18:10:19
5117,15,69.86,525.27,0.9,50.05,1,2026-08-03 18:18:19
5118,8,71.41,536.89,0.88,50.01,1,2026-08-03 18:26:19
5119,23,71.27,535.85,0.87,49.99,1,2026-08-03 18:34:19
5120,18,67.59,508.21,0.87,50.07,1,2026-08-03 18:42:19
5121,29,71.77,539.6,0.89,50.1,1,2026-08-03 18:50:19
5122,10,66.56,500.43,0.91,49.99,1,2026-08-03 18:58:19
5123,2,68.06,511.74,0.88,50.06,1,2026-08-03 19:06:19
5124,3,69.21,520.4,0.9,50.02,1,2026-08-03 19:14:19
5125,8,65.06,489.18,0.9,50.01,1,2026-08-03 19:22:19
5126,26,64.67,486.21,0.91,50.07,1,2026-08-03 19:30:19
5127,25,67.23,505.5,0.91,49.91,1,2026-08-03 19:38:19
5128,22,65.36,491.44,0.88,49.91,1,2026-08-03 19:46:19
5129,23,71.94,540.87,0.89,49.91,1,2026-08-03 19:54:19
5130,1,71.92,540.76,0.87,50.07,1,2026-08-03 20:02:19
5131,4,67.58,508.14,0.91,49.96,1,2026-08-03 20:10:19
5132,18,69.28,520.9,0.91,50.01,1,2026-08-03 20:18:19
5133,30,65.98,496.09,0.89,50.01,1,2026-08-03 20:26:19
5134,16,68.17,512.55,0.9,50.01,1,2026-08-03 20:34:19
5135,16,65.07,489.26,0.89,49.98,1,2026-08-03 20:42:19
5136,26,65.99,496.15,0.87,49.92,1,2026-08-03 20:50:19
5137,12,69.95,525.96,0.89,50.04,1,2026-08-03 20:58:19
5138,1,69.93,525.78,0.88,49.97,1,2026-08-03 21:06:19
5139,14,65.05,489.12,0.9,50.03,1,2026-08-03 21:14:19
5140,13,68.08,511.87,0.89,49.99,1,2026-08-03 21:22:19
5141,5,70.98,533.72,0.9,49.99,1,2026-08-03 21:30:19
5142,10,66.73,501.73,0.89,50.07,1,2026-08-03 21:38:19
5143,28,64.31,483.56,0.88,50.07,1,2026-08-03 21:46:19
5144,4,70.57,530.57,0.88,50.07,1,2026-08-03 21:54:19
5145,9,34.57,259.91,0.92,49.92,0,2026-08-03 22:02:19
5146,26,37.11,279.01,0.92,49.97,0,2026-08-03 22:10:19
5147,30,30.4,228.59,0.93,49.92,0,2026-08-03 22:18:19
5148,8,33.96,255.31,0.91,50.1,0,2026-08-03 22:26:19
5149,20,35.44,266.43,0.93,50.08,0,2026-08-03 22:34:19
5150,18,35.13,264.17,0.92,50.07,0,2026-08-03 22:42:19
5151,25,32.95,247.71,0.92,49.95,0,2026-08-03 22:50:19
5152,10,36.81,276.76,0.93,49.95,0,2026-08-03 22:58:19
5153,19,37.84,284.52,0.91,49.98,0,2026-08-03 23:06:19
5154,26,34.12,256.51,0.91,50.07,0,2026-08-03 23:14:19
5155,22,36.23,272.37,0.91,49.97,0,2026-08-03 23:22:19
5156,7,37.8,284.22,0.91,49.96,0,2026-08-03 23:30:19
5157,19,32.67,245.65,0.94,50.0,0,2026-08-03 23:38:19
5158,17,30.93,232.58,0.94,50.05,0,2026-08-03 23:46:19
5159,27,32.57,244.86,0.94,50.05,0,2026-08-03 23:54:19
5160,27,36.9,277.48,0.92,49.91,0,2026-08-04 00:02:19
5161,9,37.1,278.94,0.92,50.09,0,2026-08-04 00:10:19
5162,23,31.09,233.77,0.94,49.93,0,2026-08-04 00:18:19
5163,2,33.85,254.49,0.91,49.99,0,2026-08-04 00:26:19
5164,22,35.95,270.29,0.93,50.09,0,2026-08-04 00:34:19
5165,5,35.22,264.8,0.92,50.03,0,2026-08-04 00:42:19
5166,16,32.81,246.69,0.91,49.96,0,2026-08-04 00:50:19
5167,10,37.84,284.49,0.93,50.09,0,2026-08-04 00:58:19
5168,30,33.19,249.55,0.92,49.95,0,2026-08-04 01:06:19
5169,8,33.27,250.17,0.91,49.97,0,2026-08-04 01:14:19
5170,20,30.75,231.18,0.94,50.01,0,2026-08-04 01:22:19
5171,9,33.17,249.37,0.92,49.94,0,2026-08-04 01:30:19
5172,24,36.43,273.91,0.93,50.04,0,2026-08-04 01:38:19
5173,10,33.37,250.87,0.92,49.96,0,2026-08-04 01:46:19
5174,23,31.8,239.13,0.91,49.98,0,2026-08-04 01:54:19
5175,24,34.14,256.66,0.94,50.03,0,2026-08-04 02:02:19
5176,12,33.48,251.71,0.91,49.97,0,2026-08-04 02:10:19
5177,2,35.95,270.29,0.94,50.04,0,2026-08-04 02:18:19
5178,7,33.38,250.95,0.93,49.96,0,2026-08-04 02:26:19
5179,24,31.11,233.9,0.93,50.03,0,2026-08-04 02:34:19
5180,11,37.2,279.67,0.91,50.01,0,2026-08-04 02:42:19
5181,26,32.85,246.98,0.92,50.1,0,2026-08-04 02:50:19
5182,3,37.06,278.65,0.92,49.97,0,2026-08-04 02:58:19
5183,5,37.56,282.42,0.93,50.01,0,2026-08-04 03:06:19
5184,29,36.83,276.91,0.91,50.08,0,2026-08-04 03:14:19
5185,3,30.93,232.57,0.93,49.94,0,2026-08-04 03:22:19
5186,16,30.07,226.11,0.93,49.97,0,2026-08-04 03:30:19
5187,9,33.2,249.62,0.92,50.01,0,2026-08-04 03:38:19
5188,18,33.64,252.93,0.91,49.91,0,2026-08-04 03:46:19
5189,4,34.86,262.08,0.92,49.96,0,2026-08-04 03:54:19
5190,24,31.33,235.6,0.93,49.9,0,2026-08-04 04:02:19
5191,25,37.44,281.47,0.93,50.0,0,2026-08-04 04:10:19
5192,27,35.88,269.79,0.94,49.94,0,2026-08-04 04:18:19
5193,3,37.74,283.75,0.92,50.09,0,2026-08-04 04:26:19
5194,9,37.11,279.01,0.93,49.92,0,2026-08-04 04:34:19
5195,12,37.49,281.91,0.92,49.99,0,2026-08-04 04:42:19
5196,1,34.2,257.13,0.93,49.97,0,2026-08-04 04:50:19
5197,15,35.96,270.4,0.92,49.92,0,2026-08-04 04:58:19
5198,30,34.12,256.53,0.95,50.07,0,2026-08-04 05:06:19
5199,29,33.11,248.92,0.94,50.02,0,2026-08-04 05:14:19
5200,11,37.35,280.85,0.92,49.91,0,2026-08-04 05:22:19
5201,15,32.24,242.43,0.94,49.91,0,2026-08-04 05:30:19
5202,5,30.66,230.5,0.95,50.1,0,2026-08-04 05:38:19
5203,29,37.59,282.65,0.92,50.01,0,2026-08-04 05:46:19
5204,29,33.91,254.95,0.91,49.95,0,2026-08-04 05:54:19
5205,26,33.05,248.51,0.91,49.98,0,2026-08-04 06:02:19
5206,2,37.71,283.52,0.93,50.06,0,2026-08-04 06:10:19
5207,30,31.29,235.23,0.94,50.08,0,2026-08-04 06:18:19
5208,4,37.53,282.15,0.94,49.98,0,2026-08-04 06:26:19
5209,3,32.82,246.79,0.91,50.07,0,2026-08-04 06:34:19
5210,8,34.76,261.37,0.94,49.94,0,2026-08-04 06:42:19
5211,16,34.61,260.22,0.91,50.09,0,2026-08-04 06:50:19
5212,7,34.83,261.86,0.92,50.09,0,2026-08-04 06:58:19
5213,19,33.35,250.74,0.94,49.99,0,2026-08-04 07:06:19
5214,29,32.08,241.2,0.94,49.95,0,2026-08-04 07:14:19
5215,9,30.88,232.21,0.92,49.91,0,2026-08-04 07:22:19
5216,15,32.87,247.12,0.94,49.98,0,2026-08-04 07:30:19
5217,29,36.23,272.43,0.94,49.96,0,2026-08-04 07:38:19
5218,13,34.11,256.45,0.92,50.07,0,2026-08-04 07:46:19
5219,8,31.09,233.73,0.93,50.05,0,2026-08-04 07:54:19
5220,19,30.84,231.91,0.93,50.04,0,2026-08-04 08:02:19
5221,3,31.52,236.97,0.91,50.03,0,2026-08-04 08:10:19
5222,20,37.78,284.06,0.91,49.98,0,2026-08-04 08:18:19
5223,26,37.83,284.4,0.9,49.92,0,2026-08-04 08:26:19
5224,15,35.74,268.75,0.93,50.02,0,2026-08-04 08:34:19
5225,8,35.99,270.57,0.93,50.06,0,2026-08-04 08:42:19
5226,21,36.66,275.63,0.9,49.94,0,2026-08-04 08:50:19
5227,19,30.51,229.37,0.95,50.07,0,2026-08-04 08:58:19
5228,5,30.33,228.06,0.94,49.97,0,2026-08-04 09:06:19
5229,20,30.82,231.72,0.93,50.05,0,2026-08-04 09:14:19
5230,25,32.48,244.19,0.92,50.05,0,2026-08-04 09:22:19
5231,27,34.67,260.67,0.91,50.03,0,2026-08-04 09:30:19
5232,23,36.46,274.15,0.91,50.02,0,2026-08-04 09:38:19
5233,30,36.53,274.64,0.91,50.09,0,2026-08-04 09:46:19
5234,3,32.66,245.53,0.92,50.0,0,2026-08-04 09:54:19
5235,21,36.46,274.11,0.92,49.96,0,2026-08-04 10:02:19
5236,28,34.97,262.96,0.94,49.95,0,2026-08-04 10:10:19
5237,1,33.27,250.18,0.95,49.91,0,2026-08-04 10:18:19
5238,1,32.6,245.12,0.91,49.92,0,2026-08-04 10:26:19
5239,8,30.65,230.42,0.94,50.09,0,2026-08-04 10:34:19
5240,4,37.27,280.22,0.93,49.97,0,2026-08-04 10:42:19
5241,22,35.84,269.5,0.92,50.09,0,2026-08-04 10:50:19
5242,15,37.93,285.22,0.93,49.98,0,2026-08-04 10:58:19
5243,11,33.7,253.39,0.93,50.06,0,2026-08-04 11:06:19
5244,6,35.78,269.05,0.91,50.02,0,2026-08-04 11:14:19
5245,28,32.96,247.85,0.94,50.05,0,2026-08-04 11:22:19
5246,19,31.24,234.91,0.93,50.09,0,2026-08-04 11:30:19
5247,13,36.31,273.01,0.94,49.94,0,2026-08-04 11:38:19
5248,14,36.21,272.28,0.93,50.03,0,2026-08-04 11:46:19
5249,6,30.57,229.84,0.95,50.05,0,2026-08-04 11:54:19
5250,2,34.54,259.71,0.92,50.09,0,2026-08-04 12:02:19
5251,21,37.92,285.11,0.9,49.92,0,2026-08-04 12:10:19
5252,1,33.9,254.88,0.93,50.05,0,2026-08-04 12:18:19
5253,24,35.98,270.49,0.92,50.06,0,2026-08-04 12:26:19
5254,19,33.98,255.46,0.94,50.01,0,2026-08-04 12:34:19
5255,17,32.89,247.31,0.93,49.99,0,2026-08-04 12:42:19
5256,17,33.56,252.33,0.93,49.98,0,2026-08-04 12:50:19
5257,25,31.53,237.06,0.91,49.95,0,2026-08-04 12:58:19
5258,2,37.86,284.65,0.91,50.06,0,2026-08-04 13:06:19
5259,18,33.17,249.42,0.94,49.9,0,2026-08-04 13:14:19
5260,2,31.12,234.02,0.91,50.02,0,2026-08-04 13:22:19
5261,7,30.71,230.9,0.93,50.08,0,2026-08-04 13:30:19
5262,25,30.29,227.77,0.91,49.93,0,2026-08-04 13:38:19
5263,29,37.44,281.54,0.9,49.96,0,2026-08-04 13:46:19
5264,16,31.31,235.43,0.94,50.08,0,2026-08-04 13:54:19
5265,12,65.03,488.96,0.9,49.9,1,2026-08-04 14:02:19
5266,10,67.36,506.48,0.88,49.94,1,2026-08-04 14:10:19
5267,2,64.3,483.49,0.9,50.02,1,2026-08-04 14:18:19
5268,9,71.24,535.63,0.87,49.96,1,2026-08-04 14:26:19
5269,30,71.75,539.47,0.9,49.91,1,2026-08-04 14:34:19
5270,7,66.72,501.69,0.91,50.04,1,2026-08-04 14:42:19
5271,17,67.48,507.39,0.91,50.02,1,2026-08-04 14:50:19
5272,22,67.34,506.3,0.89,50.06,1,2026-08-04 14:58:19
5273,1,67.58,508.11,0.88,49.92,1,2026-08-04 15:06:19
5274,10,67.54,507.82,0.9,50.07,1,2026-08-04 15:14:19
5275,25,71.8,539.88,0.9,49.96,1,2026-08-04 15:22:19
5276,24,65.28,490.83,0.89,50.0,1,2026-08-04 15:30:19
5277,25,71.2,535.35,0.87,50.06,1,2026-08-04 15:38:19
5278,17,71.81,539.92,0.87,49.96,1,2026-08-04 15:46:19
5279,20,66.63,501.0,0.88,50.04,1,2026-08-04 15:54:19
5280,7,67.3,506.03,0.87,50.02,1,2026-08-04 16:02:19
5281,8,65.11,489.53,0.91,50.0,1,2026-08-04 16:10:19
5282,4,66.51,500.08,0.91,50.06,1,2026-08-04 16:18:19
5283,28,69.62,523.46,0.9,49.99,1,2026-08-04 16:26:19
5284,25,64.32,483.58,0.88,50.08,1,2026-08-04 16:34:19
5285,4,64.75,486.82,0.88,49.98,1,2026-08-04 16:42:19
5286,29,71.25,535.68,0.89,49.94,1,2026-08-04 16:50:19
5287,2,69.52,522.7,0.87,50.08,1,2026-08-04 16:58:19
5288,12,65.7,493.99,0.91,50.06,1,2026-08-04 17:06:19
5289,3,65.97,495.99,0.91,50.09,1,2026-08-04 17:14:19
5290,1,67.72,509.14,0.9,50.01,1,2026-08-04 17:22:19
5291,30,67.78,509.6,0.88,49.98,1,2026-08-04 17:30:19
5292,4,71.31,536.2,0.9,49.94,1,2026-08-04 17:38:19
5293,22,67.9,510.52,0.87,49.93,1,2026-08-04 17:46:19
5294,15,71.95,540.98,0.87,50.02,1,2026-08-04 17:54:19
5295,27,71.72,539.23,0.89,49.98,1,2026-08-04 18:02:19
5296,29,64.13,482.21,0.9,50.02,1,2026-08-04 18:10:19
5297,18,69.74,524.36,0.9,49.98,1,2026-08-04 18:18:19
5298,7,64.7,486.47,0.88,49.98,1,2026-08-04 18:26:19
5299,14,69.94,525.86,0.9,50.05,1,2026-08-04 18:34:19
5300,17,69.88,525.4,0.88,50.04,1,2026-08-04 18:42:19
5301,20,68.32,513.71,0.9,49.92,1,2026-08-04 18:50:19
5302,30,70.24,528.12,0.88,49.91,1,2026-08-04 18:58:19
5303,23,64.5,484.97,0.9,50.02,1,2026-08-04 19:06:19
5304,11,70.74,531.89,0.89,49.92,1,2026-08-04 19:14:19
5305,12,64.47,484.77,0.91,50.02,1,2026-08-04 19:22:19
5306,26,69.54,522.89,0.91,50.03,1,2026-08-04 19:30:19
5307,19,68.21,512.84,0.88,50.08,1,2026-08-04 19:38:19
5308,16,64.49,484.85,0.88,49.98,1,2026-08-04 19:46:19
5309,29,69.6,523.33,0.87,50.02,1,2026-08-04 19:54:19
5310,10,65.84,495.07,0.88,49.92,1,2026-08-04 20:02:19
5311,19,70.52,530.2,0.91,49.97,1,2026-08-04 20:10:19
5312,6,66.9,502.97,0.88,50.05,1,2026-08-04 20:18:19
5313,14,65.04,489.02,0.88,50.07,1,2026-08-04 20:26:19
5314,4,68.45,514.64,0.88,50.08,1,2026-08-04 20:34:19
5315,10,67.91,510.63,0.89,50.07,1,2026-08-04 20:42:19
5316,6,71.01,533.89,0.9,50.01,1,2026-08-04 20:50:19
5317,14,66.62,500.91,0.88,50.04,1,2026-08-04 20:58:19
5318,14,66.27,498.24,0.89,50.08,1,2026-08-04 21:06:19
5319,25,65.1,489.49,0.91,50.01,1,2026-08-04 21:14:19
5320,9,70.96,533.57,0.88,49.93,1,2026-08-04 21:22:19
5321,20,67.02,503.93,0.9,50.03,1,2026-08-04 21:30:19
5322,7,70.77,532.1,0.88,49.95,1,2026-08-04 21:38:19
5323,20,65.63,493.45,0.88,49.97,1,2026-08-04 21:46:19
5324,25,65.9,495.47,0.9,50.08,1,2026-08-04 21:54:19
5325,22,37.68,283.34,0.92,49.96,0,2026-08-04 22:02:19
5326,17,34.04,255.93,0.92,50.02,0,2026-08-04 22:10:19
5327,16,35.33,265.65,0.94,50.08,0,2026-08-04 22:18:19
5328,22,35.72,268.55,0.92,49.91,0,2026-08-04 22:26:19
5329,12,33.13,249.13,0.93,50.09,0,2026-08-04 22:34:19
5330,18,35.94,270.23,0.92,50.02,0,2026-08-04 22:42:19
5331,3,32.73,246.08,0.92,50.05,0,2026-08-04 22:50:19
5332,15,31.18,234.43,0.95,50.09,0,2026-08-04 22:58:19
5333,29,31.9,239.85,0.92,49.97,0,2026-08-04 23:06:19
5334,22,37.05,278.54,0.92,50.02,0,2026-08-04 23:14:19
5335,16,31.71,238.4,0.95,50.07,0,2026-08-04 23:22:19
5336,8,35.15,264.25,0.93,50.06,0,2026-08-04 23:30:19
5337,18,31.98,240.47,0.91,49.97,0,2026-08-04 23:38:19
5338,5,33.91,254.97,0.93,49.96,0,2026-08-04 23:46:19
5339,14,30.17,226.84,0.94,49.93,0,2026-08-04 23:54:19
5340,22,37.66,283.16,0.94,50.05,0,2026-08-05 00:02:19
5341,15,33.84,254.43,0.93,50.08,0,2026-08-05 00:10:19
5342,27,34.94,262.71,0.94,50.02,0,2026-08-05 00:18:19
5343,2,33.57,252.4,0.92,50.02,0,2026-08-05 00:26:19
5344,20,33.93,255.1,0.92,49.99,0,2026-08-05 00:34:19
5345,14,31.93,240.06,0.92,50.08,0,2026-08-05 00:42:19
5346,4,34.77,261.4,0.94,50.08,0,2026-08-05 00:50:19
5347,19,30.88,232.21,0.91,49.91,0,2026-08-05 00:58:19
5348,5,34.28,257.72,0.92,49.97,0,2026-08-05 01:06:19
5349,30,34.03,255.83,0.93,49.95,0,2026-08-05 01:14:19
5350,27,36.13,271.66,0.94,50.1,0,2026-08-05 01:22:19
5351,11,36.64,275.5,0.91,50.05,0,2026-08-05 01:30:19
5352,11,36.44,273.98,0.93,50.01,0,2026-08-05 01:38:19
5353,17,36.09,271.39,0.91,49.91,0,2026-08-05 01:46:19
5354,26,33.51,251.96,0.93,49.91,0,2026-08-05 01:54:19
5355,12,34.2,257.12,0.92,50.07,0,2026-08-05 02:02:19
5356,9,32.65,245.5,0.93,49.93,0,2026-08-05 02:10:19
5357,30,30.83,231.82,0.92,49.96,0,2026-08-05 02:18:19
5358,4,36.75,276.3,0.91,50.05,0,2026-08-05 02:26:19
5359,28,31.88,239.69,0.92,49.93,0,2026-08-05 02:34:19
5360,20,37.35,280.79,0.92,49.95,0,2026-08-05 02:42:19
5361,22,35.71,268.48,0.93,50.04,0,2026-08-05 02:50:19
5362,25,32.59,245.03,0.92,49.97,0,2026-08-05 02:58:19
5363,8,34.17,256.95,0.92,50.05,0,2026-08-05 03:06:19
5364,7,31.82,239.26,0.91,49.99,0,2026-08-05 03:14:19
5365,24,32.26,242.53,0.92,50.06,0,2026-08-05 03:22:19
5366,16,35.53,267.17,0.91,50.02,0,2026-08-05 03:30:19
5367,11,32.99,248.05,0.93,49.94,0,2026-08-05 03:38:19
5368,8,35.21,264.73,0.92,49.97,0,2026-08-05 03:46:19
5369,13,30.32,227.96,0.92,49.94,0,2026-08-05 03:54:19
5370,22,37.0,278.18,0.92,49.97,0,2026-08-05 04:02:19
5371,12,33.6,252.62,0.91,50.02,0,2026-08-05 04:10:19
5372,1,30.36,228.28,0.91,49.94,0,2026-08-05 04:18:19
5373,27,35.17,264.4,0.91,49.96,0,2026-08-05 04:26:19
5374,20,30.59,230.03,0.94,50.08,0,2026-08-05 04:34:19
5375,30,35.68,268.25,0.91,50.0,0,2026-08-05 04:42:19
5376,4,35.77,268.98,0.92,49.97,0,2026-08-05 04:50:19
5377,10,31.45,236.48,0.94,49.9,0,2026-08-05 04:58:19
5378,15,37.22,279.83,0.94,50.07,0,2026-08-05 05:06:19
5379,1,30.91,232.44,0.94,49.99,0,2026-08-05 05:14:19
5380,13,34.74,261.2,0.92,49.96,0,2026-08-05 05:22:19
5381,21,34.64,260.44,0.93,50.02,0,2026-08-05 05:30:19
5382,8,30.3,227.81,0.91,50.07,0,2026-08-05 05:38:19
5383,20,30.81,231.65,0.94,50.08,0,2026-08-05 05:46:19
5384,11,37.62,282.85,0.94,49.93,0,2026-08-05 05:54:19
5385,7,34.99,263.05,0.91,50.02,0,2026-08-05 06:02:19
5386,22,33.39,251.02,0.94,49.99,0,2026-08-05 06:10:19
5387,19,30.17,226.82,0.93,49.96,0,2026-08-05 06:18:19
5388,9,33.6,252.62,0.94,49.98,0,2026-08-05 06:26:19
5389,19,31.21,234.67,0.94,49.95,0,2026-08-05 06:34:19
5390,14,37.45,281.55,0.91,50.07,0,2026-08-05 06:42:19
5391,17,32.18,241.93,0.93,49.95,0,2026-08-05 06:50:19
5392,24,30.35,228.2,0.94,50.06,0,2026-08-05 06:58:19
5393,14,35.03,263.4,0.94,50.01,0,2026-08-05 07:06:19
5394,9,35.61,267.76,0.91,50.06,0,2026-08-05 07:14:19
5395,2,32.64,245.39,0.92,50.05,0,2026-08-05 07:22:19
5396,30,30.23,227.29,0.92,50.1,0,2026-08-05 07:30:19
5397,15,32.78,246.43,0.94,49.95,0,2026-08-05 07:38:19
5398,21,31.98,240.47,0.92,49.97,0,2026-08-05 07:46:19
5399,17,36.67,275.69,0.91,49.98,0,2026-08-05 07:54:19
5400,24,36.54,274.76,0.92,49.98,0,2026-08-05 08:02:19
5401,2,30.51,229.42,0.93,50.02,0,2026-08-05 08:10:19
5402,5,33.2,249.65,0.91,49.94,0,2026-08-05 08:18:19
5403,3,30.13,226.51,0.94,49.9,0,2026-08-05 08:26:19
5404,12,32.53,244.6,0.94,49.92,0,2026-08-05 08:34:19
5405,10,32.64,245.4,0.92,49.99,0,2026-08-05 08:42:19
5406,7,36.19,272.13,0.93,50.0,0,2026-08-05 08:50:19
5407,25,37.68,283.31,0.91,50.07,0,2026-08-05 08:58:19
5408,20,37.91,285.05,0.91,49.93,0,2026-08-05 09:06:19
5409,5,30.6,230.05,0.93,50.04,0,2026-08-05 09:14:19
5410,6,34.19,257.08,0.93,49.99,0,2026-08-05 09:22:19
5411,29,34.38,258.49,0.91,49.9,0,2026-08-05 09:30:19
5412,10,36.99,278.12,0.93,49.95,0,2026-08-05 09:38:19
5413,27,30.77,231.37,0.92,49.91,0,2026-08-05 09:46:19
5414,9,37.14,279.26,0.92,49.97,0,2026-08-05 09:54:19
5415,6,35.03,263.37,0.93,50.01,0,2026-08-05 10:02:19
5416,22,36.22,272.36,0.94,49.99,0,2026-08-05 10:10:19
5417,6,32.28,242.73,0.91,49.99,0,2026-08-05 10:18:19
5418,30,36.26,272.6,0.91,50.04,0,2026-08-05 10:26:19
5419,17,34.29,257.8,0.92,50.01,0,2026-08-05 10:34:19
5420,2,34.87,262.17,0.91,49.94,0,2026-08-05 10:42:19
5421,27,34.0,255.65,0.91,49.91,0,2026-08-05 10:50:19
5422,23,30.42,228.75,0.91,50.09,0,2026-08-05 10:58:19
5423,30,37.23,279.93,0.94,50.09,0,2026-08-05 11:06:19
5424,14,34.65,260.55,0.93,49.95,0,2026-08-05 11:14:19
5425,5,30.14,226.62,0.92,50.0,0,2026-08-05 11:22:19
5426,20,32.66,245.54,0.95,49.96,0,2026-08-05 11:30:19
5427,5,30.92,232.47,0.94,49.92,0,2026-08-05 11:38:19
5428,3,32.83,246.84,0.94,50.04,0,2026-08-05 11:46:19
5429,4,37.98,285.6,0.93,50.05,0,2026-08-05 11:54:19
5430,26,35.93,270.17,0.94,50.06,0,2026-08-05 12:02:19
5431,11,37.54,282.24,0.91,49.94,0,2026-08-05 12:10:19
5432,15,30.97,232.89,0.94,50.09,0,2026-08-05 12:18:19
5433,8,36.52,274.58,0.94,50.07,0,2026-08-05 12:26:19
5434,1,33.86,254.57,0.92,49.95,0,2026-08-05 12:34:19
5435,21,33.13,249.09,0.92,50.0,0,2026-08-05 12:42:19
5436,22,31.4,236.08,0.92,50.07,0,2026-08-05 12:50:19
5437,8,35.96,270.39,0.92,49.97,0,2026-08-05 12:58:19
5438,8,33.89,254.82,0.91,50.08,0,2026-08-05 13:06:19
5439,14,34.46,259.09,0.92,49.91,0,2026-08-05 13:14:19
5440,29,32.6,245.12,0.93,50.02,0,2026-08-05 13:22:19
5441,6,36.38,273.51,0.93,49.96,0,2026-08-05 13:30:19
5442,4,32.89,247.32,0.95,50.03,0,2026-08-05 13:38:19
5443,20,32.0,240.63,0.95,50.07,0,2026-08-05 13:46:19
5444,24,37.29,280.38,0.93,50.04,0,2026-08-05 13:54:19
5445,25,69.27,520.85,0.87,50.04,1,2026-08-05 14:02:19
5446,24,64.21,482.8,0.88,49.92,1,2026-08-05 14:10:19
5447,21,65.21,490.27,0.9,49.96,1,2026-08-05 14:18:19
5448,5,67.56,507.96,0.89,50.07,1,2026-08-05 14:26:19
5449,27,66.35,498.84,0.88,49.94,1,2026-08-05 14:34:19
5450,8,69.14,519.83,0.91,49.95,1,2026-08-05 14:42:19
5451,23,69.93,525.76,0.91,50.02,1,2026-08-05 14:50:19
5452,28,69.43,522.0,0.9,49.94,1,2026-08-05 14:58:19
5453,17,65.93,495.75,0.89,49.94,1,2026-08-05 15:06:19
5454,6,68.53,515.28,0.88,49.95,1,2026-08-05 15:14:19
5455,25,65.64,493.57,0.91,50.06,1,2026-08-05 15:22:19
5456,23,69.6,523.3,0.88,49.93,1,2026-08-05 15:30:19
5457,21,69.3,521.08,0.89,50.03,1,2026-08-05 15:38:19
5458,13,66.84,502.59,0.89,50.02,1,2026-08-05 15:46:19
5459,1,70.84,532.66,0.91,49.9,1,2026-08-05 15:54:19
5460,24,71.88,540.43,0.87,49.94,1,2026-08-05 16:02:19
5461,10,69.68,523.88,0.87,50.02,1,2026-08-05 16:10:19
5462,8,70.33,528.82,0.91,50.01,1,2026-08-05 16:18:19
5463,4,70.53,530.28,0.9,49.95,1,2026-08-05 16:26:19
5464,11,71.34,536.36,0.89,49.96,1,2026-08-05 16:34:19
5465,29,66.65,501.1,0.91,50.01,1,2026-08-05 16:42:19
5466,21,71.67,538.87,0.9,50.06,1,2026-08-05 16:50:19
5467,30,67.72,509.17,0.9,49.99,1,2026-08-05 16:58:19
5468,5,69.94,525.9,0.89,50.0,1,2026-08-05 17:06:19
5469,1,68.37,514.09,0.91,50.03,1,2026-08-05 17:14:19
5470,15,65.06,489.16,0.91,50.09,1,2026-08-05 17:22:19
5471,28,65.17,490.03,0.91,50.08,1,2026-08-05 17:30:19
5472,27,68.04,511.56,0.89,49.93,1,2026-08-05 17:38:19
5473,22,64.38,484.06,0.89,49.95,1,2026-08-05 17:46:19
5474,8,65.51,492.58,0.9,49.93,1,2026-08-05 17:54:19
5475,3,70.48,529.95,0.89,49.96,1,2026-08-05 18:02:19
5476,18,65.36,491.42,0.9,49.94,1,2026-08-05 18:10:19
5477,6,69.86,525.26,0.87,50.1,1,2026-08-05 18:18:19
5478,29,70.43,529.55,0.9,49.97,1,2026-08-05 18:26:19
5479,15,65.47,492.22,0.9,50.09,1,2026-08-05 18:34:19
5480,7,71.02,533.95,0.91,49.96,1,2026-08-05 18:42:19
5481,28,71.85,540.26,0.91,49.91,1,2026-08-05 18:50:19
5482,4,65.09,489.38,0.88,49.95,1,2026-08-05 18:58:19
5483,2,66.61,500.82,0.9,49.9,1,2026-08-05 19:06:19
5484,26,66.09,496.89,0.9,49.94,1,2026-08-05 19:14:19
5485,2,71.34,536.41,0.87,50.05,1,2026-08-05 19:22:19
5486,5,66.34,498.8,0.91,50.02,1,2026-08-05 19:30:19
5487,6,68.4,514.28,0.89,49.91,1,2026-08-05 19:38:19
5488,2,71.47,537.35,0.9,49.98,1,2026-08-05 19:46:19
5489,7,67.18,505.09,0.87,50.07,1,2026-08-05 19:54:19
5490,21,69.75,524.43,0.88,49.93,1,2026-08-05 20:02:19
5491,3,66.24,498.06,0.91,50.09,1,2026-08-05 20:10:19
5492,30,71.18,535.21,0.9,50.06,1,2026-08-05 20:18:19
5493,22,66.46,499.69,0.9,50.05,1,2026-08-05 20:26:19
5494,6,65.24,490.54,0.88,49.98,1,2026-08-05 20:34:19
5495,7,66.98,503.6,0.9,50.06,1,2026-08-05 20:42:19
5496,10,67.61,508.33,0.91,49.92,1,2026-08-05 20:50:19
5497,20,70.88,532.9,0.88,50.01,1,2026-08-05 20:58:19
5498,11,67.44,507.1,0.89,50.04,1,2026-08-05 21:06:19
5499,14,69.55,522.95,0.89,49.92,1,2026-08-05 21:14:19
5500,5,65.16,489.9,0.91,49.91,1,2026-08-05 21:22:19
5501,9,71.35,536.45,0.9,49.95,1,2026-08-05 21:30:19
5502,22,67.74,509.31,0.89,50.1,1,2026-08-05 21:38:19
5503,3,68.13,512.29,0.88,49.96,1,2026-08-05 21:46:19
5504,16,66.16,497.44,0.88,50.08,1,2026-08-05 21:54:19
5505,5,35.19,264.61,0.93,49.99,0,2026-08-05 22:02:19
5506,3,37.42,281.34,0.93,49.97,0,2026-08-05 22:10:19
5507,26,34.58,259.99,0.94,50.04,0,2026-08-05 22:18:19
5508,14,36.23,272.37,0.94,49.99,0,2026-08-05 22:26:19
5509,26,34.97,262.94,0.91,50.06,0,2026-08-05 22:34:19
5510,12,36.45,274.08,0.94,50.05,0,2026-08-05 22:42:19
5511,30,34.06,256.11,0.92,50.04,0,2026-08-05 22:50:19
5512,21,37.82,284.37,0.92,50.02,0,2026-08-05 22:58:19
5513,30,36.86,277.15,0.91,49.92,0,2026-08-05 23:06:19
5514,21,30.36,228.25,0.95,49.94,0,2026-08-05 23:14:19
5515,1,36.38,273.57,0.93,49.92,0,2026-08-05 23:22:19
5516,28,36.27,272.7,0.91,50.07,0,2026-08-05 23:30:19
5517,30,33.69,253.31,0.94,50.01,0,2026-08-05 23:38:19
5518,16,32.98,247.98,0.94,49.98,0,2026-08-05 23:46:19
5519,21,33.87,254.67,0.92,50.02,0,2026-08-05 23:54:19
5520,11,32.39,243.53,0.93,49.98,0,2026-08-06 00:02:19
5521,11,33.72,253.51,0.94,50.03,0,2026-08-06 00:10:19
5522,10,32.68,245.74,0.91,50.07,0,2026-08-06 00:18:19
5523,25,35.12,264.05,0.94,50.09,0,2026-08-06 00:26:19
5524,8,30.81,231.68,0.92,50.06,0,2026-08-06 00:34:19
5525,8,32.64,245.43,0.93,50.1,0,2026-08-06 00:42:19
5526,21,37.15,279.3,0.93,50.02,0,2026-08-06 00:50:19
5527,12,35.72,268.59,0.91,49.91,0,2026-08-06 00:58:19
5528,30,36.59,275.13,0.93,50.0,0,2026-08-06 01:06:19
5529,2,34.59,260.07,0.94,50.02,0,2026-08-06 01:14:19
5530,15,35.63,267.93,0.93,50.02,0,2026-08-06 01:22:19
5531,24,35.76,268.85,0.93,49.95,0,2026-08-06 01:30:19
5532,15,32.15,241.76,0.93,50.01,0,2026-08-06 01:38:19
5533,17,35.81,269.28,0.94,50.09,0,2026-08-06 01:46:19
5534,1,35.8,269.14,0.94,50.05,0,2026-08-06 01:54:19
5535,11,30.18,226.89,0.92,50.04,0,2026-08-06 02:02:19
5536,23,37.24,280.02,0.93,50.01,0,2026-08-06 02:10:19
5537,19,37.22,279.84,0.92,49.94,0,2026-08-06 02:18:19
5538,7,35.75,268.81,0.91,49.94,0,2026-08-06 02:26:19
5539,21,31.31,235.41,0.93,49.93,0,2026-08-06 02:34:19
5540,2,35.88,269.79,0.91,49.92,0,2026-08-06 02:42:19
5541,6,33.48,251.71,0.92,49.97,0,2026-08-06 02:50:19
5542,18,34.56,259.83,0.94,49.98,0,2026-08-06 02:58:19
5543,28,30.75,231.2,0.91,50.0,0,2026-08-06 03:06:19
5544,7,38.02,285.88,0.91,49.91,0,2026-08-06 03:14:19
5545,30,34.19,257.05,0.92,49.92,0,2026-08-06 03:22:19
5546,15,31.17,234.33,0.94,49.97,0,2026-08-06 03:30:19
5547,2,30.6,230.06,0.94,49.9,0,2026-08-06 03:38:19
5548,27,37.82,284.38,0.93,50.04,0,2026-08-06 03:46:19
5549,23,37.15,279.34,0.9,50.05,0,2026-08-06 03:54:19
5550,30,36.62,275.34,0.93,50.04,0,2026-08-06 04:02:19
5551,21,37.44,281.47,0.94,50.05,0,2026-08-06 04:10:19
5552,27,33.99,255.6,0.94,49.99,0,2026-08-06 04:18:19
5553,7,34.68,260.75,0.94,49.99,0,2026-08-06 04:26:19
5554,10,37.54,282.29,0.91,49.93,0,2026-08-06 04:34:19
5555,29,34.06,256.09,0.92,50.05,0,2026-08-06 04:42:19
5556,30,36.19,272.08,0.91,50.05,0,2026-08-06 04:50:19
5557,24,37.6,282.73,0.93,50.04,0,2026-08-06 04:58:19
5558,10,35.26,265.13,0.94,50.01,0,2026-08-06 05:06:19
5559,29,32.33,243.07,0.92,50.0,0,2026-08-06 05:14:19
5560,3,32.57,244.9,0.92,49.97,0,2026-08-06 05:22:19
5561,26,37.47,281.7,0.93,49.98,0,2026-08-06 05:30:19
5562,2,35.63,267.89,0.93,50.01,0,2026-08-06 05:38:19
5563,19,35.11,264.0,0.92,49.99,0,2026-08-06 05:46:19
5564,26,36.43,273.92,0.93,49.92,0,2026-08-06 05:54:19
5565,6,37.81,284.3,0.91,49.99,0,2026-08-06 06:02:19
5566,2,35.58,267.5,0.94,49.95,0,2026-08-06 06:10:19
5567,9,35.39,266.09,0.92,49.93,0,2026-08-06 06:18:19
5568,20,37.88,284.84,0.92,49.91,0,2026-08-06 06:26:19
5569,23,31.81,239.19,0.93,49.91,0,2026-08-06 06:34:19
5570,24,30.75,231.24,0.92,50.1,0,2026-08-06 06:42:19
5571,23,33.13,249.1,0.94,50.1,0,2026-08-06 06:50:19
5572,11,35.18,264.53,0.93,49.93,0,2026-08-06 06:58:19
5573,27,32.8,246.58,0.92,50.09,0,2026-08-06 07:06:19
5574,29,36.08,271.28,0.93,50.01,0,2026-08-06 07:14:19
5575,13,37.04,278.52,0.91,50.02,0,2026-08-06 07:22:19
5576,22,35.6,267.66,0.93,50.08,0,2026-08-06 07:30:19
5577,2,31.22,234.71,0.92,50.0,0,2026-08-06 07:38:19
5578,4,31.29,235.27,0.92,49.9,0,2026-08-06 07:46:19
5579,11,36.64,275.48,0.93,49.97,0,2026-08-06 07:54:19
5580,28,37.55,282.31,0.94,49.91,0,2026-08-06 08:02:19
5581,3,34.2,257.14,0.91,49.98,0,2026-08-06 08:10:19
5582,1,35.71,268.53,0.93,49.98,0,2026-08-06 08:18:19
5583,11,35.51,267.01,0.92,49.96,0,2026-08-06 08:26:19
5584,20,31.31,235.45,0.94,50.03,0,2026-08-06 08:34:19
5585,12,35.25,265.06,0.93,49.98,0,2026-08-06 08:42:19
5586,17,33.95,255.28,0.94,49.95,0,2026-08-06 08:50:19
5587,9,35.64,267.98,0.92,49.96,0,2026-08-06 08:58:19
5588,9,36.33,273.13,0.92,49.96,0,2026-08-06 09:06:19
5589,7,37.31,280.49,0.94,49.94,0,2026-08-06 09:14:19
5590,26,35.78,269.06,0.92,49.93,0,2026-08-06 09:22:19
5591,7,37.69,283.38,0.94,49.94,0,2026-08-06 09:30:19
5592,1,34.61,260.26,0.91,50.02,0,2026-08-06 09:38:19
5593,21,32.42,243.77,0.93,49.99,0,2026-08-06 09:46:19
5594,28,31.04,233.41,0.91,49.92,0,2026-08-06 09:54:19
5595,25,30.25,227.48,0.92,50.05,0,2026-08-06 10:02:19
5596,6,34.24,257.46,0.91,49.92,0,2026-08-06 10:10:19
5597,14,33.57,252.37,0.93,50.07,0,2026-08-06 10:18:19
5598,16,30.34,228.12,0.92,50.08,0,2026-08-06 10:26:19
5599,21,30.49,229.26,0.95,50.06,0,2026-08-06 10:34:19
5600,20,34.71,261.0,0.94,49.98,0,2026-08-06 10:42:19
5601,20,37.67,283.26,0.92,50.05,0,2026-08-06 10:50:19
5602,21,35.59,267.6,0.92,50.01,0,2026-08-06 10:58:19
5603,17,31.88,239.7,0.94,49.96,0,2026-08-06 11:06:19
5604,17,32.09,241.25,0.93,50.0,0,2026-08-06 11:14:19
5605,27,36.21,272.29,0.94,49.94,0,2026-08-06 11:22:19
5606,26,35.21,264.7,0.94,50.05,0,2026-08-06 11:30:19
5607,14,32.74,246.19,0.94,50.09,0,2026-08-06 11:38:19
5608,13,35.91,269.99,0.94,49.95,0,2026-08-06 11:46:19
5609,3,36.86,277.12,0.94,49.94,0,2026-08-06 11:54:19
5610,5,36.14,271.75,0.9,50.09,0,2026-08-06 12:02:19
5611,25,32.83,246.85,0.94,49.95,0,2026-08-06 12:10:19
5612,21,31.1,233.8,0.93,49.95,0,2026-08-06 12:18:19
5613,11,37.39,281.13,0.91,50.1,0,2026-08-06 12:26:19
5614,3,35.83,269.41,0.93,50.02,0,2026-08-06 12:34:19
5615,2,32.38,243.44,0.91,50.05,0,2026-08-06 12:42:19
5616,15,34.74,261.18,0.91,49.97,0,2026-08-06 12:50:19
5617,28,31.42,236.27,0.91,50.04,0,2026-08-06 12:58:19
5618,30,34.87,262.21,0.93,49.94,0,2026-08-06 13:06:19
5619,15,37.3,280.43,0.92,50.07,0,2026-08-06 13:14:19
5620,17,34.22,257.28,0.91,50.02,0,2026-08-06 13:22:19
5621,9,31.95,240.19,0.93,49.9,0,2026-08-06 13:30:19
5622,21,37.06,278.62,0.9,49.91,0,2026-08-06 13:38:19
5623,4,30.46,229.02,0.94,49.9,0,2026-08-06 13:46:19
5624,25,32.25,242.51,0.92,50.03,0,2026-08-06 13:54:19
5625,18,70.75,531.99,0.91,50.02,1,2026-08-06 14:02:19
5626,4,70.76,532.03,0.88,49.96,1,2026-08-06 14:10:19
5627,10,70.43,529.52,0.88,49.92,1,2026-08-06 14:18:19
5628,28,68.17,512.54,0.88,49.97,1,2026-08-06 14:26:19
5629,14,68.13,512.29,0.91,49.93,1,2026-08-06 14:34:19
5630,19,69.37,521.57,0.87,49.96,1,2026-08-06 14:42:19
5631,27,66.73,501.72,0.88,49.95,1,2026-08-06 14:50:19
5632,17,71.2,535.37,0.88,50.04,1,2026-08-06 14:58:19
5633,29,71.08,534.41,0.9,50.01,1,2026-08-06 15:06:19
5634,22,66.08,496.85,0.9,50.04,1,2026-08-06 15:14:19
5635,11,71.42,537.02,0.9,50.04,1,2026-08-06 15:22:19
5636,2,69.25,520.69,0.89,50.1,1,2026-08-06 15:30:19
5637,22,70.66,531.29,0.9,50.09,1,2026-08-06 15:38:19
5638,4,68.95,518.43,0.89,50.03,1,2026-08-06 15:46:19
5639,12,69.85,525.16,0.88,50.05,1,2026-08-06 15:54:19
5640,21,68.49,514.94,0.9,49.98,1,2026-08-06 16:02:19
5641,1,70.05,526.7,0.89,50.07,1,2026-08-06 16:10:19
5642,30,68.18,512.61,0.91,50.03,1,2026-08-06 16:18:19
5643,1,70.66,531.25,0.89,49.95,1,2026-08-06 16:26:19
5644,12,67.22,505.45,0.9,50.07,1,2026-08-06 16:34:19
5645,16,71.7,539.12,0.89,50.02,1,2026-08-06 16:42:19
5646,27,65.09,489.42,0.89,49.92,1,2026-08-06 16:50:19
5647,4,66.28,498.36,0.91,50.04,1,2026-08-06 16:58:19
5648,5,64.94,488.29,0.91,50.07,1,2026-08-06 17:06:19
5649,28,67.49,507.47,0.91,50.02,1,2026-08-06 17:14:19
5650,27,67.68,508.88,0.91,50.06,1,2026-08-06 17:22:19
5651,24,70.16,527.53,0.89,49.92,1,2026-08-06 17:30:19
5652,5,64.19,482.61,0.91,49.93,1,2026-08-06 17:38:19
5653,23,69.76,524.53,0.88,50.0,1,2026-08-06 17:46:19
5654,22,69.96,525.99,0.88,49.92,1,2026-08-06 17:54:19
5655,27,71.81,539.96,0.87,50.0,1,2026-08-06 18:02:19
5656,8,70.81,532.42,0.88,50.0,1,2026-08-06 18:10:19
5657,7,65.99,496.15,0.89,49.99,1,2026-08-06 18:18:19
5658,5,67.39,506.71,0.87,49.97,1,2026-08-06 18:26:19
5659,1,70.01,526.42,0.91,49.94,1,2026-08-06 18:34:19
5660,27,65.0,488.74,0.9,50.1,1,2026-08-06 18:42:19
5661,1,70.04,526.59,0.9,50.08,1,2026-08-06 18:50:19
5662,7,66.12,497.14,0.88,49.91,1,2026-08-06 18:58:19
5663,23,69.99,526.22,0.87,49.99,1,2026-08-06 19:06:19
5664,21,71.12,534.72,0.9,50.07,1,2026-08-06 19:14:19
5665,4,69.76,524.49,0.91,49.99,1,2026-08-06 19:22:19
5666,8,71.98,541.21,0.9,50.09,1,2026-08-06 19:30:19
5667,19,68.16,512.47,0.88,50.05,1,2026-08-06 19:38:19
5668,11,68.77,517.04,0.88,49.94,1,2026-08-06 19:46:19
5669,28,71.25,535.74,0.91,49.99,1,2026-08-06 19:54:19
5670,3,71.8,539.84,0.9,49.95,1,2026-08-06 20:02:19
5671,3,65.37,491.49,0.9,49.98,1,2026-08-06 20:10:19
5672,18,71.39,536.74,0.91,49.99,1,2026-08-06 20:18:19
5673,5,71.73,539.36,0.88,49.93,1,2026-08-06 20:26:19
5674,24,70.55,530.48,0.9,50.02,1,2026-08-06 20:34:19
5675,23,67.02,503.9,0.91,49.96,1,2026-08-06 20:42:19
5676,3,65.71,494.05,0.89,50.09,1,2026-08-06 20:50:19
5677,14,66.39,499.14,0.9,50.08,1,2026-08-06 20:58:19
5678,16,64.55,485.37,0.91,49.93,1,2026-08-06 21:06:19
5679,12,65.66,493.67,0.9,49.93,1,2026-08-06 21:14:19
5680,4,65.28,490.84,0.91,49.93,1,2026-08-06 21:22:19
5681,2,64.87,487.74,0.88,50.03,1,2026-08-06 21:30:19
5682,10,70.88,532.95,0.9,49.91,1,2026-08-06 21:38:19
5683,9,65.57,493.02,0.89,50.09,1,2026-08-06 21:46:19
5684,23,66.04,496.56,0.88,49.98,1,2026-08-06 21:54:19
5685,13,35.34,265.73,0.91,49.9,0,2026-08-06 22:02:19
5686,3,33.4,251.16,0.92,49.95,0,2026-08-06 22:10:19
5687,17,31.79,239.02,0.94,50.02,0,2026-08-06 22:18:19
5688,8,36.48,274.27,0.93,49.97,0,2026-08-06 22:26:19
5689,25,36.94,277.72,0.9,50.01,0,2026-08-06 22:34:19
5690,29,31.39,235.99,0.95,49.9,0,2026-08-06 22:42:19
5691,3,37.31,280.5,0.92,50.1,0,2026-08-06 22:50:19
5692,23,31.72,238.5,0.94,50.07,0,2026-08-06 22:58:19
5693,8,32.49,244.27,0.95,49.97,0,2026-08-06 23:06:19
5694,9,37.26,280.14,0.91,49.94,0,2026-08-06 23:14:19
5695,6,31.38,235.95,0.94,49.97,0,2026-08-06 23:22:19
5696,17,36.23,272.38,0.93,49.95,0,2026-08-06 23:30:19
5697,20,31.57,237.37,0.95,49.91,0,2026-08-06 23:38:19
5698,18,33.01,248.18,0.92,49.92,0,2026-08-06 23:46:19
5699,2,30.6,230.1,0.91,49.94,0,2026-08-06 23:54:19
5700,16,31.97,240.39,0.94,49.92,0,2026-08-07 00:02:19
5701,24,34.81,261.74,0.92,50.06,0,2026-08-07 00:10:19
5702,9,33.81,254.19,0.91,50.02,0,2026-08-07 00:18:19
5703,21,37.18,279.56,0.91,49.97,0,2026-08-07 00:26:19
5704,27,33.98,255.47,0.92,50.07,0,2026-08-07 00:34:19
5705,8,31.35,235.68,0.93,49.91,0,2026-08-07 00:42:19
5706,20,33.35,250.72,0.91,49.94,0,2026-08-07 00:50:19
5707,5,34.45,259.06,0.92,50.0,0,2026-08-07 00:58:19
5708,11,35.03,263.35,0.94,50.09,0,2026-08-07 01:06:19
5709,14,33.11,248.95,0.93,50.0,0,2026-08-07 01:14:19
5710,29,31.38,235.96,0.91,49.94,0,2026-08-07 01:22:19
5711,7,30.78,231.42,0.94,50.09,0,2026-08-07 01:30:19
5712,4,32.93,247.56,0.92,50.08,0,2026-08-07 01:38:19
5713,21,33.45,251.48,0.93,50.04,0,2026-08-07 01:46:19
5714,13,30.63,230.29,0.91,49.91,0,2026-08-07 01:54:19
5715,3,32.48,244.19,0.93,50.0,0,2026-08-07 02:02:19
5716,16,36.55,274.8,0.94,50.06,0,2026-08-07 02:10:19
5717,21,33.35,250.77,0.94,49.98,0,2026-08-07 02:18:19
5718,20,30.66,230.52,0.93,50.08,0,2026-08-07 02:26:19
5719,30,36.2,272.18,0.94,50.07,0,2026-08-07 02:34:19
5720,2,36.24,272.5,0.91,49.98,0,2026-08-07 02:42:19
5721,23,31.33,235.56,0.95,49.98,0,2026-08-07 02:50:19
5722,18,30.9,232.3,0.93,49.93,0,2026-08-07 02:58:19
5723,9,34.26,257.61,0.91,50.1,0,2026-08-07 03:06:19
5724,24,36.63,275.38,0.91,49.91,0,2026-08-07 03:14:19
5725,30,32.26,242.59,0.92,49.95,0,2026-08-07 03:22:19
5726,25,33.78,253.95,0.91,50.01,0,2026-08-07 03:30:19
5727,3,31.63,237.83,0.93,50.06,0,2026-08-07 03:38:19
5728,14,38.02,285.88,0.92,49.95,0,2026-08-07 03:46:19
5729,28,37.4,281.2,0.92,50.01,0,2026-08-07 03:54:19
5730,4,33.66,253.1,0.93,49.96,0,2026-08-07 04:02:19
5731,24,34.44,258.96,0.92,50.0,0,2026-08-07 04:10:19
5732,24,35.82,269.33,0.91,49.94,0,2026-08-07 04:18:19
5733,7,34.95,262.76,0.94,49.94,0,2026-08-07 04:26:19
5734,2,32.64,245.41,0.95,49.94,0,2026-08-07 04:34:19
5735,19,36.28,272.75,0.92,50.0,0,2026-08-07 04:42:19
5736,30,32.98,247.98,0.92,49.95,0,2026-08-07 04:50:19
5737,3,33.93,255.09,0.91,50.09,0,2026-08-07 04:58:19
5738,20,37.03,278.43,0.91,49.99,0,2026-08-07 05:06:19
5739,22,31.71,238.45,0.91,49.97,0,2026-08-07 05:14:19
5740,19,33.02,248.3,0.92,50.04,0,2026-08-07 05:22:19
5741,23,35.17,264.43,0.91,49.98,0,2026-08-07 05:30:19
5742,6,32.95,247.73,0.95,49.95,0,2026-08-07 05:38:19
5743,21,37.54,282.25,0.94,50.08,0,2026-08-07 05:46:19
5744,3,31.14,234.11,0.91,50.08,0,2026-08-07 05:54:19
5745,10,33.34,250.67,0.92,50.06,0,2026-08-07 06:02:19
5746,12,32.93,247.56,0.93,49.94,0,2026-08-07 06:10:19
5747,6,35.8,269.17,0.92,49.91,0,2026-08-07 06:18:19
5748,8,32.51,244.4,0.91,50.05,0,2026-08-07 06:26:19
5749,9,30.2,227.1,0.94,50.06,0,2026-08-07 06:34:19
5750,16,34.93,262.64,0.91,49.91,0,2026-08-07 06:42:19
5751,17,37.45,281.55,0.93,50.03,0,2026-08-07 06:50:19
5752,20,30.23,227.27,0.91,50.04,0,2026-08-07 06:58:19
5753,8,36.95,277.82,0.91,49.98,0,2026-08-07 07:06:19
5754,2,32.81,246.68,0.92,49.9,0,2026-08-07 07:14:19
5755,30,36.12,271.61,0.91,50.07,0,2026-08-07 07:22:19
5756,4,37.29,280.36,0.93,49.96,0,2026-08-07 07:30:19
5757,2,32.29,242.79,0.95,50.06,0,2026-08-07 07:38:19
5758,21,31.18,234.47,0.93,50.09,0,2026-08-07 07:46:19
5759,9,35.19,264.57,0.91,50.02,0,2026-08-07 07:54:19
5760,19,36.19,272.13,0.91,50.06,0,2026-08-07 08:02:19
5761,6,36.69,275.85,0.91,50.0,0,2026-08-07 08:10:19
5762,9,34.1,256.42,0.94,50.08,0,2026-08-07 08:18:19
5763,7,35.69,268.36,0.91,49.98,0,2026-08-07 08:26:19
5764,2,30.45,228.97,0.94,49.95,0,2026-08-07 08:34:19
5765,9,36.33,273.17,0.93,49.92,0,2026-08-07 08:42:19
5766,19,37.13,279.18,0.93,50.02,0,2026-08-07 08:50:19
5767,14,31.83,239.35,0.93,50.0,0,2026-08-07 08:58:19
5768,4,35.7,268.43,0.92,49.96,0,2026-08-07 09:06:19
5769,21,34.16,256.83,0.94,50.03,0,2026-08-07 09:14:19
5770,11,37.25,280.08,0.94,50.01,0,2026-08-07 09:22:19
5771,12,32.36,243.32,0.93,49.93,0,2026-08-07 09:30:19
5772,16,34.43,258.87,0.93,50.01,0,2026-08-07 09:38:19
5773,13,36.77,276.5,0.9,50.04,0,2026-08-07 09:46:19
5774,6,37.56,282.37,0.9,50.05,0,2026-08-07 09:54:19
5775,2,32.14,241.66,0.91,49.93,0,2026-08-07 10:02:19
5776,10,31.31,235.4,0.94,50.02,0,2026-08-07 10:10:19
5777,8,37.4,281.24,0.93,50.09,0,2026-08-07 10:18:19
5778,29,32.19,242.03,0.93,49.91,0,2026-08-07 10:26:19
5779,19,34.18,256.99,0.93,49.95,0,2026-08-07 10:34:19
5780,8,37.13,279.15,0.92,49.91,0,2026-08-07 10:42:19
5781,19,30.7,230.84,0.93,50.03,0,2026-08-07 10:50:19
5782,25,31.39,236.02,0.93,50.01,0,2026-08-07 10:58:19
5783,23,30.93,232.56,0.93,49.98,0,2026-08-07 11:06:19
5784,18,33.53,252.13,0.92,50.07,0,2026-08-07 11:14:19
5785,22,37.13,279.15,0.92,49.99,0,2026-08-07 11:22:19
5786,25,34.02,255.79,0.94,50.06,0,2026-08-07 11:30:19
5787,16,33.26,250.05,0.92,49.94,0,2026-08-07 11:38:19
5788,6,35.01,263.22,0.93,49.97,0,2026-08-07 11:46:19
5789,5,31.38,235.96,0.91,50.06,0,2026-08-07 11:54:19
5790,21,36.05,271.08,0.92,49.99,0,2026-08-07 12:02:19
5791,18,33.56,252.3,0.92,50.02,0,2026-08-07 12:10:19
5792,15,37.05,278.59,0.91,50.04,0,2026-08-07 12:18:19
5793,17,31.54,237.14,0.92,50.07,0,2026-08-07 12:26:19
5794,6,32.78,246.45,0.91,49.9,0,2026-08-07 12:34:19
5795,15,30.51,229.37,0.93,50.01,0,2026-08-07 12:42:19
5796,21,37.51,282.04,0.94,50.06,0,2026-08-07 12:50:19
5797,25,32.87,247.14,0.92,49.92,0,2026-08-07 12:58:19
5798,23,33.66,253.09,0.91,50.06,0,2026-08-07 13:06:19
5799,6,31.79,239.0,0.91,50.06,0,2026-08-07 13:14:19
5800,26,33.16,249.33,0.94,50.05,0,2026-08-07 13:22:19
5801,3,35.34,265.73,0.94,49.91,0,2026-08-07 13:30:19
5802,23,34.61,260.22,0.91,50.01,0,2026-08-07 13:38:19
5803,2,32.5,244.36,0.94,50.03,0,2026-08-07 13:46:19
5804,16,32.03,240.84,0.92,50.1,0,2026-08-07 13:54:19
5805,9,67.34,506.31,0.91,49.91,1,2026-08-07 14:02:19
5806,9,70.9,533.07,0.89,49.92,1,2026-08-07 14:10:19
5807,3,71.22,535.5,0.87,50.1,1,2026-08-07 14:18:19
5808,28,67.53,507.72,0.88,49.97,1,2026-08-07 14:26:19
5809,8,68.19,512.7,0.89,50.05,1,2026-08-07 14:34:19
5810,25,71.05,534.19,0.89,49.91,1,2026-08-07 14:42:19
5811,19,71.05,534.18,0.87,49.93,1,2026-08-07 14:50:19
5812,1,64.45,484.57,0.91,50.09,1,2026-08-07 14:58:19
5813,28,71.43,537.05,0.89,49.96,1,2026-08-07 15:06:19
5814,20,64.35,483.85,0.89,49.9,1,2026-08-07 15:14:19
5815,23,67.43,506.98,0.9,49.93,1,2026-08-07 15:22:19
5816,13,70.68,531.46,0.88,50.09,1,2026-08-07 15:30:19
5817,11,69.37,521.56,0.89,50.04,1,2026-08-07 15:38:19
5818,8,64.14,482.25,0.9,50.06,1,2026-08-07 15:46:19
5819,10,65.68,493.86,0.88,50.04,1,2026-08-07 15:54:19
5820,25,67.25,505.61,0.88,50.09,1,2026-08-07 16:02:19
5821,16,64.17,482.49,0.88,49.91,1,2026-08-07 16:10:19
5822,24,64.72,486.58,0.91,49.9,1,2026-08-07 16:18:19
5823,6,71.3,536.07,0.88,49.96,1,2026-08-07 16:26:19
5824,8,70.38,529.17,0.89,49.91,1,2026-08-07 16:34:19
5825,16,68.96,518.51,0.9,50.0,1,2026-08-07 16:42:19
5826,28,65.07,489.25,0.91,50.03,1,2026-08-07 16:50:19
5827,16,67.3,506.0,0.9,49.93,1,2026-08-07 16:58:19
5828,17,65.64,493.51,0.88,49.93,1,2026-08-07 17:06:19
5829,15,69.9,525.57,0.9,50.0,1,2026-08-07 17:14:19
5830,22,66.34,498.77,0.91,49.96,1,2026-08-07 17:22:19
5831,12,65.88,495.35,0.88,50.06,1,2026-08-07 17:30:19
5832,27,69.85,525.22,0.87,50.04,1,2026-08-07 17:38:19
5833,10,69.26,520.73,0.9,50.09,1,2026-08-07 17:46:19
5834,12,67.25,505.65,0.89,50.0,1,2026-08-07 17:54:19
5835,24,70.62,530.96,0.91,49.91,1,2026-08-07 18:02:19
5836,21,66.58,500.59,0.91,50.05,1,2026-08-07 18:10:19
5837,28,70.13,527.3,0.89,49.92,1,2026-08-07 18:18:19
5838,4,68.43,514.52,0.89,50.06,1,2026-08-07 18:26:19
5839,21,69.84,525.1,0.91,50.07,1,2026-08-07 18:34:19
5840,16,69.07,519.32,0.89,50.04,1,2026-08-07 18:42:19
5841,21,67.94,510.81,0.9,50.0,1,2026-08-07 18:50:19
5842,28,67.21,505.36,0.9,49.98,1,2026-08-07 18:58:19
5843,12,66.89,502.93,0.9,49.94,1,2026-08-07 19:06:19
5844,14,66.18,497.59,0.88,50.04,1,2026-08-07 19:14:19
5845,3,71.71,539.19,0.89,50.02,1,2026-08-07 19:22:19
5846,27,71.0,533.87,0.89,50.0,1,2026-08-07 19:30:19
5847,19,64.56,485.43,0.88,50.05,1,2026-08-07 19:38:19
5848,4,71.76,539.52,0.89,49.91,1,2026-08-07 19:46:19
5849,18,66.24,498.02,0.89,50.05,1,2026-08-07 19:54:19
5850,7,70.84,532.66,0.89,49.9,1,2026-08-07 20:02:19
5851,26,70.16,527.52,0.89,49.96,1,2026-08-07 20:10:19
5852,28,66.65,501.11,0.89,50.1,1,2026-08-07 20:18:19
5853,10,68.96,518.5,0.87,49.92,1,2026-08-07 20:26:19
5854,24,65.78,494.57,0.89,50.06,1,2026-08-07 20:34:19
5855,19,72.0,541.37,0.88,49.98,1,2026-08-07 20:42:19
5856,9,70.65,531.19,0.89,50.02,1,2026-08-07 20:50:19
5857,29,65.32,491.14,0.89,50.07,1,2026-08-07 20:58:19
5858,21,67.7,509.05,0.9,49.92,1,2026-08-07 21:06:19
5859,17,70.89,533.04,0.9,50.08,1,2026-08-07 21:14:19
5860,15,69.04,519.09,0.88,49.95,1,2026-08-07 21:22:19
5861,22,66.59,500.64,0.91,50.01,1,2026-08-07 21:30:19
5862,21,71.28,535.91,0.87,49.93,1,2026-08-07 21:38:19
5863,9,64.73,486.71,0.91,49.92,1,2026-08-07 21:46:19
5864,1,65.18,490.05,0.88,50.04,1,2026-08-07 21:54:19
5865,20,31.99,240.56,0.95,50.09,0,2026-08-07 22:02:19
5866,29,32.96,247.84,0.92,50.09,0,2026-08-07 22:10:19
5867,23,37.21,279.79,0.93,49.97,0,2026-08-07 22:18:19
5868,25,31.43,236.33,0.92,50.05,0,2026-08-07 22:26:19
5869,28,35.13,264.12,0.91,49.92,0,2026-08-07 22:34:19
5870,4,31.98,240.42,0.92,50.04,0,2026-08-07 22:42:19
5871,27,31.64,237.88,0.92,49.92,0,2026-08-07 22:50:19
5872,12,32.46,244.05,0.93,50.09,0,2026-08-07 22:58:19
5873,17,33.63,252.89,0.92,50.07,0,2026-08-07 23:06:19
5874,20,31.35,235.73,0.94,50.0,0,2026-08-07 23:14:19
5875,26,34.19,257.08,0.94,49.97,0,2026-08-07 23:22:19
5876,19,33.55,252.26,0.94,50.0,0,2026-08-07 23:30:19
5877,25,34.11,256.49,0.93,50.04,0,2026-08-07 23:38:19
5878,13,31.78,238.98,0.93,49.99,0,2026-08-07 23:46:19
5879,26,36.01,270.78,0.9,49.9,0,2026-08-07 23:54:19
5880,29,36.04,270.97,0.94,49.97,0,2026-08-08 00:02:19
5881,29,31.79,239.06,0.94,50.08,0,2026-08-08 00:10:19
5882,2,30.57,229.84,0.91,50.08,0,2026-08-08 00:18:19
5883,2,31.99,240.54,0.94,49.99,0,2026-08-08 00:26:19
5884,26,34.54,259.7,0.92,49.96,0,2026-08-08 00:34:19
5885,6,35.01,263.24,0.91,49.93,0,2026-08-08 00:42:19
5886,1,35.21,264.75,0.93,49.93,0,2026-08-08 00:50:19
5887,16,33.13,249.12,0.94,49.9,0,2026-08-08 00:58:19
5888,3,30.86,232.03,0.92,50.02,0,2026-08-08 01:06:19
5889,6,30.9,232.33,0.93,49.93,0,2026-08-08 01:14:19
5890,4,35.7,268.41,0.92,49.97,0,2026-08-08 01:22:19
5891,5,31.75,238.69,0.92,50.02,0,2026-08-08 01:30:19
5892,30,34.82,261.83,0.93,50.08,0,2026-08-08 01:38:19
5893,16,30.2,227.08,0.92,49.96,0,2026-08-08 01:46:19
5894,29,33.88,254.77,0.94,50.0,0,2026-08-08 01:54:19
5895,12,33.15,249.24,0.94,50.03,0,2026-08-08 02:02:19
5896,24,32.75,246.22,0.94,50.01,0,2026-08-08 02:10:19
5897,19,31.6,237.57,0.93,50.09,0,2026-08-08 02:18:19
5898,16,31.71,238.4,0.94,50.06,0,2026-08-08 02:26:19
5899,18,37.2,279.72,0.92,50.03,0,2026-08-08 02:34:19
5900,1,37.77,284.0,0.91,50.02,0,2026-08-08 02:42:19
5901,2,34.44,258.92,0.92,49.92,0,2026-08-08 02:50:19
5902,16,30.28,227.64,0.92,49.95,0,2026-08-08 02:58:19
5903,5,32.04,240.91,0.91,49.91,0,2026-08-08 03:06:19
5904,15,34.77,261.4,0.91,49.95,0,2026-08-08 03:14:19
5905,11,35.31,265.52,0.94,50.1,0,2026-08-08 03:22:19
5906,5,34.8,261.64,0.93,49.96,0,2026-08-08 03:30:19
5907,29,32.54,244.65,0.92,49.92,0,2026-08-08 03:38:19
5908,19,33.05,248.53,0.93,49.95,0,2026-08-08 03:46:19
5909,20,35.81,269.24,0.93,50.03,0,2026-08-08 03:54:19
5910,22,36.09,271.38,0.93,50.05,0,2026-08-08 04:02:19
5911,21,30.95,232.67,0.92,49.9,0,2026-08-08 04:10:19
5912,13,36.91,277.5,0.94,49.95,0,2026-08-08 04:18:19
5913,26,35.39,266.09,0.92,49.9,0,2026-08-08 04:26:19
5914,13,35.15,264.26,0.93,50.05,0,2026-08-08 04:34:19
5915,7,34.99,263.09,0.91,50.07,0,2026-08-08 04:42:19
5916,6,33.11,248.94,0.93,50.0,0,2026-08-08 04:50:19
5917,29,30.72,230.98,0.91,49.96,0,2026-08-08 04:58:19
5918,12,37.62,282.82,0.92,50.09,0,2026-08-08 05:06:19
5919,11,37.14,279.25,0.91,50.08,0,2026-08-08 05:14:19
5920,29,31.95,240.2,0.93,50.09,0,2026-08-08 05:22:19
5921,12,32.98,247.99,0.93,49.98,0,2026-08-08 05:30:19
5922,11,32.42,243.78,0.94,50.08,0,2026-08-08 05:38:19
5923,22,34.15,256.77,0.92,49.96,0,2026-08-08 05:46:19
5924,15,32.05,240.96,0.92,50.01,0,2026-08-08 05:54:19
5925,24,30.21,227.13,0.92,50.09,0,2026-08-08 06:02:19
5926,22,37.78,284.07,0.93,49.99,0,2026-08-08 06:10:19
5927,18,37.74,283.77,0.92,50.02,0,2026-08-08 06:18:19
5928,16,33.82,254.28,0.93,50.1,0,2026-08-08 06:26:19
5929,21,31.15,234.23,0.94,49.91,0,2026-08-08 06:34:19
5930,6,31.5,236.81,0.94,50.01,0,2026-08-08 06:42:19
5931,18,32.13,241.59,0.94,50.08,0,2026-08-08 06:50:19
5932,2,36.82,276.86,0.93,50.03,0,2026-08-08 06:58:19
5933,12,37.8,284.2,0.92,50.0,0,2026-08-08 07:06:19
5934,1,30.08,226.17,0.95,50.07,0,2026-08-08 07:14:19
5935,9,36.22,272.36,0.92,50.05,0,2026-08-08 07:22:19
5936,28,37.82,284.37,0.93,49.94,0,2026-08-08 07:30:19
5937,26,37.94,285.23,0.93,50.07,0,2026-08-08 07:38:19
5938,18,34.43,258.84,0.94,50.05,0,2026-08-08 07:46:19
5939,6,32.62,245.29,0.94,49.94,0,2026-08-08 07:54:19
5940,10,34.96,262.87,0.94,50.06,0,2026-08-08 08:02:19
5941,13,30.86,232.02,0.94,50.06,0,2026-08-08 08:10:19
5942,27,35.49,266.82,0.91,50.06,0,2026-08-08 08:18:19
5943,1,37.78,284.07,0.93,50.08,0,2026-08-08 08:26:19
5944,20,36.16,271.88,0.92,50.01,0,2026-08-08 08:34:19
5945,6,32.39,243.52,0.91,50.05,0,2026-08-08 08:42:19
5946,15,34.06,256.08,0.93,50.08,0,2026-08-08 08:50:19
5947,18,35.83,269.4,0.91,50.01,0,2026-08-08 08:58:19
5948,15,36.09,271.37,0.93,49.97,0,2026-08-08 09:06:19
5949,26,31.05,233.47,0.91,49.95,0,2026-08-08 09:14:19
5950,14,30.6,230.08,0.93,49.91,0,2026-08-08 09:22:19
5951,27,33.76,253.87,0.92,50.1,0,2026-08-08 09:30:19
5952,8,31.95,240.2,0.92,49.96,0,2026-08-08 09:38:19
5953,28,34.53,259.66,0.92,50.0,0,2026-08-08 09:46:19
5954,8,34.06,256.08,0.92,49.94,0,2026-08-08 09:54:19
5955,25,33.57,252.43,0.94,50.0,0,2026-08-08 10:02:19
5956,6,37.79,284.15,0.92,50.06,0,2026-08-08 10:10:19
5957,4,30.21,227.17,0.92,49.92,0,2026-08-08 10:18:19
5958,6,32.13,241.58,0.92,49.98,0,2026-08-08 10:26:19
5959,25,34.03,255.88,0.91,50.0,0,2026-08-08 10:34:19
5960,26,36.14,271.7,0.93,50.08,0,2026-08-08 10:42:19
5961,27,35.85,269.57,0.91,49.9,0,2026-08-08 10:50:19
5962,30,37.32,280.59,0.92,49.98,0,2026-08-08 10:58:19
5963,3,33.03,248.31,0.92,50.07,0,2026-08-08 11:06:19
5964,3,33.41,251.2,0.93,49.9,0,2026-08-08 11:14:19
5965,29,31.23,234.82,0.93,49.94,0,2026-08-08 11:22:19
5966,25,33.45,251.53,0.91,49.92,0,2026-08-08 11:30:19
5967,13,37.36,280.92,0.9,49.97,0,2026-08-08 11:38:19
5968,11,30.41,228.67,0.92,50.04,0,2026-08-08 11:46:19
5969,29,36.47,274.21,0.94,50.08,0,2026-08-08 11:54:19
5970,3,33.09,248.77,0.94,49.98,0,2026-08-08 12:02:19
5971,18,34.82,261.78,0.91,49.94,0,2026-08-08 12:10:19
5972,22,34.03,255.9,0.91,49.94,0,2026-08-08 12:18:19
5973,1,34.04,255.94,0.92,49.92,0,2026-08-08 12:26:19
5974,10,37.77,284.02,0.9,49.95,0,2026-08-08 12:34:19
5975,11,36.43,273.92,0.91,50.09,0,2026-08-08 12:42:19
5976,25,30.39,228.47,0.95,49.91,0,2026-08-08 12:50:19
5977,28,36.41,273.75,0.91,49.96,0,2026-08-08 12:58:19
5978,10,35.61,267.75,0.94,49.92,0,2026-08-08 13:06:19
5979,19,36.75,276.34,0.92,49.98,0,2026-08-08 13:14:19
5980,2,35.5,266.93,0.91,50.0,0,2026-08-08 13:22:19
5981,18,36.76,276.36,0.93,49.9,0,2026-08-08 13:30:19
5982,25,34.31,257.94,0.94,49.92,0,2026-08-08 13:38:19
5983,25,35.98,270.52,0.94,50.06,0,2026-08-08 13:46:19
5984,1,30.95,232.7,0.95,49.93,0,2026-08-08 13:54:19
5985,21,66.18,497.6,0.91,49.97,1,2026-08-08 14:02:19
5986,26,68.92,518.22,0.88,50.07,1,2026-08-08 14:10:19
5987,29,70.39,529.23,0.9,50.09,1,2026-08-08 14:18:19
5988,11,66.14,497.28,0.89,49.91,1,2026-08-08 14:26:19
5989,19,66.88,502.88,0.88,50.07,1,2026-08-08 14:34:19
5990,16,65.55,492.85,0.9,50.08,1,2026-08-08 14:42:19
5991,16,65.46,492.19,0.89,49.92,1,2026-08-08 14:50:19
5992,17,71.67,538.84,0.9,50.04,1,2026-08-08 14:58:19
5993,21,65.04,489.01,0.89,49.93,1,2026-08-08 15:06:19
5994,10,66.07,496.8,0.88,49.99,1,2026-08-08 15:14:19
5995,9,71.63,538.54,0.88,50.08,1,2026-08-08 15:22:19
5996,6,71.02,533.97,0.9,50.0,1,2026-08-08 15:30:19
5997,9,66.93,503.27,0.91,50.08,1,2026-08-08 15:38:19
5998,21,66.97,503.5,0.91,50.0,1,2026-08-08 15:46:19
5999,26,65.66,493.69,0.9,50.1,1,2026-08-08 15:54:19
6000,29,67.58,508.09,0.91,50.08,1,2026-08-08 16:02:19
6001,17,70.23,528.05,0.87,49.9,1,2026-08-08 16:10:19
6002,8,71.53,537.83,0.89,50.04,1,2026-08-08 16:18:19
6003,18,65.17,490.0,0.89,50.08,1,2026-08-08 16:26:19
6004,7,65.65,493.64,0.9,50.03,1,2026-08-08 16:34:19
6005,12,70.59,530.78,0.91,49.98,1,2026-08-08 16:42:19
6006,22,65.24,490.51,0.89,50.01,1,2026-08-08 16:50:19
6007,20,71.24,535.63,0.9,50.03,1,2026-08-08 16:58:19
6008,19,68.9,518.07,0.9,50.03,1,2026-08-08 17:06:19
6009,28,67.49,507.45,0.88,50.03,1,2026-08-08 17:14:19
6010,18,65.41,491.8,0.9,50.09,1,2026-08-08 17:22:19
6011,11,70.34,528.86,0.89,49.97,1,2026-08-08 17:30:19
6012,9,69.02,518.94,0.88,50.09,1,2026-08-08 17:38:19
6013,21,70.65,531.22,0.89,49.94,1,2026-08-08 17:46:19
6014,17,69.85,525.19,0.88,49.98,1,2026-08-08 17:54:19
6015,10,65.33,491.21,0.9,50.07,1,2026-08-08 18:02:19
6016,16,66.13,497.2,0.9,49.9,1,2026-08-08 18:10:19
6017,19,68.27,513.34,0.9,50.07,1,2026-08-08 18:18:19
6018,24,64.91,488.03,0.88,49.95,1,2026-08-08 18:26:19
6019,27,64.7,486.47,0.9,50.05,1,2026-08-08 18:34:19
6020,5,65.91,495.6,0.88,49.92,1,2026-08-08 18:42:19
6021,25,64.73,486.71,0.91,50.06,1,2026-08-08 18:50:19
6022,30,71.0,533.8,0.9,50.05,1,2026-08-08 18:58:19
6023,9,66.05,496.64,0.91,49.99,1,2026-08-08 19:06:19
6024,2,65.96,495.95,0.9,49.97,1,2026-08-08 19:14:19
6025,17,64.17,482.49,0.88,49.98,1,2026-08-08 19:22:19
6026,11,66.38,499.1,0.91,50.02,1,2026-08-08 19:30:19
6027,13,69.57,523.06,0.87,49.96,1,2026-08-08 19:38:19
6028,17,65.82,494.85,0.91,49.93,1,2026-08-08 19:46:19
6029,3,67.33,506.21,0.9,50.08,1,2026-08-08 19:54:19
6030,8,71.37,536.64,0.88,50.03,1,2026-08-08 20:02:19
6031,11,68.24,513.08,0.87,49.92,1,2026-08-08 20:10:19
6032,7,68.84,517.59,0.89,50.01,1,2026-08-08 20:18:19
6033,21,66.2,497.77,0.88,49.93,1,2026-08-08 20:26:19
6034,26,66.77,502.06,0.88,49.94,1,2026-08-08 20:34:19
6035,25,68.47,514.81,0.91,50.04,1,2026-08-08 20:42:19
6036,21,70.34,528.87,0.91,49.91,1,2026-08-08 20:50:19
6037,21,66.48,499.86,0.89,50.05,1,2026-08-08 20:58:19
6038,5,69.25,520.64,0.88,49.98,1,2026-08-08 21:06:19
6039,12,71.89,540.54,0.89,49.96,1,2026-08-08 21:14:19
6040,8,69.15,519.9,0.88,50.07,1,2026-08-08 21:22:19
6041,2,64.43,484.44,0.88,50.09,1,2026-08-08 21:30:19
6042,15,71.09,534.51,0.89,49.92,1,2026-08-08 21:38:19
6043,9,69.45,522.2,0.9,49.93,1,2026-08-08 21:46:19
6044,4,69.99,526.24,0.89,49.97,1,2026-08-08 21:54:19
6045,28,30.41,228.61,0.92,50.06,0,2026-08-08 22:02:19
6046,30,31.0,233.07,0.92,50.08,0,2026-08-08 22:10:19
6047,23,34.78,261.47,0.93,49.98,0,2026-08-08 22:18:19
6048,6,31.35,235.73,0.95,50.09,0,2026-08-08 22:26:19
6049,6,34.7,260.92,0.91,50.05,0,2026-08-08 22:34:19
6050,20,35.39,266.12,0.92,50.09,0,2026-08-08 22:42:19
6051,30,33.42,251.3,0.92,49.91,0,2026-08-08 22:50:19
6052,15,36.97,277.98,0.91,50.08,0,2026-08-08 22:58:19
6053,28,33.9,254.85,0.91,49.91,0,2026-08-08 23:06:19
6054,21,35.2,264.65,0.93,49.97,0,2026-08-08 23:14:19
6055,24,33.52,252.01,0.93,50.03,0,2026-08-08 23:22:19
6056,19,31.82,239.28,0.92,49.91,0,2026-08-08 23:30:19
6057,28,32.79,246.51,0.94,49.96,0,2026-08-08 23:38:19
6058,29,33.53,252.12,0.91,49.92,0,2026-08-08 23:46:19
6059,6,33.58,252.46,0.93,49.92,0,2026-08-08 23:54:19
6060,12,34.38,258.48,0.92,50.0,0,2026-08-09 00:02:19
6061,16,31.01,233.18,0.92,50.04,0,2026-08-09 00:10:19
6062,10,33.14,249.19,0.91,50.0,0,2026-08-09 00:18:19
6063,8,31.33,235.57,0.95,49.93,0,2026-08-09 00:26:19
6064,14,30.39,228.48,0.94,49.94,0,2026-08-09 00:34:19
6065,29,31.12,234.0,0.91,50.07,0,2026-08-09 00:42:19
6066,22,33.03,248.32,0.91,50.02,0,2026-08-09 00:50:19
6067,20,31.52,236.99,0.91,50.07,0,2026-08-09 00:58:19
6068,30,30.33,228.05,0.93,49.98,0,2026-08-09 01:06:19
6069,20,37.95,285.37,0.91,50.06,0,2026-08-09 01:14:19
6070,11,34.22,257.32,0.94,49.9,0,2026-08-09 01:22:19
6071,22,36.92,277.61,0.91,50.1,0,2026-08-09 01:30:19
6072,23,34.15,256.8,0.93,49.97,0,2026-08-09 01:38:19
6073,21,34.0,255.62,0.92,49.94,0,2026-08-09 01:46:19
6074,1,33.9,254.87,0.94,49.97,0,2026-08-09 01:54:19
6075,17,36.87,277.19,0.91,50.08,0,2026-08-09 02:02:19
6076,14,35.02,263.34,0.91,49.96,0,2026-08-09 02:10:19
6077,16,33.37,250.93,0.93,49.94,0,2026-08-09 02:18:19
6078,7,31.76,238.82,0.92,49.94,0,2026-08-09 02:26:19
6079,24,37.09,278.89,0.91,50.06,0,2026-08-09 02:34:19
6080,12,30.27,227.59,0.93,50.02,0,2026-08-09 02:42:19
6081,17,32.42,243.77,0.94,49.97,0,2026-08-09 02:50:19
6082,16,32.42,243.75,0.94,50.0,0,2026-08-09 02:58:19
6083,29,34.97,262.96,0.94,49.92,0,2026-08-09 03:06:19
6084,15,33.98,255.46,0.94,49.99,0,2026-08-09 03:14:19
6085,8,37.0,278.16,0.91,50.02,0,2026-08-09 03:22:19
6086,6,30.66,230.55,0.93,50.09,0,2026-08-09 03:30:19
6087,23,30.75,231.18,0.92,50.07,0,2026-08-09 03:38:19
6088,18,37.36,280.93,0.9,49.91,0,2026-08-09 03:46:19
6089,20,33.36,250.86,0.91,50.02,0,2026-08-09 03:54:19
6090,22,34.54,259.73,0.92,49.92,0,2026-08-09 04:02:19
6091,12,30.06,226.03,0.92,49.93,0,2026-08-09 04:10:19
6092,15,36.75,276.31,0.91,49.96,0,2026-08-09 04:18:19
6093,27,32.62,245.27,0.91,50.09,0,2026-08-09 04:26:19
6094,24,31.83,239.33,0.91,50.09,0,2026-08-09 04:34:19
6095,5,34.68,260.76,0.92,50.08,0,2026-08-09 04:42:19
6096,8,30.87,232.12,0.93,50.02,0,2026-08-09 04:50:19
6097,24,32.84,246.93,0.93,50.05,0,2026-08-09 04:58:19
6098,14,32.49,244.31,0.93,49.94,0,2026-08-09 05:06:19
6099,18,38.01,285.8,0.91,50.05,0,2026-08-09 05:14:19
6100,30,37.98,285.54,0.91,50.0,0,2026-08-09 05:22:19
6101,8,37.91,285.05,0.92,49.93,0,2026-08-09 05:30:19
6102,15,31.24,234.86,0.94,50.06,0,2026-08-09 05:38:19
6103,14,35.41,266.23,0.93,49.94,0,2026-08-09 05:46:19
6104,7,36.03,270.9,0.91,49.94,0,2026-08-09 05:54:19
6105,7,33.28,250.2,0.92,50.1,0,2026-08-09 06:02:19
6106,19,36.17,271.95,0.92,50.04,0,2026-08-09 06:10:19
6107,1,37.29,280.37,0.9,50.08,0,2026-08-09 06:18:19
6108,28,34.57,259.91,0.93,50.02,0,2026-08-09 06:26:19
6109,20,33.21,249.7,0.92,49.95,0,2026-08-09 06:34:19
6110,23,34.77,261.43,0.91,49.98,0,2026-08-09 06:42:19
6111,22,31.41,236.19,0.91,49.95,0,2026-08-09 06:50:19
6112,3,35.73,268.68,0.91,49.94,0,2026-08-09 06:58:19
6113,8,30.72,230.97,0.93,49.98,0,2026-08-09 07:06:19
6114,8,35.89,269.88,0.93,50.05,0,2026-08-09 07:14:19
6115,8,32.34,243.14,0.91,50.08,0,2026-08-09 07:22:19
6116,20,34.53,259.59,0.94,50.0,0,2026-08-09 07:30:19
6117,25,35.87,269.67,0.93,50.08,0,2026-08-09 07:38:19
6118,16,30.53,229.55,0.94,50.05,0,2026-08-09 07:46:19
6119,30,30.67,230.58,0.94,50.02,0,2026-08-09 07:54:19
6120,24,33.33,250.6,0.91,50.06,0,2026-08-09 08:02:19
6121,24,32.59,245.04,0.93,50.07,0,2026-08-09 08:10:19
6122,14,31.87,239.64,0.94,49.99,0,2026-08-09 08:18:19
6123,23,33.21,249.68,0.94,49.95,0,2026-08-09 08:26:19
6124,7,32.28,242.69,0.93,49.94,0,2026-08-09 08:34:19
6125,29,36.83,276.9,0.94,49.9,0,2026-08-09 08:42:19
6126,2,30.22,227.19,0.94,50.04,0,2026-08-09 08:50:19
6127,7,34.21,257.25,0.93,49.9,0,2026-08-09 08:58:19
6128,5,35.88,269.74,0.94,49.93,0,2026-08-09 09:06:19
6129,20,33.5,251.89,0.92,49.93,0,2026-08-09 09:14:19
6130,7,31.66,238.04,0.92,50.05,0,2026-08-09 09:22:19
6131,27,34.44,258.91,0.91,50.07,0,2026-08-09 09:30:19
6132,10,34.71,260.98,0.91,49.95,0,2026-08-09 09:38:19
6133,1,37.56,282.44,0.94,50.04,0,2026-08-09 09:46:19
6134,15,37.96,285.4,0.92,49.95,0,2026-08-09 09:54:19
6135,16,35.03,263.41,0.92,49.97,0,2026-08-09 10:02:19
6136,16,32.74,246.2,0.91,49.91,0,2026-08-09 10:10:19
6137,13,35.21,264.73,0.93,50.05,0,2026-08-09 10:18:19
6138,20,30.37,228.31,0.91,49.98,0,2026-08-09 10:26:19
6139,7,33.6,252.63,0.93,50.07,0,2026-08-09 10:34:19
6140,11,34.2,257.18,0.93,49.94,0,2026-08-09 10:42:19
6141,25,35.39,266.1,0.91,49.91,0,2026-08-09 10:50:19
6142,20,35.89,269.87,0.93,50.02,0,2026-08-09 10:58:19
6143,4,36.46,274.15,0.91,49.92,0,2026-08-09 11:06:19
6144,11,35.68,268.29,0.94,50.06,0,2026-08-09 11:14:19
6145,22,33.61,252.74,0.91,50.03,0,2026-08-09 11:22:19
6146,8,36.46,274.1,0.92,50.1,0,2026-08-09 11:30:19
6147,10,33.89,254.79,0.93,49.94,0,2026-08-09 11:38:19
6148,21,35.69,268.32,0.92,49.92,0,2026-08-09 11:46:19
6149,25,32.6,245.13,0.92,49.98,0,2026-08-09 11:54:19
6150,29,37.96,285.44,0.94,49.98,0,2026-08-09 12:02:19
6151,9,37.01,278.24,0.94,49.99,0,2026-08-09 12:10:19
6152,17,31.04,233.41,0.94,50.09,0,2026-08-09 12:18:19
6153,17,32.82,246.78,0.94,49.96,0,2026-08-09 12:26:19
6154,28,37.59,282.63,0.91,49.94,0,2026-08-09 12:34:19
6155,3,33.71,253.43,0.92,49.99,0,2026-08-09 12:42:19
6156,29,33.71,253.48,0.94,49.94,0,2026-08-09 12:50:19
6157,30,37.53,282.18,0.92,49.95,0,2026-08-09 12:58:19
6158,28,31.82,239.22,0.93,49.95,0,2026-08-09 13:06:19
6159,20,30.32,227.96,0.93,49.91,0,2026-08-09 13:14:19
6160,15,33.4,251.13,0.91,50.09,0,2026-08-09 13:22:19
6161,5,32.05,240.97,0.92,50.01,0,2026-08-09 13:30:19
6162,8,35.51,267.0,0.93,50.0,0,2026-08-09 13:38:19
6163,14,30.21,227.15,0.92,49.93,0,2026-08-09 13:46:19
6164,29,32.22,242.25,0.94,50.0,0,2026-08-09 13:54:19
6165,28,66.2,497.77,0.9,50.02,1,2026-08-09 14:02:19
6166,14,71.43,537.07,0.89,50.08,1,2026-08-09 14:10:19
6167,5,70.39,529.24,0.88,50.0,1,2026-08-09 14:18:19
6168,21,70.34,528.87,0.89,49.97,1,2026-08-09 14:26:19
6169,9,70.02,526.48,0.91,49.93,1,2026-08-09 14:34:19
6170,13,67.13,504.75,0.87,49.9,1,2026-08-09 14:42:19
6171,3,67.13,504.7,0.89,50.09,1,2026-08-09 14:50:19
6172,2,64.14,482.22,0.91,50.03,1,2026-08-09 14:58:19
6173,30,66.08,496.87,0.91,49.97,1,2026-08-09 15:06:19
6174,27,66.77,502.0,0.88,50.03,1,2026-08-09 15:14:19
6175,27,64.71,486.51,0.91,49.91,1,2026-08-09 15:22:19
6176,7,70.01,526.42,0.87,50.04,1,2026-08-09 15:30:19
6177,5,72.03,541.58,0.9,50.08,1,2026-08-09 15:38:19
6178,26,67.85,510.13,0.88,49.93,1,2026-08-09 15:46:19
6179,13,71.64,538.64,0.89,50.05,1,2026-08-09 15:54:19
6180,30,69.44,522.1,0.9,50.04,1,2026-08-09 16:02:19
6181,12,66.26,498.23,0.91,49.97,1,2026-08-09 16:10:19
6182,21,69.44,522.11,0.91,49.95,1,2026-08-09 16:18:19
6183,24,68.32,513.67,0.9,50.0,1,2026-08-09 16:26:19
6184,3,66.54,500.28,0.89,50.0,1,2026-08-09 16:34:19
6185,2,65.61,493.33,0.9,49.96,1,2026-08-09 16:42:19
6186,4,67.69,508.93,0.9,50.09,1,2026-08-09 16:50:19
6187,14,65.83,494.93,0.89,49.99,1,2026-08-09 16:58:19
6188,4,67.14,504.78,0.9,50.07,1,2026-08-09 17:06:19
6189,6,66.37,499.05,0.9,50.06,1,2026-08-09 17:14:19
6190,6,66.21,497.83,0.91,49.92,1,2026-08-09 17:22:19
6191,15,69.93,525.79,0.87,50.03,1,2026-08-09 17:30:19
6192,14,68.24,513.09,0.88,49.92,1,2026-08-09 17:38:19
6193,20,68.14,512.31,0.89,50.01,1,2026-08-09 17:46:19
6194,13,70.96,533.55,0.87,50.06,1,2026-08-09 17:54:19
6195,10,70.98,533.71,0.9,50.01,1,2026-08-09 18:02:19
6196,14,70.07,526.82,0.89,50.05,1,2026-08-09 18:10:19
6197,25,66.57,500.52,0.91,50.08,1,2026-08-09 18:18:19
6198,7,65.01,488.82,0.89,50.06,1,2026-08-09 18:26:19
6199,25,72.01,541.41,0.88,49.98,1,2026-08-09 18:34:19
6200,3,64.37,483.98,0.88,49.99,1,2026-08-09 18:42:19
6201,13,69.2,520.27,0.89,49.99,1,2026-08-09 18:50:19
6202,5,68.95,518.44,0.9,50.01,1,2026-08-09 18:58:19
6203,18,66.82,502.4,0.9,50.01,1,2026-08-09 19:06:19
6204,24,69.62,523.48,0.88,50.0,1,2026-08-09 19:14:19
6205,20,64.36,483.92,0.89,49.91,1,2026-08-09 19:22:19
6206,8,68.16,512.47,0.91,49.99,1,2026-08-09 19:30:19
6207,17,64.19,482.6,0.9,49.91,1,2026-08-09 19:38:19
6208,15,70.35,528.95,0.87,49.95,1,2026-08-09 19:46:19
6209,11,67.88,510.39,0.89,49.9,1,2026-08-09 19:54:19
6210,12,64.23,482.94,0.88,50.06,1,2026-08-09 20:02:19
6211,8,67.28,505.86,0.89,50.05,1,2026-08-09 20:10:19
6212,6,65.91,495.59,0.89,49.98,1,2026-08-09 20:18:19
6213,8,68.68,516.4,0.91,50.02,1,2026-08-09 20:26:19
6214,2,69.95,525.94,0.88,50.01,1,2026-08-09 20:34:19
6215,24,70.4,529.34,0.9,49.99,1,2026-08-09 20:42:19
6216,30,66.8,502.25,0.89,50.05,1,2026-08-09 20:50:19
6217,16,69.11,519.62,0.88,50.02,1,2026-08-09 20:58:19
6218,19,65.41,491.79,0.91,49.92,1,2026-08-09 21:06:19
6219,15,66.82,502.4,0.89,49.98,1,2026-08-09 21:14:19
6220,20,65.03,488.97,0.89,50.04,1,2026-08-09 21:22:19
6221,1,67.71,509.13,0.9,50.06,1,2026-08-09 21:30:19
6222,3,65.26,490.71,0.89,49.91,1,2026-08-09 21:38:19
6223,17,69.77,524.62,0.87,50.05,1,2026-08-09 21:46:19
6224,24,71.53,537.84,0.91,49.95,1,2026-08-09 21:54:19
6225,30,32.56,244.79,0.92,50.01,0,2026-08-09 22:02:19
6226,18,30.66,230.5,0.94,50.0,0,2026-08-09 22:10:19
6227,22,35.0,263.16,0.92,49.96,0,2026-08-09 22:18:19
6228,4,30.82,231.73,0.95,49.99,0,2026-08-09 22:26:19
6229,23,31.95,240.2,0.94,50.04,0,2026-08-09 22:34:19
6230,12,34.25,257.51,0.94,50.09,0,2026-08-09 22:42:19
6231,15,31.05,233.46,0.95,49.98,0,2026-08-09 22:50:19
6232,7,34.9,262.39,0.94,50.1,0,2026-08-09 22:58:19
6233,10,35.77,268.92,0.94,50.04,0,2026-08-09 23:06:19
6234,22,37.8,284.19,0.94,49.94,0,2026-08-09 23:14:19
6235,11,35.41,266.27,0.92,50.07,0,2026-08-09 23:22:19
6236,15,31.62,237.78,0.94,50.05,0,2026-08-09 23:30:19
6237,1,30.66,230.52,0.94,50.1,0,2026-08-09 23:38:19
6238,15,36.57,274.98,0.91,49.95,0,2026-08-09 23:46:19
6239,15,32.43,243.82,0.92,49.93,0,2026-08-09 23:54:19
6240,11,33.63,252.83,0.91,49.91,0,2026-08-10 00:02:19
6241,29,34.43,258.87,0.91,50.02,0,2026-08-10 00:10:19
6242,30,35.24,264.95,0.93,50.08,0,2026-08-10 00:18:19
6243,19,35.44,266.48,0.92,49.99,0,2026-08-10 00:26:19
6244,3,32.55,244.72,0.91,49.93,0,2026-08-10 00:34:19
6245,20,34.21,257.2,0.91,50.08,0,2026-08-10 00:42:19
6246,23,36.25,272.53,0.91,50.07,0,2026-08-10 00:50:19
6247,23,32.48,244.21,0.92,50.07,0,2026-08-10 00:58:19
6248,16,36.62,275.33,0.91,50.05,0,2026-08-10 01:06:19
6249,12,31.42,236.22,0.91,49.94,0,2026-08-10 01:14:19
6250,5,31.77,238.85,0.92,49.98,0,2026-08-10 01:22:19
6251,20,32.59,245.02,0.91,49.95,0,2026-08-10 01:30:19
6252,19,37.87,284.73,0.92,50.1,0,2026-08-10 01:38:19
6253,29,37.94,285.28,0.91,49.94,0,2026-08-10 01:46:19
6254,21,32.04,240.91,0.92,50.09,0,2026-08-10 01:54:19
6255,9,34.48,259.24,0.91,49.94,0,2026-08-10 02:02:19
6256,23,31.7,238.36,0.91,50.09,0,2026-08-10 02:10:19
6257,28,35.32,265.55,0.92,49.99,0,2026-08-10 02:18:19
6258,10,35.25,265.07,0.94,50.0,0,2026-08-10 02:26:19
6259,21,35.3,265.41,0.94,50.07,0,2026-08-10 02:34:19
6260,2,34.05,256.01,0.92,50.1,0,2026-08-10 02:42:19
6261,24,30.44,228.87,0.93,50.06,0,2026-08-10 02:50:19
6262,15,37.03,278.45,0.94,49.95,0,2026-08-10 02:58:19
6263,17,32.2,242.07,0.94,50.09,0,2026-08-10 03:06:19
6264,28,36.81,276.8,0.94,50.04,0,2026-08-10 03:14:19
6265,21,31.82,239.28,0.94,49.9,0,2026-08-10 03:22:19
6266,27,32.76,246.33,0.92,49.94,0,2026-08-10 03:30:19
6267,15,36.22,272.32,0.93,50.04,0,2026-08-10 03:38:19
6268,20,32.23,242.34,0.92,49.9,0,2026-08-10 03:46:19
6269,23,30.97,232.86,0.92,49.99,0,2026-08-10 03:54:19
6270,26,31.03,233.28,0.91,50.06,0,2026-08-10 04:02:19
6271,23,33.1,248.89,0.91,49.9,0,2026-08-10 04:10:19
6272,14,36.94,277.77,0.93,50.07,0,2026-08-10 04:18:19
6273,1,31.41,236.16,0.91,49.94,0,2026-08-10 04:26:19
6274,25,35.2,264.66,0.94,49.9,0,2026-08-10 04:34:19
6275,24,35.82,269.36,0.92,49.95,0,2026-08-10 04:42:19
6276,4,35.12,264.08,0.93,49.9,0,2026-08-10 04:50:19
6277,8,31.68,238.2,0.93,50.05,0,2026-08-10 04:58:19
6278,25,35.13,264.16,0.94,49.93,0,2026-08-10 05:06:19
6279,20,31.45,236.45,0.95,49.94,0,2026-08-10 05:14:19
6280,20,30.08,226.18,0.95,50.0,0,2026-08-10 05:22:19
6281,25,33.69,253.32,0.93,49.93,0,2026-08-10 05:30:19
6282,15,32.94,247.66,0.93,50.0,0,2026-08-10 05:38:19
6283,29,37.14,279.28,0.93,50.08,0,2026-08-10 05:46:19
6284,14,30.78,231.46,0.92,49.94,0,2026-08-10 05:54:19
6285,24,32.48,244.22,0.94,50.05,0,2026-08-10 06:02:19
6286,17,31.02,233.22,0.94,49.98,0,2026-08-10 06:10:19
6287,4,33.96,255.34,0.91,50.06,0,2026-08-10 06:18:19
6288,5,32.14,241.63,0.94,49.92,0,2026-08-10 06:26:19
6289,29,34.92,262.53,0.91,49.96,0,2026-08-10 06:34:19
6290,7,33.12,249.02,0.92,49.93,0,2026-08-10 06:42:19
6291,24,33.52,252.04,0.91,50.05,0,2026-08-10 06:50:19
6292,5,37.72,283.62,0.93,50.02,0,2026-08-10 06:58:19
6293,30,33.06,248.55,0.91,50.0,0,2026-08-10 07:06:19
6294,22,33.48,251.75,0.91,50.07,0,2026-08-10 07:14:19
6295,26,30.7,230.86,0.94,50.05,0,2026-08-10 07:22:19
6296,3,37.17,279.49,0.91,49.98,0,2026-08-10 07:30:19
6297,22,36.89,277.37,0.92,49.95,0,2026-08-10 07:38:19
6298,12,31.23,234.82,0.92,49.91,0,2026-08-10 07:46:19
6299,5,35.09,263.81,0.94,50.05,0,2026-08-10 07:54:19
6300,6,34.78,261.54,0.92,49.94,0,2026-08-10 08:02:19
6301,10,34.64,260.48,0.93,49.97,0,2026-08-10 08:10:19
6302,8,34.58,260.0,0.93,49.9,0,2026-08-10 08:18:19
6303,21,34.16,256.85,0.92,50.1,0,2026-08-10 08:26:19
6304,19,34.07,256.18,0.93,50.05,0,2026-08-10 08:34:19
6305,27,35.84,269.44,0.94,49.91,0,2026-08-10 08:42:19
6306,12,32.89,247.3,0.92,49.96,0,2026-08-10 08:50:19
6307,26,35.12,264.05,0.94,49.93,0,2026-08-10 08:58:19
6308,22,37.53,282.19,0.93,50.05,0,2026-08-10 09:06:19
6309,9,35.32,265.55,0.91,49.93,0,2026-08-10 09:14:19
6310,15,30.83,231.81,0.94,50.06,0,2026-08-10 09:22:19
6311,11,34.12,256.56,0.93,49.9,0,2026-08-10 09:30:19
6312,6,31.97,240.39,0.91,50.03,0,2026-08-10 09:38:19
6313,4,35.05,263.57,0.91,49.9,0,2026-08-10 09:46:19
6314,21,33.7,253.36,0.91,50.04,0,2026-08-10 09:54:19
6315,6,30.73,231.04,0.91,50.0,0,2026-08-10 10:02:19
6316,26,30.91,232.37,0.93,50.07,0,2026-08-10 10:10:19
6317,2,35.53,267.12,0.94,49.93,0,2026-08-10 10:18:19
6318,26,33.64,252.93,0.93,49.93,0,2026-08-10 10:26:19
6319,5,36.96,277.89,0.93,50.03,0,2026-08-10 10:34:19
6320,4,31.16,234.26,0.94,49.93,0,2026-08-10 10:42:19
6321,17,30.73,231.02,0.92,50.02,0,2026-08-10 10:50:19
6322,17,31.57,237.36,0.93,49.95,0,2026-08-10 10:58:19
6323,21,36.86,277.15,0.92,49.99,0,2026-08-10 11:06:19
6324,2,30.81,231.67,0.95,49.93,0,2026-08-10 11:14:19
6325,24,35.77,268.91,0.93,49.95,0,2026-08-10 11:22:19
6326,29,31.36,235.76,0.92,49.96,0,2026-08-10 11:30:19
6327,13,32.99,248.05,0.92,50.04,0,2026-08-10 11:38:19
6328,19,35.39,266.12,0.94,49.94,0,2026-08-10 11:46:19
6329,30,36.67,275.68,0.92,49.91,0,2026-08-10 11:54:19
6330,6,35.8,269.2,0.92,49.91,0,2026-08-10 12:02:19
6331,7,33.51,251.92,0.93,50.1,0,2026-08-10 12:10:19
6332,10,32.06,241.03,0.92,50.01,0,2026-08-10 12:18:19
6333,2,32.27,242.62,0.93,50.0,0,2026-08-10 12:26:19
6334,16,30.48,229.21,0.93,50.08,0,2026-08-10 12:34:19
6335,30,36.17,271.92,0.92,50.04,0,2026-08-10 12:42:19
6336,10,36.31,272.98,0.93,49.99,0,2026-08-10 12:50:19
6337,15,36.02,270.83,0.93,49.94,0,2026-08-10 12:58:19
6338,17,33.46,251.55,0.91,50.05,0,2026-08-10 13:06:19
6339,15,30.32,227.94,0.92,50.08,0,2026-08-10 13:14:19
6340,13,33.58,252.48,0.93,50.0,0,2026-08-10 13:22:19
6341,1,31.22,234.71,0.93,49.96,0,2026-08-10 13:30:19
6342,30,34.16,256.83,0.92,49.96,0,2026-08-10 13:38:19
6343,23,32.66,245.54,0.93,49.97,0,2026-08-10 13:46:19
6344,3,37.03,278.4,0.91,49.95,0,2026-08-10 13:54:19
6345,4,66.12,497.14,0.9,49.98,1,2026-08-10 14:02:19
6346,10,67.79,509.69,0.9,50.04,1,2026-08-10 14:10:19
6347,5,68.4,514.28,0.91,49.92,1,2026-08-10 14:18:19
6348,4,67.96,511.0,0.91,49.94,1,2026-08-10 14:26:19
6349,1,65.12,489.61,0.88,50.05,1,2026-08-10 14:34:19
6350,3,71.67,538.86,0.89,50.04,1,2026-08-10 14:42:19
6351,29,65.48,492.32,0.9,50.02,1,2026-08-10 14:50:19
6352,17,65.88,495.35,0.91,50.01,1,2026-08-10 14:58:19
6353,12,71.81,539.89,0.89,50.01,1,2026-08-10 15:06:19
6354,22,69.3,521.06,0.89,50.05,1,2026-08-10 15:14:19
6355,22,65.03,488.91,0.91,50.02,1,2026-08-10 15:22:19
6356,28,64.23,482.93,0.88,50.06,1,2026-08-10 15:30:19
6357,19,68.11,512.07,0.89,49.96,1,2026-08-10 15:38:19
6358,26,67.74,509.3,0.88,49.95,1,2026-08-10 15:46:19
6359,30,68.89,517.95,0.89,50.06,1,2026-08-10 15:54:19
6360,20,67.71,509.09,0.89,50.07,1,2026-08-10 16:02:19
6361,19,66.34,498.83,0.88,50.0,1,2026-08-10 16:10:19
6362,23,70.31,528.67,0.88,50.08,1,2026-08-10 16:18:19
6363,9,70.02,526.48,0.9,49.94,1,2026-08-10 16:26:19
6364,25,67.77,509.58,0.88,50.07,1,2026-08-10 16:34:19
6365,16,71.78,539.71,0.87,49.92,1,2026-08-10 16:42:19
6366,3,67.11,504.56,0.88,50.02,1,2026-08-10 16:50:19
6367,7,65.25,490.6,0.88,50.0,1,2026-08-10 16:58:19
6368,4,64.56,485.4,0.9,49.99,1,2026-08-10 17:06:19
6369,8,68.88,517.88,0.91,49.95,1,2026-08-10 17:14:19
6370,2,69.57,523.06,0.87,50.1,1,2026-08-10 17:22:19
6371,26,70.74,531.86,0.9,50.03,1,2026-08-10 17:30:19
6372,10,64.91,488.03,0.91,50.08,1,2026-08-10 17:38:19
6373,21,65.06,489.21,0.9,50.06,1,2026-08-10 17:46:19
6374,13,68.92,518.2,0.87,50.06,1,2026-08-10 17:54:19
6375,17,64.55,485.34,0.88,49.93,1,2026-08-10 18:02:19
6376,21,68.5,515.07,0.87,49.92,1,2026-08-10 18:10:19
6377,6,69.79,524.77,0.9,50.01,1,2026-08-10 18:18:19
6378,16,69.65,523.69,0.91,50.05,1,2026-08-10 18:26:19
6379,23,68.27,513.32,0.89,50.02,1,2026-08-10 18:34:19
6380,24,71.23,535.58,0.9,49.95,1,2026-08-10 18:42:19
6381,17,70.48,529.92,0.88,49.93,1,2026-08-10 18:50:19
6382,13,68.79,517.24,0.89,50.08,1,2026-08-10 18:58:19
6383,24,65.1,489.48,0.91,49.91,1,2026-08-10 19:06:19
6384,15,66.46,499.69,0.91,49.92,1,2026-08-10 19:14:19
6385,17,65.46,492.16,0.88,50.06,1,2026-08-10 19:22:19
6386,3,67.96,510.95,0.91,49.98,1,2026-08-10 19:30:19
6387,6,70.13,527.32,0.91,50.01,1,2026-08-10 19:38:19
6388,4,65.84,495.06,0.9,50.03,1,2026-08-10 19:46:19
6389,7,65.5,492.47,0.88,50.06,1,2026-08-10 19:54:19
6390,21,71.9,540.59,0.88,49.99,1,2026-08-10 20:02:19
6391,7,71.29,535.98,0.87,50.01,1,2026-08-10 20:10:19
6392,18,68.28,513.38,0.9,50.07,1,2026-08-10 20:18:19
6393,6,69.46,522.23,0.89,49.96,1,2026-08-10 20:26:19
6394,6,71.78,539.67,0.91,50.0,1,2026-08-10 20:34:19
6395,30,67.84,510.06,0.89,49.91,1,2026-08-10 20:42:19
6396,17,68.11,512.12,0.9,50.03,1,2026-08-10 20:50:19
6397,6,64.13,482.2,0.9,50.08,1,2026-08-10 20:58:19
6398,13,71.89,540.55,0.88,49.99,1,2026-08-10 21:06:19
6399,10,69.0,518.77,0.87,50.0,1,2026-08-10 21:14:19
6400,28,67.8,509.8,0.9,49.94,1,2026-08-10 21:22:19
6401,29,71.04,534.11,0.9,50.0,1,2026-08-10 21:30:19
6402,13,69.54,522.83,0.9,50.1,1,2026-08-10 21:38:19
6403,21,68.78,517.15,0.89,50.07,1,2026-08-10 21:46:19
6404,5,64.12,482.09,0.89,49.99,1,2026-08-10 21:54:19
6405,7,35.88,269.74,0.94,50.04,0,2026-08-10 22:02:19
6406,17,30.44,228.86,0.92,49.9,0,2026-08-10 22:10:19
6407,2,32.87,247.17,0.93,49.95,0,2026-08-10 22:18:19
6408,3,36.22,272.34,0.92,50.02,0,2026-08-10 22:26:19
6409,16,36.07,271.17,0.94,50.04,0,2026-08-10 22:34:19
6410,1,37.25,280.05,0.94,49.98,0,2026-08-10 22:42:19
6411,28,33.31,250.42,0.93,50.09,0,2026-08-10 22:50:19
6412,5,37.22,279.86,0.93,50.06,0,2026-08-10 22:58:19
6413,25,32.91,247.42,0.91,50.1,0,2026-08-10 23:06:19
6414,20,34.83,261.85,0.94,50.09,0,2026-08-10 23:14:19
6415,21,36.41,273.76,0.91,50.07,0,2026-08-10 23:22:19
6416,1,30.56,229.76,0.93,49.99,0,2026-08-10 23:30:19
6417,3,30.29,227.74,0.94,49.99,0,2026-08-10 23:38:19
6418,10,36.53,274.63,0.93,50.02,0,2026-08-10 23:46:19
6419,24,34.15,256.76,0.93,49.98,0,2026-08-10 23:54:19
6420,24,36.38,273.5,0.93,50.07,0,2026-08-11 00:02:19
6421,22,36.85,277.09,0.93,49.91,0,2026-08-11 00:10:19
6422,14,37.08,278.8,0.93,49.96,0,2026-08-11 00:18:19
6423,24,37.5,281.92,0.92,50.1,0,2026-08-11 00:26:19
6424,8,33.97,255.4,0.94,50.01,0,2026-08-11 00:34:19
6425,12,32.08,241.17,0.93,50.0,0,2026-08-11 00:42:19
6426,20,34.43,258.89,0.91,50.01,0,2026-08-11 00:50:19
6427,1,32.77,246.36,0.93,49.97,0,2026-08-11 00:58:19
6428,24,34.11,256.48,0.91,50.05,0,2026-08-11 01:06:19
6429,23,31.68,238.23,0.92,50.03,0,2026-08-11 01:14:19
6430,18,30.4,228.57,0.91,49.93,0,2026-08-11 01:22:19
6431,3,34.21,257.21,0.93,49.97,0,2026-08-11 01:30:19
6432,1,34.77,261.4,0.93,49.93,0,2026-08-11 01:38:19
6433,23,34.32,258.05,0.91,49.96,0,2026-08-11 01:46:19
6434,12,36.34,273.23,0.91,50.0,0,2026-08-11 01:54:19
6435,25,36.68,275.76,0.91,50.01,0,2026-08-11 02:02:19
6436,26,35.07,263.67,0.92,49.93,0,2026-08-11 02:10:19
6437,24,33.96,255.36,0.93,50.06,0,2026-08-11 02:18:19
6438,13,36.81,276.76,0.94,50.0,0,2026-08-11 02:26:19
6439,28,35.48,266.79,0.93,50.03,0,2026-08-11 02:34:19
6440,17,30.19,227.03,0.93,50.06,0,2026-08-11 02:42:19
6441,27,34.34,258.19,0.94,50.01,0,2026-08-11 02:50:19
6442,4,34.58,259.99,0.93,49.96,0,2026-08-11 02:58:19
6443,6,31.75,238.69,0.93,49.93,0,2026-08-11 03:06:19
6444,16,31.06,233.54,0.91,50.07,0,2026-08-11 03:14:19
6445,18,32.67,245.65,0.94,50.01,0,2026-08-11 03:22:19
6446,20,37.69,283.37,0.92,49.91,0,2026-08-11 03:30:19
6447,29,37.57,282.47,0.9,50.06,0,2026-08-11 03:38:19
6448,9,34.56,259.83,0.93,49.92,0,2026-08-11 03:46:19
6449,14,36.83,276.89,0.93,49.91,0,2026-08-11 03:54:19
6450,16,32.08,241.18,0.94,50.04,0,2026-08-11 04:02:19
6451,29,30.47,229.12,0.95,49.98,0,2026-08-11 04:10:19
6452,1,35.46,266.63,0.91,49.94,0,2026-08-11 04:18:19
6453,19,35.27,265.19,0.92,50.06,0,2026-08-11 04:26:19
6454,27,30.65,230.47,0.94,50.02,0,2026-08-11 04:34:19
6455,27,30.56,229.79,0.94,50.03,0,2026-08-11 04:42:19
6456,8,31.0,233.12,0.91,50.03,0,2026-08-11 04:50:19
6457,12,31.89,239.77,0.91,49.92,0,2026-08-11 04:58:19
6458,10,33.62,252.77,0.94,50.09,0,2026-08-11 05:06:19
6459,5,32.43,243.85,0.91,49.92,0,2026-08-11 05:14:19
6460,24,32.65,245.47,0.94,49.95,0,2026-08-11 05:22:19
6461,10,37.22,279.83,0.94,49.97,0,2026-08-11 05:30:19
6462,14,35.77,268.93,0.94,49.93,0,2026-08-11 05:38:19
6463,10,36.1,271.4,0.91,50.06,0,2026-08-11 05:46:19
6464,29,31.13,234.08,0.93,50.07,0,2026-08-11 05:54:19
6465,10,30.14,226.63,0.91,49.95,0,2026-08-11 06:02:19
6466,24,36.75,276.28,0.91,49.92,0,2026-08-11 06:10:19
6467,22,37.93,285.18,0.92,49.99,0,2026-08-11 06:18:19
6468,27,33.57,252.4,0.91,50.03,0,2026-08-11 06:26:19
6469,13,37.2,279.7,0.93,50.08,0,2026-08-11 06:34:19
6470,10,32.23,242.33,0.94,49.91,0,2026-08-11 06:42:19
6471,12,34.25,257.51,0.92,49.92,0,2026-08-11 06:50:19
6472,7,37.74,283.79,0.94,49.95,0,2026-08-11 06:58:19
6473,1,37.58,282.58,0.91,49.98,0,2026-08-11 07:06:19
6474,10,33.9,254.91,0.91,49.93,0,2026-08-11 07:14:19
6475,29,30.9,232.35,0.94,49.93,0,2026-08-11 07:22:19
6476,27,32.25,242.51,0.92,50.03,0,2026-08-11 07:30:19
6477,24,33.91,255.0,0.91,50.08,0,2026-08-11 07:38:19
6478,5,34.76,261.36,0.92,50.01,0,2026-08-11 07:46:19
6479,23,33.42,251.28,0.93,50.01,0,2026-08-11 07:54:19
6480,1,30.84,231.91,0.93,50.07,0,2026-08-11 08:02:19
6481,10,32.84,246.89,0.92,50.04,0,2026-08-11 08:10:19
6482,13,33.13,249.08,0.93,50.08,0,2026-08-11 08:18:19
6483,3,31.25,234.94,0.91,49.94,0,2026-08-11 08:26:19
6484,19,33.56,252.31,0.93,50.0,0,2026-08-11 08:34:19
6485,14,37.09,278.86,0.94,49.99,0,2026-08-11 08:42:19
6486,15,30.38,228.42,0.93,49.98,0,2026-08-11 08:50:19
6487,14,36.74,276.22,0.91,50.06,0,2026-08-11 08:58:19
6488,8,31.27,235.14,0.95,50.04,0,2026-08-11 09:06:19
6489,11,36.93,277.7,0.94,49.9,0,2026-08-11 09:14:19
6490,26,37.9,284.99,0.92,50.08,0,2026-08-11 09:22:19
6491,6,37.67,283.2,0.92,50.06,0,2026-08-11 09:30:19
6492,26,34.49,259.36,0.92,50.04,0,2026-08-11 09:38:19
6493,19,36.58,275.01,0.91,49.91,0,2026-08-11 09:46:19
6494,14,35.13,264.15,0.91,49.98,0,2026-08-11 09:54:19
6495,6,33.43,251.34,0.92,49.98,0,2026-08-11 10:02:19
6496,18,36.17,271.93,0.94,49.93,0,2026-08-11 10:10:19
6497,9,33.99,255.6,0.92,49.98,0,2026-08-11 10:18:19
6498,30,33.82,254.31,0.92,50.02,0,2026-08-11 10:26:19
6499,22,32.2,242.14,0.94,49.91,0,2026-08-11 10:34:19
6500,26,31.65,237.96,0.93,49.9,0,2026-08-11 10:42:19
6501,21,33.1,248.84,0.94,49.91,0,2026-08-11 10:50:19
6502,5,33.42,251.28,0.93,49.95,0,2026-08-11 10:58:19
6503,28,30.27,227.61,0.93,49.94,0,2026-08-11 11:06:19
6504,21,33.12,248.99,0.94,49.92,0,2026-08-11 11:14:19
6505,19,32.27,242.62,0.93,49.96,0,2026-08-11 11:22:19
6506,21,32.91,247.42,0.94,49.97,0,2026-08-11 11:30:19
6507,6,36.02,270.86,0.93,50.07,0,2026-08-11 11:38:19
6508,27,31.65,237.96,0.93,49.94,0,2026-08-11 11:46:19
6509,11,32.92,247.53,0.94,49.93,0,2026-08-11 11:54:19
6510,1,32.82,246.74,0.91,49.91,0,2026-08-11 12:02:19
6511,10,36.22,272.31,0.91,49.93,0,2026-08-11 12:10:19
6512,27,37.84,284.5,0.91,50.05,0,2026-08-11 12:18:19
6513,2,34.41,258.72,0.93,50.09,0,2026-08-11 12:26:19
6514,1,30.63,230.27,0.92,50.04,0,2026-08-11 12:34:19
6515,26,33.97,255.45,0.94,50.03,0,2026-08-11 12:42:19
6516,5,37.14,279.24,0.92,50.05,0,2026-08-11 12:50:19
6517,8,30.75,231.24,0.91,50.02,0,2026-08-11 12:58:19
6518,9,37.31,280.55,0.91,50.06,0,2026-08-11 13:06:19
6519,14,37.26,280.12,0.93,49.95,0,2026-08-11 13:14:19
6520,29,30.69,230.72,0.92,50.09,0,2026-08-11 13:22:19
6521,13,37.71,283.55,0.91,50.02,0,2026-08-11 13:30:19
6522,12,35.65,268.02,0.94,49.9,0,2026-08-11 13:38:19
6523,25,30.7,230.86,0.92,49.91,0,2026-08-11 13:46:19
6524,12,30.1,226.35,0.92,50.01,0,2026-08-11 13:54:19
6525,7,70.71,531.69,0.89,49.98,1,2026-08-11 14:02:19
6526,30,68.27,513.29,0.88,49.93,1,2026-08-11 14:10:19
6527,23,69.36,521.51,0.9,49.93,1,2026-08-11 14:18:19
6528,8,67.61,508.33,0.91,50.03,1,2026-08-11 14:26:19
6529,2,69.96,526.04,0.89,50.08,1,2026-08-11 14:34:19
6530,24,67.62,508.39,0.88,49.96,1,2026-08-11 14:42:19
6531,22,67.08,504.38,0.88,50.09,1,2026-08-11 14:50:19
6532,3,68.78,517.11,0.88,49.91,1,2026-08-11 14:58:19
6533,2,67.65,508.63,0.9,50.0,1,2026-08-11 15:06:19
6534,12,71.83,540.11,0.87,49.99,1,2026-08-11 15:14:19
6535,22,68.36,513.95,0.88,49.98,1,2026-08-11 15:22:19
6536,29,64.48,484.84,0.88,49.95,1,2026-08-11 15:30:19
6537,2,71.76,539.53,0.88,50.06,1,2026-08-11 15:38:19
6538,14,69.11,519.59,0.9,50.03,1,2026-08-11 15:46:19
6539,23,68.98,518.66,0.89,50.08,1,2026-08-11 15:54:19
6540,3,70.05,526.71,0.89,50.07,1,2026-08-11 16:02:19
6541,6,69.31,521.14,0.89,50.1,1,2026-08-11 16:10:19
6542,27,65.92,495.64,0.89,49.92,1,2026-08-11 16:18:19
6543,19,67.92,510.66,0.89,50.04,1,2026-08-11 16:26:19
6544,4,66.54,500.3,0.9,49.91,1,2026-08-11 16:34:19
6545,17,72.0,541.33,0.88,49.96,1,2026-08-11 16:42:19
6546,5,69.27,520.81,0.91,50.02,1,2026-08-11 16:50:19
6547,7,69.31,521.14,0.9,50.03,1,2026-08-11 16:58:19
6548,23,69.62,523.49,0.88,50.04,1,2026-08-11 17:06:19
6549,10,68.64,516.06,0.89,50.01,1,2026-08-11 17:14:19
6550,23,68.28,513.4,0.89,49.94,1,2026-08-11 17:22:19
6551,17,71.1,534.61,0.87,50.06,1,2026-08-11 17:30:19
6552,13,70.68,531.44,0.88,50.03,1,2026-08-11 17:38:19
6553,22,67.85,510.14,0.91,50.02,1,2026-08-11 17:46:19
6554,7,65.0,488.72,0.9,49.95,1,2026-08-11 17:54:19
6555,8,69.36,521.49,0.89,49.92,1,2026-08-11 18:02:19
6556,6,69.17,520.04,0.89,49.91,1,2026-08-11 18:10:19
6557,10,68.54,515.37,0.9,50.07,1,2026-08-11 18:18:19
6558,16,67.72,509.16,0.88,50.06,1,2026-08-11 18:26:19
6559,4,68.14,512.31,0.91,50.08,1,2026-08-11 18:34:19
6560,18,68.13,512.25,0.89,49.91,1,2026-08-11 18:42:19
6561,19,71.75,539.47,0.9,50.08,1,2026-08-11 18:50:19
6562,16,66.04,496.55,0.91,49.92,1,2026-08-11 18:58:19
6563,5,69.71,524.17,0.87,49.97,1,2026-08-11 19:06:19
6564,14,68.17,512.52,0.91,49.92,1,2026-08-11 19:14:19
6565,30,64.21,482.79,0.91,50.08,1,2026-08-11 19:22:19
6566,17,69.34,521.34,0.9,49.91,1,2026-08-11 19:30:19
6567,24,64.38,484.07,0.89,49.95,1,2026-08-11 19:38:19
6568,26,64.2,482.71,0.89,50.05,1,2026-08-11 19:46:19
6569,6,68.33,513.77,0.91,50.08,1,2026-08-11 19:54:19
6570,26,67.6,508.25,0.91,50.03,1,2026-08-11 20:02:19
6571,8,64.34,483.73,0.89,49.92,1,2026-08-11 20:10:19
6572,24,64.58,485.54,0.9,49.97,1,2026-08-11 20:18:19
6573,24,69.27,520.81,0.89,50.0,1,2026-08-11 20:26:19
6574,4,71.48,537.45,0.87,50.03,1,2026-08-11 20:34:19
6575,23,66.28,498.36,0.88,49.9,1,2026-08-11 20:42:19
6576,13,65.27,490.77,0.88,50.02,1,2026-08-11 20:50:19
6577,29,68.78,517.15,0.91,50.04,1,2026-08-11 20:58:19
6578,29,65.83,494.93,0.9,49.95,1,2026-08-11 21:06:19
6579,26,68.55,515.4,0.9,49.92,1,2026-08-11 21:14:19
6580,26,67.98,511.16,0.88,49.95,1,2026-08-11 21:22:19
6581,17,71.35,536.45,0.89,50.06,1,2026-08-11 21:30:19
6582,7,69.42,521.97,0.91,50.0,1,2026-08-11 21:38:19
6583,27,68.9,518.08,0.9,49.99,1,2026-08-11 21:46:19
6584,9,65.94,495.78,0.87,50.0,1,2026-08-11 21:54:19
6585,18,37.86,284.64,0.92,49.94,0,2026-08-11 22:02:19
6586,16,32.05,241.01,0.94,49.96,0,2026-08-11 22:10:19
6587,22,33.45,251.53,0.92,50.08,0,2026-08-11 22:18:19
6588,19,32.58,244.96,0.93,50.08,0,2026-08-11 22:26:19
6589,25,32.41,243.67,0.92,49.98,0,2026-08-11 22:34:19
6590,27,37.99,285.61,0.93,50.04,0,2026-08-11 22:42:19
6591,2,31.05,233.47,0.93,50.03,0,2026-08-11 22:50:19
6592,26,35.05,263.55,0.92,50.06,0,2026-08-11 22:58:19
6593,27,32.69,245.8,0.91,49.94,0,2026-08-11 23:06:19
6594,26,31.46,236.55,0.93,49.9,0,2026-08-11 23:14:19
6595,1,31.55,237.23,0.94,49.99,0,2026-08-11 23:22:19
6596,22,30.95,232.67,0.91,50.09,0,2026-08-11 23:30:19
6597,26,31.72,238.53,0.92,50.01,0,2026-08-11 23:38:19
6598,14,36.25,272.54,0.91,49.98,0,2026-08-11 23:46:19
6599,27,36.12,271.58,0.93,49.98,0,2026-08-11 23:54:19
6600,25,35.95,270.3,0.93,49.98,0,2026-08-12 00:02:19
6601,20,31.44,236.36,0.91,50.01,0,2026-08-12 00:10:19
6602,2,34.89,262.3,0.92,49.91,0,2026-08-12 00:18:19
6603,21,36.92,277.57,0.93,50.04,0,2026-08-12 00:26:19
6604,18,37.66,283.17,0.92,50.06,0,2026-08-12 00:34:19
6605,13,31.75,238.7,0.91,49.92,0,2026-08-12 00:42:19
6606,28,34.17,256.89,0.94,50.03,0,2026-08-12 00:50:19
6607,29,31.84,239.39,0.93,50.02,0,2026-08-12 00:58:19
6608,1,34.13,256.59,0.94,50.09,0,2026-08-12 01:06:19
6609,28,34.5,259.37,0.94,49.96,0,2026-08-12 01:14:19
6610,7,36.64,275.48,0.94,49.97,0,2026-08-12 01:22:19
6611,9,33.85,254.53,0.91,50.07,0,2026-08-12 01:30:19
6612,4,36.86,277.17,0.93,50.0,0,2026-08-12 01:38:19
6613,14,37.53,282.15,0.93,49.95,0,2026-08-12 01:46:19
6614,10,30.54,229.66,0.92,50.0,0,2026-08-12 01:54:19
6615,3,32.1,241.33,0.91,49.96,0,2026-08-12 02:02:19
6616,13,35.6,267.67,0.92,49.98,0,2026-08-12 02:10:19
6617,12,34.89,262.3,0.92,50.07,0,2026-08-12 02:18:19
6618,23,37.09,278.86,0.91,49.92,0,2026-08-12 02:26:19
6619,30,34.53,259.6,0.93,50.0,0,2026-08-12 02:34:19
6620,4,36.41,273.74,0.92,50.08,0,2026-08-12 02:42:19
6621,13,37.13,279.14,0.9,50.07,0,2026-08-12 02:50:19
6622,17,33.12,249.04,0.94,50.0,0,2026-08-12 02:58:19
6623,23,37.75,283.85,0.93,50.0,0,2026-08-12 03:06:19
6624,14,33.42,251.27,0.94,50.01,0,2026-08-12 03:14:19
6625,26,36.31,273.02,0.92,49.97,0,2026-08-12 03:22:19
6626,21,34.77,261.46,0.94,50.02,0,2026-08-12 03:30:19
6627,9,32.56,244.78,0.94,49.94,0,2026-08-12 03:38:19
6628,18,33.87,254.63,0.92,50.02,0,2026-08-12 03:46:19
6629,20,30.56,229.81,0.95,50.0,0,2026-08-12 03:54:19
6630,28,30.99,232.99,0.94,50.09,0,2026-08-12 04:02:19
6631,18,31.34,235.65,0.93,49.93,0,2026-08-12 04:10:19
6632,6,31.09,233.75,0.94,49.96,0,2026-08-12 04:18:19
6633,14,35.57,267.47,0.92,50.07,0,2026-08-12 04:26:19
6634,19,36.65,275.55,0.93,49.92,0,2026-08-12 04:34:19
6635,19,37.74,283.74,0.93,49.94,0,2026-08-12 04:42:19
6636,8,34.48,259.23,0.92,50.09,0,2026-08-12 04:50:19
6637,13,36.97,277.99,0.94,49.98,0,2026-08-12 04:58:19
6638,16,36.08,271.28,0.92,50.08,0,2026-08-12 05:06:19
6639,20,35.13,264.1,0.94,49.99,0,2026-08-12 05:14:19
6640,11,37.21,279.78,0.93,50.03,0,2026-08-12 05:22:19
6641,30,31.26,235.05,0.91,50.08,0,2026-08-12 05:30:19
6642,29,30.52,229.51,0.93,50.03,0,2026-08-12 05:38:19
6643,8,30.27,227.62,0.94,50.06,0,2026-08-12 05:46:19
6644,28,34.13,256.62,0.94,49.98,0,2026-08-12 05:54:19
6645,22,34.21,257.24,0.94,50.06,0,2026-08-12 06:02:19
6646,12,37.25,280.11,0.93,50.06,0,2026-08-12 06:10:19
6647,17,34.63,260.41,0.92,50.06,0,2026-08-12 06:18:19
6648,19,36.87,277.25,0.92,49.99,0,2026-08-12 06:26:19
6649,17,32.64,245.38,0.93,50.1,0,2026-08-12 06:34:19
6650,9,36.19,272.09,0.94,50.04,0,2026-08-12 06:42:19
6651,25,35.95,270.28,0.94,50.07,0,2026-08-12 06:50:19
6652,15,33.32,250.51,0.95,49.99,0,2026-08-12 06:58:19
6653,7,35.64,267.97,0.92,50.09,0,2026-08-12 07:06:19
6654,15,35.75,268.76,0.92,49.97,0,2026-08-12 07:14:19
6655,17,37.97,285.52,0.9,50.08,0,2026-08-12 07:22:19
6656,24,35.19,264.55,0.92,50.01,0,2026-08-12 07:30:19
6657,18,32.11,241.43,0.92,49.94,0,2026-08-12 07:38:19
6658,17,31.54,237.15,0.93,50.07,0,2026-08-12 07:46:19
6659,26,34.6,260.13,0.92,50.09,0,2026-08-12 07:54:19
6660,30,33.15,249.22,0.94,49.95,0,2026-08-12 08:02:19
6661,8,35.09,263.82,0.92,49.98,0,2026-08-12 08:10:19
6662,11,30.66,230.55,0.93,49.95,0,2026-08-12 08:18:19
6663,7,37.79,284.12,0.93,49.96,0,2026-08-12 08:26:19
6664,13,37.51,282.02,0.93,49.94,0,2026-08-12 08:34:19
6665,27,32.44,243.88,0.91,50.1,0,2026-08-12 08:42:19
6666,1,37.62,282.86,0.94,50.03,0,2026-08-12 08:50:19
6667,12,36.18,272.01,0.91,50.04,0,2026-08-12 08:58:19
6668,21,35.6,267.67,0.93,49.94,0,2026-08-12 09:06:19
6669,26,36.02,270.82,0.92,50.02,0,2026-08-12 09:14:19
6670,5,33.03,248.34,0.92,50.09,0,2026-08-12 09:22:19
6671,13,34.48,259.28,0.91,50.07,0,2026-08-12 09:30:19
6672,15,36.21,272.25,0.93,49.9,0,2026-08-12 09:38:19
6673,10,32.71,245.96,0.93,49.97,0,2026-08-12 09:46:19
6674,18,37.09,278.85,0.94,50.07,0,2026-08-12 09:54:19
6675,27,36.54,274.72,0.94,49.92,0,2026-08-12 10:02:19
6676,1,30.62,230.2,0.94,50.0,0,2026-08-12 10:10:19
6677,10,33.71,253.44,0.94,50.03,0,2026-08-12 10:18:19
6678,5,37.6,282.72,0.9,50.05,0,2026-08-12 10:26:19
6679,28,34.45,259.01,0.93,49.96,0,2026-08-12 10:34:19
6680,21,37.7,283.43,0.92,50.01,0,2026-08-12 10:42:19
6681,21,31.9,239.85,0.91,50.08,0,2026-08-12 10:50:19
6682,16,37.47,281.72,0.93,49.98,0,2026-08-12 10:58:19
6683,9,35.81,269.23,0.93,49.95,0,2026-08-12 11:06:19
6684,29,37.49,281.86,0.92,50.05,0,2026-08-12 11:14:19
6685,13,32.72,246.02,0.92,49.98,0,2026-08-12 11:22:19
6686,2,33.2,249.59,0.92,50.02,0,2026-08-12 11:30:19
6687,9,35.5,266.91,0.92,49.99,0,2026-08-12 11:38:19
6688,11,37.62,282.83,0.93,50.1,0,2026-08-12 11:46:19
6689,26,31.06,233.53,0.92,50.04,0,2026-08-12 11:54:19
6690,22,36.59,275.11,0.93,49.93,0,2026-08-12 12:02:19
6691,14,30.93,232.56,0.93,50.02,0,2026-08-12 12:10:19
6692,27,36.91,277.5,0.92,50.02,0,2026-08-12 12:18:19
6693,3,35.7,268.45,0.92,49.9,0,2026-08-12 12:26:19
6694,21,37.14,279.28,0.92,50.08,0,2026-08-12 12:34:19
6695,20,35.07,263.71,0.94,49.93,0,2026-08-12 12:42:19
6696,19,36.29,272.89,0.91,50.06,0,2026-08-12 12:50:19
6697,7,33.67,253.15,0.95,50.06,0,2026-08-12 12:58:19
6698,2,34.48,259.23,0.92,50.09,0,2026-08-12 13:06:19
6699,8,34.9,262.41,0.91,50.08,0,2026-08-12 13:14:19
6700,29,31.44,236.38,0.95,49.97,0,2026-08-12 13:22:19
6701,16,38.02,285.84,0.94,49.99,0,2026-08-12 13:30:19
6702,16,30.08,226.2,0.93,49.96,0,2026-08-12 13:38:19
6703,4,35.52,267.06,0.92,49.97,0,2026-08-12 13:46:19
6704,18,32.49,244.28,0.92,50.0,0,2026-08-12 13:54:19
6705,25,71.27,535.9,0.91,49.95,1,2026-08-12 14:02:19
6706,2,64.98,488.59,0.88,50.04,1,2026-08-12 14:10:19
6707,22,71.83,540.09,0.91,50.06,1,2026-08-12 14:18:19
6708,13,69.02,518.93,0.91,50.08,1,2026-08-12 14:26:19
6709,7,68.4,514.31,0.89,50.04,1,2026-08-12 14:34:19
6710,16,67.95,510.88,0.89,50.08,1,2026-08-12 14:42:19
6711,4,70.49,530.02,0.88,49.93,1,2026-08-12 14:50:19
6712,15,66.97,503.52,0.88,50.05,1,2026-08-12 14:58:19
6713,17,66.21,497.82,0.88,50.1,1,2026-08-12 15:06:19
6714,4,68.18,512.63,0.89,49.9,1,2026-08-12 15:14:19
6715,8,67.89,510.48,0.88,50.05,1,2026-08-12 15:22:19
6716,28,65.31,491.06,0.88,49.99,1,2026-08-12 15:30:19
6717,11,68.09,511.92,0.89,49.9,1,2026-08-12 15:38:19
6718,6,66.5,499.97,0.91,49.92,1,2026-08-12 15:46:19
6719,12,71.07,534.35,0.89,49.95,1,2026-08-12 15:54:19
6720,15,66.91,503.09,0.88,49.9,1,2026-08-12 16:02:19
6721,16,71.41,536.94,0.9,49.91,1,2026-08-12 16:10:19
6722,19,66.03,496.43,0.88,50.0,1,2026-08-12 16:18:19
6723,21,71.56,538.04,0.9,49.97,1,2026-08-12 16:26:19
6724,3,67.14,504.81,0.88,49.97,1,2026-08-12 16:34:19
6725,30,64.55,485.36,0.9,49.98,1,2026-08-12 16:42:19
6726,5,71.38,536.7,0.9,49.97,1,2026-08-12 16:50:19
6727,20,70.81,532.41,0.91,50.0,1,2026-08-12 16:58:19
6728,16,65.94,495.78,0.88,50.05,1,2026-08-12 17:06:19
6729,6,68.7,516.51,0.89,50.05,1,2026-08-12 17:14:19
6730,11,70.77,532.14,0.88,50.04,1,2026-08-12 17:22:19
6731,28,66.52,500.12,0.9,50.01,1,2026-08-12 17:30:19
6732,27,70.51,530.14,0.91,50.07,1,2026-08-12 17:38:19
6733,28,67.6,508.25,0.88,49.96,1,2026-08-12 17:46:19
6734,3,69.4,521.84,0.89,50.01,1,2026-08-12 17:54:19
6735,14,64.96,488.43,0.89,49.94,1,2026-08-12 18:02:19
6736,20,71.24,535.61,0.89,49.95,1,2026-08-12 18:10:19
6737,22,70.12,527.21,0.89,49.94,1,2026-08-12 18:18:19
6738,17,69.47,522.35,0.87,49.99,1,2026-08-12 18:26:19
6739,4,68.03,511.47,0.91,49.91,1,2026-08-12 18:34:19
6740,16,64.8,487.2,0.91,49.92,1,2026-08-12 18:42:19
6741,26,64.57,485.52,0.88,50.02,1,2026-08-12 18:50:19
6742,16,67.45,507.13,0.89,49.98,1,2026-08-12 18:58:19
6743,13,67.32,506.17,0.89,50.03,1,2026-08-12 19:06:19
6744,23,68.77,517.04,0.88,49.9,1,2026-08-12 19:14:19
6745,22,71.71,539.18,0.88,49.9,1,2026-08-12 19:22:19
6746,22,71.21,535.41,0.87,50.04,1,2026-08-12 19:30:19
6747,6,68.58,515.67,0.89,49.91,1,2026-08-12 19:38:19
6748,26,67.45,507.13,0.89,50.04,1,2026-08-12 19:46:19
6749,23,67.94,510.81,0.9,49.92,1,2026-08-12 19:54:19
6750,11,67.05,504.11,0.87,49.92,1,2026-08-12 20:02:19
6751,2,67.2,505.25,0.88,50.09,1,2026-08-12 20:10:19
6752,12,71.26,535.78,0.9,50.03,1,2026-08-12 20:18:19
6753,7,65.54,492.8,0.9,49.93,1,2026-08-12 20:26:19
6754,12,69.76,524.52,0.88,49.94,1,2026-08-12 20:34:19
6755,19,67.64,508.55,0.88,50.01,1,2026-08-12 20:42:19
6756,28,68.99,518.69,0.9,50.09,1,2026-08-12 20:50:19
6757,25,66.2,497.78,0.89,49.9,1,2026-08-12 20:58:19
6758,26,64.93,488.23,0.9,49.99,1,2026-08-12 21:06:19
6759,4,66.61,500.85,0.9,50.07,1,2026-08-12 21:14:19
6760,15,66.27,498.24,0.88,50.06,1,2026-08-12 21:22:19
6761,16,70.28,528.39,0.89,50.04,1,2026-08-12 21:30:19
6762,18,69.98,526.17,0.89,50.05,1,2026-08-12 21:38:19
6763,3,64.74,486.78,0.88,50.03,1,2026-08-12 21:46:19
6764,19,67.32,506.14,0.91,50.0,1,2026-08-12 21:54:19
6765,4,36.41,273.77,0.93,50.04,0,2026-08-12 22:02:19
6766,16,34.35,258.24,0.93,50.04,0,2026-08-12 22:10:19
6767,28,32.8,246.62,0.91,50.07,0,2026-08-12 22:18:19
6768,9,30.2,227.05,0.91,49.96,0,2026-08-12 22:26:19
6769,13,31.77,238.87,0.94,50.05,0,2026-08-12 22:34:19
6770,23,32.98,248.0,0.92,49.92,0,2026-08-12 22:42:19
6771,1,32.38,243.46,0.91,49.94,0,2026-08-12 22:50:19
6772,2,34.44,258.98,0.92,50.06,0,2026-08-12 22:58:19
6773,1,31.18,234.41,0.92,49.93,0,2026-08-12 23:06:19
6774,24,37.97,285.46,0.9,49.96,0,2026-08-12 23:14:19
6775,11,35.82,269.36,0.94,50.04,0,2026-08-12 23:22:19
6776,14,36.43,273.88,0.92,50.04,0,2026-08-12 23:30:19
6777,19,30.41,228.68,0.92,50.08,0,2026-08-12 23:38:19
6778,22,37.57,282.45,0.91,50.07,0,2026-08-12 23:46:19
6779,21,33.39,251.06,0.94,50.07,0,2026-08-12 23:54:19
6780,21,31.33,235.54,0.92,50.04,0,2026-08-13 00:02:19
6781,16,35.37,265.92,0.9,49.95,0,2026-08-13 00:10:19
6782,9,32.16,241.82,0.93,49.95,0,2026-08-13 00:18:19
6783,1,34.47,259.2,0.92,50.04,0,2026-08-13 00:26:19
6784,13,34.87,262.15,0.94,50.03,0,2026-08-13 00:34:19
6785,9,33.5,251.86,0.92,50.04,0,2026-08-13 00:42:19
6786,8,33.34,250.7,0.93,49.9,0,2026-08-13 00:50:19
6787,19,37.9,284.96,0.92,49.99,0,2026-08-13 00:58:19
6788,14,31.62,237.74,0.92,50.0,0,2026-08-13 01:06:19
6789,14,36.53,274.63,0.91,50.08,0,2026-08-13 01:14:19
6790,16,32.55,244.74,0.95,49.9,0,2026-08-13 01:22:19
6791,25,35.99,270.63,0.92,50.01,0,2026-08-13 01:30:19
6792,5,34.99,263.12,0.91,50.06,0,2026-08-13 01:38:19
6793,18,31.64,237.89,0.91,50.02,0,2026-08-13 01:46:19
6794,9,34.52,259.52,0.91,50.02,0,2026-08-13 01:54:19
6795,21,35.53,267.16,0.92,50.04,0,2026-08-13 02:02:19
6796,10,30.27,227.59,0.94,50.08,0,2026-08-13 02:10:19
6797,27,30.92,232.48,0.95,50.08,0,2026-08-13 02:18:19
6798,8,33.09,248.8,0.94,49.99,0,2026-08-13 02:26:19
6799,28,31.63,237.83,0.94,50.02,0,2026-08-13 02:34:19
6800,23,34.79,261.56,0.91,50.01,0,2026-08-13 02:42:19
6801,6,30.71,230.93,0.92,50.07,0,2026-08-13 02:50:19
6802,8,30.75,231.21,0.94,50.04,0,2026-08-13 02:58:19
6803,28,37.38,281.09,0.91,50.1,0,2026-08-13 03:06:19
6804,20,35.98,270.51,0.93,49.93,0,2026-08-13 03:14:19
6805,21,34.53,259.61,0.92,50.05,0,2026-08-13 03:22:19
6806,19,30.84,231.86,0.91,49.94,0,2026-08-13 03:30:19
6807,27,36.69,275.83,0.92,50.02,0,2026-08-13 03:38:19
6808,12,31.11,233.92,0.94,50.0,0,2026-08-13 03:46:19
6809,19,33.41,251.19,0.92,50.09,0,2026-08-13 03:54:19
6810,2,31.39,236.04,0.93,49.94,0,2026-08-13 04:02:19
6811,12,32.17,241.91,0.93,49.91,0,2026-08-13 04:10:19
6812,4,32.81,246.69,0.93,50.09,0,2026-08-13 04:18:19
6813,26,37.84,284.49,0.92,49.92,0,2026-08-13 04:26:19
6814,13,36.3,272.95,0.91,50.03,0,2026-08-13 04:34:19
6815,2,30.74,231.1,0.92,50.09,0,2026-08-13 04:42:19
6816,29,33.29,250.3,0.92,50.07,0,2026-08-13 04:50:19
6817,13,30.44,228.9,0.92,49.99,0,2026-08-13 04:58:19
6818,23,33.34,250.65,0.94,49.92,0,2026-08-13 05:06:19
6819,8,32.64,245.43,0.93,50.02,0,2026-08-13 05:14:19
6820,11,34.97,262.96,0.93,50.04,0,2026-08-13 05:22:19
6821,20,35.7,268.4,0.92,50.03,0,2026-08-13 05:30:19
6822,12,37.2,279.73,0.91,49.97,0,2026-08-13 05:38:19
6823,15,34.48,259.28,0.94,49.93,0,2026-08-13 05:46:19
6824,24,32.97,247.89,0.91,50.06,0,2026-08-13 05:54:19
6825,21,30.56,229.74,0.92,49.92,0,2026-08-13 06:02:19
6826,19,36.5,274.42,0.91,50.02,0,2026-08-13 06:10:19
6827,12,35.23,264.89,0.92,49.99,0,2026-08-13 06:18:19
6828,22,31.69,238.26,0.94,50.02,0,2026-08-13 06:26:19
6829,27,31.69,238.29,0.92,50.04,0,2026-08-13 06:34:19
6830,20,30.5,229.35,0.93,50.0,0,2026-08-13 06:42:19
6831,25,32.72,246.02,0.93,49.9,0,2026-08-13 06:50:19
6832,4,31.97,240.34,0.92,50.02,0,2026-08-13 06:58:19
6833,8,36.5,274.4,0.94,50.09,0,2026-08-13 07:06:19
6834,4,34.03,255.87,0.92,50.1,0,2026-08-13 07:14:19
6835,1,33.74,253.66,0.94,49.99,0,2026-08-13 07:22:19
6836,16,30.09,226.24,0.95,49.93,0,2026-08-13 07:30:19
6837,28,37.85,284.57,0.94,50.06,0,2026-08-13 07:38:19
6838,30,32.23,242.34,0.93,49.91,0,2026-08-13 07:46:19
6839,29,36.11,271.47,0.93,50.06,0,2026-08-13 07:54:19
6840,1,34.07,256.18,0.92,50.0,0,2026-08-13 08:02:19
6841,18,31.45,236.46,0.92,50.02,0,2026-08-13 08:10:19
6842,14,36.28,272.79,0.92,49.92,0,2026-08-13 08:18:19
6843,8,31.73,238.55,0.93,49.97,0,2026-08-13 08:26:19
6844,14,30.08,226.13,0.94,49.91,0,2026-08-13 08:34:19
6845,22,37.91,285.0,0.93,49.96,0,2026-08-13 08:42:19
6846,4,34.92,262.57,0.93,49.91,0,2026-08-13 08:50:19
6847,16,32.24,242.42,0.93,50.05,0,2026-08-13 08:58:19
6848,14,30.06,226.02,0.92,50.0,0,2026-08-13 09:06:19
6849,25,32.59,245.06,0.94,49.94,0,2026-08-13 09:14:19
6850,19,34.45,259.05,0.93,50.09,0,2026-08-13 09:22:19
6851,18,34.59,260.11,0.92,49.95,0,2026-08-13 09:30:19
6852,19,33.0,248.1,0.92,50.04,0,2026-08-13 09:38:19
6853,10,36.27,272.69,0.94,50.0,0,2026-08-13 09:46:19
6854,27,32.63,245.34,0.94,49.99,0,2026-08-13 09:54:19
6855,12,35.04,263.46,0.91,50.07,0,2026-08-13 10:02:19
6856,5,35.84,269.49,0.91,49.98,0,2026-08-13 10:10:19
6857,21,37.02,278.38,0.9,49.98,0,2026-08-13 10:18:19
6858,22,35.64,267.94,0.94,49.98,0,2026-08-13 10:26:19
6859,7,34.33,258.11,0.92,50.02,0,2026-08-13 10:34:19
6860,11,30.09,226.22,0.94,49.95,0,2026-08-13 10:42:19
6861,7,36.34,273.22,0.92,50.04,0,2026-08-13 10:50:19
6862,10,32.64,245.42,0.92,49.97,0,2026-08-13 10:58:19
6863,15,34.99,263.07,0.94,49.99,0,2026-08-13 11:06:19
6864,13,36.32,273.11,0.94,50.02,0,2026-08-13 11:14:19
6865,24,37.23,279.89,0.92,50.05,0,2026-08-13 11:22:19
6866,8,37.72,283.59,0.91,50.08,0,2026-08-13 11:30:19
6867,27,36.83,276.89,0.93,50.05,0,2026-08-13 11:38:19
6868,7,33.58,252.47,0.95,49.93,0,2026-08-13 11:46:19
6869,11,31.24,234.89,0.93,50.01,0,2026-08-13 11:54:19
6870,25,37.32,280.59,0.91,49.91,0,2026-08-13 12:02:19
6871,17,30.66,230.51,0.95,49.99,0,2026-08-13 12:10:19
6872,24,32.88,247.21,0.91,49.94,0,2026-08-13 12:18:19
6873,21,30.45,228.98,0.93,49.98,0,2026-08-13 12:26:19
6874,13,36.12,271.6,0.94,49.96,0,2026-08-13 12:34:19
6875,10,33.21,249.67,0.92,50.02,0,2026-08-13 12:42:19
6876,29,30.45,228.98,0.92,50.03,0,2026-08-13 12:50:19
6877,8,36.23,272.4,0.9,50.0,0,2026-08-13 12:58:19
6878,30,31.91,239.92,0.91,50.09,0,2026-08-13 13:06:19
6879,22,31.21,234.69,0.93,49.99,0,2026-08-13 13:14:19
6880,11,32.83,246.86,0.91,49.93,0,2026-08-13 13:22:19
6881,16,33.06,248.6,0.93,49.9,0,2026-08-13 13:30:19
6882,8,34.32,258.08,0.91,49.98,0,2026-08-13 13:38:19
6883,19,34.7,260.93,0.92,49.92,0,2026-08-13 13:46:19
6884,7,34.21,257.19,0.93,50.0,0,2026-08-13 13:54:19
6885,9,69.67,523.8,0.89,50.08,1,2026-08-13 14:02:19
6886,29,68.15,512.4,0.88,50.0,1,2026-08-13 14:10:19
6887,27,65.58,493.12,0.9,50.01,1,2026-08-13 14:18:19
6888,16,69.37,521.58,0.89,49.97,1,2026-08-13 14:26:19
6889,22,68.01,511.39,0.91,49.99,1,2026-08-13 14:34:19
6890,3,65.51,492.54,0.91,50.04,1,2026-08-13 14:42:19
6891,1,67.63,508.46,0.88,49.93,1,2026-08-13 14:50:19
6892,27,67.44,507.05,0.91,50.0,1,2026-08-13 14:58:19
6893,21,68.84,517.57,0.89,50.04,1,2026-08-13 15:06:19
6894,9,66.42,499.4,0.89,50.05,1,2026-08-13 15:14:19
6895,13,66.45,499.61,0.88,49.98,1,2026-08-13 15:22:19
6896,5,72.02,541.52,0.88,49.91,1,2026-08-13 15:30:19
6897,6,69.14,519.82,0.87,50.08,1,2026-08-13 15:38:19
6898,15,64.89,487.9,0.9,49.98,1,2026-08-13 15:46:19
6899,11,68.01,511.38,0.9,49.97,1,2026-08-13 15:54:19
6900,14,70.38,529.2,0.88,49.91,1,2026-08-13 16:02:19
6901,13,69.87,525.32,0.91,50.02,1,2026-08-13 16:10:19
6902,25,67.96,511.0,0.87,50.0,1,2026-08-13 16:18:19
6903,20,67.42,506.9,0.9,50.09,1,2026-08-13 16:26:19
6904,17,65.7,493.96,0.89,49.9,1,2026-08-13 16:34:19
6905,21,69.19,520.19,0.89,50.06,1,2026-08-13 16:42:19
6906,10,64.54,485.28,0.88,50.01,1,2026-08-13 16:50:19
6907,6,67.03,503.98,0.89,50.03,1,2026-08-13 16:58:19
6908,15,71.85,540.22,0.88,50.05,1,2026-08-13 17:06:19
6909,18,71.61,538.41,0.9,49.99,1,2026-08-13 17:14:19
6910,28,68.06,511.7,0.88,50.08,1,2026-08-13 17:22:19
6911,19,70.69,531.52,0.9,50.1,1,2026-08-13 17:30:19
6912,9,66.04,496.54,0.87,50.07,1,2026-08-13 17:38:19
6913,5,64.82,487.39,0.89,49.98,1,2026-08-13 17:46:19
6914,23,69.2,520.28,0.87,50.09,1,2026-08-13 17:54:19
6915,1,70.31,528.67,0.88,50.03,1,2026-08-13 18:02:19
6916,30,64.77,486.97,0.88,49.95,1,2026-08-13 18:10:19
6917,1,71.64,538.61,0.87,49.93,1,2026-08-13 18:18:19
6918,11,67.28,505.83,0.91,49.92,1,2026-08-13 18:26:19
6919,7,71.98,541.22,0.9,49.92,1,2026-08-13 18:34:19
6920,5,69.11,519.65,0.9,50.08,1,2026-08-13 18:42:19
6921,27,65.98,496.1,0.89,50.07,1,2026-08-13 18:50:19
6922,13,69.26,520.76,0.89,49.99,1,2026-08-13 18:58:19
6923,22,67.8,509.79,0.9,49.93,1,2026-08-13 19:06:19
6924,10,67.17,505.07,0.89,49.99,1,2026-08-13 19:14:19
6925,7,67.57,508.02,0.91,49.94,1,2026-08-13 19:22:19
6926,28,64.5,484.93,0.89,50.08,1,2026-08-13 19:30:19
6927,4,70.2,527.85,0.91,49.94,1,2026-08-13 19:38:19
6928,15,64.73,486.69,0.88,50.06,1,2026-08-13 19:46:19
6929,22,65.52,492.61,0.9,49.91,1,2026-08-13 19:54:19
6930,29,71.42,537.0,0.89,50.04,1,2026-08-13 20:02:19
6931,13,64.15,482.33,0.91,49.92,1,2026-08-13 20:10:19
6932,3,64.21,482.78,0.9,49.96,1,2026-08-13 20:18:19
6933,17,64.93,488.19,0.88,50.1,1,2026-08-13 20:26:19
6934,17,72.03,541.58,0.87,49.96,1,2026-08-13 20:34:19
6935,29,68.13,512.22,0.9,50.03,1,2026-08-13 20:42:19
6936,4,68.9,518.01,0.9,49.97,1,2026-08-13 20:50:19
6937,19,71.87,540.39,0.89,49.9,1,2026-08-13 20:58:19
6938,27,71.29,536.03,0.89,50.09,1,2026-08-13 21:06:19
6939,19,67.08,504.39,0.88,49.99,1,2026-08-13 21:14:19
6940,9,69.17,520.1,0.91,49.95,1,2026-08-13 21:22:19
6941,12,64.49,484.86,0.89,50.05,1,2026-08-13 21:30:19
6942,28,69.53,522.79,0.9,49.98,1,2026-08-13 21:38:19
6943,14,70.53,530.31,0.9,50.01,1,2026-08-13 21:46:19
6944,25,71.64,538.64,0.88,50.02,1,2026-08-13 21:54:19
6945,9,30.67,230.6,0.94,49.99,0,2026-08-13 22:02:19
6946,9,35.1,263.91,0.94,50.0,0,2026-08-13 22:10:19
6947,20,31.8,239.11,0.94,50.05,0,2026-08-13 22:18:19
6948,6,36.3,272.93,0.92,49.98,0,2026-08-13 22:26:19
6949,18,33.45,251.47,0.94,50.03,0,2026-08-13 22:34:19
6950,4,33.26,250.06,0.94,49.98,0,2026-08-13 22:42:19
6951,29,37.85,284.59,0.94,49.96,0,2026-08-13 22:50:19
6952,23,35.36,265.9,0.94,50.06,0,2026-08-13 22:58:19
6953,13,33.01,248.19,0.94,49.98,0,2026-08-13 23:06:19
6954,30,38.03,285.93,0.91,49.98,0,2026-08-13 23:14:19
6955,30,37.83,284.41,0.9,50.0,0,2026-08-13 23:22:19
6956,30,33.36,250.81,0.93,49.97,0,2026-08-13 23:30:19
6957,19,34.92,262.56,0.91,49.94,0,2026-08-13 23:38:19
6958,3,35.22,264.83,0.93,50.06,0,2026-08-13 23:46:19
6959,15,32.51,244.46,0.92,49.99,0,2026-08-13 23:54:19
6960,29,31.91,239.92,0.94,49.95,0,2026-08-14 00:02:19
6961,3,32.4,243.59,0.93,49.99,0,2026-08-14 00:10:19
6962,25,30.67,230.61,0.93,50.01,0,2026-08-14 00:18:19
6963,10,33.92,255.01,0.92,50.1,0,2026-08-14 00:26:19
6964,28,30.42,228.75,0.92,49.98,0,2026-08-14 00:34:19
6965,25,34.07,256.18,0.91,49.95,0,2026-08-14 00:42:19
6966,6,37.8,284.24,0.91,50.06,0,2026-08-14 00:50:19
6967,2,33.62,252.81,0.91,50.03,0,2026-08-14 00:58:19
6968,20,34.32,258.07,0.91,50.03,0,2026-08-14 01:06:19
6969,29,34.76,261.35,0.92,50.07,0,2026-08-14 01:14:19
6970,23,34.57,259.94,0.93,49.96,0,2026-08-14 01:22:19
6971,23,33.95,255.23,0.92,50.01,0,2026-08-14 01:30:19
6972,11,35.05,263.53,0.93,50.06,0,2026-08-14 01:38:19
6973,4,33.77,253.89,0.92,50.06,0,2026-08-14 01:46:19
6974,6,36.09,271.39,0.93,50.08,0,2026-08-14 01:54:19
6975,17,31.08,233.71,0.94,50.03,0,2026-08-14 02:02:19
6976,6,35.15,264.31,0.92,50.01,0,2026-08-14 02:10:19
6977,19,34.75,261.26,0.92,50.06,0,2026-08-14 02:18:19
6978,16,37.76,283.89,0.93,49.98,0,2026-08-14 02:26:19
6979,14,35.29,265.37,0.93,49.96,0,2026-08-14 02:34:19
6980,26,36.73,276.13,0.93,49.94,0,2026-08-14 02:42:19
6981,21,30.7,230.8,0.95,50.0,0,2026-08-14 02:50:19
6982,24,34.51,259.5,0.92,50.08,0,2026-08-14 02:58:19
6983,21,34.24,257.41,0.93,50.07,0,2026-08-14 03:06:19
6984,7,33.71,253.48,0.92,50.08,0,2026-08-14 03:14:19
6985,10,31.13,234.07,0.93,49.95,0,2026-08-14 03:22:19
6986,8,31.2,234.59,0.92,50.01,0,2026-08-14 03:30:19
6987,1,30.37,228.34,0.92,49.92,0,2026-08-14 03:38:19
6988,23,34.77,261.43,0.94,50.06,0,2026-08-14 03:46:19
6989,25,34.96,262.85,0.91,49.96,0,2026-08-14 03:54:19
6990,18,33.49,251.77,0.91,49.94,0,2026-08-14 04:02:19
6991,8,37.85,284.56,0.94,50.1,0,2026-08-14 04:10:19
6992,5,38.0,285.72,0.91,50.05,0,2026-08-14 04:18:19
6993,18,33.35,250.78,0.92,50.0,0,2026-08-14 04:26:19
6994,28,37.97,285.49,0.9,49.96,0,2026-08-14 04:34:19
6995,3,35.13,264.16,0.92,49.95,0,2026-08-14 04:42:19
6996,13,35.87,269.67,0.91,50.08,0,2026-08-14 04:50:19
6997,7,31.31,235.45,0.94,49.92,0,2026-08-14 04:58:19
6998,22,34.36,258.32,0.93,50.07,0,2026-08-14 05:06:19
6999,25,34.86,262.08,0.92,50.06,0,2026-08-14 05:14:19
7000,26,30.91,232.43,0.92,50.0,0,2026-08-14 05:22:19
7001,26,34.05,255.98,0.93,50.08,0,2026-08-14 05:30:19
7002,16,35.54,267.25,0.94,50.05,0,2026-08-14 05:38:19
7003,24,31.22,234.71,0.91,50.08,0,2026-08-14 05:46:19
7004,11,30.33,228.01,0.92,49.91,0,2026-08-14 05:54:19
7005,10,32.58,244.94,0.92,50.04,0,2026-08-14 06:02:19
7006,26,32.19,242.0,0.92,50.02,0,2026-08-14 06:10:19
7007,7,36.78,276.52,0.93,49.93,0,2026-08-14 06:18:19
7008,14,30.33,228.05,0.93,49.93,0,2026-08-14 06:26:19
7009,13,36.4,273.68,0.94,50.03,0,2026-08-14 06:34:19
7010,21,36.5,274.47,0.93,50.05,0,2026-08-14 06:42:19
7011,1,35.44,266.46,0.94,50.0,0,2026-08-14 06:50:19
7012,22,30.45,228.96,0.92,49.94,0,2026-08-14 06:58:19
7013,14,32.43,243.81,0.91,49.91,0,2026-08-14 07:06:19
7014,26,33.35,250.73,0.92,50.06,0,2026-08-14 07:14:19
7015,20,34.48,259.27,0.91,49.97,0,2026-08-14 07:22:19
7016,13,35.63,267.9,0.92,50.01,0,2026-08-14 07:30:19
7017,16,30.17,226.85,0.93,50.09,0,2026-08-14 07:38:19
7018,18,36.31,273.04,0.93,49.97,0,2026-08-14 07:46:19
7019,29,30.49,229.24,0.92,50.02,0,2026-08-14 07:54:19
7020,19,36.79,276.64,0.93,50.07,0,2026-08-14 08:02:19
7021,8,32.47,244.13,0.94,50.09,0,2026-08-14 08:10:19
7022,3,35.88,269.79,0.91,50.02,0,2026-08-14 08:18:19
7023,7,36.15,271.77,0.92,50.08,0,2026-08-14 08:26:19
7024,8,36.89,277.34,0.94,49.9,0,2026-08-14 08:34:19
7025,13,30.82,231.71,0.93,50.04,0,2026-08-14 08:42:19
7026,27,37.08,278.77,0.93,50.02,0,2026-08-14 08:50:19
7027,2,35.58,267.53,0.91,50.02,0,2026-08-14 08:58:19
7028,30,34.57,259.94,0.94,49.97,0,2026-08-14 09:06:19
7029,30,34.41,258.71,0.91,50.09,0,2026-08-14 09:14:19
7030,2,32.25,242.45,0.91,49.94,0,2026-08-14 09:22:19
7031,20,35.75,268.78,0.92,49.97,0,2026-08-14 09:30:19
7032,10,34.6,260.15,0.91,49.93,0,2026-08-14 09:38:19
7033,27,35.25,265.03,0.91,49.95,0,2026-08-14 09:46:19
7034,6,33.07,248.65,0.91,49.94,0,2026-08-14 09:54:19
7035,1,31.89,239.78,0.91,49.9,0,2026-08-14 10:02:19
7036,29,36.37,273.46,0.94,50.01,0,2026-08-14 10:10:19
7037,2,36.0,270.66,0.92,50.06,0,2026-08-14 10:18:19
7038,15,30.8,231.57,0.93,50.02,0,2026-08-14 10:26:19
7039,18,37.9,284.94,0.93,49.96,0,2026-08-14 10:34:19
7040,26,34.21,257.22,0.93,49.93,0,2026-08-14 10:42:19
7041,12,37.35,280.81,0.92,49.94,0,2026-08-14 10:50:19
7042,9,34.59,260.1,0.94,49.96,0,2026-08-14 10:58:19
7043,11,30.26,227.54,0.93,49.9,0,2026-08-14 11:06:19
7044,25,33.29,250.27,0.93,50.05,0,2026-08-14 11:14:19
7045,25,31.9,239.84,0.92,49.98,0,2026-08-14 11:22:19
7046,4,32.85,247.03,0.92,49.93,0,2026-08-14 11:30:19
7047,15,36.1,271.45,0.94,50.09,0,2026-08-14 11:38:19
7048,15,37.29,280.36,0.94,50.01,0,2026-08-14 11:46:19
7049,26,30.23,227.28,0.93,50.03,0,2026-08-14 11:54:19
7050,28,30.69,230.73,0.95,49.98,0,2026-08-14 12:02:19
7051,9,37.22,279.85,0.94,49.93,0,2026-08-14 12:10:19
7052,12,33.45,251.53,0.91,49.98,0,2026-08-14 12:18:19
7053,22,30.5,229.35,0.94,49.9,0,2026-08-14 12:26:19
7054,28,30.66,230.5,0.95,49.97,0,2026-08-14 12:34:19
7055,6,37.01,278.28,0.93,50.08,0,2026-08-14 12:42:19
7056,18,36.18,272.04,0.92,50.0,0,2026-08-14 12:50:19
7057,14,36.54,274.71,0.94,49.94,0,2026-08-14 12:58:19
7058,14,35.27,265.22,0.94,49.91,0,2026-08-14 13:06:19
7059,17,32.86,247.1,0.93,50.05,0,2026-08-14 13:14:19
7060,2,36.66,275.65,0.9,49.9,0,2026-08-14 13:22:19
7061,26,33.13,249.11,0.95,50.04,0,2026-08-14 13:30:19
7062,9,37.94,285.28,0.93,50.07,0,2026-08-14 13:38:19
7063,24,37.2,279.73,0.93,50.07,0,2026-08-14 13:46:19
7064,15,37.87,284.73,0.9,50.06,0,2026-08-14 13:54:19
7065,18,64.43,484.47,0.91,49.99,1,2026-08-14 14:02:19
7066,1,70.67,531.39,0.87,49.99,1,2026-08-14 14:10:19
7067,3,64.56,485.42,0.9,50.09,1,2026-08-14 14:18:19
7068,30,69.01,518.89,0.91,49.95,1,2026-08-14 14:26:19
7069,28,71.72,539.22,0.9,50.01,1,2026-08-14 14:34:19
7070,18,67.92,510.64,0.91,50.01,1,2026-08-14 14:42:19
7071,6,68.14,512.36,0.9,50.02,1,2026-08-14 14:50:19
7072,9,67.12,504.64,0.88,49.98,1,2026-08-14 14:58:19
7073,5,64.16,482.38,0.91,49.99,1,2026-08-14 15:06:19
7074,2,64.37,484.02,0.89,49.92,1,2026-08-14 15:14:19
7075,19,69.17,520.08,0.87,49.92,1,2026-08-14 15:22:19
7076,29,66.18,497.56,0.89,50.02,1,2026-08-14 15:30:19
7077,7,68.14,512.3,0.88,50.01,1,2026-08-14 15:38:19
7078,10,68.23,513.02,0.9,49.96,1,2026-08-14 15:46:19
7079,21,68.28,513.38,0.89,49.95,1,2026-08-14 15:54:19
7080,1,68.11,512.14,0.89,50.05,1,2026-08-14 16:02:19
7081,15,67.64,508.6,0.87,50.03,1,2026-08-14 16:10:19
7082,20,65.66,493.72,0.89,50.02,1,2026-08-14 16:18:19
7083,15,66.59,500.69,0.9,49.97,1,2026-08-14 16:26:19
7084,10,70.35,528.94,0.9,50.0,1,2026-08-14 16:34:19
7085,14,64.14,482.24,0.91,49.96,1,2026-08-14 16:42:19
7086,12,68.95,518.44,0.9,50.01,1,2026-08-14 16:50:19
7087,2,65.26,490.67,0.9,50.05,1,2026-08-14 16:58:19
7088,11,66.37,499.01,0.89,49.96,1,2026-08-14 17:06:19
7089,11,68.78,517.16,0.87,50.08,1,2026-08-14 17:14:19
7090,3,65.7,494.01,0.89,50.02,1,2026-08-14 17:22:19
7091,6,71.08,534.4,0.89,49.9,1,2026-08-14 17:30:19
7092,2,64.7,486.43,0.9,50.01,1,2026-08-14 17:38:19
7093,3,66.29,498.41,0.91,49.98,1,2026-08-14 17:46:19
7094,11,64.17,482.51,0.9,50.05,1,2026-08-14 17:54:19
7095,12,69.59,523.21,0.91,50.02,1,2026-08-14 18:02:19
7096,1,66.41,499.3,0.9,50.06,1,2026-08-14 18:10:19
7097,5,64.54,485.3,0.9,49.97,1,2026-08-14 18:18:19
7098,3,66.93,503.26,0.91,50.07,1,2026-08-14 18:26:19
7099,19,69.69,524.02,0.88,50.09,1,2026-08-14 18:34:19
7100,23,65.71,494.05,0.88,49.9,1,2026-08-14 18:42:19
7101,9,68.74,516.83,0.9,50.0,1,2026-08-14 18:50:19
7102,20,70.27,528.32,0.9,50.06,1,2026-08-14 18:58:19
7103,21,67.14,504.79,0.88,49.95,1,2026-08-14 19:06:19
7104,19,64.87,487.71,0.91,49.92,1,2026-08-14 19:14:19
7105,23,66.91,503.11,0.88,49.91,1,2026-08-14 19:22:19
7106,14,69.97,526.11,0.87,50.05,1,2026-08-14 19:30:19
7107,12,71.44,537.13,0.89,49.98,1,2026-08-14 19:38:19
7108,25,71.82,539.98,0.88,49.98,1,2026-08-14 19:46:19
7109,24,69.0,518.81,0.88,49.94,1,2026-08-14 19:54:19
7110,15,67.01,503.85,0.91,49.97,1,2026-08-14 20:02:19
7111,10,70.56,530.53,0.87,50.03,1,2026-08-14 20:10:19
7112,30,68.9,518.04,0.87,49.92,1,2026-08-14 20:18:19
7113,10,64.67,486.22,0.91,49.92,1,2026-08-14 20:26:19
7114,22,68.8,517.31,0.87,50.02,1,2026-08-14 20:34:19
7115,17,64.28,483.3,0.9,49.96,1,2026-08-14 20:42:19
7116,30,66.73,501.73,0.91,49.94,1,2026-08-14 20:50:19
7117,13,70.42,529.51,0.91,50.06,1,2026-08-14 20:58:19
7118,10,66.21,497.81,0.88,50.03,1,2026-08-14 21:06:19
7119,28,68.74,516.82,0.91,49.93,1,2026-08-14 21:14:19
7120,9,69.22,520.48,0.91,49.97,1,2026-08-14 21:22:19
7121,3,68.81,517.35,0.89,50.05,1,2026-08-14 21:30:19
7122,3,65.61,493.28,0.91,50.05,1,2026-08-14 21:38:19
7123,17,68.72,516.71,0.89,49.92,1,2026-08-14 21:46:19
7124,11,70.74,531.85,0.88,49.95,1,2026-08-14 21:54:19
7125,7,30.94,232.65,0.95,50.04,0,2026-08-14 22:02:19
7126,27,37.59,282.6,0.93,50.03,0,2026-08-14 22:10:19
7127,30,33.05,248.49,0.93,49.95,0,2026-08-14 22:18:19
7128,22,34.17,256.88,0.94,50.0,0,2026-08-14 22:26:19
7129,10,38.01,285.82,0.94,49.97,0,2026-08-14 22:34:19
7130,17,37.42,281.32,0.94,49.99,0,2026-08-14 22:42:19
7131,10,34.7,260.87,0.94,50.08,0,2026-08-14 22:50:19
7132,27,36.32,273.09,0.93,50.03,0,2026-08-14 22:58:19
7133,6,37.44,281.54,0.91,50.08,0,2026-08-14 23:06:19
7134,21,32.19,242.05,0.91,50.0,0,2026-08-14 23:14:19
7135,13,32.14,241.63,0.93,50.08,0,2026-08-14 23:22:19
7136,17,34.93,262.64,0.91,49.96,0,2026-08-14 23:30:19
7137,30,36.21,272.24,0.91,50.06,0,2026-08-14 23:38:19
7138,7,36.25,272.57,0.91,50.08,0,2026-08-14 23:46:19
7139,29,30.75,231.24,0.92,49.93,0,2026-08-14 23:54:19
7140,28,37.6,282.74,0.93,50.07,0,2026-08-15 00:02:19
7141,8,30.64,230.38,0.93,50.03,0,2026-08-15 00:10:19
7142,1,30.81,231.68,0.94,50.01,0,2026-08-15 00:18:19
7143,4,33.61,252.67,0.92,49.9,0,2026-08-15 00:26:19
7144,4,31.36,235.77,0.92,49.98,0,2026-08-15 00:34:19
7145,1,35.74,268.71,0.93,50.04,0,2026-08-15 00:42:19
7146,25,30.66,230.55,0.92,50.04,0,2026-08-15 00:50:19
7147,14,37.36,280.87,0.91,50.0,0,2026-08-15 00:58:19
7148,27,33.68,253.21,0.92,49.96,0,2026-08-15 01:06:19
7149,16,37.79,284.12,0.94,50.05,0,2026-08-15 01:14:19
7150,7,34.84,261.94,0.91,49.96,0,2026-08-15 01:22:19
7151,1,30.92,232.45,0.93,49.91,0,2026-08-15 01:30:19
7152,9,31.53,237.09,0.94,49.96,0,2026-08-15 01:38:19
7153,11,30.43,228.79,0.94,49.93,0,2026-08-15 01:46:19
7154,11,34.71,260.97,0.91,49.96,0,2026-08-15 01:54:19
7155,8,36.61,275.3,0.91,50.0,0,2026-08-15 02:02:19
7156,25,33.28,250.26,0.92,50.08,0,2026-08-15 02:10:19
7157,1,30.8,231.6,0.94,49.96,0,2026-08-15 02:18:19
7158,11,36.35,273.31,0.91,50.07,0,2026-08-15 02:26:19
7159,12,32.3,242.87,0.93,49.94,0,2026-08-15 02:34:19
7160,22,37.84,284.5,0.91,50.1,0,2026-08-15 02:42:19
7161,30,31.88,239.71,0.93,50.03,0,2026-08-15 02:50:19
7162,10,37.22,279.87,0.91,49.93,0,2026-08-15 02:58:19
7163,22,32.3,242.83,0.92,50.07,0,2026-08-15 03:06:19
7164,14,32.59,245.01,0.91,50.06,0,2026-08-15 03:14:19
7165,2,37.92,285.12,0.93,49.95,0,2026-08-15 03:22:19
7166,29,34.01,255.71,0.92,50.02,0,2026-08-15 03:30:19
7167,18,32.16,241.77,0.92,49.97,0,2026-08-15 03:38:19
7168,9,34.2,257.17,0.94,50.1,0,2026-08-15 03:46:19
7169,26,31.34,235.67,0.91,49.95,0,2026-08-15 03:54:19
7170,7,34.42,258.77,0.92,49.95,0,2026-08-15 04:02:19
7171,27,33.75,253.73,0.92,50.03,0,2026-08-15 04:10:19
7172,26,37.53,282.2,0.91,49.99,0,2026-08-15 04:18:19
7173,23,34.89,262.31,0.93,50.03,0,2026-08-15 04:26:19
7174,20,37.22,279.86,0.92,49.96,0,2026-08-15 04:34:19
7175,9,33.44,251.46,0.93,50.04,0,2026-08-15 04:42:19
7176,6,31.46,236.53,0.94,50.03,0,2026-08-15 04:50:19
7177,2,30.8,231.61,0.95,49.96,0,2026-08-15 04:58:19
7178,25,34.18,256.97,0.94,49.96,0,2026-08-15 05:06:19
7179,16,36.32,273.06,0.93,50.02,0,2026-08-15 05:14:19
7180,5,34.68,260.72,0.94,49.95,0,2026-08-15 05:22:19
7181,17,30.72,230.94,0.91,50.03,0,2026-08-15 05:30:19
7182,16,36.82,276.81,0.93,50.08,0,2026-08-15 05:38:19
7183,19,37.66,283.15,0.91,50.02,0,2026-08-15 05:46:19
7184,23,35.89,269.84,0.92,50.02,0,2026-08-15 05:54:19
7185,26,33.06,248.58,0.91,50.03,0,2026-08-15 06:02:19
7186,28,31.82,239.26,0.93,49.93,0,2026-08-15 06:10:19
7187,29,35.45,266.51,0.91,50.02,0,2026-08-15 06:18:19
7188,17,34.35,258.27,0.93,49.94,0,2026-08-15 06:26:19
7189,1,37.97,285.49,0.91,49.99,0,2026-08-15 06:34:19
7190,12,36.27,272.72,0.93,50.05,0,2026-08-15 06:42:19
7191,15,36.09,271.36,0.92,50.0,0,2026-08-15 06:50:19
7192,23,37.05,278.6,0.92,49.95,0,2026-08-15 06:58:19
7193,6,36.14,271.71,0.91,50.1,0,2026-08-15 07:06:19
7194,11,31.64,237.87,0.94,49.95,0,2026-08-15 07:14:19
7195,8,35.19,264.57,0.91,50.08,0,2026-08-15 07:22:19
7196,9,31.88,239.71,0.92,49.99,0,2026-08-15 07:30:19
7197,27,35.54,267.2,0.91,50.05,0,2026-08-15 07:38:19
7198,16,35.02,263.34,0.93,49.92,0,2026-08-15 07:46:19
7199,25,32.65,245.52,0.94,49.94,0,2026-08-15 07:54:19
7200,27,34.45,259.04,0.93,50.09,0,2026-08-15 08:02:19
7201,15,36.74,276.27,0.94,50.02,0,2026-08-15 08:10:19
7202,7,31.39,236.05,0.93,50.05,0,2026-08-15 08:18:19
7203,6,32.9,247.4,0.91,49.99,0,2026-08-15 08:26:19
7204,16,30.88,232.2,0.95,50.02,0,2026-08-15 08:34:19
7205,27,31.82,239.27,0.94,50.01,0,2026-08-15 08:42:19
7206,14,31.99,240.56,0.91,50.09,0,2026-08-15 08:50:19
7207,3,36.29,272.86,0.9,49.95,0,2026-08-15 08:58:19
7208,25,30.9,232.34,0.95,50.03,0,2026-08-15 09:06:19
7209,30,33.93,255.15,0.91,50.06,0,2026-08-15 09:14:19
7210,29,35.08,263.73,0.94,49.99,0,2026-08-15 09:22:19
7211,12,32.86,247.06,0.91,50.01,0,2026-08-15 09:30:19
7212,18,31.2,234.59,0.95,49.92,0,2026-08-15 09:38:19
7213,17,36.24,272.48,0.91,50.0,0,2026-08-15 09:46:19
7214,25,36.61,275.28,0.91,50.05,0,2026-08-15 09:54:19
7215,27,33.53,252.08,0.92,49.96,0,2026-08-15 10:02:19
7216,3,32.56,244.79,0.94,50.06,0,2026-08-15 10:10:19
7217,15,31.31,235.45,0.92,50.04,0,2026-08-15 10:18:19
7218,11,35.67,268.21,0.94,49.92,0,2026-08-15 10:26:19
7219,18,32.23,242.34,0.93,50.06,0,2026-08-15 10:34:19
7220,15,31.93,240.08,0.91,50.07,0,2026-08-15 10:42:19
7221,3,35.05,263.52,0.93,50.05,0,2026-08-15 10:50:19
7222,29,38.01,285.76,0.93,50.08,0,2026-08-15 10:58:19
7223,27,35.99,270.58,0.93,49.91,0,2026-08-15 11:06:19
7224,10,31.1,233.87,0.91,50.1,0,2026-08-15 11:14:19
7225,19,31.7,238.33,0.94,49.98,0,2026-08-15 11:22:19
7226,4,30.83,231.78,0.94,50.01,0,2026-08-15 11:30:19
7227,19,33.17,249.37,0.91,49.95,0,2026-08-15 11:38:19
7228,17,32.93,247.6,0.94,49.98,0,2026-08-15 11:46:19
7229,14,32.83,246.82,0.94,49.93,0,2026-08-15 11:54:19
7230,21,30.1,226.33,0.94,50.07,0,2026-08-15 12:02:19
7231,29,33.48,251.73,0.94,49.92,0,2026-08-15 12:10:19
7232,30,31.13,234.04,0.91,50.04,0,2026-08-15 12:18:19
7233,16,33.63,252.87,0.91,50.07,0,2026-08-15 12:26:19
7234,14,35.19,264.62,0.94,50.0,0,2026-08-15 12:34:19
7235,29,31.85,239.47,0.94,49.92,0,2026-08-15 12:42:19
7236,23,30.71,230.93,0.91,50.09,0,2026-08-15 12:50:19
7237,16,33.61,252.68,0.94,50.02,0,2026-08-15 12:58:19
7238,29,37.25,280.04,0.94,50.0,0,2026-08-15 13:06:19
7239,2,36.75,276.3,0.91,49.9,0,2026-08-15 13:14:19
7240,11,35.66,268.1,0.94,50.05,0,2026-08-15 13:22:19
7241,18,36.67,275.72,0.93,50.04,0,2026-08-15 13:30:19
7242,29,30.5,229.35,0.93,50.09,0,2026-08-15 13:38:19
7243,4,36.0,270.65,0.94,50.04,0,2026-08-15 13:46:19
7244,9,35.22,264.84,0.93,50.03,0,2026-08-15 13:54:19
7245,29,69.41,521.88,0.9,49.98,1,2026-08-15 14:02:19
7246,20,68.27,513.33,0.87,50.04,1,2026-08-15 14:10:19
7247,18,71.17,535.12,0.87,49.99,1,2026-08-15 14:18:19
7248,23,64.53,485.18,0.91,50.09,1,2026-08-15 14:26:19
7249,3,64.64,486.04,0.9,49.9,1,2026-08-15 14:34:19
7250,28,64.53,485.19,0.88,50.09,1,2026-08-15 14:42:19
7251,26,66.38,499.13,0.89,50.07,1,2026-08-15 14:50:19
7252,6,65.74,494.29,0.88,50.09,1,2026-08-15 14:58:19
7253,21,67.49,507.46,0.9,50.09,1,2026-08-15 15:06:19
7254,7,66.67,501.3,0.88,50.08,1,2026-08-15 15:14:19
7255,3,67.99,511.17,0.87,49.99,1,2026-08-15 15:22:19
7256,26,67.81,509.85,0.87,49.96,1,2026-08-15 15:30:19
7257,20,71.07,534.33,0.88,49.97,1,2026-08-15 15:38:19
7258,18,71.71,539.19,0.88,50.08,1,2026-08-15 15:46:19
7259,28,69.02,518.93,0.88,49.99,1,2026-08-15 15:54:19
7260,3,67.91,510.59,0.91,50.04,1,2026-08-15 16:02:19
7261,28,69.89,525.51,0.87,50.02,1,2026-08-15 16:10:19
7262,3,70.84,532.62,0.89,49.99,1,2026-08-15 16:18:19
7263,23,69.91,525.61,0.87,49.97,1,2026-08-15 16:26:19
7264,28,66.41,499.33,0.87,49.98,1,2026-08-15 16:34:19
7265,18,68.4,514.3,0.91,50.07,1,2026-08-15 16:42:19
7266,16,64.78,487.06,0.9,49.97,1,2026-08-15 16:50:19
7267,29,71.35,536.46,0.89,49.91,1,2026-08-15 16:58:19
7268,6,66.02,496.42,0.89,50.08,1,2026-08-15 17:06:19
7269,6,69.42,521.99,0.91,50.09,1,2026-08-15 17:14:19
7270,12,64.9,487.99,0.9,49.93,1,2026-08-15 17:22:19
7271,12,64.23,482.94,0.89,49.98,1,2026-08-15 17:30:19
7272,27,71.11,534.64,0.9,50.06,1,2026-08-15 17:38:19
7273,15,68.02,511.4,0.88,50.05,1,2026-08-15 17:46:19
7274,29,67.25,505.64,0.89,49.93,1,2026-08-15 17:54:19
7275,10,64.54,485.26,0.88,50.01,1,2026-08-15 18:02:19
7276,6,70.5,530.09,0.9,50.09,1,2026-08-15 18:10:19
7277,2,71.56,538.06,0.91,50.04,1,2026-08-15 18:18:19
7278,30,66.12,497.14,0.89,50.05,1,2026-08-15 18:26:19
7279,14,71.79,539.77,0.89,50.0,1,2026-08-15 18:34:19
7280,6,69.02,518.92,0.89,50.06,1,2026-08-15 18:42:19
7281,19,67.93,510.72,0.89,50.0,1,2026-08-15 18:50:19
7282,19,69.55,522.94,0.89,49.99,1,2026-08-15 18:58:19
7283,26,67.06,504.24,0.91,49.93,1,2026-08-15 19:06:19
7284,1,69.41,521.89,0.88,50.09,1,2026-08-15 19:14:19
7285,2,67.1,504.49,0.9,49.9,1,2026-08-15 19:22:19
7286,27,68.76,517.03,0.9,49.98,1,2026-08-15 19:30:19
7287,11,64.52,485.11,0.9,49.91,1,2026-08-15 19:38:19
7288,12,64.91,488.05,0.88,50.05,1,2026-08-15 19:46:19
7289,29,68.78,517.11,0.87,49.98,1,2026-08-15 19:54:19
7290,5,68.73,516.77,0.9,49.91,1,2026-08-15 20:02:19
7291,12,65.77,494.48,0.91,49.94,1,2026-08-15 20:10:19
7292,29,70.51,530.18,0.89,50.1,1,2026-08-15 20:18:19
7293,23,66.07,496.76,0.91,49.91,1,2026-08-15 20:26:19
7294,10,67.6,508.29,0.91,49.92,1,2026-08-15 20:34:19
7295,5,68.88,517.9,0.9,50.04,1,2026-08-15 20:42:19
7296,9,71.6,538.38,0.9,49.95,1,2026-08-15 20:50:19
7297,18,66.71,501.55,0.91,50.03,1,2026-08-15 20:58:19
7298,23,65.09,489.4,0.91,50.0,1,2026-08-15 21:06:19
7299,23,69.85,525.22,0.88,49.98,1,2026-08-15 21:14:19
7300,25,64.22,482.88,0.89,50.04,1,2026-08-15 21:22:19
7301,13,71.18,535.22,0.91,49.91,1,2026-08-15 21:30:19
7302,28,71.43,537.04,0.88,50.03,1,2026-08-15 21:38:19
7303,6,70.31,528.68,0.88,50.01,1,2026-08-15 21:46:19
7304,16,66.38,499.08,0.88,49.98,1,2026-08-15 21:54:19
7305,7,37.16,279.39,0.91,50.09,0,2026-08-15 22:02:19
7306,7,31.2,234.59,0.92,50.04,0,2026-08-15 22:10:19
7307,25,33.45,251.49,0.94,50.1,0,2026-08-15 22:18:19
7308,29,36.61,275.29,0.94,49.93,0,2026-08-15 22:26:19
7309,8,32.58,244.94,0.94,50.05,0,2026-08-15 22:34:19
7310,21,35.46,266.62,0.91,49.97,0,2026-08-15 22:42:19
7311,28,33.5,251.91,0.92,50.05,0,2026-08-15 22:50:19
7312,4,35.74,268.72,0.93,49.98,0,2026-08-15 22:58:19
7313,30,32.23,242.36,0.92,49.99,0,2026-08-15 23:06:19
7314,7,34.48,259.26,0.93,50.03,0,2026-08-15 23:14:19
7315,8,36.18,272.01,0.92,50.01,0,2026-08-15 23:22:19
7316,20,36.36,273.4,0.94,49.92,0,2026-08-15 23:30:19
7317,17,31.06,233.54,0.91,49.94,0,2026-08-15 23:38:19
7318,9,34.13,256.59,0.93,50.04,0,2026-08-15 23:46:19
7319,9,32.53,244.58,0.92,50.06,0,2026-08-15 23:54:19
7320,24,32.42,243.73,0.93,49.98,0,2026-08-16 00:02:19
7321,6,35.11,264.02,0.94,50.09,0,2026-08-16 00:10:19
7322,17,34.78,261.53,0.94,50.06,0,2026-08-16 00:18:19
7323,29,30.44,228.84,0.94,50.03,0,2026-08-16 00:26:19
7324,5,32.86,247.04,0.94,49.96,0,2026-08-16 00:34:19
7325,23,32.04,240.92,0.94,50.02,0,2026-08-16 00:42:19
7326,9,33.81,254.22,0.91,49.91,0,2026-08-16 00:50:19
7327,2,35.36,265.87,0.93,49.91,0,2026-08-16 00:58:19
7328,21,30.63,230.28,0.91,49.9,0,2026-08-16 01:06:19
7329,5,31.54,237.11,0.92,50.07,0,2026-08-16 01:14:19
7330,7,36.77,276.5,0.93,50.08,0,2026-08-16 01:22:19
7331,21,32.63,245.33,0.91,49.94,0,2026-08-16 01:30:19
7332,22,31.21,234.67,0.94,49.92,0,2026-08-16 01:38:19
7333,13,32.28,242.73,0.95,49.93,0,2026-08-16 01:46:19
7334,20,31.17,234.33,0.93,50.01,0,2026-08-16 01:54:19
7335,25,35.69,268.37,0.93,50.03,0,2026-08-16 02:02:19
7336,15,36.84,276.96,0.92,50.0,0,2026-08-16 02:10:19
7337,11,32.05,240.97,0.94,49.94,0,2026-08-16 02:18:19
7338,2,32.49,244.32,0.91,49.97,0,2026-08-16 02:26:19
7339,12,30.3,227.79,0.92,50.08,0,2026-08-16 02:34:19
7340,12,34.9,262.44,0.91,50.02,0,2026-08-16 02:42:19
7341,17,33.11,248.91,0.94,50.01,0,2026-08-16 02:50:19
7342,25,36.57,274.98,0.93,49.99,0,2026-08-16 02:58:19
7343,24,34.25,257.51,0.92,49.98,0,2026-08-16 03:06:19
7344,23,36.15,271.81,0.94,50.1,0,2026-08-16 03:14:19
7345,30,34.37,258.4,0.93,50.03,0,2026-08-16 03:22:19
7346,3,34.1,256.36,0.91,50.08,0,2026-08-16 03:30:19
7347,28,35.03,263.35,0.91,50.08,0,2026-08-16 03:38:19
7348,4,34.26,257.56,0.91,50.09,0,2026-08-16 03:46:19
7349,17,32.67,245.66,0.92,49.9,0,2026-08-16 03:54:19
7350,29,37.74,283.75,0.91,49.93,0,2026-08-16 04:02:19
7351,8,37.83,284.43,0.93,49.92,0,2026-08-16 04:10:19
7352,3,32.65,245.46,0.95,49.94,0,2026-08-16 04:18:19
7353,12,31.41,236.16,0.93,49.96,0,2026-08-16 04:26:19
7354,20,35.36,265.85,0.93,50.09,0,2026-08-16 04:34:19
7355,17,34.49,259.34,0.91,49.99,0,2026-08-16 04:42:19
7356,21,36.55,274.81,0.94,49.95,0,2026-08-16 04:50:19
7357,17,34.04,255.97,0.91,50.04,0,2026-08-16 04:58:19
7358,6,33.05,248.51,0.95,50.1,0,2026-08-16 05:06:19
7359,1,36.96,277.87,0.93,49.95,0,2026-08-16 05:14:19
7360,3,37.08,278.81,0.92,50.04,0,2026-08-16 05:22:19
7361,12,34.69,260.8,0.93,50.01,0,2026-08-16 05:30:19
7362,4,31.06,233.57,0.91,49.91,0,2026-08-16 05:38:19
7363,1,32.99,248.01,0.93,49.96,0,2026-08-16 05:46:19
7364,15,33.1,248.88,0.92,50.03,0,2026-08-16 05:54:19
7365,11,32.86,247.07,0.92,50.0,0,2026-08-16 06:02:19
7366,27,30.08,226.17,0.94,50.08,0,2026-08-16 06:10:19
7367,8,32.57,244.92,0.95,50.1,0,2026-08-16 06:18:19
7368,12,37.24,280.02,0.92,50.04,0,2026-08-16 06:26:19
7369,2,33.62,252.79,0.94,49.97,0,2026-08-16 06:34:19
7370,9,31.79,239.05,0.95,49.96,0,2026-08-16 06:42:19
7371,28,37.93,285.17,0.91,50.1,0,2026-08-16 06:50:19
7372,16,37.26,280.15,0.92,50.02,0,2026-08-16 06:58:19
7373,13,31.38,235.96,0.95,50.05,0,2026-08-16 07:06:19
7374,23,32.6,245.09,0.94,49.96,0,2026-08-16 07:14:19
7375,26,36.34,273.22,0.92,50.03,0,2026-08-16 07:22:19
7376,25,31.95,240.26,0.92,49.95,0,2026-08-16 07:30:19
7377,4,37.92,285.13,0.92,49.93,0,2026-08-16 07:38:19
7378,7,37.1,278.92,0.92,50.02,0,2026-08-16 07:46:19
7379,12,32.64,245.41,0.94,50.04,0,2026-08-16 07:54:19
7380,20,31.27,235.09,0.93,49.9,0,2026-08-16 08:02:19
7381,3,30.16,226.75,0.93,50.03,0,2026-08-16 08:10:19
7382,4,34.57,259.89,0.91,49.9,0,2026-08-16 08:18:19
7383,14,35.8,269.2,0.94,49.99,0,2026-08-16 08:26:19
7384,18,31.88,239.7,0.93,49.99,0,2026-08-16 08:34:19
7385,27,32.73,246.11,0.94,50.07,0,2026-08-16 08:42:19
7386,25,37.03,278.4,0.92,50.07,0,2026-08-16 08:50:19
7387,17,32.55,244.7,0.94,49.97,0,2026-08-16 08:58:19
7388,29,30.8,231.59,0.92,50.08,0,2026-08-16 09:06:19
7389,28,36.15,271.84,0.91,50.03,0,2026-08-16 09:14:19
7390,28,33.98,255.5,0.93,50.0,0,2026-08-16 09:22:19
7391,10,32.95,247.74,0.93,49.95,0,2026-08-16 09:30:19
7392,1,30.22,227.23,0.94,49.93,0,2026-08-16 09:38:19
7393,23,31.03,233.31,0.93,49.96,0,2026-08-16 09:46:19
7394,25,37.93,285.17,0.9,50.02,0,2026-08-16 09:54:19
7395,26,30.34,228.15,0.93,49.95,0,2026-08-16 10:02:19
7396,21,37.59,282.6,0.91,49.95,0,2026-08-16 10:10:19
7397,3,33.98,255.47,0.91,49.97,0,2026-08-16 10:18:19
7398,19,30.5,229.33,0.92,50.03,0,2026-08-16 10:26:19
7399,5,33.63,252.83,0.93,49.98,0,2026-08-16 10:34:19
7400,23,32.18,241.94,0.93,50.06,0,2026-08-16 10:42:19
7401,29,36.04,270.94,0.94,50.09,0,2026-08-16 10:50:19
7402,3,33.87,254.69,0.93,50.01,0,2026-08-16 10:58:19
7403,28,35.84,269.47,0.94,50.06,0,2026-08-16 11:06:19
7404,1,36.15,271.79,0.94,50.02,0,2026-08-16 11:14:19
7405,10,30.07,226.09,0.94,49.96,0,2026-08-16 11:22:19
7406,22,30.68,230.71,0.93,49.94,0,2026-08-16 11:30:19
7407,28,35.01,263.21,0.92,49.93,0,2026-08-16 11:38:19
7408,30,37.03,278.39,0.92,50.04,0,2026-08-16 11:46:19
7409,25,33.09,248.79,0.94,50.02,0,2026-08-16 11:54:19
7410,4,30.75,231.22,0.91,49.96,0,2026-08-16 12:02:19
7411,21,30.39,228.46,0.93,50.02,0,2026-08-16 12:10:19
7412,21,34.18,257.01,0.92,49.97,0,2026-08-16 12:18:19
7413,3,31.86,239.52,0.94,50.01,0,2026-08-16 12:26:19
7414,20,37.43,281.41,0.91,50.08,0,2026-08-16 12:34:19
7415,2,33.7,253.35,0.92,50.04,0,2026-08-16 12:42:19
7416,30,32.72,246.02,0.95,50.0,0,2026-08-16 12:50:19
7417,18,37.71,283.54,0.9,50.0,0,2026-08-16 12:58:19
7418,8,37.65,283.11,0.91,49.94,0,2026-08-16 13:06:19
7419,4,36.25,272.53,0.92,50.1,0,2026-08-16 13:14:19
7420,14,32.53,244.61,0.92,49.91,0,2026-08-16 13:22:19
7421,2,30.83,231.8,0.91,49.93,0,2026-08-16 13:30:19
7422,18,34.73,261.1,0.93,49.98,0,2026-08-16 13:38:19
7423,12,30.29,227.75,0.91,49.91,0,2026-08-16 13:46:19
7424,30,32.74,246.15,0.92,50.1,0,2026-08-16 13:54:19
7425,19,66.74,501.83,0.9,49.97,1,2026-08-16 14:02:19
7426,18,66.36,498.98,0.9,49.97,1,2026-08-16 14:10:19
7427,8,67.96,510.98,0.9,50.0,1,2026-08-16 14:18:19
7428,27,64.91,488.07,0.91,50.07,1,2026-08-16 14:26:19
7429,13,65.48,492.36,0.88,50.06,1,2026-08-16 14:34:19
7430,16,68.07,511.78,0.91,50.06,1,2026-08-16 14:42:19
7431,17,68.41,514.36,0.9,49.9,1,2026-08-16 14:50:19
7432,3,71.87,540.38,0.9,50.05,1,2026-08-16 14:58:19
7433,18,65.04,489.01,0.91,50.02,1,2026-08-16 15:06:19
7434,9,67.11,504.62,0.89,49.91,1,2026-08-16 15:14:19
7435,14,65.78,494.55,0.88,49.95,1,2026-08-16 15:22:19
7436,14,68.22,512.96,0.91,49.92,1,2026-08-16 15:30:19
7437,18,64.13,482.17,0.9,49.99,1,2026-08-16 15:38:19
7438,6,66.01,496.33,0.91,49.92,1,2026-08-16 15:46:19
7439,23,70.68,531.4,0.88,50.02,1,2026-08-16 15:54:19
7440,16,71.94,540.93,0.87,50.01,1,2026-08-16 16:02:19
7441,6,66.71,501.57,0.89,49.97,1,2026-08-16 16:10:19
7442,3,69.1,519.55,0.87,49.99,1,2026-08-16 16:18:19
7443,9,68.76,516.96,0.9,50.02,1,2026-08-16 16:26:19
7444,14,69.99,526.24,0.9,50.08,1,2026-08-16 16:34:19
7445,12,64.13,482.16,0.89,50.0,1,2026-08-16 16:42:19
7446,25,69.34,521.36,0.9,49.91,1,2026-08-16 16:50:19
7447,28,65.0,488.74,0.89,50.01,1,2026-08-16 16:58:19
7448,4,69.36,521.47,0.89,49.97,1,2026-08-16 17:06:19
7449,2,69.03,519.06,0.9,50.03,1,2026-08-16 17:14:19
7450,7,66.3,498.47,0.89,49.95,1,2026-08-16 17:22:19
7451,21,71.91,540.64,0.87,50.02,1,2026-08-16 17:30:19
7452,25,68.18,512.63,0.88,50.02,1,2026-08-16 17:38:19
7453,13,67.35,506.38,0.91,50.02,1,2026-08-16 17:46:19
7454,26,68.85,517.67,0.87,50.01,1,2026-08-16 17:54:19
7455,5,68.89,518.0,0.88,50.03,1,2026-08-16 18:02:19
7456,4,69.04,519.08,0.9,49.91,1,2026-08-16 18:10:19
7457,30,66.09,496.91,0.88,49.97,1,2026-08-16 18:18:19
7458,20,65.96,495.97,0.89,49.99,1,2026-08-16 18:26:19
7459,26,71.75,539.44,0.89,49.94,1,2026-08-16 18:34:19
7460,28,70.36,529.02,0.9,50.03,1,2026-08-16 18:42:19
7461,9,66.13,497.25,0.91,50.04,1,2026-08-16 18:50:19
7462,12,71.84,540.16,0.88,50.07,1,2026-08-16 18:58:19
7463,10,70.06,526.74,0.88,49.97,1,2026-08-16 19:06:19
7464,5,65.53,492.67,0.91,50.01,1,2026-08-16 19:14:19
7465,8,70.99,533.76,0.91,50.02,1,2026-08-16 19:22:19
7466,19,67.65,508.67,0.89,49.97,1,2026-08-16 19:30:19
7467,14,71.07,534.36,0.89,50.01,1,2026-08-16 19:38:19
7468,3,65.25,490.63,0.91,49.99,1,2026-08-16 19:46:19
7469,1,71.6,538.31,0.9,50.05,1,2026-08-16 19:54:19
7470,5,71.14,534.91,0.91,50.01,1,2026-08-16 20:02:19
7471,27,65.02,488.89,0.89,49.93,1,2026-08-16 20:10:19
7472,12,65.33,491.24,0.91,50.03,1,2026-08-16 20:18:19
7473,29,66.1,497.01,0.9,50.05,1,2026-08-16 20:26:19
7474,20,65.63,493.46,0.87,49.94,1,2026-08-16 20:34:19
7475,15,65.74,494.26,0.89,50.02,1,2026-08-16 20:42:19
7476,16,68.03,511.52,0.89,49.96,1,2026-08-16 20:50:19
7477,21,70.85,532.69,0.87,50.08,1,2026-08-16 20:58:19
7478,26,68.18,512.65,0.9,50.03,1,2026-08-16 21:06:19
7479,27,70.38,529.15,0.91,49.92,1,2026-08-16 21:14:19
7480,11,65.91,495.53,0.9,50.09,1,2026-08-16 21:22:19
7481,29,66.21,497.85,0.88,50.09,1,2026-08-16 21:30:19
7482,29,64.66,486.18,0.88,49.93,1,2026-08-16 21:38:19
7483,29,71.62,538.52,0.91,50.06,1,2026-08-16 21:46:19
7484,26,70.78,532.17,0.9,50.06,1,2026-08-16 21:54:19
7485,28,31.63,237.82,0.95,50.09,0,2026-08-16 22:02:19
7486,15,33.92,255.04,0.94,50.1,0,2026-08-16 22:10:19
7487,25,36.7,275.91,0.91,49.95,0,2026-08-16 22:18:19
7488,13,32.49,244.31,0.95,50.04,0,2026-08-16 22:26:19
7489,25,34.65,260.55,0.94,50.01,0,2026-08-16 22:34:19
7490,23,31.37,235.88,0.93,50.08,0,2026-08-16 22:42:19
7491,16,33.41,251.17,0.91,50.01,0,2026-08-16 22:50:19
7492,1,32.73,246.1,0.95,49.98,0,2026-08-16 22:58:19
7493,21,31.77,238.89,0.94,49.95,0,2026-08-16 23:06:19
7494,7,33.15,249.26,0.92,50.09,0,2026-08-16 23:14:19
7495,16,33.58,252.5,0.93,50.04,0,2026-08-16 23:22:19
7496,28,32.65,245.46,0.91,50.07,0,2026-08-16 23:30:19
7497,27,32.2,242.08,0.91,50.01,0,2026-08-16 23:38:19
7498,20,32.07,241.12,0.91,49.94,0,2026-08-16 23:46:19
7499,3,37.15,279.36,0.92,50.07,0,2026-08-16 23:54:19
7500,19,30.37,228.33,0.92,50.09,0,2026-08-17 00:02:19
7501,6,36.63,275.43,0.91,50.07,0,2026-08-17 00:10:19
7502,7,34.4,258.65,0.94,50.0,0,2026-08-17 00:18:19
7503,6,31.34,235.64,0.94,50.07,0,2026-08-17 00:26:19
7504,17,35.89,269.88,0.92,49.97,0,2026-08-17 00:34:19
7505,29,37.88,284.8,0.91,49.97,0,2026-08-17 00:42:19
7506,29,34.76,261.32,0.92,50.03,0,2026-08-17 00:50:19
7507,18,31.83,239.32,0.92,50.02,0,2026-08-17 00:58:19
7508,7,35.05,263.51,0.93,49.98,0,2026-08-17 01:06:19
7509,3,33.88,254.75,0.92,49.99,0,2026-08-17 01:14:19
7510,3,33.11,248.98,0.94,49.9,0,2026-08-17 01:22:19
7511,16,33.5,251.87,0.92,49.92,0,2026-08-17 01:30:19
7512,16,34.4,258.63,0.93,50.01,0,2026-08-17 01:38:19
7513,4,36.77,276.49,0.91,50.0,0,2026-08-17 01:46:19
7514,4,37.97,285.49,0.92,50.04,0,2026-08-17 01:54:19
7515,18,31.14,234.13,0.93,50.01,0,2026-08-17 02:02:19
7516,27,32.0,240.58,0.91,49.95,0,2026-08-17 02:10:19
7517,5,30.22,227.19,0.93,49.91,0,2026-08-17 02:18:19
7518,6,31.98,240.43,0.94,50.04,0,2026-08-17 02:26:19
7519,19,32.95,247.72,0.92,49.99,0,2026-08-17 02:34:19
7520,16,30.08,226.2,0.93,49.95,0,2026-08-17 02:42:19
7521,16,32.88,247.2,0.92,50.04,0,2026-08-17 02:50:19
7522,21,32.9,247.34,0.94,49.92,0,2026-08-17 02:58:19
7523,18,37.47,281.74,0.91,49.96,0,2026-08-17 03:06:19
7524,19,30.84,231.85,0.92,50.0,0,2026-08-17 03:14:19
7525,1,30.77,231.35,0.92,50.05,0,2026-08-17 03:22:19
7526,4,35.77,268.93,0.93,49.91,0,2026-08-17 03:30:19
7527,4,33.68,253.25,0.92,50.0,0,2026-08-17 03:38:19
7528,28,33.73,253.63,0.94,49.99,0,2026-08-17 03:46:19
7529,6,30.58,229.94,0.94,50.0,0,2026-08-17 03:54:19
7530,8,35.78,269.05,0.94,50.09,0,2026-08-17 04:02:19
7531,21,33.16,249.36,0.93,50.08,0,2026-08-17 04:10:19
7532,27,32.67,245.63,0.92,49.93,0,2026-08-17 04:18:19
7533,23,31.31,235.38,0.92,49.92,0,2026-08-17 04:26:19
7534,10,31.31,235.39,0.94,50.09,0,2026-08-17 04:34:19
7535,22,37.11,279.02,0.92,50.08,0,2026-08-17 04:42:19
7536,26,36.3,272.94,0.91,50.06,0,2026-08-17 04:50:19
7537,19,35.99,270.58,0.92,49.92,0,2026-08-17 04:58:19
7538,9,37.39,281.13,0.94,50.09,0,2026-08-17 05:06:19
7539,3,37.95,285.37,0.94,49.97,0,2026-08-17 05:14:19
7540,22,32.72,245.98,0.91,50.08,0,2026-08-17 05:22:19
7541,2,36.15,271.81,0.9,50.04,0,2026-08-17 05:30:19
7542,23,36.79,276.6,0.94,50.06,0,2026-08-17 05:38:19
7543,14,37.26,280.15,0.91,50.07,0,2026-08-17 05:46:19
7544,25,30.36,228.3,0.94,49.9,0,2026-08-17 05:54:19
7545,25,30.85,231.93,0.94,50.02,0,2026-08-17 06:02:19
7546,5,35.13,264.16,0.94,49.99,0,2026-08-17 06:10:19
7547,10,31.48,236.7,0.94,49.94,0,2026-08-17 06:18:19
7548,10,33.56,252.34,0.94,49.92,0,2026-08-17 06:26:19
7549,21,30.65,230.47,0.95,49.92,0,2026-08-17 06:34:19
7550,29,37.11,279.0,0.92,50.08,0,2026-08-17 06:42:19
7551,22,31.73,238.57,0.93,50.07,0,2026-08-17 06:50:19
7552,24,32.2,242.09,0.93,50.02,0,2026-08-17 06:58:19
7553,30,35.55,267.31,0.93,49.95,0,2026-08-17 07:06:19
7554,16,37.47,281.73,0.93,49.94,0,2026-08-17 07:14:19
7555,27,37.96,285.4,0.91,49.93,0,2026-08-17 07:22:19
7556,10,32.01,240.71,0.91,49.91,0,2026-08-17 07:30:19
7557,17,31.75,238.73,0.91,50.03,0,2026-08-17 07:38:19
7558,1,34.84,261.92,0.93,50.08,0,2026-08-17 07:46:19
7559,25,31.27,235.13,0.91,50.01,0,2026-08-17 07:54:19
7560,8,31.53,237.1,0.95,49.97,0,2026-08-17 08:02:19
7561,18,36.35,273.28,0.93,49.97,0,2026-08-17 08:10:19
7562,15,33.39,251.08,0.91,50.01,0,2026-08-17 08:18:19
7563,24,33.25,249.97,0.92,49.94,0,2026-08-17 08:26:19
7564,6,36.09,271.32,0.94,50.03,0,2026-08-17 08:34:19
7565,24,37.26,280.16,0.93,49.91,0,2026-08-17 08:42:19
7566,6,35.73,268.62,0.92,50.05,0,2026-08-17 08:50:19
7567,24,31.13,234.04,0.92,49.94,0,2026-08-17 08:58:19
7568,27,37.95,285.37,0.94,49.98,0,2026-08-17 09:06:19
7569,11,33.66,253.12,0.93,50.0,0,2026-08-17 09:14:19
7570,13,34.29,257.85,0.92,49.95,0,2026-08-17 09:22:19
7571,21,33.56,252.31,0.91,50.07,0,2026-08-17 09:30:19
7572,17,30.18,226.91,0.94,49.95,0,2026-08-17 09:38:19
7573,23,34.06,256.08,0.93,49.93,0,2026-08-17 09:46:19
7574,26,35.32,265.57,0.91,49.97,0,2026-08-17 09:54:19
7575,19,36.42,273.81,0.92,49.98,0,2026-08-17 10:02:19
7576,14,34.21,257.22,0.93,50.08,0,2026-08-17 10:10:19
7577,21,33.86,254.58,0.92,50.03,0,2026-08-17 10:18:19
7578,17,33.6,252.64,0.93,50.09,0,2026-08-17 10:26:19
7579,1,30.63,230.32,0.92,50.07,0,2026-08-17 10:34:19
7580,19,37.5,281.98,0.94,50.04,0,2026-08-17 10:42:19
7581,30,33.67,253.19,0.93,49.94,0,2026-08-17 10:50:19
7582,8,34.03,255.9,0.91,50.01,0,2026-08-17 10:58:19
7583,21,37.1,278.96,0.92,49.92,0,2026-08-17 11:06:19
7584,13,35.8,269.18,0.91,49.96,0,2026-08-17 11:14:19
7585,30,33.47,251.64,0.94,50.03,0,2026-08-17 11:22:19
7586,25,35.03,263.4,0.93,50.04,0,2026-08-17 11:30:19
7587,12,34.99,263.05,0.94,50.07,0,2026-08-17 11:38:19
7588,13,30.67,230.57,0.95,49.99,0,2026-08-17 11:46:19
7589,12,31.2,234.6,0.92,49.95,0,2026-08-17 11:54:19
7590,25,35.92,270.08,0.92,49.93,0,2026-08-17 12:02:19
7591,14,33.41,251.24,0.91,50.05,0,2026-08-17 12:10:19
7592,22,37.31,280.56,0.93,49.98,0,2026-08-17 12:18:19
7593,22,33.49,251.78,0.94,50.02,0,2026-08-17 12:26:19
7594,10,35.07,263.66,0.92,50.01,0,2026-08-17 12:34:19
7595,9,30.97,232.87,0.91,50.06,0,2026-08-17 12:42:19
7596,14,32.12,241.49,0.93,49.94,0,2026-08-17 12:50:19
7597,17,30.44,228.9,0.94,49.94,0,2026-08-17 12:58:19
7598,10,36.9,277.43,0.93,49.94,0,2026-08-17 13:06:19
7599,22,32.38,243.48,0.93,50.07,0,2026-08-17 13:14:19
7600,3,37.26,280.12,0.94,50.06,0,2026-08-17 13:22:19
7601,20,37.2,279.73,0.94,50.09,0,2026-08-17 13:30:19
7602,7,36.06,271.12,0.91,49.99,0,2026-08-17 13:38:19
7603,3,34.22,257.29,0.94,49.99,0,2026-08-17 13:46:19
7604,2,30.44,228.9,0.92,50.09,0,2026-08-17 13:54:19
7605,20,64.16,482.42,0.9,49.97,1,2026-08-17 14:02:19
7606,9,68.8,517.32,0.9,49.98,1,2026-08-17 14:10:19
7607,21,66.08,496.87,0.9,49.92,1,2026-08-17 14:18:19
7608,30,66.84,502.55,0.87,50.06,1,2026-08-17 14:26:19
7609,29,66.81,502.35,0.9,49.95,1,2026-08-17 14:34:19
7610,4,67.27,505.78,0.91,49.98,1,2026-08-17 14:42:19
7611,14,64.14,482.22,0.9,50.08,1,2026-08-17 14:50:19
7612,19,64.54,485.3,0.91,50.05,1,2026-08-17 14:58:19
7613,1,66.45,499.62,0.89,50.08,1,2026-08-17 15:06:19
7614,3,71.09,534.53,0.87,50.0,1,2026-08-17 15:14:19
7615,5,67.76,509.5,0.9,49.98,1,2026-08-17 15:22:19
7616,15,65.95,495.89,0.89,49.99,1,2026-08-17 15:30:19
7617,5,68.07,511.8,0.89,50.01,1,2026-08-17 15:38:19
7618,5,64.66,486.19,0.88,49.96,1,2026-08-17 15:46:19
7619,25,68.06,511.71,0.9,49.92,1,2026-08-17 15:54:19
7620,13,72.07,541.91,0.88,49.95,1,2026-08-17 16:02:19
7621,8,71.09,534.54,0.89,50.05,1,2026-08-17 16:10:19
7622,30,64.91,488.01,0.9,50.0,1,2026-08-17 16:18:19
7623,20,69.79,524.7,0.91,50.09,1,2026-08-17 16:26:19
7624,5,69.33,521.29,0.9,50.07,1,2026-08-17 16:34:19
7625,28,65.43,491.93,0.91,50.06,1,2026-08-17 16:42:19
7626,9,66.73,501.75,0.88,50.0,1,2026-08-17 16:50:19
7627,14,70.61,530.87,0.9,49.99,1,2026-08-17 16:58:19
7628,24,68.74,516.86,0.87,49.96,1,2026-08-17 17:06:19
7629,26,65.48,492.31,0.91,49.93,1,2026-08-17 17:14:19
7630,7,66.23,497.98,0.91,49.99,1,2026-08-17 17:22:19
7631,2,66.18,497.58,0.88,50.06,1,2026-08-17 17:30:19
7632,26,64.25,483.1,0.88,50.03,1,2026-08-17 17:38:19
7633,11,66.6,500.73,0.91,49.95,1,2026-08-17 17:46:19
7634,10,71.66,538.79,0.89,50.07,1,2026-08-17 17:54:19
7635,15,64.89,487.93,0.88,49.95,1,2026-08-17 18:02:19
7636,11,66.51,500.04,0.9,50.06,1,2026-08-17 18:10:19
7637,28,71.07,534.35,0.87,49.91,1,2026-08-17 18:18:19
7638,14,68.94,518.38,0.87,50.01,1,2026-08-17 18:26:19
7639,15,66.73,501.76,0.89,50.07,1,2026-08-17 18:34:19
7640,8,70.51,530.18,0.89,49.9,1,2026-08-17 18:42:19
7641,9,71.36,536.51,0.89,50.09,1,2026-08-17 18:50:19
7642,28,64.18,482.54,0.9,50.07,1,2026-08-17 18:58:19
7643,13,68.07,511.82,0.87,50.06,1,2026-08-17 19:06:19
7644,8,70.44,529.62,0.88,50.07,1,2026-08-17 19:14:19
7645,28,69.13,519.8,0.88,49.98,1,2026-08-17 19:22:19
7646,29,69.21,520.35,0.91,50.01,1,2026-08-17 19:30:19
7647,10,66.18,497.62,0.9,50.04,1,2026-08-17 19:38:19
7648,10,69.73,524.29,0.9,49.95,1,2026-08-17 19:46:19
7649,22,66.71,501.61,0.89,49.97,1,2026-08-17 19:54:19
7650,23,65.59,493.19,0.89,50.09,1,2026-08-17 20:02:19
7651,21,69.49,522.5,0.88,50.08,1,2026-08-17 20:10:19
7652,9,71.53,537.8,0.87,49.92,1,2026-08-17 20:18:19
7653,9,71.97,541.16,0.88,50.09,1,2026-08-17 20:26:19
7654,23,70.44,529.6,0.87,50.0,1,2026-08-17 20:34:19
7655,8,64.51,485.07,0.89,50.04,1,2026-08-17 20:42:19
7656,25,68.52,515.22,0.9,49.97,1,2026-08-17 20:50:19
7657,29,70.6,530.84,0.89,49.91,1,2026-08-17 20:58:19
7658,7,71.17,535.08,0.87,50.07,1,2026-08-17 21:06:19
7659,26,65.11,489.53,0.9,50.02,1,2026-08-17 21:14:19
7660,12,71.16,535.02,0.88,50.08,1,2026-08-17 21:22:19
7661,18,65.63,493.46,0.9,50.1,1,2026-08-17 21:30:19
7662,7,64.46,484.65,0.91,49.91,1,2026-08-17 21:38:19
7663,24,66.51,500.11,0.91,49.92,1,2026-08-17 21:46:19
7664,2,64.77,486.96,0.89,50.01,1,2026-08-17 21:54:19
7665,23,35.28,265.24,0.93,49.97,0,2026-08-17 22:02:19
7666,18,36.93,277.66,0.93,49.96,0,2026-08-17 22:10:19
7667,24,35.74,268.71,0.91,49.97,0,2026-08-17 22:18:19
7668,8,32.02,240.75,0.93,50.08,0,2026-08-17 22:26:19
7669,15,34.22,257.26,0.92,49.92,0,2026-08-17 22:34:19
7670,27,31.87,239.63,0.94,49.99,0,2026-08-17 22:42:19
7671,8,35.33,265.61,0.91,50.02,0,2026-08-17 22:50:19
7672,7,35.5,266.94,0.91,49.93,0,2026-08-17 22:58:19
7673,6,36.01,270.72,0.91,49.92,0,2026-08-17 23:06:19
7674,19,32.01,240.64,0.92,50.02,0,2026-08-17 23:14:19
7675,14,35.63,267.91,0.91,50.0,0,2026-08-17 23:22:19
7676,27,38.02,285.87,0.94,50.1,0,2026-08-17 23:30:19
7677,26,37.3,280.48,0.92,49.95,0,2026-08-17 23:38:19
7678,11,33.42,251.25,0.94,49.92,0,2026-08-17 23:46:19
7679,9,32.72,246.04,0.93,50.08,0,2026-08-17 23:54:19
7680,10,30.84,231.87,0.95,50.05,0,2026-08-18 00:02:19
7681,29,32.84,246.94,0.91,50.05,0,2026-08-18 00:10:19
7682,21,32.92,247.55,0.91,50.09,0,2026-08-18 00:18:19
7683,7,37.93,285.18,0.91,49.93,0,2026-08-18 00:26:19
7684,16,30.35,228.16,0.93,49.95,0,2026-08-18 00:34:19
7685,6,36.6,275.22,0.93,49.94,0,2026-08-18 00:42:19
7686,1,31.64,237.91,0.93,50.08,0,2026-08-18 00:50:19
7687,9,35.82,269.36,0.94,50.01,0,2026-08-18 00:58:19
7688,4,32.19,242.04,0.93,50.08,0,2026-08-18 01:06:19
7689,8,37.66,283.16,0.94,50.04,0,2026-08-18 01:14:19
7690,9,35.69,268.35,0.91,49.92,0,2026-08-18 01:22:19
7691,11,35.65,268.05,0.93,50.08,0,2026-08-18 01:30:19
7692,6,36.19,272.07,0.91,50.03,0,2026-08-18 01:38:19
7693,5,33.2,249.65,0.92,49.97,0,2026-08-18 01:46:19
7694,27,36.85,277.08,0.94,49.9,0,2026-08-18 01:54:19
7695,24,36.22,272.33,0.91,50.09,0,2026-08-18 02:02:19
7696,16,31.54,237.15,0.92,50.07,0,2026-08-18 02:10:19
7697,17,37.89,284.86,0.92,49.95,0,2026-08-18 02:18:19
7698,7,36.64,275.5,0.93,49.95,0,2026-08-18 02:26:19
7699,10,36.51,274.52,0.91,49.98,0,2026-08-18 02:34:19
7700,2,35.53,267.11,0.91,49.99,0,2026-08-18 02:42:19
7701,13,37.05,278.6,0.93,49.97,0,2026-08-18 02:50:19
7702,11,36.73,276.17,0.94,49.99,0,2026-08-18 02:58:19
7703,24,38.04,285.98,0.94,49.95,0,2026-08-18 03:06:19
7704,14,37.87,284.71,0.93,50.03,0,2026-08-18 03:14:19
7705,18,35.2,264.69,0.92,49.95,0,2026-08-18 03:22:19
7706,16,31.0,233.11,0.94,50.09,0,2026-08-18 03:30:19
7707,19,30.53,229.55,0.95,49.92,0,2026-08-18 03:38:19
7708,11,37.38,281.08,0.93,49.99,0,2026-08-18 03:46:19
7709,21,33.84,254.46,0.93,49.98,0,2026-08-18 03:54:19
7710,10,33.8,254.15,0.94,49.95,0,2026-08-18 04:02:19
7711,9,35.2,264.64,0.93,50.04,0,2026-08-18 04:10:19
7712,14,34.56,259.82,0.94,50.04,0,2026-08-18 04:18:19
7713,26,33.35,250.77,0.95,49.93,0,2026-08-18 04:26:19
7714,3,37.51,282.05,0.9,50.08,0,2026-08-18 04:34:19
7715,25,32.58,244.98,0.91,50.05,0,2026-08-18 04:42:19
7716,20,36.86,277.11,0.92,50.09,0,2026-08-18 04:50:19
7717,16,36.21,272.27,0.91,49.97,0,2026-08-18 04:58:19
7718,22,35.32,265.59,0.93,50.03,0,2026-08-18 05:06:19
7719,26,35.53,267.14,0.91,49.97,0,2026-08-18 05:14:19
7720,25,34.1,256.38,0.94,49.91,0,2026-08-18 05:22:19
7721,23,36.05,271.03,0.92,49.95,0,2026-08-18 05:30:19
7722,22,37.68,283.31,0.94,49.97,0,2026-08-18 05:38:19
7723,16,32.28,242.68,0.92,49.93,0,2026-08-18 05:46:19
7724,1,36.71,276.05,0.91,50.01,0,2026-08-18 05:54:19
7725,7,36.78,276.56,0.92,49.93,0,2026-08-18 06:02:19
7726,10,37.45,281.61,0.91,50.08,0,2026-08-18 06:10:19
7727,7,34.67,260.67,0.92,50.02,0,2026-08-18 06:18:19
7728,27,36.66,275.66,0.92,49.98,0,2026-08-18 06:26:19
7729,24,36.81,276.74,0.93,50.08,0,2026-08-18 06:34:19
7730,30,37.26,280.13,0.91,49.95,0,2026-08-18 06:42:19
7731,11,33.76,253.82,0.93,50.08,0,2026-08-18 06:50:19
7732,11,36.09,271.32,0.91,50.0,0,2026-08-18 06:58:19
7733,10,31.55,237.21,0.91,49.92,0,2026-08-18 07:06:19
7734,22,36.21,272.22,0.91,50.04,0,2026-08-18 07:14:19
7735,29,33.07,248.66,0.93,49.93,0,2026-08-18 07:22:19
7736,1,30.9,232.35,0.93,49.91,0,2026-08-18 07:30:19
7737,29,37.67,283.21,0.92,50.02,0,2026-08-18 07:38:19
7738,30,34.59,260.05,0.91,50.03,0,2026-08-18 07:46:19
7739,23,37.94,285.28,0.91,49.9,0,2026-08-18 07:54:19
7740,15,30.59,230.0,0.93,50.08,0,2026-08-18 08:02:19
7741,27,33.57,252.4,0.93,49.94,0,2026-08-18 08:10:19
7742,14,35.84,269.51,0.91,50.05,0,2026-08-18 08:18:19
7743,8,37.29,280.36,0.91,49.92,0,2026-08-18 08:26:19
7744,19,37.54,282.23,0.91,50.09,0,2026-08-18 08:34:19
7745,17,37.84,284.54,0.91,49.91,0,2026-08-18 08:42:19
7746,28,34.58,260.01,0.94,49.96,0,2026-08-18 08:50:19
7747,19,34.95,262.75,0.93,49.92,0,2026-08-18 08:58:19
7748,17,30.2,227.05,0.95,50.07,0,2026-08-18 09:06:19
7749,23,34.49,259.3,0.94,49.95,0,2026-08-18 09:14:19
7750,13,35.48,266.74,0.93,49.92,0,2026-08-18 09:22:19
7751,3,31.75,238.7,0.91,50.08,0,2026-08-18 09:30:19
7752,8,37.33,280.67,0.91,50.03,0,2026-08-18 09:38:19
7753,9,37.31,280.52,0.93,50.08,0,2026-08-18 09:46:19
7754,4,37.74,283.76,0.9,49.95,0,2026-08-18 09:54:19
7755,18,34.0,255.62,0.93,49.98,0,2026-08-18 10:02:19
7756,27,31.54,237.13,0.93,49.91,0,2026-08-18 10:10:19
7757,4,36.94,277.77,0.93,50.03,0,2026-08-18 10:18:19
7758,11,35.05,263.5,0.94,50.05,0,2026-08-18 10:26:19
7759,13,30.43,228.83,0.91,49.94,0,2026-08-18 10:34:19
7760,25,30.51,229.41,0.94,50.06,0,2026-08-18 10:42:19
7761,7,35.4,266.15,0.91,49.94,0,2026-08-18 10:50:19
7762,26,37.69,283.42,0.93,50.0,0,2026-08-18 10:58:19
7763,11,34.56,259.85,0.94,50.09,0,2026-08-18 11:06:19
7764,10,34.28,257.73,0.92,50.03,0,2026-08-18 11:14:19
7765,19,35.09,263.81,0.93,50.1,0,2026-08-18 11:22:19
7766,18,30.46,228.99,0.94,50.04,0,2026-08-18 11:30:19
7767,22,30.6,230.11,0.94,49.91,0,2026-08-18 11:38:19
7768,23,34.26,257.6,0.93,49.92,0,2026-08-18 11:46:19
7769,9,32.73,246.1,0.91,50.08,0,2026-08-18 11:54:19
7770,3,35.28,265.3,0.94,50.05,0,2026-08-18 12:02:19
7771,6,34.11,256.45,0.91,49.99,0,2026-08-18 12:10:19
7772,2,34.11,256.46,0.92,49.98,0,2026-08-18 12:18:19
7773,19,37.83,284.46,0.91,50.06,0,2026-08-18 12:26:19
7774,28,36.77,276.48,0.92,50.05,0,2026-08-18 12:34:19
7775,29,35.26,265.11,0.94,50.08,0,2026-08-18 12:42:19
7776,1,32.44,243.9,0.95,49.94,0,2026-08-18 12:50:19
7777,20,33.27,250.13,0.92,49.92,0,2026-08-18 12:58:19
7778,8,31.5,236.83,0.94,50.02,0,2026-08-18 13:06:19
7779,3,36.83,276.91,0.92,49.92,0,2026-08-18 13:14:19
7780,18,34.71,261.0,0.94,49.95,0,2026-08-18 13:22:19
7781,5,33.31,250.42,0.94,50.01,0,2026-08-18 13:30:19
7782,21,31.43,236.34,0.93,50.06,0,2026-08-18 13:38:19
7783,24,32.6,245.09,0.93,49.92,0,2026-08-18 13:46:19
7784,15,32.08,241.23,0.92,50.04,0,2026-08-18 13:54:19
7785,10,68.26,513.27,0.9,50.07,1,2026-08-18 14:02:19
7786,11,71.56,538.02,0.89,50.04,1,2026-08-18 14:10:19
7787,2,71.7,539.12,0.9,49.92,1,2026-08-18 14:18:19
7788,22,67.8,509.74,0.9,50.01,1,2026-08-18 14:26:19
7789,12,64.58,485.55,0.91,50.01,1,2026-08-18 14:34:19
7790,29,69.23,520.5,0.91,50.09,1,2026-08-18 14:42:19
7791,10,66.05,496.62,0.9,50.01,1,2026-08-18 14:50:19
7792,10,65.01,488.79,0.9,50.02,1,2026-08-18 14:58:19
7793,11,67.31,506.09,0.88,49.94,1,2026-08-18 15:06:19
7794,23,69.34,521.34,0.9,49.96,1,2026-08-18 15:14:19
7795,7,65.19,490.13,0.89,50.02,1,2026-08-18 15:22:19
7796,6,69.56,523.0,0.88,49.99,1,2026-08-18 15:30:19
7797,28,70.65,531.21,0.9,50.04,1,2026-08-18 15:38:19
7798,7,70.48,529.95,0.89,49.94,1,2026-08-18 15:46:19
7799,25,65.16,489.93,0.89,49.9,1,2026-08-18 15:54:19
7800,16,67.19,505.17,0.91,50.07,1,2026-08-18 16:02:19
7801,25,68.0,511.3,0.91,50.03,1,2026-08-18 16:10:19
7802,28,66.16,497.44,0.91,49.97,1,2026-08-18 16:18:19
7803,23,68.21,512.87,0.9,50.09,1,2026-08-18 16:26:19
7804,1,64.48,484.8,0.9,50.09,1,2026-08-18 16:34:19
7805,12,65.53,492.73,0.9,50.01,1,2026-08-18 16:42:19
7806,10,65.17,490.02,0.89,49.94,1,2026-08-18 16:50:19
7807,20,65.25,490.58,0.88,50.0,1,2026-08-18 16:58:19
7808,8,70.14,527.36,0.9,50.06,1,2026-08-18 17:06:19
7809,8,64.65,486.12,0.91,49.9,1,2026-08-18 17:14:19
7810,20,67.59,508.22,0.88,49.91,1,2026-08-18 17:22:19
7811,28,71.25,535.72,0.9,49.97,1,2026-08-18 17:30:19
7812,2,65.49,492.37,0.91,50.08,1,2026-08-18 17:38:19
7813,12,64.83,487.43,0.91,49.95,1,2026-08-18 17:46:19
7814,1,69.97,526.06,0.89,50.02,1,2026-08-18 17:54:19
7815,17,71.29,536.0,0.9,50.03,1,2026-08-18 18:02:19
7816,16,67.07,504.27,0.91,50.07,1,2026-08-18 18:10:19
7817,1,69.44,522.12,0.91,49.98,1,2026-08-18 18:18:19
7818,30,66.93,503.22,0.88,49.98,1,2026-08-18 18:26:19
7819,6,65.54,492.81,0.91,50.09,1,2026-08-18 18:34:19
7820,20,68.17,512.54,0.87,50.01,1,2026-08-18 18:42:19
7821,30,70.15,527.42,0.88,49.96,1,2026-08-18 18:50:19
7822,9,67.77,509.54,0.9,49.9,1,2026-08-18 18:58:19
7823,23,70.06,526.8,0.89,49.97,1,2026-08-18 19:06:19
7824,4,70.67,531.32,0.9,49.98,1,2026-08-18 19:14:19
7825,20,65.42,491.88,0.91,50.03,1,2026-08-18 19:22:19
7826,24,70.93,533.33,0.87,49.96,1,2026-08-18 19:30:19
7827,17,65.95,495.87,0.89,50.01,1,2026-08-18 19:38:19
7828,24,66.72,501.67,0.88,49.9,1,2026-08-18 19:46:19
7829,15,71.43,537.04,0.89,50.05,1,2026-08-18 19:54:19
7830,27,67.95,510.88,0.9,50.09,1,2026-08-18 20:02:19
7831,9,69.46,522.29,0.9,50.06,1,2026-08-18 20:10:19
7832,15,71.3,536.11,0.88,50.01,1,2026-08-18 20:18:19
7833,22,65.1,489.49,0.88,50.01,1,2026-08-18 20:26:19
7834,3,65.99,496.19,0.89,50.0,1,2026-08-18 20:34:19
7835,4,66.28,498.38,0.91,49.96,1,2026-08-18 20:42:19
7836,13,71.65,538.74,0.87,49.94,1,2026-08-18 20:50:19
7837,30,68.59,515.72,0.88,50.09,1,2026-08-18 20:58:19
7838,9,69.65,523.72,0.89,50.07,1,2026-08-18 21:06:19
7839,18,64.97,488.53,0.91,50.03,1,2026-08-18 21:14:19
7840,15,70.04,526.62,0.91,49.98,1,2026-08-18 21:22:19
7841,16,66.68,501.37,0.89,50.07,1,2026-08-18 21:30:19
7842,1,65.62,493.4,0.9,49.92,1,2026-08-18 21:38:19
7843,16,69.22,520.44,0.89,49.97,1,2026-08-18 21:46:19
7844,12,64.51,485.03,0.91,49.92,1,2026-08-18 21:54:19
7845,3,33.38,251.0,0.93,50.03,0,2026-08-18 22:02:19
7846,30,35.59,267.63,0.94,50.07,0,2026-08-18 22:10:19
7847,16,34.97,262.92,0.94,49.96,0,2026-08-18 22:18:19
7848,16,31.77,238.86,0.91,50.08,0,2026-08-18 22:26:19
7849,12,32.73,246.09,0.91,49.95,0,2026-08-18 22:34:19
7850,12,35.15,264.3,0.94,50.09,0,2026-08-18 22:42:19
7851,20,34.88,262.22,0.94,50.07,0,2026-08-18 22:50:19
7852,14,33.94,255.2,0.92,50.05,0,2026-08-18 22:58:19
7853,21,38.0,285.75,0.94,50.0,0,2026-08-18 23:06:19
7854,7,34.93,262.63,0.91,49.9,0,2026-08-18 23:14:19
7855,28,31.32,235.47,0.95,50.04,0,2026-08-18 23:22:19
7856,17,34.36,258.31,0.93,49.96,0,2026-08-18 23:30:19
7857,11,36.36,273.42,0.93,49.99,0,2026-08-18 23:38:19
7858,20,34.88,262.27,0.94,50.05,0,2026-08-18 23:46:19
7859,1,33.15,249.24,0.92,49.93,0,2026-08-18 23:54:19
7860,16,34.95,262.78,0.91,50.07,0,2026-08-19 00:02:19
7861,23,35.23,264.9,0.93,50.09,0,2026-08-19 00:10:19
7862,8,33.59,252.59,0.94,49.96,0,2026-08-19 00:18:19
7863,8,31.61,237.7,0.92,50.02,0,2026-08-19 00:26:19
7864,4,30.82,231.75,0.94,49.98,0,2026-08-19 00:34:19
7865,23,37.23,279.92,0.91,50.03,0,2026-08-19 00:42:19
7866,15,36.79,276.58,0.93,50.1,0,2026-08-19 00:50:19
7867,19,31.79,239.05,0.95,49.93,0,2026-08-19 00:58:19
7868,27,30.21,227.14,0.95,49.96,0,2026-08-19 01:06:19
7869,3,30.84,231.86,0.93,50.09,0,2026-08-19 01:14:19
7870,22,35.98,270.49,0.92,50.0,0,2026-08-19 01:22:19
7871,3,35.67,268.23,0.91,50.05,0,2026-08-19 01:30:19
7872,12,33.98,255.52,0.91,50.06,0,2026-08-19 01:38:19
7873,4,33.07,248.61,0.93,49.9,0,2026-08-19 01:46:19
7874,28,30.45,228.96,0.92,49.92,0,2026-08-19 01:54:19
7875,8,37.34,280.77,0.94,50.04,0,2026-08-19 02:02:19
7876,25,38.01,285.79,0.94,50.02,0,2026-08-19 02:10:19
7877,20,36.38,273.57,0.92,50.07,0,2026-08-19 02:18:19
7878,27,37.66,283.13,0.9,50.0,0,2026-08-19 02:26:19
7879,28,34.28,257.72,0.92,49.96,0,2026-08-19 02:34:19
7880,10,33.62,252.81,0.93,50.09,0,2026-08-19 02:42:19
7881,4,30.62,230.22,0.95,50.09,0,2026-08-19 02:50:19
7882,24,35.89,269.87,0.91,49.98,0,2026-08-19 02:58:19
7883,18,37.93,285.16,0.92,49.99,0,2026-08-19 03:06:19
7884,10,37.94,285.26,0.94,50.03,0,2026-08-19 03:14:19
7885,27,31.24,234.87,0.91,49.99,0,2026-08-19 03:22:19
7886,15,33.21,249.72,0.93,49.99,0,2026-08-19 03:30:19
7887,17,34.66,260.59,0.92,50.09,0,2026-08-19 03:38:19
7888,26,33.58,252.51,0.93,50.07,0,2026-08-19 03:46:19
7889,18,32.95,247.73,0.92,50.05,0,2026-08-19 03:54:19
7890,15,36.17,271.96,0.92,50.0,0,2026-08-19 04:02:19
7891,18,34.0,255.64,0.93,50.02,0,2026-08-19 04:10:19
7892,17,31.39,236.02,0.94,50.04,0,2026-08-19 04:18:19
7893,3,35.21,264.77,0.92,50.0,0,2026-08-19 04:26:19
7894,13,37.05,278.55,0.91,50.02,0,2026-08-19 04:34:19
7895,21,37.24,279.98,0.92,49.96,0,2026-08-19 04:42:19
7896,6,37.42,281.35,0.93,50.09,0,2026-08-19 04:50:19
7897,16,33.75,253.79,0.94,49.92,0,2026-08-19 04:58:19
7898,7,34.73,261.12,0.94,49.93,0,2026-08-19 05:06:19
7899,27,36.12,271.56,0.94,49.92,0,2026-08-19 05:14:19
7900,22,36.59,275.12,0.92,50.1,0,2026-08-19 05:22:19
7901,27,37.42,281.32,0.92,50.03,0,2026-08-19 05:30:19
7902,24,37.04,278.5,0.94,50.09,0,2026-08-19 05:38:19
7903,17,37.56,282.4,0.92,49.94,0,2026-08-19 05:46:19
7904,4,34.21,257.25,0.91,50.03,0,2026-08-19 05:54:19
7905,15,31.98,240.42,0.92,50.04,0,2026-08-19 06:02:19
7906,2,31.59,237.51,0.95,49.91,0,2026-08-19 06:10:19
7907,12,31.29,235.24,0.92,50.04,0,2026-08-19 06:18:19
7908,5,32.49,244.31,0.95,50.06,0,2026-08-19 06:26:19
7909,22,35.22,264.8,0.93,50.05,0,2026-08-19 06:34:19
7910,17,32.32,243.04,0.94,50.08,0,2026-08-19 06:42:19
7911,12,32.28,242.74,0.95,49.92,0,2026-08-19 06:50:19
7912,20,31.2,234.55,0.93,50.02,0,2026-08-19 06:58:19
7913,8,33.34,250.65,0.94,49.93,0,2026-08-19 07:06:19
7914,3,31.07,233.59,0.92,49.95,0,2026-08-19 07:14:19
7915,13,35.61,267.74,0.91,50.0,0,2026-08-19 07:22:19
7916,1,37.06,278.67,0.94,49.91,0,2026-08-19 07:30:19
7917,15,31.93,240.09,0.93,49.96,0,2026-08-19 07:38:19
7918,6,37.51,282.0,0.94,49.9,0,2026-08-19 07:46:19
7919,12,32.23,242.33,0.93,49.94,0,2026-08-19 07:54:19
7920,10,36.35,273.31,0.91,49.96,0,2026-08-19 08:02:19
7921,28,31.09,233.79,0.92,50.1,0,2026-08-19 08:10:19
7922,14,36.94,277.78,0.94,50.02,0,2026-08-19 08:18:19
7923,28,35.63,267.9,0.94,49.96,0,2026-08-19 08:26:19
7924,15,36.13,271.62,0.91,49.92,0,2026-08-19 08:34:19
7925,4,30.49,229.27,0.93,50.09,0,2026-08-19 08:42:19
7926,6,34.41,258.7,0.93,50.09,0,2026-08-19 08:50:19
7927,1,35.42,266.31,0.91,50.08,0,2026-08-19 08:58:19
7928,14,31.14,234.1,0.93,49.95,0,2026-08-19 09:06:19
7929,17,32.01,240.65,0.92,49.96,0,2026-08-19 09:14:19
7930,27,34.57,259.95,0.93,50.08,0,2026-08-19 09:22:19
7931,19,31.71,238.39,0.93,49.98,0,2026-08-19 09:30:19
7932,18,35.19,264.56,0.93,49.95,0,2026-08-19 09:38:19
7933,12,31.68,238.18,0.91,49.98,0,2026-08-19 09:46:19
7934,16,35.08,263.78,0.91,49.95,0,2026-08-19 09:54:19
7935,23,30.47,229.12,0.92,49.97,0,2026-08-19 10:02:19
7936,2,36.87,277.23,0.93,49.95,0,2026-08-19 10:10:19
7937,15,34.82,261.84,0.93,49.92,0,2026-08-19 10:18:19
7938,30,31.99,240.52,0.91,50.06,0,2026-08-19 10:26:19
7939,16,33.33,250.59,0.94,50.03,0,2026-08-19 10:34:19
7940,4,32.06,241.07,0.92,50.05,0,2026-08-19 10:42:19
7941,7,36.28,272.75,0.94,50.03,0,2026-08-19 10:50:19
7942,22,37.98,285.59,0.94,49.93,0,2026-08-19 10:58:19
7943,24,34.17,256.91,0.91,50.02,0,2026-08-19 11:06:19
7944,18,36.29,272.82,0.92,50.1,0,2026-08-19 11:14:19
7945,18,31.35,235.73,0.92,50.06,0,2026-08-19 11:22:19
7946,9,35.94,270.21,0.92,50.0,0,2026-08-19 11:30:19
7947,25,36.78,276.52,0.91,50.1,0,2026-08-19 11:38:19
7948,6,36.96,277.92,0.94,49.93,0,2026-08-19 11:46:19
7949,8,35.45,266.52,0.94,50.02,0,2026-08-19 11:54:19
7950,18,30.8,231.6,0.93,49.99,0,2026-08-19 12:02:19
7951,21,37.81,284.26,0.91,50.0,0,2026-08-19 12:10:19
7952,5,30.67,230.63,0.94,49.93,0,2026-08-19 12:18:19
7953,18,37.6,282.71,0.93,50.02,0,2026-08-19 12:26:19
7954,20,34.83,261.86,0.91,50.05,0,2026-08-19 12:34:19
7955,13,32.2,242.11,0.93,50.02,0,2026-08-19 12:42:19
7956,15,31.02,233.2,0.91,49.97,0,2026-08-19 12:50:19
7957,7,31.48,236.71,0.93,50.1,0,2026-08-19 12:58:19
7958,19,37.9,284.94,0.9,50.07,0,2026-08-19 13:06:19
7959,4,35.64,267.99,0.93,49.9,0,2026-08-19 13:14:19
7960,15,34.83,261.86,0.92,49.93,0,2026-08-19 13:22:19
7961,5,34.22,257.33,0.93,50.09,0,2026-08-19 13:30:19
7962,6,36.12,271.6,0.94,49.99,0,2026-08-19 13:38:19
7963,19,34.83,261.87,0.92,50.01,0,2026-08-19 13:46:19
7964,27,33.1,248.86,0.92,50.02,0,2026-08-19 13:54:19
7965,27,66.9,503.04,0.9,50.04,1,2026-08-19 14:02:19
7966,19,70.69,531.51,0.89,50.03,1,2026-08-19 14:10:19
7967,5,67.41,506.87,0.91,49.9,1,2026-08-19 14:18:19
7968,5,67.55,507.87,0.88,50.01,1,2026-08-19 14:26:19
7969,2,71.09,534.52,0.88,49.94,1,2026-08-19 14:34:19
7970,8,67.58,508.09,0.89,50.02,1,2026-08-19 14:42:19
7971,23,67.12,504.65,0.91,50.09,1,2026-08-19 14:50:19
7972,22,72.04,541.69,0.89,50.02,1,2026-08-19 14:58:19
7973,29,68.65,516.16,0.88,50.07,1,2026-08-19 15:06:19
7974,16,64.99,488.61,0.91,50.07,1,2026-08-19 15:14:19
7975,30,68.21,512.86,0.89,50.06,1,2026-08-19 15:22:19
7976,29,70.08,526.91,0.91,50.06,1,2026-08-19 15:30:19
7977,24,64.32,483.58,0.9,50.0,1,2026-08-19 15:38:19
7978,11,71.71,539.16,0.88,50.02,1,2026-08-19 15:46:19
7979,20,71.87,540.4,0.88,50.1,1,2026-08-19 15:54:19
7980,22,72.06,541.77,0.89,49.96,1,2026-08-19 16:02:19
7981,6,70.37,529.09,0.9,49.96,1,2026-08-19 16:10:19
7982,1,70.74,531.91,0.9,50.0,1,2026-08-19 16:18:19
7983,26,66.17,497.54,0.91,50.06,1,2026-08-19 16:26:19
7984,7,67.95,510.89,0.88,49.99,1,2026-08-19 16:34:19
7985,16,70.82,532.47,0.91,50.1,1,2026-08-19 16:42:19
7986,26,69.68,523.92,0.91,50.09,1,2026-08-19 16:50:19
7987,9,64.29,483.42,0.89,49.93,1,2026-08-19 16:58:19
7988,15,70.97,533.62,0.9,50.09,1,2026-08-19 17:06:19
7989,11,66.98,503.6,0.91,49.97,1,2026-08-19 17:14:19
7990,12,66.41,499.29,0.91,50.03,1,2026-08-19 17:22:19
7991,28,66.43,499.48,0.91,49.91,1,2026-08-19 17:30:19
7992,29,66.83,502.48,0.89,50.03,1,2026-08-19 17:38:19
7993,19,69.16,519.99,0.89,50.0,1,2026-08-19 17:46:19
7994,30,64.46,484.63,0.91,49.94,1,2026-08-19 17:54:19
7995,29,71.94,540.87,0.87,49.96,1,2026-08-19 18:02:19
7996,23,66.82,502.4,0.9,50.02,1,2026-08-19 18:10:19
7997,29,67.04,504.08,0.88,49.99,1,2026-08-19 18:18:19
7998,4,64.69,486.36,0.89,50.07,1,2026-08-19 18:26:19
7999,12,66.32,498.62,0.89,49.94,1,2026-08-19 18:34:19
8000,18,65.41,491.81,0.9,50.01,1,2026-08-19 18:42:19
8001,16,70.11,527.18,0.9,50.02,1,2026-08-19 18:50:19
8002,15,66.19,497.64,0.89,50.08,1,2026-08-19 18:58:19
8003,8,70.33,528.8,0.9,50.05,1,2026-08-19 19:06:19
8004,10,66.83,502.51,0.91,49.94,1,2026-08-19 19:14:19
8005,14,66.93,503.25,0.91,50.04,1,2026-08-19 19:22:19
8006,9,66.44,499.54,0.88,50.04,1,2026-08-19 19:30:19
8007,19,65.18,490.1,0.88,50.05,1,2026-08-19 19:38:19
8008,7,68.55,515.42,0.9,50.09,1,2026-08-19 19:46:19
8009,6,65.77,494.48,0.88,49.96,1,2026-08-19 19:54:19
8010,1,65.95,495.86,0.91,49.98,1,2026-08-19 20:02:19
8011,29,71.53,537.83,0.89,49.95,1,2026-08-19 20:10:19
8012,2,65.05,489.1,0.89,50.06,1,2026-08-19 20:18:19
8013,20,66.09,496.9,0.91,49.95,1,2026-08-19 20:26:19
8014,28,66.11,497.05,0.88,49.95,1,2026-08-19 20:34:19
8015,13,68.12,512.17,0.9,50.03,1,2026-08-19 20:42:19
8016,24,67.85,510.18,0.88,49.96,1,2026-08-19 20:50:19
8017,5,71.44,537.18,0.9,49.92,1,2026-08-19 20:58:19
8018,18,66.4,499.26,0.88,50.0,1,2026-08-19 21:06:19
8019,11,66.68,501.38,0.89,50.1,1,2026-08-19 21:14:19
8020,7,67.43,507.02,0.87,50.08,1,2026-08-19 21:22:19
8021,18,69.2,520.3,0.9,50.01,1,2026-08-19 21:30:19
8022,4,68.55,515.4,0.91,50.07,1,2026-08-19 21:38:19
8023,26,68.62,515.96,0.87,49.98,1,2026-08-19 21:46:19
8024,5,71.96,541.02,0.87,50.06,1,2026-08-19 21:54:19
8025,15,36.5,274.4,0.92,50.01,0,2026-08-19 22:02:19
8026,30,32.21,242.21,0.91,50.04,0,2026-08-19 22:10:19
8027,14,37.76,283.91,0.92,50.06,0,2026-08-19 22:18:19
8028,19,37.41,281.29,0.94,49.95,0,2026-08-19 22:26:19
8029,15,31.53,237.06,0.93,49.92,0,2026-08-19 22:34:19
8030,2,35.75,268.78,0.94,50.01,0,2026-08-19 22:42:19
8031,9,35.4,266.15,0.92,50.05,0,2026-08-19 22:50:19
8032,12,35.73,268.66,0.92,49.97,0,2026-08-19 22:58:19
8033,11,32.72,245.99,0.93,50.1,0,2026-08-19 23:06:19
8034,17,34.65,260.55,0.94,50.06,0,2026-08-19 23:14:19
8035,16,31.74,238.65,0.94,50.09,0,2026-08-19 23:22:19
8036,2,33.99,255.54,0.93,50.04,0,2026-08-19 23:30:19
8037,12,37.36,280.87,0.91,50.05,0,2026-08-19 23:38:19
8038,27,34.78,261.52,0.94,49.97,0,2026-08-19 23:46:19
8039,2,33.6,252.63,0.95,50.1,0,2026-08-19 23:54:19
8040,11,37.4,281.18,0.92,49.91,0,2026-08-20 00:02:19
8041,2,36.65,275.6,0.92,50.07,0,2026-08-20 00:10:19
8042,13,33.69,253.34,0.92,49.92,0,2026-08-20 00:18:19
8043,21,37.25,280.08,0.92,49.93,0,2026-08-20 00:26:19
8044,5,32.37,243.35,0.94,49.98,0,2026-08-20 00:34:19
8045,5,32.92,247.53,0.94,50.1,0,2026-08-20 00:42:19
8046,14,35.63,267.93,0.94,50.07,0,2026-08-20 00:50:19
8047,11,30.91,232.42,0.94,49.92,0,2026-08-20 00:58:19
8048,17,30.72,230.95,0.93,50.01,0,2026-08-20 01:06:19
8049,29,37.47,281.74,0.91,50.1,0,2026-08-20 01:14:19
8050,10,32.5,244.34,0.93,50.06,0,2026-08-20 01:22:19
8051,23,37.12,279.12,0.92,50.0,0,2026-08-20 01:30:19
8052,18,35.38,265.98,0.92,50.01,0,2026-08-20 01:38:19
8053,5,36.44,274.0,0.92,50.07,0,2026-08-20 01:46:19
8054,19,32.64,245.45,0.92,49.93,0,2026-08-20 01:54:19
8055,30,32.13,241.57,0.93,50.03,0,2026-08-20 02:02:19
8056,3,35.39,266.12,0.94,49.96,0,2026-08-20 02:10:19
8057,13,36.19,272.1,0.92,49.95,0,2026-08-20 02:18:19
8058,29,31.4,236.12,0.94,50.0,0,2026-08-20 02:26:19
8059,28,35.59,267.63,0.91,49.99,0,2026-08-20 02:34:19
8060,1,31.28,235.18,0.94,49.93,0,2026-08-20 02:42:19
8061,27,34.37,258.39,0.92,49.9,0,2026-08-20 02:50:19
8062,26,32.38,243.43,0.93,49.94,0,2026-08-20 02:58:19
8063,14,35.98,270.56,0.91,50.04,0,2026-08-20 03:06:19
8064,16,32.35,243.26,0.93,50.03,0,2026-08-20 03:14:19
8065,15,37.23,279.92,0.93,50.08,0,2026-08-20 03:22:19
8066,1,30.83,231.78,0.94,50.09,0,2026-08-20 03:30:19
8067,25,33.65,253.04,0.94,50.03,0,2026-08-20 03:38:19
8068,24,37.42,281.38,0.92,50.0,0,2026-08-20 03:46:19
8069,25,32.66,245.54,0.92,50.09,0,2026-08-20 03:54:19
8070,22,33.65,253.01,0.91,49.98,0,2026-08-20 04:02:19
8071,20,32.85,247.0,0.93,49.99,0,2026-08-20 04:10:19
8072,3,37.89,284.85,0.9,49.94,0,2026-08-20 04:18:19
8073,21,32.31,242.91,0.95,50.01,0,2026-08-20 04:26:19
8074,6,34.02,255.8,0.94,49.93,0,2026-08-20 04:34:19
8075,5,30.35,228.17,0.95,49.98,0,2026-08-20 04:42:19
8076,23,36.6,275.21,0.94,49.94,0,2026-08-20 04:50:19
8077,29,32.85,247.0,0.91,49.95,0,2026-08-20 04:58:19
8078,1,37.57,282.45,0.94,49.91,0,2026-08-20 05:06:19
8079,14,34.47,259.15,0.93,50.0,0,2026-08-20 05:14:19
8080,26,33.78,254.0,0.93,49.99,0,2026-08-20 05:22:19
8081,13,31.67,238.11,0.93,49.93,0,2026-08-20 05:30:19
8082,18,37.86,284.68,0.94,49.98,0,2026-08-20 05:38:19
8083,12,36.1,271.46,0.91,50.1,0,2026-08-20 05:46:19
8084,10,35.62,267.81,0.93,50.09,0,2026-08-20 05:54:19
8085,14,37.79,284.14,0.92,50.08,0,2026-08-20 06:02:19
8086,15,35.99,270.63,0.94,49.96,0,2026-08-20 06:10:19
8087,6,34.06,256.11,0.93,49.95,0,2026-08-20 06:18:19
8088,5,36.32,273.09,0.92,49.93,0,2026-08-20 06:26:19
8089,25,32.13,241.56,0.95,50.01,0,2026-08-20 06:34:19
8090,4,37.88,284.78,0.91,49.94,0,2026-08-20 06:42:19
8091,15,37.99,285.66,0.93,50.08,0,2026-08-20 06:50:19
8092,7,33.83,254.36,0.92,50.02,0,2026-08-20 06:58:19
8093,23,32.04,240.91,0.92,50.03,0,2026-08-20 07:06:19
8094,2,32.21,242.17,0.92,50.01,0,2026-08-20 07:14:19
8095,9,33.15,249.22,0.93,50.03,0,2026-08-20 07:22:19
8096,7,35.79,269.09,0.94,49.97,0,2026-08-20 07:30:19
8097,26,36.67,275.69,0.92,49.92,0,2026-08-20 07:38:19
8098,13,37.09,278.86,0.93,50.04,0,2026-08-20 07:46:19
8099,6,30.46,228.99,0.95,49.99,0,2026-08-20 07:54:19
8100,12,30.36,228.26,0.93,49.93,0,2026-08-20 08:02:19
8101,21,31.41,236.17,0.94,49.93,0,2026-08-20 08:10:19
8102,26,34.27,257.68,0.94,50.08,0,2026-08-20 08:18:19
8103,9,33.44,251.4,0.92,49.94,0,2026-08-20 08:26:19
8104,30,37.1,278.96,0.91,50.08,0,2026-08-20 08:34:19
8105,30,34.33,258.12,0.94,49.92,0,2026-08-20 08:42:19
8106,5,35.16,264.36,0.91,49.98,0,2026-08-20 08:50:19
8107,26,33.04,248.45,0.95,50.01,0,2026-08-20 08:58:19
8108,30,31.14,234.13,0.92,49.96,0,2026-08-20 09:06:19
8109,8,34.69,260.8,0.93,50.0,0,2026-08-20 09:14:19
8110,21,36.41,273.75,0.91,50.04,0,2026-08-20 09:22:19
8111,2,36.42,273.87,0.91,49.93,0,2026-08-20 09:30:19
8112,6,33.08,248.69,0.92,49.95,0,2026-08-20 09:38:19
8113,10,32.58,244.95,0.93,49.9,0,2026-08-20 09:46:19
8114,26,37.9,284.95,0.92,50.02,0,2026-08-20 09:54:19
8115,15,30.78,231.46,0.92,50.03,0,2026-08-20 10:02:19
8116,1,34.22,257.27,0.94,49.98,0,2026-08-20 10:10:19
8117,20,30.54,229.59,0.92,50.02,0,2026-08-20 10:18:19
8118,19,37.02,278.35,0.91,50.0,0,2026-08-20 10:26:19
8119,30,30.62,230.25,0.93,50.06,0,2026-08-20 10:34:19
8120,3,33.09,248.8,0.92,49.94,0,2026-08-20 10:42:19
8121,23,36.73,276.19,0.94,49.98,0,2026-08-20 10:50:19
8122,23,35.66,268.11,0.93,50.02,0,2026-08-20 10:58:19
8123,28,33.21,249.71,0.94,50.05,0,2026-08-20 11:06:19
8124,29,30.84,231.86,0.92,49.99,0,2026-08-20 11:14:19
8125,21,37.34,280.75,0.94,50.08,0,2026-08-20 11:22:19
8126,6,34.25,257.54,0.93,50.02,0,2026-08-20 11:30:19
8127,7,33.89,254.84,0.94,49.91,0,2026-08-20 11:38:19
8128,8,34.84,261.96,0.92,49.93,0,2026-08-20 11:46:19
8129,2,32.6,245.15,0.93,50.05,0,2026-08-20 11:54:19
8130,6,32.11,241.44,0.91,50.05,0,2026-08-20 12:02:19
8131,10,33.24,249.9,0.94,50.06,0,2026-08-20 12:10:19
8132,13,35.18,264.51,0.94,49.95,0,2026-08-20 12:18:19
8133,10,34.71,260.95,0.91,50.09,0,2026-08-20 12:26:19
8134,3,32.99,248.05,0.92,49.95,0,2026-08-20 12:34:19
8135,23,34.92,262.53,0.93,50.06,0,2026-08-20 12:42:19
8136,29,36.01,270.76,0.94,50.03,0,2026-08-20 12:50:19
8137,30,35.39,266.12,0.93,50.04,0,2026-08-20 12:58:19
8138,8,37.28,280.27,0.92,50.06,0,2026-08-20 13:06:19
8139,12,32.74,246.16,0.92,50.03,0,2026-08-20 13:14:19
8140,13,30.85,231.97,0.91,49.93,0,2026-08-20 13:22:19
8141,11,32.45,243.98,0.92,49.93,0,2026-08-20 13:30:19
8142,10,37.44,281.54,0.9,50.06,0,2026-08-20 13:38:19
8143,27,33.74,253.66,0.93,49.99,0,2026-08-20 13:46:19
8144,11,31.68,238.21,0.94,50.07,0,2026-08-20 13:54:19
8145,23,70.75,531.95,0.9,49.93,1,2026-08-20 14:02:19
8146,12,70.22,528.0,0.88,49.98,1,2026-08-20 14:10:19
8147,22,70.83,532.53,0.88,49.94,1,2026-08-20 14:18:19
8148,9,66.17,497.55,0.88,50.07,1,2026-08-20 14:26:19
8149,4,67.85,510.16,0.88,50.05,1,2026-08-20 14:34:19
8150,21,69.13,519.76,0.89,49.9,1,2026-08-20 14:42:19
8151,20,71.23,535.58,0.87,49.94,1,2026-08-20 14:50:19
8152,14,67.97,511.06,0.91,49.91,1,2026-08-20 14:58:19
8153,20,70.72,531.75,0.89,49.95,1,2026-08-20 15:06:19
8154,3,71.58,538.23,0.89,50.08,1,2026-08-20 15:14:19
8155,14,69.17,520.08,0.89,49.97,1,2026-08-20 15:22:19
8156,13,67.32,506.16,0.89,49.96,1,2026-08-20 15:30:19
8157,9,67.84,510.09,0.9,49.92,1,2026-08-20 15:38:19
8158,9,69.9,525.55,0.9,50.01,1,2026-08-20 15:46:19
8159,5,71.86,540.3,0.91,50.06,1,2026-08-20 15:54:19
8160,29,64.71,486.57,0.9,50.08,1,2026-08-20 16:02:19
8161,5,66.78,502.1,0.89,50.06,1,2026-08-20 16:10:19
8162,9,67.07,504.26,0.88,49.98,1,2026-08-20 16:18:19
8163,17,69.14,519.88,0.91,49.92,1,2026-08-20 16:26:19
8164,26,71.33,536.32,0.88,50.06,1,2026-08-20 16:34:19
8165,14,67.96,510.99,0.88,50.01,1,2026-08-20 16:42:19
8166,1,65.71,494.06,0.88,50.07,1,2026-08-20 16:50:19
8167,23,65.48,492.32,0.89,49.92,1,2026-08-20 16:58:19
8168,22,67.91,510.62,0.91,50.03,1,2026-08-20 17:06:19
8169,11,66.68,501.37,0.9,49.91,1,2026-08-20 17:14:19
8170,10,71.17,535.11,0.88,50.08,1,2026-08-20 17:22:19
8171,6,67.99,511.17,0.88,50.05,1,2026-08-20 17:30:19
8172,20,68.5,515.05,0.88,49.98,1,2026-08-20 17:38:19
8173,28,68.53,515.29,0.88,50.05,1,2026-08-20 17:46:19
8174,25,68.68,516.37,0.88,50.05,1,2026-08-20 17:54:19
8175,4,70.49,530.03,0.88,50.05,1,2026-08-20 18:02:19
8176,4,71.14,534.88,0.89,49.97,1,2026-08-20 18:10:19
8177,8,71.7,539.09,0.89,50.06,1,2026-08-20 18:18:19
8178,1,64.6,485.71,0.9,49.97,1,2026-08-20 18:26:19
8179,12,64.23,482.91,0.89,49.96,1,2026-08-20 18:34:19
8180,26,67.14,504.81,0.9,50.08,1,2026-08-20 18:42:19
8181,22,67.82,509.93,0.88,50.02,1,2026-08-20 18:50:19
8182,16,65.65,493.58,0.9,50.02,1,2026-08-20 18:58:19
8183,14,69.12,519.69,0.89,50.0,1,2026-08-20 19:06:19
8184,29,70.74,531.85,0.91,50.04,1,2026-08-20 19:14:19
8185,27,66.76,501.92,0.91,50.09,1,2026-08-20 19:22:19
8186,12,68.63,516.0,0.91,49.95,1,2026-08-20 19:30:19
8187,1,66.75,501.88,0.88,50.1,1,2026-08-20 19:38:19
8188,15,70.57,530.58,0.88,50.08,1,2026-08-20 19:46:19
8189,9,66.22,497.92,0.9,50.0,1,2026-08-20 19:54:19
8190,28,64.21,482.76,0.91,50.08,1,2026-08-20 20:02:19
8191,25,72.0,541.37,0.9,50.01,1,2026-08-20 20:10:19
8192,11,68.34,513.86,0.87,49.99,1,2026-08-20 20:18:19
8193,25,66.92,503.19,0.89,50.06,1,2026-08-20 20:26:19
8194,14,68.76,517.0,0.88,50.03,1,2026-08-20 20:34:19
8195,14,68.17,512.55,0.89,50.09,1,2026-08-20 20:42:19
8196,3,65.52,492.64,0.88,49.92,1,2026-08-20 20:50:19
8197,15,70.14,527.4,0.9,49.92,1,2026-08-20 20:58:19
8198,23,68.37,514.05,0.89,49.92,1,2026-08-20 21:06:19
8199,2,68.52,515.16,0.9,49.99,1,2026-08-20 21:14:19
8200,15,69.31,521.1,0.91,49.96,1,2026-08-20 21:22:19
8201,12,68.53,515.23,0.9,50.03,1,2026-08-20 21:30:19
8202,19,71.86,540.3,0.88,50.08,1,2026-08-20 21:38:19
8203,22,67.75,509.39,0.88,49.95,1,2026-08-20 21:46:19
8204,19,65.34,491.3,0.91,50.04,1,2026-08-20 21:54:19
8205,7,34.84,261.95,0.91,50.0,0,2026-08-20 22:02:19
8206,13,33.9,254.86,0.94,50.05,0,2026-08-20 22:10:19
8207,18,32.18,241.98,0.93,49.96,0,2026-08-20 22:18:19
8208,19,36.37,273.47,0.91,50.03,0,2026-08-20 22:26:19
8209,7,31.9,239.86,0.94,50.06,0,2026-08-20 22:34:19
8210,30,35.62,267.79,0.92,50.07,0,2026-08-20 22:42:19
8211,11,34.71,260.97,0.91,50.04,0,2026-08-20 22:50:19
8212,30,31.82,239.22,0.94,50.0,0,2026-08-20 22:58:19
8213,2,34.33,258.11,0.91,49.93,0,2026-08-20 23:06:19
8214,30,36.12,271.6,0.92,49.91,0,2026-08-20 23:14:19
8215,5,31.5,236.82,0.93,49.92,0,2026-08-20 23:22:19
8216,7,30.99,233.0,0.94,50.05,0,2026-08-20 23:30:19
8217,13,32.56,244.8,0.94,49.94,0,2026-08-20 23:38:19
8218,16,30.83,231.78,0.92,49.94,0,2026-08-20 23:46:19
8219,10,37.98,285.55,0.93,50.07,0,2026-08-20 23:54:19
8220,30,32.59,245.06,0.94,50.08,0,2026-08-21 00:02:19
8221,14,33.17,249.38,0.95,49.94,0,2026-08-21 00:10:19
8222,22,32.9,247.4,0.91,50.07,0,2026-08-21 00:18:19
8223,8,31.92,239.97,0.94,50.08,0,2026-08-21 00:26:19
8224,9,33.57,252.4,0.92,49.9,0,2026-08-21 00:34:19
8225,12,32.75,246.26,0.93,50.08,0,2026-08-21 00:42:19
8226,2,31.23,234.83,0.94,50.03,0,2026-08-21 00:50:19
8227,1,37.84,284.5,0.92,50.04,0,2026-08-21 00:58:19
8228,7,30.48,229.14,0.93,50.05,0,2026-08-21 01:06:19
8229,22,34.92,262.56,0.94,49.96,0,2026-08-21 01:14:19
8230,16,36.46,274.15,0.93,49.97,0,2026-08-21 01:22:19
8231,7,37.25,280.09,0.93,49.91,0,2026-08-21 01:30:19
8232,17,30.1,226.35,0.91,50.01,0,2026-08-21 01:38:19
8233,30,31.01,233.17,0.94,50.01,0,2026-08-21 01:46:19
8234,5,35.34,265.7,0.94,50.04,0,2026-08-21 01:54:19
8235,5,37.05,278.55,0.91,50.09,0,2026-08-21 02:02:19
8236,23,36.81,276.77,0.92,49.97,0,2026-08-21 02:10:19
8237,9,35.25,265.0,0.91,49.95,0,2026-08-21 02:18:19
8238,13,37.75,283.87,0.92,49.95,0,2026-08-21 02:26:19
8239,13,31.4,236.11,0.93,50.03,0,2026-08-21 02:34:19
8240,8,37.31,280.49,0.91,50.05,0,2026-08-21 02:42:19
8241,22,35.14,264.24,0.94,50.06,0,2026-08-21 02:50:19
8242,20,30.07,226.11,0.94,50.09,0,2026-08-21 02:58:19
8243,11,31.78,238.91,0.92,49.98,0,2026-08-21 03:06:19
8244,28,37.87,284.73,0.9,50.02,0,2026-08-21 03:14:19
8245,18,33.76,253.83,0.94,49.97,0,2026-08-21 03:22:19
8246,22,34.12,256.55,0.93,50.08,0,2026-08-21 03:30:19
8247,12,35.95,270.27,0.94,50.0,0,2026-08-21 03:38:19
8248,10,36.15,271.79,0.9,50.01,0,2026-08-21 03:46:19
8249,14,32.74,246.2,0.91,49.95,0,2026-08-21 03:54:19
8250,21,33.23,249.84,0.93,50.04,0,2026-08-21 04:02:19
8251,30,30.97,232.88,0.95,49.99,0,2026-08-21 04:10:19
8252,1,33.51,251.96,0.91,50.01,0,2026-08-21 04:18:19
8253,25,32.74,246.13,0.94,49.98,0,2026-08-21 04:26:19
8254,22,35.8,269.17,0.94,49.96,0,2026-08-21 04:34:19
8255,20,36.27,272.68,0.91,50.01,0,2026-08-21 04:42:19
8256,23,31.21,234.67,0.95,49.91,0,2026-08-21 04:50:19
8257,16,33.34,250.64,0.91,50.07,0,2026-08-21 04:58:19
8258,21,35.22,264.8,0.93,50.1,0,2026-08-21 05:06:19
8259,14,36.41,273.77,0.92,49.95,0,2026-08-21 05:14:19
8260,27,35.53,267.17,0.91,50.03,0,2026-08-21 05:22:19
8261,2,34.17,256.91,0.94,50.05,0,2026-08-21 05:30:19
8262,30,30.26,227.54,0.93,50.02,0,2026-08-21 05:38:19
8263,2,31.24,234.88,0.91,49.92,0,2026-08-21 05:46:19
8264,10,37.85,284.58,0.91,49.93,0,2026-08-21 05:54:19
8265,22,35.43,266.37,0.92,50.03,0,2026-08-21 06:02:19
8266,14,31.41,236.2,0.95,49.99,0,2026-08-21 06:10:19
8267,23,37.46,281.67,0.93,49.99,0,2026-08-21 06:18:19
8268,13,32.66,245.53,0.92,50.01,0,2026-08-21 06:26:19
8269,21,30.71,230.91,0.92,50.04,0,2026-08-21 06:34:19
8270,29,30.06,226.04,0.94,50.02,0,2026-08-21 06:42:19
8271,6,31.99,240.54,0.91,50.09,0,2026-08-21 06:50:19
8272,9,31.08,233.69,0.93,50.03,0,2026-08-21 06:58:19
8273,14,32.58,244.94,0.92,50.03,0,2026-08-21 07:06:19
8274,25,32.48,244.23,0.93,50.05,0,2026-08-21 07:14:19
8275,28,35.49,266.84,0.93,50.09,0,2026-08-21 07:22:19
8276,6,32.53,244.55,0.93,49.96,0,2026-08-21 07:30:19
8277,26,30.53,229.55,0.92,49.93,0,2026-08-21 07:38:19
8278,25,34.26,257.57,0.92,50.03,0,2026-08-21 07:46:19
8279,17,32.55,244.71,0.93,49.99,0,2026-08-21 07:54:19
8280,20,36.78,276.55,0.92,50.07,0,2026-08-21 08:02:19
8281,6,34.62,260.33,0.94,49.93,0,2026-08-21 08:10:19
8282,15,37.16,279.37,0.94,50.04,0,2026-08-21 08:18:19
8283,29,31.51,236.94,0.93,49.98,0,2026-08-21 08:26:19
8284,24,32.03,240.85,0.92,50.08,0,2026-08-21 08:34:19
8285,28,33.05,248.51,0.91,49.94,0,2026-08-21 08:42:19
8286,29,30.95,232.69,0.91,49.94,0,2026-08-21 08:50:19
8287,12,31.7,238.32,0.93,50.08,0,2026-08-21 08:58:19
8288,1,30.37,228.37,0.92,49.91,0,2026-08-21 09:06:19
8289,12,35.42,266.34,0.94,50.04,0,2026-08-21 09:14:19
8290,13,36.16,271.88,0.94,49.95,0,2026-08-21 09:22:19
8291,22,34.3,257.89,0.94,50.06,0,2026-08-21 09:30:19
8292,12,33.22,249.79,0.91,50.07,0,2026-08-21 09:38:19
8293,26,30.29,227.72,0.94,49.99,0,2026-08-21 09:46:19
8294,21,32.14,241.63,0.92,50.08,0,2026-08-21 09:54:19
8295,20,31.24,234.91,0.94,49.96,0,2026-08-21 10:02:19
8296,28,34.29,257.85,0.92,50.0,0,2026-08-21 10:10:19
8297,15,30.23,227.33,0.92,49.94,0,2026-08-21 10:18:19
8298,19,32.19,242.02,0.94,50.0,0,2026-08-21 10:26:19
8299,19,38.03,285.94,0.92,49.98,0,2026-08-21 10:34:19
8300,21,34.03,255.87,0.91,49.98,0,2026-08-21 10:42:19
8301,3,34.21,257.24,0.92,49.98,0,2026-08-21 10:50:19
8302,2,30.73,231.05,0.91,49.94,0,2026-08-21 10:58:19
8303,30,35.69,268.33,0.91,50.01,0,2026-08-21 11:06:19
8304,23,37.36,280.91,0.91,50.09,0,2026-08-21 11:14:19
8305,2,37.27,280.22,0.91,50.07,0,2026-08-21 11:22:19
8306,26,35.5,266.9,0.93,49.97,0,2026-08-21 11:30:19
8307,14,35.58,267.49,0.94,49.99,0,2026-08-21 11:38:19
8308,16,31.99,240.51,0.91,50.02,0,2026-08-21 11:46:19
8309,1,36.75,276.28,0.92,50.08,0,2026-08-21 11:54:19
8310,23,36.34,273.27,0.92,50.02,0,2026-08-21 12:02:19
8311,1,31.2,234.6,0.94,49.92,0,2026-08-21 12:10:19
8312,7,37.36,280.91,0.92,50.02,0,2026-08-21 12:18:19
8313,7,32.42,243.77,0.93,50.07,0,2026-08-21 12:26:19
8314,8,31.37,235.87,0.93,50.07,0,2026-08-21 12:34:19
8315,11,33.38,250.95,0.94,49.93,0,2026-08-21 12:42:19
8316,4,31.17,234.33,0.93,50.07,0,2026-08-21 12:50:19
8317,28,34.26,257.59,0.93,49.95,0,2026-08-21 12:58:19
8318,16,34.9,262.38,0.91,49.95,0,2026-08-21 13:06:19
8319,11,36.15,271.79,0.92,49.97,0,2026-08-21 13:14:19
8320,7,36.84,276.99,0.92,49.91,0,2026-08-21 13:22:19
8321,9,36.34,273.27,0.93,49.92,0,2026-08-21 13:30:19
8322,2,35.54,267.25,0.94,49.94,0,2026-08-21 13:38:19
8323,5,36.09,271.35,0.91,49.95,0,2026-08-21 13:46:19
8324,9,30.53,229.55,0.91,49.95,0,2026-08-21 13:54:19
8325,12,65.72,494.17,0.91,50.01,1,2026-08-21 14:02:19
8326,21,69.22,520.44,0.89,50.09,1,2026-08-21 14:10:19
8327,23,67.95,510.9,0.9,50.03,1,2026-08-21 14:18:19
8328,28,67.25,505.66,0.88,50.09,1,2026-08-21 14:26:19
8329,8,66.31,498.56,0.9,49.99,1,2026-08-21 14:34:19
8330,2,64.72,486.64,0.9,49.97,1,2026-08-21 14:42:19
8331,27,64.38,484.04,0.89,49.99,1,2026-08-21 14:50:19
8332,28,71.03,534.07,0.89,49.92,1,2026-08-21 14:58:19
8333,8,69.08,519.39,0.89,50.01,1,2026-08-21 15:06:19
8334,28,70.32,528.75,0.87,50.05,1,2026-08-21 15:14:19
8335,18,67.68,508.87,0.91,50.08,1,2026-08-21 15:22:19
8336,15,66.53,500.23,0.91,50.09,1,2026-08-21 15:30:19
8337,30,64.4,484.2,0.9,49.97,1,2026-08-21 15:38:19
8338,10,64.37,484.0,0.89,49.92,1,2026-08-21 15:46:19
8339,16,71.06,534.3,0.88,50.06,1,2026-08-21 15:54:19
8340,13,66.96,503.48,0.91,49.93,1,2026-08-21 16:02:19
8341,17,67.15,504.86,0.91,50.06,1,2026-08-21 16:10:19
8342,7,70.0,526.3,0.88,49.9,1,2026-08-21 16:18:19
8343,1,69.38,521.69,0.9,50.04,1,2026-08-21 16:26:19
8344,2,70.2,527.8,0.87,49.96,1,2026-08-21 16:34:19
8345,15,70.0,526.31,0.88,49.93,1,2026-08-21 16:42:19
8346,24,64.52,485.08,0.91,50.04,1,2026-08-21 16:50:19
8347,8,71.46,537.31,0.89,50.04,1,2026-08-21 16:58:19
8348,22,67.99,511.22,0.91,49.95,1,2026-08-21 17:06:19
8349,23,68.87,517.85,0.9,49.93,1,2026-08-21 17:14:19
8350,5,71.71,539.21,0.9,50.0,1,2026-08-21 17:22:19
8351,20,71.83,540.09,0.88,50.0,1,2026-08-21 17:30:19
8352,8,68.93,518.3,0.87,50.05,1,2026-08-21 17:38:19
8353,22,66.24,498.01,0.87,49.98,1,2026-08-21 17:46:19
8354,26,71.6,538.34,0.89,50.01,1,2026-08-21 17:54:19
8355,27,64.8,487.25,0.9,49.94,1,2026-08-21 18:02:19
8356,25,66.29,498.45,0.88,50.07,1,2026-08-21 18:10:19
8357,5,71.11,534.67,0.88,49.99,1,2026-08-21 18:18:19
8358,4,70.45,529.68,0.87,49.92,1,2026-08-21 18:26:19
8359,5,71.62,538.49,0.9,49.99,1,2026-08-21 18:34:19
8360,14,70.01,526.37,0.89,50.02,1,2026-08-21 18:42:19
8361,23,69.21,520.35,0.91,50.09,1,2026-08-21 18:50:19
8362,15,65.08,489.34,0.89,50.01,1,2026-08-21 18:58:19
8363,17,64.37,483.97,0.91,50.08,1,2026-08-21 19:06:19
8364,25,64.84,487.52,0.9,50.02,1,2026-08-21 19:14:19
8365,21,68.21,512.89,0.9,49.94,1,2026-08-21 19:22:19
8366,13,70.51,530.12,0.87,50.03,1,2026-08-21 19:30:19
8367,6,65.66,493.66,0.89,50.07,1,2026-08-21 19:38:19
8368,7,66.88,502.85,0.9,50.07,1,2026-08-21 19:46:19
8369,20,64.32,483.59,0.89,49.99,1,2026-08-21 19:54:19
8370,3,70.73,531.81,0.89,49.97,1,2026-08-21 20:02:19
8371,5,64.92,488.15,0.91,49.91,1,2026-08-21 20:10:19
8372,3,70.06,526.76,0.89,50.1,1,2026-08-21 20:18:19
8373,21,69.96,525.99,0.9,50.08,1,2026-08-21 20:26:19
8374,13,65.8,494.71,0.91,50.09,1,2026-08-21 20:34:19
8375,13,67.96,510.96,0.9,50.05,1,2026-08-21 20:42:19
8376,25,67.76,509.5,0.88,49.94,1,2026-08-21 20:50:19
8377,28,69.49,522.5,0.9,50.07,1,2026-08-21 20:58:19
8378,10,66.23,497.94,0.88,49.93,1,2026-08-21 21:06:19
8379,2,70.99,533.75,0.88,50.01,1,2026-08-21 21:14:19
8380,10,71.19,535.26,0.91,49.96,1,2026-08-21 21:22:19
8381,15,68.41,514.38,0.87,49.95,1,2026-08-21 21:30:19
8382,17,69.82,524.93,0.87,49.98,1,2026-08-21 21:38:19
8383,21,67.54,507.85,0.89,49.92,1,2026-08-21 21:46:19
8384,14,70.78,532.15,0.91,49.9,1,2026-08-21 21:54:19
8385,26,31.23,234.78,0.93,50.09,0,2026-08-21 22:02:19
8386,3,35.39,266.06,0.93,50.09,0,2026-08-21 22:10:19
8387,7,31.88,239.71,0.94,50.0,0,2026-08-21 22:18:19
8388,26,31.92,239.98,0.94,50.04,0,2026-08-21 22:26:19
8389,4,30.56,229.79,0.93,49.94,0,2026-08-21 22:34:19
8390,13,34.69,260.83,0.92,49.97,0,2026-08-21 22:42:19
8391,10,33.04,248.45,0.94,49.98,0,2026-08-21 22:50:19
8392,14,31.33,235.56,0.93,50.05,0,2026-08-21 22:58:19
8393,1,35.92,270.07,0.93,49.96,0,2026-08-21 23:06:19
8394,15,33.49,251.77,0.94,50.02,0,2026-08-21 23:14:19
8395,14,37.5,281.96,0.91,50.09,0,2026-08-21 23:22:19
8396,16,35.13,264.12,0.91,49.96,0,2026-08-21 23:30:19
8397,2,34.96,262.82,0.92,50.07,0,2026-08-21 23:38:19
8398,29,30.31,227.93,0.94,50.0,0,2026-08-21 23:46:19
8399,19,37.07,278.69,0.92,50.02,0,2026-08-21 23:54:19
8400,23,36.58,275.07,0.93,49.96,0,2026-08-22 00:02:19
8401,22,32.09,241.25,0.93,49.96,0,2026-08-22 00:10:19
8402,22,34.5,259.37,0.91,49.97,0,2026-08-22 00:18:19
8403,16,35.3,265.4,0.93,49.96,0,2026-08-22 00:26:19
8404,12,30.86,232.0,0.91,49.94,0,2026-08-22 00:34:19
8405,18,36.65,275.6,0.92,50.05,0,2026-08-22 00:42:19
8406,6,36.8,276.72,0.93,50.06,0,2026-08-22 00:50:19
8407,22,33.53,252.11,0.92,50.07,0,2026-08-22 00:58:19
8408,5,35.65,268.06,0.92,50.03,0,2026-08-22 01:06:19
8409,21,35.74,268.73,0.93,49.92,0,2026-08-22 01:14:19
8410,9,34.42,258.81,0.94,50.09,0,2026-08-22 01:22:19
8411,11,32.1,241.37,0.91,49.92,0,2026-08-22 01:30:19
8412,25,31.83,239.34,0.92,50.05,0,2026-08-22 01:38:19
8413,26,35.43,266.37,0.91,49.94,0,2026-08-22 01:46:19
8414,24,32.46,244.09,0.93,50.03,0,2026-08-22 01:54:19
8415,14,37.59,282.65,0.9,50.09,0,2026-08-22 02:02:19
8416,11,32.63,245.36,0.92,50.03,0,2026-08-22 02:10:19
8417,5,37.64,282.99,0.93,49.9,0,2026-08-22 02:18:19
8418,21,31.29,235.26,0.92,50.01,0,2026-08-22 02:26:19
8419,1,33.01,248.18,0.92,50.1,0,2026-08-22 02:34:19
8420,26,37.17,279.44,0.93,50.03,0,2026-08-22 02:42:19
8421,17,33.52,252.03,0.93,49.98,0,2026-08-22 02:50:19
8422,21,30.95,232.67,0.92,50.04,0,2026-08-22 02:58:19
8423,27,34.56,259.86,0.91,49.95,0,2026-08-22 03:06:19
8424,23,30.33,228.08,0.93,50.02,0,2026-08-22 03:14:19
8425,23,30.14,226.59,0.94,50.02,0,2026-08-22 03:22:19
8426,25,31.48,236.67,0.94,49.94,0,2026-08-22 03:30:19
8427,3,33.05,248.52,0.91,50.03,0,2026-08-22 03:38:19
8428,22,36.87,277.25,0.92,50.06,0,2026-08-22 03:46:19
8429,24,37.3,280.48,0.94,50.06,0,2026-08-22 03:54:19
8430,25,30.9,232.33,0.94,49.93,0,2026-08-22 04:02:19
8431,1,36.35,273.32,0.94,49.95,0,2026-08-22 04:10:19
8432,25,36.0,270.71,0.92,49.98,0,2026-08-22 04:18:19
8433,11,35.55,267.3,0.93,50.08,0,2026-08-22 04:26:19
8434,15,33.22,249.75,0.92,50.1,0,2026-08-22 04:34:19
8435,11,32.85,247.0,0.91,50.01,0,2026-08-22 04:42:19
8436,14,34.09,256.31,0.91,50.08,0,2026-08-22 04:50:19
8437,11,36.13,271.62,0.94,49.93,0,2026-08-22 04:58:19
8438,17,30.15,226.68,0.91,50.06,0,2026-08-22 05:06:19
8439,14,32.69,245.8,0.94,50.04,0,2026-08-22 05:14:19
8440,28,36.98,278.06,0.94,50.09,0,2026-08-22 05:22:19
8441,29,34.4,258.62,0.91,50.07,0,2026-08-22 05:30:19
8442,18,36.44,273.95,0.92,49.98,0,2026-08-22 05:38:19
8443,29,34.65,260.53,0.93,49.95,0,2026-08-22 05:46:19
8444,21,35.85,269.54,0.91,50.05,0,2026-08-22 05:54:19
8445,21,33.03,248.37,0.93,49.99,0,2026-08-22 06:02:19
8446,2,36.2,272.16,0.91,49.99,0,2026-08-22 06:10:19
8447,9,30.33,228.02,0.94,50.03,0,2026-08-22 06:18:19
8448,21,34.99,263.08,0.94,50.07,0,2026-08-22 06:26:19
8449,29,36.64,275.46,0.93,49.91,0,2026-08-22 06:34:19
8450,1,32.02,240.78,0.93,49.98,0,2026-08-22 06:42:19
8451,23,32.78,246.47,0.93,50.06,0,2026-08-22 06:50:19
8452,19,37.1,278.91,0.92,50.09,0,2026-08-22 06:58:19
8453,19,31.8,239.1,0.94,50.06,0,2026-08-22 07:06:19
8454,26,30.74,231.12,0.94,49.95,0,2026-08-22 07:14:19
8455,10,36.79,276.58,0.9,49.92,0,2026-08-22 07:22:19
8456,13,34.76,261.33,0.92,49.99,0,2026-08-22 07:30:19
8457,9,35.79,269.08,0.91,49.95,0,2026-08-22 07:38:19
8458,27,34.59,260.09,0.93,50.02,0,2026-08-22 07:46:19
8459,6,32.08,241.17,0.94,49.92,0,2026-08-22 07:54:19
8460,9,33.76,253.8,0.95,50.07,0,2026-08-22 08:02:19
8461,28,36.98,278.08,0.94,49.97,0,2026-08-22 08:10:19
8462,1,34.0,255.61,0.92,50.09,0,2026-08-22 08:18:19
8463,11,31.56,237.31,0.92,49.91,0,2026-08-22 08:26:19
8464,20,34.9,262.4,0.92,50.05,0,2026-08-22 08:34:19
8465,1,33.41,251.17,0.94,49.92,0,2026-08-22 08:42:19
8466,8,35.81,269.23,0.92,49.93,0,2026-08-22 08:50:19
8467,16,34.86,262.14,0.93,50.03,0,2026-08-22 08:58:19
8468,21,34.27,257.66,0.94,49.98,0,2026-08-22 09:06:19
8469,18,31.44,236.39,0.95,49.96,0,2026-08-22 09:14:19
8470,22,33.1,248.88,0.93,49.91,0,2026-08-22 09:22:19
8471,16,35.8,269.21,0.92,50.06,0,2026-08-22 09:30:19
8472,17,34.1,256.38,0.93,50.04,0,2026-08-22 09:38:19
8473,26,32.39,243.54,0.94,49.96,0,2026-08-22 09:46:19
8474,23,33.92,255.07,0.91,50.03,0,2026-08-22 09:54:19
8475,29,36.6,275.2,0.91,50.04,0,2026-08-22 10:02:19
8476,19,34.09,256.32,0.93,50.1,0,2026-08-22 10:10:19
8477,13,34.46,259.12,0.93,49.96,0,2026-08-22 10:18:19
8478,19,31.12,233.97,0.94,49.91,0,2026-08-22 10:26:19
8479,8,37.36,280.93,0.94,49.95,0,2026-08-22 10:34:19
8480,15,35.81,269.24,0.93,50.04,0,2026-08-22 10:42:19
8481,26,34.91,262.51,0.92,50.06,0,2026-08-22 10:50:19
8482,6,37.18,279.58,0.93,50.08,0,2026-08-22 10:58:19
8483,24,32.26,242.55,0.94,50.04,0,2026-08-22 11:06:19
8484,17,31.67,238.13,0.94,49.93,0,2026-08-22 11:14:19
8485,27,32.78,246.47,0.91,50.06,0,2026-08-22 11:22:19
8486,27,34.21,257.25,0.93,50.06,0,2026-08-22 11:30:19
8487,23,36.91,277.55,0.93,50.07,0,2026-08-22 11:38:19
8488,23,34.75,261.27,0.91,49.99,0,2026-08-22 11:46:19
8489,13,38.04,285.98,0.93,49.95,0,2026-08-22 11:54:19
8490,27,30.68,230.66,0.93,50.06,0,2026-08-22 12:02:19
8491,6,34.6,260.16,0.93,50.07,0,2026-08-22 12:10:19
8492,8,32.27,242.61,0.93,49.92,0,2026-08-22 12:18:19
8493,29,32.53,244.58,0.94,49.94,0,2026-08-22 12:26:19
8494,6,35.35,265.77,0.92,50.0,0,2026-08-22 12:34:19
8495,9,34.7,260.93,0.94,50.1,0,2026-08-22 12:42:19
8496,20,35.61,267.72,0.93,49.96,0,2026-08-22 12:50:19
8497,23,37.28,280.33,0.92,49.93,0,2026-08-22 12:58:19
8498,25,34.07,256.15,0.94,49.98,0,2026-08-22 13:06:19
8499,26,32.96,247.83,0.93,49.98,0,2026-08-22 13:14:19
8500,19,34.53,259.63,0.94,50.04,0,2026-08-22 13:22:19
8501,17,37.04,278.51,0.93,49.96,0,2026-08-22 13:30:19
8502,15,32.19,242.02,0.91,50.09,0,2026-08-22 13:38:19
8503,21,34.1,256.38,0.94,49.95,0,2026-08-22 13:46:19
8504,20,34.48,259.24,0.93,50.06,0,2026-08-22 13:54:19
8505,5,64.11,482.01,0.89,49.95,1,2026-08-22 14:02:19
8506,11,64.28,483.31,0.89,50.08,1,2026-08-22 14:10:19
8507,16,68.24,513.06,0.9,50.0,1,2026-08-22 14:18:19
8508,21,70.5,530.08,0.89,49.98,1,2026-08-22 14:26:19
8509,5,65.01,488.78,0.88,50.09,1,2026-08-22 14:34:19
8510,30,69.37,521.58,0.91,49.95,1,2026-08-22 14:42:19
8511,2,68.96,518.53,0.87,50.01,1,2026-08-22 14:50:19
8512,3,68.29,513.45,0.91,49.95,1,2026-08-22 14:58:19
8513,5,72.06,541.84,0.88,50.1,1,2026-08-22 15:06:19
8514,16,64.54,485.25,0.89,49.98,1,2026-08-22 15:14:19
8515,29,69.66,523.78,0.89,49.96,1,2026-08-22 15:22:19
8516,12,68.61,515.86,0.9,49.99,1,2026-08-22 15:30:19
8517,4,70.0,526.28,0.87,49.94,1,2026-08-22 15:38:19
8518,11,65.16,489.96,0.88,49.96,1,2026-08-22 15:46:19
8519,18,65.15,489.83,0.9,49.97,1,2026-08-22 15:54:19
8520,3,71.48,537.48,0.87,50.03,1,2026-08-22 16:02:19
8521,21,71.54,537.87,0.88,50.05,1,2026-08-22 16:10:19
8522,12,71.52,537.75,0.88,49.99,1,2026-08-22 16:18:19
8523,10,66.49,499.91,0.88,50.1,1,2026-08-22 16:26:19
8524,13,69.15,519.94,0.89,49.96,1,2026-08-22 16:34:19
8525,29,67.89,510.44,0.9,50.08,1,2026-08-22 16:42:19
8526,29,71.03,534.07,0.87,50.0,1,2026-08-22 16:50:19
8527,14,66.52,500.18,0.9,50.07,1,2026-08-22 16:58:19
8528,6,70.1,527.1,0.87,49.92,1,2026-08-22 17:06:19
8529,18,66.42,499.39,0.89,49.96,1,2026-08-22 17:14:19
8530,30,68.35,513.94,0.88,49.92,1,2026-08-22 17:22:19
8531,28,70.81,532.39,0.88,49.98,1,2026-08-22 17:30:19
8532,29,66.84,502.53,0.89,49.9,1,2026-08-22 17:38:19
8533,9,68.57,515.58,0.9,50.02,1,2026-08-22 17:46:19
8534,15,68.05,511.63,0.91,50.0,1,2026-08-22 17:54:19
8535,19,70.51,530.17,0.9,49.94,1,2026-08-22 18:02:19
8536,10,66.63,500.97,0.91,49.94,1,2026-08-22 18:10:19
8537,18,66.51,500.05,0.87,49.99,1,2026-08-22 18:18:19
8538,8,66.39,499.17,0.91,49.91,1,2026-08-22 18:26:19
8539,29,70.06,526.76,0.89,50.08,1,2026-08-22 18:34:19
8540,1,67.71,509.12,0.9,50.09,1,2026-08-22 18:42:19
8541,27,72.05,541.71,0.9,49.97,1,2026-08-22 18:50:19
8542,28,65.37,491.53,0.9,50.09,1,2026-08-22 18:58:19
8543,22,67.89,510.44,0.88,49.98,1,2026-08-22 19:06:19
8544,26,67.4,506.8,0.9,49.9,1,2026-08-22 19:14:19
8545,13,65.54,492.78,0.91,49.95,1,2026-08-22 19:22:19
8546,30,68.17,512.56,0.88,49.94,1,2026-08-22 19:30:19
8547,25,72.05,541.72,0.87,50.01,1,2026-08-22 19:38:19
8548,24,68.99,518.74,0.88,50.02,1,2026-08-22 19:46:19
8549,30,64.69,486.38,0.91,50.01,1,2026-08-22 19:54:19
8550,10,69.0,518.78,0.91,50.09,1,2026-08-22 20:02:19
8551,13,65.18,490.07,0.88,50.06,1,2026-08-22 20:10:19
8552,28,66.26,498.17,0.89,49.96,1,2026-08-22 20:18:19
8553,29,69.9,525.56,0.89,50.1,1,2026-08-22 20:26:19
8554,23,70.55,530.42,0.89,50.06,1,2026-08-22 20:34:19
8555,10,69.98,526.15,0.9,49.97,1,2026-08-22 20:42:19
8556,2,67.78,509.66,0.88,50.02,1,2026-08-22 20:50:19
8557,17,69.92,525.71,0.88,50.07,1,2026-08-22 20:58:19
8558,16,65.23,490.48,0.9,49.94,1,2026-08-22 21:06:19
8559,10,67.18,505.12,0.87,49.91,1,2026-08-22 21:14:19
8560,4,68.19,512.69,0.89,49.95,1,2026-08-22 21:22:19
8561,11,64.15,482.36,0.91,50.02,1,2026-08-22 21:30:19
8562,7,65.9,495.51,0.89,50.07,1,2026-08-22 21:38:19
8563,15,66.06,496.66,0.91,50.02,1,2026-08-22 21:46:19
8564,8,68.48,514.87,0.9,49.99,1,2026-08-22 21:54:19
8565,28,30.51,229.43,0.92,50.03,0,2026-08-22 22:02:19
8566,22,34.98,262.99,0.93,50.1,0,2026-08-22 22:10:19
8567,9,33.93,255.1,0.94,49.98,0,2026-08-22 22:18:19
8568,28,35.12,264.06,0.92,49.97,0,2026-08-22 22:26:19
8569,20,34.17,256.94,0.94,50.09,0,2026-08-22 22:34:19
8570,12,37.72,283.59,0.92,50.07,0,2026-08-22 22:42:19
8571,11,33.92,255.04,0.92,50.0,0,2026-08-22 22:50:19
8572,1,36.64,275.49,0.9,49.91,0,2026-08-22 22:58:19
8573,29,33.56,252.33,0.92,50.07,0,2026-08-22 23:06:19
8574,27,33.1,248.85,0.94,50.08,0,2026-08-22 23:14:19
8575,7,33.25,249.99,0.93,50.1,0,2026-08-22 23:22:19
8576,23,34.12,256.53,0.95,50.09,0,2026-08-22 23:30:19
8577,5,31.13,234.04,0.91,50.05,0,2026-08-22 23:38:19
8578,8,35.62,267.79,0.91,49.91,0,2026-08-22 23:46:19
8579,9,36.28,272.8,0.91,50.03,0,2026-08-22 23:54:19
8580,24,33.86,254.6,0.94,49.94,0,2026-08-23 00:02:19
8581,7,34.48,259.23,0.93,49.96,0,2026-08-23 00:10:19
8582,21,34.94,262.74,0.93,50.04,0,2026-08-23 00:18:19
8583,21,33.42,251.26,0.92,50.04,0,2026-08-23 00:26:19
8584,13,34.86,262.07,0.92,49.93,0,2026-08-23 00:34:19
8585,23,37.36,280.91,0.9,49.92,0,2026-08-23 00:42:19
8586,20,34.54,259.69,0.91,50.09,0,2026-08-23 00:50:19
8587,28,34.45,259.02,0.92,50.1,0,2026-08-23 00:58:19
8588,3,30.25,227.45,0.93,50.04,0,2026-08-23 01:06:19
8589,14,36.37,273.46,0.93,49.94,0,2026-08-23 01:14:19
8590,7,33.25,250.01,0.92,49.95,0,2026-08-23 01:22:19
8591,6,37.24,279.97,0.93,49.95,0,2026-08-23 01:30:19
8592,24,32.93,247.62,0.93,50.03,0,2026-08-23 01:38:19
8593,16,36.38,273.5,0.92,49.96,0,2026-08-23 01:46:19
8594,25,33.34,250.7,0.93,49.97,0,2026-08-23 01:54:19
8595,17,30.45,228.91,0.92,50.01,0,2026-08-23 02:02:19
8596,18,36.21,272.29,0.92,50.08,0,2026-08-23 02:10:19
8597,19,36.15,271.78,0.94,50.01,0,2026-08-23 02:18:19
8598,12,36.6,275.19,0.91,49.9,0,2026-08-23 02:26:19
8599,12,33.57,252.41,0.93,49.97,0,2026-08-23 02:34:19
8600,20,32.73,246.1,0.93,49.91,0,2026-08-23 02:42:19
8601,27,37.06,278.61,0.93,49.93,0,2026-08-23 02:50:19
8602,28,31.37,235.9,0.93,49.94,0,2026-08-23 02:58:19
8603,7,32.58,244.95,0.92,50.09,0,2026-08-23 03:06:19
8604,26,37.9,284.96,0.91,50.07,0,2026-08-23 03:14:19
8605,9,32.74,246.2,0.92,49.91,0,2026-08-23 03:22:19
8606,17,36.05,271.04,0.91,49.97,0,2026-08-23 03:30:19
8607,12,32.45,244.02,0.92,49.93,0,2026-08-23 03:38:19
8608,1,37.85,284.58,0.93,50.0,0,2026-08-23 03:46:19
8609,23,37.88,284.79,0.93,49.93,0,2026-08-23 03:54:19
8610,10,35.63,267.9,0.94,49.95,0,2026-08-23 04:02:19
8611,7,37.17,279.45,0.93,50.01,0,2026-08-23 04:10:19
8612,22,35.38,266.03,0.94,49.95,0,2026-08-23 04:18:19
8613,11,31.11,233.92,0.92,50.03,0,2026-08-23 04:26:19
8614,17,37.74,283.79,0.91,50.09,0,2026-08-23 04:34:19
8615,17,34.77,261.45,0.92,49.99,0,2026-08-23 04:42:19
8616,12,30.06,226.01,0.94,49.91,0,2026-08-23 04:50:19
8617,19,33.44,251.46,0.93,50.0,0,2026-08-23 04:58:19
8618,21,31.32,235.51,0.94,49.95,0,2026-08-23 05:06:19
8619,23,33.58,252.5,0.91,50.02,0,2026-08-23 05:14:19
8620,1,30.83,231.82,0.94,50.07,0,2026-08-23 05:22:19
8621,1,34.52,259.57,0.94,50.07,0,2026-08-23 05:30:19
8622,4,34.16,256.84,0.94,50.09,0,2026-08-23 05:38:19
8623,10,35.83,269.42,0.93,50.02,0,2026-08-23 05:46:19
8624,20,35.48,266.75,0.93,50.02,0,2026-08-23 05:54:19
8625,10,34.97,262.91,0.91,50.01,0,2026-08-23 06:02:19
8626,4,37.63,282.9,0.93,49.92,0,2026-08-23 06:10:19
8627,23,32.96,247.84,0.94,50.02,0,2026-08-23 06:18:19
8628,27,31.18,234.44,0.93,50.04,0,2026-08-23 06:26:19
8629,7,32.75,246.23,0.94,49.94,0,2026-08-23 06:34:19
8630,11,30.91,232.42,0.92,50.0,0,2026-08-23 06:42:19
8631,12,35.83,269.43,0.92,49.97,0,2026-08-23 06:50:19
8632,18,35.03,263.4,0.91,49.95,0,2026-08-23 06:58:19
8633,20,35.96,270.36,0.93,49.94,0,2026-08-23 07:06:19
8634,8,34.36,258.33,0.93,49.92,0,2026-08-23 07:14:19
8635,17,36.06,271.16,0.91,50.04,0,2026-08-23 07:22:19
8636,12,32.81,246.67,0.91,50.07,0,2026-08-23 07:30:19
8637,27,34.09,256.28,0.92,50.09,0,2026-08-23 07:38:19
8638,16,36.38,273.55,0.94,49.97,0,2026-08-23 07:46:19
8639,6,35.74,268.71,0.92,50.05,0,2026-08-23 07:54:19
8640,17,30.61,230.12,0.93,49.98,0,2026-08-23 08:02:19
8641,26,33.36,250.84,0.95,50.09,0,2026-08-23 08:10:19
8642,11,31.78,238.96,0.91,49.98,0,2026-08-23 08:18:19
8643,19,34.05,255.98,0.94,50.0,0,2026-08-23 08:26:19
8644,11,37.56,282.38,0.93,49.95,0,2026-08-23 08:34:19
8645,2,31.33,235.54,0.93,50.09,0,2026-08-23 08:42:19
8646,13,37.3,280.45,0.92,49.93,0,2026-08-23 08:50:19
8647,4,33.39,251.06,0.92,49.92,0,2026-08-23 08:58:19
8648,19,33.65,253.03,0.91,50.02,0,2026-08-23 09:06:19
8649,1,37.81,284.31,0.91,50.07,0,2026-08-23 09:14:19
8650,5,32.66,245.6,0.93,50.01,0,2026-08-23 09:22:19
8651,27,31.82,239.22,0.92,50.07,0,2026-08-23 09:30:19
8652,11,35.9,269.95,0.93,50.06,0,2026-08-23 09:38:19
8653,13,37.82,284.36,0.92,50.08,0,2026-08-23 09:46:19
8654,14,37.02,278.34,0.91,49.91,0,2026-08-23 09:54:19
8655,1,37.02,278.33,0.92,49.98,0,2026-08-23 10:02:19
8656,16,32.45,243.95,0.91,49.92,0,2026-08-23 10:10:19
8657,12,32.75,246.22,0.92,50.03,0,2026-08-23 10:18:19
8658,7,37.02,278.31,0.92,50.1,0,2026-08-23 10:26:19
8659,21,37.15,279.36,0.91,50.03,0,2026-08-23 10:34:19
8660,27,36.74,276.26,0.92,50.09,0,2026-08-23 10:42:19
8661,6,31.64,237.93,0.94,50.01,0,2026-08-23 10:50:19
8662,11,33.83,254.38,0.93,50.03,0,2026-08-23 10:58:19
8663,21,30.58,229.96,0.91,49.95,0,2026-08-23 11:06:19
8664,7,30.57,229.88,0.91,50.06,0,2026-08-23 11:14:19
8665,25,32.28,242.72,0.91,49.9,0,2026-08-23 11:22:19
8666,11,35.63,267.87,0.93,50.0,0,2026-08-23 11:30:19
8667,25,33.12,249.02,0.95,49.95,0,2026-08-23 11:38:19
8668,25,30.61,230.18,0.94,50.1,0,2026-08-23 11:46:19
8669,6,31.35,235.74,0.94,50.02,0,2026-08-23 11:54:19
8670,3,34.98,263.01,0.91,50.04,0,2026-08-23 12:02:19
8671,18,34.18,256.98,0.93,49.94,0,2026-08-23 12:10:19
8672,23,34.08,256.27,0.92,50.0,0,2026-08-23 12:18:19
8673,18,35.2,264.66,0.94,49.98,0,2026-08-23 12:26:19
8674,25,34.37,258.42,0.94,50.01,0,2026-08-23 12:34:19
8675,1,32.54,244.64,0.93,50.1,0,2026-08-23 12:42:19
8676,12,37.95,285.34,0.93,49.91,0,2026-08-23 12:50:19
8677,23,37.65,283.11,0.93,49.91,0,2026-08-23 12:58:19
8678,12,36.56,274.87,0.92,49.97,0,2026-08-23 13:06:19
8679,7,37.55,282.33,0.91,49.95,0,2026-08-23 13:14:19
8680,17,32.67,245.64,0.94,50.04,0,2026-08-23 13:22:19
8681,21,36.95,277.82,0.94,50.01,0,2026-08-23 13:30:19
8682,17,34.01,255.74,0.92,50.05,0,2026-08-23 13:38:19
8683,29,31.15,234.22,0.95,49.91,0,2026-08-23 13:46:19
8684,30,37.79,284.15,0.91,49.99,0,2026-08-23 13:54:19
8685,22,71.35,536.44,0.89,49.96,1,2026-08-23 14:02:19
8686,17,70.54,530.36,0.91,49.96,1,2026-08-23 14:10:19
8687,25,66.69,501.42,0.91,50.03,1,2026-08-23 14:18:19
8688,19,69.46,522.28,0.9,49.99,1,2026-08-23 14:26:19
8689,26,67.63,508.5,0.88,49.95,1,2026-08-23 14:34:19
8690,23,69.03,518.99,0.88,49.94,1,2026-08-23 14:42:19
8691,13,69.49,522.51,0.9,50.08,1,2026-08-23 14:50:19
8692,25,70.43,529.56,0.87,50.04,1,2026-08-23 14:58:19
8693,13,71.57,538.11,0.9,50.03,1,2026-08-23 15:06:19
8694,19,65.55,492.86,0.89,49.94,1,2026-08-23 15:14:19
8695,19,69.89,525.48,0.9,49.9,1,2026-08-23 15:22:19
8696,14,69.37,521.55,0.91,49.91,1,2026-08-23 15:30:19
8697,18,68.91,518.15,0.91,49.91,1,2026-08-23 15:38:19
8698,10,69.64,523.6,0.9,49.98,1,2026-08-23 15:46:19
8699,27,67.47,507.31,0.9,49.97,1,2026-08-23 15:54:19
8700,29,65.76,494.44,0.89,50.03,1,2026-08-23 16:02:19
8701,21,68.31,513.6,0.88,50.02,1,2026-08-23 16:10:19
8702,16,65.1,489.47,0.91,50.04,1,2026-08-23 16:18:19
8703,21,68.73,516.76,0.89,49.91,1,2026-08-23 16:26:19
8704,6,70.23,528.01,0.88,49.92,1,2026-08-23 16:34:19
8705,4,70.12,527.19,0.89,49.95,1,2026-08-23 16:42:19
8706,30,70.37,529.1,0.88,49.92,1,2026-08-23 16:50:19
8707,28,70.51,530.16,0.9,50.08,1,2026-08-23 16:58:19
8708,8,71.18,535.22,0.88,50.0,1,2026-08-23 17:06:19
8709,7,69.17,520.04,0.9,50.04,1,2026-08-23 17:14:19
8710,11,65.81,494.84,0.9,49.9,1,2026-08-23 17:22:19
8711,12,64.67,486.25,0.91,49.97,1,2026-08-23 17:30:19
8712,16,64.65,486.06,0.89,50.08,1,2026-08-23 17:38:19
8713,1,64.44,484.52,0.91,49.95,1,2026-08-23 17:46:19
8714,10,68.29,513.43,0.89,49.99,1,2026-08-23 17:54:19
8715,26,69.37,521.6,0.9,50.09,1,2026-08-23 18:02:19
8716,21,68.56,515.46,0.9,50.02,1,2026-08-23 18:10:19
8717,30,68.38,514.12,0.91,49.97,1,2026-08-23 18:18:19
8718,16,64.41,484.27,0.89,50.03,1,2026-08-23 18:26:19
8719,28,71.69,539.04,0.9,49.91,1,2026-08-23 18:34:19
8720,7,66.02,496.4,0.89,50.02,1,2026-08-23 18:42:19
8721,17,71.9,540.61,0.88,49.92,1,2026-08-23 18:50:19
8722,5,65.16,489.92,0.89,50.05,1,2026-08-23 18:58:19
8723,9,64.21,482.76,0.88,50.06,1,2026-08-23 19:06:19
8724,20,64.86,487.66,0.9,49.95,1,2026-08-23 19:14:19
8725,18,72.01,541.46,0.88,50.0,1,2026-08-23 19:22:19
8726,14,71.39,536.74,0.91,49.97,1,2026-08-23 19:30:19
8727,14,64.7,486.45,0.91,49.91,1,2026-08-23 19:38:19
8728,14,69.21,520.34,0.89,49.97,1,2026-08-23 19:46:19
8729,9,71.86,540.28,0.9,50.03,1,2026-08-23 19:54:19
8730,14,66.76,501.99,0.9,49.93,1,2026-08-23 20:02:19
8731,13,70.15,527.46,0.89,50.05,1,2026-08-23 20:10:19
8732,30,65.23,490.46,0.9,49.96,1,2026-08-23 20:18:19
8733,6,64.81,487.29,0.89,50.05,1,2026-08-23 20:26:19
8734,20,66.17,497.53,0.88,50.07,1,2026-08-23 20:34:19
8735,19,66.73,501.72,0.88,49.98,1,2026-08-23 20:42:19
8736,26,66.97,503.5,0.9,49.93,1,2026-08-23 20:50:19
8737,10,65.91,495.59,0.9,49.96,1,2026-08-23 20:58:19
8738,15,70.43,529.58,0.87,49.92,1,2026-08-23 21:06:19
8739,16,67.41,506.85,0.9,50.1,1,2026-08-23 21:14:19
8740,14,68.51,515.08,0.88,50.03,1,2026-08-23 21:22:19
8741,14,71.41,536.89,0.89,50.1,1,2026-08-23 21:30:19
8742,5,65.91,495.54,0.88,50.08,1,2026-08-23 21:38:19
8743,29,69.0,518.8,0.88,50.01,1,2026-08-23 21:46:19
8744,5,67.03,504.0,0.9,50.09,1,2026-08-23 21:54:19
8745,19,34.92,262.53,0.94,50.03,0,2026-08-23 22:02:19
8746,10,33.75,253.79,0.94,50.05,0,2026-08-23 22:10:19
8747,30,33.98,255.51,0.94,50.09,0,2026-08-23 22:18:19
8748,20,31.12,233.95,0.92,50.06,0,2026-08-23 22:26:19
8749,7,37.88,284.81,0.93,50.0,0,2026-08-23 22:34:19
8750,24,32.95,247.78,0.91,50.1,0,2026-08-23 22:42:19
8751,13,31.62,237.76,0.92,49.98,0,2026-08-23 22:50:19
8752,3,37.37,280.97,0.92,50.01,0,2026-08-23 22:58:19
8753,1,36.49,274.34,0.93,50.06,0,2026-08-23 23:06:19
8754,22,33.0,248.14,0.94,49.99,0,2026-08-23 23:14:19
8755,3,34.1,256.39,0.94,49.93,0,2026-08-23 23:22:19
8756,12,35.57,267.48,0.93,49.95,0,2026-08-23 23:30:19
8757,20,35.83,269.43,0.94,49.98,0,2026-08-23 23:38:19
8758,22,30.16,226.76,0.93,49.98,0,2026-08-23 23:46:19
8759,6,31.77,238.84,0.92,49.96,0,2026-08-23 23:54:19
8760,3,32.7,245.85,0.91,50.06,0,2026-08-24 00:02:19
8761,19,34.98,262.99,0.94,49.98,0,2026-08-24 00:10:19
8762,19,33.63,252.85,0.94,50.03,0,2026-08-24 00:18:19
8763,9,34.42,258.82,0.91,49.93,0,2026-08-24 00:26:19
8764,2,34.45,259.06,0.92,50.07,0,2026-08-24 00:34:19
8765,4,31.21,234.65,0.94,49.99,0,2026-08-24 00:42:19
8766,22,30.73,231.09,0.92,50.01,0,2026-08-24 00:50:19
8767,9,31.55,237.24,0.93,50.05,0,2026-08-24 00:58:19
8768,8,32.2,242.1,0.91,49.92,0,2026-08-24 01:06:19
8769,23,33.02,248.26,0.91,50.01,0,2026-08-24 01:14:19
8770,23,37.73,283.66,0.94,49.93,0,2026-08-24 01:22:19
8771,22,34.43,258.89,0.95,50.05,0,2026-08-24 01:30:19
8772,9,36.0,270.68,0.93,50.03,0,2026-08-24 01:38:19
8773,9,30.72,230.99,0.92,49.91,0,2026-08-24 01:46:19
8774,19,32.07,241.12,0.94,50.06,0,2026-08-24 01:54:19
8775,25,37.92,285.12,0.92,49.98,0,2026-08-24 02:02:19
8776,20,33.35,250.72,0.94,49.98,0,2026-08-24 02:10:19
8777,10,32.92,247.53,0.91,50.01,0,2026-08-24 02:18:19
8778,23,36.34,273.27,0.93,50.0,0,2026-08-24 02:26:19
8779,18,36.83,276.94,0.91,50.02,0,2026-08-24 02:34:19
8780,5,36.91,277.54,0.92,50.06,0,2026-08-24 02:42:19
8781,1,33.46,251.57,0.92,49.94,0,2026-08-24 02:50:19
8782,26,36.3,272.96,0.92,50.1,0,2026-08-24 02:58:19
8783,6,33.63,252.83,0.92,50.05,0,2026-08-24 03:06:19
8784,19,37.6,282.7,0.94,50.05,0,2026-08-24 03:14:19
8785,30,36.08,271.27,0.91,50.09,0,2026-08-24 03:22:19
8786,6,31.58,237.42,0.93,50.01,0,2026-08-24 03:30:19
8787,12,36.13,271.65,0.91,50.06,0,2026-08-24 03:38:19
8788,30,34.7,260.87,0.93,49.97,0,2026-08-24 03:46:19
8789,15,34.68,260.72,0.93,49.94,0,2026-08-24 03:54:19
8790,27,32.98,248.0,0.94,50.05,0,2026-08-24 04:02:19
8791,18,36.37,273.47,0.93,50.0,0,2026-08-24 04:10:19
8792,13,32.72,246.04,0.92,49.95,0,2026-08-24 04:18:19
8793,11,34.61,260.23,0.92,50.06,0,2026-08-24 04:26:19
8794,8,35.05,263.56,0.94,50.07,0,2026-08-24 04:34:19
8795,1,36.18,272.04,0.92,50.03,0,2026-08-24 04:42:19
8796,24,32.2,242.14,0.94,49.95,0,2026-08-24 04:50:19
8797,7,34.93,262.63,0.94,49.91,0,2026-08-24 04:58:19
8798,8,35.8,269.18,0.94,49.93,0,2026-08-24 05:06:19
8799,24,35.64,267.97,0.9,49.93,0,2026-08-24 05:14:19
8800,26,35.69,268.36,0.94,49.91,0,2026-08-24 05:22:19
8801,3,37.41,281.29,0.92,49.99,0,2026-08-24 05:30:19
8802,9,31.63,237.83,0.94,50.1,0,2026-08-24 05:38:19
8803,8,35.12,264.05,0.93,50.0,0,2026-08-24 05:46:19
8804,3,30.61,230.14,0.92,49.94,0,2026-08-24 05:54:19
8805,13,30.74,231.14,0.94,49.99,0,2026-08-24 06:02:19
8806,26,30.55,229.72,0.91,50.01,0,2026-08-24 06:10:19
8807,1,34.2,257.12,0.91,50.04,0,2026-08-24 06:18:19
8808,10,30.98,232.9,0.95,50.03,0,2026-08-24 06:26:19
8809,14,36.52,274.56,0.93,50.03,0,2026-08-24 06:34:19
8810,6,30.81,231.67,0.92,49.92,0,2026-08-24 06:42:19
8811,20,32.86,247.08,0.95,50.05,0,2026-08-24 06:50:19
8812,20,30.77,231.34,0.94,50.07,0,2026-08-24 06:58:19
8813,19,34.01,255.73,0.93,49.93,0,2026-08-24 07:06:19
8814,25,35.36,265.86,0.94,50.09,0,2026-08-24 07:14:19
8815,9,37.83,284.46,0.93,50.06,0,2026-08-24 07:22:19
8816,21,33.23,249.84,0.93,49.91,0,2026-08-24 07:30:19
8817,17,34.41,258.73,0.94,50.08,0,2026-08-24 07:38:19
8818,22,32.27,242.63,0.93,49.98,0,2026-08-24 07:46:19
8819,3,32.78,246.47,0.91,50.09,0,2026-08-24 07:54:19
8820,30,33.67,253.17,0.92,49.94,0,2026-08-24 08:02:19
8821,14,35.85,269.57,0.91,50.04,0,2026-08-24 08:10:19
8822,15,35.36,265.84,0.93,49.96,0,2026-08-24 08:18:19
8823,19,36.88,277.32,0.92,49.96,0,2026-08-24 08:26:19
8824,29,36.82,276.82,0.92,50.08,0,2026-08-24 08:34:19
8825,27,37.95,285.32,0.93,49.9,0,2026-08-24 08:42:19
8826,2,30.88,232.15,0.91,50.02,0,2026-08-24 08:50:19
8827,27,37.82,284.35,0.92,50.08,0,2026-08-24 08:58:19
8828,21,33.34,250.68,0.94,50.06,0,2026-08-24 09:06:19
8829,16,30.83,231.78,0.94,49.94,0,2026-08-24 09:14:19
8830,29,32.47,244.15,0.94,49.94,0,2026-08-24 09:22:19
8831,28,32.05,240.96,0.94,49.97,0,2026-08-24 09:30:19
8832,23,30.5,229.36,0.95,50.1,0,2026-08-24 09:38:19
8833,30,32.98,247.95,0.94,49.94,0,2026-08-24 09:46:19
8834,3,32.6,245.11,0.93,50.07,0,2026-08-24 09:54:19
8835,1,30.25,227.45,0.92,49.98,0,2026-08-24 10:02:19
8836,27,30.74,231.1,0.91,50.06,0,2026-08-24 10:10:19
8837,29,33.8,254.1,0.94,50.07,0,2026-08-24 10:18:19
8838,8,30.23,227.33,0.94,49.99,0,2026-08-24 10:26:19
8839,29,38.03,285.96,0.93,49.9,0,2026-08-24 10:34:19
8840,13,31.19,234.51,0.94,49.96,0,2026-08-24 10:42:19
8841,6,32.36,243.31,0.93,49.92,0,2026-08-24 10:50:19
8842,7,36.37,273.49,0.94,49.92,0,2026-08-24 10:58:19
8843,7,37.89,284.86,0.92,50.06,0,2026-08-24 11:06:19
8844,29,35.37,265.93,0.92,49.96,0,2026-08-24 11:14:19
8845,17,36.01,270.77,0.92,50.07,0,2026-08-24 11:22:19
8846,22,31.88,239.7,0.93,50.08,0,2026-08-24 11:30:19
8847,16,30.42,228.75,0.93,50.05,0,2026-08-24 11:38:19
8848,29,35.84,269.5,0.91,49.98,0,2026-08-24 11:46:19
8849,19,35.98,270.54,0.94,50.09,0,2026-08-24 11:54:19
8850,2,36.83,276.89,0.92,50.05,0,2026-08-24 12:02:19
8851,4,32.7,245.86,0.94,49.97,0,2026-08-24 12:10:19
8852,16,36.2,272.19,0.94,49.95,0,2026-08-24 12:18:19
8853,27,34.47,259.14,0.91,50.01,0,2026-08-24 12:26:19
8854,30,36.67,275.74,0.93,49.92,0,2026-08-24 12:34:19
8855,15,31.91,239.96,0.92,50.02,0,2026-08-24 12:42:19
8856,29,36.95,277.84,0.91,50.04,0,2026-08-24 12:50:19
8857,4,36.64,275.46,0.92,49.93,0,2026-08-24 12:58:19
8858,20,35.26,265.14,0.91,49.98,0,2026-08-24 13:06:19
8859,24,34.69,260.84,0.94,49.91,0,2026-08-24 13:14:19
8860,5,35.84,269.45,0.94,49.96,0,2026-08-24 13:22:19
8861,4,31.33,235.56,0.92,50.09,0,2026-08-24 13:30:19
8862,11,33.47,251.64,0.94,50.0,0,2026-08-24 13:38:19
8863,12,34.14,256.69,0.91,49.96,0,2026-08-24 13:46:19
8864,19,37.12,279.12,0.91,49.91,0,2026-08-24 13:54:19
8865,18,66.01,496.28,0.9,50.04,1,2026-08-24 14:02:19
8866,3,67.41,506.86,0.9,50.03,1,2026-08-24 14:10:19
8867,2,64.17,482.5,0.89,50.06,1,2026-08-24 14:18:19
8868,24,69.44,522.12,0.88,49.96,1,2026-08-24 14:26:19
8869,11,72.08,541.99,0.88,50.05,1,2026-08-24 14:34:19
8870,23,66.63,500.94,0.88,49.98,1,2026-08-24 14:42:19
8871,25,71.34,536.38,0.9,50.1,1,2026-08-24 14:50:19
8872,23,69.4,521.82,0.88,50.02,1,2026-08-24 14:58:19
8873,27,67.59,508.22,0.9,50.08,1,2026-08-24 15:06:19
8874,7,64.31,483.55,0.89,50.02,1,2026-08-24 15:14:19
8875,1,67.28,505.88,0.88,49.93,1,2026-08-24 15:22:19
8876,6,68.8,517.27,0.91,50.06,1,2026-08-24 15:30:19
8877,7,66.11,497.09,0.89,50.08,1,2026-08-24 15:38:19
8878,2,66.68,501.38,0.88,50.08,1,2026-08-24 15:46:19
8879,1,65.19,490.13,0.88,50.01,1,2026-08-24 15:54:19
8880,16,71.28,535.91,0.9,49.94,1,2026-08-24 16:02:19
8881,25,69.61,523.4,0.87,49.98,1,2026-08-24 16:10:19
8882,16,70.27,528.32,0.9,49.95,1,2026-08-24 16:18:19
8883,19,68.51,515.1,0.88,50.0,1,2026-08-24 16:26:19
8884,18,69.15,519.92,0.91,49.94,1,2026-08-24 16:34:19
8885,13,70.1,527.04,0.88,50.02,1,2026-08-24 16:42:19
8886,6,67.53,507.78,0.9,50.07,1,2026-08-24 16:50:19
8887,18,65.83,494.95,0.88,50.03,1,2026-08-24 16:58:19
8888,26,71.47,537.38,0.91,50.1,1,2026-08-24 17:06:19
8889,23,66.96,503.45,0.89,50.06,1,2026-08-24 17:14:19
8890,24,66.72,501.62,0.88,50.03,1,2026-08-24 17:22:19
8891,2,65.01,488.79,0.89,49.94,1,2026-08-24 17:30:19
8892,27,68.15,512.41,0.9,50.06,1,2026-08-24 17:38:19
8893,15,69.13,519.79,0.9,50.03,1,2026-08-24 17:46:19
8894,12,71.8,539.84,0.9,50.02,1,2026-08-24 17:54:19
8895,23,68.28,513.37,0.89,50.0,1,2026-08-24 18:02:19
8896,15,68.87,517.84,0.89,50.09,1,2026-08-24 18:10:19
8897,21,68.99,518.72,0.9,49.96,1,2026-08-24 18:18:19
8898,12,68.66,516.21,0.91,50.07,1,2026-08-24 18:26:19
8899,15,65.19,490.12,0.91,49.91,1,2026-08-24 18:34:19
8900,10,65.44,492.03,0.89,49.91,1,2026-08-24 18:42:19
8901,22,67.44,507.06,0.88,50.05,1,2026-08-24 18:50:19
8902,29,66.51,500.11,0.9,50.0,1,2026-08-24 18:58:19
8903,21,68.13,512.27,0.89,49.91,1,2026-08-24 19:06:19
8904,8,64.31,483.56,0.88,50.09,1,2026-08-24 19:14:19
8905,29,66.29,498.43,0.91,49.97,1,2026-08-24 19:22:19
8906,10,69.89,525.51,0.9,50.05,1,2026-08-24 19:30:19
8907,29,71.73,539.29,0.88,50.07,1,2026-08-24 19:38:19
8908,11,69.81,524.92,0.88,49.93,1,2026-08-24 19:46:19
8909,7,70.17,527.59,0.89,49.96,1,2026-08-24 19:54:19
8910,4,70.12,527.24,0.9,49.95,1,2026-08-24 20:02:19
8911,7,69.33,521.31,0.9,50.0,1,2026-08-24 20:10:19
8912,28,64.24,483.03,0.91,50.03,1,2026-08-24 20:18:19
8913,25,66.35,498.85,0.88,49.92,1,2026-08-24 20:26:19
8914,20,68.16,512.46,0.91,50.04,1,2026-08-24 20:34:19
8915,6,69.2,520.28,0.87,50.0,1,2026-08-24 20:42:19
8916,12,70.79,532.25,0.89,50.02,1,2026-08-24 20:50:19
8917,26,70.75,531.95,0.9,50.09,1,2026-08-24 20:58:19
8918,2,67.5,507.54,0.9,50.08,1,2026-08-24 21:06:19
8919,20,71.23,535.58,0.88,50.05,1,2026-08-24 21:14:19
8920,13,67.87,510.32,0.89,49.92,1,2026-08-24 21:22:19
8921,18,65.63,493.46,0.9,50.03,1,2026-08-24 21:30:19
8922,9,70.75,531.95,0.89,50.04,1,2026-08-24 21:38:19
8923,14,68.81,517.37,0.91,49.93,1,2026-08-24 21:46:19
8924,24,67.3,506.03,0.88,50.07,1,2026-08-24 21:54:19
8925,20,30.18,226.92,0.93,50.1,0,2026-08-24 22:02:19
8926,6,36.73,276.19,0.91,49.96,0,2026-08-24 22:10:19
8927,14,33.54,252.17,0.91,49.96,0,2026-08-24 22:18:19
8928,4,33.75,253.73,0.91,49.95,0,2026-08-24 22:26:19
8929,20,34.81,261.7,0.93,50.05,0,2026-08-24 22:34:19
8930,22,30.21,227.15,0.95,50.08,0,2026-08-24 22:42:19
8931,28,32.92,247.54,0.93,50.02,0,2026-08-24 22:50:19
8932,28,31.76,238.81,0.93,49.95,0,2026-08-24 22:58:19
8933,7,31.38,235.94,0.93,49.93,0,2026-08-24 23:06:19
8934,2,37.97,285.49,0.91,50.07,0,2026-08-24 23:14:19
8935,20,31.95,240.25,0.94,50.05,0,2026-08-24 23:22:19
8936,15,32.71,245.95,0.92,49.95,0,2026-08-24 23:30:19
8937,19,30.69,230.72,0.93,50.03,0,2026-08-24 23:38:19
8938,5,33.97,255.41,0.94,49.95,0,2026-08-24 23:46:19
8939,24,34.42,258.79,0.92,50.06,0,2026-08-24 23:54:19
8940,3,33.91,254.95,0.92,49.94,0,2026-08-25 00:02:19
8941,16,33.57,252.37,0.92,49.96,0,2026-08-25 00:10:19
8942,6,30.07,226.07,0.92,49.93,0,2026-08-25 00:18:19
8943,15,32.6,245.1,0.95,49.94,0,2026-08-25 00:26:19
8944,24,33.47,251.62,0.93,50.04,0,2026-08-25 00:34:19
8945,30,32.45,243.98,0.95,49.91,0,2026-08-25 00:42:19
8946,30,37.13,279.15,0.91,50.09,0,2026-08-25 00:50:19
8947,7,31.64,237.93,0.95,50.01,0,2026-08-25 00:58:19
8948,13,37.46,281.68,0.92,50.04,0,2026-08-25 01:06:19
8949,2,31.57,237.35,0.94,50.0,0,2026-08-25 01:14:19
8950,13,30.44,228.9,0.93,50.06,0,2026-08-25 01:22:19
8951,21,35.49,266.85,0.94,49.92,0,2026-08-25 01:30:19
8952,9,31.75,238.74,0.94,49.99,0,2026-08-25 01:38:19
8953,24,35.9,269.96,0.93,49.9,0,2026-08-25 01:46:19
8954,23,30.97,232.86,0.93,49.96,0,2026-08-25 01:54:19
8955,21,33.59,252.54,0.92,50.01,0,2026-08-25 02:02:19
8956,27,34.1,256.4,0.93,49.94,0,2026-08-25 02:10:19
8957,18,33.73,253.6,0.92,49.9,0,2026-08-25 02:18:19
8958,27,34.37,258.39,0.91,49.91,0,2026-08-25 02:26:19
8959,12,37.46,281.62,0.92,50.03,0,2026-08-25 02:34:19
8960,19,37.87,284.77,0.93,49.96,0,2026-08-25 02:42:19
8961,24,36.18,272.02,0.94,49.91,0,2026-08-25 02:50:19
8962,2,30.43,228.76,0.94,49.99,0,2026-08-25 02:58:19
8963,19,33.13,249.07,0.92,49.91,0,2026-08-25 03:06:19
8964,14,35.84,269.51,0.92,50.01,0,2026-08-25 03:14:19
8965,3,30.97,232.88,0.91,49.97,0,2026-08-25 03:22:19
8966,6,37.92,285.14,0.91,49.95,0,2026-08-25 03:30:19
8967,26,35.15,264.28,0.93,49.98,0,2026-08-25 03:38:19
8968,7,30.7,230.79,0.91,50.07,0,2026-08-25 03:46:19
8969,29,37.49,281.89,0.92,49.98,0,2026-08-25 03:54:19
8970,17,34.0,255.64,0.92,49.91,0,2026-08-25 04:02:19
8971,8,37.27,280.19,0.94,50.09,0,2026-08-25 04:10:19
8972,9,34.62,260.32,0.92,49.91,0,2026-08-25 04:18:19
8973,2,31.86,239.52,0.93,50.09,0,2026-08-25 04:26:19
8974,13,36.24,272.46,0.94,50.01,0,2026-08-25 04:34:19
8975,27,32.66,245.57,0.91,50.03,0,2026-08-25 04:42:19
8976,9,33.62,252.79,0.92,50.09,0,2026-08-25 04:50:19
8977,18,36.03,270.87,0.94,50.05,0,2026-08-25 04:58:19
8978,5,35.74,268.75,0.91,49.94,0,2026-08-25 05:06:19
8979,23,32.33,243.08,0.92,50.05,0,2026-08-25 05:14:19
8980,8,32.13,241.55,0.91,49.9,0,2026-08-25 05:22:19
8981,9,30.5,229.35,0.92,50.09,0,2026-08-25 05:30:19
8982,9,36.43,273.92,0.91,50.06,0,2026-08-25 05:38:19
8983,11,32.78,246.46,0.93,50.02,0,2026-08-25 05:46:19
8984,9,32.31,242.91,0.94,50.01,0,2026-08-25 05:54:19
8985,7,32.9,247.38,0.94,49.96,0,2026-08-25 06:02:19
8986,2,33.31,250.44,0.92,50.07,0,2026-08-25 06:10:19
8987,20,34.54,259.67,0.91,50.09,0,2026-08-25 06:18:19
8988,10,35.86,269.65,0.94,50.02,0,2026-08-25 06:26:19
8989,4,37.29,280.37,0.93,49.98,0,2026-08-25 06:34:19
8990,24,32.46,244.05,0.95,49.9,0,2026-08-25 06:42:19
8991,14,35.93,270.16,0.92,50.02,0,2026-08-25 06:50:19
8992,12,34.14,256.71,0.94,50.08,0,2026-08-25 06:58:19
8993,17,36.73,276.18,0.94,49.93,0,2026-08-25 07:06:19
8994,4,31.69,238.27,0.92,49.95,0,2026-08-25 07:14:19
8995,7,33.76,253.85,0.92,50.06,0,2026-08-25 07:22:19
8996,25,30.55,229.72,0.92,49.99,0,2026-08-25 07:30:19
8997,4,35.83,269.42,0.93,50.02,0,2026-08-25 07:38:19
8998,2,37.94,285.27,0.91,50.07,0,2026-08-25 07:46:19
8999,1,35.96,270.37,0.94,50.03,0,2026-08-25 07:54:19
9000,26,31.62,237.77,0.91,49.95,0,2026-08-25 08:02:19
9001,17,34.24,257.47,0.94,49.96,0,2026-08-25 08:10:19
9002,29,33.75,253.78,0.93,50.1,0,2026-08-25 08:18:19
9003,16,33.5,251.86,0.92,50.0,0,2026-08-25 08:26:19
9004,28,37.85,284.61,0.91,50.06,0,2026-08-25 08:34:19
9005,18,31.62,237.75,0.91,49.93,0,2026-08-25 08:42:19
9006,15,33.17,249.38,0.93,50.02,0,2026-08-25 08:50:19
9007,9,33.9,254.91,0.94,50.01,0,2026-08-25 08:58:19
9008,18,35.7,268.41,0.92,49.95,0,2026-08-25 09:06:19
9009,8,37.97,285.51,0.91,50.05,0,2026-08-25 09:14:19
9010,8,33.4,251.11,0.91,49.93,0,2026-08-25 09:22:19
9011,26,30.73,231.09,0.92,50.03,0,2026-08-25 09:30:19
9012,26,36.5,274.4,0.93,50.09,0,2026-08-25 09:38:19
9013,21,36.09,271.35,0.91,49.95,0,2026-08-25 09:46:19
9014,23,31.98,240.45,0.92,50.02,0,2026-08-25 09:54:19
9015,17,36.08,271.31,0.91,50.0,0,2026-08-25 10:02:19
9016,24,31.77,238.87,0.93,50.03,0,2026-08-25 10:10:19
9017,19,30.25,227.41,0.91,50.04,0,2026-08-25 10:18:19
9018,15,33.06,248.54,0.93,50.02,0,2026-08-25 10:26:19
9019,14,37.89,284.85,0.91,50.07,0,2026-08-25 10:34:19
9020,23,31.79,239.01,0.95,49.93,0,2026-08-25 10:42:19
9021,29,30.93,232.52,0.93,50.02,0,2026-08-25 10:50:19
9022,29,30.18,226.89,0.95,50.06,0,2026-08-25 10:58:19
9023,26,37.64,282.99,0.93,50.05,0,2026-08-25 11:06:19
9024,27,34.09,256.35,0.94,50.09,0,2026-08-25 11:14:19
9025,23,33.31,250.44,0.93,50.02,0,2026-08-25 11:22:19
9026,19,34.48,259.26,0.94,49.93,0,2026-08-25 11:30:19
9027,12,35.28,265.23,0.92,50.02,0,2026-08-25 11:38:19
9028,15,33.86,254.59,0.94,50.05,0,2026-08-25 11:46:19
9029,2,30.68,230.7,0.94,50.08,0,2026-08-25 11:54:19
9030,3,35.64,267.94,0.94,50.06,0,2026-08-25 12:02:19
9031,27,36.27,272.74,0.92,50.02,0,2026-08-25 12:10:19
9032,30,31.11,233.9,0.92,49.95,0,2026-08-25 12:18:19
9033,29,36.76,276.4,0.91,50.06,0,2026-08-25 12:26:19
9034,1,31.14,234.14,0.92,50.07,0,2026-08-25 12:34:19
9035,30,30.57,229.85,0.94,49.98,0,2026-08-25 12:42:19
9036,24,33.2,249.59,0.93,49.92,0,2026-08-25 12:50:19
9037,9,37.67,283.24,0.92,50.0,0,2026-08-25 12:58:19
9038,25,37.9,284.97,0.94,50.05,0,2026-08-25 13:06:19
9039,30,37.92,285.11,0.92,49.98,0,2026-08-25 13:14:19
9040,23,37.71,283.5,0.91,50.06,0,2026-08-25 13:22:19
9041,17,33.5,251.86,0.91,50.06,0,2026-08-25 13:30:19
9042,10,30.19,226.98,0.94,50.07,0,2026-08-25 13:38:19
9043,28,37.68,283.31,0.92,49.96,0,2026-08-25 13:46:19
9044,30,33.38,250.98,0.92,49.96,0,2026-08-25 13:54:19
9045,16,65.58,493.05,0.89,49.94,1,2026-08-25 14:02:19
9046,15,68.15,512.37,0.89,50.01,1,2026-08-25 14:10:19
9047,11,71.54,537.91,0.9,50.01,1,2026-08-25 14:18:19
9048,4,69.07,519.3,0.91,50.08,1,2026-08-25 14:26:19
9049,22,65.89,495.44,0.91,49.96,1,2026-08-25 14:34:19
9050,26,70.04,526.62,0.89,50.03,1,2026-08-25 14:42:19
9051,6,64.32,483.64,0.91,49.91,1,2026-08-25 14:50:19
9052,9,70.56,530.52,0.89,49.97,1,2026-08-25 14:58:19
9053,4,64.42,484.34,0.9,50.05,1,2026-08-25 15:06:19
9054,25,68.69,516.49,0.87,49.91,1,2026-08-25 15:14:19
9055,1,68.18,512.64,0.88,49.95,1,2026-08-25 15:22:19
9056,25,66.34,498.82,0.88,49.92,1,2026-08-25 15:30:19
9057,12,71.74,539.39,0.88,49.96,1,2026-08-25 15:38:19
9058,5,66.7,501.5,0.89,50.03,1,2026-08-25 15:46:19
9059,8,69.56,522.97,0.88,50.09,1,2026-08-25 15:54:19
9060,22,69.33,521.31,0.88,50.01,1,2026-08-25 16:02:19
9061,5,70.67,531.34,0.88,50.06,1,2026-08-25 16:10:19
9062,13,68.47,514.81,0.88,50.05,1,2026-08-25 16:18:19
9063,8,65.42,491.85,0.91,50.03,1,2026-08-25 16:26:19
9064,6,68.08,511.88,0.9,49.98,1,2026-08-25 16:34:19
9065,13,69.46,522.24,0.9,50.01,1,2026-08-25 16:42:19
9066,19,67.33,506.25,0.88,49.97,1,2026-08-25 16:50:19
9067,15,71.95,540.96,0.88,50.05,1,2026-08-25 16:58:19
9068,12,64.25,483.09,0.91,49.92,1,2026-08-25 17:06:19
9069,25,65.91,495.56,0.88,50.07,1,2026-08-25 17:14:19
9070,21,70.2,527.8,0.88,50.03,1,2026-08-25 17:22:19
9071,19,68.54,515.32,0.9,50.06,1,2026-08-25 17:30:19
9072,7,65.95,495.9,0.89,50.07,1,2026-08-25 17:38:19
9073,17,64.94,488.25,0.88,50.06,1,2026-08-25 17:46:19
9074,8,69.65,523.72,0.9,50.09,1,2026-08-25 17:54:19
9075,23,70.37,529.1,0.89,50.09,1,2026-08-25 18:02:19
9076,7,71.69,539.0,0.87,50.09,1,2026-08-25 18:10:19
9077,27,67.09,504.47,0.9,50.02,1,2026-08-25 18:18:19
9078,11,66.8,502.28,0.88,50.08,1,2026-08-25 18:26:19
9079,22,65.99,496.18,0.91,50.05,1,2026-08-25 18:34:19
9080,5,70.25,528.22,0.87,50.08,1,2026-08-25 18:42:19
9081,12,68.41,514.35,0.88,50.01,1,2026-08-25 18:50:19
9082,23,67.86,510.25,0.88,49.96,1,2026-08-25 18:58:19
9083,13,71.54,537.93,0.88,50.09,1,2026-08-25 19:06:19
9084,21,67.59,508.18,0.91,50.0,1,2026-08-25 19:14:19
9085,22,65.24,490.5,0.89,49.96,1,2026-08-25 19:22:19
9086,28,65.99,496.16,0.9,49.99,1,2026-08-25 19:30:19
9087,10,71.68,538.94,0.89,50.03,1,2026-08-25 19:38:19
9088,1,67.55,507.93,0.88,49.99,1,2026-08-25 19:46:19
9089,4,71.44,537.16,0.9,50.1,1,2026-08-25 19:54:19
9090,1,70.43,529.57,0.88,50.01,1,2026-08-25 20:02:19
9091,23,66.5,499.98,0.9,49.94,1,2026-08-25 20:10:19
9092,20,67.13,504.75,0.9,49.92,1,2026-08-25 20:18:19
9093,4,69.75,524.44,0.89,50.0,1,2026-08-25 20:26:19
9094,26,71.21,535.44,0.88,50.07,1,2026-08-25 20:34:19
9095,1,64.57,485.51,0.88,50.05,1,2026-08-25 20:42:19
9096,3,67.95,510.89,0.9,49.94,1,2026-08-25 20:50:19
9097,12,66.72,501.62,0.88,50.08,1,2026-08-25 20:58:19
9098,25,70.6,530.79,0.91,50.05,1,2026-08-25 21:06:19
9099,23,65.55,492.86,0.9,49.98,1,2026-08-25 21:14:19
9100,23,68.25,513.19,0.9,50.01,1,2026-08-25 21:22:19
9101,25,72.04,541.63,0.9,49.92,1,2026-08-25 21:30:19
9102,17,69.67,523.84,0.88,49.93,1,2026-08-25 21:38:19
9103,21,64.79,487.12,0.88,50.08,1,2026-08-25 21:46:19
9104,11,69.04,519.08,0.91,49.92,1,2026-08-25 21:54:19
9105,28,35.16,264.39,0.94,50.05,0,2026-08-25 22:02:19
9106,10,35.15,264.3,0.94,50.0,0,2026-08-25 22:10:19
9107,15,37.05,278.6,0.91,49.93,0,2026-08-25 22:18:19
9108,2,33.82,254.29,0.91,49.94,0,2026-08-25 22:26:19
9109,11,30.22,227.21,0.93,50.09,0,2026-08-25 22:34:19
9110,30,32.6,245.13,0.94,49.95,0,2026-08-25 22:42:19
9111,8,33.26,250.08,0.92,50.0,0,2026-08-25 22:50:19
9112,3,34.75,261.28,0.93,50.03,0,2026-08-25 22:58:19
9113,11,31.88,239.7,0.95,50.03,0,2026-08-25 23:06:19
9114,26,32.64,245.4,0.94,50.08,0,2026-08-25 23:14:19
9115,6,36.58,275.03,0.92,50.08,0,2026-08-25 23:22:19
9116,5,30.27,227.63,0.93,50.09,0,2026-08-25 23:30:19
9117,22,35.93,270.14,0.92,49.94,0,2026-08-25 23:38:19
9118,28,35.45,266.57,0.92,49.92,0,2026-08-25 23:46:19
9119,3,37.06,278.61,0.93,50.06,0,2026-08-25 23:54:19
9120,8,32.68,245.7,0.92,49.92,0,2026-08-26 00:02:19
9121,26,37.46,281.67,0.93,50.0,0,2026-08-26 00:10:19
9122,10,38.02,285.9,0.92,49.91,0,2026-08-26 00:18:19
9123,19,36.12,271.56,0.92,49.93,0,2026-08-26 00:26:19
9124,17,30.85,231.93,0.93,50.03,0,2026-08-26 00:34:19
9125,21,36.67,275.7,0.93,49.93,0,2026-08-26 00:42:19
9126,20,32.58,244.95,0.92,50.0,0,2026-08-26 00:50:19
9127,25,33.01,248.22,0.94,50.0,0,2026-08-26 00:58:19
9128,18,30.54,229.66,0.95,49.93,0,2026-08-26 01:06:19
9129,23,30.93,232.56,0.94,49.95,0,2026-08-26 01:14:19
9130,13,36.77,276.44,0.93,49.91,0,2026-08-26 01:22:19
9131,14,36.03,270.89,0.92,49.94,0,2026-08-26 01:30:19
9132,25,36.33,273.13,0.93,49.95,0,2026-08-26 01:38:19
9133,12,31.03,233.28,0.94,50.0,0,2026-08-26 01:46:19
9134,1,36.78,276.55,0.93,50.09,0,2026-08-26 01:54:19
9135,15,36.29,272.82,0.94,50.04,0,2026-08-26 02:02:19
9136,4,37.66,283.14,0.92,49.91,0,2026-08-26 02:10:19
9137,23,31.88,239.69,0.93,50.0,0,2026-08-26 02:18:19
9138,7,35.86,269.63,0.94,49.9,0,2026-08-26 02:26:19
9139,11,37.6,282.68,0.94,50.0,0,2026-08-26 02:34:19
9140,10,32.62,245.25,0.92,50.03,0,2026-08-26 02:42:19
9141,13,30.82,231.7,0.95,50.02,0,2026-08-26 02:50:19
9142,3,34.33,258.11,0.91,50.08,0,2026-08-26 02:58:19
9143,7,38.0,285.72,0.93,49.98,0,2026-08-26 03:06:19
9144,17,32.12,241.49,0.91,50.01,0,2026-08-26 03:14:19
9145,2,31.58,237.42,0.94,49.98,0,2026-08-26 03:22:19
9146,23,32.91,247.42,0.93,49.9,0,2026-08-26 03:30:19
9147,14,36.17,271.92,0.94,50.02,0,2026-08-26 03:38:19
9148,18,38.02,285.89,0.91,50.02,0,2026-08-26 03:46:19
9149,13,35.34,265.69,0.91,49.9,0,2026-08-26 03:54:19
9150,2,36.9,277.46,0.9,50.02,0,2026-08-26 04:02:19
9151,27,34.96,262.85,0.94,49.93,0,2026-08-26 04:10:19
9152,29,33.13,249.07,0.94,50.05,0,2026-08-26 04:18:19
9153,30,30.41,228.61,0.92,50.04,0,2026-08-26 04:26:19
9154,25,33.27,250.16,0.94,50.02,0,2026-08-26 04:34:19
9155,1,33.24,249.92,0.92,50.07,0,2026-08-26 04:42:19
9156,3,34.01,255.71,0.93,49.99,0,2026-08-26 04:50:19
9157,1,33.59,252.57,0.94,50.03,0,2026-08-26 04:58:19
9158,15,30.54,229.63,0.94,49.91,0,2026-08-26 05:06:19
9159,13,33.55,252.29,0.91,50.1,0,2026-08-26 05:14:19
9160,1,34.33,258.09,0.94,50.0,0,2026-08-26 05:22:19
9161,14,32.05,241.0,0.93,49.93,0,2026-08-26 05:30:19
9162,19,37.82,284.37,0.94,50.09,0,2026-08-26 05:38:19
9163,8,36.22,272.36,0.91,49.94,0,2026-08-26 05:46:19
9164,21,34.22,257.31,0.93,49.95,0,2026-08-26 05:54:19
9165,15,32.5,244.34,0.94,49.93,0,2026-08-26 06:02:19
9166,6,32.37,243.41,0.93,50.01,0,2026-08-26 06:10:19
9167,27,34.15,256.76,0.93,49.94,0,2026-08-26 06:18:19
9168,20,34.02,255.78,0.91,49.98,0,2026-08-26 06:26:19
9169,22,31.04,233.35,0.92,50.0,0,2026-08-26 06:34:19
9170,5,36.25,272.55,0.94,50.08,0,2026-08-26 06:42:19
9171,21,37.11,279.05,0.94,50.1,0,2026-08-26 06:50:19
9172,24,33.08,248.74,0.95,49.94,0,2026-08-26 06:58:19
9173,19,35.78,269.02,0.93,50.02,0,2026-08-26 07:06:19
9174,22,31.64,237.89,0.94,49.94,0,2026-08-26 07:14:19
9175,26,37.4,281.18,0.94,49.92,0,2026-08-26 07:22:19
9176,27,34.44,258.98,0.92,50.04,0,2026-08-26 07:30:19
9177,13,36.35,273.31,0.92,50.0,0,2026-08-26 07:38:19
9178,2,31.27,235.08,0.94,50.06,0,2026-08-26 07:46:19
9179,21,37.67,283.22,0.92,50.03,0,2026-08-26 07:54:19
9180,28,35.06,263.63,0.94,50.08,0,2026-08-26 08:02:19
9181,4,30.78,231.45,0.94,49.98,0,2026-08-26 08:10:19
9182,23,37.59,282.66,0.91,50.04,0,2026-08-26 08:18:19
9183,2,36.33,273.19,0.91,50.03,0,2026-08-26 08:26:19
9184,24,36.1,271.43,0.94,50.07,0,2026-08-26 08:34:19
9185,17,35.82,269.36,0.9,50.01,0,2026-08-26 08:42:19
9186,3,37.16,279.41,0.93,49.97,0,2026-08-26 08:50:19
9187,29,30.33,228.05,0.93,49.93,0,2026-08-26 08:58:19
9188,2,35.14,264.24,0.92,50.08,0,2026-08-26 09:06:19
9189,3,37.42,281.35,0.94,50.07,0,2026-08-26 09:14:19
9190,24,32.89,247.26,0.91,49.95,0,2026-08-26 09:22:19
9191,12,30.85,231.94,0.92,49.95,0,2026-08-26 09:30:19
9192,26,33.57,252.43,0.91,50.04,0,2026-08-26 09:38:19
9193,25,37.21,279.8,0.91,49.94,0,2026-08-26 09:46:19
9194,25,35.44,266.45,0.91,50.04,0,2026-08-26 09:54:19
9195,2,33.51,251.97,0.93,49.91,0,2026-08-26 10:02:19
9196,7,34.43,258.87,0.93,50.01,0,2026-08-26 10:10:19
9197,2,32.88,247.22,0.94,50.07,0,2026-08-26 10:18:19
9198,3,38.01,285.77,0.94,50.03,0,2026-08-26 10:26:19
9199,14,35.86,269.64,0.94,50.05,0,2026-08-26 10:34:19
9200,25,30.06,226.05,0.94,49.94,0,2026-08-26 10:42:19
9201,3,32.08,241.23,0.92,50.01,0,2026-08-26 10:50:19
9202,5,31.03,233.3,0.93,50.09,0,2026-08-26 10:58:19
9203,17,34.35,258.27,0.93,50.0,0,2026-08-26 11:06:19
9204,8,36.39,273.61,0.91,50.03,0,2026-08-26 11:14:19
9205,26,35.95,270.33,0.93,49.93,0,2026-08-26 11:22:19
9206,2,31.0,233.11,0.95,49.96,0,2026-08-26 11:30:19
9207,19,31.42,236.24,0.94,49.91,0,2026-08-26 11:38:19
9208,26,32.97,247.86,0.93,50.02,0,2026-08-26 11:46:19
9209,19,32.14,241.69,0.92,50.03,0,2026-08-26 11:54:19
9210,29,33.89,254.8,0.92,50.08,0,2026-08-26 12:02:19
9211,10,34.39,258.59,0.91,49.91,0,2026-08-26 12:10:19
9212,7,32.87,247.15,0.95,49.92,0,2026-08-26 12:18:19
9213,11,31.96,240.29,0.94,49.93,0,2026-08-26 12:26:19
9214,30,31.6,237.62,0.91,49.97,0,2026-08-26 12:34:19
9215,9,31.15,234.2,0.93,50.08,0,2026-08-26 12:42:19
9216,24,31.82,239.27,0.92,49.93,0,2026-08-26 12:50:19
9217,3,35.41,266.23,0.91,50.03,0,2026-08-26 12:58:19
9218,17,37.02,278.32,0.91,50.08,0,2026-08-26 13:06:19
9219,11,31.15,234.21,0.93,50.0,0,2026-08-26 13:14:19
9220,8,35.08,263.77,0.91,50.0,0,2026-08-26 13:22:19
9221,23,32.22,242.23,0.94,49.94,0,2026-08-26 13:30:19
9222,22,32.88,247.24,0.93,50.08,0,2026-08-26 13:38:19
9223,30,30.56,229.76,0.92,50.02,0,2026-08-26 13:46:19
9224,8,31.01,233.18,0.91,50.01,0,2026-08-26 13:54:19
9225,17,66.58,500.61,0.91,49.91,1,2026-08-26 14:02:19
9226,16,65.25,490.6,0.88,50.0,1,2026-08-26 14:10:19
9227,27,68.91,518.1,0.88,49.98,1,2026-08-26 14:18:19
9228,17,65.27,490.72,0.9,50.03,1,2026-08-26 14:26:19
9229,2,65.51,492.59,0.89,50.02,1,2026-08-26 14:34:19
9230,11,71.72,539.27,0.87,49.93,1,2026-08-26 14:42:19
9231,24,70.92,533.22,0.88,49.93,1,2026-08-26 14:50:19
9232,15,69.9,525.54,0.88,49.97,1,2026-08-26 14:58:19
9233,8,71.73,539.29,0.88,49.99,1,2026-08-26 15:06:19
9234,13,70.63,531.09,0.87,50.03,1,2026-08-26 15:14:19
9235,3,64.55,485.37,0.89,50.09,1,2026-08-26 15:22:19
9236,11,71.35,536.44,0.88,50.1,1,2026-08-26 15:30:19
9237,16,65.02,488.84,0.91,49.98,1,2026-08-26 15:38:19
9238,24,65.27,490.73,0.88,50.06,1,2026-08-26 15:46:19
9239,3,70.12,527.22,0.9,50.09,1,2026-08-26 15:54:19
9240,22,71.55,537.96,0.89,50.0,1,2026-08-26 16:02:19
9241,6,70.75,531.97,0.89,49.97,1,2026-08-26 16:10:19
9242,3,71.41,536.9,0.88,49.97,1,2026-08-26 16:18:19
9243,11,71.37,536.59,0.9,50.03,1,2026-08-26 16:26:19
9244,10,64.94,488.27,0.91,49.97,1,2026-08-26 16:34:19
9245,2,72.06,541.84,0.87,49.94,1,2026-08-26 16:42:19
9246,29,65.53,492.68,0.91,50.07,1,2026-08-26 16:50:19
9247,2,69.22,520.48,0.9,49.98,1,2026-08-26 16:58:19
9248,19,67.26,505.74,0.91,49.94,1,2026-08-26 17:06:19
9249,19,69.95,525.95,0.89,50.02,1,2026-08-26 17:14:19
9250,26,70.98,533.67,0.89,50.04,1,2026-08-26 17:22:19
9251,25,69.23,520.52,0.87,49.94,1,2026-08-26 17:30:19
9252,24,64.87,487.71,0.88,50.01,1,2026-08-26 17:38:19
9253,23,69.59,523.26,0.88,49.93,1,2026-08-26 17:46:19
9254,11,65.38,491.55,0.9,49.99,1,2026-08-26 17:54:19
9255,23,67.48,507.36,0.89,50.02,1,2026-08-26 18:02:19
9256,23,71.44,537.13,0.91,49.97,1,2026-08-26 18:10:19
9257,17,71.51,537.66,0.9,50.05,1,2026-08-26 18:18:19
9258,24,67.84,510.09,0.88,50.05,1,2026-08-26 18:26:19
9259,9,72.03,541.59,0.9,50.01,1,2026-08-26 18:34:19
9260,10,66.16,497.42,0.89,50.04,1,2026-08-26 18:42:19
9261,12,69.11,519.6,0.9,49.97,1,2026-08-26 18:50:19
9262,17,64.35,483.81,0.9,50.05,1,2026-08-26 18:58:19
9263,2,65.42,491.87,0.88,50.08,1,2026-08-26 19:06:19
9264,25,69.22,520.43,0.88,50.0,1,2026-08-26 19:14:19
9265,7,68.06,511.72,0.91,49.99,1,2026-08-26 19:22:19
9266,8,71.65,538.73,0.89,50.04,1,2026-08-26 19:30:19
9267,22,65.93,495.73,0.9,50.07,1,2026-08-26 19:38:19
9268,18,66.65,501.14,0.87,50.03,1,2026-08-26 19:46:19
9269,20,65.12,489.63,0.89,49.93,1,2026-08-26 19:54:19
9270,3,70.41,529.37,0.89,49.96,1,2026-08-26 20:02:19
9271,7,66.13,497.21,0.89,49.96,1,2026-08-26 20:10:19
9272,13,66.16,497.44,0.91,49.98,1,2026-08-26 20:18:19
9273,8,64.14,482.27,0.88,50.08,1,2026-08-26 20:26:19
9274,29,69.96,526.0,0.87,49.97,1,2026-08-26 20:34:19
9275,20,65.27,490.73,0.9,49.9,1,2026-08-26 20:42:19
9276,11,67.95,510.9,0.88,50.02,1,2026-08-26 20:50:19
9277,23,64.9,488.0,0.91,49.95,1,2026-08-26 20:58:19
9278,24,69.46,522.27,0.9,49.92,1,2026-08-26 21:06:19
9279,25,68.59,515.73,0.88,49.96,1,2026-08-26 21:14:19
9280,14,64.56,485.42,0.91,50.08,1,2026-08-26 21:22:19
9281,1,65.92,495.62,0.91,50.07,1,2026-08-26 21:30:19
9282,5,66.73,501.7,0.89,50.0,1,2026-08-26 21:38:19
9283,8,66.96,503.44,0.9,50.07,1,2026-08-26 21:46:19
9284,17,66.9,503.02,0.89,50.05,1,2026-08-26 21:54:19
9285,20,35.45,266.56,0.92,50.1,0,2026-08-26 22:02:19
9286,24,31.95,240.24,0.92,50.02,0,2026-08-26 22:10:19
9287,8,36.5,274.42,0.93,50.01,0,2026-08-26 22:18:19
9288,8,34.8,261.62,0.92,49.92,0,2026-08-26 22:26:19
9289,28,34.49,259.35,0.92,50.02,0,2026-08-26 22:34:19
9290,28,32.05,240.97,0.95,49.92,0,2026-08-26 22:42:19
9291,18,32.94,247.66,0.91,50.02,0,2026-08-26 22:50:19
9292,25,32.32,243.03,0.94,49.97,0,2026-08-26 22:58:19
9293,14,32.06,241.06,0.94,49.93,0,2026-08-26 23:06:19
9294,20,31.43,236.3,0.92,50.01,0,2026-08-26 23:14:19
9295,17,31.68,238.22,0.93,50.03,0,2026-08-26 23:22:19
9296,23,31.3,235.31,0.94,50.04,0,2026-08-26 23:30:19
9297,18,30.73,231.06,0.91,50.02,0,2026-08-26 23:38:19
9298,26,37.75,283.87,0.94,50.04,0,2026-08-26 23:46:19
9299,9,31.3,235.33,0.94,49.98,0,2026-08-26 23:54:19
9300,20,32.95,247.73,0.92,50.02,0,2026-08-27 00:02:19
9301,1,36.8,276.71,0.9,50.0,0,2026-08-27 00:10:19
9302,24,37.19,279.64,0.93,50.02,0,2026-08-27 00:18:19
9303,2,31.32,235.52,0.92,49.97,0,2026-08-27 00:26:19
9304,7,35.03,263.38,0.93,50.0,0,2026-08-27 00:34:19
9305,11,31.5,236.82,0.94,50.01,0,2026-08-27 00:42:19
9306,4,37.97,285.5,0.91,49.98,0,2026-08-27 00:50:19
9307,8,30.09,226.23,0.93,50.06,0,2026-08-27 00:58:19
9308,20,36.62,275.32,0.92,49.94,0,2026-08-27 01:06:19
9309,8,30.79,231.47,0.93,50.02,0,2026-08-27 01:14:19
9310,12,33.9,254.85,0.94,49.93,0,2026-08-27 01:22:19
9311,21,31.94,240.14,0.93,50.05,0,2026-08-27 01:30:19
9312,22,37.69,283.42,0.91,49.99,0,2026-08-27 01:38:19
9313,11,34.32,258.05,0.91,50.01,0,2026-08-27 01:46:19
9314,21,36.08,271.26,0.92,49.95,0,2026-08-27 01:54:19
9315,29,31.83,239.32,0.94,50.08,0,2026-08-27 02:02:19
9316,3,36.25,272.54,0.94,50.06,0,2026-08-27 02:10:19
9317,24,35.12,264.06,0.93,50.07,0,2026-08-27 02:18:19
9318,22,35.37,265.96,0.92,50.03,0,2026-08-27 02:26:19
9319,11,35.65,268.02,0.92,50.05,0,2026-08-27 02:34:19
9320,27,33.39,251.03,0.95,50.05,0,2026-08-27 02:42:19
9321,30,32.56,244.79,0.91,50.02,0,2026-08-27 02:50:19
9322,19,35.02,263.33,0.92,49.98,0,2026-08-27 02:58:19
9323,17,31.51,236.93,0.94,50.02,0,2026-08-27 03:06:19
9324,10,36.4,273.67,0.92,50.09,0,2026-08-27 03:14:19
9325,11,30.62,230.21,0.92,50.01,0,2026-08-27 03:22:19
9326,25,33.61,252.69,0.92,49.95,0,2026-08-27 03:30:19
9327,28,33.23,249.87,0.93,50.06,0,2026-08-27 03:38:19
9328,14,35.46,266.6,0.94,50.0,0,2026-08-27 03:46:19
9329,22,32.09,241.26,0.94,50.07,0,2026-08-27 03:54:19
9330,3,34.76,261.39,0.92,49.96,0,2026-08-27 04:02:19
9331,29,35.96,270.37,0.93,49.93,0,2026-08-27 04:10:19
9332,2,30.36,228.26,0.94,50.1,0,2026-08-27 04:18:19
9333,5,34.65,260.51,0.93,49.96,0,2026-08-27 04:26:19
9334,20,33.56,252.3,0.91,50.01,0,2026-08-27 04:34:19
9335,16,32.26,242.55,0.93,49.96,0,2026-08-27 04:42:19
9336,9,37.32,280.61,0.92,49.92,0,2026-08-27 04:50:19
9337,13,32.68,245.74,0.94,49.96,0,2026-08-27 04:58:19
9338,8,31.99,240.53,0.91,49.91,0,2026-08-27 05:06:19
9339,1,34.46,259.08,0.92,49.92,0,2026-08-27 05:14:19
9340,18,33.25,249.97,0.92,50.05,0,2026-08-27 05:22:19
9341,17,31.26,235.03,0.94,50.09,0,2026-08-27 05:30:19
9342,5,34.33,258.13,0.92,49.92,0,2026-08-27 05:38:19
9343,14,34.72,261.08,0.94,49.93,0,2026-08-27 05:46:19
9344,13,34.49,259.3,0.91,50.05,0,2026-08-27 05:54:19
9345,24,32.96,247.81,0.91,50.07,0,2026-08-27 06:02:19
9346,4,33.16,249.33,0.93,49.91,0,2026-08-27 06:10:19
9347,12,36.59,275.15,0.94,49.97,0,2026-08-27 06:18:19
9348,20,36.13,271.64,0.94,50.09,0,2026-08-27 06:26:19
9349,22,31.45,236.48,0.94,50.01,0,2026-08-27 06:34:19
9350,7,36.45,274.03,0.94,50.06,0,2026-08-27 06:42:19
9351,16,35.1,263.93,0.93,50.05,0,2026-08-27 06:50:19
9352,23,31.17,234.35,0.94,49.99,0,2026-08-27 06:58:19
9353,15,34.94,262.72,0.94,49.91,0,2026-08-27 07:06:19
9354,5,36.62,275.37,0.94,50.03,0,2026-08-27 07:14:19
9355,6,32.37,243.4,0.91,50.05,0,2026-08-27 07:22:19
9356,6,31.87,239.66,0.91,50.05,0,2026-08-27 07:30:19
9357,10,36.89,277.36,0.94,50.05,0,2026-08-27 07:38:19
9358,20,36.05,271.08,0.92,50.05,0,2026-08-27 07:46:19
9359,2,32.44,243.91,0.94,50.03,0,2026-08-27 07:54:19
9360,30,30.34,228.09,0.92,50.03,0,2026-08-27 08:02:19
9361,11,33.22,249.76,0.91,50.07,0,2026-08-27 08:10:19
9362,28,32.53,244.57,0.91,49.98,0,2026-08-27 08:18:19
9363,23,33.58,252.48,0.93,49.91,0,2026-08-27 08:26:19
9364,27,32.3,242.88,0.91,49.98,0,2026-08-27 08:34:19
9365,22,30.69,230.73,0.92,50.01,0,2026-08-27 08:42:19
9366,24,33.55,252.27,0.94,50.09,0,2026-08-27 08:50:19
9367,9,37.32,280.57,0.93,49.92,0,2026-08-27 08:58:19
9368,30,30.61,230.16,0.95,50.01,0,2026-08-27 09:06:19
9369,15,30.12,226.5,0.91,50.0,0,2026-08-27 09:14:19
9370,19,32.02,240.73,0.94,50.05,0,2026-08-27 09:22:19
9371,23,30.83,231.83,0.94,50.07,0,2026-08-27 09:30:19
9372,11,35.41,266.25,0.91,49.91,0,2026-08-27 09:38:19
9373,14,33.01,248.17,0.95,50.06,0,2026-08-27 09:46:19
9374,20,37.69,283.37,0.93,50.0,0,2026-08-27 09:54:19
9375,8,35.17,264.47,0.93,50.07,0,2026-08-27 10:02:19
9376,13,36.73,276.16,0.93,50.03,0,2026-08-27 10:10:19
9377,16,33.53,252.14,0.92,50.03,0,2026-08-27 10:18:19
9378,13,37.88,284.84,0.91,49.98,0,2026-08-27 10:26:19
9379,4,31.26,235.03,0.93,50.0,0,2026-08-27 10:34:19
9380,25,33.17,249.43,0.91,50.07,0,2026-08-27 10:42:19
9381,13,32.94,247.66,0.94,50.03,0,2026-08-27 10:50:19
9382,16,34.88,262.27,0.92,49.96,0,2026-08-27 10:58:19
9383,30,32.28,242.71,0.94,49.93,0,2026-08-27 11:06:19
9384,8,34.51,259.49,0.94,50.03,0,2026-08-27 11:14:19
9385,17,35.69,268.36,0.92,49.99,0,2026-08-27 11:22:19
9386,6,35.07,263.71,0.94,50.0,0,2026-08-27 11:30:19
9387,29,37.11,279.03,0.92,50.0,0,2026-08-27 11:38:19
9388,2,33.2,249.63,0.94,50.01,0,2026-08-27 11:46:19
9389,9,33.92,255.02,0.92,49.95,0,2026-08-27 11:54:19
9390,5,34.81,261.71,0.94,50.02,0,2026-08-27 12:02:19
9391,25,36.48,274.28,0.93,50.06,0,2026-08-27 12:10:19
9392,15,30.06,226.05,0.92,50.08,0,2026-08-27 12:18:19
9393,12,37.65,283.07,0.9,50.0,0,2026-08-27 12:26:19
9394,19,37.77,283.97,0.92,50.1,0,2026-08-27 12:34:19
9395,8,30.61,230.15,0.92,49.9,0,2026-08-27 12:42:19
9396,22,34.34,258.17,0.93,49.98,0,2026-08-27 12:50:19
9397,3,32.29,242.77,0.94,50.04,0,2026-08-27 12:58:19
9398,21,33.25,249.98,0.91,50.05,0,2026-08-27 13:06:19
9399,5,34.49,259.32,0.93,50.0,0,2026-08-27 13:14:19
9400,26,34.3,257.87,0.95,50.09,0,2026-08-27 13:22:19
9401,20,31.19,234.5,0.92,50.02,0,2026-08-27 13:30:19
9402,6,38.01,285.82,0.91,50.08,0,2026-08-27 13:38:19
9403,27,34.59,260.04,0.93,50.06,0,2026-08-27 13:46:19
9404,9,35.11,263.96,0.94,49.98,0,2026-08-27 13:54:19
9405,7,65.54,492.8,0.88,49.92,1,2026-08-27 14:02:19
9406,29,67.14,504.83,0.88,49.94,1,2026-08-27 14:10:19
9407,8,67.99,511.24,0.91,50.02,1,2026-08-27 14:18:19
9408,16,65.88,495.35,0.89,49.96,1,2026-08-27 14:26:19
9409,23,64.27,483.21,0.89,50.05,1,2026-08-27 14:34:19
9410,23,64.65,486.07,0.91,49.93,1,2026-08-27 14:42:19
9411,28,68.83,517.52,0.9,49.95,1,2026-08-27 14:50:19
9412,2,71.25,535.74,0.88,50.04,1,2026-08-27 14:58:19
9413,2,68.28,513.41,0.88,49.99,1,2026-08-27 15:06:19
9414,6,68.13,512.26,0.9,49.92,1,2026-08-27 15:14:19
9415,27,68.66,516.25,0.89,50.07,1,2026-08-27 15:22:19
9416,22,64.32,483.6,0.9,49.96,1,2026-08-27 15:30:19
9417,21,70.54,530.39,0.89,49.92,1,2026-08-27 15:38:19
9418,7,70.97,533.63,0.88,50.03,1,2026-08-27 15:46:19
9419,12,64.62,485.87,0.88,49.91,1,2026-08-27 15:54:19
9420,25,69.57,523.06,0.88,49.9,1,2026-08-27 16:02:19
9421,25,67.76,509.48,0.9,49.91,1,2026-08-27 16:10:19
9422,19,70.77,532.12,0.91,50.03,1,2026-08-27 16:18:19
9423,24,70.05,526.67,0.87,49.93,1,2026-08-27 16:26:19
9424,18,70.32,528.72,0.9,49.94,1,2026-08-27 16:34:19
9425,2,65.35,491.33,0.89,50.04,1,2026-08-27 16:42:19
9426,22,66.33,498.72,0.89,50.08,1,2026-08-27 16:50:19
9427,3,71.42,536.99,0.88,50.0,1,2026-08-27 16:58:19
9428,14,67.51,507.57,0.91,50.05,1,2026-08-27 17:06:19
9429,24,68.25,513.15,0.91,49.95,1,2026-08-27 17:14:19
9430,14,70.38,529.16,0.91,50.07,1,2026-08-27 17:22:19
9431,26,71.86,540.28,0.89,50.09,1,2026-08-27 17:30:19
9432,26,67.89,510.45,0.88,49.98,1,2026-08-27 17:38:19
9433,24,69.45,522.16,0.9,49.9,1,2026-08-27 17:46:19
9434,7,68.04,511.55,0.9,49.91,1,2026-08-27 17:54:19
9435,22,71.95,541.0,0.88,49.94,1,2026-08-27 18:02:19
9436,20,65.86,495.16,0.9,50.06,1,2026-08-27 18:10:19
9437,2,69.12,519.67,0.9,50.05,1,2026-08-27 18:18:19
9438,30,71.6,538.37,0.87,50.04,1,2026-08-27 18:26:19
9439,23,69.1,519.52,0.91,50.01,1,2026-08-27 18:34:19
9440,28,66.75,501.9,0.89,49.95,1,2026-08-27 18:42:19
9441,24,68.28,513.35,0.9,49.97,1,2026-08-27 18:50:19
9442,10,64.28,483.29,0.9,49.91,1,2026-08-27 18:58:19
9443,16,70.19,527.76,0.87,50.06,1,2026-08-27 19:06:19
9444,13,69.15,519.9,0.89,49.92,1,2026-08-27 19:14:19
9445,20,68.83,517.54,0.88,49.94,1,2026-08-27 19:22:19
9446,10,69.18,520.18,0.87,49.96,1,2026-08-27 19:30:19
9447,22,65.18,490.07,0.88,49.93,1,2026-08-27 19:38:19
9448,15,64.77,486.97,0.89,50.0,1,2026-08-27 19:46:19
9449,17,70.99,533.79,0.88,49.93,1,2026-08-27 19:54:19
9450,14,66.32,498.61,0.91,50.03,1,2026-08-27 20:02:19
9451,21,64.42,484.36,0.91,50.04,1,2026-08-27 20:10:19
9452,10,69.32,521.2,0.88,50.01,1,2026-08-27 20:18:19
9453,19,68.25,513.14,0.87,49.91,1,2026-08-27 20:26:19
9454,10,69.22,520.44,0.9,49.9,1,2026-08-27 20:34:19
9455,15,71.45,537.23,0.88,50.02,1,2026-08-27 20:42:19
9456,1,64.6,485.75,0.88,50.05,1,2026-08-27 20:50:19
9457,11,67.54,507.79,0.91,50.07,1,2026-08-27 20:58:19
9458,4,64.55,485.35,0.91,50.07,1,2026-08-27 21:06:19
9459,10,68.66,516.25,0.89,50.02,1,2026-08-27 21:14:19
9460,13,66.94,503.28,0.9,50.1,1,2026-08-27 21:22:19
9461,1,67.54,507.82,0.88,50.05,1,2026-08-27 21:30:19
9462,23,65.3,490.95,0.91,50.06,1,2026-08-27 21:38:19
9463,1,66.53,500.19,0.89,50.04,1,2026-08-27 21:46:19
9464,18,64.96,488.44,0.88,50.08,1,2026-08-27 21:54:19
9465,6,30.41,228.63,0.93,50.06,0,2026-08-27 22:02:19
9466,15,35.33,265.67,0.94,49.99,0,2026-08-27 22:10:19
9467,16,36.47,274.22,0.92,50.02,0,2026-08-27 22:18:19
9468,4,32.45,243.95,0.93,50.04,0,2026-08-27 22:26:19
9469,2,36.9,277.47,0.91,50.01,0,2026-08-27 22:34:19
9470,14,37.56,282.41,0.94,50.05,0,2026-08-27 22:42:19
9471,16,38.0,285.73,0.92,50.08,0,2026-08-27 22:50:19
9472,14,37.52,282.13,0.93,49.92,0,2026-08-27 22:58:19
9473,2,31.52,237.0,0.91,50.07,0,2026-08-27 23:06:19
9474,7,36.82,276.86,0.91,50.04,0,2026-08-27 23:14:19
9475,4,31.59,237.55,0.92,50.07,0,2026-08-27 23:22:19
9476,5,32.03,240.81,0.91,49.95,0,2026-08-27 23:30:19
9477,10,33.88,254.77,0.93,50.09,0,2026-08-27 23:38:19
9478,12,36.43,273.93,0.92,50.02,0,2026-08-27 23:46:19
9479,14,32.21,242.16,0.91,50.07,0,2026-08-27 23:54:19
9480,9,32.88,247.23,0.94,50.1,0,2026-08-28 00:02:19
9481,24,37.32,280.58,0.92,50.02,0,2026-08-28 00:10:19
9482,3,34.66,260.62,0.91,50.07,0,2026-08-28 00:18:19
9483,19,31.27,235.11,0.93,50.04,0,2026-08-28 00:26:19
9484,14,31.86,239.58,0.95,50.01,0,2026-08-28 00:34:19
9485,8,35.22,264.81,0.92,50.09,0,2026-08-28 00:42:19
9486,3,33.16,249.3,0.92,50.08,0,2026-08-28 00:50:19
9487,27,31.35,235.7,0.93,50.03,0,2026-08-28 00:58:19
9488,7,30.24,227.36,0.91,50.06,0,2026-08-28 01:06:19
9489,29,33.97,255.38,0.94,49.97,0,2026-08-28 01:14:19
9490,29,30.15,226.7,0.95,50.02,0,2026-08-28 01:22:19
9491,1,30.73,231.05,0.94,50.04,0,2026-08-28 01:30:19
9492,28,31.82,239.25,0.94,50.07,0,2026-08-28 01:38:19
9493,19,37.55,282.36,0.93,50.07,0,2026-08-28 01:46:19
9494,11,30.24,227.36,0.94,49.95,0,2026-08-28 01:54:19
9495,9,35.71,268.53,0.92,50.01,0,2026-08-28 02:02:19
9496,2,31.55,237.22,0.94,49.95,0,2026-08-28 02:10:19
9497,10,32.83,246.86,0.93,49.99,0,2026-08-28 02:18:19
9498,28,30.5,229.34,0.94,49.98,0,2026-08-28 02:26:19
9499,15,35.31,265.49,0.92,50.09,0,2026-08-28 02:34:19
9500,27,37.44,281.53,0.9,50.02,0,2026-08-28 02:42:19
9501,8,34.27,257.69,0.93,50.03,0,2026-08-28 02:50:19
9502,6,30.6,230.04,0.92,49.99,0,2026-08-28 02:58:19
9503,22,33.6,252.66,0.93,50.0,0,2026-08-28 03:06:19
9504,12,37.67,283.23,0.92,49.92,0,2026-08-28 03:14:19
9505,16,32.65,245.52,0.94,50.07,0,2026-08-28 03:22:19
9506,14,37.3,280.45,0.93,50.03,0,2026-08-28 03:30:19
9507,1,32.07,241.15,0.92,49.97,0,2026-08-28 03:38:19
9508,8,30.12,226.48,0.93,50.06,0,2026-08-28 03:46:19
9509,29,36.88,277.27,0.91,50.04,0,2026-08-28 03:54:19
9510,14,36.65,275.58,0.93,49.93,0,2026-08-28 04:02:19
9511,21,30.85,231.94,0.91,50.02,0,2026-08-28 04:10:19
9512,4,35.39,266.12,0.93,50.09,0,2026-08-28 04:18:19
9513,5,32.26,242.58,0.92,49.93,0,2026-08-28 04:26:19
9514,12,32.92,247.53,0.94,49.93,0,2026-08-28 04:34:19
9515,25,30.07,226.09,0.93,49.94,0,2026-08-28 04:42:19
9516,22,35.93,270.13,0.94,49.98,0,2026-08-28 04:50:19
9517,29,33.71,253.47,0.94,50.09,0,2026-08-28 04:58:19
9518,25,34.83,261.88,0.93,49.96,0,2026-08-28 05:06:19
9519,24,36.96,277.87,0.91,50.06,0,2026-08-28 05:14:19
9520,5,38.03,285.95,0.92,49.99,0,2026-08-28 05:22:19
9521,15,31.43,236.33,0.93,49.96,0,2026-08-28 05:30:19
9522,6,31.02,233.2,0.92,49.93,0,2026-08-28 05:38:19
9523,8,33.06,248.54,0.92,50.04,0,2026-08-28 05:46:19
9524,4,34.58,260.03,0.91,50.06,0,2026-08-28 05:54:19
9525,13,36.89,277.37,0.93,49.9,0,2026-08-28 06:02:19
9526,7,32.59,245.01,0.94,49.94,0,2026-08-28 06:10:19
9527,18,34.45,259.06,0.93,49.92,0,2026-08-28 06:18:19
9528,9,31.08,233.68,0.91,50.08,0,2026-08-28 06:26:19
9529,29,30.86,232.02,0.94,50.08,0,2026-08-28 06:34:19
9530,4,31.52,237.0,0.91,50.09,0,2026-08-28 06:42:19
9531,9,33.72,253.57,0.91,50.08,0,2026-08-28 06:50:19
9532,24,33.19,249.57,0.94,50.0,0,2026-08-28 06:58:19
9533,14,34.08,256.26,0.91,49.95,0,2026-08-28 07:06:19
9534,21,36.37,273.46,0.94,50.07,0,2026-08-28 07:14:19
9535,30,37.44,281.53,0.93,49.98,0,2026-08-28 07:22:19
9536,23,33.08,248.7,0.91,50.07,0,2026-08-28 07:30:19
9537,4,30.69,230.72,0.95,49.9,0,2026-08-28 07:38:19
9538,29,37.75,283.85,0.9,49.92,0,2026-08-28 07:46:19
9539,22,30.85,231.92,0.94,50.07,0,2026-08-28 07:54:19
9540,14,33.54,252.16,0.94,49.97,0,2026-08-28 08:02:19
9541,30,36.4,273.7,0.92,50.02,0,2026-08-28 08:10:19
9542,27,32.37,243.39,0.94,50.05,0,2026-08-28 08:18:19
9543,18,31.1,233.84,0.92,49.98,0,2026-08-28 08:26:19
9544,10,36.8,276.71,0.94,50.07,0,2026-08-28 08:34:19
9545,19,37.1,278.94,0.9,49.93,0,2026-08-28 08:42:19
9546,14,35.26,265.11,0.93,49.93,0,2026-08-28 08:50:19
9547,8,35.46,266.64,0.91,49.91,0,2026-08-28 08:58:19
9548,5,34.06,256.12,0.91,50.0,0,2026-08-28 09:06:19
9549,20,37.63,282.9,0.91,50.07,0,2026-08-28 09:14:19
9550,6,37.83,284.41,0.92,50.09,0,2026-08-28 09:22:19
9551,17,34.38,258.52,0.93,49.94,0,2026-08-28 09:30:19
9552,10,36.39,273.63,0.93,49.93,0,2026-08-28 09:38:19
9553,18,30.56,229.75,0.91,49.98,0,2026-08-28 09:46:19
9554,3,36.74,276.22,0.91,50.02,0,2026-08-28 09:54:19
9555,11,34.02,255.77,0.91,50.1,0,2026-08-28 10:02:19
9556,9,37.84,284.53,0.94,49.99,0,2026-08-28 10:10:19
9557,23,37.04,278.48,0.92,50.08,0,2026-08-28 10:18:19
9558,16,33.41,251.17,0.94,50.01,0,2026-08-28 10:26:19
9559,11,37.87,284.71,0.94,50.03,0,2026-08-28 10:34:19
9560,27,32.2,242.14,0.92,49.95,0,2026-08-28 10:42:19
9561,26,31.9,239.85,0.94,49.93,0,2026-08-28 10:50:19
9562,24,32.57,244.9,0.94,50.03,0,2026-08-28 10:58:19
9563,21,37.64,283.03,0.93,50.06,0,2026-08-28 11:06:19
9564,3,35.27,265.18,0.93,49.9,0,2026-08-28 11:14:19
9565,5,35.48,266.75,0.93,50.01,0,2026-08-28 11:22:19
9566,15,34.47,259.2,0.94,50.09,0,2026-08-28 11:30:19
9567,9,35.3,265.38,0.92,49.97,0,2026-08-28 11:38:19
9568,19,34.99,263.05,0.91,49.94,0,2026-08-28 11:46:19
9569,18,37.55,282.34,0.92,49.98,0,2026-08-28 11:54:19
9570,26,33.42,251.3,0.94,49.91,0,2026-08-28 12:02:19
9571,27,31.88,239.71,0.92,50.09,0,2026-08-28 12:10:19
9572,12,34.78,261.53,0.92,49.99,0,2026-08-28 12:18:19
9573,13,36.35,273.31,0.94,50.01,0,2026-08-28 12:26:19
9574,27,37.01,278.26,0.93,50.1,0,2026-08-28 12:34:19
9575,9,31.72,238.53,0.92,49.96,0,2026-08-28 12:42:19
9576,9,33.17,249.4,0.91,50.07,0,2026-08-28 12:50:19
9577,16,37.76,283.88,0.92,50.08,0,2026-08-28 12:58:19
9578,8,36.92,277.56,0.91,50.07,0,2026-08-28 13:06:19
9579,21,36.95,277.79,0.9,49.99,0,2026-08-28 13:14:19
9580,30,30.77,231.35,0.94,50.08,0,2026-08-28 13:22:19
9581,22,32.45,244.02,0.93,49.95,0,2026-08-28 13:30:19
9582,4,33.94,255.22,0.92,50.06,0,2026-08-28 13:38:19
9583,6,35.5,266.89,0.93,49.96,0,2026-08-28 13:46:19
9584,9,34.55,259.81,0.91,50.0,0,2026-08-28 13:54:19
9585,15,68.5,515.06,0.89,50.02,1,2026-08-28 14:02:19
9586,14,69.65,523.68,0.87,50.09,1,2026-08-28 14:10:19
9587,2,68.61,515.87,0.89,49.92,1,2026-08-28 14:18:19
9588,21,64.48,484.8,0.89,49.98,1,2026-08-28 14:26:19
9589,14,68.2,512.79,0.9,49.98,1,2026-08-28 14:34:19
9590,23,64.87,487.73,0.88,49.94,1,2026-08-28 14:42:19
9591,19,71.84,540.18,0.89,50.09,1,2026-08-28 14:50:19
9592,8,68.2,512.8,0.9,50.03,1,2026-08-28 14:58:19
9593,20,71.86,540.28,0.88,49.94,1,2026-08-28 15:06:19
9594,26,66.6,500.73,0.88,50.05,1,2026-08-28 15:14:19
9595,18,66.42,499.41,0.91,49.91,1,2026-08-28 15:22:19
9596,1,65.62,493.37,0.9,50.02,1,2026-08-28 15:30:19
9597,8,71.66,538.8,0.9,49.93,1,2026-08-28 15:38:19
9598,4,70.04,526.62,0.88,49.96,1,2026-08-28 15:46:19
9599,29,64.78,487.1,0.88,49.99,1,2026-08-28 15:54:19
9600,29,68.04,511.61,0.87,50.01,1,2026-08-28 16:02:19
9601,19,67.5,507.55,0.91,50.08,1,2026-08-28 16:10:19
9602,13,69.66,523.77,0.88,50.08,1,2026-08-28 16:18:19
9603,13,70.78,532.19,0.88,49.91,1,2026-08-28 16:26:19
9604,13,68.31,513.63,0.9,49.92,1,2026-08-28 16:34:19
9605,29,69.28,520.93,0.9,49.97,1,2026-08-28 16:42:19
9606,29,71.14,534.89,0.87,49.95,1,2026-08-28 16:50:19
9607,19,71.38,536.68,0.88,50.05,1,2026-08-28 16:58:19
9608,19,67.11,504.57,0.89,50.05,1,2026-08-28 17:06:19
9609,19,69.41,521.88,0.91,49.98,1,2026-08-28 17:14:19
9610,12,69.94,525.87,0.89,50.05,1,2026-08-28 17:22:19
9611,11,65.06,489.19,0.88,50.02,1,2026-08-28 17:30:19
9612,5,68.13,512.23,0.88,50.09,1,2026-08-28 17:38:19
9613,14,65.98,496.07,0.9,50.04,1,2026-08-28 17:46:19
9614,13,68.46,514.75,0.87,49.99,1,2026-08-28 17:54:19
9615,5,69.79,524.73,0.89,49.99,1,2026-08-28 18:02:19
9616,2,64.55,485.35,0.88,50.02,1,2026-08-28 18:10:19
9617,6,69.8,524.84,0.88,49.92,1,2026-08-28 18:18:19
9618,8,64.6,485.73,0.91,50.0,1,2026-08-28 18:26:19
9619,7,66.61,500.86,0.88,49.96,1,2026-08-28 18:34:19
9620,1,66.24,498.04,0.91,49.92,1,2026-08-28 18:42:19
9621,6,67.3,505.98,0.89,50.04,1,2026-08-28 18:50:19
9622,26,65.66,493.65,0.89,49.93,1,2026-08-28 18:58:19
9623,7,69.7,524.06,0.9,49.97,1,2026-08-28 19:06:19
9624,26,66.88,502.88,0.89,49.97,1,2026-08-28 19:14:19
9625,11,67.32,506.15,0.89,49.93,1,2026-08-28 19:22:19
9626,17,66.77,502.06,0.89,49.92,1,2026-08-28 19:30:19
9627,15,71.05,534.18,0.89,50.01,1,2026-08-28 19:38:19
9628,14,64.49,484.9,0.91,50.08,1,2026-08-28 19:46:19
9629,13,71.4,536.84,0.9,50.07,1,2026-08-28 19:54:19
9630,29,65.86,495.22,0.9,49.93,1,2026-08-28 20:02:19
9631,3,68.7,516.52,0.9,49.99,1,2026-08-28 20:10:19
9632,28,69.99,526.24,0.91,49.93,1,2026-08-28 20:18:19
9633,25,65.86,495.2,0.89,50.08,1,2026-08-28 20:26:19
9634,22,69.22,520.47,0.88,49.91,1,2026-08-28 20:34:19
9635,18,65.22,490.36,0.89,50.01,1,2026-08-28 20:42:19
9636,19,64.75,486.87,0.91,49.93,1,2026-08-28 20:50:19
9637,9,69.31,521.16,0.9,49.91,1,2026-08-28 20:58:19
9638,14,65.44,492.0,0.89,50.1,1,2026-08-28 21:06:19
9639,21,64.38,484.05,0.91,50.03,1,2026-08-28 21:14:19
9640,23,67.03,503.96,0.9,50.05,1,2026-08-28 21:22:19
9641,14,67.38,506.64,0.88,49.92,1,2026-08-28 21:30:19
9642,17,67.21,505.34,0.88,49.94,1,2026-08-28 21:38:19
9643,11,69.19,520.21,0.91,49.94,1,2026-08-28 21:46:19
9644,7,67.29,505.96,0.9,50.05,1,2026-08-28 21:54:19
9645,17,35.04,263.44,0.93,49.94,0,2026-08-28 22:02:19
9646,19,37.74,283.77,0.91,49.99,0,2026-08-28 22:10:19
9647,12,38.03,285.97,0.9,50.0,0,2026-08-28 22:18:19
9648,20,32.74,246.17,0.92,50.08,0,2026-08-28 22:26:19
9649,16,38.02,285.87,0.92,49.96,0,2026-08-28 22:34:19
9650,8,35.55,267.31,0.94,50.06,0,2026-08-28 22:42:19
9651,13,30.42,228.7,0.91,49.91,0,2026-08-28 22:50:19
9652,25,33.1,248.87,0.94,50.06,0,2026-08-28 22:58:19
9653,21,33.53,252.12,0.92,49.95,0,2026-08-28 23:06:19
9654,14,31.83,239.32,0.95,49.95,0,2026-08-28 23:14:19
9655,12,32.34,243.19,0.92,50.09,0,2026-08-28 23:22:19
9656,5,30.4,228.6,0.91,49.91,0,2026-08-28 23:30:19
9657,3,31.02,233.22,0.94,50.05,0,2026-08-28 23:38:19
9658,12,37.35,280.85,0.91,50.06,0,2026-08-28 23:46:19
9659,9,32.14,241.65,0.94,50.03,0,2026-08-28 23:54:19
9660,13,31.12,234.02,0.93,49.97,0,2026-08-29 00:02:19
9661,2,30.94,232.65,0.94,50.09,0,2026-08-29 00:10:19
9662,29,32.89,247.3,0.92,49.9,0,2026-08-29 00:18:19
9663,3,35.72,268.54,0.91,49.99,0,2026-08-29 00:26:19
9664,10,36.87,277.2,0.94,50.01,0,2026-08-29 00:34:19
9665,4,37.09,278.87,0.92,50.02,0,2026-08-29 00:42:19
9666,7,35.77,268.92,0.93,50.02,0,2026-08-29 00:50:19
9667,8,32.66,245.54,0.93,50.0,0,2026-08-29 00:58:19
9668,15,33.03,248.37,0.92,49.94,0,2026-08-29 01:06:19
9669,21,36.49,274.35,0.92,49.92,0,2026-08-29 01:14:19
9670,28,36.16,271.85,0.92,49.97,0,2026-08-29 01:22:19
9671,5,30.5,229.31,0.95,50.04,0,2026-08-29 01:30:19
9672,11,34.98,263.02,0.93,50.0,0,2026-08-29 01:38:19
9673,14,30.15,226.72,0.94,49.97,0,2026-08-29 01:46:19
9674,3,33.52,252.0,0.91,49.91,0,2026-08-29 01:54:19
9675,4,33.65,253.0,0.92,50.01,0,2026-08-29 02:02:19
9676,29,31.56,237.31,0.95,49.95,0,2026-08-29 02:10:19
9677,5,37.61,282.75,0.93,49.98,0,2026-08-29 02:18:19
9678,21,33.37,250.89,0.91,49.91,0,2026-08-29 02:26:19
9679,21,34.08,256.24,0.92,50.06,0,2026-08-29 02:34:19
9680,3,33.58,252.49,0.93,49.95,0,2026-08-29 02:42:19
9681,23,32.15,241.76,0.94,50.08,0,2026-08-29 02:50:19
9682,20,36.35,273.33,0.92,50.01,0,2026-08-29 02:58:19
9683,22,32.7,245.86,0.94,50.09,0,2026-08-29 03:06:19
9684,9,33.31,250.48,0.91,50.06,0,2026-08-29 03:14:19
9685,25,32.41,243.68,0.93,49.94,0,2026-08-29 03:22:19
9686,21,36.02,270.83,0.94,49.95,0,2026-08-29 03:30:19
9687,30,33.33,250.57,0.92,49.98,0,2026-08-29 03:38:19
9688,30,30.62,230.24,0.91,50.06,0,2026-08-29 03:46:19
9689,7,30.89,232.27,0.94,50.04,0,2026-08-29 03:54:19
9690,12,37.77,283.96,0.91,50.04,0,2026-08-29 04:02:19
9691,22,33.66,253.06,0.94,50.09,0,2026-08-29 04:10:19
9692,19,33.97,255.41,0.92,50.02,0,2026-08-29 04:18:19
9693,15,30.5,229.29,0.94,50.02,0,2026-08-29 04:26:19
9694,11,32.9,247.36,0.95,49.92,0,2026-08-29 04:34:19
9695,22,33.04,248.4,0.95,50.03,0,2026-08-29 04:42:19
9696,3,32.44,243.9,0.94,49.94,0,2026-08-29 04:50:19
9697,14,30.58,229.93,0.93,49.92,0,2026-08-29 04:58:19
9698,28,37.16,279.43,0.91,50.02,0,2026-08-29 05:06:19
9699,7,32.92,247.55,0.91,50.06,0,2026-08-29 05:14:19
9700,10,32.11,241.46,0.91,50.06,0,2026-08-29 05:22:19
9701,14,36.65,275.59,0.92,50.04,0,2026-08-29 05:30:19
9702,11,34.33,258.14,0.92,49.94,0,2026-08-29 05:38:19
9703,25,36.34,273.21,0.91,49.99,0,2026-08-29 05:46:19
9704,11,33.49,251.81,0.92,49.96,0,2026-08-29 05:54:19
9705,10,31.16,234.25,0.93,49.9,0,2026-08-29 06:02:19
9706,5,35.95,270.31,0.92,50.04,0,2026-08-29 06:10:19
9707,13,31.63,237.83,0.94,50.02,0,2026-08-29 06:18:19
9708,20,33.3,250.35,0.91,49.95,0,2026-08-29 06:26:19
9709,7,35.13,264.17,0.92,50.0,0,2026-08-29 06:34:19
9710,26,34.45,259.05,0.92,50.02,0,2026-08-29 06:42:19
9711,22,37.99,285.66,0.93,50.04,0,2026-08-29 06:50:19
9712,22,37.86,284.63,0.91,49.98,0,2026-08-29 06:58:19
9713,1,35.62,267.83,0.93,49.93,0,2026-08-29 07:06:19
9714,12,37.3,280.48,0.94,49.92,0,2026-08-29 07:14:19
9715,3,30.31,227.86,0.91,50.09,0,2026-08-29 07:22:19
9716,18,36.13,271.62,0.94,50.06,0,2026-08-29 07:30:19
9717,28,33.07,248.62,0.92,50.06,0,2026-08-29 07:38:19
9718,27,31.4,236.06,0.91,50.1,0,2026-08-29 07:46:19
9719,26,34.73,261.13,0.91,50.07,0,2026-08-29 07:54:19
9720,28,33.28,250.24,0.93,50.07,0,2026-08-29 08:02:19
9721,24,33.59,252.56,0.92,49.94,0,2026-08-29 08:10:19
9722,29,33.73,253.61,0.92,50.07,0,2026-08-29 08:18:19
9723,12,31.43,236.32,0.93,49.95,0,2026-08-29 08:26:19
9724,9,37.7,283.46,0.94,50.06,0,2026-08-29 08:34:19
9725,23,35.11,263.99,0.92,50.01,0,2026-08-29 08:42:19
9726,30,35.28,265.27,0.92,50.01,0,2026-08-29 08:50:19
9727,2,35.51,267.0,0.91,50.04,0,2026-08-29 08:58:19
9728,6,30.06,226.04,0.91,49.91,0,2026-08-29 09:06:19
9729,9,34.07,256.18,0.92,50.02,0,2026-08-29 09:14:19
9730,5,30.54,229.61,0.94,50.07,0,2026-08-29 09:22:19
9731,4,37.87,284.73,0.93,50.06,0,2026-08-29 09:30:19
9732,2,31.98,240.43,0.93,50.09,0,2026-08-29 09:38:19
9733,9,34.78,261.49,0.92,50.07,0,2026-08-29 09:46:19
9734,14,37.74,283.76,0.93,50.05,0,2026-08-29 09:54:19
9735,7,32.72,246.03,0.93,50.05,0,2026-08-29 10:02:19
9736,26,32.94,247.64,0.93,49.92,0,2026-08-29 10:10:19
9737,18,30.95,232.68,0.95,50.06,0,2026-08-29 10:18:19
9738,10,32.14,241.68,0.93,49.93,0,2026-08-29 10:26:19
9739,14,31.34,235.61,0.94,50.08,0,2026-08-29 10:34:19
9740,2,30.41,228.65,0.92,49.93,0,2026-08-29 10:42:19
9741,16,31.89,239.79,0.91,49.97,0,2026-08-29 10:50:19
9742,12,31.74,238.66,0.91,49.91,0,2026-08-29 10:58:19
9743,4,30.3,227.8,0.92,49.91,0,2026-08-29 11:06:19
9744,10,35.2,264.64,0.93,49.97,0,2026-08-29 11:14:19
9745,24,37.58,282.59,0.94,49.94,0,2026-08-29 11:22:19
9746,21,30.89,232.26,0.94,50.03,0,2026-08-29 11:30:19
9747,5,32.72,246.04,0.91,49.94,0,2026-08-29 11:38:19
9748,14,34.26,257.58,0.91,50.05,0,2026-08-29 11:46:19
9749,11,30.24,227.35,0.93,49.98,0,2026-08-29 11:54:19
9750,25,30.82,231.75,0.91,50.09,0,2026-08-29 12:02:19
9751,14,31.3,235.36,0.93,49.96,0,2026-08-29 12:10:19
9752,27,34.09,256.33,0.91,50.02,0,2026-08-29 12:18:19
9753,10,32.99,248.08,0.93,50.09,0,2026-08-29 12:26:19
9754,6,35.9,269.91,0.92,49.91,0,2026-08-29 12:34:19
9755,20,30.94,232.61,0.93,50.03,0,2026-08-29 12:42:19
9756,1,30.36,228.27,0.94,50.02,0,2026-08-29 12:50:19
9757,17,35.77,268.96,0.91,49.9,0,2026-08-29 12:58:19
9758,14,32.21,242.15,0.93,50.01,0,2026-08-29 13:06:19
9759,27,33.02,248.24,0.94,50.05,0,2026-08-29 13:14:19
9760,2,34.99,263.05,0.94,49.94,0,2026-08-29 13:22:19
9761,7,30.18,226.93,0.94,50.09,0,2026-08-29 13:30:19
9762,27,35.0,263.19,0.94,49.98,0,2026-08-29 13:38:19
9763,5,33.27,250.12,0.93,50.02,0,2026-08-29 13:46:19
9764,20,32.15,241.74,0.92,49.98,0,2026-08-29 13:54:19
9765,26,65.55,492.88,0.9,49.96,1,2026-08-29 14:02:19
9766,12,69.57,523.07,0.88,50.08,1,2026-08-29 14:10:19
9767,1,64.89,487.88,0.89,49.98,1,2026-08-29 14:18:19
9768,16,69.92,525.74,0.91,50.07,1,2026-08-29 14:26:19
9769,22,71.78,539.69,0.9,49.95,1,2026-08-29 14:34:19
9770,21,70.56,530.5,0.87,50.01,1,2026-08-29 14:42:19
9771,24,70.01,526.36,0.9,50.04,1,2026-08-29 14:50:19
9772,16,68.16,512.5,0.87,49.93,1,2026-08-29 14:58:19
9773,17,68.53,515.27,0.9,50.04,1,2026-08-29 15:06:19
9774,26,65.53,492.72,0.89,50.04,1,2026-08-29 15:14:19
9775,4,67.42,506.88,0.89,49.92,1,2026-08-29 15:22:19
9776,29,69.41,521.86,0.9,50.05,1,2026-08-29 15:30:19
9777,5,67.57,508.04,0.88,49.93,1,2026-08-29 15:38:19
9778,24,65.83,494.93,0.88,50.02,1,2026-08-29 15:46:19
9779,15,69.04,519.12,0.9,49.91,1,2026-08-29 15:54:19
9780,21,66.56,500.48,0.89,50.03,1,2026-08-29 16:02:19
9781,16,71.58,538.17,0.89,49.92,1,2026-08-29 16:10:19
9782,28,65.49,492.41,0.87,49.93,1,2026-08-29 16:18:19
9783,30,65.79,494.64,0.88,50.01,1,2026-08-29 16:26:19
9784,7,70.53,530.33,0.89,49.95,1,2026-08-29 16:34:19
9785,9,67.97,511.08,0.9,50.05,1,2026-08-29 16:42:19
9786,17,72.08,541.98,0.89,49.94,1,2026-08-29 16:50:19
9787,26,65.75,494.33,0.9,50.04,1,2026-08-29 16:58:19
9788,27,66.24,498.08,0.91,49.93,1,2026-08-29 17:06:19
9789,6,66.16,497.42,0.89,50.01,1,2026-08-29 17:14:19
9790,22,71.47,537.39,0.87,50.0,1,2026-08-29 17:22:19
9791,4,64.48,484.8,0.91,49.95,1,2026-08-29 17:30:19
9792,8,67.65,508.65,0.89,50.1,1,2026-08-29 17:38:19
9793,20,67.57,508.02,0.89,49.97,1,2026-08-29 17:46:19
9794,18,68.12,512.18,0.87,50.01,1,2026-08-29 17:54:19
9795,11,68.88,517.89,0.88,50.0,1,2026-08-29 18:02:19
9796,14,69.89,525.52,0.88,49.92,1,2026-08-29 18:10:19
9797,22,64.41,484.28,0.89,49.93,1,2026-08-29 18:18:19
9798,27,67.77,509.56,0.88,50.0,1,2026-08-29 18:26:19
9799,8,66.07,496.75,0.89,50.01,1,2026-08-29 18:34:19
9800,30,68.66,516.21,0.88,49.9,1,2026-08-29 18:42:19
9801,19,65.51,492.57,0.89,50.06,1,2026-08-29 18:50:19
9802,13,71.97,541.13,0.88,50.07,1,2026-08-29 18:58:19
9803,30,67.25,505.66,0.89,49.95,1,2026-08-29 19:06:19
9804,20,66.19,497.65,0.91,50.08,1,2026-08-29 19:14:19
9805,11,67.45,507.15,0.88,49.94,1,2026-08-29 19:22:19
9806,5,64.24,483.04,0.88,49.96,1,2026-08-29 19:30:19
9807,24,66.73,501.71,0.88,49.95,1,2026-08-29 19:38:19
9808,8,68.49,514.96,0.87,49.92,1,2026-08-29 19:46:19
9809,18,67.66,508.74,0.88,50.0,1,2026-08-29 19:54:19
9810,1,67.09,504.45,0.91,49.94,1,2026-08-29 20:02:19
9811,2,64.57,485.46,0.89,50.1,1,2026-08-29 20:10:19
9812,8,65.07,489.23,0.91,50.03,1,2026-08-29 20:18:19
9813,16,71.76,539.58,0.88,49.94,1,2026-08-29 20:26:19
9814,29,66.19,497.65,0.88,49.96,1,2026-08-29 20:34:19
9815,17,66.15,497.35,0.89,49.92,1,2026-08-29 20:42:19
9816,7,72.06,541.83,0.9,49.97,1,2026-08-29 20:50:19
9817,15,67.9,510.55,0.89,50.0,1,2026-08-29 20:58:19
9818,4,68.96,518.51,0.91,49.98,1,2026-08-29 21:06:19
9819,4,67.93,510.72,0.89,50.01,1,2026-08-29 21:14:19
9820,14,67.48,507.35,0.88,50.06,1,2026-08-29 21:22:19
9821,22,68.62,515.92,0.88,50.06,1,2026-08-29 21:30:19
9822,10,69.18,520.16,0.89,50.02,1,2026-08-29 21:38:19
9823,7,66.29,498.4,0.91,50.0,1,2026-08-29 21:46:19
9824,13,67.32,506.19,0.88,49.91,1,2026-08-29 21:54:19
9825,26,33.33,250.62,0.91,50.0,0,2026-08-29 22:02:19
9826,3,35.08,263.76,0.93,49.91,0,2026-08-29 22:10:19
9827,14,31.79,239.03,0.94,49.94,0,2026-08-29 22:18:19
9828,9,31.58,237.47,0.92,50.1,0,2026-08-29 22:26:19
9829,12,31.55,237.19,0.92,50.09,0,2026-08-29 22:34:19
9830,28,34.4,258.67,0.91,49.99,0,2026-08-29 22:42:19
9831,18,32.17,241.85,0.93,49.93,0,2026-08-29 22:50:19
9832,5,37.21,279.77,0.91,50.07,0,2026-08-29 22:58:19
9833,9,31.73,238.59,0.94,49.92,0,2026-08-29 23:06:19
9834,26,31.17,234.35,0.91,49.91,0,2026-08-29 23:14:19
9835,16,30.57,229.88,0.93,49.99,0,2026-08-29 23:22:19
9836,6,37.23,279.93,0.94,49.99,0,2026-08-29 23:30:19
9837,12,35.5,266.9,0.92,50.02,0,2026-08-29 23:38:19
9838,7,34.37,258.45,0.91,49.98,0,2026-08-29 23:46:19
9839,20,37.42,281.35,0.92,50.0,0,2026-08-29 23:54:19
9840,4,33.63,252.88,0.92,50.0,0,2026-08-30 00:02:19
9841,22,37.18,279.53,0.94,50.0,0,2026-08-30 00:10:19
9842,9,37.64,282.97,0.92,49.97,0,2026-08-30 00:18:19
9843,16,33.93,255.09,0.94,49.93,0,2026-08-30 00:26:19
9844,20,34.95,262.77,0.94,49.92,0,2026-08-30 00:34:19
9845,28,36.23,272.41,0.92,50.06,0,2026-08-30 00:42:19
9846,18,34.56,259.88,0.92,49.97,0,2026-08-30 00:50:19
9847,4,33.05,248.51,0.94,49.93,0,2026-08-30 00:58:19
9848,1,36.96,277.93,0.92,49.98,0,2026-08-30 01:06:19
9849,17,33.81,254.22,0.93,49.92,0,2026-08-30 01:14:19
9850,6,36.48,274.3,0.91,50.0,0,2026-08-30 01:22:19
9851,21,36.55,274.81,0.91,49.93,0,2026-08-30 01:30:19
9852,13,32.62,245.23,0.94,50.02,0,2026-08-30 01:38:19
9853,14,32.97,247.9,0.94,49.97,0,2026-08-30 01:46:19
9854,2,31.23,234.81,0.94,49.96,0,2026-08-30 01:54:19
9855,24,36.45,274.06,0.94,49.93,0,2026-08-30 02:02:19
9856,28,31.62,237.72,0.93,50.09,0,2026-08-30 02:10:19
9857,8,36.67,275.7,0.94,49.96,0,2026-08-30 02:18:19
9858,16,31.44,236.37,0.92,50.0,0,2026-08-30 02:26:19
9859,5,31.71,238.42,0.91,50.02,0,2026-08-30 02:34:19
9860,11,37.53,282.18,0.93,49.98,0,2026-08-30 02:42:19
9861,17,31.08,233.65,0.94,50.02,0,2026-08-30 02:50:19
9862,17,34.27,257.68,0.92,49.98,0,2026-08-30 02:58:19
9863,27,36.1,271.45,0.91,49.9,0,2026-08-30 03:06:19
9864,12,36.65,275.57,0.94,49.91,0,2026-08-30 03:14:19
9865,22,37.13,279.16,0.91,49.96,0,2026-08-30 03:22:19
9866,2,34.68,260.73,0.93,50.05,0,2026-08-30 03:30:19
9867,30,37.0,278.22,0.93,49.96,0,2026-08-30 03:38:19
9868,28,31.56,237.32,0.93,49.99,0,2026-08-30 03:46:19
9869,2,31.16,234.27,0.93,49.99,0,2026-08-30 03:54:19
9870,27,37.14,279.26,0.92,49.94,0,2026-08-30 04:02:19
9871,8,33.55,252.29,0.91,49.94,0,2026-08-30 04:10:19
9872,26,30.59,230.0,0.95,49.92,0,2026-08-30 04:18:19
9873,10,33.16,249.31,0.91,49.96,0,2026-08-30 04:26:19
9874,26,30.89,232.24,0.92,49.97,0,2026-08-30 04:34:19
9875,22,37.98,285.57,0.94,50.0,0,2026-08-30 04:42:19
9876,27,31.57,237.36,0.93,49.98,0,2026-08-30 04:50:19
9877,7,35.73,268.63,0.93,49.93,0,2026-08-30 04:58:19
9878,29,37.99,285.67,0.93,49.98,0,2026-08-30 05:06:19
9879,15,35.63,267.92,0.92,50.09,0,2026-08-30 05:14:19
9880,3,32.32,243.0,0.95,49.92,0,2026-08-30 05:22:19
9881,6,34.12,256.56,0.92,49.94,0,2026-08-30 05:30:19
9882,9,32.47,244.17,0.95,50.01,0,2026-08-30 05:38:19
9883,23,31.43,236.34,0.93,49.95,0,2026-08-30 05:46:19
9884,7,30.31,227.93,0.91,50.08,0,2026-08-30 05:54:19
9885,25,36.86,277.11,0.93,49.99,0,2026-08-30 06:02:19
9886,2,37.8,284.22,0.94,50.07,0,2026-08-30 06:10:19
9887,21,32.16,241.84,0.92,49.94,0,2026-08-30 06:18:19
9888,25,36.0,270.64,0.93,49.92,0,2026-08-30 06:26:19
9889,10,33.31,250.43,0.91,49.99,0,2026-08-30 06:34:19
9890,12,34.78,261.49,0.93,49.98,0,2026-08-30 06:42:19
9891,1,37.25,280.06,0.93,49.92,0,2026-08-30 06:50:19
9892,27,32.84,246.91,0.94,50.06,0,2026-08-30 06:58:19
9893,17,37.51,282.06,0.93,49.94,0,2026-08-30 07:06:19
9894,19,34.52,259.52,0.91,50.09,0,2026-08-30 07:14:19
9895,14,31.97,240.38,0.95,49.92,0,2026-08-30 07:22:19
9896,14,31.62,237.75,0.93,50.03,0,2026-08-30 07:30:19
9897,24,35.84,269.45,0.94,49.94,0,2026-08-30 07:38:19
9898,18,32.85,247.01,0.94,50.09,0,2026-08-30 07:46:19
9899,9,36.14,271.74,0.94,49.91,0,2026-08-30 07:54:19
9900,13,33.14,249.15,0.92,50.05,0,2026-08-30 08:02:19
9901,23,33.08,248.72,0.91,50.02,0,2026-08-30 08:10:19
9902,29,37.39,281.13,0.92,50.0,0,2026-08-30 08:18:19
9903,17,30.12,226.47,0.93,50.05,0,2026-08-30 08:26:19
9904,9,35.9,269.94,0.92,50.01,0,2026-08-30 08:34:19
9905,9,30.5,229.32,0.94,49.94,0,2026-08-30 08:42:19
9906,8,33.77,253.91,0.93,49.9,0,2026-08-30 08:50:19
9907,5,30.62,230.19,0.94,49.99,0,2026-08-30 08:58:19
9908,28,37.08,278.77,0.93,49.97,0,2026-08-30 09:06:19
9909,3,37.01,278.24,0.91,49.94,0,2026-08-30 09:14:19
9910,9,31.03,233.31,0.95,49.98,0,2026-08-30 09:22:19
9911,27,36.7,275.95,0.93,49.93,0,2026-08-30 09:30:19
9912,19,30.57,229.84,0.95,50.1,0,2026-08-30 09:38:19
9913,19,32.97,247.86,0.93,50.05,0,2026-08-30 09:46:19
9914,6,36.73,276.14,0.91,49.96,0,2026-08-30 09:54:19
9915,11,36.46,274.1,0.92,49.95,0,2026-08-30 10:02:19
9916,19,30.11,226.4,0.91,49.98,0,2026-08-30 10:10:19
9917,5,36.09,271.33,0.91,49.98,0,2026-08-30 10:18:19
9918,4,36.62,275.34,0.92,49.96,0,2026-08-30 10:26:19
9919,19,36.03,270.9,0.93,50.08,0,2026-08-30 10:34:19
9920,22,32.03,240.81,0.93,49.92,0,2026-08-30 10:42:19
9921,9,30.19,226.98,0.92,50.0,0,2026-08-30 10:50:19
9922,16,33.62,252.79,0.94,50.05,0,2026-08-30 10:58:19
9923,8,36.77,276.5,0.93,49.93,0,2026-08-30 11:06:19
9924,14,33.71,253.47,0.92,49.93,0,2026-08-30 11:14:19
9925,18,31.34,235.67,0.94,49.94,0,2026-08-30 11:22:19
9926,12,31.63,237.79,0.92,49.93,0,2026-08-30 11:30:19
9927,30,36.33,273.15,0.92,50.06,0,2026-08-30 11:38:19
9928,30,31.48,236.66,0.95,50.06,0,2026-08-30 11:46:19
9929,20,32.51,244.43,0.93,49.98,0,2026-08-30 11:54:19
9930,14,36.63,275.38,0.93,49.93,0,2026-08-30 12:02:19
9931,21,30.4,228.54,0.94,49.98,0,2026-08-30 12:10:19
9932,26,32.53,244.62,0.91,49.94,0,2026-08-30 12:18:19
9933,19,33.65,253.02,0.91,49.98,0,2026-08-30 12:26:19
9934,26,37.43,281.41,0.93,49.96,0,2026-08-30 12:34:19
9935,2,35.29,265.34,0.92,50.04,0,2026-08-30 12:42:19
9936,27,32.16,241.77,0.91,50.1,0,2026-08-30 12:50:19
9937,10,35.55,267.32,0.93,50.01,0,2026-08-30 12:58:19
9938,1,35.79,269.09,0.91,50.0,0,2026-08-30 13:06:19
9939,27,37.0,278.2,0.9,49.94,0,2026-08-30 13:14:19
9940,2,33.36,250.85,0.91,50.0,0,2026-08-30 13:22:19
9941,6,34.12,256.52,0.92,50.08,0,2026-08-30 13:30:19
9942,12,35.88,269.78,0.93,50.07,0,2026-08-30 13:38:19
9943,16,33.44,251.44,0.92,49.92,0,2026-08-30 13:46:19
9944,5,32.37,243.36,0.95,49.96,0,2026-08-30 13:54:19
9945,8,65.61,493.33,0.9,49.96,1,2026-08-30 14:02:19
9946,4,67.87,510.27,0.91,49.93,1,2026-08-30 14:10:19
9947,6,66.51,500.04,0.91,49.96,1,2026-08-30 14:18:19
9948,9,67.78,509.64,0.89,50.0,1,2026-08-30 14:26:19
9949,4,64.15,482.35,0.91,50.04,1,2026-08-30 14:34:19
9950,2,64.55,485.36,0.9,50.09,1,2026-08-30 14:42:19
9951,24,67.55,507.87,0.9,49.93,1,2026-08-30 14:50:19
9952,29,71.53,537.82,0.89,49.94,1,2026-08-30 14:58:19
9953,18,67.35,506.42,0.9,50.06,1,2026-08-30 15:06:19
9954,26,66.39,499.14,0.89,50.0,1,2026-08-30 15:14:19
9955,11,70.99,533.73,0.89,50.06,1,2026-08-30 15:22:19
9956,25,66.2,497.76,0.89,50.09,1,2026-08-30 15:30:19
9957,20,66.95,503.41,0.91,50.06,1,2026-08-30 15:38:19
9958,15,67.78,509.59,0.91,49.99,1,2026-08-30 15:46:19
9959,11,69.27,520.79,0.9,49.95,1,2026-08-30 15:54:19
9960,8,65.71,494.08,0.9,50.01,1,2026-08-30 16:02:19
9961,14,67.97,511.05,0.88,49.93,1,2026-08-30 16:10:19
9962,12,67.42,506.91,0.9,49.92,1,2026-08-30 16:18:19
9963,27,69.11,519.64,0.88,49.96,1,2026-08-30 16:26:19
9964,27,69.87,525.36,0.88,50.09,1,2026-08-30 16:34:19
9965,7,67.18,505.12,0.89,50.06,1,2026-08-30 16:42:19
9966,13,64.54,485.23,0.88,49.95,1,2026-08-30 16:50:19
9967,28,65.38,491.61,0.89,49.93,1,2026-08-30 16:58:19
9968,10,71.97,541.14,0.89,49.96,1,2026-08-30 17:06:19
9969,18,68.45,514.67,0.9,49.9,1,2026-08-30 17:14:19
9970,11,64.38,484.05,0.9,49.95,1,2026-08-30 17:22:19
9971,9,68.04,511.61,0.9,50.02,1,2026-08-30 17:30:19
9972,11,65.9,495.52,0.91,50.08,1,2026-08-30 17:38:19
9973,24,69.59,523.2,0.9,49.98,1,2026-08-30 17:46:19
9974,11,67.65,508.66,0.88,50.02,1,2026-08-30 17:54:19
9975,18,67.72,509.15,0.88,49.96,1,2026-08-30 18:02:19
9976,14,65.93,495.7,0.88,50.08,1,2026-08-30 18:10:19
9977,12,71.9,540.6,0.89,49.93,1,2026-08-30 18:18:19
9978,30,71.47,537.39,0.89,49.94,1,2026-08-30 18:26:19
9979,19,64.42,484.34,0.88,50.09,1,2026-08-30 18:34:19
9980,30,66.25,498.11,0.9,50.05,1,2026-08-30 18:42:19
9981,19,69.45,522.18,0.88,50.02,1,2026-08-30 18:50:19
9982,16,66.15,497.37,0.91,50.05,1,2026-08-30 18:58:19
9983,24,71.34,536.36,0.87,49.95,1,2026-08-30 19:06:19
9984,2,64.69,486.39,0.88,49.95,1,2026-08-30 19:14:19
9985,26,67.79,509.72,0.88,49.9,1,2026-08-30 19:22:19
9986,15,66.84,502.53,0.88,50.02,1,2026-08-30 19:30:19
9987,1,70.32,528.69,0.89,49.95,1,2026-08-30 19:38:19
9988,18,64.24,483.0,0.89,49.92,1,2026-08-30 19:46:19
9989,18,69.66,523.75,0.9,49.98,1,2026-08-30 19:54:19
9990,17,70.9,533.08,0.89,49.93,1,2026-08-30 20:02:19
9991,30,69.35,521.42,0.88,50.02,1,2026-08-30 20:10:19
9992,12,70.15,527.46,0.9,49.93,1,2026-08-30 20:18:19
9993,17,68.02,511.45,0.89,50.07,1,2026-08-30 20:26:19
9994,4,64.84,487.5,0.88,50.01,1,2026-08-30 20:34:19
9995,14,71.23,535.53,0.89,50.06,1,2026-08-30 20:42:19
9996,12,65.63,493.45,0.9,49.97,1,2026-08-30 20:50:19
9997,9,68.4,514.27,0.9,49.99,1,2026-08-30 20:58:19
9998,8,67.27,505.79,0.91,49.99,1,2026-08-30 21:06:19
9999,17,66.76,501.96,0.88,49.98,1,2026-08-30 21:14:19
10000,4,65.62,493.36,0.88,50.08,1,2026-08-30 21:22:19
