id,incident_code,incident_type,severity,location,zone,description,status,response_time_minutes,reported_at
1,EMG-20260606-0001,ROAD_BLOCKAGE,HIGH,Location Marker #1,Central Zone,Urgent emergency alert dispatched to response command center.,RESOLVED,15.9,2026-06-06 09:02:19
2,EMG-20260606-0002,INFRASTRUCTURE_FAILURE,CRITICAL,Location Marker #2,Central Zone,Urgent emergency alert dispatched to response command center.,RESOLVED,21.1,2026-06-06 10:02:19
3,EMG-20260606-0003,FLOOD,HIGH,Location Marker #3,South District,Urgent emergency alert dispatched to response command center.,CLOSED,13.6,2026-06-06 11:02:19
4,EMG-20260606-0004,FLOOD,HIGH,Location Marker #4,Industrial Zone,Urgent emergency alert dispatched to response command center.,ON_SITE,13.0,2026-06-06 12:02:19
5,EMG-20260606-0005,INFRASTRUCTURE_FAILURE,CRITICAL,Location Marker #5,East District,Urgent emergency alert dispatched to response command center.,DISPATCHED,21.7,2026-06-06 13:02:19
6,EMG-20260606-0006,FLOOD,CRITICAL,Location Marker #6,Industrial Zone,Urgent emergency alert dispatched to response command center.,ON_SITE,23.8,2026-06-06 14:02:19
7,EMG-20260606-0007,ROAD_BLOCKAGE,CRITICAL,Location Marker #7,West District,Urgent emergency alert dispatched to response command center.,REPORTED,11.0,2026-06-06 15:02:19
8,EMG-20260606-0008,INFRASTRUCTURE_FAILURE,CRITICAL,Location Marker #8,South District,Urgent emergency alert dispatched to response command center.,ON_SITE,20.5,2026-06-06 16:02:19
9,EMG-20260606-0009,FIRE,HIGH,Location Marker #9,North District,Urgent emergency alert dispatched to response command center.,ON_SITE,6.9,2026-06-06 17:02:19
10,EMG-20260606-0010,MEDICAL,CRITICAL,Location Marker #10,South District,Urgent emergency alert dispatched to response command center.,REPORTED,9.2,2026-06-06 18:02:19
11,EMG-20260606-0011,ROAD_BLOCKAGE,CRITICAL,Location Marker #11,South District,Urgent emergency alert dispatched to response command center.,DISPATCHED,13.8,2026-06-06 19:02:19
12,EMG-20260606-0012,MEDICAL,CRITICAL,Location Marker #12,Central Zone,Urgent emergency alert dispatched to response command center.,CLOSED,24.5,2026-06-06 20:02:19
13,EMG-20260606-0013,INFRASTRUCTURE_FAILURE,CRITICAL,Location Marker #13,West District,Urgent emergency alert dispatched to response command center.,RESOLVED,24.9,2026-06-06 21:02:19
14,EMG-20260606-0014,FLOOD,CRITICAL,Location Marker #14,East District,Urgent emergency alert dispatched to response command center.,ON_SITE,6.2,2026-06-06 22:02:19
15,EMG-20260606-0015,SECURITY_INCIDENT,HIGH,Location Marker #15,North District,Urgent emergency alert dispatched to response command center.,RESOLVED,20.0,2026-06-06 23:02:19
16,EMG-20260607-0016,SECURITY_INCIDENT,HIGH,Location Marker #16,East District,Urgent emergency alert dispatched to response command center.,ON_SITE,6.4,2026-06-07 00:02:19
17,EMG-20260607-0017,FLOOD,HIGH,Location Marker #17,Industrial Zone,Urgent emergency alert dispatched to response command center.,RESOLVED,19.7,2026-06-07 01:02:19
18,EMG-20260607-0018,INFRASTRUCTURE_FAILURE,HIGH,Location Marker #18,North District,Urgent emergency alert dispatched to response command center.,CLOSED,10.7,2026-06-07 02:02:19
19,EMG-20260607-0019,SECURITY_INCIDENT,HIGH,Location Marker #19,South District,Urgent emergency alert dispatched to response command center.,REPORTED,8.4,2026-06-07 03:02:19
20,EMG-20260607-0020,SECURITY_INCIDENT,HIGH,Location Marker #20,Central Zone,Urgent emergency alert dispatched to response command center.,CLOSED,21.6,2026-06-07 04:02:19
21,EMG-20260607-0021,INFRASTRUCTURE_FAILURE,HIGH,Location Marker #21,South District,Urgent emergency alert dispatched to response command center.,REPORTED,23.5,2026-06-07 05:02:19
22,EMG-20260607-0022,SECURITY_INCIDENT,HIGH,Location Marker #22,South District,Urgent emergency alert dispatched to response command center.,DISPATCHED,5.7,2026-06-07 06:02:19
23,EMG-20260607-0023,FIRE,HIGH,Location Marker #23,South District,Urgent emergency alert dispatched to response command center.,ON_SITE,7.6,2026-06-07 07:02:19
24,EMG-20260607-0024,ACCIDENT,CRITICAL,Location Marker #24,South District,Urgent emergency alert dispatched to response command center.,ON_SITE,19.5,2026-06-07 08:02:19
25,EMG-20260607-0025,MEDICAL,CRITICAL,Location Marker #25,North District,Urgent emergency alert dispatched to response command center.,DISPATCHED,22.0,2026-06-07 09:02:19
26,EMG-20260607-0026,FLOOD,HIGH,Location Marker #26,South District,Urgent emergency alert dispatched to response command center.,REPORTED,12.1,2026-06-07 10:02:19
27,EMG-20260607-0027,FLOOD,HIGH,Location Marker #27,South District,Urgent emergency alert dispatched to response command center.,ON_SITE,14.8,2026-06-07 11:02:19
28,EMG-20260607-0028,FLOOD,CRITICAL,Location Marker #28,Central Zone,Urgent emergency alert dispatched to response command center.,REPORTED,4.3,2026-06-07 12:02:19
29,EMG-20260607-0029,MEDICAL,CRITICAL,Location Marker #29,Central Zone,Urgent emergency alert dispatched to response command center.,CLOSED,18.0,2026-06-07 13:02:19
30,EMG-20260607-0030,FIRE,HIGH,Location Marker #30,Industrial Zone,Urgent emergency alert dispatched to response command center.,RESOLVED,24.1,2026-06-07 14:02:19
31,EMG-20260607-0031,MEDICAL,HIGH,Location Marker #31,Industrial Zone,Urgent emergency alert dispatched to response command center.,REPORTED,15.1,2026-06-07 15:02:19
32,EMG-20260607-0032,MEDICAL,CRITICAL,Location Marker #32,East District,Urgent emergency alert dispatched to response command center.,REPORTED,15.1,2026-06-07 16:02:19
33,EMG-20260607-0033,FIRE,HIGH,Location Marker #33,South District,Urgent emergency alert dispatched to response command center.,REPORTED,14.2,2026-06-07 17:02:19
34,EMG-20260607-0034,INFRASTRUCTURE_FAILURE,CRITICAL,Location Marker #34,West District,Urgent emergency alert dispatched to response command center.,ON_SITE,5.4,2026-06-07 18:02:19
35,EMG-20260607-0035,INFRASTRUCTURE_FAILURE,HIGH,Location Marker #35,North District,Urgent emergency alert dispatched to response command center.,CLOSED,15.0,2026-06-07 19:02:19
36,EMG-20260607-0036,MEDICAL,HIGH,Location Marker #36,Industrial Zone,Urgent emergency alert dispatched to response command center.,CLOSED,22.7,2026-06-07 20:02:19
37,EMG-20260607-0037,FIRE,HIGH,Location Marker #37,South District,Urgent emergency alert dispatched to response command center.,RESOLVED,17.9,2026-06-07 21:02:19
38,EMG-20260607-0038,MEDICAL,HIGH,Location Marker #38,East District,Urgent emergency alert dispatched to response command center.,DISPATCHED,11.8,2026-06-07 22:02:19
39,EMG-20260607-0039,MEDICAL,HIGH,Location Marker #39,Industrial Zone,Urgent emergency alert dispatched to response command center.,CLOSED,15.9,2026-06-07 23:02:19
40,EMG-20260608-0040,INFRASTRUCTURE_FAILURE,CRITICAL,Location Marker #40,South District,Urgent emergency alert dispatched to response command center.,ON_SITE,15.5,2026-06-08 00:02:19
41,EMG-20260608-0041,MEDICAL,HIGH,Location Marker #41,West District,Urgent emergency alert dispatched to response command center.,REPORTED,17.5,2026-06-08 01:02:19
42,EMG-20260608-0042,MEDICAL,CRITICAL,Location Marker #42,East District,Urgent emergency alert dispatched to response command center.,CLOSED,10.3,2026-06-08 02:02:19
43,EMG-20260608-0043,MEDICAL,CRITICAL,Location Marker #43,East District,Urgent emergency alert dispatched to response command center.,DISPATCHED,18.8,2026-06-08 03:02:19
44,EMG-20260608-0044,MEDICAL,CRITICAL,Location Marker #44,North District,Urgent emergency alert dispatched to response command center.,ON_SITE,20.2,2026-06-08 04:02:19
45,EMG-20260608-0045,MEDICAL,CRITICAL,Location Marker #45,West District,Urgent emergency alert dispatched to response command center.,REPORTED,22.6,2026-06-08 05:02:19
46,EMG-20260608-0046,ROAD_BLOCKAGE,CRITICAL,Location Marker #46,South District,Urgent emergency alert dispatched to response command center.,RESOLVED,13.7,2026-06-08 06:02:19
47,EMG-20260608-0047,ACCIDENT,CRITICAL,Location Marker #47,North District,Urgent emergency alert dispatched to response command center.,REPORTED,16.6,2026-06-08 07:02:19
48,EMG-20260608-0048,INFRASTRUCTURE_FAILURE,CRITICAL,Location Marker #48,Industrial Zone,Urgent emergency alert dispatched to response command center.,RESOLVED,7.1,2026-06-08 08:02:19
49,EMG-20260608-0049,FIRE,CRITICAL,Location Marker #49,Industrial Zone,Urgent emergency alert dispatched to response command center.,REPORTED,6.4,2026-06-08 09:02:19
50,EMG-20260608-0050,MEDICAL,CRITICAL,Location Marker #50,Industrial Zone,Urgent emergency alert dispatched to response command center.,REPORTED,5.1,2026-06-08 10:02:19
51,EMG-20260608-0051,ACCIDENT,HIGH,Location Marker #51,Central Zone,Urgent emergency alert dispatched to response command center.,REPORTED,5.0,2026-06-08 11:02:19
52,EMG-20260608-0052,FLOOD,HIGH,Location Marker #52,North District,Urgent emergency alert dispatched to response command center.,CLOSED,8.5,2026-06-08 12:02:19
53,EMG-20260608-0053,ACCIDENT,CRITICAL,Location Marker #53,North District,Urgent emergency alert dispatched to response command center.,REPORTED,8.7,2026-06-08 13:02:19
54,EMG-20260608-0054,FIRE,HIGH,Location Marker #54,East District,Urgent emergency alert dispatched to response command center.,CLOSED,24.7,2026-06-08 14:02:19
55,EMG-20260608-0055,MEDICAL,CRITICAL,Location Marker #55,Industrial Zone,Urgent emergency alert dispatched to response command center.,ON_SITE,11.9,2026-06-08 15:02:19
56,EMG-20260608-0056,MEDICAL,CRITICAL,Location Marker #56,Central Zone,Urgent emergency alert dispatched to response command center.,DISPATCHED,17.9,2026-06-08 16:02:19
57,EMG-20260608-0057,FLOOD,HIGH,Location Marker #57,West District,Urgent emergency alert dispatched to response command center.,RESOLVED,11.9,2026-06-08 17:02:19
58,EMG-20260608-0058,ROAD_BLOCKAGE,HIGH,Location Marker #58,West District,Urgent emergency alert dispatched to response command center.,ON_SITE,20.9,2026-06-08 18:02:19
59,EMG-20260608-0059,ACCIDENT,CRITICAL,Location Marker #59,South District,Urgent emergency alert dispatched to response command center.,ON_SITE,16.0,2026-06-08 19:02:19
60,EMG-20260608-0060,FLOOD,HIGH,Location Marker #60,Industrial Zone,Urgent emergency alert dispatched to response command center.,DISPATCHED,4.6,2026-06-08 20:02:19
61,EMG-20260608-0061,ROAD_BLOCKAGE,CRITICAL,Location Marker #61,East District,Urgent emergency alert dispatched to response command center.,RESOLVED,14.4,2026-06-08 21:02:19
62,EMG-20260608-0062,INFRASTRUCTURE_FAILURE,CRITICAL,Location Marker #62,Industrial Zone,Urgent emergency alert dispatched to response command center.,RESOLVED,25.0,2026-06-08 22:02:19
63,EMG-20260608-0063,FIRE,HIGH,Location Marker #63,Industrial Zone,Urgent emergency alert dispatched to response command center.,REPORTED,16.3,2026-06-08 23:02:19
64,EMG-20260609-0064,SECURITY_INCIDENT,CRITICAL,Location Marker #64,Central Zone,Urgent emergency alert dispatched to response command center.,ON_SITE,6.5,2026-06-09 00:02:19
65,EMG-20260609-0065,ROAD_BLOCKAGE,CRITICAL,Location Marker #65,Central Zone,Urgent emergency alert dispatched to response command center.,RESOLVED,21.7,2026-06-09 01:02:19
66,EMG-20260609-0066,FIRE,CRITICAL,Location Marker #66,East District,Urgent emergency alert dispatched to response command center.,DISPATCHED,6.8,2026-06-09 02:02:19
67,EMG-20260609-0067,ROAD_BLOCKAGE,CRITICAL,Location Marker #67,East District,Urgent emergency alert dispatched to response command center.,RESOLVED,11.5,2026-06-09 03:02:19
68,EMG-20260609-0068,INFRASTRUCTURE_FAILURE,CRITICAL,Location Marker #68,East District,Urgent emergency alert dispatched to response command center.,REPORTED,18.2,2026-06-09 04:02:19
69,EMG-20260609-0069,MEDICAL,HIGH,Location Marker #69,North District,Urgent emergency alert dispatched to response command center.,REPORTED,23.2,2026-06-09 05:02:19
70,EMG-20260609-0070,INFRASTRUCTURE_FAILURE,CRITICAL,Location Marker #70,East District,Urgent emergency alert dispatched to response command center.,ON_SITE,19.7,2026-06-09 06:02:19
71,EMG-20260609-0071,FLOOD,HIGH,Location Marker #71,South District,Urgent emergency alert dispatched to response command center.,RESOLVED,6.3,2026-06-09 07:02:19
72,EMG-20260609-0072,ACCIDENT,CRITICAL,Location Marker #72,South District,Urgent emergency alert dispatched to response command center.,DISPATCHED,15.9,2026-06-09 08:02:19
73,EMG-20260609-0073,MEDICAL,HIGH,Location Marker #73,South District,Urgent emergency alert dispatched to response command center.,RESOLVED,21.9,2026-06-09 09:02:19
74,EMG-20260609-0074,ACCIDENT,CRITICAL,Location Marker #74,Industrial Zone,Urgent emergency alert dispatched to response command center.,CLOSED,24.7,2026-06-09 10:02:19
75,EMG-20260609-0075,ACCIDENT,CRITICAL,Location Marker #75,Industrial Zone,Urgent emergency alert dispatched to response command center.,ON_SITE,17.6,2026-06-09 11:02:19
76,EMG-20260609-0076,FLOOD,CRITICAL,Location Marker #76,Industrial Zone,Urgent emergency alert dispatched to response command center.,REPORTED,18.5,2026-06-09 12:02:19
77,EMG-20260609-0077,SECURITY_INCIDENT,HIGH,Location Marker #77,Industrial Zone,Urgent emergency alert dispatched to response command center.,DISPATCHED,23.2,2026-06-09 13:02:19
78,EMG-20260609-0078,FIRE,CRITICAL,Location Marker #78,South District,Urgent emergency alert dispatched to response command center.,DISPATCHED,11.0,2026-06-09 14:02:19
79,EMG-20260609-0079,FIRE,CRITICAL,Location Marker #79,South District,Urgent emergency alert dispatched to response command center.,ON_SITE,12.9,2026-06-09 15:02:19
80,EMG-20260609-0080,FIRE,HIGH,Location Marker #80,East District,Urgent emergency alert dispatched to response command center.,CLOSED,18.3,2026-06-09 16:02:19
81,EMG-20260609-0081,FIRE,CRITICAL,Location Marker #81,South District,Urgent emergency alert dispatched to response command center.,REPORTED,15.8,2026-06-09 17:02:19
82,EMG-20260609-0082,MEDICAL,CRITICAL,Location Marker #82,South District,Urgent emergency alert dispatched to response command center.,CLOSED,22.4,2026-06-09 18:02:19
83,EMG-20260609-0083,SECURITY_INCIDENT,CRITICAL,Location Marker #83,Central Zone,Urgent emergency alert dispatched to response command center.,ON_SITE,11.6,2026-06-09 19:02:19
84,EMG-20260609-0084,SECURITY_INCIDENT,HIGH,Location Marker #84,North District,Urgent emergency alert dispatched to response command center.,REPORTED,21.2,2026-06-09 20:02:19
85,EMG-20260609-0085,ACCIDENT,CRITICAL,Location Marker #85,West District,Urgent emergency alert dispatched to response command center.,RESOLVED,16.1,2026-06-09 21:02:19
86,EMG-20260609-0086,MEDICAL,CRITICAL,Location Marker #86,Central Zone,Urgent emergency alert dispatched to response command center.,CLOSED,9.5,2026-06-09 22:02:19
87,EMG-20260609-0087,INFRASTRUCTURE_FAILURE,CRITICAL,Location Marker #87,West District,Urgent emergency alert dispatched to response command center.,DISPATCHED,6.2,2026-06-09 23:02:19
88,EMG-20260610-0088,SECURITY_INCIDENT,HIGH,Location Marker #88,Industrial Zone,Urgent emergency alert dispatched to response command center.,REPORTED,10.7,2026-06-10 00:02:19
89,EMG-20260610-0089,MEDICAL,HIGH,Location Marker #89,West District,Urgent emergency alert dispatched to response command center.,ON_SITE,22.6,2026-06-10 01:02:19
90,EMG-20260610-0090,ACCIDENT,CRITICAL,Location Marker #90,Central Zone,Urgent emergency alert dispatched to response command center.,ON_SITE,7.4,2026-06-10 02:02:19
91,EMG-20260610-0091,FIRE,HIGH,Location Marker #91,Central Zone,Urgent emergency alert dispatched to response command center.,CLOSED,15.3,2026-06-10 03:02:19
92,EMG-20260610-0092,ROAD_BLOCKAGE,HIGH,Location Marker #92,North District,Urgent emergency alert dispatched to response command center.,ON_SITE,24.6,2026-06-10 04:02:19
93,EMG-20260610-0093,SECURITY_INCIDENT,CRITICAL,Location Marker #93,East District,Urgent emergency alert dispatched to response command center.,DISPATCHED,10.5,2026-06-10 05:02:19
94,EMG-20260610-0094,ACCIDENT,HIGH,Location Marker #94,North District,Urgent emergency alert dispatched to response command center.,RESOLVED,15.0,2026-06-10 06:02:19
95,EMG-20260610-0095,ACCIDENT,CRITICAL,Location Marker #95,Industrial Zone,Urgent emergency alert dispatched to response command center.,DISPATCHED,21.3,2026-06-10 07:02:19
96,EMG-20260610-0096,ROAD_BLOCKAGE,HIGH,Location Marker #96,West District,Urgent emergency alert dispatched to response command center.,CLOSED,7.3,2026-06-10 08:02:19
97,EMG-20260610-0097,INFRASTRUCTURE_FAILURE,HIGH,Location Marker #97,Central Zone,Urgent emergency alert dispatched to response command center.,CLOSED,10.1,2026-06-10 09:02:19
98,EMG-20260610-0098,FIRE,HIGH,Location Marker #98,Industrial Zone,Urgent emergency alert dispatched to response command center.,RESOLVED,16.7,2026-06-10 10:02:19
99,EMG-20260610-0099,MEDICAL,CRITICAL,Location Marker #99,Central Zone,Urgent emergency alert dispatched to response command center.,RESOLVED,16.0,2026-06-10 11:02:19
100,EMG-20260610-0100,FIRE,CRITICAL,Location Marker #100,West District,Urgent emergency alert dispatched to response command center.,CLOSED,14.6,2026-06-10 12:02:19
101,EMG-20260610-0101,MEDICAL,CRITICAL,Location Marker #101,North District,Urgent emergency alert dispatched to response command center.,ON_SITE,23.3,2026-06-10 13:02:19
102,EMG-20260610-0102,FLOOD,HIGH,Location Marker #102,West District,Urgent emergency alert dispatched to response command center.,RESOLVED,7.3,2026-06-10 14:02:19
103,EMG-20260610-0103,INFRASTRUCTURE_FAILURE,CRITICAL,Location Marker #103,East District,Urgent emergency alert dispatched to response command center.,ON_SITE,17.4,2026-06-10 15:02:19
104,EMG-20260610-0104,INFRASTRUCTURE_FAILURE,CRITICAL,Location Marker #104,South District,Urgent emergency alert dispatched to response command center.,RESOLVED,10.4,2026-06-10 16:02:19
105,EMG-20260610-0105,INFRASTRUCTURE_FAILURE,HIGH,Location Marker #105,South District,Urgent emergency alert dispatched to response command center.,DISPATCHED,19.1,2026-06-10 17:02:19
106,EMG-20260610-0106,INFRASTRUCTURE_FAILURE,CRITICAL,Location Marker #106,Central Zone,Urgent emergency alert dispatched to response command center.,RESOLVED,19.3,2026-06-10 18:02:19
107,EMG-20260610-0107,MEDICAL,HIGH,Location Marker #107,Industrial Zone,Urgent emergency alert dispatched to response command center.,RESOLVED,22.4,2026-06-10 19:02:19
108,EMG-20260610-0108,FLOOD,HIGH,Location Marker #108,North District,Urgent emergency alert dispatched to response command center.,REPORTED,10.6,2026-06-10 20:02:19
109,EMG-20260610-0109,INFRASTRUCTURE_FAILURE,CRITICAL,Location Marker #109,Central Zone,Urgent emergency alert dispatched to response command center.,CLOSED,15.2,2026-06-10 21:02:19
110,EMG-20260610-0110,ROAD_BLOCKAGE,CRITICAL,Location Marker #110,North District,Urgent emergency alert dispatched to response command center.,RESOLVED,5.6,2026-06-10 22:02:19
111,EMG-20260610-0111,MEDICAL,CRITICAL,Location Marker #111,Central Zone,Urgent emergency alert dispatched to response command center.,CLOSED,21.0,2026-06-10 23:02:19
112,EMG-20260611-0112,INFRASTRUCTURE_FAILURE,CRITICAL,Location Marker #112,Industrial Zone,Urgent emergency alert dispatched to response command center.,DISPATCHED,8.7,2026-06-11 00:02:19
113,EMG-20260611-0113,ACCIDENT,HIGH,Location Marker #113,East District,Urgent emergency alert dispatched to response command center.,RESOLVED,6.5,2026-06-11 01:02:19
114,EMG-20260611-0114,MEDICAL,HIGH,Location Marker #114,East District,Urgent emergency alert dispatched to response command center.,REPORTED,18.0,2026-06-11 02:02:19
115,EMG-20260611-0115,INFRASTRUCTURE_FAILURE,HIGH,Location Marker #115,Central Zone,Urgent emergency alert dispatched to response command center.,ON_SITE,9.2,2026-06-11 03:02:19
116,EMG-20260611-0116,MEDICAL,HIGH,Location Marker #116,Industrial Zone,Urgent emergency alert dispatched to response command center.,RESOLVED,21.2,2026-06-11 04:02:19
117,EMG-20260611-0117,SECURITY_INCIDENT,CRITICAL,Location Marker #117,Central Zone,Urgent emergency alert dispatched to response command center.,RESOLVED,7.0,2026-06-11 05:02:19
118,EMG-20260611-0118,MEDICAL,CRITICAL,Location Marker #118,West District,Urgent emergency alert dispatched to response command center.,REPORTED,12.5,2026-06-11 06:02:19
119,EMG-20260611-0119,SECURITY_INCIDENT,CRITICAL,Location Marker #119,Central Zone,Urgent emergency alert dispatched to response command center.,RESOLVED,6.9,2026-06-11 07:02:19
120,EMG-20260611-0120,ACCIDENT,HIGH,Location Marker #120,Central Zone,Urgent emergency alert dispatched to response command center.,RESOLVED,19.3,2026-06-11 08:02:19
121,EMG-20260611-0121,MEDICAL,CRITICAL,Location Marker #121,South District,Urgent emergency alert dispatched to response command center.,CLOSED,23.9,2026-06-11 09:02:19
122,EMG-20260611-0122,MEDICAL,CRITICAL,Location Marker #122,North District,Urgent emergency alert dispatched to response command center.,REPORTED,22.2,2026-06-11 10:02:19
123,EMG-20260611-0123,SECURITY_INCIDENT,HIGH,Location Marker #123,West District,Urgent emergency alert dispatched to response command center.,REPORTED,24.1,2026-06-11 11:02:19
124,EMG-20260611-0124,MEDICAL,CRITICAL,Location Marker #124,East District,Urgent emergency alert dispatched to response command center.,CLOSED,25.0,2026-06-11 12:02:19
125,EMG-20260611-0125,FIRE,CRITICAL,Location Marker #125,South District,Urgent emergency alert dispatched to response command center.,REPORTED,18.1,2026-06-11 13:02:19
126,EMG-20260611-0126,ROAD_BLOCKAGE,HIGH,Location Marker #126,South District,Urgent emergency alert dispatched to response command center.,CLOSED,19.7,2026-06-11 14:02:19
127,EMG-20260611-0127,ACCIDENT,CRITICAL,Location Marker #127,South District,Urgent emergency alert dispatched to response command center.,CLOSED,11.4,2026-06-11 15:02:19
128,EMG-20260611-0128,SECURITY_INCIDENT,CRITICAL,Location Marker #128,West District,Urgent emergency alert dispatched to response command center.,CLOSED,24.3,2026-06-11 16:02:19
129,EMG-20260611-0129,INFRASTRUCTURE_FAILURE,HIGH,Location Marker #129,Industrial Zone,Urgent emergency alert dispatched to response command center.,REPORTED,20.3,2026-06-11 17:02:19
130,EMG-20260611-0130,INFRASTRUCTURE_FAILURE,HIGH,Location Marker #130,Industrial Zone,Urgent emergency alert dispatched to response command center.,CLOSED,9.9,2026-06-11 18:02:19
131,EMG-20260611-0131,ACCIDENT,HIGH,Location Marker #131,Central Zone,Urgent emergency alert dispatched to response command center.,ON_SITE,16.1,2026-06-11 19:02:19
132,EMG-20260611-0132,INFRASTRUCTURE_FAILURE,HIGH,Location Marker #132,West District,Urgent emergency alert dispatched to response command center.,ON_SITE,8.8,2026-06-11 20:02:19
133,EMG-20260611-0133,FIRE,HIGH,Location Marker #133,Industrial Zone,Urgent emergency alert dispatched to response command center.,RESOLVED,12.3,2026-06-11 21:02:19
134,EMG-20260611-0134,ROAD_BLOCKAGE,HIGH,Location Marker #134,West District,Urgent emergency alert dispatched to response command center.,ON_SITE,9.2,2026-06-11 22:02:19
135,EMG-20260611-0135,INFRASTRUCTURE_FAILURE,CRITICAL,Location Marker #135,Industrial Zone,Urgent emergency alert dispatched to response command center.,RESOLVED,11.7,2026-06-11 23:02:19
136,EMG-20260612-0136,FLOOD,CRITICAL,Location Marker #136,North District,Urgent emergency alert dispatched to response command center.,REPORTED,10.7,2026-06-12 00:02:19
137,EMG-20260612-0137,ACCIDENT,CRITICAL,Location Marker #137,Central Zone,Urgent emergency alert dispatched to response command center.,REPORTED,10.4,2026-06-12 01:02:19
138,EMG-20260612-0138,FIRE,CRITICAL,Location Marker #138,North District,Urgent emergency alert dispatched to response command center.,CLOSED,16.7,2026-06-12 02:02:19
139,EMG-20260612-0139,INFRASTRUCTURE_FAILURE,HIGH,Location Marker #139,North District,Urgent emergency alert dispatched to response command center.,CLOSED,21.6,2026-06-12 03:02:19
140,EMG-20260612-0140,MEDICAL,CRITICAL,Location Marker #140,East District,Urgent emergency alert dispatched to response command center.,ON_SITE,24.0,2026-06-12 04:02:19
141,EMG-20260612-0141,FIRE,CRITICAL,Location Marker #141,East District,Urgent emergency alert dispatched to response command center.,CLOSED,7.9,2026-06-12 05:02:19
142,EMG-20260612-0142,SECURITY_INCIDENT,HIGH,Location Marker #142,Industrial Zone,Urgent emergency alert dispatched to response command center.,DISPATCHED,12.1,2026-06-12 06:02:19
143,EMG-20260612-0143,FIRE,HIGH,Location Marker #143,South District,Urgent emergency alert dispatched to response command center.,REPORTED,21.6,2026-06-12 07:02:19
144,EMG-20260612-0144,SECURITY_INCIDENT,HIGH,Location Marker #144,West District,Urgent emergency alert dispatched to response command center.,CLOSED,12.0,2026-06-12 08:02:19
145,EMG-20260612-0145,FLOOD,HIGH,Location Marker #145,Industrial Zone,Urgent emergency alert dispatched to response command center.,ON_SITE,10.1,2026-06-12 09:02:19
146,EMG-20260612-0146,FLOOD,HIGH,Location Marker #146,South District,Urgent emergency alert dispatched to response command center.,RESOLVED,6.2,2026-06-12 10:02:19
147,EMG-20260612-0147,ACCIDENT,CRITICAL,Location Marker #147,South District,Urgent emergency alert dispatched to response command center.,DISPATCHED,14.7,2026-06-12 11:02:19
148,EMG-20260612-0148,ACCIDENT,CRITICAL,Location Marker #148,Industrial Zone,Urgent emergency alert dispatched to response command center.,REPORTED,18.0,2026-06-12 12:02:19
149,EMG-20260612-0149,ROAD_BLOCKAGE,CRITICAL,Location Marker #149,East District,Urgent emergency alert dispatched to response command center.,REPORTED,20.3,2026-06-12 13:02:19
150,EMG-20260612-0150,ROAD_BLOCKAGE,HIGH,Location Marker #150,North District,Urgent emergency alert dispatched to response command center.,DISPATCHED,6.2,2026-06-12 14:02:19
151,EMG-20260612-0151,ACCIDENT,HIGH,Location Marker #151,South District,Urgent emergency alert dispatched to response command center.,RESOLVED,6.1,2026-06-12 15:02:19
152,EMG-20260612-0152,SECURITY_INCIDENT,HIGH,Location Marker #152,Industrial Zone,Urgent emergency alert dispatched to response command center.,CLOSED,20.7,2026-06-12 16:02:19
153,EMG-20260612-0153,FIRE,HIGH,Location Marker #153,South District,Urgent emergency alert dispatched to response command center.,CLOSED,15.0,2026-06-12 17:02:19
154,EMG-20260612-0154,MEDICAL,HIGH,Location Marker #154,West District,Urgent emergency alert dispatched to response command center.,DISPATCHED,19.0,2026-06-12 18:02:19
155,EMG-20260612-0155,FIRE,CRITICAL,Location Marker #155,West District,Urgent emergency alert dispatched to response command center.,REPORTED,20.3,2026-06-12 19:02:19
156,EMG-20260612-0156,INFRASTRUCTURE_FAILURE,CRITICAL,Location Marker #156,South District,Urgent emergency alert dispatched to response command center.,RESOLVED,17.1,2026-06-12 20:02:19
157,EMG-20260612-0157,SECURITY_INCIDENT,CRITICAL,Location Marker #157,East District,Urgent emergency alert dispatched to response command center.,RESOLVED,20.3,2026-06-12 21:02:19
158,EMG-20260612-0158,FIRE,HIGH,Location Marker #158,East District,Urgent emergency alert dispatched to response command center.,ON_SITE,24.0,2026-06-12 22:02:19
159,EMG-20260612-0159,FIRE,CRITICAL,Location Marker #159,Central Zone,Urgent emergency alert dispatched to response command center.,RESOLVED,9.4,2026-06-12 23:02:19
160,EMG-20260613-0160,INFRASTRUCTURE_FAILURE,CRITICAL,Location Marker #160,South District,Urgent emergency alert dispatched to response command center.,CLOSED,7.8,2026-06-13 00:02:19
161,EMG-20260613-0161,SECURITY_INCIDENT,HIGH,Location Marker #161,North District,Urgent emergency alert dispatched to response command center.,CLOSED,19.9,2026-06-13 01:02:19
162,EMG-20260613-0162,SECURITY_INCIDENT,CRITICAL,Location Marker #162,North District,Urgent emergency alert dispatched to response command center.,REPORTED,23.8,2026-06-13 02:02:19
163,EMG-20260613-0163,ACCIDENT,CRITICAL,Location Marker #163,Industrial Zone,Urgent emergency alert dispatched to response command center.,REPORTED,17.6,2026-06-13 03:02:19
164,EMG-20260613-0164,MEDICAL,CRITICAL,Location Marker #164,West District,Urgent emergency alert dispatched to response command center.,DISPATCHED,12.9,2026-06-13 04:02:19
165,EMG-20260613-0165,SECURITY_INCIDENT,CRITICAL,Location Marker #165,South District,Urgent emergency alert dispatched to response command center.,CLOSED,18.9,2026-06-13 05:02:19
166,EMG-20260613-0166,FLOOD,HIGH,Location Marker #166,Industrial Zone,Urgent emergency alert dispatched to response command center.,REPORTED,6.4,2026-06-13 06:02:19
167,EMG-20260613-0167,SECURITY_INCIDENT,CRITICAL,Location Marker #167,East District,Urgent emergency alert dispatched to response command center.,ON_SITE,4.1,2026-06-13 07:02:19
168,EMG-20260613-0168,SECURITY_INCIDENT,HIGH,Location Marker #168,Industrial Zone,Urgent emergency alert dispatched to response command center.,CLOSED,7.4,2026-06-13 08:02:19
169,EMG-20260613-0169,MEDICAL,HIGH,Location Marker #169,Industrial Zone,Urgent emergency alert dispatched to response command center.,CLOSED,14.6,2026-06-13 09:02:19
170,EMG-20260613-0170,FLOOD,HIGH,Location Marker #170,Central Zone,Urgent emergency alert dispatched to response command center.,CLOSED,8.2,2026-06-13 10:02:19
171,EMG-20260613-0171,MEDICAL,HIGH,Location Marker #171,North District,Urgent emergency alert dispatched to response command center.,ON_SITE,5.1,2026-06-13 11:02:19
172,EMG-20260613-0172,INFRASTRUCTURE_FAILURE,HIGH,Location Marker #172,South District,Urgent emergency alert dispatched to response command center.,DISPATCHED,23.6,2026-06-13 12:02:19
173,EMG-20260613-0173,SECURITY_INCIDENT,HIGH,Location Marker #173,Central Zone,Urgent emergency alert dispatched to response command center.,REPORTED,18.4,2026-06-13 13:02:19
174,EMG-20260613-0174,FLOOD,CRITICAL,Location Marker #174,East District,Urgent emergency alert dispatched to response command center.,REPORTED,14.5,2026-06-13 14:02:19
175,EMG-20260613-0175,FLOOD,CRITICAL,Location Marker #175,Industrial Zone,Urgent emergency alert dispatched to response command center.,REPORTED,8.5,2026-06-13 15:02:19
176,EMG-20260613-0176,ROAD_BLOCKAGE,CRITICAL,Location Marker #176,Industrial Zone,Urgent emergency alert dispatched to response command center.,CLOSED,14.0,2026-06-13 16:02:19
177,EMG-20260613-0177,INFRASTRUCTURE_FAILURE,CRITICAL,Location Marker #177,North District,Urgent emergency alert dispatched to response command center.,RESOLVED,21.5,2026-06-13 17:02:19
178,EMG-20260613-0178,FLOOD,CRITICAL,Location Marker #178,West District,Urgent emergency alert dispatched to response command center.,RESOLVED,16.0,2026-06-13 18:02:19
179,EMG-20260613-0179,FLOOD,HIGH,Location Marker #179,South District,Urgent emergency alert dispatched to response command center.,REPORTED,17.4,2026-06-13 19:02:19
180,EMG-20260613-0180,SECURITY_INCIDENT,CRITICAL,Location Marker #180,West District,Urgent emergency alert dispatched to response command center.,RESOLVED,4.9,2026-06-13 20:02:19
181,EMG-20260613-0181,INFRASTRUCTURE_FAILURE,CRITICAL,Location Marker #181,Industrial Zone,Urgent emergency alert dispatched to response command center.,RESOLVED,4.6,2026-06-13 21:02:19
182,EMG-20260613-0182,SECURITY_INCIDENT,CRITICAL,Location Marker #182,South District,Urgent emergency alert dispatched to response command center.,REPORTED,16.3,2026-06-13 22:02:19
183,EMG-20260613-0183,ACCIDENT,HIGH,Location Marker #183,East District,Urgent emergency alert dispatched to response command center.,ON_SITE,19.4,2026-06-13 23:02:19
184,EMG-20260614-0184,SECURITY_INCIDENT,CRITICAL,Location Marker #184,West District,Urgent emergency alert dispatched to response command center.,CLOSED,5.1,2026-06-14 00:02:19
185,EMG-20260614-0185,SECURITY_INCIDENT,HIGH,Location Marker #185,Industrial Zone,Urgent emergency alert dispatched to response command center.,REPORTED,13.0,2026-06-14 01:02:19
186,EMG-20260614-0186,INFRASTRUCTURE_FAILURE,HIGH,Location Marker #186,North District,Urgent emergency alert dispatched to response command center.,REPORTED,13.2,2026-06-14 02:02:19
187,EMG-20260614-0187,MEDICAL,CRITICAL,Location Marker #187,West District,Urgent emergency alert dispatched to response command center.,RESOLVED,7.2,2026-06-14 03:02:19
188,EMG-20260614-0188,ACCIDENT,CRITICAL,Location Marker #188,East District,Urgent emergency alert dispatched to response command center.,RESOLVED,8.6,2026-06-14 04:02:19
189,EMG-20260614-0189,SECURITY_INCIDENT,HIGH,Location Marker #189,West District,Urgent emergency alert dispatched to response command center.,ON_SITE,6.1,2026-06-14 05:02:19
190,EMG-20260614-0190,MEDICAL,CRITICAL,Location Marker #190,Central Zone,Urgent emergency alert dispatched to response command center.,CLOSED,13.0,2026-06-14 06:02:19
191,EMG-20260614-0191,INFRASTRUCTURE_FAILURE,CRITICAL,Location Marker #191,East District,Urgent emergency alert dispatched to response command center.,REPORTED,13.1,2026-06-14 07:02:19
192,EMG-20260614-0192,MEDICAL,CRITICAL,Location Marker #192,South District,Urgent emergency alert dispatched to response command center.,CLOSED,10.7,2026-06-14 08:02:19
193,EMG-20260614-0193,SECURITY_INCIDENT,CRITICAL,Location Marker #193,West District,Urgent emergency alert dispatched to response command center.,REPORTED,9.3,2026-06-14 09:02:19
194,EMG-20260614-0194,INFRASTRUCTURE_FAILURE,HIGH,Location Marker #194,South District,Urgent emergency alert dispatched to response command center.,CLOSED,16.6,2026-06-14 10:02:19
195,EMG-20260614-0195,INFRASTRUCTURE_FAILURE,CRITICAL,Location Marker #195,West District,Urgent emergency alert dispatched to response command center.,ON_SITE,24.4,2026-06-14 11:02:19
196,EMG-20260614-0196,SECURITY_INCIDENT,CRITICAL,Location Marker #196,East District,Urgent emergency alert dispatched to response command center.,CLOSED,7.1,2026-06-14 12:02:19
197,EMG-20260614-0197,SECURITY_INCIDENT,CRITICAL,Location Marker #197,Industrial Zone,Urgent emergency alert dispatched to response command center.,REPORTED,14.3,2026-06-14 13:02:19
198,EMG-20260614-0198,SECURITY_INCIDENT,HIGH,Location Marker #198,South District,Urgent emergency alert dispatched to response command center.,CLOSED,4.0,2026-06-14 14:02:19
199,EMG-20260614-0199,ROAD_BLOCKAGE,HIGH,Location Marker #199,West District,Urgent emergency alert dispatched to response command center.,REPORTED,11.8,2026-06-14 15:02:19
200,EMG-20260614-0200,SECURITY_INCIDENT,HIGH,Location Marker #200,Industrial Zone,Urgent emergency alert dispatched to response command center.,REPORTED,5.9,2026-06-14 16:02:19
201,EMG-20260614-0201,ROAD_BLOCKAGE,CRITICAL,Location Marker #201,North District,Urgent emergency alert dispatched to response command center.,DISPATCHED,10.5,2026-06-14 17:02:19
202,EMG-20260614-0202,ACCIDENT,CRITICAL,Location Marker #202,East District,Urgent emergency alert dispatched to response command center.,DISPATCHED,24.7,2026-06-14 18:02:19
203,EMG-20260614-0203,ACCIDENT,HIGH,Location Marker #203,Central Zone,Urgent emergency alert dispatched to response command center.,REPORTED,16.7,2026-06-14 19:02:19
204,EMG-20260614-0204,INFRASTRUCTURE_FAILURE,HIGH,Location Marker #204,West District,Urgent emergency alert dispatched to response command center.,ON_SITE,16.5,2026-06-14 20:02:19
205,EMG-20260614-0205,MEDICAL,HIGH,Location Marker #205,East District,Urgent emergency alert dispatched to response command center.,CLOSED,16.9,2026-06-14 21:02:19
206,EMG-20260614-0206,FLOOD,CRITICAL,Location Marker #206,West District,Urgent emergency alert dispatched to response command center.,REPORTED,8.8,2026-06-14 22:02:19
207,EMG-20260614-0207,ACCIDENT,CRITICAL,Location Marker #207,Central Zone,Urgent emergency alert dispatched to response command center.,RESOLVED,11.5,2026-06-14 23:02:19
208,EMG-20260615-0208,INFRASTRUCTURE_FAILURE,CRITICAL,Location Marker #208,Central Zone,Urgent emergency alert dispatched to response command center.,CLOSED,15.1,2026-06-15 00:02:19
209,EMG-20260615-0209,ACCIDENT,CRITICAL,Location Marker #209,Central Zone,Urgent emergency alert dispatched to response command center.,REPORTED,24.9,2026-06-15 01:02:19
210,EMG-20260615-0210,ROAD_BLOCKAGE,HIGH,Location Marker #210,North District,Urgent emergency alert dispatched to response command center.,DISPATCHED,24.4,2026-06-15 02:02:19
211,EMG-20260615-0211,ACCIDENT,HIGH,Location Marker #211,East District,Urgent emergency alert dispatched to response command center.,RESOLVED,20.7,2026-06-15 03:02:19
212,EMG-20260615-0212,FLOOD,CRITICAL,Location Marker #212,South District,Urgent emergency alert dispatched to response command center.,REPORTED,23.3,2026-06-15 04:02:19
213,EMG-20260615-0213,ACCIDENT,HIGH,Location Marker #213,North District,Urgent emergency alert dispatched to response command center.,REPORTED,6.9,2026-06-15 05:02:19
214,EMG-20260615-0214,FLOOD,HIGH,Location Marker #214,West District,Urgent emergency alert dispatched to response command center.,CLOSED,24.6,2026-06-15 06:02:19
215,EMG-20260615-0215,MEDICAL,HIGH,Location Marker #215,Central Zone,Urgent emergency alert dispatched to response command center.,CLOSED,21.3,2026-06-15 07:02:19
216,EMG-20260615-0216,INFRASTRUCTURE_FAILURE,CRITICAL,Location Marker #216,South District,Urgent emergency alert dispatched to response command center.,CLOSED,14.6,2026-06-15 08:02:19
217,EMG-20260615-0217,FIRE,CRITICAL,Location Marker #217,East District,Urgent emergency alert dispatched to response command center.,RESOLVED,21.1,2026-06-15 09:02:19
218,EMG-20260615-0218,FIRE,CRITICAL,Location Marker #218,South District,Urgent emergency alert dispatched to response command center.,REPORTED,22.4,2026-06-15 10:02:19
219,EMG-20260615-0219,INFRASTRUCTURE_FAILURE,CRITICAL,Location Marker #219,Central Zone,Urgent emergency alert dispatched to response command center.,CLOSED,6.2,2026-06-15 11:02:19
220,EMG-20260615-0220,FIRE,HIGH,Location Marker #220,East District,Urgent emergency alert dispatched to response command center.,DISPATCHED,7.2,2026-06-15 12:02:19
221,EMG-20260615-0221,FIRE,CRITICAL,Location Marker #221,South District,Urgent emergency alert dispatched to response command center.,REPORTED,22.2,2026-06-15 13:02:19
222,EMG-20260615-0222,FLOOD,HIGH,Location Marker #222,South District,Urgent emergency alert dispatched to response command center.,RESOLVED,16.9,2026-06-15 14:02:19
223,EMG-20260615-0223,ROAD_BLOCKAGE,HIGH,Location Marker #223,Industrial Zone,Urgent emergency alert dispatched to response command center.,DISPATCHED,17.3,2026-06-15 15:02:19
224,EMG-20260615-0224,FIRE,CRITICAL,Location Marker #224,South District,Urgent emergency alert dispatched to response command center.,REPORTED,8.4,2026-06-15 16:02:19
225,EMG-20260615-0225,ACCIDENT,HIGH,Location Marker #225,South District,Urgent emergency alert dispatched to response command center.,REPORTED,4.2,2026-06-15 17:02:19
226,EMG-20260615-0226,ACCIDENT,CRITICAL,Location Marker #226,Central Zone,Urgent emergency alert dispatched to response command center.,CLOSED,18.8,2026-06-15 18:02:19
227,EMG-20260615-0227,ROAD_BLOCKAGE,CRITICAL,Location Marker #227,South District,Urgent emergency alert dispatched to response command center.,CLOSED,10.7,2026-06-15 19:02:19
228,EMG-20260615-0228,FIRE,CRITICAL,Location Marker #228,East District,Urgent emergency alert dispatched to response command center.,CLOSED,17.8,2026-06-15 20:02:19
229,EMG-20260615-0229,SECURITY_INCIDENT,CRITICAL,Location Marker #229,Industrial Zone,Urgent emergency alert dispatched to response command center.,RESOLVED,20.2,2026-06-15 21:02:19
230,EMG-20260615-0230,INFRASTRUCTURE_FAILURE,CRITICAL,Location Marker #230,East District,Urgent emergency alert dispatched to response command center.,REPORTED,21.1,2026-06-15 22:02:19
231,EMG-20260615-0231,INFRASTRUCTURE_FAILURE,HIGH,Location Marker #231,West District,Urgent emergency alert dispatched to response command center.,ON_SITE,13.2,2026-06-15 23:02:19
232,EMG-20260616-0232,SECURITY_INCIDENT,CRITICAL,Location Marker #232,Central Zone,Urgent emergency alert dispatched to response command center.,DISPATCHED,16.6,2026-06-16 00:02:19
233,EMG-20260616-0233,ACCIDENT,HIGH,Location Marker #233,East District,Urgent emergency alert dispatched to response command center.,DISPATCHED,10.0,2026-06-16 01:02:19
234,EMG-20260616-0234,MEDICAL,HIGH,Location Marker #234,South District,Urgent emergency alert dispatched to response command center.,CLOSED,15.6,2026-06-16 02:02:19
235,EMG-20260616-0235,FLOOD,CRITICAL,Location Marker #235,South District,Urgent emergency alert dispatched to response command center.,RESOLVED,14.1,2026-06-16 03:02:19
236,EMG-20260616-0236,INFRASTRUCTURE_FAILURE,HIGH,Location Marker #236,South District,Urgent emergency alert dispatched to response command center.,DISPATCHED,6.6,2026-06-16 04:02:19
237,EMG-20260616-0237,ROAD_BLOCKAGE,HIGH,Location Marker #237,South District,Urgent emergency alert dispatched to response command center.,ON_SITE,9.3,2026-06-16 05:02:19
238,EMG-20260616-0238,INFRASTRUCTURE_FAILURE,HIGH,Location Marker #238,West District,Urgent emergency alert dispatched to response command center.,DISPATCHED,9.8,2026-06-16 06:02:19
239,EMG-20260616-0239,ROAD_BLOCKAGE,CRITICAL,Location Marker #239,West District,Urgent emergency alert dispatched to response command center.,DISPATCHED,7.5,2026-06-16 07:02:19
240,EMG-20260616-0240,SECURITY_INCIDENT,CRITICAL,Location Marker #240,West District,Urgent emergency alert dispatched to response command center.,DISPATCHED,13.6,2026-06-16 08:02:19
241,EMG-20260616-0241,FIRE,HIGH,Location Marker #241,Industrial Zone,Urgent emergency alert dispatched to response command center.,REPORTED,24.1,2026-06-16 09:02:19
242,EMG-20260616-0242,FIRE,CRITICAL,Location Marker #242,South District,Urgent emergency alert dispatched to response command center.,ON_SITE,9.1,2026-06-16 10:02:19
243,EMG-20260616-0243,FLOOD,CRITICAL,Location Marker #243,East District,Urgent emergency alert dispatched to response command center.,CLOSED,8.3,2026-06-16 11:02:19
244,EMG-20260616-0244,ACCIDENT,CRITICAL,Location Marker #244,East District,Urgent emergency alert dispatched to response command center.,REPORTED,24.0,2026-06-16 12:02:19
245,EMG-20260616-0245,INFRASTRUCTURE_FAILURE,CRITICAL,Location Marker #245,West District,Urgent emergency alert dispatched to response command center.,DISPATCHED,17.4,2026-06-16 13:02:19
246,EMG-20260616-0246,INFRASTRUCTURE_FAILURE,HIGH,Location Marker #246,East District,Urgent emergency alert dispatched to response command center.,ON_SITE,9.6,2026-06-16 14:02:19
247,EMG-20260616-0247,FLOOD,HIGH,Location Marker #247,East District,Urgent emergency alert dispatched to response command center.,REPORTED,12.6,2026-06-16 15:02:19
248,EMG-20260616-0248,FLOOD,HIGH,Location Marker #248,Central Zone,Urgent emergency alert dispatched to response command center.,DISPATCHED,16.1,2026-06-16 16:02:19
249,EMG-20260616-0249,INFRASTRUCTURE_FAILURE,HIGH,Location Marker #249,South District,Urgent emergency alert dispatched to response command center.,DISPATCHED,17.6,2026-06-16 17:02:19
250,EMG-20260616-0250,ROAD_BLOCKAGE,HIGH,Location Marker #250,East District,Urgent emergency alert dispatched to response command center.,DISPATCHED,6.7,2026-06-16 18:02:19
251,EMG-20260616-0251,FLOOD,CRITICAL,Location Marker #251,East District,Urgent emergency alert dispatched to response command center.,DISPATCHED,7.5,2026-06-16 19:02:19
252,EMG-20260616-0252,ACCIDENT,HIGH,Location Marker #252,Central Zone,Urgent emergency alert dispatched to response command center.,CLOSED,18.0,2026-06-16 20:02:19
253,EMG-20260616-0253,ROAD_BLOCKAGE,HIGH,Location Marker #253,North District,Urgent emergency alert dispatched to response command center.,REPORTED,17.4,2026-06-16 21:02:19
254,EMG-20260616-0254,INFRASTRUCTURE_FAILURE,CRITICAL,Location Marker #254,North District,Urgent emergency alert dispatched to response command center.,DISPATCHED,23.1,2026-06-16 22:02:19
255,EMG-20260616-0255,SECURITY_INCIDENT,CRITICAL,Location Marker #255,North District,Urgent emergency alert dispatched to response command center.,CLOSED,14.9,2026-06-16 23:02:19
256,EMG-20260617-0256,INFRASTRUCTURE_FAILURE,CRITICAL,Location Marker #256,West District,Urgent emergency alert dispatched to response command center.,CLOSED,14.6,2026-06-17 00:02:19
257,EMG-20260617-0257,MEDICAL,HIGH,Location Marker #257,South District,Urgent emergency alert dispatched to response command center.,REPORTED,15.6,2026-06-17 01:02:19
258,EMG-20260617-0258,ROAD_BLOCKAGE,HIGH,Location Marker #258,East District,Urgent emergency alert dispatched to response command center.,REPORTED,17.3,2026-06-17 02:02:19
259,EMG-20260617-0259,INFRASTRUCTURE_FAILURE,CRITICAL,Location Marker #259,North District,Urgent emergency alert dispatched to response command center.,CLOSED,8.7,2026-06-17 03:02:19
260,EMG-20260617-0260,MEDICAL,CRITICAL,Location Marker #260,South District,Urgent emergency alert dispatched to response command center.,RESOLVED,20.2,2026-06-17 04:02:19
261,EMG-20260617-0261,ROAD_BLOCKAGE,CRITICAL,Location Marker #261,West District,Urgent emergency alert dispatched to response command center.,DISPATCHED,20.5,2026-06-17 05:02:19
262,EMG-20260617-0262,FIRE,HIGH,Location Marker #262,West District,Urgent emergency alert dispatched to response command center.,DISPATCHED,12.4,2026-06-17 06:02:19
263,EMG-20260617-0263,ROAD_BLOCKAGE,CRITICAL,Location Marker #263,North District,Urgent emergency alert dispatched to response command center.,DISPATCHED,14.5,2026-06-17 07:02:19
264,EMG-20260617-0264,ACCIDENT,HIGH,Location Marker #264,North District,Urgent emergency alert dispatched to response command center.,CLOSED,22.9,2026-06-17 08:02:19
265,EMG-20260617-0265,ROAD_BLOCKAGE,CRITICAL,Location Marker #265,Central Zone,Urgent emergency alert dispatched to response command center.,DISPATCHED,11.1,2026-06-17 09:02:19
266,EMG-20260617-0266,MEDICAL,HIGH,Location Marker #266,Industrial Zone,Urgent emergency alert dispatched to response command center.,ON_SITE,8.8,2026-06-17 10:02:19
267,EMG-20260617-0267,INFRASTRUCTURE_FAILURE,CRITICAL,Location Marker #267,West District,Urgent emergency alert dispatched to response command center.,RESOLVED,18.6,2026-06-17 11:02:19
268,EMG-20260617-0268,ACCIDENT,CRITICAL,Location Marker #268,East District,Urgent emergency alert dispatched to response command center.,RESOLVED,12.9,2026-06-17 12:02:19
269,EMG-20260617-0269,FIRE,HIGH,Location Marker #269,Industrial Zone,Urgent emergency alert dispatched to response command center.,RESOLVED,11.3,2026-06-17 13:02:19
270,EMG-20260617-0270,INFRASTRUCTURE_FAILURE,HIGH,Location Marker #270,Industrial Zone,Urgent emergency alert dispatched to response command center.,REPORTED,8.6,2026-06-17 14:02:19
271,EMG-20260617-0271,FLOOD,CRITICAL,Location Marker #271,South District,Urgent emergency alert dispatched to response command center.,RESOLVED,7.0,2026-06-17 15:02:19
272,EMG-20260617-0272,FLOOD,CRITICAL,Location Marker #272,Industrial Zone,Urgent emergency alert dispatched to response command center.,ON_SITE,22.4,2026-06-17 16:02:19
273,EMG-20260617-0273,SECURITY_INCIDENT,HIGH,Location Marker #273,Industrial Zone,Urgent emergency alert dispatched to response command center.,DISPATCHED,17.1,2026-06-17 17:02:19
274,EMG-20260617-0274,MEDICAL,CRITICAL,Location Marker #274,East District,Urgent emergency alert dispatched to response command center.,RESOLVED,15.1,2026-06-17 18:02:19
275,EMG-20260617-0275,ROAD_BLOCKAGE,CRITICAL,Location Marker #275,North District,Urgent emergency alert dispatched to response command center.,CLOSED,8.2,2026-06-17 19:02:19
276,EMG-20260617-0276,ROAD_BLOCKAGE,HIGH,Location Marker #276,West District,Urgent emergency alert dispatched to response command center.,CLOSED,7.5,2026-06-17 20:02:19
277,EMG-20260617-0277,FLOOD,HIGH,Location Marker #277,Industrial Zone,Urgent emergency alert dispatched to response command center.,CLOSED,5.1,2026-06-17 21:02:19
278,EMG-20260617-0278,SECURITY_INCIDENT,HIGH,Location Marker #278,Industrial Zone,Urgent emergency alert dispatched to response command center.,ON_SITE,13.1,2026-06-17 22:02:19
279,EMG-20260617-0279,FLOOD,CRITICAL,Location Marker #279,Industrial Zone,Urgent emergency alert dispatched to response command center.,DISPATCHED,18.7,2026-06-17 23:02:19
280,EMG-20260618-0280,INFRASTRUCTURE_FAILURE,HIGH,Location Marker #280,Industrial Zone,Urgent emergency alert dispatched to response command center.,CLOSED,13.7,2026-06-18 00:02:19
281,EMG-20260618-0281,INFRASTRUCTURE_FAILURE,CRITICAL,Location Marker #281,Industrial Zone,Urgent emergency alert dispatched to response command center.,DISPATCHED,13.2,2026-06-18 01:02:19
282,EMG-20260618-0282,FLOOD,HIGH,Location Marker #282,Industrial Zone,Urgent emergency alert dispatched to response command center.,ON_SITE,6.0,2026-06-18 02:02:19
283,EMG-20260618-0283,ROAD_BLOCKAGE,HIGH,Location Marker #283,West District,Urgent emergency alert dispatched to response command center.,RESOLVED,9.2,2026-06-18 03:02:19
284,EMG-20260618-0284,INFRASTRUCTURE_FAILURE,CRITICAL,Location Marker #284,West District,Urgent emergency alert dispatched to response command center.,DISPATCHED,18.7,2026-06-18 04:02:19
285,EMG-20260618-0285,FIRE,HIGH,Location Marker #285,South District,Urgent emergency alert dispatched to response command center.,CLOSED,11.4,2026-06-18 05:02:19
286,EMG-20260618-0286,FLOOD,HIGH,Location Marker #286,West District,Urgent emergency alert dispatched to response command center.,CLOSED,14.3,2026-06-18 06:02:19
287,EMG-20260618-0287,SECURITY_INCIDENT,HIGH,Location Marker #287,Central Zone,Urgent emergency alert dispatched to response command center.,REPORTED,6.4,2026-06-18 07:02:19
288,EMG-20260618-0288,SECURITY_INCIDENT,HIGH,Location Marker #288,West District,Urgent emergency alert dispatched to response command center.,ON_SITE,21.0,2026-06-18 08:02:19
289,EMG-20260618-0289,ACCIDENT,CRITICAL,Location Marker #289,Central Zone,Urgent emergency alert dispatched to response command center.,REPORTED,24.2,2026-06-18 09:02:19
290,EMG-20260618-0290,INFRASTRUCTURE_FAILURE,HIGH,Location Marker #290,West District,Urgent emergency alert dispatched to response command center.,REPORTED,24.7,2026-06-18 10:02:19
291,EMG-20260618-0291,FIRE,HIGH,Location Marker #291,Central Zone,Urgent emergency alert dispatched to response command center.,ON_SITE,14.8,2026-06-18 11:02:19
292,EMG-20260618-0292,SECURITY_INCIDENT,HIGH,Location Marker #292,Industrial Zone,Urgent emergency alert dispatched to response command center.,RESOLVED,13.2,2026-06-18 12:02:19
293,EMG-20260618-0293,SECURITY_INCIDENT,CRITICAL,Location Marker #293,West District,Urgent emergency alert dispatched to response command center.,ON_SITE,11.1,2026-06-18 13:02:19
294,EMG-20260618-0294,MEDICAL,CRITICAL,Location Marker #294,Industrial Zone,Urgent emergency alert dispatched to response command center.,REPORTED,19.8,2026-06-18 14:02:19
295,EMG-20260618-0295,FIRE,CRITICAL,Location Marker #295,Industrial Zone,Urgent emergency alert dispatched to response command center.,CLOSED,7.3,2026-06-18 15:02:19
296,EMG-20260618-0296,INFRASTRUCTURE_FAILURE,CRITICAL,Location Marker #296,East District,Urgent emergency alert dispatched to response command center.,REPORTED,7.6,2026-06-18 16:02:19
297,EMG-20260618-0297,FIRE,CRITICAL,Location Marker #297,West District,Urgent emergency alert dispatched to response command center.,CLOSED,6.2,2026-06-18 17:02:19
298,EMG-20260618-0298,SECURITY_INCIDENT,HIGH,Location Marker #298,Industrial Zone,Urgent emergency alert dispatched to response command center.,REPORTED,13.3,2026-06-18 18:02:19
299,EMG-20260618-0299,ACCIDENT,CRITICAL,Location Marker #299,South District,Urgent emergency alert dispatched to response command center.,DISPATCHED,9.9,2026-06-18 19:02:19
300,EMG-20260618-0300,ACCIDENT,CRITICAL,Location Marker #300,Central Zone,Urgent emergency alert dispatched to response command center.,CLOSED,18.9,2026-06-18 20:02:19
301,EMG-20260618-0301,ROAD_BLOCKAGE,CRITICAL,Location Marker #301,East District,Urgent emergency alert dispatched to response command center.,CLOSED,20.1,2026-06-18 21:02:19
302,EMG-20260618-0302,ACCIDENT,CRITICAL,Location Marker #302,East District,Urgent emergency alert dispatched to response command center.,REPORTED,6.3,2026-06-18 22:02:19
303,EMG-20260618-0303,ROAD_BLOCKAGE,CRITICAL,Location Marker #303,South District,Urgent emergency alert dispatched to response command center.,DISPATCHED,4.4,2026-06-18 23:02:19
304,EMG-20260619-0304,ROAD_BLOCKAGE,HIGH,Location Marker #304,West District,Urgent emergency alert dispatched to response command center.,RESOLVED,4.4,2026-06-19 00:02:19
305,EMG-20260619-0305,FIRE,CRITICAL,Location Marker #305,West District,Urgent emergency alert dispatched to response command center.,DISPATCHED,11.9,2026-06-19 01:02:19
306,EMG-20260619-0306,INFRASTRUCTURE_FAILURE,HIGH,Location Marker #306,North District,Urgent emergency alert dispatched to response command center.,ON_SITE,17.0,2026-06-19 02:02:19
307,EMG-20260619-0307,SECURITY_INCIDENT,HIGH,Location Marker #307,Industrial Zone,Urgent emergency alert dispatched to response command center.,RESOLVED,14.8,2026-06-19 03:02:19
308,EMG-20260619-0308,SECURITY_INCIDENT,CRITICAL,Location Marker #308,Industrial Zone,Urgent emergency alert dispatched to response command center.,RESOLVED,21.5,2026-06-19 04:02:19
309,EMG-20260619-0309,ROAD_BLOCKAGE,CRITICAL,Location Marker #309,South District,Urgent emergency alert dispatched to response command center.,ON_SITE,11.3,2026-06-19 05:02:19
310,EMG-20260619-0310,FIRE,CRITICAL,Location Marker #310,Industrial Zone,Urgent emergency alert dispatched to response command center.,CLOSED,13.7,2026-06-19 06:02:19
311,EMG-20260619-0311,FLOOD,HIGH,Location Marker #311,Industrial Zone,Urgent emergency alert dispatched to response command center.,CLOSED,22.2,2026-06-19 07:02:19
312,EMG-20260619-0312,MEDICAL,CRITICAL,Location Marker #312,East District,Urgent emergency alert dispatched to response command center.,ON_SITE,8.9,2026-06-19 08:02:19
313,EMG-20260619-0313,FLOOD,HIGH,Location Marker #313,Industrial Zone,Urgent emergency alert dispatched to response command center.,DISPATCHED,18.7,2026-06-19 09:02:19
314,EMG-20260619-0314,FIRE,CRITICAL,Location Marker #314,East District,Urgent emergency alert dispatched to response command center.,CLOSED,20.0,2026-06-19 10:02:19
315,EMG-20260619-0315,INFRASTRUCTURE_FAILURE,CRITICAL,Location Marker #315,Central Zone,Urgent emergency alert dispatched to response command center.,CLOSED,12.1,2026-06-19 11:02:19
316,EMG-20260619-0316,FIRE,HIGH,Location Marker #316,West District,Urgent emergency alert dispatched to response command center.,REPORTED,15.4,2026-06-19 12:02:19
317,EMG-20260619-0317,INFRASTRUCTURE_FAILURE,CRITICAL,Location Marker #317,Industrial Zone,Urgent emergency alert dispatched to response command center.,ON_SITE,23.7,2026-06-19 13:02:19
318,EMG-20260619-0318,FIRE,HIGH,Location Marker #318,West District,Urgent emergency alert dispatched to response command center.,RESOLVED,5.8,2026-06-19 14:02:19
319,EMG-20260619-0319,ROAD_BLOCKAGE,CRITICAL,Location Marker #319,East District,Urgent emergency alert dispatched to response command center.,RESOLVED,24.9,2026-06-19 15:02:19
320,EMG-20260619-0320,ACCIDENT,HIGH,Location Marker #320,Industrial Zone,Urgent emergency alert dispatched to response command center.,CLOSED,15.5,2026-06-19 16:02:19
321,EMG-20260619-0321,MEDICAL,HIGH,Location Marker #321,West District,Urgent emergency alert dispatched to response command center.,ON_SITE,18.9,2026-06-19 17:02:19
322,EMG-20260619-0322,ROAD_BLOCKAGE,CRITICAL,Location Marker #322,Industrial Zone,Urgent emergency alert dispatched to response command center.,ON_SITE,10.8,2026-06-19 18:02:19
323,EMG-20260619-0323,ACCIDENT,HIGH,Location Marker #323,West District,Urgent emergency alert dispatched to response command center.,DISPATCHED,17.3,2026-06-19 19:02:19
324,EMG-20260619-0324,MEDICAL,CRITICAL,Location Marker #324,West District,Urgent emergency alert dispatched to response command center.,REPORTED,11.6,2026-06-19 20:02:19
325,EMG-20260619-0325,SECURITY_INCIDENT,HIGH,Location Marker #325,Industrial Zone,Urgent emergency alert dispatched to response command center.,DISPATCHED,21.5,2026-06-19 21:02:19
326,EMG-20260619-0326,ROAD_BLOCKAGE,HIGH,Location Marker #326,South District,Urgent emergency alert dispatched to response command center.,RESOLVED,13.5,2026-06-19 22:02:19
327,EMG-20260619-0327,ACCIDENT,HIGH,Location Marker #327,North District,Urgent emergency alert dispatched to response command center.,REPORTED,15.7,2026-06-19 23:02:19
328,EMG-20260620-0328,INFRASTRUCTURE_FAILURE,CRITICAL,Location Marker #328,South District,Urgent emergency alert dispatched to response command center.,RESOLVED,18.6,2026-06-20 00:02:19
329,EMG-20260620-0329,ACCIDENT,CRITICAL,Location Marker #329,West District,Urgent emergency alert dispatched to response command center.,CLOSED,23.4,2026-06-20 01:02:19
330,EMG-20260620-0330,MEDICAL,CRITICAL,Location Marker #330,Industrial Zone,Urgent emergency alert dispatched to response command center.,CLOSED,17.9,2026-06-20 02:02:19
331,EMG-20260620-0331,INFRASTRUCTURE_FAILURE,HIGH,Location Marker #331,East District,Urgent emergency alert dispatched to response command center.,DISPATCHED,8.9,2026-06-20 03:02:19
332,EMG-20260620-0332,SECURITY_INCIDENT,HIGH,Location Marker #332,Central Zone,Urgent emergency alert dispatched to response command center.,REPORTED,7.2,2026-06-20 04:02:19
333,EMG-20260620-0333,FLOOD,HIGH,Location Marker #333,South District,Urgent emergency alert dispatched to response command center.,DISPATCHED,21.1,2026-06-20 05:02:19
334,EMG-20260620-0334,SECURITY_INCIDENT,HIGH,Location Marker #334,Central Zone,Urgent emergency alert dispatched to response command center.,ON_SITE,15.1,2026-06-20 06:02:19
335,EMG-20260620-0335,ACCIDENT,CRITICAL,Location Marker #335,Industrial Zone,Urgent emergency alert dispatched to response command center.,ON_SITE,8.6,2026-06-20 07:02:19
336,EMG-20260620-0336,ACCIDENT,CRITICAL,Location Marker #336,Central Zone,Urgent emergency alert dispatched to response command center.,ON_SITE,13.6,2026-06-20 08:02:19
337,EMG-20260620-0337,FLOOD,HIGH,Location Marker #337,Central Zone,Urgent emergency alert dispatched to response command center.,DISPATCHED,17.2,2026-06-20 09:02:19
338,EMG-20260620-0338,SECURITY_INCIDENT,HIGH,Location Marker #338,Industrial Zone,Urgent emergency alert dispatched to response command center.,DISPATCHED,8.7,2026-06-20 10:02:19
339,EMG-20260620-0339,FIRE,HIGH,Location Marker #339,Industrial Zone,Urgent emergency alert dispatched to response command center.,RESOLVED,9.8,2026-06-20 11:02:19
340,EMG-20260620-0340,FLOOD,HIGH,Location Marker #340,South District,Urgent emergency alert dispatched to response command center.,DISPATCHED,14.6,2026-06-20 12:02:19
341,EMG-20260620-0341,ROAD_BLOCKAGE,HIGH,Location Marker #341,East District,Urgent emergency alert dispatched to response command center.,DISPATCHED,13.0,2026-06-20 13:02:19
342,EMG-20260620-0342,ROAD_BLOCKAGE,HIGH,Location Marker #342,Industrial Zone,Urgent emergency alert dispatched to response command center.,RESOLVED,12.6,2026-06-20 14:02:19
343,EMG-20260620-0343,ROAD_BLOCKAGE,CRITICAL,Location Marker #343,Industrial Zone,Urgent emergency alert dispatched to response command center.,RESOLVED,6.6,2026-06-20 15:02:19
344,EMG-20260620-0344,SECURITY_INCIDENT,CRITICAL,Location Marker #344,North District,Urgent emergency alert dispatched to response command center.,ON_SITE,14.6,2026-06-20 16:02:19
345,EMG-20260620-0345,FLOOD,HIGH,Location Marker #345,Central Zone,Urgent emergency alert dispatched to response command center.,CLOSED,14.7,2026-06-20 17:02:19
346,EMG-20260620-0346,FIRE,HIGH,Location Marker #346,North District,Urgent emergency alert dispatched to response command center.,CLOSED,14.5,2026-06-20 18:02:19
347,EMG-20260620-0347,MEDICAL,HIGH,Location Marker #347,East District,Urgent emergency alert dispatched to response command center.,ON_SITE,4.8,2026-06-20 19:02:19
348,EMG-20260620-0348,FIRE,CRITICAL,Location Marker #348,East District,Urgent emergency alert dispatched to response command center.,ON_SITE,10.2,2026-06-20 20:02:19
349,EMG-20260620-0349,INFRASTRUCTURE_FAILURE,HIGH,Location Marker #349,South District,Urgent emergency alert dispatched to response command center.,RESOLVED,8.9,2026-06-20 21:02:19
350,EMG-20260620-0350,ACCIDENT,CRITICAL,Location Marker #350,East District,Urgent emergency alert dispatched to response command center.,RESOLVED,13.1,2026-06-20 22:02:19
351,EMG-20260620-0351,FIRE,HIGH,Location Marker #351,East District,Urgent emergency alert dispatched to response command center.,ON_SITE,18.6,2026-06-20 23:02:19
352,EMG-20260621-0352,FLOOD,HIGH,Location Marker #352,East District,Urgent emergency alert dispatched to response command center.,RESOLVED,13.6,2026-06-21 00:02:19
353,EMG-20260621-0353,FLOOD,CRITICAL,Location Marker #353,Industrial Zone,Urgent emergency alert dispatched to response command center.,CLOSED,14.5,2026-06-21 01:02:19
354,EMG-20260621-0354,FLOOD,HIGH,Location Marker #354,West District,Urgent emergency alert dispatched to response command center.,ON_SITE,12.2,2026-06-21 02:02:19
355,EMG-20260621-0355,FIRE,CRITICAL,Location Marker #355,South District,Urgent emergency alert dispatched to response command center.,RESOLVED,13.3,2026-06-21 03:02:19
356,EMG-20260621-0356,FLOOD,HIGH,Location Marker #356,West District,Urgent emergency alert dispatched to response command center.,ON_SITE,5.3,2026-06-21 04:02:19
357,EMG-20260621-0357,SECURITY_INCIDENT,CRITICAL,Location Marker #357,Central Zone,Urgent emergency alert dispatched to response command center.,ON_SITE,24.9,2026-06-21 05:02:19
358,EMG-20260621-0358,FLOOD,HIGH,Location Marker #358,Central Zone,Urgent emergency alert dispatched to response command center.,DISPATCHED,21.0,2026-06-21 06:02:19
359,EMG-20260621-0359,FIRE,HIGH,Location Marker #359,South District,Urgent emergency alert dispatched to response command center.,DISPATCHED,5.5,2026-06-21 07:02:19
360,EMG-20260621-0360,MEDICAL,CRITICAL,Location Marker #360,Industrial Zone,Urgent emergency alert dispatched to response command center.,ON_SITE,22.8,2026-06-21 08:02:19
361,EMG-20260621-0361,INFRASTRUCTURE_FAILURE,CRITICAL,Location Marker #361,Industrial Zone,Urgent emergency alert dispatched to response command center.,ON_SITE,15.1,2026-06-21 09:02:19
362,EMG-20260621-0362,FIRE,HIGH,Location Marker #362,East District,Urgent emergency alert dispatched to response command center.,REPORTED,16.8,2026-06-21 10:02:19
363,EMG-20260621-0363,ACCIDENT,HIGH,Location Marker #363,East District,Urgent emergency alert dispatched to response command center.,DISPATCHED,7.0,2026-06-21 11:02:19
364,EMG-20260621-0364,ACCIDENT,CRITICAL,Location Marker #364,West District,Urgent emergency alert dispatched to response command center.,CLOSED,16.3,2026-06-21 12:02:19
365,EMG-20260621-0365,INFRASTRUCTURE_FAILURE,CRITICAL,Location Marker #365,South District,Urgent emergency alert dispatched to response command center.,CLOSED,6.9,2026-06-21 13:02:19
366,EMG-20260621-0366,INFRASTRUCTURE_FAILURE,HIGH,Location Marker #366,South District,Urgent emergency alert dispatched to response command center.,REPORTED,20.0,2026-06-21 14:02:19
367,EMG-20260621-0367,MEDICAL,CRITICAL,Location Marker #367,North District,Urgent emergency alert dispatched to response command center.,CLOSED,19.6,2026-06-21 15:02:19
368,EMG-20260621-0368,MEDICAL,HIGH,Location Marker #368,South District,Urgent emergency alert dispatched to response command center.,CLOSED,4.4,2026-06-21 16:02:19
369,EMG-20260621-0369,SECURITY_INCIDENT,CRITICAL,Location Marker #369,West District,Urgent emergency alert dispatched to response command center.,RESOLVED,5.1,2026-06-21 17:02:19
370,EMG-20260621-0370,MEDICAL,CRITICAL,Location Marker #370,East District,Urgent emergency alert dispatched to response command center.,REPORTED,15.4,2026-06-21 18:02:19
371,EMG-20260621-0371,ROAD_BLOCKAGE,CRITICAL,Location Marker #371,West District,Urgent emergency alert dispatched to response command center.,DISPATCHED,20.2,2026-06-21 19:02:19
372,EMG-20260621-0372,ROAD_BLOCKAGE,CRITICAL,Location Marker #372,Central Zone,Urgent emergency alert dispatched to response command center.,ON_SITE,13.9,2026-06-21 20:02:19
373,EMG-20260621-0373,FIRE,HIGH,Location Marker #373,South District,Urgent emergency alert dispatched to response command center.,CLOSED,22.3,2026-06-21 21:02:19
374,EMG-20260621-0374,FLOOD,HIGH,Location Marker #374,South District,Urgent emergency alert dispatched to response command center.,REPORTED,24.7,2026-06-21 22:02:19
375,EMG-20260621-0375,FLOOD,HIGH,Location Marker #375,South District,Urgent emergency alert dispatched to response command center.,ON_SITE,14.6,2026-06-21 23:02:19
376,EMG-20260622-0376,INFRASTRUCTURE_FAILURE,CRITICAL,Location Marker #376,South District,Urgent emergency alert dispatched to response command center.,DISPATCHED,12.5,2026-06-22 00:02:19
377,EMG-20260622-0377,INFRASTRUCTURE_FAILURE,HIGH,Location Marker #377,West District,Urgent emergency alert dispatched to response command center.,REPORTED,15.2,2026-06-22 01:02:19
378,EMG-20260622-0378,ACCIDENT,CRITICAL,Location Marker #378,East District,Urgent emergency alert dispatched to response command center.,RESOLVED,19.8,2026-06-22 02:02:19
379,EMG-20260622-0379,ROAD_BLOCKAGE,CRITICAL,Location Marker #379,South District,Urgent emergency alert dispatched to response command center.,REPORTED,10.8,2026-06-22 03:02:19
380,EMG-20260622-0380,ACCIDENT,CRITICAL,Location Marker #380,South District,Urgent emergency alert dispatched to response command center.,CLOSED,10.6,2026-06-22 04:02:19
381,EMG-20260622-0381,FIRE,HIGH,Location Marker #381,Central Zone,Urgent emergency alert dispatched to response command center.,RESOLVED,13.2,2026-06-22 05:02:19
382,EMG-20260622-0382,SECURITY_INCIDENT,CRITICAL,Location Marker #382,Central Zone,Urgent emergency alert dispatched to response command center.,CLOSED,8.8,2026-06-22 06:02:19
383,EMG-20260622-0383,MEDICAL,HIGH,Location Marker #383,West District,Urgent emergency alert dispatched to response command center.,REPORTED,24.0,2026-06-22 07:02:19
384,EMG-20260622-0384,FLOOD,HIGH,Location Marker #384,East District,Urgent emergency alert dispatched to response command center.,DISPATCHED,15.4,2026-06-22 08:02:19
385,EMG-20260622-0385,FIRE,CRITICAL,Location Marker #385,South District,Urgent emergency alert dispatched to response command center.,REPORTED,11.4,2026-06-22 09:02:19
386,EMG-20260622-0386,ROAD_BLOCKAGE,CRITICAL,Location Marker #386,South District,Urgent emergency alert dispatched to response command center.,DISPATCHED,16.5,2026-06-22 10:02:19
387,EMG-20260622-0387,FLOOD,CRITICAL,Location Marker #387,Industrial Zone,Urgent emergency alert dispatched to response command center.,ON_SITE,17.8,2026-06-22 11:02:19
388,EMG-20260622-0388,FIRE,HIGH,Location Marker #388,North District,Urgent emergency alert dispatched to response command center.,RESOLVED,9.5,2026-06-22 12:02:19
389,EMG-20260622-0389,MEDICAL,HIGH,Location Marker #389,East District,Urgent emergency alert dispatched to response command center.,CLOSED,10.3,2026-06-22 13:02:19
390,EMG-20260622-0390,INFRASTRUCTURE_FAILURE,HIGH,Location Marker #390,West District,Urgent emergency alert dispatched to response command center.,REPORTED,14.8,2026-06-22 14:02:19
391,EMG-20260622-0391,SECURITY_INCIDENT,CRITICAL,Location Marker #391,North District,Urgent emergency alert dispatched to response command center.,DISPATCHED,21.4,2026-06-22 15:02:19
392,EMG-20260622-0392,ACCIDENT,CRITICAL,Location Marker #392,West District,Urgent emergency alert dispatched to response command center.,REPORTED,11.2,2026-06-22 16:02:19
393,EMG-20260622-0393,INFRASTRUCTURE_FAILURE,CRITICAL,Location Marker #393,North District,Urgent emergency alert dispatched to response command center.,REPORTED,18.7,2026-06-22 17:02:19
394,EMG-20260622-0394,ACCIDENT,CRITICAL,Location Marker #394,Central Zone,Urgent emergency alert dispatched to response command center.,ON_SITE,12.3,2026-06-22 18:02:19
395,EMG-20260622-0395,INFRASTRUCTURE_FAILURE,CRITICAL,Location Marker #395,West District,Urgent emergency alert dispatched to response command center.,DISPATCHED,16.7,2026-06-22 19:02:19
396,EMG-20260622-0396,INFRASTRUCTURE_FAILURE,CRITICAL,Location Marker #396,East District,Urgent emergency alert dispatched to response command center.,REPORTED,21.1,2026-06-22 20:02:19
397,EMG-20260622-0397,ROAD_BLOCKAGE,HIGH,Location Marker #397,West District,Urgent emergency alert dispatched to response command center.,ON_SITE,11.3,2026-06-22 21:02:19
398,EMG-20260622-0398,SECURITY_INCIDENT,CRITICAL,Location Marker #398,Industrial Zone,Urgent emergency alert dispatched to response command center.,ON_SITE,11.5,2026-06-22 22:02:19
399,EMG-20260622-0399,INFRASTRUCTURE_FAILURE,HIGH,Location Marker #399,West District,Urgent emergency alert dispatched to response command center.,RESOLVED,20.7,2026-06-22 23:02:19
400,EMG-20260623-0400,FLOOD,HIGH,Location Marker #400,South District,Urgent emergency alert dispatched to response command center.,REPORTED,4.5,2026-06-23 00:02:19
401,EMG-20260623-0401,SECURITY_INCIDENT,CRITICAL,Location Marker #401,North District,Urgent emergency alert dispatched to response command center.,RESOLVED,24.9,2026-06-23 01:02:19
402,EMG-20260623-0402,MEDICAL,CRITICAL,Location Marker #402,Central Zone,Urgent emergency alert dispatched to response command center.,REPORTED,14.2,2026-06-23 02:02:19
403,EMG-20260623-0403,MEDICAL,CRITICAL,Location Marker #403,East District,Urgent emergency alert dispatched to response command center.,RESOLVED,16.8,2026-06-23 03:02:19
404,EMG-20260623-0404,MEDICAL,HIGH,Location Marker #404,South District,Urgent emergency alert dispatched to response command center.,RESOLVED,14.7,2026-06-23 04:02:19
405,EMG-20260623-0405,FLOOD,HIGH,Location Marker #405,Central Zone,Urgent emergency alert dispatched to response command center.,CLOSED,24.5,2026-06-23 05:02:19
406,EMG-20260623-0406,ACCIDENT,CRITICAL,Location Marker #406,North District,Urgent emergency alert dispatched to response command center.,RESOLVED,9.9,2026-06-23 06:02:19
407,EMG-20260623-0407,FIRE,HIGH,Location Marker #407,West District,Urgent emergency alert dispatched to response command center.,CLOSED,10.6,2026-06-23 07:02:19
408,EMG-20260623-0408,FIRE,CRITICAL,Location Marker #408,Industrial Zone,Urgent emergency alert dispatched to response command center.,ON_SITE,24.3,2026-06-23 08:02:19
409,EMG-20260623-0409,FLOOD,HIGH,Location Marker #409,Central Zone,Urgent emergency alert dispatched to response command center.,REPORTED,16.5,2026-06-23 09:02:19
410,EMG-20260623-0410,FLOOD,HIGH,Location Marker #410,Industrial Zone,Urgent emergency alert dispatched to response command center.,DISPATCHED,12.9,2026-06-23 10:02:19
411,EMG-20260623-0411,FLOOD,HIGH,Location Marker #411,East District,Urgent emergency alert dispatched to response command center.,DISPATCHED,10.4,2026-06-23 11:02:19
412,EMG-20260623-0412,FIRE,HIGH,Location Marker #412,North District,Urgent emergency alert dispatched to response command center.,RESOLVED,10.2,2026-06-23 12:02:19
413,EMG-20260623-0413,FLOOD,CRITICAL,Location Marker #413,East District,Urgent emergency alert dispatched to response command center.,DISPATCHED,19.5,2026-06-23 13:02:19
414,EMG-20260623-0414,ROAD_BLOCKAGE,CRITICAL,Location Marker #414,South District,Urgent emergency alert dispatched to response command center.,REPORTED,11.6,2026-06-23 14:02:19
415,EMG-20260623-0415,ROAD_BLOCKAGE,HIGH,Location Marker #415,Central Zone,Urgent emergency alert dispatched to response command center.,CLOSED,16.8,2026-06-23 15:02:19
416,EMG-20260623-0416,SECURITY_INCIDENT,HIGH,Location Marker #416,East District,Urgent emergency alert dispatched to response command center.,RESOLVED,10.1,2026-06-23 16:02:19
417,EMG-20260623-0417,ROAD_BLOCKAGE,CRITICAL,Location Marker #417,Industrial Zone,Urgent emergency alert dispatched to response command center.,REPORTED,24.4,2026-06-23 17:02:19
418,EMG-20260623-0418,SECURITY_INCIDENT,HIGH,Location Marker #418,Industrial Zone,Urgent emergency alert dispatched to response command center.,CLOSED,15.9,2026-06-23 18:02:19
419,EMG-20260623-0419,MEDICAL,CRITICAL,Location Marker #419,North District,Urgent emergency alert dispatched to response command center.,ON_SITE,24.5,2026-06-23 19:02:19
420,EMG-20260623-0420,FIRE,HIGH,Location Marker #420,Industrial Zone,Urgent emergency alert dispatched to response command center.,REPORTED,4.2,2026-06-23 20:02:19
421,EMG-20260623-0421,MEDICAL,HIGH,Location Marker #421,East District,Urgent emergency alert dispatched to response command center.,RESOLVED,14.3,2026-06-23 21:02:19
422,EMG-20260623-0422,ROAD_BLOCKAGE,HIGH,Location Marker #422,West District,Urgent emergency alert dispatched to response command center.,CLOSED,12.1,2026-06-23 22:02:19
423,EMG-20260623-0423,ACCIDENT,CRITICAL,Location Marker #423,North District,Urgent emergency alert dispatched to response command center.,DISPATCHED,24.1,2026-06-23 23:02:19
424,EMG-20260624-0424,MEDICAL,HIGH,Location Marker #424,Industrial Zone,Urgent emergency alert dispatched to response command center.,REPORTED,4.6,2026-06-24 00:02:19
425,EMG-20260624-0425,MEDICAL,CRITICAL,Location Marker #425,West District,Urgent emergency alert dispatched to response command center.,RESOLVED,24.9,2026-06-24 01:02:19
426,EMG-20260624-0426,ROAD_BLOCKAGE,CRITICAL,Location Marker #426,Industrial Zone,Urgent emergency alert dispatched to response command center.,CLOSED,17.9,2026-06-24 02:02:19
427,EMG-20260624-0427,INFRASTRUCTURE_FAILURE,HIGH,Location Marker #427,North District,Urgent emergency alert dispatched to response command center.,ON_SITE,19.9,2026-06-24 03:02:19
428,EMG-20260624-0428,ROAD_BLOCKAGE,CRITICAL,Location Marker #428,Central Zone,Urgent emergency alert dispatched to response command center.,CLOSED,19.3,2026-06-24 04:02:19
429,EMG-20260624-0429,FIRE,CRITICAL,Location Marker #429,Central Zone,Urgent emergency alert dispatched to response command center.,REPORTED,21.4,2026-06-24 05:02:19
430,EMG-20260624-0430,SECURITY_INCIDENT,CRITICAL,Location Marker #430,Central Zone,Urgent emergency alert dispatched to response command center.,ON_SITE,4.8,2026-06-24 06:02:19
431,EMG-20260624-0431,MEDICAL,HIGH,Location Marker #431,East District,Urgent emergency alert dispatched to response command center.,REPORTED,16.8,2026-06-24 07:02:19
432,EMG-20260624-0432,FIRE,HIGH,Location Marker #432,Industrial Zone,Urgent emergency alert dispatched to response command center.,RESOLVED,20.7,2026-06-24 08:02:19
433,EMG-20260624-0433,FLOOD,CRITICAL,Location Marker #433,Industrial Zone,Urgent emergency alert dispatched to response command center.,CLOSED,6.5,2026-06-24 09:02:19
434,EMG-20260624-0434,MEDICAL,CRITICAL,Location Marker #434,Central Zone,Urgent emergency alert dispatched to response command center.,DISPATCHED,18.1,2026-06-24 10:02:19
435,EMG-20260624-0435,SECURITY_INCIDENT,CRITICAL,Location Marker #435,North District,Urgent emergency alert dispatched to response command center.,DISPATCHED,19.4,2026-06-24 11:02:19
436,EMG-20260624-0436,MEDICAL,CRITICAL,Location Marker #436,North District,Urgent emergency alert dispatched to response command center.,RESOLVED,21.9,2026-06-24 12:02:19
437,EMG-20260624-0437,FLOOD,CRITICAL,Location Marker #437,West District,Urgent emergency alert dispatched to response command center.,ON_SITE,23.8,2026-06-24 13:02:19
438,EMG-20260624-0438,SECURITY_INCIDENT,CRITICAL,Location Marker #438,North District,Urgent emergency alert dispatched to response command center.,RESOLVED,11.0,2026-06-24 14:02:19
439,EMG-20260624-0439,FIRE,CRITICAL,Location Marker #439,East District,Urgent emergency alert dispatched to response command center.,ON_SITE,21.0,2026-06-24 15:02:19
440,EMG-20260624-0440,FIRE,CRITICAL,Location Marker #440,North District,Urgent emergency alert dispatched to response command center.,CLOSED,20.9,2026-06-24 16:02:19
441,EMG-20260624-0441,FLOOD,CRITICAL,Location Marker #441,West District,Urgent emergency alert dispatched to response command center.,ON_SITE,17.5,2026-06-24 17:02:19
442,EMG-20260624-0442,ACCIDENT,HIGH,Location Marker #442,Central Zone,Urgent emergency alert dispatched to response command center.,CLOSED,19.8,2026-06-24 18:02:19
443,EMG-20260624-0443,MEDICAL,CRITICAL,Location Marker #443,Central Zone,Urgent emergency alert dispatched to response command center.,CLOSED,22.2,2026-06-24 19:02:19
444,EMG-20260624-0444,FIRE,HIGH,Location Marker #444,East District,Urgent emergency alert dispatched to response command center.,REPORTED,12.6,2026-06-24 20:02:19
445,EMG-20260624-0445,MEDICAL,HIGH,Location Marker #445,Industrial Zone,Urgent emergency alert dispatched to response command center.,DISPATCHED,11.6,2026-06-24 21:02:19
446,EMG-20260624-0446,INFRASTRUCTURE_FAILURE,HIGH,Location Marker #446,West District,Urgent emergency alert dispatched to response command center.,CLOSED,16.8,2026-06-24 22:02:19
447,EMG-20260624-0447,SECURITY_INCIDENT,CRITICAL,Location Marker #447,North District,Urgent emergency alert dispatched to response command center.,REPORTED,13.5,2026-06-24 23:02:19
448,EMG-20260625-0448,FIRE,HIGH,Location Marker #448,North District,Urgent emergency alert dispatched to response command center.,RESOLVED,21.5,2026-06-25 00:02:19
449,EMG-20260625-0449,ROAD_BLOCKAGE,HIGH,Location Marker #449,East District,Urgent emergency alert dispatched to response command center.,ON_SITE,5.8,2026-06-25 01:02:19
450,EMG-20260625-0450,ROAD_BLOCKAGE,CRITICAL,Location Marker #450,South District,Urgent emergency alert dispatched to response command center.,RESOLVED,14.7,2026-06-25 02:02:19
451,EMG-20260625-0451,ROAD_BLOCKAGE,CRITICAL,Location Marker #451,South District,Urgent emergency alert dispatched to response command center.,DISPATCHED,6.2,2026-06-25 03:02:19
452,EMG-20260625-0452,INFRASTRUCTURE_FAILURE,HIGH,Location Marker #452,Central Zone,Urgent emergency alert dispatched to response command center.,REPORTED,5.6,2026-06-25 04:02:19
453,EMG-20260625-0453,ACCIDENT,CRITICAL,Location Marker #453,South District,Urgent emergency alert dispatched to response command center.,ON_SITE,4.9,2026-06-25 05:02:19
454,EMG-20260625-0454,ROAD_BLOCKAGE,HIGH,Location Marker #454,Central Zone,Urgent emergency alert dispatched to response command center.,REPORTED,17.6,2026-06-25 06:02:19
455,EMG-20260625-0455,ROAD_BLOCKAGE,HIGH,Location Marker #455,West District,Urgent emergency alert dispatched to response command center.,RESOLVED,5.4,2026-06-25 07:02:19
456,EMG-20260625-0456,ACCIDENT,HIGH,Location Marker #456,Central Zone,Urgent emergency alert dispatched to response command center.,REPORTED,20.0,2026-06-25 08:02:19
457,EMG-20260625-0457,ACCIDENT,CRITICAL,Location Marker #457,Central Zone,Urgent emergency alert dispatched to response command center.,ON_SITE,13.7,2026-06-25 09:02:19
458,EMG-20260625-0458,SECURITY_INCIDENT,CRITICAL,Location Marker #458,West District,Urgent emergency alert dispatched to response command center.,RESOLVED,19.8,2026-06-25 10:02:19
459,EMG-20260625-0459,SECURITY_INCIDENT,HIGH,Location Marker #459,South District,Urgent emergency alert dispatched to response command center.,ON_SITE,22.0,2026-06-25 11:02:19
460,EMG-20260625-0460,ROAD_BLOCKAGE,CRITICAL,Location Marker #460,South District,Urgent emergency alert dispatched to response command center.,ON_SITE,16.9,2026-06-25 12:02:19
461,EMG-20260625-0461,MEDICAL,HIGH,Location Marker #461,South District,Urgent emergency alert dispatched to response command center.,CLOSED,17.9,2026-06-25 13:02:19
462,EMG-20260625-0462,FLOOD,HIGH,Location Marker #462,West District,Urgent emergency alert dispatched to response command center.,DISPATCHED,6.5,2026-06-25 14:02:19
463,EMG-20260625-0463,SECURITY_INCIDENT,CRITICAL,Location Marker #463,East District,Urgent emergency alert dispatched to response command center.,ON_SITE,5.1,2026-06-25 15:02:19
464,EMG-20260625-0464,FIRE,HIGH,Location Marker #464,Central Zone,Urgent emergency alert dispatched to response command center.,REPORTED,4.1,2026-06-25 16:02:19
465,EMG-20260625-0465,SECURITY_INCIDENT,HIGH,Location Marker #465,South District,Urgent emergency alert dispatched to response command center.,RESOLVED,19.8,2026-06-25 17:02:19
466,EMG-20260625-0466,INFRASTRUCTURE_FAILURE,HIGH,Location Marker #466,Industrial Zone,Urgent emergency alert dispatched to response command center.,RESOLVED,22.5,2026-06-25 18:02:19
467,EMG-20260625-0467,FIRE,CRITICAL,Location Marker #467,West District,Urgent emergency alert dispatched to response command center.,ON_SITE,6.3,2026-06-25 19:02:19
468,EMG-20260625-0468,SECURITY_INCIDENT,CRITICAL,Location Marker #468,South District,Urgent emergency alert dispatched to response command center.,RESOLVED,11.2,2026-06-25 20:02:19
469,EMG-20260625-0469,ACCIDENT,HIGH,Location Marker #469,East District,Urgent emergency alert dispatched to response command center.,ON_SITE,16.1,2026-06-25 21:02:19
470,EMG-20260625-0470,ACCIDENT,CRITICAL,Location Marker #470,South District,Urgent emergency alert dispatched to response command center.,REPORTED,12.1,2026-06-25 22:02:19
471,EMG-20260625-0471,ROAD_BLOCKAGE,HIGH,Location Marker #471,North District,Urgent emergency alert dispatched to response command center.,RESOLVED,9.0,2026-06-25 23:02:19
472,EMG-20260626-0472,FLOOD,CRITICAL,Location Marker #472,West District,Urgent emergency alert dispatched to response command center.,REPORTED,5.6,2026-06-26 00:02:19
473,EMG-20260626-0473,SECURITY_INCIDENT,CRITICAL,Location Marker #473,North District,Urgent emergency alert dispatched to response command center.,REPORTED,10.2,2026-06-26 01:02:19
474,EMG-20260626-0474,FLOOD,HIGH,Location Marker #474,Industrial Zone,Urgent emergency alert dispatched to response command center.,RESOLVED,15.2,2026-06-26 02:02:19
475,EMG-20260626-0475,SECURITY_INCIDENT,HIGH,Location Marker #475,West District,Urgent emergency alert dispatched to response command center.,RESOLVED,5.4,2026-06-26 03:02:19
476,EMG-20260626-0476,MEDICAL,CRITICAL,Location Marker #476,East District,Urgent emergency alert dispatched to response command center.,ON_SITE,5.9,2026-06-26 04:02:19
477,EMG-20260626-0477,SECURITY_INCIDENT,CRITICAL,Location Marker #477,West District,Urgent emergency alert dispatched to response command center.,RESOLVED,9.0,2026-06-26 05:02:19
478,EMG-20260626-0478,INFRASTRUCTURE_FAILURE,CRITICAL,Location Marker #478,East District,Urgent emergency alert dispatched to response command center.,DISPATCHED,11.4,2026-06-26 06:02:19
479,EMG-20260626-0479,MEDICAL,CRITICAL,Location Marker #479,East District,Urgent emergency alert dispatched to response command center.,RESOLVED,17.4,2026-06-26 07:02:19
480,EMG-20260626-0480,FIRE,CRITICAL,Location Marker #480,West District,Urgent emergency alert dispatched to response command center.,REPORTED,22.3,2026-06-26 08:02:19
481,EMG-20260626-0481,ROAD_BLOCKAGE,HIGH,Location Marker #481,Central Zone,Urgent emergency alert dispatched to response command center.,CLOSED,15.0,2026-06-26 09:02:19
482,EMG-20260626-0482,ROAD_BLOCKAGE,CRITICAL,Location Marker #482,Industrial Zone,Urgent emergency alert dispatched to response command center.,CLOSED,16.1,2026-06-26 10:02:19
483,EMG-20260626-0483,FLOOD,CRITICAL,Location Marker #483,Central Zone,Urgent emergency alert dispatched to response command center.,ON_SITE,16.4,2026-06-26 11:02:19
484,EMG-20260626-0484,MEDICAL,CRITICAL,Location Marker #484,Central Zone,Urgent emergency alert dispatched to response command center.,RESOLVED,4.7,2026-06-26 12:02:19
485,EMG-20260626-0485,INFRASTRUCTURE_FAILURE,HIGH,Location Marker #485,Industrial Zone,Urgent emergency alert dispatched to response command center.,DISPATCHED,9.3,2026-06-26 13:02:19
486,EMG-20260626-0486,SECURITY_INCIDENT,HIGH,Location Marker #486,North District,Urgent emergency alert dispatched to response command center.,CLOSED,15.3,2026-06-26 14:02:19
487,EMG-20260626-0487,INFRASTRUCTURE_FAILURE,HIGH,Location Marker #487,North District,Urgent emergency alert dispatched to response command center.,REPORTED,17.0,2026-06-26 15:02:19
488,EMG-20260626-0488,ACCIDENT,CRITICAL,Location Marker #488,West District,Urgent emergency alert dispatched to response command center.,RESOLVED,22.0,2026-06-26 16:02:19
489,EMG-20260626-0489,ACCIDENT,HIGH,Location Marker #489,Industrial Zone,Urgent emergency alert dispatched to response command center.,ON_SITE,4.1,2026-06-26 17:02:19
490,EMG-20260626-0490,MEDICAL,HIGH,Location Marker #490,West District,Urgent emergency alert dispatched to response command center.,RESOLVED,7.1,2026-06-26 18:02:19
491,EMG-20260626-0491,INFRASTRUCTURE_FAILURE,CRITICAL,Location Marker #491,South District,Urgent emergency alert dispatched to response command center.,DISPATCHED,14.0,2026-06-26 19:02:19
492,EMG-20260626-0492,ROAD_BLOCKAGE,HIGH,Location Marker #492,East District,Urgent emergency alert dispatched to response command center.,DISPATCHED,18.4,2026-06-26 20:02:19
493,EMG-20260626-0493,MEDICAL,CRITICAL,Location Marker #493,Industrial Zone,Urgent emergency alert dispatched to response command center.,ON_SITE,23.4,2026-06-26 21:02:19
494,EMG-20260626-0494,ACCIDENT,HIGH,Location Marker #494,East District,Urgent emergency alert dispatched to response command center.,CLOSED,6.8,2026-06-26 22:02:19
495,EMG-20260626-0495,MEDICAL,HIGH,Location Marker #495,Central Zone,Urgent emergency alert dispatched to response command center.,DISPATCHED,17.0,2026-06-26 23:02:19
496,EMG-20260627-0496,INFRASTRUCTURE_FAILURE,HIGH,Location Marker #496,Central Zone,Urgent emergency alert dispatched to response command center.,DISPATCHED,5.5,2026-06-27 00:02:19
497,EMG-20260627-0497,ROAD_BLOCKAGE,CRITICAL,Location Marker #497,Industrial Zone,Urgent emergency alert dispatched to response command center.,DISPATCHED,23.4,2026-06-27 01:02:19
498,EMG-20260627-0498,FLOOD,HIGH,Location Marker #498,South District,Urgent emergency alert dispatched to response command center.,ON_SITE,11.7,2026-06-27 02:02:19
499,EMG-20260627-0499,FIRE,CRITICAL,Location Marker #499,East District,Urgent emergency alert dispatched to response command center.,REPORTED,13.8,2026-06-27 03:02:19
500,EMG-20260627-0500,ROAD_BLOCKAGE,HIGH,Location Marker #500,Central Zone,Urgent emergency alert dispatched to response command center.,ON_SITE,7.1,2026-06-27 04:02:19
501,EMG-20260627-0501,MEDICAL,HIGH,Location Marker #501,West District,Urgent emergency alert dispatched to response command center.,RESOLVED,20.9,2026-06-27 05:02:19
502,EMG-20260627-0502,ACCIDENT,HIGH,Location Marker #502,Central Zone,Urgent emergency alert dispatched to response command center.,RESOLVED,6.6,2026-06-27 06:02:19
503,EMG-20260627-0503,ROAD_BLOCKAGE,HIGH,Location Marker #503,Central Zone,Urgent emergency alert dispatched to response command center.,ON_SITE,6.8,2026-06-27 07:02:19
504,EMG-20260627-0504,MEDICAL,CRITICAL,Location Marker #504,Central Zone,Urgent emergency alert dispatched to response command center.,CLOSED,11.5,2026-06-27 08:02:19
505,EMG-20260627-0505,INFRASTRUCTURE_FAILURE,CRITICAL,Location Marker #505,East District,Urgent emergency alert dispatched to response command center.,CLOSED,13.2,2026-06-27 09:02:19
506,EMG-20260627-0506,SECURITY_INCIDENT,HIGH,Location Marker #506,North District,Urgent emergency alert dispatched to response command center.,RESOLVED,21.1,2026-06-27 10:02:19
507,EMG-20260627-0507,ACCIDENT,CRITICAL,Location Marker #507,North District,Urgent emergency alert dispatched to response command center.,RESOLVED,9.6,2026-06-27 11:02:19
508,EMG-20260627-0508,ROAD_BLOCKAGE,HIGH,Location Marker #508,East District,Urgent emergency alert dispatched to response command center.,ON_SITE,21.3,2026-06-27 12:02:19
509,EMG-20260627-0509,FLOOD,CRITICAL,Location Marker #509,East District,Urgent emergency alert dispatched to response command center.,ON_SITE,9.4,2026-06-27 13:02:19
510,EMG-20260627-0510,MEDICAL,HIGH,Location Marker #510,Central Zone,Urgent emergency alert dispatched to response command center.,REPORTED,16.1,2026-06-27 14:02:19
511,EMG-20260627-0511,INFRASTRUCTURE_FAILURE,HIGH,Location Marker #511,Industrial Zone,Urgent emergency alert dispatched to response command center.,ON_SITE,24.4,2026-06-27 15:02:19
512,EMG-20260627-0512,FLOOD,HIGH,Location Marker #512,East District,Urgent emergency alert dispatched to response command center.,CLOSED,21.4,2026-06-27 16:02:19
513,EMG-20260627-0513,ACCIDENT,HIGH,Location Marker #513,North District,Urgent emergency alert dispatched to response command center.,RESOLVED,8.6,2026-06-27 17:02:19
514,EMG-20260627-0514,MEDICAL,HIGH,Location Marker #514,West District,Urgent emergency alert dispatched to response command center.,ON_SITE,21.4,2026-06-27 18:02:19
515,EMG-20260627-0515,FIRE,CRITICAL,Location Marker #515,East District,Urgent emergency alert dispatched to response command center.,RESOLVED,20.0,2026-06-27 19:02:19
516,EMG-20260627-0516,MEDICAL,HIGH,Location Marker #516,South District,Urgent emergency alert dispatched to response command center.,RESOLVED,16.1,2026-06-27 20:02:19
517,EMG-20260627-0517,MEDICAL,HIGH,Location Marker #517,South District,Urgent emergency alert dispatched to response command center.,DISPATCHED,21.0,2026-06-27 21:02:19
518,EMG-20260627-0518,FLOOD,CRITICAL,Location Marker #518,East District,Urgent emergency alert dispatched to response command center.,ON_SITE,4.5,2026-06-27 22:02:19
519,EMG-20260627-0519,ACCIDENT,HIGH,Location Marker #519,Industrial Zone,Urgent emergency alert dispatched to response command center.,ON_SITE,13.8,2026-06-27 23:02:19
520,EMG-20260628-0520,SECURITY_INCIDENT,HIGH,Location Marker #520,South District,Urgent emergency alert dispatched to response command center.,DISPATCHED,7.3,2026-06-28 00:02:19
521,EMG-20260628-0521,FLOOD,CRITICAL,Location Marker #521,South District,Urgent emergency alert dispatched to response command center.,CLOSED,10.1,2026-06-28 01:02:19
522,EMG-20260628-0522,ACCIDENT,HIGH,Location Marker #522,West District,Urgent emergency alert dispatched to response command center.,CLOSED,16.6,2026-06-28 02:02:19
523,EMG-20260628-0523,FLOOD,HIGH,Location Marker #523,North District,Urgent emergency alert dispatched to response command center.,RESOLVED,20.0,2026-06-28 03:02:19
524,EMG-20260628-0524,ROAD_BLOCKAGE,HIGH,Location Marker #524,North District,Urgent emergency alert dispatched to response command center.,DISPATCHED,11.7,2026-06-28 04:02:19
525,EMG-20260628-0525,ACCIDENT,HIGH,Location Marker #525,East District,Urgent emergency alert dispatched to response command center.,ON_SITE,25.0,2026-06-28 05:02:19
526,EMG-20260628-0526,INFRASTRUCTURE_FAILURE,HIGH,Location Marker #526,East District,Urgent emergency alert dispatched to response command center.,ON_SITE,20.7,2026-06-28 06:02:19
527,EMG-20260628-0527,FIRE,CRITICAL,Location Marker #527,East District,Urgent emergency alert dispatched to response command center.,CLOSED,17.0,2026-06-28 07:02:19
528,EMG-20260628-0528,ROAD_BLOCKAGE,HIGH,Location Marker #528,West District,Urgent emergency alert dispatched to response command center.,DISPATCHED,4.3,2026-06-28 08:02:19
529,EMG-20260628-0529,ROAD_BLOCKAGE,CRITICAL,Location Marker #529,Central Zone,Urgent emergency alert dispatched to response command center.,DISPATCHED,17.0,2026-06-28 09:02:19
530,EMG-20260628-0530,MEDICAL,CRITICAL,Location Marker #530,East District,Urgent emergency alert dispatched to response command center.,DISPATCHED,12.3,2026-06-28 10:02:19
531,EMG-20260628-0531,INFRASTRUCTURE_FAILURE,CRITICAL,Location Marker #531,Central Zone,Urgent emergency alert dispatched to response command center.,CLOSED,8.5,2026-06-28 11:02:19
532,EMG-20260628-0532,FLOOD,HIGH,Location Marker #532,East District,Urgent emergency alert dispatched to response command center.,RESOLVED,18.9,2026-06-28 12:02:19
533,EMG-20260628-0533,SECURITY_INCIDENT,CRITICAL,Location Marker #533,West District,Urgent emergency alert dispatched to response command center.,RESOLVED,22.7,2026-06-28 13:02:19
534,EMG-20260628-0534,ROAD_BLOCKAGE,HIGH,Location Marker #534,Industrial Zone,Urgent emergency alert dispatched to response command center.,REPORTED,9.8,2026-06-28 14:02:19
535,EMG-20260628-0535,FIRE,HIGH,Location Marker #535,Industrial Zone,Urgent emergency alert dispatched to response command center.,REPORTED,4.7,2026-06-28 15:02:19
536,EMG-20260628-0536,ROAD_BLOCKAGE,HIGH,Location Marker #536,North District,Urgent emergency alert dispatched to response command center.,ON_SITE,12.4,2026-06-28 16:02:19
537,EMG-20260628-0537,FLOOD,HIGH,Location Marker #537,East District,Urgent emergency alert dispatched to response command center.,DISPATCHED,14.7,2026-06-28 17:02:19
538,EMG-20260628-0538,ACCIDENT,CRITICAL,Location Marker #538,West District,Urgent emergency alert dispatched to response command center.,RESOLVED,24.4,2026-06-28 18:02:19
539,EMG-20260628-0539,MEDICAL,HIGH,Location Marker #539,South District,Urgent emergency alert dispatched to response command center.,DISPATCHED,11.2,2026-06-28 19:02:19
540,EMG-20260628-0540,ACCIDENT,HIGH,Location Marker #540,South District,Urgent emergency alert dispatched to response command center.,DISPATCHED,4.8,2026-06-28 20:02:19
541,EMG-20260628-0541,MEDICAL,CRITICAL,Location Marker #541,South District,Urgent emergency alert dispatched to response command center.,RESOLVED,5.7,2026-06-28 21:02:19
542,EMG-20260628-0542,FLOOD,CRITICAL,Location Marker #542,West District,Urgent emergency alert dispatched to response command center.,REPORTED,20.3,2026-06-28 22:02:19
543,EMG-20260628-0543,ACCIDENT,HIGH,Location Marker #543,South District,Urgent emergency alert dispatched to response command center.,RESOLVED,24.8,2026-06-28 23:02:19
544,EMG-20260629-0544,SECURITY_INCIDENT,HIGH,Location Marker #544,North District,Urgent emergency alert dispatched to response command center.,ON_SITE,7.1,2026-06-29 00:02:19
545,EMG-20260629-0545,INFRASTRUCTURE_FAILURE,CRITICAL,Location Marker #545,Central Zone,Urgent emergency alert dispatched to response command center.,ON_SITE,6.4,2026-06-29 01:02:19
546,EMG-20260629-0546,SECURITY_INCIDENT,HIGH,Location Marker #546,Central Zone,Urgent emergency alert dispatched to response command center.,DISPATCHED,14.0,2026-06-29 02:02:19
547,EMG-20260629-0547,FIRE,HIGH,Location Marker #547,East District,Urgent emergency alert dispatched to response command center.,RESOLVED,7.5,2026-06-29 03:02:19
548,EMG-20260629-0548,ACCIDENT,HIGH,Location Marker #548,Central Zone,Urgent emergency alert dispatched to response command center.,DISPATCHED,6.0,2026-06-29 04:02:19
549,EMG-20260629-0549,FLOOD,CRITICAL,Location Marker #549,South District,Urgent emergency alert dispatched to response command center.,RESOLVED,16.6,2026-06-29 05:02:19
550,EMG-20260629-0550,SECURITY_INCIDENT,CRITICAL,Location Marker #550,East District,Urgent emergency alert dispatched to response command center.,CLOSED,17.1,2026-06-29 06:02:19
551,EMG-20260629-0551,MEDICAL,CRITICAL,Location Marker #551,Central Zone,Urgent emergency alert dispatched to response command center.,ON_SITE,19.7,2026-06-29 07:02:19
552,EMG-20260629-0552,FIRE,HIGH,Location Marker #552,Industrial Zone,Urgent emergency alert dispatched to response command center.,ON_SITE,12.6,2026-06-29 08:02:19
553,EMG-20260629-0553,FLOOD,HIGH,Location Marker #553,South District,Urgent emergency alert dispatched to response command center.,RESOLVED,13.1,2026-06-29 09:02:19
554,EMG-20260629-0554,ROAD_BLOCKAGE,CRITICAL,Location Marker #554,West District,Urgent emergency alert dispatched to response command center.,CLOSED,19.6,2026-06-29 10:02:19
555,EMG-20260629-0555,ACCIDENT,HIGH,Location Marker #555,North District,Urgent emergency alert dispatched to response command center.,REPORTED,4.3,2026-06-29 11:02:19
556,EMG-20260629-0556,ACCIDENT,CRITICAL,Location Marker #556,South District,Urgent emergency alert dispatched to response command center.,RESOLVED,18.6,2026-06-29 12:02:19
557,EMG-20260629-0557,FIRE,CRITICAL,Location Marker #557,South District,Urgent emergency alert dispatched to response command center.,CLOSED,9.9,2026-06-29 13:02:19
558,EMG-20260629-0558,ACCIDENT,CRITICAL,Location Marker #558,South District,Urgent emergency alert dispatched to response command center.,ON_SITE,19.0,2026-06-29 14:02:19
559,EMG-20260629-0559,INFRASTRUCTURE_FAILURE,HIGH,Location Marker #559,Central Zone,Urgent emergency alert dispatched to response command center.,REPORTED,18.1,2026-06-29 15:02:19
560,EMG-20260629-0560,ACCIDENT,CRITICAL,Location Marker #560,North District,Urgent emergency alert dispatched to response command center.,DISPATCHED,20.6,2026-06-29 16:02:19
561,EMG-20260629-0561,ACCIDENT,CRITICAL,Location Marker #561,Central Zone,Urgent emergency alert dispatched to response command center.,RESOLVED,18.3,2026-06-29 17:02:19
562,EMG-20260629-0562,FLOOD,CRITICAL,Location Marker #562,North District,Urgent emergency alert dispatched to response command center.,RESOLVED,4.3,2026-06-29 18:02:19
563,EMG-20260629-0563,INFRASTRUCTURE_FAILURE,CRITICAL,Location Marker #563,Central Zone,Urgent emergency alert dispatched to response command center.,ON_SITE,19.6,2026-06-29 19:02:19
564,EMG-20260629-0564,ACCIDENT,CRITICAL,Location Marker #564,North District,Urgent emergency alert dispatched to response command center.,DISPATCHED,13.9,2026-06-29 20:02:19
565,EMG-20260629-0565,ROAD_BLOCKAGE,CRITICAL,Location Marker #565,South District,Urgent emergency alert dispatched to response command center.,ON_SITE,24.2,2026-06-29 21:02:19
566,EMG-20260629-0566,ACCIDENT,CRITICAL,Location Marker #566,East District,Urgent emergency alert dispatched to response command center.,ON_SITE,23.2,2026-06-29 22:02:19
567,EMG-20260629-0567,ACCIDENT,HIGH,Location Marker #567,Industrial Zone,Urgent emergency alert dispatched to response command center.,CLOSED,11.9,2026-06-29 23:02:19
568,EMG-20260630-0568,FLOOD,HIGH,Location Marker #568,Industrial Zone,Urgent emergency alert dispatched to response command center.,ON_SITE,10.4,2026-06-30 00:02:19
569,EMG-20260630-0569,SECURITY_INCIDENT,CRITICAL,Location Marker #569,East District,Urgent emergency alert dispatched to response command center.,RESOLVED,13.3,2026-06-30 01:02:19
570,EMG-20260630-0570,MEDICAL,HIGH,Location Marker #570,Central Zone,Urgent emergency alert dispatched to response command center.,REPORTED,16.3,2026-06-30 02:02:19
571,EMG-20260630-0571,INFRASTRUCTURE_FAILURE,CRITICAL,Location Marker #571,Central Zone,Urgent emergency alert dispatched to response command center.,CLOSED,4.2,2026-06-30 03:02:19
572,EMG-20260630-0572,ACCIDENT,CRITICAL,Location Marker #572,South District,Urgent emergency alert dispatched to response command center.,ON_SITE,12.9,2026-06-30 04:02:19
573,EMG-20260630-0573,FIRE,CRITICAL,Location Marker #573,West District,Urgent emergency alert dispatched to response command center.,ON_SITE,18.3,2026-06-30 05:02:19
574,EMG-20260630-0574,ROAD_BLOCKAGE,HIGH,Location Marker #574,Central Zone,Urgent emergency alert dispatched to response command center.,REPORTED,14.7,2026-06-30 06:02:19
575,EMG-20260630-0575,ROAD_BLOCKAGE,HIGH,Location Marker #575,Central Zone,Urgent emergency alert dispatched to response command center.,REPORTED,6.2,2026-06-30 07:02:19
576,EMG-20260630-0576,INFRASTRUCTURE_FAILURE,HIGH,Location Marker #576,South District,Urgent emergency alert dispatched to response command center.,REPORTED,4.7,2026-06-30 08:02:19
577,EMG-20260630-0577,SECURITY_INCIDENT,CRITICAL,Location Marker #577,South District,Urgent emergency alert dispatched to response command center.,CLOSED,8.1,2026-06-30 09:02:19
578,EMG-20260630-0578,SECURITY_INCIDENT,CRITICAL,Location Marker #578,South District,Urgent emergency alert dispatched to response command center.,ON_SITE,8.1,2026-06-30 10:02:19
579,EMG-20260630-0579,ROAD_BLOCKAGE,HIGH,Location Marker #579,Industrial Zone,Urgent emergency alert dispatched to response command center.,RESOLVED,10.1,2026-06-30 11:02:19
580,EMG-20260630-0580,MEDICAL,CRITICAL,Location Marker #580,North District,Urgent emergency alert dispatched to response command center.,CLOSED,15.1,2026-06-30 12:02:19
581,EMG-20260630-0581,INFRASTRUCTURE_FAILURE,HIGH,Location Marker #581,Central Zone,Urgent emergency alert dispatched to response command center.,ON_SITE,6.5,2026-06-30 13:02:19
582,EMG-20260630-0582,INFRASTRUCTURE_FAILURE,HIGH,Location Marker #582,Industrial Zone,Urgent emergency alert dispatched to response command center.,DISPATCHED,20.8,2026-06-30 14:02:19
583,EMG-20260630-0583,ACCIDENT,CRITICAL,Location Marker #583,South District,Urgent emergency alert dispatched to response command center.,CLOSED,18.5,2026-06-30 15:02:19
584,EMG-20260630-0584,MEDICAL,HIGH,Location Marker #584,South District,Urgent emergency alert dispatched to response command center.,REPORTED,15.4,2026-06-30 16:02:19
585,EMG-20260630-0585,FLOOD,HIGH,Location Marker #585,North District,Urgent emergency alert dispatched to response command center.,REPORTED,4.6,2026-06-30 17:02:19
586,EMG-20260630-0586,FIRE,CRITICAL,Location Marker #586,North District,Urgent emergency alert dispatched to response command center.,DISPATCHED,20.7,2026-06-30 18:02:19
587,EMG-20260630-0587,ACCIDENT,HIGH,Location Marker #587,East District,Urgent emergency alert dispatched to response command center.,CLOSED,21.3,2026-06-30 19:02:19
588,EMG-20260630-0588,FLOOD,HIGH,Location Marker #588,North District,Urgent emergency alert dispatched to response command center.,CLOSED,24.8,2026-06-30 20:02:19
589,EMG-20260630-0589,ROAD_BLOCKAGE,CRITICAL,Location Marker #589,North District,Urgent emergency alert dispatched to response command center.,REPORTED,9.9,2026-06-30 21:02:19
590,EMG-20260630-0590,ROAD_BLOCKAGE,CRITICAL,Location Marker #590,Industrial Zone,Urgent emergency alert dispatched to response command center.,REPORTED,7.6,2026-06-30 22:02:19
591,EMG-20260630-0591,FLOOD,CRITICAL,Location Marker #591,East District,Urgent emergency alert dispatched to response command center.,RESOLVED,20.4,2026-06-30 23:02:19
592,EMG-20260701-0592,MEDICAL,HIGH,Location Marker #592,West District,Urgent emergency alert dispatched to response command center.,REPORTED,17.6,2026-07-01 00:02:19
593,EMG-20260701-0593,INFRASTRUCTURE_FAILURE,HIGH,Location Marker #593,Central Zone,Urgent emergency alert dispatched to response command center.,CLOSED,15.4,2026-07-01 01:02:19
594,EMG-20260701-0594,SECURITY_INCIDENT,HIGH,Location Marker #594,Industrial Zone,Urgent emergency alert dispatched to response command center.,REPORTED,10.2,2026-07-01 02:02:19
595,EMG-20260701-0595,MEDICAL,HIGH,Location Marker #595,Central Zone,Urgent emergency alert dispatched to response command center.,REPORTED,9.6,2026-07-01 03:02:19
596,EMG-20260701-0596,ACCIDENT,CRITICAL,Location Marker #596,North District,Urgent emergency alert dispatched to response command center.,ON_SITE,11.7,2026-07-01 04:02:19
597,EMG-20260701-0597,SECURITY_INCIDENT,HIGH,Location Marker #597,Central Zone,Urgent emergency alert dispatched to response command center.,DISPATCHED,20.1,2026-07-01 05:02:19
598,EMG-20260701-0598,ROAD_BLOCKAGE,CRITICAL,Location Marker #598,West District,Urgent emergency alert dispatched to response command center.,RESOLVED,19.6,2026-07-01 06:02:19
599,EMG-20260701-0599,INFRASTRUCTURE_FAILURE,CRITICAL,Location Marker #599,East District,Urgent emergency alert dispatched to response command center.,ON_SITE,7.7,2026-07-01 07:02:19
600,EMG-20260701-0600,SECURITY_INCIDENT,HIGH,Location Marker #600,East District,Urgent emergency alert dispatched to response command center.,RESOLVED,5.6,2026-07-01 08:02:19
601,EMG-20260701-0601,FLOOD,HIGH,Location Marker #601,North District,Urgent emergency alert dispatched to response command center.,ON_SITE,8.7,2026-07-01 09:02:19
602,EMG-20260701-0602,MEDICAL,HIGH,Location Marker #602,East District,Urgent emergency alert dispatched to response command center.,RESOLVED,19.0,2026-07-01 10:02:19
603,EMG-20260701-0603,FLOOD,CRITICAL,Location Marker #603,East District,Urgent emergency alert dispatched to response command center.,DISPATCHED,21.6,2026-07-01 11:02:19
604,EMG-20260701-0604,SECURITY_INCIDENT,CRITICAL,Location Marker #604,South District,Urgent emergency alert dispatched to response command center.,DISPATCHED,4.9,2026-07-01 12:02:19
605,EMG-20260701-0605,ACCIDENT,HIGH,Location Marker #605,West District,Urgent emergency alert dispatched to response command center.,CLOSED,22.5,2026-07-01 13:02:19
606,EMG-20260701-0606,ACCIDENT,HIGH,Location Marker #606,Industrial Zone,Urgent emergency alert dispatched to response command center.,RESOLVED,5.8,2026-07-01 14:02:19
607,EMG-20260701-0607,FLOOD,HIGH,Location Marker #607,East District,Urgent emergency alert dispatched to response command center.,RESOLVED,4.9,2026-07-01 15:02:19
608,EMG-20260701-0608,ACCIDENT,CRITICAL,Location Marker #608,Central Zone,Urgent emergency alert dispatched to response command center.,REPORTED,13.3,2026-07-01 16:02:19
609,EMG-20260701-0609,ROAD_BLOCKAGE,HIGH,Location Marker #609,East District,Urgent emergency alert dispatched to response command center.,RESOLVED,12.1,2026-07-01 17:02:19
610,EMG-20260701-0610,SECURITY_INCIDENT,HIGH,Location Marker #610,Central Zone,Urgent emergency alert dispatched to response command center.,REPORTED,9.4,2026-07-01 18:02:19
611,EMG-20260701-0611,ROAD_BLOCKAGE,CRITICAL,Location Marker #611,North District,Urgent emergency alert dispatched to response command center.,ON_SITE,8.2,2026-07-01 19:02:19
612,EMG-20260701-0612,SECURITY_INCIDENT,HIGH,Location Marker #612,South District,Urgent emergency alert dispatched to response command center.,REPORTED,20.6,2026-07-01 20:02:19
613,EMG-20260701-0613,FIRE,HIGH,Location Marker #613,North District,Urgent emergency alert dispatched to response command center.,REPORTED,8.2,2026-07-01 21:02:19
614,EMG-20260701-0614,FIRE,CRITICAL,Location Marker #614,South District,Urgent emergency alert dispatched to response command center.,ON_SITE,4.9,2026-07-01 22:02:19
615,EMG-20260701-0615,FIRE,HIGH,Location Marker #615,Central Zone,Urgent emergency alert dispatched to response command center.,DISPATCHED,11.8,2026-07-01 23:02:19
616,EMG-20260702-0616,INFRASTRUCTURE_FAILURE,CRITICAL,Location Marker #616,East District,Urgent emergency alert dispatched to response command center.,REPORTED,18.7,2026-07-02 00:02:19
617,EMG-20260702-0617,ROAD_BLOCKAGE,CRITICAL,Location Marker #617,South District,Urgent emergency alert dispatched to response command center.,RESOLVED,10.6,2026-07-02 01:02:19
618,EMG-20260702-0618,FIRE,CRITICAL,Location Marker #618,South District,Urgent emergency alert dispatched to response command center.,DISPATCHED,5.8,2026-07-02 02:02:19
619,EMG-20260702-0619,ROAD_BLOCKAGE,CRITICAL,Location Marker #619,East District,Urgent emergency alert dispatched to response command center.,RESOLVED,10.6,2026-07-02 03:02:19
620,EMG-20260702-0620,ROAD_BLOCKAGE,CRITICAL,Location Marker #620,Central Zone,Urgent emergency alert dispatched to response command center.,DISPATCHED,6.2,2026-07-02 04:02:19
621,EMG-20260702-0621,FLOOD,HIGH,Location Marker #621,South District,Urgent emergency alert dispatched to response command center.,ON_SITE,10.5,2026-07-02 05:02:19
622,EMG-20260702-0622,ROAD_BLOCKAGE,HIGH,Location Marker #622,East District,Urgent emergency alert dispatched to response command center.,RESOLVED,10.5,2026-07-02 06:02:19
623,EMG-20260702-0623,MEDICAL,CRITICAL,Location Marker #623,South District,Urgent emergency alert dispatched to response command center.,RESOLVED,18.6,2026-07-02 07:02:19
624,EMG-20260702-0624,INFRASTRUCTURE_FAILURE,HIGH,Location Marker #624,North District,Urgent emergency alert dispatched to response command center.,ON_SITE,21.6,2026-07-02 08:02:19
625,EMG-20260702-0625,FLOOD,HIGH,Location Marker #625,West District,Urgent emergency alert dispatched to response command center.,ON_SITE,6.1,2026-07-02 09:02:19
626,EMG-20260702-0626,FIRE,HIGH,Location Marker #626,East District,Urgent emergency alert dispatched to response command center.,CLOSED,19.7,2026-07-02 10:02:19
627,EMG-20260702-0627,FLOOD,CRITICAL,Location Marker #627,Industrial Zone,Urgent emergency alert dispatched to response command center.,RESOLVED,19.8,2026-07-02 11:02:19
628,EMG-20260702-0628,FIRE,CRITICAL,Location Marker #628,East District,Urgent emergency alert dispatched to response command center.,RESOLVED,19.7,2026-07-02 12:02:19
629,EMG-20260702-0629,ACCIDENT,HIGH,Location Marker #629,East District,Urgent emergency alert dispatched to response command center.,DISPATCHED,16.7,2026-07-02 13:02:19
630,EMG-20260702-0630,INFRASTRUCTURE_FAILURE,CRITICAL,Location Marker #630,East District,Urgent emergency alert dispatched to response command center.,CLOSED,5.8,2026-07-02 14:02:19
631,EMG-20260702-0631,ACCIDENT,CRITICAL,Location Marker #631,Industrial Zone,Urgent emergency alert dispatched to response command center.,DISPATCHED,22.7,2026-07-02 15:02:19
632,EMG-20260702-0632,ROAD_BLOCKAGE,CRITICAL,Location Marker #632,Industrial Zone,Urgent emergency alert dispatched to response command center.,RESOLVED,11.7,2026-07-02 16:02:19
633,EMG-20260702-0633,ACCIDENT,HIGH,Location Marker #633,West District,Urgent emergency alert dispatched to response command center.,ON_SITE,22.2,2026-07-02 17:02:19
634,EMG-20260702-0634,MEDICAL,HIGH,Location Marker #634,Industrial Zone,Urgent emergency alert dispatched to response command center.,ON_SITE,21.6,2026-07-02 18:02:19
635,EMG-20260702-0635,FIRE,CRITICAL,Location Marker #635,South District,Urgent emergency alert dispatched to response command center.,DISPATCHED,5.3,2026-07-02 19:02:19
636,EMG-20260702-0636,INFRASTRUCTURE_FAILURE,HIGH,Location Marker #636,East District,Urgent emergency alert dispatched to response command center.,DISPATCHED,14.4,2026-07-02 20:02:19
637,EMG-20260702-0637,FLOOD,CRITICAL,Location Marker #637,West District,Urgent emergency alert dispatched to response command center.,RESOLVED,23.2,2026-07-02 21:02:19
638,EMG-20260702-0638,FLOOD,CRITICAL,Location Marker #638,South District,Urgent emergency alert dispatched to response command center.,CLOSED,4.9,2026-07-02 22:02:19
639,EMG-20260702-0639,MEDICAL,HIGH,Location Marker #639,South District,Urgent emergency alert dispatched to response command center.,RESOLVED,9.5,2026-07-02 23:02:19
640,EMG-20260703-0640,MEDICAL,HIGH,Location Marker #640,Central Zone,Urgent emergency alert dispatched to response command center.,CLOSED,6.3,2026-07-03 00:02:19
641,EMG-20260703-0641,MEDICAL,HIGH,Location Marker #641,East District,Urgent emergency alert dispatched to response command center.,ON_SITE,14.3,2026-07-03 01:02:19
642,EMG-20260703-0642,FLOOD,CRITICAL,Location Marker #642,North District,Urgent emergency alert dispatched to response command center.,RESOLVED,19.6,2026-07-03 02:02:19
643,EMG-20260703-0643,MEDICAL,CRITICAL,Location Marker #643,Central Zone,Urgent emergency alert dispatched to response command center.,ON_SITE,12.4,2026-07-03 03:02:19
644,EMG-20260703-0644,MEDICAL,HIGH,Location Marker #644,North District,Urgent emergency alert dispatched to response command center.,ON_SITE,12.6,2026-07-03 04:02:19
645,EMG-20260703-0645,MEDICAL,HIGH,Location Marker #645,North District,Urgent emergency alert dispatched to response command center.,ON_SITE,23.8,2026-07-03 05:02:19
646,EMG-20260703-0646,INFRASTRUCTURE_FAILURE,HIGH,Location Marker #646,North District,Urgent emergency alert dispatched to response command center.,DISPATCHED,12.3,2026-07-03 06:02:19
647,EMG-20260703-0647,ACCIDENT,HIGH,Location Marker #647,West District,Urgent emergency alert dispatched to response command center.,REPORTED,20.5,2026-07-03 07:02:19
648,EMG-20260703-0648,MEDICAL,CRITICAL,Location Marker #648,North District,Urgent emergency alert dispatched to response command center.,REPORTED,14.3,2026-07-03 08:02:19
649,EMG-20260703-0649,ACCIDENT,HIGH,Location Marker #649,North District,Urgent emergency alert dispatched to response command center.,CLOSED,19.5,2026-07-03 09:02:19
650,EMG-20260703-0650,ACCIDENT,CRITICAL,Location Marker #650,West District,Urgent emergency alert dispatched to response command center.,ON_SITE,11.6,2026-07-03 10:02:19
651,EMG-20260703-0651,INFRASTRUCTURE_FAILURE,CRITICAL,Location Marker #651,South District,Urgent emergency alert dispatched to response command center.,DISPATCHED,22.3,2026-07-03 11:02:19
652,EMG-20260703-0652,FLOOD,CRITICAL,Location Marker #652,North District,Urgent emergency alert dispatched to response command center.,ON_SITE,10.1,2026-07-03 12:02:19
653,EMG-20260703-0653,SECURITY_INCIDENT,CRITICAL,Location Marker #653,Central Zone,Urgent emergency alert dispatched to response command center.,REPORTED,14.2,2026-07-03 13:02:19
654,EMG-20260703-0654,MEDICAL,HIGH,Location Marker #654,Industrial Zone,Urgent emergency alert dispatched to response command center.,REPORTED,19.9,2026-07-03 14:02:19
655,EMG-20260703-0655,FLOOD,CRITICAL,Location Marker #655,Central Zone,Urgent emergency alert dispatched to response command center.,CLOSED,8.3,2026-07-03 15:02:19
656,EMG-20260703-0656,INFRASTRUCTURE_FAILURE,CRITICAL,Location Marker #656,Industrial Zone,Urgent emergency alert dispatched to response command center.,ON_SITE,15.3,2026-07-03 16:02:19
657,EMG-20260703-0657,FIRE,HIGH,Location Marker #657,Central Zone,Urgent emergency alert dispatched to response command center.,ON_SITE,15.9,2026-07-03 17:02:19
658,EMG-20260703-0658,MEDICAL,HIGH,Location Marker #658,North District,Urgent emergency alert dispatched to response command center.,ON_SITE,12.4,2026-07-03 18:02:19
659,EMG-20260703-0659,FLOOD,CRITICAL,Location Marker #659,Industrial Zone,Urgent emergency alert dispatched to response command center.,REPORTED,9.5,2026-07-03 19:02:19
660,EMG-20260703-0660,SECURITY_INCIDENT,CRITICAL,Location Marker #660,Industrial Zone,Urgent emergency alert dispatched to response command center.,RESOLVED,12.1,2026-07-03 20:02:19
661,EMG-20260703-0661,FLOOD,CRITICAL,Location Marker #661,East District,Urgent emergency alert dispatched to response command center.,RESOLVED,19.4,2026-07-03 21:02:19
662,EMG-20260703-0662,INFRASTRUCTURE_FAILURE,HIGH,Location Marker #662,North District,Urgent emergency alert dispatched to response command center.,CLOSED,14.8,2026-07-03 22:02:19
663,EMG-20260703-0663,SECURITY_INCIDENT,CRITICAL,Location Marker #663,East District,Urgent emergency alert dispatched to response command center.,DISPATCHED,11.5,2026-07-03 23:02:19
664,EMG-20260704-0664,SECURITY_INCIDENT,CRITICAL,Location Marker #664,East District,Urgent emergency alert dispatched to response command center.,CLOSED,22.4,2026-07-04 00:02:19
665,EMG-20260704-0665,ROAD_BLOCKAGE,CRITICAL,Location Marker #665,West District,Urgent emergency alert dispatched to response command center.,CLOSED,6.0,2026-07-04 01:02:19
666,EMG-20260704-0666,SECURITY_INCIDENT,CRITICAL,Location Marker #666,South District,Urgent emergency alert dispatched to response command center.,REPORTED,4.7,2026-07-04 02:02:19
667,EMG-20260704-0667,FLOOD,HIGH,Location Marker #667,Central Zone,Urgent emergency alert dispatched to response command center.,REPORTED,14.2,2026-07-04 03:02:19
668,EMG-20260704-0668,FLOOD,HIGH,Location Marker #668,Industrial Zone,Urgent emergency alert dispatched to response command center.,CLOSED,21.5,2026-07-04 04:02:19
669,EMG-20260704-0669,ROAD_BLOCKAGE,CRITICAL,Location Marker #669,Industrial Zone,Urgent emergency alert dispatched to response command center.,DISPATCHED,18.4,2026-07-04 05:02:19
670,EMG-20260704-0670,MEDICAL,HIGH,Location Marker #670,West District,Urgent emergency alert dispatched to response command center.,CLOSED,10.0,2026-07-04 06:02:19
671,EMG-20260704-0671,ACCIDENT,CRITICAL,Location Marker #671,East District,Urgent emergency alert dispatched to response command center.,RESOLVED,9.4,2026-07-04 07:02:19
672,EMG-20260704-0672,FIRE,CRITICAL,Location Marker #672,North District,Urgent emergency alert dispatched to response command center.,REPORTED,5.1,2026-07-04 08:02:19
673,EMG-20260704-0673,FLOOD,CRITICAL,Location Marker #673,Industrial Zone,Urgent emergency alert dispatched to response command center.,CLOSED,6.4,2026-07-04 09:02:19
674,EMG-20260704-0674,ACCIDENT,CRITICAL,Location Marker #674,West District,Urgent emergency alert dispatched to response command center.,ON_SITE,12.9,2026-07-04 10:02:19
675,EMG-20260704-0675,FIRE,HIGH,Location Marker #675,West District,Urgent emergency alert dispatched to response command center.,CLOSED,24.9,2026-07-04 11:02:19
676,EMG-20260704-0676,MEDICAL,HIGH,Location Marker #676,Industrial Zone,Urgent emergency alert dispatched to response command center.,RESOLVED,24.9,2026-07-04 12:02:19
677,EMG-20260704-0677,INFRASTRUCTURE_FAILURE,HIGH,Location Marker #677,Industrial Zone,Urgent emergency alert dispatched to response command center.,ON_SITE,18.9,2026-07-04 13:02:19
678,EMG-20260704-0678,ROAD_BLOCKAGE,CRITICAL,Location Marker #678,Central Zone,Urgent emergency alert dispatched to response command center.,RESOLVED,7.2,2026-07-04 14:02:19
679,EMG-20260704-0679,FLOOD,CRITICAL,Location Marker #679,Central Zone,Urgent emergency alert dispatched to response command center.,CLOSED,5.0,2026-07-04 15:02:19
680,EMG-20260704-0680,FLOOD,HIGH,Location Marker #680,South District,Urgent emergency alert dispatched to response command center.,CLOSED,4.8,2026-07-04 16:02:19
681,EMG-20260704-0681,ACCIDENT,CRITICAL,Location Marker #681,North District,Urgent emergency alert dispatched to response command center.,CLOSED,13.5,2026-07-04 17:02:19
682,EMG-20260704-0682,INFRASTRUCTURE_FAILURE,HIGH,Location Marker #682,South District,Urgent emergency alert dispatched to response command center.,RESOLVED,9.6,2026-07-04 18:02:19
683,EMG-20260704-0683,ROAD_BLOCKAGE,CRITICAL,Location Marker #683,West District,Urgent emergency alert dispatched to response command center.,ON_SITE,6.1,2026-07-04 19:02:19
684,EMG-20260704-0684,ACCIDENT,CRITICAL,Location Marker #684,Industrial Zone,Urgent emergency alert dispatched to response command center.,RESOLVED,22.8,2026-07-04 20:02:19
685,EMG-20260704-0685,INFRASTRUCTURE_FAILURE,HIGH,Location Marker #685,Central Zone,Urgent emergency alert dispatched to response command center.,REPORTED,5.8,2026-07-04 21:02:19
686,EMG-20260704-0686,MEDICAL,HIGH,Location Marker #686,North District,Urgent emergency alert dispatched to response command center.,DISPATCHED,17.3,2026-07-04 22:02:19
687,EMG-20260704-0687,FIRE,HIGH,Location Marker #687,Central Zone,Urgent emergency alert dispatched to response command center.,RESOLVED,17.0,2026-07-04 23:02:19
688,EMG-20260705-0688,FLOOD,HIGH,Location Marker #688,South District,Urgent emergency alert dispatched to response command center.,CLOSED,4.6,2026-07-05 00:02:19
689,EMG-20260705-0689,ROAD_BLOCKAGE,CRITICAL,Location Marker #689,Industrial Zone,Urgent emergency alert dispatched to response command center.,DISPATCHED,18.2,2026-07-05 01:02:19
690,EMG-20260705-0690,SECURITY_INCIDENT,CRITICAL,Location Marker #690,East District,Urgent emergency alert dispatched to response command center.,RESOLVED,23.4,2026-07-05 02:02:19
691,EMG-20260705-0691,INFRASTRUCTURE_FAILURE,HIGH,Location Marker #691,West District,Urgent emergency alert dispatched to response command center.,CLOSED,20.8,2026-07-05 03:02:19
692,EMG-20260705-0692,FIRE,HIGH,Location Marker #692,East District,Urgent emergency alert dispatched to response command center.,RESOLVED,25.0,2026-07-05 04:02:19
693,EMG-20260705-0693,MEDICAL,CRITICAL,Location Marker #693,West District,Urgent emergency alert dispatched to response command center.,CLOSED,5.5,2026-07-05 05:02:19
694,EMG-20260705-0694,SECURITY_INCIDENT,HIGH,Location Marker #694,East District,Urgent emergency alert dispatched to response command center.,ON_SITE,5.1,2026-07-05 06:02:19
695,EMG-20260705-0695,FLOOD,HIGH,Location Marker #695,South District,Urgent emergency alert dispatched to response command center.,CLOSED,19.7,2026-07-05 07:02:19
696,EMG-20260705-0696,ACCIDENT,HIGH,Location Marker #696,South District,Urgent emergency alert dispatched to response command center.,CLOSED,22.1,2026-07-05 08:02:19
697,EMG-20260705-0697,FLOOD,CRITICAL,Location Marker #697,East District,Urgent emergency alert dispatched to response command center.,RESOLVED,19.6,2026-07-05 09:02:19
698,EMG-20260705-0698,FIRE,HIGH,Location Marker #698,North District,Urgent emergency alert dispatched to response command center.,ON_SITE,22.4,2026-07-05 10:02:19
699,EMG-20260705-0699,FLOOD,CRITICAL,Location Marker #699,North District,Urgent emergency alert dispatched to response command center.,ON_SITE,22.9,2026-07-05 11:02:19
700,EMG-20260705-0700,ROAD_BLOCKAGE,HIGH,Location Marker #700,Central Zone,Urgent emergency alert dispatched to response command center.,RESOLVED,24.5,2026-07-05 12:02:19
701,EMG-20260705-0701,ROAD_BLOCKAGE,HIGH,Location Marker #701,West District,Urgent emergency alert dispatched to response command center.,RESOLVED,24.9,2026-07-05 13:02:19
702,EMG-20260705-0702,SECURITY_INCIDENT,HIGH,Location Marker #702,South District,Urgent emergency alert dispatched to response command center.,DISPATCHED,11.8,2026-07-05 14:02:19
703,EMG-20260705-0703,INFRASTRUCTURE_FAILURE,HIGH,Location Marker #703,West District,Urgent emergency alert dispatched to response command center.,ON_SITE,14.1,2026-07-05 15:02:19
704,EMG-20260705-0704,SECURITY_INCIDENT,HIGH,Location Marker #704,East District,Urgent emergency alert dispatched to response command center.,ON_SITE,18.8,2026-07-05 16:02:19
705,EMG-20260705-0705,ROAD_BLOCKAGE,HIGH,Location Marker #705,West District,Urgent emergency alert dispatched to response command center.,CLOSED,11.0,2026-07-05 17:02:19
706,EMG-20260705-0706,FIRE,CRITICAL,Location Marker #706,Central Zone,Urgent emergency alert dispatched to response command center.,ON_SITE,7.3,2026-07-05 18:02:19
707,EMG-20260705-0707,MEDICAL,HIGH,Location Marker #707,Industrial Zone,Urgent emergency alert dispatched to response command center.,ON_SITE,11.7,2026-07-05 19:02:19
708,EMG-20260705-0708,INFRASTRUCTURE_FAILURE,CRITICAL,Location Marker #708,West District,Urgent emergency alert dispatched to response command center.,RESOLVED,18.0,2026-07-05 20:02:19
709,EMG-20260705-0709,SECURITY_INCIDENT,HIGH,Location Marker #709,South District,Urgent emergency alert dispatched to response command center.,ON_SITE,20.7,2026-07-05 21:02:19
710,EMG-20260705-0710,FIRE,HIGH,Location Marker #710,Central Zone,Urgent emergency alert dispatched to response command center.,REPORTED,10.0,2026-07-05 22:02:19
711,EMG-20260705-0711,FIRE,CRITICAL,Location Marker #711,East District,Urgent emergency alert dispatched to response command center.,ON_SITE,22.6,2026-07-05 23:02:19
712,EMG-20260706-0712,MEDICAL,HIGH,Location Marker #712,East District,Urgent emergency alert dispatched to response command center.,DISPATCHED,13.8,2026-07-06 00:02:19
713,EMG-20260706-0713,FLOOD,CRITICAL,Location Marker #713,Central Zone,Urgent emergency alert dispatched to response command center.,DISPATCHED,15.8,2026-07-06 01:02:19
714,EMG-20260706-0714,SECURITY_INCIDENT,HIGH,Location Marker #714,Central Zone,Urgent emergency alert dispatched to response command center.,DISPATCHED,10.3,2026-07-06 02:02:19
715,EMG-20260706-0715,FLOOD,HIGH,Location Marker #715,West District,Urgent emergency alert dispatched to response command center.,DISPATCHED,15.4,2026-07-06 03:02:19
716,EMG-20260706-0716,MEDICAL,HIGH,Location Marker #716,North District,Urgent emergency alert dispatched to response command center.,RESOLVED,6.3,2026-07-06 04:02:19
717,EMG-20260706-0717,SECURITY_INCIDENT,CRITICAL,Location Marker #717,Industrial Zone,Urgent emergency alert dispatched to response command center.,CLOSED,23.0,2026-07-06 05:02:19
718,EMG-20260706-0718,FIRE,CRITICAL,Location Marker #718,Industrial Zone,Urgent emergency alert dispatched to response command center.,REPORTED,13.0,2026-07-06 06:02:19
719,EMG-20260706-0719,SECURITY_INCIDENT,HIGH,Location Marker #719,Industrial Zone,Urgent emergency alert dispatched to response command center.,REPORTED,12.1,2026-07-06 07:02:19
720,EMG-20260706-0720,FLOOD,HIGH,Location Marker #720,West District,Urgent emergency alert dispatched to response command center.,ON_SITE,14.1,2026-07-06 08:02:19
721,EMG-20260706-0721,SECURITY_INCIDENT,CRITICAL,Location Marker #721,Central Zone,Urgent emergency alert dispatched to response command center.,ON_SITE,21.8,2026-07-06 09:02:19
722,EMG-20260706-0722,SECURITY_INCIDENT,CRITICAL,Location Marker #722,North District,Urgent emergency alert dispatched to response command center.,CLOSED,20.4,2026-07-06 10:02:19
723,EMG-20260706-0723,MEDICAL,CRITICAL,Location Marker #723,Central Zone,Urgent emergency alert dispatched to response command center.,ON_SITE,21.0,2026-07-06 11:02:19
724,EMG-20260706-0724,INFRASTRUCTURE_FAILURE,CRITICAL,Location Marker #724,Industrial Zone,Urgent emergency alert dispatched to response command center.,CLOSED,6.6,2026-07-06 12:02:19
725,EMG-20260706-0725,MEDICAL,CRITICAL,Location Marker #725,West District,Urgent emergency alert dispatched to response command center.,RESOLVED,4.3,2026-07-06 13:02:19
726,EMG-20260706-0726,FIRE,CRITICAL,Location Marker #726,South District,Urgent emergency alert dispatched to response command center.,RESOLVED,19.9,2026-07-06 14:02:19
727,EMG-20260706-0727,INFRASTRUCTURE_FAILURE,CRITICAL,Location Marker #727,South District,Urgent emergency alert dispatched to response command center.,CLOSED,23.3,2026-07-06 15:02:19
728,EMG-20260706-0728,SECURITY_INCIDENT,HIGH,Location Marker #728,Industrial Zone,Urgent emergency alert dispatched to response command center.,RESOLVED,17.1,2026-07-06 16:02:19
729,EMG-20260706-0729,INFRASTRUCTURE_FAILURE,CRITICAL,Location Marker #729,North District,Urgent emergency alert dispatched to response command center.,REPORTED,17.6,2026-07-06 17:02:19
730,EMG-20260706-0730,MEDICAL,CRITICAL,Location Marker #730,North District,Urgent emergency alert dispatched to response command center.,RESOLVED,6.1,2026-07-06 18:02:19
731,EMG-20260706-0731,MEDICAL,HIGH,Location Marker #731,East District,Urgent emergency alert dispatched to response command center.,CLOSED,7.7,2026-07-06 19:02:19
732,EMG-20260706-0732,SECURITY_INCIDENT,HIGH,Location Marker #732,South District,Urgent emergency alert dispatched to response command center.,REPORTED,22.9,2026-07-06 20:02:19
733,EMG-20260706-0733,FLOOD,HIGH,Location Marker #733,Industrial Zone,Urgent emergency alert dispatched to response command center.,ON_SITE,22.7,2026-07-06 21:02:19
734,EMG-20260706-0734,ROAD_BLOCKAGE,HIGH,Location Marker #734,North District,Urgent emergency alert dispatched to response command center.,CLOSED,24.6,2026-07-06 22:02:19
735,EMG-20260706-0735,ROAD_BLOCKAGE,HIGH,Location Marker #735,Central Zone,Urgent emergency alert dispatched to response command center.,REPORTED,20.7,2026-07-06 23:02:19
736,EMG-20260707-0736,ROAD_BLOCKAGE,HIGH,Location Marker #736,East District,Urgent emergency alert dispatched to response command center.,ON_SITE,7.5,2026-07-07 00:02:19
737,EMG-20260707-0737,ACCIDENT,HIGH,Location Marker #737,Central Zone,Urgent emergency alert dispatched to response command center.,ON_SITE,9.4,2026-07-07 01:02:19
738,EMG-20260707-0738,INFRASTRUCTURE_FAILURE,HIGH,Location Marker #738,Central Zone,Urgent emergency alert dispatched to response command center.,DISPATCHED,23.9,2026-07-07 02:02:19
739,EMG-20260707-0739,ROAD_BLOCKAGE,HIGH,Location Marker #739,North District,Urgent emergency alert dispatched to response command center.,DISPATCHED,6.5,2026-07-07 03:02:19
740,EMG-20260707-0740,ROAD_BLOCKAGE,CRITICAL,Location Marker #740,Central Zone,Urgent emergency alert dispatched to response command center.,RESOLVED,20.6,2026-07-07 04:02:19
741,EMG-20260707-0741,ROAD_BLOCKAGE,CRITICAL,Location Marker #741,Industrial Zone,Urgent emergency alert dispatched to response command center.,ON_SITE,22.3,2026-07-07 05:02:19
742,EMG-20260707-0742,MEDICAL,HIGH,Location Marker #742,Central Zone,Urgent emergency alert dispatched to response command center.,ON_SITE,8.1,2026-07-07 06:02:19
743,EMG-20260707-0743,ACCIDENT,CRITICAL,Location Marker #743,Industrial Zone,Urgent emergency alert dispatched to response command center.,RESOLVED,14.4,2026-07-07 07:02:19
744,EMG-20260707-0744,MEDICAL,HIGH,Location Marker #744,North District,Urgent emergency alert dispatched to response command center.,RESOLVED,8.3,2026-07-07 08:02:19
745,EMG-20260707-0745,FIRE,CRITICAL,Location Marker #745,Central Zone,Urgent emergency alert dispatched to response command center.,RESOLVED,10.7,2026-07-07 09:02:19
746,EMG-20260707-0746,ACCIDENT,HIGH,Location Marker #746,Industrial Zone,Urgent emergency alert dispatched to response command center.,DISPATCHED,15.7,2026-07-07 10:02:19
747,EMG-20260707-0747,INFRASTRUCTURE_FAILURE,CRITICAL,Location Marker #747,South District,Urgent emergency alert dispatched to response command center.,RESOLVED,23.9,2026-07-07 11:02:19
748,EMG-20260707-0748,FIRE,CRITICAL,Location Marker #748,Central Zone,Urgent emergency alert dispatched to response command center.,RESOLVED,14.5,2026-07-07 12:02:19
749,EMG-20260707-0749,INFRASTRUCTURE_FAILURE,HIGH,Location Marker #749,South District,Urgent emergency alert dispatched to response command center.,ON_SITE,9.5,2026-07-07 13:02:19
750,EMG-20260707-0750,ROAD_BLOCKAGE,CRITICAL,Location Marker #750,South District,Urgent emergency alert dispatched to response command center.,RESOLVED,14.4,2026-07-07 14:02:19
751,EMG-20260707-0751,FIRE,CRITICAL,Location Marker #751,East District,Urgent emergency alert dispatched to response command center.,DISPATCHED,11.2,2026-07-07 15:02:19
752,EMG-20260707-0752,INFRASTRUCTURE_FAILURE,CRITICAL,Location Marker #752,Central Zone,Urgent emergency alert dispatched to response command center.,REPORTED,5.7,2026-07-07 16:02:19
753,EMG-20260707-0753,FLOOD,CRITICAL,Location Marker #753,Central Zone,Urgent emergency alert dispatched to response command center.,RESOLVED,19.5,2026-07-07 17:02:19
754,EMG-20260707-0754,SECURITY_INCIDENT,HIGH,Location Marker #754,West District,Urgent emergency alert dispatched to response command center.,REPORTED,24.2,2026-07-07 18:02:19
755,EMG-20260707-0755,MEDICAL,CRITICAL,Location Marker #755,Central Zone,Urgent emergency alert dispatched to response command center.,ON_SITE,10.1,2026-07-07 19:02:19
756,EMG-20260707-0756,SECURITY_INCIDENT,CRITICAL,Location Marker #756,South District,Urgent emergency alert dispatched to response command center.,ON_SITE,8.1,2026-07-07 20:02:19
757,EMG-20260707-0757,ROAD_BLOCKAGE,CRITICAL,Location Marker #757,West District,Urgent emergency alert dispatched to response command center.,ON_SITE,13.0,2026-07-07 21:02:19
758,EMG-20260707-0758,FIRE,HIGH,Location Marker #758,East District,Urgent emergency alert dispatched to response command center.,RESOLVED,11.5,2026-07-07 22:02:19
759,EMG-20260707-0759,INFRASTRUCTURE_FAILURE,HIGH,Location Marker #759,West District,Urgent emergency alert dispatched to response command center.,CLOSED,18.5,2026-07-07 23:02:19
760,EMG-20260708-0760,FLOOD,CRITICAL,Location Marker #760,North District,Urgent emergency alert dispatched to response command center.,RESOLVED,9.5,2026-07-08 00:02:19
761,EMG-20260708-0761,ACCIDENT,HIGH,Location Marker #761,Central Zone,Urgent emergency alert dispatched to response command center.,CLOSED,22.3,2026-07-08 01:02:19
762,EMG-20260708-0762,ROAD_BLOCKAGE,HIGH,Location Marker #762,Industrial Zone,Urgent emergency alert dispatched to response command center.,RESOLVED,8.4,2026-07-08 02:02:19
763,EMG-20260708-0763,MEDICAL,HIGH,Location Marker #763,East District,Urgent emergency alert dispatched to response command center.,ON_SITE,17.8,2026-07-08 03:02:19
764,EMG-20260708-0764,INFRASTRUCTURE_FAILURE,CRITICAL,Location Marker #764,North District,Urgent emergency alert dispatched to response command center.,DISPATCHED,18.7,2026-07-08 04:02:19
765,EMG-20260708-0765,FLOOD,CRITICAL,Location Marker #765,South District,Urgent emergency alert dispatched to response command center.,CLOSED,18.1,2026-07-08 05:02:19
766,EMG-20260708-0766,INFRASTRUCTURE_FAILURE,HIGH,Location Marker #766,Central Zone,Urgent emergency alert dispatched to response command center.,REPORTED,13.2,2026-07-08 06:02:19
767,EMG-20260708-0767,FIRE,HIGH,Location Marker #767,West District,Urgent emergency alert dispatched to response command center.,REPORTED,20.2,2026-07-08 07:02:19
768,EMG-20260708-0768,SECURITY_INCIDENT,CRITICAL,Location Marker #768,South District,Urgent emergency alert dispatched to response command center.,ON_SITE,12.3,2026-07-08 08:02:19
769,EMG-20260708-0769,SECURITY_INCIDENT,CRITICAL,Location Marker #769,West District,Urgent emergency alert dispatched to response command center.,ON_SITE,15.2,2026-07-08 09:02:19
770,EMG-20260708-0770,ACCIDENT,HIGH,Location Marker #770,West District,Urgent emergency alert dispatched to response command center.,DISPATCHED,22.6,2026-07-08 10:02:19
771,EMG-20260708-0771,MEDICAL,HIGH,Location Marker #771,South District,Urgent emergency alert dispatched to response command center.,DISPATCHED,14.1,2026-07-08 11:02:19
772,EMG-20260708-0772,INFRASTRUCTURE_FAILURE,HIGH,Location Marker #772,North District,Urgent emergency alert dispatched to response command center.,CLOSED,7.5,2026-07-08 12:02:19
773,EMG-20260708-0773,INFRASTRUCTURE_FAILURE,HIGH,Location Marker #773,South District,Urgent emergency alert dispatched to response command center.,CLOSED,20.8,2026-07-08 13:02:19
774,EMG-20260708-0774,FLOOD,HIGH,Location Marker #774,South District,Urgent emergency alert dispatched to response command center.,ON_SITE,17.7,2026-07-08 14:02:19
775,EMG-20260708-0775,MEDICAL,HIGH,Location Marker #775,North District,Urgent emergency alert dispatched to response command center.,DISPATCHED,15.0,2026-07-08 15:02:19
776,EMG-20260708-0776,FIRE,CRITICAL,Location Marker #776,West District,Urgent emergency alert dispatched to response command center.,DISPATCHED,23.7,2026-07-08 16:02:19
777,EMG-20260708-0777,FIRE,HIGH,Location Marker #777,South District,Urgent emergency alert dispatched to response command center.,RESOLVED,14.0,2026-07-08 17:02:19
778,EMG-20260708-0778,INFRASTRUCTURE_FAILURE,CRITICAL,Location Marker #778,West District,Urgent emergency alert dispatched to response command center.,DISPATCHED,5.8,2026-07-08 18:02:19
779,EMG-20260708-0779,MEDICAL,CRITICAL,Location Marker #779,South District,Urgent emergency alert dispatched to response command center.,ON_SITE,22.9,2026-07-08 19:02:19
780,EMG-20260708-0780,FLOOD,HIGH,Location Marker #780,North District,Urgent emergency alert dispatched to response command center.,RESOLVED,16.7,2026-07-08 20:02:19
781,EMG-20260708-0781,ACCIDENT,HIGH,Location Marker #781,North District,Urgent emergency alert dispatched to response command center.,RESOLVED,16.8,2026-07-08 21:02:19
782,EMG-20260708-0782,ROAD_BLOCKAGE,HIGH,Location Marker #782,East District,Urgent emergency alert dispatched to response command center.,RESOLVED,18.6,2026-07-08 22:02:19
783,EMG-20260708-0783,FLOOD,CRITICAL,Location Marker #783,Central Zone,Urgent emergency alert dispatched to response command center.,CLOSED,18.6,2026-07-08 23:02:19
784,EMG-20260709-0784,MEDICAL,HIGH,Location Marker #784,Central Zone,Urgent emergency alert dispatched to response command center.,DISPATCHED,6.3,2026-07-09 00:02:19
785,EMG-20260709-0785,INFRASTRUCTURE_FAILURE,HIGH,Location Marker #785,East District,Urgent emergency alert dispatched to response command center.,RESOLVED,17.0,2026-07-09 01:02:19
786,EMG-20260709-0786,SECURITY_INCIDENT,HIGH,Location Marker #786,North District,Urgent emergency alert dispatched to response command center.,DISPATCHED,23.5,2026-07-09 02:02:19
787,EMG-20260709-0787,ACCIDENT,CRITICAL,Location Marker #787,North District,Urgent emergency alert dispatched to response command center.,DISPATCHED,14.8,2026-07-09 03:02:19
788,EMG-20260709-0788,SECURITY_INCIDENT,CRITICAL,Location Marker #788,West District,Urgent emergency alert dispatched to response command center.,CLOSED,12.8,2026-07-09 04:02:19
789,EMG-20260709-0789,MEDICAL,HIGH,Location Marker #789,East District,Urgent emergency alert dispatched to response command center.,CLOSED,5.1,2026-07-09 05:02:19
790,EMG-20260709-0790,MEDICAL,CRITICAL,Location Marker #790,Central Zone,Urgent emergency alert dispatched to response command center.,REPORTED,23.1,2026-07-09 06:02:19
791,EMG-20260709-0791,MEDICAL,HIGH,Location Marker #791,North District,Urgent emergency alert dispatched to response command center.,CLOSED,6.8,2026-07-09 07:02:19
792,EMG-20260709-0792,FLOOD,HIGH,Location Marker #792,Central Zone,Urgent emergency alert dispatched to response command center.,DISPATCHED,9.7,2026-07-09 08:02:19
793,EMG-20260709-0793,ACCIDENT,CRITICAL,Location Marker #793,Central Zone,Urgent emergency alert dispatched to response command center.,REPORTED,8.0,2026-07-09 09:02:19
794,EMG-20260709-0794,FLOOD,CRITICAL,Location Marker #794,Central Zone,Urgent emergency alert dispatched to response command center.,ON_SITE,19.3,2026-07-09 10:02:19
795,EMG-20260709-0795,FIRE,CRITICAL,Location Marker #795,Industrial Zone,Urgent emergency alert dispatched to response command center.,REPORTED,14.1,2026-07-09 11:02:19
796,EMG-20260709-0796,FIRE,HIGH,Location Marker #796,West District,Urgent emergency alert dispatched to response command center.,ON_SITE,8.6,2026-07-09 12:02:19
797,EMG-20260709-0797,INFRASTRUCTURE_FAILURE,CRITICAL,Location Marker #797,North District,Urgent emergency alert dispatched to response command center.,ON_SITE,12.4,2026-07-09 13:02:19
798,EMG-20260709-0798,FIRE,CRITICAL,Location Marker #798,Industrial Zone,Urgent emergency alert dispatched to response command center.,RESOLVED,19.0,2026-07-09 14:02:19
799,EMG-20260709-0799,FIRE,HIGH,Location Marker #799,Central Zone,Urgent emergency alert dispatched to response command center.,ON_SITE,16.3,2026-07-09 15:02:19
800,EMG-20260709-0800,ROAD_BLOCKAGE,HIGH,Location Marker #800,South District,Urgent emergency alert dispatched to response command center.,REPORTED,12.0,2026-07-09 16:02:19
801,EMG-20260709-0801,SECURITY_INCIDENT,CRITICAL,Location Marker #801,West District,Urgent emergency alert dispatched to response command center.,CLOSED,22.4,2026-07-09 17:02:19
802,EMG-20260709-0802,ROAD_BLOCKAGE,HIGH,Location Marker #802,East District,Urgent emergency alert dispatched to response command center.,CLOSED,18.1,2026-07-09 18:02:19
803,EMG-20260709-0803,MEDICAL,CRITICAL,Location Marker #803,East District,Urgent emergency alert dispatched to response command center.,ON_SITE,6.6,2026-07-09 19:02:19
804,EMG-20260709-0804,SECURITY_INCIDENT,CRITICAL,Location Marker #804,Central Zone,Urgent emergency alert dispatched to response command center.,ON_SITE,13.4,2026-07-09 20:02:19
805,EMG-20260709-0805,INFRASTRUCTURE_FAILURE,CRITICAL,Location Marker #805,East District,Urgent emergency alert dispatched to response command center.,RESOLVED,5.7,2026-07-09 21:02:19
806,EMG-20260709-0806,SECURITY_INCIDENT,HIGH,Location Marker #806,South District,Urgent emergency alert dispatched to response command center.,DISPATCHED,17.7,2026-07-09 22:02:19
807,EMG-20260709-0807,MEDICAL,HIGH,Location Marker #807,Industrial Zone,Urgent emergency alert dispatched to response command center.,ON_SITE,22.1,2026-07-09 23:02:19
808,EMG-20260710-0808,FIRE,CRITICAL,Location Marker #808,Central Zone,Urgent emergency alert dispatched to response command center.,REPORTED,16.6,2026-07-10 00:02:19
809,EMG-20260710-0809,MEDICAL,HIGH,Location Marker #809,North District,Urgent emergency alert dispatched to response command center.,DISPATCHED,16.2,2026-07-10 01:02:19
810,EMG-20260710-0810,FLOOD,HIGH,Location Marker #810,Central Zone,Urgent emergency alert dispatched to response command center.,CLOSED,13.5,2026-07-10 02:02:19
811,EMG-20260710-0811,MEDICAL,HIGH,Location Marker #811,Central Zone,Urgent emergency alert dispatched to response command center.,ON_SITE,21.5,2026-07-10 03:02:19
812,EMG-20260710-0812,SECURITY_INCIDENT,HIGH,Location Marker #812,North District,Urgent emergency alert dispatched to response command center.,ON_SITE,12.5,2026-07-10 04:02:19
813,EMG-20260710-0813,ACCIDENT,HIGH,Location Marker #813,North District,Urgent emergency alert dispatched to response command center.,CLOSED,18.2,2026-07-10 05:02:19
814,EMG-20260710-0814,SECURITY_INCIDENT,CRITICAL,Location Marker #814,North District,Urgent emergency alert dispatched to response command center.,ON_SITE,17.8,2026-07-10 06:02:19
815,EMG-20260710-0815,INFRASTRUCTURE_FAILURE,CRITICAL,Location Marker #815,Industrial Zone,Urgent emergency alert dispatched to response command center.,CLOSED,22.9,2026-07-10 07:02:19
816,EMG-20260710-0816,ROAD_BLOCKAGE,HIGH,Location Marker #816,Industrial Zone,Urgent emergency alert dispatched to response command center.,REPORTED,19.6,2026-07-10 08:02:19
817,EMG-20260710-0817,MEDICAL,HIGH,Location Marker #817,West District,Urgent emergency alert dispatched to response command center.,REPORTED,15.0,2026-07-10 09:02:19
818,EMG-20260710-0818,SECURITY_INCIDENT,HIGH,Location Marker #818,South District,Urgent emergency alert dispatched to response command center.,DISPATCHED,16.1,2026-07-10 10:02:19
819,EMG-20260710-0819,ACCIDENT,CRITICAL,Location Marker #819,Industrial Zone,Urgent emergency alert dispatched to response command center.,RESOLVED,5.8,2026-07-10 11:02:19
820,EMG-20260710-0820,INFRASTRUCTURE_FAILURE,CRITICAL,Location Marker #820,Industrial Zone,Urgent emergency alert dispatched to response command center.,ON_SITE,18.6,2026-07-10 12:02:19
821,EMG-20260710-0821,FIRE,CRITICAL,Location Marker #821,North District,Urgent emergency alert dispatched to response command center.,DISPATCHED,4.2,2026-07-10 13:02:19
822,EMG-20260710-0822,SECURITY_INCIDENT,CRITICAL,Location Marker #822,Industrial Zone,Urgent emergency alert dispatched to response command center.,REPORTED,12.8,2026-07-10 14:02:19
823,EMG-20260710-0823,FIRE,HIGH,Location Marker #823,Industrial Zone,Urgent emergency alert dispatched to response command center.,DISPATCHED,17.5,2026-07-10 15:02:19
824,EMG-20260710-0824,SECURITY_INCIDENT,HIGH,Location Marker #824,South District,Urgent emergency alert dispatched to response command center.,CLOSED,5.9,2026-07-10 16:02:19
825,EMG-20260710-0825,FIRE,CRITICAL,Location Marker #825,East District,Urgent emergency alert dispatched to response command center.,REPORTED,7.8,2026-07-10 17:02:19
826,EMG-20260710-0826,ACCIDENT,CRITICAL,Location Marker #826,West District,Urgent emergency alert dispatched to response command center.,REPORTED,11.8,2026-07-10 18:02:19
827,EMG-20260710-0827,ROAD_BLOCKAGE,HIGH,Location Marker #827,East District,Urgent emergency alert dispatched to response command center.,REPORTED,22.8,2026-07-10 19:02:19
828,EMG-20260710-0828,SECURITY_INCIDENT,HIGH,Location Marker #828,Industrial Zone,Urgent emergency alert dispatched to response command center.,ON_SITE,11.0,2026-07-10 20:02:19
829,EMG-20260710-0829,SECURITY_INCIDENT,CRITICAL,Location Marker #829,Industrial Zone,Urgent emergency alert dispatched to response command center.,ON_SITE,19.5,2026-07-10 21:02:19
830,EMG-20260710-0830,ROAD_BLOCKAGE,CRITICAL,Location Marker #830,West District,Urgent emergency alert dispatched to response command center.,DISPATCHED,20.7,2026-07-10 22:02:19
831,EMG-20260710-0831,SECURITY_INCIDENT,HIGH,Location Marker #831,Central Zone,Urgent emergency alert dispatched to response command center.,REPORTED,15.8,2026-07-10 23:02:19
832,EMG-20260711-0832,ROAD_BLOCKAGE,CRITICAL,Location Marker #832,Industrial Zone,Urgent emergency alert dispatched to response command center.,CLOSED,10.3,2026-07-11 00:02:19
833,EMG-20260711-0833,INFRASTRUCTURE_FAILURE,HIGH,Location Marker #833,Central Zone,Urgent emergency alert dispatched to response command center.,CLOSED,15.7,2026-07-11 01:02:19
834,EMG-20260711-0834,INFRASTRUCTURE_FAILURE,HIGH,Location Marker #834,Industrial Zone,Urgent emergency alert dispatched to response command center.,ON_SITE,10.3,2026-07-11 02:02:19
835,EMG-20260711-0835,ACCIDENT,CRITICAL,Location Marker #835,West District,Urgent emergency alert dispatched to response command center.,DISPATCHED,4.4,2026-07-11 03:02:19
836,EMG-20260711-0836,ACCIDENT,CRITICAL,Location Marker #836,South District,Urgent emergency alert dispatched to response command center.,REPORTED,24.7,2026-07-11 04:02:19
837,EMG-20260711-0837,SECURITY_INCIDENT,CRITICAL,Location Marker #837,West District,Urgent emergency alert dispatched to response command center.,ON_SITE,13.8,2026-07-11 05:02:19
838,EMG-20260711-0838,INFRASTRUCTURE_FAILURE,CRITICAL,Location Marker #838,South District,Urgent emergency alert dispatched to response command center.,ON_SITE,5.5,2026-07-11 06:02:19
839,EMG-20260711-0839,ACCIDENT,HIGH,Location Marker #839,West District,Urgent emergency alert dispatched to response command center.,REPORTED,23.6,2026-07-11 07:02:19
840,EMG-20260711-0840,FLOOD,HIGH,Location Marker #840,West District,Urgent emergency alert dispatched to response command center.,DISPATCHED,14.5,2026-07-11 08:02:19
841,EMG-20260711-0841,MEDICAL,HIGH,Location Marker #841,West District,Urgent emergency alert dispatched to response command center.,ON_SITE,19.1,2026-07-11 09:02:19
842,EMG-20260711-0842,SECURITY_INCIDENT,HIGH,Location Marker #842,West District,Urgent emergency alert dispatched to response command center.,ON_SITE,5.0,2026-07-11 10:02:19
843,EMG-20260711-0843,MEDICAL,CRITICAL,Location Marker #843,Central Zone,Urgent emergency alert dispatched to response command center.,REPORTED,16.6,2026-07-11 11:02:19
844,EMG-20260711-0844,INFRASTRUCTURE_FAILURE,CRITICAL,Location Marker #844,East District,Urgent emergency alert dispatched to response command center.,ON_SITE,17.8,2026-07-11 12:02:19
845,EMG-20260711-0845,ACCIDENT,CRITICAL,Location Marker #845,Industrial Zone,Urgent emergency alert dispatched to response command center.,REPORTED,19.5,2026-07-11 13:02:19
846,EMG-20260711-0846,MEDICAL,CRITICAL,Location Marker #846,East District,Urgent emergency alert dispatched to response command center.,RESOLVED,17.6,2026-07-11 14:02:19
847,EMG-20260711-0847,ROAD_BLOCKAGE,CRITICAL,Location Marker #847,North District,Urgent emergency alert dispatched to response command center.,ON_SITE,8.1,2026-07-11 15:02:19
848,EMG-20260711-0848,INFRASTRUCTURE_FAILURE,CRITICAL,Location Marker #848,South District,Urgent emergency alert dispatched to response command center.,RESOLVED,7.0,2026-07-11 16:02:19
849,EMG-20260711-0849,SECURITY_INCIDENT,CRITICAL,Location Marker #849,Central Zone,Urgent emergency alert dispatched to response command center.,RESOLVED,15.1,2026-07-11 17:02:19
850,EMG-20260711-0850,MEDICAL,CRITICAL,Location Marker #850,Central Zone,Urgent emergency alert dispatched to response command center.,REPORTED,14.8,2026-07-11 18:02:19
851,EMG-20260711-0851,INFRASTRUCTURE_FAILURE,HIGH,Location Marker #851,Central Zone,Urgent emergency alert dispatched to response command center.,RESOLVED,7.4,2026-07-11 19:02:19
852,EMG-20260711-0852,FIRE,HIGH,Location Marker #852,East District,Urgent emergency alert dispatched to response command center.,CLOSED,18.1,2026-07-11 20:02:19
853,EMG-20260711-0853,ACCIDENT,CRITICAL,Location Marker #853,West District,Urgent emergency alert dispatched to response command center.,DISPATCHED,20.1,2026-07-11 21:02:19
854,EMG-20260711-0854,ROAD_BLOCKAGE,CRITICAL,Location Marker #854,Industrial Zone,Urgent emergency alert dispatched to response command center.,RESOLVED,19.6,2026-07-11 22:02:19
855,EMG-20260711-0855,SECURITY_INCIDENT,HIGH,Location Marker #855,North District,Urgent emergency alert dispatched to response command center.,ON_SITE,13.4,2026-07-11 23:02:19
856,EMG-20260712-0856,FIRE,HIGH,Location Marker #856,West District,Urgent emergency alert dispatched to response command center.,REPORTED,15.4,2026-07-12 00:02:19
857,EMG-20260712-0857,MEDICAL,HIGH,Location Marker #857,Industrial Zone,Urgent emergency alert dispatched to response command center.,ON_SITE,12.1,2026-07-12 01:02:19
858,EMG-20260712-0858,FLOOD,CRITICAL,Location Marker #858,West District,Urgent emergency alert dispatched to response command center.,ON_SITE,9.8,2026-07-12 02:02:19
859,EMG-20260712-0859,FIRE,CRITICAL,Location Marker #859,Industrial Zone,Urgent emergency alert dispatched to response command center.,CLOSED,18.4,2026-07-12 03:02:19
860,EMG-20260712-0860,FIRE,HIGH,Location Marker #860,North District,Urgent emergency alert dispatched to response command center.,ON_SITE,19.0,2026-07-12 04:02:19
861,EMG-20260712-0861,SECURITY_INCIDENT,HIGH,Location Marker #861,North District,Urgent emergency alert dispatched to response command center.,CLOSED,17.4,2026-07-12 05:02:19
862,EMG-20260712-0862,INFRASTRUCTURE_FAILURE,CRITICAL,Location Marker #862,North District,Urgent emergency alert dispatched to response command center.,DISPATCHED,13.4,2026-07-12 06:02:19
863,EMG-20260712-0863,ROAD_BLOCKAGE,CRITICAL,Location Marker #863,Industrial Zone,Urgent emergency alert dispatched to response command center.,RESOLVED,9.1,2026-07-12 07:02:19
864,EMG-20260712-0864,MEDICAL,HIGH,Location Marker #864,Central Zone,Urgent emergency alert dispatched to response command center.,RESOLVED,13.7,2026-07-12 08:02:19
865,EMG-20260712-0865,SECURITY_INCIDENT,HIGH,Location Marker #865,Central Zone,Urgent emergency alert dispatched to response command center.,RESOLVED,4.7,2026-07-12 09:02:19
866,EMG-20260712-0866,SECURITY_INCIDENT,CRITICAL,Location Marker #866,South District,Urgent emergency alert dispatched to response command center.,REPORTED,12.9,2026-07-12 10:02:19
867,EMG-20260712-0867,SECURITY_INCIDENT,CRITICAL,Location Marker #867,Central Zone,Urgent emergency alert dispatched to response command center.,RESOLVED,17.4,2026-07-12 11:02:19
868,EMG-20260712-0868,FIRE,CRITICAL,Location Marker #868,Industrial Zone,Urgent emergency alert dispatched to response command center.,RESOLVED,23.9,2026-07-12 12:02:19
869,EMG-20260712-0869,SECURITY_INCIDENT,CRITICAL,Location Marker #869,Central Zone,Urgent emergency alert dispatched to response command center.,REPORTED,7.2,2026-07-12 13:02:19
870,EMG-20260712-0870,INFRASTRUCTURE_FAILURE,CRITICAL,Location Marker #870,Industrial Zone,Urgent emergency alert dispatched to response command center.,CLOSED,6.6,2026-07-12 14:02:19
871,EMG-20260712-0871,MEDICAL,CRITICAL,Location Marker #871,North District,Urgent emergency alert dispatched to response command center.,CLOSED,4.0,2026-07-12 15:02:19
872,EMG-20260712-0872,SECURITY_INCIDENT,HIGH,Location Marker #872,West District,Urgent emergency alert dispatched to response command center.,DISPATCHED,4.6,2026-07-12 16:02:19
873,EMG-20260712-0873,FLOOD,CRITICAL,Location Marker #873,Industrial Zone,Urgent emergency alert dispatched to response command center.,RESOLVED,21.8,2026-07-12 17:02:19
874,EMG-20260712-0874,SECURITY_INCIDENT,CRITICAL,Location Marker #874,East District,Urgent emergency alert dispatched to response command center.,RESOLVED,15.7,2026-07-12 18:02:19
875,EMG-20260712-0875,ACCIDENT,HIGH,Location Marker #875,Industrial Zone,Urgent emergency alert dispatched to response command center.,DISPATCHED,4.6,2026-07-12 19:02:19
876,EMG-20260712-0876,FIRE,CRITICAL,Location Marker #876,Industrial Zone,Urgent emergency alert dispatched to response command center.,RESOLVED,25.0,2026-07-12 20:02:19
877,EMG-20260712-0877,ACCIDENT,HIGH,Location Marker #877,Industrial Zone,Urgent emergency alert dispatched to response command center.,REPORTED,14.0,2026-07-12 21:02:19
878,EMG-20260712-0878,ACCIDENT,CRITICAL,Location Marker #878,Central Zone,Urgent emergency alert dispatched to response command center.,ON_SITE,24.8,2026-07-12 22:02:19
879,EMG-20260712-0879,FIRE,CRITICAL,Location Marker #879,West District,Urgent emergency alert dispatched to response command center.,DISPATCHED,24.2,2026-07-12 23:02:19
880,EMG-20260713-0880,ACCIDENT,CRITICAL,Location Marker #880,East District,Urgent emergency alert dispatched to response command center.,ON_SITE,20.0,2026-07-13 00:02:19
881,EMG-20260713-0881,ROAD_BLOCKAGE,HIGH,Location Marker #881,East District,Urgent emergency alert dispatched to response command center.,ON_SITE,4.2,2026-07-13 01:02:19
882,EMG-20260713-0882,ROAD_BLOCKAGE,CRITICAL,Location Marker #882,North District,Urgent emergency alert dispatched to response command center.,ON_SITE,17.3,2026-07-13 02:02:19
883,EMG-20260713-0883,FIRE,HIGH,Location Marker #883,North District,Urgent emergency alert dispatched to response command center.,ON_SITE,13.9,2026-07-13 03:02:19
884,EMG-20260713-0884,FIRE,CRITICAL,Location Marker #884,Central Zone,Urgent emergency alert dispatched to response command center.,CLOSED,14.3,2026-07-13 04:02:19
885,EMG-20260713-0885,SECURITY_INCIDENT,HIGH,Location Marker #885,North District,Urgent emergency alert dispatched to response command center.,ON_SITE,14.5,2026-07-13 05:02:19
886,EMG-20260713-0886,FLOOD,CRITICAL,Location Marker #886,South District,Urgent emergency alert dispatched to response command center.,CLOSED,22.5,2026-07-13 06:02:19
887,EMG-20260713-0887,FIRE,CRITICAL,Location Marker #887,Central Zone,Urgent emergency alert dispatched to response command center.,DISPATCHED,18.9,2026-07-13 07:02:19
888,EMG-20260713-0888,FLOOD,HIGH,Location Marker #888,East District,Urgent emergency alert dispatched to response command center.,REPORTED,15.4,2026-07-13 08:02:19
889,EMG-20260713-0889,ACCIDENT,HIGH,Location Marker #889,South District,Urgent emergency alert dispatched to response command center.,REPORTED,23.8,2026-07-13 09:02:19
890,EMG-20260713-0890,FIRE,CRITICAL,Location Marker #890,Central Zone,Urgent emergency alert dispatched to response command center.,RESOLVED,8.8,2026-07-13 10:02:19
891,EMG-20260713-0891,ROAD_BLOCKAGE,HIGH,Location Marker #891,South District,Urgent emergency alert dispatched to response command center.,CLOSED,7.4,2026-07-13 11:02:19
892,EMG-20260713-0892,ACCIDENT,HIGH,Location Marker #892,North District,Urgent emergency alert dispatched to response command center.,RESOLVED,21.8,2026-07-13 12:02:19
893,EMG-20260713-0893,MEDICAL,CRITICAL,Location Marker #893,South District,Urgent emergency alert dispatched to response command center.,ON_SITE,12.0,2026-07-13 13:02:19
894,EMG-20260713-0894,ACCIDENT,CRITICAL,Location Marker #894,South District,Urgent emergency alert dispatched to response command center.,ON_SITE,6.5,2026-07-13 14:02:19
895,EMG-20260713-0895,ACCIDENT,CRITICAL,Location Marker #895,South District,Urgent emergency alert dispatched to response command center.,ON_SITE,12.8,2026-07-13 15:02:19
896,EMG-20260713-0896,SECURITY_INCIDENT,HIGH,Location Marker #896,North District,Urgent emergency alert dispatched to response command center.,ON_SITE,23.7,2026-07-13 16:02:19
897,EMG-20260713-0897,MEDICAL,HIGH,Location Marker #897,East District,Urgent emergency alert dispatched to response command center.,REPORTED,20.8,2026-07-13 17:02:19
898,EMG-20260713-0898,MEDICAL,HIGH,Location Marker #898,South District,Urgent emergency alert dispatched to response command center.,RESOLVED,16.9,2026-07-13 18:02:19
899,EMG-20260713-0899,SECURITY_INCIDENT,CRITICAL,Location Marker #899,South District,Urgent emergency alert dispatched to response command center.,DISPATCHED,17.4,2026-07-13 19:02:19
900,EMG-20260713-0900,FLOOD,HIGH,Location Marker #900,East District,Urgent emergency alert dispatched to response command center.,ON_SITE,5.0,2026-07-13 20:02:19
901,EMG-20260713-0901,ACCIDENT,CRITICAL,Location Marker #901,South District,Urgent emergency alert dispatched to response command center.,REPORTED,21.5,2026-07-13 21:02:19
902,EMG-20260713-0902,FIRE,CRITICAL,Location Marker #902,West District,Urgent emergency alert dispatched to response command center.,RESOLVED,6.4,2026-07-13 22:02:19
903,EMG-20260713-0903,ROAD_BLOCKAGE,CRITICAL,Location Marker #903,Industrial Zone,Urgent emergency alert dispatched to response command center.,REPORTED,22.3,2026-07-13 23:02:19
904,EMG-20260714-0904,FIRE,CRITICAL,Location Marker #904,West District,Urgent emergency alert dispatched to response command center.,DISPATCHED,16.8,2026-07-14 00:02:19
905,EMG-20260714-0905,INFRASTRUCTURE_FAILURE,HIGH,Location Marker #905,West District,Urgent emergency alert dispatched to response command center.,REPORTED,19.8,2026-07-14 01:02:19
906,EMG-20260714-0906,SECURITY_INCIDENT,CRITICAL,Location Marker #906,East District,Urgent emergency alert dispatched to response command center.,DISPATCHED,7.3,2026-07-14 02:02:19
907,EMG-20260714-0907,INFRASTRUCTURE_FAILURE,HIGH,Location Marker #907,East District,Urgent emergency alert dispatched to response command center.,REPORTED,21.9,2026-07-14 03:02:19
908,EMG-20260714-0908,SECURITY_INCIDENT,CRITICAL,Location Marker #908,North District,Urgent emergency alert dispatched to response command center.,CLOSED,13.4,2026-07-14 04:02:19
909,EMG-20260714-0909,FIRE,HIGH,Location Marker #909,Central Zone,Urgent emergency alert dispatched to response command center.,DISPATCHED,21.8,2026-07-14 05:02:19
910,EMG-20260714-0910,INFRASTRUCTURE_FAILURE,HIGH,Location Marker #910,North District,Urgent emergency alert dispatched to response command center.,REPORTED,18.2,2026-07-14 06:02:19
911,EMG-20260714-0911,FLOOD,HIGH,Location Marker #911,Central Zone,Urgent emergency alert dispatched to response command center.,DISPATCHED,5.4,2026-07-14 07:02:19
912,EMG-20260714-0912,INFRASTRUCTURE_FAILURE,HIGH,Location Marker #912,Central Zone,Urgent emergency alert dispatched to response command center.,DISPATCHED,15.7,2026-07-14 08:02:19
913,EMG-20260714-0913,ROAD_BLOCKAGE,HIGH,Location Marker #913,Central Zone,Urgent emergency alert dispatched to response command center.,RESOLVED,7.9,2026-07-14 09:02:19
914,EMG-20260714-0914,FLOOD,CRITICAL,Location Marker #914,South District,Urgent emergency alert dispatched to response command center.,DISPATCHED,12.6,2026-07-14 10:02:19
915,EMG-20260714-0915,ROAD_BLOCKAGE,CRITICAL,Location Marker #915,Industrial Zone,Urgent emergency alert dispatched to response command center.,REPORTED,17.2,2026-07-14 11:02:19
916,EMG-20260714-0916,INFRASTRUCTURE_FAILURE,HIGH,Location Marker #916,West District,Urgent emergency alert dispatched to response command center.,DISPATCHED,16.1,2026-07-14 12:02:19
917,EMG-20260714-0917,FIRE,CRITICAL,Location Marker #917,West District,Urgent emergency alert dispatched to response command center.,DISPATCHED,22.2,2026-07-14 13:02:19
918,EMG-20260714-0918,INFRASTRUCTURE_FAILURE,HIGH,Location Marker #918,Industrial Zone,Urgent emergency alert dispatched to response command center.,ON_SITE,17.3,2026-07-14 14:02:19
919,EMG-20260714-0919,SECURITY_INCIDENT,CRITICAL,Location Marker #919,Central Zone,Urgent emergency alert dispatched to response command center.,CLOSED,9.1,2026-07-14 15:02:19
920,EMG-20260714-0920,SECURITY_INCIDENT,HIGH,Location Marker #920,East District,Urgent emergency alert dispatched to response command center.,ON_SITE,24.1,2026-07-14 16:02:19
921,EMG-20260714-0921,FLOOD,CRITICAL,Location Marker #921,East District,Urgent emergency alert dispatched to response command center.,DISPATCHED,7.6,2026-07-14 17:02:19
922,EMG-20260714-0922,SECURITY_INCIDENT,CRITICAL,Location Marker #922,North District,Urgent emergency alert dispatched to response command center.,CLOSED,15.6,2026-07-14 18:02:19
923,EMG-20260714-0923,ROAD_BLOCKAGE,HIGH,Location Marker #923,North District,Urgent emergency alert dispatched to response command center.,DISPATCHED,6.5,2026-07-14 19:02:19
924,EMG-20260714-0924,MEDICAL,HIGH,Location Marker #924,South District,Urgent emergency alert dispatched to response command center.,ON_SITE,8.0,2026-07-14 20:02:19
925,EMG-20260714-0925,ROAD_BLOCKAGE,HIGH,Location Marker #925,South District,Urgent emergency alert dispatched to response command center.,DISPATCHED,10.4,2026-07-14 21:02:19
926,EMG-20260714-0926,MEDICAL,CRITICAL,Location Marker #926,West District,Urgent emergency alert dispatched to response command center.,ON_SITE,17.4,2026-07-14 22:02:19
927,EMG-20260714-0927,FLOOD,CRITICAL,Location Marker #927,East District,Urgent emergency alert dispatched to response command center.,REPORTED,19.0,2026-07-14 23:02:19
928,EMG-20260715-0928,SECURITY_INCIDENT,CRITICAL,Location Marker #928,West District,Urgent emergency alert dispatched to response command center.,REPORTED,4.3,2026-07-15 00:02:19
929,EMG-20260715-0929,MEDICAL,HIGH,Location Marker #929,East District,Urgent emergency alert dispatched to response command center.,ON_SITE,19.4,2026-07-15 01:02:19
930,EMG-20260715-0930,FLOOD,HIGH,Location Marker #930,North District,Urgent emergency alert dispatched to response command center.,ON_SITE,19.4,2026-07-15 02:02:19
931,EMG-20260715-0931,SECURITY_INCIDENT,CRITICAL,Location Marker #931,East District,Urgent emergency alert dispatched to response command center.,RESOLVED,24.5,2026-07-15 03:02:19
932,EMG-20260715-0932,FIRE,CRITICAL,Location Marker #932,Central Zone,Urgent emergency alert dispatched to response command center.,ON_SITE,9.4,2026-07-15 04:02:19
933,EMG-20260715-0933,FIRE,HIGH,Location Marker #933,South District,Urgent emergency alert dispatched to response command center.,DISPATCHED,10.6,2026-07-15 05:02:19
934,EMG-20260715-0934,ROAD_BLOCKAGE,CRITICAL,Location Marker #934,South District,Urgent emergency alert dispatched to response command center.,REPORTED,12.8,2026-07-15 06:02:19
935,EMG-20260715-0935,ROAD_BLOCKAGE,CRITICAL,Location Marker #935,West District,Urgent emergency alert dispatched to response command center.,RESOLVED,22.1,2026-07-15 07:02:19
936,EMG-20260715-0936,INFRASTRUCTURE_FAILURE,HIGH,Location Marker #936,West District,Urgent emergency alert dispatched to response command center.,DISPATCHED,15.9,2026-07-15 08:02:19
937,EMG-20260715-0937,FLOOD,HIGH,Location Marker #937,West District,Urgent emergency alert dispatched to response command center.,RESOLVED,11.4,2026-07-15 09:02:19
938,EMG-20260715-0938,ROAD_BLOCKAGE,CRITICAL,Location Marker #938,Central Zone,Urgent emergency alert dispatched to response command center.,DISPATCHED,7.8,2026-07-15 10:02:19
939,EMG-20260715-0939,ACCIDENT,HIGH,Location Marker #939,East District,Urgent emergency alert dispatched to response command center.,DISPATCHED,14.9,2026-07-15 11:02:19
940,EMG-20260715-0940,SECURITY_INCIDENT,CRITICAL,Location Marker #940,North District,Urgent emergency alert dispatched to response command center.,REPORTED,21.3,2026-07-15 12:02:19
941,EMG-20260715-0941,FLOOD,CRITICAL,Location Marker #941,East District,Urgent emergency alert dispatched to response command center.,ON_SITE,14.6,2026-07-15 13:02:19
942,EMG-20260715-0942,ROAD_BLOCKAGE,HIGH,Location Marker #942,South District,Urgent emergency alert dispatched to response command center.,CLOSED,20.2,2026-07-15 14:02:19
943,EMG-20260715-0943,FLOOD,HIGH,Location Marker #943,West District,Urgent emergency alert dispatched to response command center.,CLOSED,21.9,2026-07-15 15:02:19
944,EMG-20260715-0944,ROAD_BLOCKAGE,CRITICAL,Location Marker #944,Industrial Zone,Urgent emergency alert dispatched to response command center.,RESOLVED,8.0,2026-07-15 16:02:19
945,EMG-20260715-0945,MEDICAL,CRITICAL,Location Marker #945,East District,Urgent emergency alert dispatched to response command center.,ON_SITE,8.7,2026-07-15 17:02:19
946,EMG-20260715-0946,ACCIDENT,HIGH,Location Marker #946,East District,Urgent emergency alert dispatched to response command center.,DISPATCHED,21.2,2026-07-15 18:02:19
947,EMG-20260715-0947,ROAD_BLOCKAGE,CRITICAL,Location Marker #947,North District,Urgent emergency alert dispatched to response command center.,REPORTED,4.7,2026-07-15 19:02:19
948,EMG-20260715-0948,SECURITY_INCIDENT,CRITICAL,Location Marker #948,Central Zone,Urgent emergency alert dispatched to response command center.,ON_SITE,24.3,2026-07-15 20:02:19
949,EMG-20260715-0949,ROAD_BLOCKAGE,CRITICAL,Location Marker #949,West District,Urgent emergency alert dispatched to response command center.,RESOLVED,5.0,2026-07-15 21:02:19
950,EMG-20260715-0950,FLOOD,HIGH,Location Marker #950,Central Zone,Urgent emergency alert dispatched to response command center.,REPORTED,18.5,2026-07-15 22:02:19
951,EMG-20260715-0951,FIRE,CRITICAL,Location Marker #951,North District,Urgent emergency alert dispatched to response command center.,CLOSED,7.9,2026-07-15 23:02:19
952,EMG-20260716-0952,FLOOD,CRITICAL,Location Marker #952,East District,Urgent emergency alert dispatched to response command center.,DISPATCHED,22.0,2026-07-16 00:02:19
953,EMG-20260716-0953,FLOOD,CRITICAL,Location Marker #953,Industrial Zone,Urgent emergency alert dispatched to response command center.,RESOLVED,20.2,2026-07-16 01:02:19
954,EMG-20260716-0954,FLOOD,CRITICAL,Location Marker #954,Industrial Zone,Urgent emergency alert dispatched to response command center.,ON_SITE,4.7,2026-07-16 02:02:19
955,EMG-20260716-0955,ACCIDENT,CRITICAL,Location Marker #955,Industrial Zone,Urgent emergency alert dispatched to response command center.,ON_SITE,17.8,2026-07-16 03:02:19
956,EMG-20260716-0956,MEDICAL,CRITICAL,Location Marker #956,East District,Urgent emergency alert dispatched to response command center.,CLOSED,24.4,2026-07-16 04:02:19
957,EMG-20260716-0957,FLOOD,HIGH,Location Marker #957,Industrial Zone,Urgent emergency alert dispatched to response command center.,ON_SITE,7.3,2026-07-16 05:02:19
958,EMG-20260716-0958,ROAD_BLOCKAGE,HIGH,Location Marker #958,South District,Urgent emergency alert dispatched to response command center.,ON_SITE,12.6,2026-07-16 06:02:19
959,EMG-20260716-0959,FIRE,HIGH,Location Marker #959,North District,Urgent emergency alert dispatched to response command center.,REPORTED,23.8,2026-07-16 07:02:19
960,EMG-20260716-0960,FLOOD,CRITICAL,Location Marker #960,North District,Urgent emergency alert dispatched to response command center.,ON_SITE,17.0,2026-07-16 08:02:19
961,EMG-20260716-0961,SECURITY_INCIDENT,CRITICAL,Location Marker #961,Industrial Zone,Urgent emergency alert dispatched to response command center.,DISPATCHED,17.4,2026-07-16 09:02:19
962,EMG-20260716-0962,ACCIDENT,CRITICAL,Location Marker #962,West District,Urgent emergency alert dispatched to response command center.,RESOLVED,17.8,2026-07-16 10:02:19
963,EMG-20260716-0963,ACCIDENT,CRITICAL,Location Marker #963,Central Zone,Urgent emergency alert dispatched to response command center.,RESOLVED,15.4,2026-07-16 11:02:19
964,EMG-20260716-0964,MEDICAL,HIGH,Location Marker #964,East District,Urgent emergency alert dispatched to response command center.,RESOLVED,21.3,2026-07-16 12:02:19
965,EMG-20260716-0965,ROAD_BLOCKAGE,CRITICAL,Location Marker #965,South District,Urgent emergency alert dispatched to response command center.,CLOSED,23.5,2026-07-16 13:02:19
966,EMG-20260716-0966,FLOOD,HIGH,Location Marker #966,South District,Urgent emergency alert dispatched to response command center.,ON_SITE,22.9,2026-07-16 14:02:19
967,EMG-20260716-0967,MEDICAL,CRITICAL,Location Marker #967,West District,Urgent emergency alert dispatched to response command center.,RESOLVED,19.6,2026-07-16 15:02:19
968,EMG-20260716-0968,SECURITY_INCIDENT,HIGH,Location Marker #968,Central Zone,Urgent emergency alert dispatched to response command center.,REPORTED,24.5,2026-07-16 16:02:19
969,EMG-20260716-0969,MEDICAL,HIGH,Location Marker #969,Industrial Zone,Urgent emergency alert dispatched to response command center.,REPORTED,21.1,2026-07-16 17:02:19
970,EMG-20260716-0970,MEDICAL,CRITICAL,Location Marker #970,East District,Urgent emergency alert dispatched to response command center.,RESOLVED,16.2,2026-07-16 18:02:19
971,EMG-20260716-0971,FIRE,HIGH,Location Marker #971,West District,Urgent emergency alert dispatched to response command center.,DISPATCHED,17.7,2026-07-16 19:02:19
972,EMG-20260716-0972,ACCIDENT,CRITICAL,Location Marker #972,East District,Urgent emergency alert dispatched to response command center.,RESOLVED,21.4,2026-07-16 20:02:19
973,EMG-20260716-0973,ROAD_BLOCKAGE,CRITICAL,Location Marker #973,Central Zone,Urgent emergency alert dispatched to response command center.,ON_SITE,15.9,2026-07-16 21:02:19
974,EMG-20260716-0974,MEDICAL,CRITICAL,Location Marker #974,North District,Urgent emergency alert dispatched to response command center.,DISPATCHED,13.8,2026-07-16 22:02:19
975,EMG-20260716-0975,FIRE,CRITICAL,Location Marker #975,West District,Urgent emergency alert dispatched to response command center.,REPORTED,10.0,2026-07-16 23:02:19
976,EMG-20260717-0976,ROAD_BLOCKAGE,CRITICAL,Location Marker #976,West District,Urgent emergency alert dispatched to response command center.,CLOSED,13.5,2026-07-17 00:02:19
977,EMG-20260717-0977,ACCIDENT,CRITICAL,Location Marker #977,Central Zone,Urgent emergency alert dispatched to response command center.,CLOSED,12.2,2026-07-17 01:02:19
978,EMG-20260717-0978,SECURITY_INCIDENT,HIGH,Location Marker #978,South District,Urgent emergency alert dispatched to response command center.,RESOLVED,10.0,2026-07-17 02:02:19
979,EMG-20260717-0979,MEDICAL,HIGH,Location Marker #979,Industrial Zone,Urgent emergency alert dispatched to response command center.,ON_SITE,15.4,2026-07-17 03:02:19
980,EMG-20260717-0980,MEDICAL,HIGH,Location Marker #980,East District,Urgent emergency alert dispatched to response command center.,CLOSED,20.4,2026-07-17 04:02:19
981,EMG-20260717-0981,MEDICAL,HIGH,Location Marker #981,North District,Urgent emergency alert dispatched to response command center.,DISPATCHED,14.6,2026-07-17 05:02:19
982,EMG-20260717-0982,INFRASTRUCTURE_FAILURE,CRITICAL,Location Marker #982,South District,Urgent emergency alert dispatched to response command center.,ON_SITE,15.0,2026-07-17 06:02:19
983,EMG-20260717-0983,FLOOD,CRITICAL,Location Marker #983,Industrial Zone,Urgent emergency alert dispatched to response command center.,CLOSED,19.2,2026-07-17 07:02:19
984,EMG-20260717-0984,MEDICAL,CRITICAL,Location Marker #984,North District,Urgent emergency alert dispatched to response command center.,RESOLVED,21.0,2026-07-17 08:02:19
985,EMG-20260717-0985,INFRASTRUCTURE_FAILURE,CRITICAL,Location Marker #985,Central Zone,Urgent emergency alert dispatched to response command center.,REPORTED,13.1,2026-07-17 09:02:19
986,EMG-20260717-0986,MEDICAL,CRITICAL,Location Marker #986,North District,Urgent emergency alert dispatched to response command center.,RESOLVED,11.7,2026-07-17 10:02:19
987,EMG-20260717-0987,SECURITY_INCIDENT,HIGH,Location Marker #987,South District,Urgent emergency alert dispatched to response command center.,DISPATCHED,4.3,2026-07-17 11:02:19
988,EMG-20260717-0988,SECURITY_INCIDENT,CRITICAL,Location Marker #988,South District,Urgent emergency alert dispatched to response command center.,ON_SITE,9.0,2026-07-17 12:02:19
989,EMG-20260717-0989,ROAD_BLOCKAGE,CRITICAL,Location Marker #989,North District,Urgent emergency alert dispatched to response command center.,CLOSED,15.2,2026-07-17 13:02:19
990,EMG-20260717-0990,INFRASTRUCTURE_FAILURE,HIGH,Location Marker #990,South District,Urgent emergency alert dispatched to response command center.,RESOLVED,19.3,2026-07-17 14:02:19
991,EMG-20260717-0991,INFRASTRUCTURE_FAILURE,CRITICAL,Location Marker #991,North District,Urgent emergency alert dispatched to response command center.,ON_SITE,14.9,2026-07-17 15:02:19
992,EMG-20260717-0992,MEDICAL,HIGH,Location Marker #992,West District,Urgent emergency alert dispatched to response command center.,ON_SITE,22.3,2026-07-17 16:02:19
993,EMG-20260717-0993,ROAD_BLOCKAGE,CRITICAL,Location Marker #993,East District,Urgent emergency alert dispatched to response command center.,DISPATCHED,20.9,2026-07-17 17:02:19
994,EMG-20260717-0994,FLOOD,CRITICAL,Location Marker #994,Central Zone,Urgent emergency alert dispatched to response command center.,DISPATCHED,20.5,2026-07-17 18:02:19
995,EMG-20260717-0995,FLOOD,HIGH,Location Marker #995,East District,Urgent emergency alert dispatched to response command center.,ON_SITE,6.3,2026-07-17 19:02:19
996,EMG-20260717-0996,MEDICAL,CRITICAL,Location Marker #996,South District,Urgent emergency alert dispatched to response command center.,ON_SITE,24.1,2026-07-17 20:02:19
997,EMG-20260717-0997,INFRASTRUCTURE_FAILURE,HIGH,Location Marker #997,East District,Urgent emergency alert dispatched to response command center.,REPORTED,17.2,2026-07-17 21:02:19
998,EMG-20260717-0998,FIRE,HIGH,Location Marker #998,West District,Urgent emergency alert dispatched to response command center.,CLOSED,12.9,2026-07-17 22:02:19
999,EMG-20260717-0999,FLOOD,HIGH,Location Marker #999,East District,Urgent emergency alert dispatched to response command center.,CLOSED,9.0,2026-07-17 23:02:19
1000,EMG-20260718-1000,INFRASTRUCTURE_FAILURE,HIGH,Location Marker #1000,Industrial Zone,Urgent emergency alert dispatched to response command center.,CLOSED,22.1,2026-07-18 00:02:19
1001,EMG-20260718-1001,FLOOD,HIGH,Location Marker #1001,East District,Urgent emergency alert dispatched to response command center.,RESOLVED,6.8,2026-07-18 01:02:19
1002,EMG-20260718-1002,SECURITY_INCIDENT,HIGH,Location Marker #1002,Industrial Zone,Urgent emergency alert dispatched to response command center.,REPORTED,22.9,2026-07-18 02:02:19
1003,EMG-20260718-1003,ACCIDENT,HIGH,Location Marker #1003,East District,Urgent emergency alert dispatched to response command center.,REPORTED,13.7,2026-07-18 03:02:19
1004,EMG-20260718-1004,INFRASTRUCTURE_FAILURE,CRITICAL,Location Marker #1004,South District,Urgent emergency alert dispatched to response command center.,REPORTED,18.4,2026-07-18 04:02:19
1005,EMG-20260718-1005,FLOOD,CRITICAL,Location Marker #1005,Industrial Zone,Urgent emergency alert dispatched to response command center.,CLOSED,6.7,2026-07-18 05:02:19
1006,EMG-20260718-1006,FLOOD,CRITICAL,Location Marker #1006,Central Zone,Urgent emergency alert dispatched to response command center.,DISPATCHED,20.5,2026-07-18 06:02:19
1007,EMG-20260718-1007,SECURITY_INCIDENT,CRITICAL,Location Marker #1007,North District,Urgent emergency alert dispatched to response command center.,RESOLVED,15.8,2026-07-18 07:02:19
1008,EMG-20260718-1008,INFRASTRUCTURE_FAILURE,HIGH,Location Marker #1008,West District,Urgent emergency alert dispatched to response command center.,ON_SITE,13.1,2026-07-18 08:02:19
1009,EMG-20260718-1009,FIRE,CRITICAL,Location Marker #1009,Industrial Zone,Urgent emergency alert dispatched to response command center.,CLOSED,10.5,2026-07-18 09:02:19
1010,EMG-20260718-1010,ACCIDENT,CRITICAL,Location Marker #1010,East District,Urgent emergency alert dispatched to response command center.,REPORTED,14.6,2026-07-18 10:02:19
1011,EMG-20260718-1011,FIRE,CRITICAL,Location Marker #1011,East District,Urgent emergency alert dispatched to response command center.,RESOLVED,15.3,2026-07-18 11:02:19
1012,EMG-20260718-1012,FIRE,CRITICAL,Location Marker #1012,Industrial Zone,Urgent emergency alert dispatched to response command center.,CLOSED,8.2,2026-07-18 12:02:19
1013,EMG-20260718-1013,MEDICAL,HIGH,Location Marker #1013,Industrial Zone,Urgent emergency alert dispatched to response command center.,CLOSED,16.6,2026-07-18 13:02:19
1014,EMG-20260718-1014,INFRASTRUCTURE_FAILURE,CRITICAL,Location Marker #1014,South District,Urgent emergency alert dispatched to response command center.,REPORTED,16.3,2026-07-18 14:02:19
1015,EMG-20260718-1015,ACCIDENT,CRITICAL,Location Marker #1015,South District,Urgent emergency alert dispatched to response command center.,CLOSED,10.9,2026-07-18 15:02:19
1016,EMG-20260718-1016,FLOOD,HIGH,Location Marker #1016,Industrial Zone,Urgent emergency alert dispatched to response command center.,CLOSED,4.8,2026-07-18 16:02:19
1017,EMG-20260718-1017,MEDICAL,CRITICAL,Location Marker #1017,Industrial Zone,Urgent emergency alert dispatched to response command center.,REPORTED,16.2,2026-07-18 17:02:19
1018,EMG-20260718-1018,FLOOD,HIGH,Location Marker #1018,East District,Urgent emergency alert dispatched to response command center.,REPORTED,4.4,2026-07-18 18:02:19
1019,EMG-20260718-1019,INFRASTRUCTURE_FAILURE,CRITICAL,Location Marker #1019,Industrial Zone,Urgent emergency alert dispatched to response command center.,REPORTED,13.0,2026-07-18 19:02:19
1020,EMG-20260718-1020,FLOOD,CRITICAL,Location Marker #1020,Central Zone,Urgent emergency alert dispatched to response command center.,REPORTED,5.8,2026-07-18 20:02:19
1021,EMG-20260718-1021,FIRE,HIGH,Location Marker #1021,Industrial Zone,Urgent emergency alert dispatched to response command center.,RESOLVED,17.3,2026-07-18 21:02:19
1022,EMG-20260718-1022,MEDICAL,CRITICAL,Location Marker #1022,South District,Urgent emergency alert dispatched to response command center.,DISPATCHED,14.9,2026-07-18 22:02:19
1023,EMG-20260718-1023,INFRASTRUCTURE_FAILURE,CRITICAL,Location Marker #1023,West District,Urgent emergency alert dispatched to response command center.,CLOSED,17.0,2026-07-18 23:02:19
1024,EMG-20260719-1024,FLOOD,CRITICAL,Location Marker #1024,East District,Urgent emergency alert dispatched to response command center.,CLOSED,6.1,2026-07-19 00:02:19
1025,EMG-20260719-1025,SECURITY_INCIDENT,CRITICAL,Location Marker #1025,North District,Urgent emergency alert dispatched to response command center.,ON_SITE,8.3,2026-07-19 01:02:19
1026,EMG-20260719-1026,MEDICAL,HIGH,Location Marker #1026,North District,Urgent emergency alert dispatched to response command center.,ON_SITE,9.1,2026-07-19 02:02:19
1027,EMG-20260719-1027,FLOOD,HIGH,Location Marker #1027,Industrial Zone,Urgent emergency alert dispatched to response command center.,ON_SITE,14.9,2026-07-19 03:02:19
1028,EMG-20260719-1028,SECURITY_INCIDENT,CRITICAL,Location Marker #1028,Central Zone,Urgent emergency alert dispatched to response command center.,DISPATCHED,22.0,2026-07-19 04:02:19
1029,EMG-20260719-1029,FLOOD,HIGH,Location Marker #1029,West District,Urgent emergency alert dispatched to response command center.,DISPATCHED,11.4,2026-07-19 05:02:19
1030,EMG-20260719-1030,INFRASTRUCTURE_FAILURE,CRITICAL,Location Marker #1030,South District,Urgent emergency alert dispatched to response command center.,ON_SITE,21.9,2026-07-19 06:02:19
1031,EMG-20260719-1031,MEDICAL,HIGH,Location Marker #1031,East District,Urgent emergency alert dispatched to response command center.,CLOSED,21.0,2026-07-19 07:02:19
1032,EMG-20260719-1032,ROAD_BLOCKAGE,CRITICAL,Location Marker #1032,Central Zone,Urgent emergency alert dispatched to response command center.,REPORTED,20.6,2026-07-19 08:02:19
1033,EMG-20260719-1033,ROAD_BLOCKAGE,CRITICAL,Location Marker #1033,East District,Urgent emergency alert dispatched to response command center.,CLOSED,19.0,2026-07-19 09:02:19
1034,EMG-20260719-1034,MEDICAL,HIGH,Location Marker #1034,East District,Urgent emergency alert dispatched to response command center.,DISPATCHED,7.9,2026-07-19 10:02:19
1035,EMG-20260719-1035,ROAD_BLOCKAGE,HIGH,Location Marker #1035,South District,Urgent emergency alert dispatched to response command center.,RESOLVED,12.9,2026-07-19 11:02:19
1036,EMG-20260719-1036,MEDICAL,HIGH,Location Marker #1036,North District,Urgent emergency alert dispatched to response command center.,REPORTED,21.8,2026-07-19 12:02:19
1037,EMG-20260719-1037,FLOOD,HIGH,Location Marker #1037,West District,Urgent emergency alert dispatched to response command center.,CLOSED,14.3,2026-07-19 13:02:19
1038,EMG-20260719-1038,SECURITY_INCIDENT,CRITICAL,Location Marker #1038,West District,Urgent emergency alert dispatched to response command center.,CLOSED,5.3,2026-07-19 14:02:19
1039,EMG-20260719-1039,MEDICAL,HIGH,Location Marker #1039,Central Zone,Urgent emergency alert dispatched to response command center.,CLOSED,10.4,2026-07-19 15:02:19
1040,EMG-20260719-1040,INFRASTRUCTURE_FAILURE,HIGH,Location Marker #1040,West District,Urgent emergency alert dispatched to response command center.,REPORTED,20.3,2026-07-19 16:02:19
1041,EMG-20260719-1041,FIRE,CRITICAL,Location Marker #1041,North District,Urgent emergency alert dispatched to response command center.,RESOLVED,18.1,2026-07-19 17:02:19
1042,EMG-20260719-1042,FIRE,CRITICAL,Location Marker #1042,West District,Urgent emergency alert dispatched to response command center.,DISPATCHED,13.3,2026-07-19 18:02:19
1043,EMG-20260719-1043,MEDICAL,CRITICAL,Location Marker #1043,Central Zone,Urgent emergency alert dispatched to response command center.,REPORTED,6.2,2026-07-19 19:02:19
1044,EMG-20260719-1044,ROAD_BLOCKAGE,CRITICAL,Location Marker #1044,East District,Urgent emergency alert dispatched to response command center.,ON_SITE,23.8,2026-07-19 20:02:19
1045,EMG-20260719-1045,ACCIDENT,CRITICAL,Location Marker #1045,West District,Urgent emergency alert dispatched to response command center.,REPORTED,13.6,2026-07-19 21:02:19
1046,EMG-20260719-1046,INFRASTRUCTURE_FAILURE,CRITICAL,Location Marker #1046,North District,Urgent emergency alert dispatched to response command center.,RESOLVED,6.8,2026-07-19 22:02:19
1047,EMG-20260719-1047,ACCIDENT,CRITICAL,Location Marker #1047,West District,Urgent emergency alert dispatched to response command center.,ON_SITE,12.8,2026-07-19 23:02:19
1048,EMG-20260720-1048,MEDICAL,HIGH,Location Marker #1048,Industrial Zone,Urgent emergency alert dispatched to response command center.,DISPATCHED,14.6,2026-07-20 00:02:19
1049,EMG-20260720-1049,ROAD_BLOCKAGE,HIGH,Location Marker #1049,Central Zone,Urgent emergency alert dispatched to response command center.,ON_SITE,12.5,2026-07-20 01:02:19
1050,EMG-20260720-1050,MEDICAL,HIGH,Location Marker #1050,North District,Urgent emergency alert dispatched to response command center.,REPORTED,20.6,2026-07-20 02:02:19
1051,EMG-20260720-1051,INFRASTRUCTURE_FAILURE,HIGH,Location Marker #1051,East District,Urgent emergency alert dispatched to response command center.,REPORTED,16.9,2026-07-20 03:02:19
1052,EMG-20260720-1052,ROAD_BLOCKAGE,HIGH,Location Marker #1052,Industrial Zone,Urgent emergency alert dispatched to response command center.,RESOLVED,23.8,2026-07-20 04:02:19
1053,EMG-20260720-1053,ROAD_BLOCKAGE,CRITICAL,Location Marker #1053,Industrial Zone,Urgent emergency alert dispatched to response command center.,CLOSED,22.0,2026-07-20 05:02:19
1054,EMG-20260720-1054,FIRE,HIGH,Location Marker #1054,North District,Urgent emergency alert dispatched to response command center.,RESOLVED,8.9,2026-07-20 06:02:19
1055,EMG-20260720-1055,MEDICAL,CRITICAL,Location Marker #1055,West District,Urgent emergency alert dispatched to response command center.,RESOLVED,13.1,2026-07-20 07:02:19
1056,EMG-20260720-1056,ROAD_BLOCKAGE,HIGH,Location Marker #1056,Central Zone,Urgent emergency alert dispatched to response command center.,REPORTED,18.7,2026-07-20 08:02:19
1057,EMG-20260720-1057,ACCIDENT,CRITICAL,Location Marker #1057,Industrial Zone,Urgent emergency alert dispatched to response command center.,CLOSED,9.7,2026-07-20 09:02:19
1058,EMG-20260720-1058,INFRASTRUCTURE_FAILURE,CRITICAL,Location Marker #1058,North District,Urgent emergency alert dispatched to response command center.,REPORTED,18.3,2026-07-20 10:02:19
1059,EMG-20260720-1059,FIRE,HIGH,Location Marker #1059,East District,Urgent emergency alert dispatched to response command center.,ON_SITE,15.0,2026-07-20 11:02:19
1060,EMG-20260720-1060,MEDICAL,HIGH,Location Marker #1060,West District,Urgent emergency alert dispatched to response command center.,CLOSED,18.9,2026-07-20 12:02:19
1061,EMG-20260720-1061,SECURITY_INCIDENT,CRITICAL,Location Marker #1061,West District,Urgent emergency alert dispatched to response command center.,REPORTED,12.0,2026-07-20 13:02:19
1062,EMG-20260720-1062,FIRE,CRITICAL,Location Marker #1062,South District,Urgent emergency alert dispatched to response command center.,RESOLVED,24.7,2026-07-20 14:02:19
1063,EMG-20260720-1063,MEDICAL,CRITICAL,Location Marker #1063,Industrial Zone,Urgent emergency alert dispatched to response command center.,REPORTED,22.2,2026-07-20 15:02:19
1064,EMG-20260720-1064,MEDICAL,HIGH,Location Marker #1064,East District,Urgent emergency alert dispatched to response command center.,ON_SITE,5.7,2026-07-20 16:02:19
1065,EMG-20260720-1065,FIRE,CRITICAL,Location Marker #1065,Central Zone,Urgent emergency alert dispatched to response command center.,ON_SITE,23.8,2026-07-20 17:02:19
1066,EMG-20260720-1066,MEDICAL,HIGH,Location Marker #1066,South District,Urgent emergency alert dispatched to response command center.,ON_SITE,17.3,2026-07-20 18:02:19
1067,EMG-20260720-1067,MEDICAL,HIGH,Location Marker #1067,Industrial Zone,Urgent emergency alert dispatched to response command center.,REPORTED,21.8,2026-07-20 19:02:19
1068,EMG-20260720-1068,ROAD_BLOCKAGE,CRITICAL,Location Marker #1068,North District,Urgent emergency alert dispatched to response command center.,CLOSED,15.2,2026-07-20 20:02:19
1069,EMG-20260720-1069,FLOOD,HIGH,Location Marker #1069,South District,Urgent emergency alert dispatched to response command center.,REPORTED,24.5,2026-07-20 21:02:19
1070,EMG-20260720-1070,SECURITY_INCIDENT,CRITICAL,Location Marker #1070,West District,Urgent emergency alert dispatched to response command center.,REPORTED,17.6,2026-07-20 22:02:19
1071,EMG-20260720-1071,FLOOD,CRITICAL,Location Marker #1071,East District,Urgent emergency alert dispatched to response command center.,REPORTED,12.7,2026-07-20 23:02:19
1072,EMG-20260721-1072,ROAD_BLOCKAGE,HIGH,Location Marker #1072,Industrial Zone,Urgent emergency alert dispatched to response command center.,REPORTED,9.9,2026-07-21 00:02:19
1073,EMG-20260721-1073,INFRASTRUCTURE_FAILURE,HIGH,Location Marker #1073,Industrial Zone,Urgent emergency alert dispatched to response command center.,REPORTED,11.0,2026-07-21 01:02:19
1074,EMG-20260721-1074,ACCIDENT,HIGH,Location Marker #1074,East District,Urgent emergency alert dispatched to response command center.,ON_SITE,19.5,2026-07-21 02:02:19
1075,EMG-20260721-1075,FLOOD,CRITICAL,Location Marker #1075,West District,Urgent emergency alert dispatched to response command center.,CLOSED,16.2,2026-07-21 03:02:19
1076,EMG-20260721-1076,FIRE,CRITICAL,Location Marker #1076,Central Zone,Urgent emergency alert dispatched to response command center.,CLOSED,22.4,2026-07-21 04:02:19
1077,EMG-20260721-1077,ROAD_BLOCKAGE,CRITICAL,Location Marker #1077,South District,Urgent emergency alert dispatched to response command center.,DISPATCHED,5.9,2026-07-21 05:02:19
1078,EMG-20260721-1078,MEDICAL,CRITICAL,Location Marker #1078,West District,Urgent emergency alert dispatched to response command center.,CLOSED,16.8,2026-07-21 06:02:19
1079,EMG-20260721-1079,ROAD_BLOCKAGE,CRITICAL,Location Marker #1079,Central Zone,Urgent emergency alert dispatched to response command center.,CLOSED,23.6,2026-07-21 07:02:19
1080,EMG-20260721-1080,INFRASTRUCTURE_FAILURE,HIGH,Location Marker #1080,South District,Urgent emergency alert dispatched to response command center.,RESOLVED,16.2,2026-07-21 08:02:19
1081,EMG-20260721-1081,FLOOD,HIGH,Location Marker #1081,South District,Urgent emergency alert dispatched to response command center.,CLOSED,7.2,2026-07-21 09:02:19
1082,EMG-20260721-1082,ROAD_BLOCKAGE,CRITICAL,Location Marker #1082,North District,Urgent emergency alert dispatched to response command center.,DISPATCHED,21.6,2026-07-21 10:02:19
1083,EMG-20260721-1083,FIRE,HIGH,Location Marker #1083,Industrial Zone,Urgent emergency alert dispatched to response command center.,ON_SITE,16.6,2026-07-21 11:02:19
1084,EMG-20260721-1084,FIRE,CRITICAL,Location Marker #1084,South District,Urgent emergency alert dispatched to response command center.,REPORTED,12.3,2026-07-21 12:02:19
1085,EMG-20260721-1085,SECURITY_INCIDENT,CRITICAL,Location Marker #1085,Central Zone,Urgent emergency alert dispatched to response command center.,REPORTED,7.1,2026-07-21 13:02:19
1086,EMG-20260721-1086,INFRASTRUCTURE_FAILURE,CRITICAL,Location Marker #1086,North District,Urgent emergency alert dispatched to response command center.,REPORTED,11.5,2026-07-21 14:02:19
1087,EMG-20260721-1087,FIRE,CRITICAL,Location Marker #1087,North District,Urgent emergency alert dispatched to response command center.,RESOLVED,11.2,2026-07-21 15:02:19
1088,EMG-20260721-1088,FLOOD,CRITICAL,Location Marker #1088,North District,Urgent emergency alert dispatched to response command center.,DISPATCHED,18.3,2026-07-21 16:02:19
1089,EMG-20260721-1089,ACCIDENT,HIGH,Location Marker #1089,North District,Urgent emergency alert dispatched to response command center.,ON_SITE,22.7,2026-07-21 17:02:19
1090,EMG-20260721-1090,FIRE,HIGH,Location Marker #1090,Industrial Zone,Urgent emergency alert dispatched to response command center.,DISPATCHED,18.3,2026-07-21 18:02:19
1091,EMG-20260721-1091,SECURITY_INCIDENT,CRITICAL,Location Marker #1091,West District,Urgent emergency alert dispatched to response command center.,RESOLVED,18.8,2026-07-21 19:02:19
1092,EMG-20260721-1092,ROAD_BLOCKAGE,CRITICAL,Location Marker #1092,Industrial Zone,Urgent emergency alert dispatched to response command center.,RESOLVED,25.0,2026-07-21 20:02:19
1093,EMG-20260721-1093,FIRE,CRITICAL,Location Marker #1093,Industrial Zone,Urgent emergency alert dispatched to response command center.,REPORTED,12.5,2026-07-21 21:02:19
1094,EMG-20260721-1094,INFRASTRUCTURE_FAILURE,CRITICAL,Location Marker #1094,South District,Urgent emergency alert dispatched to response command center.,CLOSED,24.0,2026-07-21 22:02:19
1095,EMG-20260721-1095,SECURITY_INCIDENT,HIGH,Location Marker #1095,West District,Urgent emergency alert dispatched to response command center.,REPORTED,22.1,2026-07-21 23:02:19
1096,EMG-20260722-1096,SECURITY_INCIDENT,HIGH,Location Marker #1096,West District,Urgent emergency alert dispatched to response command center.,RESOLVED,5.9,2026-07-22 00:02:19
1097,EMG-20260722-1097,ACCIDENT,HIGH,Location Marker #1097,Central Zone,Urgent emergency alert dispatched to response command center.,CLOSED,6.3,2026-07-22 01:02:19
1098,EMG-20260722-1098,SECURITY_INCIDENT,HIGH,Location Marker #1098,South District,Urgent emergency alert dispatched to response command center.,REPORTED,21.3,2026-07-22 02:02:19
1099,EMG-20260722-1099,MEDICAL,CRITICAL,Location Marker #1099,North District,Urgent emergency alert dispatched to response command center.,REPORTED,23.6,2026-07-22 03:02:19
1100,EMG-20260722-1100,FIRE,HIGH,Location Marker #1100,Central Zone,Urgent emergency alert dispatched to response command center.,RESOLVED,20.9,2026-07-22 04:02:19
1101,EMG-20260722-1101,INFRASTRUCTURE_FAILURE,CRITICAL,Location Marker #1101,North District,Urgent emergency alert dispatched to response command center.,REPORTED,24.9,2026-07-22 05:02:19
1102,EMG-20260722-1102,ROAD_BLOCKAGE,HIGH,Location Marker #1102,North District,Urgent emergency alert dispatched to response command center.,ON_SITE,22.5,2026-07-22 06:02:19
1103,EMG-20260722-1103,ACCIDENT,CRITICAL,Location Marker #1103,Central Zone,Urgent emergency alert dispatched to response command center.,REPORTED,7.3,2026-07-22 07:02:19
1104,EMG-20260722-1104,MEDICAL,CRITICAL,Location Marker #1104,Central Zone,Urgent emergency alert dispatched to response command center.,CLOSED,4.4,2026-07-22 08:02:19
1105,EMG-20260722-1105,FIRE,HIGH,Location Marker #1105,South District,Urgent emergency alert dispatched to response command center.,ON_SITE,19.7,2026-07-22 09:02:19
1106,EMG-20260722-1106,SECURITY_INCIDENT,CRITICAL,Location Marker #1106,North District,Urgent emergency alert dispatched to response command center.,RESOLVED,16.5,2026-07-22 10:02:19
1107,EMG-20260722-1107,ROAD_BLOCKAGE,HIGH,Location Marker #1107,West District,Urgent emergency alert dispatched to response command center.,DISPATCHED,8.0,2026-07-22 11:02:19
1108,EMG-20260722-1108,INFRASTRUCTURE_FAILURE,CRITICAL,Location Marker #1108,South District,Urgent emergency alert dispatched to response command center.,ON_SITE,20.8,2026-07-22 12:02:19
1109,EMG-20260722-1109,ACCIDENT,CRITICAL,Location Marker #1109,East District,Urgent emergency alert dispatched to response command center.,DISPATCHED,5.9,2026-07-22 13:02:19
1110,EMG-20260722-1110,INFRASTRUCTURE_FAILURE,CRITICAL,Location Marker #1110,Central Zone,Urgent emergency alert dispatched to response command center.,RESOLVED,5.9,2026-07-22 14:02:19
1111,EMG-20260722-1111,INFRASTRUCTURE_FAILURE,CRITICAL,Location Marker #1111,Industrial Zone,Urgent emergency alert dispatched to response command center.,REPORTED,12.8,2026-07-22 15:02:19
1112,EMG-20260722-1112,ROAD_BLOCKAGE,HIGH,Location Marker #1112,South District,Urgent emergency alert dispatched to response command center.,REPORTED,4.8,2026-07-22 16:02:19
1113,EMG-20260722-1113,FLOOD,HIGH,Location Marker #1113,West District,Urgent emergency alert dispatched to response command center.,DISPATCHED,23.9,2026-07-22 17:02:19
1114,EMG-20260722-1114,ACCIDENT,CRITICAL,Location Marker #1114,North District,Urgent emergency alert dispatched to response command center.,CLOSED,18.0,2026-07-22 18:02:19
1115,EMG-20260722-1115,INFRASTRUCTURE_FAILURE,HIGH,Location Marker #1115,South District,Urgent emergency alert dispatched to response command center.,REPORTED,9.5,2026-07-22 19:02:19
1116,EMG-20260722-1116,SECURITY_INCIDENT,CRITICAL,Location Marker #1116,North District,Urgent emergency alert dispatched to response command center.,ON_SITE,11.6,2026-07-22 20:02:19
1117,EMG-20260722-1117,ROAD_BLOCKAGE,HIGH,Location Marker #1117,Central Zone,Urgent emergency alert dispatched to response command center.,RESOLVED,21.2,2026-07-22 21:02:19
1118,EMG-20260722-1118,ACCIDENT,CRITICAL,Location Marker #1118,Industrial Zone,Urgent emergency alert dispatched to response command center.,ON_SITE,25.0,2026-07-22 22:02:19
1119,EMG-20260722-1119,FIRE,CRITICAL,Location Marker #1119,North District,Urgent emergency alert dispatched to response command center.,DISPATCHED,8.0,2026-07-22 23:02:19
1120,EMG-20260723-1120,FLOOD,CRITICAL,Location Marker #1120,North District,Urgent emergency alert dispatched to response command center.,RESOLVED,23.9,2026-07-23 00:02:19
1121,EMG-20260723-1121,FIRE,CRITICAL,Location Marker #1121,East District,Urgent emergency alert dispatched to response command center.,RESOLVED,24.1,2026-07-23 01:02:19
1122,EMG-20260723-1122,FIRE,HIGH,Location Marker #1122,East District,Urgent emergency alert dispatched to response command center.,RESOLVED,13.1,2026-07-23 02:02:19
1123,EMG-20260723-1123,INFRASTRUCTURE_FAILURE,HIGH,Location Marker #1123,North District,Urgent emergency alert dispatched to response command center.,ON_SITE,21.1,2026-07-23 03:02:19
1124,EMG-20260723-1124,FIRE,CRITICAL,Location Marker #1124,East District,Urgent emergency alert dispatched to response command center.,ON_SITE,8.1,2026-07-23 04:02:19
1125,EMG-20260723-1125,INFRASTRUCTURE_FAILURE,HIGH,Location Marker #1125,West District,Urgent emergency alert dispatched to response command center.,ON_SITE,12.2,2026-07-23 05:02:19
1126,EMG-20260723-1126,FLOOD,HIGH,Location Marker #1126,South District,Urgent emergency alert dispatched to response command center.,CLOSED,14.8,2026-07-23 06:02:19
1127,EMG-20260723-1127,SECURITY_INCIDENT,CRITICAL,Location Marker #1127,East District,Urgent emergency alert dispatched to response command center.,DISPATCHED,13.6,2026-07-23 07:02:19
1128,EMG-20260723-1128,INFRASTRUCTURE_FAILURE,HIGH,Location Marker #1128,West District,Urgent emergency alert dispatched to response command center.,ON_SITE,18.5,2026-07-23 08:02:19
1129,EMG-20260723-1129,FLOOD,CRITICAL,Location Marker #1129,Industrial Zone,Urgent emergency alert dispatched to response command center.,REPORTED,19.3,2026-07-23 09:02:19
1130,EMG-20260723-1130,SECURITY_INCIDENT,CRITICAL,Location Marker #1130,South District,Urgent emergency alert dispatched to response command center.,REPORTED,13.8,2026-07-23 10:02:19
1131,EMG-20260723-1131,FIRE,CRITICAL,Location Marker #1131,West District,Urgent emergency alert dispatched to response command center.,ON_SITE,14.2,2026-07-23 11:02:19
1132,EMG-20260723-1132,SECURITY_INCIDENT,CRITICAL,Location Marker #1132,East District,Urgent emergency alert dispatched to response command center.,CLOSED,11.8,2026-07-23 12:02:19
1133,EMG-20260723-1133,FLOOD,HIGH,Location Marker #1133,North District,Urgent emergency alert dispatched to response command center.,DISPATCHED,18.9,2026-07-23 13:02:19
1134,EMG-20260723-1134,ROAD_BLOCKAGE,HIGH,Location Marker #1134,North District,Urgent emergency alert dispatched to response command center.,ON_SITE,18.3,2026-07-23 14:02:19
1135,EMG-20260723-1135,FLOOD,CRITICAL,Location Marker #1135,North District,Urgent emergency alert dispatched to response command center.,DISPATCHED,14.0,2026-07-23 15:02:19
1136,EMG-20260723-1136,FIRE,HIGH,Location Marker #1136,Central Zone,Urgent emergency alert dispatched to response command center.,ON_SITE,20.6,2026-07-23 16:02:19
1137,EMG-20260723-1137,ROAD_BLOCKAGE,CRITICAL,Location Marker #1137,Industrial Zone,Urgent emergency alert dispatched to response command center.,CLOSED,11.5,2026-07-23 17:02:19
1138,EMG-20260723-1138,ACCIDENT,HIGH,Location Marker #1138,East District,Urgent emergency alert dispatched to response command center.,DISPATCHED,24.9,2026-07-23 18:02:19
1139,EMG-20260723-1139,ACCIDENT,HIGH,Location Marker #1139,Industrial Zone,Urgent emergency alert dispatched to response command center.,ON_SITE,8.0,2026-07-23 19:02:19
1140,EMG-20260723-1140,ROAD_BLOCKAGE,HIGH,Location Marker #1140,South District,Urgent emergency alert dispatched to response command center.,CLOSED,4.9,2026-07-23 20:02:19
1141,EMG-20260723-1141,ACCIDENT,CRITICAL,Location Marker #1141,West District,Urgent emergency alert dispatched to response command center.,ON_SITE,16.0,2026-07-23 21:02:19
1142,EMG-20260723-1142,SECURITY_INCIDENT,CRITICAL,Location Marker #1142,East District,Urgent emergency alert dispatched to response command center.,ON_SITE,20.5,2026-07-23 22:02:19
1143,EMG-20260723-1143,INFRASTRUCTURE_FAILURE,CRITICAL,Location Marker #1143,Central Zone,Urgent emergency alert dispatched to response command center.,DISPATCHED,16.7,2026-07-23 23:02:19
1144,EMG-20260724-1144,FIRE,CRITICAL,Location Marker #1144,Central Zone,Urgent emergency alert dispatched to response command center.,REPORTED,18.6,2026-07-24 00:02:19
1145,EMG-20260724-1145,INFRASTRUCTURE_FAILURE,HIGH,Location Marker #1145,West District,Urgent emergency alert dispatched to response command center.,CLOSED,9.7,2026-07-24 01:02:19
1146,EMG-20260724-1146,ROAD_BLOCKAGE,CRITICAL,Location Marker #1146,South District,Urgent emergency alert dispatched to response command center.,REPORTED,7.1,2026-07-24 02:02:19
1147,EMG-20260724-1147,MEDICAL,HIGH,Location Marker #1147,South District,Urgent emergency alert dispatched to response command center.,DISPATCHED,11.1,2026-07-24 03:02:19
1148,EMG-20260724-1148,ACCIDENT,CRITICAL,Location Marker #1148,West District,Urgent emergency alert dispatched to response command center.,ON_SITE,22.1,2026-07-24 04:02:19
1149,EMG-20260724-1149,SECURITY_INCIDENT,HIGH,Location Marker #1149,South District,Urgent emergency alert dispatched to response command center.,DISPATCHED,4.2,2026-07-24 05:02:19
1150,EMG-20260724-1150,INFRASTRUCTURE_FAILURE,HIGH,Location Marker #1150,Industrial Zone,Urgent emergency alert dispatched to response command center.,ON_SITE,5.6,2026-07-24 06:02:19
1151,EMG-20260724-1151,MEDICAL,HIGH,Location Marker #1151,South District,Urgent emergency alert dispatched to response command center.,CLOSED,22.6,2026-07-24 07:02:19
1152,EMG-20260724-1152,SECURITY_INCIDENT,CRITICAL,Location Marker #1152,West District,Urgent emergency alert dispatched to response command center.,REPORTED,17.8,2026-07-24 08:02:19
1153,EMG-20260724-1153,ROAD_BLOCKAGE,HIGH,Location Marker #1153,East District,Urgent emergency alert dispatched to response command center.,DISPATCHED,18.7,2026-07-24 09:02:19
1154,EMG-20260724-1154,ACCIDENT,HIGH,Location Marker #1154,Central Zone,Urgent emergency alert dispatched to response command center.,RESOLVED,11.1,2026-07-24 10:02:19
1155,EMG-20260724-1155,MEDICAL,HIGH,Location Marker #1155,Central Zone,Urgent emergency alert dispatched to response command center.,REPORTED,4.5,2026-07-24 11:02:19
1156,EMG-20260724-1156,INFRASTRUCTURE_FAILURE,CRITICAL,Location Marker #1156,Industrial Zone,Urgent emergency alert dispatched to response command center.,DISPATCHED,16.0,2026-07-24 12:02:19
1157,EMG-20260724-1157,SECURITY_INCIDENT,HIGH,Location Marker #1157,South District,Urgent emergency alert dispatched to response command center.,ON_SITE,8.1,2026-07-24 13:02:19
1158,EMG-20260724-1158,ROAD_BLOCKAGE,HIGH,Location Marker #1158,South District,Urgent emergency alert dispatched to response command center.,DISPATCHED,19.2,2026-07-24 14:02:19
1159,EMG-20260724-1159,FLOOD,CRITICAL,Location Marker #1159,Industrial Zone,Urgent emergency alert dispatched to response command center.,RESOLVED,24.1,2026-07-24 15:02:19
1160,EMG-20260724-1160,ROAD_BLOCKAGE,CRITICAL,Location Marker #1160,West District,Urgent emergency alert dispatched to response command center.,DISPATCHED,4.7,2026-07-24 16:02:19
1161,EMG-20260724-1161,ROAD_BLOCKAGE,CRITICAL,Location Marker #1161,West District,Urgent emergency alert dispatched to response command center.,DISPATCHED,24.4,2026-07-24 17:02:19
1162,EMG-20260724-1162,FIRE,HIGH,Location Marker #1162,West District,Urgent emergency alert dispatched to response command center.,DISPATCHED,5.3,2026-07-24 18:02:19
1163,EMG-20260724-1163,ACCIDENT,HIGH,Location Marker #1163,North District,Urgent emergency alert dispatched to response command center.,REPORTED,10.0,2026-07-24 19:02:19
1164,EMG-20260724-1164,FIRE,HIGH,Location Marker #1164,West District,Urgent emergency alert dispatched to response command center.,CLOSED,14.9,2026-07-24 20:02:19
1165,EMG-20260724-1165,SECURITY_INCIDENT,HIGH,Location Marker #1165,Industrial Zone,Urgent emergency alert dispatched to response command center.,DISPATCHED,24.3,2026-07-24 21:02:19
1166,EMG-20260724-1166,FLOOD,CRITICAL,Location Marker #1166,East District,Urgent emergency alert dispatched to response command center.,DISPATCHED,11.3,2026-07-24 22:02:19
1167,EMG-20260724-1167,FLOOD,CRITICAL,Location Marker #1167,Industrial Zone,Urgent emergency alert dispatched to response command center.,RESOLVED,8.7,2026-07-24 23:02:19
1168,EMG-20260725-1168,MEDICAL,HIGH,Location Marker #1168,Central Zone,Urgent emergency alert dispatched to response command center.,ON_SITE,15.7,2026-07-25 00:02:19
1169,EMG-20260725-1169,INFRASTRUCTURE_FAILURE,HIGH,Location Marker #1169,Industrial Zone,Urgent emergency alert dispatched to response command center.,ON_SITE,24.8,2026-07-25 01:02:19
1170,EMG-20260725-1170,FIRE,HIGH,Location Marker #1170,Industrial Zone,Urgent emergency alert dispatched to response command center.,ON_SITE,21.2,2026-07-25 02:02:19
1171,EMG-20260725-1171,MEDICAL,HIGH,Location Marker #1171,East District,Urgent emergency alert dispatched to response command center.,ON_SITE,20.7,2026-07-25 03:02:19
1172,EMG-20260725-1172,INFRASTRUCTURE_FAILURE,HIGH,Location Marker #1172,West District,Urgent emergency alert dispatched to response command center.,CLOSED,5.4,2026-07-25 04:02:19
1173,EMG-20260725-1173,MEDICAL,HIGH,Location Marker #1173,West District,Urgent emergency alert dispatched to response command center.,ON_SITE,18.4,2026-07-25 05:02:19
1174,EMG-20260725-1174,FLOOD,CRITICAL,Location Marker #1174,East District,Urgent emergency alert dispatched to response command center.,DISPATCHED,20.5,2026-07-25 06:02:19
1175,EMG-20260725-1175,FLOOD,CRITICAL,Location Marker #1175,South District,Urgent emergency alert dispatched to response command center.,RESOLVED,10.5,2026-07-25 07:02:19
1176,EMG-20260725-1176,SECURITY_INCIDENT,CRITICAL,Location Marker #1176,West District,Urgent emergency alert dispatched to response command center.,DISPATCHED,19.4,2026-07-25 08:02:19
1177,EMG-20260725-1177,MEDICAL,HIGH,Location Marker #1177,South District,Urgent emergency alert dispatched to response command center.,CLOSED,8.9,2026-07-25 09:02:19
1178,EMG-20260725-1178,SECURITY_INCIDENT,CRITICAL,Location Marker #1178,Central Zone,Urgent emergency alert dispatched to response command center.,DISPATCHED,18.2,2026-07-25 10:02:19
1179,EMG-20260725-1179,MEDICAL,HIGH,Location Marker #1179,North District,Urgent emergency alert dispatched to response command center.,CLOSED,5.1,2026-07-25 11:02:19
1180,EMG-20260725-1180,INFRASTRUCTURE_FAILURE,CRITICAL,Location Marker #1180,East District,Urgent emergency alert dispatched to response command center.,CLOSED,5.4,2026-07-25 12:02:19
1181,EMG-20260725-1181,FIRE,CRITICAL,Location Marker #1181,Central Zone,Urgent emergency alert dispatched to response command center.,DISPATCHED,12.2,2026-07-25 13:02:19
1182,EMG-20260725-1182,MEDICAL,HIGH,Location Marker #1182,Central Zone,Urgent emergency alert dispatched to response command center.,REPORTED,24.0,2026-07-25 14:02:19
1183,EMG-20260725-1183,SECURITY_INCIDENT,HIGH,Location Marker #1183,Central Zone,Urgent emergency alert dispatched to response command center.,ON_SITE,4.1,2026-07-25 15:02:19
1184,EMG-20260725-1184,SECURITY_INCIDENT,HIGH,Location Marker #1184,West District,Urgent emergency alert dispatched to response command center.,ON_SITE,10.6,2026-07-25 16:02:19
1185,EMG-20260725-1185,FLOOD,CRITICAL,Location Marker #1185,East District,Urgent emergency alert dispatched to response command center.,ON_SITE,6.7,2026-07-25 17:02:19
1186,EMG-20260725-1186,MEDICAL,CRITICAL,Location Marker #1186,North District,Urgent emergency alert dispatched to response command center.,ON_SITE,4.9,2026-07-25 18:02:19
1187,EMG-20260725-1187,FIRE,HIGH,Location Marker #1187,North District,Urgent emergency alert dispatched to response command center.,REPORTED,18.7,2026-07-25 19:02:19
1188,EMG-20260725-1188,ACCIDENT,HIGH,Location Marker #1188,West District,Urgent emergency alert dispatched to response command center.,RESOLVED,8.4,2026-07-25 20:02:19
1189,EMG-20260725-1189,ACCIDENT,HIGH,Location Marker #1189,Industrial Zone,Urgent emergency alert dispatched to response command center.,REPORTED,17.6,2026-07-25 21:02:19
1190,EMG-20260725-1190,FLOOD,CRITICAL,Location Marker #1190,North District,Urgent emergency alert dispatched to response command center.,CLOSED,14.2,2026-07-25 22:02:19
1191,EMG-20260725-1191,FIRE,HIGH,Location Marker #1191,North District,Urgent emergency alert dispatched to response command center.,ON_SITE,15.3,2026-07-25 23:02:19
1192,EMG-20260726-1192,MEDICAL,HIGH,Location Marker #1192,West District,Urgent emergency alert dispatched to response command center.,RESOLVED,23.3,2026-07-26 00:02:19
1193,EMG-20260726-1193,FLOOD,CRITICAL,Location Marker #1193,South District,Urgent emergency alert dispatched to response command center.,RESOLVED,16.9,2026-07-26 01:02:19
1194,EMG-20260726-1194,MEDICAL,CRITICAL,Location Marker #1194,East District,Urgent emergency alert dispatched to response command center.,DISPATCHED,24.5,2026-07-26 02:02:19
1195,EMG-20260726-1195,FLOOD,HIGH,Location Marker #1195,Central Zone,Urgent emergency alert dispatched to response command center.,DISPATCHED,24.3,2026-07-26 03:02:19
1196,EMG-20260726-1196,SECURITY_INCIDENT,CRITICAL,Location Marker #1196,West District,Urgent emergency alert dispatched to response command center.,CLOSED,6.6,2026-07-26 04:02:19
1197,EMG-20260726-1197,INFRASTRUCTURE_FAILURE,HIGH,Location Marker #1197,West District,Urgent emergency alert dispatched to response command center.,RESOLVED,8.3,2026-07-26 05:02:19
1198,EMG-20260726-1198,ROAD_BLOCKAGE,HIGH,Location Marker #1198,East District,Urgent emergency alert dispatched to response command center.,CLOSED,6.4,2026-07-26 06:02:19
1199,EMG-20260726-1199,ROAD_BLOCKAGE,CRITICAL,Location Marker #1199,East District,Urgent emergency alert dispatched to response command center.,CLOSED,5.9,2026-07-26 07:02:19
1200,EMG-20260726-1200,FIRE,CRITICAL,Location Marker #1200,Industrial Zone,Urgent emergency alert dispatched to response command center.,CLOSED,17.8,2026-07-26 08:02:19
1201,EMG-20260726-1201,FIRE,HIGH,Location Marker #1201,West District,Urgent emergency alert dispatched to response command center.,CLOSED,7.7,2026-07-26 09:02:19
1202,EMG-20260726-1202,INFRASTRUCTURE_FAILURE,CRITICAL,Location Marker #1202,Industrial Zone,Urgent emergency alert dispatched to response command center.,DISPATCHED,9.3,2026-07-26 10:02:19
1203,EMG-20260726-1203,MEDICAL,CRITICAL,Location Marker #1203,Industrial Zone,Urgent emergency alert dispatched to response command center.,REPORTED,6.6,2026-07-26 11:02:19
1204,EMG-20260726-1204,SECURITY_INCIDENT,CRITICAL,Location Marker #1204,North District,Urgent emergency alert dispatched to response command center.,REPORTED,7.8,2026-07-26 12:02:19
1205,EMG-20260726-1205,ACCIDENT,CRITICAL,Location Marker #1205,South District,Urgent emergency alert dispatched to response command center.,DISPATCHED,18.0,2026-07-26 13:02:19
1206,EMG-20260726-1206,FIRE,CRITICAL,Location Marker #1206,West District,Urgent emergency alert dispatched to response command center.,CLOSED,23.0,2026-07-26 14:02:19
1207,EMG-20260726-1207,FIRE,CRITICAL,Location Marker #1207,East District,Urgent emergency alert dispatched to response command center.,RESOLVED,20.8,2026-07-26 15:02:19
1208,EMG-20260726-1208,INFRASTRUCTURE_FAILURE,HIGH,Location Marker #1208,Central Zone,Urgent emergency alert dispatched to response command center.,RESOLVED,18.1,2026-07-26 16:02:19
1209,EMG-20260726-1209,FLOOD,HIGH,Location Marker #1209,North District,Urgent emergency alert dispatched to response command center.,DISPATCHED,24.1,2026-07-26 17:02:19
1210,EMG-20260726-1210,ROAD_BLOCKAGE,CRITICAL,Location Marker #1210,Industrial Zone,Urgent emergency alert dispatched to response command center.,ON_SITE,9.3,2026-07-26 18:02:19
1211,EMG-20260726-1211,FLOOD,CRITICAL,Location Marker #1211,East District,Urgent emergency alert dispatched to response command center.,REPORTED,6.5,2026-07-26 19:02:19
1212,EMG-20260726-1212,ACCIDENT,CRITICAL,Location Marker #1212,East District,Urgent emergency alert dispatched to response command center.,CLOSED,17.8,2026-07-26 20:02:19
1213,EMG-20260726-1213,FLOOD,HIGH,Location Marker #1213,South District,Urgent emergency alert dispatched to response command center.,RESOLVED,12.9,2026-07-26 21:02:19
1214,EMG-20260726-1214,SECURITY_INCIDENT,HIGH,Location Marker #1214,East District,Urgent emergency alert dispatched to response command center.,DISPATCHED,5.5,2026-07-26 22:02:19
1215,EMG-20260726-1215,FIRE,CRITICAL,Location Marker #1215,East District,Urgent emergency alert dispatched to response command center.,RESOLVED,20.1,2026-07-26 23:02:19
1216,EMG-20260727-1216,FLOOD,HIGH,Location Marker #1216,North District,Urgent emergency alert dispatched to response command center.,ON_SITE,10.8,2026-07-27 00:02:19
1217,EMG-20260727-1217,FIRE,HIGH,Location Marker #1217,Industrial Zone,Urgent emergency alert dispatched to response command center.,CLOSED,10.7,2026-07-27 01:02:19
1218,EMG-20260727-1218,ROAD_BLOCKAGE,CRITICAL,Location Marker #1218,Industrial Zone,Urgent emergency alert dispatched to response command center.,RESOLVED,6.5,2026-07-27 02:02:19
1219,EMG-20260727-1219,INFRASTRUCTURE_FAILURE,HIGH,Location Marker #1219,South District,Urgent emergency alert dispatched to response command center.,REPORTED,19.1,2026-07-27 03:02:19
1220,EMG-20260727-1220,ROAD_BLOCKAGE,HIGH,Location Marker #1220,North District,Urgent emergency alert dispatched to response command center.,ON_SITE,15.3,2026-07-27 04:02:19
1221,EMG-20260727-1221,ACCIDENT,CRITICAL,Location Marker #1221,West District,Urgent emergency alert dispatched to response command center.,ON_SITE,16.8,2026-07-27 05:02:19
1222,EMG-20260727-1222,SECURITY_INCIDENT,CRITICAL,Location Marker #1222,East District,Urgent emergency alert dispatched to response command center.,DISPATCHED,12.3,2026-07-27 06:02:19
1223,EMG-20260727-1223,ACCIDENT,CRITICAL,Location Marker #1223,North District,Urgent emergency alert dispatched to response command center.,RESOLVED,18.2,2026-07-27 07:02:19
1224,EMG-20260727-1224,INFRASTRUCTURE_FAILURE,HIGH,Location Marker #1224,Central Zone,Urgent emergency alert dispatched to response command center.,DISPATCHED,10.1,2026-07-27 08:02:19
1225,EMG-20260727-1225,INFRASTRUCTURE_FAILURE,CRITICAL,Location Marker #1225,Central Zone,Urgent emergency alert dispatched to response command center.,REPORTED,21.5,2026-07-27 09:02:19
1226,EMG-20260727-1226,FLOOD,CRITICAL,Location Marker #1226,North District,Urgent emergency alert dispatched to response command center.,REPORTED,24.1,2026-07-27 10:02:19
1227,EMG-20260727-1227,MEDICAL,HIGH,Location Marker #1227,Central Zone,Urgent emergency alert dispatched to response command center.,CLOSED,11.0,2026-07-27 11:02:19
1228,EMG-20260727-1228,SECURITY_INCIDENT,HIGH,Location Marker #1228,South District,Urgent emergency alert dispatched to response command center.,REPORTED,19.9,2026-07-27 12:02:19
1229,EMG-20260727-1229,ROAD_BLOCKAGE,HIGH,Location Marker #1229,North District,Urgent emergency alert dispatched to response command center.,REPORTED,6.6,2026-07-27 13:02:19
1230,EMG-20260727-1230,SECURITY_INCIDENT,CRITICAL,Location Marker #1230,Central Zone,Urgent emergency alert dispatched to response command center.,ON_SITE,24.0,2026-07-27 14:02:19
1231,EMG-20260727-1231,FIRE,CRITICAL,Location Marker #1231,South District,Urgent emergency alert dispatched to response command center.,REPORTED,7.4,2026-07-27 15:02:19
1232,EMG-20260727-1232,SECURITY_INCIDENT,CRITICAL,Location Marker #1232,Central Zone,Urgent emergency alert dispatched to response command center.,ON_SITE,15.0,2026-07-27 16:02:19
1233,EMG-20260727-1233,ACCIDENT,HIGH,Location Marker #1233,West District,Urgent emergency alert dispatched to response command center.,ON_SITE,10.6,2026-07-27 17:02:19
1234,EMG-20260727-1234,ACCIDENT,HIGH,Location Marker #1234,North District,Urgent emergency alert dispatched to response command center.,REPORTED,13.7,2026-07-27 18:02:19
1235,EMG-20260727-1235,ROAD_BLOCKAGE,CRITICAL,Location Marker #1235,East District,Urgent emergency alert dispatched to response command center.,ON_SITE,4.4,2026-07-27 19:02:19
1236,EMG-20260727-1236,SECURITY_INCIDENT,CRITICAL,Location Marker #1236,South District,Urgent emergency alert dispatched to response command center.,CLOSED,20.2,2026-07-27 20:02:19
1237,EMG-20260727-1237,INFRASTRUCTURE_FAILURE,HIGH,Location Marker #1237,North District,Urgent emergency alert dispatched to response command center.,REPORTED,12.7,2026-07-27 21:02:19
1238,EMG-20260727-1238,ROAD_BLOCKAGE,HIGH,Location Marker #1238,East District,Urgent emergency alert dispatched to response command center.,RESOLVED,17.7,2026-07-27 22:02:19
1239,EMG-20260727-1239,MEDICAL,CRITICAL,Location Marker #1239,Central Zone,Urgent emergency alert dispatched to response command center.,ON_SITE,16.3,2026-07-27 23:02:19
1240,EMG-20260728-1240,INFRASTRUCTURE_FAILURE,CRITICAL,Location Marker #1240,West District,Urgent emergency alert dispatched to response command center.,DISPATCHED,16.2,2026-07-28 00:02:19
1241,EMG-20260728-1241,FIRE,HIGH,Location Marker #1241,West District,Urgent emergency alert dispatched to response command center.,ON_SITE,19.9,2026-07-28 01:02:19
1242,EMG-20260728-1242,FLOOD,HIGH,Location Marker #1242,North District,Urgent emergency alert dispatched to response command center.,CLOSED,7.2,2026-07-28 02:02:19
1243,EMG-20260728-1243,MEDICAL,HIGH,Location Marker #1243,South District,Urgent emergency alert dispatched to response command center.,REPORTED,15.4,2026-07-28 03:02:19
1244,EMG-20260728-1244,SECURITY_INCIDENT,CRITICAL,Location Marker #1244,West District,Urgent emergency alert dispatched to response command center.,ON_SITE,20.3,2026-07-28 04:02:19
1245,EMG-20260728-1245,ROAD_BLOCKAGE,HIGH,Location Marker #1245,East District,Urgent emergency alert dispatched to response command center.,ON_SITE,10.0,2026-07-28 05:02:19
1246,EMG-20260728-1246,FLOOD,HIGH,Location Marker #1246,North District,Urgent emergency alert dispatched to response command center.,CLOSED,19.1,2026-07-28 06:02:19
1247,EMG-20260728-1247,FLOOD,CRITICAL,Location Marker #1247,Central Zone,Urgent emergency alert dispatched to response command center.,CLOSED,20.4,2026-07-28 07:02:19
1248,EMG-20260728-1248,ACCIDENT,HIGH,Location Marker #1248,South District,Urgent emergency alert dispatched to response command center.,CLOSED,19.1,2026-07-28 08:02:19
1249,EMG-20260728-1249,INFRASTRUCTURE_FAILURE,HIGH,Location Marker #1249,North District,Urgent emergency alert dispatched to response command center.,DISPATCHED,19.1,2026-07-28 09:02:19
1250,EMG-20260728-1250,SECURITY_INCIDENT,HIGH,Location Marker #1250,East District,Urgent emergency alert dispatched to response command center.,REPORTED,23.9,2026-07-28 10:02:19
1251,EMG-20260728-1251,MEDICAL,HIGH,Location Marker #1251,West District,Urgent emergency alert dispatched to response command center.,CLOSED,14.2,2026-07-28 11:02:19
1252,EMG-20260728-1252,FLOOD,HIGH,Location Marker #1252,Central Zone,Urgent emergency alert dispatched to response command center.,DISPATCHED,20.4,2026-07-28 12:02:19
1253,EMG-20260728-1253,MEDICAL,HIGH,Location Marker #1253,Central Zone,Urgent emergency alert dispatched to response command center.,ON_SITE,11.2,2026-07-28 13:02:19
1254,EMG-20260728-1254,ROAD_BLOCKAGE,CRITICAL,Location Marker #1254,West District,Urgent emergency alert dispatched to response command center.,RESOLVED,8.3,2026-07-28 14:02:19
1255,EMG-20260728-1255,MEDICAL,CRITICAL,Location Marker #1255,Central Zone,Urgent emergency alert dispatched to response command center.,REPORTED,8.0,2026-07-28 15:02:19
1256,EMG-20260728-1256,SECURITY_INCIDENT,HIGH,Location Marker #1256,South District,Urgent emergency alert dispatched to response command center.,DISPATCHED,22.1,2026-07-28 16:02:19
1257,EMG-20260728-1257,MEDICAL,CRITICAL,Location Marker #1257,North District,Urgent emergency alert dispatched to response command center.,CLOSED,9.4,2026-07-28 17:02:19
1258,EMG-20260728-1258,FIRE,HIGH,Location Marker #1258,North District,Urgent emergency alert dispatched to response command center.,ON_SITE,24.4,2026-07-28 18:02:19
1259,EMG-20260728-1259,INFRASTRUCTURE_FAILURE,CRITICAL,Location Marker #1259,South District,Urgent emergency alert dispatched to response command center.,CLOSED,17.2,2026-07-28 19:02:19
1260,EMG-20260728-1260,ACCIDENT,CRITICAL,Location Marker #1260,East District,Urgent emergency alert dispatched to response command center.,ON_SITE,14.6,2026-07-28 20:02:19
1261,EMG-20260728-1261,ACCIDENT,HIGH,Location Marker #1261,Central Zone,Urgent emergency alert dispatched to response command center.,CLOSED,9.5,2026-07-28 21:02:19
1262,EMG-20260728-1262,ROAD_BLOCKAGE,HIGH,Location Marker #1262,West District,Urgent emergency alert dispatched to response command center.,CLOSED,12.3,2026-07-28 22:02:19
1263,EMG-20260728-1263,ROAD_BLOCKAGE,HIGH,Location Marker #1263,Central Zone,Urgent emergency alert dispatched to response command center.,RESOLVED,16.8,2026-07-28 23:02:19
1264,EMG-20260729-1264,MEDICAL,CRITICAL,Location Marker #1264,East District,Urgent emergency alert dispatched to response command center.,ON_SITE,10.5,2026-07-29 00:02:19
1265,EMG-20260729-1265,ACCIDENT,HIGH,Location Marker #1265,West District,Urgent emergency alert dispatched to response command center.,DISPATCHED,7.9,2026-07-29 01:02:19
1266,EMG-20260729-1266,SECURITY_INCIDENT,CRITICAL,Location Marker #1266,Industrial Zone,Urgent emergency alert dispatched to response command center.,RESOLVED,17.3,2026-07-29 02:02:19
1267,EMG-20260729-1267,INFRASTRUCTURE_FAILURE,HIGH,Location Marker #1267,South District,Urgent emergency alert dispatched to response command center.,CLOSED,23.1,2026-07-29 03:02:19
1268,EMG-20260729-1268,SECURITY_INCIDENT,HIGH,Location Marker #1268,Central Zone,Urgent emergency alert dispatched to response command center.,CLOSED,5.4,2026-07-29 04:02:19
1269,EMG-20260729-1269,INFRASTRUCTURE_FAILURE,CRITICAL,Location Marker #1269,North District,Urgent emergency alert dispatched to response command center.,RESOLVED,8.6,2026-07-29 05:02:19
1270,EMG-20260729-1270,INFRASTRUCTURE_FAILURE,HIGH,Location Marker #1270,Central Zone,Urgent emergency alert dispatched to response command center.,RESOLVED,4.7,2026-07-29 06:02:19
1271,EMG-20260729-1271,INFRASTRUCTURE_FAILURE,HIGH,Location Marker #1271,North District,Urgent emergency alert dispatched to response command center.,ON_SITE,13.5,2026-07-29 07:02:19
1272,EMG-20260729-1272,INFRASTRUCTURE_FAILURE,HIGH,Location Marker #1272,East District,Urgent emergency alert dispatched to response command center.,RESOLVED,13.6,2026-07-29 08:02:19
1273,EMG-20260729-1273,INFRASTRUCTURE_FAILURE,CRITICAL,Location Marker #1273,Industrial Zone,Urgent emergency alert dispatched to response command center.,CLOSED,8.2,2026-07-29 09:02:19
1274,EMG-20260729-1274,MEDICAL,HIGH,Location Marker #1274,North District,Urgent emergency alert dispatched to response command center.,RESOLVED,9.6,2026-07-29 10:02:19
1275,EMG-20260729-1275,SECURITY_INCIDENT,HIGH,Location Marker #1275,North District,Urgent emergency alert dispatched to response command center.,ON_SITE,19.0,2026-07-29 11:02:19
1276,EMG-20260729-1276,INFRASTRUCTURE_FAILURE,HIGH,Location Marker #1276,Industrial Zone,Urgent emergency alert dispatched to response command center.,RESOLVED,5.5,2026-07-29 12:02:19
1277,EMG-20260729-1277,MEDICAL,HIGH,Location Marker #1277,South District,Urgent emergency alert dispatched to response command center.,RESOLVED,13.9,2026-07-29 13:02:19
1278,EMG-20260729-1278,FLOOD,CRITICAL,Location Marker #1278,Industrial Zone,Urgent emergency alert dispatched to response command center.,REPORTED,15.7,2026-07-29 14:02:19
1279,EMG-20260729-1279,MEDICAL,HIGH,Location Marker #1279,West District,Urgent emergency alert dispatched to response command center.,ON_SITE,18.7,2026-07-29 15:02:19
1280,EMG-20260729-1280,MEDICAL,CRITICAL,Location Marker #1280,South District,Urgent emergency alert dispatched to response command center.,RESOLVED,11.3,2026-07-29 16:02:19
1281,EMG-20260729-1281,INFRASTRUCTURE_FAILURE,HIGH,Location Marker #1281,East District,Urgent emergency alert dispatched to response command center.,ON_SITE,4.1,2026-07-29 17:02:19
1282,EMG-20260729-1282,FIRE,CRITICAL,Location Marker #1282,North District,Urgent emergency alert dispatched to response command center.,CLOSED,13.6,2026-07-29 18:02:19
1283,EMG-20260729-1283,MEDICAL,CRITICAL,Location Marker #1283,Industrial Zone,Urgent emergency alert dispatched to response command center.,CLOSED,4.6,2026-07-29 19:02:19
1284,EMG-20260729-1284,MEDICAL,HIGH,Location Marker #1284,East District,Urgent emergency alert dispatched to response command center.,CLOSED,11.8,2026-07-29 20:02:19
1285,EMG-20260729-1285,FIRE,HIGH,Location Marker #1285,Central Zone,Urgent emergency alert dispatched to response command center.,RESOLVED,23.0,2026-07-29 21:02:19
1286,EMG-20260729-1286,ROAD_BLOCKAGE,HIGH,Location Marker #1286,East District,Urgent emergency alert dispatched to response command center.,ON_SITE,18.0,2026-07-29 22:02:19
1287,EMG-20260729-1287,ROAD_BLOCKAGE,HIGH,Location Marker #1287,West District,Urgent emergency alert dispatched to response command center.,CLOSED,10.9,2026-07-29 23:02:19
1288,EMG-20260730-1288,SECURITY_INCIDENT,CRITICAL,Location Marker #1288,West District,Urgent emergency alert dispatched to response command center.,ON_SITE,12.5,2026-07-30 00:02:19
1289,EMG-20260730-1289,FLOOD,HIGH,Location Marker #1289,South District,Urgent emergency alert dispatched to response command center.,DISPATCHED,21.4,2026-07-30 01:02:19
1290,EMG-20260730-1290,FIRE,HIGH,Location Marker #1290,Central Zone,Urgent emergency alert dispatched to response command center.,ON_SITE,13.6,2026-07-30 02:02:19
1291,EMG-20260730-1291,FIRE,HIGH,Location Marker #1291,Central Zone,Urgent emergency alert dispatched to response command center.,DISPATCHED,15.9,2026-07-30 03:02:19
1292,EMG-20260730-1292,MEDICAL,CRITICAL,Location Marker #1292,South District,Urgent emergency alert dispatched to response command center.,REPORTED,21.5,2026-07-30 04:02:19
1293,EMG-20260730-1293,ROAD_BLOCKAGE,CRITICAL,Location Marker #1293,Industrial Zone,Urgent emergency alert dispatched to response command center.,RESOLVED,13.2,2026-07-30 05:02:19
1294,EMG-20260730-1294,INFRASTRUCTURE_FAILURE,HIGH,Location Marker #1294,East District,Urgent emergency alert dispatched to response command center.,CLOSED,9.5,2026-07-30 06:02:19
1295,EMG-20260730-1295,ACCIDENT,HIGH,Location Marker #1295,East District,Urgent emergency alert dispatched to response command center.,RESOLVED,5.3,2026-07-30 07:02:19
1296,EMG-20260730-1296,INFRASTRUCTURE_FAILURE,HIGH,Location Marker #1296,Industrial Zone,Urgent emergency alert dispatched to response command center.,REPORTED,23.2,2026-07-30 08:02:19
1297,EMG-20260730-1297,FLOOD,HIGH,Location Marker #1297,Central Zone,Urgent emergency alert dispatched to response command center.,CLOSED,9.6,2026-07-30 09:02:19
1298,EMG-20260730-1298,ROAD_BLOCKAGE,CRITICAL,Location Marker #1298,East District,Urgent emergency alert dispatched to response command center.,RESOLVED,17.7,2026-07-30 10:02:19
1299,EMG-20260730-1299,INFRASTRUCTURE_FAILURE,HIGH,Location Marker #1299,East District,Urgent emergency alert dispatched to response command center.,ON_SITE,12.5,2026-07-30 11:02:19
1300,EMG-20260730-1300,SECURITY_INCIDENT,CRITICAL,Location Marker #1300,Industrial Zone,Urgent emergency alert dispatched to response command center.,RESOLVED,18.8,2026-07-30 12:02:19
1301,EMG-20260730-1301,MEDICAL,CRITICAL,Location Marker #1301,West District,Urgent emergency alert dispatched to response command center.,REPORTED,17.7,2026-07-30 13:02:19
1302,EMG-20260730-1302,SECURITY_INCIDENT,CRITICAL,Location Marker #1302,Industrial Zone,Urgent emergency alert dispatched to response command center.,ON_SITE,22.0,2026-07-30 14:02:19
1303,EMG-20260730-1303,ROAD_BLOCKAGE,CRITICAL,Location Marker #1303,Industrial Zone,Urgent emergency alert dispatched to response command center.,REPORTED,12.2,2026-07-30 15:02:19
1304,EMG-20260730-1304,MEDICAL,HIGH,Location Marker #1304,East District,Urgent emergency alert dispatched to response command center.,REPORTED,18.9,2026-07-30 16:02:19
1305,EMG-20260730-1305,SECURITY_INCIDENT,CRITICAL,Location Marker #1305,East District,Urgent emergency alert dispatched to response command center.,REPORTED,13.4,2026-07-30 17:02:19
1306,EMG-20260730-1306,ROAD_BLOCKAGE,CRITICAL,Location Marker #1306,Industrial Zone,Urgent emergency alert dispatched to response command center.,REPORTED,6.9,2026-07-30 18:02:19
1307,EMG-20260730-1307,SECURITY_INCIDENT,HIGH,Location Marker #1307,Central Zone,Urgent emergency alert dispatched to response command center.,REPORTED,6.2,2026-07-30 19:02:19
1308,EMG-20260730-1308,ACCIDENT,CRITICAL,Location Marker #1308,East District,Urgent emergency alert dispatched to response command center.,CLOSED,11.1,2026-07-30 20:02:19
1309,EMG-20260730-1309,MEDICAL,CRITICAL,Location Marker #1309,West District,Urgent emergency alert dispatched to response command center.,ON_SITE,15.8,2026-07-30 21:02:19
1310,EMG-20260730-1310,INFRASTRUCTURE_FAILURE,CRITICAL,Location Marker #1310,North District,Urgent emergency alert dispatched to response command center.,DISPATCHED,21.0,2026-07-30 22:02:19
1311,EMG-20260730-1311,ACCIDENT,HIGH,Location Marker #1311,Industrial Zone,Urgent emergency alert dispatched to response command center.,RESOLVED,24.4,2026-07-30 23:02:19
1312,EMG-20260731-1312,FIRE,CRITICAL,Location Marker #1312,North District,Urgent emergency alert dispatched to response command center.,REPORTED,20.0,2026-07-31 00:02:19
1313,EMG-20260731-1313,SECURITY_INCIDENT,CRITICAL,Location Marker #1313,Central Zone,Urgent emergency alert dispatched to response command center.,CLOSED,17.8,2026-07-31 01:02:19
1314,EMG-20260731-1314,ACCIDENT,CRITICAL,Location Marker #1314,South District,Urgent emergency alert dispatched to response command center.,CLOSED,15.0,2026-07-31 02:02:19
1315,EMG-20260731-1315,MEDICAL,HIGH,Location Marker #1315,Central Zone,Urgent emergency alert dispatched to response command center.,RESOLVED,17.9,2026-07-31 03:02:19
1316,EMG-20260731-1316,ROAD_BLOCKAGE,HIGH,Location Marker #1316,East District,Urgent emergency alert dispatched to response command center.,RESOLVED,16.9,2026-07-31 04:02:19
1317,EMG-20260731-1317,FLOOD,CRITICAL,Location Marker #1317,West District,Urgent emergency alert dispatched to response command center.,DISPATCHED,8.2,2026-07-31 05:02:19
1318,EMG-20260731-1318,FLOOD,CRITICAL,Location Marker #1318,East District,Urgent emergency alert dispatched to response command center.,DISPATCHED,15.0,2026-07-31 06:02:19
1319,EMG-20260731-1319,FIRE,CRITICAL,Location Marker #1319,North District,Urgent emergency alert dispatched to response command center.,RESOLVED,22.1,2026-07-31 07:02:19
1320,EMG-20260731-1320,FLOOD,CRITICAL,Location Marker #1320,Industrial Zone,Urgent emergency alert dispatched to response command center.,REPORTED,23.0,2026-07-31 08:02:19
1321,EMG-20260731-1321,SECURITY_INCIDENT,CRITICAL,Location Marker #1321,Central Zone,Urgent emergency alert dispatched to response command center.,CLOSED,20.6,2026-07-31 09:02:19
1322,EMG-20260731-1322,ACCIDENT,CRITICAL,Location Marker #1322,Central Zone,Urgent emergency alert dispatched to response command center.,REPORTED,5.4,2026-07-31 10:02:19
1323,EMG-20260731-1323,ACCIDENT,CRITICAL,Location Marker #1323,South District,Urgent emergency alert dispatched to response command center.,DISPATCHED,16.1,2026-07-31 11:02:19
1324,EMG-20260731-1324,ROAD_BLOCKAGE,HIGH,Location Marker #1324,South District,Urgent emergency alert dispatched to response command center.,DISPATCHED,5.2,2026-07-31 12:02:19
1325,EMG-20260731-1325,MEDICAL,HIGH,Location Marker #1325,East District,Urgent emergency alert dispatched to response command center.,CLOSED,6.5,2026-07-31 13:02:19
1326,EMG-20260731-1326,FIRE,HIGH,Location Marker #1326,North District,Urgent emergency alert dispatched to response command center.,CLOSED,20.7,2026-07-31 14:02:19
1327,EMG-20260731-1327,ACCIDENT,CRITICAL,Location Marker #1327,North District,Urgent emergency alert dispatched to response command center.,ON_SITE,9.9,2026-07-31 15:02:19
1328,EMG-20260731-1328,ACCIDENT,HIGH,Location Marker #1328,Industrial Zone,Urgent emergency alert dispatched to response command center.,DISPATCHED,19.8,2026-07-31 16:02:19
1329,EMG-20260731-1329,FIRE,HIGH,Location Marker #1329,North District,Urgent emergency alert dispatched to response command center.,ON_SITE,9.4,2026-07-31 17:02:19
1330,EMG-20260731-1330,SECURITY_INCIDENT,CRITICAL,Location Marker #1330,Central Zone,Urgent emergency alert dispatched to response command center.,REPORTED,5.4,2026-07-31 18:02:19
1331,EMG-20260731-1331,FLOOD,CRITICAL,Location Marker #1331,East District,Urgent emergency alert dispatched to response command center.,CLOSED,14.3,2026-07-31 19:02:19
1332,EMG-20260731-1332,SECURITY_INCIDENT,CRITICAL,Location Marker #1332,North District,Urgent emergency alert dispatched to response command center.,CLOSED,6.1,2026-07-31 20:02:19
1333,EMG-20260731-1333,INFRASTRUCTURE_FAILURE,HIGH,Location Marker #1333,East District,Urgent emergency alert dispatched to response command center.,REPORTED,8.1,2026-07-31 21:02:19
1334,EMG-20260731-1334,INFRASTRUCTURE_FAILURE,CRITICAL,Location Marker #1334,Central Zone,Urgent emergency alert dispatched to response command center.,RESOLVED,12.3,2026-07-31 22:02:19
1335,EMG-20260731-1335,FIRE,CRITICAL,Location Marker #1335,South District,Urgent emergency alert dispatched to response command center.,REPORTED,14.6,2026-07-31 23:02:19
1336,EMG-20260801-1336,INFRASTRUCTURE_FAILURE,CRITICAL,Location Marker #1336,Central Zone,Urgent emergency alert dispatched to response command center.,ON_SITE,6.4,2026-08-01 00:02:19
1337,EMG-20260801-1337,SECURITY_INCIDENT,CRITICAL,Location Marker #1337,Central Zone,Urgent emergency alert dispatched to response command center.,DISPATCHED,14.0,2026-08-01 01:02:19
1338,EMG-20260801-1338,INFRASTRUCTURE_FAILURE,CRITICAL,Location Marker #1338,Industrial Zone,Urgent emergency alert dispatched to response command center.,ON_SITE,13.0,2026-08-01 02:02:19
1339,EMG-20260801-1339,ROAD_BLOCKAGE,HIGH,Location Marker #1339,South District,Urgent emergency alert dispatched to response command center.,RESOLVED,18.9,2026-08-01 03:02:19
1340,EMG-20260801-1340,MEDICAL,HIGH,Location Marker #1340,South District,Urgent emergency alert dispatched to response command center.,CLOSED,5.9,2026-08-01 04:02:19
1341,EMG-20260801-1341,FLOOD,HIGH,Location Marker #1341,North District,Urgent emergency alert dispatched to response command center.,DISPATCHED,4.1,2026-08-01 05:02:19
1342,EMG-20260801-1342,ACCIDENT,CRITICAL,Location Marker #1342,Industrial Zone,Urgent emergency alert dispatched to response command center.,ON_SITE,21.5,2026-08-01 06:02:19
1343,EMG-20260801-1343,SECURITY_INCIDENT,HIGH,Location Marker #1343,Central Zone,Urgent emergency alert dispatched to response command center.,ON_SITE,16.6,2026-08-01 07:02:19
1344,EMG-20260801-1344,INFRASTRUCTURE_FAILURE,CRITICAL,Location Marker #1344,South District,Urgent emergency alert dispatched to response command center.,DISPATCHED,20.6,2026-08-01 08:02:19
1345,EMG-20260801-1345,FIRE,HIGH,Location Marker #1345,Industrial Zone,Urgent emergency alert dispatched to response command center.,CLOSED,24.3,2026-08-01 09:02:19
1346,EMG-20260801-1346,FLOOD,CRITICAL,Location Marker #1346,South District,Urgent emergency alert dispatched to response command center.,CLOSED,12.3,2026-08-01 10:02:19
1347,EMG-20260801-1347,FIRE,CRITICAL,Location Marker #1347,West District,Urgent emergency alert dispatched to response command center.,REPORTED,14.2,2026-08-01 11:02:19
1348,EMG-20260801-1348,FLOOD,HIGH,Location Marker #1348,Central Zone,Urgent emergency alert dispatched to response command center.,DISPATCHED,19.0,2026-08-01 12:02:19
1349,EMG-20260801-1349,INFRASTRUCTURE_FAILURE,CRITICAL,Location Marker #1349,South District,Urgent emergency alert dispatched to response command center.,ON_SITE,11.5,2026-08-01 13:02:19
1350,EMG-20260801-1350,FLOOD,CRITICAL,Location Marker #1350,Central Zone,Urgent emergency alert dispatched to response command center.,RESOLVED,11.3,2026-08-01 14:02:19
1351,EMG-20260801-1351,SECURITY_INCIDENT,CRITICAL,Location Marker #1351,West District,Urgent emergency alert dispatched to response command center.,DISPATCHED,11.2,2026-08-01 15:02:19
1352,EMG-20260801-1352,MEDICAL,HIGH,Location Marker #1352,East District,Urgent emergency alert dispatched to response command center.,DISPATCHED,15.8,2026-08-01 16:02:19
1353,EMG-20260801-1353,MEDICAL,CRITICAL,Location Marker #1353,South District,Urgent emergency alert dispatched to response command center.,CLOSED,15.0,2026-08-01 17:02:19
1354,EMG-20260801-1354,INFRASTRUCTURE_FAILURE,CRITICAL,Location Marker #1354,South District,Urgent emergency alert dispatched to response command center.,DISPATCHED,14.1,2026-08-01 18:02:19
1355,EMG-20260801-1355,FLOOD,HIGH,Location Marker #1355,Central Zone,Urgent emergency alert dispatched to response command center.,REPORTED,17.1,2026-08-01 19:02:19
1356,EMG-20260801-1356,MEDICAL,HIGH,Location Marker #1356,Central Zone,Urgent emergency alert dispatched to response command center.,DISPATCHED,5.5,2026-08-01 20:02:19
1357,EMG-20260801-1357,SECURITY_INCIDENT,HIGH,Location Marker #1357,North District,Urgent emergency alert dispatched to response command center.,ON_SITE,14.0,2026-08-01 21:02:19
1358,EMG-20260801-1358,ROAD_BLOCKAGE,HIGH,Location Marker #1358,North District,Urgent emergency alert dispatched to response command center.,CLOSED,15.0,2026-08-01 22:02:19
1359,EMG-20260801-1359,INFRASTRUCTURE_FAILURE,HIGH,Location Marker #1359,Central Zone,Urgent emergency alert dispatched to response command center.,DISPATCHED,21.0,2026-08-01 23:02:19
1360,EMG-20260802-1360,ROAD_BLOCKAGE,CRITICAL,Location Marker #1360,West District,Urgent emergency alert dispatched to response command center.,RESOLVED,16.6,2026-08-02 00:02:19
1361,EMG-20260802-1361,FIRE,HIGH,Location Marker #1361,West District,Urgent emergency alert dispatched to response command center.,CLOSED,22.8,2026-08-02 01:02:19
1362,EMG-20260802-1362,ROAD_BLOCKAGE,CRITICAL,Location Marker #1362,South District,Urgent emergency alert dispatched to response command center.,CLOSED,17.2,2026-08-02 02:02:19
1363,EMG-20260802-1363,FIRE,CRITICAL,Location Marker #1363,Central Zone,Urgent emergency alert dispatched to response command center.,REPORTED,21.0,2026-08-02 03:02:19
1364,EMG-20260802-1364,MEDICAL,CRITICAL,Location Marker #1364,North District,Urgent emergency alert dispatched to response command center.,CLOSED,22.9,2026-08-02 04:02:19
1365,EMG-20260802-1365,FLOOD,CRITICAL,Location Marker #1365,South District,Urgent emergency alert dispatched to response command center.,REPORTED,5.6,2026-08-02 05:02:19
1366,EMG-20260802-1366,FIRE,CRITICAL,Location Marker #1366,North District,Urgent emergency alert dispatched to response command center.,CLOSED,7.9,2026-08-02 06:02:19
1367,EMG-20260802-1367,SECURITY_INCIDENT,CRITICAL,Location Marker #1367,Central Zone,Urgent emergency alert dispatched to response command center.,DISPATCHED,19.3,2026-08-02 07:02:19
1368,EMG-20260802-1368,SECURITY_INCIDENT,HIGH,Location Marker #1368,Central Zone,Urgent emergency alert dispatched to response command center.,ON_SITE,7.8,2026-08-02 08:02:19
1369,EMG-20260802-1369,ACCIDENT,CRITICAL,Location Marker #1369,Central Zone,Urgent emergency alert dispatched to response command center.,CLOSED,9.1,2026-08-02 09:02:19
1370,EMG-20260802-1370,MEDICAL,CRITICAL,Location Marker #1370,Industrial Zone,Urgent emergency alert dispatched to response command center.,CLOSED,5.6,2026-08-02 10:02:19
1371,EMG-20260802-1371,ROAD_BLOCKAGE,CRITICAL,Location Marker #1371,East District,Urgent emergency alert dispatched to response command center.,REPORTED,15.0,2026-08-02 11:02:19
1372,EMG-20260802-1372,SECURITY_INCIDENT,HIGH,Location Marker #1372,Central Zone,Urgent emergency alert dispatched to response command center.,DISPATCHED,11.9,2026-08-02 12:02:19
1373,EMG-20260802-1373,ACCIDENT,HIGH,Location Marker #1373,South District,Urgent emergency alert dispatched to response command center.,DISPATCHED,16.1,2026-08-02 13:02:19
1374,EMG-20260802-1374,INFRASTRUCTURE_FAILURE,HIGH,Location Marker #1374,Central Zone,Urgent emergency alert dispatched to response command center.,REPORTED,19.2,2026-08-02 14:02:19
1375,EMG-20260802-1375,ACCIDENT,CRITICAL,Location Marker #1375,West District,Urgent emergency alert dispatched to response command center.,DISPATCHED,5.1,2026-08-02 15:02:19
1376,EMG-20260802-1376,FLOOD,HIGH,Location Marker #1376,North District,Urgent emergency alert dispatched to response command center.,RESOLVED,18.4,2026-08-02 16:02:19
1377,EMG-20260802-1377,INFRASTRUCTURE_FAILURE,CRITICAL,Location Marker #1377,North District,Urgent emergency alert dispatched to response command center.,REPORTED,18.8,2026-08-02 17:02:19
1378,EMG-20260802-1378,SECURITY_INCIDENT,HIGH,Location Marker #1378,North District,Urgent emergency alert dispatched to response command center.,DISPATCHED,14.8,2026-08-02 18:02:19
1379,EMG-20260802-1379,MEDICAL,CRITICAL,Location Marker #1379,Central Zone,Urgent emergency alert dispatched to response command center.,REPORTED,10.9,2026-08-02 19:02:19
1380,EMG-20260802-1380,FLOOD,HIGH,Location Marker #1380,East District,Urgent emergency alert dispatched to response command center.,CLOSED,11.2,2026-08-02 20:02:19
1381,EMG-20260802-1381,ACCIDENT,HIGH,Location Marker #1381,Central Zone,Urgent emergency alert dispatched to response command center.,RESOLVED,13.4,2026-08-02 21:02:19
1382,EMG-20260802-1382,ACCIDENT,HIGH,Location Marker #1382,South District,Urgent emergency alert dispatched to response command center.,DISPATCHED,20.5,2026-08-02 22:02:19
1383,EMG-20260802-1383,INFRASTRUCTURE_FAILURE,CRITICAL,Location Marker #1383,Industrial Zone,Urgent emergency alert dispatched to response command center.,ON_SITE,21.2,2026-08-02 23:02:19
1384,EMG-20260803-1384,FIRE,HIGH,Location Marker #1384,Central Zone,Urgent emergency alert dispatched to response command center.,REPORTED,20.3,2026-08-03 00:02:19
1385,EMG-20260803-1385,ROAD_BLOCKAGE,CRITICAL,Location Marker #1385,West District,Urgent emergency alert dispatched to response command center.,ON_SITE,13.5,2026-08-03 01:02:19
1386,EMG-20260803-1386,FIRE,HIGH,Location Marker #1386,East District,Urgent emergency alert dispatched to response command center.,RESOLVED,5.5,2026-08-03 02:02:19
1387,EMG-20260803-1387,ACCIDENT,CRITICAL,Location Marker #1387,Industrial Zone,Urgent emergency alert dispatched to response command center.,CLOSED,21.6,2026-08-03 03:02:19
1388,EMG-20260803-1388,ROAD_BLOCKAGE,HIGH,Location Marker #1388,North District,Urgent emergency alert dispatched to response command center.,CLOSED,5.1,2026-08-03 04:02:19
1389,EMG-20260803-1389,INFRASTRUCTURE_FAILURE,CRITICAL,Location Marker #1389,Central Zone,Urgent emergency alert dispatched to response command center.,DISPATCHED,5.8,2026-08-03 05:02:19
1390,EMG-20260803-1390,MEDICAL,CRITICAL,Location Marker #1390,Central Zone,Urgent emergency alert dispatched to response command center.,DISPATCHED,6.2,2026-08-03 06:02:19
1391,EMG-20260803-1391,FLOOD,HIGH,Location Marker #1391,East District,Urgent emergency alert dispatched to response command center.,CLOSED,15.9,2026-08-03 07:02:19
1392,EMG-20260803-1392,FIRE,HIGH,Location Marker #1392,South District,Urgent emergency alert dispatched to response command center.,DISPATCHED,4.9,2026-08-03 08:02:19
1393,EMG-20260803-1393,INFRASTRUCTURE_FAILURE,HIGH,Location Marker #1393,South District,Urgent emergency alert dispatched to response command center.,REPORTED,6.2,2026-08-03 09:02:19
1394,EMG-20260803-1394,ROAD_BLOCKAGE,CRITICAL,Location Marker #1394,Industrial Zone,Urgent emergency alert dispatched to response command center.,ON_SITE,12.1,2026-08-03 10:02:19
1395,EMG-20260803-1395,FLOOD,CRITICAL,Location Marker #1395,East District,Urgent emergency alert dispatched to response command center.,REPORTED,15.4,2026-08-03 11:02:19
1396,EMG-20260803-1396,ROAD_BLOCKAGE,HIGH,Location Marker #1396,East District,Urgent emergency alert dispatched to response command center.,CLOSED,7.7,2026-08-03 12:02:19
1397,EMG-20260803-1397,MEDICAL,HIGH,Location Marker #1397,West District,Urgent emergency alert dispatched to response command center.,CLOSED,15.7,2026-08-03 13:02:19
1398,EMG-20260803-1398,FLOOD,CRITICAL,Location Marker #1398,East District,Urgent emergency alert dispatched to response command center.,CLOSED,10.3,2026-08-03 14:02:19
1399,EMG-20260803-1399,FLOOD,CRITICAL,Location Marker #1399,Central Zone,Urgent emergency alert dispatched to response command center.,RESOLVED,20.2,2026-08-03 15:02:19
1400,EMG-20260803-1400,FIRE,CRITICAL,Location Marker #1400,East District,Urgent emergency alert dispatched to response command center.,ON_SITE,6.2,2026-08-03 16:02:19
1401,EMG-20260803-1401,FIRE,CRITICAL,Location Marker #1401,West District,Urgent emergency alert dispatched to response command center.,REPORTED,13.1,2026-08-03 17:02:19
1402,EMG-20260803-1402,INFRASTRUCTURE_FAILURE,HIGH,Location Marker #1402,South District,Urgent emergency alert dispatched to response command center.,CLOSED,23.1,2026-08-03 18:02:19
1403,EMG-20260803-1403,FIRE,CRITICAL,Location Marker #1403,South District,Urgent emergency alert dispatched to response command center.,DISPATCHED,6.0,2026-08-03 19:02:19
1404,EMG-20260803-1404,INFRASTRUCTURE_FAILURE,HIGH,Location Marker #1404,South District,Urgent emergency alert dispatched to response command center.,ON_SITE,12.6,2026-08-03 20:02:19
1405,EMG-20260803-1405,ROAD_BLOCKAGE,HIGH,Location Marker #1405,Central Zone,Urgent emergency alert dispatched to response command center.,ON_SITE,5.4,2026-08-03 21:02:19
1406,EMG-20260803-1406,ACCIDENT,HIGH,Location Marker #1406,North District,Urgent emergency alert dispatched to response command center.,DISPATCHED,21.8,2026-08-03 22:02:19
1407,EMG-20260803-1407,INFRASTRUCTURE_FAILURE,HIGH,Location Marker #1407,North District,Urgent emergency alert dispatched to response command center.,DISPATCHED,9.8,2026-08-03 23:02:19
1408,EMG-20260804-1408,FLOOD,CRITICAL,Location Marker #1408,North District,Urgent emergency alert dispatched to response command center.,REPORTED,21.0,2026-08-04 00:02:19
1409,EMG-20260804-1409,MEDICAL,CRITICAL,Location Marker #1409,West District,Urgent emergency alert dispatched to response command center.,RESOLVED,17.9,2026-08-04 01:02:19
1410,EMG-20260804-1410,SECURITY_INCIDENT,HIGH,Location Marker #1410,South District,Urgent emergency alert dispatched to response command center.,CLOSED,8.2,2026-08-04 02:02:19
1411,EMG-20260804-1411,FIRE,CRITICAL,Location Marker #1411,North District,Urgent emergency alert dispatched to response command center.,DISPATCHED,10.4,2026-08-04 03:02:19
1412,EMG-20260804-1412,MEDICAL,CRITICAL,Location Marker #1412,Central Zone,Urgent emergency alert dispatched to response command center.,REPORTED,15.4,2026-08-04 04:02:19
1413,EMG-20260804-1413,INFRASTRUCTURE_FAILURE,CRITICAL,Location Marker #1413,Industrial Zone,Urgent emergency alert dispatched to response command center.,REPORTED,22.3,2026-08-04 05:02:19
1414,EMG-20260804-1414,ACCIDENT,CRITICAL,Location Marker #1414,West District,Urgent emergency alert dispatched to response command center.,DISPATCHED,15.0,2026-08-04 06:02:19
1415,EMG-20260804-1415,MEDICAL,CRITICAL,Location Marker #1415,North District,Urgent emergency alert dispatched to response command center.,CLOSED,9.5,2026-08-04 07:02:19
1416,EMG-20260804-1416,INFRASTRUCTURE_FAILURE,CRITICAL,Location Marker #1416,North District,Urgent emergency alert dispatched to response command center.,DISPATCHED,19.6,2026-08-04 08:02:19
1417,EMG-20260804-1417,FLOOD,CRITICAL,Location Marker #1417,East District,Urgent emergency alert dispatched to response command center.,CLOSED,4.8,2026-08-04 09:02:19
1418,EMG-20260804-1418,ROAD_BLOCKAGE,CRITICAL,Location Marker #1418,North District,Urgent emergency alert dispatched to response command center.,RESOLVED,21.8,2026-08-04 10:02:19
1419,EMG-20260804-1419,SECURITY_INCIDENT,CRITICAL,Location Marker #1419,North District,Urgent emergency alert dispatched to response command center.,DISPATCHED,10.1,2026-08-04 11:02:19
1420,EMG-20260804-1420,ROAD_BLOCKAGE,CRITICAL,Location Marker #1420,North District,Urgent emergency alert dispatched to response command center.,CLOSED,19.4,2026-08-04 12:02:19
1421,EMG-20260804-1421,ROAD_BLOCKAGE,HIGH,Location Marker #1421,South District,Urgent emergency alert dispatched to response command center.,DISPATCHED,22.5,2026-08-04 13:02:19
1422,EMG-20260804-1422,FIRE,HIGH,Location Marker #1422,West District,Urgent emergency alert dispatched to response command center.,CLOSED,9.0,2026-08-04 14:02:19
1423,EMG-20260804-1423,ACCIDENT,HIGH,Location Marker #1423,North District,Urgent emergency alert dispatched to response command center.,REPORTED,13.6,2026-08-04 15:02:19
1424,EMG-20260804-1424,ROAD_BLOCKAGE,CRITICAL,Location Marker #1424,West District,Urgent emergency alert dispatched to response command center.,ON_SITE,12.5,2026-08-04 16:02:19
1425,EMG-20260804-1425,ROAD_BLOCKAGE,CRITICAL,Location Marker #1425,South District,Urgent emergency alert dispatched to response command center.,RESOLVED,19.1,2026-08-04 17:02:19
1426,EMG-20260804-1426,MEDICAL,CRITICAL,Location Marker #1426,Central Zone,Urgent emergency alert dispatched to response command center.,DISPATCHED,20.4,2026-08-04 18:02:19
1427,EMG-20260804-1427,ACCIDENT,CRITICAL,Location Marker #1427,East District,Urgent emergency alert dispatched to response command center.,RESOLVED,23.8,2026-08-04 19:02:19
1428,EMG-20260804-1428,SECURITY_INCIDENT,HIGH,Location Marker #1428,East District,Urgent emergency alert dispatched to response command center.,DISPATCHED,24.4,2026-08-04 20:02:19
1429,EMG-20260804-1429,FLOOD,HIGH,Location Marker #1429,Industrial Zone,Urgent emergency alert dispatched to response command center.,RESOLVED,14.8,2026-08-04 21:02:19
1430,EMG-20260804-1430,SECURITY_INCIDENT,CRITICAL,Location Marker #1430,South District,Urgent emergency alert dispatched to response command center.,RESOLVED,24.7,2026-08-04 22:02:19
1431,EMG-20260804-1431,ROAD_BLOCKAGE,HIGH,Location Marker #1431,South District,Urgent emergency alert dispatched to response command center.,CLOSED,9.5,2026-08-04 23:02:19
1432,EMG-20260805-1432,ROAD_BLOCKAGE,CRITICAL,Location Marker #1432,West District,Urgent emergency alert dispatched to response command center.,DISPATCHED,16.4,2026-08-05 00:02:19
1433,EMG-20260805-1433,MEDICAL,HIGH,Location Marker #1433,Central Zone,Urgent emergency alert dispatched to response command center.,DISPATCHED,17.2,2026-08-05 01:02:19
1434,EMG-20260805-1434,MEDICAL,HIGH,Location Marker #1434,East District,Urgent emergency alert dispatched to response command center.,CLOSED,20.1,2026-08-05 02:02:19
1435,EMG-20260805-1435,MEDICAL,HIGH,Location Marker #1435,West District,Urgent emergency alert dispatched to response command center.,DISPATCHED,15.3,2026-08-05 03:02:19
1436,EMG-20260805-1436,SECURITY_INCIDENT,CRITICAL,Location Marker #1436,South District,Urgent emergency alert dispatched to response command center.,RESOLVED,17.8,2026-08-05 04:02:19
1437,EMG-20260805-1437,ACCIDENT,CRITICAL,Location Marker #1437,West District,Urgent emergency alert dispatched to response command center.,DISPATCHED,23.9,2026-08-05 05:02:19
1438,EMG-20260805-1438,MEDICAL,HIGH,Location Marker #1438,East District,Urgent emergency alert dispatched to response command center.,REPORTED,19.5,2026-08-05 06:02:19
1439,EMG-20260805-1439,FLOOD,CRITICAL,Location Marker #1439,Central Zone,Urgent emergency alert dispatched to response command center.,RESOLVED,15.1,2026-08-05 07:02:19
1440,EMG-20260805-1440,INFRASTRUCTURE_FAILURE,HIGH,Location Marker #1440,Central Zone,Urgent emergency alert dispatched to response command center.,RESOLVED,8.9,2026-08-05 08:02:19
1441,EMG-20260805-1441,SECURITY_INCIDENT,HIGH,Location Marker #1441,Central Zone,Urgent emergency alert dispatched to response command center.,CLOSED,11.2,2026-08-05 09:02:19
1442,EMG-20260805-1442,INFRASTRUCTURE_FAILURE,CRITICAL,Location Marker #1442,West District,Urgent emergency alert dispatched to response command center.,CLOSED,21.0,2026-08-05 10:02:19
1443,EMG-20260805-1443,ACCIDENT,HIGH,Location Marker #1443,West District,Urgent emergency alert dispatched to response command center.,REPORTED,21.1,2026-08-05 11:02:19
1444,EMG-20260805-1444,FIRE,CRITICAL,Location Marker #1444,South District,Urgent emergency alert dispatched to response command center.,CLOSED,15.1,2026-08-05 12:02:19
1445,EMG-20260805-1445,INFRASTRUCTURE_FAILURE,HIGH,Location Marker #1445,Industrial Zone,Urgent emergency alert dispatched to response command center.,CLOSED,15.8,2026-08-05 13:02:19
1446,EMG-20260805-1446,INFRASTRUCTURE_FAILURE,CRITICAL,Location Marker #1446,West District,Urgent emergency alert dispatched to response command center.,ON_SITE,23.3,2026-08-05 14:02:19
1447,EMG-20260805-1447,INFRASTRUCTURE_FAILURE,HIGH,Location Marker #1447,Central Zone,Urgent emergency alert dispatched to response command center.,CLOSED,13.1,2026-08-05 15:02:19
1448,EMG-20260805-1448,FIRE,HIGH,Location Marker #1448,East District,Urgent emergency alert dispatched to response command center.,RESOLVED,24.6,2026-08-05 16:02:19
1449,EMG-20260805-1449,INFRASTRUCTURE_FAILURE,HIGH,Location Marker #1449,South District,Urgent emergency alert dispatched to response command center.,REPORTED,7.8,2026-08-05 17:02:19
1450,EMG-20260805-1450,FLOOD,CRITICAL,Location Marker #1450,Central Zone,Urgent emergency alert dispatched to response command center.,RESOLVED,16.9,2026-08-05 18:02:19
1451,EMG-20260805-1451,ACCIDENT,CRITICAL,Location Marker #1451,West District,Urgent emergency alert dispatched to response command center.,ON_SITE,24.7,2026-08-05 19:02:19
1452,EMG-20260805-1452,INFRASTRUCTURE_FAILURE,CRITICAL,Location Marker #1452,South District,Urgent emergency alert dispatched to response command center.,RESOLVED,6.1,2026-08-05 20:02:19
1453,EMG-20260805-1453,INFRASTRUCTURE_FAILURE,HIGH,Location Marker #1453,East District,Urgent emergency alert dispatched to response command center.,REPORTED,17.3,2026-08-05 21:02:19
1454,EMG-20260805-1454,MEDICAL,CRITICAL,Location Marker #1454,North District,Urgent emergency alert dispatched to response command center.,REPORTED,8.2,2026-08-05 22:02:19
1455,EMG-20260805-1455,FLOOD,HIGH,Location Marker #1455,North District,Urgent emergency alert dispatched to response command center.,ON_SITE,6.3,2026-08-05 23:02:19
1456,EMG-20260806-1456,ROAD_BLOCKAGE,CRITICAL,Location Marker #1456,Industrial Zone,Urgent emergency alert dispatched to response command center.,ON_SITE,12.4,2026-08-06 00:02:19
1457,EMG-20260806-1457,ROAD_BLOCKAGE,CRITICAL,Location Marker #1457,Central Zone,Urgent emergency alert dispatched to response command center.,ON_SITE,20.0,2026-08-06 01:02:19
1458,EMG-20260806-1458,FLOOD,CRITICAL,Location Marker #1458,Industrial Zone,Urgent emergency alert dispatched to response command center.,CLOSED,8.4,2026-08-06 02:02:19
1459,EMG-20260806-1459,MEDICAL,HIGH,Location Marker #1459,Central Zone,Urgent emergency alert dispatched to response command center.,RESOLVED,21.6,2026-08-06 03:02:19
1460,EMG-20260806-1460,ACCIDENT,CRITICAL,Location Marker #1460,Industrial Zone,Urgent emergency alert dispatched to response command center.,CLOSED,15.4,2026-08-06 04:02:19
1461,EMG-20260806-1461,SECURITY_INCIDENT,CRITICAL,Location Marker #1461,West District,Urgent emergency alert dispatched to response command center.,ON_SITE,19.7,2026-08-06 05:02:19
1462,EMG-20260806-1462,INFRASTRUCTURE_FAILURE,CRITICAL,Location Marker #1462,East District,Urgent emergency alert dispatched to response command center.,ON_SITE,4.5,2026-08-06 06:02:19
1463,EMG-20260806-1463,MEDICAL,CRITICAL,Location Marker #1463,East District,Urgent emergency alert dispatched to response command center.,DISPATCHED,20.9,2026-08-06 07:02:19
1464,EMG-20260806-1464,FIRE,HIGH,Location Marker #1464,North District,Urgent emergency alert dispatched to response command center.,ON_SITE,14.2,2026-08-06 08:02:19
1465,EMG-20260806-1465,ROAD_BLOCKAGE,CRITICAL,Location Marker #1465,North District,Urgent emergency alert dispatched to response command center.,REPORTED,9.1,2026-08-06 09:02:19
1466,EMG-20260806-1466,FIRE,HIGH,Location Marker #1466,East District,Urgent emergency alert dispatched to response command center.,ON_SITE,5.3,2026-08-06 10:02:19
1467,EMG-20260806-1467,SECURITY_INCIDENT,HIGH,Location Marker #1467,West District,Urgent emergency alert dispatched to response command center.,RESOLVED,16.9,2026-08-06 11:02:19
1468,EMG-20260806-1468,FLOOD,CRITICAL,Location Marker #1468,South District,Urgent emergency alert dispatched to response command center.,CLOSED,15.1,2026-08-06 12:02:19
1469,EMG-20260806-1469,MEDICAL,CRITICAL,Location Marker #1469,West District,Urgent emergency alert dispatched to response command center.,CLOSED,8.8,2026-08-06 13:02:19
1470,EMG-20260806-1470,ACCIDENT,CRITICAL,Location Marker #1470,Central Zone,Urgent emergency alert dispatched to response command center.,RESOLVED,24.6,2026-08-06 14:02:19
1471,EMG-20260806-1471,ROAD_BLOCKAGE,CRITICAL,Location Marker #1471,Central Zone,Urgent emergency alert dispatched to response command center.,CLOSED,11.6,2026-08-06 15:02:19
1472,EMG-20260806-1472,INFRASTRUCTURE_FAILURE,CRITICAL,Location Marker #1472,South District,Urgent emergency alert dispatched to response command center.,RESOLVED,16.4,2026-08-06 16:02:19
1473,EMG-20260806-1473,ROAD_BLOCKAGE,CRITICAL,Location Marker #1473,Industrial Zone,Urgent emergency alert dispatched to response command center.,RESOLVED,4.1,2026-08-06 17:02:19
1474,EMG-20260806-1474,ROAD_BLOCKAGE,HIGH,Location Marker #1474,North District,Urgent emergency alert dispatched to response command center.,REPORTED,24.5,2026-08-06 18:02:19
1475,EMG-20260806-1475,FIRE,HIGH,Location Marker #1475,Industrial Zone,Urgent emergency alert dispatched to response command center.,RESOLVED,15.8,2026-08-06 19:02:19
1476,EMG-20260806-1476,INFRASTRUCTURE_FAILURE,HIGH,Location Marker #1476,North District,Urgent emergency alert dispatched to response command center.,CLOSED,17.9,2026-08-06 20:02:19
1477,EMG-20260806-1477,FIRE,CRITICAL,Location Marker #1477,South District,Urgent emergency alert dispatched to response command center.,DISPATCHED,13.2,2026-08-06 21:02:19
1478,EMG-20260806-1478,INFRASTRUCTURE_FAILURE,HIGH,Location Marker #1478,Industrial Zone,Urgent emergency alert dispatched to response command center.,RESOLVED,11.9,2026-08-06 22:02:19
1479,EMG-20260806-1479,FIRE,HIGH,Location Marker #1479,West District,Urgent emergency alert dispatched to response command center.,REPORTED,17.0,2026-08-06 23:02:19
1480,EMG-20260807-1480,ROAD_BLOCKAGE,CRITICAL,Location Marker #1480,Industrial Zone,Urgent emergency alert dispatched to response command center.,CLOSED,22.2,2026-08-07 00:02:19
1481,EMG-20260807-1481,ROAD_BLOCKAGE,HIGH,Location Marker #1481,North District,Urgent emergency alert dispatched to response command center.,RESOLVED,19.7,2026-08-07 01:02:19
1482,EMG-20260807-1482,INFRASTRUCTURE_FAILURE,HIGH,Location Marker #1482,East District,Urgent emergency alert dispatched to response command center.,RESOLVED,10.8,2026-08-07 02:02:19
1483,EMG-20260807-1483,ACCIDENT,HIGH,Location Marker #1483,South District,Urgent emergency alert dispatched to response command center.,DISPATCHED,9.7,2026-08-07 03:02:19
1484,EMG-20260807-1484,ACCIDENT,CRITICAL,Location Marker #1484,Industrial Zone,Urgent emergency alert dispatched to response command center.,DISPATCHED,15.5,2026-08-07 04:02:19
1485,EMG-20260807-1485,FIRE,CRITICAL,Location Marker #1485,Central Zone,Urgent emergency alert dispatched to response command center.,CLOSED,22.8,2026-08-07 05:02:19
1486,EMG-20260807-1486,SECURITY_INCIDENT,HIGH,Location Marker #1486,East District,Urgent emergency alert dispatched to response command center.,ON_SITE,12.2,2026-08-07 06:02:19
1487,EMG-20260807-1487,FIRE,CRITICAL,Location Marker #1487,Central Zone,Urgent emergency alert dispatched to response command center.,ON_SITE,9.5,2026-08-07 07:02:19
1488,EMG-20260807-1488,FLOOD,HIGH,Location Marker #1488,West District,Urgent emergency alert dispatched to response command center.,CLOSED,5.7,2026-08-07 08:02:19
1489,EMG-20260807-1489,INFRASTRUCTURE_FAILURE,HIGH,Location Marker #1489,West District,Urgent emergency alert dispatched to response command center.,DISPATCHED,23.1,2026-08-07 09:02:19
1490,EMG-20260807-1490,INFRASTRUCTURE_FAILURE,CRITICAL,Location Marker #1490,North District,Urgent emergency alert dispatched to response command center.,ON_SITE,7.2,2026-08-07 10:02:19
1491,EMG-20260807-1491,MEDICAL,HIGH,Location Marker #1491,West District,Urgent emergency alert dispatched to response command center.,ON_SITE,19.5,2026-08-07 11:02:19
1492,EMG-20260807-1492,FLOOD,HIGH,Location Marker #1492,Industrial Zone,Urgent emergency alert dispatched to response command center.,RESOLVED,18.7,2026-08-07 12:02:19
1493,EMG-20260807-1493,ROAD_BLOCKAGE,CRITICAL,Location Marker #1493,South District,Urgent emergency alert dispatched to response command center.,REPORTED,24.5,2026-08-07 13:02:19
1494,EMG-20260807-1494,ACCIDENT,HIGH,Location Marker #1494,East District,Urgent emergency alert dispatched to response command center.,DISPATCHED,19.1,2026-08-07 14:02:19
1495,EMG-20260807-1495,FLOOD,HIGH,Location Marker #1495,East District,Urgent emergency alert dispatched to response command center.,DISPATCHED,11.5,2026-08-07 15:02:19
1496,EMG-20260807-1496,SECURITY_INCIDENT,HIGH,Location Marker #1496,West District,Urgent emergency alert dispatched to response command center.,RESOLVED,12.2,2026-08-07 16:02:19
1497,EMG-20260807-1497,INFRASTRUCTURE_FAILURE,HIGH,Location Marker #1497,South District,Urgent emergency alert dispatched to response command center.,ON_SITE,18.5,2026-08-07 17:02:19
1498,EMG-20260807-1498,FIRE,CRITICAL,Location Marker #1498,Industrial Zone,Urgent emergency alert dispatched to response command center.,RESOLVED,20.6,2026-08-07 18:02:19
1499,EMG-20260807-1499,MEDICAL,HIGH,Location Marker #1499,East District,Urgent emergency alert dispatched to response command center.,REPORTED,4.5,2026-08-07 19:02:19
1500,EMG-20260807-1500,ACCIDENT,HIGH,Location Marker #1500,North District,Urgent emergency alert dispatched to response command center.,RESOLVED,4.6,2026-08-07 20:02:19
1501,EMG-20260807-1501,ROAD_BLOCKAGE,HIGH,Location Marker #1501,West District,Urgent emergency alert dispatched to response command center.,DISPATCHED,4.1,2026-08-07 21:02:19
1502,EMG-20260807-1502,MEDICAL,HIGH,Location Marker #1502,South District,Urgent emergency alert dispatched to response command center.,RESOLVED,7.6,2026-08-07 22:02:19
1503,EMG-20260807-1503,MEDICAL,HIGH,Location Marker #1503,Central Zone,Urgent emergency alert dispatched to response command center.,REPORTED,20.9,2026-08-07 23:02:19
1504,EMG-20260808-1504,ACCIDENT,HIGH,Location Marker #1504,North District,Urgent emergency alert dispatched to response command center.,RESOLVED,5.2,2026-08-08 00:02:19
1505,EMG-20260808-1505,FIRE,CRITICAL,Location Marker #1505,South District,Urgent emergency alert dispatched to response command center.,CLOSED,24.0,2026-08-08 01:02:19
1506,EMG-20260808-1506,FIRE,CRITICAL,Location Marker #1506,South District,Urgent emergency alert dispatched to response command center.,ON_SITE,5.1,2026-08-08 02:02:19
1507,EMG-20260808-1507,ACCIDENT,CRITICAL,Location Marker #1507,South District,Urgent emergency alert dispatched to response command center.,REPORTED,24.4,2026-08-08 03:02:19
1508,EMG-20260808-1508,FIRE,CRITICAL,Location Marker #1508,Industrial Zone,Urgent emergency alert dispatched to response command center.,CLOSED,13.0,2026-08-08 04:02:19
1509,EMG-20260808-1509,FIRE,CRITICAL,Location Marker #1509,East District,Urgent emergency alert dispatched to response command center.,ON_SITE,20.3,2026-08-08 05:02:19
1510,EMG-20260808-1510,ACCIDENT,CRITICAL,Location Marker #1510,Central Zone,Urgent emergency alert dispatched to response command center.,RESOLVED,8.7,2026-08-08 06:02:19
1511,EMG-20260808-1511,ROAD_BLOCKAGE,HIGH,Location Marker #1511,Industrial Zone,Urgent emergency alert dispatched to response command center.,CLOSED,9.2,2026-08-08 07:02:19
1512,EMG-20260808-1512,FIRE,CRITICAL,Location Marker #1512,North District,Urgent emergency alert dispatched to response command center.,DISPATCHED,10.2,2026-08-08 08:02:19
1513,EMG-20260808-1513,ACCIDENT,CRITICAL,Location Marker #1513,Industrial Zone,Urgent emergency alert dispatched to response command center.,RESOLVED,17.9,2026-08-08 09:02:19
1514,EMG-20260808-1514,FLOOD,CRITICAL,Location Marker #1514,Industrial Zone,Urgent emergency alert dispatched to response command center.,CLOSED,10.9,2026-08-08 10:02:19
1515,EMG-20260808-1515,ROAD_BLOCKAGE,HIGH,Location Marker #1515,West District,Urgent emergency alert dispatched to response command center.,RESOLVED,24.8,2026-08-08 11:02:19
1516,EMG-20260808-1516,FIRE,CRITICAL,Location Marker #1516,East District,Urgent emergency alert dispatched to response command center.,REPORTED,11.9,2026-08-08 12:02:19
1517,EMG-20260808-1517,ACCIDENT,HIGH,Location Marker #1517,East District,Urgent emergency alert dispatched to response command center.,CLOSED,7.9,2026-08-08 13:02:19
1518,EMG-20260808-1518,INFRASTRUCTURE_FAILURE,CRITICAL,Location Marker #1518,Central Zone,Urgent emergency alert dispatched to response command center.,ON_SITE,8.1,2026-08-08 14:02:19
1519,EMG-20260808-1519,ROAD_BLOCKAGE,HIGH,Location Marker #1519,West District,Urgent emergency alert dispatched to response command center.,REPORTED,14.0,2026-08-08 15:02:19
1520,EMG-20260808-1520,SECURITY_INCIDENT,CRITICAL,Location Marker #1520,Central Zone,Urgent emergency alert dispatched to response command center.,CLOSED,21.4,2026-08-08 16:02:19
1521,EMG-20260808-1521,ROAD_BLOCKAGE,HIGH,Location Marker #1521,West District,Urgent emergency alert dispatched to response command center.,CLOSED,15.3,2026-08-08 17:02:19
1522,EMG-20260808-1522,SECURITY_INCIDENT,HIGH,Location Marker #1522,Central Zone,Urgent emergency alert dispatched to response command center.,REPORTED,9.6,2026-08-08 18:02:19
1523,EMG-20260808-1523,ACCIDENT,CRITICAL,Location Marker #1523,Central Zone,Urgent emergency alert dispatched to response command center.,REPORTED,20.0,2026-08-08 19:02:19
1524,EMG-20260808-1524,ACCIDENT,CRITICAL,Location Marker #1524,South District,Urgent emergency alert dispatched to response command center.,CLOSED,24.2,2026-08-08 20:02:19
1525,EMG-20260808-1525,MEDICAL,CRITICAL,Location Marker #1525,North District,Urgent emergency alert dispatched to response command center.,DISPATCHED,4.6,2026-08-08 21:02:19
1526,EMG-20260808-1526,FIRE,CRITICAL,Location Marker #1526,Industrial Zone,Urgent emergency alert dispatched to response command center.,REPORTED,9.9,2026-08-08 22:02:19
1527,EMG-20260808-1527,ACCIDENT,CRITICAL,Location Marker #1527,East District,Urgent emergency alert dispatched to response command center.,REPORTED,19.1,2026-08-08 23:02:19
1528,EMG-20260809-1528,INFRASTRUCTURE_FAILURE,CRITICAL,Location Marker #1528,North District,Urgent emergency alert dispatched to response command center.,DISPATCHED,21.9,2026-08-09 00:02:19
1529,EMG-20260809-1529,ROAD_BLOCKAGE,HIGH,Location Marker #1529,Industrial Zone,Urgent emergency alert dispatched to response command center.,RESOLVED,9.8,2026-08-09 01:02:19
1530,EMG-20260809-1530,ROAD_BLOCKAGE,HIGH,Location Marker #1530,North District,Urgent emergency alert dispatched to response command center.,RESOLVED,7.2,2026-08-09 02:02:19
1531,EMG-20260809-1531,SECURITY_INCIDENT,CRITICAL,Location Marker #1531,Industrial Zone,Urgent emergency alert dispatched to response command center.,DISPATCHED,21.9,2026-08-09 03:02:19
1532,EMG-20260809-1532,ACCIDENT,CRITICAL,Location Marker #1532,North District,Urgent emergency alert dispatched to response command center.,RESOLVED,14.6,2026-08-09 04:02:19
1533,EMG-20260809-1533,ROAD_BLOCKAGE,HIGH,Location Marker #1533,North District,Urgent emergency alert dispatched to response command center.,DISPATCHED,4.5,2026-08-09 05:02:19
1534,EMG-20260809-1534,FIRE,HIGH,Location Marker #1534,South District,Urgent emergency alert dispatched to response command center.,DISPATCHED,24.4,2026-08-09 06:02:19
1535,EMG-20260809-1535,FIRE,CRITICAL,Location Marker #1535,West District,Urgent emergency alert dispatched to response command center.,ON_SITE,10.0,2026-08-09 07:02:19
1536,EMG-20260809-1536,ROAD_BLOCKAGE,CRITICAL,Location Marker #1536,South District,Urgent emergency alert dispatched to response command center.,DISPATCHED,9.0,2026-08-09 08:02:19
1537,EMG-20260809-1537,ROAD_BLOCKAGE,CRITICAL,Location Marker #1537,East District,Urgent emergency alert dispatched to response command center.,REPORTED,21.2,2026-08-09 09:02:19
1538,EMG-20260809-1538,ACCIDENT,HIGH,Location Marker #1538,Industrial Zone,Urgent emergency alert dispatched to response command center.,RESOLVED,4.1,2026-08-09 10:02:19
1539,EMG-20260809-1539,FIRE,HIGH,Location Marker #1539,East District,Urgent emergency alert dispatched to response command center.,ON_SITE,19.8,2026-08-09 11:02:19
1540,EMG-20260809-1540,FLOOD,CRITICAL,Location Marker #1540,North District,Urgent emergency alert dispatched to response command center.,ON_SITE,11.0,2026-08-09 12:02:19
1541,EMG-20260809-1541,SECURITY_INCIDENT,CRITICAL,Location Marker #1541,South District,Urgent emergency alert dispatched to response command center.,CLOSED,23.4,2026-08-09 13:02:19
1542,EMG-20260809-1542,ROAD_BLOCKAGE,HIGH,Location Marker #1542,East District,Urgent emergency alert dispatched to response command center.,REPORTED,24.3,2026-08-09 14:02:19
1543,EMG-20260809-1543,ROAD_BLOCKAGE,CRITICAL,Location Marker #1543,East District,Urgent emergency alert dispatched to response command center.,DISPATCHED,19.4,2026-08-09 15:02:19
1544,EMG-20260809-1544,MEDICAL,CRITICAL,Location Marker #1544,Central Zone,Urgent emergency alert dispatched to response command center.,REPORTED,19.4,2026-08-09 16:02:19
1545,EMG-20260809-1545,ROAD_BLOCKAGE,CRITICAL,Location Marker #1545,South District,Urgent emergency alert dispatched to response command center.,RESOLVED,12.1,2026-08-09 17:02:19
1546,EMG-20260809-1546,FIRE,CRITICAL,Location Marker #1546,North District,Urgent emergency alert dispatched to response command center.,ON_SITE,7.1,2026-08-09 18:02:19
1547,EMG-20260809-1547,ROAD_BLOCKAGE,CRITICAL,Location Marker #1547,West District,Urgent emergency alert dispatched to response command center.,REPORTED,6.0,2026-08-09 19:02:19
1548,EMG-20260809-1548,SECURITY_INCIDENT,HIGH,Location Marker #1548,Central Zone,Urgent emergency alert dispatched to response command center.,RESOLVED,11.6,2026-08-09 20:02:19
1549,EMG-20260809-1549,ACCIDENT,CRITICAL,Location Marker #1549,Industrial Zone,Urgent emergency alert dispatched to response command center.,REPORTED,21.7,2026-08-09 21:02:19
1550,EMG-20260809-1550,ROAD_BLOCKAGE,HIGH,Location Marker #1550,Central Zone,Urgent emergency alert dispatched to response command center.,ON_SITE,24.7,2026-08-09 22:02:19
1551,EMG-20260809-1551,ROAD_BLOCKAGE,CRITICAL,Location Marker #1551,South District,Urgent emergency alert dispatched to response command center.,REPORTED,17.3,2026-08-09 23:02:19
1552,EMG-20260810-1552,FLOOD,CRITICAL,Location Marker #1552,Central Zone,Urgent emergency alert dispatched to response command center.,ON_SITE,8.3,2026-08-10 00:02:19
1553,EMG-20260810-1553,INFRASTRUCTURE_FAILURE,HIGH,Location Marker #1553,South District,Urgent emergency alert dispatched to response command center.,REPORTED,23.3,2026-08-10 01:02:19
1554,EMG-20260810-1554,ACCIDENT,HIGH,Location Marker #1554,West District,Urgent emergency alert dispatched to response command center.,ON_SITE,18.6,2026-08-10 02:02:19
1555,EMG-20260810-1555,SECURITY_INCIDENT,CRITICAL,Location Marker #1555,West District,Urgent emergency alert dispatched to response command center.,RESOLVED,13.0,2026-08-10 03:02:19
1556,EMG-20260810-1556,FIRE,HIGH,Location Marker #1556,North District,Urgent emergency alert dispatched to response command center.,ON_SITE,23.0,2026-08-10 04:02:19
1557,EMG-20260810-1557,MEDICAL,CRITICAL,Location Marker #1557,East District,Urgent emergency alert dispatched to response command center.,ON_SITE,9.8,2026-08-10 05:02:19
1558,EMG-20260810-1558,FLOOD,CRITICAL,Location Marker #1558,West District,Urgent emergency alert dispatched to response command center.,RESOLVED,20.7,2026-08-10 06:02:19
1559,EMG-20260810-1559,ROAD_BLOCKAGE,CRITICAL,Location Marker #1559,South District,Urgent emergency alert dispatched to response command center.,CLOSED,10.3,2026-08-10 07:02:19
1560,EMG-20260810-1560,FLOOD,HIGH,Location Marker #1560,North District,Urgent emergency alert dispatched to response command center.,RESOLVED,24.7,2026-08-10 08:02:19
1561,EMG-20260810-1561,SECURITY_INCIDENT,CRITICAL,Location Marker #1561,West District,Urgent emergency alert dispatched to response command center.,CLOSED,20.2,2026-08-10 09:02:19
1562,EMG-20260810-1562,ACCIDENT,CRITICAL,Location Marker #1562,West District,Urgent emergency alert dispatched to response command center.,CLOSED,10.9,2026-08-10 10:02:19
1563,EMG-20260810-1563,ACCIDENT,HIGH,Location Marker #1563,West District,Urgent emergency alert dispatched to response command center.,DISPATCHED,5.3,2026-08-10 11:02:19
1564,EMG-20260810-1564,MEDICAL,CRITICAL,Location Marker #1564,West District,Urgent emergency alert dispatched to response command center.,ON_SITE,8.5,2026-08-10 12:02:19
1565,EMG-20260810-1565,ROAD_BLOCKAGE,HIGH,Location Marker #1565,West District,Urgent emergency alert dispatched to response command center.,CLOSED,19.5,2026-08-10 13:02:19
1566,EMG-20260810-1566,ACCIDENT,HIGH,Location Marker #1566,East District,Urgent emergency alert dispatched to response command center.,DISPATCHED,19.6,2026-08-10 14:02:19
1567,EMG-20260810-1567,ROAD_BLOCKAGE,CRITICAL,Location Marker #1567,Industrial Zone,Urgent emergency alert dispatched to response command center.,DISPATCHED,8.5,2026-08-10 15:02:19
1568,EMG-20260810-1568,FIRE,CRITICAL,Location Marker #1568,Central Zone,Urgent emergency alert dispatched to response command center.,REPORTED,8.6,2026-08-10 16:02:19
1569,EMG-20260810-1569,FLOOD,CRITICAL,Location Marker #1569,West District,Urgent emergency alert dispatched to response command center.,DISPATCHED,9.9,2026-08-10 17:02:19
1570,EMG-20260810-1570,ACCIDENT,HIGH,Location Marker #1570,West District,Urgent emergency alert dispatched to response command center.,ON_SITE,20.5,2026-08-10 18:02:19
1571,EMG-20260810-1571,FIRE,HIGH,Location Marker #1571,Industrial Zone,Urgent emergency alert dispatched to response command center.,RESOLVED,22.6,2026-08-10 19:02:19
1572,EMG-20260810-1572,INFRASTRUCTURE_FAILURE,CRITICAL,Location Marker #1572,South District,Urgent emergency alert dispatched to response command center.,DISPATCHED,4.3,2026-08-10 20:02:19
1573,EMG-20260810-1573,ROAD_BLOCKAGE,HIGH,Location Marker #1573,North District,Urgent emergency alert dispatched to response command center.,CLOSED,14.3,2026-08-10 21:02:19
1574,EMG-20260810-1574,ROAD_BLOCKAGE,HIGH,Location Marker #1574,Central Zone,Urgent emergency alert dispatched to response command center.,DISPATCHED,22.6,2026-08-10 22:02:19
1575,EMG-20260810-1575,FIRE,HIGH,Location Marker #1575,Central Zone,Urgent emergency alert dispatched to response command center.,ON_SITE,13.8,2026-08-10 23:02:19
1576,EMG-20260811-1576,FLOOD,HIGH,Location Marker #1576,West District,Urgent emergency alert dispatched to response command center.,REPORTED,15.4,2026-08-11 00:02:19
1577,EMG-20260811-1577,FIRE,HIGH,Location Marker #1577,South District,Urgent emergency alert dispatched to response command center.,ON_SITE,9.4,2026-08-11 01:02:19
1578,EMG-20260811-1578,FLOOD,CRITICAL,Location Marker #1578,West District,Urgent emergency alert dispatched to response command center.,DISPATCHED,24.9,2026-08-11 02:02:19
1579,EMG-20260811-1579,FIRE,HIGH,Location Marker #1579,West District,Urgent emergency alert dispatched to response command center.,DISPATCHED,19.2,2026-08-11 03:02:19
1580,EMG-20260811-1580,ROAD_BLOCKAGE,CRITICAL,Location Marker #1580,North District,Urgent emergency alert dispatched to response command center.,DISPATCHED,23.4,2026-08-11 04:02:19
1581,EMG-20260811-1581,ROAD_BLOCKAGE,HIGH,Location Marker #1581,East District,Urgent emergency alert dispatched to response command center.,ON_SITE,16.5,2026-08-11 05:02:19
1582,EMG-20260811-1582,FIRE,HIGH,Location Marker #1582,North District,Urgent emergency alert dispatched to response command center.,DISPATCHED,16.7,2026-08-11 06:02:19
1583,EMG-20260811-1583,INFRASTRUCTURE_FAILURE,HIGH,Location Marker #1583,Central Zone,Urgent emergency alert dispatched to response command center.,REPORTED,10.2,2026-08-11 07:02:19
1584,EMG-20260811-1584,ROAD_BLOCKAGE,HIGH,Location Marker #1584,West District,Urgent emergency alert dispatched to response command center.,CLOSED,20.4,2026-08-11 08:02:19
1585,EMG-20260811-1585,FLOOD,CRITICAL,Location Marker #1585,West District,Urgent emergency alert dispatched to response command center.,CLOSED,9.4,2026-08-11 09:02:19
1586,EMG-20260811-1586,INFRASTRUCTURE_FAILURE,HIGH,Location Marker #1586,South District,Urgent emergency alert dispatched to response command center.,ON_SITE,7.2,2026-08-11 10:02:19
1587,EMG-20260811-1587,ACCIDENT,CRITICAL,Location Marker #1587,South District,Urgent emergency alert dispatched to response command center.,ON_SITE,22.4,2026-08-11 11:02:19
1588,EMG-20260811-1588,INFRASTRUCTURE_FAILURE,HIGH,Location Marker #1588,Central Zone,Urgent emergency alert dispatched to response command center.,RESOLVED,16.5,2026-08-11 12:02:19
1589,EMG-20260811-1589,FLOOD,HIGH,Location Marker #1589,Industrial Zone,Urgent emergency alert dispatched to response command center.,REPORTED,8.4,2026-08-11 13:02:19
1590,EMG-20260811-1590,FLOOD,CRITICAL,Location Marker #1590,Industrial Zone,Urgent emergency alert dispatched to response command center.,REPORTED,6.5,2026-08-11 14:02:19
1591,EMG-20260811-1591,INFRASTRUCTURE_FAILURE,HIGH,Location Marker #1591,Industrial Zone,Urgent emergency alert dispatched to response command center.,CLOSED,12.8,2026-08-11 15:02:19
1592,EMG-20260811-1592,FIRE,HIGH,Location Marker #1592,West District,Urgent emergency alert dispatched to response command center.,ON_SITE,19.6,2026-08-11 16:02:19
1593,EMG-20260811-1593,INFRASTRUCTURE_FAILURE,CRITICAL,Location Marker #1593,South District,Urgent emergency alert dispatched to response command center.,DISPATCHED,20.8,2026-08-11 17:02:19
1594,EMG-20260811-1594,MEDICAL,CRITICAL,Location Marker #1594,North District,Urgent emergency alert dispatched to response command center.,ON_SITE,9.2,2026-08-11 18:02:19
1595,EMG-20260811-1595,SECURITY_INCIDENT,HIGH,Location Marker #1595,South District,Urgent emergency alert dispatched to response command center.,REPORTED,16.8,2026-08-11 19:02:19
1596,EMG-20260811-1596,ROAD_BLOCKAGE,CRITICAL,Location Marker #1596,North District,Urgent emergency alert dispatched to response command center.,REPORTED,16.5,2026-08-11 20:02:19
1597,EMG-20260811-1597,SECURITY_INCIDENT,HIGH,Location Marker #1597,Central Zone,Urgent emergency alert dispatched to response command center.,REPORTED,5.9,2026-08-11 21:02:19
1598,EMG-20260811-1598,ROAD_BLOCKAGE,HIGH,Location Marker #1598,Central Zone,Urgent emergency alert dispatched to response command center.,DISPATCHED,18.2,2026-08-11 22:02:19
1599,EMG-20260811-1599,ACCIDENT,HIGH,Location Marker #1599,Central Zone,Urgent emergency alert dispatched to response command center.,RESOLVED,9.4,2026-08-11 23:02:19
1600,EMG-20260812-1600,FLOOD,CRITICAL,Location Marker #1600,East District,Urgent emergency alert dispatched to response command center.,ON_SITE,22.5,2026-08-12 00:02:19
1601,EMG-20260812-1601,INFRASTRUCTURE_FAILURE,CRITICAL,Location Marker #1601,North District,Urgent emergency alert dispatched to response command center.,REPORTED,20.0,2026-08-12 01:02:19
1602,EMG-20260812-1602,ACCIDENT,HIGH,Location Marker #1602,South District,Urgent emergency alert dispatched to response command center.,RESOLVED,23.6,2026-08-12 02:02:19
1603,EMG-20260812-1603,INFRASTRUCTURE_FAILURE,HIGH,Location Marker #1603,Central Zone,Urgent emergency alert dispatched to response command center.,ON_SITE,19.4,2026-08-12 03:02:19
1604,EMG-20260812-1604,MEDICAL,CRITICAL,Location Marker #1604,Central Zone,Urgent emergency alert dispatched to response command center.,RESOLVED,13.6,2026-08-12 04:02:19
1605,EMG-20260812-1605,FLOOD,HIGH,Location Marker #1605,East District,Urgent emergency alert dispatched to response command center.,CLOSED,7.0,2026-08-12 05:02:19
1606,EMG-20260812-1606,FIRE,HIGH,Location Marker #1606,West District,Urgent emergency alert dispatched to response command center.,REPORTED,20.9,2026-08-12 06:02:19
1607,EMG-20260812-1607,ACCIDENT,HIGH,Location Marker #1607,Central Zone,Urgent emergency alert dispatched to response command center.,CLOSED,4.8,2026-08-12 07:02:19
1608,EMG-20260812-1608,FIRE,CRITICAL,Location Marker #1608,Central Zone,Urgent emergency alert dispatched to response command center.,REPORTED,20.5,2026-08-12 08:02:19
1609,EMG-20260812-1609,MEDICAL,HIGH,Location Marker #1609,South District,Urgent emergency alert dispatched to response command center.,REPORTED,24.4,2026-08-12 09:02:19
1610,EMG-20260812-1610,MEDICAL,CRITICAL,Location Marker #1610,South District,Urgent emergency alert dispatched to response command center.,DISPATCHED,20.3,2026-08-12 10:02:19
1611,EMG-20260812-1611,ROAD_BLOCKAGE,HIGH,Location Marker #1611,West District,Urgent emergency alert dispatched to response command center.,ON_SITE,9.2,2026-08-12 11:02:19
1612,EMG-20260812-1612,ROAD_BLOCKAGE,CRITICAL,Location Marker #1612,North District,Urgent emergency alert dispatched to response command center.,CLOSED,14.9,2026-08-12 12:02:19
1613,EMG-20260812-1613,MEDICAL,CRITICAL,Location Marker #1613,West District,Urgent emergency alert dispatched to response command center.,RESOLVED,8.9,2026-08-12 13:02:19
1614,EMG-20260812-1614,FIRE,HIGH,Location Marker #1614,East District,Urgent emergency alert dispatched to response command center.,RESOLVED,4.1,2026-08-12 14:02:19
1615,EMG-20260812-1615,ACCIDENT,CRITICAL,Location Marker #1615,South District,Urgent emergency alert dispatched to response command center.,CLOSED,9.7,2026-08-12 15:02:19
1616,EMG-20260812-1616,SECURITY_INCIDENT,CRITICAL,Location Marker #1616,West District,Urgent emergency alert dispatched to response command center.,DISPATCHED,17.5,2026-08-12 16:02:19
1617,EMG-20260812-1617,FIRE,HIGH,Location Marker #1617,West District,Urgent emergency alert dispatched to response command center.,ON_SITE,23.1,2026-08-12 17:02:19
1618,EMG-20260812-1618,ROAD_BLOCKAGE,HIGH,Location Marker #1618,West District,Urgent emergency alert dispatched to response command center.,REPORTED,4.4,2026-08-12 18:02:19
1619,EMG-20260812-1619,FIRE,CRITICAL,Location Marker #1619,Central Zone,Urgent emergency alert dispatched to response command center.,DISPATCHED,14.9,2026-08-12 19:02:19
1620,EMG-20260812-1620,ACCIDENT,HIGH,Location Marker #1620,Central Zone,Urgent emergency alert dispatched to response command center.,REPORTED,21.4,2026-08-12 20:02:19
1621,EMG-20260812-1621,ACCIDENT,HIGH,Location Marker #1621,South District,Urgent emergency alert dispatched to response command center.,RESOLVED,4.3,2026-08-12 21:02:19
1622,EMG-20260812-1622,INFRASTRUCTURE_FAILURE,CRITICAL,Location Marker #1622,East District,Urgent emergency alert dispatched to response command center.,RESOLVED,9.4,2026-08-12 22:02:19
1623,EMG-20260812-1623,FLOOD,HIGH,Location Marker #1623,Industrial Zone,Urgent emergency alert dispatched to response command center.,DISPATCHED,18.9,2026-08-12 23:02:19
1624,EMG-20260813-1624,FIRE,CRITICAL,Location Marker #1624,Industrial Zone,Urgent emergency alert dispatched to response command center.,RESOLVED,22.8,2026-08-13 00:02:19
1625,EMG-20260813-1625,SECURITY_INCIDENT,HIGH,Location Marker #1625,Industrial Zone,Urgent emergency alert dispatched to response command center.,DISPATCHED,4.5,2026-08-13 01:02:19
1626,EMG-20260813-1626,ACCIDENT,HIGH,Location Marker #1626,Central Zone,Urgent emergency alert dispatched to response command center.,DISPATCHED,23.2,2026-08-13 02:02:19
1627,EMG-20260813-1627,FLOOD,HIGH,Location Marker #1627,West District,Urgent emergency alert dispatched to response command center.,ON_SITE,22.5,2026-08-13 03:02:19
1628,EMG-20260813-1628,FLOOD,HIGH,Location Marker #1628,North District,Urgent emergency alert dispatched to response command center.,ON_SITE,22.0,2026-08-13 04:02:19
1629,EMG-20260813-1629,FLOOD,CRITICAL,Location Marker #1629,East District,Urgent emergency alert dispatched to response command center.,CLOSED,6.5,2026-08-13 05:02:19
1630,EMG-20260813-1630,ROAD_BLOCKAGE,CRITICAL,Location Marker #1630,Industrial Zone,Urgent emergency alert dispatched to response command center.,REPORTED,10.3,2026-08-13 06:02:19
1631,EMG-20260813-1631,INFRASTRUCTURE_FAILURE,HIGH,Location Marker #1631,West District,Urgent emergency alert dispatched to response command center.,DISPATCHED,21.3,2026-08-13 07:02:19
1632,EMG-20260813-1632,MEDICAL,CRITICAL,Location Marker #1632,North District,Urgent emergency alert dispatched to response command center.,ON_SITE,6.3,2026-08-13 08:02:19
1633,EMG-20260813-1633,FIRE,HIGH,Location Marker #1633,Industrial Zone,Urgent emergency alert dispatched to response command center.,ON_SITE,20.1,2026-08-13 09:02:19
1634,EMG-20260813-1634,ROAD_BLOCKAGE,HIGH,Location Marker #1634,South District,Urgent emergency alert dispatched to response command center.,RESOLVED,17.8,2026-08-13 10:02:19
1635,EMG-20260813-1635,MEDICAL,HIGH,Location Marker #1635,Central Zone,Urgent emergency alert dispatched to response command center.,RESOLVED,6.3,2026-08-13 11:02:19
1636,EMG-20260813-1636,FLOOD,CRITICAL,Location Marker #1636,North District,Urgent emergency alert dispatched to response command center.,RESOLVED,24.9,2026-08-13 12:02:19
1637,EMG-20260813-1637,MEDICAL,CRITICAL,Location Marker #1637,Industrial Zone,Urgent emergency alert dispatched to response command center.,RESOLVED,19.6,2026-08-13 13:02:19
1638,EMG-20260813-1638,SECURITY_INCIDENT,CRITICAL,Location Marker #1638,Industrial Zone,Urgent emergency alert dispatched to response command center.,REPORTED,6.8,2026-08-13 14:02:19
1639,EMG-20260813-1639,INFRASTRUCTURE_FAILURE,HIGH,Location Marker #1639,South District,Urgent emergency alert dispatched to response command center.,REPORTED,15.4,2026-08-13 15:02:19
1640,EMG-20260813-1640,INFRASTRUCTURE_FAILURE,HIGH,Location Marker #1640,North District,Urgent emergency alert dispatched to response command center.,DISPATCHED,11.8,2026-08-13 16:02:19
1641,EMG-20260813-1641,ROAD_BLOCKAGE,CRITICAL,Location Marker #1641,North District,Urgent emergency alert dispatched to response command center.,ON_SITE,20.4,2026-08-13 17:02:19
1642,EMG-20260813-1642,ROAD_BLOCKAGE,HIGH,Location Marker #1642,North District,Urgent emergency alert dispatched to response command center.,RESOLVED,13.5,2026-08-13 18:02:19
1643,EMG-20260813-1643,INFRASTRUCTURE_FAILURE,HIGH,Location Marker #1643,North District,Urgent emergency alert dispatched to response command center.,RESOLVED,6.6,2026-08-13 19:02:19
1644,EMG-20260813-1644,ACCIDENT,HIGH,Location Marker #1644,North District,Urgent emergency alert dispatched to response command center.,REPORTED,13.6,2026-08-13 20:02:19
1645,EMG-20260813-1645,FIRE,CRITICAL,Location Marker #1645,Industrial Zone,Urgent emergency alert dispatched to response command center.,RESOLVED,4.9,2026-08-13 21:02:19
1646,EMG-20260813-1646,INFRASTRUCTURE_FAILURE,CRITICAL,Location Marker #1646,South District,Urgent emergency alert dispatched to response command center.,ON_SITE,16.1,2026-08-13 22:02:19
1647,EMG-20260813-1647,FIRE,CRITICAL,Location Marker #1647,Central Zone,Urgent emergency alert dispatched to response command center.,REPORTED,5.5,2026-08-13 23:02:19
1648,EMG-20260814-1648,SECURITY_INCIDENT,CRITICAL,Location Marker #1648,East District,Urgent emergency alert dispatched to response command center.,REPORTED,15.2,2026-08-14 00:02:19
1649,EMG-20260814-1649,ROAD_BLOCKAGE,HIGH,Location Marker #1649,Industrial Zone,Urgent emergency alert dispatched to response command center.,ON_SITE,20.6,2026-08-14 01:02:19
1650,EMG-20260814-1650,FLOOD,HIGH,Location Marker #1650,East District,Urgent emergency alert dispatched to response command center.,CLOSED,7.4,2026-08-14 02:02:19
1651,EMG-20260814-1651,ACCIDENT,CRITICAL,Location Marker #1651,Industrial Zone,Urgent emergency alert dispatched to response command center.,DISPATCHED,15.4,2026-08-14 03:02:19
1652,EMG-20260814-1652,SECURITY_INCIDENT,CRITICAL,Location Marker #1652,North District,Urgent emergency alert dispatched to response command center.,ON_SITE,16.9,2026-08-14 04:02:19
1653,EMG-20260814-1653,ACCIDENT,HIGH,Location Marker #1653,Industrial Zone,Urgent emergency alert dispatched to response command center.,REPORTED,22.5,2026-08-14 05:02:19
1654,EMG-20260814-1654,INFRASTRUCTURE_FAILURE,CRITICAL,Location Marker #1654,North District,Urgent emergency alert dispatched to response command center.,CLOSED,15.6,2026-08-14 06:02:19
1655,EMG-20260814-1655,ACCIDENT,CRITICAL,Location Marker #1655,South District,Urgent emergency alert dispatched to response command center.,ON_SITE,17.8,2026-08-14 07:02:19
1656,EMG-20260814-1656,ROAD_BLOCKAGE,CRITICAL,Location Marker #1656,West District,Urgent emergency alert dispatched to response command center.,DISPATCHED,8.6,2026-08-14 08:02:19
1657,EMG-20260814-1657,SECURITY_INCIDENT,HIGH,Location Marker #1657,North District,Urgent emergency alert dispatched to response command center.,ON_SITE,17.9,2026-08-14 09:02:19
1658,EMG-20260814-1658,FIRE,CRITICAL,Location Marker #1658,Central Zone,Urgent emergency alert dispatched to response command center.,REPORTED,15.2,2026-08-14 10:02:19
1659,EMG-20260814-1659,FIRE,CRITICAL,Location Marker #1659,East District,Urgent emergency alert dispatched to response command center.,CLOSED,24.1,2026-08-14 11:02:19
1660,EMG-20260814-1660,SECURITY_INCIDENT,CRITICAL,Location Marker #1660,Central Zone,Urgent emergency alert dispatched to response command center.,REPORTED,15.0,2026-08-14 12:02:19
1661,EMG-20260814-1661,ROAD_BLOCKAGE,CRITICAL,Location Marker #1661,South District,Urgent emergency alert dispatched to response command center.,RESOLVED,5.5,2026-08-14 13:02:19
1662,EMG-20260814-1662,INFRASTRUCTURE_FAILURE,HIGH,Location Marker #1662,Central Zone,Urgent emergency alert dispatched to response command center.,DISPATCHED,24.6,2026-08-14 14:02:19
1663,EMG-20260814-1663,ROAD_BLOCKAGE,HIGH,Location Marker #1663,Industrial Zone,Urgent emergency alert dispatched to response command center.,ON_SITE,14.3,2026-08-14 15:02:19
1664,EMG-20260814-1664,MEDICAL,CRITICAL,Location Marker #1664,Central Zone,Urgent emergency alert dispatched to response command center.,ON_SITE,22.3,2026-08-14 16:02:19
1665,EMG-20260814-1665,ROAD_BLOCKAGE,HIGH,Location Marker #1665,East District,Urgent emergency alert dispatched to response command center.,ON_SITE,23.4,2026-08-14 17:02:19
1666,EMG-20260814-1666,ROAD_BLOCKAGE,CRITICAL,Location Marker #1666,East District,Urgent emergency alert dispatched to response command center.,RESOLVED,6.7,2026-08-14 18:02:19
1667,EMG-20260814-1667,INFRASTRUCTURE_FAILURE,CRITICAL,Location Marker #1667,South District,Urgent emergency alert dispatched to response command center.,DISPATCHED,7.1,2026-08-14 19:02:19
1668,EMG-20260814-1668,FLOOD,CRITICAL,Location Marker #1668,East District,Urgent emergency alert dispatched to response command center.,CLOSED,10.7,2026-08-14 20:02:19
1669,EMG-20260814-1669,MEDICAL,CRITICAL,Location Marker #1669,North District,Urgent emergency alert dispatched to response command center.,RESOLVED,19.8,2026-08-14 21:02:19
1670,EMG-20260814-1670,FIRE,HIGH,Location Marker #1670,East District,Urgent emergency alert dispatched to response command center.,ON_SITE,19.5,2026-08-14 22:02:19
1671,EMG-20260814-1671,SECURITY_INCIDENT,HIGH,Location Marker #1671,North District,Urgent emergency alert dispatched to response command center.,CLOSED,7.9,2026-08-14 23:02:19
1672,EMG-20260815-1672,ACCIDENT,CRITICAL,Location Marker #1672,Industrial Zone,Urgent emergency alert dispatched to response command center.,REPORTED,10.3,2026-08-15 00:02:19
1673,EMG-20260815-1673,SECURITY_INCIDENT,CRITICAL,Location Marker #1673,Industrial Zone,Urgent emergency alert dispatched to response command center.,ON_SITE,11.8,2026-08-15 01:02:19
1674,EMG-20260815-1674,FIRE,HIGH,Location Marker #1674,Central Zone,Urgent emergency alert dispatched to response command center.,CLOSED,6.3,2026-08-15 02:02:19
1675,EMG-20260815-1675,ROAD_BLOCKAGE,CRITICAL,Location Marker #1675,South District,Urgent emergency alert dispatched to response command center.,ON_SITE,4.7,2026-08-15 03:02:19
1676,EMG-20260815-1676,MEDICAL,HIGH,Location Marker #1676,East District,Urgent emergency alert dispatched to response command center.,RESOLVED,22.7,2026-08-15 04:02:19
1677,EMG-20260815-1677,INFRASTRUCTURE_FAILURE,CRITICAL,Location Marker #1677,North District,Urgent emergency alert dispatched to response command center.,ON_SITE,15.3,2026-08-15 05:02:19
1678,EMG-20260815-1678,SECURITY_INCIDENT,HIGH,Location Marker #1678,North District,Urgent emergency alert dispatched to response command center.,REPORTED,19.8,2026-08-15 06:02:19
1679,EMG-20260815-1679,ACCIDENT,CRITICAL,Location Marker #1679,Central Zone,Urgent emergency alert dispatched to response command center.,CLOSED,18.9,2026-08-15 07:02:19
1680,EMG-20260815-1680,ACCIDENT,HIGH,Location Marker #1680,South District,Urgent emergency alert dispatched to response command center.,DISPATCHED,10.8,2026-08-15 08:02:19
1681,EMG-20260815-1681,FLOOD,CRITICAL,Location Marker #1681,Industrial Zone,Urgent emergency alert dispatched to response command center.,REPORTED,11.4,2026-08-15 09:02:19
1682,EMG-20260815-1682,SECURITY_INCIDENT,CRITICAL,Location Marker #1682,West District,Urgent emergency alert dispatched to response command center.,REPORTED,10.6,2026-08-15 10:02:19
1683,EMG-20260815-1683,MEDICAL,HIGH,Location Marker #1683,Central Zone,Urgent emergency alert dispatched to response command center.,CLOSED,4.4,2026-08-15 11:02:19
1684,EMG-20260815-1684,MEDICAL,HIGH,Location Marker #1684,Industrial Zone,Urgent emergency alert dispatched to response command center.,DISPATCHED,10.6,2026-08-15 12:02:19
1685,EMG-20260815-1685,ROAD_BLOCKAGE,HIGH,Location Marker #1685,West District,Urgent emergency alert dispatched to response command center.,CLOSED,14.4,2026-08-15 13:02:19
1686,EMG-20260815-1686,FLOOD,CRITICAL,Location Marker #1686,North District,Urgent emergency alert dispatched to response command center.,ON_SITE,21.6,2026-08-15 14:02:19
1687,EMG-20260815-1687,INFRASTRUCTURE_FAILURE,HIGH,Location Marker #1687,East District,Urgent emergency alert dispatched to response command center.,ON_SITE,15.3,2026-08-15 15:02:19
1688,EMG-20260815-1688,SECURITY_INCIDENT,CRITICAL,Location Marker #1688,West District,Urgent emergency alert dispatched to response command center.,REPORTED,10.3,2026-08-15 16:02:19
1689,EMG-20260815-1689,FLOOD,CRITICAL,Location Marker #1689,Industrial Zone,Urgent emergency alert dispatched to response command center.,RESOLVED,16.5,2026-08-15 17:02:19
1690,EMG-20260815-1690,SECURITY_INCIDENT,HIGH,Location Marker #1690,East District,Urgent emergency alert dispatched to response command center.,RESOLVED,20.3,2026-08-15 18:02:19
1691,EMG-20260815-1691,ACCIDENT,HIGH,Location Marker #1691,West District,Urgent emergency alert dispatched to response command center.,REPORTED,24.7,2026-08-15 19:02:19
1692,EMG-20260815-1692,SECURITY_INCIDENT,CRITICAL,Location Marker #1692,Industrial Zone,Urgent emergency alert dispatched to response command center.,ON_SITE,10.1,2026-08-15 20:02:19
1693,EMG-20260815-1693,ACCIDENT,CRITICAL,Location Marker #1693,Central Zone,Urgent emergency alert dispatched to response command center.,CLOSED,9.7,2026-08-15 21:02:19
1694,EMG-20260815-1694,ACCIDENT,HIGH,Location Marker #1694,Central Zone,Urgent emergency alert dispatched to response command center.,DISPATCHED,19.2,2026-08-15 22:02:19
1695,EMG-20260815-1695,ACCIDENT,HIGH,Location Marker #1695,East District,Urgent emergency alert dispatched to response command center.,RESOLVED,22.4,2026-08-15 23:02:19
1696,EMG-20260816-1696,MEDICAL,CRITICAL,Location Marker #1696,North District,Urgent emergency alert dispatched to response command center.,RESOLVED,10.1,2026-08-16 00:02:19
1697,EMG-20260816-1697,ROAD_BLOCKAGE,CRITICAL,Location Marker #1697,East District,Urgent emergency alert dispatched to response command center.,CLOSED,13.6,2026-08-16 01:02:19
1698,EMG-20260816-1698,FLOOD,CRITICAL,Location Marker #1698,East District,Urgent emergency alert dispatched to response command center.,REPORTED,10.6,2026-08-16 02:02:19
1699,EMG-20260816-1699,ROAD_BLOCKAGE,CRITICAL,Location Marker #1699,West District,Urgent emergency alert dispatched to response command center.,ON_SITE,20.8,2026-08-16 03:02:19
1700,EMG-20260816-1700,FLOOD,HIGH,Location Marker #1700,Industrial Zone,Urgent emergency alert dispatched to response command center.,DISPATCHED,15.3,2026-08-16 04:02:19
1701,EMG-20260816-1701,MEDICAL,HIGH,Location Marker #1701,West District,Urgent emergency alert dispatched to response command center.,CLOSED,13.3,2026-08-16 05:02:19
1702,EMG-20260816-1702,ROAD_BLOCKAGE,CRITICAL,Location Marker #1702,West District,Urgent emergency alert dispatched to response command center.,RESOLVED,18.5,2026-08-16 06:02:19
1703,EMG-20260816-1703,MEDICAL,CRITICAL,Location Marker #1703,Central Zone,Urgent emergency alert dispatched to response command center.,CLOSED,21.6,2026-08-16 07:02:19
1704,EMG-20260816-1704,ROAD_BLOCKAGE,HIGH,Location Marker #1704,South District,Urgent emergency alert dispatched to response command center.,CLOSED,16.1,2026-08-16 08:02:19
1705,EMG-20260816-1705,INFRASTRUCTURE_FAILURE,CRITICAL,Location Marker #1705,Central Zone,Urgent emergency alert dispatched to response command center.,RESOLVED,24.5,2026-08-16 09:02:19
1706,EMG-20260816-1706,FIRE,CRITICAL,Location Marker #1706,Industrial Zone,Urgent emergency alert dispatched to response command center.,DISPATCHED,18.5,2026-08-16 10:02:19
1707,EMG-20260816-1707,INFRASTRUCTURE_FAILURE,CRITICAL,Location Marker #1707,North District,Urgent emergency alert dispatched to response command center.,DISPATCHED,16.6,2026-08-16 11:02:19
1708,EMG-20260816-1708,ROAD_BLOCKAGE,HIGH,Location Marker #1708,West District,Urgent emergency alert dispatched to response command center.,REPORTED,19.4,2026-08-16 12:02:19
1709,EMG-20260816-1709,FLOOD,HIGH,Location Marker #1709,North District,Urgent emergency alert dispatched to response command center.,REPORTED,16.3,2026-08-16 13:02:19
1710,EMG-20260816-1710,FLOOD,CRITICAL,Location Marker #1710,West District,Urgent emergency alert dispatched to response command center.,CLOSED,14.0,2026-08-16 14:02:19
1711,EMG-20260816-1711,FLOOD,CRITICAL,Location Marker #1711,East District,Urgent emergency alert dispatched to response command center.,RESOLVED,19.9,2026-08-16 15:02:19
1712,EMG-20260816-1712,INFRASTRUCTURE_FAILURE,CRITICAL,Location Marker #1712,East District,Urgent emergency alert dispatched to response command center.,DISPATCHED,5.3,2026-08-16 16:02:19
1713,EMG-20260816-1713,FLOOD,CRITICAL,Location Marker #1713,South District,Urgent emergency alert dispatched to response command center.,CLOSED,5.4,2026-08-16 17:02:19
1714,EMG-20260816-1714,FLOOD,CRITICAL,Location Marker #1714,West District,Urgent emergency alert dispatched to response command center.,CLOSED,23.8,2026-08-16 18:02:19
1715,EMG-20260816-1715,ACCIDENT,HIGH,Location Marker #1715,West District,Urgent emergency alert dispatched to response command center.,CLOSED,7.3,2026-08-16 19:02:19
1716,EMG-20260816-1716,INFRASTRUCTURE_FAILURE,CRITICAL,Location Marker #1716,West District,Urgent emergency alert dispatched to response command center.,RESOLVED,23.7,2026-08-16 20:02:19
1717,EMG-20260816-1717,ACCIDENT,CRITICAL,Location Marker #1717,North District,Urgent emergency alert dispatched to response command center.,DISPATCHED,22.2,2026-08-16 21:02:19
1718,EMG-20260816-1718,FLOOD,CRITICAL,Location Marker #1718,South District,Urgent emergency alert dispatched to response command center.,ON_SITE,9.8,2026-08-16 22:02:19
1719,EMG-20260816-1719,ROAD_BLOCKAGE,HIGH,Location Marker #1719,South District,Urgent emergency alert dispatched to response command center.,ON_SITE,14.8,2026-08-16 23:02:19
1720,EMG-20260817-1720,FLOOD,CRITICAL,Location Marker #1720,Central Zone,Urgent emergency alert dispatched to response command center.,DISPATCHED,7.5,2026-08-17 00:02:19
1721,EMG-20260817-1721,FLOOD,CRITICAL,Location Marker #1721,West District,Urgent emergency alert dispatched to response command center.,CLOSED,6.8,2026-08-17 01:02:19
1722,EMG-20260817-1722,INFRASTRUCTURE_FAILURE,CRITICAL,Location Marker #1722,East District,Urgent emergency alert dispatched to response command center.,RESOLVED,9.5,2026-08-17 02:02:19
1723,EMG-20260817-1723,INFRASTRUCTURE_FAILURE,CRITICAL,Location Marker #1723,West District,Urgent emergency alert dispatched to response command center.,DISPATCHED,24.1,2026-08-17 03:02:19
1724,EMG-20260817-1724,FLOOD,CRITICAL,Location Marker #1724,Central Zone,Urgent emergency alert dispatched to response command center.,ON_SITE,10.1,2026-08-17 04:02:19
1725,EMG-20260817-1725,MEDICAL,HIGH,Location Marker #1725,South District,Urgent emergency alert dispatched to response command center.,DISPATCHED,15.3,2026-08-17 05:02:19
1726,EMG-20260817-1726,FLOOD,HIGH,Location Marker #1726,South District,Urgent emergency alert dispatched to response command center.,RESOLVED,19.5,2026-08-17 06:02:19
1727,EMG-20260817-1727,ACCIDENT,CRITICAL,Location Marker #1727,South District,Urgent emergency alert dispatched to response command center.,CLOSED,6.9,2026-08-17 07:02:19
1728,EMG-20260817-1728,MEDICAL,HIGH,Location Marker #1728,Industrial Zone,Urgent emergency alert dispatched to response command center.,DISPATCHED,14.1,2026-08-17 08:02:19
1729,EMG-20260817-1729,INFRASTRUCTURE_FAILURE,CRITICAL,Location Marker #1729,East District,Urgent emergency alert dispatched to response command center.,ON_SITE,16.6,2026-08-17 09:02:19
1730,EMG-20260817-1730,ROAD_BLOCKAGE,HIGH,Location Marker #1730,Central Zone,Urgent emergency alert dispatched to response command center.,DISPATCHED,15.4,2026-08-17 10:02:19
1731,EMG-20260817-1731,INFRASTRUCTURE_FAILURE,HIGH,Location Marker #1731,East District,Urgent emergency alert dispatched to response command center.,ON_SITE,20.6,2026-08-17 11:02:19
1732,EMG-20260817-1732,FIRE,HIGH,Location Marker #1732,South District,Urgent emergency alert dispatched to response command center.,ON_SITE,20.7,2026-08-17 12:02:19
1733,EMG-20260817-1733,ACCIDENT,HIGH,Location Marker #1733,Industrial Zone,Urgent emergency alert dispatched to response command center.,CLOSED,24.2,2026-08-17 13:02:19
1734,EMG-20260817-1734,FLOOD,HIGH,Location Marker #1734,East District,Urgent emergency alert dispatched to response command center.,RESOLVED,6.7,2026-08-17 14:02:19
1735,EMG-20260817-1735,INFRASTRUCTURE_FAILURE,HIGH,Location Marker #1735,Central Zone,Urgent emergency alert dispatched to response command center.,CLOSED,16.3,2026-08-17 15:02:19
1736,EMG-20260817-1736,INFRASTRUCTURE_FAILURE,HIGH,Location Marker #1736,Central Zone,Urgent emergency alert dispatched to response command center.,REPORTED,19.9,2026-08-17 16:02:19
1737,EMG-20260817-1737,ACCIDENT,CRITICAL,Location Marker #1737,Industrial Zone,Urgent emergency alert dispatched to response command center.,RESOLVED,17.0,2026-08-17 17:02:19
1738,EMG-20260817-1738,ROAD_BLOCKAGE,HIGH,Location Marker #1738,Industrial Zone,Urgent emergency alert dispatched to response command center.,RESOLVED,11.9,2026-08-17 18:02:19
1739,EMG-20260817-1739,INFRASTRUCTURE_FAILURE,CRITICAL,Location Marker #1739,East District,Urgent emergency alert dispatched to response command center.,RESOLVED,7.7,2026-08-17 19:02:19
1740,EMG-20260817-1740,ROAD_BLOCKAGE,CRITICAL,Location Marker #1740,West District,Urgent emergency alert dispatched to response command center.,REPORTED,20.1,2026-08-17 20:02:19
1741,EMG-20260817-1741,INFRASTRUCTURE_FAILURE,CRITICAL,Location Marker #1741,West District,Urgent emergency alert dispatched to response command center.,DISPATCHED,7.9,2026-08-17 21:02:19
1742,EMG-20260817-1742,FIRE,HIGH,Location Marker #1742,Central Zone,Urgent emergency alert dispatched to response command center.,ON_SITE,13.3,2026-08-17 22:02:19
1743,EMG-20260817-1743,SECURITY_INCIDENT,HIGH,Location Marker #1743,Industrial Zone,Urgent emergency alert dispatched to response command center.,ON_SITE,22.7,2026-08-17 23:02:19
1744,EMG-20260818-1744,FIRE,CRITICAL,Location Marker #1744,South District,Urgent emergency alert dispatched to response command center.,CLOSED,13.1,2026-08-18 00:02:19
1745,EMG-20260818-1745,ACCIDENT,CRITICAL,Location Marker #1745,South District,Urgent emergency alert dispatched to response command center.,ON_SITE,22.4,2026-08-18 01:02:19
1746,EMG-20260818-1746,INFRASTRUCTURE_FAILURE,HIGH,Location Marker #1746,East District,Urgent emergency alert dispatched to response command center.,RESOLVED,18.1,2026-08-18 02:02:19
1747,EMG-20260818-1747,INFRASTRUCTURE_FAILURE,HIGH,Location Marker #1747,Industrial Zone,Urgent emergency alert dispatched to response command center.,ON_SITE,20.7,2026-08-18 03:02:19
1748,EMG-20260818-1748,ACCIDENT,CRITICAL,Location Marker #1748,West District,Urgent emergency alert dispatched to response command center.,REPORTED,7.9,2026-08-18 04:02:19
1749,EMG-20260818-1749,MEDICAL,CRITICAL,Location Marker #1749,West District,Urgent emergency alert dispatched to response command center.,DISPATCHED,18.1,2026-08-18 05:02:19
1750,EMG-20260818-1750,SECURITY_INCIDENT,CRITICAL,Location Marker #1750,East District,Urgent emergency alert dispatched to response command center.,REPORTED,15.5,2026-08-18 06:02:19
1751,EMG-20260818-1751,MEDICAL,HIGH,Location Marker #1751,East District,Urgent emergency alert dispatched to response command center.,ON_SITE,19.9,2026-08-18 07:02:19
1752,EMG-20260818-1752,FIRE,CRITICAL,Location Marker #1752,Industrial Zone,Urgent emergency alert dispatched to response command center.,ON_SITE,18.4,2026-08-18 08:02:19
1753,EMG-20260818-1753,ACCIDENT,HIGH,Location Marker #1753,North District,Urgent emergency alert dispatched to response command center.,RESOLVED,7.8,2026-08-18 09:02:19
1754,EMG-20260818-1754,FIRE,HIGH,Location Marker #1754,South District,Urgent emergency alert dispatched to response command center.,CLOSED,20.4,2026-08-18 10:02:19
1755,EMG-20260818-1755,MEDICAL,CRITICAL,Location Marker #1755,East District,Urgent emergency alert dispatched to response command center.,DISPATCHED,24.4,2026-08-18 11:02:19
1756,EMG-20260818-1756,SECURITY_INCIDENT,HIGH,Location Marker #1756,Industrial Zone,Urgent emergency alert dispatched to response command center.,RESOLVED,8.8,2026-08-18 12:02:19
1757,EMG-20260818-1757,ACCIDENT,CRITICAL,Location Marker #1757,Central Zone,Urgent emergency alert dispatched to response command center.,DISPATCHED,7.5,2026-08-18 13:02:19
1758,EMG-20260818-1758,INFRASTRUCTURE_FAILURE,CRITICAL,Location Marker #1758,North District,Urgent emergency alert dispatched to response command center.,CLOSED,21.8,2026-08-18 14:02:19
1759,EMG-20260818-1759,INFRASTRUCTURE_FAILURE,HIGH,Location Marker #1759,East District,Urgent emergency alert dispatched to response command center.,CLOSED,12.9,2026-08-18 15:02:19
1760,EMG-20260818-1760,FLOOD,HIGH,Location Marker #1760,North District,Urgent emergency alert dispatched to response command center.,RESOLVED,23.5,2026-08-18 16:02:19
1761,EMG-20260818-1761,MEDICAL,CRITICAL,Location Marker #1761,West District,Urgent emergency alert dispatched to response command center.,ON_SITE,8.3,2026-08-18 17:02:19
1762,EMG-20260818-1762,ROAD_BLOCKAGE,CRITICAL,Location Marker #1762,South District,Urgent emergency alert dispatched to response command center.,REPORTED,20.5,2026-08-18 18:02:19
1763,EMG-20260818-1763,ROAD_BLOCKAGE,HIGH,Location Marker #1763,South District,Urgent emergency alert dispatched to response command center.,RESOLVED,9.2,2026-08-18 19:02:19
1764,EMG-20260818-1764,SECURITY_INCIDENT,HIGH,Location Marker #1764,South District,Urgent emergency alert dispatched to response command center.,ON_SITE,10.5,2026-08-18 20:02:19
1765,EMG-20260818-1765,ROAD_BLOCKAGE,CRITICAL,Location Marker #1765,West District,Urgent emergency alert dispatched to response command center.,RESOLVED,7.6,2026-08-18 21:02:19
1766,EMG-20260818-1766,ACCIDENT,CRITICAL,Location Marker #1766,Central Zone,Urgent emergency alert dispatched to response command center.,RESOLVED,5.0,2026-08-18 22:02:19
1767,EMG-20260818-1767,FLOOD,HIGH,Location Marker #1767,Industrial Zone,Urgent emergency alert dispatched to response command center.,ON_SITE,22.3,2026-08-18 23:02:19
1768,EMG-20260819-1768,ACCIDENT,HIGH,Location Marker #1768,West District,Urgent emergency alert dispatched to response command center.,ON_SITE,11.2,2026-08-19 00:02:19
1769,EMG-20260819-1769,ACCIDENT,HIGH,Location Marker #1769,West District,Urgent emergency alert dispatched to response command center.,DISPATCHED,7.0,2026-08-19 01:02:19
1770,EMG-20260819-1770,INFRASTRUCTURE_FAILURE,CRITICAL,Location Marker #1770,Central Zone,Urgent emergency alert dispatched to response command center.,RESOLVED,11.7,2026-08-19 02:02:19
1771,EMG-20260819-1771,FLOOD,HIGH,Location Marker #1771,West District,Urgent emergency alert dispatched to response command center.,ON_SITE,17.6,2026-08-19 03:02:19
1772,EMG-20260819-1772,ROAD_BLOCKAGE,CRITICAL,Location Marker #1772,East District,Urgent emergency alert dispatched to response command center.,DISPATCHED,23.8,2026-08-19 04:02:19
1773,EMG-20260819-1773,ROAD_BLOCKAGE,HIGH,Location Marker #1773,West District,Urgent emergency alert dispatched to response command center.,REPORTED,22.2,2026-08-19 05:02:19
1774,EMG-20260819-1774,INFRASTRUCTURE_FAILURE,CRITICAL,Location Marker #1774,North District,Urgent emergency alert dispatched to response command center.,DISPATCHED,20.1,2026-08-19 06:02:19
1775,EMG-20260819-1775,FLOOD,CRITICAL,Location Marker #1775,Central Zone,Urgent emergency alert dispatched to response command center.,RESOLVED,7.4,2026-08-19 07:02:19
1776,EMG-20260819-1776,FLOOD,CRITICAL,Location Marker #1776,North District,Urgent emergency alert dispatched to response command center.,RESOLVED,4.8,2026-08-19 08:02:19
1777,EMG-20260819-1777,INFRASTRUCTURE_FAILURE,CRITICAL,Location Marker #1777,North District,Urgent emergency alert dispatched to response command center.,DISPATCHED,18.3,2026-08-19 09:02:19
1778,EMG-20260819-1778,MEDICAL,CRITICAL,Location Marker #1778,Industrial Zone,Urgent emergency alert dispatched to response command center.,CLOSED,11.6,2026-08-19 10:02:19
1779,EMG-20260819-1779,ACCIDENT,HIGH,Location Marker #1779,Central Zone,Urgent emergency alert dispatched to response command center.,REPORTED,23.0,2026-08-19 11:02:19
1780,EMG-20260819-1780,SECURITY_INCIDENT,CRITICAL,Location Marker #1780,Industrial Zone,Urgent emergency alert dispatched to response command center.,REPORTED,12.7,2026-08-19 12:02:19
1781,EMG-20260819-1781,INFRASTRUCTURE_FAILURE,CRITICAL,Location Marker #1781,East District,Urgent emergency alert dispatched to response command center.,RESOLVED,7.1,2026-08-19 13:02:19
1782,EMG-20260819-1782,INFRASTRUCTURE_FAILURE,HIGH,Location Marker #1782,South District,Urgent emergency alert dispatched to response command center.,RESOLVED,18.7,2026-08-19 14:02:19
1783,EMG-20260819-1783,ACCIDENT,HIGH,Location Marker #1783,Industrial Zone,Urgent emergency alert dispatched to response command center.,RESOLVED,18.4,2026-08-19 15:02:19
1784,EMG-20260819-1784,ROAD_BLOCKAGE,CRITICAL,Location Marker #1784,Industrial Zone,Urgent emergency alert dispatched to response command center.,RESOLVED,12.4,2026-08-19 16:02:19
1785,EMG-20260819-1785,INFRASTRUCTURE_FAILURE,CRITICAL,Location Marker #1785,South District,Urgent emergency alert dispatched to response command center.,ON_SITE,21.5,2026-08-19 17:02:19
1786,EMG-20260819-1786,SECURITY_INCIDENT,CRITICAL,Location Marker #1786,East District,Urgent emergency alert dispatched to response command center.,RESOLVED,19.0,2026-08-19 18:02:19
1787,EMG-20260819-1787,FIRE,HIGH,Location Marker #1787,Industrial Zone,Urgent emergency alert dispatched to response command center.,RESOLVED,5.9,2026-08-19 19:02:19
1788,EMG-20260819-1788,SECURITY_INCIDENT,HIGH,Location Marker #1788,North District,Urgent emergency alert dispatched to response command center.,REPORTED,6.5,2026-08-19 20:02:19
1789,EMG-20260819-1789,SECURITY_INCIDENT,CRITICAL,Location Marker #1789,North District,Urgent emergency alert dispatched to response command center.,REPORTED,4.8,2026-08-19 21:02:19
1790,EMG-20260819-1790,MEDICAL,HIGH,Location Marker #1790,North District,Urgent emergency alert dispatched to response command center.,ON_SITE,15.8,2026-08-19 22:02:19
1791,EMG-20260819-1791,INFRASTRUCTURE_FAILURE,HIGH,Location Marker #1791,South District,Urgent emergency alert dispatched to response command center.,REPORTED,22.6,2026-08-19 23:02:19
1792,EMG-20260820-1792,ROAD_BLOCKAGE,HIGH,Location Marker #1792,Industrial Zone,Urgent emergency alert dispatched to response command center.,ON_SITE,21.5,2026-08-20 00:02:19
1793,EMG-20260820-1793,ROAD_BLOCKAGE,HIGH,Location Marker #1793,West District,Urgent emergency alert dispatched to response command center.,CLOSED,21.7,2026-08-20 01:02:19
1794,EMG-20260820-1794,FIRE,HIGH,Location Marker #1794,Industrial Zone,Urgent emergency alert dispatched to response command center.,RESOLVED,13.0,2026-08-20 02:02:19
1795,EMG-20260820-1795,SECURITY_INCIDENT,HIGH,Location Marker #1795,West District,Urgent emergency alert dispatched to response command center.,DISPATCHED,11.5,2026-08-20 03:02:19
1796,EMG-20260820-1796,INFRASTRUCTURE_FAILURE,CRITICAL,Location Marker #1796,Industrial Zone,Urgent emergency alert dispatched to response command center.,DISPATCHED,24.7,2026-08-20 04:02:19
1797,EMG-20260820-1797,SECURITY_INCIDENT,CRITICAL,Location Marker #1797,West District,Urgent emergency alert dispatched to response command center.,CLOSED,4.8,2026-08-20 05:02:19
1798,EMG-20260820-1798,SECURITY_INCIDENT,HIGH,Location Marker #1798,South District,Urgent emergency alert dispatched to response command center.,RESOLVED,12.9,2026-08-20 06:02:19
1799,EMG-20260820-1799,ROAD_BLOCKAGE,HIGH,Location Marker #1799,Central Zone,Urgent emergency alert dispatched to response command center.,CLOSED,19.2,2026-08-20 07:02:19
1800,EMG-20260820-1800,MEDICAL,CRITICAL,Location Marker #1800,Industrial Zone,Urgent emergency alert dispatched to response command center.,RESOLVED,15.7,2026-08-20 08:02:19
1801,EMG-20260820-1801,SECURITY_INCIDENT,CRITICAL,Location Marker #1801,North District,Urgent emergency alert dispatched to response command center.,RESOLVED,16.5,2026-08-20 09:02:19
1802,EMG-20260820-1802,FLOOD,CRITICAL,Location Marker #1802,South District,Urgent emergency alert dispatched to response command center.,REPORTED,4.2,2026-08-20 10:02:19
1803,EMG-20260820-1803,ACCIDENT,HIGH,Location Marker #1803,North District,Urgent emergency alert dispatched to response command center.,REPORTED,13.9,2026-08-20 11:02:19
1804,EMG-20260820-1804,MEDICAL,CRITICAL,Location Marker #1804,Central Zone,Urgent emergency alert dispatched to response command center.,REPORTED,9.3,2026-08-20 12:02:19
1805,EMG-20260820-1805,INFRASTRUCTURE_FAILURE,HIGH,Location Marker #1805,Central Zone,Urgent emergency alert dispatched to response command center.,ON_SITE,12.2,2026-08-20 13:02:19
1806,EMG-20260820-1806,FIRE,HIGH,Location Marker #1806,Central Zone,Urgent emergency alert dispatched to response command center.,RESOLVED,14.6,2026-08-20 14:02:19
1807,EMG-20260820-1807,MEDICAL,HIGH,Location Marker #1807,Industrial Zone,Urgent emergency alert dispatched to response command center.,RESOLVED,24.9,2026-08-20 15:02:19
1808,EMG-20260820-1808,MEDICAL,CRITICAL,Location Marker #1808,West District,Urgent emergency alert dispatched to response command center.,REPORTED,7.5,2026-08-20 16:02:19
1809,EMG-20260820-1809,ROAD_BLOCKAGE,HIGH,Location Marker #1809,Central Zone,Urgent emergency alert dispatched to response command center.,RESOLVED,18.3,2026-08-20 17:02:19
1810,EMG-20260820-1810,ROAD_BLOCKAGE,CRITICAL,Location Marker #1810,West District,Urgent emergency alert dispatched to response command center.,RESOLVED,17.0,2026-08-20 18:02:19
1811,EMG-20260820-1811,SECURITY_INCIDENT,HIGH,Location Marker #1811,Industrial Zone,Urgent emergency alert dispatched to response command center.,REPORTED,13.3,2026-08-20 19:02:19
1812,EMG-20260820-1812,ACCIDENT,CRITICAL,Location Marker #1812,East District,Urgent emergency alert dispatched to response command center.,ON_SITE,10.7,2026-08-20 20:02:19
1813,EMG-20260820-1813,MEDICAL,CRITICAL,Location Marker #1813,North District,Urgent emergency alert dispatched to response command center.,REPORTED,12.2,2026-08-20 21:02:19
1814,EMG-20260820-1814,INFRASTRUCTURE_FAILURE,CRITICAL,Location Marker #1814,Central Zone,Urgent emergency alert dispatched to response command center.,CLOSED,11.3,2026-08-20 22:02:19
1815,EMG-20260820-1815,MEDICAL,HIGH,Location Marker #1815,Industrial Zone,Urgent emergency alert dispatched to response command center.,CLOSED,18.2,2026-08-20 23:02:19
1816,EMG-20260821-1816,FLOOD,CRITICAL,Location Marker #1816,North District,Urgent emergency alert dispatched to response command center.,RESOLVED,15.7,2026-08-21 00:02:19
1817,EMG-20260821-1817,ROAD_BLOCKAGE,HIGH,Location Marker #1817,Industrial Zone,Urgent emergency alert dispatched to response command center.,ON_SITE,20.6,2026-08-21 01:02:19
1818,EMG-20260821-1818,SECURITY_INCIDENT,CRITICAL,Location Marker #1818,West District,Urgent emergency alert dispatched to response command center.,CLOSED,11.8,2026-08-21 02:02:19
1819,EMG-20260821-1819,FIRE,HIGH,Location Marker #1819,South District,Urgent emergency alert dispatched to response command center.,CLOSED,20.2,2026-08-21 03:02:19
1820,EMG-20260821-1820,ROAD_BLOCKAGE,CRITICAL,Location Marker #1820,North District,Urgent emergency alert dispatched to response command center.,REPORTED,4.3,2026-08-21 04:02:19
1821,EMG-20260821-1821,FLOOD,HIGH,Location Marker #1821,Central Zone,Urgent emergency alert dispatched to response command center.,REPORTED,21.2,2026-08-21 05:02:19
1822,EMG-20260821-1822,MEDICAL,CRITICAL,Location Marker #1822,Central Zone,Urgent emergency alert dispatched to response command center.,DISPATCHED,11.2,2026-08-21 06:02:19
1823,EMG-20260821-1823,ACCIDENT,CRITICAL,Location Marker #1823,North District,Urgent emergency alert dispatched to response command center.,REPORTED,15.7,2026-08-21 07:02:19
1824,EMG-20260821-1824,FIRE,HIGH,Location Marker #1824,North District,Urgent emergency alert dispatched to response command center.,REPORTED,15.2,2026-08-21 08:02:19
1825,EMG-20260821-1825,ROAD_BLOCKAGE,CRITICAL,Location Marker #1825,North District,Urgent emergency alert dispatched to response command center.,REPORTED,9.7,2026-08-21 09:02:19
1826,EMG-20260821-1826,INFRASTRUCTURE_FAILURE,CRITICAL,Location Marker #1826,North District,Urgent emergency alert dispatched to response command center.,ON_SITE,24.7,2026-08-21 10:02:19
1827,EMG-20260821-1827,FLOOD,CRITICAL,Location Marker #1827,Central Zone,Urgent emergency alert dispatched to response command center.,RESOLVED,12.5,2026-08-21 11:02:19
1828,EMG-20260821-1828,SECURITY_INCIDENT,CRITICAL,Location Marker #1828,West District,Urgent emergency alert dispatched to response command center.,REPORTED,6.1,2026-08-21 12:02:19
1829,EMG-20260821-1829,SECURITY_INCIDENT,HIGH,Location Marker #1829,Industrial Zone,Urgent emergency alert dispatched to response command center.,RESOLVED,16.8,2026-08-21 13:02:19
1830,EMG-20260821-1830,SECURITY_INCIDENT,HIGH,Location Marker #1830,East District,Urgent emergency alert dispatched to response command center.,RESOLVED,17.3,2026-08-21 14:02:19
1831,EMG-20260821-1831,FIRE,CRITICAL,Location Marker #1831,Central Zone,Urgent emergency alert dispatched to response command center.,REPORTED,15.1,2026-08-21 15:02:19
1832,EMG-20260821-1832,ACCIDENT,HIGH,Location Marker #1832,West District,Urgent emergency alert dispatched to response command center.,CLOSED,4.3,2026-08-21 16:02:19
1833,EMG-20260821-1833,MEDICAL,HIGH,Location Marker #1833,Industrial Zone,Urgent emergency alert dispatched to response command center.,DISPATCHED,21.8,2026-08-21 17:02:19
1834,EMG-20260821-1834,FIRE,CRITICAL,Location Marker #1834,Central Zone,Urgent emergency alert dispatched to response command center.,ON_SITE,17.6,2026-08-21 18:02:19
1835,EMG-20260821-1835,ROAD_BLOCKAGE,CRITICAL,Location Marker #1835,East District,Urgent emergency alert dispatched to response command center.,CLOSED,15.6,2026-08-21 19:02:19
1836,EMG-20260821-1836,MEDICAL,HIGH,Location Marker #1836,East District,Urgent emergency alert dispatched to response command center.,DISPATCHED,7.9,2026-08-21 20:02:19
1837,EMG-20260821-1837,MEDICAL,CRITICAL,Location Marker #1837,West District,Urgent emergency alert dispatched to response command center.,RESOLVED,18.7,2026-08-21 21:02:19
1838,EMG-20260821-1838,ROAD_BLOCKAGE,CRITICAL,Location Marker #1838,Central Zone,Urgent emergency alert dispatched to response command center.,REPORTED,6.3,2026-08-21 22:02:19
1839,EMG-20260821-1839,INFRASTRUCTURE_FAILURE,HIGH,Location Marker #1839,East District,Urgent emergency alert dispatched to response command center.,CLOSED,20.5,2026-08-21 23:02:19
1840,EMG-20260822-1840,ACCIDENT,CRITICAL,Location Marker #1840,East District,Urgent emergency alert dispatched to response command center.,RESOLVED,11.4,2026-08-22 00:02:19
1841,EMG-20260822-1841,INFRASTRUCTURE_FAILURE,CRITICAL,Location Marker #1841,Industrial Zone,Urgent emergency alert dispatched to response command center.,DISPATCHED,4.4,2026-08-22 01:02:19
1842,EMG-20260822-1842,FLOOD,HIGH,Location Marker #1842,South District,Urgent emergency alert dispatched to response command center.,RESOLVED,24.9,2026-08-22 02:02:19
1843,EMG-20260822-1843,SECURITY_INCIDENT,HIGH,Location Marker #1843,West District,Urgent emergency alert dispatched to response command center.,RESOLVED,13.6,2026-08-22 03:02:19
1844,EMG-20260822-1844,MEDICAL,CRITICAL,Location Marker #1844,West District,Urgent emergency alert dispatched to response command center.,RESOLVED,10.3,2026-08-22 04:02:19
1845,EMG-20260822-1845,ACCIDENT,CRITICAL,Location Marker #1845,South District,Urgent emergency alert dispatched to response command center.,REPORTED,17.5,2026-08-22 05:02:19
1846,EMG-20260822-1846,SECURITY_INCIDENT,HIGH,Location Marker #1846,Industrial Zone,Urgent emergency alert dispatched to response command center.,CLOSED,6.1,2026-08-22 06:02:19
1847,EMG-20260822-1847,MEDICAL,HIGH,Location Marker #1847,East District,Urgent emergency alert dispatched to response command center.,CLOSED,13.7,2026-08-22 07:02:19
1848,EMG-20260822-1848,SECURITY_INCIDENT,HIGH,Location Marker #1848,Central Zone,Urgent emergency alert dispatched to response command center.,ON_SITE,24.3,2026-08-22 08:02:19
1849,EMG-20260822-1849,MEDICAL,CRITICAL,Location Marker #1849,North District,Urgent emergency alert dispatched to response command center.,ON_SITE,18.5,2026-08-22 09:02:19
1850,EMG-20260822-1850,FIRE,HIGH,Location Marker #1850,North District,Urgent emergency alert dispatched to response command center.,ON_SITE,20.6,2026-08-22 10:02:19
1851,EMG-20260822-1851,MEDICAL,HIGH,Location Marker #1851,North District,Urgent emergency alert dispatched to response command center.,ON_SITE,4.4,2026-08-22 11:02:19
1852,EMG-20260822-1852,ROAD_BLOCKAGE,CRITICAL,Location Marker #1852,North District,Urgent emergency alert dispatched to response command center.,CLOSED,12.7,2026-08-22 12:02:19
1853,EMG-20260822-1853,FIRE,CRITICAL,Location Marker #1853,Central Zone,Urgent emergency alert dispatched to response command center.,CLOSED,10.2,2026-08-22 13:02:19
1854,EMG-20260822-1854,SECURITY_INCIDENT,HIGH,Location Marker #1854,South District,Urgent emergency alert dispatched to response command center.,ON_SITE,13.0,2026-08-22 14:02:19
1855,EMG-20260822-1855,SECURITY_INCIDENT,HIGH,Location Marker #1855,Industrial Zone,Urgent emergency alert dispatched to response command center.,DISPATCHED,17.7,2026-08-22 15:02:19
1856,EMG-20260822-1856,FIRE,CRITICAL,Location Marker #1856,Industrial Zone,Urgent emergency alert dispatched to response command center.,RESOLVED,6.3,2026-08-22 16:02:19
1857,EMG-20260822-1857,FIRE,HIGH,Location Marker #1857,East District,Urgent emergency alert dispatched to response command center.,RESOLVED,13.8,2026-08-22 17:02:19
1858,EMG-20260822-1858,MEDICAL,CRITICAL,Location Marker #1858,South District,Urgent emergency alert dispatched to response command center.,RESOLVED,8.5,2026-08-22 18:02:19
1859,EMG-20260822-1859,ROAD_BLOCKAGE,CRITICAL,Location Marker #1859,Industrial Zone,Urgent emergency alert dispatched to response command center.,CLOSED,20.7,2026-08-22 19:02:19
1860,EMG-20260822-1860,MEDICAL,CRITICAL,Location Marker #1860,South District,Urgent emergency alert dispatched to response command center.,REPORTED,24.8,2026-08-22 20:02:19
1861,EMG-20260822-1861,ACCIDENT,CRITICAL,Location Marker #1861,South District,Urgent emergency alert dispatched to response command center.,CLOSED,16.7,2026-08-22 21:02:19
1862,EMG-20260822-1862,FIRE,CRITICAL,Location Marker #1862,West District,Urgent emergency alert dispatched to response command center.,ON_SITE,20.7,2026-08-22 22:02:19
1863,EMG-20260822-1863,INFRASTRUCTURE_FAILURE,HIGH,Location Marker #1863,Industrial Zone,Urgent emergency alert dispatched to response command center.,DISPATCHED,17.5,2026-08-22 23:02:19
1864,EMG-20260823-1864,FLOOD,HIGH,Location Marker #1864,East District,Urgent emergency alert dispatched to response command center.,REPORTED,17.2,2026-08-23 00:02:19
1865,EMG-20260823-1865,SECURITY_INCIDENT,CRITICAL,Location Marker #1865,South District,Urgent emergency alert dispatched to response command center.,RESOLVED,25.0,2026-08-23 01:02:19
1866,EMG-20260823-1866,MEDICAL,HIGH,Location Marker #1866,South District,Urgent emergency alert dispatched to response command center.,ON_SITE,13.9,2026-08-23 02:02:19
1867,EMG-20260823-1867,MEDICAL,CRITICAL,Location Marker #1867,South District,Urgent emergency alert dispatched to response command center.,DISPATCHED,16.8,2026-08-23 03:02:19
1868,EMG-20260823-1868,SECURITY_INCIDENT,HIGH,Location Marker #1868,South District,Urgent emergency alert dispatched to response command center.,RESOLVED,6.5,2026-08-23 04:02:19
1869,EMG-20260823-1869,MEDICAL,CRITICAL,Location Marker #1869,South District,Urgent emergency alert dispatched to response command center.,RESOLVED,7.8,2026-08-23 05:02:19
1870,EMG-20260823-1870,SECURITY_INCIDENT,CRITICAL,Location Marker #1870,East District,Urgent emergency alert dispatched to response command center.,RESOLVED,4.5,2026-08-23 06:02:19
1871,EMG-20260823-1871,ACCIDENT,CRITICAL,Location Marker #1871,Central Zone,Urgent emergency alert dispatched to response command center.,DISPATCHED,9.5,2026-08-23 07:02:19
1872,EMG-20260823-1872,SECURITY_INCIDENT,CRITICAL,Location Marker #1872,East District,Urgent emergency alert dispatched to response command center.,CLOSED,7.9,2026-08-23 08:02:19
1873,EMG-20260823-1873,FLOOD,CRITICAL,Location Marker #1873,East District,Urgent emergency alert dispatched to response command center.,REPORTED,11.7,2026-08-23 09:02:19
1874,EMG-20260823-1874,SECURITY_INCIDENT,HIGH,Location Marker #1874,Industrial Zone,Urgent emergency alert dispatched to response command center.,RESOLVED,10.6,2026-08-23 10:02:19
1875,EMG-20260823-1875,ROAD_BLOCKAGE,CRITICAL,Location Marker #1875,Central Zone,Urgent emergency alert dispatched to response command center.,ON_SITE,22.2,2026-08-23 11:02:19
1876,EMG-20260823-1876,ACCIDENT,HIGH,Location Marker #1876,South District,Urgent emergency alert dispatched to response command center.,REPORTED,17.3,2026-08-23 12:02:19
1877,EMG-20260823-1877,ACCIDENT,HIGH,Location Marker #1877,Industrial Zone,Urgent emergency alert dispatched to response command center.,REPORTED,23.1,2026-08-23 13:02:19
1878,EMG-20260823-1878,SECURITY_INCIDENT,CRITICAL,Location Marker #1878,North District,Urgent emergency alert dispatched to response command center.,REPORTED,15.4,2026-08-23 14:02:19
1879,EMG-20260823-1879,ROAD_BLOCKAGE,CRITICAL,Location Marker #1879,Industrial Zone,Urgent emergency alert dispatched to response command center.,DISPATCHED,10.9,2026-08-23 15:02:19
1880,EMG-20260823-1880,INFRASTRUCTURE_FAILURE,HIGH,Location Marker #1880,South District,Urgent emergency alert dispatched to response command center.,CLOSED,12.4,2026-08-23 16:02:19
1881,EMG-20260823-1881,INFRASTRUCTURE_FAILURE,CRITICAL,Location Marker #1881,North District,Urgent emergency alert dispatched to response command center.,ON_SITE,20.6,2026-08-23 17:02:19
1882,EMG-20260823-1882,MEDICAL,HIGH,Location Marker #1882,Industrial Zone,Urgent emergency alert dispatched to response command center.,CLOSED,21.3,2026-08-23 18:02:19
1883,EMG-20260823-1883,INFRASTRUCTURE_FAILURE,HIGH,Location Marker #1883,North District,Urgent emergency alert dispatched to response command center.,DISPATCHED,20.4,2026-08-23 19:02:19
1884,EMG-20260823-1884,FLOOD,CRITICAL,Location Marker #1884,Industrial Zone,Urgent emergency alert dispatched to response command center.,ON_SITE,14.0,2026-08-23 20:02:19
1885,EMG-20260823-1885,MEDICAL,HIGH,Location Marker #1885,West District,Urgent emergency alert dispatched to response command center.,ON_SITE,4.8,2026-08-23 21:02:19
1886,EMG-20260823-1886,FIRE,CRITICAL,Location Marker #1886,Central Zone,Urgent emergency alert dispatched to response command center.,ON_SITE,21.7,2026-08-23 22:02:19
1887,EMG-20260823-1887,INFRASTRUCTURE_FAILURE,HIGH,Location Marker #1887,West District,Urgent emergency alert dispatched to response command center.,REPORTED,5.0,2026-08-23 23:02:19
1888,EMG-20260824-1888,ROAD_BLOCKAGE,HIGH,Location Marker #1888,Industrial Zone,Urgent emergency alert dispatched to response command center.,REPORTED,23.9,2026-08-24 00:02:19
1889,EMG-20260824-1889,ACCIDENT,HIGH,Location Marker #1889,West District,Urgent emergency alert dispatched to response command center.,REPORTED,17.5,2026-08-24 01:02:19
1890,EMG-20260824-1890,ROAD_BLOCKAGE,CRITICAL,Location Marker #1890,West District,Urgent emergency alert dispatched to response command center.,CLOSED,19.3,2026-08-24 02:02:19
1891,EMG-20260824-1891,ACCIDENT,CRITICAL,Location Marker #1891,East District,Urgent emergency alert dispatched to response command center.,ON_SITE,9.9,2026-08-24 03:02:19
1892,EMG-20260824-1892,INFRASTRUCTURE_FAILURE,CRITICAL,Location Marker #1892,East District,Urgent emergency alert dispatched to response command center.,RESOLVED,15.0,2026-08-24 04:02:19
1893,EMG-20260824-1893,SECURITY_INCIDENT,CRITICAL,Location Marker #1893,North District,Urgent emergency alert dispatched to response command center.,RESOLVED,10.0,2026-08-24 05:02:19
1894,EMG-20260824-1894,MEDICAL,CRITICAL,Location Marker #1894,Industrial Zone,Urgent emergency alert dispatched to response command center.,ON_SITE,13.0,2026-08-24 06:02:19
1895,EMG-20260824-1895,FLOOD,CRITICAL,Location Marker #1895,West District,Urgent emergency alert dispatched to response command center.,REPORTED,24.1,2026-08-24 07:02:19
1896,EMG-20260824-1896,INFRASTRUCTURE_FAILURE,HIGH,Location Marker #1896,South District,Urgent emergency alert dispatched to response command center.,REPORTED,20.6,2026-08-24 08:02:19
1897,EMG-20260824-1897,INFRASTRUCTURE_FAILURE,HIGH,Location Marker #1897,East District,Urgent emergency alert dispatched to response command center.,CLOSED,10.0,2026-08-24 09:02:19
1898,EMG-20260824-1898,SECURITY_INCIDENT,HIGH,Location Marker #1898,South District,Urgent emergency alert dispatched to response command center.,DISPATCHED,21.2,2026-08-24 10:02:19
1899,EMG-20260824-1899,SECURITY_INCIDENT,CRITICAL,Location Marker #1899,East District,Urgent emergency alert dispatched to response command center.,REPORTED,11.2,2026-08-24 11:02:19
1900,EMG-20260824-1900,ACCIDENT,CRITICAL,Location Marker #1900,Industrial Zone,Urgent emergency alert dispatched to response command center.,ON_SITE,24.3,2026-08-24 12:02:19
1901,EMG-20260824-1901,FIRE,CRITICAL,Location Marker #1901,West District,Urgent emergency alert dispatched to response command center.,DISPATCHED,5.4,2026-08-24 13:02:19
1902,EMG-20260824-1902,INFRASTRUCTURE_FAILURE,HIGH,Location Marker #1902,West District,Urgent emergency alert dispatched to response command center.,ON_SITE,19.6,2026-08-24 14:02:19
1903,EMG-20260824-1903,INFRASTRUCTURE_FAILURE,HIGH,Location Marker #1903,West District,Urgent emergency alert dispatched to response command center.,CLOSED,15.4,2026-08-24 15:02:19
1904,EMG-20260824-1904,FIRE,HIGH,Location Marker #1904,Industrial Zone,Urgent emergency alert dispatched to response command center.,REPORTED,8.5,2026-08-24 16:02:19
1905,EMG-20260824-1905,ROAD_BLOCKAGE,CRITICAL,Location Marker #1905,North District,Urgent emergency alert dispatched to response command center.,REPORTED,15.2,2026-08-24 17:02:19
1906,EMG-20260824-1906,FLOOD,HIGH,Location Marker #1906,Industrial Zone,Urgent emergency alert dispatched to response command center.,REPORTED,18.9,2026-08-24 18:02:19
1907,EMG-20260824-1907,ROAD_BLOCKAGE,CRITICAL,Location Marker #1907,East District,Urgent emergency alert dispatched to response command center.,ON_SITE,4.3,2026-08-24 19:02:19
1908,EMG-20260824-1908,MEDICAL,HIGH,Location Marker #1908,South District,Urgent emergency alert dispatched to response command center.,REPORTED,18.7,2026-08-24 20:02:19
1909,EMG-20260824-1909,FLOOD,HIGH,Location Marker #1909,Central Zone,Urgent emergency alert dispatched to response command center.,CLOSED,6.4,2026-08-24 21:02:19
1910,EMG-20260824-1910,FIRE,CRITICAL,Location Marker #1910,East District,Urgent emergency alert dispatched to response command center.,CLOSED,13.7,2026-08-24 22:02:19
1911,EMG-20260824-1911,MEDICAL,HIGH,Location Marker #1911,West District,Urgent emergency alert dispatched to response command center.,ON_SITE,9.5,2026-08-24 23:02:19
1912,EMG-20260825-1912,INFRASTRUCTURE_FAILURE,CRITICAL,Location Marker #1912,South District,Urgent emergency alert dispatched to response command center.,REPORTED,25.0,2026-08-25 00:02:19
1913,EMG-20260825-1913,FLOOD,CRITICAL,Location Marker #1913,Central Zone,Urgent emergency alert dispatched to response command center.,CLOSED,9.5,2026-08-25 01:02:19
1914,EMG-20260825-1914,SECURITY_INCIDENT,CRITICAL,Location Marker #1914,North District,Urgent emergency alert dispatched to response command center.,RESOLVED,21.2,2026-08-25 02:02:19
1915,EMG-20260825-1915,ACCIDENT,HIGH,Location Marker #1915,East District,Urgent emergency alert dispatched to response command center.,ON_SITE,11.4,2026-08-25 03:02:19
1916,EMG-20260825-1916,ACCIDENT,HIGH,Location Marker #1916,Industrial Zone,Urgent emergency alert dispatched to response command center.,REPORTED,6.6,2026-08-25 04:02:19
1917,EMG-20260825-1917,INFRASTRUCTURE_FAILURE,HIGH,Location Marker #1917,Central Zone,Urgent emergency alert dispatched to response command center.,DISPATCHED,14.6,2026-08-25 05:02:19
1918,EMG-20260825-1918,FIRE,CRITICAL,Location Marker #1918,Industrial Zone,Urgent emergency alert dispatched to response command center.,DISPATCHED,23.8,2026-08-25 06:02:19
1919,EMG-20260825-1919,FIRE,CRITICAL,Location Marker #1919,Industrial Zone,Urgent emergency alert dispatched to response command center.,DISPATCHED,16.5,2026-08-25 07:02:19
1920,EMG-20260825-1920,ACCIDENT,HIGH,Location Marker #1920,West District,Urgent emergency alert dispatched to response command center.,CLOSED,16.2,2026-08-25 08:02:19
1921,EMG-20260825-1921,ACCIDENT,HIGH,Location Marker #1921,West District,Urgent emergency alert dispatched to response command center.,CLOSED,13.7,2026-08-25 09:02:19
1922,EMG-20260825-1922,INFRASTRUCTURE_FAILURE,CRITICAL,Location Marker #1922,Industrial Zone,Urgent emergency alert dispatched to response command center.,DISPATCHED,21.6,2026-08-25 10:02:19
1923,EMG-20260825-1923,INFRASTRUCTURE_FAILURE,CRITICAL,Location Marker #1923,Industrial Zone,Urgent emergency alert dispatched to response command center.,REPORTED,19.0,2026-08-25 11:02:19
1924,EMG-20260825-1924,ROAD_BLOCKAGE,HIGH,Location Marker #1924,Industrial Zone,Urgent emergency alert dispatched to response command center.,CLOSED,14.2,2026-08-25 12:02:19
1925,EMG-20260825-1925,INFRASTRUCTURE_FAILURE,HIGH,Location Marker #1925,South District,Urgent emergency alert dispatched to response command center.,ON_SITE,8.8,2026-08-25 13:02:19
1926,EMG-20260825-1926,FLOOD,CRITICAL,Location Marker #1926,West District,Urgent emergency alert dispatched to response command center.,ON_SITE,4.9,2026-08-25 14:02:19
1927,EMG-20260825-1927,INFRASTRUCTURE_FAILURE,HIGH,Location Marker #1927,East District,Urgent emergency alert dispatched to response command center.,ON_SITE,18.1,2026-08-25 15:02:19
1928,EMG-20260825-1928,MEDICAL,CRITICAL,Location Marker #1928,West District,Urgent emergency alert dispatched to response command center.,CLOSED,24.8,2026-08-25 16:02:19
1929,EMG-20260825-1929,ROAD_BLOCKAGE,CRITICAL,Location Marker #1929,East District,Urgent emergency alert dispatched to response command center.,REPORTED,13.1,2026-08-25 17:02:19
1930,EMG-20260825-1930,FIRE,CRITICAL,Location Marker #1930,North District,Urgent emergency alert dispatched to response command center.,REPORTED,4.1,2026-08-25 18:02:19
1931,EMG-20260825-1931,INFRASTRUCTURE_FAILURE,CRITICAL,Location Marker #1931,North District,Urgent emergency alert dispatched to response command center.,RESOLVED,12.4,2026-08-25 19:02:19
1932,EMG-20260825-1932,MEDICAL,HIGH,Location Marker #1932,West District,Urgent emergency alert dispatched to response command center.,DISPATCHED,5.3,2026-08-25 20:02:19
1933,EMG-20260825-1933,FIRE,HIGH,Location Marker #1933,East District,Urgent emergency alert dispatched to response command center.,RESOLVED,19.8,2026-08-25 21:02:19
1934,EMG-20260825-1934,INFRASTRUCTURE_FAILURE,HIGH,Location Marker #1934,North District,Urgent emergency alert dispatched to response command center.,REPORTED,17.5,2026-08-25 22:02:19
1935,EMG-20260825-1935,FIRE,HIGH,Location Marker #1935,Central Zone,Urgent emergency alert dispatched to response command center.,DISPATCHED,17.0,2026-08-25 23:02:19
1936,EMG-20260826-1936,ROAD_BLOCKAGE,HIGH,Location Marker #1936,West District,Urgent emergency alert dispatched to response command center.,REPORTED,21.9,2026-08-26 00:02:19
1937,EMG-20260826-1937,FLOOD,HIGH,Location Marker #1937,West District,Urgent emergency alert dispatched to response command center.,CLOSED,23.4,2026-08-26 01:02:19
1938,EMG-20260826-1938,FLOOD,HIGH,Location Marker #1938,West District,Urgent emergency alert dispatched to response command center.,ON_SITE,4.0,2026-08-26 02:02:19
1939,EMG-20260826-1939,FIRE,CRITICAL,Location Marker #1939,Industrial Zone,Urgent emergency alert dispatched to response command center.,DISPATCHED,14.4,2026-08-26 03:02:19
1940,EMG-20260826-1940,FLOOD,HIGH,Location Marker #1940,West District,Urgent emergency alert dispatched to response command center.,CLOSED,22.3,2026-08-26 04:02:19
1941,EMG-20260826-1941,SECURITY_INCIDENT,CRITICAL,Location Marker #1941,Industrial Zone,Urgent emergency alert dispatched to response command center.,REPORTED,24.5,2026-08-26 05:02:19
1942,EMG-20260826-1942,SECURITY_INCIDENT,CRITICAL,Location Marker #1942,Central Zone,Urgent emergency alert dispatched to response command center.,CLOSED,22.2,2026-08-26 06:02:19
1943,EMG-20260826-1943,FIRE,HIGH,Location Marker #1943,North District,Urgent emergency alert dispatched to response command center.,ON_SITE,8.5,2026-08-26 07:02:19
1944,EMG-20260826-1944,FLOOD,HIGH,Location Marker #1944,Central Zone,Urgent emergency alert dispatched to response command center.,DISPATCHED,15.7,2026-08-26 08:02:19
1945,EMG-20260826-1945,ROAD_BLOCKAGE,HIGH,Location Marker #1945,West District,Urgent emergency alert dispatched to response command center.,ON_SITE,21.7,2026-08-26 09:02:19
1946,EMG-20260826-1946,FLOOD,HIGH,Location Marker #1946,East District,Urgent emergency alert dispatched to response command center.,ON_SITE,24.2,2026-08-26 10:02:19
1947,EMG-20260826-1947,MEDICAL,HIGH,Location Marker #1947,Central Zone,Urgent emergency alert dispatched to response command center.,RESOLVED,23.2,2026-08-26 11:02:19
1948,EMG-20260826-1948,ACCIDENT,HIGH,Location Marker #1948,West District,Urgent emergency alert dispatched to response command center.,REPORTED,16.9,2026-08-26 12:02:19
1949,EMG-20260826-1949,MEDICAL,CRITICAL,Location Marker #1949,West District,Urgent emergency alert dispatched to response command center.,RESOLVED,24.8,2026-08-26 13:02:19
1950,EMG-20260826-1950,FLOOD,CRITICAL,Location Marker #1950,South District,Urgent emergency alert dispatched to response command center.,DISPATCHED,10.4,2026-08-26 14:02:19
1951,EMG-20260826-1951,ROAD_BLOCKAGE,HIGH,Location Marker #1951,South District,Urgent emergency alert dispatched to response command center.,DISPATCHED,15.6,2026-08-26 15:02:19
1952,EMG-20260826-1952,INFRASTRUCTURE_FAILURE,HIGH,Location Marker #1952,East District,Urgent emergency alert dispatched to response command center.,DISPATCHED,23.5,2026-08-26 16:02:19
1953,EMG-20260826-1953,INFRASTRUCTURE_FAILURE,HIGH,Location Marker #1953,East District,Urgent emergency alert dispatched to response command center.,CLOSED,22.6,2026-08-26 17:02:19
1954,EMG-20260826-1954,ACCIDENT,CRITICAL,Location Marker #1954,Central Zone,Urgent emergency alert dispatched to response command center.,ON_SITE,11.2,2026-08-26 18:02:19
1955,EMG-20260826-1955,SECURITY_INCIDENT,CRITICAL,Location Marker #1955,Central Zone,Urgent emergency alert dispatched to response command center.,CLOSED,17.4,2026-08-26 19:02:19
1956,EMG-20260826-1956,FIRE,HIGH,Location Marker #1956,Industrial Zone,Urgent emergency alert dispatched to response command center.,CLOSED,17.7,2026-08-26 20:02:19
1957,EMG-20260826-1957,INFRASTRUCTURE_FAILURE,HIGH,Location Marker #1957,North District,Urgent emergency alert dispatched to response command center.,CLOSED,22.8,2026-08-26 21:02:19
1958,EMG-20260826-1958,FLOOD,HIGH,Location Marker #1958,West District,Urgent emergency alert dispatched to response command center.,ON_SITE,6.2,2026-08-26 22:02:19
1959,EMG-20260826-1959,FLOOD,HIGH,Location Marker #1959,Industrial Zone,Urgent emergency alert dispatched to response command center.,DISPATCHED,12.4,2026-08-26 23:02:19
1960,EMG-20260827-1960,SECURITY_INCIDENT,CRITICAL,Location Marker #1960,Central Zone,Urgent emergency alert dispatched to response command center.,REPORTED,24.7,2026-08-27 00:02:19
1961,EMG-20260827-1961,SECURITY_INCIDENT,CRITICAL,Location Marker #1961,East District,Urgent emergency alert dispatched to response command center.,REPORTED,17.5,2026-08-27 01:02:19
1962,EMG-20260827-1962,SECURITY_INCIDENT,CRITICAL,Location Marker #1962,North District,Urgent emergency alert dispatched to response command center.,REPORTED,20.0,2026-08-27 02:02:19
1963,EMG-20260827-1963,ACCIDENT,CRITICAL,Location Marker #1963,South District,Urgent emergency alert dispatched to response command center.,DISPATCHED,23.5,2026-08-27 03:02:19
1964,EMG-20260827-1964,ROAD_BLOCKAGE,CRITICAL,Location Marker #1964,East District,Urgent emergency alert dispatched to response command center.,RESOLVED,7.0,2026-08-27 04:02:19
1965,EMG-20260827-1965,FLOOD,HIGH,Location Marker #1965,Industrial Zone,Urgent emergency alert dispatched to response command center.,REPORTED,16.3,2026-08-27 05:02:19
1966,EMG-20260827-1966,SECURITY_INCIDENT,HIGH,Location Marker #1966,North District,Urgent emergency alert dispatched to response command center.,REPORTED,22.7,2026-08-27 06:02:19
1967,EMG-20260827-1967,FIRE,HIGH,Location Marker #1967,North District,Urgent emergency alert dispatched to response command center.,CLOSED,22.6,2026-08-27 07:02:19
1968,EMG-20260827-1968,SECURITY_INCIDENT,HIGH,Location Marker #1968,West District,Urgent emergency alert dispatched to response command center.,CLOSED,15.1,2026-08-27 08:02:19
1969,EMG-20260827-1969,ACCIDENT,CRITICAL,Location Marker #1969,Central Zone,Urgent emergency alert dispatched to response command center.,ON_SITE,11.9,2026-08-27 09:02:19
1970,EMG-20260827-1970,MEDICAL,CRITICAL,Location Marker #1970,East District,Urgent emergency alert dispatched to response command center.,ON_SITE,4.2,2026-08-27 10:02:19
1971,EMG-20260827-1971,FIRE,HIGH,Location Marker #1971,Central Zone,Urgent emergency alert dispatched to response command center.,ON_SITE,5.0,2026-08-27 11:02:19
1972,EMG-20260827-1972,MEDICAL,HIGH,Location Marker #1972,West District,Urgent emergency alert dispatched to response command center.,RESOLVED,22.2,2026-08-27 12:02:19
1973,EMG-20260827-1973,SECURITY_INCIDENT,CRITICAL,Location Marker #1973,East District,Urgent emergency alert dispatched to response command center.,RESOLVED,10.4,2026-08-27 13:02:19
1974,EMG-20260827-1974,ACCIDENT,HIGH,Location Marker #1974,Central Zone,Urgent emergency alert dispatched to response command center.,DISPATCHED,14.6,2026-08-27 14:02:19
1975,EMG-20260827-1975,FLOOD,CRITICAL,Location Marker #1975,Central Zone,Urgent emergency alert dispatched to response command center.,CLOSED,22.3,2026-08-27 15:02:19
1976,EMG-20260827-1976,FIRE,HIGH,Location Marker #1976,Industrial Zone,Urgent emergency alert dispatched to response command center.,CLOSED,8.3,2026-08-27 16:02:19
1977,EMG-20260827-1977,INFRASTRUCTURE_FAILURE,HIGH,Location Marker #1977,North District,Urgent emergency alert dispatched to response command center.,CLOSED,5.3,2026-08-27 17:02:19
1978,EMG-20260827-1978,FIRE,HIGH,Location Marker #1978,East District,Urgent emergency alert dispatched to response command center.,ON_SITE,7.6,2026-08-27 18:02:19
1979,EMG-20260827-1979,FLOOD,HIGH,Location Marker #1979,South District,Urgent emergency alert dispatched to response command center.,RESOLVED,18.5,2026-08-27 19:02:19
1980,EMG-20260827-1980,MEDICAL,HIGH,Location Marker #1980,Industrial Zone,Urgent emergency alert dispatched to response command center.,ON_SITE,12.8,2026-08-27 20:02:19
1981,EMG-20260827-1981,ROAD_BLOCKAGE,CRITICAL,Location Marker #1981,North District,Urgent emergency alert dispatched to response command center.,REPORTED,8.1,2026-08-27 21:02:19
1982,EMG-20260827-1982,FLOOD,HIGH,Location Marker #1982,Industrial Zone,Urgent emergency alert dispatched to response command center.,RESOLVED,10.4,2026-08-27 22:02:19
1983,EMG-20260827-1983,SECURITY_INCIDENT,CRITICAL,Location Marker #1983,Industrial Zone,Urgent emergency alert dispatched to response command center.,RESOLVED,14.3,2026-08-27 23:02:19
1984,EMG-20260828-1984,MEDICAL,HIGH,Location Marker #1984,East District,Urgent emergency alert dispatched to response command center.,REPORTED,19.9,2026-08-28 00:02:19
1985,EMG-20260828-1985,ROAD_BLOCKAGE,HIGH,Location Marker #1985,South District,Urgent emergency alert dispatched to response command center.,RESOLVED,23.0,2026-08-28 01:02:19
1986,EMG-20260828-1986,FIRE,CRITICAL,Location Marker #1986,Central Zone,Urgent emergency alert dispatched to response command center.,CLOSED,20.8,2026-08-28 02:02:19
1987,EMG-20260828-1987,INFRASTRUCTURE_FAILURE,HIGH,Location Marker #1987,West District,Urgent emergency alert dispatched to response command center.,RESOLVED,11.2,2026-08-28 03:02:19
1988,EMG-20260828-1988,MEDICAL,HIGH,Location Marker #1988,Central Zone,Urgent emergency alert dispatched to response command center.,CLOSED,13.6,2026-08-28 04:02:19
1989,EMG-20260828-1989,FIRE,CRITICAL,Location Marker #1989,South District,Urgent emergency alert dispatched to response command center.,REPORTED,18.5,2026-08-28 05:02:19
1990,EMG-20260828-1990,FLOOD,CRITICAL,Location Marker #1990,South District,Urgent emergency alert dispatched to response command center.,RESOLVED,23.3,2026-08-28 06:02:19
1991,EMG-20260828-1991,MEDICAL,HIGH,Location Marker #1991,North District,Urgent emergency alert dispatched to response command center.,DISPATCHED,16.8,2026-08-28 07:02:19
1992,EMG-20260828-1992,FLOOD,CRITICAL,Location Marker #1992,East District,Urgent emergency alert dispatched to response command center.,CLOSED,11.6,2026-08-28 08:02:19
1993,EMG-20260828-1993,INFRASTRUCTURE_FAILURE,HIGH,Location Marker #1993,East District,Urgent emergency alert dispatched to response command center.,ON_SITE,14.1,2026-08-28 09:02:19
1994,EMG-20260828-1994,MEDICAL,CRITICAL,Location Marker #1994,South District,Urgent emergency alert dispatched to response command center.,RESOLVED,4.1,2026-08-28 10:02:19
1995,EMG-20260828-1995,FLOOD,CRITICAL,Location Marker #1995,South District,Urgent emergency alert dispatched to response command center.,REPORTED,17.1,2026-08-28 11:02:19
1996,EMG-20260828-1996,INFRASTRUCTURE_FAILURE,CRITICAL,Location Marker #1996,Central Zone,Urgent emergency alert dispatched to response command center.,CLOSED,7.6,2026-08-28 12:02:19
1997,EMG-20260828-1997,SECURITY_INCIDENT,HIGH,Location Marker #1997,South District,Urgent emergency alert dispatched to response command center.,CLOSED,12.9,2026-08-28 13:02:19
1998,EMG-20260828-1998,ROAD_BLOCKAGE,HIGH,Location Marker #1998,North District,Urgent emergency alert dispatched to response command center.,REPORTED,24.2,2026-08-28 14:02:19
1999,EMG-20260828-1999,SECURITY_INCIDENT,CRITICAL,Location Marker #1999,Central Zone,Urgent emergency alert dispatched to response command center.,CLOSED,16.9,2026-08-28 15:02:19
2000,EMG-20260828-2000,SECURITY_INCIDENT,HIGH,Location Marker #2000,North District,Urgent emergency alert dispatched to response command center.,RESOLVED,12.2,2026-08-28 16:02:19
