id,location_id,occupied_count,available_count,occupancy_percentage,turnover_rate,recorded_at
1,2,94,106,47.0,1.38,2026-07-26 08:13:19
2,8,55,145,27.5,1.22,2026-07-26 08:24:19
3,1,54,146,27.0,1.22,2026-07-26 08:35:19
4,5,47,153,23.5,1.19,2026-07-26 08:46:19
5,15,47,153,23.5,1.19,2026-07-26 08:57:19
6,9,152,48,76.0,1.61,2026-07-26 09:08:19
7,10,163,37,81.5,1.65,2026-07-26 09:19:19
8,11,192,8,96.0,1.77,2026-07-26 09:30:19
9,15,181,19,90.5,1.72,2026-07-26 09:41:19
10,2,169,31,84.5,1.68,2026-07-26 09:52:19
11,8,173,27,86.5,1.69,2026-07-26 10:03:19
12,1,200,0,100.0,1.8,2026-07-26 10:14:19
13,2,164,36,82.0,1.66,2026-07-26 10:25:19
14,5,182,18,91.0,1.73,2026-07-26 10:36:19
15,11,164,36,82.0,1.66,2026-07-26 10:47:19
16,4,124,76,62.0,1.5,2026-07-26 10:58:19
17,15,197,3,98.5,1.79,2026-07-26 11:09:19
18,12,133,67,66.5,1.53,2026-07-26 11:20:19
19,8,190,10,95.0,1.76,2026-07-26 11:31:19
20,12,167,33,83.5,1.67,2026-07-26 11:42:19
21,3,195,5,97.5,1.78,2026-07-26 11:53:19
22,2,184,16,92.0,1.74,2026-07-26 12:04:19
23,3,200,0,100.0,1.8,2026-07-26 12:15:19
24,4,186,14,93.0,1.74,2026-07-26 12:26:19
25,15,200,0,100.0,1.8,2026-07-26 12:37:19
26,12,178,22,89.0,1.71,2026-07-26 12:48:19
27,1,172,28,86.0,1.69,2026-07-26 12:59:19
28,15,154,46,77.0,1.62,2026-07-26 13:10:19
29,2,158,42,79.0,1.63,2026-07-26 13:21:19
30,10,172,28,86.0,1.69,2026-07-26 13:32:19
31,12,171,29,85.5,1.68,2026-07-26 13:43:19
32,1,164,36,82.0,1.66,2026-07-26 13:54:19
33,5,154,46,77.0,1.62,2026-07-26 14:05:19
34,9,170,30,85.0,1.68,2026-07-26 14:16:19
35,4,200,0,100.0,1.8,2026-07-26 14:27:19
36,1,175,25,87.5,1.7,2026-07-26 14:38:19
37,8,167,33,83.5,1.67,2026-07-26 14:49:19
38,14,172,28,86.0,1.69,2026-07-26 15:00:19
39,11,178,22,89.0,1.71,2026-07-26 15:11:19
40,11,188,12,94.0,1.75,2026-07-26 15:22:19
41,13,145,55,72.5,1.58,2026-07-26 15:33:19
42,12,133,67,66.5,1.53,2026-07-26 15:44:19
43,10,144,56,72.0,1.58,2026-07-26 15:55:19
44,10,191,9,95.5,1.76,2026-07-26 16:06:19
45,12,187,13,93.5,1.75,2026-07-26 16:17:19
46,15,178,22,89.0,1.71,2026-07-26 16:28:19
47,9,200,0,100.0,1.8,2026-07-26 16:39:19
48,15,162,38,81.0,1.65,2026-07-26 16:50:19
49,3,162,38,81.0,1.65,2026-07-26 17:01:19
50,6,200,0,100.0,1.8,2026-07-26 17:12:19
51,8,190,10,95.0,1.76,2026-07-26 17:23:19
52,4,174,26,87.0,1.7,2026-07-26 17:34:19
53,3,153,47,76.5,1.61,2026-07-26 17:45:19
54,14,178,22,89.0,1.71,2026-07-26 17:56:19
55,2,175,25,87.5,1.7,2026-07-26 18:07:19
56,12,139,61,69.5,1.56,2026-07-26 18:18:19
57,14,190,10,95.0,1.76,2026-07-26 18:29:19
58,4,200,0,100.0,1.8,2026-07-26 18:40:19
59,9,164,36,82.0,1.66,2026-07-26 18:51:19
60,1,56,144,28.0,1.22,2026-07-26 19:02:19
61,9,28,172,14.0,1.11,2026-07-26 19:13:19
62,10,60,140,30.0,1.24,2026-07-26 19:24:19
63,11,59,141,29.5,1.24,2026-07-26 19:35:19
64,2,38,162,19.0,1.15,2026-07-26 19:46:19
65,14,40,160,20.0,1.16,2026-07-26 19:57:19
66,6,65,135,32.5,1.26,2026-07-26 20:08:19
67,3,69,131,34.5,1.28,2026-07-26 20:19:19
68,3,71,129,35.5,1.28,2026-07-26 20:30:19
69,1,52,148,26.0,1.21,2026-07-26 20:41:19
70,1,70,130,35.0,1.28,2026-07-26 20:52:19
71,12,62,138,31.0,1.25,2026-07-26 21:03:19
72,7,60,140,30.0,1.24,2026-07-26 21:14:19
73,14,58,142,29.0,1.23,2026-07-26 21:25:19
74,2,51,149,25.5,1.2,2026-07-26 21:36:19
75,6,45,155,22.5,1.18,2026-07-26 21:47:19
76,11,83,117,41.5,1.33,2026-07-26 21:58:19
77,2,68,132,34.0,1.27,2026-07-26 22:09:19
78,5,60,140,30.0,1.24,2026-07-26 22:20:19
79,13,50,150,25.0,1.2,2026-07-26 22:31:19
80,1,60,140,30.0,1.24,2026-07-26 22:42:19
81,8,62,138,31.0,1.25,2026-07-26 22:53:19
82,12,54,146,27.0,1.22,2026-07-26 23:04:19
83,10,72,128,36.0,1.29,2026-07-26 23:15:19
84,6,48,152,24.0,1.19,2026-07-26 23:26:19
85,3,59,141,29.5,1.24,2026-07-26 23:37:19
86,6,38,162,19.0,1.15,2026-07-26 23:48:19
87,6,55,145,27.5,1.22,2026-07-26 23:59:19
88,15,50,150,25.0,1.2,2026-07-27 00:10:19
89,5,50,150,25.0,1.2,2026-07-27 00:21:19
90,4,46,154,23.0,1.18,2026-07-27 00:32:19
91,14,72,128,36.0,1.29,2026-07-27 00:43:19
92,1,73,127,36.5,1.29,2026-07-27 00:54:19
93,2,30,170,15.0,1.12,2026-07-27 01:05:19
94,14,76,124,38.0,1.3,2026-07-27 01:16:19
95,3,28,172,14.0,1.11,2026-07-27 01:27:19
96,3,46,154,23.0,1.18,2026-07-27 01:38:19
97,11,62,138,31.0,1.25,2026-07-27 01:49:19
98,11,57,143,28.5,1.23,2026-07-27 02:00:19
99,13,59,141,29.5,1.24,2026-07-27 02:11:19
100,6,40,160,20.0,1.16,2026-07-27 02:22:19
101,1,68,132,34.0,1.27,2026-07-27 02:33:19
102,14,73,127,36.5,1.29,2026-07-27 02:44:19
103,8,84,116,42.0,1.34,2026-07-27 02:55:19
104,4,39,161,19.5,1.16,2026-07-27 03:06:19
105,4,44,156,22.0,1.18,2026-07-27 03:17:19
106,2,89,111,44.5,1.36,2026-07-27 03:28:19
107,1,66,134,33.0,1.26,2026-07-27 03:39:19
108,15,74,126,37.0,1.3,2026-07-27 03:50:19
109,14,99,101,49.5,1.4,2026-07-27 04:01:19
110,10,27,173,13.5,1.11,2026-07-27 04:12:19
111,6,79,121,39.5,1.32,2026-07-27 04:23:19
112,10,58,142,29.0,1.23,2026-07-27 04:34:19
113,5,41,159,20.5,1.16,2026-07-27 04:45:19
114,6,82,118,41.0,1.33,2026-07-27 04:56:19
115,9,99,101,49.5,1.4,2026-07-27 05:07:19
116,10,62,138,31.0,1.25,2026-07-27 05:18:19
117,13,50,150,25.0,1.2,2026-07-27 05:29:19
118,4,92,108,46.0,1.37,2026-07-27 05:40:19
119,9,56,144,28.0,1.22,2026-07-27 05:51:19
120,9,41,159,20.5,1.16,2026-07-27 06:02:19
121,7,26,174,13.0,1.1,2026-07-27 06:13:19
122,6,61,139,30.5,1.24,2026-07-27 06:24:19
123,6,62,138,31.0,1.25,2026-07-27 06:35:19
124,3,56,144,28.0,1.22,2026-07-27 06:46:19
125,3,55,145,27.5,1.22,2026-07-27 06:57:19
126,11,81,119,40.5,1.32,2026-07-27 07:08:19
127,12,48,152,24.0,1.19,2026-07-27 07:19:19
128,4,25,175,12.5,1.1,2026-07-27 07:30:19
129,1,63,137,31.5,1.25,2026-07-27 07:41:19
130,11,74,126,37.0,1.3,2026-07-27 07:52:19
131,8,46,154,23.0,1.18,2026-07-27 08:03:19
132,9,58,142,29.0,1.23,2026-07-27 08:14:19
133,3,53,147,26.5,1.21,2026-07-27 08:25:19
134,3,53,147,26.5,1.21,2026-07-27 08:36:19
135,10,92,108,46.0,1.37,2026-07-27 08:47:19
136,5,55,145,27.5,1.22,2026-07-27 08:58:19
137,13,140,60,70.0,1.56,2026-07-27 09:09:19
138,1,154,46,77.0,1.62,2026-07-27 09:20:19
139,13,167,33,83.5,1.67,2026-07-27 09:31:19
140,1,165,35,82.5,1.66,2026-07-27 09:42:19
141,3,142,58,71.0,1.57,2026-07-27 09:53:19
142,7,193,7,96.5,1.77,2026-07-27 10:04:19
143,9,126,74,63.0,1.5,2026-07-27 10:15:19
144,8,195,5,97.5,1.78,2026-07-27 10:26:19
145,11,183,17,91.5,1.73,2026-07-27 10:37:19
146,2,152,48,76.0,1.61,2026-07-27 10:48:19
147,9,150,50,75.0,1.6,2026-07-27 10:59:19
148,15,200,0,100.0,1.8,2026-07-27 11:10:19
149,8,200,0,100.0,1.8,2026-07-27 11:21:19
150,15,182,18,91.0,1.73,2026-07-27 11:32:19
151,3,170,30,85.0,1.68,2026-07-27 11:43:19
152,9,162,38,81.0,1.65,2026-07-27 11:54:19
153,14,188,12,94.0,1.75,2026-07-27 12:05:19
154,12,148,52,74.0,1.59,2026-07-27 12:16:19
155,4,182,18,91.0,1.73,2026-07-27 12:27:19
156,11,155,45,77.5,1.62,2026-07-27 12:38:19
157,13,177,23,88.5,1.71,2026-07-27 12:49:19
158,4,193,7,96.5,1.77,2026-07-27 13:00:19
159,9,156,44,78.0,1.62,2026-07-27 13:11:19
160,13,169,31,84.5,1.68,2026-07-27 13:22:19
161,8,165,35,82.5,1.66,2026-07-27 13:33:19
162,7,167,33,83.5,1.67,2026-07-27 13:44:19
163,4,182,18,91.0,1.73,2026-07-27 13:55:19
164,14,187,13,93.5,1.75,2026-07-27 14:06:19
165,2,170,30,85.0,1.68,2026-07-27 14:17:19
166,5,163,37,81.5,1.65,2026-07-27 14:28:19
167,6,178,22,89.0,1.71,2026-07-27 14:39:19
168,1,166,34,83.0,1.66,2026-07-27 14:50:19
169,13,170,30,85.0,1.68,2026-07-27 15:01:19
170,15,175,25,87.5,1.7,2026-07-27 15:12:19
171,1,163,37,81.5,1.65,2026-07-27 15:23:19
172,15,155,45,77.5,1.62,2026-07-27 15:34:19
173,9,155,45,77.5,1.62,2026-07-27 15:45:19
174,10,173,27,86.5,1.69,2026-07-27 15:56:19
175,7,195,5,97.5,1.78,2026-07-27 16:07:19
176,15,175,25,87.5,1.7,2026-07-27 16:18:19
177,11,180,20,90.0,1.72,2026-07-27 16:29:19
178,2,183,17,91.5,1.73,2026-07-27 16:40:19
179,12,183,17,91.5,1.73,2026-07-27 16:51:19
180,10,200,0,100.0,1.8,2026-07-27 17:02:19
181,10,163,37,81.5,1.65,2026-07-27 17:13:19
182,2,191,9,95.5,1.76,2026-07-27 17:24:19
183,15,167,33,83.5,1.67,2026-07-27 17:35:19
184,15,173,27,86.5,1.69,2026-07-27 17:46:19
185,2,170,30,85.0,1.68,2026-07-27 17:57:19
186,11,192,8,96.0,1.77,2026-07-27 18:08:19
187,12,161,39,80.5,1.64,2026-07-27 18:19:19
188,12,141,59,70.5,1.56,2026-07-27 18:30:19
189,9,182,18,91.0,1.73,2026-07-27 18:41:19
190,6,200,0,100.0,1.8,2026-07-27 18:52:19
191,11,45,155,22.5,1.18,2026-07-27 19:03:19
192,13,50,150,25.0,1.2,2026-07-27 19:14:19
193,9,63,137,31.5,1.25,2026-07-27 19:25:19
194,13,38,162,19.0,1.15,2026-07-27 19:36:19
195,5,43,157,21.5,1.17,2026-07-27 19:47:19
196,4,61,139,30.5,1.24,2026-07-27 19:58:19
197,15,55,145,27.5,1.22,2026-07-27 20:09:19
198,1,72,128,36.0,1.29,2026-07-27 20:20:19
199,9,90,110,45.0,1.36,2026-07-27 20:31:19
200,2,43,157,21.5,1.17,2026-07-27 20:42:19
201,11,33,167,16.5,1.13,2026-07-27 20:53:19
202,12,82,118,41.0,1.33,2026-07-27 21:04:19
203,4,53,147,26.5,1.21,2026-07-27 21:15:19
204,14,52,148,26.0,1.21,2026-07-27 21:26:19
205,15,57,143,28.5,1.23,2026-07-27 21:37:19
206,6,63,137,31.5,1.25,2026-07-27 21:48:19
207,15,41,159,20.5,1.16,2026-07-27 21:59:19
208,15,67,133,33.5,1.27,2026-07-27 22:10:19
209,11,112,88,56.0,1.45,2026-07-27 22:21:19
210,7,66,134,33.0,1.26,2026-07-27 22:32:19
211,6,68,132,34.0,1.27,2026-07-27 22:43:19
212,4,25,175,12.5,1.1,2026-07-27 22:54:19
213,14,75,125,37.5,1.3,2026-07-27 23:05:19
214,13,36,164,18.0,1.14,2026-07-27 23:16:19
215,6,52,148,26.0,1.21,2026-07-27 23:27:19
216,11,73,127,36.5,1.29,2026-07-27 23:38:19
217,12,35,165,17.5,1.14,2026-07-27 23:49:19
218,3,73,127,36.5,1.29,2026-07-28 00:00:19
219,4,70,130,35.0,1.28,2026-07-28 00:11:19
220,12,27,173,13.5,1.11,2026-07-28 00:22:19
221,10,49,151,24.5,1.2,2026-07-28 00:33:19
222,14,86,114,43.0,1.34,2026-07-28 00:44:19
223,11,61,139,30.5,1.24,2026-07-28 00:55:19
224,1,66,134,33.0,1.26,2026-07-28 01:06:19
225,1,94,106,47.0,1.38,2026-07-28 01:17:19
226,7,34,166,17.0,1.14,2026-07-28 01:28:19
227,6,36,164,18.0,1.14,2026-07-28 01:39:19
228,11,56,144,28.0,1.22,2026-07-28 01:50:19
229,11,53,147,26.5,1.21,2026-07-28 02:01:19
230,10,60,140,30.0,1.24,2026-07-28 02:12:19
231,5,31,169,15.5,1.12,2026-07-28 02:23:19
232,4,62,138,31.0,1.25,2026-07-28 02:34:19
233,8,27,173,13.5,1.11,2026-07-28 02:45:19
234,2,65,135,32.5,1.26,2026-07-28 02:56:19
235,13,63,137,31.5,1.25,2026-07-28 03:07:19
236,1,94,106,47.0,1.38,2026-07-28 03:18:19
237,6,85,115,42.5,1.34,2026-07-28 03:29:19
238,10,67,133,33.5,1.27,2026-07-28 03:40:19
239,14,81,119,40.5,1.32,2026-07-28 03:51:19
240,11,61,139,30.5,1.24,2026-07-28 04:02:19
241,15,64,136,32.0,1.26,2026-07-28 04:13:19
242,2,34,166,17.0,1.14,2026-07-28 04:24:19
243,4,44,156,22.0,1.18,2026-07-28 04:35:19
244,15,62,138,31.0,1.25,2026-07-28 04:46:19
245,2,38,162,19.0,1.15,2026-07-28 04:57:19
246,3,38,162,19.0,1.15,2026-07-28 05:08:19
247,10,42,158,21.0,1.17,2026-07-28 05:19:19
248,14,64,136,32.0,1.26,2026-07-28 05:30:19
249,1,77,123,38.5,1.31,2026-07-28 05:41:19
250,6,21,179,10.5,1.08,2026-07-28 05:52:19
251,12,57,143,28.5,1.23,2026-07-28 06:03:19
252,10,53,147,26.5,1.21,2026-07-28 06:14:19
253,10,51,149,25.5,1.2,2026-07-28 06:25:19
254,12,77,123,38.5,1.31,2026-07-28 06:36:19
255,12,50,150,25.0,1.2,2026-07-28 06:47:19
256,2,48,152,24.0,1.19,2026-07-28 06:58:19
257,14,65,135,32.5,1.26,2026-07-28 07:09:19
258,12,29,171,14.5,1.12,2026-07-28 07:20:19
259,3,67,133,33.5,1.27,2026-07-28 07:31:19
260,1,66,134,33.0,1.26,2026-07-28 07:42:19
261,4,48,152,24.0,1.19,2026-07-28 07:53:19
262,2,68,132,34.0,1.27,2026-07-28 08:04:19
263,9,43,157,21.5,1.17,2026-07-28 08:15:19
264,9,95,105,47.5,1.38,2026-07-28 08:26:19
265,15,75,125,37.5,1.3,2026-07-28 08:37:19
266,4,50,150,25.0,1.2,2026-07-28 08:48:19
267,15,32,168,16.0,1.13,2026-07-28 08:59:19
268,12,141,59,70.5,1.56,2026-07-28 09:10:19
269,14,179,21,89.5,1.72,2026-07-28 09:21:19
270,5,175,25,87.5,1.7,2026-07-28 09:32:19
271,12,200,0,100.0,1.8,2026-07-28 09:43:19
272,13,165,35,82.5,1.66,2026-07-28 09:54:19
273,5,155,45,77.5,1.62,2026-07-28 10:05:19
274,5,165,35,82.5,1.66,2026-07-28 10:16:19
275,5,147,53,73.5,1.59,2026-07-28 10:27:19
276,11,176,24,88.0,1.7,2026-07-28 10:38:19
277,8,153,47,76.5,1.61,2026-07-28 10:49:19
278,4,139,61,69.5,1.56,2026-07-28 11:00:19
279,12,170,30,85.0,1.68,2026-07-28 11:11:19
280,3,143,57,71.5,1.57,2026-07-28 11:22:19
281,11,174,26,87.0,1.7,2026-07-28 11:33:19
282,5,129,71,64.5,1.52,2026-07-28 11:44:19
283,15,155,45,77.5,1.62,2026-07-28 11:55:19
284,10,157,43,78.5,1.63,2026-07-28 12:06:19
285,14,188,12,94.0,1.75,2026-07-28 12:17:19
286,15,200,0,100.0,1.8,2026-07-28 12:28:19
287,4,152,48,76.0,1.61,2026-07-28 12:39:19
288,11,166,34,83.0,1.66,2026-07-28 12:50:19
289,15,158,42,79.0,1.63,2026-07-28 13:01:19
290,3,141,59,70.5,1.56,2026-07-28 13:12:19
291,5,200,0,100.0,1.8,2026-07-28 13:23:19
292,2,169,31,84.5,1.68,2026-07-28 13:34:19
293,4,176,24,88.0,1.7,2026-07-28 13:45:19
294,12,161,39,80.5,1.64,2026-07-28 13:56:19
295,9,163,37,81.5,1.65,2026-07-28 14:07:19
296,10,182,18,91.0,1.73,2026-07-28 14:18:19
297,5,194,6,97.0,1.78,2026-07-28 14:29:19
298,14,117,83,58.5,1.47,2026-07-28 14:40:19
299,3,175,25,87.5,1.7,2026-07-28 14:51:19
300,1,183,17,91.5,1.73,2026-07-28 15:02:19
301,10,134,66,67.0,1.54,2026-07-28 15:13:19
302,11,151,49,75.5,1.6,2026-07-28 15:24:19
303,15,149,51,74.5,1.6,2026-07-28 15:35:19
304,13,147,53,73.5,1.59,2026-07-28 15:46:19
305,9,144,56,72.0,1.58,2026-07-28 15:57:19
306,1,173,27,86.5,1.69,2026-07-28 16:08:19
307,14,196,4,98.0,1.78,2026-07-28 16:19:19
308,12,174,26,87.0,1.7,2026-07-28 16:30:19
309,12,174,26,87.0,1.7,2026-07-28 16:41:19
310,10,178,22,89.0,1.71,2026-07-28 16:52:19
311,14,179,21,89.5,1.72,2026-07-28 17:03:19
312,9,185,15,92.5,1.74,2026-07-28 17:14:19
313,5,180,20,90.0,1.72,2026-07-28 17:25:19
314,2,175,25,87.5,1.7,2026-07-28 17:36:19
315,7,155,45,77.5,1.62,2026-07-28 17:47:19
316,10,181,19,90.5,1.72,2026-07-28 17:58:19
317,13,162,38,81.0,1.65,2026-07-28 18:09:19
318,5,140,60,70.0,1.56,2026-07-28 18:20:19
319,14,178,22,89.0,1.71,2026-07-28 18:31:19
320,14,181,19,90.5,1.72,2026-07-28 18:42:19
321,11,174,26,87.0,1.7,2026-07-28 18:53:19
322,3,44,156,22.0,1.18,2026-07-28 19:04:19
323,6,49,151,24.5,1.2,2026-07-28 19:15:19
324,8,85,115,42.5,1.34,2026-07-28 19:26:19
325,6,59,141,29.5,1.24,2026-07-28 19:37:19
326,13,62,138,31.0,1.25,2026-07-28 19:48:19
327,15,40,160,20.0,1.16,2026-07-28 19:59:19
328,7,47,153,23.5,1.19,2026-07-28 20:10:19
329,8,62,138,31.0,1.25,2026-07-28 20:21:19
330,4,52,148,26.0,1.21,2026-07-28 20:32:19
331,3,57,143,28.5,1.23,2026-07-28 20:43:19
332,8,92,108,46.0,1.37,2026-07-28 20:54:19
333,15,67,133,33.5,1.27,2026-07-28 21:05:19
334,3,76,124,38.0,1.3,2026-07-28 21:16:19
335,9,61,139,30.5,1.24,2026-07-28 21:27:19
336,10,100,100,50.0,1.4,2026-07-28 21:38:19
337,6,67,133,33.5,1.27,2026-07-28 21:49:19
338,3,10,190,5.0,1.04,2026-07-28 22:00:19
339,4,59,141,29.5,1.24,2026-07-28 22:11:19
340,7,80,120,40.0,1.32,2026-07-28 22:22:19
341,3,48,152,24.0,1.19,2026-07-28 22:33:19
342,12,82,118,41.0,1.33,2026-07-28 22:44:19
343,10,64,136,32.0,1.26,2026-07-28 22:55:19
344,8,75,125,37.5,1.3,2026-07-28 23:06:19
345,11,89,111,44.5,1.36,2026-07-28 23:17:19
346,12,64,136,32.0,1.26,2026-07-28 23:28:19
347,2,40,160,20.0,1.16,2026-07-28 23:39:19
348,6,66,134,33.0,1.26,2026-07-28 23:50:19
349,9,51,149,25.5,1.2,2026-07-29 00:01:19
350,4,68,132,34.0,1.27,2026-07-29 00:12:19
351,14,59,141,29.5,1.24,2026-07-29 00:23:19
352,8,52,148,26.0,1.21,2026-07-29 00:34:19
353,7,43,157,21.5,1.17,2026-07-29 00:45:19
354,4,106,94,53.0,1.42,2026-07-29 00:56:19
355,13,52,148,26.0,1.21,2026-07-29 01:07:19
356,2,48,152,24.0,1.19,2026-07-29 01:18:19
357,2,42,158,21.0,1.17,2026-07-29 01:29:19
358,4,67,133,33.5,1.27,2026-07-29 01:40:19
359,4,16,184,8.0,1.06,2026-07-29 01:51:19
360,10,63,137,31.5,1.25,2026-07-29 02:02:19
361,14,81,119,40.5,1.32,2026-07-29 02:13:19
362,12,29,171,14.5,1.12,2026-07-29 02:24:19
363,1,71,129,35.5,1.28,2026-07-29 02:35:19
364,12,74,126,37.0,1.3,2026-07-29 02:46:19
365,8,59,141,29.5,1.24,2026-07-29 02:57:19
366,4,73,127,36.5,1.29,2026-07-29 03:08:19
367,8,61,139,30.5,1.24,2026-07-29 03:19:19
368,9,59,141,29.5,1.24,2026-07-29 03:30:19
369,13,46,154,23.0,1.18,2026-07-29 03:41:19
370,11,86,114,43.0,1.34,2026-07-29 03:52:19
371,7,48,152,24.0,1.19,2026-07-29 04:03:19
372,5,37,163,18.5,1.15,2026-07-29 04:14:19
373,1,62,138,31.0,1.25,2026-07-29 04:25:19
374,8,76,124,38.0,1.3,2026-07-29 04:36:19
375,7,49,151,24.5,1.2,2026-07-29 04:47:19
376,7,47,153,23.5,1.19,2026-07-29 04:58:19
377,11,62,138,31.0,1.25,2026-07-29 05:09:19
378,6,52,148,26.0,1.21,2026-07-29 05:20:19
379,12,82,118,41.0,1.33,2026-07-29 05:31:19
380,5,49,151,24.5,1.2,2026-07-29 05:42:19
381,7,79,121,39.5,1.32,2026-07-29 05:53:19
382,11,33,167,16.5,1.13,2026-07-29 06:04:19
383,5,73,127,36.5,1.29,2026-07-29 06:15:19
384,5,78,122,39.0,1.31,2026-07-29 06:26:19
385,9,52,148,26.0,1.21,2026-07-29 06:37:19
386,12,65,135,32.5,1.26,2026-07-29 06:48:19
387,5,40,160,20.0,1.16,2026-07-29 06:59:19
388,15,29,171,14.5,1.12,2026-07-29 07:10:19
389,15,67,133,33.5,1.27,2026-07-29 07:21:19
390,11,40,160,20.0,1.16,2026-07-29 07:32:19
391,12,43,157,21.5,1.17,2026-07-29 07:43:19
392,10,49,151,24.5,1.2,2026-07-29 07:54:19
393,7,72,128,36.0,1.29,2026-07-29 08:05:19
394,9,85,115,42.5,1.34,2026-07-29 08:16:19
395,14,76,124,38.0,1.3,2026-07-29 08:27:19
396,15,46,154,23.0,1.18,2026-07-29 08:38:19
397,3,61,139,30.5,1.24,2026-07-29 08:49:19
398,14,166,34,83.0,1.66,2026-07-29 09:00:19
399,4,158,42,79.0,1.63,2026-07-29 09:11:19
400,11,158,42,79.0,1.63,2026-07-29 09:22:19
401,4,165,35,82.5,1.66,2026-07-29 09:33:19
402,13,155,45,77.5,1.62,2026-07-29 09:44:19
403,8,164,36,82.0,1.66,2026-07-29 09:55:19
404,5,155,45,77.5,1.62,2026-07-29 10:06:19
405,11,158,42,79.0,1.63,2026-07-29 10:17:19
406,10,134,66,67.0,1.54,2026-07-29 10:28:19
407,10,198,2,99.0,1.79,2026-07-29 10:39:19
408,7,171,29,85.5,1.68,2026-07-29 10:50:19
409,2,170,30,85.0,1.68,2026-07-29 11:01:19
410,11,145,55,72.5,1.58,2026-07-29 11:12:19
411,15,194,6,97.0,1.78,2026-07-29 11:23:19
412,1,142,58,71.0,1.57,2026-07-29 11:34:19
413,9,166,34,83.0,1.66,2026-07-29 11:45:19
414,14,184,16,92.0,1.74,2026-07-29 11:56:19
415,10,169,31,84.5,1.68,2026-07-29 12:07:19
416,11,153,47,76.5,1.61,2026-07-29 12:18:19
417,14,189,11,94.5,1.76,2026-07-29 12:29:19
418,15,167,33,83.5,1.67,2026-07-29 12:40:19
419,15,170,30,85.0,1.68,2026-07-29 12:51:19
420,5,189,11,94.5,1.76,2026-07-29 13:02:19
421,4,163,37,81.5,1.65,2026-07-29 13:13:19
422,3,167,33,83.5,1.67,2026-07-29 13:24:19
423,14,193,7,96.5,1.77,2026-07-29 13:35:19
424,3,200,0,100.0,1.8,2026-07-29 13:46:19
425,9,132,68,66.0,1.53,2026-07-29 13:57:19
426,2,197,3,98.5,1.79,2026-07-29 14:08:19
427,7,169,31,84.5,1.68,2026-07-29 14:19:19
428,10,182,18,91.0,1.73,2026-07-29 14:30:19
429,1,154,46,77.0,1.62,2026-07-29 14:41:19
430,11,139,61,69.5,1.56,2026-07-29 14:52:19
431,12,147,53,73.5,1.59,2026-07-29 15:03:19
432,14,164,36,82.0,1.66,2026-07-29 15:14:19
433,13,179,21,89.5,1.72,2026-07-29 15:25:19
434,10,155,45,77.5,1.62,2026-07-29 15:36:19
435,10,166,34,83.0,1.66,2026-07-29 15:47:19
436,8,173,27,86.5,1.69,2026-07-29 15:58:19
437,10,169,31,84.5,1.68,2026-07-29 16:09:19
438,3,190,10,95.0,1.76,2026-07-29 16:20:19
439,12,124,76,62.0,1.5,2026-07-29 16:31:19
440,14,153,47,76.5,1.61,2026-07-29 16:42:19
441,9,195,5,97.5,1.78,2026-07-29 16:53:19
442,11,153,47,76.5,1.61,2026-07-29 17:04:19
443,6,177,23,88.5,1.71,2026-07-29 17:15:19
444,6,180,20,90.0,1.72,2026-07-29 17:26:19
445,3,147,53,73.5,1.59,2026-07-29 17:37:19
446,4,157,43,78.5,1.63,2026-07-29 17:48:19
447,4,155,45,77.5,1.62,2026-07-29 17:59:19
448,2,182,18,91.0,1.73,2026-07-29 18:10:19
449,9,177,23,88.5,1.71,2026-07-29 18:21:19
450,7,176,24,88.0,1.7,2026-07-29 18:32:19
451,1,156,44,78.0,1.62,2026-07-29 18:43:19
452,6,156,44,78.0,1.62,2026-07-29 18:54:19
453,14,51,149,25.5,1.2,2026-07-29 19:05:19
454,4,51,149,25.5,1.2,2026-07-29 19:16:19
455,1,70,130,35.0,1.28,2026-07-29 19:27:19
456,5,50,150,25.0,1.2,2026-07-29 19:38:19
457,4,55,145,27.5,1.22,2026-07-29 19:49:19
458,10,48,152,24.0,1.19,2026-07-29 20:00:19
459,12,72,128,36.0,1.29,2026-07-29 20:11:19
460,5,36,164,18.0,1.14,2026-07-29 20:22:19
461,8,30,170,15.0,1.12,2026-07-29 20:33:19
462,5,79,121,39.5,1.32,2026-07-29 20:44:19
463,11,79,121,39.5,1.32,2026-07-29 20:55:19
464,1,70,130,35.0,1.28,2026-07-29 21:06:19
465,14,49,151,24.5,1.2,2026-07-29 21:17:19
466,11,65,135,32.5,1.26,2026-07-29 21:28:19
467,10,62,138,31.0,1.25,2026-07-29 21:39:19
468,11,68,132,34.0,1.27,2026-07-29 21:50:19
469,15,54,146,27.0,1.22,2026-07-29 22:01:19
470,2,65,135,32.5,1.26,2026-07-29 22:12:19
471,7,42,158,21.0,1.17,2026-07-29 22:23:19
472,14,89,111,44.5,1.36,2026-07-29 22:34:19
473,10,72,128,36.0,1.29,2026-07-29 22:45:19
474,11,38,162,19.0,1.15,2026-07-29 22:56:19
475,3,53,147,26.5,1.21,2026-07-29 23:07:19
476,6,26,174,13.0,1.1,2026-07-29 23:18:19
477,7,25,175,12.5,1.1,2026-07-29 23:29:19
478,13,41,159,20.5,1.16,2026-07-29 23:40:19
479,15,50,150,25.0,1.2,2026-07-29 23:51:19
480,11,51,149,25.5,1.2,2026-07-30 00:02:19
481,7,99,101,49.5,1.4,2026-07-30 00:13:19
482,14,54,146,27.0,1.22,2026-07-30 00:24:19
483,12,81,119,40.5,1.32,2026-07-30 00:35:19
484,11,98,102,49.0,1.39,2026-07-30 00:46:19
485,14,45,155,22.5,1.18,2026-07-30 00:57:19
486,11,52,148,26.0,1.21,2026-07-30 01:08:19
487,15,58,142,29.0,1.23,2026-07-30 01:19:19
488,1,62,138,31.0,1.25,2026-07-30 01:30:19
489,10,53,147,26.5,1.21,2026-07-30 01:41:19
490,15,57,143,28.5,1.23,2026-07-30 01:52:19
491,14,78,122,39.0,1.31,2026-07-30 02:03:19
492,7,66,134,33.0,1.26,2026-07-30 02:14:19
493,1,84,116,42.0,1.34,2026-07-30 02:25:19
494,7,38,162,19.0,1.15,2026-07-30 02:36:19
495,13,26,174,13.0,1.1,2026-07-30 02:47:19
496,12,31,169,15.5,1.12,2026-07-30 02:58:19
497,8,108,92,54.0,1.43,2026-07-30 03:09:19
498,13,90,110,45.0,1.36,2026-07-30 03:20:19
499,6,81,119,40.5,1.32,2026-07-30 03:31:19
500,3,59,141,29.5,1.24,2026-07-30 03:42:19
501,11,63,137,31.5,1.25,2026-07-30 03:53:19
502,14,82,118,41.0,1.33,2026-07-30 04:04:19
503,4,57,143,28.5,1.23,2026-07-30 04:15:19
504,6,86,114,43.0,1.34,2026-07-30 04:26:19
505,15,34,166,17.0,1.14,2026-07-30 04:37:19
506,14,61,139,30.5,1.24,2026-07-30 04:48:19
507,8,62,138,31.0,1.25,2026-07-30 04:59:19
508,5,5,195,2.5,1.02,2026-07-30 05:10:19
509,7,62,138,31.0,1.25,2026-07-30 05:21:19
510,10,42,158,21.0,1.17,2026-07-30 05:32:19
511,6,58,142,29.0,1.23,2026-07-30 05:43:19
512,14,48,152,24.0,1.19,2026-07-30 05:54:19
513,3,58,142,29.0,1.23,2026-07-30 06:05:19
514,4,38,162,19.0,1.15,2026-07-30 06:16:19
515,11,53,147,26.5,1.21,2026-07-30 06:27:19
516,3,46,154,23.0,1.18,2026-07-30 06:38:19
517,1,49,151,24.5,1.2,2026-07-30 06:49:19
518,9,57,143,28.5,1.23,2026-07-30 07:00:19
519,2,49,151,24.5,1.2,2026-07-30 07:11:19
520,10,74,126,37.0,1.3,2026-07-30 07:22:19
521,9,53,147,26.5,1.21,2026-07-30 07:33:19
522,12,59,141,29.5,1.24,2026-07-30 07:44:19
523,1,64,136,32.0,1.26,2026-07-30 07:55:19
524,2,80,120,40.0,1.32,2026-07-30 08:06:19
525,2,68,132,34.0,1.27,2026-07-30 08:17:19
526,10,81,119,40.5,1.32,2026-07-30 08:28:19
527,5,72,128,36.0,1.29,2026-07-30 08:39:19
528,6,81,119,40.5,1.32,2026-07-30 08:50:19
529,5,124,76,62.0,1.5,2026-07-30 09:01:19
530,12,144,56,72.0,1.58,2026-07-30 09:12:19
531,12,183,17,91.5,1.73,2026-07-30 09:23:19
532,5,168,32,84.0,1.67,2026-07-30 09:34:19
533,5,196,4,98.0,1.78,2026-07-30 09:45:19
534,4,148,52,74.0,1.59,2026-07-30 09:56:19
535,1,146,54,73.0,1.58,2026-07-30 10:07:19
536,1,167,33,83.5,1.67,2026-07-30 10:18:19
537,6,159,41,79.5,1.64,2026-07-30 10:29:19
538,2,190,10,95.0,1.76,2026-07-30 10:40:19
539,11,138,62,69.0,1.55,2026-07-30 10:51:19
540,5,174,26,87.0,1.7,2026-07-30 11:02:19
541,15,173,27,86.5,1.69,2026-07-30 11:13:19
542,6,152,48,76.0,1.61,2026-07-30 11:24:19
543,5,174,26,87.0,1.7,2026-07-30 11:35:19
544,9,145,55,72.5,1.58,2026-07-30 11:46:19
545,3,173,27,86.5,1.69,2026-07-30 11:57:19
546,14,180,20,90.0,1.72,2026-07-30 12:08:19
547,8,167,33,83.5,1.67,2026-07-30 12:19:19
548,4,163,37,81.5,1.65,2026-07-30 12:30:19
549,14,144,56,72.0,1.58,2026-07-30 12:41:19
550,8,198,2,99.0,1.79,2026-07-30 12:52:19
551,14,152,48,76.0,1.61,2026-07-30 13:03:19
552,2,140,60,70.0,1.56,2026-07-30 13:14:19
553,9,163,37,81.5,1.65,2026-07-30 13:25:19
554,2,171,29,85.5,1.68,2026-07-30 13:36:19
555,14,172,28,86.0,1.69,2026-07-30 13:47:19
556,3,172,28,86.0,1.69,2026-07-30 13:58:19
557,3,177,23,88.5,1.71,2026-07-30 14:09:19
558,10,181,19,90.5,1.72,2026-07-30 14:20:19
559,8,162,38,81.0,1.65,2026-07-30 14:31:19
560,4,137,63,68.5,1.55,2026-07-30 14:42:19
561,2,168,32,84.0,1.67,2026-07-30 14:53:19
562,7,100,100,50.0,1.4,2026-07-30 15:04:19
563,8,200,0,100.0,1.8,2026-07-30 15:15:19
564,1,174,26,87.0,1.7,2026-07-30 15:26:19
565,6,175,25,87.5,1.7,2026-07-30 15:37:19
566,9,149,51,74.5,1.6,2026-07-30 15:48:19
567,3,193,7,96.5,1.77,2026-07-30 15:59:19
568,12,182,18,91.0,1.73,2026-07-30 16:10:19
569,11,156,44,78.0,1.62,2026-07-30 16:21:19
570,15,144,56,72.0,1.58,2026-07-30 16:32:19
571,12,200,0,100.0,1.8,2026-07-30 16:43:19
572,1,180,20,90.0,1.72,2026-07-30 16:54:19
573,14,150,50,75.0,1.6,2026-07-30 17:05:19
574,15,170,30,85.0,1.68,2026-07-30 17:16:19
575,2,138,62,69.0,1.55,2026-07-30 17:27:19
576,11,188,12,94.0,1.75,2026-07-30 17:38:19
577,15,193,7,96.5,1.77,2026-07-30 17:49:19
578,3,184,16,92.0,1.74,2026-07-30 18:00:19
579,8,168,32,84.0,1.67,2026-07-30 18:11:19
580,7,166,34,83.0,1.66,2026-07-30 18:22:19
581,7,150,50,75.0,1.6,2026-07-30 18:33:19
582,13,189,11,94.5,1.76,2026-07-30 18:44:19
583,6,155,45,77.5,1.62,2026-07-30 18:55:19
584,14,64,136,32.0,1.26,2026-07-30 19:06:19
585,9,40,160,20.0,1.16,2026-07-30 19:17:19
586,6,25,175,12.5,1.1,2026-07-30 19:28:19
587,14,43,157,21.5,1.17,2026-07-30 19:39:19
588,4,71,129,35.5,1.28,2026-07-30 19:50:19
589,1,81,119,40.5,1.32,2026-07-30 20:01:19
590,7,75,125,37.5,1.3,2026-07-30 20:12:19
591,4,38,162,19.0,1.15,2026-07-30 20:23:19
592,15,48,152,24.0,1.19,2026-07-30 20:34:19
593,11,65,135,32.5,1.26,2026-07-30 20:45:19
594,8,35,165,17.5,1.14,2026-07-30 20:56:19
595,1,68,132,34.0,1.27,2026-07-30 21:07:19
596,9,49,151,24.5,1.2,2026-07-30 21:18:19
597,7,31,169,15.5,1.12,2026-07-30 21:29:19
598,7,92,108,46.0,1.37,2026-07-30 21:40:19
599,11,50,150,25.0,1.2,2026-07-30 21:51:19
600,11,39,161,19.5,1.16,2026-07-30 22:02:19
601,14,6,194,3.0,1.02,2026-07-30 22:13:19
602,8,52,148,26.0,1.21,2026-07-30 22:24:19
603,12,59,141,29.5,1.24,2026-07-30 22:35:19
604,11,57,143,28.5,1.23,2026-07-30 22:46:19
605,1,67,133,33.5,1.27,2026-07-30 22:57:19
606,7,53,147,26.5,1.21,2026-07-30 23:08:19
607,6,45,155,22.5,1.18,2026-07-30 23:19:19
608,6,53,147,26.5,1.21,2026-07-30 23:30:19
609,3,12,188,6.0,1.05,2026-07-30 23:41:19
610,5,64,136,32.0,1.26,2026-07-30 23:52:19
611,1,63,137,31.5,1.25,2026-07-31 00:03:19
612,1,30,170,15.0,1.12,2026-07-31 00:14:19
613,8,38,162,19.0,1.15,2026-07-31 00:25:19
614,13,47,153,23.5,1.19,2026-07-31 00:36:19
615,14,48,152,24.0,1.19,2026-07-31 00:47:19
616,3,70,130,35.0,1.28,2026-07-31 00:58:19
617,1,61,139,30.5,1.24,2026-07-31 01:09:19
618,13,85,115,42.5,1.34,2026-07-31 01:20:19
619,8,66,134,33.0,1.26,2026-07-31 01:31:19
620,8,52,148,26.0,1.21,2026-07-31 01:42:19
621,8,95,105,47.5,1.38,2026-07-31 01:53:19
622,14,90,110,45.0,1.36,2026-07-31 02:04:19
623,11,58,142,29.0,1.23,2026-07-31 02:15:19
624,14,55,145,27.5,1.22,2026-07-31 02:26:19
625,13,37,163,18.5,1.15,2026-07-31 02:37:19
626,4,51,149,25.5,1.2,2026-07-31 02:48:19
627,6,42,158,21.0,1.17,2026-07-31 02:59:19
628,13,56,144,28.0,1.22,2026-07-31 03:10:19
629,1,62,138,31.0,1.25,2026-07-31 03:21:19
630,1,72,128,36.0,1.29,2026-07-31 03:32:19
631,5,70,130,35.0,1.28,2026-07-31 03:43:19
632,5,74,126,37.0,1.3,2026-07-31 03:54:19
633,10,53,147,26.5,1.21,2026-07-31 04:05:19
634,14,95,105,47.5,1.38,2026-07-31 04:16:19
635,4,85,115,42.5,1.34,2026-07-31 04:27:19
636,2,79,121,39.5,1.32,2026-07-31 04:38:19
637,13,44,156,22.0,1.18,2026-07-31 04:49:19
638,8,44,156,22.0,1.18,2026-07-31 05:00:19
639,1,75,125,37.5,1.3,2026-07-31 05:11:19
640,12,105,95,52.5,1.42,2026-07-31 05:22:19
641,6,57,143,28.5,1.23,2026-07-31 05:33:19
642,11,53,147,26.5,1.21,2026-07-31 05:44:19
643,12,58,142,29.0,1.23,2026-07-31 05:55:19
644,3,24,176,12.0,1.1,2026-07-31 06:06:19
645,3,77,123,38.5,1.31,2026-07-31 06:17:19
646,15,52,148,26.0,1.21,2026-07-31 06:28:19
647,14,46,154,23.0,1.18,2026-07-31 06:39:19
648,12,48,152,24.0,1.19,2026-07-31 06:50:19
649,15,21,179,10.5,1.08,2026-07-31 07:01:19
650,11,62,138,31.0,1.25,2026-07-31 07:12:19
651,15,111,89,55.5,1.44,2026-07-31 07:23:19
652,7,73,127,36.5,1.29,2026-07-31 07:34:19
653,4,82,118,41.0,1.33,2026-07-31 07:45:19
654,3,76,124,38.0,1.3,2026-07-31 07:56:19
655,9,25,175,12.5,1.1,2026-07-31 08:07:19
656,13,59,141,29.5,1.24,2026-07-31 08:18:19
657,12,76,124,38.0,1.3,2026-07-31 08:29:19
658,3,60,140,30.0,1.24,2026-07-31 08:40:19
659,12,52,148,26.0,1.21,2026-07-31 08:51:19
660,2,148,52,74.0,1.59,2026-07-31 09:02:19
661,11,194,6,97.0,1.78,2026-07-31 09:13:19
662,9,187,13,93.5,1.75,2026-07-31 09:24:19
663,3,174,26,87.0,1.7,2026-07-31 09:35:19
664,3,124,76,62.0,1.5,2026-07-31 09:46:19
665,11,153,47,76.5,1.61,2026-07-31 09:57:19
666,6,158,42,79.0,1.63,2026-07-31 10:08:19
667,12,200,0,100.0,1.8,2026-07-31 10:19:19
668,13,163,37,81.5,1.65,2026-07-31 10:30:19
669,4,122,78,61.0,1.49,2026-07-31 10:41:19
670,2,176,24,88.0,1.7,2026-07-31 10:52:19
671,4,156,44,78.0,1.62,2026-07-31 11:03:19
672,10,177,23,88.5,1.71,2026-07-31 11:14:19
673,8,192,8,96.0,1.77,2026-07-31 11:25:19
674,11,184,16,92.0,1.74,2026-07-31 11:36:19
675,8,163,37,81.5,1.65,2026-07-31 11:47:19
676,8,139,61,69.5,1.56,2026-07-31 11:58:19
677,12,186,14,93.0,1.74,2026-07-31 12:09:19
678,10,197,3,98.5,1.79,2026-07-31 12:20:19
679,14,184,16,92.0,1.74,2026-07-31 12:31:19
680,1,161,39,80.5,1.64,2026-07-31 12:42:19
681,4,163,37,81.5,1.65,2026-07-31 12:53:19
682,4,192,8,96.0,1.77,2026-07-31 13:04:19
683,13,177,23,88.5,1.71,2026-07-31 13:15:19
684,3,200,0,100.0,1.8,2026-07-31 13:26:19
685,10,162,38,81.0,1.65,2026-07-31 13:37:19
686,15,191,9,95.5,1.76,2026-07-31 13:48:19
687,15,186,14,93.0,1.74,2026-07-31 13:59:19
688,6,167,33,83.5,1.67,2026-07-31 14:10:19
689,1,182,18,91.0,1.73,2026-07-31 14:21:19
690,6,165,35,82.5,1.66,2026-07-31 14:32:19
691,1,156,44,78.0,1.62,2026-07-31 14:43:19
692,5,157,43,78.5,1.63,2026-07-31 14:54:19
693,11,150,50,75.0,1.6,2026-07-31 15:05:19
694,11,132,68,66.0,1.53,2026-07-31 15:16:19
695,10,182,18,91.0,1.73,2026-07-31 15:27:19
696,14,190,10,95.0,1.76,2026-07-31 15:38:19
697,15,181,19,90.5,1.72,2026-07-31 15:49:19
698,7,180,20,90.0,1.72,2026-07-31 16:00:19
699,8,192,8,96.0,1.77,2026-07-31 16:11:19
700,8,159,41,79.5,1.64,2026-07-31 16:22:19
701,2,196,4,98.0,1.78,2026-07-31 16:33:19
702,6,178,22,89.0,1.71,2026-07-31 16:44:19
703,5,142,58,71.0,1.57,2026-07-31 16:55:19
704,5,180,20,90.0,1.72,2026-07-31 17:06:19
705,5,173,27,86.5,1.69,2026-07-31 17:17:19
706,13,113,87,56.5,1.45,2026-07-31 17:28:19
707,8,149,51,74.5,1.6,2026-07-31 17:39:19
708,5,149,51,74.5,1.6,2026-07-31 17:50:19
709,3,155,45,77.5,1.62,2026-07-31 18:01:19
710,14,196,4,98.0,1.78,2026-07-31 18:12:19
711,11,166,34,83.0,1.66,2026-07-31 18:23:19
712,5,175,25,87.5,1.7,2026-07-31 18:34:19
713,6,138,62,69.0,1.55,2026-07-31 18:45:19
714,9,147,53,73.5,1.59,2026-07-31 18:56:19
715,12,35,165,17.5,1.14,2026-07-31 19:07:19
716,14,59,141,29.5,1.24,2026-07-31 19:18:19
717,4,49,151,24.5,1.2,2026-07-31 19:29:19
718,1,79,121,39.5,1.32,2026-07-31 19:40:19
719,5,66,134,33.0,1.26,2026-07-31 19:51:19
720,1,73,127,36.5,1.29,2026-07-31 20:02:19
721,4,42,158,21.0,1.17,2026-07-31 20:13:19
722,2,49,151,24.5,1.2,2026-07-31 20:24:19
723,6,42,158,21.0,1.17,2026-07-31 20:35:19
724,14,27,173,13.5,1.11,2026-07-31 20:46:19
725,1,51,149,25.5,1.2,2026-07-31 20:57:19
726,5,54,146,27.0,1.22,2026-07-31 21:08:19
727,12,56,144,28.0,1.22,2026-07-31 21:19:19
728,10,41,159,20.5,1.16,2026-07-31 21:30:19
729,3,50,150,25.0,1.2,2026-07-31 21:41:19
730,4,30,170,15.0,1.12,2026-07-31 21:52:19
731,8,39,161,19.5,1.16,2026-07-31 22:03:19
732,6,61,139,30.5,1.24,2026-07-31 22:14:19
733,11,54,146,27.0,1.22,2026-07-31 22:25:19
734,10,62,138,31.0,1.25,2026-07-31 22:36:19
735,15,41,159,20.5,1.16,2026-07-31 22:47:19
736,5,84,116,42.0,1.34,2026-07-31 22:58:19
737,12,59,141,29.5,1.24,2026-07-31 23:09:19
738,3,36,164,18.0,1.14,2026-07-31 23:20:19
739,14,67,133,33.5,1.27,2026-07-31 23:31:19
740,11,44,156,22.0,1.18,2026-07-31 23:42:19
741,4,84,116,42.0,1.34,2026-07-31 23:53:19
742,4,60,140,30.0,1.24,2026-08-01 00:04:19
743,9,62,138,31.0,1.25,2026-08-01 00:15:19
744,1,67,133,33.5,1.27,2026-08-01 00:26:19
745,10,67,133,33.5,1.27,2026-08-01 00:37:19
746,3,43,157,21.5,1.17,2026-08-01 00:48:19
747,3,69,131,34.5,1.28,2026-08-01 00:59:19
748,2,59,141,29.5,1.24,2026-08-01 01:10:19
749,2,27,173,13.5,1.11,2026-08-01 01:21:19
750,2,78,122,39.0,1.31,2026-08-01 01:32:19
751,9,67,133,33.5,1.27,2026-08-01 01:43:19
752,6,55,145,27.5,1.22,2026-08-01 01:54:19
753,13,69,131,34.5,1.28,2026-08-01 02:05:19
754,15,61,139,30.5,1.24,2026-08-01 02:16:19
755,7,66,134,33.0,1.26,2026-08-01 02:27:19
756,3,87,113,43.5,1.35,2026-08-01 02:38:19
757,8,44,156,22.0,1.18,2026-08-01 02:49:19
758,6,45,155,22.5,1.18,2026-08-01 03:00:19
759,13,69,131,34.5,1.28,2026-08-01 03:11:19
760,7,67,133,33.5,1.27,2026-08-01 03:22:19
761,4,50,150,25.0,1.2,2026-08-01 03:33:19
762,2,69,131,34.5,1.28,2026-08-01 03:44:19
763,6,76,124,38.0,1.3,2026-08-01 03:55:19
764,6,32,168,16.0,1.13,2026-08-01 04:06:19
765,13,79,121,39.5,1.32,2026-08-01 04:17:19
766,9,56,144,28.0,1.22,2026-08-01 04:28:19
767,11,72,128,36.0,1.29,2026-08-01 04:39:19
768,11,61,139,30.5,1.24,2026-08-01 04:50:19
769,9,55,145,27.5,1.22,2026-08-01 05:01:19
770,2,32,168,16.0,1.13,2026-08-01 05:12:19
771,4,61,139,30.5,1.24,2026-08-01 05:23:19
772,15,61,139,30.5,1.24,2026-08-01 05:34:19
773,13,74,126,37.0,1.3,2026-08-01 05:45:19
774,8,34,166,17.0,1.14,2026-08-01 05:56:19
775,2,76,124,38.0,1.3,2026-08-01 06:07:19
776,9,31,169,15.5,1.12,2026-08-01 06:18:19
777,13,66,134,33.0,1.26,2026-08-01 06:29:19
778,9,46,154,23.0,1.18,2026-08-01 06:40:19
779,2,69,131,34.5,1.28,2026-08-01 06:51:19
780,3,83,117,41.5,1.33,2026-08-01 07:02:19
781,14,56,144,28.0,1.22,2026-08-01 07:13:19
782,10,53,147,26.5,1.21,2026-08-01 07:24:19
783,9,72,128,36.0,1.29,2026-08-01 07:35:19
784,14,25,175,12.5,1.1,2026-08-01 07:46:19
785,14,41,159,20.5,1.16,2026-08-01 07:57:19
786,8,46,154,23.0,1.18,2026-08-01 08:08:19
787,6,59,141,29.5,1.24,2026-08-01 08:19:19
788,7,51,149,25.5,1.2,2026-08-01 08:30:19
789,1,58,142,29.0,1.23,2026-08-01 08:41:19
790,12,53,147,26.5,1.21,2026-08-01 08:52:19
791,10,179,21,89.5,1.72,2026-08-01 09:03:19
792,3,141,59,70.5,1.56,2026-08-01 09:14:19
793,2,174,26,87.0,1.7,2026-08-01 09:25:19
794,10,183,17,91.5,1.73,2026-08-01 09:36:19
795,15,191,9,95.5,1.76,2026-08-01 09:47:19
796,8,141,59,70.5,1.56,2026-08-01 09:58:19
797,12,143,57,71.5,1.57,2026-08-01 10:09:19
798,11,170,30,85.0,1.68,2026-08-01 10:20:19
799,14,163,37,81.5,1.65,2026-08-01 10:31:19
800,14,133,67,66.5,1.53,2026-08-01 10:42:19
801,2,179,21,89.5,1.72,2026-08-01 10:53:19
802,6,151,49,75.5,1.6,2026-08-01 11:04:19
803,7,194,6,97.0,1.78,2026-08-01 11:15:19
804,5,192,8,96.0,1.77,2026-08-01 11:26:19
805,9,166,34,83.0,1.66,2026-08-01 11:37:19
806,4,170,30,85.0,1.68,2026-08-01 11:48:19
807,14,169,31,84.5,1.68,2026-08-01 11:59:19
808,8,152,48,76.0,1.61,2026-08-01 12:10:19
809,2,160,40,80.0,1.64,2026-08-01 12:21:19
810,13,135,65,67.5,1.54,2026-08-01 12:32:19
811,10,162,38,81.0,1.65,2026-08-01 12:43:19
812,14,158,42,79.0,1.63,2026-08-01 12:54:19
813,10,193,7,96.5,1.77,2026-08-01 13:05:19
814,10,165,35,82.5,1.66,2026-08-01 13:16:19
815,8,158,42,79.0,1.63,2026-08-01 13:27:19
816,6,143,57,71.5,1.57,2026-08-01 13:38:19
817,4,158,42,79.0,1.63,2026-08-01 13:49:19
818,15,190,10,95.0,1.76,2026-08-01 14:00:19
819,4,158,42,79.0,1.63,2026-08-01 14:11:19
820,2,164,36,82.0,1.66,2026-08-01 14:22:19
821,9,177,23,88.5,1.71,2026-08-01 14:33:19
822,11,183,17,91.5,1.73,2026-08-01 14:44:19
823,13,133,67,66.5,1.53,2026-08-01 14:55:19
824,10,166,34,83.0,1.66,2026-08-01 15:06:19
825,9,191,9,95.5,1.76,2026-08-01 15:17:19
826,9,174,26,87.0,1.7,2026-08-01 15:28:19
827,10,166,34,83.0,1.66,2026-08-01 15:39:19
828,13,155,45,77.5,1.62,2026-08-01 15:50:19
829,2,163,37,81.5,1.65,2026-08-01 16:01:19
830,9,177,23,88.5,1.71,2026-08-01 16:12:19
831,4,155,45,77.5,1.62,2026-08-01 16:23:19
832,9,168,32,84.0,1.67,2026-08-01 16:34:19
833,13,144,56,72.0,1.58,2026-08-01 16:45:19
834,7,183,17,91.5,1.73,2026-08-01 16:56:19
835,6,160,40,80.0,1.64,2026-08-01 17:07:19
836,11,170,30,85.0,1.68,2026-08-01 17:18:19
837,11,153,47,76.5,1.61,2026-08-01 17:29:19
838,12,166,34,83.0,1.66,2026-08-01 17:40:19
839,12,145,55,72.5,1.58,2026-08-01 17:51:19
840,1,146,54,73.0,1.58,2026-08-01 18:02:19
841,7,146,54,73.0,1.58,2026-08-01 18:13:19
842,11,177,23,88.5,1.71,2026-08-01 18:24:19
843,7,193,7,96.5,1.77,2026-08-01 18:35:19
844,2,170,30,85.0,1.68,2026-08-01 18:46:19
845,3,157,43,78.5,1.63,2026-08-01 18:57:19
846,1,55,145,27.5,1.22,2026-08-01 19:08:19
847,10,37,163,18.5,1.15,2026-08-01 19:19:19
848,12,84,116,42.0,1.34,2026-08-01 19:30:19
849,14,28,172,14.0,1.11,2026-08-01 19:41:19
850,10,36,164,18.0,1.14,2026-08-01 19:52:19
851,1,54,146,27.0,1.22,2026-08-01 20:03:19
852,10,74,126,37.0,1.3,2026-08-01 20:14:19
853,5,34,166,17.0,1.14,2026-08-01 20:25:19
854,10,49,151,24.5,1.2,2026-08-01 20:36:19
855,2,80,120,40.0,1.32,2026-08-01 20:47:19
856,2,84,116,42.0,1.34,2026-08-01 20:58:19
857,9,36,164,18.0,1.14,2026-08-01 21:09:19
858,12,63,137,31.5,1.25,2026-08-01 21:20:19
859,8,107,93,53.5,1.43,2026-08-01 21:31:19
860,10,31,169,15.5,1.12,2026-08-01 21:42:19
861,14,71,129,35.5,1.28,2026-08-01 21:53:19
862,6,62,138,31.0,1.25,2026-08-01 22:04:19
863,13,98,102,49.0,1.39,2026-08-01 22:15:19
864,8,65,135,32.5,1.26,2026-08-01 22:26:19
865,15,73,127,36.5,1.29,2026-08-01 22:37:19
866,6,81,119,40.5,1.32,2026-08-01 22:48:19
867,7,51,149,25.5,1.2,2026-08-01 22:59:19
868,9,45,155,22.5,1.18,2026-08-01 23:10:19
869,7,123,77,61.5,1.49,2026-08-01 23:21:19
870,13,58,142,29.0,1.23,2026-08-01 23:32:19
871,7,67,133,33.5,1.27,2026-08-01 23:43:19
872,10,43,157,21.5,1.17,2026-08-01 23:54:19
873,7,55,145,27.5,1.22,2026-08-02 00:05:19
874,5,92,108,46.0,1.37,2026-08-02 00:16:19
875,1,91,109,45.5,1.36,2026-08-02 00:27:19
876,4,101,99,50.5,1.4,2026-08-02 00:38:19
877,11,55,145,27.5,1.22,2026-08-02 00:49:19
878,6,53,147,26.5,1.21,2026-08-02 01:00:19
879,4,64,136,32.0,1.26,2026-08-02 01:11:19
880,13,85,115,42.5,1.34,2026-08-02 01:22:19
881,10,54,146,27.0,1.22,2026-08-02 01:33:19
882,10,79,121,39.5,1.32,2026-08-02 01:44:19
883,11,56,144,28.0,1.22,2026-08-02 01:55:19
884,7,88,112,44.0,1.35,2026-08-02 02:06:19
885,2,74,126,37.0,1.3,2026-08-02 02:17:19
886,5,8,192,4.0,1.03,2026-08-02 02:28:19
887,1,67,133,33.5,1.27,2026-08-02 02:39:19
888,5,75,125,37.5,1.3,2026-08-02 02:50:19
889,9,70,130,35.0,1.28,2026-08-02 03:01:19
890,14,63,137,31.5,1.25,2026-08-02 03:12:19
891,13,64,136,32.0,1.26,2026-08-02 03:23:19
892,10,38,162,19.0,1.15,2026-08-02 03:34:19
893,6,49,151,24.5,1.2,2026-08-02 03:45:19
894,11,70,130,35.0,1.28,2026-08-02 03:56:19
895,14,42,158,21.0,1.17,2026-08-02 04:07:19
896,4,28,172,14.0,1.11,2026-08-02 04:18:19
897,7,43,157,21.5,1.17,2026-08-02 04:29:19
898,5,42,158,21.0,1.17,2026-08-02 04:40:19
899,9,43,157,21.5,1.17,2026-08-02 04:51:19
900,9,21,179,10.5,1.08,2026-08-02 05:02:19
901,7,44,156,22.0,1.18,2026-08-02 05:13:19
902,6,38,162,19.0,1.15,2026-08-02 05:24:19
903,13,62,138,31.0,1.25,2026-08-02 05:35:19
904,3,40,160,20.0,1.16,2026-08-02 05:46:19
905,9,46,154,23.0,1.18,2026-08-02 05:57:19
906,1,85,115,42.5,1.34,2026-08-02 06:08:19
907,5,38,162,19.0,1.15,2026-08-02 06:19:19
908,4,85,115,42.5,1.34,2026-08-02 06:30:19
909,6,75,125,37.5,1.3,2026-08-02 06:41:19
910,4,54,146,27.0,1.22,2026-08-02 06:52:19
911,7,65,135,32.5,1.26,2026-08-02 07:03:19
912,14,56,144,28.0,1.22,2026-08-02 07:14:19
913,13,28,172,14.0,1.11,2026-08-02 07:25:19
914,11,89,111,44.5,1.36,2026-08-02 07:36:19
915,6,52,148,26.0,1.21,2026-08-02 07:47:19
916,15,57,143,28.5,1.23,2026-08-02 07:58:19
917,4,42,158,21.0,1.17,2026-08-02 08:09:19
918,14,88,112,44.0,1.35,2026-08-02 08:20:19
919,3,52,148,26.0,1.21,2026-08-02 08:31:19
920,10,17,183,8.5,1.07,2026-08-02 08:42:19
921,1,54,146,27.0,1.22,2026-08-02 08:53:19
922,11,189,11,94.5,1.76,2026-08-02 09:04:19
923,1,152,48,76.0,1.61,2026-08-02 09:15:19
924,15,164,36,82.0,1.66,2026-08-02 09:26:19
925,10,193,7,96.5,1.77,2026-08-02 09:37:19
926,10,147,53,73.5,1.59,2026-08-02 09:48:19
927,1,160,40,80.0,1.64,2026-08-02 09:59:19
928,3,188,12,94.0,1.75,2026-08-02 10:10:19
929,15,142,58,71.0,1.57,2026-08-02 10:21:19
930,2,172,28,86.0,1.69,2026-08-02 10:32:19
931,7,172,28,86.0,1.69,2026-08-02 10:43:19
932,3,152,48,76.0,1.61,2026-08-02 10:54:19
933,2,200,0,100.0,1.8,2026-08-02 11:05:19
934,1,200,0,100.0,1.8,2026-08-02 11:16:19
935,3,143,57,71.5,1.57,2026-08-02 11:27:19
936,13,158,42,79.0,1.63,2026-08-02 11:38:19
937,6,162,38,81.0,1.65,2026-08-02 11:49:19
938,6,181,19,90.5,1.72,2026-08-02 12:00:19
939,5,156,44,78.0,1.62,2026-08-02 12:11:19
940,5,144,56,72.0,1.58,2026-08-02 12:22:19
941,12,159,41,79.5,1.64,2026-08-02 12:33:19
942,12,175,25,87.5,1.7,2026-08-02 12:44:19
943,3,185,15,92.5,1.74,2026-08-02 12:55:19
944,12,188,12,94.0,1.75,2026-08-02 13:06:19
945,7,164,36,82.0,1.66,2026-08-02 13:17:19
946,15,179,21,89.5,1.72,2026-08-02 13:28:19
947,9,160,40,80.0,1.64,2026-08-02 13:39:19
948,10,155,45,77.5,1.62,2026-08-02 13:50:19
949,5,159,41,79.5,1.64,2026-08-02 14:01:19
950,13,187,13,93.5,1.75,2026-08-02 14:12:19
951,12,189,11,94.5,1.76,2026-08-02 14:23:19
952,9,175,25,87.5,1.7,2026-08-02 14:34:19
953,6,169,31,84.5,1.68,2026-08-02 14:45:19
954,13,142,58,71.0,1.57,2026-08-02 14:56:19
955,4,156,44,78.0,1.62,2026-08-02 15:07:19
956,8,172,28,86.0,1.69,2026-08-02 15:18:19
957,3,184,16,92.0,1.74,2026-08-02 15:29:19
958,15,188,12,94.0,1.75,2026-08-02 15:40:19
959,6,167,33,83.5,1.67,2026-08-02 15:51:19
960,11,138,62,69.0,1.55,2026-08-02 16:02:19
961,10,185,15,92.5,1.74,2026-08-02 16:13:19
962,4,139,61,69.5,1.56,2026-08-02 16:24:19
963,6,163,37,81.5,1.65,2026-08-02 16:35:19
964,12,140,60,70.0,1.56,2026-08-02 16:46:19
965,6,150,50,75.0,1.6,2026-08-02 16:57:19
966,5,189,11,94.5,1.76,2026-08-02 17:08:19
967,7,176,24,88.0,1.7,2026-08-02 17:19:19
968,10,183,17,91.5,1.73,2026-08-02 17:30:19
969,13,188,12,94.0,1.75,2026-08-02 17:41:19
970,13,168,32,84.0,1.67,2026-08-02 17:52:19
971,7,179,21,89.5,1.72,2026-08-02 18:03:19
972,8,172,28,86.0,1.69,2026-08-02 18:14:19
973,15,166,34,83.0,1.66,2026-08-02 18:25:19
974,1,154,46,77.0,1.62,2026-08-02 18:36:19
975,12,143,57,71.5,1.57,2026-08-02 18:47:19
976,1,169,31,84.5,1.68,2026-08-02 18:58:19
977,6,39,161,19.5,1.16,2026-08-02 19:09:19
978,13,54,146,27.0,1.22,2026-08-02 19:20:19
979,10,42,158,21.0,1.17,2026-08-02 19:31:19
980,15,38,162,19.0,1.15,2026-08-02 19:42:19
981,6,79,121,39.5,1.32,2026-08-02 19:53:19
982,6,103,97,51.5,1.41,2026-08-02 20:04:19
983,13,77,123,38.5,1.31,2026-08-02 20:15:19
984,2,68,132,34.0,1.27,2026-08-02 20:26:19
985,14,67,133,33.5,1.27,2026-08-02 20:37:19
986,9,108,92,54.0,1.43,2026-08-02 20:48:19
987,15,42,158,21.0,1.17,2026-08-02 20:59:19
988,4,44,156,22.0,1.18,2026-08-02 21:10:19
989,9,88,112,44.0,1.35,2026-08-02 21:21:19
990,9,46,154,23.0,1.18,2026-08-02 21:32:19
991,11,92,108,46.0,1.37,2026-08-02 21:43:19
992,4,69,131,34.5,1.28,2026-08-02 21:54:19
993,6,69,131,34.5,1.28,2026-08-02 22:05:19
994,5,25,175,12.5,1.1,2026-08-02 22:16:19
995,4,88,112,44.0,1.35,2026-08-02 22:27:19
996,9,51,149,25.5,1.2,2026-08-02 22:38:19
997,12,32,168,16.0,1.13,2026-08-02 22:49:19
998,8,77,123,38.5,1.31,2026-08-02 23:00:19
999,11,34,166,17.0,1.14,2026-08-02 23:11:19
1000,2,31,169,15.5,1.12,2026-08-02 23:22:19
1001,2,72,128,36.0,1.29,2026-08-02 23:33:19
1002,1,78,122,39.0,1.31,2026-08-02 23:44:19
1003,2,47,153,23.5,1.19,2026-08-02 23:55:19
1004,8,63,137,31.5,1.25,2026-08-03 00:06:19
1005,2,70,130,35.0,1.28,2026-08-03 00:17:19
1006,7,53,147,26.5,1.21,2026-08-03 00:28:19
1007,10,82,118,41.0,1.33,2026-08-03 00:39:19
1008,14,58,142,29.0,1.23,2026-08-03 00:50:19
1009,8,75,125,37.5,1.3,2026-08-03 01:01:19
1010,9,39,161,19.5,1.16,2026-08-03 01:12:19
1011,13,67,133,33.5,1.27,2026-08-03 01:23:19
1012,3,59,141,29.5,1.24,2026-08-03 01:34:19
1013,15,36,164,18.0,1.14,2026-08-03 01:45:19
1014,14,56,144,28.0,1.22,2026-08-03 01:56:19
1015,9,74,126,37.0,1.3,2026-08-03 02:07:19
1016,15,103,97,51.5,1.41,2026-08-03 02:18:19
1017,6,58,142,29.0,1.23,2026-08-03 02:29:19
1018,12,69,131,34.5,1.28,2026-08-03 02:40:19
1019,10,53,147,26.5,1.21,2026-08-03 02:51:19
1020,1,53,147,26.5,1.21,2026-08-03 03:02:19
1021,12,39,161,19.5,1.16,2026-08-03 03:13:19
1022,6,70,130,35.0,1.28,2026-08-03 03:24:19
1023,1,15,185,7.5,1.06,2026-08-03 03:35:19
1024,15,49,151,24.5,1.2,2026-08-03 03:46:19
1025,2,32,168,16.0,1.13,2026-08-03 03:57:19
1026,15,81,119,40.5,1.32,2026-08-03 04:08:19
1027,14,55,145,27.5,1.22,2026-08-03 04:19:19
1028,3,66,134,33.0,1.26,2026-08-03 04:30:19
1029,2,42,158,21.0,1.17,2026-08-03 04:41:19
1030,9,66,134,33.0,1.26,2026-08-03 04:52:19
1031,10,53,147,26.5,1.21,2026-08-03 05:03:19
1032,9,37,163,18.5,1.15,2026-08-03 05:14:19
1033,5,61,139,30.5,1.24,2026-08-03 05:25:19
1034,1,91,109,45.5,1.36,2026-08-03 05:36:19
1035,14,79,121,39.5,1.32,2026-08-03 05:47:19
1036,15,42,158,21.0,1.17,2026-08-03 05:58:19
1037,15,83,117,41.5,1.33,2026-08-03 06:09:19
1038,5,73,127,36.5,1.29,2026-08-03 06:20:19
1039,14,37,163,18.5,1.15,2026-08-03 06:31:19
1040,5,74,126,37.0,1.3,2026-08-03 06:42:19
1041,1,57,143,28.5,1.23,2026-08-03 06:53:19
1042,7,79,121,39.5,1.32,2026-08-03 07:04:19
1043,15,73,127,36.5,1.29,2026-08-03 07:15:19
1044,9,49,151,24.5,1.2,2026-08-03 07:26:19
1045,6,48,152,24.0,1.19,2026-08-03 07:37:19
1046,1,42,158,21.0,1.17,2026-08-03 07:48:19
1047,10,52,148,26.0,1.21,2026-08-03 07:59:19
1048,13,78,122,39.0,1.31,2026-08-03 08:10:19
1049,1,69,131,34.5,1.28,2026-08-03 08:21:19
1050,1,83,117,41.5,1.33,2026-08-03 08:32:19
1051,1,46,154,23.0,1.18,2026-08-03 08:43:19
1052,8,39,161,19.5,1.16,2026-08-03 08:54:19
1053,13,162,38,81.0,1.65,2026-08-03 09:05:19
1054,15,163,37,81.5,1.65,2026-08-03 09:16:19
1055,3,192,8,96.0,1.77,2026-08-03 09:27:19
1056,10,176,24,88.0,1.7,2026-08-03 09:38:19
1057,1,200,0,100.0,1.8,2026-08-03 09:49:19
1058,2,172,28,86.0,1.69,2026-08-03 10:00:19
1059,3,153,47,76.5,1.61,2026-08-03 10:11:19
1060,6,150,50,75.0,1.6,2026-08-03 10:22:19
1061,7,165,35,82.5,1.66,2026-08-03 10:33:19
1062,9,178,22,89.0,1.71,2026-08-03 10:44:19
1063,8,176,24,88.0,1.7,2026-08-03 10:55:19
1064,12,175,25,87.5,1.7,2026-08-03 11:06:19
1065,3,152,48,76.0,1.61,2026-08-03 11:17:19
1066,4,179,21,89.5,1.72,2026-08-03 11:28:19
1067,13,156,44,78.0,1.62,2026-08-03 11:39:19
1068,13,148,52,74.0,1.59,2026-08-03 11:50:19
1069,14,172,28,86.0,1.69,2026-08-03 12:01:19
1070,10,196,4,98.0,1.78,2026-08-03 12:12:19
1071,6,133,67,66.5,1.53,2026-08-03 12:23:19
1072,3,175,25,87.5,1.7,2026-08-03 12:34:19
1073,4,171,29,85.5,1.68,2026-08-03 12:45:19
1074,5,139,61,69.5,1.56,2026-08-03 12:56:19
1075,5,180,20,90.0,1.72,2026-08-03 13:07:19
1076,8,167,33,83.5,1.67,2026-08-03 13:18:19
1077,4,166,34,83.0,1.66,2026-08-03 13:29:19
1078,6,161,39,80.5,1.64,2026-08-03 13:40:19
1079,4,200,0,100.0,1.8,2026-08-03 13:51:19
1080,12,143,57,71.5,1.57,2026-08-03 14:02:19
1081,14,198,2,99.0,1.79,2026-08-03 14:13:19
1082,5,154,46,77.0,1.62,2026-08-03 14:24:19
1083,9,142,58,71.0,1.57,2026-08-03 14:35:19
1084,12,148,52,74.0,1.59,2026-08-03 14:46:19
1085,9,141,59,70.5,1.56,2026-08-03 14:57:19
1086,2,181,19,90.5,1.72,2026-08-03 15:08:19
1087,7,184,16,92.0,1.74,2026-08-03 15:19:19
1088,2,200,0,100.0,1.8,2026-08-03 15:30:19
1089,6,158,42,79.0,1.63,2026-08-03 15:41:19
1090,12,176,24,88.0,1.7,2026-08-03 15:52:19
1091,1,174,26,87.0,1.7,2026-08-03 16:03:19
1092,13,193,7,96.5,1.77,2026-08-03 16:14:19
1093,14,153,47,76.5,1.61,2026-08-03 16:25:19
1094,9,187,13,93.5,1.75,2026-08-03 16:36:19
1095,9,174,26,87.0,1.7,2026-08-03 16:47:19
1096,5,200,0,100.0,1.8,2026-08-03 16:58:19
1097,14,148,52,74.0,1.59,2026-08-03 17:09:19
1098,14,200,0,100.0,1.8,2026-08-03 17:20:19
1099,13,186,14,93.0,1.74,2026-08-03 17:31:19
1100,13,146,54,73.0,1.58,2026-08-03 17:42:19
1101,13,162,38,81.0,1.65,2026-08-03 17:53:19
1102,7,186,14,93.0,1.74,2026-08-03 18:04:19
1103,7,175,25,87.5,1.7,2026-08-03 18:15:19
1104,5,170,30,85.0,1.68,2026-08-03 18:26:19
1105,12,167,33,83.5,1.67,2026-08-03 18:37:19
1106,11,182,18,91.0,1.73,2026-08-03 18:48:19
1107,14,167,33,83.5,1.67,2026-08-03 18:59:19
1108,2,82,118,41.0,1.33,2026-08-03 19:10:19
1109,14,63,137,31.5,1.25,2026-08-03 19:21:19
1110,3,75,125,37.5,1.3,2026-08-03 19:32:19
1111,12,60,140,30.0,1.24,2026-08-03 19:43:19
1112,4,61,139,30.5,1.24,2026-08-03 19:54:19
1113,7,80,120,40.0,1.32,2026-08-03 20:05:19
1114,11,48,152,24.0,1.19,2026-08-03 20:16:19
1115,1,54,146,27.0,1.22,2026-08-03 20:27:19
1116,11,57,143,28.5,1.23,2026-08-03 20:38:19
1117,4,95,105,47.5,1.38,2026-08-03 20:49:19
1118,8,52,148,26.0,1.21,2026-08-03 21:00:19
1119,11,48,152,24.0,1.19,2026-08-03 21:11:19
1120,2,95,105,47.5,1.38,2026-08-03 21:22:19
1121,12,43,157,21.5,1.17,2026-08-03 21:33:19
1122,11,35,165,17.5,1.14,2026-08-03 21:44:19
1123,12,78,122,39.0,1.31,2026-08-03 21:55:19
1124,4,39,161,19.5,1.16,2026-08-03 22:06:19
1125,12,78,122,39.0,1.31,2026-08-03 22:17:19
1126,5,53,147,26.5,1.21,2026-08-03 22:28:19
1127,15,57,143,28.5,1.23,2026-08-03 22:39:19
1128,9,52,148,26.0,1.21,2026-08-03 22:50:19
1129,4,89,111,44.5,1.36,2026-08-03 23:01:19
1130,2,41,159,20.5,1.16,2026-08-03 23:12:19
1131,9,27,173,13.5,1.11,2026-08-03 23:23:19
1132,2,54,146,27.0,1.22,2026-08-03 23:34:19
1133,6,82,118,41.0,1.33,2026-08-03 23:45:19
1134,5,90,110,45.0,1.36,2026-08-03 23:56:19
1135,7,52,148,26.0,1.21,2026-08-04 00:07:19
1136,12,59,141,29.5,1.24,2026-08-04 00:18:19
1137,6,24,176,12.0,1.1,2026-08-04 00:29:19
1138,5,74,126,37.0,1.3,2026-08-04 00:40:19
1139,4,45,155,22.5,1.18,2026-08-04 00:51:19
1140,9,72,128,36.0,1.29,2026-08-04 01:02:19
1141,7,62,138,31.0,1.25,2026-08-04 01:13:19
1142,10,76,124,38.0,1.3,2026-08-04 01:24:19
1143,3,73,127,36.5,1.29,2026-08-04 01:35:19
1144,15,82,118,41.0,1.33,2026-08-04 01:46:19
1145,7,53,147,26.5,1.21,2026-08-04 01:57:19
1146,3,21,179,10.5,1.08,2026-08-04 02:08:19
1147,6,48,152,24.0,1.19,2026-08-04 02:19:19
1148,11,54,146,27.0,1.22,2026-08-04 02:30:19
1149,3,44,156,22.0,1.18,2026-08-04 02:41:19
1150,3,42,158,21.0,1.17,2026-08-04 02:52:19
1151,5,69,131,34.5,1.28,2026-08-04 03:03:19
1152,12,46,154,23.0,1.18,2026-08-04 03:14:19
1153,11,61,139,30.5,1.24,2026-08-04 03:25:19
1154,12,56,144,28.0,1.22,2026-08-04 03:36:19
1155,15,40,160,20.0,1.16,2026-08-04 03:47:19
1156,8,31,169,15.5,1.12,2026-08-04 03:58:19
1157,12,99,101,49.5,1.4,2026-08-04 04:09:19
1158,10,56,144,28.0,1.22,2026-08-04 04:20:19
1159,7,69,131,34.5,1.28,2026-08-04 04:31:19
1160,14,88,112,44.0,1.35,2026-08-04 04:42:19
1161,1,77,123,38.5,1.31,2026-08-04 04:53:19
1162,15,89,111,44.5,1.36,2026-08-04 05:04:19
1163,7,40,160,20.0,1.16,2026-08-04 05:15:19
1164,1,57,143,28.5,1.23,2026-08-04 05:26:19
1165,9,86,114,43.0,1.34,2026-08-04 05:37:19
1166,12,54,146,27.0,1.22,2026-08-04 05:48:19
1167,4,46,154,23.0,1.18,2026-08-04 05:59:19
1168,4,66,134,33.0,1.26,2026-08-04 06:10:19
1169,13,48,152,24.0,1.19,2026-08-04 06:21:19
1170,7,58,142,29.0,1.23,2026-08-04 06:32:19
1171,6,66,134,33.0,1.26,2026-08-04 06:43:19
1172,11,113,87,56.5,1.45,2026-08-04 06:54:19
1173,5,68,132,34.0,1.27,2026-08-04 07:05:19
1174,11,55,145,27.5,1.22,2026-08-04 07:16:19
1175,8,50,150,25.0,1.2,2026-08-04 07:27:19
1176,14,17,183,8.5,1.07,2026-08-04 07:38:19
1177,13,42,158,21.0,1.17,2026-08-04 07:49:19
1178,10,101,99,50.5,1.4,2026-08-04 08:00:19
1179,1,63,137,31.5,1.25,2026-08-04 08:11:19
1180,14,91,109,45.5,1.36,2026-08-04 08:22:19
1181,9,75,125,37.5,1.3,2026-08-04 08:33:19
1182,12,67,133,33.5,1.27,2026-08-04 08:44:19
1183,12,67,133,33.5,1.27,2026-08-04 08:55:19
1184,6,140,60,70.0,1.56,2026-08-04 09:06:19
1185,14,166,34,83.0,1.66,2026-08-04 09:17:19
1186,4,200,0,100.0,1.8,2026-08-04 09:28:19
1187,3,175,25,87.5,1.7,2026-08-04 09:39:19
1188,6,156,44,78.0,1.62,2026-08-04 09:50:19
1189,12,150,50,75.0,1.6,2026-08-04 10:01:19
1190,2,173,27,86.5,1.69,2026-08-04 10:12:19
1191,7,170,30,85.0,1.68,2026-08-04 10:23:19
1192,1,200,0,100.0,1.8,2026-08-04 10:34:19
1193,12,182,18,91.0,1.73,2026-08-04 10:45:19
1194,8,173,27,86.5,1.69,2026-08-04 10:56:19
1195,3,184,16,92.0,1.74,2026-08-04 11:07:19
1196,1,194,6,97.0,1.78,2026-08-04 11:18:19
1197,8,189,11,94.5,1.76,2026-08-04 11:29:19
1198,13,177,23,88.5,1.71,2026-08-04 11:40:19
1199,10,158,42,79.0,1.63,2026-08-04 11:51:19
1200,14,172,28,86.0,1.69,2026-08-04 12:02:19
1201,13,154,46,77.0,1.62,2026-08-04 12:13:19
1202,1,176,24,88.0,1.7,2026-08-04 12:24:19
1203,9,166,34,83.0,1.66,2026-08-04 12:35:19
1204,3,188,12,94.0,1.75,2026-08-04 12:46:19
1205,13,200,0,100.0,1.8,2026-08-04 12:57:19
1206,12,156,44,78.0,1.62,2026-08-04 13:08:19
1207,5,180,20,90.0,1.72,2026-08-04 13:19:19
1208,7,175,25,87.5,1.7,2026-08-04 13:30:19
1209,14,185,15,92.5,1.74,2026-08-04 13:41:19
1210,2,156,44,78.0,1.62,2026-08-04 13:52:19
1211,8,165,35,82.5,1.66,2026-08-04 14:03:19
1212,14,131,69,65.5,1.52,2026-08-04 14:14:19
1213,14,180,20,90.0,1.72,2026-08-04 14:25:19
1214,14,195,5,97.5,1.78,2026-08-04 14:36:19
1215,2,179,21,89.5,1.72,2026-08-04 14:47:19
1216,4,152,48,76.0,1.61,2026-08-04 14:58:19
1217,4,185,15,92.5,1.74,2026-08-04 15:09:19
1218,5,132,68,66.0,1.53,2026-08-04 15:20:19
1219,12,158,42,79.0,1.63,2026-08-04 15:31:19
1220,2,161,39,80.5,1.64,2026-08-04 15:42:19
1221,4,174,26,87.0,1.7,2026-08-04 15:53:19
1222,6,156,44,78.0,1.62,2026-08-04 16:04:19
1223,8,156,44,78.0,1.62,2026-08-04 16:15:19
1224,6,177,23,88.5,1.71,2026-08-04 16:26:19
1225,8,175,25,87.5,1.7,2026-08-04 16:37:19
1226,5,154,46,77.0,1.62,2026-08-04 16:48:19
1227,2,167,33,83.5,1.67,2026-08-04 16:59:19
1228,3,157,43,78.5,1.63,2026-08-04 17:10:19
1229,5,154,46,77.0,1.62,2026-08-04 17:21:19
1230,9,198,2,99.0,1.79,2026-08-04 17:32:19
1231,10,200,0,100.0,1.8,2026-08-04 17:43:19
1232,4,132,68,66.0,1.53,2026-08-04 17:54:19
1233,12,168,32,84.0,1.67,2026-08-04 18:05:19
1234,7,187,13,93.5,1.75,2026-08-04 18:16:19
1235,9,166,34,83.0,1.66,2026-08-04 18:27:19
1236,11,178,22,89.0,1.71,2026-08-04 18:38:19
1237,15,154,46,77.0,1.62,2026-08-04 18:49:19
1238,5,63,137,31.5,1.25,2026-08-04 19:00:19
1239,5,66,134,33.0,1.26,2026-08-04 19:11:19
1240,5,70,130,35.0,1.28,2026-08-04 19:22:19
1241,13,70,130,35.0,1.28,2026-08-04 19:33:19
1242,2,47,153,23.5,1.19,2026-08-04 19:44:19
1243,5,26,174,13.0,1.1,2026-08-04 19:55:19
1244,14,74,126,37.0,1.3,2026-08-04 20:06:19
1245,1,40,160,20.0,1.16,2026-08-04 20:17:19
1246,14,53,147,26.5,1.21,2026-08-04 20:28:19
1247,9,80,120,40.0,1.32,2026-08-04 20:39:19
1248,12,59,141,29.5,1.24,2026-08-04 20:50:19
1249,9,56,144,28.0,1.22,2026-08-04 21:01:19
1250,5,61,139,30.5,1.24,2026-08-04 21:12:19
1251,15,79,121,39.5,1.32,2026-08-04 21:23:19
1252,13,86,114,43.0,1.34,2026-08-04 21:34:19
1253,14,47,153,23.5,1.19,2026-08-04 21:45:19
1254,3,86,114,43.0,1.34,2026-08-04 21:56:19
1255,8,60,140,30.0,1.24,2026-08-04 22:07:19
1256,2,76,124,38.0,1.3,2026-08-04 22:18:19
1257,8,68,132,34.0,1.27,2026-08-04 22:29:19
1258,13,33,167,16.5,1.13,2026-08-04 22:40:19
1259,12,39,161,19.5,1.16,2026-08-04 22:51:19
1260,15,62,138,31.0,1.25,2026-08-04 23:02:19
1261,10,24,176,12.0,1.1,2026-08-04 23:13:19
1262,12,37,163,18.5,1.15,2026-08-04 23:24:19
1263,2,65,135,32.5,1.26,2026-08-04 23:35:19
1264,4,50,150,25.0,1.2,2026-08-04 23:46:19
1265,8,91,109,45.5,1.36,2026-08-04 23:57:19
1266,5,89,111,44.5,1.36,2026-08-05 00:08:19
1267,8,62,138,31.0,1.25,2026-08-05 00:19:19
1268,3,93,107,46.5,1.37,2026-08-05 00:30:19
1269,10,49,151,24.5,1.2,2026-08-05 00:41:19
1270,7,59,141,29.5,1.24,2026-08-05 00:52:19
1271,8,61,139,30.5,1.24,2026-08-05 01:03:19
1272,13,70,130,35.0,1.28,2026-08-05 01:14:19
1273,5,69,131,34.5,1.28,2026-08-05 01:25:19
1274,15,5,195,2.5,1.02,2026-08-05 01:36:19
1275,1,47,153,23.5,1.19,2026-08-05 01:47:19
1276,3,20,180,10.0,1.08,2026-08-05 01:58:19
1277,12,55,145,27.5,1.22,2026-08-05 02:09:19
1278,2,48,152,24.0,1.19,2026-08-05 02:20:19
1279,2,61,139,30.5,1.24,2026-08-05 02:31:19
1280,5,46,154,23.0,1.18,2026-08-05 02:42:19
1281,12,107,93,53.5,1.43,2026-08-05 02:53:19
1282,10,69,131,34.5,1.28,2026-08-05 03:04:19
1283,5,59,141,29.5,1.24,2026-08-05 03:15:19
1284,2,87,113,43.5,1.35,2026-08-05 03:26:19
1285,3,60,140,30.0,1.24,2026-08-05 03:37:19
1286,7,89,111,44.5,1.36,2026-08-05 03:48:19
1287,15,5,195,2.5,1.02,2026-08-05 03:59:19
1288,5,57,143,28.5,1.23,2026-08-05 04:10:19
1289,11,49,151,24.5,1.2,2026-08-05 04:21:19
1290,6,47,153,23.5,1.19,2026-08-05 04:32:19
1291,13,93,107,46.5,1.37,2026-08-05 04:43:19
1292,6,63,137,31.5,1.25,2026-08-05 04:54:19
1293,7,58,142,29.0,1.23,2026-08-05 05:05:19
1294,7,78,122,39.0,1.31,2026-08-05 05:16:19
1295,11,22,178,11.0,1.09,2026-08-05 05:27:19
1296,8,52,148,26.0,1.21,2026-08-05 05:38:19
1297,9,57,143,28.5,1.23,2026-08-05 05:49:19
1298,6,91,109,45.5,1.36,2026-08-05 06:00:19
1299,14,72,128,36.0,1.29,2026-08-05 06:11:19
1300,4,30,170,15.0,1.12,2026-08-05 06:22:19
1301,10,80,120,40.0,1.32,2026-08-05 06:33:19
1302,6,79,121,39.5,1.32,2026-08-05 06:44:19
1303,3,73,127,36.5,1.29,2026-08-05 06:55:19
1304,2,84,116,42.0,1.34,2026-08-05 07:06:19
1305,12,56,144,28.0,1.22,2026-08-05 07:17:19
1306,7,12,188,6.0,1.05,2026-08-05 07:28:19
1307,1,64,136,32.0,1.26,2026-08-05 07:39:19
1308,3,48,152,24.0,1.19,2026-08-05 07:50:19
1309,2,51,149,25.5,1.2,2026-08-05 08:01:19
1310,1,80,120,40.0,1.32,2026-08-05 08:12:19
1311,8,35,165,17.5,1.14,2026-08-05 08:23:19
1312,13,62,138,31.0,1.25,2026-08-05 08:34:19
1313,3,62,138,31.0,1.25,2026-08-05 08:45:19
1314,4,81,119,40.5,1.32,2026-08-05 08:56:19
1315,7,196,4,98.0,1.78,2026-08-05 09:07:19
1316,5,145,55,72.5,1.58,2026-08-05 09:18:19
1317,15,183,17,91.5,1.73,2026-08-05 09:29:19
1318,8,200,0,100.0,1.8,2026-08-05 09:40:19
1319,11,184,16,92.0,1.74,2026-08-05 09:51:19
1320,8,160,40,80.0,1.64,2026-08-05 10:02:19
1321,7,189,11,94.5,1.76,2026-08-05 10:13:19
1322,8,176,24,88.0,1.7,2026-08-05 10:24:19
1323,11,170,30,85.0,1.68,2026-08-05 10:35:19
1324,7,127,73,63.5,1.51,2026-08-05 10:46:19
1325,13,169,31,84.5,1.68,2026-08-05 10:57:19
1326,9,168,32,84.0,1.67,2026-08-05 11:08:19
1327,12,167,33,83.5,1.67,2026-08-05 11:19:19
1328,8,174,26,87.0,1.7,2026-08-05 11:30:19
1329,9,146,54,73.0,1.58,2026-08-05 11:41:19
1330,3,200,0,100.0,1.8,2026-08-05 11:52:19
1331,9,198,2,99.0,1.79,2026-08-05 12:03:19
1332,6,151,49,75.5,1.6,2026-08-05 12:14:19
1333,9,164,36,82.0,1.66,2026-08-05 12:25:19
1334,1,166,34,83.0,1.66,2026-08-05 12:36:19
1335,14,196,4,98.0,1.78,2026-08-05 12:47:19
1336,10,195,5,97.5,1.78,2026-08-05 12:58:19
1337,4,184,16,92.0,1.74,2026-08-05 13:09:19
1338,1,121,79,60.5,1.48,2026-08-05 13:20:19
1339,9,148,52,74.0,1.59,2026-08-05 13:31:19
1340,10,152,48,76.0,1.61,2026-08-05 13:42:19
1341,5,170,30,85.0,1.68,2026-08-05 13:53:19
1342,10,142,58,71.0,1.57,2026-08-05 14:04:19
1343,13,164,36,82.0,1.66,2026-08-05 14:15:19
1344,3,152,48,76.0,1.61,2026-08-05 14:26:19
1345,8,166,34,83.0,1.66,2026-08-05 14:37:19
1346,10,138,62,69.0,1.55,2026-08-05 14:48:19
1347,1,181,19,90.5,1.72,2026-08-05 14:59:19
1348,6,155,45,77.5,1.62,2026-08-05 15:10:19
1349,2,175,25,87.5,1.7,2026-08-05 15:21:19
1350,9,173,27,86.5,1.69,2026-08-05 15:32:19
1351,14,198,2,99.0,1.79,2026-08-05 15:43:19
1352,7,147,53,73.5,1.59,2026-08-05 15:54:19
1353,7,126,74,63.0,1.5,2026-08-05 16:05:19
1354,11,130,70,65.0,1.52,2026-08-05 16:16:19
1355,10,188,12,94.0,1.75,2026-08-05 16:27:19
1356,6,171,29,85.5,1.68,2026-08-05 16:38:19
1357,1,171,29,85.5,1.68,2026-08-05 16:49:19
1358,1,159,41,79.5,1.64,2026-08-05 17:00:19
1359,15,185,15,92.5,1.74,2026-08-05 17:11:19
1360,2,143,57,71.5,1.57,2026-08-05 17:22:19
1361,4,173,27,86.5,1.69,2026-08-05 17:33:19
1362,13,126,74,63.0,1.5,2026-08-05 17:44:19
1363,9,176,24,88.0,1.7,2026-08-05 17:55:19
1364,11,200,0,100.0,1.8,2026-08-05 18:06:19
1365,5,166,34,83.0,1.66,2026-08-05 18:17:19
1366,15,165,35,82.5,1.66,2026-08-05 18:28:19
1367,11,186,14,93.0,1.74,2026-08-05 18:39:19
1368,7,183,17,91.5,1.73,2026-08-05 18:50:19
1369,3,51,149,25.5,1.2,2026-08-05 19:01:19
1370,12,21,179,10.5,1.08,2026-08-05 19:12:19
1371,9,10,190,5.0,1.04,2026-08-05 19:23:19
1372,7,97,103,48.5,1.39,2026-08-05 19:34:19
1373,4,64,136,32.0,1.26,2026-08-05 19:45:19
1374,12,50,150,25.0,1.2,2026-08-05 19:56:19
1375,11,31,169,15.5,1.12,2026-08-05 20:07:19
1376,4,62,138,31.0,1.25,2026-08-05 20:18:19
1377,8,68,132,34.0,1.27,2026-08-05 20:29:19
1378,15,68,132,34.0,1.27,2026-08-05 20:40:19
1379,1,26,174,13.0,1.1,2026-08-05 20:51:19
1380,11,37,163,18.5,1.15,2026-08-05 21:02:19
1381,11,59,141,29.5,1.24,2026-08-05 21:13:19
1382,10,74,126,37.0,1.3,2026-08-05 21:24:19
1383,15,76,124,38.0,1.3,2026-08-05 21:35:19
1384,1,36,164,18.0,1.14,2026-08-05 21:46:19
1385,4,84,116,42.0,1.34,2026-08-05 21:57:19
1386,14,57,143,28.5,1.23,2026-08-05 22:08:19
1387,3,82,118,41.0,1.33,2026-08-05 22:19:19
1388,11,42,158,21.0,1.17,2026-08-05 22:30:19
1389,5,58,142,29.0,1.23,2026-08-05 22:41:19
1390,13,114,86,57.0,1.46,2026-08-05 22:52:19
1391,1,63,137,31.5,1.25,2026-08-05 23:03:19
1392,4,87,113,43.5,1.35,2026-08-05 23:14:19
1393,7,77,123,38.5,1.31,2026-08-05 23:25:19
1394,14,45,155,22.5,1.18,2026-08-05 23:36:19
1395,8,66,134,33.0,1.26,2026-08-05 23:47:19
1396,10,54,146,27.0,1.22,2026-08-05 23:58:19
1397,6,41,159,20.5,1.16,2026-08-06 00:09:19
1398,1,16,184,8.0,1.06,2026-08-06 00:20:19
1399,5,71,129,35.5,1.28,2026-08-06 00:31:19
1400,3,26,174,13.0,1.1,2026-08-06 00:42:19
1401,14,43,157,21.5,1.17,2026-08-06 00:53:19
1402,13,52,148,26.0,1.21,2026-08-06 01:04:19
1403,11,73,127,36.5,1.29,2026-08-06 01:15:19
1404,3,91,109,45.5,1.36,2026-08-06 01:26:19
1405,15,61,139,30.5,1.24,2026-08-06 01:37:19
1406,10,91,109,45.5,1.36,2026-08-06 01:48:19
1407,12,44,156,22.0,1.18,2026-08-06 01:59:19
1408,12,104,96,52.0,1.42,2026-08-06 02:10:19
1409,8,80,120,40.0,1.32,2026-08-06 02:21:19
1410,4,68,132,34.0,1.27,2026-08-06 02:32:19
1411,1,68,132,34.0,1.27,2026-08-06 02:43:19
1412,12,79,121,39.5,1.32,2026-08-06 02:54:19
1413,4,52,148,26.0,1.21,2026-08-06 03:05:19
1414,2,89,111,44.5,1.36,2026-08-06 03:16:19
1415,8,57,143,28.5,1.23,2026-08-06 03:27:19
1416,8,54,146,27.0,1.22,2026-08-06 03:38:19
1417,10,59,141,29.5,1.24,2026-08-06 03:49:19
1418,13,77,123,38.5,1.31,2026-08-06 04:00:19
1419,4,71,129,35.5,1.28,2026-08-06 04:11:19
1420,15,64,136,32.0,1.26,2026-08-06 04:22:19
1421,2,82,118,41.0,1.33,2026-08-06 04:33:19
1422,4,20,180,10.0,1.08,2026-08-06 04:44:19
1423,14,87,113,43.5,1.35,2026-08-06 04:55:19
1424,3,65,135,32.5,1.26,2026-08-06 05:06:19
1425,14,71,129,35.5,1.28,2026-08-06 05:17:19
1426,6,47,153,23.5,1.19,2026-08-06 05:28:19
1427,9,30,170,15.0,1.12,2026-08-06 05:39:19
1428,4,68,132,34.0,1.27,2026-08-06 05:50:19
1429,12,77,123,38.5,1.31,2026-08-06 06:01:19
1430,1,52,148,26.0,1.21,2026-08-06 06:12:19
1431,9,55,145,27.5,1.22,2026-08-06 06:23:19
1432,13,90,110,45.0,1.36,2026-08-06 06:34:19
1433,6,69,131,34.5,1.28,2026-08-06 06:45:19
1434,9,92,108,46.0,1.37,2026-08-06 06:56:19
1435,2,64,136,32.0,1.26,2026-08-06 07:07:19
1436,4,60,140,30.0,1.24,2026-08-06 07:18:19
1437,15,24,176,12.0,1.1,2026-08-06 07:29:19
1438,10,57,143,28.5,1.23,2026-08-06 07:40:19
1439,10,39,161,19.5,1.16,2026-08-06 07:51:19
1440,9,70,130,35.0,1.28,2026-08-06 08:02:19
1441,6,61,139,30.5,1.24,2026-08-06 08:13:19
1442,8,45,155,22.5,1.18,2026-08-06 08:24:19
1443,1,30,170,15.0,1.12,2026-08-06 08:35:19
1444,12,70,130,35.0,1.28,2026-08-06 08:46:19
1445,3,42,158,21.0,1.17,2026-08-06 08:57:19
1446,14,156,44,78.0,1.62,2026-08-06 09:08:19
1447,15,164,36,82.0,1.66,2026-08-06 09:19:19
1448,7,148,52,74.0,1.59,2026-08-06 09:30:19
1449,2,193,7,96.5,1.77,2026-08-06 09:41:19
1450,12,178,22,89.0,1.71,2026-08-06 09:52:19
1451,14,172,28,86.0,1.69,2026-08-06 10:03:19
1452,9,200,0,100.0,1.8,2026-08-06 10:14:19
1453,10,170,30,85.0,1.68,2026-08-06 10:25:19
1454,9,191,9,95.5,1.76,2026-08-06 10:36:19
1455,6,171,29,85.5,1.68,2026-08-06 10:47:19
1456,2,132,68,66.0,1.53,2026-08-06 10:58:19
1457,9,134,66,67.0,1.54,2026-08-06 11:09:19
1458,7,178,22,89.0,1.71,2026-08-06 11:20:19
1459,1,128,72,64.0,1.51,2026-08-06 11:31:19
1460,7,172,28,86.0,1.69,2026-08-06 11:42:19
1461,14,156,44,78.0,1.62,2026-08-06 11:53:19
1462,1,193,7,96.5,1.77,2026-08-06 12:04:19
1463,14,179,21,89.5,1.72,2026-08-06 12:15:19
1464,15,161,39,80.5,1.64,2026-08-06 12:26:19
1465,3,173,27,86.5,1.69,2026-08-06 12:37:19
1466,6,175,25,87.5,1.7,2026-08-06 12:48:19
1467,6,148,52,74.0,1.59,2026-08-06 12:59:19
1468,13,200,0,100.0,1.8,2026-08-06 13:10:19
1469,1,143,57,71.5,1.57,2026-08-06 13:21:19
1470,1,200,0,100.0,1.8,2026-08-06 13:32:19
1471,5,190,10,95.0,1.76,2026-08-06 13:43:19
1472,9,184,16,92.0,1.74,2026-08-06 13:54:19
1473,3,200,0,100.0,1.8,2026-08-06 14:05:19
1474,12,168,32,84.0,1.67,2026-08-06 14:16:19
1475,11,200,0,100.0,1.8,2026-08-06 14:27:19
1476,3,179,21,89.5,1.72,2026-08-06 14:38:19
1477,7,149,51,74.5,1.6,2026-08-06 14:49:19
1478,15,195,5,97.5,1.78,2026-08-06 15:00:19
1479,3,176,24,88.0,1.7,2026-08-06 15:11:19
1480,13,170,30,85.0,1.68,2026-08-06 15:22:19
1481,3,200,0,100.0,1.8,2026-08-06 15:33:19
1482,7,177,23,88.5,1.71,2026-08-06 15:44:19
1483,11,194,6,97.0,1.78,2026-08-06 15:55:19
1484,1,152,48,76.0,1.61,2026-08-06 16:06:19
1485,3,161,39,80.5,1.64,2026-08-06 16:17:19
1486,14,154,46,77.0,1.62,2026-08-06 16:28:19
1487,11,165,35,82.5,1.66,2026-08-06 16:39:19
1488,2,185,15,92.5,1.74,2026-08-06 16:50:19
1489,2,164,36,82.0,1.66,2026-08-06 17:01:19
1490,11,179,21,89.5,1.72,2026-08-06 17:12:19
1491,4,162,38,81.0,1.65,2026-08-06 17:23:19
1492,8,172,28,86.0,1.69,2026-08-06 17:34:19
1493,1,167,33,83.5,1.67,2026-08-06 17:45:19
1494,1,173,27,86.5,1.69,2026-08-06 17:56:19
1495,1,178,22,89.0,1.71,2026-08-06 18:07:19
1496,15,160,40,80.0,1.64,2026-08-06 18:18:19
1497,7,161,39,80.5,1.64,2026-08-06 18:29:19
1498,10,183,17,91.5,1.73,2026-08-06 18:40:19
1499,1,157,43,78.5,1.63,2026-08-06 18:51:19
1500,1,29,171,14.5,1.12,2026-08-06 19:02:19
1501,15,47,153,23.5,1.19,2026-08-06 19:13:19
1502,13,70,130,35.0,1.28,2026-08-06 19:24:19
1503,2,79,121,39.5,1.32,2026-08-06 19:35:19
1504,15,41,159,20.5,1.16,2026-08-06 19:46:19
1505,1,69,131,34.5,1.28,2026-08-06 19:57:19
1506,11,18,182,9.0,1.07,2026-08-06 20:08:19
1507,5,46,154,23.0,1.18,2026-08-06 20:19:19
1508,2,82,118,41.0,1.33,2026-08-06 20:30:19
1509,8,77,123,38.5,1.31,2026-08-06 20:41:19
1510,10,17,183,8.5,1.07,2026-08-06 20:52:19
1511,4,21,179,10.5,1.08,2026-08-06 21:03:19
1512,2,35,165,17.5,1.14,2026-08-06 21:14:19
1513,2,97,103,48.5,1.39,2026-08-06 21:25:19
1514,1,76,124,38.0,1.3,2026-08-06 21:36:19
1515,4,79,121,39.5,1.32,2026-08-06 21:47:19
1516,3,142,58,71.0,1.57,2026-08-06 21:58:19
1517,4,40,160,20.0,1.16,2026-08-06 22:09:19
1518,5,63,137,31.5,1.25,2026-08-06 22:20:19
1519,12,59,141,29.5,1.24,2026-08-06 22:31:19
1520,9,39,161,19.5,1.16,2026-08-06 22:42:19
1521,6,36,164,18.0,1.14,2026-08-06 22:53:19
1522,13,56,144,28.0,1.22,2026-08-06 23:04:19
1523,8,33,167,16.5,1.13,2026-08-06 23:15:19
1524,15,66,134,33.0,1.26,2026-08-06 23:26:19
1525,11,74,126,37.0,1.3,2026-08-06 23:37:19
1526,11,41,159,20.5,1.16,2026-08-06 23:48:19
1527,9,40,160,20.0,1.16,2026-08-06 23:59:19
1528,1,51,149,25.5,1.2,2026-08-07 00:10:19
1529,15,80,120,40.0,1.32,2026-08-07 00:21:19
1530,8,70,130,35.0,1.28,2026-08-07 00:32:19
1531,2,95,105,47.5,1.38,2026-08-07 00:43:19
1532,13,55,145,27.5,1.22,2026-08-07 00:54:19
1533,1,47,153,23.5,1.19,2026-08-07 01:05:19
1534,1,69,131,34.5,1.28,2026-08-07 01:16:19
1535,9,95,105,47.5,1.38,2026-08-07 01:27:19
1536,6,30,170,15.0,1.12,2026-08-07 01:38:19
1537,7,65,135,32.5,1.26,2026-08-07 01:49:19
1538,8,46,154,23.0,1.18,2026-08-07 02:00:19
1539,13,34,166,17.0,1.14,2026-08-07 02:11:19
1540,1,97,103,48.5,1.39,2026-08-07 02:22:19
1541,3,104,96,52.0,1.42,2026-08-07 02:33:19
1542,12,74,126,37.0,1.3,2026-08-07 02:44:19
1543,1,85,115,42.5,1.34,2026-08-07 02:55:19
1544,6,54,146,27.0,1.22,2026-08-07 03:06:19
1545,7,52,148,26.0,1.21,2026-08-07 03:17:19
1546,3,57,143,28.5,1.23,2026-08-07 03:28:19
1547,1,70,130,35.0,1.28,2026-08-07 03:39:19
1548,12,30,170,15.0,1.12,2026-08-07 03:50:19
1549,6,31,169,15.5,1.12,2026-08-07 04:01:19
1550,5,50,150,25.0,1.2,2026-08-07 04:12:19
1551,1,84,116,42.0,1.34,2026-08-07 04:23:19
1552,9,60,140,30.0,1.24,2026-08-07 04:34:19
1553,12,81,119,40.5,1.32,2026-08-07 04:45:19
1554,6,49,151,24.5,1.2,2026-08-07 04:56:19
1555,4,67,133,33.5,1.27,2026-08-07 05:07:19
1556,7,98,102,49.0,1.39,2026-08-07 05:18:19
1557,7,61,139,30.5,1.24,2026-08-07 05:29:19
1558,11,79,121,39.5,1.32,2026-08-07 05:40:19
1559,15,66,134,33.0,1.26,2026-08-07 05:51:19
1560,6,67,133,33.5,1.27,2026-08-07 06:02:19
1561,13,66,134,33.0,1.26,2026-08-07 06:13:19
1562,2,36,164,18.0,1.14,2026-08-07 06:24:19
1563,10,61,139,30.5,1.24,2026-08-07 06:35:19
1564,2,80,120,40.0,1.32,2026-08-07 06:46:19
1565,12,78,122,39.0,1.31,2026-08-07 06:57:19
1566,7,40,160,20.0,1.16,2026-08-07 07:08:19
1567,14,74,126,37.0,1.3,2026-08-07 07:19:19
1568,5,59,141,29.5,1.24,2026-08-07 07:30:19
1569,3,52,148,26.0,1.21,2026-08-07 07:41:19
1570,10,52,148,26.0,1.21,2026-08-07 07:52:19
1571,11,33,167,16.5,1.13,2026-08-07 08:03:19
1572,6,54,146,27.0,1.22,2026-08-07 08:14:19
1573,3,92,108,46.0,1.37,2026-08-07 08:25:19
1574,14,79,121,39.5,1.32,2026-08-07 08:36:19
1575,9,85,115,42.5,1.34,2026-08-07 08:47:19
1576,8,73,127,36.5,1.29,2026-08-07 08:58:19
1577,7,158,42,79.0,1.63,2026-08-07 09:09:19
1578,5,189,11,94.5,1.76,2026-08-07 09:20:19
1579,6,183,17,91.5,1.73,2026-08-07 09:31:19
1580,9,146,54,73.0,1.58,2026-08-07 09:42:19
1581,1,181,19,90.5,1.72,2026-08-07 09:53:19
1582,1,186,14,93.0,1.74,2026-08-07 10:04:19
1583,3,182,18,91.0,1.73,2026-08-07 10:15:19
1584,5,133,67,66.5,1.53,2026-08-07 10:26:19
1585,12,165,35,82.5,1.66,2026-08-07 10:37:19
1586,8,159,41,79.5,1.64,2026-08-07 10:48:19
1587,4,132,68,66.0,1.53,2026-08-07 10:59:19
1588,12,158,42,79.0,1.63,2026-08-07 11:10:19
1589,13,172,28,86.0,1.69,2026-08-07 11:21:19
1590,5,173,27,86.5,1.69,2026-08-07 11:32:19
1591,11,160,40,80.0,1.64,2026-08-07 11:43:19
1592,11,172,28,86.0,1.69,2026-08-07 11:54:19
1593,8,170,30,85.0,1.68,2026-08-07 12:05:19
1594,7,200,0,100.0,1.8,2026-08-07 12:16:19
1595,14,167,33,83.5,1.67,2026-08-07 12:27:19
1596,11,182,18,91.0,1.73,2026-08-07 12:38:19
1597,15,155,45,77.5,1.62,2026-08-07 12:49:19
1598,14,183,17,91.5,1.73,2026-08-07 13:00:19
1599,3,176,24,88.0,1.7,2026-08-07 13:11:19
1600,7,160,40,80.0,1.64,2026-08-07 13:22:19
1601,13,193,7,96.5,1.77,2026-08-07 13:33:19
1602,6,153,47,76.5,1.61,2026-08-07 13:44:19
1603,15,169,31,84.5,1.68,2026-08-07 13:55:19
1604,3,186,14,93.0,1.74,2026-08-07 14:06:19
1605,6,200,0,100.0,1.8,2026-08-07 14:17:19
1606,4,161,39,80.5,1.64,2026-08-07 14:28:19
1607,13,166,34,83.0,1.66,2026-08-07 14:39:19
1608,11,183,17,91.5,1.73,2026-08-07 14:50:19
1609,8,154,46,77.0,1.62,2026-08-07 15:01:19
1610,10,162,38,81.0,1.65,2026-08-07 15:12:19
1611,4,146,54,73.0,1.58,2026-08-07 15:23:19
1612,11,198,2,99.0,1.79,2026-08-07 15:34:19
1613,14,159,41,79.5,1.64,2026-08-07 15:45:19
1614,7,169,31,84.5,1.68,2026-08-07 15:56:19
1615,15,176,24,88.0,1.7,2026-08-07 16:07:19
1616,6,157,43,78.5,1.63,2026-08-07 16:18:19
1617,9,145,55,72.5,1.58,2026-08-07 16:29:19
1618,11,188,12,94.0,1.75,2026-08-07 16:40:19
1619,8,179,21,89.5,1.72,2026-08-07 16:51:19
1620,1,171,29,85.5,1.68,2026-08-07 17:02:19
1621,1,176,24,88.0,1.7,2026-08-07 17:13:19
1622,13,181,19,90.5,1.72,2026-08-07 17:24:19
1623,15,182,18,91.0,1.73,2026-08-07 17:35:19
1624,12,179,21,89.5,1.72,2026-08-07 17:46:19
1625,11,150,50,75.0,1.6,2026-08-07 17:57:19
1626,2,153,47,76.5,1.61,2026-08-07 18:08:19
1627,2,180,20,90.0,1.72,2026-08-07 18:19:19
1628,14,200,0,100.0,1.8,2026-08-07 18:30:19
1629,2,152,48,76.0,1.61,2026-08-07 18:41:19
1630,3,149,51,74.5,1.6,2026-08-07 18:52:19
1631,4,52,148,26.0,1.21,2026-08-07 19:03:19
1632,6,48,152,24.0,1.19,2026-08-07 19:14:19
1633,12,77,123,38.5,1.31,2026-08-07 19:25:19
1634,10,68,132,34.0,1.27,2026-08-07 19:36:19
1635,13,84,116,42.0,1.34,2026-08-07 19:47:19
1636,12,38,162,19.0,1.15,2026-08-07 19:58:19
1637,2,59,141,29.5,1.24,2026-08-07 20:09:19
1638,13,46,154,23.0,1.18,2026-08-07 20:20:19
1639,4,53,147,26.5,1.21,2026-08-07 20:31:19
1640,1,89,111,44.5,1.36,2026-08-07 20:42:19
1641,2,95,105,47.5,1.38,2026-08-07 20:53:19
1642,15,56,144,28.0,1.22,2026-08-07 21:04:19
1643,3,75,125,37.5,1.3,2026-08-07 21:15:19
1644,8,62,138,31.0,1.25,2026-08-07 21:26:19
1645,2,48,152,24.0,1.19,2026-08-07 21:37:19
1646,2,86,114,43.0,1.34,2026-08-07 21:48:19
1647,3,17,183,8.5,1.07,2026-08-07 21:59:19
1648,3,64,136,32.0,1.26,2026-08-07 22:10:19
1649,14,69,131,34.5,1.28,2026-08-07 22:21:19
1650,4,24,176,12.0,1.1,2026-08-07 22:32:19
1651,7,73,127,36.5,1.29,2026-08-07 22:43:19
1652,12,39,161,19.5,1.16,2026-08-07 22:54:19
1653,3,56,144,28.0,1.22,2026-08-07 23:05:19
1654,13,52,148,26.0,1.21,2026-08-07 23:16:19
1655,13,69,131,34.5,1.28,2026-08-07 23:27:19
1656,2,46,154,23.0,1.18,2026-08-07 23:38:19
1657,4,37,163,18.5,1.15,2026-08-07 23:49:19
1658,10,103,97,51.5,1.41,2026-08-08 00:00:19
1659,4,48,152,24.0,1.19,2026-08-08 00:11:19
1660,9,70,130,35.0,1.28,2026-08-08 00:22:19
1661,3,67,133,33.5,1.27,2026-08-08 00:33:19
1662,15,59,141,29.5,1.24,2026-08-08 00:44:19
1663,15,85,115,42.5,1.34,2026-08-08 00:55:19
1664,15,45,155,22.5,1.18,2026-08-08 01:06:19
1665,1,65,135,32.5,1.26,2026-08-08 01:17:19
1666,7,48,152,24.0,1.19,2026-08-08 01:28:19
1667,3,43,157,21.5,1.17,2026-08-08 01:39:19
1668,4,76,124,38.0,1.3,2026-08-08 01:50:19
1669,5,69,131,34.5,1.28,2026-08-08 02:01:19
1670,9,64,136,32.0,1.26,2026-08-08 02:12:19
1671,5,45,155,22.5,1.18,2026-08-08 02:23:19
1672,1,37,163,18.5,1.15,2026-08-08 02:34:19
1673,8,75,125,37.5,1.3,2026-08-08 02:45:19
1674,3,48,152,24.0,1.19,2026-08-08 02:56:19
1675,10,63,137,31.5,1.25,2026-08-08 03:07:19
1676,4,64,136,32.0,1.26,2026-08-08 03:18:19
1677,14,51,149,25.5,1.2,2026-08-08 03:29:19
1678,5,114,86,57.0,1.46,2026-08-08 03:40:19
1679,6,36,164,18.0,1.14,2026-08-08 03:51:19
1680,1,76,124,38.0,1.3,2026-08-08 04:02:19
1681,15,42,158,21.0,1.17,2026-08-08 04:13:19
1682,15,67,133,33.5,1.27,2026-08-08 04:24:19
1683,15,61,139,30.5,1.24,2026-08-08 04:35:19
1684,12,42,158,21.0,1.17,2026-08-08 04:46:19
1685,2,47,153,23.5,1.19,2026-08-08 04:57:19
1686,7,71,129,35.5,1.28,2026-08-08 05:08:19
1687,11,42,158,21.0,1.17,2026-08-08 05:19:19
1688,2,41,159,20.5,1.16,2026-08-08 05:30:19
1689,2,89,111,44.5,1.36,2026-08-08 05:41:19
1690,4,12,188,6.0,1.05,2026-08-08 05:52:19
1691,13,63,137,31.5,1.25,2026-08-08 06:03:19
1692,7,83,117,41.5,1.33,2026-08-08 06:14:19
1693,1,61,139,30.5,1.24,2026-08-08 06:25:19
1694,12,92,108,46.0,1.37,2026-08-08 06:36:19
1695,12,116,84,58.0,1.46,2026-08-08 06:47:19
1696,15,67,133,33.5,1.27,2026-08-08 06:58:19
1697,7,41,159,20.5,1.16,2026-08-08 07:09:19
1698,5,28,172,14.0,1.11,2026-08-08 07:20:19
1699,2,39,161,19.5,1.16,2026-08-08 07:31:19
1700,15,65,135,32.5,1.26,2026-08-08 07:42:19
1701,13,60,140,30.0,1.24,2026-08-08 07:53:19
1702,5,37,163,18.5,1.15,2026-08-08 08:04:19
1703,1,73,127,36.5,1.29,2026-08-08 08:15:19
1704,3,64,136,32.0,1.26,2026-08-08 08:26:19
1705,13,79,121,39.5,1.32,2026-08-08 08:37:19
1706,10,57,143,28.5,1.23,2026-08-08 08:48:19
1707,8,28,172,14.0,1.11,2026-08-08 08:59:19
1708,8,170,30,85.0,1.68,2026-08-08 09:10:19
1709,14,188,12,94.0,1.75,2026-08-08 09:21:19
1710,13,181,19,90.5,1.72,2026-08-08 09:32:19
1711,4,200,0,100.0,1.8,2026-08-08 09:43:19
1712,5,177,23,88.5,1.71,2026-08-08 09:54:19
1713,8,159,41,79.5,1.64,2026-08-08 10:05:19
1714,2,140,60,70.0,1.56,2026-08-08 10:16:19
1715,6,152,48,76.0,1.61,2026-08-08 10:27:19
1716,2,152,48,76.0,1.61,2026-08-08 10:38:19
1717,3,162,38,81.0,1.65,2026-08-08 10:49:19
1718,11,200,0,100.0,1.8,2026-08-08 11:00:19
1719,10,144,56,72.0,1.58,2026-08-08 11:11:19
1720,14,162,38,81.0,1.65,2026-08-08 11:22:19
1721,8,156,44,78.0,1.62,2026-08-08 11:33:19
1722,9,185,15,92.5,1.74,2026-08-08 11:44:19
1723,8,196,4,98.0,1.78,2026-08-08 11:55:19
1724,2,173,27,86.5,1.69,2026-08-08 12:06:19
1725,13,148,52,74.0,1.59,2026-08-08 12:17:19
1726,15,196,4,98.0,1.78,2026-08-08 12:28:19
1727,2,154,46,77.0,1.62,2026-08-08 12:39:19
1728,2,175,25,87.5,1.7,2026-08-08 12:50:19
1729,4,168,32,84.0,1.67,2026-08-08 13:01:19
1730,10,141,59,70.5,1.56,2026-08-08 13:12:19
1731,15,167,33,83.5,1.67,2026-08-08 13:23:19
1732,10,154,46,77.0,1.62,2026-08-08 13:34:19
1733,8,169,31,84.5,1.68,2026-08-08 13:45:19
1734,7,180,20,90.0,1.72,2026-08-08 13:56:19
1735,14,200,0,100.0,1.8,2026-08-08 14:07:19
1736,2,170,30,85.0,1.68,2026-08-08 14:18:19
1737,2,169,31,84.5,1.68,2026-08-08 14:29:19
1738,2,121,79,60.5,1.48,2026-08-08 14:40:19
1739,12,148,52,74.0,1.59,2026-08-08 14:51:19
1740,12,179,21,89.5,1.72,2026-08-08 15:02:19
1741,7,141,59,70.5,1.56,2026-08-08 15:13:19
1742,15,167,33,83.5,1.67,2026-08-08 15:24:19
1743,2,188,12,94.0,1.75,2026-08-08 15:35:19
1744,12,180,20,90.0,1.72,2026-08-08 15:46:19
1745,3,172,28,86.0,1.69,2026-08-08 15:57:19
1746,8,145,55,72.5,1.58,2026-08-08 16:08:19
1747,6,164,36,82.0,1.66,2026-08-08 16:19:19
1748,6,141,59,70.5,1.56,2026-08-08 16:30:19
1749,10,155,45,77.5,1.62,2026-08-08 16:41:19
1750,3,168,32,84.0,1.67,2026-08-08 16:52:19
1751,2,130,70,65.0,1.52,2026-08-08 17:03:19
1752,12,115,85,57.5,1.46,2026-08-08 17:14:19
1753,3,188,12,94.0,1.75,2026-08-08 17:25:19
1754,5,174,26,87.0,1.7,2026-08-08 17:36:19
1755,15,159,41,79.5,1.64,2026-08-08 17:47:19
1756,3,183,17,91.5,1.73,2026-08-08 17:58:19
1757,11,154,46,77.0,1.62,2026-08-08 18:09:19
1758,6,169,31,84.5,1.68,2026-08-08 18:20:19
1759,11,182,18,91.0,1.73,2026-08-08 18:31:19
1760,12,173,27,86.5,1.69,2026-08-08 18:42:19
1761,13,141,59,70.5,1.56,2026-08-08 18:53:19
1762,7,71,129,35.5,1.28,2026-08-08 19:04:19
1763,9,80,120,40.0,1.32,2026-08-08 19:15:19
1764,12,53,147,26.5,1.21,2026-08-08 19:26:19
1765,14,54,146,27.0,1.22,2026-08-08 19:37:19
1766,3,66,134,33.0,1.26,2026-08-08 19:48:19
1767,14,62,138,31.0,1.25,2026-08-08 19:59:19
1768,11,70,130,35.0,1.28,2026-08-08 20:10:19
1769,3,62,138,31.0,1.25,2026-08-08 20:21:19
1770,1,57,143,28.5,1.23,2026-08-08 20:32:19
1771,10,55,145,27.5,1.22,2026-08-08 20:43:19
1772,14,28,172,14.0,1.11,2026-08-08 20:54:19
1773,5,99,101,49.5,1.4,2026-08-08 21:05:19
1774,13,68,132,34.0,1.27,2026-08-08 21:16:19
1775,14,77,123,38.5,1.31,2026-08-08 21:27:19
1776,10,63,137,31.5,1.25,2026-08-08 21:38:19
1777,11,60,140,30.0,1.24,2026-08-08 21:49:19
1778,10,67,133,33.5,1.27,2026-08-08 22:00:19
1779,7,59,141,29.5,1.24,2026-08-08 22:11:19
1780,2,64,136,32.0,1.26,2026-08-08 22:22:19
1781,9,79,121,39.5,1.32,2026-08-08 22:33:19
1782,11,76,124,38.0,1.3,2026-08-08 22:44:19
1783,12,47,153,23.5,1.19,2026-08-08 22:55:19
1784,10,78,122,39.0,1.31,2026-08-08 23:06:19
1785,15,90,110,45.0,1.36,2026-08-08 23:17:19
1786,15,55,145,27.5,1.22,2026-08-08 23:28:19
1787,2,96,104,48.0,1.38,2026-08-08 23:39:19
1788,3,63,137,31.5,1.25,2026-08-08 23:50:19
1789,5,68,132,34.0,1.27,2026-08-09 00:01:19
1790,2,49,151,24.5,1.2,2026-08-09 00:12:19
1791,6,73,127,36.5,1.29,2026-08-09 00:23:19
1792,8,88,112,44.0,1.35,2026-08-09 00:34:19
1793,12,66,134,33.0,1.26,2026-08-09 00:45:19
1794,11,85,115,42.5,1.34,2026-08-09 00:56:19
1795,11,64,136,32.0,1.26,2026-08-09 01:07:19
1796,10,59,141,29.5,1.24,2026-08-09 01:18:19
1797,1,20,180,10.0,1.08,2026-08-09 01:29:19
1798,7,67,133,33.5,1.27,2026-08-09 01:40:19
1799,4,48,152,24.0,1.19,2026-08-09 01:51:19
1800,13,62,138,31.0,1.25,2026-08-09 02:02:19
1801,1,44,156,22.0,1.18,2026-08-09 02:13:19
1802,12,71,129,35.5,1.28,2026-08-09 02:24:19
1803,14,45,155,22.5,1.18,2026-08-09 02:35:19
1804,7,27,173,13.5,1.11,2026-08-09 02:46:19
1805,15,96,104,48.0,1.38,2026-08-09 02:57:19
1806,15,74,126,37.0,1.3,2026-08-09 03:08:19
1807,11,75,125,37.5,1.3,2026-08-09 03:19:19
1808,13,69,131,34.5,1.28,2026-08-09 03:30:19
1809,14,50,150,25.0,1.2,2026-08-09 03:41:19
1810,11,81,119,40.5,1.32,2026-08-09 03:52:19
1811,13,122,78,61.0,1.49,2026-08-09 04:03:19
1812,2,65,135,32.5,1.26,2026-08-09 04:14:19
1813,13,81,119,40.5,1.32,2026-08-09 04:25:19
1814,4,63,137,31.5,1.25,2026-08-09 04:36:19
1815,5,75,125,37.5,1.3,2026-08-09 04:47:19
1816,4,51,149,25.5,1.2,2026-08-09 04:58:19
1817,1,108,92,54.0,1.43,2026-08-09 05:09:19
1818,5,50,150,25.0,1.2,2026-08-09 05:20:19
1819,13,24,176,12.0,1.1,2026-08-09 05:31:19
1820,15,49,151,24.5,1.2,2026-08-09 05:42:19
1821,5,68,132,34.0,1.27,2026-08-09 05:53:19
1822,13,43,157,21.5,1.17,2026-08-09 06:04:19
1823,12,41,159,20.5,1.16,2026-08-09 06:15:19
1824,12,59,141,29.5,1.24,2026-08-09 06:26:19
1825,1,38,162,19.0,1.15,2026-08-09 06:37:19
1826,11,81,119,40.5,1.32,2026-08-09 06:48:19
1827,11,82,118,41.0,1.33,2026-08-09 06:59:19
1828,10,69,131,34.5,1.28,2026-08-09 07:10:19
1829,7,86,114,43.0,1.34,2026-08-09 07:21:19
1830,3,63,137,31.5,1.25,2026-08-09 07:32:19
1831,7,43,157,21.5,1.17,2026-08-09 07:43:19
1832,7,102,98,51.0,1.41,2026-08-09 07:54:19
1833,12,62,138,31.0,1.25,2026-08-09 08:05:19
1834,2,58,142,29.0,1.23,2026-08-09 08:16:19
1835,11,35,165,17.5,1.14,2026-08-09 08:27:19
1836,6,58,142,29.0,1.23,2026-08-09 08:38:19
1837,10,37,163,18.5,1.15,2026-08-09 08:49:19
1838,3,200,0,100.0,1.8,2026-08-09 09:00:19
1839,11,155,45,77.5,1.62,2026-08-09 09:11:19
1840,1,152,48,76.0,1.61,2026-08-09 09:22:19
1841,10,183,17,91.5,1.73,2026-08-09 09:33:19
1842,4,167,33,83.5,1.67,2026-08-09 09:44:19
1843,10,178,22,89.0,1.71,2026-08-09 09:55:19
1844,3,172,28,86.0,1.69,2026-08-09 10:06:19
1845,7,172,28,86.0,1.69,2026-08-09 10:17:19
1846,4,144,56,72.0,1.58,2026-08-09 10:28:19
1847,1,169,31,84.5,1.68,2026-08-09 10:39:19
1848,6,131,69,65.5,1.52,2026-08-09 10:50:19
1849,10,200,0,100.0,1.8,2026-08-09 11:01:19
1850,6,172,28,86.0,1.69,2026-08-09 11:12:19
1851,12,184,16,92.0,1.74,2026-08-09 11:23:19
1852,7,176,24,88.0,1.7,2026-08-09 11:34:19
1853,15,158,42,79.0,1.63,2026-08-09 11:45:19
1854,15,135,65,67.5,1.54,2026-08-09 11:56:19
1855,3,174,26,87.0,1.7,2026-08-09 12:07:19
1856,14,184,16,92.0,1.74,2026-08-09 12:18:19
1857,2,197,3,98.5,1.79,2026-08-09 12:29:19
1858,10,140,60,70.0,1.56,2026-08-09 12:40:19
1859,7,183,17,91.5,1.73,2026-08-09 12:51:19
1860,4,161,39,80.5,1.64,2026-08-09 13:02:19
1861,7,169,31,84.5,1.68,2026-08-09 13:13:19
1862,10,166,34,83.0,1.66,2026-08-09 13:24:19
1863,15,151,49,75.5,1.6,2026-08-09 13:35:19
1864,3,196,4,98.0,1.78,2026-08-09 13:46:19
1865,13,166,34,83.0,1.66,2026-08-09 13:57:19
1866,5,166,34,83.0,1.66,2026-08-09 14:08:19
1867,10,150,50,75.0,1.6,2026-08-09 14:19:19
1868,15,161,39,80.5,1.64,2026-08-09 14:30:19
1869,8,134,66,67.0,1.54,2026-08-09 14:41:19
1870,7,144,56,72.0,1.58,2026-08-09 14:52:19
1871,5,147,53,73.5,1.59,2026-08-09 15:03:19
1872,3,191,9,95.5,1.76,2026-08-09 15:14:19
1873,9,190,10,95.0,1.76,2026-08-09 15:25:19
1874,4,171,29,85.5,1.68,2026-08-09 15:36:19
1875,5,179,21,89.5,1.72,2026-08-09 15:47:19
1876,11,170,30,85.0,1.68,2026-08-09 15:58:19
1877,8,190,10,95.0,1.76,2026-08-09 16:09:19
1878,5,158,42,79.0,1.63,2026-08-09 16:20:19
1879,7,196,4,98.0,1.78,2026-08-09 16:31:19
1880,9,192,8,96.0,1.77,2026-08-09 16:42:19
1881,11,191,9,95.5,1.76,2026-08-09 16:53:19
1882,9,157,43,78.5,1.63,2026-08-09 17:04:19
1883,15,169,31,84.5,1.68,2026-08-09 17:15:19
1884,15,159,41,79.5,1.64,2026-08-09 17:26:19
1885,5,156,44,78.0,1.62,2026-08-09 17:37:19
1886,9,186,14,93.0,1.74,2026-08-09 17:48:19
1887,10,132,68,66.0,1.53,2026-08-09 17:59:19
1888,10,191,9,95.5,1.76,2026-08-09 18:10:19
1889,13,191,9,95.5,1.76,2026-08-09 18:21:19
1890,8,197,3,98.5,1.79,2026-08-09 18:32:19
1891,9,162,38,81.0,1.65,2026-08-09 18:43:19
1892,14,177,23,88.5,1.71,2026-08-09 18:54:19
1893,4,30,170,15.0,1.12,2026-08-09 19:05:19
1894,14,11,189,5.5,1.04,2026-08-09 19:16:19
1895,3,98,102,49.0,1.39,2026-08-09 19:27:19
1896,12,67,133,33.5,1.27,2026-08-09 19:38:19
1897,13,67,133,33.5,1.27,2026-08-09 19:49:19
1898,4,30,170,15.0,1.12,2026-08-09 20:00:19
1899,3,49,151,24.5,1.2,2026-08-09 20:11:19
1900,5,39,161,19.5,1.16,2026-08-09 20:22:19
1901,8,77,123,38.5,1.31,2026-08-09 20:33:19
1902,7,105,95,52.5,1.42,2026-08-09 20:44:19
1903,15,43,157,21.5,1.17,2026-08-09 20:55:19
1904,6,66,134,33.0,1.26,2026-08-09 21:06:19
1905,8,47,153,23.5,1.19,2026-08-09 21:17:19
1906,2,68,132,34.0,1.27,2026-08-09 21:28:19
1907,11,70,130,35.0,1.28,2026-08-09 21:39:19
1908,11,67,133,33.5,1.27,2026-08-09 21:50:19
1909,8,47,153,23.5,1.19,2026-08-09 22:01:19
1910,10,82,118,41.0,1.33,2026-08-09 22:12:19
1911,3,56,144,28.0,1.22,2026-08-09 22:23:19
1912,5,80,120,40.0,1.32,2026-08-09 22:34:19
1913,4,61,139,30.5,1.24,2026-08-09 22:45:19
1914,8,50,150,25.0,1.2,2026-08-09 22:56:19
1915,1,70,130,35.0,1.28,2026-08-09 23:07:19
1916,1,58,142,29.0,1.23,2026-08-09 23:18:19
1917,2,35,165,17.5,1.14,2026-08-09 23:29:19
1918,4,76,124,38.0,1.3,2026-08-09 23:40:19
1919,15,89,111,44.5,1.36,2026-08-09 23:51:19
1920,11,57,143,28.5,1.23,2026-08-10 00:02:19
1921,15,70,130,35.0,1.28,2026-08-10 00:13:19
1922,14,30,170,15.0,1.12,2026-08-10 00:24:19
1923,15,83,117,41.5,1.33,2026-08-10 00:35:19
1924,11,5,195,2.5,1.02,2026-08-10 00:46:19
1925,2,55,145,27.5,1.22,2026-08-10 00:57:19
1926,2,53,147,26.5,1.21,2026-08-10 01:08:19
1927,4,75,125,37.5,1.3,2026-08-10 01:19:19
1928,14,60,140,30.0,1.24,2026-08-10 01:30:19
1929,7,48,152,24.0,1.19,2026-08-10 01:41:19
1930,3,44,156,22.0,1.18,2026-08-10 01:52:19
1931,4,81,119,40.5,1.32,2026-08-10 02:03:19
1932,11,58,142,29.0,1.23,2026-08-10 02:14:19
1933,11,29,171,14.5,1.12,2026-08-10 02:25:19
1934,4,78,122,39.0,1.31,2026-08-10 02:36:19
1935,9,41,159,20.5,1.16,2026-08-10 02:47:19
1936,8,51,149,25.5,1.2,2026-08-10 02:58:19
1937,9,84,116,42.0,1.34,2026-08-10 03:09:19
1938,3,85,115,42.5,1.34,2026-08-10 03:20:19
1939,11,47,153,23.5,1.19,2026-08-10 03:31:19
1940,5,68,132,34.0,1.27,2026-08-10 03:42:19
1941,15,102,98,51.0,1.41,2026-08-10 03:53:19
1942,11,37,163,18.5,1.15,2026-08-10 04:04:19
1943,5,36,164,18.0,1.14,2026-08-10 04:15:19
1944,6,69,131,34.5,1.28,2026-08-10 04:26:19
1945,7,50,150,25.0,1.2,2026-08-10 04:37:19
1946,8,54,146,27.0,1.22,2026-08-10 04:48:19
1947,6,37,163,18.5,1.15,2026-08-10 04:59:19
1948,6,51,149,25.5,1.2,2026-08-10 05:10:19
1949,1,41,159,20.5,1.16,2026-08-10 05:21:19
1950,13,59,141,29.5,1.24,2026-08-10 05:32:19
1951,8,85,115,42.5,1.34,2026-08-10 05:43:19
1952,3,34,166,17.0,1.14,2026-08-10 05:54:19
1953,12,65,135,32.5,1.26,2026-08-10 06:05:19
1954,4,86,114,43.0,1.34,2026-08-10 06:16:19
1955,11,36,164,18.0,1.14,2026-08-10 06:27:19
1956,13,72,128,36.0,1.29,2026-08-10 06:38:19
1957,7,42,158,21.0,1.17,2026-08-10 06:49:19
1958,6,37,163,18.5,1.15,2026-08-10 07:00:19
1959,11,55,145,27.5,1.22,2026-08-10 07:11:19
1960,15,52,148,26.0,1.21,2026-08-10 07:22:19
1961,10,41,159,20.5,1.16,2026-08-10 07:33:19
1962,3,90,110,45.0,1.36,2026-08-10 07:44:19
1963,8,68,132,34.0,1.27,2026-08-10 07:55:19
1964,2,16,184,8.0,1.06,2026-08-10 08:06:19
1965,9,31,169,15.5,1.12,2026-08-10 08:17:19
1966,7,39,161,19.5,1.16,2026-08-10 08:28:19
1967,14,60,140,30.0,1.24,2026-08-10 08:39:19
1968,5,55,145,27.5,1.22,2026-08-10 08:50:19
1969,1,200,0,100.0,1.8,2026-08-10 09:01:19
1970,9,149,51,74.5,1.6,2026-08-10 09:12:19
1971,14,167,33,83.5,1.67,2026-08-10 09:23:19
1972,13,180,20,90.0,1.72,2026-08-10 09:34:19
1973,7,184,16,92.0,1.74,2026-08-10 09:45:19
1974,1,149,51,74.5,1.6,2026-08-10 09:56:19
1975,15,179,21,89.5,1.72,2026-08-10 10:07:19
1976,10,189,11,94.5,1.76,2026-08-10 10:18:19
1977,15,193,7,96.5,1.77,2026-08-10 10:29:19
1978,15,156,44,78.0,1.62,2026-08-10 10:40:19
1979,7,187,13,93.5,1.75,2026-08-10 10:51:19
1980,2,181,19,90.5,1.72,2026-08-10 11:02:19
1981,9,163,37,81.5,1.65,2026-08-10 11:13:19
1982,8,185,15,92.5,1.74,2026-08-10 11:24:19
1983,14,171,29,85.5,1.68,2026-08-10 11:35:19
1984,3,162,38,81.0,1.65,2026-08-10 11:46:19
1985,11,177,23,88.5,1.71,2026-08-10 11:57:19
1986,2,147,53,73.5,1.59,2026-08-10 12:08:19
1987,14,177,23,88.5,1.71,2026-08-10 12:19:19
1988,10,200,0,100.0,1.8,2026-08-10 12:30:19
1989,12,163,37,81.5,1.65,2026-08-10 12:41:19
1990,7,137,63,68.5,1.55,2026-08-10 12:52:19
1991,4,169,31,84.5,1.68,2026-08-10 13:03:19
1992,11,147,53,73.5,1.59,2026-08-10 13:14:19
1993,10,173,27,86.5,1.69,2026-08-10 13:25:19
1994,13,135,65,67.5,1.54,2026-08-10 13:36:19
1995,14,139,61,69.5,1.56,2026-08-10 13:47:19
1996,5,139,61,69.5,1.56,2026-08-10 13:58:19
1997,5,200,0,100.0,1.8,2026-08-10 14:09:19
1998,11,191,9,95.5,1.76,2026-08-10 14:20:19
1999,12,173,27,86.5,1.69,2026-08-10 14:31:19
2000,12,151,49,75.5,1.6,2026-08-10 14:42:19
2001,2,155,45,77.5,1.62,2026-08-10 14:53:19
2002,15,194,6,97.0,1.78,2026-08-10 15:04:19
2003,6,187,13,93.5,1.75,2026-08-10 15:15:19
2004,2,156,44,78.0,1.62,2026-08-10 15:26:19
2005,9,194,6,97.0,1.78,2026-08-10 15:37:19
2006,3,200,0,100.0,1.8,2026-08-10 15:48:19
2007,7,143,57,71.5,1.57,2026-08-10 15:59:19
2008,14,183,17,91.5,1.73,2026-08-10 16:10:19
2009,1,143,57,71.5,1.57,2026-08-10 16:21:19
2010,4,147,53,73.5,1.59,2026-08-10 16:32:19
2011,7,188,12,94.0,1.75,2026-08-10 16:43:19
2012,10,156,44,78.0,1.62,2026-08-10 16:54:19
2013,15,175,25,87.5,1.7,2026-08-10 17:05:19
2014,11,179,21,89.5,1.72,2026-08-10 17:16:19
2015,6,200,0,100.0,1.8,2026-08-10 17:27:19
2016,14,161,39,80.5,1.64,2026-08-10 17:38:19
2017,6,132,68,66.0,1.53,2026-08-10 17:49:19
2018,7,182,18,91.0,1.73,2026-08-10 18:00:19
2019,6,171,29,85.5,1.68,2026-08-10 18:11:19
2020,4,182,18,91.0,1.73,2026-08-10 18:22:19
2021,5,160,40,80.0,1.64,2026-08-10 18:33:19
2022,2,139,61,69.5,1.56,2026-08-10 18:44:19
2023,11,173,27,86.5,1.69,2026-08-10 18:55:19
2024,4,27,173,13.5,1.11,2026-08-10 19:06:19
2025,1,75,125,37.5,1.3,2026-08-10 19:17:19
2026,8,66,134,33.0,1.26,2026-08-10 19:28:19
2027,4,78,122,39.0,1.31,2026-08-10 19:39:19
2028,12,54,146,27.0,1.22,2026-08-10 19:50:19
2029,11,54,146,27.0,1.22,2026-08-10 20:01:19
2030,1,75,125,37.5,1.3,2026-08-10 20:12:19
2031,7,68,132,34.0,1.27,2026-08-10 20:23:19
2032,11,45,155,22.5,1.18,2026-08-10 20:34:19
2033,4,39,161,19.5,1.16,2026-08-10 20:45:19
2034,13,86,114,43.0,1.34,2026-08-10 20:56:19
2035,12,87,113,43.5,1.35,2026-08-10 21:07:19
2036,5,98,102,49.0,1.39,2026-08-10 21:18:19
2037,5,63,137,31.5,1.25,2026-08-10 21:29:19
2038,6,84,116,42.0,1.34,2026-08-10 21:40:19
2039,2,71,129,35.5,1.28,2026-08-10 21:51:19
2040,6,70,130,35.0,1.28,2026-08-10 22:02:19
2041,12,76,124,38.0,1.3,2026-08-10 22:13:19
2042,14,68,132,34.0,1.27,2026-08-10 22:24:19
2043,6,62,138,31.0,1.25,2026-08-10 22:35:19
2044,12,47,153,23.5,1.19,2026-08-10 22:46:19
2045,10,84,116,42.0,1.34,2026-08-10 22:57:19
2046,6,101,99,50.5,1.4,2026-08-10 23:08:19
2047,5,24,176,12.0,1.1,2026-08-10 23:19:19
2048,5,37,163,18.5,1.15,2026-08-10 23:30:19
2049,13,60,140,30.0,1.24,2026-08-10 23:41:19
2050,15,36,164,18.0,1.14,2026-08-10 23:52:19
2051,4,53,147,26.5,1.21,2026-08-11 00:03:19
2052,7,86,114,43.0,1.34,2026-08-11 00:14:19
2053,7,51,149,25.5,1.2,2026-08-11 00:25:19
2054,11,63,137,31.5,1.25,2026-08-11 00:36:19
2055,1,52,148,26.0,1.21,2026-08-11 00:47:19
2056,8,39,161,19.5,1.16,2026-08-11 00:58:19
2057,14,40,160,20.0,1.16,2026-08-11 01:09:19
2058,1,97,103,48.5,1.39,2026-08-11 01:20:19
2059,8,73,127,36.5,1.29,2026-08-11 01:31:19
2060,3,53,147,26.5,1.21,2026-08-11 01:42:19
2061,10,35,165,17.5,1.14,2026-08-11 01:53:19
2062,8,95,105,47.5,1.38,2026-08-11 02:04:19
2063,12,76,124,38.0,1.3,2026-08-11 02:15:19
2064,12,39,161,19.5,1.16,2026-08-11 02:26:19
2065,2,42,158,21.0,1.17,2026-08-11 02:37:19
2066,6,70,130,35.0,1.28,2026-08-11 02:48:19
2067,13,48,152,24.0,1.19,2026-08-11 02:59:19
2068,8,70,130,35.0,1.28,2026-08-11 03:10:19
2069,13,52,148,26.0,1.21,2026-08-11 03:21:19
2070,12,33,167,16.5,1.13,2026-08-11 03:32:19
2071,10,47,153,23.5,1.19,2026-08-11 03:43:19
2072,11,81,119,40.5,1.32,2026-08-11 03:54:19
2073,6,27,173,13.5,1.11,2026-08-11 04:05:19
2074,10,82,118,41.0,1.33,2026-08-11 04:16:19
2075,8,48,152,24.0,1.19,2026-08-11 04:27:19
2076,3,67,133,33.5,1.27,2026-08-11 04:38:19
2077,8,59,141,29.5,1.24,2026-08-11 04:49:19
2078,12,64,136,32.0,1.26,2026-08-11 05:00:19
2079,8,94,106,47.0,1.38,2026-08-11 05:11:19
2080,3,74,126,37.0,1.3,2026-08-11 05:22:19
2081,8,101,99,50.5,1.4,2026-08-11 05:33:19
2082,10,57,143,28.5,1.23,2026-08-11 05:44:19
2083,13,81,119,40.5,1.32,2026-08-11 05:55:19
2084,11,77,123,38.5,1.31,2026-08-11 06:06:19
2085,12,34,166,17.0,1.14,2026-08-11 06:17:19
2086,10,64,136,32.0,1.26,2026-08-11 06:28:19
2087,6,80,120,40.0,1.32,2026-08-11 06:39:19
2088,6,49,151,24.5,1.2,2026-08-11 06:50:19
2089,7,59,141,29.5,1.24,2026-08-11 07:01:19
2090,8,70,130,35.0,1.28,2026-08-11 07:12:19
2091,14,54,146,27.0,1.22,2026-08-11 07:23:19
2092,5,73,127,36.5,1.29,2026-08-11 07:34:19
2093,13,88,112,44.0,1.35,2026-08-11 07:45:19
2094,3,54,146,27.0,1.22,2026-08-11 07:56:19
2095,3,54,146,27.0,1.22,2026-08-11 08:07:19
2096,3,47,153,23.5,1.19,2026-08-11 08:18:19
2097,9,65,135,32.5,1.26,2026-08-11 08:29:19
2098,14,89,111,44.5,1.36,2026-08-11 08:40:19
2099,3,62,138,31.0,1.25,2026-08-11 08:51:19
2100,12,169,31,84.5,1.68,2026-08-11 09:02:19
2101,1,184,16,92.0,1.74,2026-08-11 09:13:19
2102,1,166,34,83.0,1.66,2026-08-11 09:24:19
2103,8,161,39,80.5,1.64,2026-08-11 09:35:19
2104,12,146,54,73.0,1.58,2026-08-11 09:46:19
2105,9,153,47,76.5,1.61,2026-08-11 09:57:19
2106,10,196,4,98.0,1.78,2026-08-11 10:08:19
2107,1,163,37,81.5,1.65,2026-08-11 10:19:19
2108,15,184,16,92.0,1.74,2026-08-11 10:30:19
2109,10,149,51,74.5,1.6,2026-08-11 10:41:19
2110,14,158,42,79.0,1.63,2026-08-11 10:52:19
2111,6,186,14,93.0,1.74,2026-08-11 11:03:19
2112,5,156,44,78.0,1.62,2026-08-11 11:14:19
2113,3,170,30,85.0,1.68,2026-08-11 11:25:19
2114,3,191,9,95.5,1.76,2026-08-11 11:36:19
2115,14,181,19,90.5,1.72,2026-08-11 11:47:19
2116,13,157,43,78.5,1.63,2026-08-11 11:58:19
2117,4,171,29,85.5,1.68,2026-08-11 12:09:19
2118,13,156,44,78.0,1.62,2026-08-11 12:20:19
2119,4,153,47,76.5,1.61,2026-08-11 12:31:19
2120,6,170,30,85.0,1.68,2026-08-11 12:42:19
2121,12,192,8,96.0,1.77,2026-08-11 12:53:19
2122,11,157,43,78.5,1.63,2026-08-11 13:04:19
2123,6,179,21,89.5,1.72,2026-08-11 13:15:19
2124,3,138,62,69.0,1.55,2026-08-11 13:26:19
2125,11,162,38,81.0,1.65,2026-08-11 13:37:19
2126,15,188,12,94.0,1.75,2026-08-11 13:48:19
2127,8,200,0,100.0,1.8,2026-08-11 13:59:19
2128,3,156,44,78.0,1.62,2026-08-11 14:10:19
2129,7,180,20,90.0,1.72,2026-08-11 14:21:19
2130,8,166,34,83.0,1.66,2026-08-11 14:32:19
2131,3,188,12,94.0,1.75,2026-08-11 14:43:19
2132,6,146,54,73.0,1.58,2026-08-11 14:54:19
2133,6,177,23,88.5,1.71,2026-08-11 15:05:19
2134,5,197,3,98.5,1.79,2026-08-11 15:16:19
2135,14,169,31,84.5,1.68,2026-08-11 15:27:19
2136,3,145,55,72.5,1.58,2026-08-11 15:38:19
2137,1,179,21,89.5,1.72,2026-08-11 15:49:19
2138,9,189,11,94.5,1.76,2026-08-11 16:00:19
2139,5,167,33,83.5,1.67,2026-08-11 16:11:19
2140,9,153,47,76.5,1.61,2026-08-11 16:22:19
2141,15,175,25,87.5,1.7,2026-08-11 16:33:19
2142,11,176,24,88.0,1.7,2026-08-11 16:44:19
2143,12,159,41,79.5,1.64,2026-08-11 16:55:19
2144,12,187,13,93.5,1.75,2026-08-11 17:06:19
2145,2,184,16,92.0,1.74,2026-08-11 17:17:19
2146,2,166,34,83.0,1.66,2026-08-11 17:28:19
2147,10,145,55,72.5,1.58,2026-08-11 17:39:19
2148,10,138,62,69.0,1.55,2026-08-11 17:50:19
2149,1,185,15,92.5,1.74,2026-08-11 18:01:19
2150,13,200,0,100.0,1.8,2026-08-11 18:12:19
2151,13,170,30,85.0,1.68,2026-08-11 18:23:19
2152,12,180,20,90.0,1.72,2026-08-11 18:34:19
2153,1,199,1,99.5,1.8,2026-08-11 18:45:19
2154,1,162,38,81.0,1.65,2026-08-11 18:56:19
2155,10,43,157,21.5,1.17,2026-08-11 19:07:19
2156,12,30,170,15.0,1.12,2026-08-11 19:18:19
2157,10,77,123,38.5,1.31,2026-08-11 19:29:19
2158,13,38,162,19.0,1.15,2026-08-11 19:40:19
2159,5,57,143,28.5,1.23,2026-08-11 19:51:19
2160,14,96,104,48.0,1.38,2026-08-11 20:02:19
2161,7,82,118,41.0,1.33,2026-08-11 20:13:19
2162,12,60,140,30.0,1.24,2026-08-11 20:24:19
2163,9,44,156,22.0,1.18,2026-08-11 20:35:19
2164,14,76,124,38.0,1.3,2026-08-11 20:46:19
2165,15,51,149,25.5,1.2,2026-08-11 20:57:19
2166,13,60,140,30.0,1.24,2026-08-11 21:08:19
2167,15,29,171,14.5,1.12,2026-08-11 21:19:19
2168,12,56,144,28.0,1.22,2026-08-11 21:30:19
2169,13,62,138,31.0,1.25,2026-08-11 21:41:19
2170,7,64,136,32.0,1.26,2026-08-11 21:52:19
2171,9,65,135,32.5,1.26,2026-08-11 22:03:19
2172,13,96,104,48.0,1.38,2026-08-11 22:14:19
2173,13,70,130,35.0,1.28,2026-08-11 22:25:19
2174,13,66,134,33.0,1.26,2026-08-11 22:36:19
2175,7,84,116,42.0,1.34,2026-08-11 22:47:19
2176,10,61,139,30.5,1.24,2026-08-11 22:58:19
2177,6,32,168,16.0,1.13,2026-08-11 23:09:19
2178,6,52,148,26.0,1.21,2026-08-11 23:20:19
2179,2,88,112,44.0,1.35,2026-08-11 23:31:19
2180,2,76,124,38.0,1.3,2026-08-11 23:42:19
2181,2,42,158,21.0,1.17,2026-08-11 23:53:19
2182,7,40,160,20.0,1.16,2026-08-12 00:04:19
2183,7,69,131,34.5,1.28,2026-08-12 00:15:19
2184,12,56,144,28.0,1.22,2026-08-12 00:26:19
2185,12,73,127,36.5,1.29,2026-08-12 00:37:19
2186,4,44,156,22.0,1.18,2026-08-12 00:48:19
2187,8,67,133,33.5,1.27,2026-08-12 00:59:19
2188,3,70,130,35.0,1.28,2026-08-12 01:10:19
2189,15,34,166,17.0,1.14,2026-08-12 01:21:19
2190,10,45,155,22.5,1.18,2026-08-12 01:32:19
2191,12,96,104,48.0,1.38,2026-08-12 01:43:19
2192,7,69,131,34.5,1.28,2026-08-12 01:54:19
2193,12,44,156,22.0,1.18,2026-08-12 02:05:19
2194,10,16,184,8.0,1.06,2026-08-12 02:16:19
2195,6,69,131,34.5,1.28,2026-08-12 02:27:19
2196,4,108,92,54.0,1.43,2026-08-12 02:38:19
2197,15,24,176,12.0,1.1,2026-08-12 02:49:19
2198,2,53,147,26.5,1.21,2026-08-12 03:00:19
2199,4,51,149,25.5,1.2,2026-08-12 03:11:19
2200,3,46,154,23.0,1.18,2026-08-12 03:22:19
2201,5,79,121,39.5,1.32,2026-08-12 03:33:19
2202,6,78,122,39.0,1.31,2026-08-12 03:44:19
2203,14,44,156,22.0,1.18,2026-08-12 03:55:19
2204,7,60,140,30.0,1.24,2026-08-12 04:06:19
2205,3,82,118,41.0,1.33,2026-08-12 04:17:19
2206,15,55,145,27.5,1.22,2026-08-12 04:28:19
2207,3,76,124,38.0,1.3,2026-08-12 04:39:19
2208,2,73,127,36.5,1.29,2026-08-12 04:50:19
2209,14,52,148,26.0,1.21,2026-08-12 05:01:19
2210,4,58,142,29.0,1.23,2026-08-12 05:12:19
2211,10,90,110,45.0,1.36,2026-08-12 05:23:19
2212,14,69,131,34.5,1.28,2026-08-12 05:34:19
2213,5,49,151,24.5,1.2,2026-08-12 05:45:19
2214,3,86,114,43.0,1.34,2026-08-12 05:56:19
2215,3,58,142,29.0,1.23,2026-08-12 06:07:19
2216,4,87,113,43.5,1.35,2026-08-12 06:18:19
2217,6,77,123,38.5,1.31,2026-08-12 06:29:19
2218,3,78,122,39.0,1.31,2026-08-12 06:40:19
2219,6,27,173,13.5,1.11,2026-08-12 06:51:19
2220,4,84,116,42.0,1.34,2026-08-12 07:02:19
2221,14,56,144,28.0,1.22,2026-08-12 07:13:19
2222,1,76,124,38.0,1.3,2026-08-12 07:24:19
2223,9,69,131,34.5,1.28,2026-08-12 07:35:19
2224,8,60,140,30.0,1.24,2026-08-12 07:46:19
2225,5,86,114,43.0,1.34,2026-08-12 07:57:19
2226,12,62,138,31.0,1.25,2026-08-12 08:08:19
2227,2,63,137,31.5,1.25,2026-08-12 08:19:19
2228,7,47,153,23.5,1.19,2026-08-12 08:30:19
2229,14,44,156,22.0,1.18,2026-08-12 08:41:19
2230,3,85,115,42.5,1.34,2026-08-12 08:52:19
2231,8,182,18,91.0,1.73,2026-08-12 09:03:19
2232,1,189,11,94.5,1.76,2026-08-12 09:14:19
2233,13,193,7,96.5,1.77,2026-08-12 09:25:19
2234,4,170,30,85.0,1.68,2026-08-12 09:36:19
2235,2,172,28,86.0,1.69,2026-08-12 09:47:19
2236,15,183,17,91.5,1.73,2026-08-12 09:58:19
2237,2,145,55,72.5,1.58,2026-08-12 10:09:19
2238,9,168,32,84.0,1.67,2026-08-12 10:20:19
2239,14,163,37,81.5,1.65,2026-08-12 10:31:19
2240,7,200,0,100.0,1.8,2026-08-12 10:42:19
2241,11,168,32,84.0,1.67,2026-08-12 10:53:19
2242,3,194,6,97.0,1.78,2026-08-12 11:04:19
2243,5,182,18,91.0,1.73,2026-08-12 11:15:19
2244,2,126,74,63.0,1.5,2026-08-12 11:26:19
2245,3,200,0,100.0,1.8,2026-08-12 11:37:19
2246,9,168,32,84.0,1.67,2026-08-12 11:48:19
2247,11,156,44,78.0,1.62,2026-08-12 11:59:19
2248,6,173,27,86.5,1.69,2026-08-12 12:10:19
2249,8,186,14,93.0,1.74,2026-08-12 12:21:19
2250,3,135,65,67.5,1.54,2026-08-12 12:32:19
2251,12,177,23,88.5,1.71,2026-08-12 12:43:19
2252,1,134,66,67.0,1.54,2026-08-12 12:54:19
2253,15,177,23,88.5,1.71,2026-08-12 13:05:19
2254,10,146,54,73.0,1.58,2026-08-12 13:16:19
2255,5,170,30,85.0,1.68,2026-08-12 13:27:19
2256,13,200,0,100.0,1.8,2026-08-12 13:38:19
2257,4,155,45,77.5,1.62,2026-08-12 13:49:19
2258,3,172,28,86.0,1.69,2026-08-12 14:00:19
2259,9,194,6,97.0,1.78,2026-08-12 14:11:19
2260,14,163,37,81.5,1.65,2026-08-12 14:22:19
2261,12,161,39,80.5,1.64,2026-08-12 14:33:19
2262,6,200,0,100.0,1.8,2026-08-12 14:44:19
2263,15,148,52,74.0,1.59,2026-08-12 14:55:19
2264,12,162,38,81.0,1.65,2026-08-12 15:06:19
2265,3,158,42,79.0,1.63,2026-08-12 15:17:19
2266,11,155,45,77.5,1.62,2026-08-12 15:28:19
2267,13,198,2,99.0,1.79,2026-08-12 15:39:19
2268,7,161,39,80.5,1.64,2026-08-12 15:50:19
2269,15,144,56,72.0,1.58,2026-08-12 16:01:19
2270,3,190,10,95.0,1.76,2026-08-12 16:12:19
2271,9,169,31,84.5,1.68,2026-08-12 16:23:19
2272,14,166,34,83.0,1.66,2026-08-12 16:34:19
2273,2,200,0,100.0,1.8,2026-08-12 16:45:19
2274,8,161,39,80.5,1.64,2026-08-12 16:56:19
2275,11,186,14,93.0,1.74,2026-08-12 17:07:19
2276,2,165,35,82.5,1.66,2026-08-12 17:18:19
2277,2,133,67,66.5,1.53,2026-08-12 17:29:19
2278,15,172,28,86.0,1.69,2026-08-12 17:40:19
2279,11,134,66,67.0,1.54,2026-08-12 17:51:19
2280,15,184,16,92.0,1.74,2026-08-12 18:02:19
2281,3,150,50,75.0,1.6,2026-08-12 18:13:19
2282,3,200,0,100.0,1.8,2026-08-12 18:24:19
2283,14,200,0,100.0,1.8,2026-08-12 18:35:19
2284,13,137,63,68.5,1.55,2026-08-12 18:46:19
2285,15,178,22,89.0,1.71,2026-08-12 18:57:19
2286,13,70,130,35.0,1.28,2026-08-12 19:08:19
2287,7,79,121,39.5,1.32,2026-08-12 19:19:19
2288,2,67,133,33.5,1.27,2026-08-12 19:30:19
2289,9,107,93,53.5,1.43,2026-08-12 19:41:19
2290,15,81,119,40.5,1.32,2026-08-12 19:52:19
2291,5,70,130,35.0,1.28,2026-08-12 20:03:19
2292,5,43,157,21.5,1.17,2026-08-12 20:14:19
2293,2,43,157,21.5,1.17,2026-08-12 20:25:19
2294,8,46,154,23.0,1.18,2026-08-12 20:36:19
2295,6,95,105,47.5,1.38,2026-08-12 20:47:19
2296,5,44,156,22.0,1.18,2026-08-12 20:58:19
2297,4,47,153,23.5,1.19,2026-08-12 21:09:19
2298,7,67,133,33.5,1.27,2026-08-12 21:20:19
2299,4,44,156,22.0,1.18,2026-08-12 21:31:19
2300,2,63,137,31.5,1.25,2026-08-12 21:42:19
2301,5,56,144,28.0,1.22,2026-08-12 21:53:19
2302,3,57,143,28.5,1.23,2026-08-12 22:04:19
2303,7,67,133,33.5,1.27,2026-08-12 22:15:19
2304,5,48,152,24.0,1.19,2026-08-12 22:26:19
2305,4,37,163,18.5,1.15,2026-08-12 22:37:19
2306,14,51,149,25.5,1.2,2026-08-12 22:48:19
2307,7,46,154,23.0,1.18,2026-08-12 22:59:19
2308,5,23,177,11.5,1.09,2026-08-12 23:10:19
2309,2,96,104,48.0,1.38,2026-08-12 23:21:19
2310,6,94,106,47.0,1.38,2026-08-12 23:32:19
2311,1,45,155,22.5,1.18,2026-08-12 23:43:19
2312,7,67,133,33.5,1.27,2026-08-12 23:54:19
2313,7,65,135,32.5,1.26,2026-08-13 00:05:19
2314,14,86,114,43.0,1.34,2026-08-13 00:16:19
2315,11,32,168,16.0,1.13,2026-08-13 00:27:19
2316,12,73,127,36.5,1.29,2026-08-13 00:38:19
2317,7,65,135,32.5,1.26,2026-08-13 00:49:19
2318,7,74,126,37.0,1.3,2026-08-13 01:00:19
2319,9,79,121,39.5,1.32,2026-08-13 01:11:19
2320,3,98,102,49.0,1.39,2026-08-13 01:22:19
2321,3,54,146,27.0,1.22,2026-08-13 01:33:19
2322,12,73,127,36.5,1.29,2026-08-13 01:44:19
2323,8,71,129,35.5,1.28,2026-08-13 01:55:19
2324,13,33,167,16.5,1.13,2026-08-13 02:06:19
2325,5,60,140,30.0,1.24,2026-08-13 02:17:19
2326,7,69,131,34.5,1.28,2026-08-13 02:28:19
2327,5,85,115,42.5,1.34,2026-08-13 02:39:19
2328,6,74,126,37.0,1.3,2026-08-13 02:50:19
2329,3,75,125,37.5,1.3,2026-08-13 03:01:19
2330,8,64,136,32.0,1.26,2026-08-13 03:12:19
2331,3,35,165,17.5,1.14,2026-08-13 03:23:19
2332,4,21,179,10.5,1.08,2026-08-13 03:34:19
2333,12,68,132,34.0,1.27,2026-08-13 03:45:19
2334,13,42,158,21.0,1.17,2026-08-13 03:56:19
2335,12,45,155,22.5,1.18,2026-08-13 04:07:19
2336,5,79,121,39.5,1.32,2026-08-13 04:18:19
2337,14,69,131,34.5,1.28,2026-08-13 04:29:19
2338,8,22,178,11.0,1.09,2026-08-13 04:40:19
2339,5,35,165,17.5,1.14,2026-08-13 04:51:19
2340,7,37,163,18.5,1.15,2026-08-13 05:02:19
2341,9,48,152,24.0,1.19,2026-08-13 05:13:19
2342,15,56,144,28.0,1.22,2026-08-13 05:24:19
2343,14,89,111,44.5,1.36,2026-08-13 05:35:19
2344,5,24,176,12.0,1.1,2026-08-13 05:46:19
2345,8,73,127,36.5,1.29,2026-08-13 05:57:19
2346,6,95,105,47.5,1.38,2026-08-13 06:08:19
2347,11,41,159,20.5,1.16,2026-08-13 06:19:19
2348,6,85,115,42.5,1.34,2026-08-13 06:30:19
2349,4,94,106,47.0,1.38,2026-08-13 06:41:19
2350,13,10,190,5.0,1.04,2026-08-13 06:52:19
2351,10,76,124,38.0,1.3,2026-08-13 07:03:19
2352,11,59,141,29.5,1.24,2026-08-13 07:14:19
2353,15,5,195,2.5,1.02,2026-08-13 07:25:19
2354,6,75,125,37.5,1.3,2026-08-13 07:36:19
2355,6,64,136,32.0,1.26,2026-08-13 07:47:19
2356,15,57,143,28.5,1.23,2026-08-13 07:58:19
2357,4,81,119,40.5,1.32,2026-08-13 08:09:19
2358,6,55,145,27.5,1.22,2026-08-13 08:20:19
2359,7,73,127,36.5,1.29,2026-08-13 08:31:19
2360,8,83,117,41.5,1.33,2026-08-13 08:42:19
2361,15,78,122,39.0,1.31,2026-08-13 08:53:19
2362,13,200,0,100.0,1.8,2026-08-13 09:04:19
2363,8,189,11,94.5,1.76,2026-08-13 09:15:19
2364,1,180,20,90.0,1.72,2026-08-13 09:26:19
2365,15,172,28,86.0,1.69,2026-08-13 09:37:19
2366,10,162,38,81.0,1.65,2026-08-13 09:48:19
2367,2,141,59,70.5,1.56,2026-08-13 09:59:19
2368,10,180,20,90.0,1.72,2026-08-13 10:10:19
2369,3,148,52,74.0,1.59,2026-08-13 10:21:19
2370,11,181,19,90.5,1.72,2026-08-13 10:32:19
2371,11,157,43,78.5,1.63,2026-08-13 10:43:19
2372,7,175,25,87.5,1.7,2026-08-13 10:54:19
2373,9,156,44,78.0,1.62,2026-08-13 11:05:19
2374,15,200,0,100.0,1.8,2026-08-13 11:16:19
2375,7,142,58,71.0,1.57,2026-08-13 11:27:19
2376,2,127,73,63.5,1.51,2026-08-13 11:38:19
2377,7,193,7,96.5,1.77,2026-08-13 11:49:19
2378,5,168,32,84.0,1.67,2026-08-13 12:00:19
2379,5,188,12,94.0,1.75,2026-08-13 12:11:19
2380,12,149,51,74.5,1.6,2026-08-13 12:22:19
2381,2,137,63,68.5,1.55,2026-08-13 12:33:19
2382,7,194,6,97.0,1.78,2026-08-13 12:44:19
2383,4,151,49,75.5,1.6,2026-08-13 12:55:19
2384,5,177,23,88.5,1.71,2026-08-13 13:06:19
2385,10,168,32,84.0,1.67,2026-08-13 13:17:19
2386,7,191,9,95.5,1.76,2026-08-13 13:28:19
2387,14,177,23,88.5,1.71,2026-08-13 13:39:19
2388,7,146,54,73.0,1.58,2026-08-13 13:50:19
2389,10,190,10,95.0,1.76,2026-08-13 14:01:19
2390,8,128,72,64.0,1.51,2026-08-13 14:12:19
2391,8,200,0,100.0,1.8,2026-08-13 14:23:19
2392,1,172,28,86.0,1.69,2026-08-13 14:34:19
2393,11,166,34,83.0,1.66,2026-08-13 14:45:19
2394,8,156,44,78.0,1.62,2026-08-13 14:56:19
2395,4,185,15,92.5,1.74,2026-08-13 15:07:19
2396,5,138,62,69.0,1.55,2026-08-13 15:18:19
2397,14,200,0,100.0,1.8,2026-08-13 15:29:19
2398,10,176,24,88.0,1.7,2026-08-13 15:40:19
2399,7,191,9,95.5,1.76,2026-08-13 15:51:19
2400,13,190,10,95.0,1.76,2026-08-13 16:02:19
2401,10,175,25,87.5,1.7,2026-08-13 16:13:19
2402,6,184,16,92.0,1.74,2026-08-13 16:24:19
2403,3,153,47,76.5,1.61,2026-08-13 16:35:19
2404,13,143,57,71.5,1.57,2026-08-13 16:46:19
2405,14,143,57,71.5,1.57,2026-08-13 16:57:19
2406,4,170,30,85.0,1.68,2026-08-13 17:08:19
2407,3,175,25,87.5,1.7,2026-08-13 17:19:19
2408,8,181,19,90.5,1.72,2026-08-13 17:30:19
2409,2,174,26,87.0,1.7,2026-08-13 17:41:19
2410,13,148,52,74.0,1.59,2026-08-13 17:52:19
2411,12,154,46,77.0,1.62,2026-08-13 18:03:19
2412,1,161,39,80.5,1.64,2026-08-13 18:14:19
2413,11,168,32,84.0,1.67,2026-08-13 18:25:19
2414,14,186,14,93.0,1.74,2026-08-13 18:36:19
2415,13,148,52,74.0,1.59,2026-08-13 18:47:19
2416,13,165,35,82.5,1.66,2026-08-13 18:58:19
2417,13,36,164,18.0,1.14,2026-08-13 19:09:19
2418,11,32,168,16.0,1.13,2026-08-13 19:20:19
2419,9,33,167,16.5,1.13,2026-08-13 19:31:19
2420,10,72,128,36.0,1.29,2026-08-13 19:42:19
2421,15,39,161,19.5,1.16,2026-08-13 19:53:19
2422,5,68,132,34.0,1.27,2026-08-13 20:04:19
2423,11,56,144,28.0,1.22,2026-08-13 20:15:19
2424,6,69,131,34.5,1.28,2026-08-13 20:26:19
2425,9,87,113,43.5,1.35,2026-08-13 20:37:19
2426,6,66,134,33.0,1.26,2026-08-13 20:48:19
2427,7,99,101,49.5,1.4,2026-08-13 20:59:19
2428,11,51,149,25.5,1.2,2026-08-13 21:10:19
2429,6,64,136,32.0,1.26,2026-08-13 21:21:19
2430,3,71,129,35.5,1.28,2026-08-13 21:32:19
2431,9,40,160,20.0,1.16,2026-08-13 21:43:19
2432,3,129,71,64.5,1.52,2026-08-13 21:54:19
2433,3,65,135,32.5,1.26,2026-08-13 22:05:19
2434,2,67,133,33.5,1.27,2026-08-13 22:16:19
2435,6,38,162,19.0,1.15,2026-08-13 22:27:19
2436,15,76,124,38.0,1.3,2026-08-13 22:38:19
2437,5,80,120,40.0,1.32,2026-08-13 22:49:19
2438,7,61,139,30.5,1.24,2026-08-13 23:00:19
2439,9,63,137,31.5,1.25,2026-08-13 23:11:19
2440,6,64,136,32.0,1.26,2026-08-13 23:22:19
2441,1,70,130,35.0,1.28,2026-08-13 23:33:19
2442,5,26,174,13.0,1.1,2026-08-13 23:44:19
2443,8,60,140,30.0,1.24,2026-08-13 23:55:19
2444,4,64,136,32.0,1.26,2026-08-14 00:06:19
2445,9,76,124,38.0,1.3,2026-08-14 00:17:19
2446,2,55,145,27.5,1.22,2026-08-14 00:28:19
2447,3,45,155,22.5,1.18,2026-08-14 00:39:19
2448,8,56,144,28.0,1.22,2026-08-14 00:50:19
2449,3,51,149,25.5,1.2,2026-08-14 01:01:19
2450,7,40,160,20.0,1.16,2026-08-14 01:12:19
2451,5,81,119,40.5,1.32,2026-08-14 01:23:19
2452,2,74,126,37.0,1.3,2026-08-14 01:34:19
2453,11,59,141,29.5,1.24,2026-08-14 01:45:19
2454,6,64,136,32.0,1.26,2026-08-14 01:56:19
2455,12,64,136,32.0,1.26,2026-08-14 02:07:19
2456,15,37,163,18.5,1.15,2026-08-14 02:18:19
2457,6,61,139,30.5,1.24,2026-08-14 02:29:19
2458,15,76,124,38.0,1.3,2026-08-14 02:40:19
2459,6,77,123,38.5,1.31,2026-08-14 02:51:19
2460,12,14,186,7.0,1.06,2026-08-14 03:02:19
2461,2,82,118,41.0,1.33,2026-08-14 03:13:19
2462,4,39,161,19.5,1.16,2026-08-14 03:24:19
2463,1,56,144,28.0,1.22,2026-08-14 03:35:19
2464,7,34,166,17.0,1.14,2026-08-14 03:46:19
2465,10,46,154,23.0,1.18,2026-08-14 03:57:19
2466,4,51,149,25.5,1.2,2026-08-14 04:08:19
2467,12,75,125,37.5,1.3,2026-08-14 04:19:19
2468,14,68,132,34.0,1.27,2026-08-14 04:30:19
2469,5,84,116,42.0,1.34,2026-08-14 04:41:19
2470,10,85,115,42.5,1.34,2026-08-14 04:52:19
2471,15,17,183,8.5,1.07,2026-08-14 05:03:19
2472,11,41,159,20.5,1.16,2026-08-14 05:14:19
2473,11,90,110,45.0,1.36,2026-08-14 05:25:19
2474,5,69,131,34.5,1.28,2026-08-14 05:36:19
2475,15,41,159,20.5,1.16,2026-08-14 05:47:19
2476,4,49,151,24.5,1.2,2026-08-14 05:58:19
2477,13,78,122,39.0,1.31,2026-08-14 06:09:19
2478,5,65,135,32.5,1.26,2026-08-14 06:20:19
2479,15,33,167,16.5,1.13,2026-08-14 06:31:19
2480,6,75,125,37.5,1.3,2026-08-14 06:42:19
2481,1,51,149,25.5,1.2,2026-08-14 06:53:19
2482,2,65,135,32.5,1.26,2026-08-14 07:04:19
2483,11,38,162,19.0,1.15,2026-08-14 07:15:19
2484,13,30,170,15.0,1.12,2026-08-14 07:26:19
2485,12,15,185,7.5,1.06,2026-08-14 07:37:19
2486,10,67,133,33.5,1.27,2026-08-14 07:48:19
2487,6,28,172,14.0,1.11,2026-08-14 07:59:19
2488,5,50,150,25.0,1.2,2026-08-14 08:10:19
2489,2,71,129,35.5,1.28,2026-08-14 08:21:19
2490,12,38,162,19.0,1.15,2026-08-14 08:32:19
2491,11,46,154,23.0,1.18,2026-08-14 08:43:19
2492,7,25,175,12.5,1.1,2026-08-14 08:54:19
2493,7,182,18,91.0,1.73,2026-08-14 09:05:19
2494,9,171,29,85.5,1.68,2026-08-14 09:16:19
2495,15,186,14,93.0,1.74,2026-08-14 09:27:19
2496,13,168,32,84.0,1.67,2026-08-14 09:38:19
2497,8,190,10,95.0,1.76,2026-08-14 09:49:19
2498,12,158,42,79.0,1.63,2026-08-14 10:00:19
2499,7,149,51,74.5,1.6,2026-08-14 10:11:19
2500,2,146,54,73.0,1.58,2026-08-14 10:22:19
2501,9,164,36,82.0,1.66,2026-08-14 10:33:19
2502,15,140,60,70.0,1.56,2026-08-14 10:44:19
2503,9,167,33,83.5,1.67,2026-08-14 10:55:19
2504,6,125,75,62.5,1.5,2026-08-14 11:06:19
2505,5,176,24,88.0,1.7,2026-08-14 11:17:19
2506,3,165,35,82.5,1.66,2026-08-14 11:28:19
2507,1,191,9,95.5,1.76,2026-08-14 11:39:19
2508,6,168,32,84.0,1.67,2026-08-14 11:50:19
2509,2,140,60,70.0,1.56,2026-08-14 12:01:19
2510,8,159,41,79.5,1.64,2026-08-14 12:12:19
2511,9,181,19,90.5,1.72,2026-08-14 12:23:19
2512,5,141,59,70.5,1.56,2026-08-14 12:34:19
2513,6,186,14,93.0,1.74,2026-08-14 12:45:19
2514,6,141,59,70.5,1.56,2026-08-14 12:56:19
2515,8,158,42,79.0,1.63,2026-08-14 13:07:19
2516,1,163,37,81.5,1.65,2026-08-14 13:18:19
2517,14,189,11,94.5,1.76,2026-08-14 13:29:19
2518,5,155,45,77.5,1.62,2026-08-14 13:40:19
2519,14,148,52,74.0,1.59,2026-08-14 13:51:19
2520,11,179,21,89.5,1.72,2026-08-14 14:02:19
2521,5,124,76,62.0,1.5,2026-08-14 14:13:19
2522,3,172,28,86.0,1.69,2026-08-14 14:24:19
2523,7,153,47,76.5,1.61,2026-08-14 14:35:19
2524,11,179,21,89.5,1.72,2026-08-14 14:46:19
2525,15,191,9,95.5,1.76,2026-08-14 14:57:19
2526,15,182,18,91.0,1.73,2026-08-14 15:08:19
2527,2,166,34,83.0,1.66,2026-08-14 15:19:19
2528,13,157,43,78.5,1.63,2026-08-14 15:30:19
2529,5,195,5,97.5,1.78,2026-08-14 15:41:19
2530,12,181,19,90.5,1.72,2026-08-14 15:52:19
2531,5,182,18,91.0,1.73,2026-08-14 16:03:19
2532,11,171,29,85.5,1.68,2026-08-14 16:14:19
2533,10,170,30,85.0,1.68,2026-08-14 16:25:19
2534,3,167,33,83.5,1.67,2026-08-14 16:36:19
2535,15,184,16,92.0,1.74,2026-08-14 16:47:19
2536,5,152,48,76.0,1.61,2026-08-14 16:58:19
2537,9,177,23,88.5,1.71,2026-08-14 17:09:19
2538,6,182,18,91.0,1.73,2026-08-14 17:20:19
2539,6,160,40,80.0,1.64,2026-08-14 17:31:19
2540,7,166,34,83.0,1.66,2026-08-14 17:42:19
2541,9,158,42,79.0,1.63,2026-08-14 17:53:19
2542,1,176,24,88.0,1.7,2026-08-14 18:04:19
2543,5,179,21,89.5,1.72,2026-08-14 18:15:19
2544,8,165,35,82.5,1.66,2026-08-14 18:26:19
2545,9,163,37,81.5,1.65,2026-08-14 18:37:19
2546,11,200,0,100.0,1.8,2026-08-14 18:48:19
2547,11,176,24,88.0,1.7,2026-08-14 18:59:19
2548,13,52,148,26.0,1.21,2026-08-14 19:10:19
2549,12,107,93,53.5,1.43,2026-08-14 19:21:19
2550,3,92,108,46.0,1.37,2026-08-14 19:32:19
2551,9,45,155,22.5,1.18,2026-08-14 19:43:19
2552,15,41,159,20.5,1.16,2026-08-14 19:54:19
2553,11,53,147,26.5,1.21,2026-08-14 20:05:19
2554,1,57,143,28.5,1.23,2026-08-14 20:16:19
2555,14,52,148,26.0,1.21,2026-08-14 20:27:19
2556,4,73,127,36.5,1.29,2026-08-14 20:38:19
2557,4,72,128,36.0,1.29,2026-08-14 20:49:19
2558,15,84,116,42.0,1.34,2026-08-14 21:00:19
2559,6,45,155,22.5,1.18,2026-08-14 21:11:19
2560,1,21,179,10.5,1.08,2026-08-14 21:22:19
2561,6,91,109,45.5,1.36,2026-08-14 21:33:19
2562,5,49,151,24.5,1.2,2026-08-14 21:44:19
2563,12,42,158,21.0,1.17,2026-08-14 21:55:19
2564,12,31,169,15.5,1.12,2026-08-14 22:06:19
2565,1,61,139,30.5,1.24,2026-08-14 22:17:19
2566,13,74,126,37.0,1.3,2026-08-14 22:28:19
2567,1,50,150,25.0,1.2,2026-08-14 22:39:19
2568,13,50,150,25.0,1.2,2026-08-14 22:50:19
2569,15,62,138,31.0,1.25,2026-08-14 23:01:19
2570,12,51,149,25.5,1.2,2026-08-14 23:12:19
2571,14,63,137,31.5,1.25,2026-08-14 23:23:19
2572,5,37,163,18.5,1.15,2026-08-14 23:34:19
2573,14,80,120,40.0,1.32,2026-08-14 23:45:19
2574,10,70,130,35.0,1.28,2026-08-14 23:56:19
2575,2,45,155,22.5,1.18,2026-08-15 00:07:19
2576,5,33,167,16.5,1.13,2026-08-15 00:18:19
2577,12,61,139,30.5,1.24,2026-08-15 00:29:19
2578,5,36,164,18.0,1.14,2026-08-15 00:40:19
2579,12,43,157,21.5,1.17,2026-08-15 00:51:19
2580,6,61,139,30.5,1.24,2026-08-15 01:02:19
2581,4,57,143,28.5,1.23,2026-08-15 01:13:19
2582,3,41,159,20.5,1.16,2026-08-15 01:24:19
2583,11,92,108,46.0,1.37,2026-08-15 01:35:19
2584,4,48,152,24.0,1.19,2026-08-15 01:46:19
2585,14,54,146,27.0,1.22,2026-08-15 01:57:19
2586,7,57,143,28.5,1.23,2026-08-15 02:08:19
2587,15,42,158,21.0,1.17,2026-08-15 02:19:19
2588,13,47,153,23.5,1.19,2026-08-15 02:30:19
2589,5,47,153,23.5,1.19,2026-08-15 02:41:19
2590,4,45,155,22.5,1.18,2026-08-15 02:52:19
2591,7,60,140,30.0,1.24,2026-08-15 03:03:19
2592,8,66,134,33.0,1.26,2026-08-15 03:14:19
2593,5,21,179,10.5,1.08,2026-08-15 03:25:19
2594,7,27,173,13.5,1.11,2026-08-15 03:36:19
2595,8,52,148,26.0,1.21,2026-08-15 03:47:19
2596,1,86,114,43.0,1.34,2026-08-15 03:58:19
2597,14,65,135,32.5,1.26,2026-08-15 04:09:19
2598,13,29,171,14.5,1.12,2026-08-15 04:20:19
2599,6,80,120,40.0,1.32,2026-08-15 04:31:19
2600,11,79,121,39.5,1.32,2026-08-15 04:42:19
2601,1,45,155,22.5,1.18,2026-08-15 04:53:19
2602,15,60,140,30.0,1.24,2026-08-15 05:04:19
2603,2,66,134,33.0,1.26,2026-08-15 05:15:19
2604,9,60,140,30.0,1.24,2026-08-15 05:26:19
2605,11,38,162,19.0,1.15,2026-08-15 05:37:19
2606,15,76,124,38.0,1.3,2026-08-15 05:48:19
2607,13,66,134,33.0,1.26,2026-08-15 05:59:19
2608,13,63,137,31.5,1.25,2026-08-15 06:10:19
2609,11,54,146,27.0,1.22,2026-08-15 06:21:19
2610,9,50,150,25.0,1.2,2026-08-15 06:32:19
2611,1,51,149,25.5,1.2,2026-08-15 06:43:19
2612,1,76,124,38.0,1.3,2026-08-15 06:54:19
2613,12,53,147,26.5,1.21,2026-08-15 07:05:19
2614,14,39,161,19.5,1.16,2026-08-15 07:16:19
2615,5,31,169,15.5,1.12,2026-08-15 07:27:19
2616,12,72,128,36.0,1.29,2026-08-15 07:38:19
2617,1,89,111,44.5,1.36,2026-08-15 07:49:19
2618,4,86,114,43.0,1.34,2026-08-15 08:00:19
2619,14,63,137,31.5,1.25,2026-08-15 08:11:19
2620,12,87,113,43.5,1.35,2026-08-15 08:22:19
2621,10,47,153,23.5,1.19,2026-08-15 08:33:19
2622,3,65,135,32.5,1.26,2026-08-15 08:44:19
2623,1,66,134,33.0,1.26,2026-08-15 08:55:19
2624,11,183,17,91.5,1.73,2026-08-15 09:06:19
2625,6,172,28,86.0,1.69,2026-08-15 09:17:19
2626,5,151,49,75.5,1.6,2026-08-15 09:28:19
2627,1,155,45,77.5,1.62,2026-08-15 09:39:19
2628,10,200,0,100.0,1.8,2026-08-15 09:50:19
2629,1,144,56,72.0,1.58,2026-08-15 10:01:19
2630,8,166,34,83.0,1.66,2026-08-15 10:12:19
2631,8,181,19,90.5,1.72,2026-08-15 10:23:19
2632,13,197,3,98.5,1.79,2026-08-15 10:34:19
2633,15,186,14,93.0,1.74,2026-08-15 10:45:19
2634,8,200,0,100.0,1.8,2026-08-15 10:56:19
2635,4,158,42,79.0,1.63,2026-08-15 11:07:19
2636,4,175,25,87.5,1.7,2026-08-15 11:18:19
2637,13,195,5,97.5,1.78,2026-08-15 11:29:19
2638,8,200,0,100.0,1.8,2026-08-15 11:40:19
2639,9,168,32,84.0,1.67,2026-08-15 11:51:19
2640,9,190,10,95.0,1.76,2026-08-15 12:02:19
2641,6,120,80,60.0,1.48,2026-08-15 12:13:19
2642,7,163,37,81.5,1.65,2026-08-15 12:24:19
2643,14,161,39,80.5,1.64,2026-08-15 12:35:19
2644,2,200,0,100.0,1.8,2026-08-15 12:46:19
2645,12,189,11,94.5,1.76,2026-08-15 12:57:19
2646,9,153,47,76.5,1.61,2026-08-15 13:08:19
2647,11,195,5,97.5,1.78,2026-08-15 13:19:19
2648,15,169,31,84.5,1.68,2026-08-15 13:30:19
2649,12,194,6,97.0,1.78,2026-08-15 13:41:19
2650,9,188,12,94.0,1.75,2026-08-15 13:52:19
2651,12,200,0,100.0,1.8,2026-08-15 14:03:19
2652,9,178,22,89.0,1.71,2026-08-15 14:14:19
2653,15,178,22,89.0,1.71,2026-08-15 14:25:19
2654,7,155,45,77.5,1.62,2026-08-15 14:36:19
2655,8,169,31,84.5,1.68,2026-08-15 14:47:19
2656,7,197,3,98.5,1.79,2026-08-15 14:58:19
2657,1,197,3,98.5,1.79,2026-08-15 15:09:19
2658,11,152,48,76.0,1.61,2026-08-15 15:20:19
2659,15,170,30,85.0,1.68,2026-08-15 15:31:19
2660,13,197,3,98.5,1.79,2026-08-15 15:42:19
2661,6,150,50,75.0,1.6,2026-08-15 15:53:19
2662,4,153,47,76.5,1.61,2026-08-15 16:04:19
2663,3,161,39,80.5,1.64,2026-08-15 16:15:19
2664,1,194,6,97.0,1.78,2026-08-15 16:26:19
2665,11,200,0,100.0,1.8,2026-08-15 16:37:19
2666,8,184,16,92.0,1.74,2026-08-15 16:48:19
2667,13,200,0,100.0,1.8,2026-08-15 16:59:19
2668,11,177,23,88.5,1.71,2026-08-15 17:10:19
2669,1,187,13,93.5,1.75,2026-08-15 17:21:19
2670,13,126,74,63.0,1.5,2026-08-15 17:32:19
2671,5,155,45,77.5,1.62,2026-08-15 17:43:19
2672,8,177,23,88.5,1.71,2026-08-15 17:54:19
2673,10,170,30,85.0,1.68,2026-08-15 18:05:19
2674,11,145,55,72.5,1.58,2026-08-15 18:16:19
2675,8,166,34,83.0,1.66,2026-08-15 18:27:19
2676,10,200,0,100.0,1.8,2026-08-15 18:38:19
2677,5,173,27,86.5,1.69,2026-08-15 18:49:19
2678,5,88,112,44.0,1.35,2026-08-15 19:00:19
2679,15,54,146,27.0,1.22,2026-08-15 19:11:19
2680,5,45,155,22.5,1.18,2026-08-15 19:22:19
2681,7,21,179,10.5,1.08,2026-08-15 19:33:19
2682,9,52,148,26.0,1.21,2026-08-15 19:44:19
2683,1,38,162,19.0,1.15,2026-08-15 19:55:19
2684,13,56,144,28.0,1.22,2026-08-15 20:06:19
2685,3,65,135,32.5,1.26,2026-08-15 20:17:19
2686,15,69,131,34.5,1.28,2026-08-15 20:28:19
2687,11,31,169,15.5,1.12,2026-08-15 20:39:19
2688,3,60,140,30.0,1.24,2026-08-15 20:50:19
2689,10,35,165,17.5,1.14,2026-08-15 21:01:19
2690,8,76,124,38.0,1.3,2026-08-15 21:12:19
2691,1,54,146,27.0,1.22,2026-08-15 21:23:19
2692,2,79,121,39.5,1.32,2026-08-15 21:34:19
2693,4,27,173,13.5,1.11,2026-08-15 21:45:19
2694,6,67,133,33.5,1.27,2026-08-15 21:56:19
2695,7,44,156,22.0,1.18,2026-08-15 22:07:19
2696,15,80,120,40.0,1.32,2026-08-15 22:18:19
2697,5,31,169,15.5,1.12,2026-08-15 22:29:19
2698,15,58,142,29.0,1.23,2026-08-15 22:40:19
2699,6,45,155,22.5,1.18,2026-08-15 22:51:19
2700,1,57,143,28.5,1.23,2026-08-15 23:02:19
2701,2,27,173,13.5,1.11,2026-08-15 23:13:19
2702,5,53,147,26.5,1.21,2026-08-15 23:24:19
2703,6,67,133,33.5,1.27,2026-08-15 23:35:19
2704,15,78,122,39.0,1.31,2026-08-15 23:46:19
2705,2,91,109,45.5,1.36,2026-08-15 23:57:19
2706,9,54,146,27.0,1.22,2026-08-16 00:08:19
2707,8,96,104,48.0,1.38,2026-08-16 00:19:19
2708,10,43,157,21.5,1.17,2026-08-16 00:30:19
2709,7,68,132,34.0,1.27,2026-08-16 00:41:19
2710,5,12,188,6.0,1.05,2026-08-16 00:52:19
2711,8,68,132,34.0,1.27,2026-08-16 01:03:19
2712,4,48,152,24.0,1.19,2026-08-16 01:14:19
2713,6,43,157,21.5,1.17,2026-08-16 01:25:19
2714,7,59,141,29.5,1.24,2026-08-16 01:36:19
2715,2,70,130,35.0,1.28,2026-08-16 01:47:19
2716,13,102,98,51.0,1.41,2026-08-16 01:58:19
2717,5,80,120,40.0,1.32,2026-08-16 02:09:19
2718,2,57,143,28.5,1.23,2026-08-16 02:20:19
2719,14,56,144,28.0,1.22,2026-08-16 02:31:19
2720,15,78,122,39.0,1.31,2026-08-16 02:42:19
2721,3,73,127,36.5,1.29,2026-08-16 02:53:19
2722,15,59,141,29.5,1.24,2026-08-16 03:04:19
2723,7,64,136,32.0,1.26,2026-08-16 03:15:19
2724,3,72,128,36.0,1.29,2026-08-16 03:26:19
2725,9,83,117,41.5,1.33,2026-08-16 03:37:19
2726,4,32,168,16.0,1.13,2026-08-16 03:48:19
2727,2,55,145,27.5,1.22,2026-08-16 03:59:19
2728,2,60,140,30.0,1.24,2026-08-16 04:10:19
2729,8,58,142,29.0,1.23,2026-08-16 04:21:19
2730,10,58,142,29.0,1.23,2026-08-16 04:32:19
2731,8,84,116,42.0,1.34,2026-08-16 04:43:19
2732,3,79,121,39.5,1.32,2026-08-16 04:54:19
2733,2,68,132,34.0,1.27,2026-08-16 05:05:19
2734,1,83,117,41.5,1.33,2026-08-16 05:16:19
2735,12,56,144,28.0,1.22,2026-08-16 05:27:19
2736,8,89,111,44.5,1.36,2026-08-16 05:38:19
2737,15,65,135,32.5,1.26,2026-08-16 05:49:19
2738,13,73,127,36.5,1.29,2026-08-16 06:00:19
2739,6,39,161,19.5,1.16,2026-08-16 06:11:19
2740,2,70,130,35.0,1.28,2026-08-16 06:22:19
2741,9,70,130,35.0,1.28,2026-08-16 06:33:19
2742,3,50,150,25.0,1.2,2026-08-16 06:44:19
2743,1,79,121,39.5,1.32,2026-08-16 06:55:19
2744,3,97,103,48.5,1.39,2026-08-16 07:06:19
2745,3,109,91,54.5,1.44,2026-08-16 07:17:19
2746,1,78,122,39.0,1.31,2026-08-16 07:28:19
2747,9,84,116,42.0,1.34,2026-08-16 07:39:19
2748,13,38,162,19.0,1.15,2026-08-16 07:50:19
2749,14,95,105,47.5,1.38,2026-08-16 08:01:19
2750,12,58,142,29.0,1.23,2026-08-16 08:12:19
2751,9,102,98,51.0,1.41,2026-08-16 08:23:19
2752,11,80,120,40.0,1.32,2026-08-16 08:34:19
2753,14,77,123,38.5,1.31,2026-08-16 08:45:19
2754,3,29,171,14.5,1.12,2026-08-16 08:56:19
2755,8,173,27,86.5,1.69,2026-08-16 09:07:19
2756,5,164,36,82.0,1.66,2026-08-16 09:18:19
2757,15,131,69,65.5,1.52,2026-08-16 09:29:19
2758,8,167,33,83.5,1.67,2026-08-16 09:40:19
2759,2,168,32,84.0,1.67,2026-08-16 09:51:19
2760,7,159,41,79.5,1.64,2026-08-16 10:02:19
2761,12,183,17,91.5,1.73,2026-08-16 10:13:19
2762,15,138,62,69.0,1.55,2026-08-16 10:24:19
2763,12,162,38,81.0,1.65,2026-08-16 10:35:19
2764,6,174,26,87.0,1.7,2026-08-16 10:46:19
2765,5,161,39,80.5,1.64,2026-08-16 10:57:19
2766,8,194,6,97.0,1.78,2026-08-16 11:08:19
2767,11,132,68,66.0,1.53,2026-08-16 11:19:19
2768,8,158,42,79.0,1.63,2026-08-16 11:30:19
2769,14,186,14,93.0,1.74,2026-08-16 11:41:19
2770,12,200,0,100.0,1.8,2026-08-16 11:52:19
2771,3,166,34,83.0,1.66,2026-08-16 12:03:19
2772,3,137,63,68.5,1.55,2026-08-16 12:14:19
2773,4,179,21,89.5,1.72,2026-08-16 12:25:19
2774,3,162,38,81.0,1.65,2026-08-16 12:36:19
2775,6,163,37,81.5,1.65,2026-08-16 12:47:19
2776,2,174,26,87.0,1.7,2026-08-16 12:58:19
2777,15,191,9,95.5,1.76,2026-08-16 13:09:19
2778,5,164,36,82.0,1.66,2026-08-16 13:20:19
2779,14,154,46,77.0,1.62,2026-08-16 13:31:19
2780,12,130,70,65.0,1.52,2026-08-16 13:42:19
2781,15,138,62,69.0,1.55,2026-08-16 13:53:19
2782,4,193,7,96.5,1.77,2026-08-16 14:04:19
2783,8,200,0,100.0,1.8,2026-08-16 14:15:19
2784,14,181,19,90.5,1.72,2026-08-16 14:26:19
2785,13,143,57,71.5,1.57,2026-08-16 14:37:19
2786,10,171,29,85.5,1.68,2026-08-16 14:48:19
2787,4,166,34,83.0,1.66,2026-08-16 14:59:19
2788,10,173,27,86.5,1.69,2026-08-16 15:10:19
2789,5,139,61,69.5,1.56,2026-08-16 15:21:19
2790,10,157,43,78.5,1.63,2026-08-16 15:32:19
2791,13,189,11,94.5,1.76,2026-08-16 15:43:19
2792,3,179,21,89.5,1.72,2026-08-16 15:54:19
2793,11,170,30,85.0,1.68,2026-08-16 16:05:19
2794,9,176,24,88.0,1.7,2026-08-16 16:16:19
2795,12,162,38,81.0,1.65,2026-08-16 16:27:19
2796,3,159,41,79.5,1.64,2026-08-16 16:38:19
2797,3,193,7,96.5,1.77,2026-08-16 16:49:19
2798,8,182,18,91.0,1.73,2026-08-16 17:00:19
2799,8,170,30,85.0,1.68,2026-08-16 17:11:19
2800,3,144,56,72.0,1.58,2026-08-16 17:22:19
2801,9,155,45,77.5,1.62,2026-08-16 17:33:19
2802,2,172,28,86.0,1.69,2026-08-16 17:44:19
2803,2,153,47,76.5,1.61,2026-08-16 17:55:19
2804,8,169,31,84.5,1.68,2026-08-16 18:06:19
2805,8,184,16,92.0,1.74,2026-08-16 18:17:19
2806,1,144,56,72.0,1.58,2026-08-16 18:28:19
2807,2,193,7,96.5,1.77,2026-08-16 18:39:19
2808,15,162,38,81.0,1.65,2026-08-16 18:50:19
2809,5,70,130,35.0,1.28,2026-08-16 19:01:19
2810,4,9,191,4.5,1.04,2026-08-16 19:12:19
2811,6,48,152,24.0,1.19,2026-08-16 19:23:19
2812,14,70,130,35.0,1.28,2026-08-16 19:34:19
2813,9,46,154,23.0,1.18,2026-08-16 19:45:19
2814,1,107,93,53.5,1.43,2026-08-16 19:56:19
2815,10,49,151,24.5,1.2,2026-08-16 20:07:19
2816,13,31,169,15.5,1.12,2026-08-16 20:18:19
2817,2,71,129,35.5,1.28,2026-08-16 20:29:19
2818,14,83,117,41.5,1.33,2026-08-16 20:40:19
2819,6,124,76,62.0,1.5,2026-08-16 20:51:19
2820,6,72,128,36.0,1.29,2026-08-16 21:02:19
2821,8,50,150,25.0,1.2,2026-08-16 21:13:19
2822,6,35,165,17.5,1.14,2026-08-16 21:24:19
2823,10,80,120,40.0,1.32,2026-08-16 21:35:19
2824,11,74,126,37.0,1.3,2026-08-16 21:46:19
2825,4,51,149,25.5,1.2,2026-08-16 21:57:19
2826,5,74,126,37.0,1.3,2026-08-16 22:08:19
2827,15,43,157,21.5,1.17,2026-08-16 22:19:19
2828,12,54,146,27.0,1.22,2026-08-16 22:30:19
2829,4,32,168,16.0,1.13,2026-08-16 22:41:19
2830,6,77,123,38.5,1.31,2026-08-16 22:52:19
2831,15,72,128,36.0,1.29,2026-08-16 23:03:19
2832,12,60,140,30.0,1.24,2026-08-16 23:14:19
2833,2,63,137,31.5,1.25,2026-08-16 23:25:19
2834,10,36,164,18.0,1.14,2026-08-16 23:36:19
2835,7,77,123,38.5,1.31,2026-08-16 23:47:19
2836,10,54,146,27.0,1.22,2026-08-16 23:58:19
2837,14,39,161,19.5,1.16,2026-08-17 00:09:19
2838,6,37,163,18.5,1.15,2026-08-17 00:20:19
2839,11,82,118,41.0,1.33,2026-08-17 00:31:19
2840,8,39,161,19.5,1.16,2026-08-17 00:42:19
2841,9,63,137,31.5,1.25,2026-08-17 00:53:19
2842,9,78,122,39.0,1.31,2026-08-17 01:04:19
2843,7,84,116,42.0,1.34,2026-08-17 01:15:19
2844,8,74,126,37.0,1.3,2026-08-17 01:26:19
2845,4,84,116,42.0,1.34,2026-08-17 01:37:19
2846,11,80,120,40.0,1.32,2026-08-17 01:48:19
2847,15,62,138,31.0,1.25,2026-08-17 01:59:19
2848,9,43,157,21.5,1.17,2026-08-17 02:10:19
2849,9,48,152,24.0,1.19,2026-08-17 02:21:19
2850,7,57,143,28.5,1.23,2026-08-17 02:32:19
2851,7,80,120,40.0,1.32,2026-08-17 02:43:19
2852,6,49,151,24.5,1.2,2026-08-17 02:54:19
2853,9,38,162,19.0,1.15,2026-08-17 03:05:19
2854,1,52,148,26.0,1.21,2026-08-17 03:16:19
2855,1,84,116,42.0,1.34,2026-08-17 03:27:19
2856,9,90,110,45.0,1.36,2026-08-17 03:38:19
2857,8,95,105,47.5,1.38,2026-08-17 03:49:19
2858,7,61,139,30.5,1.24,2026-08-17 04:00:19
2859,13,54,146,27.0,1.22,2026-08-17 04:11:19
2860,10,64,136,32.0,1.26,2026-08-17 04:22:19
2861,14,42,158,21.0,1.17,2026-08-17 04:33:19
2862,13,38,162,19.0,1.15,2026-08-17 04:44:19
2863,10,44,156,22.0,1.18,2026-08-17 04:55:19
2864,8,51,149,25.5,1.2,2026-08-17 05:06:19
2865,11,65,135,32.5,1.26,2026-08-17 05:17:19
2866,7,25,175,12.5,1.1,2026-08-17 05:28:19
2867,13,73,127,36.5,1.29,2026-08-17 05:39:19
2868,11,22,178,11.0,1.09,2026-08-17 05:50:19
2869,9,65,135,32.5,1.26,2026-08-17 06:01:19
2870,10,41,159,20.5,1.16,2026-08-17 06:12:19
2871,12,32,168,16.0,1.13,2026-08-17 06:23:19
2872,7,73,127,36.5,1.29,2026-08-17 06:34:19
2873,9,17,183,8.5,1.07,2026-08-17 06:45:19
2874,1,62,138,31.0,1.25,2026-08-17 06:56:19
2875,3,46,154,23.0,1.18,2026-08-17 07:07:19
2876,13,50,150,25.0,1.2,2026-08-17 07:18:19
2877,3,64,136,32.0,1.26,2026-08-17 07:29:19
2878,1,44,156,22.0,1.18,2026-08-17 07:40:19
2879,9,79,121,39.5,1.32,2026-08-17 07:51:19
2880,2,76,124,38.0,1.3,2026-08-17 08:02:19
2881,2,45,155,22.5,1.18,2026-08-17 08:13:19
2882,6,39,161,19.5,1.16,2026-08-17 08:24:19
2883,12,74,126,37.0,1.3,2026-08-17 08:35:19
2884,5,49,151,24.5,1.2,2026-08-17 08:46:19
2885,7,42,158,21.0,1.17,2026-08-17 08:57:19
2886,8,185,15,92.5,1.74,2026-08-17 09:08:19
2887,15,182,18,91.0,1.73,2026-08-17 09:19:19
2888,3,158,42,79.0,1.63,2026-08-17 09:30:19
2889,14,155,45,77.5,1.62,2026-08-17 09:41:19
2890,6,192,8,96.0,1.77,2026-08-17 09:52:19
2891,5,183,17,91.5,1.73,2026-08-17 10:03:19
2892,6,165,35,82.5,1.66,2026-08-17 10:14:19
2893,7,177,23,88.5,1.71,2026-08-17 10:25:19
2894,8,121,79,60.5,1.48,2026-08-17 10:36:19
2895,13,189,11,94.5,1.76,2026-08-17 10:47:19
2896,15,170,30,85.0,1.68,2026-08-17 10:58:19
2897,15,157,43,78.5,1.63,2026-08-17 11:09:19
2898,8,138,62,69.0,1.55,2026-08-17 11:20:19
2899,7,160,40,80.0,1.64,2026-08-17 11:31:19
2900,13,154,46,77.0,1.62,2026-08-17 11:42:19
2901,3,131,69,65.5,1.52,2026-08-17 11:53:19
2902,11,138,62,69.0,1.55,2026-08-17 12:04:19
2903,12,162,38,81.0,1.65,2026-08-17 12:15:19
2904,2,180,20,90.0,1.72,2026-08-17 12:26:19
2905,9,140,60,70.0,1.56,2026-08-17 12:37:19
2906,9,146,54,73.0,1.58,2026-08-17 12:48:19
2907,10,169,31,84.5,1.68,2026-08-17 12:59:19
2908,12,195,5,97.5,1.78,2026-08-17 13:10:19
2909,7,124,76,62.0,1.5,2026-08-17 13:21:19
2910,2,136,64,68.0,1.54,2026-08-17 13:32:19
2911,3,187,13,93.5,1.75,2026-08-17 13:43:19
2912,11,154,46,77.0,1.62,2026-08-17 13:54:19
2913,7,139,61,69.5,1.56,2026-08-17 14:05:19
2914,6,145,55,72.5,1.58,2026-08-17 14:16:19
2915,8,156,44,78.0,1.62,2026-08-17 14:27:19
2916,1,181,19,90.5,1.72,2026-08-17 14:38:19
2917,11,137,63,68.5,1.55,2026-08-17 14:49:19
2918,4,144,56,72.0,1.58,2026-08-17 15:00:19
2919,12,162,38,81.0,1.65,2026-08-17 15:11:19
2920,8,164,36,82.0,1.66,2026-08-17 15:22:19
2921,13,174,26,87.0,1.7,2026-08-17 15:33:19
2922,12,180,20,90.0,1.72,2026-08-17 15:44:19
2923,6,183,17,91.5,1.73,2026-08-17 15:55:19
2924,3,193,7,96.5,1.77,2026-08-17 16:06:19
2925,11,180,20,90.0,1.72,2026-08-17 16:17:19
2926,13,150,50,75.0,1.6,2026-08-17 16:28:19
2927,1,149,51,74.5,1.6,2026-08-17 16:39:19
2928,9,158,42,79.0,1.63,2026-08-17 16:50:19
2929,11,182,18,91.0,1.73,2026-08-17 17:01:19
2930,2,158,42,79.0,1.63,2026-08-17 17:12:19
2931,10,180,20,90.0,1.72,2026-08-17 17:23:19
2932,6,161,39,80.5,1.64,2026-08-17 17:34:19
2933,14,123,77,61.5,1.49,2026-08-17 17:45:19
2934,13,143,57,71.5,1.57,2026-08-17 17:56:19
2935,3,152,48,76.0,1.61,2026-08-17 18:07:19
2936,15,143,57,71.5,1.57,2026-08-17 18:18:19
2937,11,158,42,79.0,1.63,2026-08-17 18:29:19
2938,8,140,60,70.0,1.56,2026-08-17 18:40:19
2939,15,172,28,86.0,1.69,2026-08-17 18:51:19
2940,12,71,129,35.5,1.28,2026-08-17 19:02:19
2941,1,32,168,16.0,1.13,2026-08-17 19:13:19
2942,12,84,116,42.0,1.34,2026-08-17 19:24:19
2943,11,56,144,28.0,1.22,2026-08-17 19:35:19
2944,4,60,140,30.0,1.24,2026-08-17 19:46:19
2945,9,25,175,12.5,1.1,2026-08-17 19:57:19
2946,10,52,148,26.0,1.21,2026-08-17 20:08:19
2947,5,48,152,24.0,1.19,2026-08-17 20:19:19
2948,14,36,164,18.0,1.14,2026-08-17 20:30:19
2949,13,56,144,28.0,1.22,2026-08-17 20:41:19
2950,5,82,118,41.0,1.33,2026-08-17 20:52:19
2951,3,52,148,26.0,1.21,2026-08-17 21:03:19
2952,5,53,147,26.5,1.21,2026-08-17 21:14:19
2953,10,88,112,44.0,1.35,2026-08-17 21:25:19
2954,8,40,160,20.0,1.16,2026-08-17 21:36:19
2955,1,40,160,20.0,1.16,2026-08-17 21:47:19
2956,3,45,155,22.5,1.18,2026-08-17 21:58:19
2957,10,56,144,28.0,1.22,2026-08-17 22:09:19
2958,6,66,134,33.0,1.26,2026-08-17 22:20:19
2959,1,36,164,18.0,1.14,2026-08-17 22:31:19
2960,13,75,125,37.5,1.3,2026-08-17 22:42:19
2961,15,49,151,24.5,1.2,2026-08-17 22:53:19
2962,5,18,182,9.0,1.07,2026-08-17 23:04:19
2963,13,92,108,46.0,1.37,2026-08-17 23:15:19
2964,6,68,132,34.0,1.27,2026-08-17 23:26:19
2965,4,57,143,28.5,1.23,2026-08-17 23:37:19
2966,13,42,158,21.0,1.17,2026-08-17 23:48:19
2967,14,45,155,22.5,1.18,2026-08-17 23:59:19
2968,12,50,150,25.0,1.2,2026-08-18 00:10:19
2969,7,37,163,18.5,1.15,2026-08-18 00:21:19
2970,2,29,171,14.5,1.12,2026-08-18 00:32:19
2971,4,72,128,36.0,1.29,2026-08-18 00:43:19
2972,14,46,154,23.0,1.18,2026-08-18 00:54:19
2973,1,44,156,22.0,1.18,2026-08-18 01:05:19
2974,3,45,155,22.5,1.18,2026-08-18 01:16:19
2975,10,39,161,19.5,1.16,2026-08-18 01:27:19
2976,1,38,162,19.0,1.15,2026-08-18 01:38:19
2977,14,51,149,25.5,1.2,2026-08-18 01:49:19
2978,14,113,87,56.5,1.45,2026-08-18 02:00:19
2979,2,73,127,36.5,1.29,2026-08-18 02:11:19
2980,10,66,134,33.0,1.26,2026-08-18 02:22:19
2981,15,63,137,31.5,1.25,2026-08-18 02:33:19
2982,10,22,178,11.0,1.09,2026-08-18 02:44:19
2983,13,65,135,32.5,1.26,2026-08-18 02:55:19
2984,12,74,126,37.0,1.3,2026-08-18 03:06:19
2985,10,69,131,34.5,1.28,2026-08-18 03:17:19
2986,11,69,131,34.5,1.28,2026-08-18 03:28:19
2987,12,83,117,41.5,1.33,2026-08-18 03:39:19
2988,13,54,146,27.0,1.22,2026-08-18 03:50:19
2989,10,81,119,40.5,1.32,2026-08-18 04:01:19
2990,7,50,150,25.0,1.2,2026-08-18 04:12:19
2991,6,92,108,46.0,1.37,2026-08-18 04:23:19
2992,5,79,121,39.5,1.32,2026-08-18 04:34:19
2993,13,55,145,27.5,1.22,2026-08-18 04:45:19
2994,9,66,134,33.0,1.26,2026-08-18 04:56:19
2995,9,90,110,45.0,1.36,2026-08-18 05:07:19
2996,13,57,143,28.5,1.23,2026-08-18 05:18:19
2997,12,56,144,28.0,1.22,2026-08-18 05:29:19
2998,2,58,142,29.0,1.23,2026-08-18 05:40:19
2999,6,43,157,21.5,1.17,2026-08-18 05:51:19
3000,1,58,142,29.0,1.23,2026-08-18 06:02:19
3001,2,70,130,35.0,1.28,2026-08-18 06:13:19
3002,3,75,125,37.5,1.3,2026-08-18 06:24:19
3003,3,56,144,28.0,1.22,2026-08-18 06:35:19
3004,8,80,120,40.0,1.32,2026-08-18 06:46:19
3005,1,59,141,29.5,1.24,2026-08-18 06:57:19
3006,10,67,133,33.5,1.27,2026-08-18 07:08:19
3007,15,62,138,31.0,1.25,2026-08-18 07:19:19
3008,12,25,175,12.5,1.1,2026-08-18 07:30:19
3009,6,52,148,26.0,1.21,2026-08-18 07:41:19
3010,6,63,137,31.5,1.25,2026-08-18 07:52:19
3011,2,66,134,33.0,1.26,2026-08-18 08:03:19
3012,3,19,181,9.5,1.08,2026-08-18 08:14:19
3013,3,60,140,30.0,1.24,2026-08-18 08:25:19
3014,6,51,149,25.5,1.2,2026-08-18 08:36:19
3015,13,35,165,17.5,1.14,2026-08-18 08:47:19
3016,15,59,141,29.5,1.24,2026-08-18 08:58:19
3017,13,179,21,89.5,1.72,2026-08-18 09:09:19
3018,15,151,49,75.5,1.6,2026-08-18 09:20:19
3019,9,169,31,84.5,1.68,2026-08-18 09:31:19
3020,3,200,0,100.0,1.8,2026-08-18 09:42:19
3021,8,161,39,80.5,1.64,2026-08-18 09:53:19
3022,14,187,13,93.5,1.75,2026-08-18 10:04:19
3023,5,168,32,84.0,1.67,2026-08-18 10:15:19
3024,7,173,27,86.5,1.69,2026-08-18 10:26:19
3025,14,157,43,78.5,1.63,2026-08-18 10:37:19
3026,7,154,46,77.0,1.62,2026-08-18 10:48:19
3027,13,178,22,89.0,1.71,2026-08-18 10:59:19
3028,3,170,30,85.0,1.68,2026-08-18 11:10:19
3029,2,157,43,78.5,1.63,2026-08-18 11:21:19
3030,13,184,16,92.0,1.74,2026-08-18 11:32:19
3031,5,150,50,75.0,1.6,2026-08-18 11:43:19
3032,3,180,20,90.0,1.72,2026-08-18 11:54:19
3033,4,169,31,84.5,1.68,2026-08-18 12:05:19
3034,12,184,16,92.0,1.74,2026-08-18 12:16:19
3035,1,181,19,90.5,1.72,2026-08-18 12:27:19
3036,12,159,41,79.5,1.64,2026-08-18 12:38:19
3037,15,144,56,72.0,1.58,2026-08-18 12:49:19
3038,12,166,34,83.0,1.66,2026-08-18 13:00:19
3039,12,197,3,98.5,1.79,2026-08-18 13:11:19
3040,15,145,55,72.5,1.58,2026-08-18 13:22:19
3041,3,154,46,77.0,1.62,2026-08-18 13:33:19
3042,7,165,35,82.5,1.66,2026-08-18 13:44:19
3043,12,158,42,79.0,1.63,2026-08-18 13:55:19
3044,7,156,44,78.0,1.62,2026-08-18 14:06:19
3045,3,137,63,68.5,1.55,2026-08-18 14:17:19
3046,14,142,58,71.0,1.57,2026-08-18 14:28:19
3047,12,177,23,88.5,1.71,2026-08-18 14:39:19
3048,14,171,29,85.5,1.68,2026-08-18 14:50:19
3049,6,175,25,87.5,1.7,2026-08-18 15:01:19
3050,6,163,37,81.5,1.65,2026-08-18 15:12:19
3051,9,187,13,93.5,1.75,2026-08-18 15:23:19
3052,4,155,45,77.5,1.62,2026-08-18 15:34:19
3053,7,171,29,85.5,1.68,2026-08-18 15:45:19
3054,8,182,18,91.0,1.73,2026-08-18 15:56:19
3055,10,171,29,85.5,1.68,2026-08-18 16:07:19
3056,5,182,18,91.0,1.73,2026-08-18 16:18:19
3057,2,145,55,72.5,1.58,2026-08-18 16:29:19
3058,7,177,23,88.5,1.71,2026-08-18 16:40:19
3059,11,159,41,79.5,1.64,2026-08-18 16:51:19
3060,2,164,36,82.0,1.66,2026-08-18 17:02:19
3061,6,192,8,96.0,1.77,2026-08-18 17:13:19
3062,14,163,37,81.5,1.65,2026-08-18 17:24:19
3063,2,191,9,95.5,1.76,2026-08-18 17:35:19
3064,14,159,41,79.5,1.64,2026-08-18 17:46:19
3065,12,155,45,77.5,1.62,2026-08-18 17:57:19
3066,10,158,42,79.0,1.63,2026-08-18 18:08:19
3067,8,197,3,98.5,1.79,2026-08-18 18:19:19
3068,13,200,0,100.0,1.8,2026-08-18 18:30:19
3069,2,157,43,78.5,1.63,2026-08-18 18:41:19
3070,2,161,39,80.5,1.64,2026-08-18 18:52:19
3071,5,100,100,50.0,1.4,2026-08-18 19:03:19
3072,14,75,125,37.5,1.3,2026-08-18 19:14:19
3073,14,50,150,25.0,1.2,2026-08-18 19:25:19
3074,12,107,93,53.5,1.43,2026-08-18 19:36:19
3075,2,57,143,28.5,1.23,2026-08-18 19:47:19
3076,5,51,149,25.5,1.2,2026-08-18 19:58:19
3077,4,18,182,9.0,1.07,2026-08-18 20:09:19
3078,1,40,160,20.0,1.16,2026-08-18 20:20:19
3079,13,63,137,31.5,1.25,2026-08-18 20:31:19
3080,15,89,111,44.5,1.36,2026-08-18 20:42:19
3081,13,48,152,24.0,1.19,2026-08-18 20:53:19
3082,14,51,149,25.5,1.2,2026-08-18 21:04:19
3083,4,78,122,39.0,1.31,2026-08-18 21:15:19
3084,2,75,125,37.5,1.3,2026-08-18 21:26:19
3085,9,78,122,39.0,1.31,2026-08-18 21:37:19
3086,10,50,150,25.0,1.2,2026-08-18 21:48:19
3087,12,67,133,33.5,1.27,2026-08-18 21:59:19
3088,8,84,116,42.0,1.34,2026-08-18 22:10:19
3089,10,42,158,21.0,1.17,2026-08-18 22:21:19
3090,3,56,144,28.0,1.22,2026-08-18 22:32:19
3091,4,66,134,33.0,1.26,2026-08-18 22:43:19
3092,9,48,152,24.0,1.19,2026-08-18 22:54:19
3093,12,57,143,28.5,1.23,2026-08-18 23:05:19
3094,14,47,153,23.5,1.19,2026-08-18 23:16:19
3095,12,137,63,68.5,1.55,2026-08-18 23:27:19
3096,10,52,148,26.0,1.21,2026-08-18 23:38:19
3097,14,70,130,35.0,1.28,2026-08-18 23:49:19
3098,12,40,160,20.0,1.16,2026-08-19 00:00:19
3099,5,55,145,27.5,1.22,2026-08-19 00:11:19
3100,8,53,147,26.5,1.21,2026-08-19 00:22:19
3101,5,74,126,37.0,1.3,2026-08-19 00:33:19
3102,13,49,151,24.5,1.2,2026-08-19 00:44:19
3103,6,52,148,26.0,1.21,2026-08-19 00:55:19
3104,14,34,166,17.0,1.14,2026-08-19 01:06:19
3105,6,65,135,32.5,1.26,2026-08-19 01:17:19
3106,8,55,145,27.5,1.22,2026-08-19 01:28:19
3107,10,99,101,49.5,1.4,2026-08-19 01:39:19
3108,8,42,158,21.0,1.17,2026-08-19 01:50:19
3109,7,73,127,36.5,1.29,2026-08-19 02:01:19
3110,7,59,141,29.5,1.24,2026-08-19 02:12:19
3111,15,86,114,43.0,1.34,2026-08-19 02:23:19
3112,9,44,156,22.0,1.18,2026-08-19 02:34:19
3113,11,60,140,30.0,1.24,2026-08-19 02:45:19
3114,15,47,153,23.5,1.19,2026-08-19 02:56:19
3115,4,62,138,31.0,1.25,2026-08-19 03:07:19
3116,7,71,129,35.5,1.28,2026-08-19 03:18:19
3117,7,67,133,33.5,1.27,2026-08-19 03:29:19
3118,4,74,126,37.0,1.3,2026-08-19 03:40:19
3119,5,93,107,46.5,1.37,2026-08-19 03:51:19
3120,3,73,127,36.5,1.29,2026-08-19 04:02:19
3121,5,105,95,52.5,1.42,2026-08-19 04:13:19
3122,15,52,148,26.0,1.21,2026-08-19 04:24:19
3123,10,54,146,27.0,1.22,2026-08-19 04:35:19
3124,2,67,133,33.5,1.27,2026-08-19 04:46:19
3125,15,103,97,51.5,1.41,2026-08-19 04:57:19
3126,11,40,160,20.0,1.16,2026-08-19 05:08:19
3127,6,41,159,20.5,1.16,2026-08-19 05:19:19
3128,8,60,140,30.0,1.24,2026-08-19 05:30:19
3129,8,89,111,44.5,1.36,2026-08-19 05:41:19
3130,9,52,148,26.0,1.21,2026-08-19 05:52:19
3131,1,71,129,35.5,1.28,2026-08-19 06:03:19
3132,6,59,141,29.5,1.24,2026-08-19 06:14:19
3133,6,59,141,29.5,1.24,2026-08-19 06:25:19
3134,14,94,106,47.0,1.38,2026-08-19 06:36:19
3135,8,51,149,25.5,1.2,2026-08-19 06:47:19
3136,3,49,151,24.5,1.2,2026-08-19 06:58:19
3137,4,68,132,34.0,1.27,2026-08-19 07:09:19
3138,1,57,143,28.5,1.23,2026-08-19 07:20:19
3139,15,97,103,48.5,1.39,2026-08-19 07:31:19
3140,12,74,126,37.0,1.3,2026-08-19 07:42:19
3141,13,52,148,26.0,1.21,2026-08-19 07:53:19
3142,3,29,171,14.5,1.12,2026-08-19 08:04:19
3143,15,35,165,17.5,1.14,2026-08-19 08:15:19
3144,9,93,107,46.5,1.37,2026-08-19 08:26:19
3145,4,52,148,26.0,1.21,2026-08-19 08:37:19
3146,13,61,139,30.5,1.24,2026-08-19 08:48:19
3147,2,68,132,34.0,1.27,2026-08-19 08:59:19
3148,6,198,2,99.0,1.79,2026-08-19 09:10:19
3149,3,154,46,77.0,1.62,2026-08-19 09:21:19
3150,1,176,24,88.0,1.7,2026-08-19 09:32:19
3151,15,133,67,66.5,1.53,2026-08-19 09:43:19
3152,12,193,7,96.5,1.77,2026-08-19 09:54:19
3153,14,185,15,92.5,1.74,2026-08-19 10:05:19
3154,12,138,62,69.0,1.55,2026-08-19 10:16:19
3155,15,200,0,100.0,1.8,2026-08-19 10:27:19
3156,1,159,41,79.5,1.64,2026-08-19 10:38:19
3157,14,197,3,98.5,1.79,2026-08-19 10:49:19
3158,6,190,10,95.0,1.76,2026-08-19 11:00:19
3159,11,150,50,75.0,1.6,2026-08-19 11:11:19
3160,15,142,58,71.0,1.57,2026-08-19 11:22:19
3161,10,176,24,88.0,1.7,2026-08-19 11:33:19
3162,14,163,37,81.5,1.65,2026-08-19 11:44:19
3163,15,134,66,67.0,1.54,2026-08-19 11:55:19
3164,14,125,75,62.5,1.5,2026-08-19 12:06:19
3165,4,200,0,100.0,1.8,2026-08-19 12:17:19
3166,6,180,20,90.0,1.72,2026-08-19 12:28:19
3167,3,154,46,77.0,1.62,2026-08-19 12:39:19
3168,6,153,47,76.5,1.61,2026-08-19 12:50:19
3169,1,130,70,65.0,1.52,2026-08-19 13:01:19
3170,3,168,32,84.0,1.67,2026-08-19 13:12:19
3171,1,159,41,79.5,1.64,2026-08-19 13:23:19
3172,15,158,42,79.0,1.63,2026-08-19 13:34:19
3173,1,176,24,88.0,1.7,2026-08-19 13:45:19
3174,13,164,36,82.0,1.66,2026-08-19 13:56:19
3175,4,181,19,90.5,1.72,2026-08-19 14:07:19
3176,7,171,29,85.5,1.68,2026-08-19 14:18:19
3177,2,154,46,77.0,1.62,2026-08-19 14:29:19
3178,12,173,27,86.5,1.69,2026-08-19 14:40:19
3179,3,200,0,100.0,1.8,2026-08-19 14:51:19
3180,11,197,3,98.5,1.79,2026-08-19 15:02:19
3181,10,176,24,88.0,1.7,2026-08-19 15:13:19
3182,9,181,19,90.5,1.72,2026-08-19 15:24:19
3183,1,154,46,77.0,1.62,2026-08-19 15:35:19
3184,13,161,39,80.5,1.64,2026-08-19 15:46:19
3185,4,179,21,89.5,1.72,2026-08-19 15:57:19
3186,2,182,18,91.0,1.73,2026-08-19 16:08:19
3187,15,177,23,88.5,1.71,2026-08-19 16:19:19
3188,14,139,61,69.5,1.56,2026-08-19 16:30:19
3189,6,144,56,72.0,1.58,2026-08-19 16:41:19
3190,5,136,64,68.0,1.54,2026-08-19 16:52:19
3191,1,167,33,83.5,1.67,2026-08-19 17:03:19
3192,8,165,35,82.5,1.66,2026-08-19 17:14:19
3193,11,190,10,95.0,1.76,2026-08-19 17:25:19
3194,8,139,61,69.5,1.56,2026-08-19 17:36:19
3195,10,170,30,85.0,1.68,2026-08-19 17:47:19
3196,15,162,38,81.0,1.65,2026-08-19 17:58:19
3197,14,191,9,95.5,1.76,2026-08-19 18:09:19
3198,15,165,35,82.5,1.66,2026-08-19 18:20:19
3199,6,174,26,87.0,1.7,2026-08-19 18:31:19
3200,10,156,44,78.0,1.62,2026-08-19 18:42:19
3201,11,175,25,87.5,1.7,2026-08-19 18:53:19
3202,8,55,145,27.5,1.22,2026-08-19 19:04:19
3203,11,100,100,50.0,1.4,2026-08-19 19:15:19
3204,13,63,137,31.5,1.25,2026-08-19 19:26:19
3205,5,75,125,37.5,1.3,2026-08-19 19:37:19
3206,10,88,112,44.0,1.35,2026-08-19 19:48:19
3207,14,61,139,30.5,1.24,2026-08-19 19:59:19
3208,7,45,155,22.5,1.18,2026-08-19 20:10:19
3209,14,51,149,25.5,1.2,2026-08-19 20:21:19
3210,11,55,145,27.5,1.22,2026-08-19 20:32:19
3211,4,63,137,31.5,1.25,2026-08-19 20:43:19
3212,9,86,114,43.0,1.34,2026-08-19 20:54:19
3213,10,115,85,57.5,1.46,2026-08-19 21:05:19
3214,8,36,164,18.0,1.14,2026-08-19 21:16:19
3215,10,73,127,36.5,1.29,2026-08-19 21:27:19
3216,11,21,179,10.5,1.08,2026-08-19 21:38:19
3217,6,55,145,27.5,1.22,2026-08-19 21:49:19
3218,11,39,161,19.5,1.16,2026-08-19 22:00:19
3219,7,36,164,18.0,1.14,2026-08-19 22:11:19
3220,4,98,102,49.0,1.39,2026-08-19 22:22:19
3221,3,60,140,30.0,1.24,2026-08-19 22:33:19
3222,8,83,117,41.5,1.33,2026-08-19 22:44:19
3223,4,75,125,37.5,1.3,2026-08-19 22:55:19
3224,9,56,144,28.0,1.22,2026-08-19 23:06:19
3225,13,66,134,33.0,1.26,2026-08-19 23:17:19
3226,1,40,160,20.0,1.16,2026-08-19 23:28:19
3227,10,75,125,37.5,1.3,2026-08-19 23:39:19
3228,1,75,125,37.5,1.3,2026-08-19 23:50:19
3229,2,106,94,53.0,1.42,2026-08-20 00:01:19
3230,15,71,129,35.5,1.28,2026-08-20 00:12:19
3231,3,50,150,25.0,1.2,2026-08-20 00:23:19
3232,1,69,131,34.5,1.28,2026-08-20 00:34:19
3233,1,36,164,18.0,1.14,2026-08-20 00:45:19
3234,8,58,142,29.0,1.23,2026-08-20 00:56:19
3235,1,33,167,16.5,1.13,2026-08-20 01:07:19
3236,6,45,155,22.5,1.18,2026-08-20 01:18:19
3237,11,77,123,38.5,1.31,2026-08-20 01:29:19
3238,12,49,151,24.5,1.2,2026-08-20 01:40:19
3239,4,37,163,18.5,1.15,2026-08-20 01:51:19
3240,2,105,95,52.5,1.42,2026-08-20 02:02:19
3241,15,82,118,41.0,1.33,2026-08-20 02:13:19
3242,9,85,115,42.5,1.34,2026-08-20 02:24:19
3243,13,57,143,28.5,1.23,2026-08-20 02:35:19
3244,2,67,133,33.5,1.27,2026-08-20 02:46:19
3245,3,75,125,37.5,1.3,2026-08-20 02:57:19
3246,2,15,185,7.5,1.06,2026-08-20 03:08:19
3247,6,66,134,33.0,1.26,2026-08-20 03:19:19
3248,6,77,123,38.5,1.31,2026-08-20 03:30:19
3249,13,43,157,21.5,1.17,2026-08-20 03:41:19
3250,4,90,110,45.0,1.36,2026-08-20 03:52:19
3251,11,58,142,29.0,1.23,2026-08-20 04:03:19
3252,12,51,149,25.5,1.2,2026-08-20 04:14:19
3253,10,77,123,38.5,1.31,2026-08-20 04:25:19
3254,15,61,139,30.5,1.24,2026-08-20 04:36:19
3255,3,64,136,32.0,1.26,2026-08-20 04:47:19
3256,12,52,148,26.0,1.21,2026-08-20 04:58:19
3257,2,22,178,11.0,1.09,2026-08-20 05:09:19
3258,3,53,147,26.5,1.21,2026-08-20 05:20:19
3259,1,61,139,30.5,1.24,2026-08-20 05:31:19
3260,1,37,163,18.5,1.15,2026-08-20 05:42:19
3261,3,71,129,35.5,1.28,2026-08-20 05:53:19
3262,15,91,109,45.5,1.36,2026-08-20 06:04:19
3263,3,57,143,28.5,1.23,2026-08-20 06:15:19
3264,3,77,123,38.5,1.31,2026-08-20 06:26:19
3265,2,48,152,24.0,1.19,2026-08-20 06:37:19
3266,4,70,130,35.0,1.28,2026-08-20 06:48:19
3267,5,50,150,25.0,1.2,2026-08-20 06:59:19
3268,7,44,156,22.0,1.18,2026-08-20 07:10:19
3269,3,68,132,34.0,1.27,2026-08-20 07:21:19
3270,15,81,119,40.5,1.32,2026-08-20 07:32:19
3271,7,34,166,17.0,1.14,2026-08-20 07:43:19
3272,13,88,112,44.0,1.35,2026-08-20 07:54:19
3273,11,101,99,50.5,1.4,2026-08-20 08:05:19
3274,2,62,138,31.0,1.25,2026-08-20 08:16:19
3275,5,17,183,8.5,1.07,2026-08-20 08:27:19
3276,1,47,153,23.5,1.19,2026-08-20 08:38:19
3277,1,48,152,24.0,1.19,2026-08-20 08:49:19
3278,12,180,20,90.0,1.72,2026-08-20 09:00:19
3279,12,200,0,100.0,1.8,2026-08-20 09:11:19
3280,2,177,23,88.5,1.71,2026-08-20 09:22:19
3281,10,185,15,92.5,1.74,2026-08-20 09:33:19
3282,15,189,11,94.5,1.76,2026-08-20 09:44:19
3283,8,157,43,78.5,1.63,2026-08-20 09:55:19
3284,5,154,46,77.0,1.62,2026-08-20 10:06:19
3285,5,156,44,78.0,1.62,2026-08-20 10:17:19
3286,13,150,50,75.0,1.6,2026-08-20 10:28:19
3287,12,172,28,86.0,1.69,2026-08-20 10:39:19
3288,9,140,60,70.0,1.56,2026-08-20 10:50:19
3289,3,162,38,81.0,1.65,2026-08-20 11:01:19
3290,12,167,33,83.5,1.67,2026-08-20 11:12:19
3291,4,197,3,98.5,1.79,2026-08-20 11:23:19
3292,4,200,0,100.0,1.8,2026-08-20 11:34:19
3293,1,188,12,94.0,1.75,2026-08-20 11:45:19
3294,9,156,44,78.0,1.62,2026-08-20 11:56:19
3295,15,181,19,90.5,1.72,2026-08-20 12:07:19
3296,13,153,47,76.5,1.61,2026-08-20 12:18:19
3297,8,160,40,80.0,1.64,2026-08-20 12:29:19
3298,14,200,0,100.0,1.8,2026-08-20 12:40:19
3299,14,200,0,100.0,1.8,2026-08-20 12:51:19
3300,10,182,18,91.0,1.73,2026-08-20 13:02:19
3301,12,168,32,84.0,1.67,2026-08-20 13:13:19
3302,3,191,9,95.5,1.76,2026-08-20 13:24:19
3303,1,148,52,74.0,1.59,2026-08-20 13:35:19
3304,8,171,29,85.5,1.68,2026-08-20 13:46:19
3305,8,197,3,98.5,1.79,2026-08-20 13:57:19
3306,6,151,49,75.5,1.6,2026-08-20 14:08:19
3307,5,160,40,80.0,1.64,2026-08-20 14:19:19
3308,12,166,34,83.0,1.66,2026-08-20 14:30:19
3309,10,197,3,98.5,1.79,2026-08-20 14:41:19
3310,14,179,21,89.5,1.72,2026-08-20 14:52:19
3311,2,170,30,85.0,1.68,2026-08-20 15:03:19
3312,2,189,11,94.5,1.76,2026-08-20 15:14:19
3313,2,200,0,100.0,1.8,2026-08-20 15:25:19
3314,7,190,10,95.0,1.76,2026-08-20 15:36:19
3315,8,179,21,89.5,1.72,2026-08-20 15:47:19
3316,1,187,13,93.5,1.75,2026-08-20 15:58:19
3317,14,156,44,78.0,1.62,2026-08-20 16:09:19
3318,7,197,3,98.5,1.79,2026-08-20 16:20:19
3319,3,156,44,78.0,1.62,2026-08-20 16:31:19
3320,11,170,30,85.0,1.68,2026-08-20 16:42:19
3321,14,184,16,92.0,1.74,2026-08-20 16:53:19
3322,12,166,34,83.0,1.66,2026-08-20 17:04:19
3323,7,186,14,93.0,1.74,2026-08-20 17:15:19
3324,6,159,41,79.5,1.64,2026-08-20 17:26:19
3325,10,156,44,78.0,1.62,2026-08-20 17:37:19
3326,8,189,11,94.5,1.76,2026-08-20 17:48:19
3327,13,168,32,84.0,1.67,2026-08-20 17:59:19
3328,1,154,46,77.0,1.62,2026-08-20 18:10:19
3329,2,161,39,80.5,1.64,2026-08-20 18:21:19
3330,5,172,28,86.0,1.69,2026-08-20 18:32:19
3331,9,176,24,88.0,1.7,2026-08-20 18:43:19
3332,14,183,17,91.5,1.73,2026-08-20 18:54:19
3333,2,35,165,17.5,1.14,2026-08-20 19:05:19
3334,11,95,105,47.5,1.38,2026-08-20 19:16:19
3335,12,78,122,39.0,1.31,2026-08-20 19:27:19
3336,6,62,138,31.0,1.25,2026-08-20 19:38:19
3337,3,43,157,21.5,1.17,2026-08-20 19:49:19
3338,12,59,141,29.5,1.24,2026-08-20 20:00:19
3339,13,68,132,34.0,1.27,2026-08-20 20:11:19
3340,4,88,112,44.0,1.35,2026-08-20 20:22:19
3341,13,87,113,43.5,1.35,2026-08-20 20:33:19
3342,15,23,177,11.5,1.09,2026-08-20 20:44:19
3343,3,83,117,41.5,1.33,2026-08-20 20:55:19
3344,7,71,129,35.5,1.28,2026-08-20 21:06:19
3345,3,87,113,43.5,1.35,2026-08-20 21:17:19
3346,13,56,144,28.0,1.22,2026-08-20 21:28:19
3347,5,73,127,36.5,1.29,2026-08-20 21:39:19
3348,3,17,183,8.5,1.07,2026-08-20 21:50:19
3349,8,76,124,38.0,1.3,2026-08-20 22:01:19
3350,9,72,128,36.0,1.29,2026-08-20 22:12:19
3351,3,67,133,33.5,1.27,2026-08-20 22:23:19
3352,15,35,165,17.5,1.14,2026-08-20 22:34:19
3353,7,63,137,31.5,1.25,2026-08-20 22:45:19
3354,2,51,149,25.5,1.2,2026-08-20 22:56:19
3355,6,76,124,38.0,1.3,2026-08-20 23:07:19
3356,9,62,138,31.0,1.25,2026-08-20 23:18:19
3357,15,55,145,27.5,1.22,2026-08-20 23:29:19
3358,10,24,176,12.0,1.1,2026-08-20 23:40:19
3359,2,31,169,15.5,1.12,2026-08-20 23:51:19
3360,12,28,172,14.0,1.11,2026-08-21 00:02:19
3361,4,68,132,34.0,1.27,2026-08-21 00:13:19
3362,1,68,132,34.0,1.27,2026-08-21 00:24:19
3363,10,54,146,27.0,1.22,2026-08-21 00:35:19
3364,8,47,153,23.5,1.19,2026-08-21 00:46:19
3365,15,35,165,17.5,1.14,2026-08-21 00:57:19
3366,5,36,164,18.0,1.14,2026-08-21 01:08:19
3367,3,74,126,37.0,1.3,2026-08-21 01:19:19
3368,15,67,133,33.5,1.27,2026-08-21 01:30:19
3369,9,66,134,33.0,1.26,2026-08-21 01:41:19
3370,1,71,129,35.5,1.28,2026-08-21 01:52:19
3371,11,71,129,35.5,1.28,2026-08-21 02:03:19
3372,4,73,127,36.5,1.29,2026-08-21 02:14:19
3373,4,88,112,44.0,1.35,2026-08-21 02:25:19
3374,5,89,111,44.5,1.36,2026-08-21 02:36:19
3375,1,70,130,35.0,1.28,2026-08-21 02:47:19
3376,9,27,173,13.5,1.11,2026-08-21 02:58:19
3377,14,55,145,27.5,1.22,2026-08-21 03:09:19
3378,5,79,121,39.5,1.32,2026-08-21 03:20:19
3379,3,47,153,23.5,1.19,2026-08-21 03:31:19
3380,6,27,173,13.5,1.11,2026-08-21 03:42:19
3381,13,99,101,49.5,1.4,2026-08-21 03:53:19
3382,11,64,136,32.0,1.26,2026-08-21 04:04:19
3383,3,45,155,22.5,1.18,2026-08-21 04:15:19
3384,7,84,116,42.0,1.34,2026-08-21 04:26:19
3385,3,18,182,9.0,1.07,2026-08-21 04:37:19
3386,10,77,123,38.5,1.31,2026-08-21 04:48:19
3387,15,5,195,2.5,1.02,2026-08-21 04:59:19
3388,7,43,157,21.5,1.17,2026-08-21 05:10:19
3389,15,67,133,33.5,1.27,2026-08-21 05:21:19
3390,2,88,112,44.0,1.35,2026-08-21 05:32:19
3391,15,14,186,7.0,1.06,2026-08-21 05:43:19
3392,12,50,150,25.0,1.2,2026-08-21 05:54:19
3393,1,45,155,22.5,1.18,2026-08-21 06:05:19
3394,15,27,173,13.5,1.11,2026-08-21 06:16:19
3395,1,38,162,19.0,1.15,2026-08-21 06:27:19
3396,15,52,148,26.0,1.21,2026-08-21 06:38:19
3397,15,27,173,13.5,1.11,2026-08-21 06:49:19
3398,15,68,132,34.0,1.27,2026-08-21 07:00:19
3399,11,25,175,12.5,1.1,2026-08-21 07:11:19
3400,2,60,140,30.0,1.24,2026-08-21 07:22:19
3401,2,82,118,41.0,1.33,2026-08-21 07:33:19
3402,7,24,176,12.0,1.1,2026-08-21 07:44:19
3403,13,72,128,36.0,1.29,2026-08-21 07:55:19
3404,15,98,102,49.0,1.39,2026-08-21 08:06:19
3405,14,57,143,28.5,1.23,2026-08-21 08:17:19
3406,1,65,135,32.5,1.26,2026-08-21 08:28:19
3407,4,60,140,30.0,1.24,2026-08-21 08:39:19
3408,5,40,160,20.0,1.16,2026-08-21 08:50:19
3409,10,187,13,93.5,1.75,2026-08-21 09:01:19
3410,14,168,32,84.0,1.67,2026-08-21 09:12:19
3411,1,145,55,72.5,1.58,2026-08-21 09:23:19
3412,11,200,0,100.0,1.8,2026-08-21 09:34:19
3413,11,175,25,87.5,1.7,2026-08-21 09:45:19
3414,11,200,0,100.0,1.8,2026-08-21 09:56:19
3415,10,200,0,100.0,1.8,2026-08-21 10:07:19
3416,10,170,30,85.0,1.68,2026-08-21 10:18:19
3417,10,169,31,84.5,1.68,2026-08-21 10:29:19
3418,11,125,75,62.5,1.5,2026-08-21 10:40:19
3419,13,157,43,78.5,1.63,2026-08-21 10:51:19
3420,7,200,0,100.0,1.8,2026-08-21 11:02:19
3421,15,154,46,77.0,1.62,2026-08-21 11:13:19
3422,13,191,9,95.5,1.76,2026-08-21 11:24:19
3423,3,176,24,88.0,1.7,2026-08-21 11:35:19
3424,3,168,32,84.0,1.67,2026-08-21 11:46:19
3425,1,187,13,93.5,1.75,2026-08-21 11:57:19
3426,6,189,11,94.5,1.76,2026-08-21 12:08:19
3427,8,177,23,88.5,1.71,2026-08-21 12:19:19
3428,14,196,4,98.0,1.78,2026-08-21 12:30:19
3429,8,163,37,81.5,1.65,2026-08-21 12:41:19
3430,5,138,62,69.0,1.55,2026-08-21 12:52:19
3431,15,159,41,79.5,1.64,2026-08-21 13:03:19
3432,11,173,27,86.5,1.69,2026-08-21 13:14:19
3433,8,115,85,57.5,1.46,2026-08-21 13:25:19
3434,1,200,0,100.0,1.8,2026-08-21 13:36:19
3435,15,189,11,94.5,1.76,2026-08-21 13:47:19
3436,3,180,20,90.0,1.72,2026-08-21 13:58:19
3437,5,159,41,79.5,1.64,2026-08-21 14:09:19
3438,5,187,13,93.5,1.75,2026-08-21 14:20:19
3439,15,180,20,90.0,1.72,2026-08-21 14:31:19
3440,8,148,52,74.0,1.59,2026-08-21 14:42:19
3441,4,183,17,91.5,1.73,2026-08-21 14:53:19
3442,1,200,0,100.0,1.8,2026-08-21 15:04:19
3443,5,178,22,89.0,1.71,2026-08-21 15:15:19
3444,4,154,46,77.0,1.62,2026-08-21 15:26:19
3445,6,183,17,91.5,1.73,2026-08-21 15:37:19
3446,12,173,27,86.5,1.69,2026-08-21 15:48:19
3447,2,195,5,97.5,1.78,2026-08-21 15:59:19
3448,2,189,11,94.5,1.76,2026-08-21 16:10:19
3449,4,160,40,80.0,1.64,2026-08-21 16:21:19
3450,9,143,57,71.5,1.57,2026-08-21 16:32:19
3451,2,157,43,78.5,1.63,2026-08-21 16:43:19
3452,4,160,40,80.0,1.64,2026-08-21 16:54:19
3453,9,169,31,84.5,1.68,2026-08-21 17:05:19
3454,9,149,51,74.5,1.6,2026-08-21 17:16:19
3455,15,162,38,81.0,1.65,2026-08-21 17:27:19
3456,1,148,52,74.0,1.59,2026-08-21 17:38:19
3457,8,164,36,82.0,1.66,2026-08-21 17:49:19
3458,3,162,38,81.0,1.65,2026-08-21 18:00:19
3459,1,151,49,75.5,1.6,2026-08-21 18:11:19
3460,1,196,4,98.0,1.78,2026-08-21 18:22:19
3461,1,155,45,77.5,1.62,2026-08-21 18:33:19
3462,10,162,38,81.0,1.65,2026-08-21 18:44:19
3463,4,161,39,80.5,1.64,2026-08-21 18:55:19
3464,11,54,146,27.0,1.22,2026-08-21 19:06:19
3465,1,24,176,12.0,1.1,2026-08-21 19:17:19
3466,12,53,147,26.5,1.21,2026-08-21 19:28:19
3467,4,60,140,30.0,1.24,2026-08-21 19:39:19
3468,8,37,163,18.5,1.15,2026-08-21 19:50:19
3469,6,78,122,39.0,1.31,2026-08-21 20:01:19
3470,7,73,127,36.5,1.29,2026-08-21 20:12:19
3471,4,22,178,11.0,1.09,2026-08-21 20:23:19
3472,14,103,97,51.5,1.41,2026-08-21 20:34:19
3473,1,96,104,48.0,1.38,2026-08-21 20:45:19
3474,3,65,135,32.5,1.26,2026-08-21 20:56:19
3475,10,79,121,39.5,1.32,2026-08-21 21:07:19
3476,10,14,186,7.0,1.06,2026-08-21 21:18:19
3477,4,65,135,32.5,1.26,2026-08-21 21:29:19
3478,6,83,117,41.5,1.33,2026-08-21 21:40:19
3479,12,26,174,13.0,1.1,2026-08-21 21:51:19
3480,9,75,125,37.5,1.3,2026-08-21 22:02:19
3481,11,38,162,19.0,1.15,2026-08-21 22:13:19
3482,5,42,158,21.0,1.17,2026-08-21 22:24:19
3483,6,61,139,30.5,1.24,2026-08-21 22:35:19
3484,13,47,153,23.5,1.19,2026-08-21 22:46:19
3485,2,55,145,27.5,1.22,2026-08-21 22:57:19
3486,3,92,108,46.0,1.37,2026-08-21 23:08:19
3487,5,54,146,27.0,1.22,2026-08-21 23:19:19
3488,11,59,141,29.5,1.24,2026-08-21 23:30:19
3489,11,57,143,28.5,1.23,2026-08-21 23:41:19
3490,9,53,147,26.5,1.21,2026-08-21 23:52:19
3491,5,94,106,47.0,1.38,2026-08-22 00:03:19
3492,1,28,172,14.0,1.11,2026-08-22 00:14:19
3493,4,40,160,20.0,1.16,2026-08-22 00:25:19
3494,2,72,128,36.0,1.29,2026-08-22 00:36:19
3495,5,54,146,27.0,1.22,2026-08-22 00:47:19
3496,8,64,136,32.0,1.26,2026-08-22 00:58:19
3497,8,60,140,30.0,1.24,2026-08-22 01:09:19
3498,15,65,135,32.5,1.26,2026-08-22 01:20:19
3499,12,74,126,37.0,1.3,2026-08-22 01:31:19
3500,6,59,141,29.5,1.24,2026-08-22 01:42:19
3501,12,57,143,28.5,1.23,2026-08-22 01:53:19
3502,11,35,165,17.5,1.14,2026-08-22 02:04:19
3503,9,85,115,42.5,1.34,2026-08-22 02:15:19
3504,1,67,133,33.5,1.27,2026-08-22 02:26:19
3505,6,73,127,36.5,1.29,2026-08-22 02:37:19
3506,8,66,134,33.0,1.26,2026-08-22 02:48:19
3507,4,53,147,26.5,1.21,2026-08-22 02:59:19
3508,4,47,153,23.5,1.19,2026-08-22 03:10:19
3509,6,94,106,47.0,1.38,2026-08-22 03:21:19
3510,15,33,167,16.5,1.13,2026-08-22 03:32:19
3511,8,60,140,30.0,1.24,2026-08-22 03:43:19
3512,11,46,154,23.0,1.18,2026-08-22 03:54:19
3513,3,66,134,33.0,1.26,2026-08-22 04:05:19
3514,1,48,152,24.0,1.19,2026-08-22 04:16:19
3515,8,66,134,33.0,1.26,2026-08-22 04:27:19
3516,15,88,112,44.0,1.35,2026-08-22 04:38:19
3517,7,54,146,27.0,1.22,2026-08-22 04:49:19
3518,6,75,125,37.5,1.3,2026-08-22 05:00:19
3519,3,96,104,48.0,1.38,2026-08-22 05:11:19
3520,8,60,140,30.0,1.24,2026-08-22 05:22:19
3521,11,55,145,27.5,1.22,2026-08-22 05:33:19
3522,11,59,141,29.5,1.24,2026-08-22 05:44:19
3523,14,79,121,39.5,1.32,2026-08-22 05:55:19
3524,3,51,149,25.5,1.2,2026-08-22 06:06:19
3525,11,56,144,28.0,1.22,2026-08-22 06:17:19
3526,9,48,152,24.0,1.19,2026-08-22 06:28:19
3527,10,78,122,39.0,1.31,2026-08-22 06:39:19
3528,10,51,149,25.5,1.2,2026-08-22 06:50:19
3529,5,36,164,18.0,1.14,2026-08-22 07:01:19
3530,10,81,119,40.5,1.32,2026-08-22 07:12:19
3531,9,35,165,17.5,1.14,2026-08-22 07:23:19
3532,8,69,131,34.5,1.28,2026-08-22 07:34:19
3533,3,66,134,33.0,1.26,2026-08-22 07:45:19
3534,3,31,169,15.5,1.12,2026-08-22 07:56:19
3535,15,44,156,22.0,1.18,2026-08-22 08:07:19
3536,2,23,177,11.5,1.09,2026-08-22 08:18:19
3537,15,55,145,27.5,1.22,2026-08-22 08:29:19
3538,10,68,132,34.0,1.27,2026-08-22 08:40:19
3539,15,60,140,30.0,1.24,2026-08-22 08:51:19
3540,7,173,27,86.5,1.69,2026-08-22 09:02:19
3541,1,178,22,89.0,1.71,2026-08-22 09:13:19
3542,1,183,17,91.5,1.73,2026-08-22 09:24:19
3543,14,120,80,60.0,1.48,2026-08-22 09:35:19
3544,4,162,38,81.0,1.65,2026-08-22 09:46:19
3545,14,141,59,70.5,1.56,2026-08-22 09:57:19
3546,10,195,5,97.5,1.78,2026-08-22 10:08:19
3547,6,165,35,82.5,1.66,2026-08-22 10:19:19
3548,7,143,57,71.5,1.57,2026-08-22 10:30:19
3549,8,170,30,85.0,1.68,2026-08-22 10:41:19
3550,2,170,30,85.0,1.68,2026-08-22 10:52:19
3551,13,177,23,88.5,1.71,2026-08-22 11:03:19
3552,10,186,14,93.0,1.74,2026-08-22 11:14:19
3553,7,195,5,97.5,1.78,2026-08-22 11:25:19
3554,15,166,34,83.0,1.66,2026-08-22 11:36:19
3555,12,200,0,100.0,1.8,2026-08-22 11:47:19
3556,8,187,13,93.5,1.75,2026-08-22 11:58:19
3557,12,149,51,74.5,1.6,2026-08-22 12:09:19
3558,8,144,56,72.0,1.58,2026-08-22 12:20:19
3559,4,185,15,92.5,1.74,2026-08-22 12:31:19
3560,14,192,8,96.0,1.77,2026-08-22 12:42:19
3561,4,166,34,83.0,1.66,2026-08-22 12:53:19
3562,10,175,25,87.5,1.7,2026-08-22 13:04:19
3563,11,149,51,74.5,1.6,2026-08-22 13:15:19
3564,10,124,76,62.0,1.5,2026-08-22 13:26:19
3565,3,200,0,100.0,1.8,2026-08-22 13:37:19
3566,7,165,35,82.5,1.66,2026-08-22 13:48:19
3567,14,160,40,80.0,1.64,2026-08-22 13:59:19
3568,6,159,41,79.5,1.64,2026-08-22 14:10:19
3569,8,200,0,100.0,1.8,2026-08-22 14:21:19
3570,5,185,15,92.5,1.74,2026-08-22 14:32:19
3571,10,168,32,84.0,1.67,2026-08-22 14:43:19
3572,9,179,21,89.5,1.72,2026-08-22 14:54:19
3573,5,165,35,82.5,1.66,2026-08-22 15:05:19
3574,14,156,44,78.0,1.62,2026-08-22 15:16:19
3575,13,139,61,69.5,1.56,2026-08-22 15:27:19
3576,7,183,17,91.5,1.73,2026-08-22 15:38:19
3577,3,180,20,90.0,1.72,2026-08-22 15:49:19
3578,15,182,18,91.0,1.73,2026-08-22 16:00:19
3579,6,145,55,72.5,1.58,2026-08-22 16:11:19
3580,13,172,28,86.0,1.69,2026-08-22 16:22:19
3581,12,194,6,97.0,1.78,2026-08-22 16:33:19
3582,9,192,8,96.0,1.77,2026-08-22 16:44:19
3583,11,180,20,90.0,1.72,2026-08-22 16:55:19
3584,9,173,27,86.5,1.69,2026-08-22 17:06:19
3585,7,175,25,87.5,1.7,2026-08-22 17:17:19
3586,9,146,54,73.0,1.58,2026-08-22 17:28:19
3587,5,146,54,73.0,1.58,2026-08-22 17:39:19
3588,9,168,32,84.0,1.67,2026-08-22 17:50:19
3589,14,150,50,75.0,1.6,2026-08-22 18:01:19
3590,6,195,5,97.5,1.78,2026-08-22 18:12:19
3591,5,180,20,90.0,1.72,2026-08-22 18:23:19
3592,1,162,38,81.0,1.65,2026-08-22 18:34:19
3593,5,198,2,99.0,1.79,2026-08-22 18:45:19
3594,12,157,43,78.5,1.63,2026-08-22 18:56:19
3595,8,63,137,31.5,1.25,2026-08-22 19:07:19
3596,6,55,145,27.5,1.22,2026-08-22 19:18:19
3597,10,82,118,41.0,1.33,2026-08-22 19:29:19
3598,13,42,158,21.0,1.17,2026-08-22 19:40:19
3599,11,41,159,20.5,1.16,2026-08-22 19:51:19
3600,13,34,166,17.0,1.14,2026-08-22 20:02:19
3601,4,91,109,45.5,1.36,2026-08-22 20:13:19
3602,10,80,120,40.0,1.32,2026-08-22 20:24:19
3603,5,94,106,47.0,1.38,2026-08-22 20:35:19
3604,10,82,118,41.0,1.33,2026-08-22 20:46:19
3605,12,54,146,27.0,1.22,2026-08-22 20:57:19
3606,3,90,110,45.0,1.36,2026-08-22 21:08:19
3607,11,34,166,17.0,1.14,2026-08-22 21:19:19
3608,2,62,138,31.0,1.25,2026-08-22 21:30:19
3609,1,11,189,5.5,1.04,2026-08-22 21:41:19
3610,14,20,180,10.0,1.08,2026-08-22 21:52:19
3611,8,63,137,31.5,1.25,2026-08-22 22:03:19
3612,5,56,144,28.0,1.22,2026-08-22 22:14:19
3613,7,33,167,16.5,1.13,2026-08-22 22:25:19
3614,7,71,129,35.5,1.28,2026-08-22 22:36:19
3615,15,57,143,28.5,1.23,2026-08-22 22:47:19
3616,6,12,188,6.0,1.05,2026-08-22 22:58:19
3617,8,53,147,26.5,1.21,2026-08-22 23:09:19
3618,14,46,154,23.0,1.18,2026-08-22 23:20:19
3619,15,82,118,41.0,1.33,2026-08-22 23:31:19
3620,15,78,122,39.0,1.31,2026-08-22 23:42:19
3621,2,62,138,31.0,1.25,2026-08-22 23:53:19
3622,1,77,123,38.5,1.31,2026-08-23 00:04:19
3623,3,42,158,21.0,1.17,2026-08-23 00:15:19
3624,4,37,163,18.5,1.15,2026-08-23 00:26:19
3625,9,45,155,22.5,1.18,2026-08-23 00:37:19
3626,11,65,135,32.5,1.26,2026-08-23 00:48:19
3627,14,86,114,43.0,1.34,2026-08-23 00:59:19
3628,10,65,135,32.5,1.26,2026-08-23 01:10:19
3629,11,86,114,43.0,1.34,2026-08-23 01:21:19
3630,6,21,179,10.5,1.08,2026-08-23 01:32:19
3631,13,34,166,17.0,1.14,2026-08-23 01:43:19
3632,5,29,171,14.5,1.12,2026-08-23 01:54:19
3633,13,27,173,13.5,1.11,2026-08-23 02:05:19
3634,10,105,95,52.5,1.42,2026-08-23 02:16:19
3635,1,77,123,38.5,1.31,2026-08-23 02:27:19
3636,10,76,124,38.0,1.3,2026-08-23 02:38:19
3637,5,36,164,18.0,1.14,2026-08-23 02:49:19
3638,15,42,158,21.0,1.17,2026-08-23 03:00:19
3639,9,32,168,16.0,1.13,2026-08-23 03:11:19
3640,9,79,121,39.5,1.32,2026-08-23 03:22:19
3641,5,47,153,23.5,1.19,2026-08-23 03:33:19
3642,1,35,165,17.5,1.14,2026-08-23 03:44:19
3643,15,75,125,37.5,1.3,2026-08-23 03:55:19
3644,7,51,149,25.5,1.2,2026-08-23 04:06:19
3645,5,90,110,45.0,1.36,2026-08-23 04:17:19
3646,15,60,140,30.0,1.24,2026-08-23 04:28:19
3647,1,85,115,42.5,1.34,2026-08-23 04:39:19
3648,15,47,153,23.5,1.19,2026-08-23 04:50:19
3649,5,28,172,14.0,1.11,2026-08-23 05:01:19
3650,12,58,142,29.0,1.23,2026-08-23 05:12:19
3651,4,20,180,10.0,1.08,2026-08-23 05:23:19
3652,5,98,102,49.0,1.39,2026-08-23 05:34:19
3653,4,55,145,27.5,1.22,2026-08-23 05:45:19
3654,6,43,157,21.5,1.17,2026-08-23 05:56:19
3655,14,49,151,24.5,1.2,2026-08-23 06:07:19
3656,10,69,131,34.5,1.28,2026-08-23 06:18:19
3657,9,52,148,26.0,1.21,2026-08-23 06:29:19
3658,8,64,136,32.0,1.26,2026-08-23 06:40:19
3659,6,54,146,27.0,1.22,2026-08-23 06:51:19
3660,6,91,109,45.5,1.36,2026-08-23 07:02:19
3661,7,102,98,51.0,1.41,2026-08-23 07:13:19
3662,5,94,106,47.0,1.38,2026-08-23 07:24:19
3663,10,36,164,18.0,1.14,2026-08-23 07:35:19
3664,2,69,131,34.5,1.28,2026-08-23 07:46:19
3665,1,52,148,26.0,1.21,2026-08-23 07:57:19
3666,13,31,169,15.5,1.12,2026-08-23 08:08:19
3667,5,60,140,30.0,1.24,2026-08-23 08:19:19
3668,3,43,157,21.5,1.17,2026-08-23 08:30:19
3669,1,54,146,27.0,1.22,2026-08-23 08:41:19
3670,4,66,134,33.0,1.26,2026-08-23 08:52:19
3671,8,160,40,80.0,1.64,2026-08-23 09:03:19
3672,11,163,37,81.5,1.65,2026-08-23 09:14:19
3673,9,192,8,96.0,1.77,2026-08-23 09:25:19
3674,12,193,7,96.5,1.77,2026-08-23 09:36:19
3675,10,172,28,86.0,1.69,2026-08-23 09:47:19
3676,5,155,45,77.5,1.62,2026-08-23 09:58:19
3677,11,142,58,71.0,1.57,2026-08-23 10:09:19
3678,3,175,25,87.5,1.7,2026-08-23 10:20:19
3679,6,186,14,93.0,1.74,2026-08-23 10:31:19
3680,12,142,58,71.0,1.57,2026-08-23 10:42:19
3681,10,183,17,91.5,1.73,2026-08-23 10:53:19
3682,14,192,8,96.0,1.77,2026-08-23 11:04:19
3683,11,160,40,80.0,1.64,2026-08-23 11:15:19
3684,4,180,20,90.0,1.72,2026-08-23 11:26:19
3685,15,169,31,84.5,1.68,2026-08-23 11:37:19
3686,5,169,31,84.5,1.68,2026-08-23 11:48:19
3687,9,145,55,72.5,1.58,2026-08-23 11:59:19
3688,1,177,23,88.5,1.71,2026-08-23 12:10:19
3689,11,174,26,87.0,1.7,2026-08-23 12:21:19
3690,13,144,56,72.0,1.58,2026-08-23 12:32:19
3691,14,188,12,94.0,1.75,2026-08-23 12:43:19
3692,7,160,40,80.0,1.64,2026-08-23 12:54:19
3693,8,154,46,77.0,1.62,2026-08-23 13:05:19
3694,14,137,63,68.5,1.55,2026-08-23 13:16:19
3695,7,186,14,93.0,1.74,2026-08-23 13:27:19
3696,4,141,59,70.5,1.56,2026-08-23 13:38:19
3697,2,195,5,97.5,1.78,2026-08-23 13:49:19
3698,13,183,17,91.5,1.73,2026-08-23 14:00:19
3699,15,116,84,58.0,1.46,2026-08-23 14:11:19
3700,14,162,38,81.0,1.65,2026-08-23 14:22:19
3701,11,152,48,76.0,1.61,2026-08-23 14:33:19
3702,12,154,46,77.0,1.62,2026-08-23 14:44:19
3703,14,165,35,82.5,1.66,2026-08-23 14:55:19
3704,12,151,49,75.5,1.6,2026-08-23 15:06:19
3705,15,187,13,93.5,1.75,2026-08-23 15:17:19
3706,8,144,56,72.0,1.58,2026-08-23 15:28:19
3707,8,164,36,82.0,1.66,2026-08-23 15:39:19
3708,8,195,5,97.5,1.78,2026-08-23 15:50:19
3709,2,170,30,85.0,1.68,2026-08-23 16:01:19
3710,2,160,40,80.0,1.64,2026-08-23 16:12:19
3711,5,185,15,92.5,1.74,2026-08-23 16:23:19
3712,7,163,37,81.5,1.65,2026-08-23 16:34:19
3713,10,200,0,100.0,1.8,2026-08-23 16:45:19
3714,11,147,53,73.5,1.59,2026-08-23 16:56:19
3715,8,171,29,85.5,1.68,2026-08-23 17:07:19
3716,7,163,37,81.5,1.65,2026-08-23 17:18:19
3717,15,187,13,93.5,1.75,2026-08-23 17:29:19
3718,13,200,0,100.0,1.8,2026-08-23 17:40:19
3719,15,167,33,83.5,1.67,2026-08-23 17:51:19
3720,1,152,48,76.0,1.61,2026-08-23 18:02:19
3721,13,172,28,86.0,1.69,2026-08-23 18:13:19
3722,15,160,40,80.0,1.64,2026-08-23 18:24:19
3723,6,150,50,75.0,1.6,2026-08-23 18:35:19
3724,8,168,32,84.0,1.67,2026-08-23 18:46:19
3725,6,198,2,99.0,1.79,2026-08-23 18:57:19
3726,13,29,171,14.5,1.12,2026-08-23 19:08:19
3727,10,82,118,41.0,1.33,2026-08-23 19:19:19
3728,15,58,142,29.0,1.23,2026-08-23 19:30:19
3729,5,124,76,62.0,1.5,2026-08-23 19:41:19
3730,2,64,136,32.0,1.26,2026-08-23 19:52:19
3731,7,67,133,33.5,1.27,2026-08-23 20:03:19
3732,10,70,130,35.0,1.28,2026-08-23 20:14:19
3733,15,74,126,37.0,1.3,2026-08-23 20:25:19
3734,12,70,130,35.0,1.28,2026-08-23 20:36:19
3735,11,60,140,30.0,1.24,2026-08-23 20:47:19
3736,11,33,167,16.5,1.13,2026-08-23 20:58:19
3737,5,30,170,15.0,1.12,2026-08-23 21:09:19
3738,11,64,136,32.0,1.26,2026-08-23 21:20:19
3739,5,46,154,23.0,1.18,2026-08-23 21:31:19
3740,4,38,162,19.0,1.15,2026-08-23 21:42:19
3741,14,71,129,35.5,1.28,2026-08-23 21:53:19
3742,9,74,126,37.0,1.3,2026-08-23 22:04:19
3743,15,77,123,38.5,1.31,2026-08-23 22:15:19
3744,10,70,130,35.0,1.28,2026-08-23 22:26:19
3745,12,55,145,27.5,1.22,2026-08-23 22:37:19
3746,13,50,150,25.0,1.2,2026-08-23 22:48:19
3747,12,55,145,27.5,1.22,2026-08-23 22:59:19
3748,1,30,170,15.0,1.12,2026-08-23 23:10:19
3749,9,77,123,38.5,1.31,2026-08-23 23:21:19
3750,13,63,137,31.5,1.25,2026-08-23 23:32:19
3751,6,96,104,48.0,1.38,2026-08-23 23:43:19
3752,5,20,180,10.0,1.08,2026-08-23 23:54:19
3753,14,59,141,29.5,1.24,2026-08-24 00:05:19
3754,12,28,172,14.0,1.11,2026-08-24 00:16:19
3755,10,65,135,32.5,1.26,2026-08-24 00:27:19
3756,12,39,161,19.5,1.16,2026-08-24 00:38:19
3757,6,45,155,22.5,1.18,2026-08-24 00:49:19
3758,9,52,148,26.0,1.21,2026-08-24 01:00:19
3759,13,69,131,34.5,1.28,2026-08-24 01:11:19
3760,2,86,114,43.0,1.34,2026-08-24 01:22:19
3761,6,35,165,17.5,1.14,2026-08-24 01:33:19
3762,5,63,137,31.5,1.25,2026-08-24 01:44:19
3763,7,35,165,17.5,1.14,2026-08-24 01:55:19
3764,7,67,133,33.5,1.27,2026-08-24 02:06:19
3765,14,37,163,18.5,1.15,2026-08-24 02:17:19
3766,12,59,141,29.5,1.24,2026-08-24 02:28:19
3767,4,55,145,27.5,1.22,2026-08-24 02:39:19
3768,12,63,137,31.5,1.25,2026-08-24 02:50:19
3769,11,43,157,21.5,1.17,2026-08-24 03:01:19
3770,14,63,137,31.5,1.25,2026-08-24 03:12:19
3771,10,56,144,28.0,1.22,2026-08-24 03:23:19
3772,12,89,111,44.5,1.36,2026-08-24 03:34:19
3773,5,46,154,23.0,1.18,2026-08-24 03:45:19
3774,9,59,141,29.5,1.24,2026-08-24 03:56:19
3775,12,41,159,20.5,1.16,2026-08-24 04:07:19
3776,12,38,162,19.0,1.15,2026-08-24 04:18:19
3777,3,57,143,28.5,1.23,2026-08-24 04:29:19
3778,14,58,142,29.0,1.23,2026-08-24 04:40:19
3779,9,99,101,49.5,1.4,2026-08-24 04:51:19
3780,2,57,143,28.5,1.23,2026-08-24 05:02:19
3781,12,57,143,28.5,1.23,2026-08-24 05:13:19
3782,9,45,155,22.5,1.18,2026-08-24 05:24:19
3783,7,41,159,20.5,1.16,2026-08-24 05:35:19
3784,3,37,163,18.5,1.15,2026-08-24 05:46:19
3785,2,39,161,19.5,1.16,2026-08-24 05:57:19
3786,12,53,147,26.5,1.21,2026-08-24 06:08:19
3787,11,61,139,30.5,1.24,2026-08-24 06:19:19
3788,5,40,160,20.0,1.16,2026-08-24 06:30:19
3789,11,73,127,36.5,1.29,2026-08-24 06:41:19
3790,6,69,131,34.5,1.28,2026-08-24 06:52:19
3791,4,91,109,45.5,1.36,2026-08-24 07:03:19
3792,7,69,131,34.5,1.28,2026-08-24 07:14:19
3793,8,54,146,27.0,1.22,2026-08-24 07:25:19
3794,7,32,168,16.0,1.13,2026-08-24 07:36:19
3795,4,61,139,30.5,1.24,2026-08-24 07:47:19
3796,11,50,150,25.0,1.2,2026-08-24 07:58:19
3797,2,61,139,30.5,1.24,2026-08-24 08:09:19
3798,4,67,133,33.5,1.27,2026-08-24 08:20:19
3799,1,60,140,30.0,1.24,2026-08-24 08:31:19
3800,6,46,154,23.0,1.18,2026-08-24 08:42:19
3801,12,60,140,30.0,1.24,2026-08-24 08:53:19
3802,3,139,61,69.5,1.56,2026-08-24 09:04:19
3803,15,174,26,87.0,1.7,2026-08-24 09:15:19
3804,1,182,18,91.0,1.73,2026-08-24 09:26:19
3805,6,189,11,94.5,1.76,2026-08-24 09:37:19
3806,5,200,0,100.0,1.8,2026-08-24 09:48:19
3807,2,167,33,83.5,1.67,2026-08-24 09:59:19
3808,4,192,8,96.0,1.77,2026-08-24 10:10:19
3809,4,200,0,100.0,1.8,2026-08-24 10:21:19
3810,8,158,42,79.0,1.63,2026-08-24 10:32:19
3811,15,200,0,100.0,1.8,2026-08-24 10:43:19
3812,6,195,5,97.5,1.78,2026-08-24 10:54:19
3813,15,162,38,81.0,1.65,2026-08-24 11:05:19
3814,15,175,25,87.5,1.7,2026-08-24 11:16:19
3815,4,189,11,94.5,1.76,2026-08-24 11:27:19
3816,2,169,31,84.5,1.68,2026-08-24 11:38:19
3817,10,156,44,78.0,1.62,2026-08-24 11:49:19
3818,7,185,15,92.5,1.74,2026-08-24 12:00:19
3819,8,152,48,76.0,1.61,2026-08-24 12:11:19
3820,6,164,36,82.0,1.66,2026-08-24 12:22:19
3821,10,182,18,91.0,1.73,2026-08-24 12:33:19
3822,11,129,71,64.5,1.52,2026-08-24 12:44:19
3823,5,171,29,85.5,1.68,2026-08-24 12:55:19
3824,2,181,19,90.5,1.72,2026-08-24 13:06:19
3825,4,184,16,92.0,1.74,2026-08-24 13:17:19
3826,11,140,60,70.0,1.56,2026-08-24 13:28:19
3827,13,180,20,90.0,1.72,2026-08-24 13:39:19
3828,4,177,23,88.5,1.71,2026-08-24 13:50:19
3829,8,159,41,79.5,1.64,2026-08-24 14:01:19
3830,7,138,62,69.0,1.55,2026-08-24 14:12:19
3831,14,166,34,83.0,1.66,2026-08-24 14:23:19
3832,7,166,34,83.0,1.66,2026-08-24 14:34:19
3833,1,197,3,98.5,1.79,2026-08-24 14:45:19
3834,12,151,49,75.5,1.6,2026-08-24 14:56:19
3835,4,188,12,94.0,1.75,2026-08-24 15:07:19
3836,1,156,44,78.0,1.62,2026-08-24 15:18:19
3837,6,158,42,79.0,1.63,2026-08-24 15:29:19
3838,2,170,30,85.0,1.68,2026-08-24 15:40:19
3839,8,198,2,99.0,1.79,2026-08-24 15:51:19
3840,13,178,22,89.0,1.71,2026-08-24 16:02:19
3841,15,189,11,94.5,1.76,2026-08-24 16:13:19
3842,13,181,19,90.5,1.72,2026-08-24 16:24:19
3843,13,170,30,85.0,1.68,2026-08-24 16:35:19
3844,13,137,63,68.5,1.55,2026-08-24 16:46:19
3845,11,192,8,96.0,1.77,2026-08-24 16:57:19
3846,3,140,60,70.0,1.56,2026-08-24 17:08:19
3847,15,151,49,75.5,1.6,2026-08-24 17:19:19
3848,11,146,54,73.0,1.58,2026-08-24 17:30:19
3849,8,182,18,91.0,1.73,2026-08-24 17:41:19
3850,6,157,43,78.5,1.63,2026-08-24 17:52:19
3851,7,163,37,81.5,1.65,2026-08-24 18:03:19
3852,13,165,35,82.5,1.66,2026-08-24 18:14:19
3853,13,163,37,81.5,1.65,2026-08-24 18:25:19
3854,3,169,31,84.5,1.68,2026-08-24 18:36:19
3855,7,180,20,90.0,1.72,2026-08-24 18:47:19
3856,11,171,29,85.5,1.68,2026-08-24 18:58:19
3857,9,54,146,27.0,1.22,2026-08-24 19:09:19
3858,1,58,142,29.0,1.23,2026-08-24 19:20:19
3859,11,65,135,32.5,1.26,2026-08-24 19:31:19
3860,15,46,154,23.0,1.18,2026-08-24 19:42:19
3861,3,25,175,12.5,1.1,2026-08-24 19:53:19
3862,7,53,147,26.5,1.21,2026-08-24 20:04:19
3863,5,45,155,22.5,1.18,2026-08-24 20:15:19
3864,3,33,167,16.5,1.13,2026-08-24 20:26:19
3865,13,82,118,41.0,1.33,2026-08-24 20:37:19
3866,2,54,146,27.0,1.22,2026-08-24 20:48:19
3867,3,41,159,20.5,1.16,2026-08-24 20:59:19
3868,14,52,148,26.0,1.21,2026-08-24 21:10:19
3869,3,58,142,29.0,1.23,2026-08-24 21:21:19
3870,14,85,115,42.5,1.34,2026-08-24 21:32:19
3871,12,54,146,27.0,1.22,2026-08-24 21:43:19
3872,5,31,169,15.5,1.12,2026-08-24 21:54:19
3873,2,68,132,34.0,1.27,2026-08-24 22:05:19
3874,14,71,129,35.5,1.28,2026-08-24 22:16:19
3875,5,77,123,38.5,1.31,2026-08-24 22:27:19
3876,5,66,134,33.0,1.26,2026-08-24 22:38:19
3877,6,39,161,19.5,1.16,2026-08-24 22:49:19
3878,3,67,133,33.5,1.27,2026-08-24 23:00:19
3879,1,78,122,39.0,1.31,2026-08-24 23:11:19
3880,15,47,153,23.5,1.19,2026-08-24 23:22:19
3881,1,65,135,32.5,1.26,2026-08-24 23:33:19
3882,5,43,157,21.5,1.17,2026-08-24 23:44:19
3883,10,45,155,22.5,1.18,2026-08-24 23:55:19
3884,10,54,146,27.0,1.22,2026-08-25 00:06:19
3885,7,65,135,32.5,1.26,2026-08-25 00:17:19
3886,14,46,154,23.0,1.18,2026-08-25 00:28:19
3887,1,46,154,23.0,1.18,2026-08-25 00:39:19
3888,3,45,155,22.5,1.18,2026-08-25 00:50:19
3889,5,72,128,36.0,1.29,2026-08-25 01:01:19
3890,8,56,144,28.0,1.22,2026-08-25 01:12:19
3891,11,88,112,44.0,1.35,2026-08-25 01:23:19
3892,11,53,147,26.5,1.21,2026-08-25 01:34:19
3893,14,53,147,26.5,1.21,2026-08-25 01:45:19
3894,11,69,131,34.5,1.28,2026-08-25 01:56:19
3895,3,66,134,33.0,1.26,2026-08-25 02:07:19
3896,10,55,145,27.5,1.22,2026-08-25 02:18:19
3897,3,51,149,25.5,1.2,2026-08-25 02:29:19
3898,1,79,121,39.5,1.32,2026-08-25 02:40:19
3899,14,48,152,24.0,1.19,2026-08-25 02:51:19
3900,11,66,134,33.0,1.26,2026-08-25 03:02:19
3901,9,74,126,37.0,1.3,2026-08-25 03:13:19
3902,8,28,172,14.0,1.11,2026-08-25 03:24:19
3903,11,52,148,26.0,1.21,2026-08-25 03:35:19
3904,7,70,130,35.0,1.28,2026-08-25 03:46:19
3905,1,88,112,44.0,1.35,2026-08-25 03:57:19
3906,10,89,111,44.5,1.36,2026-08-25 04:08:19
3907,14,38,162,19.0,1.15,2026-08-25 04:19:19
3908,4,61,139,30.5,1.24,2026-08-25 04:30:19
3909,8,87,113,43.5,1.35,2026-08-25 04:41:19
3910,14,51,149,25.5,1.2,2026-08-25 04:52:19
3911,15,63,137,31.5,1.25,2026-08-25 05:03:19
3912,11,36,164,18.0,1.14,2026-08-25 05:14:19
3913,8,60,140,30.0,1.24,2026-08-25 05:25:19
3914,11,80,120,40.0,1.32,2026-08-25 05:36:19
3915,5,46,154,23.0,1.18,2026-08-25 05:47:19
3916,12,46,154,23.0,1.18,2026-08-25 05:58:19
3917,12,80,120,40.0,1.32,2026-08-25 06:09:19
3918,12,85,115,42.5,1.34,2026-08-25 06:20:19
3919,10,62,138,31.0,1.25,2026-08-25 06:31:19
3920,1,47,153,23.5,1.19,2026-08-25 06:42:19
3921,15,66,134,33.0,1.26,2026-08-25 06:53:19
3922,5,54,146,27.0,1.22,2026-08-25 07:04:19
3923,3,52,148,26.0,1.21,2026-08-25 07:15:19
3924,1,99,101,49.5,1.4,2026-08-25 07:26:19
3925,15,72,128,36.0,1.29,2026-08-25 07:37:19
3926,3,81,119,40.5,1.32,2026-08-25 07:48:19
3927,5,53,147,26.5,1.21,2026-08-25 07:59:19
3928,15,61,139,30.5,1.24,2026-08-25 08:10:19
3929,6,83,117,41.5,1.33,2026-08-25 08:21:19
3930,13,92,108,46.0,1.37,2026-08-25 08:32:19
3931,2,45,155,22.5,1.18,2026-08-25 08:43:19
3932,13,61,139,30.5,1.24,2026-08-25 08:54:19
3933,3,183,17,91.5,1.73,2026-08-25 09:05:19
3934,10,164,36,82.0,1.66,2026-08-25 09:16:19
3935,14,177,23,88.5,1.71,2026-08-25 09:27:19
3936,4,167,33,83.5,1.67,2026-08-25 09:38:19
3937,5,156,44,78.0,1.62,2026-08-25 09:49:19
3938,8,178,22,89.0,1.71,2026-08-25 10:00:19
3939,7,162,38,81.0,1.65,2026-08-25 10:11:19
3940,1,156,44,78.0,1.62,2026-08-25 10:22:19
3941,8,179,21,89.5,1.72,2026-08-25 10:33:19
3942,8,148,52,74.0,1.59,2026-08-25 10:44:19
3943,7,166,34,83.0,1.66,2026-08-25 10:55:19
3944,1,165,35,82.5,1.66,2026-08-25 11:06:19
3945,14,157,43,78.5,1.63,2026-08-25 11:17:19
3946,2,141,59,70.5,1.56,2026-08-25 11:28:19
3947,14,158,42,79.0,1.63,2026-08-25 11:39:19
3948,13,187,13,93.5,1.75,2026-08-25 11:50:19
3949,1,186,14,93.0,1.74,2026-08-25 12:01:19
3950,8,127,73,63.5,1.51,2026-08-25 12:12:19
3951,7,163,37,81.5,1.65,2026-08-25 12:23:19
3952,7,151,49,75.5,1.6,2026-08-25 12:34:19
3953,12,161,39,80.5,1.64,2026-08-25 12:45:19
3954,8,169,31,84.5,1.68,2026-08-25 12:56:19
3955,1,183,17,91.5,1.73,2026-08-25 13:07:19
3956,4,159,41,79.5,1.64,2026-08-25 13:18:19
3957,15,125,75,62.5,1.5,2026-08-25 13:29:19
3958,12,170,30,85.0,1.68,2026-08-25 13:40:19
3959,10,178,22,89.0,1.71,2026-08-25 13:51:19
3960,4,165,35,82.5,1.66,2026-08-25 14:02:19
3961,2,140,60,70.0,1.56,2026-08-25 14:13:19
3962,8,198,2,99.0,1.79,2026-08-25 14:24:19
3963,6,181,19,90.5,1.72,2026-08-25 14:35:19
3964,4,134,66,67.0,1.54,2026-08-25 14:46:19
3965,7,148,52,74.0,1.59,2026-08-25 14:57:19
3966,4,175,25,87.5,1.7,2026-08-25 15:08:19
3967,5,167,33,83.5,1.67,2026-08-25 15:19:19
3968,4,148,52,74.0,1.59,2026-08-25 15:30:19
3969,13,136,64,68.0,1.54,2026-08-25 15:41:19
3970,5,138,62,69.0,1.55,2026-08-25 15:52:19
3971,4,142,58,71.0,1.57,2026-08-25 16:03:19
3972,13,175,25,87.5,1.7,2026-08-25 16:14:19
3973,7,181,19,90.5,1.72,2026-08-25 16:25:19
3974,13,190,10,95.0,1.76,2026-08-25 16:36:19
3975,14,183,17,91.5,1.73,2026-08-25 16:47:19
3976,11,148,52,74.0,1.59,2026-08-25 16:58:19
3977,5,153,47,76.5,1.61,2026-08-25 17:09:19
3978,4,163,37,81.5,1.65,2026-08-25 17:20:19
3979,13,174,26,87.0,1.7,2026-08-25 17:31:19
3980,6,158,42,79.0,1.63,2026-08-25 17:42:19
3981,11,195,5,97.5,1.78,2026-08-25 17:53:19
3982,14,170,30,85.0,1.68,2026-08-25 18:04:19
3983,10,182,18,91.0,1.73,2026-08-25 18:15:19
3984,8,195,5,97.5,1.78,2026-08-25 18:26:19
3985,3,171,29,85.5,1.68,2026-08-25 18:37:19
3986,14,163,37,81.5,1.65,2026-08-25 18:48:19
3987,14,145,55,72.5,1.58,2026-08-25 18:59:19
3988,12,57,143,28.5,1.23,2026-08-25 19:10:19
3989,7,56,144,28.0,1.22,2026-08-25 19:21:19
3990,11,36,164,18.0,1.14,2026-08-25 19:32:19
3991,11,67,133,33.5,1.27,2026-08-25 19:43:19
3992,1,59,141,29.5,1.24,2026-08-25 19:54:19
3993,3,58,142,29.0,1.23,2026-08-25 20:05:19
3994,12,72,128,36.0,1.29,2026-08-25 20:16:19
3995,7,33,167,16.5,1.13,2026-08-25 20:27:19
3996,5,34,166,17.0,1.14,2026-08-25 20:38:19
3997,2,80,120,40.0,1.32,2026-08-25 20:49:19
3998,5,93,107,46.5,1.37,2026-08-25 21:00:19
3999,3,82,118,41.0,1.33,2026-08-25 21:11:19
4000,9,86,114,43.0,1.34,2026-08-25 21:22:19
4001,4,48,152,24.0,1.19,2026-08-25 21:33:19
4002,7,61,139,30.5,1.24,2026-08-25 21:44:19
4003,7,37,163,18.5,1.15,2026-08-25 21:55:19
4004,3,94,106,47.0,1.38,2026-08-25 22:06:19
4005,11,47,153,23.5,1.19,2026-08-25 22:17:19
4006,7,63,137,31.5,1.25,2026-08-25 22:28:19
4007,9,83,117,41.5,1.33,2026-08-25 22:39:19
4008,10,106,94,53.0,1.42,2026-08-25 22:50:19
4009,8,59,141,29.5,1.24,2026-08-25 23:01:19
4010,1,68,132,34.0,1.27,2026-08-25 23:12:19
4011,7,69,131,34.5,1.28,2026-08-25 23:23:19
4012,3,75,125,37.5,1.3,2026-08-25 23:34:19
4013,4,40,160,20.0,1.16,2026-08-25 23:45:19
4014,2,56,144,28.0,1.22,2026-08-25 23:56:19
4015,15,57,143,28.5,1.23,2026-08-26 00:07:19
4016,15,70,130,35.0,1.28,2026-08-26 00:18:19
4017,7,79,121,39.5,1.32,2026-08-26 00:29:19
4018,5,77,123,38.5,1.31,2026-08-26 00:40:19
4019,1,66,134,33.0,1.26,2026-08-26 00:51:19
4020,1,82,118,41.0,1.33,2026-08-26 01:02:19
4021,8,79,121,39.5,1.32,2026-08-26 01:13:19
4022,1,76,124,38.0,1.3,2026-08-26 01:24:19
4023,12,43,157,21.5,1.17,2026-08-26 01:35:19
4024,2,80,120,40.0,1.32,2026-08-26 01:46:19
4025,4,72,128,36.0,1.29,2026-08-26 01:57:19
4026,4,71,129,35.5,1.28,2026-08-26 02:08:19
4027,6,102,98,51.0,1.41,2026-08-26 02:19:19
4028,4,57,143,28.5,1.23,2026-08-26 02:30:19
4029,10,78,122,39.0,1.31,2026-08-26 02:41:19
4030,13,23,177,11.5,1.09,2026-08-26 02:52:19
4031,8,76,124,38.0,1.3,2026-08-26 03:03:19
4032,14,44,156,22.0,1.18,2026-08-26 03:14:19
4033,2,51,149,25.5,1.2,2026-08-26 03:25:19
4034,6,62,138,31.0,1.25,2026-08-26 03:36:19
4035,6,57,143,28.5,1.23,2026-08-26 03:47:19
4036,8,71,129,35.5,1.28,2026-08-26 03:58:19
4037,8,81,119,40.5,1.32,2026-08-26 04:09:19
4038,11,78,122,39.0,1.31,2026-08-26 04:20:19
4039,13,48,152,24.0,1.19,2026-08-26 04:31:19
4040,14,56,144,28.0,1.22,2026-08-26 04:42:19
4041,1,77,123,38.5,1.31,2026-08-26 04:53:19
4042,1,76,124,38.0,1.3,2026-08-26 05:04:19
4043,12,89,111,44.5,1.36,2026-08-26 05:15:19
4044,2,40,160,20.0,1.16,2026-08-26 05:26:19
4045,10,72,128,36.0,1.29,2026-08-26 05:37:19
4046,10,73,127,36.5,1.29,2026-08-26 05:48:19
4047,3,54,146,27.0,1.22,2026-08-26 05:59:19
4048,10,57,143,28.5,1.23,2026-08-26 06:10:19
4049,8,68,132,34.0,1.27,2026-08-26 06:21:19
4050,2,44,156,22.0,1.18,2026-08-26 06:32:19
4051,2,65,135,32.5,1.26,2026-08-26 06:43:19
4052,12,60,140,30.0,1.24,2026-08-26 06:54:19
4053,11,43,157,21.5,1.17,2026-08-26 07:05:19
4054,1,47,153,23.5,1.19,2026-08-26 07:16:19
4055,9,30,170,15.0,1.12,2026-08-26 07:27:19
4056,11,54,146,27.0,1.22,2026-08-26 07:38:19
4057,6,41,159,20.5,1.16,2026-08-26 07:49:19
4058,3,84,116,42.0,1.34,2026-08-26 08:00:19
4059,13,51,149,25.5,1.2,2026-08-26 08:11:19
4060,6,91,109,45.5,1.36,2026-08-26 08:22:19
4061,14,39,161,19.5,1.16,2026-08-26 08:33:19
4062,12,61,139,30.5,1.24,2026-08-26 08:44:19
4063,3,41,159,20.5,1.16,2026-08-26 08:55:19
4064,9,184,16,92.0,1.74,2026-08-26 09:06:19
4065,2,143,57,71.5,1.57,2026-08-26 09:17:19
4066,6,185,15,92.5,1.74,2026-08-26 09:28:19
4067,8,192,8,96.0,1.77,2026-08-26 09:39:19
4068,7,180,20,90.0,1.72,2026-08-26 09:50:19
4069,12,177,23,88.5,1.71,2026-08-26 10:01:19
4070,3,200,0,100.0,1.8,2026-08-26 10:12:19
4071,14,192,8,96.0,1.77,2026-08-26 10:23:19
4072,4,170,30,85.0,1.68,2026-08-26 10:34:19
4073,1,178,22,89.0,1.71,2026-08-26 10:45:19
4074,13,169,31,84.5,1.68,2026-08-26 10:56:19
4075,7,185,15,92.5,1.74,2026-08-26 11:07:19
4076,15,166,34,83.0,1.66,2026-08-26 11:18:19
4077,1,131,69,65.5,1.52,2026-08-26 11:29:19
4078,4,184,16,92.0,1.74,2026-08-26 11:40:19
4079,7,182,18,91.0,1.73,2026-08-26 11:51:19
4080,14,200,0,100.0,1.8,2026-08-26 12:02:19
4081,4,165,35,82.5,1.66,2026-08-26 12:13:19
4082,3,188,12,94.0,1.75,2026-08-26 12:24:19
4083,13,170,30,85.0,1.68,2026-08-26 12:35:19
4084,1,155,45,77.5,1.62,2026-08-26 12:46:19
4085,5,176,24,88.0,1.7,2026-08-26 12:57:19
4086,4,173,27,86.5,1.69,2026-08-26 13:08:19
4087,6,189,11,94.5,1.76,2026-08-26 13:19:19
4088,6,156,44,78.0,1.62,2026-08-26 13:30:19
4089,12,179,21,89.5,1.72,2026-08-26 13:41:19
4090,4,200,0,100.0,1.8,2026-08-26 13:52:19
4091,8,178,22,89.0,1.71,2026-08-26 14:03:19
4092,2,163,37,81.5,1.65,2026-08-26 14:14:19
4093,6,164,36,82.0,1.66,2026-08-26 14:25:19
4094,15,156,44,78.0,1.62,2026-08-26 14:36:19
4095,10,177,23,88.5,1.71,2026-08-26 14:47:19
4096,3,185,15,92.5,1.74,2026-08-26 14:58:19
4097,13,181,19,90.5,1.72,2026-08-26 15:09:19
4098,10,151,49,75.5,1.6,2026-08-26 15:20:19
4099,1,154,46,77.0,1.62,2026-08-26 15:31:19
4100,7,170,30,85.0,1.68,2026-08-26 15:42:19
4101,11,153,47,76.5,1.61,2026-08-26 15:53:19
4102,15,164,36,82.0,1.66,2026-08-26 16:04:19
4103,10,181,19,90.5,1.72,2026-08-26 16:15:19
4104,15,158,42,79.0,1.63,2026-08-26 16:26:19
4105,5,167,33,83.5,1.67,2026-08-26 16:37:19
4106,7,167,33,83.5,1.67,2026-08-26 16:48:19
4107,13,182,18,91.0,1.73,2026-08-26 16:59:19
4108,12,169,31,84.5,1.68,2026-08-26 17:10:19
4109,12,175,25,87.5,1.7,2026-08-26 17:21:19
4110,6,152,48,76.0,1.61,2026-08-26 17:32:19
4111,10,200,0,100.0,1.8,2026-08-26 17:43:19
4112,5,139,61,69.5,1.56,2026-08-26 17:54:19
4113,6,200,0,100.0,1.8,2026-08-26 18:05:19
4114,10,162,38,81.0,1.65,2026-08-26 18:16:19
4115,5,148,52,74.0,1.59,2026-08-26 18:27:19
4116,10,150,50,75.0,1.6,2026-08-26 18:38:19
4117,14,137,63,68.5,1.55,2026-08-26 18:49:19
4118,13,61,139,30.5,1.24,2026-08-26 19:00:19
4119,2,74,126,37.0,1.3,2026-08-26 19:11:19
4120,7,60,140,30.0,1.24,2026-08-26 19:22:19
4121,11,42,158,21.0,1.17,2026-08-26 19:33:19
4122,14,72,128,36.0,1.29,2026-08-26 19:44:19
4123,9,50,150,25.0,1.2,2026-08-26 19:55:19
4124,11,42,158,21.0,1.17,2026-08-26 20:06:19
4125,5,79,121,39.5,1.32,2026-08-26 20:17:19
4126,11,46,154,23.0,1.18,2026-08-26 20:28:19
4127,9,57,143,28.5,1.23,2026-08-26 20:39:19
4128,1,50,150,25.0,1.2,2026-08-26 20:50:19
4129,13,42,158,21.0,1.17,2026-08-26 21:01:19
4130,3,85,115,42.5,1.34,2026-08-26 21:12:19
4131,8,57,143,28.5,1.23,2026-08-26 21:23:19
4132,5,78,122,39.0,1.31,2026-08-26 21:34:19
4133,6,73,127,36.5,1.29,2026-08-26 21:45:19
4134,8,38,162,19.0,1.15,2026-08-26 21:56:19
4135,4,42,158,21.0,1.17,2026-08-26 22:07:19
4136,11,64,136,32.0,1.26,2026-08-26 22:18:19
4137,9,61,139,30.5,1.24,2026-08-26 22:29:19
4138,8,50,150,25.0,1.2,2026-08-26 22:40:19
4139,5,70,130,35.0,1.28,2026-08-26 22:51:19
4140,2,73,127,36.5,1.29,2026-08-26 23:02:19
4141,2,26,174,13.0,1.1,2026-08-26 23:13:19
4142,14,42,158,21.0,1.17,2026-08-26 23:24:19
4143,2,51,149,25.5,1.2,2026-08-26 23:35:19
4144,13,50,150,25.0,1.2,2026-08-26 23:46:19
4145,15,60,140,30.0,1.24,2026-08-26 23:57:19
4146,8,71,129,35.5,1.28,2026-08-27 00:08:19
4147,6,49,151,24.5,1.2,2026-08-27 00:19:19
4148,2,63,137,31.5,1.25,2026-08-27 00:30:19
4149,5,75,125,37.5,1.3,2026-08-27 00:41:19
4150,11,63,137,31.5,1.25,2026-08-27 00:52:19
4151,3,49,151,24.5,1.2,2026-08-27 01:03:19
4152,7,48,152,24.0,1.19,2026-08-27 01:14:19
4153,9,42,158,21.0,1.17,2026-08-27 01:25:19
4154,15,63,137,31.5,1.25,2026-08-27 01:36:19
4155,1,56,144,28.0,1.22,2026-08-27 01:47:19
4156,1,67,133,33.5,1.27,2026-08-27 01:58:19
4157,6,59,141,29.5,1.24,2026-08-27 02:09:19
4158,12,85,115,42.5,1.34,2026-08-27 02:20:19
4159,7,26,174,13.0,1.1,2026-08-27 02:31:19
4160,14,73,127,36.5,1.29,2026-08-27 02:42:19
4161,9,50,150,25.0,1.2,2026-08-27 02:53:19
4162,11,61,139,30.5,1.24,2026-08-27 03:04:19
4163,10,84,116,42.0,1.34,2026-08-27 03:15:19
4164,6,73,127,36.5,1.29,2026-08-27 03:26:19
4165,6,57,143,28.5,1.23,2026-08-27 03:37:19
4166,12,5,195,2.5,1.02,2026-08-27 03:48:19
4167,10,43,157,21.5,1.17,2026-08-27 03:59:19
4168,11,34,166,17.0,1.14,2026-08-27 04:10:19
4169,1,50,150,25.0,1.2,2026-08-27 04:21:19
4170,6,86,114,43.0,1.34,2026-08-27 04:32:19
4171,7,77,123,38.5,1.31,2026-08-27 04:43:19
4172,14,41,159,20.5,1.16,2026-08-27 04:54:19
4173,12,90,110,45.0,1.36,2026-08-27 05:05:19
4174,6,82,118,41.0,1.33,2026-08-27 05:16:19
4175,13,49,151,24.5,1.2,2026-08-27 05:27:19
4176,4,46,154,23.0,1.18,2026-08-27 05:38:19
4177,11,76,124,38.0,1.3,2026-08-27 05:49:19
4178,13,55,145,27.5,1.22,2026-08-27 06:00:19
4179,15,74,126,37.0,1.3,2026-08-27 06:11:19
4180,15,56,144,28.0,1.22,2026-08-27 06:22:19
4181,12,71,129,35.5,1.28,2026-08-27 06:33:19
4182,8,76,124,38.0,1.3,2026-08-27 06:44:19
4183,11,64,136,32.0,1.26,2026-08-27 06:55:19
4184,12,63,137,31.5,1.25,2026-08-27 07:06:19
4185,10,66,134,33.0,1.26,2026-08-27 07:17:19
4186,14,38,162,19.0,1.15,2026-08-27 07:28:19
4187,8,41,159,20.5,1.16,2026-08-27 07:39:19
4188,8,44,156,22.0,1.18,2026-08-27 07:50:19
4189,13,57,143,28.5,1.23,2026-08-27 08:01:19
4190,8,30,170,15.0,1.12,2026-08-27 08:12:19
4191,11,71,129,35.5,1.28,2026-08-27 08:23:19
4192,6,64,136,32.0,1.26,2026-08-27 08:34:19
4193,10,70,130,35.0,1.28,2026-08-27 08:45:19
4194,11,43,157,21.5,1.17,2026-08-27 08:56:19
4195,5,188,12,94.0,1.75,2026-08-27 09:07:19
4196,9,168,32,84.0,1.67,2026-08-27 09:18:19
4197,2,159,41,79.5,1.64,2026-08-27 09:29:19
4198,5,160,40,80.0,1.64,2026-08-27 09:40:19
4199,2,174,26,87.0,1.7,2026-08-27 09:51:19
4200,6,190,10,95.0,1.76,2026-08-27 10:02:19
4201,3,200,0,100.0,1.8,2026-08-27 10:13:19
4202,5,161,39,80.5,1.64,2026-08-27 10:24:19
4203,10,118,82,59.0,1.47,2026-08-27 10:35:19
4204,14,162,38,81.0,1.65,2026-08-27 10:46:19
4205,15,166,34,83.0,1.66,2026-08-27 10:57:19
4206,4,183,17,91.5,1.73,2026-08-27 11:08:19
4207,7,167,33,83.5,1.67,2026-08-27 11:19:19
4208,3,200,0,100.0,1.8,2026-08-27 11:30:19
4209,14,157,43,78.5,1.63,2026-08-27 11:41:19
4210,10,138,62,69.0,1.55,2026-08-27 11:52:19
4211,14,148,52,74.0,1.59,2026-08-27 12:03:19
4212,1,189,11,94.5,1.76,2026-08-27 12:14:19
4213,5,166,34,83.0,1.66,2026-08-27 12:25:19
4214,10,159,41,79.5,1.64,2026-08-27 12:36:19
4215,10,200,0,100.0,1.8,2026-08-27 12:47:19
4216,9,162,38,81.0,1.65,2026-08-27 12:58:19
4217,3,157,43,78.5,1.63,2026-08-27 13:09:19
4218,7,165,35,82.5,1.66,2026-08-27 13:20:19
4219,1,166,34,83.0,1.66,2026-08-27 13:31:19
4220,11,177,23,88.5,1.71,2026-08-27 13:42:19
4221,10,139,61,69.5,1.56,2026-08-27 13:53:19
4222,13,150,50,75.0,1.6,2026-08-27 14:04:19
4223,9,162,38,81.0,1.65,2026-08-27 14:15:19
4224,15,200,0,100.0,1.8,2026-08-27 14:26:19
4225,4,200,0,100.0,1.8,2026-08-27 14:37:19
4226,4,179,21,89.5,1.72,2026-08-27 14:48:19
4227,12,161,39,80.5,1.64,2026-08-27 14:59:19
4228,11,186,14,93.0,1.74,2026-08-27 15:10:19
4229,11,169,31,84.5,1.68,2026-08-27 15:21:19
4230,14,161,39,80.5,1.64,2026-08-27 15:32:19
4231,15,200,0,100.0,1.8,2026-08-27 15:43:19
4232,3,178,22,89.0,1.71,2026-08-27 15:54:19
4233,10,185,15,92.5,1.74,2026-08-27 16:05:19
4234,2,200,0,100.0,1.8,2026-08-27 16:16:19
4235,15,176,24,88.0,1.7,2026-08-27 16:27:19
4236,6,200,0,100.0,1.8,2026-08-27 16:38:19
4237,15,187,13,93.5,1.75,2026-08-27 16:49:19
4238,14,184,16,92.0,1.74,2026-08-27 17:00:19
4239,9,117,83,58.5,1.47,2026-08-27 17:11:19
4240,7,182,18,91.0,1.73,2026-08-27 17:22:19
4241,4,154,46,77.0,1.62,2026-08-27 17:33:19
4242,9,148,52,74.0,1.59,2026-08-27 17:44:19
4243,15,175,25,87.5,1.7,2026-08-27 17:55:19
4244,11,164,36,82.0,1.66,2026-08-27 18:06:19
4245,7,151,49,75.5,1.6,2026-08-27 18:17:19
4246,6,200,0,100.0,1.8,2026-08-27 18:28:19
4247,11,166,34,83.0,1.66,2026-08-27 18:39:19
4248,14,133,67,66.5,1.53,2026-08-27 18:50:19
4249,9,50,150,25.0,1.2,2026-08-27 19:01:19
4250,2,81,119,40.5,1.32,2026-08-27 19:12:19
4251,7,75,125,37.5,1.3,2026-08-27 19:23:19
4252,1,78,122,39.0,1.31,2026-08-27 19:34:19
4253,14,46,154,23.0,1.18,2026-08-27 19:45:19
4254,5,17,183,8.5,1.07,2026-08-27 19:56:19
4255,15,59,141,29.5,1.24,2026-08-27 20:07:19
4256,9,46,154,23.0,1.18,2026-08-27 20:18:19
4257,6,52,148,26.0,1.21,2026-08-27 20:29:19
4258,12,50,150,25.0,1.2,2026-08-27 20:40:19
4259,1,69,131,34.5,1.28,2026-08-27 20:51:19
4260,3,40,160,20.0,1.16,2026-08-27 21:02:19
4261,11,35,165,17.5,1.14,2026-08-27 21:13:19
4262,11,20,180,10.0,1.08,2026-08-27 21:24:19
4263,1,52,148,26.0,1.21,2026-08-27 21:35:19
4264,3,33,167,16.5,1.13,2026-08-27 21:46:19
4265,6,71,129,35.5,1.28,2026-08-27 21:57:19
4266,11,99,101,49.5,1.4,2026-08-27 22:08:19
4267,5,60,140,30.0,1.24,2026-08-27 22:19:19
4268,15,73,127,36.5,1.29,2026-08-27 22:30:19
4269,3,68,132,34.0,1.27,2026-08-27 22:41:19
4270,7,76,124,38.0,1.3,2026-08-27 22:52:19
4271,10,47,153,23.5,1.19,2026-08-27 23:03:19
4272,6,78,122,39.0,1.31,2026-08-27 23:14:19
4273,5,5,195,2.5,1.02,2026-08-27 23:25:19
4274,6,66,134,33.0,1.26,2026-08-27 23:36:19
4275,15,73,127,36.5,1.29,2026-08-27 23:47:19
4276,2,49,151,24.5,1.2,2026-08-27 23:58:19
4277,12,59,141,29.5,1.24,2026-08-28 00:09:19
4278,5,90,110,45.0,1.36,2026-08-28 00:20:19
4279,13,51,149,25.5,1.2,2026-08-28 00:31:19
4280,5,47,153,23.5,1.19,2026-08-28 00:42:19
4281,4,73,127,36.5,1.29,2026-08-28 00:53:19
4282,13,51,149,25.5,1.2,2026-08-28 01:04:19
4283,10,75,125,37.5,1.3,2026-08-28 01:15:19
4284,7,93,107,46.5,1.37,2026-08-28 01:26:19
4285,8,48,152,24.0,1.19,2026-08-28 01:37:19
4286,10,66,134,33.0,1.26,2026-08-28 01:48:19
4287,3,55,145,27.5,1.22,2026-08-28 01:59:19
4288,2,66,134,33.0,1.26,2026-08-28 02:10:19
4289,11,64,136,32.0,1.26,2026-08-28 02:21:19
4290,13,69,131,34.5,1.28,2026-08-28 02:32:19
4291,9,108,92,54.0,1.43,2026-08-28 02:43:19
4292,1,67,133,33.5,1.27,2026-08-28 02:54:19
4293,8,52,148,26.0,1.21,2026-08-28 03:05:19
4294,2,60,140,30.0,1.24,2026-08-28 03:16:19
4295,2,63,137,31.5,1.25,2026-08-28 03:27:19
4296,4,75,125,37.5,1.3,2026-08-28 03:38:19
4297,4,49,151,24.5,1.2,2026-08-28 03:49:19
4298,3,81,119,40.5,1.32,2026-08-28 04:00:19
4299,9,78,122,39.0,1.31,2026-08-28 04:11:19
4300,14,56,144,28.0,1.22,2026-08-28 04:22:19
4301,4,85,115,42.5,1.34,2026-08-28 04:33:19
4302,5,66,134,33.0,1.26,2026-08-28 04:44:19
4303,6,66,134,33.0,1.26,2026-08-28 04:55:19
4304,12,74,126,37.0,1.3,2026-08-28 05:06:19
4305,15,70,130,35.0,1.28,2026-08-28 05:17:19
4306,11,66,134,33.0,1.26,2026-08-28 05:28:19
4307,3,67,133,33.5,1.27,2026-08-28 05:39:19
4308,7,45,155,22.5,1.18,2026-08-28 05:50:19
4309,7,84,116,42.0,1.34,2026-08-28 06:01:19
4310,7,78,122,39.0,1.31,2026-08-28 06:12:19
4311,12,54,146,27.0,1.22,2026-08-28 06:23:19
4312,5,58,142,29.0,1.23,2026-08-28 06:34:19
4313,12,57,143,28.5,1.23,2026-08-28 06:45:19
4314,9,55,145,27.5,1.22,2026-08-28 06:56:19
4315,3,73,127,36.5,1.29,2026-08-28 07:07:19
4316,12,79,121,39.5,1.32,2026-08-28 07:18:19
4317,3,92,108,46.0,1.37,2026-08-28 07:29:19
4318,9,68,132,34.0,1.27,2026-08-28 07:40:19
4319,5,79,121,39.5,1.32,2026-08-28 07:51:19
4320,4,50,150,25.0,1.2,2026-08-28 08:02:19
4321,2,47,153,23.5,1.19,2026-08-28 08:13:19
4322,14,38,162,19.0,1.15,2026-08-28 08:24:19
4323,12,22,178,11.0,1.09,2026-08-28 08:35:19
4324,11,63,137,31.5,1.25,2026-08-28 08:46:19
4325,12,50,150,25.0,1.2,2026-08-28 08:57:19
4326,12,170,30,85.0,1.68,2026-08-28 09:08:19
4327,10,198,2,99.0,1.79,2026-08-28 09:19:19
4328,12,167,33,83.5,1.67,2026-08-28 09:30:19
4329,14,183,17,91.5,1.73,2026-08-28 09:41:19
4330,1,186,14,93.0,1.74,2026-08-28 09:52:19
4331,15,168,32,84.0,1.67,2026-08-28 10:03:19
4332,4,178,22,89.0,1.71,2026-08-28 10:14:19
4333,6,176,24,88.0,1.7,2026-08-28 10:25:19
4334,12,138,62,69.0,1.55,2026-08-28 10:36:19
4335,10,143,57,71.5,1.57,2026-08-28 10:47:19
4336,5,159,41,79.5,1.64,2026-08-28 10:58:19
4337,9,200,0,100.0,1.8,2026-08-28 11:09:19
4338,11,164,36,82.0,1.66,2026-08-28 11:20:19
4339,2,179,21,89.5,1.72,2026-08-28 11:31:19
4340,4,175,25,87.5,1.7,2026-08-28 11:42:19
4341,12,181,19,90.5,1.72,2026-08-28 11:53:19
4342,15,158,42,79.0,1.63,2026-08-28 12:04:19
4343,10,185,15,92.5,1.74,2026-08-28 12:15:19
4344,4,148,52,74.0,1.59,2026-08-28 12:26:19
4345,6,159,41,79.5,1.64,2026-08-28 12:37:19
4346,12,158,42,79.0,1.63,2026-08-28 12:48:19
4347,4,160,40,80.0,1.64,2026-08-28 12:59:19
4348,7,187,13,93.5,1.75,2026-08-28 13:10:19
4349,15,179,21,89.5,1.72,2026-08-28 13:21:19
4350,2,162,38,81.0,1.65,2026-08-28 13:32:19
4351,7,190,10,95.0,1.76,2026-08-28 13:43:19
4352,8,162,38,81.0,1.65,2026-08-28 13:54:19
4353,6,154,46,77.0,1.62,2026-08-28 14:05:19
4354,12,175,25,87.5,1.7,2026-08-28 14:16:19
4355,7,153,47,76.5,1.61,2026-08-28 14:27:19
4356,11,148,52,74.0,1.59,2026-08-28 14:38:19
4357,14,147,53,73.5,1.59,2026-08-28 14:49:19
4358,14,173,27,86.5,1.69,2026-08-28 15:00:19
4359,13,182,18,91.0,1.73,2026-08-28 15:11:19
4360,5,184,16,92.0,1.74,2026-08-28 15:22:19
4361,8,182,18,91.0,1.73,2026-08-28 15:33:19
4362,7,148,52,74.0,1.59,2026-08-28 15:44:19
4363,2,163,37,81.5,1.65,2026-08-28 15:55:19
4364,9,176,24,88.0,1.7,2026-08-28 16:06:19
4365,7,175,25,87.5,1.7,2026-08-28 16:17:19
4366,4,123,77,61.5,1.49,2026-08-28 16:28:19
4367,12,152,48,76.0,1.61,2026-08-28 16:39:19
4368,10,179,21,89.5,1.72,2026-08-28 16:50:19
4369,2,200,0,100.0,1.8,2026-08-28 17:01:19
4370,7,166,34,83.0,1.66,2026-08-28 17:12:19
4371,15,112,88,56.0,1.45,2026-08-28 17:23:19
4372,4,200,0,100.0,1.8,2026-08-28 17:34:19
4373,8,167,33,83.5,1.67,2026-08-28 17:45:19
4374,2,166,34,83.0,1.66,2026-08-28 17:56:19
4375,3,177,23,88.5,1.71,2026-08-28 18:07:19
4376,2,172,28,86.0,1.69,2026-08-28 18:18:19
4377,2,169,31,84.5,1.68,2026-08-28 18:29:19
4378,12,196,4,98.0,1.78,2026-08-28 18:40:19
4379,5,168,32,84.0,1.67,2026-08-28 18:51:19
4380,13,94,106,47.0,1.38,2026-08-28 19:02:19
4381,15,27,173,13.5,1.11,2026-08-28 19:13:19
4382,2,64,136,32.0,1.26,2026-08-28 19:24:19
4383,8,68,132,34.0,1.27,2026-08-28 19:35:19
4384,10,91,109,45.5,1.36,2026-08-28 19:46:19
4385,1,18,182,9.0,1.07,2026-08-28 19:57:19
4386,3,76,124,38.0,1.3,2026-08-28 20:08:19
4387,15,69,131,34.5,1.28,2026-08-28 20:19:19
4388,7,90,110,45.0,1.36,2026-08-28 20:30:19
4389,7,47,153,23.5,1.19,2026-08-28 20:41:19
4390,2,60,140,30.0,1.24,2026-08-28 20:52:19
4391,8,43,157,21.5,1.17,2026-08-28 21:03:19
4392,10,43,157,21.5,1.17,2026-08-28 21:14:19
4393,14,73,127,36.5,1.29,2026-08-28 21:25:19
4394,2,78,122,39.0,1.31,2026-08-28 21:36:19
4395,4,42,158,21.0,1.17,2026-08-28 21:47:19
4396,11,71,129,35.5,1.28,2026-08-28 21:58:19
4397,8,63,137,31.5,1.25,2026-08-28 22:09:19
4398,8,47,153,23.5,1.19,2026-08-28 22:20:19
4399,14,79,121,39.5,1.32,2026-08-28 22:31:19
4400,6,32,168,16.0,1.13,2026-08-28 22:42:19
4401,3,83,117,41.5,1.33,2026-08-28 22:53:19
4402,13,44,156,22.0,1.18,2026-08-28 23:04:19
4403,10,43,157,21.5,1.17,2026-08-28 23:15:19
4404,5,62,138,31.0,1.25,2026-08-28 23:26:19
4405,3,56,144,28.0,1.22,2026-08-28 23:37:19
4406,3,60,140,30.0,1.24,2026-08-28 23:48:19
4407,5,45,155,22.5,1.18,2026-08-28 23:59:19
4408,4,37,163,18.5,1.15,2026-08-29 00:10:19
4409,2,54,146,27.0,1.22,2026-08-29 00:21:19
4410,12,65,135,32.5,1.26,2026-08-29 00:32:19
4411,3,93,107,46.5,1.37,2026-08-29 00:43:19
4412,15,29,171,14.5,1.12,2026-08-29 00:54:19
4413,2,103,97,51.5,1.41,2026-08-29 01:05:19
4414,9,132,68,66.0,1.53,2026-08-29 01:16:19
4415,11,59,141,29.5,1.24,2026-08-29 01:27:19
4416,5,71,129,35.5,1.28,2026-08-29 01:38:19
4417,7,39,161,19.5,1.16,2026-08-29 01:49:19
4418,7,37,163,18.5,1.15,2026-08-29 02:00:19
4419,15,90,110,45.0,1.36,2026-08-29 02:11:19
4420,9,51,149,25.5,1.2,2026-08-29 02:22:19
4421,12,74,126,37.0,1.3,2026-08-29 02:33:19
4422,11,96,104,48.0,1.38,2026-08-29 02:44:19
4423,12,62,138,31.0,1.25,2026-08-29 02:55:19
4424,5,73,127,36.5,1.29,2026-08-29 03:06:19
4425,12,62,138,31.0,1.25,2026-08-29 03:17:19
4426,6,67,133,33.5,1.27,2026-08-29 03:28:19
4427,8,87,113,43.5,1.35,2026-08-29 03:39:19
4428,7,71,129,35.5,1.28,2026-08-29 03:50:19
4429,10,52,148,26.0,1.21,2026-08-29 04:01:19
4430,11,99,101,49.5,1.4,2026-08-29 04:12:19
4431,1,54,146,27.0,1.22,2026-08-29 04:23:19
4432,6,73,127,36.5,1.29,2026-08-29 04:34:19
4433,8,23,177,11.5,1.09,2026-08-29 04:45:19
4434,4,60,140,30.0,1.24,2026-08-29 04:56:19
4435,5,87,113,43.5,1.35,2026-08-29 05:07:19
4436,12,74,126,37.0,1.3,2026-08-29 05:18:19
4437,7,50,150,25.0,1.2,2026-08-29 05:29:19
4438,6,81,119,40.5,1.32,2026-08-29 05:40:19
4439,6,25,175,12.5,1.1,2026-08-29 05:51:19
4440,8,64,136,32.0,1.26,2026-08-29 06:02:19
4441,2,60,140,30.0,1.24,2026-08-29 06:13:19
4442,8,55,145,27.5,1.22,2026-08-29 06:24:19
4443,1,40,160,20.0,1.16,2026-08-29 06:35:19
4444,14,45,155,22.5,1.18,2026-08-29 06:46:19
4445,3,88,112,44.0,1.35,2026-08-29 06:57:19
4446,4,57,143,28.5,1.23,2026-08-29 07:08:19
4447,8,54,146,27.0,1.22,2026-08-29 07:19:19
4448,2,75,125,37.5,1.3,2026-08-29 07:30:19
4449,5,56,144,28.0,1.22,2026-08-29 07:41:19
4450,1,61,139,30.5,1.24,2026-08-29 07:52:19
4451,14,52,148,26.0,1.21,2026-08-29 08:03:19
4452,10,33,167,16.5,1.13,2026-08-29 08:14:19
4453,1,67,133,33.5,1.27,2026-08-29 08:25:19
4454,11,36,164,18.0,1.14,2026-08-29 08:36:19
4455,6,52,148,26.0,1.21,2026-08-29 08:47:19
4456,6,37,163,18.5,1.15,2026-08-29 08:58:19
4457,15,131,69,65.5,1.52,2026-08-29 09:09:19
4458,15,147,53,73.5,1.59,2026-08-29 09:20:19
4459,4,185,15,92.5,1.74,2026-08-29 09:31:19
4460,6,160,40,80.0,1.64,2026-08-29 09:42:19
4461,10,158,42,79.0,1.63,2026-08-29 09:53:19
4462,12,143,57,71.5,1.57,2026-08-29 10:04:19
4463,10,181,19,90.5,1.72,2026-08-29 10:15:19
4464,6,177,23,88.5,1.71,2026-08-29 10:26:19
4465,10,165,35,82.5,1.66,2026-08-29 10:37:19
4466,10,182,18,91.0,1.73,2026-08-29 10:48:19
4467,10,184,16,92.0,1.74,2026-08-29 10:59:19
4468,8,153,47,76.5,1.61,2026-08-29 11:10:19
4469,10,177,23,88.5,1.71,2026-08-29 11:21:19
4470,9,172,28,86.0,1.69,2026-08-29 11:32:19
4471,9,154,46,77.0,1.62,2026-08-29 11:43:19
4472,3,149,51,74.5,1.6,2026-08-29 11:54:19
4473,6,164,36,82.0,1.66,2026-08-29 12:05:19
4474,9,144,56,72.0,1.58,2026-08-29 12:16:19
4475,7,189,11,94.5,1.76,2026-08-29 12:27:19
4476,11,153,47,76.5,1.61,2026-08-29 12:38:19
4477,1,174,26,87.0,1.7,2026-08-29 12:49:19
4478,4,158,42,79.0,1.63,2026-08-29 13:00:19
4479,14,145,55,72.5,1.58,2026-08-29 13:11:19
4480,4,162,38,81.0,1.65,2026-08-29 13:22:19
4481,6,172,28,86.0,1.69,2026-08-29 13:33:19
4482,4,184,16,92.0,1.74,2026-08-29 13:44:19
4483,4,167,33,83.5,1.67,2026-08-29 13:55:19
4484,9,137,63,68.5,1.55,2026-08-29 14:06:19
4485,8,146,54,73.0,1.58,2026-08-29 14:17:19
4486,9,178,22,89.0,1.71,2026-08-29 14:28:19
4487,14,158,42,79.0,1.63,2026-08-29 14:39:19
4488,11,160,40,80.0,1.64,2026-08-29 14:50:19
4489,10,166,34,83.0,1.66,2026-08-29 15:01:19
4490,8,172,28,86.0,1.69,2026-08-29 15:12:19
4491,11,185,15,92.5,1.74,2026-08-29 15:23:19
4492,15,176,24,88.0,1.7,2026-08-29 15:34:19
4493,8,189,11,94.5,1.76,2026-08-29 15:45:19
4494,5,171,29,85.5,1.68,2026-08-29 15:56:19
4495,8,149,51,74.5,1.6,2026-08-29 16:07:19
4496,15,158,42,79.0,1.63,2026-08-29 16:18:19
4497,10,162,38,81.0,1.65,2026-08-29 16:29:19
4498,6,147,53,73.5,1.59,2026-08-29 16:40:19
4499,6,149,51,74.5,1.6,2026-08-29 16:51:19
4500,10,175,25,87.5,1.7,2026-08-29 17:02:19
4501,12,169,31,84.5,1.68,2026-08-29 17:13:19
4502,8,179,21,89.5,1.72,2026-08-29 17:24:19
4503,4,134,66,67.0,1.54,2026-08-29 17:35:19
4504,9,183,17,91.5,1.73,2026-08-29 17:46:19
4505,11,160,40,80.0,1.64,2026-08-29 17:57:19
4506,8,175,25,87.5,1.7,2026-08-29 18:08:19
4507,9,182,18,91.0,1.73,2026-08-29 18:19:19
4508,12,166,34,83.0,1.66,2026-08-29 18:30:19
4509,3,200,0,100.0,1.8,2026-08-29 18:41:19
4510,6,175,25,87.5,1.7,2026-08-29 18:52:19
4511,2,65,135,32.5,1.26,2026-08-29 19:03:19
4512,12,34,166,17.0,1.14,2026-08-29 19:14:19
4513,12,66,134,33.0,1.26,2026-08-29 19:25:19
4514,4,73,127,36.5,1.29,2026-08-29 19:36:19
4515,12,84,116,42.0,1.34,2026-08-29 19:47:19
4516,1,68,132,34.0,1.27,2026-08-29 19:58:19
4517,4,35,165,17.5,1.14,2026-08-29 20:09:19
4518,12,51,149,25.5,1.2,2026-08-29 20:20:19
4519,7,68,132,34.0,1.27,2026-08-29 20:31:19
4520,8,66,134,33.0,1.26,2026-08-29 20:42:19
4521,7,29,171,14.5,1.12,2026-08-29 20:53:19
4522,7,63,137,31.5,1.25,2026-08-29 21:04:19
4523,2,29,171,14.5,1.12,2026-08-29 21:15:19
4524,12,37,163,18.5,1.15,2026-08-29 21:26:19
4525,1,82,118,41.0,1.33,2026-08-29 21:37:19
4526,10,23,177,11.5,1.09,2026-08-29 21:48:19
4527,9,58,142,29.0,1.23,2026-08-29 21:59:19
4528,6,50,150,25.0,1.2,2026-08-29 22:10:19
4529,10,67,133,33.5,1.27,2026-08-29 22:21:19
4530,9,27,173,13.5,1.11,2026-08-29 22:32:19
4531,14,45,155,22.5,1.18,2026-08-29 22:43:19
4532,7,58,142,29.0,1.23,2026-08-29 22:54:19
4533,3,74,126,37.0,1.3,2026-08-29 23:05:19
4534,3,72,128,36.0,1.29,2026-08-29 23:16:19
4535,12,47,153,23.5,1.19,2026-08-29 23:27:19
4536,10,95,105,47.5,1.38,2026-08-29 23:38:19
4537,13,43,157,21.5,1.17,2026-08-29 23:49:19
4538,3,91,109,45.5,1.36,2026-08-30 00:00:19
4539,15,44,156,22.0,1.18,2026-08-30 00:11:19
4540,1,55,145,27.5,1.22,2026-08-30 00:22:19
4541,11,50,150,25.0,1.2,2026-08-30 00:33:19
4542,7,91,109,45.5,1.36,2026-08-30 00:44:19
4543,13,54,146,27.0,1.22,2026-08-30 00:55:19
4544,11,66,134,33.0,1.26,2026-08-30 01:06:19
4545,10,70,130,35.0,1.28,2026-08-30 01:17:19
4546,13,32,168,16.0,1.13,2026-08-30 01:28:19
4547,11,46,154,23.0,1.18,2026-08-30 01:39:19
4548,6,35,165,17.5,1.14,2026-08-30 01:50:19
4549,14,42,158,21.0,1.17,2026-08-30 02:01:19
4550,14,56,144,28.0,1.22,2026-08-30 02:12:19
4551,14,29,171,14.5,1.12,2026-08-30 02:23:19
4552,2,48,152,24.0,1.19,2026-08-30 02:34:19
4553,4,31,169,15.5,1.12,2026-08-30 02:45:19
4554,4,41,159,20.5,1.16,2026-08-30 02:56:19
4555,15,56,144,28.0,1.22,2026-08-30 03:07:19
4556,4,32,168,16.0,1.13,2026-08-30 03:18:19
4557,5,36,164,18.0,1.14,2026-08-30 03:29:19
4558,7,74,126,37.0,1.3,2026-08-30 03:40:19
4559,10,58,142,29.0,1.23,2026-08-30 03:51:19
4560,8,71,129,35.5,1.28,2026-08-30 04:02:19
4561,7,43,157,21.5,1.17,2026-08-30 04:13:19
4562,12,82,118,41.0,1.33,2026-08-30 04:24:19
4563,13,30,170,15.0,1.12,2026-08-30 04:35:19
4564,10,36,164,18.0,1.14,2026-08-30 04:46:19
4565,15,53,147,26.5,1.21,2026-08-30 04:57:19
4566,9,70,130,35.0,1.28,2026-08-30 05:08:19
4567,4,87,113,43.5,1.35,2026-08-30 05:19:19
4568,5,55,145,27.5,1.22,2026-08-30 05:30:19
4569,12,27,173,13.5,1.11,2026-08-30 05:41:19
4570,3,61,139,30.5,1.24,2026-08-30 05:52:19
4571,12,100,100,50.0,1.4,2026-08-30 06:03:19
4572,1,52,148,26.0,1.21,2026-08-30 06:14:19
4573,3,58,142,29.0,1.23,2026-08-30 06:25:19
4574,14,21,179,10.5,1.08,2026-08-30 06:36:19
4575,1,95,105,47.5,1.38,2026-08-30 06:47:19
4576,9,95,105,47.5,1.38,2026-08-30 06:58:19
4577,12,84,116,42.0,1.34,2026-08-30 07:09:19
4578,1,45,155,22.5,1.18,2026-08-30 07:20:19
4579,11,96,104,48.0,1.38,2026-08-30 07:31:19
4580,3,57,143,28.5,1.23,2026-08-30 07:42:19
4581,7,55,145,27.5,1.22,2026-08-30 07:53:19
4582,14,73,127,36.5,1.29,2026-08-30 08:04:19
4583,5,93,107,46.5,1.37,2026-08-30 08:15:19
4584,15,27,173,13.5,1.11,2026-08-30 08:26:19
4585,10,90,110,45.0,1.36,2026-08-30 08:37:19
4586,12,49,151,24.5,1.2,2026-08-30 08:48:19
4587,15,63,137,31.5,1.25,2026-08-30 08:59:19
4588,14,137,63,68.5,1.55,2026-08-30 09:10:19
4589,6,176,24,88.0,1.7,2026-08-30 09:21:19
4590,4,173,27,86.5,1.69,2026-08-30 09:32:19
4591,10,155,45,77.5,1.62,2026-08-30 09:43:19
4592,6,170,30,85.0,1.68,2026-08-30 09:54:19
4593,1,164,36,82.0,1.66,2026-08-30 10:05:19
4594,6,200,0,100.0,1.8,2026-08-30 10:16:19
4595,12,174,26,87.0,1.7,2026-08-30 10:27:19
4596,4,196,4,98.0,1.78,2026-08-30 10:38:19
4597,5,193,7,96.5,1.77,2026-08-30 10:49:19
4598,8,178,22,89.0,1.71,2026-08-30 11:00:19
4599,3,159,41,79.5,1.64,2026-08-30 11:11:19
4600,8,195,5,97.5,1.78,2026-08-30 11:22:19
4601,1,165,35,82.5,1.66,2026-08-30 11:33:19
4602,10,179,21,89.5,1.72,2026-08-30 11:44:19
4603,2,164,36,82.0,1.66,2026-08-30 11:55:19
4604,6,200,0,100.0,1.8,2026-08-30 12:06:19
4605,10,137,63,68.5,1.55,2026-08-30 12:17:19
4606,12,172,28,86.0,1.69,2026-08-30 12:28:19
4607,9,125,75,62.5,1.5,2026-08-30 12:39:19
4608,7,200,0,100.0,1.8,2026-08-30 12:50:19
4609,12,171,29,85.5,1.68,2026-08-30 13:01:19
4610,3,198,2,99.0,1.79,2026-08-30 13:12:19
4611,8,152,48,76.0,1.61,2026-08-30 13:23:19
4612,6,147,53,73.5,1.59,2026-08-30 13:34:19
4613,15,155,45,77.5,1.62,2026-08-30 13:45:19
4614,7,165,35,82.5,1.66,2026-08-30 13:56:19
4615,10,176,24,88.0,1.7,2026-08-30 14:07:19
4616,7,176,24,88.0,1.7,2026-08-30 14:18:19
4617,5,161,39,80.5,1.64,2026-08-30 14:29:19
4618,1,150,50,75.0,1.6,2026-08-30 14:40:19
4619,5,165,35,82.5,1.66,2026-08-30 14:51:19
4620,14,177,23,88.5,1.71,2026-08-30 15:02:19
4621,4,173,27,86.5,1.69,2026-08-30 15:13:19
4622,2,182,18,91.0,1.73,2026-08-30 15:24:19
4623,14,156,44,78.0,1.62,2026-08-30 15:35:19
4624,12,120,80,60.0,1.48,2026-08-30 15:46:19
4625,10,165,35,82.5,1.66,2026-08-30 15:57:19
4626,9,192,8,96.0,1.77,2026-08-30 16:08:19
4627,4,183,17,91.5,1.73,2026-08-30 16:19:19
4628,7,165,35,82.5,1.66,2026-08-30 16:30:19
4629,9,165,35,82.5,1.66,2026-08-30 16:41:19
4630,14,112,88,56.0,1.45,2026-08-30 16:52:19
4631,7,195,5,97.5,1.78,2026-08-30 17:03:19
4632,9,141,59,70.5,1.56,2026-08-30 17:14:19
4633,13,200,0,100.0,1.8,2026-08-30 17:25:19
4634,6,181,19,90.5,1.72,2026-08-30 17:36:19
4635,8,169,31,84.5,1.68,2026-08-30 17:47:19
4636,2,167,33,83.5,1.67,2026-08-30 17:58:19
4637,3,174,26,87.0,1.7,2026-08-30 18:09:19
4638,6,191,9,95.5,1.76,2026-08-30 18:20:19
4639,11,178,22,89.0,1.71,2026-08-30 18:31:19
4640,3,168,32,84.0,1.67,2026-08-30 18:42:19
4641,12,148,52,74.0,1.59,2026-08-30 18:53:19
4642,13,58,142,29.0,1.23,2026-08-30 19:04:19
4643,10,64,136,32.0,1.26,2026-08-30 19:15:19
4644,10,58,142,29.0,1.23,2026-08-30 19:26:19
4645,2,24,176,12.0,1.1,2026-08-30 19:37:19
4646,6,70,130,35.0,1.28,2026-08-30 19:48:19
4647,3,78,122,39.0,1.31,2026-08-30 19:59:19
4648,4,81,119,40.5,1.32,2026-08-30 20:10:19
4649,8,62,138,31.0,1.25,2026-08-30 20:21:19
4650,15,51,149,25.5,1.2,2026-08-30 20:32:19
4651,2,77,123,38.5,1.31,2026-08-30 20:43:19
4652,10,43,157,21.5,1.17,2026-08-30 20:54:19
4653,14,60,140,30.0,1.24,2026-08-30 21:05:19
4654,7,86,114,43.0,1.34,2026-08-30 21:16:19
4655,3,32,168,16.0,1.13,2026-08-30 21:27:19
4656,11,61,139,30.5,1.24,2026-08-30 21:38:19
4657,4,81,119,40.5,1.32,2026-08-30 21:49:19
4658,10,32,168,16.0,1.13,2026-08-30 22:00:19
4659,9,82,118,41.0,1.33,2026-08-30 22:11:19
4660,8,88,112,44.0,1.35,2026-08-30 22:22:19
4661,2,46,154,23.0,1.18,2026-08-30 22:33:19
4662,15,37,163,18.5,1.15,2026-08-30 22:44:19
4663,7,32,168,16.0,1.13,2026-08-30 22:55:19
4664,12,94,106,47.0,1.38,2026-08-30 23:06:19
4665,9,50,150,25.0,1.2,2026-08-30 23:17:19
4666,1,48,152,24.0,1.19,2026-08-30 23:28:19
4667,3,61,139,30.5,1.24,2026-08-30 23:39:19
4668,7,78,122,39.0,1.31,2026-08-30 23:50:19
4669,7,38,162,19.0,1.15,2026-08-31 00:01:19
4670,2,57,143,28.5,1.23,2026-08-31 00:12:19
4671,10,72,128,36.0,1.29,2026-08-31 00:23:19
4672,3,54,146,27.0,1.22,2026-08-31 00:34:19
4673,8,48,152,24.0,1.19,2026-08-31 00:45:19
4674,9,57,143,28.5,1.23,2026-08-31 00:56:19
4675,15,36,164,18.0,1.14,2026-08-31 01:07:19
4676,4,78,122,39.0,1.31,2026-08-31 01:18:19
4677,8,36,164,18.0,1.14,2026-08-31 01:29:19
4678,1,74,126,37.0,1.3,2026-08-31 01:40:19
4679,14,67,133,33.5,1.27,2026-08-31 01:51:19
4680,1,86,114,43.0,1.34,2026-08-31 02:02:19
4681,7,81,119,40.5,1.32,2026-08-31 02:13:19
4682,7,64,136,32.0,1.26,2026-08-31 02:24:19
4683,12,73,127,36.5,1.29,2026-08-31 02:35:19
4684,1,95,105,47.5,1.38,2026-08-31 02:46:19
4685,14,63,137,31.5,1.25,2026-08-31 02:57:19
4686,4,85,115,42.5,1.34,2026-08-31 03:08:19
4687,7,41,159,20.5,1.16,2026-08-31 03:19:19
4688,8,50,150,25.0,1.2,2026-08-31 03:30:19
4689,10,73,127,36.5,1.29,2026-08-31 03:41:19
4690,8,41,159,20.5,1.16,2026-08-31 03:52:19
4691,4,86,114,43.0,1.34,2026-08-31 04:03:19
4692,6,41,159,20.5,1.16,2026-08-31 04:14:19
4693,11,51,149,25.5,1.2,2026-08-31 04:25:19
4694,12,83,117,41.5,1.33,2026-08-31 04:36:19
4695,1,56,144,28.0,1.22,2026-08-31 04:47:19
4696,4,57,143,28.5,1.23,2026-08-31 04:58:19
4697,4,93,107,46.5,1.37,2026-08-31 05:09:19
4698,4,85,115,42.5,1.34,2026-08-31 05:20:19
4699,7,54,146,27.0,1.22,2026-08-31 05:31:19
4700,12,43,157,21.5,1.17,2026-08-31 05:42:19
4701,7,56,144,28.0,1.22,2026-08-31 05:53:19
4702,10,7,193,3.5,1.03,2026-08-31 06:04:19
4703,9,75,125,37.5,1.3,2026-08-31 06:15:19
4704,4,68,132,34.0,1.27,2026-08-31 06:26:19
4705,4,94,106,47.0,1.38,2026-08-31 06:37:19
4706,5,38,162,19.0,1.15,2026-08-31 06:48:19
4707,11,69,131,34.5,1.28,2026-08-31 06:59:19
4708,14,80,120,40.0,1.32,2026-08-31 07:10:19
4709,9,72,128,36.0,1.29,2026-08-31 07:21:19
4710,5,64,136,32.0,1.26,2026-08-31 07:32:19
4711,3,67,133,33.5,1.27,2026-08-31 07:43:19
4712,13,75,125,37.5,1.3,2026-08-31 07:54:19
4713,15,46,154,23.0,1.18,2026-08-31 08:05:19
4714,14,72,128,36.0,1.29,2026-08-31 08:16:19
4715,8,53,147,26.5,1.21,2026-08-31 08:27:19
4716,10,70,130,35.0,1.28,2026-08-31 08:38:19
4717,8,98,102,49.0,1.39,2026-08-31 08:49:19
4718,11,136,64,68.0,1.54,2026-08-31 09:00:19
4719,12,158,42,79.0,1.63,2026-08-31 09:11:19
4720,10,143,57,71.5,1.57,2026-08-31 09:22:19
4721,6,154,46,77.0,1.62,2026-08-31 09:33:19
4722,4,200,0,100.0,1.8,2026-08-31 09:44:19
4723,7,127,73,63.5,1.51,2026-08-31 09:55:19
4724,12,162,38,81.0,1.65,2026-08-31 10:06:19
4725,11,191,9,95.5,1.76,2026-08-31 10:17:19
4726,8,148,52,74.0,1.59,2026-08-31 10:28:19
4727,12,173,27,86.5,1.69,2026-08-31 10:39:19
4728,3,160,40,80.0,1.64,2026-08-31 10:50:19
4729,10,147,53,73.5,1.59,2026-08-31 11:01:19
4730,5,158,42,79.0,1.63,2026-08-31 11:12:19
4731,15,166,34,83.0,1.66,2026-08-31 11:23:19
4732,2,166,34,83.0,1.66,2026-08-31 11:34:19
4733,3,140,60,70.0,1.56,2026-08-31 11:45:19
4734,3,194,6,97.0,1.78,2026-08-31 11:56:19
4735,8,170,30,85.0,1.68,2026-08-31 12:07:19
4736,15,173,27,86.5,1.69,2026-08-31 12:18:19
4737,4,187,13,93.5,1.75,2026-08-31 12:29:19
4738,10,161,39,80.5,1.64,2026-08-31 12:40:19
4739,1,147,53,73.5,1.59,2026-08-31 12:51:19
4740,6,200,0,100.0,1.8,2026-08-31 13:02:19
4741,5,148,52,74.0,1.59,2026-08-31 13:13:19
4742,11,153,47,76.5,1.61,2026-08-31 13:24:19
4743,9,151,49,75.5,1.6,2026-08-31 13:35:19
4744,10,174,26,87.0,1.7,2026-08-31 13:46:19
4745,11,183,17,91.5,1.73,2026-08-31 13:57:19
4746,2,156,44,78.0,1.62,2026-08-31 14:08:19
4747,8,164,36,82.0,1.66,2026-08-31 14:19:19
4748,3,194,6,97.0,1.78,2026-08-31 14:30:19
4749,13,168,32,84.0,1.67,2026-08-31 14:41:19
4750,6,167,33,83.5,1.67,2026-08-31 14:52:19
4751,15,189,11,94.5,1.76,2026-08-31 15:03:19
4752,12,177,23,88.5,1.71,2026-08-31 15:14:19
4753,15,147,53,73.5,1.59,2026-08-31 15:25:19
4754,6,174,26,87.0,1.7,2026-08-31 15:36:19
4755,4,156,44,78.0,1.62,2026-08-31 15:47:19
4756,1,129,71,64.5,1.52,2026-08-31 15:58:19
4757,2,195,5,97.5,1.78,2026-08-31 16:09:19
4758,4,166,34,83.0,1.66,2026-08-31 16:20:19
4759,12,169,31,84.5,1.68,2026-08-31 16:31:19
4760,3,182,18,91.0,1.73,2026-08-31 16:42:19
4761,13,186,14,93.0,1.74,2026-08-31 16:53:19
4762,1,166,34,83.0,1.66,2026-08-31 17:04:19
4763,2,198,2,99.0,1.79,2026-08-31 17:15:19
4764,3,153,47,76.5,1.61,2026-08-31 17:26:19
4765,13,193,7,96.5,1.77,2026-08-31 17:37:19
4766,13,174,26,87.0,1.7,2026-08-31 17:48:19
4767,14,143,57,71.5,1.57,2026-08-31 17:59:19
4768,4,156,44,78.0,1.62,2026-08-31 18:10:19
4769,2,182,18,91.0,1.73,2026-08-31 18:21:19
4770,7,177,23,88.5,1.71,2026-08-31 18:32:19
4771,11,167,33,83.5,1.67,2026-08-31 18:43:19
4772,6,196,4,98.0,1.78,2026-08-31 18:54:19
4773,5,38,162,19.0,1.15,2026-08-31 19:05:19
4774,9,57,143,28.5,1.23,2026-08-31 19:16:19
4775,13,91,109,45.5,1.36,2026-08-31 19:27:19
4776,14,13,187,6.5,1.05,2026-08-31 19:38:19
4777,5,89,111,44.5,1.36,2026-08-31 19:49:19
4778,5,48,152,24.0,1.19,2026-08-31 20:00:19
4779,12,37,163,18.5,1.15,2026-08-31 20:11:19
4780,12,44,156,22.0,1.18,2026-08-31 20:22:19
4781,5,56,144,28.0,1.22,2026-08-31 20:33:19
4782,12,61,139,30.5,1.24,2026-08-31 20:44:19
4783,7,52,148,26.0,1.21,2026-08-31 20:55:19
4784,14,36,164,18.0,1.14,2026-08-31 21:06:19
4785,12,94,106,47.0,1.38,2026-08-31 21:17:19
4786,9,71,129,35.5,1.28,2026-08-31 21:28:19
4787,1,53,147,26.5,1.21,2026-08-31 21:39:19
4788,15,17,183,8.5,1.07,2026-08-31 21:50:19
4789,15,36,164,18.0,1.14,2026-08-31 22:01:19
4790,6,72,128,36.0,1.29,2026-08-31 22:12:19
4791,4,38,162,19.0,1.15,2026-08-31 22:23:19
4792,5,72,128,36.0,1.29,2026-08-31 22:34:19
4793,3,34,166,17.0,1.14,2026-08-31 22:45:19
4794,5,33,167,16.5,1.13,2026-08-31 22:56:19
4795,8,42,158,21.0,1.17,2026-08-31 23:07:19
4796,15,47,153,23.5,1.19,2026-08-31 23:18:19
4797,7,87,113,43.5,1.35,2026-08-31 23:29:19
4798,13,75,125,37.5,1.3,2026-08-31 23:40:19
4799,14,63,137,31.5,1.25,2026-08-31 23:51:19
4800,6,72,128,36.0,1.29,2026-09-01 00:02:19
4801,10,83,117,41.5,1.33,2026-09-01 00:13:19
4802,15,73,127,36.5,1.29,2026-09-01 00:24:19
4803,7,40,160,20.0,1.16,2026-09-01 00:35:19
4804,11,57,143,28.5,1.23,2026-09-01 00:46:19
4805,3,44,156,22.0,1.18,2026-09-01 00:57:19
4806,11,48,152,24.0,1.19,2026-09-01 01:08:19
4807,5,108,92,54.0,1.43,2026-09-01 01:19:19
4808,6,66,134,33.0,1.26,2026-09-01 01:30:19
4809,10,62,138,31.0,1.25,2026-09-01 01:41:19
4810,15,55,145,27.5,1.22,2026-09-01 01:52:19
4811,6,37,163,18.5,1.15,2026-09-01 02:03:19
4812,2,67,133,33.5,1.27,2026-09-01 02:14:19
4813,5,46,154,23.0,1.18,2026-09-01 02:25:19
4814,8,70,130,35.0,1.28,2026-09-01 02:36:19
4815,11,47,153,23.5,1.19,2026-09-01 02:47:19
4816,2,39,161,19.5,1.16,2026-09-01 02:58:19
4817,15,88,112,44.0,1.35,2026-09-01 03:09:19
4818,13,80,120,40.0,1.32,2026-09-01 03:20:19
4819,5,63,137,31.5,1.25,2026-09-01 03:31:19
4820,7,64,136,32.0,1.26,2026-09-01 03:42:19
4821,14,47,153,23.5,1.19,2026-09-01 03:53:19
4822,9,65,135,32.5,1.26,2026-09-01 04:04:19
4823,3,55,145,27.5,1.22,2026-09-01 04:15:19
4824,15,23,177,11.5,1.09,2026-09-01 04:26:19
4825,10,81,119,40.5,1.32,2026-09-01 04:37:19
4826,1,81,119,40.5,1.32,2026-09-01 04:48:19
4827,15,76,124,38.0,1.3,2026-09-01 04:59:19
4828,2,67,133,33.5,1.27,2026-09-01 05:10:19
4829,9,106,94,53.0,1.42,2026-09-01 05:21:19
4830,2,38,162,19.0,1.15,2026-09-01 05:32:19
4831,12,85,115,42.5,1.34,2026-09-01 05:43:19
4832,10,46,154,23.0,1.18,2026-09-01 05:54:19
4833,8,90,110,45.0,1.36,2026-09-01 06:05:19
4834,12,84,116,42.0,1.34,2026-09-01 06:16:19
4835,9,82,118,41.0,1.33,2026-09-01 06:27:19
4836,10,56,144,28.0,1.22,2026-09-01 06:38:19
4837,2,60,140,30.0,1.24,2026-09-01 06:49:19
4838,15,80,120,40.0,1.32,2026-09-01 07:00:19
4839,3,40,160,20.0,1.16,2026-09-01 07:11:19
4840,11,70,130,35.0,1.28,2026-09-01 07:22:19
4841,12,58,142,29.0,1.23,2026-09-01 07:33:19
4842,14,54,146,27.0,1.22,2026-09-01 07:44:19
4843,4,25,175,12.5,1.1,2026-09-01 07:55:19
4844,4,88,112,44.0,1.35,2026-09-01 08:06:19
4845,15,65,135,32.5,1.26,2026-09-01 08:17:19
4846,3,54,146,27.0,1.22,2026-09-01 08:28:19
4847,8,65,135,32.5,1.26,2026-09-01 08:39:19
4848,11,37,163,18.5,1.15,2026-09-01 08:50:19
4849,13,166,34,83.0,1.66,2026-09-01 09:01:19
4850,11,166,34,83.0,1.66,2026-09-01 09:12:19
4851,13,178,22,89.0,1.71,2026-09-01 09:23:19
4852,3,174,26,87.0,1.7,2026-09-01 09:34:19
4853,9,200,0,100.0,1.8,2026-09-01 09:45:19
4854,2,170,30,85.0,1.68,2026-09-01 09:56:19
4855,14,181,19,90.5,1.72,2026-09-01 10:07:19
4856,11,151,49,75.5,1.6,2026-09-01 10:18:19
4857,4,170,30,85.0,1.68,2026-09-01 10:29:19
4858,1,157,43,78.5,1.63,2026-09-01 10:40:19
4859,1,130,70,65.0,1.52,2026-09-01 10:51:19
4860,11,183,17,91.5,1.73,2026-09-01 11:02:19
4861,14,160,40,80.0,1.64,2026-09-01 11:13:19
4862,12,155,45,77.5,1.62,2026-09-01 11:24:19
4863,2,167,33,83.5,1.67,2026-09-01 11:35:19
4864,3,149,51,74.5,1.6,2026-09-01 11:46:19
4865,8,162,38,81.0,1.65,2026-09-01 11:57:19
4866,10,157,43,78.5,1.63,2026-09-01 12:08:19
4867,7,179,21,89.5,1.72,2026-09-01 12:19:19
4868,8,199,1,99.5,1.8,2026-09-01 12:30:19
4869,6,139,61,69.5,1.56,2026-09-01 12:41:19
4870,9,200,0,100.0,1.8,2026-09-01 12:52:19
4871,14,153,47,76.5,1.61,2026-09-01 13:03:19
4872,12,181,19,90.5,1.72,2026-09-01 13:14:19
4873,6,181,19,90.5,1.72,2026-09-01 13:25:19
4874,1,183,17,91.5,1.73,2026-09-01 13:36:19
4875,4,187,13,93.5,1.75,2026-09-01 13:47:19
4876,6,136,64,68.0,1.54,2026-09-01 13:58:19
4877,3,189,11,94.5,1.76,2026-09-01 14:09:19
4878,13,191,9,95.5,1.76,2026-09-01 14:20:19
4879,3,165,35,82.5,1.66,2026-09-01 14:31:19
4880,9,164,36,82.0,1.66,2026-09-01 14:42:19
4881,6,200,0,100.0,1.8,2026-09-01 14:53:19
4882,2,186,14,93.0,1.74,2026-09-01 15:04:19
4883,11,169,31,84.5,1.68,2026-09-01 15:15:19
4884,5,157,43,78.5,1.63,2026-09-01 15:26:19
4885,11,151,49,75.5,1.6,2026-09-01 15:37:19
4886,14,165,35,82.5,1.66,2026-09-01 15:48:19
4887,11,135,65,67.5,1.54,2026-09-01 15:59:19
4888,15,175,25,87.5,1.7,2026-09-01 16:10:19
4889,10,178,22,89.0,1.71,2026-09-01 16:21:19
4890,7,163,37,81.5,1.65,2026-09-01 16:32:19
4891,15,146,54,73.0,1.58,2026-09-01 16:43:19
4892,12,178,22,89.0,1.71,2026-09-01 16:54:19
4893,14,172,28,86.0,1.69,2026-09-01 17:05:19
4894,3,153,47,76.5,1.61,2026-09-01 17:16:19
4895,9,148,52,74.0,1.59,2026-09-01 17:27:19
4896,15,169,31,84.5,1.68,2026-09-01 17:38:19
4897,14,174,26,87.0,1.7,2026-09-01 17:49:19
4898,14,167,33,83.5,1.67,2026-09-01 18:00:19
4899,4,158,42,79.0,1.63,2026-09-01 18:11:19
4900,13,160,40,80.0,1.64,2026-09-01 18:22:19
4901,13,134,66,67.0,1.54,2026-09-01 18:33:19
4902,10,189,11,94.5,1.76,2026-09-01 18:44:19
4903,12,188,12,94.0,1.75,2026-09-01 18:55:19
4904,4,55,145,27.5,1.22,2026-09-01 19:06:19
4905,12,94,106,47.0,1.38,2026-09-01 19:17:19
4906,10,56,144,28.0,1.22,2026-09-01 19:28:19
4907,13,19,181,9.5,1.08,2026-09-01 19:39:19
4908,13,63,137,31.5,1.25,2026-09-01 19:50:19
4909,12,91,109,45.5,1.36,2026-09-01 20:01:19
4910,1,75,125,37.5,1.3,2026-09-01 20:12:19
4911,10,51,149,25.5,1.2,2026-09-01 20:23:19
4912,3,32,168,16.0,1.13,2026-09-01 20:34:19
4913,4,71,129,35.5,1.28,2026-09-01 20:45:19
4914,8,27,173,13.5,1.11,2026-09-01 20:56:19
4915,2,68,132,34.0,1.27,2026-09-01 21:07:19
4916,9,48,152,24.0,1.19,2026-09-01 21:18:19
4917,11,47,153,23.5,1.19,2026-09-01 21:29:19
4918,1,49,151,24.5,1.2,2026-09-01 21:40:19
4919,10,88,112,44.0,1.35,2026-09-01 21:51:19
4920,12,17,183,8.5,1.07,2026-09-01 22:02:19
4921,8,82,118,41.0,1.33,2026-09-01 22:13:19
4922,4,74,126,37.0,1.3,2026-09-01 22:24:19
4923,7,37,163,18.5,1.15,2026-09-01 22:35:19
4924,10,88,112,44.0,1.35,2026-09-01 22:46:19
4925,4,67,133,33.5,1.27,2026-09-01 22:57:19
4926,15,42,158,21.0,1.17,2026-09-01 23:08:19
4927,6,60,140,30.0,1.24,2026-09-01 23:19:19
4928,5,86,114,43.0,1.34,2026-09-01 23:30:19
4929,3,55,145,27.5,1.22,2026-09-01 23:41:19
4930,5,51,149,25.5,1.2,2026-09-01 23:52:19
4931,12,67,133,33.5,1.27,2026-09-02 00:03:19
4932,15,33,167,16.5,1.13,2026-09-02 00:14:19
4933,11,83,117,41.5,1.33,2026-09-02 00:25:19
4934,12,32,168,16.0,1.13,2026-09-02 00:36:19
4935,3,26,174,13.0,1.1,2026-09-02 00:47:19
4936,14,62,138,31.0,1.25,2026-09-02 00:58:19
4937,2,40,160,20.0,1.16,2026-09-02 01:09:19
4938,6,58,142,29.0,1.23,2026-09-02 01:20:19
4939,15,47,153,23.5,1.19,2026-09-02 01:31:19
4940,15,62,138,31.0,1.25,2026-09-02 01:42:19
4941,6,84,116,42.0,1.34,2026-09-02 01:53:19
4942,4,69,131,34.5,1.28,2026-09-02 02:04:19
4943,13,87,113,43.5,1.35,2026-09-02 02:15:19
4944,8,61,139,30.5,1.24,2026-09-02 02:26:19
4945,12,55,145,27.5,1.22,2026-09-02 02:37:19
4946,3,62,138,31.0,1.25,2026-09-02 02:48:19
4947,9,51,149,25.5,1.2,2026-09-02 02:59:19
4948,9,44,156,22.0,1.18,2026-09-02 03:10:19
4949,14,58,142,29.0,1.23,2026-09-02 03:21:19
4950,6,93,107,46.5,1.37,2026-09-02 03:32:19
4951,13,78,122,39.0,1.31,2026-09-02 03:43:19
4952,5,63,137,31.5,1.25,2026-09-02 03:54:19
4953,7,61,139,30.5,1.24,2026-09-02 04:05:19
4954,13,67,133,33.5,1.27,2026-09-02 04:16:19
4955,2,21,179,10.5,1.08,2026-09-02 04:27:19
4956,7,83,117,41.5,1.33,2026-09-02 04:38:19
4957,7,53,147,26.5,1.21,2026-09-02 04:49:19
4958,7,28,172,14.0,1.11,2026-09-02 05:00:19
4959,6,89,111,44.5,1.36,2026-09-02 05:11:19
4960,11,77,123,38.5,1.31,2026-09-02 05:22:19
4961,1,78,122,39.0,1.31,2026-09-02 05:33:19
4962,12,58,142,29.0,1.23,2026-09-02 05:44:19
4963,8,83,117,41.5,1.33,2026-09-02 05:55:19
4964,8,53,147,26.5,1.21,2026-09-02 06:06:19
4965,6,40,160,20.0,1.16,2026-09-02 06:17:19
4966,5,46,154,23.0,1.18,2026-09-02 06:28:19
4967,7,71,129,35.5,1.28,2026-09-02 06:39:19
4968,14,45,155,22.5,1.18,2026-09-02 06:50:19
4969,3,88,112,44.0,1.35,2026-09-02 07:01:19
4970,7,46,154,23.0,1.18,2026-09-02 07:12:19
4971,13,36,164,18.0,1.14,2026-09-02 07:23:19
4972,5,74,126,37.0,1.3,2026-09-02 07:34:19
4973,4,72,128,36.0,1.29,2026-09-02 07:45:19
4974,5,10,190,5.0,1.04,2026-09-02 07:56:19
4975,1,14,186,7.0,1.06,2026-09-02 08:07:19
4976,13,44,156,22.0,1.18,2026-09-02 08:18:19
4977,3,84,116,42.0,1.34,2026-09-02 08:29:19
4978,1,22,178,11.0,1.09,2026-09-02 08:40:19
4979,11,98,102,49.0,1.39,2026-09-02 08:51:19
4980,13,167,33,83.5,1.67,2026-09-02 09:02:19
4981,11,168,32,84.0,1.67,2026-09-02 09:13:19
4982,7,185,15,92.5,1.74,2026-09-02 09:24:19
4983,7,172,28,86.0,1.69,2026-09-02 09:35:19
4984,5,176,24,88.0,1.7,2026-09-02 09:46:19
4985,5,178,22,89.0,1.71,2026-09-02 09:57:19
4986,1,175,25,87.5,1.7,2026-09-02 10:08:19
4987,2,172,28,86.0,1.69,2026-09-02 10:19:19
4988,15,153,47,76.5,1.61,2026-09-02 10:30:19
4989,2,167,33,83.5,1.67,2026-09-02 10:41:19
4990,7,170,30,85.0,1.68,2026-09-02 10:52:19
4991,2,176,24,88.0,1.7,2026-09-02 11:03:19
4992,2,179,21,89.5,1.72,2026-09-02 11:14:19
4993,5,161,39,80.5,1.64,2026-09-02 11:25:19
4994,3,189,11,94.5,1.76,2026-09-02 11:36:19
4995,9,158,42,79.0,1.63,2026-09-02 11:47:19
4996,15,159,41,79.5,1.64,2026-09-02 11:58:19
4997,11,174,26,87.0,1.7,2026-09-02 12:09:19
4998,8,165,35,82.5,1.66,2026-09-02 12:20:19
4999,3,170,30,85.0,1.68,2026-09-02 12:31:19
5000,8,187,13,93.5,1.75,2026-09-02 12:42:19
