id,station_id,aqi,pm2_5,pm10,co,no2,so2,o3,temperature_c,humidity_percent,recorded_at
1,7,62.9,27.0,54.0,0.72,28.5,9.3,48.2,18.4,37.7,2026-07-06 08:10:19
2,8,82.4,37.7,78.9,1.1,29.1,16.5,34.9,25.0,59.5,2026-07-06 08:18:19
3,7,85.0,36.7,73.0,1.03,37.8,13.8,49.6,35.1,58.5,2026-07-06 08:26:19
4,5,113.9,51.3,89.9,1.63,43.2,22.1,31.3,26.0,81.7,2026-07-06 08:34:19
5,1,52.9,23.2,42.7,0.77,22.3,10.6,43.0,35.0,50.3,2026-07-06 08:42:19
6,10,80.9,36.1,60.8,1.15,31.9,14.3,49.3,29.2,51.2,2026-07-06 08:50:19
7,6,104.1,46.6,85.1,1.32,40.4,16.9,50.8,19.2,64.7,2026-07-06 08:58:19
8,9,45.5,21.2,42.2,0.67,14.6,9.9,54.5,34.8,54.9,2026-07-06 09:06:19
9,10,51.0,23.1,33.5,0.77,18.8,9.4,28.4,19.7,51.2,2026-07-06 09:14:19
10,6,25.3,10.9,18.0,0.3,11.3,5.0,53.9,19.2,33.5,2026-07-06 09:22:19
11,4,76.9,34.1,58.7,0.95,31.0,15.2,44.5,26.4,64.9,2026-07-06 09:30:19
12,4,83.4,36.6,61.4,1.1,35.0,15.9,40.3,36.3,39.2,2026-07-06 09:38:19
13,7,67.2,30.5,44.1,0.93,24.5,13.5,30.9,35.2,45.5,2026-07-06 09:46:19
14,1,16.2,6.2,9.7,0.26,10.0,5.0,37.9,32.3,38.8,2026-07-06 09:54:19
15,5,127.1,56.7,84.9,1.77,50.1,21.4,39.8,34.9,73.3,2026-07-06 10:02:19
16,9,47.4,20.5,36.3,0.54,21.0,9.9,46.7,20.5,41.4,2026-07-06 10:10:19
17,7,52.9,23.6,42.0,0.7,20.9,8.7,42.9,25.2,51.7,2026-07-06 10:18:19
18,8,114.3,51.7,73.6,1.47,42.4,21.4,38.3,34.2,80.6,2026-07-06 10:26:19
19,1,42.6,18.5,33.9,0.62,18.5,7.4,52.2,25.1,64.9,2026-07-06 10:34:19
20,5,83.7,36.6,56.2,1.05,35.7,14.1,47.2,24.6,62.7,2026-07-06 10:42:19
21,10,120.2,54.0,99.3,1.54,46.0,22.3,52.0,36.9,43.8,2026-07-06 10:50:19
22,4,15.0,5.0,7.4,0.14,10.0,5.0,50.3,28.9,46.8,2026-07-06 10:58:19
23,10,131.4,59.3,102.3,1.81,49.4,21.9,32.7,32.4,43.9,2026-07-06 11:06:19
24,7,40.8,18.8,31.5,0.61,13.9,7.4,28.6,36.6,77.8,2026-07-06 11:14:19
25,8,59.5,27.5,44.1,0.83,19.9,10.8,46.9,35.5,35.5,2026-07-06 11:22:19
26,3,54.1,24.8,41.8,0.72,19.0,10.6,37.2,26.8,67.9,2026-07-06 11:30:19
27,10,119.3,54.1,84.9,1.61,43.8,21.9,49.1,21.5,59.1,2026-07-06 11:38:19
28,5,68.4,31.2,60.0,0.96,24.4,10.7,42.5,35.8,35.0,2026-07-06 11:46:19
29,8,87.5,39.6,74.5,1.19,32.5,16.1,49.7,30.9,62.2,2026-07-06 11:54:19
30,10,61.7,27.9,43.1,0.9,22.9,12.6,35.5,33.3,46.7,2026-07-06 12:02:19
31,2,54.2,23.6,44.6,0.76,23.5,10.6,25.9,22.2,62.7,2026-07-06 12:10:19
32,7,114.1,50.1,75.1,1.54,47.8,20.2,29.1,19.9,66.2,2026-07-06 12:18:19
33,10,91.1,41.1,75.9,1.14,34.2,15.2,46.7,19.8,31.8,2026-07-06 12:26:19
34,1,79.1,35.6,66.1,1.12,30.0,14.7,49.9,27.2,72.3,2026-07-06 12:34:19
35,2,112.3,50.3,79.3,1.51,43.5,21.1,26.0,19.0,81.6,2026-07-06 12:42:19
36,4,90.2,39.9,74.3,1.24,36.7,15.2,40.4,37.9,60.5,2026-07-06 12:50:19
37,4,94.3,41.9,65.4,1.18,37.8,15.5,29.7,23.2,33.6,2026-07-06 12:58:19
38,2,112.7,50.5,99.5,1.53,43.5,20.8,38.3,20.4,37.7,2026-07-06 13:06:19
39,5,26.2,11.8,17.6,0.32,10.0,5.0,49.6,26.6,41.0,2026-07-06 13:14:19
40,5,95.2,41.5,84.4,1.17,40.9,16.0,46.7,32.3,38.4,2026-07-06 13:22:19
41,4,85.9,38.4,68.3,1.16,33.6,15.3,34.6,29.8,34.0,2026-07-06 13:30:19
42,8,80.2,36.5,55.5,1.11,29.0,16.0,54.9,35.7,37.6,2026-07-06 13:38:19
43,7,62.9,28.1,50.0,0.85,24.6,10.7,31.1,26.3,84.5,2026-07-06 13:46:19
44,8,161.6,72.1,147.0,2.12,63.7,28.8,45.6,33.9,84.7,2026-07-06 13:54:19
45,8,42.3,19.6,36.3,0.58,14.0,8.0,36.3,26.2,56.5,2026-07-06 14:02:19
46,6,108.8,47.7,78.0,1.45,45.8,18.4,44.0,34.8,53.1,2026-07-06 14:10:19
47,10,53.6,24.2,40.0,0.8,20.1,11.0,51.2,24.8,54.9,2026-07-06 14:18:19
48,1,121.6,54.8,81.0,1.66,46.0,21.7,43.6,22.0,40.3,2026-07-06 14:26:19
49,6,51.0,22.1,35.7,0.64,22.5,7.5,31.1,19.9,36.8,2026-07-06 14:34:19
50,8,133.2,58.7,109.0,1.75,55.0,22.8,36.2,26.2,42.3,2026-07-06 14:42:19
51,5,107.6,47.2,68.8,1.41,45.3,19.6,25.6,30.1,63.1,2026-07-06 14:50:19
52,6,116.0,51.9,76.0,1.51,45.2,20.0,50.2,37.6,47.1,2026-07-06 14:58:19
53,7,62.1,28.5,48.7,0.83,21.5,9.6,36.5,23.4,55.7,2026-07-06 15:06:19
54,7,62.7,28.0,51.5,0.9,24.6,12.8,48.0,21.1,40.5,2026-07-06 15:14:19
55,9,26.2,11.8,21.1,0.32,10.0,5.0,45.7,26.9,34.6,2026-07-06 15:22:19
56,5,39.2,17.1,32.9,0.47,16.8,7.5,41.6,26.7,48.5,2026-07-06 15:30:19
57,9,122.9,55.2,109.1,1.64,47.0,23.0,29.4,26.8,40.6,2026-07-06 15:38:19
58,1,24.8,11.0,22.5,0.38,10.0,5.9,31.1,21.0,30.1,2026-07-06 15:46:19
59,9,25.9,11.6,21.6,0.44,10.0,5.0,45.4,30.8,73.3,2026-07-06 15:54:19
60,3,70.0,31.8,63.9,0.94,25.5,13.6,49.0,21.2,48.9,2026-07-06 16:02:19
61,7,101.5,46.0,66.3,1.34,37.4,18.4,41.6,37.2,50.4,2026-07-06 16:10:19
62,10,85.0,37.8,68.9,1.15,33.9,13.9,32.4,28.9,40.4,2026-07-06 16:18:19
63,5,135.9,59.7,92.7,1.74,56.9,24.0,27.1,22.0,44.1,2026-07-06 16:26:19
64,7,36.4,17.1,28.6,0.47,11.2,6.9,27.8,37.6,54.9,2026-07-06 16:34:19
65,3,60.0,26.5,44.5,0.81,24.6,9.9,52.9,24.3,70.3,2026-07-06 16:42:19
66,5,36.3,15.7,29.4,0.38,16.0,5.0,48.7,21.3,57.3,2026-07-06 16:50:19
67,7,82.9,36.4,71.2,1.07,34.8,12.6,27.3,19.1,51.4,2026-07-06 16:58:19
68,6,44.4,19.9,32.9,0.61,17.2,7.3,28.5,28.9,67.2,2026-07-06 17:06:19
69,8,140.9,62.4,97.1,1.89,57.2,24.0,26.9,25.5,70.9,2026-07-06 17:14:19
70,10,93.8,41.4,77.4,1.33,38.5,14.7,44.6,24.7,65.9,2026-07-06 17:22:19
71,10,97.8,43.1,84.6,1.29,40.5,19.1,33.3,27.9,44.8,2026-07-06 17:30:19
72,8,43.0,18.2,33.2,0.62,20.4,9.2,37.8,37.8,81.9,2026-07-06 17:38:19
73,1,138.4,61.4,116.0,1.88,55.8,24.6,46.5,37.6,52.9,2026-07-06 17:46:19
74,1,49.7,21.3,39.7,0.61,22.8,10.3,49.9,24.4,72.5,2026-07-06 17:54:19
75,2,94.6,42.6,83.2,1.34,35.8,17.3,28.4,25.0,59.2,2026-07-06 18:02:19
76,4,81.0,34.9,66.8,1.06,36.3,12.6,43.7,31.6,58.5,2026-07-06 18:10:19
77,7,87.4,39.2,77.2,1.18,33.6,16.0,49.2,28.6,75.5,2026-07-06 18:18:19
78,3,112.6,50.2,98.9,1.58,44.4,18.7,30.3,22.4,39.3,2026-07-06 18:26:19
79,3,42.8,18.0,26.7,0.6,20.9,9.0,27.2,28.4,35.1,2026-07-06 18:34:19
80,8,27.6,12.4,25.7,0.37,10.6,5.7,39.5,26.8,43.3,2026-07-06 18:42:19
81,8,108.4,47.1,87.0,1.33,47.3,17.4,32.0,23.7,32.5,2026-07-06 18:50:19
82,1,50.9,21.6,31.9,0.56,24.0,9.5,37.6,33.0,84.6,2026-07-06 18:58:19
83,6,39.8,17.1,24.9,0.45,18.1,6.6,38.8,18.7,55.1,2026-07-06 19:06:19
84,3,46.4,20.0,29.4,0.61,20.8,6.1,39.9,25.6,41.3,2026-07-06 19:14:19
85,2,79.8,35.6,72.2,1.09,31.4,13.5,38.3,24.1,79.2,2026-07-06 19:22:19
86,8,58.7,26.6,53.9,0.71,21.7,11.8,27.7,20.0,84.4,2026-07-06 19:30:19
87,9,87.1,39.1,69.9,1.2,33.4,13.8,46.3,24.8,73.9,2026-07-06 19:38:19
88,1,120.1,53.2,93.4,1.65,48.6,20.4,25.3,37.3,70.6,2026-07-06 19:46:19
89,1,58.2,24.8,35.7,0.84,27.1,10.2,52.8,31.7,62.1,2026-07-06 19:54:19
90,5,38.0,17.2,27.0,0.52,14.1,5.5,46.3,30.1,72.9,2026-07-06 20:02:19
91,3,35.1,16.2,26.0,0.5,11.9,6.5,36.0,19.9,35.0,2026-07-06 20:10:19
92,8,68.1,30.9,45.8,0.99,24.9,11.1,30.5,32.9,41.8,2026-07-06 20:18:19
93,7,142.5,64.2,119.2,1.86,53.8,27.4,48.9,22.4,66.2,2026-07-06 20:26:19
94,7,116.6,50.8,82.2,1.56,50.3,20.1,40.4,31.0,80.7,2026-07-06 20:34:19
95,9,46.0,20.1,32.5,0.66,19.7,6.3,30.6,33.2,58.1,2026-07-06 20:42:19
96,1,52.1,23.4,35.7,0.63,20.0,8.8,32.1,20.0,84.9,2026-07-06 20:50:19
97,10,85.9,38.2,61.2,1.19,34.3,13.5,53.3,23.5,44.4,2026-07-06 20:58:19
98,4,85.1,37.9,58.2,1.18,33.8,17.0,31.4,33.6,42.0,2026-07-06 21:06:19
99,1,109.1,48.4,79.1,1.44,43.9,19.6,51.5,26.6,44.4,2026-07-06 21:14:19
100,7,119.4,52.9,95.2,1.67,48.3,19.6,47.4,36.5,51.3,2026-07-06 21:22:19
101,6,53.5,24.6,41.5,0.74,18.5,9.6,54.8,35.6,61.8,2026-07-06 21:30:19
102,5,91.8,41.0,68.4,1.18,36.1,17.7,54.5,34.4,32.0,2026-07-06 21:38:19
103,3,99.0,43.0,71.7,1.34,43.1,16.5,30.3,19.7,77.4,2026-07-06 21:46:19
104,5,94.3,41.5,67.2,1.24,39.2,17.7,30.3,37.2,31.5,2026-07-06 21:54:19
105,3,71.4,31.6,50.9,1.02,29.0,11.3,42.5,28.7,56.1,2026-07-06 22:02:19
106,5,86.8,37.6,61.8,1.2,38.2,16.1,50.6,22.7,59.7,2026-07-06 22:10:19
107,4,67.6,30.8,62.9,0.99,24.4,13.5,30.5,34.3,72.7,2026-07-06 22:18:19
108,7,53.7,24.8,35.3,0.68,18.2,10.4,36.7,35.0,77.5,2026-07-06 22:26:19
109,8,44.7,19.3,36.4,0.48,20.0,7.7,27.9,37.8,67.6,2026-07-06 22:34:19
110,3,54.7,25.4,41.3,0.71,18.0,10.9,54.9,21.5,39.8,2026-07-06 22:42:19
111,7,69.7,30.5,60.6,0.9,29.6,11.5,27.7,28.3,41.9,2026-07-06 22:50:19
112,5,90.2,39.2,77.0,1.26,39.2,14.8,29.4,24.0,32.8,2026-07-06 22:58:19
113,5,60.9,26.7,54.0,0.8,25.7,9.7,33.7,36.6,63.8,2026-07-06 23:06:19
114,2,39.7,17.6,26.0,0.56,16.1,5.9,42.9,30.8,66.8,2026-07-06 23:14:19
115,3,112.7,49.9,77.1,1.53,45.8,19.1,39.5,22.4,52.4,2026-07-06 23:22:19
116,3,29.6,12.6,21.4,0.34,13.8,5.0,30.5,24.7,55.7,2026-07-06 23:30:19
117,3,95.8,42.8,65.3,1.2,37.6,18.2,32.6,24.6,47.6,2026-07-06 23:38:19
118,2,46.1,19.6,32.2,0.6,21.7,6.2,39.7,36.8,54.2,2026-07-06 23:46:19
119,10,53.8,22.8,42.4,0.6,25.5,7.5,47.6,30.0,78.0,2026-07-06 23:54:19
120,2,126.4,55.4,90.0,1.66,53.4,23.1,25.8,22.4,41.4,2026-07-07 00:02:19
121,4,142.7,63.8,117.4,1.98,55.8,25.9,26.6,24.5,80.1,2026-07-07 00:10:19
122,7,130.2,58.9,90.5,1.75,48.3,24.1,30.1,21.2,42.5,2026-07-07 00:18:19
123,5,116.5,52.7,76.3,1.53,43.2,22.9,34.0,23.5,60.8,2026-07-07 00:26:19
124,2,56.5,24.5,41.7,0.68,24.7,8.6,34.3,24.8,80.6,2026-07-07 00:34:19
125,2,39.8,18.6,35.9,0.5,12.6,6.5,31.1,23.5,42.7,2026-07-07 00:42:19
126,3,106.7,47.3,68.9,1.32,43.1,17.4,26.2,33.0,51.9,2026-07-07 00:50:19
127,6,65.9,28.8,44.0,0.88,28.2,9.9,45.8,21.5,34.9,2026-07-07 00:58:19
128,1,54.0,23.4,35.7,0.78,23.8,8.9,38.5,18.4,58.2,2026-07-07 01:06:19
129,7,97.3,42.5,73.2,1.22,41.7,17.6,50.8,35.7,63.3,2026-07-07 01:14:19
130,5,112.8,49.6,83.5,1.47,47.0,18.3,54.3,23.4,74.9,2026-07-07 01:22:19
131,8,111.5,49.7,71.3,1.53,44.0,19.9,49.1,34.7,82.8,2026-07-07 01:30:19
132,4,101.3,44.8,76.5,1.3,41.3,18.1,27.0,25.7,33.6,2026-07-07 01:38:19
133,8,82.6,36.6,63.7,1.03,33.5,13.9,36.8,33.6,62.7,2026-07-07 01:46:19
134,1,101.0,44.9,76.3,1.38,40.3,17.1,32.6,18.4,57.8,2026-07-07 01:54:19
135,10,65.2,29.3,47.5,0.92,24.9,12.4,28.9,24.1,73.0,2026-07-07 02:02:19
136,3,97.4,43.9,69.5,1.38,36.8,16.2,32.0,29.1,49.9,2026-07-07 02:10:19
137,5,67.9,30.8,46.9,0.84,24.9,12.0,54.6,36.9,41.1,2026-07-07 02:18:19
138,3,107.7,48.4,74.6,1.45,41.2,20.2,38.3,28.6,47.6,2026-07-07 02:26:19
139,8,46.0,21.0,32.7,0.7,16.3,9.0,47.9,26.4,83.9,2026-07-07 02:34:19
140,8,52.8,24.1,42.8,0.73,18.8,8.6,27.8,31.4,73.2,2026-07-07 02:42:19
141,9,95.2,43.1,68.1,1.24,35.2,18.4,31.9,21.1,35.3,2026-07-07 02:50:19
142,8,124.4,56.3,92.7,1.77,46.2,24.4,42.3,31.8,66.5,2026-07-07 02:58:19
143,10,94.4,43.0,81.5,1.22,34.0,17.7,44.2,29.9,37.8,2026-07-07 03:06:19
144,5,79.4,35.2,66.8,1.07,32.1,13.3,27.8,26.0,79.4,2026-07-07 03:14:19
145,7,63.6,27.4,44.6,0.82,28.5,10.7,32.6,25.4,30.4,2026-07-07 03:22:19
146,2,85.3,37.6,69.3,1.06,35.3,14.1,34.7,27.8,44.4,2026-07-07 03:30:19
147,9,98.4,43.0,76.1,1.26,41.9,16.0,38.2,32.7,39.7,2026-07-07 03:38:19
148,4,128.6,56.2,105.5,1.62,54.8,23.8,43.8,36.4,72.7,2026-07-07 03:46:19
149,2,46.8,20.5,42.0,0.66,19.8,9.4,42.9,24.3,42.3,2026-07-07 03:54:19
150,7,46.9,20.9,32.1,0.65,18.6,9.8,40.1,19.0,45.7,2026-07-07 04:02:19
151,9,116.7,51.5,79.4,1.57,48.0,18.7,31.2,18.2,83.9,2026-07-07 04:10:19
152,3,42.5,19.5,40.2,0.5,14.8,9.0,48.2,32.7,82.0,2026-07-07 04:18:19
153,8,75.0,33.4,67.8,0.98,29.8,12.3,39.9,30.4,49.3,2026-07-07 04:26:19
154,3,27.4,11.1,18.5,0.35,14.9,5.0,43.9,33.6,56.7,2026-07-07 04:34:19
155,9,41.6,18.3,37.5,0.53,17.3,6.7,49.2,33.1,70.7,2026-07-07 04:42:19
156,1,83.1,36.9,72.9,1.11,33.4,12.8,30.2,26.0,79.8,2026-07-07 04:50:19
157,9,55.3,24.3,37.5,0.77,23.1,8.8,28.0,24.9,33.4,2026-07-07 04:58:19
158,2,56.7,25.2,50.5,0.74,22.6,11.2,29.8,23.4,68.9,2026-07-07 05:06:19
159,8,15.0,5.0,10.4,0.22,10.0,5.0,48.2,31.6,46.2,2026-07-07 05:14:19
160,4,71.8,33.0,60.4,0.97,24.9,13.4,42.7,36.4,47.8,2026-07-07 05:22:19
161,1,82.1,35.4,53.0,1.12,36.8,15.3,28.1,29.3,37.9,2026-07-07 05:30:19
162,8,51.7,24.1,49.6,0.66,16.7,8.2,32.7,28.9,75.5,2026-07-07 05:38:19
163,4,55.5,25.7,52.9,0.8,18.4,11.2,46.6,18.8,53.8,2026-07-07 05:46:19
164,10,15.6,5.9,10.0,0.13,10.0,5.0,47.7,34.7,54.3,2026-07-07 05:54:19
165,7,58.4,26.8,46.3,0.76,20.4,10.5,34.5,31.3,58.8,2026-07-07 06:02:19
166,5,144.7,65.3,104.2,2.03,54.4,26.9,48.2,33.8,78.0,2026-07-07 06:10:19
167,2,76.9,34.2,61.1,1.03,30.7,12.9,54.2,37.3,44.8,2026-07-07 06:18:19
168,5,87.8,38.0,59.2,1.15,38.8,16.1,28.8,23.0,59.1,2026-07-07 06:26:19
169,10,151.2,66.5,138.9,1.95,63.1,28.5,43.6,31.6,60.5,2026-07-07 06:34:19
170,1,83.5,36.8,74.0,1.13,34.6,12.9,42.5,25.7,63.1,2026-07-07 06:42:19
171,7,83.1,36.7,67.2,1.17,34.1,15.7,40.3,33.5,72.0,2026-07-07 06:50:19
172,9,91.4,40.2,82.5,1.11,38.0,16.1,52.5,30.7,49.3,2026-07-07 06:58:19
173,9,55.6,25.7,53.3,0.84,18.7,8.9,42.6,24.2,45.2,2026-07-07 07:06:19
174,1,122.8,54.7,101.7,1.63,48.6,23.5,45.4,23.8,73.2,2026-07-07 07:14:19
175,3,104.1,46.6,87.5,1.4,40.4,17.6,30.8,31.8,85.0,2026-07-07 07:22:19
176,6,79.1,35.7,72.4,0.99,29.6,13.3,44.9,19.8,33.9,2026-07-07 07:30:19
177,10,55.2,23.7,40.0,0.64,25.1,11.1,37.4,27.8,66.1,2026-07-07 07:38:19
178,10,117.2,51.8,86.7,1.48,47.9,19.0,36.7,34.2,48.6,2026-07-07 07:46:19
179,4,102.1,44.5,80.0,1.36,44.0,19.5,47.8,37.6,54.1,2026-07-07 07:54:19
180,4,60.9,27.4,49.9,0.89,23.1,11.0,29.6,18.4,32.6,2026-07-07 08:02:19
181,5,53.3,24.4,40.7,0.83,18.8,8.5,35.9,35.3,69.4,2026-07-07 08:10:19
182,3,52.6,22.5,47.1,0.75,24.3,8.3,52.2,38.0,55.0,2026-07-07 08:18:19
183,7,104.4,47.5,72.1,1.41,37.8,19.7,25.3,18.5,43.0,2026-07-07 08:26:19
184,2,82.7,37.8,60.2,1.12,29.4,16.3,35.2,19.1,44.2,2026-07-07 08:34:19
185,8,133.4,59.1,106.9,1.72,54.1,24.5,44.2,36.8,34.6,2026-07-07 08:42:19
186,3,106.9,46.6,71.7,1.41,46.0,17.5,37.6,20.8,70.2,2026-07-07 08:50:19
187,3,65.0,27.9,40.9,0.86,29.5,9.2,30.6,37.2,76.7,2026-07-07 08:58:19
188,7,43.2,19.8,38.9,0.57,15.1,8.7,37.7,32.9,73.8,2026-07-07 09:06:19
189,7,55.8,24.6,36.6,0.81,23.0,11.7,46.9,33.3,48.1,2026-07-07 09:14:19
190,7,18.9,7.7,14.5,0.13,10.0,5.0,50.8,31.8,51.8,2026-07-07 09:22:19
191,2,63.6,29.3,50.4,0.9,21.8,13.6,26.9,28.1,76.8,2026-07-07 09:30:19
192,5,96.4,42.4,62.7,1.27,40.1,16.0,33.7,34.3,30.1,2026-07-07 09:38:19
193,4,103.6,46.4,66.4,1.31,40.1,20.6,39.4,25.9,60.9,2026-07-07 09:46:19
194,3,70.1,30.4,56.3,0.95,30.8,12.0,43.3,33.8,84.1,2026-07-07 09:54:19
195,10,117.1,52.3,87.4,1.56,46.0,22.0,53.4,25.0,50.5,2026-07-07 10:02:19
196,10,36.9,17.3,29.9,0.45,11.6,7.3,27.3,33.9,72.3,2026-07-07 10:10:19
197,2,144.7,64.0,110.6,2.0,59.0,27.5,31.2,37.3,69.8,2026-07-07 10:18:19
198,7,87.2,38.1,60.8,1.17,37.2,14.2,53.6,30.9,54.9,2026-07-07 10:26:19
199,4,131.9,59.0,115.4,1.77,51.5,22.4,47.4,29.9,83.7,2026-07-07 10:34:19
200,2,73.4,33.3,53.5,0.98,27.0,14.9,44.8,22.0,54.1,2026-07-07 10:42:19
201,5,15.0,5.0,7.1,0.23,10.0,5.0,29.1,24.0,62.9,2026-07-07 10:50:19
202,9,76.8,34.6,52.2,1.07,29.1,15.2,37.4,23.6,62.4,2026-07-07 10:58:19
203,3,62.1,27.5,49.2,0.74,25.3,10.7,51.9,34.2,40.5,2026-07-07 11:06:19
204,4,89.0,38.6,69.2,1.14,39.1,13.4,52.3,36.7,43.9,2026-07-07 11:14:19
205,8,41.8,18.6,29.5,0.56,16.6,5.5,29.3,32.6,66.0,2026-07-07 11:22:19
206,3,65.2,28.4,44.9,0.92,28.1,11.2,37.7,24.2,53.3,2026-07-07 11:30:19
207,6,34.5,16.3,26.0,0.54,10.4,7.6,36.1,23.3,52.1,2026-07-07 11:38:19
208,8,56.6,24.4,42.0,0.69,25.4,9.8,32.5,32.1,66.7,2026-07-07 11:46:19
209,4,89.9,40.7,60.6,1.13,33.2,17.2,29.7,21.2,77.8,2026-07-07 11:54:19
210,7,52.8,23.8,47.8,0.66,20.0,8.6,33.5,32.2,83.3,2026-07-07 12:02:19
211,4,126.2,57.0,112.0,1.69,47.3,23.1,25.4,28.5,49.0,2026-07-07 12:10:19
212,2,109.8,49.4,92.0,1.49,41.7,20.1,46.9,24.7,84.8,2026-07-07 12:18:19
213,10,101.9,44.9,68.4,1.34,42.1,17.3,39.1,22.9,42.3,2026-07-07 12:26:19
214,10,38.0,15.9,30.2,0.38,18.7,6.7,54.1,34.5,75.2,2026-07-07 12:34:19
215,2,134.1,59.0,91.1,1.77,55.8,23.7,28.2,20.4,47.2,2026-07-07 12:42:19
216,3,78.8,36.1,65.5,1.16,27.7,13.6,40.6,33.2,39.7,2026-07-07 12:50:19
217,4,98.5,42.8,80.8,1.34,43.0,17.3,31.7,20.8,36.9,2026-07-07 12:58:19
218,4,44.5,18.7,32.6,0.49,21.6,8.1,39.3,37.1,48.3,2026-07-07 13:06:19
219,1,22.6,9.8,17.6,0.21,10.0,5.0,32.3,24.8,67.0,2026-07-07 13:14:19
220,4,106.4,47.5,79.7,1.44,41.8,17.0,28.2,35.9,52.2,2026-07-07 13:22:19
221,9,118.5,52.9,78.5,1.57,46.6,21.3,25.5,26.7,42.0,2026-07-07 13:30:19
222,10,55.1,23.4,48.9,0.64,25.9,9.6,46.0,33.1,38.7,2026-07-07 13:38:19
223,8,109.1,47.5,73.6,1.48,47.2,17.4,52.5,23.5,56.6,2026-07-07 13:46:19
224,7,69.6,30.2,50.3,0.85,30.4,10.4,41.0,36.4,64.5,2026-07-07 13:54:19
225,3,42.8,19.2,28.2,0.52,16.4,8.7,43.1,20.4,68.0,2026-07-07 14:02:19
226,10,65.0,29.0,59.2,0.87,25.7,11.2,28.4,33.3,63.9,2026-07-07 14:10:19
227,9,50.0,23.3,33.7,0.79,16.1,9.6,33.2,18.7,53.8,2026-07-07 14:18:19
228,9,96.4,42.1,60.5,1.27,41.3,16.8,36.1,20.9,79.4,2026-07-07 14:26:19
229,2,98.9,44.0,73.0,1.3,39.4,16.6,52.1,25.0,36.3,2026-07-07 14:34:19
230,5,108.3,47.8,78.6,1.43,44.6,20.2,26.6,20.5,67.2,2026-07-07 14:42:19
231,10,55.4,24.8,42.1,0.81,21.6,11.9,34.0,21.5,80.7,2026-07-07 14:50:19
232,10,47.9,20.5,39.2,0.66,22.0,9.5,36.4,37.2,53.5,2026-07-07 14:58:19
233,4,58.4,27.0,52.4,0.87,19.6,12.8,42.6,30.3,82.3,2026-07-07 15:06:19
234,2,88.2,39.3,65.5,1.19,34.9,16.9,34.8,20.1,62.5,2026-07-07 15:14:19
235,3,15.0,5.0,9.2,0.1,10.0,5.0,50.7,24.4,38.8,2026-07-07 15:22:19
236,10,51.8,23.7,49.1,0.77,18.2,11.2,29.7,22.7,78.8,2026-07-07 15:30:19
237,8,186.8,82.2,155.2,2.53,77.7,34.1,25.9,36.9,49.1,2026-07-07 15:38:19
238,6,85.2,38.8,74.4,1.23,30.7,15.3,40.3,30.2,44.6,2026-07-07 15:46:19
239,4,122.8,55.2,85.5,1.57,46.8,23.9,48.7,30.4,62.9,2026-07-07 15:54:19
240,8,69.8,31.2,62.1,0.88,27.3,10.7,50.6,26.4,70.1,2026-07-07 16:02:19
241,9,115.8,51.2,77.9,1.51,47.3,19.5,25.3,26.7,54.9,2026-07-07 16:10:19
242,1,71.5,31.5,44.7,0.98,29.6,10.9,54.9,30.8,60.4,2026-07-07 16:18:19
243,10,140.6,63.0,94.9,1.79,54.4,23.2,26.6,36.9,65.7,2026-07-07 16:26:19
244,6,66.4,30.4,50.4,0.97,23.4,10.4,48.0,36.7,84.8,2026-07-07 16:34:19
245,3,80.2,35.5,56.0,1.07,32.7,12.9,30.7,35.7,37.2,2026-07-07 16:42:19
246,3,15.0,5.0,9.0,0.16,10.0,5.0,29.8,18.0,45.4,2026-07-07 16:50:19
247,9,127.0,56.9,84.5,1.64,49.2,24.5,25.6,25.9,82.2,2026-07-07 16:58:19
248,9,71.7,31.3,50.7,0.84,30.8,11.4,45.5,18.0,73.4,2026-07-07 17:06:19
249,6,73.1,32.7,66.7,0.97,28.5,14.8,47.3,37.7,54.4,2026-07-07 17:14:19
250,1,88.9,39.8,82.2,1.27,34.5,14.2,32.0,31.4,39.4,2026-07-07 17:22:19
251,10,21.9,9.4,13.7,0.25,10.0,5.0,51.1,21.9,75.1,2026-07-07 17:30:19
252,3,54.9,24.5,41.4,0.78,21.6,10.8,53.7,36.5,46.3,2026-07-07 17:38:19
253,7,79.8,35.6,59.9,0.98,31.5,12.7,46.5,19.6,72.2,2026-07-07 17:46:19
254,4,68.9,30.1,47.1,0.85,29.4,14.0,41.9,18.4,70.8,2026-07-07 17:54:19
255,6,95.9,43.7,65.0,1.38,34.4,18.2,31.1,34.2,56.8,2026-07-07 18:02:19
256,4,61.1,26.1,51.6,0.8,28.2,11.6,42.9,34.8,44.0,2026-07-07 18:10:19
257,3,15.0,5.0,9.2,0.12,10.0,5.0,28.3,37.8,59.7,2026-07-07 18:18:19
258,1,83.3,36.7,73.0,1.09,34.5,13.9,45.6,18.3,32.7,2026-07-07 18:26:19
259,5,25.2,11.2,18.0,0.25,10.0,5.0,53.0,22.3,35.8,2026-07-07 18:34:19
260,7,41.3,18.0,33.1,0.59,17.9,6.4,44.5,27.5,51.3,2026-07-07 18:42:19
261,9,70.3,31.8,52.5,0.98,26.2,13.4,54.2,36.3,55.4,2026-07-07 18:50:19
262,4,112.5,49.9,103.2,1.59,45.4,21.9,38.2,29.4,53.3,2026-07-07 18:58:19
263,8,81.0,36.4,72.4,1.02,31.0,16.0,34.9,33.0,32.1,2026-07-07 19:06:19
264,8,108.8,49.2,82.7,1.53,40.4,19.7,28.9,26.8,60.7,2026-07-07 19:14:19
265,8,28.4,12.5,20.4,0.31,11.8,5.6,28.2,23.0,30.9,2026-07-07 19:22:19
266,1,116.4,51.6,104.9,1.54,47.0,22.1,54.1,28.3,42.2,2026-07-07 19:30:19
267,2,87.5,38.9,57.6,1.25,35.0,13.9,31.9,30.1,69.0,2026-07-07 19:38:19
268,9,21.2,9.0,15.3,0.25,10.0,5.0,46.5,24.1,69.8,2026-07-07 19:46:19
269,5,81.3,37.0,66.3,1.02,29.3,13.7,32.7,31.8,72.9,2026-07-07 19:54:19
270,1,50.1,23.0,42.2,0.74,17.4,11.2,49.4,26.0,51.4,2026-07-07 20:02:19
271,5,121.9,53.1,102.3,1.54,52.6,22.7,28.8,26.5,83.1,2026-07-07 20:10:19
272,7,74.1,32.9,53.8,0.96,29.7,12.4,33.4,27.2,81.7,2026-07-07 20:18:19
273,7,94.0,40.7,74.3,1.24,41.4,14.8,38.6,29.4,44.3,2026-07-07 20:26:19
274,1,47.5,22.0,34.0,0.58,15.8,9.2,51.9,29.4,74.0,2026-07-07 20:34:19
275,9,69.9,30.9,46.3,0.86,28.5,12.3,29.1,22.7,59.9,2026-07-07 20:42:19
276,9,93.5,41.5,75.2,1.25,37.5,15.3,43.1,32.2,69.9,2026-07-07 20:50:19
277,7,97.9,42.9,61.4,1.26,41.4,17.3,49.2,35.1,61.6,2026-07-07 20:58:19
278,4,91.3,40.4,75.9,1.2,37.2,16.8,45.4,30.6,43.3,2026-07-07 21:06:19
279,1,74.0,33.3,57.6,1.05,28.2,14.6,33.2,25.6,62.7,2026-07-07 21:14:19
280,3,110.3,48.6,70.1,1.49,45.7,21.0,42.6,20.7,60.7,2026-07-07 21:22:19
281,5,94.5,42.0,69.8,1.26,37.8,18.5,52.7,29.4,56.1,2026-07-07 21:30:19
282,9,107.9,47.7,97.2,1.48,44.0,18.3,48.0,20.4,82.9,2026-07-07 21:38:19
283,3,86.6,37.7,57.4,1.09,37.5,16.0,38.1,19.8,34.6,2026-07-07 21:46:19
284,1,110.3,49.1,75.9,1.48,43.9,20.2,37.3,26.5,65.2,2026-07-07 21:54:19
285,9,133.9,59.2,99.0,1.7,54.6,22.4,46.3,31.0,61.1,2026-07-07 22:02:19
286,1,145.5,65.0,122.9,1.89,57.0,24.4,36.0,29.8,49.2,2026-07-07 22:10:19
287,3,42.2,18.0,27.5,0.47,19.6,7.2,53.6,19.2,51.9,2026-07-07 22:18:19
288,5,80.1,35.7,62.1,1.03,31.7,13.6,36.7,35.5,72.3,2026-07-07 22:26:19
289,2,60.9,26.9,53.6,0.73,24.9,10.8,41.1,34.5,82.6,2026-07-07 22:34:19
290,4,105.2,46.2,71.4,1.45,44.1,19.7,50.9,26.9,57.2,2026-07-07 22:42:19
291,3,23.8,10.2,14.4,0.27,10.9,5.0,34.7,35.0,68.6,2026-07-07 22:50:19
292,6,90.7,40.5,73.8,1.12,35.6,15.3,43.5,33.1,31.2,2026-07-07 22:58:19
293,1,93.0,40.8,73.9,1.19,39.1,18.3,40.1,28.1,53.2,2026-07-07 23:06:19
294,10,70.7,30.7,52.1,0.83,30.9,10.9,38.7,34.2,40.6,2026-07-07 23:14:19
295,2,47.6,20.8,42.9,0.55,20.4,6.9,44.6,21.2,40.8,2026-07-07 23:22:19
296,6,68.7,30.9,52.7,0.96,26.1,10.6,25.8,21.8,50.2,2026-07-07 23:30:19
297,8,88.8,39.0,81.4,1.12,37.1,14.4,27.2,21.6,32.4,2026-07-07 23:38:19
298,8,101.0,44.4,72.7,1.37,42.1,17.0,30.3,25.2,69.0,2026-07-07 23:46:19
299,10,52.5,23.3,45.8,0.65,21.1,9.3,49.7,20.0,65.1,2026-07-07 23:54:19
300,5,93.6,41.3,85.4,1.26,38.5,17.4,31.1,26.8,81.2,2026-07-08 00:02:19
301,5,72.7,32.0,59.0,0.96,30.1,11.2,30.1,32.0,65.5,2026-07-08 00:10:19
302,4,94.3,42.8,74.1,1.27,34.6,18.4,51.6,33.9,52.5,2026-07-08 00:18:19
303,2,54.5,23.7,42.9,0.73,23.7,11.3,46.4,34.5,77.7,2026-07-08 00:26:19
304,9,101.3,44.6,84.6,1.29,42.1,19.4,28.7,18.3,50.0,2026-07-08 00:34:19
305,3,125.4,54.8,101.9,1.6,53.5,23.1,33.9,18.1,83.4,2026-07-08 00:42:19
306,6,83.0,35.8,61.3,1.06,37.1,14.9,40.9,35.3,42.7,2026-07-08 00:50:19
307,7,127.3,56.6,100.9,1.67,50.9,24.1,38.2,31.5,36.7,2026-07-08 00:58:19
308,5,50.5,23.5,35.5,0.68,16.3,8.6,33.7,37.7,46.5,2026-07-08 01:06:19
309,3,99.3,44.9,77.9,1.4,37.0,16.9,28.5,34.2,68.8,2026-07-08 01:14:19
310,6,93.3,40.4,61.7,1.29,41.2,16.8,43.9,26.6,70.2,2026-07-08 01:22:19
311,7,120.7,54.6,92.8,1.59,44.9,20.9,45.9,27.4,68.1,2026-07-08 01:30:19
312,10,21.0,8.9,16.0,0.23,10.0,5.0,51.6,31.1,78.1,2026-07-08 01:38:19
313,9,139.2,61.3,117.3,1.82,57.8,23.2,26.8,36.8,70.1,2026-07-08 01:46:19
314,10,61.4,27.5,40.0,0.91,23.8,10.3,49.4,21.5,58.2,2026-07-08 01:54:19
315,7,101.6,45.6,77.3,1.32,39.1,17.9,40.4,20.7,78.5,2026-07-08 02:02:19
316,6,53.7,23.2,47.1,0.73,23.8,8.6,54.0,27.7,76.1,2026-07-08 02:10:19
317,5,97.0,43.5,65.8,1.35,37.4,18.7,53.8,19.0,35.4,2026-07-08 02:18:19
318,8,117.9,53.0,98.7,1.65,44.9,19.4,53.2,25.0,84.1,2026-07-08 02:26:19
319,2,19.3,7.5,10.7,0.14,11.6,5.0,50.0,25.3,51.5,2026-07-08 02:34:19
320,10,60.0,26.1,44.3,0.77,26.0,11.4,49.3,28.6,51.0,2026-07-08 02:42:19
321,7,34.3,15.8,30.7,0.47,11.7,7.4,34.0,25.0,66.2,2026-07-08 02:50:19
322,3,126.9,55.3,103.8,1.67,54.7,20.2,34.4,23.5,83.0,2026-07-08 02:58:19
323,6,112.2,49.4,97.5,1.42,46.5,17.9,44.5,30.1,68.5,2026-07-08 03:06:19
324,2,123.7,54.8,95.4,1.67,50.2,22.4,27.3,18.4,81.2,2026-07-08 03:14:19
325,2,96.2,42.5,87.2,1.35,39.3,17.1,34.0,27.2,54.1,2026-07-08 03:22:19
326,2,29.1,12.5,22.6,0.32,13.2,5.5,42.7,27.4,62.3,2026-07-08 03:30:19
327,4,49.4,22.3,31.4,0.68,18.6,7.1,29.8,32.5,56.6,2026-07-08 03:38:19
328,9,85.4,37.4,75.6,1.13,36.2,16.4,32.3,33.4,68.0,2026-07-08 03:46:19
329,7,100.9,44.7,65.4,1.28,40.8,17.7,50.6,35.1,75.2,2026-07-08 03:54:19
330,3,109.2,49.4,71.0,1.57,40.5,18.3,26.2,19.4,37.5,2026-07-08 04:02:19
331,2,98.2,44.1,67.1,1.31,37.7,17.1,25.7,25.1,39.4,2026-07-08 04:10:19
332,5,82.2,37.0,67.8,1.02,31.2,14.6,43.2,33.1,56.3,2026-07-08 04:18:19
333,2,87.7,40.1,83.3,1.27,31.1,14.2,33.7,21.6,68.4,2026-07-08 04:26:19
334,8,73.9,33.0,56.4,1.03,29.0,13.2,27.9,36.2,62.9,2026-07-08 04:34:19
335,3,63.7,28.4,41.5,0.92,25.2,12.2,47.0,30.5,41.2,2026-07-08 04:42:19
336,9,73.6,31.8,66.4,1.02,32.7,11.5,45.6,25.0,60.9,2026-07-08 04:50:19
337,10,27.1,11.9,22.5,0.37,11.4,5.2,53.1,37.7,75.0,2026-07-08 04:58:19
338,9,82.6,35.7,55.0,1.09,36.7,13.4,27.0,25.4,46.9,2026-07-08 05:06:19
339,8,85.6,37.3,70.3,1.02,36.9,13.5,47.3,20.5,45.9,2026-07-08 05:14:19
340,3,62.3,28.0,57.6,0.86,23.9,11.7,50.0,33.7,74.5,2026-07-08 05:22:19
341,8,52.5,23.7,40.6,0.62,19.7,11.3,26.1,33.9,77.7,2026-07-08 05:30:19
342,10,113.1,49.7,73.6,1.48,47.2,18.5,27.4,28.3,79.2,2026-07-08 05:38:19
343,6,98.3,44.4,92.8,1.25,36.7,19.6,36.7,23.8,71.8,2026-07-08 05:46:19
344,4,153.4,68.4,138.0,2.04,60.6,27.9,49.3,32.0,84.8,2026-07-08 05:54:19
345,1,21.0,8.9,16.4,0.28,10.0,5.4,44.5,20.4,37.4,2026-07-08 06:02:19
346,3,81.3,36.5,67.7,1.05,31.2,14.0,53.3,29.5,78.5,2026-07-08 06:10:19
347,7,53.7,24.6,48.7,0.83,18.9,10.1,49.5,26.3,59.6,2026-07-08 06:18:19
348,6,79.5,34.5,62.6,1.05,34.9,15.6,46.6,25.1,46.2,2026-07-08 06:26:19
349,3,24.6,10.9,15.7,0.42,10.0,5.0,54.2,28.3,36.4,2026-07-08 06:34:19
350,5,63.5,28.5,57.8,0.95,24.3,13.4,37.5,23.2,77.1,2026-07-08 06:42:19
351,5,113.3,51.2,99.0,1.6,42.2,21.9,42.8,19.7,54.1,2026-07-08 06:50:19
352,10,102.0,46.0,90.1,1.46,38.5,17.2,54.5,23.4,52.3,2026-07-08 06:58:19
353,7,73.9,33.4,69.7,1.03,27.5,13.7,50.3,28.9,71.9,2026-07-08 07:06:19
354,6,101.2,45.2,70.6,1.28,39.7,18.5,37.4,22.7,74.5,2026-07-08 07:14:19
355,8,44.0,20.4,29.1,0.71,14.5,8.7,31.0,22.0,63.0,2026-07-08 07:22:19
356,3,54.5,24.6,46.8,0.65,20.5,10.9,40.0,25.7,35.4,2026-07-08 07:30:19
357,3,37.0,16.5,26.5,0.4,14.6,5.0,43.5,28.6,56.4,2026-07-08 07:38:19
358,1,100.1,44.0,71.2,1.35,41.7,18.8,38.8,35.0,59.6,2026-07-08 07:46:19
359,10,33.9,14.7,22.1,0.43,14.9,7.4,28.8,30.7,41.5,2026-07-08 07:54:19
360,10,71.5,31.4,55.6,0.96,29.9,12.2,38.6,37.9,83.5,2026-07-08 08:02:19
361,4,30.4,12.7,19.4,0.35,15.1,5.6,50.3,18.5,75.3,2026-07-08 08:10:19
362,6,97.2,43.1,88.0,1.23,39.3,18.5,54.7,22.0,45.1,2026-07-08 08:18:19
363,2,100.6,44.8,63.2,1.4,40.0,19.5,28.8,21.1,68.4,2026-07-08 08:26:19
364,9,91.7,41.3,63.3,1.17,34.7,18.1,38.5,21.0,70.0,2026-07-08 08:34:19
365,10,59.2,27.4,43.0,0.77,19.8,12.7,41.0,28.6,32.4,2026-07-08 08:42:19
366,5,52.2,23.5,33.9,0.62,19.8,7.9,26.7,18.8,56.9,2026-07-08 08:50:19
367,1,121.6,54.6,110.5,1.71,46.6,22.6,53.3,23.3,75.9,2026-07-08 08:58:19
368,1,56.2,26.0,51.9,0.7,18.7,9.6,34.8,22.9,44.2,2026-07-08 09:06:19
369,4,137.8,60.2,92.1,1.84,58.9,26.1,27.6,26.0,39.5,2026-07-08 09:14:19
370,5,101.1,45.4,80.5,1.38,38.8,18.5,53.1,28.4,43.7,2026-07-08 09:22:19
371,6,29.8,12.5,23.5,0.34,14.6,5.0,29.7,24.8,45.2,2026-07-08 09:30:19
372,3,123.2,54.9,90.6,1.62,48.8,20.9,45.3,27.3,55.0,2026-07-08 09:38:19
373,3,52.5,23.8,38.2,0.74,19.3,9.5,44.2,20.1,54.1,2026-07-08 09:46:19
374,3,90.6,41.3,73.1,1.15,32.5,16.6,25.9,20.1,58.9,2026-07-08 09:54:19
375,6,114.5,50.0,99.8,1.59,49.1,19.6,41.5,19.2,81.5,2026-07-08 10:02:19
376,7,45.3,20.7,34.0,0.68,16.0,7.4,52.2,30.1,30.0,2026-07-08 10:10:19
377,9,121.8,55.1,91.5,1.61,45.3,23.8,53.9,34.5,39.7,2026-07-08 10:18:19
378,1,46.6,20.6,35.5,0.56,19.1,8.9,52.9,31.7,54.4,2026-07-08 10:26:19
379,7,40.2,18.5,28.1,0.59,13.8,8.4,50.3,34.4,75.0,2026-07-08 10:34:19
380,4,56.5,24.1,49.4,0.71,26.2,11.5,52.7,31.9,50.9,2026-07-08 10:42:19
381,8,68.3,29.7,53.3,0.87,29.7,11.9,41.5,37.3,62.2,2026-07-08 10:50:19
382,7,61.8,28.2,52.1,0.9,22.1,10.5,40.8,36.0,48.6,2026-07-08 10:58:19
383,6,90.1,39.1,66.5,1.09,39.4,14.1,34.7,35.7,64.0,2026-07-08 11:06:19
384,10,79.3,36.3,66.1,1.16,27.9,13.7,42.3,23.7,39.5,2026-07-08 11:14:19
385,10,159.9,70.8,115.0,2.1,64.9,29.9,44.0,28.2,48.6,2026-07-08 11:22:19
386,9,106.2,47.5,84.1,1.44,41.3,17.3,28.0,32.3,55.4,2026-07-08 11:30:19
387,5,125.5,55.7,85.3,1.6,50.4,22.6,53.2,34.8,78.6,2026-07-08 11:38:19
388,4,100.7,44.2,83.7,1.36,42.2,16.5,31.5,34.9,75.8,2026-07-08 11:46:19
389,5,37.7,17.3,29.8,0.57,13.2,5.4,27.6,33.2,43.4,2026-07-08 11:54:19
390,2,23.2,10.1,18.0,0.2,10.0,5.9,51.6,26.4,57.9,2026-07-08 12:02:19
391,9,103.6,46.9,77.2,1.34,38.3,17.7,50.8,36.0,83.4,2026-07-08 12:10:19
392,8,112.0,48.8,89.6,1.48,48.3,18.1,37.4,37.1,59.4,2026-07-08 12:18:19
393,6,82.9,36.1,52.7,1.1,35.9,16.4,48.2,26.0,80.5,2026-07-08 12:26:19
394,4,70.4,30.2,61.3,0.93,32.0,14.0,38.9,28.3,60.6,2026-07-08 12:34:19
395,3,74.7,32.3,53.1,1.02,33.1,14.3,46.7,28.4,37.9,2026-07-08 12:42:19
396,4,78.4,33.9,53.7,1.1,34.7,14.6,41.2,33.1,53.7,2026-07-08 12:50:19
397,10,90.3,39.7,58.3,1.13,37.7,17.9,44.6,26.8,48.8,2026-07-08 12:58:19
398,6,113.3,50.4,103.3,1.53,45.2,18.2,33.9,36.1,31.4,2026-07-08 13:06:19
399,2,79.6,34.6,55.6,1.1,34.7,13.0,50.1,33.4,45.4,2026-07-08 13:14:19
400,3,88.0,38.9,76.8,1.12,35.9,16.3,31.6,28.1,73.0,2026-07-08 13:22:19
401,10,62.8,27.0,54.5,0.85,28.4,9.9,35.0,35.2,58.5,2026-07-08 13:30:19
402,7,133.4,58.9,103.2,1.7,54.7,22.1,44.7,34.7,72.2,2026-07-08 13:38:19
403,4,76.0,33.0,57.4,1.03,33.2,13.8,32.2,32.5,36.0,2026-07-08 13:46:19
404,3,78.7,34.5,62.0,1.02,33.2,13.5,28.3,19.6,53.4,2026-07-08 13:54:19
405,10,94.8,43.2,61.8,1.29,34.1,17.5,43.1,34.6,41.4,2026-07-08 14:02:19
406,7,127.4,55.9,91.3,1.76,53.5,21.6,32.2,36.9,81.6,2026-07-08 14:10:19
407,2,91.2,40.3,64.8,1.14,37.3,14.3,38.6,23.9,35.6,2026-07-08 14:18:19
408,8,15.0,5.0,7.6,0.1,10.0,5.0,43.5,31.0,67.9,2026-07-08 14:26:19
409,3,93.8,41.4,62.9,1.16,38.5,16.5,48.1,22.7,32.6,2026-07-08 14:34:19
410,9,33.3,15.5,29.9,0.47,10.8,6.0,35.4,33.6,37.1,2026-07-08 14:42:19
411,10,89.8,40.4,62.6,1.12,34.1,15.3,45.5,36.3,68.5,2026-07-08 14:50:19
412,2,68.2,30.4,57.6,0.9,26.9,12.6,25.8,27.3,37.0,2026-07-08 14:58:19
413,1,95.9,41.7,58.5,1.16,41.6,15.8,53.2,24.4,76.0,2026-07-08 15:06:19
414,10,27.7,12.2,21.3,0.34,11.4,6.8,38.3,27.1,63.4,2026-07-08 15:14:19
415,9,45.8,19.7,37.7,0.52,20.7,6.2,50.0,20.8,63.9,2026-07-08 15:22:19
416,4,34.5,15.0,31.3,0.51,15.1,5.0,46.2,28.6,66.9,2026-07-08 15:30:19
417,1,33.8,15.7,31.9,0.46,11.1,7.7,32.6,31.7,57.8,2026-07-08 15:38:19
418,4,99.8,43.4,81.7,1.24,43.3,15.5,53.6,23.3,38.7,2026-07-08 15:46:19
419,5,66.9,29.1,50.4,0.88,29.0,13.3,42.6,31.2,81.6,2026-07-08 15:54:19
420,7,98.9,43.5,75.7,1.33,41.2,18.1,50.3,23.1,85.0,2026-07-08 16:02:19
421,7,71.4,30.7,53.4,0.9,32.3,14.0,29.6,18.6,64.4,2026-07-08 16:10:19
422,6,44.6,19.4,39.6,0.56,19.4,8.5,40.2,20.9,60.1,2026-07-08 16:18:19
423,1,67.9,30.9,54.8,0.89,24.5,12.4,45.9,26.3,43.2,2026-07-08 16:26:19
424,2,90.2,40.6,61.0,1.22,34.2,14.4,45.4,21.3,54.8,2026-07-08 16:34:19
425,2,66.5,28.9,56.3,0.91,29.0,12.1,32.8,29.3,75.0,2026-07-08 16:42:19
426,10,87.9,39.4,75.0,1.15,34.0,15.1,33.8,29.1,74.9,2026-07-08 16:50:19
427,7,91.7,40.1,77.6,1.18,39.1,17.0,38.9,27.8,44.8,2026-07-08 16:58:19
428,7,106.3,48.1,96.1,1.38,39.5,18.6,27.1,20.4,44.7,2026-07-08 17:06:19
429,4,74.2,32.1,64.4,0.93,32.9,12.7,31.3,37.6,80.4,2026-07-08 17:14:19
430,10,87.4,37.9,75.8,1.09,38.3,14.4,25.8,25.3,69.0,2026-07-08 17:22:19
431,2,112.9,51.1,90.5,1.49,41.9,19.2,30.7,23.8,84.5,2026-07-08 17:30:19
432,7,62.1,28.3,44.0,0.92,22.3,11.5,44.2,24.3,38.4,2026-07-08 17:38:19
433,7,89.4,39.4,71.5,1.17,37.0,14.5,33.4,23.9,46.9,2026-07-08 17:46:19
434,9,42.1,19.0,37.7,0.56,15.8,6.0,38.0,35.6,59.9,2026-07-08 17:54:19
435,7,108.8,49.3,96.5,1.54,40.1,20.9,27.4,34.2,38.4,2026-07-08 18:02:19
436,5,101.4,44.8,84.8,1.26,41.5,17.4,38.6,32.0,76.2,2026-07-08 18:10:19
437,6,46.5,20.8,32.8,0.65,18.1,7.6,48.2,33.5,81.2,2026-07-08 18:18:19
438,4,77.8,34.3,59.5,0.99,32.2,13.3,54.0,37.2,52.4,2026-07-08 18:26:19
439,1,95.7,43.3,89.1,1.34,35.5,16.0,54.4,32.4,61.7,2026-07-08 18:34:19
440,9,87.7,38.9,59.1,1.11,35.4,17.3,44.8,24.1,60.7,2026-07-08 18:42:19
441,6,58.3,25.4,52.4,0.73,25.1,11.4,27.8,29.8,71.6,2026-07-08 18:50:19
442,3,87.1,37.8,66.6,1.15,38.1,16.1,54.9,36.0,73.3,2026-07-08 18:58:19
443,9,63.4,28.1,39.6,0.94,25.6,11.5,39.0,29.8,72.7,2026-07-08 19:06:19
444,3,125.7,55.5,98.7,1.63,51.5,22.1,54.6,25.2,78.5,2026-07-08 19:14:19
445,1,75.4,33.6,63.2,0.98,29.9,14.6,26.2,20.9,50.4,2026-07-08 19:22:19
446,6,109.6,49.5,82.7,1.41,41.0,20.5,29.9,33.0,62.5,2026-07-08 19:30:19
447,10,83.3,37.6,55.0,1.18,31.2,13.3,46.0,25.6,43.6,2026-07-08 19:38:19
448,10,44.9,19.8,35.5,0.6,18.5,6.1,29.2,23.7,60.4,2026-07-08 19:46:19
449,10,53.9,23.9,38.6,0.74,21.8,10.2,35.5,35.3,76.8,2026-07-08 19:54:19
450,3,68.3,29.5,53.5,0.98,30.4,13.0,42.0,19.5,31.7,2026-07-08 20:02:19
451,9,91.6,41.0,63.5,1.28,35.6,15.9,34.7,20.8,52.0,2026-07-08 20:10:19
452,3,34.2,16.1,24.4,0.45,10.4,7.2,27.5,18.1,83.0,2026-07-08 20:18:19
453,5,121.5,53.7,93.4,1.7,49.7,23.3,52.9,29.0,80.0,2026-07-08 20:26:19
454,6,87.8,39.1,58.0,1.19,34.9,16.7,34.7,25.2,47.4,2026-07-08 20:34:19
455,9,23.8,9.9,19.1,0.3,11.9,5.0,44.2,24.1,44.3,2026-07-08 20:42:19
456,8,42.8,19.2,28.3,0.62,16.5,9.1,48.8,36.1,42.3,2026-07-08 20:50:19
457,8,61.0,27.9,57.3,0.79,21.5,11.3,47.7,20.6,63.7,2026-07-08 20:58:19
458,6,88.5,40.2,75.0,1.15,32.3,14.5,52.3,24.0,50.5,2026-07-08 21:06:19
459,8,109.5,49.3,77.1,1.54,41.6,19.1,25.9,24.8,73.3,2026-07-08 21:14:19
460,5,24.2,10.4,17.7,0.37,10.9,5.0,48.7,29.6,54.5,2026-07-08 21:22:19
461,2,27.3,12.4,18.9,0.35,10.0,6.1,53.9,37.3,73.2,2026-07-08 21:30:19
462,7,143.5,62.8,94.6,1.86,61.0,26.3,28.4,35.9,64.5,2026-07-08 21:38:19
463,1,117.4,52.7,81.5,1.64,45.1,22.4,35.4,18.9,59.5,2026-07-08 21:46:19
464,2,112.4,50.7,100.7,1.43,42.3,19.3,39.7,30.9,34.4,2026-07-08 21:54:19
465,7,75.0,32.5,59.2,1.06,33.1,11.9,33.1,36.5,36.1,2026-07-08 22:02:19
466,3,64.3,28.2,49.0,0.83,27.0,12.8,39.3,26.8,74.9,2026-07-08 22:10:19
467,5,114.0,50.7,76.4,1.6,45.4,22.2,31.6,26.7,53.8,2026-07-08 22:18:19
468,6,37.3,16.5,31.6,0.49,15.2,7.4,30.1,22.0,49.6,2026-07-08 22:26:19
469,1,75.7,33.1,68.3,1.0,32.2,14.5,33.0,23.6,71.6,2026-07-08 22:34:19
470,2,74.7,32.9,50.7,0.98,30.9,13.0,30.1,24.2,31.0,2026-07-08 22:42:19
471,5,68.4,31.3,50.9,1.01,24.1,12.6,51.7,37.2,45.5,2026-07-08 22:50:19
472,9,86.1,38.0,71.2,1.1,35.3,17.0,31.0,27.5,68.8,2026-07-08 22:58:19
473,6,15.3,5.7,8.6,0.1,10.0,5.0,53.5,35.3,44.7,2026-07-08 23:06:19
474,4,86.5,39.1,69.6,1.27,32.3,15.9,40.4,28.1,44.7,2026-07-08 23:14:19
475,4,33.3,14.8,27.0,0.35,13.4,6.3,39.3,22.4,45.6,2026-07-08 23:22:19
476,5,90.4,39.9,77.8,1.26,37.1,15.0,45.3,33.5,81.3,2026-07-08 23:30:19
477,3,15.0,5.0,8.7,0.19,10.0,5.0,27.7,36.2,74.0,2026-07-08 23:38:19
478,1,63.4,27.4,47.2,0.83,28.1,10.0,26.3,34.6,53.7,2026-07-08 23:46:19
479,4,115.5,52.1,98.9,1.54,43.5,20.3,27.4,18.8,51.5,2026-07-08 23:54:19
480,6,78.5,35.9,72.5,1.03,27.7,14.0,42.1,19.3,58.5,2026-07-09 00:02:19
481,9,42.7,18.0,36.9,0.59,20.6,8.9,40.6,33.4,71.5,2026-07-09 00:10:19
482,7,106.6,47.8,95.2,1.37,41.2,19.6,36.3,18.4,79.4,2026-07-09 00:18:19
483,4,41.5,18.3,33.4,0.55,17.2,8.3,36.9,18.2,35.8,2026-07-09 00:26:19
484,7,79.7,34.9,63.4,1.1,33.8,15.8,28.9,25.7,67.3,2026-07-09 00:34:19
485,8,103.0,44.7,87.7,1.3,45.0,16.7,49.0,36.5,41.1,2026-07-09 00:42:19
486,3,136.0,61.1,97.9,1.84,52.0,24.8,31.5,36.8,31.6,2026-07-09 00:50:19
487,3,82.0,36.6,71.2,1.08,32.3,14.0,34.9,24.0,35.4,2026-07-09 00:58:19
488,6,68.9,31.6,49.7,0.92,24.1,11.8,50.7,32.4,47.0,2026-07-09 01:06:19
489,2,86.4,38.2,57.1,1.06,35.2,17.0,50.7,23.8,41.7,2026-07-09 01:14:19
490,1,84.7,36.8,70.8,1.16,36.9,14.3,44.8,32.9,41.9,2026-07-09 01:22:19
491,6,119.6,54.1,82.9,1.59,44.4,21.3,42.2,35.0,70.6,2026-07-09 01:30:19
492,1,33.5,15.5,23.5,0.52,11.2,5.4,53.2,25.1,34.2,2026-07-09 01:38:19
493,1,37.0,15.4,22.7,0.54,18.5,6.1,36.6,28.1,58.6,2026-07-09 01:46:19
494,8,58.8,25.6,53.5,0.7,25.5,11.3,54.3,37.9,42.8,2026-07-09 01:54:19
495,9,129.5,57.7,120.8,1.69,51.3,23.6,30.1,23.8,58.7,2026-07-09 02:02:19
496,2,59.1,27.2,42.2,0.74,20.2,11.8,54.1,32.7,34.3,2026-07-09 02:10:19
497,5,88.2,39.2,81.2,1.23,35.3,16.7,32.7,21.1,61.7,2026-07-09 02:18:19
498,3,69.1,31.0,48.6,0.98,26.6,11.4,34.6,35.0,39.2,2026-07-09 02:26:19
499,2,21.7,9.3,16.6,0.37,10.0,5.0,26.8,25.2,65.4,2026-07-09 02:34:19
500,10,36.3,16.0,25.8,0.4,15.0,7.7,27.1,36.9,61.3,2026-07-09 02:42:19
501,3,100.2,44.6,63.7,1.31,39.9,18.1,49.5,31.8,70.6,2026-07-09 02:50:19
502,10,20.1,8.0,14.9,0.2,11.5,5.0,35.0,19.6,63.3,2026-07-09 02:58:19
503,6,76.8,35.1,66.1,1.13,27.2,12.3,44.9,37.1,55.9,2026-07-09 03:06:19
504,3,26.3,11.7,20.6,0.37,10.4,6.4,54.3,31.4,54.1,2026-07-09 03:14:19
505,7,127.9,57.0,83.4,1.72,50.5,21.9,39.9,20.3,56.4,2026-07-09 03:22:19
506,6,99.6,44.5,75.2,1.43,39.0,16.8,38.3,28.4,46.3,2026-07-09 03:30:19
507,7,85.7,38.1,57.7,1.17,34.3,15.8,54.3,33.0,33.6,2026-07-09 03:38:19
508,1,91.2,39.5,64.0,1.09,40.2,17.0,30.1,31.8,45.5,2026-07-09 03:46:19
509,7,62.4,27.3,55.6,0.85,26.5,9.4,41.7,36.6,64.4,2026-07-09 03:54:19
510,9,83.5,38.2,54.2,1.23,29.5,15.6,51.6,18.3,48.4,2026-07-09 04:02:19
511,6,35.3,15.3,22.4,0.36,15.5,7.2,35.2,33.0,33.2,2026-07-09 04:10:19
512,10,77.1,33.7,59.4,1.08,32.8,14.8,46.6,24.0,76.4,2026-07-09 04:18:19
513,7,98.5,43.6,89.3,1.24,40.0,18.4,44.8,37.1,36.4,2026-07-09 04:26:19
514,6,103.0,46.4,80.0,1.33,39.0,19.6,44.9,25.4,49.1,2026-07-09 04:34:19
515,8,83.7,37.4,77.4,1.2,32.7,16.8,25.2,29.1,62.6,2026-07-09 04:42:19
516,5,76.4,33.8,69.5,1.03,31.1,13.7,44.6,30.8,36.5,2026-07-09 04:50:19
517,7,109.6,47.7,69.8,1.49,47.4,21.1,31.8,36.6,73.5,2026-07-09 04:58:19
518,7,70.5,31.3,51.7,0.95,28.3,13.3,26.2,37.9,57.5,2026-07-09 05:06:19
519,9,78.1,34.8,55.8,1.03,30.9,13.5,25.3,18.6,40.6,2026-07-09 05:14:19
520,6,98.4,44.8,89.9,1.3,35.5,16.7,33.4,18.8,52.2,2026-07-09 05:22:19
521,2,59.3,26.7,55.2,0.87,22.4,9.4,35.8,20.9,72.6,2026-07-09 05:30:19
522,2,54.0,23.4,35.0,0.74,23.8,7.8,34.5,32.9,39.3,2026-07-09 05:38:19
523,6,116.4,52.2,102.6,1.59,44.9,21.1,41.8,23.3,58.7,2026-07-09 05:46:19
524,8,101.4,45.4,87.4,1.32,39.3,18.1,45.5,32.8,42.6,2026-07-09 05:54:19
525,4,58.8,25.3,47.5,0.69,26.6,9.9,46.7,36.7,37.9,2026-07-09 06:02:19
526,2,111.8,50.4,90.1,1.59,42.1,21.3,30.8,30.9,81.0,2026-07-09 06:10:19
527,7,76.0,32.8,58.5,1.02,33.9,12.3,32.1,36.4,48.7,2026-07-09 06:18:19
528,6,109.6,48.3,77.6,1.47,45.4,18.1,28.8,21.6,43.1,2026-07-09 06:26:19
529,10,70.4,32.4,62.0,1.0,24.2,14.3,53.4,33.3,46.5,2026-07-09 06:34:19
530,2,65.0,27.9,43.9,0.91,29.6,9.7,36.5,19.1,32.5,2026-07-09 06:42:19
531,4,73.6,33.3,64.8,0.96,27.4,11.8,52.8,20.6,30.1,2026-07-09 06:50:19
532,7,15.0,5.0,8.5,0.1,10.0,5.0,34.1,20.4,83.9,2026-07-09 06:58:19
533,10,26.8,12.1,23.6,0.46,10.0,5.0,28.0,36.2,74.2,2026-07-09 07:06:19
534,7,144.2,65.1,111.2,1.97,54.1,26.7,40.6,24.4,36.6,2026-07-09 07:14:19
535,5,54.5,24.6,36.1,0.76,20.4,7.9,43.9,31.8,36.8,2026-07-09 07:22:19
536,8,93.3,40.6,68.7,1.13,40.5,16.2,28.9,23.1,81.2,2026-07-09 07:30:19
537,3,65.3,28.8,41.2,0.88,26.9,13.3,29.3,26.3,49.5,2026-07-09 07:38:19
538,8,60.1,26.8,48.5,0.72,23.7,10.1,26.7,18.2,52.8,2026-07-09 07:46:19
539,8,132.7,58.0,91.5,1.8,56.6,24.7,43.0,31.6,74.0,2026-07-09 07:54:19
540,1,96.0,43.3,66.3,1.21,36.1,18.1,50.4,26.1,63.5,2026-07-09 08:02:19
541,1,97.0,42.1,74.0,1.2,42.5,16.0,38.8,20.4,55.5,2026-07-09 08:10:19
542,7,124.8,55.2,82.6,1.67,50.8,22.4,45.2,21.0,64.8,2026-07-09 08:18:19
543,6,93.6,41.2,68.2,1.3,38.8,17.6,53.9,32.5,74.0,2026-07-09 08:26:19
544,10,45.0,21.0,34.6,0.72,14.3,6.7,44.1,18.9,52.8,2026-07-09 08:34:19
545,1,35.4,15.7,31.1,0.48,14.2,5.7,36.0,26.7,40.7,2026-07-09 08:42:19
546,8,89.1,40.2,64.0,1.18,33.4,14.7,46.0,24.0,51.7,2026-07-09 08:50:19
547,4,86.8,38.9,66.8,1.23,33.6,16.5,44.6,36.1,31.3,2026-07-09 08:58:19
548,6,64.3,28.2,47.2,0.81,27.0,13.0,48.8,22.5,40.4,2026-07-09 09:06:19
549,1,103.3,47.0,84.9,1.47,37.4,17.0,37.5,26.5,65.3,2026-07-09 09:14:19
550,3,91.9,40.9,64.9,1.21,36.5,18.0,26.5,29.3,37.1,2026-07-09 09:22:19
551,5,42.8,18.2,26.7,0.63,20.0,5.6,25.1,37.7,79.4,2026-07-09 09:30:19
552,8,62.7,28.2,43.7,0.84,23.8,10.8,45.5,21.2,64.3,2026-07-09 09:38:19
553,4,125.2,56.4,79.1,1.61,47.4,24.6,50.5,31.1,47.7,2026-07-09 09:46:19
554,2,112.0,49.5,96.6,1.41,45.8,18.8,32.8,21.4,80.9,2026-07-09 09:54:19
555,1,47.6,20.1,38.2,0.53,22.8,6.3,51.9,23.2,62.2,2026-07-09 10:02:19
556,4,18.3,7.4,13.0,0.25,10.0,5.0,51.6,32.4,39.0,2026-07-09 10:10:19
557,1,58.8,26.8,45.1,0.76,21.2,10.7,47.5,24.8,65.5,2026-07-09 10:18:19
558,8,15.0,5.0,10.4,0.16,10.0,5.0,53.7,35.8,76.6,2026-07-09 10:26:19
559,2,76.5,35.1,72.6,1.13,26.7,15.4,54.0,29.7,52.5,2026-07-09 10:34:19
560,9,55.6,25.7,36.5,0.86,18.6,9.2,52.7,36.4,77.9,2026-07-09 10:42:19
561,10,127.3,55.8,114.2,1.61,53.7,23.3,53.8,28.3,56.5,2026-07-09 10:50:19
562,9,156.5,68.8,135.4,2.0,65.3,26.0,50.0,32.7,56.4,2026-07-09 10:58:19
563,6,109.0,48.2,71.2,1.44,44.5,19.3,27.6,35.6,51.0,2026-07-09 11:06:19
564,10,28.2,12.9,23.5,0.34,10.0,6.8,26.3,28.2,32.4,2026-07-09 11:14:19
565,10,100.8,43.7,71.3,1.21,44.2,18.9,36.8,31.1,46.5,2026-07-09 11:22:19
566,4,120.4,54.3,97.7,1.64,45.3,22.0,28.6,37.9,52.7,2026-07-09 11:30:19
567,10,111.5,49.1,95.9,1.48,46.3,17.8,51.0,20.6,82.7,2026-07-09 11:38:19
568,4,27.5,11.2,22.4,0.3,14.7,5.0,34.6,34.3,31.1,2026-07-09 11:46:19
569,1,31.2,14.5,28.6,0.53,10.3,5.0,43.7,21.3,66.2,2026-07-09 11:54:19
570,6,132.6,58.3,104.0,1.78,55.3,21.5,32.4,30.2,44.3,2026-07-09 12:02:19
571,2,105.0,45.7,66.1,1.44,45.4,17.2,36.1,35.2,74.5,2026-07-09 12:10:19
572,3,85.5,36.9,76.1,1.05,38.1,16.3,27.4,26.2,63.2,2026-07-09 12:18:19
573,7,112.7,50.3,74.7,1.42,44.4,20.2,26.8,37.6,39.0,2026-07-09 12:26:19
574,10,99.9,44.3,68.2,1.41,40.4,19.4,53.3,22.0,49.3,2026-07-09 12:34:19
575,7,79.3,35.3,55.4,1.07,31.5,12.2,27.8,32.7,46.9,2026-07-09 12:42:19
576,2,156.5,69.7,139.3,2.03,62.1,27.4,37.7,18.1,45.4,2026-07-09 12:50:19
577,8,30.3,13.1,19.5,0.33,13.4,5.5,49.2,23.7,47.1,2026-07-09 12:58:19
578,7,31.0,14.0,23.9,0.47,11.6,5.0,37.6,21.3,79.2,2026-07-09 13:06:19
579,4,110.7,48.4,93.7,1.5,47.2,17.7,31.1,26.2,35.6,2026-07-09 13:14:19
580,6,90.3,41.1,75.7,1.31,32.6,15.1,52.5,37.3,33.2,2026-07-09 13:22:19
581,2,78.4,34.7,62.6,1.13,31.9,14.6,25.7,21.2,48.5,2026-07-09 13:30:19
582,1,99.8,45.0,77.0,1.3,37.6,18.2,27.6,36.1,36.3,2026-07-09 13:38:19
583,9,115.3,50.3,92.6,1.59,49.6,20.7,33.0,18.5,75.0,2026-07-09 13:46:19
584,8,15.0,5.0,10.2,0.1,10.0,5.0,41.7,26.3,41.9,2026-07-09 13:54:19
585,3,15.0,5.0,10.3,0.18,10.0,5.0,37.7,35.2,69.5,2026-07-09 14:02:19
586,8,24.7,10.4,20.8,0.26,11.9,5.0,31.4,19.0,55.5,2026-07-09 14:10:19
587,4,60.9,26.5,46.7,0.84,26.3,10.3,47.7,19.9,57.7,2026-07-09 14:18:19
588,1,60.6,26.4,44.1,0.78,26.2,9.6,28.8,36.5,38.8,2026-07-09 14:26:19
589,4,19.8,8.2,15.6,0.27,10.1,5.0,37.3,37.2,32.2,2026-07-09 14:34:19
590,9,102.6,45.6,69.3,1.32,41.0,18.1,44.5,24.8,70.6,2026-07-09 14:42:19
591,5,88.2,38.2,58.0,1.17,38.8,17.2,53.5,30.3,60.8,2026-07-09 14:50:19
592,4,101.3,44.1,92.3,1.33,43.9,15.8,33.5,24.1,50.1,2026-07-09 14:58:19
593,4,84.5,38.4,76.8,1.22,30.8,14.9,52.0,20.8,73.7,2026-07-09 15:06:19
594,7,107.0,48.6,78.0,1.38,39.1,19.0,47.2,24.9,71.3,2026-07-09 15:14:19
595,10,27.6,11.4,17.9,0.43,14.2,5.0,52.7,19.6,73.9,2026-07-09 15:22:19
596,2,83.9,36.4,52.9,1.14,36.7,15.3,40.4,21.7,77.8,2026-07-09 15:30:19
597,5,102.2,45.5,89.1,1.41,40.5,18.5,45.8,19.6,54.8,2026-07-09 15:38:19
598,3,32.9,15.5,24.3,0.37,10.0,6.1,29.2,37.0,58.4,2026-07-09 15:46:19
599,2,43.9,19.3,40.2,0.68,18.3,8.1,38.5,23.7,42.3,2026-07-09 15:54:19
600,10,119.3,53.4,86.1,1.67,46.4,22.6,28.9,30.2,56.8,2026-07-09 16:02:19
601,3,100.4,43.7,73.0,1.34,43.4,19.3,25.0,28.8,39.2,2026-07-09 16:10:19
602,8,126.4,55.6,97.8,1.76,52.6,21.5,26.3,31.9,57.9,2026-07-09 16:18:19
603,8,104.6,46.4,92.5,1.49,42.2,19.7,54.2,28.4,83.3,2026-07-09 16:26:19
604,6,151.1,68.1,106.6,2.14,57.1,28.6,53.3,35.6,44.6,2026-07-09 16:34:19
605,7,56.5,25.4,38.9,0.74,21.5,8.5,26.7,27.8,76.9,2026-07-09 16:42:19
606,3,90.7,41.4,66.9,1.33,32.4,16.1,26.7,23.4,70.8,2026-07-09 16:50:19
607,10,80.0,36.5,63.0,1.1,28.6,13.2,31.7,25.3,60.6,2026-07-09 16:58:19
608,3,75.8,33.1,64.0,0.97,32.5,14.9,39.8,35.3,38.4,2026-07-09 17:06:19
609,6,87.3,39.7,69.4,1.12,31.6,17.7,42.6,23.9,30.4,2026-07-09 17:14:19
610,7,94.2,41.9,68.9,1.33,37.6,14.9,30.9,23.6,69.0,2026-07-09 17:22:19
611,8,96.4,42.7,86.7,1.22,39.1,17.6,53.1,27.8,72.1,2026-07-09 17:30:19
612,5,107.9,46.9,73.7,1.37,46.9,18.0,38.7,21.5,66.2,2026-07-09 17:38:19
613,2,34.7,16.5,26.9,0.46,10.0,5.0,41.2,18.3,42.6,2026-07-09 17:46:19
614,5,15.0,5.0,9.5,0.22,10.0,5.0,35.7,31.3,39.1,2026-07-09 17:54:19
615,5,62.9,27.2,44.2,0.82,27.9,9.0,30.9,33.3,55.1,2026-07-09 18:02:19
616,6,123.6,55.8,113.4,1.72,46.4,24.2,43.3,26.1,46.6,2026-07-09 18:10:19
617,5,78.2,34.0,48.8,1.07,33.9,13.3,50.2,33.7,42.4,2026-07-09 18:18:19
618,5,89.2,40.6,74.0,1.31,32.2,16.7,41.9,24.1,79.1,2026-07-09 18:26:19
619,5,110.2,48.2,75.5,1.46,46.8,20.0,42.4,31.4,75.8,2026-07-09 18:34:19
620,7,106.9,48.3,70.4,1.36,40.0,18.3,53.3,36.8,53.1,2026-07-09 18:42:19
621,1,102.2,45.3,66.0,1.28,41.4,17.7,50.5,27.3,36.1,2026-07-09 18:50:19
622,9,151.0,67.4,127.5,2.08,59.3,28.7,50.4,22.3,69.5,2026-07-09 18:58:19
623,8,40.3,17.3,31.9,0.44,18.3,7.5,41.8,25.9,38.2,2026-07-09 19:06:19
624,10,88.3,39.5,65.8,1.09,34.4,16.5,34.7,20.1,49.4,2026-07-09 19:14:19
625,10,15.0,5.0,10.4,0.1,10.0,5.0,38.9,28.8,64.3,2026-07-09 19:22:19
626,9,56.0,25.8,47.4,0.7,19.2,9.6,47.2,19.7,48.9,2026-07-09 19:30:19
627,6,55.0,23.6,41.8,0.64,25.1,9.3,45.2,32.4,69.1,2026-07-09 19:38:19
628,4,88.4,40.1,79.1,1.22,32.5,16.2,41.5,35.2,70.1,2026-07-09 19:46:19
629,8,105.8,46.7,97.6,1.44,43.4,16.9,52.4,36.1,57.1,2026-07-09 19:54:19
630,4,21.2,9.0,15.9,0.33,10.0,5.0,25.2,35.9,34.7,2026-07-09 20:02:19
631,1,32.8,13.8,27.5,0.33,16.0,5.8,38.7,36.3,43.1,2026-07-09 20:10:19
632,7,62.2,28.5,50.8,0.82,21.7,11.6,49.8,31.5,79.2,2026-07-09 20:18:19
633,4,15.0,5.0,8.6,0.1,10.0,5.0,49.3,31.0,52.1,2026-07-09 20:26:19
634,6,95.9,42.0,64.7,1.35,40.6,15.5,36.2,21.8,57.0,2026-07-09 20:34:19
635,4,132.4,59.3,108.6,1.71,51.4,25.1,38.9,36.8,44.7,2026-07-09 20:42:19
636,1,139.4,62.8,117.6,1.95,52.8,26.9,43.6,27.8,48.4,2026-07-09 20:50:19
637,4,66.6,29.9,57.5,0.87,25.5,12.9,31.4,18.1,47.4,2026-07-09 20:58:19
638,1,61.2,28.1,45.0,0.81,21.3,11.5,52.1,22.3,34.2,2026-07-09 21:06:19
639,7,112.2,50.5,92.8,1.43,42.7,19.8,47.0,28.8,45.7,2026-07-09 21:14:19
640,4,37.9,16.1,30.5,0.46,17.9,5.2,46.1,31.4,67.3,2026-07-09 21:22:19
641,6,95.6,43.0,72.9,1.27,36.3,16.6,40.7,18.5,78.7,2026-07-09 21:30:19
642,3,73.4,32.4,49.9,1.0,30.1,13.5,38.8,35.6,61.9,2026-07-09 21:38:19
643,2,98.4,43.6,69.9,1.38,39.9,18.9,41.9,26.9,61.9,2026-07-09 21:46:19
644,9,76.6,34.5,54.6,0.99,29.0,14.5,34.5,36.0,64.8,2026-07-09 21:54:19
645,10,128.7,57.6,83.3,1.7,50.0,23.3,33.8,25.6,82.2,2026-07-09 22:02:19
646,10,65.8,29.3,48.3,0.88,26.2,10.3,32.4,34.2,45.9,2026-07-09 22:10:19
647,1,44.4,18.7,26.6,0.58,21.4,8.7,35.2,20.7,74.1,2026-07-09 22:18:19
648,6,37.7,16.1,29.7,0.43,17.4,5.0,28.6,28.4,72.5,2026-07-09 22:26:19
649,7,65.8,29.2,50.6,0.89,26.5,9.8,54.7,18.6,47.6,2026-07-09 22:34:19
650,1,65.6,30.0,54.4,0.88,23.2,11.3,32.6,18.1,39.2,2026-07-09 22:42:19
651,8,88.4,40.1,65.0,1.25,32.5,16.1,44.3,37.7,44.4,2026-07-09 22:50:19
652,8,82.8,36.0,66.1,1.08,36.1,15.9,44.6,35.6,79.0,2026-07-09 22:58:19
653,1,77.7,35.4,68.1,1.07,27.9,13.1,36.0,19.2,69.9,2026-07-09 23:06:19
654,2,69.2,30.8,51.2,0.97,27.6,11.2,49.8,31.5,44.1,2026-07-09 23:14:19
655,10,83.6,38.0,77.0,1.08,30.4,15.5,46.7,20.4,58.1,2026-07-09 23:22:19
656,9,158.7,71.4,102.5,2.16,60.3,28.5,34.9,33.5,64.4,2026-07-09 23:30:19
657,3,70.4,31.7,54.5,0.98,26.7,10.7,42.2,31.4,61.6,2026-07-09 23:38:19
658,2,97.5,42.5,73.3,1.2,42.0,18.0,26.5,32.0,41.3,2026-07-09 23:46:19
659,4,75.4,32.7,54.2,1.02,33.0,13.4,32.8,21.8,59.0,2026-07-09 23:54:19
660,3,68.5,29.6,57.9,0.98,30.5,12.9,25.9,20.8,51.6,2026-07-10 00:02:19
661,1,133.4,59.0,86.7,1.79,54.5,22.6,49.6,18.9,50.2,2026-07-10 00:10:19
662,1,90.8,39.4,63.1,1.21,39.7,16.1,27.5,24.5,81.6,2026-07-10 00:18:19
663,5,134.7,59.2,117.0,1.8,56.2,22.8,49.0,27.9,57.3,2026-07-10 00:26:19
664,5,121.5,53.7,90.4,1.58,49.6,20.4,38.9,33.6,65.1,2026-07-10 00:34:19
665,9,60.5,27.2,54.9,0.75,23.0,9.4,40.5,25.5,78.8,2026-07-10 00:42:19
666,9,80.7,36.3,72.1,1.18,30.7,13.1,25.3,28.6,45.7,2026-07-10 00:50:19
667,5,15.0,5.0,8.7,0.12,10.0,5.0,39.0,36.9,70.9,2026-07-10 00:58:19
668,8,133.6,59.5,102.7,1.81,52.9,24.3,34.8,32.8,83.7,2026-07-10 01:06:19
669,5,105.0,47.0,76.0,1.44,40.7,20.0,40.2,19.6,45.3,2026-07-10 01:14:19
670,9,147.0,65.9,103.2,1.96,56.7,27.1,41.4,31.7,45.0,2026-07-10 01:22:19
671,5,109.6,48.7,87.0,1.46,43.9,20.1,43.3,35.2,60.5,2026-07-10 01:30:19
672,5,70.7,32.1,47.9,1.03,25.8,12.8,47.3,37.6,34.3,2026-07-10 01:38:19
673,4,16.7,6.5,13.5,0.13,10.0,5.0,52.0,30.1,33.6,2026-07-10 01:46:19
674,4,77.2,34.5,68.6,1.1,30.2,12.1,48.0,36.9,55.8,2026-07-10 01:54:19
675,3,83.5,36.2,56.1,0.99,36.6,12.7,40.3,29.9,36.9,2026-07-10 02:02:19
676,8,96.3,43.5,77.5,1.35,36.1,18.3,38.0,25.1,44.3,2026-07-10 02:10:19
677,5,29.9,12.7,26.0,0.35,14.1,5.5,30.5,22.5,52.6,2026-07-10 02:18:19
678,6,92.7,40.1,80.2,1.2,41.0,15.0,48.9,31.3,36.6,2026-07-10 02:26:19
679,4,85.2,37.8,63.1,1.18,34.3,14.6,42.6,21.3,40.2,2026-07-10 02:34:19
680,2,101.0,45.0,94.1,1.27,40.1,18.6,45.6,26.9,44.9,2026-07-10 02:42:19
681,7,64.7,28.1,56.1,0.74,28.2,12.4,48.8,35.2,82.3,2026-07-10 02:50:19
682,10,61.6,27.8,48.4,0.74,23.1,13.0,25.4,30.4,53.1,2026-07-10 02:58:19
683,1,28.8,12.8,21.5,0.39,11.5,5.5,49.7,37.9,56.2,2026-07-10 03:06:19
684,10,71.4,32.3,66.3,0.96,26.5,13.4,31.5,29.5,65.4,2026-07-10 03:14:19
685,8,22.8,9.9,15.6,0.28,10.0,5.0,38.1,19.9,33.1,2026-07-10 03:22:19
686,3,66.6,29.1,48.7,0.93,28.4,12.6,40.6,32.3,35.8,2026-07-10 03:30:19
687,2,79.1,34.7,52.8,1.05,33.2,13.8,34.2,24.4,63.6,2026-07-10 03:38:19
688,1,39.8,17.0,32.4,0.42,18.4,5.1,37.1,35.6,46.3,2026-07-10 03:46:19
689,2,75.0,32.3,57.1,0.96,33.7,14.8,53.1,25.8,38.1,2026-07-10 03:54:19
690,10,106.0,47.7,97.7,1.45,40.2,19.7,44.7,28.4,33.2,2026-07-10 04:02:19
691,10,43.6,18.8,36.2,0.49,19.5,7.9,38.7,18.3,35.8,2026-07-10 04:10:19
692,10,102.7,46.6,77.7,1.49,37.6,18.3,48.5,29.1,34.4,2026-07-10 04:18:19
693,1,101.7,45.9,84.1,1.31,38.1,17.3,26.9,37.1,33.2,2026-07-10 04:26:19
694,4,79.4,34.6,65.8,1.1,34.2,13.9,28.6,20.3,31.5,2026-07-10 04:34:19
695,6,52.7,22.9,34.3,0.63,22.9,9.6,53.9,29.0,51.5,2026-07-10 04:42:19
696,5,95.7,42.5,63.5,1.35,38.3,15.4,51.0,32.0,66.7,2026-07-10 04:50:19
697,9,115.4,50.6,105.4,1.52,48.6,18.9,54.6,19.0,41.4,2026-07-10 04:58:19
698,7,39.5,18.2,36.3,0.5,13.5,8.6,31.9,34.8,58.3,2026-07-10 05:06:19
699,3,121.7,54.4,106.2,1.68,47.5,23.7,38.6,25.9,71.3,2026-07-10 05:14:19
700,9,70.8,32.1,56.9,1.04,26.0,11.6,46.2,35.3,71.0,2026-07-10 05:22:19
701,1,121.2,54.3,76.7,1.72,47.0,21.8,51.4,25.8,69.8,2026-07-10 05:30:19
702,7,96.8,43.8,64.3,1.33,35.9,19.3,28.6,35.1,30.7,2026-07-10 05:38:19
703,5,143.1,62.5,124.7,1.9,61.1,23.2,49.1,25.4,64.0,2026-07-10 05:46:19
704,6,56.2,25.3,51.9,0.79,21.3,10.1,30.2,20.2,73.1,2026-07-10 05:54:19
705,8,66.3,28.7,48.0,0.96,29.2,11.2,26.1,29.9,47.4,2026-07-10 06:02:19
706,8,17.0,6.5,9.8,0.22,10.6,5.0,53.3,27.3,75.2,2026-07-10 06:10:19
707,7,47.2,21.7,41.2,0.64,16.2,6.9,42.7,34.4,80.0,2026-07-10 06:18:19
708,5,45.8,19.7,37.2,0.68,20.6,8.7,34.6,25.5,61.5,2026-07-10 06:26:19
709,3,121.9,54.4,98.5,1.55,47.9,23.6,32.2,26.0,58.6,2026-07-10 06:34:19
710,2,50.9,22.2,37.6,0.59,21.9,7.1,50.0,19.8,39.1,2026-07-10 06:42:19
711,4,102.7,44.9,92.1,1.37,43.7,16.3,53.5,34.5,46.7,2026-07-10 06:50:19
712,10,94.6,42.3,74.1,1.35,37.0,18.4,48.4,22.8,30.0,2026-07-10 06:58:19
713,6,74.5,33.5,48.3,1.09,28.4,11.5,46.8,30.9,65.8,2026-07-10 07:06:19
714,5,79.5,35.5,68.5,0.98,31.3,15.5,30.0,18.7,44.6,2026-07-10 07:14:19
715,9,77.5,35.4,62.9,0.99,27.6,15.7,32.4,34.8,39.1,2026-07-10 07:22:19
716,6,89.3,38.9,68.5,1.21,38.6,15.3,40.4,37.9,66.1,2026-07-10 07:30:19
717,4,59.8,27.1,38.1,0.81,22.1,9.6,36.9,34.3,66.9,2026-07-10 07:38:19
718,7,71.7,32.1,45.6,0.95,27.9,14.7,30.7,27.2,76.9,2026-07-10 07:46:19
719,6,53.9,23.2,47.5,0.6,24.2,8.6,48.6,29.9,62.8,2026-07-10 07:54:19
720,8,79.5,34.5,67.2,1.09,34.8,12.8,47.4,30.6,78.6,2026-07-10 08:02:19
721,7,30.9,13.2,27.0,0.38,14.2,6.3,32.6,30.5,46.3,2026-07-10 08:10:19
722,1,92.6,41.2,76.0,1.18,36.9,16.0,36.7,24.3,77.2,2026-07-10 08:18:19
723,1,120.4,53.5,92.5,1.56,48.3,19.4,38.3,26.7,46.7,2026-07-10 08:26:19
724,5,97.0,43.6,86.0,1.28,37.0,18.3,51.5,29.0,37.1,2026-07-10 08:34:19
725,4,91.5,39.7,71.8,1.09,40.0,15.5,45.9,23.3,51.5,2026-07-10 08:42:19
726,3,15.0,5.0,8.1,0.1,10.0,5.0,46.5,20.6,64.0,2026-07-10 08:50:19
727,3,47.8,21.6,39.2,0.69,17.8,8.2,45.1,30.3,36.5,2026-07-10 08:58:19
728,1,32.2,13.9,23.3,0.4,14.4,5.9,53.2,28.5,35.1,2026-07-10 09:06:19
729,5,77.7,35.5,74.5,1.04,27.6,14.5,38.9,20.2,40.1,2026-07-10 09:14:19
730,10,86.8,38.4,74.7,1.12,35.3,14.6,43.5,21.0,69.5,2026-07-10 09:22:19
731,7,72.4,32.6,52.4,1.05,27.5,13.8,46.4,19.9,53.7,2026-07-10 09:30:19
732,3,15.0,5.0,9.5,0.11,10.0,5.0,26.0,28.9,75.1,2026-07-10 09:38:19
733,7,48.1,21.7,33.6,0.65,18.1,7.6,52.0,22.1,56.2,2026-07-10 09:46:19
734,5,81.4,35.2,68.9,1.11,36.1,13.4,40.4,33.2,72.9,2026-07-10 09:54:19
735,5,79.7,35.9,65.9,1.03,30.1,12.9,46.4,28.2,42.7,2026-07-10 10:02:19
736,1,92.0,40.7,75.3,1.26,37.4,16.4,52.2,21.0,49.2,2026-07-10 10:10:19
737,1,28.9,13.3,24.8,0.38,10.0,7.1,28.1,32.8,76.2,2026-07-10 10:18:19
738,2,15.0,5.0,7.5,0.14,10.0,5.0,28.6,21.9,33.5,2026-07-10 10:26:19
739,4,104.0,46.2,94.0,1.36,41.7,19.1,53.2,28.5,71.6,2026-07-10 10:34:19
740,2,15.0,5.0,7.7,0.1,10.0,5.0,39.8,18.7,35.4,2026-07-10 10:42:19
741,8,20.7,8.7,16.4,0.22,10.0,5.0,31.4,35.0,32.0,2026-07-10 10:50:19
742,9,130.0,57.8,108.8,1.78,52.0,22.8,39.0,18.7,65.7,2026-07-10 10:58:19
743,7,123.4,54.3,85.2,1.59,51.4,22.4,29.6,32.5,60.1,2026-07-10 11:06:19
744,5,60.9,26.7,54.3,0.75,25.6,11.6,36.8,21.1,84.2,2026-07-10 11:14:19
745,5,61.8,26.5,40.5,0.79,28.1,10.2,25.1,27.7,44.1,2026-07-10 11:22:19
746,8,134.6,59.7,105.1,1.7,54.3,25.6,39.6,23.2,51.3,2026-07-10 11:30:19
747,10,45.3,21.0,32.3,0.61,15.0,6.5,30.0,37.9,45.9,2026-07-10 11:38:19
748,4,79.4,35.2,59.3,0.97,32.1,13.0,41.9,30.4,40.3,2026-07-10 11:46:19
749,10,82.1,36.6,69.3,1.15,32.5,14.9,40.3,29.5,34.9,2026-07-10 11:54:19
750,3,53.1,23.3,40.9,0.73,22.4,11.0,47.6,30.4,49.2,2026-07-10 12:02:19
751,1,91.9,40.7,77.6,1.28,37.2,16.0,26.8,28.0,76.0,2026-07-10 12:10:19
752,6,32.0,14.7,21.1,0.37,11.0,7.4,34.3,21.2,78.8,2026-07-10 12:18:19
753,6,69.5,30.9,50.8,0.84,27.7,10.5,37.3,28.7,75.2,2026-07-10 12:26:19
754,1,90.8,40.5,62.1,1.13,35.8,17.6,39.6,29.2,43.8,2026-07-10 12:34:19
755,4,97.3,44.0,80.2,1.27,36.3,15.9,27.0,20.8,51.9,2026-07-10 12:42:19
756,1,111.0,48.8,77.5,1.38,46.4,20.8,41.8,31.9,70.3,2026-07-10 12:50:19
757,2,105.0,46.7,73.8,1.46,41.9,17.0,40.1,36.5,63.7,2026-07-10 12:58:19
758,4,98.9,44.5,79.2,1.31,37.5,17.2,44.6,22.1,42.8,2026-07-10 13:06:19
759,3,32.2,13.9,27.6,0.33,14.3,6.9,33.3,23.9,31.8,2026-07-10 13:14:19
760,9,71.6,31.2,50.1,0.99,30.9,12.2,41.2,32.9,50.0,2026-07-10 13:22:19
761,7,52.1,23.5,48.2,0.77,19.5,9.6,49.5,36.9,53.5,2026-07-10 13:30:19
762,3,62.5,28.6,59.3,0.78,22.1,13.4,53.0,24.2,30.3,2026-07-10 13:38:19
763,10,113.9,49.7,87.3,1.44,48.9,18.3,44.2,34.5,54.6,2026-07-10 13:46:19
764,2,34.3,15.2,28.7,0.37,13.9,5.0,54.1,27.2,81.2,2026-07-10 13:54:19
765,8,19.0,7.8,15.6,0.27,10.0,5.0,42.4,31.1,61.1,2026-07-10 14:02:19
766,5,112.8,50.0,103.5,1.41,45.7,19.5,37.0,18.9,57.4,2026-07-10 14:10:19
767,7,19.0,7.8,14.3,0.19,10.0,5.0,38.6,36.9,30.0,2026-07-10 14:18:19
768,6,88.1,38.6,71.0,1.15,37.2,14.8,29.4,20.6,50.6,2026-07-10 14:26:19
769,9,118.1,53.3,97.9,1.55,44.4,20.5,53.0,35.9,41.7,2026-07-10 14:34:19
770,5,103.7,46.7,67.5,1.34,39.2,17.9,44.0,32.7,63.4,2026-07-10 14:42:19
771,1,39.9,18.1,27.7,0.58,14.7,6.8,35.1,18.4,84.4,2026-07-10 14:50:19
772,10,61.5,26.4,41.7,0.75,28.0,8.6,27.6,31.4,57.5,2026-07-10 14:58:19
773,6,107.0,47.6,83.2,1.42,42.6,19.3,52.5,25.8,64.3,2026-07-10 15:06:19
774,5,99.1,43.8,90.7,1.36,40.5,17.4,41.3,29.2,44.8,2026-07-10 15:14:19
775,4,144.7,63.2,117.4,1.84,61.8,25.9,48.6,34.7,38.0,2026-07-10 15:22:19
776,5,73.5,32.6,57.2,0.93,29.6,11.6,44.8,25.0,71.4,2026-07-10 15:30:19
777,9,67.0,29.0,45.7,0.79,29.7,10.0,25.2,21.5,42.3,2026-07-10 15:38:19
778,6,135.3,60.8,120.4,1.85,51.8,23.0,46.9,26.1,65.1,2026-07-10 15:46:19
779,5,87.3,38.4,63.0,1.17,36.3,14.4,41.1,24.2,47.1,2026-07-10 15:54:19
780,10,72.9,33.3,66.0,0.95,25.9,12.5,30.6,30.3,57.8,2026-07-10 16:02:19
781,3,67.3,30.0,45.8,0.85,26.7,13.1,25.6,28.8,55.4,2026-07-10 16:10:19
782,5,100.8,44.5,90.7,1.4,41.4,19.7,28.3,30.2,70.6,2026-07-10 16:18:19
783,6,97.9,44.5,85.2,1.39,35.6,17.8,43.8,26.9,47.8,2026-07-10 16:26:19
784,10,85.4,38.8,56.8,1.18,31.2,15.3,42.1,20.0,80.8,2026-07-10 16:34:19
785,5,92.0,40.4,77.2,1.25,38.5,14.8,34.1,22.0,42.2,2026-07-10 16:42:19
786,5,34.4,15.3,21.7,0.51,13.8,5.0,48.9,30.7,56.3,2026-07-10 16:50:19
787,3,89.7,40.4,65.8,1.3,33.9,15.0,51.6,19.3,40.1,2026-07-10 16:58:19
788,5,53.9,24.2,39.6,0.75,20.7,11.5,31.5,24.4,45.7,2026-07-10 17:06:19
789,1,107.6,48.5,99.5,1.51,40.6,20.4,33.1,18.4,84.3,2026-07-10 17:14:19
790,1,96.5,43.8,75.4,1.37,35.4,18.7,47.7,31.7,47.6,2026-07-10 17:22:19
791,6,101.5,44.5,84.8,1.28,42.8,16.8,26.0,34.1,51.2,2026-07-10 17:30:19
792,9,89.1,39.8,66.5,1.26,35.0,16.2,47.3,36.9,50.5,2026-07-10 17:38:19
793,5,39.3,16.8,26.2,0.59,18.2,5.7,34.3,22.6,83.0,2026-07-10 17:46:19
794,10,150.1,67.0,140.6,2.09,58.9,27.8,28.8,28.4,67.1,2026-07-10 17:54:19
795,4,143.9,63.9,106.3,1.96,57.7,26.9,49.3,29.4,37.2,2026-07-10 18:02:19
796,10,29.4,13.0,22.2,0.45,12.0,5.0,27.9,32.0,44.9,2026-07-10 18:10:19
797,6,109.4,48.7,82.1,1.52,43.5,20.8,25.1,22.0,82.3,2026-07-10 18:18:19
798,5,36.5,16.8,30.9,0.53,12.5,8.1,52.9,29.5,32.2,2026-07-10 18:26:19
799,5,25.5,11.4,18.8,0.34,10.0,5.0,43.3,23.7,77.7,2026-07-10 18:34:19
800,8,77.2,34.8,55.2,1.0,29.1,13.7,33.8,18.6,38.8,2026-07-10 18:42:19
801,7,72.4,31.5,48.8,0.95,31.3,14.2,26.3,30.4,49.4,2026-07-10 18:50:19
802,2,111.3,49.2,99.4,1.49,45.4,21.1,27.7,31.3,49.0,2026-07-10 18:58:19
803,5,51.6,24.0,42.5,0.66,16.8,8.7,31.3,35.2,58.3,2026-07-10 19:06:19
804,4,50.3,21.4,44.0,0.65,23.6,10.1,34.3,34.4,71.5,2026-07-10 19:14:19
805,2,71.3,31.6,45.9,1.02,28.8,12.4,43.2,18.9,64.8,2026-07-10 19:22:19
806,4,112.5,49.5,99.2,1.41,46.8,20.2,41.7,21.6,49.0,2026-07-10 19:30:19
807,3,67.3,29.3,49.3,0.87,29.1,13.3,54.7,36.0,74.0,2026-07-10 19:38:19
808,2,55.5,24.6,41.3,0.69,22.4,11.7,50.8,26.8,67.3,2026-07-10 19:46:19
809,5,54.1,24.5,51.4,0.71,20.0,11.1,53.5,29.6,50.9,2026-07-10 19:54:19
810,9,56.4,24.6,43.0,0.66,24.2,9.4,27.5,24.4,66.9,2026-07-10 20:02:19
811,9,64.7,28.5,40.2,0.79,26.7,13.3,29.3,25.1,47.5,2026-07-10 20:10:19
812,3,51.7,22.9,36.3,0.68,21.0,10.0,33.2,22.2,71.7,2026-07-10 20:18:19
813,3,30.9,12.9,21.6,0.37,15.3,5.0,40.0,23.4,72.8,2026-07-10 20:26:19
814,9,98.9,43.2,74.4,1.23,42.2,17.6,43.1,26.7,74.3,2026-07-10 20:34:19
815,2,37.9,16.5,31.7,0.4,16.3,7.5,51.5,30.7,38.5,2026-07-10 20:42:19
816,9,72.3,32.3,52.8,0.9,28.4,13.9,54.3,20.6,51.2,2026-07-10 20:50:19
817,1,78.4,34.3,64.8,1.07,33.3,12.2,29.1,38.0,53.1,2026-07-10 20:58:19
818,6,117.7,51.3,83.7,1.47,50.7,18.8,30.7,31.9,68.4,2026-07-10 21:06:19
819,7,45.7,20.8,40.9,0.59,16.6,8.5,51.8,22.4,65.0,2026-07-10 21:14:19
820,3,111.2,48.5,95.8,1.43,47.7,19.4,33.1,18.3,33.8,2026-07-10 21:22:19
821,2,39.0,18.4,36.7,0.47,11.8,9.2,33.8,34.5,80.7,2026-07-10 21:30:19
822,9,34.7,15.8,25.8,0.43,12.5,6.7,42.2,30.0,68.2,2026-07-10 21:38:19
823,4,86.4,38.1,73.3,1.07,35.7,15.8,34.5,38.0,30.4,2026-07-10 21:46:19
824,9,97.2,43.0,61.9,1.32,39.7,19.1,38.4,21.8,30.8,2026-07-10 21:54:19
825,9,63.9,29.4,52.7,0.84,21.9,10.7,49.6,18.1,58.4,2026-07-10 22:02:19
826,10,91.3,41.2,71.6,1.24,34.3,15.8,47.7,29.4,73.9,2026-07-10 22:10:19
827,3,123.4,54.5,90.2,1.56,50.5,22.2,50.9,38.0,30.0,2026-07-10 22:18:19
828,4,40.4,17.2,32.5,0.49,18.9,6.8,31.4,20.8,56.9,2026-07-10 22:26:19
829,10,62.2,26.9,37.7,0.76,27.5,9.0,31.1,36.9,38.2,2026-07-10 22:34:19
830,6,54.2,24.3,38.4,0.68,20.9,7.9,29.1,24.9,82.8,2026-07-10 22:42:19
831,2,77.5,34.0,51.8,1.07,32.6,14.8,48.0,36.5,37.5,2026-07-10 22:50:19
832,1,74.5,32.9,62.2,0.91,30.6,13.9,42.7,34.6,44.8,2026-07-10 22:58:19
833,8,19.6,8.1,12.7,0.24,10.0,5.1,46.4,37.1,83.6,2026-07-10 23:06:19
834,2,115.5,52.2,97.4,1.51,43.0,21.6,48.4,28.1,31.2,2026-07-10 23:14:19
835,4,49.8,22.9,35.6,0.71,17.2,7.7,32.3,37.6,75.0,2026-07-10 23:22:19
836,5,68.4,30.7,47.7,1.01,26.3,12.1,38.0,22.9,33.4,2026-07-10 23:30:19
837,7,87.0,38.9,58.4,1.16,33.9,14.8,39.8,26.0,84.7,2026-07-10 23:38:19
838,4,86.8,37.5,56.3,1.1,38.7,14.8,28.9,19.5,34.2,2026-07-10 23:46:19
839,8,62.5,26.9,40.5,0.76,28.2,12.2,27.4,25.3,69.4,2026-07-10 23:54:19
840,10,45.4,20.0,34.8,0.67,18.7,7.2,53.6,19.8,31.8,2026-07-11 00:02:19
841,9,102.4,45.9,84.5,1.43,39.5,19.9,29.6,28.9,72.8,2026-07-11 00:10:19
842,10,32.6,15.2,31.5,0.37,10.4,5.5,28.8,27.2,53.7,2026-07-11 00:18:19
843,3,51.1,22.9,41.9,0.6,19.8,9.1,50.9,24.6,79.0,2026-07-11 00:26:19
844,7,132.7,58.8,112.2,1.73,53.7,21.8,52.9,32.3,54.6,2026-07-11 00:34:19
845,6,72.7,33.4,68.6,1.1,25.2,13.5,27.3,32.2,75.6,2026-07-11 00:42:19
846,3,48.7,20.6,36.9,0.7,23.3,7.2,50.9,31.8,60.6,2026-07-11 00:50:19
847,10,41.8,18.0,35.7,0.54,18.8,8.3,47.2,24.9,44.9,2026-07-11 00:58:19
848,8,65.5,28.8,48.3,0.89,27.4,10.6,44.0,26.0,67.9,2026-07-11 01:06:19
849,8,44.6,19.1,32.6,0.48,20.5,8.1,51.2,37.2,46.8,2026-07-11 01:14:19
850,1,92.7,40.6,74.6,1.26,39.2,17.1,32.0,20.4,31.5,2026-07-11 01:22:19
851,10,81.8,36.4,61.7,1.01,32.5,14.5,51.1,20.2,47.2,2026-07-11 01:30:19
852,5,20.7,8.6,16.4,0.32,10.5,5.0,44.2,36.5,78.2,2026-07-11 01:38:19
853,6,80.2,36.4,56.2,1.18,29.3,15.7,29.2,32.3,52.4,2026-07-11 01:46:19
854,6,31.9,14.0,23.7,0.34,13.4,5.0,46.9,35.3,37.5,2026-07-11 01:54:19
855,1,94.0,41.5,81.0,1.26,38.5,16.7,49.6,29.2,75.9,2026-07-11 02:02:19
856,5,121.3,54.1,97.3,1.71,47.8,23.6,49.6,26.0,72.9,2026-07-11 02:10:19
857,4,58.8,25.7,48.0,0.78,25.1,10.5,25.2,32.7,77.6,2026-07-11 02:18:19
858,6,15.0,5.0,9.2,0.17,10.0,5.0,25.9,33.3,84.6,2026-07-11 02:26:19
859,8,127.5,56.3,88.3,1.69,52.4,23.7,44.3,30.4,45.8,2026-07-11 02:34:19
860,1,28.0,12.8,22.6,0.39,10.0,5.0,35.0,36.9,33.8,2026-07-11 02:42:19
861,7,79.3,35.1,52.7,0.99,32.3,15.0,41.9,24.4,35.3,2026-07-11 02:50:19
862,7,83.1,37.6,65.7,1.22,30.8,13.3,54.6,32.3,70.3,2026-07-11 02:58:19
863,9,84.7,37.1,66.6,1.1,35.9,13.9,27.1,28.8,32.8,2026-07-11 03:06:19
864,8,94.7,42.8,88.5,1.26,35.4,16.7,45.8,19.5,70.6,2026-07-11 03:14:19
865,10,18.2,7.3,11.5,0.27,10.1,5.0,42.5,18.2,44.7,2026-07-11 03:22:19
866,2,30.9,14.4,20.3,0.41,10.0,7.2,37.8,35.4,54.2,2026-07-11 03:30:19
867,6,109.8,48.1,84.0,1.47,46.4,18.8,54.8,22.7,32.9,2026-07-11 03:38:19
868,10,18.7,7.6,14.0,0.29,10.0,5.0,34.1,18.3,73.7,2026-07-11 03:46:19
869,7,25.9,11.6,17.4,0.39,10.0,5.6,46.4,19.5,78.3,2026-07-11 03:54:19
870,7,75.2,33.2,58.9,0.9,30.8,11.9,48.6,30.1,63.0,2026-07-11 04:02:19
871,2,127.4,57.3,87.4,1.79,48.5,21.9,38.1,35.3,30.6,2026-07-11 04:10:19
872,10,88.2,38.4,58.7,1.16,38.1,16.9,53.1,34.9,61.1,2026-07-11 04:18:19
873,4,30.1,13.7,25.1,0.51,10.9,5.0,28.5,20.4,44.9,2026-07-11 04:26:19
874,2,142.6,63.7,106.5,1.86,55.8,26.8,43.6,21.2,83.3,2026-07-11 04:34:19
875,10,70.9,31.5,55.5,0.89,28.3,13.5,47.6,34.4,68.8,2026-07-11 04:42:19
876,10,54.6,24.4,35.0,0.73,21.3,8.0,49.3,29.1,30.6,2026-07-11 04:50:19
877,3,89.3,38.6,76.7,1.24,39.7,17.1,37.1,35.9,60.2,2026-07-11 04:58:19
878,9,52.6,22.5,41.2,0.62,24.3,10.8,45.5,28.0,46.4,2026-07-11 05:06:19
879,9,57.5,24.9,35.3,0.8,25.4,10.1,43.2,21.0,55.9,2026-07-11 05:14:19
880,6,101.9,46.1,70.0,1.3,37.9,19.6,49.0,36.8,79.1,2026-07-11 05:22:19
881,3,97.5,43.7,72.5,1.38,37.7,18.3,28.2,34.1,62.9,2026-07-11 05:30:19
882,7,47.6,21.3,38.8,0.62,18.6,9.2,43.9,20.1,77.2,2026-07-11 05:38:19
883,6,49.2,21.0,31.6,0.63,22.8,9.9,49.4,37.7,43.7,2026-07-11 05:46:19
884,2,50.7,22.1,41.6,0.74,21.8,9.6,36.9,24.9,51.9,2026-07-11 05:54:19
885,8,75.7,33.3,49.3,1.07,31.6,14.9,45.6,30.9,78.3,2026-07-11 06:02:19
886,7,31.5,14.4,24.7,0.51,11.1,7.5,34.1,18.6,63.3,2026-07-11 06:10:19
887,10,52.6,23.6,47.2,0.67,20.2,10.0,53.7,31.5,40.1,2026-07-11 06:18:19
888,9,43.2,18.6,34.7,0.5,19.5,9.3,26.4,31.9,57.5,2026-07-11 06:26:19
889,2,40.8,17.2,31.7,0.55,19.7,7.8,48.1,18.9,73.9,2026-07-11 06:34:19
890,2,178.0,78.9,161.4,2.39,72.0,31.9,50.3,29.1,81.9,2026-07-11 06:42:19
891,2,97.6,43.5,63.5,1.28,38.6,16.8,54.1,28.1,50.9,2026-07-11 06:50:19
892,7,34.5,16.2,32.5,0.55,10.6,5.3,29.1,31.8,76.2,2026-07-11 06:58:19
893,4,30.4,12.8,20.8,0.4,14.8,5.0,29.4,22.8,52.2,2026-07-11 07:06:19
894,9,35.3,14.6,25.7,0.52,18.1,7.5,35.0,24.5,68.5,2026-07-11 07:14:19
895,6,107.7,47.5,87.6,1.39,44.4,17.4,27.6,30.7,67.5,2026-07-11 07:22:19
896,7,25.8,10.8,22.2,0.41,12.8,5.0,44.8,31.0,40.7,2026-07-11 07:30:19
897,9,92.4,41.3,76.1,1.23,36.2,16.7,45.0,21.7,84.7,2026-07-11 07:38:19
898,9,75.3,32.4,49.2,1.07,33.9,11.2,35.9,18.0,59.8,2026-07-11 07:46:19
899,7,39.6,18.0,33.6,0.51,14.5,6.5,35.9,30.2,36.8,2026-07-11 07:54:19
900,6,45.0,20.5,36.1,0.64,16.3,9.7,40.9,30.3,39.4,2026-07-11 08:02:19
901,5,95.0,42.4,77.5,1.2,37.3,15.6,51.7,20.5,74.6,2026-07-11 08:10:19
902,3,139.1,62.1,126.2,1.82,54.7,25.3,32.0,29.6,69.8,2026-07-11 08:18:19
903,2,85.9,37.8,58.0,1.14,35.7,13.2,37.0,25.8,69.2,2026-07-11 08:26:19
904,4,71.8,32.3,49.4,1.0,27.3,14.8,51.3,24.1,44.6,2026-07-11 08:34:19
905,2,32.5,14.4,26.1,0.44,13.1,6.7,48.3,32.1,32.7,2026-07-11 08:42:19
906,10,83.7,36.2,60.0,1.07,37.1,14.0,49.6,33.2,40.8,2026-07-11 08:50:19
907,5,71.4,32.1,47.5,1.03,27.2,13.3,51.1,24.2,43.4,2026-07-11 08:58:19
908,1,70.3,31.6,49.7,1.03,26.9,14.0,38.8,37.2,30.3,2026-07-11 09:06:19
909,5,69.2,31.6,58.0,0.9,24.6,13.9,45.8,32.0,49.4,2026-07-11 09:14:19
910,4,60.2,27.8,48.6,0.82,20.4,11.7,52.7,33.7,77.8,2026-07-11 09:22:19
911,1,31.0,13.7,23.3,0.37,12.6,7.3,46.6,35.2,37.4,2026-07-11 09:30:19
912,9,115.3,50.8,73.9,1.56,47.7,20.2,38.4,27.2,49.5,2026-07-11 09:38:19
913,4,35.2,16.6,24.2,0.5,10.6,6.0,47.6,22.8,54.8,2026-07-11 09:46:19
914,2,15.0,5.0,8.4,0.1,10.0,5.0,54.4,20.1,79.2,2026-07-11 09:54:19
915,5,159.5,71.4,117.2,2.22,62.0,29.3,54.1,34.6,37.6,2026-07-11 10:02:19
916,9,86.2,38.0,54.4,1.19,35.7,14.3,54.1,36.9,33.4,2026-07-11 10:10:19
917,4,28.5,12.6,22.9,0.31,11.6,5.2,53.6,29.4,66.1,2026-07-11 10:18:19
918,3,43.9,19.4,32.7,0.59,18.0,7.2,50.9,25.4,83.5,2026-07-11 10:26:19
919,10,93.6,42.2,60.6,1.3,35.2,15.2,25.6,29.7,46.7,2026-07-11 10:34:19
920,8,62.2,27.2,55.9,0.9,26.4,9.4,33.9,25.1,51.7,2026-07-11 10:42:19
921,3,52.8,23.8,47.5,0.65,20.0,9.2,45.0,24.1,77.8,2026-07-11 10:50:19
922,7,79.4,36.2,69.9,1.04,28.4,13.1,37.6,18.6,48.7,2026-07-11 10:58:19
923,1,82.8,36.4,73.8,1.07,34.5,15.3,35.3,29.0,51.1,2026-07-11 11:06:19
924,1,39.4,18.0,25.7,0.61,14.0,5.4,42.7,23.0,79.9,2026-07-11 11:14:19
925,1,48.2,22.1,38.5,0.75,16.8,9.5,37.7,25.6,65.4,2026-07-11 11:22:19
926,2,112.0,48.8,84.6,1.39,48.4,17.9,48.3,22.5,54.8,2026-07-11 11:30:19
927,10,72.8,32.9,50.4,1.09,27.2,13.7,42.4,31.6,68.3,2026-07-11 11:38:19
928,7,38.0,17.8,30.7,0.45,11.9,5.3,41.2,28.2,45.1,2026-07-11 11:46:19
929,7,45.2,19.0,28.7,0.48,22.0,8.0,43.7,34.4,67.4,2026-07-11 11:54:19
930,10,148.4,65.6,96.8,2.07,60.6,27.9,40.8,20.9,80.1,2026-07-11 12:02:19
931,10,56.1,24.7,42.9,0.71,23.3,8.9,54.6,35.5,81.7,2026-07-11 12:10:19
932,5,101.5,45.6,76.0,1.46,38.8,18.8,48.7,21.5,81.6,2026-07-11 12:18:19
933,1,57.6,24.9,41.3,0.76,25.5,11.2,45.7,32.1,45.9,2026-07-11 12:26:19
934,3,104.6,45.4,71.1,1.4,45.7,17.9,52.0,37.2,72.4,2026-07-11 12:34:19
935,7,44.6,20.6,38.8,0.64,15.1,7.8,34.9,24.9,83.7,2026-07-11 12:42:19
936,7,61.5,26.9,42.7,0.8,26.1,12.0,28.2,18.5,78.7,2026-07-11 12:50:19
937,6,87.8,39.0,60.2,1.08,35.1,15.1,51.0,23.3,53.6,2026-07-11 12:58:19
938,9,68.9,31.1,56.6,0.86,25.9,14.0,41.7,21.4,70.9,2026-07-11 13:06:19
939,6,94.5,42.9,82.6,1.19,34.6,19.0,49.3,21.1,49.7,2026-07-11 13:14:19
940,4,50.8,22.5,34.2,0.61,20.5,8.9,38.1,35.6,58.0,2026-07-11 13:22:19
941,4,93.2,41.9,78.1,1.32,35.6,17.4,54.1,26.0,50.7,2026-07-11 13:30:19
942,8,39.8,18.1,33.8,0.48,14.4,9.2,44.6,19.7,49.7,2026-07-11 13:38:19
943,1,98.9,43.1,65.0,1.25,42.7,18.3,36.6,34.4,82.3,2026-07-11 13:46:19
944,4,169.2,76.0,134.0,2.3,64.8,31.4,54.2,37.6,32.7,2026-07-11 13:54:19
945,5,95.6,42.9,70.0,1.33,36.7,16.4,47.7,19.7,39.7,2026-07-11 14:02:19
946,1,63.1,27.6,42.5,0.82,26.8,9.5,48.9,37.8,38.4,2026-07-11 14:10:19
947,8,94.5,42.3,67.6,1.26,36.8,15.6,29.6,30.1,79.7,2026-07-11 14:18:19
948,7,51.1,22.9,37.7,0.76,19.7,9.1,38.6,37.7,44.8,2026-07-11 14:26:19
949,3,125.5,56.8,104.2,1.68,46.6,21.6,43.8,31.9,46.7,2026-07-11 14:34:19
950,10,168.0,75.5,127.5,2.33,64.2,31.7,51.9,37.4,52.5,2026-07-11 14:42:19
951,10,106.2,47.1,89.7,1.45,42.8,17.8,53.2,25.2,59.3,2026-07-11 14:50:19
952,4,24.8,11.0,18.0,0.41,10.0,5.0,53.2,25.5,68.2,2026-07-11 14:58:19
953,2,42.2,18.8,34.5,0.52,16.8,6.8,44.6,23.7,42.4,2026-07-11 15:06:19
954,1,62.1,27.8,42.3,0.84,24.1,11.1,35.4,30.3,47.6,2026-07-11 15:14:19
955,7,129.2,57.6,93.7,1.83,51.1,23.8,31.3,32.9,79.6,2026-07-11 15:22:19
956,3,82.1,37.4,61.8,1.12,29.6,16.2,50.8,33.4,31.7,2026-07-11 15:30:19
957,3,104.9,47.7,79.0,1.5,38.1,19.8,35.5,36.0,76.7,2026-07-11 15:38:19
958,7,15.0,5.0,7.3,0.1,10.0,5.0,39.7,18.1,73.5,2026-07-11 15:46:19
959,2,63.7,28.9,57.8,0.82,23.4,10.1,46.7,29.6,33.4,2026-07-11 15:54:19
960,5,74.1,33.6,47.9,0.91,27.2,12.6,30.1,32.4,47.6,2026-07-11 16:02:19
961,6,120.1,52.3,78.8,1.53,52.0,20.8,30.4,27.8,60.6,2026-07-11 16:10:19
962,1,123.8,54.1,83.6,1.61,52.9,23.5,50.6,32.1,50.7,2026-07-11 16:18:19
963,4,65.3,29.8,47.3,0.8,23.3,10.4,46.0,19.6,50.8,2026-07-11 16:26:19
964,6,60.8,28.1,45.6,0.82,20.4,9.9,46.3,26.6,63.1,2026-07-11 16:34:19
965,2,83.1,36.6,71.0,1.07,34.4,13.8,46.0,24.7,35.3,2026-07-11 16:42:19
966,6,43.3,18.9,36.8,0.64,18.5,8.3,48.0,34.5,43.8,2026-07-11 16:50:19
967,10,86.6,38.2,67.9,1.18,35.7,15.8,45.0,24.3,40.7,2026-07-11 16:58:19
968,1,51.5,22.9,41.2,0.74,20.5,7.4,39.1,28.3,81.1,2026-07-11 17:06:19
969,2,15.0,5.0,8.0,0.13,10.0,5.0,54.2,20.3,35.3,2026-07-11 17:14:19
970,7,40.1,17.4,35.9,0.6,17.5,8.6,51.1,24.8,56.2,2026-07-11 17:22:19
971,5,90.5,41.1,72.4,1.16,33.1,17.7,30.6,33.9,75.2,2026-07-11 17:30:19
972,6,82.8,37.5,64.8,1.14,30.7,15.8,42.3,33.7,61.3,2026-07-11 17:38:19
973,4,90.7,39.6,62.7,1.18,38.8,16.3,40.8,25.0,34.8,2026-07-11 17:46:19
974,1,34.4,15.2,29.7,0.47,14.0,6.0,44.7,20.8,31.9,2026-07-11 17:54:19
975,8,132.7,58.7,95.8,1.86,54.1,23.6,35.2,28.8,59.1,2026-07-11 18:02:19
976,10,78.4,35.3,52.8,0.98,29.8,14.1,34.9,33.3,63.2,2026-07-11 18:10:19
977,9,51.9,22.4,31.7,0.63,23.1,10.0,45.0,28.5,53.4,2026-07-11 18:18:19
978,4,133.7,59.9,113.1,1.71,51.7,25.9,39.0,30.1,49.0,2026-07-11 18:26:19
979,10,117.8,53.4,109.7,1.66,43.4,23.1,53.5,37.8,53.1,2026-07-11 18:34:19
980,3,79.2,34.1,50.3,1.03,35.6,12.5,53.4,22.0,79.1,2026-07-11 18:42:19
981,1,91.8,40.2,68.5,1.15,38.9,17.0,28.6,25.0,70.0,2026-07-11 18:50:19
982,8,123.1,54.2,110.4,1.7,51.1,20.3,49.5,27.6,61.1,2026-07-11 18:58:19
983,10,37.7,17.7,32.6,0.55,11.6,6.3,52.0,24.9,43.5,2026-07-11 19:06:19
984,9,110.9,49.0,92.6,1.54,45.4,18.7,32.5,27.8,53.6,2026-07-11 19:14:19
985,6,81.9,36.2,61.0,1.01,33.5,15.0,36.9,26.9,56.7,2026-07-11 19:22:19
986,5,55.2,24.7,48.0,0.69,21.5,11.3,38.3,36.1,67.3,2026-07-11 19:30:19
987,9,139.0,62.3,95.1,1.8,53.7,23.1,31.1,36.1,33.9,2026-07-11 19:38:19
988,7,99.6,43.2,78.4,1.34,43.7,16.7,25.3,35.8,75.7,2026-07-11 19:46:19
989,7,71.5,31.7,51.2,0.94,28.8,12.2,27.0,30.9,52.7,2026-07-11 19:54:19
990,6,42.8,18.6,29.9,0.57,18.7,6.3,37.9,27.0,50.4,2026-07-11 20:02:19
991,1,87.0,38.9,58.0,1.1,33.9,15.8,53.9,25.8,73.7,2026-07-11 20:10:19
992,4,85.5,38.2,64.1,1.15,33.5,13.4,29.0,23.4,52.2,2026-07-11 20:18:19
993,1,109.9,47.8,71.8,1.47,47.7,20.0,30.9,31.5,60.1,2026-07-11 20:26:19
994,7,64.8,28.7,56.7,0.96,26.3,11.0,29.2,25.4,33.5,2026-07-11 20:34:19
995,1,151.2,66.9,120.0,2.08,61.5,25.5,43.3,28.4,82.3,2026-07-11 20:42:19
996,1,44.4,20.1,31.2,0.54,16.4,7.0,25.0,36.7,45.9,2026-07-11 20:50:19
997,8,77.3,34.3,54.3,1.06,31.2,15.6,25.7,20.5,43.3,2026-07-11 20:58:19
998,7,104.8,46.6,74.6,1.48,41.9,18.8,51.8,37.1,59.6,2026-07-11 21:06:19
999,7,61.2,27.8,40.9,0.76,22.4,9.9,49.0,34.1,73.4,2026-07-11 21:14:19
1000,3,65.2,29.5,59.4,0.94,24.1,13.0,38.2,25.8,32.8,2026-07-11 21:22:19
1001,10,39.6,17.4,30.0,0.53,16.6,6.5,28.8,20.4,53.6,2026-07-11 21:30:19
1002,5,69.5,30.9,47.7,1.0,27.8,14.3,52.3,29.1,30.4,2026-07-11 21:38:19
1003,3,142.3,64.0,98.3,1.84,54.3,26.7,45.9,36.8,34.2,2026-07-11 21:46:19
1004,4,128.8,57.6,89.6,1.76,50.2,23.8,35.7,37.1,78.3,2026-07-11 21:54:19
1005,8,96.2,42.6,63.3,1.21,39.1,18.3,45.4,20.6,40.6,2026-07-11 22:02:19
1006,8,71.0,30.7,54.1,1.0,31.5,12.3,52.7,33.0,41.9,2026-07-11 22:10:19
1007,3,72.4,32.4,66.8,1.03,28.1,11.3,36.9,29.2,54.9,2026-07-11 22:18:19
1008,7,72.2,31.0,60.4,0.87,32.9,13.9,45.1,27.9,58.2,2026-07-11 22:26:19
1009,3,64.6,29.8,49.2,0.93,21.9,9.9,38.7,20.5,78.2,2026-07-11 22:34:19
1010,10,154.5,69.5,140.8,2.11,58.7,27.6,44.7,25.9,69.6,2026-07-11 22:42:19
1011,4,46.4,20.9,40.3,0.69,17.5,10.1,44.0,33.2,69.2,2026-07-11 22:50:19
1012,4,64.2,29.0,55.4,0.94,23.9,10.2,50.5,27.4,53.3,2026-07-11 22:58:19
1013,7,117.9,52.7,76.2,1.51,46.0,21.9,34.2,28.3,40.9,2026-07-11 23:06:19
1014,5,157.1,70.3,146.5,2.14,61.2,26.5,27.3,30.2,32.8,2026-07-11 23:14:19
1015,6,133.5,58.6,86.2,1.68,56.1,21.5,25.5,18.5,49.9,2026-07-11 23:22:19
1016,6,93.6,41.6,80.1,1.21,37.4,16.6,26.5,21.9,63.7,2026-07-11 23:30:19
1017,6,86.5,38.0,76.5,1.19,36.1,15.4,49.1,25.2,81.6,2026-07-11 23:38:19
1018,2,119.1,53.1,82.2,1.62,47.1,20.8,27.8,37.5,56.9,2026-07-11 23:46:19
1019,5,105.8,48.0,75.8,1.52,38.7,18.7,43.6,22.0,47.2,2026-07-11 23:54:19
1020,6,127.5,57.5,83.5,1.74,48.1,23.1,53.4,20.3,33.3,2026-07-12 00:02:19
1021,2,41.6,18.3,32.2,0.56,17.3,7.9,37.0,32.9,44.9,2026-07-12 00:10:19
1022,7,105.2,47.4,92.7,1.35,39.8,17.8,49.1,18.3,45.8,2026-07-12 00:18:19
1023,4,128.2,56.1,115.2,1.6,54.5,23.1,29.8,27.3,66.8,2026-07-12 00:26:19
1024,7,98.3,43.3,79.0,1.28,40.7,19.1,33.8,24.2,82.8,2026-07-12 00:34:19
1025,6,80.7,36.4,53.6,1.09,30.4,16.1,47.0,33.8,64.6,2026-07-12 00:42:19
1026,5,101.3,46.0,73.9,1.35,37.0,19.8,41.0,30.6,53.6,2026-07-12 00:50:19
1027,2,66.0,29.4,56.3,0.89,26.2,12.8,30.9,19.3,36.7,2026-07-12 00:58:19
1028,1,21.3,8.6,12.3,0.35,11.6,5.0,32.2,19.3,36.9,2026-07-12 01:06:19
1029,8,105.3,47.4,73.8,1.47,39.9,18.6,42.5,22.5,69.8,2026-07-12 01:14:19
1030,1,46.1,19.7,40.0,0.65,21.2,7.9,37.2,24.0,58.2,2026-07-12 01:22:19
1031,2,52.4,23.7,49.4,0.63,19.4,7.7,39.9,19.3,82.4,2026-07-12 01:30:19
1032,2,108.6,48.8,71.9,1.52,41.6,18.6,45.1,31.2,60.2,2026-07-12 01:38:19
1033,9,42.8,19.9,32.9,0.68,13.9,9.9,40.7,20.4,73.3,2026-07-12 01:46:19
1034,1,68.4,30.9,57.7,1.01,25.5,10.4,38.3,28.9,80.2,2026-07-12 01:54:19
1035,10,67.3,29.5,49.8,0.86,28.5,9.9,51.0,25.0,41.7,2026-07-12 02:02:19
1036,10,77.8,34.2,58.9,1.12,32.4,13.1,48.4,32.8,43.9,2026-07-12 02:10:19
1037,9,147.9,66.5,101.8,2.03,56.4,27.2,32.8,31.7,30.5,2026-07-12 02:18:19
1038,4,109.6,48.3,82.3,1.4,45.4,17.4,35.2,30.9,42.7,2026-07-12 02:26:19
1039,8,56.6,24.6,44.1,0.64,24.7,9.1,41.1,26.0,43.6,2026-07-12 02:34:19
1040,2,133.9,58.6,116.3,1.82,56.9,22.6,31.7,36.9,64.3,2026-07-12 02:42:19
1041,8,84.5,37.0,59.9,1.19,35.7,15.6,45.3,33.5,48.4,2026-07-12 02:50:19
1042,5,68.0,29.6,53.1,0.8,29.5,12.7,52.5,19.0,33.0,2026-07-12 02:58:19
1043,5,113.9,51.2,107.0,1.52,43.5,21.9,29.3,19.7,41.1,2026-07-12 03:06:19
1044,7,87.3,39.8,78.9,1.22,31.3,16.2,39.0,25.5,62.1,2026-07-12 03:14:19
1045,1,77.3,35.1,68.3,0.97,28.3,12.6,44.8,38.0,81.8,2026-07-12 03:22:19
1046,3,16.3,6.3,11.3,0.18,10.0,5.0,25.8,34.6,80.0,2026-07-12 03:30:19
1047,6,74.1,33.8,52.7,1.02,26.5,14.3,35.7,27.5,63.8,2026-07-12 03:38:19
1048,9,105.3,47.9,67.9,1.53,38.2,19.7,42.9,18.4,33.4,2026-07-12 03:46:19
1049,7,52.3,22.4,42.5,0.69,24.0,7.8,26.7,33.3,34.4,2026-07-12 03:54:19
1050,3,52.3,22.6,41.8,0.74,23.2,10.9,38.5,23.2,77.3,2026-07-12 04:02:19
1051,4,65.2,29.5,46.3,0.96,24.2,13.7,30.6,26.6,35.4,2026-07-12 04:10:19
1052,10,102.5,46.1,80.3,1.29,39.0,19.7,49.8,25.5,61.7,2026-07-12 04:18:19
1053,8,18.6,7.4,12.1,0.26,10.6,5.0,43.8,36.9,33.1,2026-07-12 04:26:19
1054,3,153.7,67.4,133.1,2.02,64.8,27.3,31.5,31.9,40.3,2026-07-12 04:34:19
1055,3,104.4,45.4,88.0,1.41,45.3,18.4,32.3,27.2,83.5,2026-07-12 04:42:19
1056,10,64.4,28.4,54.4,0.87,26.6,12.8,54.5,32.3,43.6,2026-07-12 04:50:19
1057,7,103.4,45.1,72.8,1.26,44.4,19.9,38.3,20.5,79.4,2026-07-12 04:58:19
1058,1,81.1,35.5,73.1,1.08,34.4,12.8,46.3,20.7,39.6,2026-07-12 05:06:19
1059,1,87.5,38.2,72.1,1.14,37.5,16.8,53.1,32.6,55.6,2026-07-12 05:14:19
1060,6,95.0,42.5,80.4,1.22,36.9,17.9,36.2,28.0,48.6,2026-07-12 05:22:19
1061,9,88.4,38.7,59.0,1.26,37.4,14.8,27.7,20.3,60.8,2026-07-12 05:30:19
1062,3,31.3,14.6,26.6,0.37,10.0,5.6,52.5,32.3,54.2,2026-07-12 05:38:19
1063,2,98.8,43.0,77.8,1.26,42.7,15.6,30.6,21.4,82.6,2026-07-12 05:46:19
1064,10,50.5,22.5,43.9,0.74,19.9,8.8,53.1,31.9,36.8,2026-07-12 05:54:19
1065,10,91.2,41.2,67.2,1.21,34.0,16.1,28.5,18.2,74.9,2026-07-12 06:02:19
1066,3,49.0,22.4,46.8,0.67,17.3,9.1,30.7,23.0,84.9,2026-07-12 06:10:19
1067,6,94.7,42.9,75.1,1.21,35.0,15.7,47.3,22.7,35.8,2026-07-12 06:18:19
1068,3,98.7,43.6,90.0,1.23,40.4,18.9,44.0,35.1,76.5,2026-07-12 06:26:19
1069,2,43.6,19.4,27.5,0.65,17.4,7.3,46.6,27.5,58.3,2026-07-12 06:34:19
1070,7,80.6,35.8,56.0,1.14,32.3,13.8,50.8,33.4,34.7,2026-07-12 06:42:19
1071,3,67.5,29.2,51.0,0.78,29.9,11.9,42.9,24.9,79.9,2026-07-12 06:50:19
1072,9,93.8,41.9,62.4,1.34,36.8,18.5,29.4,29.9,69.7,2026-07-12 06:58:19
1073,8,64.7,29.7,57.9,0.89,22.5,11.2,48.3,28.2,41.3,2026-07-12 07:06:19
1074,7,75.1,34.0,56.2,0.99,27.8,14.2,32.1,19.0,62.2,2026-07-12 07:14:19
1075,10,88.0,39.2,66.5,1.16,34.8,14.5,37.1,31.8,47.3,2026-07-12 07:22:19
1076,4,37.6,16.7,26.7,0.42,15.0,7.7,46.3,29.4,75.6,2026-07-12 07:30:19
1077,6,99.3,43.5,80.4,1.37,42.1,17.6,47.5,36.9,54.1,2026-07-12 07:38:19
1078,8,49.5,22.9,37.2,0.61,16.6,9.6,54.6,25.1,67.7,2026-07-12 07:46:19
1079,8,21.7,9.3,14.7,0.26,10.0,5.0,28.4,25.7,53.1,2026-07-12 07:54:19
1080,4,58.4,25.8,47.3,0.87,23.9,10.2,38.4,37.4,68.7,2026-07-12 08:02:19
1081,5,54.6,23.7,45.0,0.71,23.9,10.5,47.9,28.5,43.2,2026-07-12 08:10:19
1082,7,65.3,28.2,52.4,0.9,29.1,10.2,51.5,18.2,60.5,2026-07-12 08:18:19
1083,8,24.3,10.6,22.0,0.29,10.5,5.6,32.3,35.5,51.6,2026-07-12 08:26:19
1084,4,28.7,12.8,19.6,0.42,11.4,5.4,38.3,32.0,52.5,2026-07-12 08:34:19
1085,8,66.4,30.1,46.3,0.81,24.5,11.7,25.8,36.5,52.3,2026-07-12 08:42:19
1086,10,123.4,54.8,95.8,1.55,49.5,21.8,46.7,26.1,35.3,2026-07-12 08:50:19
1087,9,24.3,10.3,16.9,0.29,11.5,5.0,40.6,26.0,66.5,2026-07-12 08:58:19
1088,8,112.5,49.7,97.6,1.47,46.0,19.7,48.9,31.9,56.2,2026-07-12 09:06:19
1089,10,15.0,5.0,7.5,0.21,10.0,5.0,47.6,22.1,81.8,2026-07-12 09:14:19
1090,10,37.7,17.3,32.4,0.57,13.2,7.8,51.6,19.8,54.4,2026-07-12 09:22:19
1091,4,75.6,32.7,54.8,0.91,33.5,12.1,45.6,18.2,58.8,2026-07-12 09:30:19
1092,9,71.4,31.1,56.7,0.93,30.9,13.8,37.5,21.7,39.7,2026-07-12 09:38:19
1093,9,106.1,47.5,68.0,1.37,41.2,17.3,33.8,27.7,59.3,2026-07-12 09:46:19
1094,7,47.7,20.6,30.3,0.64,21.3,7.5,48.2,31.8,57.1,2026-07-12 09:54:19
1095,1,132.6,58.2,116.6,1.83,55.6,23.3,29.6,30.5,30.4,2026-07-12 10:02:19
1096,1,82.6,37.2,72.0,1.07,31.3,15.1,50.8,19.1,57.0,2026-07-12 10:10:19
1097,7,40.7,17.2,35.7,0.5,19.4,6.0,38.4,21.3,66.2,2026-07-12 10:18:19
1098,3,65.2,29.0,45.4,0.89,25.9,12.6,46.0,25.5,53.6,2026-07-12 10:26:19
1099,2,93.5,42.0,59.1,1.28,35.8,18.3,28.5,18.1,73.3,2026-07-12 10:34:19
1100,5,59.4,27.1,46.8,0.76,21.2,9.1,49.7,32.2,77.1,2026-07-12 10:42:19
1101,2,72.0,33.0,52.3,0.9,25.1,14.2,27.0,23.4,31.9,2026-07-12 10:50:19
1102,10,48.5,21.6,36.8,0.59,19.3,9.8,41.0,20.6,45.2,2026-07-12 10:58:19
1103,10,75.0,32.5,51.1,0.97,32.9,12.2,45.2,24.5,80.7,2026-07-12 11:06:19
1104,6,82.1,35.7,54.5,1.0,35.6,13.0,25.6,20.6,39.3,2026-07-12 11:14:19
1105,6,85.6,38.7,74.5,1.17,31.8,14.3,27.1,27.1,52.6,2026-07-12 11:22:19
1106,8,141.8,63.0,129.4,1.82,56.8,25.1,42.9,23.1,75.1,2026-07-12 11:30:19
1107,8,110.5,48.9,83.0,1.47,44.9,18.2,25.4,18.7,49.8,2026-07-12 11:38:19
1108,1,67.5,30.2,51.1,0.97,26.3,11.9,29.1,33.2,55.5,2026-07-12 11:46:19
1109,5,126.8,57.2,97.5,1.77,47.7,21.4,30.7,30.7,54.6,2026-07-12 11:54:19
1110,8,42.5,17.9,32.3,0.55,20.5,6.7,25.4,18.6,69.0,2026-07-12 12:02:19
1111,3,90.2,39.5,62.4,1.17,38.2,16.3,39.8,19.7,32.3,2026-07-12 12:10:19
1112,4,72.2,31.6,62.5,1.04,30.7,13.7,49.0,18.3,45.7,2026-07-12 12:18:19
1113,4,90.6,39.6,58.2,1.21,38.6,14.5,30.6,31.1,40.4,2026-07-12 12:26:19
1114,6,85.2,37.3,54.2,1.17,36.2,16.5,37.3,33.5,41.8,2026-07-12 12:34:19
1115,5,107.1,46.5,88.5,1.39,46.7,17.7,29.9,26.8,59.4,2026-07-12 12:42:19
1116,7,93.4,42.0,76.2,1.3,35.5,18.2,28.2,32.2,52.5,2026-07-12 12:50:19
1117,7,107.4,47.0,66.3,1.4,45.5,20.6,42.0,37.7,46.8,2026-07-12 12:58:19
1118,2,50.5,22.0,33.1,0.71,21.8,7.1,28.0,23.5,70.8,2026-07-12 13:06:19
1119,2,29.7,13.7,22.4,0.46,10.0,5.0,45.4,25.1,58.0,2026-07-12 13:14:19
1120,2,66.8,30.4,47.2,0.99,24.1,10.5,29.8,23.7,62.8,2026-07-12 13:22:19
1121,4,110.7,48.8,82.8,1.42,45.7,17.6,36.3,20.0,57.6,2026-07-12 13:30:19
1122,1,133.0,58.9,90.5,1.83,53.9,23.3,35.0,34.2,30.2,2026-07-12 13:38:19
1123,3,132.8,58.8,113.5,1.8,54.0,22.4,31.9,19.9,79.8,2026-07-12 13:46:19
1124,5,26.9,11.3,17.1,0.34,13.2,5.6,26.9,25.2,48.5,2026-07-12 13:54:19
1125,9,72.6,33.3,49.1,1.04,25.3,14.3,33.8,20.7,73.2,2026-07-12 14:02:19
1126,7,15.0,5.0,9.6,0.1,10.0,5.0,35.6,26.1,52.4,2026-07-12 14:10:19
1127,4,77.2,35.2,56.8,1.1,27.7,12.6,26.2,36.9,52.7,2026-07-12 14:18:19
1128,4,67.8,29.7,44.3,0.86,28.6,10.1,43.0,26.9,46.2,2026-07-12 14:26:19
1129,7,73.2,31.8,66.1,0.89,32.0,13.6,49.8,25.0,31.7,2026-07-12 14:34:19
1130,7,63.6,27.4,50.1,0.75,28.5,10.3,52.4,36.1,36.1,2026-07-12 14:42:19
1131,7,19.6,8.1,16.8,0.18,10.0,5.0,41.0,27.8,53.5,2026-07-12 14:50:19
1132,9,95.2,43.0,72.8,1.36,35.5,17.9,25.2,18.9,35.8,2026-07-12 14:58:19
1133,7,97.3,42.6,76.7,1.38,41.3,15.8,48.7,22.6,38.4,2026-07-12 15:06:19
1134,8,113.8,49.8,91.2,1.43,48.4,21.1,41.2,29.2,71.0,2026-07-12 15:14:19
1135,8,94.8,42.3,69.8,1.32,37.4,18.3,35.4,36.9,33.4,2026-07-12 15:22:19
1136,9,72.3,31.8,58.1,1.05,30.1,11.2,52.6,23.6,52.3,2026-07-12 15:30:19
1137,10,149.4,65.5,112.8,1.89,63.0,27.0,27.6,21.6,31.5,2026-07-12 15:38:19
1138,8,132.8,58.8,113.7,1.82,53.9,25.1,25.8,36.7,51.4,2026-07-12 15:46:19
1139,7,45.5,19.5,29.6,0.49,20.8,8.0,46.3,22.5,65.3,2026-07-12 15:54:19
1140,9,65.1,29.3,43.6,0.96,24.7,10.0,53.4,24.6,62.6,2026-07-12 16:02:19
1141,5,61.5,26.3,50.8,0.88,28.4,11.0,36.2,26.6,77.5,2026-07-12 16:10:19
1142,6,160.4,71.1,118.2,2.13,64.8,28.5,41.2,34.0,78.5,2026-07-12 16:18:19
1143,7,27.3,12.4,19.0,0.29,10.0,6.1,50.9,20.3,31.0,2026-07-12 16:26:19
1144,10,75.7,32.9,47.6,1.08,33.0,11.5,39.2,35.7,41.9,2026-07-12 16:34:19
1145,9,94.4,41.7,81.6,1.35,38.7,15.3,27.8,21.4,59.6,2026-07-12 16:42:19
1146,5,112.7,49.7,92.1,1.5,46.4,19.8,36.7,32.1,68.0,2026-07-12 16:50:19
1147,10,64.5,29.5,59.8,0.89,22.7,11.3,33.6,27.5,33.5,2026-07-12 16:58:19
1148,3,66.8,30.5,44.1,1.01,23.9,12.2,29.9,36.0,80.6,2026-07-12 17:06:19
1149,2,79.8,36.1,56.0,1.15,29.6,16.1,49.5,29.4,37.5,2026-07-12 17:14:19
1150,8,85.4,38.1,54.2,1.15,33.7,14.2,46.2,23.5,69.8,2026-07-12 17:22:19
1151,9,77.8,33.6,49.7,1.09,34.7,14.6,44.1,20.5,39.5,2026-07-12 17:30:19
1152,5,89.5,38.7,63.8,1.26,39.7,16.1,33.0,18.3,32.9,2026-07-12 17:38:19
1153,7,103.1,46.7,76.3,1.49,38.1,19.6,39.7,24.2,50.4,2026-07-12 17:46:19
1154,6,74.6,33.1,59.9,1.01,30.1,12.5,32.7,18.9,81.0,2026-07-12 17:54:19
1155,7,56.1,25.7,53.6,0.84,19.7,8.8,33.2,26.0,53.7,2026-07-12 18:02:19
1156,8,98.4,43.9,81.7,1.27,38.7,17.4,31.7,32.9,38.3,2026-07-12 18:10:19
1157,1,17.6,7.0,12.4,0.26,10.0,5.0,50.3,36.0,71.2,2026-07-12 18:18:19
1158,6,52.6,23.0,41.1,0.76,22.5,8.2,51.7,33.1,83.8,2026-07-12 18:26:19
1159,8,130.8,57.2,90.9,1.68,55.7,22.2,35.9,28.3,55.0,2026-07-12 18:34:19
1160,7,77.3,34.2,65.1,1.08,31.5,12.9,32.9,35.1,43.3,2026-07-12 18:42:19
1161,4,84.3,38.0,65.0,1.14,31.8,17.1,30.9,33.8,76.2,2026-07-12 18:50:19
1162,4,77.4,33.3,53.8,0.99,34.9,14.8,39.0,19.8,30.7,2026-07-12 18:58:19
1163,2,124.5,56.2,82.2,1.66,46.7,22.0,53.1,30.5,52.2,2026-07-12 19:06:19
1164,1,90.5,40.9,80.9,1.16,33.7,15.1,38.0,24.1,36.8,2026-07-12 19:14:19
1165,6,15.0,5.0,9.2,0.22,10.0,5.0,38.9,37.4,30.3,2026-07-12 19:22:19
1166,6,37.4,17.0,28.6,0.6,13.5,5.7,31.6,30.6,83.4,2026-07-12 19:30:19
1167,5,97.3,42.4,71.5,1.28,41.9,17.6,50.0,21.6,45.9,2026-07-12 19:38:19
1168,8,117.8,52.4,102.4,1.57,47.0,21.2,36.2,22.1,82.4,2026-07-12 19:46:19
1169,4,103.8,46.1,81.0,1.48,41.7,18.9,40.6,20.4,52.8,2026-07-12 19:54:19
1170,10,119.4,52.0,90.3,1.6,51.5,18.9,25.9,33.7,84.3,2026-07-12 20:02:19
1171,10,57.5,25.4,41.1,0.82,23.6,10.4,26.2,24.7,56.4,2026-07-12 20:10:19
1172,3,72.9,31.4,48.5,0.97,32.7,13.7,28.7,37.8,30.9,2026-07-12 20:18:19
1173,5,94.5,41.2,86.3,1.2,40.6,17.2,33.9,19.4,39.5,2026-07-12 20:26:19
1174,10,145.4,64.2,105.2,1.85,59.6,25.2,29.4,27.5,33.2,2026-07-12 20:34:19
1175,1,95.1,41.8,67.1,1.26,39.7,15.3,54.8,26.3,40.5,2026-07-12 20:42:19
1176,6,90.6,40.4,65.1,1.11,35.7,14.2,38.3,22.4,43.5,2026-07-12 20:50:19
1177,10,56.7,24.5,36.0,0.75,25.2,11.7,48.7,37.3,67.9,2026-07-12 20:58:19
1178,8,70.7,31.0,59.5,1.01,29.8,11.0,29.6,33.7,40.1,2026-07-12 21:06:19
1179,4,158.0,70.0,114.1,2.08,64.0,28.5,51.8,24.7,51.7,2026-07-12 21:14:19
1180,5,78.5,34.1,61.2,0.93,34.2,12.3,39.6,26.6,47.4,2026-07-12 21:22:19
1181,6,37.7,15.8,23.6,0.53,18.6,6.5,54.6,32.9,33.2,2026-07-12 21:30:19
1182,4,70.4,32.4,67.0,1.05,24.2,14.2,26.3,19.0,83.1,2026-07-12 21:38:19
1183,2,130.2,57.7,116.2,1.63,52.6,24.9,51.9,25.5,78.8,2026-07-12 21:46:19
1184,9,48.5,21.3,31.0,0.61,20.4,8.6,51.8,19.0,54.6,2026-07-12 21:54:19
1185,10,71.3,31.0,57.2,0.98,31.0,12.5,39.8,25.4,69.6,2026-07-12 22:02:19
1186,2,55.1,25.3,52.8,0.8,19.1,11.1,53.2,32.6,52.6,2026-07-12 22:10:19
1187,8,107.1,47.4,92.3,1.43,43.5,18.8,53.6,32.7,79.0,2026-07-12 22:18:19
1188,6,58.1,26.8,45.9,0.75,19.7,10.8,42.1,36.9,37.0,2026-07-12 22:26:19
1189,9,143.3,63.2,94.5,1.89,59.0,24.9,35.7,26.7,70.9,2026-07-12 22:34:19
1190,8,106.1,46.4,86.9,1.38,45.1,19.7,54.2,20.3,68.8,2026-07-12 22:42:19
1191,6,16.7,6.5,12.5,0.16,10.0,5.0,36.7,31.8,66.0,2026-07-12 22:50:19
1192,4,71.3,31.8,59.0,0.88,28.2,11.1,34.4,23.0,36.2,2026-07-12 22:58:19
1193,5,45.6,20.6,42.5,0.69,17.1,9.1,29.6,31.3,78.3,2026-07-12 23:06:19
1194,9,17.1,6.7,10.5,0.21,10.0,5.0,42.8,31.5,76.7,2026-07-12 23:14:19
1195,2,51.6,23.0,44.3,0.6,20.5,10.6,47.5,32.7,74.4,2026-07-12 23:22:19
1196,10,113.0,50.1,73.9,1.43,45.7,21.4,36.2,24.6,78.8,2026-07-12 23:30:19
1197,6,108.1,48.6,95.8,1.46,41.2,19.6,39.6,28.8,68.7,2026-07-12 23:38:19
1198,1,15.0,5.0,8.4,0.15,10.0,5.0,27.8,35.1,34.9,2026-07-12 23:46:19
1199,8,77.2,34.7,53.6,0.95,29.4,14.0,38.4,27.6,38.2,2026-07-12 23:54:19
1200,5,86.0,37.8,73.4,1.18,35.9,15.7,36.9,36.2,31.4,2026-07-13 00:02:19
1201,6,88.6,39.6,76.5,1.28,34.6,14.2,29.7,20.8,40.4,2026-07-13 00:10:19
1202,10,22.6,9.8,19.6,0.38,10.0,5.0,40.1,31.1,84.7,2026-07-13 00:18:19
1203,2,143.4,63.3,130.7,1.99,59.0,23.7,26.2,23.1,68.9,2026-07-13 00:26:19
1204,1,49.5,21.8,33.4,0.65,20.6,7.9,48.9,29.9,59.4,2026-07-13 00:34:19
1205,3,97.7,44.4,63.8,1.37,35.6,17.7,52.9,23.8,46.7,2026-07-13 00:42:19
1206,4,59.8,26.5,48.4,0.7,24.2,10.4,41.5,33.4,56.3,2026-07-13 00:50:19
1207,6,91.3,39.7,78.2,1.19,39.6,17.2,34.1,34.6,64.7,2026-07-13 00:58:19
1208,6,92.3,40.1,58.5,1.3,40.2,15.0,37.3,37.9,66.6,2026-07-13 01:06:19
1209,4,86.4,38.1,71.6,1.18,35.6,14.7,39.4,35.2,54.8,2026-07-13 01:14:19
1210,2,83.2,37.5,73.4,1.12,31.5,16.6,36.5,32.2,60.4,2026-07-13 01:22:19
1211,9,64.0,27.6,48.1,0.84,28.6,12.7,26.6,18.2,53.2,2026-07-13 01:30:19
1212,1,110.1,47.9,85.3,1.35,47.7,18.6,30.9,19.3,75.5,2026-07-13 01:38:19
1213,7,15.0,5.0,10.0,0.21,10.0,5.0,39.4,31.1,53.0,2026-07-13 01:46:19
1214,3,56.9,25.3,50.9,0.75,22.7,9.1,39.4,24.2,56.2,2026-07-13 01:54:19
1215,2,88.5,39.1,60.0,1.12,36.3,16.0,52.0,30.3,31.7,2026-07-13 02:02:19
1216,3,69.0,30.1,53.2,0.81,29.7,13.9,28.9,28.2,39.9,2026-07-13 02:10:19
1217,7,137.0,60.2,116.1,1.83,57.2,24.4,40.7,24.1,74.8,2026-07-13 02:18:19
1218,4,94.6,42.1,85.7,1.31,37.6,16.1,44.1,27.6,67.6,2026-07-13 02:26:19
1219,4,138.6,62.1,124.3,1.86,53.6,23.0,36.8,37.7,50.8,2026-07-13 02:34:19
1220,10,90.1,39.7,67.6,1.14,37.3,17.3,43.2,27.5,39.9,2026-07-13 02:42:19
1221,10,49.6,22.5,37.3,0.73,18.3,8.5,47.7,34.7,70.4,2026-07-13 02:50:19
1222,4,44.6,20.4,29.9,0.69,15.8,9.7,51.2,35.3,35.8,2026-07-13 02:58:19
1223,4,121.7,53.4,93.7,1.7,51.2,19.4,40.2,35.6,31.1,2026-07-13 03:06:19
1224,6,24.6,10.1,15.2,0.37,12.8,5.5,30.4,21.6,73.5,2026-07-13 03:14:19
1225,4,70.1,32.0,53.0,0.88,25.0,11.2,31.3,26.8,49.0,2026-07-13 03:22:19
1226,3,82.7,35.8,69.7,0.98,36.5,15.7,48.2,29.6,31.8,2026-07-13 03:30:19
1227,9,72.1,31.6,53.9,0.87,30.5,13.6,32.1,23.0,40.8,2026-07-13 03:38:19
1228,10,34.9,15.3,23.9,0.47,14.8,6.7,53.7,30.8,44.0,2026-07-13 03:46:19
1229,8,107.6,47.1,80.9,1.37,45.6,20.5,27.3,25.8,45.1,2026-07-13 03:54:19
1230,5,104.5,47.5,73.3,1.36,38.0,17.4,28.4,37.8,60.5,2026-07-13 04:02:19
1231,9,33.1,14.1,22.3,0.46,15.5,5.0,42.0,19.2,44.0,2026-07-13 04:10:19
1232,6,111.5,49.3,100.5,1.45,45.5,19.9,52.6,27.8,50.0,2026-07-13 04:18:19
1233,7,107.8,46.9,68.7,1.5,46.7,19.3,46.4,18.2,38.2,2026-07-13 04:26:19
1234,9,77.4,33.3,64.0,0.94,34.9,11.6,54.7,33.0,40.4,2026-07-13 04:34:19
1235,9,100.5,45.7,87.4,1.27,36.5,18.8,51.9,19.3,51.2,2026-07-13 04:42:19
1236,2,51.1,22.3,37.4,0.67,22.0,8.5,27.8,32.4,42.1,2026-07-13 04:50:19
1237,2,95.9,42.0,79.1,1.25,40.6,16.7,44.5,18.3,45.3,2026-07-13 04:58:19
1238,6,35.3,15.3,27.5,0.43,15.6,5.4,35.1,36.9,70.5,2026-07-13 05:06:19
1239,5,87.9,39.5,57.6,1.18,33.6,14.5,25.1,22.3,73.4,2026-07-13 05:14:19
1240,6,137.7,60.1,124.3,1.79,59.0,23.6,49.6,31.2,76.2,2026-07-13 05:22:19
1241,4,96.8,42.7,69.6,1.29,39.9,16.0,32.5,25.1,54.1,2026-07-13 05:30:19
1242,1,76.4,33.5,49.5,1.06,32.2,12.3,38.7,37.0,78.9,2026-07-13 05:38:19
1243,3,103.1,46.7,69.6,1.3,38.1,18.3,25.5,36.5,37.0,2026-07-13 05:46:19
1244,4,119.8,53.5,79.8,1.68,47.0,23.0,29.8,30.4,83.1,2026-07-13 05:54:19
1245,5,127.4,57.6,90.0,1.74,47.5,21.5,32.2,21.7,33.5,2026-07-13 06:02:19
1246,9,131.0,58.4,101.7,1.73,51.7,23.2,47.6,24.2,79.8,2026-07-13 06:10:19
1247,2,78.3,34.2,60.7,0.97,33.4,14.6,36.6,32.9,32.7,2026-07-13 06:18:19
1248,5,79.8,36.4,62.9,1.17,28.6,14.1,41.9,28.9,55.9,2026-07-13 06:26:19
1249,2,21.9,9.4,13.9,0.32,10.0,5.0,47.1,18.9,84.4,2026-07-13 06:34:19
1250,9,87.0,37.8,59.0,1.05,37.9,16.7,47.7,31.0,40.3,2026-07-13 06:42:19
1251,4,84.1,36.6,53.0,1.11,36.5,16.4,37.3,22.2,70.7,2026-07-13 06:50:19
1252,7,84.5,36.6,53.6,1.03,37.3,14.7,54.3,19.9,75.3,2026-07-13 06:58:19
1253,2,59.2,26.3,43.6,0.81,23.8,9.4,27.1,37.1,77.9,2026-07-13 07:06:19
1254,1,86.6,38.9,66.6,1.12,33.2,16.0,26.6,29.6,36.6,2026-07-13 07:14:19
1255,9,98.4,44.2,72.5,1.31,37.7,17.7,34.5,29.5,70.8,2026-07-13 07:22:19
1256,10,111.1,49.7,80.8,1.59,43.3,18.7,32.9,25.5,42.3,2026-07-13 07:30:19
1257,6,71.3,30.8,53.0,0.96,31.8,14.0,33.3,27.5,51.8,2026-07-13 07:38:19
1258,3,33.3,15.7,31.0,0.57,10.0,5.4,48.9,19.7,79.5,2026-07-13 07:46:19
1259,2,71.3,32.7,52.6,1.06,24.9,13.9,49.9,23.6,75.3,2026-07-13 07:54:19
1260,5,54.4,23.7,47.8,0.68,23.4,11.1,54.3,27.1,38.2,2026-07-13 08:02:19
1261,6,41.8,18.8,39.1,0.59,15.9,5.6,26.0,22.6,30.3,2026-07-13 08:10:19
1262,3,93.4,40.8,82.2,1.18,39.9,16.2,32.5,36.1,33.9,2026-07-13 08:18:19
1263,4,107.3,47.3,84.4,1.36,44.3,18.6,32.4,28.7,62.1,2026-07-13 08:26:19
1264,2,83.2,38.0,68.9,1.1,29.6,16.0,52.5,27.6,50.0,2026-07-13 08:34:19
1265,7,72.5,32.2,48.0,1.01,29.1,12.9,27.2,28.9,48.0,2026-07-13 08:42:19
1266,9,101.9,44.7,67.1,1.35,42.8,17.8,25.6,27.0,35.9,2026-07-13 08:50:19
1267,7,39.0,18.3,29.7,0.58,12.1,6.4,45.8,19.9,71.6,2026-07-13 08:58:19
1268,9,37.1,17.3,33.3,0.57,11.9,5.6,47.8,30.3,72.3,2026-07-13 09:06:19
1269,7,78.8,35.5,64.2,0.98,29.9,15.2,53.9,21.2,82.8,2026-07-13 09:14:19
1270,9,100.4,43.8,84.1,1.27,43.2,16.8,32.3,19.6,59.0,2026-07-13 09:22:19
1271,1,107.2,48.1,89.3,1.48,41.3,20.7,48.9,32.2,43.2,2026-07-13 09:30:19
1272,10,133.1,60.0,96.7,1.72,50.1,23.0,27.9,32.5,56.6,2026-07-13 09:38:19
1273,8,65.6,29.8,42.7,0.84,23.9,11.9,27.1,22.3,73.3,2026-07-13 09:46:19
1274,3,83.9,38.0,62.6,1.13,31.0,13.8,51.8,27.0,30.7,2026-07-13 09:54:19
1275,3,90.0,40.5,59.1,1.16,34.2,16.0,28.2,25.0,41.5,2026-07-13 10:02:19
1276,10,85.5,37.2,52.1,1.14,37.0,16.7,35.2,33.9,34.6,2026-07-13 10:10:19
1277,3,30.5,14.0,20.8,0.42,10.6,5.0,36.1,34.0,32.3,2026-07-13 10:18:19
1278,6,58.6,26.6,38.8,0.85,21.4,10.1,37.4,28.3,35.7,2026-07-13 10:26:19
1279,4,55.3,23.7,34.4,0.62,25.3,10.8,41.7,30.2,35.1,2026-07-13 10:34:19
1280,1,78.0,35.0,62.7,1.11,30.0,13.2,26.8,20.7,45.3,2026-07-13 10:42:19
1281,3,88.6,38.9,56.2,1.26,37.1,14.8,46.2,32.2,51.2,2026-07-13 10:50:19
1282,10,94.5,42.5,82.7,1.24,35.9,17.3,34.8,30.9,72.7,2026-07-13 10:58:19
1283,9,113.8,50.7,99.5,1.52,45.1,18.6,44.9,30.7,35.5,2026-07-13 11:06:19
1284,7,105.2,46.4,83.9,1.37,43.4,17.4,32.4,23.6,59.7,2026-07-13 11:14:19
1285,7,68.5,29.7,50.4,0.91,30.0,11.6,52.2,28.9,64.2,2026-07-13 11:22:19
1286,8,64.0,27.4,57.4,0.74,29.4,9.8,42.3,29.5,60.2,2026-07-13 11:30:19
1287,1,111.2,49.3,97.0,1.54,45.0,20.5,50.6,31.5,71.6,2026-07-13 11:38:19
1288,7,102.5,44.6,81.4,1.24,44.5,17.7,27.1,23.9,48.2,2026-07-13 11:46:19
1289,1,154.2,68.0,139.9,1.95,63.6,27.5,26.9,33.4,42.6,2026-07-13 11:54:19
1290,10,39.9,16.8,27.4,0.54,19.3,8.0,29.8,25.6,75.6,2026-07-13 12:02:19
1291,9,57.2,25.5,35.9,0.67,22.6,11.6,41.1,32.0,75.7,2026-07-13 12:10:19
1292,5,103.4,46.8,73.2,1.31,38.3,20.5,52.3,20.1,50.5,2026-07-13 12:18:19
1293,9,93.3,40.5,81.6,1.21,40.8,17.6,25.1,24.8,66.3,2026-07-13 12:26:19
1294,7,145.1,64.6,118.8,1.97,57.7,27.1,26.0,22.2,57.7,2026-07-13 12:34:19
1295,6,69.0,30.9,53.5,1.01,26.8,13.8,54.7,23.5,45.0,2026-07-13 12:42:19
1296,1,80.3,35.7,65.3,1.0,32.1,12.8,43.5,37.5,50.1,2026-07-13 12:50:19
1297,4,102.7,46.1,80.4,1.31,39.5,17.6,32.7,37.2,77.6,2026-07-13 12:58:19
1298,8,93.1,41.3,80.2,1.15,37.6,16.0,33.4,20.9,78.6,2026-07-13 13:06:19
1299,3,99.7,44.2,87.1,1.26,40.2,19.4,39.5,30.1,32.7,2026-07-13 13:14:19
1300,4,25.7,10.9,20.9,0.35,12.1,5.9,51.6,27.0,46.7,2026-07-13 13:22:19
1301,10,87.8,39.0,59.3,1.26,35.2,15.7,40.9,33.2,59.1,2026-07-13 13:30:19
1302,7,27.0,12.2,19.2,0.38,10.0,5.7,43.3,27.1,66.2,2026-07-13 13:38:19
1303,4,89.5,39.7,80.2,1.19,36.1,17.5,27.8,28.9,62.7,2026-07-13 13:46:19
1304,7,41.1,19.2,30.7,0.54,13.0,6.3,26.3,21.1,68.5,2026-07-13 13:54:19
1305,2,99.9,44.4,87.9,1.36,39.9,18.0,37.5,28.9,70.9,2026-07-13 14:02:19
1306,6,38.0,17.9,27.3,0.45,11.6,7.0,34.3,34.2,48.9,2026-07-13 14:10:19
1307,8,15.0,5.0,7.5,0.11,10.0,5.0,35.8,22.8,78.9,2026-07-13 14:18:19
1308,10,88.8,39.0,58.1,1.23,37.2,13.8,36.4,30.3,48.3,2026-07-13 14:26:19
1309,2,110.2,48.0,69.3,1.37,47.5,17.8,41.1,37.3,69.4,2026-07-13 14:34:19
1310,6,78.5,36.0,56.8,1.16,27.5,15.8,38.9,32.2,35.8,2026-07-13 14:42:19
1311,1,34.0,15.4,29.7,0.44,12.6,6.1,50.3,21.0,54.8,2026-07-13 14:50:19
1312,8,106.4,46.2,91.4,1.35,46.4,19.5,37.0,18.6,42.5,2026-07-13 14:58:19
1313,1,99.2,45.0,88.7,1.26,36.5,17.6,52.1,18.0,40.1,2026-07-13 15:06:19
1314,1,53.5,23.0,32.6,0.74,24.3,8.6,36.4,37.1,66.6,2026-07-13 15:14:19
1315,8,15.0,5.0,7.6,0.11,10.0,5.0,47.6,35.2,55.8,2026-07-13 15:22:19
1316,10,169.5,74.3,110.7,2.27,71.6,29.6,27.0,38.0,51.1,2026-07-13 15:30:19
1317,4,130.3,57.8,120.9,1.8,52.6,24.4,31.3,24.3,30.8,2026-07-13 15:38:19
1318,4,70.6,31.2,53.1,0.99,28.8,11.2,34.4,33.5,38.8,2026-07-13 15:46:19
1319,8,74.0,32.8,48.2,0.95,29.9,14.4,48.2,28.4,47.3,2026-07-13 15:54:19
1320,1,87.6,39.4,75.6,1.28,33.4,15.0,30.6,18.8,41.9,2026-07-13 16:02:19
1321,7,58.7,26.7,39.5,0.75,21.2,11.2,28.0,25.3,66.0,2026-07-13 16:10:19
1322,8,115.8,51.0,84.7,1.57,48.1,18.7,30.2,32.7,73.3,2026-07-13 16:18:19
1323,3,111.7,48.6,68.5,1.48,48.4,20.9,50.9,27.6,65.9,2026-07-13 16:26:19
1324,1,131.2,58.7,85.8,1.84,51.0,23.3,34.4,27.9,48.1,2026-07-13 16:34:19
1325,5,68.8,30.1,49.4,0.88,29.2,11.6,47.0,30.5,75.4,2026-07-13 16:42:19
1326,7,88.0,40.1,79.4,1.18,31.6,14.2,38.9,36.3,35.5,2026-07-13 16:50:19
1327,1,66.9,29.2,57.9,0.94,28.6,12.3,31.5,20.0,38.6,2026-07-13 16:58:19
1328,8,86.9,39.6,74.5,1.25,31.2,15.3,43.3,29.6,74.9,2026-07-13 17:06:19
1329,9,99.9,43.6,65.3,1.35,42.8,18.6,49.5,19.1,47.7,2026-07-13 17:14:19
1330,4,70.4,31.9,50.4,0.9,25.9,12.6,54.6,20.8,77.5,2026-07-13 17:22:19
1331,9,100.1,44.3,73.8,1.24,40.8,18.8,43.2,24.9,78.8,2026-07-13 17:30:19
1332,10,102.8,46.1,92.1,1.3,39.7,19.9,37.1,20.0,58.0,2026-07-13 17:38:19
1333,1,102.6,44.6,72.9,1.24,44.6,17.0,37.1,24.7,82.5,2026-07-13 17:46:19
1334,4,96.1,41.7,67.7,1.2,42.1,16.1,53.0,32.3,43.2,2026-07-13 17:54:19
1335,10,136.5,61.2,106.8,1.91,52.7,23.8,46.0,23.9,44.8,2026-07-13 18:02:19
1336,3,107.4,47.4,91.1,1.39,44.2,19.4,32.4,26.9,74.9,2026-07-13 18:10:19
1337,9,94.4,40.9,61.6,1.27,41.5,17.8,41.8,19.1,46.0,2026-07-13 18:18:19
1338,10,66.1,29.5,52.1,0.84,26.0,10.1,51.5,35.8,33.8,2026-07-13 18:26:19
1339,4,64.9,27.9,42.0,0.91,29.3,12.6,41.0,24.6,32.8,2026-07-13 18:34:19
1340,7,30.3,13.5,27.1,0.43,12.0,5.0,29.7,18.3,54.5,2026-07-13 18:42:19
1341,3,103.0,45.6,83.7,1.39,41.8,18.2,35.7,19.4,68.3,2026-07-13 18:50:19
1342,9,103.0,45.3,89.0,1.35,42.9,16.8,49.8,33.9,58.4,2026-07-13 18:58:19
1343,8,72.6,31.8,53.2,1.03,30.7,11.0,32.4,18.9,79.0,2026-07-13 19:06:19
1344,1,73.7,32.4,52.6,1.02,30.8,13.0,54.0,36.8,44.2,2026-07-13 19:14:19
1345,9,47.2,20.1,36.2,0.69,22.1,6.2,31.3,36.1,45.6,2026-07-13 19:22:19
1346,7,111.6,49.2,97.6,1.4,46.0,18.0,48.7,30.0,71.8,2026-07-13 19:30:19
1347,1,58.4,25.3,35.9,0.66,25.7,9.4,49.4,28.2,60.2,2026-07-13 19:38:19
1348,2,101.7,46.3,71.7,1.35,36.8,17.0,33.7,24.0,47.5,2026-07-13 19:46:19
1349,2,102.1,45.1,87.0,1.3,41.9,16.6,49.2,37.2,83.7,2026-07-13 19:54:19
1350,6,33.2,14.8,27.4,0.48,13.2,5.1,53.5,28.4,74.1,2026-07-13 20:02:19
1351,6,97.8,43.3,88.1,1.37,39.7,19.0,30.9,24.3,84.5,2026-07-13 20:10:19
1352,9,103.0,44.8,76.4,1.26,44.7,17.4,25.6,21.9,37.8,2026-07-13 20:18:19
1353,10,139.0,62.0,111.4,1.76,54.8,25.4,28.8,27.3,36.5,2026-07-13 20:26:19
1354,3,38.9,16.2,32.4,0.51,19.5,6.6,31.1,28.2,33.8,2026-07-13 20:34:19
1355,4,95.3,41.5,71.5,1.21,41.2,18.5,36.8,21.1,42.6,2026-07-13 20:42:19
1356,4,46.3,20.4,40.1,0.66,19.2,9.1,44.8,33.6,41.4,2026-07-13 20:50:19
1357,2,61.7,27.4,43.8,0.84,24.7,9.1,31.7,37.4,78.3,2026-07-13 20:58:19
1358,10,103.4,46.0,84.7,1.38,41.3,18.8,30.0,30.3,77.2,2026-07-13 21:06:19
1359,9,88.8,39.9,56.5,1.19,34.0,16.2,53.3,31.0,57.9,2026-07-13 21:14:19
1360,8,25.6,11.1,16.8,0.24,11.3,5.0,47.1,28.3,63.6,2026-07-13 21:22:19
1361,10,104.9,45.9,69.4,1.44,44.6,18.7,34.6,30.0,80.0,2026-07-13 21:30:19
1362,2,90.1,40.3,80.5,1.14,35.1,16.1,26.9,20.9,45.7,2026-07-13 21:38:19
1363,7,58.2,26.8,55.4,0.89,20.0,10.2,43.3,23.9,37.8,2026-07-13 21:46:19
1364,8,76.4,34.6,66.9,1.0,28.2,15.8,39.3,23.8,81.5,2026-07-13 21:54:19
1365,3,71.8,32.9,56.9,0.91,25.2,14.4,50.0,19.9,58.1,2026-07-13 22:02:19
1366,5,90.7,39.3,74.4,1.24,40.0,14.4,51.8,31.5,53.4,2026-07-13 22:10:19
1367,6,53.6,23.8,39.4,0.74,21.6,9.8,32.7,35.2,57.0,2026-07-13 22:18:19
1368,9,15.0,5.0,8.1,0.2,10.0,5.0,49.3,36.0,73.3,2026-07-13 22:26:19
1369,8,45.4,19.3,33.6,0.54,21.4,7.9,48.7,27.9,32.9,2026-07-13 22:34:19
1370,4,15.0,5.0,7.6,0.1,10.0,5.0,54.7,35.0,48.7,2026-07-13 22:42:19
1371,1,107.0,47.3,69.3,1.41,43.8,19.1,25.3,18.5,36.5,2026-07-13 22:50:19
1372,9,55.5,25.6,36.1,0.83,18.9,9.4,53.9,26.7,67.3,2026-07-13 22:58:19
1373,10,31.3,14.6,29.4,0.37,10.0,5.0,36.8,22.7,34.1,2026-07-13 23:06:19
1374,10,61.8,27.4,54.0,0.87,24.9,10.7,53.2,33.4,61.1,2026-07-13 23:14:19
1375,4,39.5,17.5,29.4,0.59,16.1,5.1,38.8,29.3,38.6,2026-07-13 23:22:19
1376,1,137.1,61.4,104.0,1.9,53.2,25.9,39.3,22.0,67.9,2026-07-13 23:30:19
1377,7,82.7,37.5,70.7,1.12,30.4,13.0,43.8,37.9,59.8,2026-07-13 23:38:19
1378,1,52.5,23.0,35.2,0.62,22.1,7.8,28.5,18.0,74.2,2026-07-13 23:46:19
1379,3,106.8,48.5,99.7,1.53,39.1,20.8,47.2,35.5,70.3,2026-07-13 23:54:19
1380,1,20.3,8.5,15.4,0.21,10.0,5.0,50.2,36.1,75.0,2026-07-14 00:02:19
1381,2,15.0,5.0,8.4,0.13,10.0,5.0,43.0,37.7,83.4,2026-07-14 00:10:19
1382,5,95.0,42.5,65.7,1.26,36.9,18.6,35.9,27.2,73.6,2026-07-14 00:18:19
1383,3,66.1,29.6,46.4,0.98,25.6,9.9,36.8,28.1,37.0,2026-07-14 00:26:19
1384,8,99.3,44.9,90.1,1.41,37.0,18.9,45.0,34.9,74.1,2026-07-14 00:34:19
1385,5,85.5,37.2,77.7,1.16,37.0,14.8,28.6,28.4,77.4,2026-07-14 00:42:19
1386,1,20.3,8.5,17.7,0.18,10.0,5.0,48.0,36.7,81.8,2026-07-14 00:50:19
1387,10,55.6,24.8,42.0,0.65,22.0,8.8,40.1,36.6,84.0,2026-07-14 00:58:19
1388,1,102.9,46.8,90.6,1.41,37.4,18.3,33.4,20.2,79.0,2026-07-14 01:06:19
1389,7,132.2,57.8,120.4,1.73,56.3,24.0,43.1,21.5,57.2,2026-07-14 01:14:19
1390,1,36.7,16.8,28.1,0.57,12.9,8.3,31.6,37.0,67.7,2026-07-14 01:22:19
1391,1,99.7,43.2,69.1,1.38,43.8,19.1,38.3,26.8,31.4,2026-07-14 01:30:19
1392,10,95.6,41.5,68.0,1.17,41.7,16.5,26.5,26.2,55.5,2026-07-14 01:38:19
1393,5,69.7,31.1,58.7,0.86,27.5,11.0,32.3,34.4,43.2,2026-07-14 01:46:19
1394,9,94.9,43.1,88.4,1.29,34.6,19.1,53.9,19.5,54.5,2026-07-14 01:54:19
1395,4,158.2,71.4,102.2,2.07,59.4,29.0,49.5,30.8,45.4,2026-07-14 02:02:19
1396,5,52.1,24.1,47.4,0.76,17.4,7.9,54.5,33.5,61.7,2026-07-14 02:10:19
1397,5,112.0,50.6,74.9,1.46,41.9,18.9,45.4,26.1,69.9,2026-07-14 02:18:19
1398,4,115.1,51.3,90.7,1.52,45.5,19.5,31.9,30.7,39.5,2026-07-14 02:26:19
1399,1,90.2,39.5,60.7,1.26,38.2,14.6,29.2,37.3,76.5,2026-07-14 02:34:19
1400,8,68.0,31.0,47.6,0.99,24.3,11.7,40.9,34.1,44.3,2026-07-14 02:42:19
1401,8,129.1,56.9,85.7,1.72,53.4,22.9,45.7,20.8,84.4,2026-07-14 02:50:19
1402,7,51.1,23.1,33.8,0.74,19.1,9.8,33.8,33.3,54.1,2026-07-14 02:58:19
1403,2,93.2,42.1,61.1,1.3,34.8,17.5,49.9,29.7,52.6,2026-07-14 03:06:19
1404,2,96.2,43.5,86.0,1.4,35.8,17.5,29.5,37.6,72.9,2026-07-14 03:14:19
1405,7,55.4,25.7,51.0,0.7,18.2,11.7,25.6,26.3,82.3,2026-07-14 03:22:19
1406,2,120.1,54.3,90.7,1.63,44.8,23.2,30.9,22.3,80.1,2026-07-14 03:30:19
1407,2,91.1,39.9,57.7,1.12,38.6,14.1,38.1,32.6,74.3,2026-07-14 03:38:19
1408,2,74.1,33.1,47.2,1.06,29.1,11.6,34.0,37.8,56.3,2026-07-14 03:46:19
1409,7,87.4,38.8,60.2,1.14,35.2,14.5,41.5,32.5,69.5,2026-07-14 03:54:19
1410,8,114.4,50.2,103.2,1.54,48.0,18.1,45.6,33.3,55.6,2026-07-14 04:02:19
1411,6,88.7,40.0,68.1,1.15,33.4,16.5,48.2,29.5,67.3,2026-07-14 04:10:19
1412,10,60.6,26.8,42.8,0.75,24.8,10.9,51.3,24.7,33.7,2026-07-14 04:18:19
1413,9,116.3,52.7,101.9,1.59,42.9,21.3,41.9,30.2,52.2,2026-07-14 04:26:19
1414,5,57.9,24.7,51.4,0.82,26.9,11.4,52.1,25.2,75.4,2026-07-14 04:34:19
1415,6,76.8,34.8,54.5,0.99,28.4,12.4,54.0,28.4,71.8,2026-07-14 04:42:19
1416,9,91.3,40.3,61.1,1.25,37.5,15.4,51.7,24.4,59.5,2026-07-14 04:50:19
1417,9,111.2,49.3,95.8,1.49,45.0,19.5,44.0,36.1,82.5,2026-07-14 04:58:19
1418,2,66.0,29.6,52.3,0.94,25.4,11.6,53.7,26.3,49.1,2026-07-14 05:06:19
1419,6,74.2,33.5,65.9,1.07,27.9,12.3,46.6,21.9,81.4,2026-07-14 05:14:19
1420,3,50.1,21.4,35.8,0.54,23.1,9.6,37.8,22.1,72.3,2026-07-14 05:22:19
1421,4,172.3,77.1,152.4,2.4,67.0,30.4,53.1,29.9,54.0,2026-07-14 05:30:19
1422,10,25.3,11.3,20.8,0.36,10.0,5.0,43.9,22.9,67.2,2026-07-14 05:38:19
1423,7,107.3,46.8,96.2,1.45,46.1,17.9,33.1,27.7,39.4,2026-07-14 05:46:19
1424,6,54.5,25.0,48.4,0.77,19.1,8.1,43.9,27.0,74.4,2026-07-14 05:54:19
1425,3,103.5,46.3,91.2,1.43,40.3,19.3,53.6,19.7,47.4,2026-07-14 06:02:19
1426,10,78.5,33.9,65.5,0.99,35.0,13.8,54.4,21.6,80.1,2026-07-14 06:10:19
1427,10,78.8,35.3,52.3,1.16,30.6,12.9,39.0,20.1,50.6,2026-07-14 06:18:19
1428,5,56.3,25.0,36.5,0.69,22.6,8.2,28.2,30.4,57.5,2026-07-14 06:26:19
1429,8,30.5,12.7,20.9,0.29,15.3,5.0,37.2,22.3,34.2,2026-07-14 06:34:19
1430,8,32.8,13.7,28.5,0.37,16.3,6.7,47.5,20.4,51.8,2026-07-14 06:42:19
1431,2,93.5,42.6,67.9,1.37,33.7,17.8,46.0,36.4,78.5,2026-07-14 06:50:19
1432,7,71.0,31.8,63.4,0.9,27.5,13.0,32.1,34.9,47.8,2026-07-14 06:58:19
1433,9,97.9,43.3,81.8,1.2,40.0,19.1,38.9,22.3,64.0,2026-07-14 07:06:19
1434,4,142.0,62.7,123.0,1.8,58.2,23.3,36.2,18.7,70.2,2026-07-14 07:14:19
1435,5,39.6,18.6,27.5,0.61,12.2,9.2,49.2,37.0,81.7,2026-07-14 07:22:19
1436,9,109.4,47.9,67.4,1.4,46.3,20.3,48.7,31.5,48.8,2026-07-14 07:30:19
1437,4,88.1,39.0,72.3,1.24,35.7,15.1,35.1,18.5,59.4,2026-07-14 07:38:19
1438,10,15.0,5.3,8.7,0.14,10.0,5.0,51.8,24.1,34.2,2026-07-14 07:46:19
1439,10,29.4,12.0,20.3,0.32,15.6,5.0,44.7,35.1,58.3,2026-07-14 07:54:19
1440,8,82.6,36.3,60.9,1.0,34.5,15.1,39.1,34.1,63.8,2026-07-14 08:02:19
1441,8,89.2,39.8,70.3,1.11,35.2,17.0,44.1,26.4,81.2,2026-07-14 08:10:19
1442,7,52.3,23.7,49.6,0.61,19.3,11.4,51.3,29.5,67.7,2026-07-14 08:18:19
1443,3,123.1,54.4,107.0,1.62,50.4,23.6,53.8,22.5,78.0,2026-07-14 08:26:19
1444,10,67.0,30.3,46.4,0.86,25.0,11.4,42.0,35.3,51.2,2026-07-14 08:34:19
1445,6,80.2,36.4,64.3,1.17,29.4,13.9,39.0,34.7,36.3,2026-07-14 08:42:19
1446,7,85.3,38.4,72.8,1.22,32.4,14.9,26.4,21.3,66.5,2026-07-14 08:50:19
1447,10,89.5,39.6,66.5,1.24,36.5,15.1,49.7,35.7,43.5,2026-07-14 08:58:19
1448,9,125.5,56.8,115.9,1.64,46.5,23.0,41.6,25.2,58.6,2026-07-14 09:06:19
1449,6,75.1,34.3,52.2,1.05,26.7,14.8,40.4,30.4,58.9,2026-07-14 09:14:19
1450,2,98.9,44.5,71.6,1.41,37.6,16.1,49.1,35.1,80.9,2026-07-14 09:22:19
1451,4,126.8,57.2,101.9,1.66,47.7,22.6,46.7,28.5,49.8,2026-07-14 09:30:19
1452,9,54.2,24.2,39.4,0.68,21.2,10.1,48.0,23.3,39.3,2026-07-14 09:38:19
1453,4,59.2,26.3,54.3,0.81,23.8,12.2,50.3,19.5,30.4,2026-07-14 09:46:19
1454,7,103.4,45.7,85.0,1.42,42.2,18.0,32.8,21.2,63.5,2026-07-14 09:54:19
1455,2,56.0,24.4,35.0,0.68,24.2,7.9,32.6,27.6,49.4,2026-07-14 10:02:19
1456,1,112.6,50.1,71.5,1.6,44.8,21.0,34.2,18.9,59.9,2026-07-14 10:10:19
1457,5,115.0,50.3,88.4,1.49,48.9,21.4,41.8,31.9,37.0,2026-07-14 10:18:19
1458,4,63.4,27.8,47.0,0.79,26.7,11.2,49.0,31.2,30.9,2026-07-14 10:26:19
1459,9,50.8,23.5,38.5,0.63,17.0,10.1,25.6,28.6,84.9,2026-07-14 10:34:19
1460,3,90.9,40.7,67.4,1.19,35.2,17.2,48.0,36.8,54.4,2026-07-14 10:42:19
1461,10,45.0,19.7,39.5,0.66,19.1,6.9,38.7,36.4,34.9,2026-07-14 10:50:19
1462,4,65.1,29.7,48.2,0.82,23.2,12.2,26.0,22.6,68.5,2026-07-14 10:58:19
1463,7,89.6,39.1,64.9,1.26,38.5,17.1,42.9,28.0,71.1,2026-07-14 11:06:19
1464,7,106.0,47.1,83.4,1.31,42.5,17.7,27.0,31.1,55.7,2026-07-14 11:14:19
1465,7,103.6,45.1,70.4,1.32,44.8,16.7,47.4,28.0,75.0,2026-07-14 11:22:19
1466,3,75.4,33.6,51.1,1.01,29.8,14.0,37.2,18.4,64.0,2026-07-14 11:30:19
1467,9,83.8,36.8,54.5,1.04,35.1,15.4,38.3,37.2,46.0,2026-07-14 11:38:19
1468,5,62.5,27.5,55.1,0.74,26.1,10.4,50.2,19.1,77.4,2026-07-14 11:46:19
1469,2,38.1,16.7,34.4,0.47,16.0,5.0,27.9,25.9,71.5,2026-07-14 11:54:19
1470,3,80.6,35.2,51.9,0.96,34.4,13.1,32.7,38.0,80.9,2026-07-14 12:02:19
1471,3,84.5,38.1,69.9,1.19,31.8,14.4,32.5,32.3,47.8,2026-07-14 12:10:19
1472,5,94.9,43.3,80.9,1.39,34.0,17.8,41.4,27.3,48.7,2026-07-14 12:18:19
1473,3,66.6,28.7,44.9,0.88,29.9,12.4,46.0,20.8,75.8,2026-07-14 12:26:19
1474,10,48.2,21.1,33.1,0.62,20.4,9.0,46.7,19.8,61.3,2026-07-14 12:34:19
1475,7,24.3,10.7,15.3,0.31,10.0,5.0,38.9,32.9,42.2,2026-07-14 12:42:19
1476,3,75.8,32.7,63.5,0.96,33.8,12.4,43.7,21.5,79.3,2026-07-14 12:50:19
1477,4,52.4,22.9,40.6,0.62,22.4,8.6,45.1,21.7,53.4,2026-07-14 12:58:19
1478,2,112.9,51.2,87.4,1.46,41.4,22.3,43.2,35.7,80.1,2026-07-14 13:06:19
1479,1,111.2,50.0,83.3,1.48,42.3,20.0,52.1,21.3,52.1,2026-07-14 13:14:19
1480,1,60.5,27.6,38.8,0.86,21.7,12.5,27.1,24.4,68.4,2026-07-14 13:22:19
1481,1,57.5,25.2,47.5,0.82,24.2,11.4,28.3,28.8,31.2,2026-07-14 13:30:19
1482,3,51.1,23.4,43.0,0.79,18.0,8.6,54.5,36.0,80.4,2026-07-14 13:38:19
1483,8,90.6,40.7,83.0,1.14,34.6,17.8,52.6,34.0,42.9,2026-07-14 13:46:19
1484,8,96.0,43.5,90.5,1.3,35.5,19.2,52.7,23.0,65.2,2026-07-14 13:54:19
1485,9,165.4,73.4,143.2,2.11,66.5,31.1,42.5,20.9,64.0,2026-07-14 14:02:19
1486,1,35.4,14.9,31.0,0.53,17.2,6.4,43.9,22.7,37.1,2026-07-14 14:10:19
1487,10,123.1,53.7,75.9,1.62,52.8,20.6,42.4,26.3,47.1,2026-07-14 14:18:19
1488,4,32.8,14.4,26.6,0.33,13.8,5.0,25.1,19.5,35.6,2026-07-14 14:26:19
1489,3,49.6,22.1,40.4,0.63,19.6,9.2,50.2,24.6,78.5,2026-07-14 14:34:19
1490,2,123.3,53.7,91.5,1.63,53.3,20.6,43.5,34.0,54.4,2026-07-14 14:42:19
1491,1,39.1,17.2,30.4,0.61,16.2,5.7,48.0,26.8,49.1,2026-07-14 14:50:19
1492,2,96.3,42.8,67.7,1.29,38.6,15.6,25.4,32.6,47.6,2026-07-14 14:58:19
1493,10,61.0,27.0,46.3,0.86,24.8,9.4,26.2,21.5,64.8,2026-07-14 15:06:19
1494,10,101.9,45.1,67.4,1.42,41.5,16.1,40.9,28.8,69.2,2026-07-14 15:14:19
1495,4,96.5,43.1,77.8,1.2,37.8,17.3,36.9,33.5,41.3,2026-07-14 15:22:19
1496,2,116.6,50.7,84.3,1.51,50.6,19.9,26.8,18.4,62.6,2026-07-14 15:30:19
1497,5,60.2,27.6,43.0,0.8,21.0,13.0,27.9,24.6,67.3,2026-07-14 15:38:19
1498,6,87.4,38.8,76.1,1.23,35.1,16.5,51.0,37.7,66.3,2026-07-14 15:46:19
1499,10,86.0,38.9,76.7,1.07,31.9,15.2,41.8,26.1,83.7,2026-07-14 15:54:19
1500,2,125.5,55.0,99.1,1.69,53.1,21.7,51.7,27.0,50.5,2026-07-14 16:02:19
1501,3,85.0,37.7,69.1,1.09,34.3,14.7,42.0,22.4,55.1,2026-07-14 16:10:19
1502,4,138.4,62.0,91.6,1.89,53.5,23.0,53.0,30.9,55.0,2026-07-14 16:18:19
1503,10,42.4,18.6,33.7,0.47,17.9,7.9,44.9,27.0,75.3,2026-07-14 16:26:19
1504,10,84.6,37.9,74.0,1.16,32.7,17.2,25.9,34.0,68.3,2026-07-14 16:34:19
1505,3,60.2,26.0,54.2,0.72,26.9,11.6,52.5,18.5,71.9,2026-07-14 16:42:19
1506,3,79.9,36.2,54.9,1.12,29.5,12.9,37.9,20.9,49.0,2026-07-14 16:50:19
1507,4,142.6,63.2,131.6,1.81,57.6,23.4,54.1,34.2,68.7,2026-07-14 16:58:19
1508,7,61.1,26.1,38.7,0.76,28.3,11.7,38.6,18.4,82.6,2026-07-14 17:06:19
1509,6,115.4,50.8,82.0,1.47,47.9,18.7,48.0,19.7,33.6,2026-07-14 17:14:19
1510,5,74.2,33.1,47.7,1.09,29.2,13.6,30.3,24.0,48.5,2026-07-14 17:22:19
1511,8,134.3,58.8,106.0,1.69,57.0,25.0,27.6,33.9,64.5,2026-07-14 17:30:19
1512,8,89.3,38.6,74.6,1.08,39.6,14.9,47.3,25.8,67.6,2026-07-14 17:38:19
1513,6,69.7,30.2,53.2,0.81,30.6,11.7,25.1,37.9,70.4,2026-07-14 17:46:19
1514,5,93.2,41.1,82.3,1.28,38.4,15.2,31.3,30.7,40.2,2026-07-14 17:54:19
1515,2,90.5,40.4,62.4,1.21,35.6,17.7,53.3,25.0,61.1,2026-07-14 18:02:19
1516,9,50.3,22.8,44.0,0.75,18.5,9.2,27.8,27.4,65.6,2026-07-14 18:10:19
1517,7,84.2,38.2,59.9,1.15,30.9,17.2,34.2,21.9,55.0,2026-07-14 18:18:19
1518,2,157.2,70.3,135.8,2.06,61.4,27.0,45.1,30.2,53.4,2026-07-14 18:26:19
1519,8,15.6,5.9,8.5,0.17,10.0,5.0,39.8,30.7,79.3,2026-07-14 18:34:19
1520,8,104.7,46.7,78.5,1.38,41.3,18.9,31.4,37.7,48.0,2026-07-14 18:42:19
1521,8,104.6,46.5,84.4,1.41,41.8,20.1,30.8,36.8,82.6,2026-07-14 18:50:19
1522,9,41.3,18.4,33.0,0.49,16.3,9.0,44.1,28.2,36.1,2026-07-14 18:58:19
1523,1,69.3,30.2,44.2,1.0,29.9,12.0,41.0,23.4,80.8,2026-07-14 19:06:19
1524,5,94.2,40.8,85.3,1.21,41.6,15.6,33.3,28.5,72.8,2026-07-14 19:14:19
1525,10,62.4,28.7,51.8,0.94,21.5,12.5,54.1,34.6,60.2,2026-07-14 19:22:19
1526,1,67.7,30.4,52.5,0.81,26.0,12.6,44.4,31.1,72.2,2026-07-14 19:30:19
1527,6,63.4,28.2,42.7,0.87,25.2,11.6,30.1,35.6,78.0,2026-07-14 19:38:19
1528,9,70.5,30.4,50.2,0.89,31.5,10.5,39.0,18.3,80.3,2026-07-14 19:46:19
1529,4,62.7,28.6,57.8,0.81,22.5,11.6,45.5,29.8,55.7,2026-07-14 19:54:19
1530,5,115.3,51.5,107.4,1.64,45.3,22.3,52.6,19.6,59.1,2026-07-14 20:02:19
1531,2,44.2,20.5,42.9,0.65,14.7,8.9,46.5,19.0,56.8,2026-07-14 20:10:19
1532,8,35.8,15.0,25.7,0.54,17.6,7.4,29.2,19.0,78.5,2026-07-14 20:18:19
1533,9,116.2,50.8,91.5,1.56,49.6,20.3,36.1,18.8,62.4,2026-07-14 20:26:19
1534,1,70.2,31.9,51.1,0.96,25.6,11.6,26.3,33.7,64.2,2026-07-14 20:34:19
1535,9,56.0,24.9,37.0,0.7,22.3,10.9,48.5,29.3,36.5,2026-07-14 20:42:19
1536,7,101.5,44.8,69.3,1.44,41.8,16.2,28.6,25.5,45.1,2026-07-14 20:50:19
1537,7,32.0,14.0,25.8,0.42,13.7,6.9,26.0,21.3,54.0,2026-07-14 20:58:19
1538,6,23.9,10.5,17.8,0.27,10.0,5.0,40.1,20.0,82.2,2026-07-14 21:06:19
1539,8,96.1,42.7,65.4,1.28,38.4,16.4,42.0,32.9,36.3,2026-07-14 21:14:19
1540,2,69.4,30.1,54.1,0.93,30.5,12.6,33.2,36.0,42.5,2026-07-14 21:22:19
1541,4,92.8,40.3,62.6,1.15,40.5,14.7,50.7,36.7,43.9,2026-07-14 21:30:19
1542,1,52.9,24.6,42.0,0.83,17.2,9.0,50.1,35.8,42.5,2026-07-14 21:38:19
1543,1,77.7,34.0,63.6,1.0,33.0,14.5,44.3,28.8,51.7,2026-07-14 21:46:19
1544,4,60.8,26.5,45.6,0.84,26.1,12.5,33.8,20.4,43.7,2026-07-14 21:54:19
1545,10,33.2,15.3,27.8,0.49,11.4,5.6,33.5,29.2,50.9,2026-07-14 22:02:19
1546,8,25.9,11.6,20.0,0.41,10.0,5.0,54.4,26.3,39.5,2026-07-14 22:10:19
1547,3,104.5,46.0,96.3,1.42,43.5,18.5,43.8,29.8,56.3,2026-07-14 22:18:19
1548,5,25.5,11.0,19.7,0.3,11.3,5.0,28.0,24.5,49.5,2026-07-14 22:26:19
1549,8,89.4,38.9,58.8,1.1,38.8,17.5,29.4,24.7,48.0,2026-07-14 22:34:19
1550,5,58.4,27.0,42.0,0.84,19.5,10.3,44.2,29.0,81.4,2026-07-14 22:42:19
1551,5,70.0,30.4,57.1,0.97,30.5,13.5,49.1,32.2,70.2,2026-07-14 22:50:19
1552,1,82.1,35.6,60.1,1.14,36.1,13.4,49.8,33.8,81.5,2026-07-14 22:58:19
1553,9,79.7,34.4,68.6,1.02,35.5,12.9,53.8,33.7,45.9,2026-07-14 23:06:19
1554,10,21.9,9.4,17.4,0.19,10.0,5.5,38.9,30.4,32.0,2026-07-14 23:14:19
1555,10,56.4,24.2,45.9,0.73,25.7,8.4,45.4,23.9,77.6,2026-07-14 23:22:19
1556,5,44.8,19.4,34.0,0.65,19.7,6.4,42.7,37.9,33.7,2026-07-14 23:30:19
1557,6,86.4,38.2,71.2,1.11,35.3,15.5,31.2,23.2,48.8,2026-07-14 23:38:19
1558,2,37.9,17.7,35.4,0.48,12.0,8.8,30.5,23.0,80.5,2026-07-14 23:46:19
1559,5,38.8,16.4,25.0,0.41,18.5,8.0,49.7,24.1,45.3,2026-07-14 23:54:19
1560,6,15.0,5.0,8.6,0.15,10.0,5.0,52.3,37.3,73.2,2026-07-15 00:02:19
1561,5,56.2,24.2,49.0,0.81,25.2,9.7,54.1,31.7,67.1,2026-07-15 00:10:19
1562,7,113.4,51.1,98.6,1.62,42.9,21.1,32.0,28.6,81.3,2026-07-15 00:18:19
1563,8,25.5,11.4,16.8,0.39,10.0,6.3,30.2,29.7,45.6,2026-07-15 00:26:19
1564,4,84.8,37.9,57.6,1.15,33.2,16.0,43.2,31.2,80.0,2026-07-15 00:34:19
1565,9,15.0,5.0,8.4,0.13,10.0,5.0,41.6,30.2,33.3,2026-07-15 00:42:19
1566,6,58.8,27.0,48.1,0.88,20.3,9.1,54.4,32.5,65.7,2026-07-15 00:50:19
1567,4,28.0,12.8,26.1,0.36,10.0,5.6,26.3,23.0,59.6,2026-07-15 00:58:19
1568,7,138.7,62.7,123.3,1.96,51.7,23.6,31.5,35.7,53.6,2026-07-15 01:06:19
1569,9,63.5,28.6,55.8,0.89,24.0,9.8,49.6,25.6,33.3,2026-07-15 01:14:19
1570,10,101.0,44.8,73.7,1.25,40.8,18.8,47.6,24.9,68.7,2026-07-15 01:22:19
1571,8,52.8,23.0,41.3,0.62,22.9,9.8,27.6,19.2,42.9,2026-07-15 01:30:19
1572,9,84.5,37.4,66.6,1.2,34.4,13.2,50.3,28.4,72.8,2026-07-15 01:38:19
1573,5,37.3,15.5,23.7,0.48,18.8,7.2,50.6,35.7,73.2,2026-07-15 01:46:19
1574,4,76.6,33.4,49.4,0.96,32.9,15.0,38.1,29.5,43.8,2026-07-15 01:54:19
1575,6,91.1,40.3,67.0,1.27,37.2,15.5,54.1,20.9,45.1,2026-07-15 02:02:19
1576,4,54.2,23.2,46.5,0.78,24.8,9.3,44.6,27.1,74.7,2026-07-15 02:10:19
1577,8,76.4,33.4,48.4,1.04,32.5,13.8,51.1,22.3,45.0,2026-07-15 02:18:19
1578,8,77.2,33.9,52.0,1.04,32.4,14.8,40.3,36.2,30.5,2026-07-15 02:26:19
1579,7,86.7,38.0,74.1,1.13,36.6,16.0,38.9,23.5,64.9,2026-07-15 02:34:19
1580,3,38.4,16.9,29.5,0.42,16.0,8.5,54.9,36.2,60.0,2026-07-15 02:42:19
1581,9,120.0,54.2,98.6,1.63,44.8,23.6,43.2,27.2,64.2,2026-07-15 02:50:19
1582,8,90.6,39.9,58.6,1.29,37.6,16.5,37.4,32.2,52.0,2026-07-15 02:58:19
1583,7,53.2,22.7,46.0,0.69,24.7,7.1,30.9,25.9,37.6,2026-07-15 03:06:19
1584,6,83.1,36.5,53.9,1.04,34.8,15.1,28.2,30.9,79.0,2026-07-15 03:14:19
1585,4,76.5,34.8,68.2,1.06,27.8,12.2,47.4,23.9,68.0,2026-07-15 03:22:19
1586,7,92.9,40.5,78.9,1.27,39.9,15.0,31.6,30.7,77.2,2026-07-15 03:30:19
1587,5,83.2,37.3,70.9,1.11,32.1,14.8,36.0,25.5,75.0,2026-07-15 03:38:19
1588,4,113.9,51.2,85.5,1.47,43.4,20.7,51.2,33.6,30.3,2026-07-15 03:46:19
1589,10,27.4,11.2,20.0,0.34,14.5,5.0,49.7,26.2,79.6,2026-07-15 03:54:19
1590,9,91.9,41.4,62.5,1.2,34.7,16.7,48.0,29.7,33.7,2026-07-15 04:02:19
1591,9,136.2,59.9,100.4,1.76,56.8,23.5,46.4,36.2,48.6,2026-07-15 04:10:19
1592,3,75.8,34.6,49.3,1.13,27.1,15.6,54.1,25.6,62.7,2026-07-15 04:18:19
1593,4,29.4,13.0,21.3,0.37,12.0,7.1,51.8,32.5,47.0,2026-07-15 04:26:19
1594,8,57.1,25.7,40.7,0.85,21.7,11.0,33.7,24.0,47.7,2026-07-15 04:34:19
1595,2,108.7,47.7,98.2,1.45,45.7,19.5,28.4,21.8,43.0,2026-07-15 04:42:19
1596,9,87.3,38.1,76.3,1.2,37.4,16.5,34.3,34.0,62.5,2026-07-15 04:50:19
1597,3,17.2,6.8,12.2,0.27,10.0,5.0,43.1,25.3,79.3,2026-07-15 04:58:19
1598,6,77.3,33.4,55.7,1.06,34.4,14.8,42.6,37.2,78.5,2026-07-15 05:06:19
1599,2,64.4,27.8,54.9,0.8,28.7,12.9,29.3,21.7,48.0,2026-07-15 05:14:19
1600,5,50.8,22.5,43.6,0.61,20.5,8.9,34.7,32.7,62.6,2026-07-15 05:22:19
1601,6,115.1,51.9,85.9,1.56,43.3,21.2,52.7,37.4,45.1,2026-07-15 05:30:19
1602,9,82.1,35.5,64.4,1.03,36.4,14.8,38.3,19.4,66.9,2026-07-15 05:38:19
1603,5,133.8,59.7,100.7,1.88,52.7,24.0,54.6,28.5,30.6,2026-07-15 05:46:19
1604,5,15.0,5.0,8.6,0.1,10.0,5.0,42.8,31.1,82.5,2026-07-15 05:54:19
1605,3,103.9,45.4,73.7,1.42,44.3,17.9,53.2,24.4,78.2,2026-07-15 06:02:19
1606,5,34.2,15.4,26.1,0.54,13.0,7.9,26.9,26.6,82.3,2026-07-15 06:10:19
1607,9,77.2,34.6,64.1,1.0,29.9,14.7,41.0,33.1,59.0,2026-07-15 06:18:19
1608,5,111.0,48.5,81.3,1.38,47.5,19.2,38.6,35.6,70.0,2026-07-15 06:26:19
1609,9,103.3,45.5,85.8,1.27,42.8,19.1,26.2,27.4,57.1,2026-07-15 06:34:19
1610,5,116.0,52.2,87.0,1.47,44.1,19.3,47.3,29.1,68.2,2026-07-15 06:42:19
1611,9,124.9,56.1,92.8,1.78,47.9,22.1,37.7,30.1,34.2,2026-07-15 06:50:19
1612,1,86.2,38.6,68.2,1.15,33.4,16.9,43.2,26.7,82.6,2026-07-15 06:58:19
1613,3,69.8,32.0,57.4,0.86,24.5,14.3,31.3,24.6,75.8,2026-07-15 07:06:19
1614,9,140.8,61.8,87.6,1.76,59.2,26.0,42.5,19.6,63.3,2026-07-15 07:14:19
1615,1,133.6,60.3,126.3,1.79,50.2,22.4,45.0,29.4,56.2,2026-07-15 07:22:19
1616,9,86.6,39.3,75.7,1.27,31.8,15.7,44.0,34.9,84.5,2026-07-15 07:30:19
1617,6,78.4,35.7,56.9,1.03,28.3,12.5,42.8,30.1,59.1,2026-07-15 07:38:19
1618,5,135.4,60.4,91.9,1.75,53.3,23.6,53.2,31.6,66.3,2026-07-15 07:46:19
1619,10,48.3,21.6,30.9,0.57,18.8,10.6,55.0,33.7,73.3,2026-07-15 07:54:19
1620,9,84.8,38.4,75.7,1.17,31.3,16.1,35.9,35.2,55.6,2026-07-15 08:02:19
1621,9,77.9,34.4,69.6,1.01,31.9,12.4,42.1,18.7,44.9,2026-07-15 08:10:19
1622,9,59.9,27.5,39.0,0.84,20.7,9.6,53.4,34.3,42.6,2026-07-15 08:18:19
1623,3,106.7,46.9,86.5,1.41,44.6,17.3,26.6,19.9,71.4,2026-07-15 08:26:19
1624,7,92.1,40.4,73.3,1.26,38.7,14.3,29.2,29.4,81.9,2026-07-15 08:34:19
1625,5,89.4,39.6,67.5,1.22,36.2,16.7,37.6,35.1,44.9,2026-07-15 08:42:19
1626,9,89.5,40.4,84.1,1.13,33.5,16.3,42.5,22.9,38.7,2026-07-15 08:50:19
1627,6,44.0,19.2,35.4,0.59,18.9,9.3,25.5,36.8,83.5,2026-07-15 08:58:19
1628,7,52.0,22.1,41.5,0.6,24.5,9.6,52.2,25.2,62.2,2026-07-15 09:06:19
1629,8,83.3,37.4,76.9,1.13,31.9,14.2,37.1,22.7,54.9,2026-07-15 09:14:19
1630,1,49.3,21.6,31.9,0.59,20.9,8.9,43.0,22.7,54.8,2026-07-15 09:22:19
1631,7,42.7,18.6,34.9,0.47,18.5,7.8,44.9,23.5,38.5,2026-07-15 09:30:19
1632,7,94.0,41.1,63.8,1.21,40.0,16.7,45.1,28.8,55.2,2026-07-15 09:38:19
1633,7,68.4,29.8,49.7,0.81,29.6,11.0,26.8,20.5,68.8,2026-07-15 09:46:19
1634,5,31.2,14.3,27.3,0.36,10.9,5.9,27.9,27.0,56.9,2026-07-15 09:54:19
1635,3,86.9,37.8,59.7,1.08,37.7,16.2,28.7,18.7,49.2,2026-07-15 10:02:19
1636,5,28.0,12.8,21.6,0.34,10.0,5.0,52.4,37.1,72.8,2026-07-15 10:10:19
1637,6,51.4,23.5,37.2,0.75,18.1,10.9,29.0,37.0,36.4,2026-07-15 10:18:19
1638,4,37.1,15.4,32.3,0.48,18.7,5.3,39.2,31.9,36.2,2026-07-15 10:26:19
1639,9,127.9,56.4,116.3,1.63,52.7,22.3,32.7,32.5,67.2,2026-07-15 10:34:19
1640,4,65.2,28.7,59.0,0.84,27.0,9.8,34.5,20.7,45.5,2026-07-15 10:42:19
1641,10,44.2,19.2,40.2,0.59,19.3,8.6,36.9,21.5,53.0,2026-07-15 10:50:19
1642,4,77.0,34.5,58.2,1.1,29.7,15.1,50.1,27.5,68.1,2026-07-15 10:58:19
1643,2,68.6,30.0,58.0,0.98,29.2,13.2,30.8,20.7,45.6,2026-07-15 11:06:19
1644,1,18.9,7.6,11.3,0.21,10.4,5.0,44.7,36.9,47.2,2026-07-15 11:14:19
1645,2,65.9,28.6,43.2,0.86,28.8,11.2,27.5,37.0,56.0,2026-07-15 11:22:19
1646,3,84.1,37.4,76.0,1.13,33.6,16.7,50.8,23.7,66.8,2026-07-15 11:30:19
1647,8,125.3,54.6,98.7,1.6,54.0,20.2,36.1,29.4,57.8,2026-07-15 11:38:19
1648,10,90.8,40.1,59.5,1.3,37.3,14.3,47.1,33.0,40.0,2026-07-15 11:46:19
1649,6,65.0,29.0,59.1,0.79,25.7,9.7,47.8,21.4,34.6,2026-07-15 11:54:19
1650,1,78.8,35.5,62.3,1.03,29.9,14.7,42.0,31.9,37.1,2026-07-15 12:02:19
1651,3,129.5,56.6,90.3,1.63,55.3,24.2,48.1,30.8,83.6,2026-07-15 12:10:19
1652,3,66.6,29.7,48.7,0.91,26.3,12.0,35.4,36.1,76.4,2026-07-15 12:18:19
1653,2,142.0,62.4,92.3,1.82,59.3,26.5,42.9,35.0,30.5,2026-07-15 12:26:19
1654,4,65.6,29.2,48.2,0.91,26.0,9.8,29.4,27.2,64.4,2026-07-15 12:34:19
1655,8,99.0,43.2,76.2,1.37,42.5,18.3,52.8,33.5,59.4,2026-07-15 12:42:19
1656,6,15.0,5.0,9.3,0.1,10.0,5.0,34.5,27.0,34.8,2026-07-15 12:50:19
1657,10,79.9,34.8,71.0,1.1,34.6,12.4,28.2,19.2,75.1,2026-07-15 12:58:19
1658,8,49.5,22.0,44.4,0.62,19.9,7.6,36.6,28.0,80.3,2026-07-15 13:06:19
1659,3,34.2,14.4,29.1,0.36,16.6,5.3,39.5,28.7,69.1,2026-07-15 13:14:19
1660,2,126.3,56.3,118.1,1.78,50.0,21.3,44.3,30.5,52.7,2026-07-15 13:22:19
1661,3,50.9,22.6,41.8,0.61,20.5,8.8,34.8,33.6,84.0,2026-07-15 13:30:19
1662,8,43.4,18.5,31.5,0.5,20.1,7.4,27.0,24.9,60.6,2026-07-15 13:38:19
1663,7,15.0,5.0,9.9,0.1,10.0,5.0,29.8,37.4,60.4,2026-07-15 13:46:19
1664,6,87.6,39.6,67.9,1.15,32.7,14.6,42.8,22.8,35.2,2026-07-15 13:54:19
1665,5,103.5,44.9,88.3,1.25,45.4,18.0,29.3,28.3,30.1,2026-07-15 14:02:19
1666,9,83.2,37.5,75.8,1.17,31.5,16.6,39.7,34.3,75.5,2026-07-15 14:10:19
1667,10,91.7,41.6,74.4,1.25,33.6,16.5,50.2,23.6,56.1,2026-07-15 14:18:19
1668,8,80.6,36.5,62.9,1.06,29.8,12.6,39.0,23.3,50.0,2026-07-15 14:26:19
1669,2,73.1,33.1,56.0,0.98,27.0,14.6,45.6,34.9,51.6,2026-07-15 14:34:19
1670,3,94.0,41.3,70.0,1.33,39.4,16.8,48.4,30.3,35.9,2026-07-15 14:42:19
1671,1,119.4,53.7,79.3,1.52,45.4,20.0,32.2,25.6,59.6,2026-07-15 14:50:19
1672,6,166.2,73.1,133.0,2.18,69.3,28.1,49.9,31.3,34.2,2026-07-15 14:58:19
1673,5,48.6,22.1,44.3,0.64,17.6,10.3,40.6,27.8,32.0,2026-07-15 15:06:19
1674,6,77.7,34.0,65.9,0.93,32.9,15.2,47.4,31.5,36.7,2026-07-15 15:14:19
1675,10,80.8,35.9,55.7,1.14,32.3,16.3,49.8,18.9,58.0,2026-07-15 15:22:19
1676,1,64.2,28.2,54.8,0.9,26.9,9.9,46.2,27.1,47.3,2026-07-15 15:30:19
1677,1,67.8,30.6,54.6,0.95,25.4,11.0,31.7,37.3,46.6,2026-07-15 15:38:19
1678,8,70.1,30.6,60.7,0.86,30.1,11.6,45.3,30.8,54.0,2026-07-15 15:46:19
1679,6,80.6,36.3,66.7,1.08,30.6,13.0,42.5,36.1,40.7,2026-07-15 15:54:19
1680,2,96.5,42.6,84.8,1.31,39.7,15.4,33.0,19.4,84.6,2026-07-15 16:02:19
1681,8,48.4,21.4,43.9,0.73,19.7,6.9,48.7,24.2,77.1,2026-07-15 16:10:19
1682,4,73.3,31.5,62.4,1.03,33.2,13.0,50.0,22.3,37.5,2026-07-15 16:18:19
1683,4,89.0,39.1,71.2,1.12,37.2,14.7,34.9,32.2,53.7,2026-07-15 16:26:19
1684,1,117.4,53.2,101.3,1.65,43.2,20.7,40.0,19.4,35.9,2026-07-15 16:34:19
1685,9,59.5,26.7,42.0,0.87,22.8,10.6,25.8,24.1,53.9,2026-07-15 16:42:19
1686,4,91.2,40.0,67.1,1.15,38.3,16.6,42.5,34.2,80.1,2026-07-15 16:50:19
1687,2,64.8,27.9,56.9,0.85,29.1,11.8,43.6,29.7,46.6,2026-07-15 16:58:19
1688,5,116.1,52.3,79.5,1.63,43.9,21.9,33.8,30.1,52.8,2026-07-15 17:06:19
1689,10,32.5,14.8,25.3,0.42,11.8,5.0,45.2,22.2,62.1,2026-07-15 17:14:19
1690,4,124.7,55.3,78.8,1.68,50.3,23.0,29.1,20.4,58.2,2026-07-15 17:22:19
1691,9,72.0,31.4,51.1,0.85,31.0,10.6,47.9,32.1,67.2,2026-07-15 17:30:19
1692,9,39.5,17.7,31.3,0.56,15.2,7.9,48.2,32.0,73.3,2026-07-15 17:38:19
1693,6,80.9,36.0,63.5,1.05,32.2,15.8,29.1,33.6,68.0,2026-07-15 17:46:19
1694,2,152.0,67.0,103.4,1.96,62.8,26.3,52.3,27.4,57.1,2026-07-15 17:54:19
1695,5,32.3,14.9,29.7,0.5,11.0,6.7,53.1,20.6,81.4,2026-07-15 18:02:19
1696,2,126.8,56.9,98.4,1.75,48.8,21.2,51.0,35.6,53.4,2026-07-15 18:10:19
1697,7,125.3,55.0,82.4,1.57,52.7,21.3,41.8,34.9,74.1,2026-07-15 18:18:19
1698,2,122.3,54.7,102.4,1.57,47.7,21.8,50.6,26.7,74.0,2026-07-15 18:26:19
1699,9,102.7,46.5,88.8,1.37,38.0,20.4,28.4,36.8,40.3,2026-07-15 18:34:19
1700,2,95.3,41.6,71.4,1.28,40.9,16.3,33.0,29.7,61.5,2026-07-15 18:42:19
1701,1,54.4,25.3,47.7,0.71,17.8,10.9,49.5,25.8,58.4,2026-07-15 18:50:19
1702,4,55.0,25.4,36.4,0.78,18.5,10.5,31.5,27.0,56.9,2026-07-15 18:58:19
1703,6,130.4,58.2,119.8,1.65,51.3,21.3,26.8,34.2,68.9,2026-07-15 19:06:19
1704,8,26.4,11.9,24.6,0.39,10.0,5.0,38.0,23.4,76.5,2026-07-15 19:14:19
1705,9,40.9,18.8,31.0,0.47,14.2,7.0,51.0,22.6,45.7,2026-07-15 19:22:19
1706,4,117.6,51.3,104.3,1.64,50.6,21.4,47.8,24.6,65.2,2026-07-15 19:30:19
1707,10,43.2,19.1,35.7,0.64,17.6,7.7,41.4,21.3,44.9,2026-07-15 19:38:19
1708,1,53.9,23.2,35.3,0.73,24.2,8.3,25.6,35.6,83.2,2026-07-15 19:46:19
1709,6,118.2,53.5,87.5,1.68,43.7,23.2,49.2,19.5,37.2,2026-07-15 19:54:19
1710,9,100.8,45.2,67.9,1.39,38.9,16.2,26.6,33.4,80.0,2026-07-15 20:02:19
1711,10,117.7,51.3,100.1,1.49,50.7,20.2,51.1,25.4,74.9,2026-07-15 20:10:19
1712,2,15.0,5.0,9.0,0.22,10.0,5.0,40.7,22.6,62.4,2026-07-15 20:18:19
1713,9,61.6,26.3,53.8,0.75,28.6,11.7,49.7,23.5,61.0,2026-07-15 20:26:19
1714,8,85.0,38.8,56.5,1.12,30.4,15.0,46.4,32.4,68.3,2026-07-15 20:34:19
1715,8,80.3,35.7,51.0,1.05,32.0,13.7,33.2,28.7,56.9,2026-07-15 20:42:19
1716,2,106.6,47.5,90.8,1.49,42.2,19.1,47.6,19.4,69.9,2026-07-15 20:50:19
1717,3,104.5,45.7,82.4,1.31,44.5,18.4,35.1,26.4,44.0,2026-07-15 20:58:19
1718,5,110.7,48.2,91.9,1.38,47.8,19.2,41.9,30.0,36.5,2026-07-15 21:06:19
1719,1,106.0,47.7,82.7,1.35,40.3,20.5,46.5,27.0,70.5,2026-07-15 21:14:19
1720,4,92.8,41.0,84.2,1.16,37.9,15.1,53.3,22.6,57.9,2026-07-15 21:22:19
1721,4,117.1,51.3,98.9,1.52,49.5,20.0,33.9,22.3,49.0,2026-07-15 21:30:19
1722,10,112.6,50.5,93.6,1.51,43.3,20.7,44.1,32.5,65.2,2026-07-15 21:38:19
1723,7,123.6,55.2,107.8,1.68,48.4,21.3,31.6,37.7,51.2,2026-07-15 21:46:19
1724,9,122.5,54.4,109.6,1.55,49.1,23.2,48.3,29.8,54.1,2026-07-15 21:54:19
1725,1,62.9,28.7,58.9,0.89,22.5,12.5,28.0,18.5,69.0,2026-07-15 22:02:19
1726,3,67.0,28.9,48.4,0.93,29.9,10.6,48.0,29.7,41.3,2026-07-15 22:10:19
1727,1,71.6,32.4,60.9,1.03,26.5,11.3,43.9,20.3,66.0,2026-07-15 22:18:19
1728,5,100.0,44.5,69.9,1.29,39.8,17.5,40.7,24.2,47.2,2026-07-15 22:26:19
1729,1,194.3,86.9,148.3,2.58,75.8,34.7,27.9,29.0,73.2,2026-07-15 22:34:19
1730,5,110.5,50.1,96.5,1.43,40.7,21.0,34.1,35.4,77.9,2026-07-15 22:42:19
1731,6,33.9,15.9,30.0,0.46,10.5,6.2,53.1,34.7,61.6,2026-07-15 22:50:19
1732,4,44.8,19.5,34.4,0.53,19.4,8.4,42.9,36.5,61.2,2026-07-15 22:58:19
1733,6,92.3,40.2,59.5,1.13,39.9,17.6,30.4,34.6,35.9,2026-07-15 23:06:19
1734,10,128.4,56.7,106.5,1.63,52.7,21.7,36.0,35.4,55.7,2026-07-15 23:14:19
1735,4,136.7,60.9,103.1,1.93,54.1,23.8,25.1,32.9,43.9,2026-07-15 23:22:19
1736,10,86.0,37.3,62.0,1.08,37.8,15.5,43.4,32.0,62.0,2026-07-15 23:30:19
1737,5,36.2,15.0,26.3,0.43,18.4,6.4,54.4,19.1,74.5,2026-07-15 23:38:19
1738,6,92.0,41.5,82.2,1.18,34.6,18.2,31.8,24.0,61.0,2026-07-15 23:46:19
1739,9,25.7,11.5,19.2,0.41,10.0,5.0,46.2,30.4,30.2,2026-07-15 23:54:19
1740,6,121.0,53.1,85.5,1.55,50.8,21.8,25.3,32.5,48.6,2026-07-16 00:02:19
1741,5,56.1,24.0,35.0,0.7,25.8,10.5,50.4,27.1,35.8,2026-07-16 00:10:19
1742,2,37.3,15.6,31.2,0.37,18.4,5.0,38.9,33.3,63.3,2026-07-16 00:18:19
1743,6,94.4,42.2,85.1,1.27,36.8,16.6,28.6,29.5,32.2,2026-07-16 00:26:19
1744,1,98.2,43.3,86.8,1.25,40.5,15.5,52.1,35.7,37.7,2026-07-16 00:34:19
1745,2,81.2,35.1,53.6,1.1,36.1,14.7,32.7,18.2,73.5,2026-07-16 00:42:19
1746,5,123.2,55.5,100.4,1.59,46.5,23.7,42.6,33.1,69.9,2026-07-16 00:50:19
1747,8,84.5,38.5,79.9,1.24,30.3,13.5,36.2,18.0,42.1,2026-07-16 00:58:19
1748,8,68.2,30.6,60.8,1.0,26.2,10.4,46.5,26.2,62.7,2026-07-16 01:06:19
1749,9,122.8,54.8,113.9,1.55,48.3,23.0,26.0,31.5,41.8,2026-07-16 01:14:19
1750,10,49.5,21.5,36.1,0.71,21.5,8.3,39.4,21.6,57.0,2026-07-16 01:22:19
1751,6,62.3,27.2,43.2,0.75,26.7,12.2,53.8,31.1,48.3,2026-07-16 01:30:19
1752,7,68.2,30.1,52.3,0.87,28.0,12.2,29.5,32.4,35.2,2026-07-16 01:38:19
1753,10,143.0,63.0,98.8,1.86,59.1,23.4,26.6,28.0,71.9,2026-07-16 01:46:19
1754,9,33.5,14.4,25.1,0.44,15.1,7.7,37.2,26.4,42.6,2026-07-16 01:54:19
1755,10,79.6,35.7,73.5,1.11,30.7,16.2,48.9,34.3,83.5,2026-07-16 02:02:19
1756,6,15.0,5.0,9.2,0.19,10.0,5.0,37.3,29.8,73.0,2026-07-16 02:10:19
1757,9,108.9,48.2,70.3,1.46,44.3,20.5,37.7,34.1,51.7,2026-07-16 02:18:19
1758,7,47.6,20.1,30.5,0.55,22.9,7.8,37.4,20.2,55.6,2026-07-16 02:26:19
1759,7,68.8,29.9,49.5,0.87,29.9,11.5,28.9,24.2,69.6,2026-07-16 02:34:19
1760,8,61.9,27.2,43.6,0.79,25.9,11.6,51.1,38.0,40.0,2026-07-16 02:42:19
1761,8,97.3,43.1,68.5,1.2,39.4,19.2,41.6,30.7,45.4,2026-07-16 02:50:19
1762,7,102.2,44.5,62.9,1.24,44.2,19.7,44.0,26.2,31.2,2026-07-16 02:58:19
1763,3,76.3,33.2,46.9,1.08,33.1,12.2,48.0,18.1,61.6,2026-07-16 03:06:19
1764,9,104.3,46.5,95.5,1.4,41.2,18.1,33.3,20.5,58.3,2026-07-16 03:14:19
1765,4,133.3,59.1,94.6,1.72,53.9,21.7,32.8,28.6,49.3,2026-07-16 03:22:19
1766,6,97.0,43.3,67.8,1.28,38.1,17.5,29.3,28.5,47.1,2026-07-16 03:30:19
1767,1,90.4,39.9,63.9,1.15,37.2,15.6,27.4,29.6,42.2,2026-07-16 03:38:19
1768,6,69.2,30.5,59.3,0.96,28.5,12.1,41.3,22.3,35.0,2026-07-16 03:46:19
1769,9,74.0,32.0,49.1,0.99,32.7,12.4,27.1,28.2,78.4,2026-07-16 03:54:19
1770,10,77.5,34.6,51.5,0.95,30.5,14.5,50.0,23.6,74.8,2026-07-16 04:02:19
1771,1,45.0,19.1,27.7,0.57,21.3,6.9,33.2,37.6,83.1,2026-07-16 04:10:19
1772,3,71.6,32.7,65.4,0.98,25.5,12.0,45.3,30.3,80.0,2026-07-16 04:18:19
1773,6,100.9,45.1,90.2,1.28,39.4,17.4,52.6,35.6,56.8,2026-07-16 04:26:19
1774,1,122.2,54.4,112.1,1.69,48.5,23.0,48.1,24.4,69.2,2026-07-16 04:34:19
1775,2,78.6,33.9,59.9,1.02,35.1,15.5,42.8,23.0,79.7,2026-07-16 04:42:19
1776,6,55.9,25.0,40.0,0.79,21.8,9.9,38.0,22.7,58.5,2026-07-16 04:50:19
1777,1,73.2,32.5,49.1,0.99,29.4,11.5,31.0,30.2,34.6,2026-07-16 04:58:19
1778,8,34.3,15.4,23.5,0.45,13.2,5.0,38.1,22.0,68.5,2026-07-16 05:06:19
1779,1,74.3,33.5,67.7,0.95,28.0,15.2,41.2,22.6,69.8,2026-07-16 05:14:19
1780,2,109.0,49.2,71.1,1.44,40.9,20.3,50.1,26.8,54.8,2026-07-16 05:22:19
1781,9,33.4,15.3,29.6,0.45,11.8,5.0,33.1,35.0,37.5,2026-07-16 05:30:19
1782,8,82.9,36.3,72.0,1.13,35.1,14.2,27.5,27.5,39.0,2026-07-16 05:38:19
1783,8,43.7,18.7,28.2,0.63,20.0,8.5,48.2,25.9,60.1,2026-07-16 05:46:19
1784,4,48.1,21.8,31.2,0.7,17.8,6.9,51.8,29.8,41.8,2026-07-16 05:54:19
1785,4,53.1,24.5,47.4,0.78,18.0,10.6,49.1,33.6,30.9,2026-07-16 06:02:19
1786,2,110.5,50.2,89.8,1.54,40.2,19.6,29.8,31.5,73.9,2026-07-16 06:10:19
1787,1,85.1,38.4,73.1,1.18,32.0,16.6,46.5,34.6,81.8,2026-07-16 06:18:19
1788,2,113.7,50.0,78.2,1.46,47.3,19.4,35.6,36.4,51.5,2026-07-16 06:26:19
1789,7,95.1,43.1,63.4,1.28,35.0,18.3,54.6,36.7,80.0,2026-07-16 06:34:19
1790,9,94.7,42.8,64.3,1.34,35.4,16.4,53.1,30.0,58.2,2026-07-16 06:42:19
1791,8,105.9,47.9,80.8,1.36,39.4,20.0,29.6,25.5,67.1,2026-07-16 06:50:19
1792,2,72.7,32.0,46.3,0.99,30.2,13.4,27.3,28.0,78.9,2026-07-16 06:58:19
1793,1,65.9,29.2,48.7,0.95,26.7,13.6,35.4,30.7,58.6,2026-07-16 07:06:19
1794,3,77.1,35.1,70.1,1.04,27.9,13.8,54.9,26.2,63.3,2026-07-16 07:14:19
1795,5,100.1,45.2,74.9,1.32,37.5,19.9,43.6,19.5,67.0,2026-07-16 07:22:19
1796,1,92.3,41.8,85.3,1.23,34.1,18.1,32.9,30.7,75.6,2026-07-16 07:30:19
1797,8,43.8,20.5,33.8,0.71,13.8,8.4,38.5,31.2,76.2,2026-07-16 07:38:19
1798,9,49.6,23.1,40.5,0.61,16.0,9.4,37.2,29.3,78.3,2026-07-16 07:46:19
1799,4,53.0,24.5,37.2,0.65,17.8,9.3,51.9,34.1,71.3,2026-07-16 07:54:19
1800,10,145.1,65.3,105.4,2.05,55.2,28.1,31.6,33.6,46.5,2026-07-16 08:02:19
1801,3,15.0,5.0,7.9,0.18,10.0,5.0,30.2,28.4,79.4,2026-07-16 08:10:19
1802,7,70.1,32.2,58.4,0.88,24.3,13.6,36.8,18.6,62.8,2026-07-16 08:18:19
1803,8,110.5,49.9,95.5,1.46,41.4,19.8,28.0,22.6,74.8,2026-07-16 08:26:19
1804,5,95.9,43.0,60.2,1.23,36.9,16.9,50.3,37.7,80.5,2026-07-16 08:34:19
1805,6,52.0,23.9,35.4,0.66,18.0,9.1,51.7,31.6,50.6,2026-07-16 08:42:19
1806,2,160.6,70.3,141.8,2.17,68.1,29.6,49.7,30.5,54.7,2026-07-16 08:50:19
1807,6,80.1,35.3,52.1,1.07,33.2,12.6,31.4,21.1,45.9,2026-07-16 08:58:19
1808,10,123.3,54.7,82.3,1.55,49.7,21.1,40.1,21.5,30.4,2026-07-16 09:06:19
1809,9,15.0,5.2,7.7,0.15,10.0,5.0,34.4,22.9,64.7,2026-07-16 09:14:19
1810,10,51.8,22.8,33.3,0.66,21.5,9.9,43.6,29.5,53.8,2026-07-16 09:22:19
1811,9,49.8,23.0,32.9,0.62,16.9,11.2,35.9,31.0,55.4,2026-07-16 09:30:19
1812,3,45.2,20.7,40.9,0.53,15.8,9.0,36.9,22.1,78.8,2026-07-16 09:38:19
1813,1,91.5,41.6,87.2,1.21,33.2,18.4,41.4,33.0,76.5,2026-07-16 09:46:19
1814,6,31.9,14.7,25.2,0.53,10.9,5.9,50.0,23.4,63.7,2026-07-16 09:54:19
1815,7,117.3,52.0,79.9,1.59,47.4,19.8,28.0,29.7,40.1,2026-07-16 10:02:19
1816,4,94.8,41.5,65.0,1.15,40.2,15.4,50.3,27.5,36.2,2026-07-16 10:10:19
1817,2,74.4,33.1,55.0,1.04,29.7,14.4,49.8,35.2,51.0,2026-07-16 10:18:19
1818,3,95.5,41.5,67.5,1.15,41.5,18.5,40.9,37.4,40.3,2026-07-16 10:26:19
1819,6,48.0,20.7,36.0,0.58,21.4,8.0,30.2,27.6,59.6,2026-07-16 10:34:19
1820,3,85.2,37.1,53.5,1.13,36.9,14.9,33.8,36.2,56.4,2026-07-16 10:42:19
1821,2,94.9,43.3,61.8,1.23,34.0,16.1,50.4,35.1,54.5,2026-07-16 10:50:19
1822,9,47.1,20.7,40.9,0.56,19.7,9.0,34.3,27.7,60.2,2026-07-16 10:58:19
1823,6,36.0,15.8,24.2,0.49,15.2,5.3,44.1,30.1,60.6,2026-07-16 11:06:19
1824,8,145.2,63.5,119.0,1.94,61.9,27.1,35.8,28.4,81.0,2026-07-16 11:14:19
1825,7,48.2,21.0,35.6,0.7,20.9,8.7,38.3,31.9,76.2,2026-07-16 11:22:19
1826,7,54.9,24.5,47.1,0.8,21.5,10.9,41.0,37.9,62.8,2026-07-16 11:30:19
1827,2,43.4,18.9,33.8,0.56,18.8,8.2,28.5,20.7,81.8,2026-07-16 11:38:19
1828,6,57.9,25.1,42.9,0.81,25.5,11.1,51.5,26.2,52.6,2026-07-16 11:46:19
1829,10,122.6,55.1,80.9,1.65,46.9,23.3,33.6,23.0,47.4,2026-07-16 11:54:19
1830,5,57.2,26.3,52.9,0.71,19.8,12.5,30.2,23.5,71.9,2026-07-16 12:02:19
1831,1,121.7,54.7,94.6,1.59,46.4,21.4,42.2,32.0,71.3,2026-07-16 12:10:19
1832,5,84.5,37.5,71.2,1.17,34.0,16.2,41.4,26.2,60.1,2026-07-16 12:18:19
1833,4,60.8,26.9,43.0,0.81,24.8,12.3,39.3,22.4,41.1,2026-07-16 12:26:19
1834,9,90.9,39.4,63.0,1.21,39.9,17.6,40.8,18.1,82.8,2026-07-16 12:34:19
1835,8,100.6,44.4,68.3,1.34,41.4,17.7,25.7,34.0,75.6,2026-07-16 12:42:19
1836,8,72.8,31.5,55.8,0.89,32.2,12.7,35.1,30.9,68.4,2026-07-16 12:50:19
1837,4,108.4,47.5,70.2,1.45,45.8,20.4,50.4,29.6,52.1,2026-07-16 12:58:19
1838,6,103.6,45.2,84.2,1.3,44.5,16.6,36.3,36.1,81.7,2026-07-16 13:06:19
1839,9,86.8,37.6,65.9,1.07,38.2,16.6,33.2,25.0,79.1,2026-07-16 13:14:19
1840,10,78.0,34.2,62.7,0.96,32.9,14.7,51.4,26.8,72.8,2026-07-16 13:22:19
1841,7,94.0,42.6,65.3,1.21,34.7,15.8,27.3,34.5,70.5,2026-07-16 13:30:19
1842,5,127.1,55.8,95.7,1.75,53.4,23.4,40.8,18.2,31.5,2026-07-16 13:38:19
1843,6,68.3,29.4,44.5,0.87,30.7,12.3,41.7,24.6,60.4,2026-07-16 13:46:19
1844,10,50.9,21.8,31.7,0.67,23.3,8.8,27.2,18.5,70.6,2026-07-16 13:54:19
1845,8,98.6,44.3,76.6,1.43,37.7,18.1,48.6,19.0,54.0,2026-07-16 14:02:19
1846,4,117.3,52.9,99.5,1.66,44.2,19.7,40.4,30.3,65.2,2026-07-16 14:10:19
1847,1,83.3,36.6,64.9,1.02,34.8,13.7,49.5,23.2,38.9,2026-07-16 14:18:19
1848,9,104.1,45.2,81.0,1.4,45.4,16.3,44.5,33.2,78.5,2026-07-16 14:26:19
1849,1,97.2,43.5,90.3,1.39,37.7,15.8,48.6,30.7,57.4,2026-07-16 14:34:19
1850,3,114.5,50.1,77.2,1.49,48.6,19.8,30.2,36.0,77.7,2026-07-16 14:42:19
1851,1,40.3,18.8,39.1,0.56,12.9,8.0,44.3,26.1,79.7,2026-07-16 14:50:19
1852,7,79.9,36.2,75.1,1.04,29.5,14.0,47.2,24.1,55.9,2026-07-16 14:58:19
1853,7,100.4,45.6,66.1,1.39,36.6,16.3,35.8,20.8,58.5,2026-07-16 15:06:19
1854,7,108.1,47.3,68.4,1.5,46.0,20.5,37.0,18.6,35.1,2026-07-16 15:14:19
1855,1,160.7,72.5,102.6,2.12,60.3,28.4,45.3,31.3,53.9,2026-07-16 15:22:19
1856,3,89.9,40.9,78.2,1.13,32.5,17.6,45.0,37.1,53.5,2026-07-16 15:30:19
1857,3,125.0,55.9,92.0,1.59,48.7,23.5,29.8,20.5,45.8,2026-07-16 15:38:19
1858,1,92.4,41.7,60.2,1.22,34.7,16.8,51.0,29.4,63.3,2026-07-16 15:46:19
1859,8,62.6,28.0,51.0,0.94,24.5,13.1,50.3,21.1,39.1,2026-07-16 15:54:19
1860,10,40.3,16.9,27.4,0.53,19.7,7.5,50.1,24.9,79.1,2026-07-16 16:02:19
1861,10,120.8,53.6,77.5,1.62,48.7,21.8,39.5,26.0,62.1,2026-07-16 16:10:19
1862,4,80.8,35.0,73.3,0.99,35.5,12.6,46.5,19.8,61.9,2026-07-16 16:18:19
1863,9,78.4,34.6,63.6,1.0,32.2,12.2,43.7,26.8,77.3,2026-07-16 16:26:19
1864,6,70.7,30.8,56.1,0.9,30.5,13.9,41.6,26.2,80.0,2026-07-16 16:34:19
1865,10,118.6,51.7,81.6,1.5,51.1,22.3,49.3,20.8,58.1,2026-07-16 16:42:19
1866,7,80.5,35.1,64.8,0.96,34.7,15.1,26.8,32.7,53.3,2026-07-16 16:50:19
1867,6,52.2,23.2,39.1,0.68,20.9,10.5,52.5,32.1,72.6,2026-07-16 16:58:19
1868,10,110.6,49.0,83.4,1.37,44.8,20.3,50.6,22.3,35.2,2026-07-16 17:06:19
1869,10,55.5,25.2,45.9,0.68,20.3,9.9,38.9,30.8,79.8,2026-07-16 17:14:19
1870,8,102.2,46.0,86.6,1.29,38.8,16.8,26.1,34.2,33.8,2026-07-16 17:22:19
1871,7,102.7,44.7,84.8,1.25,44.5,17.0,27.5,31.2,50.0,2026-07-16 17:30:19
1872,1,78.0,34.0,59.9,1.05,33.6,14.4,25.4,35.1,62.6,2026-07-16 17:38:19
1873,8,47.1,20.5,29.7,0.67,20.5,8.3,29.1,19.9,52.7,2026-07-16 17:46:19
1874,1,21.2,9.0,13.8,0.21,10.0,5.0,50.7,35.1,39.6,2026-07-16 17:54:19
1875,6,87.2,37.8,53.2,1.07,38.4,16.2,27.6,35.1,77.6,2026-07-16 18:02:19
1876,10,170.3,74.7,111.1,2.17,71.7,31.6,35.2,30.6,61.1,2026-07-16 18:10:19
1877,1,47.2,20.5,37.0,0.7,20.7,6.5,49.0,33.2,52.6,2026-07-16 18:18:19
1878,8,63.8,28.4,45.0,0.92,25.3,12.9,30.4,32.6,31.4,2026-07-16 18:26:19
1879,1,118.4,51.6,73.1,1.53,51.1,22.4,38.0,24.0,40.2,2026-07-16 18:34:19
1880,5,68.6,30.9,44.3,1.02,25.9,11.7,26.3,33.2,37.0,2026-07-16 18:42:19
1881,5,135.0,59.1,119.0,1.81,57.3,25.3,49.9,27.4,30.7,2026-07-16 18:50:19
1882,6,58.6,26.8,46.0,0.8,20.8,10.7,39.2,35.0,51.9,2026-07-16 18:58:19
1883,1,94.2,40.9,61.8,1.14,41.2,15.5,34.6,25.8,80.2,2026-07-16 19:06:19
1884,10,108.9,47.3,99.3,1.4,47.5,18.4,50.1,30.9,54.1,2026-07-16 19:14:19
1885,10,108.7,47.7,78.7,1.45,45.7,18.6,42.1,31.9,44.3,2026-07-16 19:22:19
1886,9,88.5,39.7,65.7,1.13,34.1,14.3,28.3,23.5,84.8,2026-07-16 19:30:19
1887,9,86.7,38.9,81.3,1.18,33.4,14.8,47.5,27.8,47.2,2026-07-16 19:38:19
1888,3,111.9,49.8,87.1,1.47,44.6,21.9,44.5,25.9,78.4,2026-07-16 19:46:19
1889,8,25.9,11.6,20.9,0.27,10.0,6.1,27.8,32.4,55.3,2026-07-16 19:54:19
1890,3,80.3,35.3,65.0,1.1,33.6,15.7,51.7,26.5,81.1,2026-07-16 20:02:19
1891,4,32.9,13.6,21.2,0.38,16.9,5.2,28.2,30.7,55.7,2026-07-16 20:10:19
1892,7,57.1,26.1,52.5,0.69,20.2,9.7,44.1,29.6,55.9,2026-07-16 20:18:19
1893,7,70.4,30.9,57.1,0.87,29.5,11.0,29.2,37.5,72.6,2026-07-16 20:26:19
1894,3,106.3,46.8,75.0,1.32,44.1,17.6,53.0,35.7,36.2,2026-07-16 20:34:19
1895,5,92.5,40.0,80.7,1.18,40.9,16.1,49.4,31.5,50.2,2026-07-16 20:42:19
1896,7,130.5,58.8,96.1,1.85,49.3,24.0,31.0,27.7,55.8,2026-07-16 20:50:19
1897,5,111.8,49.0,95.6,1.52,47.1,19.5,29.1,19.3,32.7,2026-07-16 20:58:19
1898,9,69.0,30.5,63.3,0.99,28.2,12.5,52.9,19.7,53.6,2026-07-16 21:06:19
1899,1,31.1,14.5,22.7,0.5,10.0,6.2,47.8,36.0,71.2,2026-07-16 21:14:19
1900,7,74.7,33.9,63.4,1.1,27.4,14.1,54.5,22.4,35.4,2026-07-16 21:22:19
1901,3,50.2,21.9,33.5,0.74,21.5,8.0,40.2,28.9,45.3,2026-07-16 21:30:19
1902,5,84.4,38.1,57.1,1.05,31.6,15.7,42.9,35.2,63.9,2026-07-16 21:38:19
1903,8,59.8,26.7,38.7,0.78,23.4,11.3,35.6,37.2,50.1,2026-07-16 21:46:19
1904,2,123.3,54.5,104.5,1.71,50.4,20.4,25.6,28.7,61.4,2026-07-16 21:54:19
1905,9,100.7,44.0,73.1,1.28,43.0,15.6,42.3,21.8,52.0,2026-07-16 22:02:19
1906,1,115.2,50.6,92.6,1.47,48.2,19.7,43.3,26.9,76.2,2026-07-16 22:10:19
1907,5,66.5,29.4,54.8,0.81,27.1,11.5,39.3,32.4,61.3,2026-07-16 22:18:19
1908,8,66.9,29.0,49.9,0.94,29.4,12.3,35.8,28.7,42.0,2026-07-16 22:26:19
1909,5,58.4,25.3,40.7,0.66,25.8,9.6,37.4,31.5,41.6,2026-07-16 22:34:19
1910,7,43.5,19.3,34.9,0.54,17.5,6.4,35.2,32.3,59.9,2026-07-16 22:42:19
1911,2,92.7,42.1,74.0,1.29,33.8,16.2,28.9,34.7,78.3,2026-07-16 22:50:19
1912,9,83.3,37.4,67.4,1.19,31.9,14.2,32.4,20.8,57.1,2026-07-16 22:58:19
1913,2,22.6,9.8,15.4,0.36,10.0,5.8,34.1,35.7,39.9,2026-07-16 23:06:19
1914,7,78.6,35.7,70.8,1.02,28.6,13.5,28.2,25.7,83.9,2026-07-16 23:14:19
1915,5,15.0,5.0,9.4,0.25,10.0,5.0,30.8,30.7,71.7,2026-07-16 23:22:19
1916,8,100.5,45.6,82.8,1.44,36.8,19.7,28.1,35.3,72.7,2026-07-16 23:30:19
1917,3,80.0,34.9,56.8,1.09,34.3,13.3,48.8,22.3,55.2,2026-07-16 23:38:19
1918,9,32.2,15.0,22.5,0.4,10.5,7.1,50.6,29.7,35.1,2026-07-16 23:46:19
1919,1,77.3,34.1,70.1,1.02,31.8,12.3,39.4,25.3,40.6,2026-07-16 23:54:19
1920,8,76.3,32.8,67.6,0.92,34.5,13.3,37.0,23.0,43.2,2026-07-17 00:02:19
1921,5,69.6,31.1,43.7,0.89,27.2,13.3,36.3,37.3,73.1,2026-07-17 00:10:19
1922,10,73.1,31.8,57.5,0.92,31.8,13.4,28.3,32.9,74.4,2026-07-17 00:18:19
1923,3,120.6,52.7,98.2,1.59,51.5,22.7,45.6,34.2,74.5,2026-07-17 00:26:19
1924,2,92.6,41.0,69.9,1.22,37.6,16.4,53.9,33.9,81.6,2026-07-17 00:34:19
1925,7,36.6,17.3,25.7,0.45,10.9,6.8,40.9,25.5,82.6,2026-07-17 00:42:19
1926,8,161.1,70.6,135.5,2.07,68.0,28.1,30.8,24.3,44.3,2026-07-17 00:50:19
1927,3,23.2,10.1,18.1,0.34,10.0,5.0,37.3,35.2,35.4,2026-07-17 00:58:19
1928,10,111.5,50.2,74.8,1.43,42.3,18.5,33.7,33.4,72.3,2026-07-17 01:06:19
1929,1,83.3,36.4,63.5,1.02,35.6,16.0,54.6,19.6,83.3,2026-07-17 01:14:19
1930,1,57.9,26.1,52.0,0.8,21.8,11.4,46.1,34.1,70.2,2026-07-17 01:22:19
1931,3,107.3,46.9,80.2,1.39,45.8,19.0,28.1,30.1,45.5,2026-07-17 01:30:19
1932,4,68.8,30.3,43.1,0.92,28.5,10.4,47.4,36.0,76.0,2026-07-17 01:38:19
1933,7,116.4,52.8,102.0,1.5,42.7,22.3,54.7,35.8,48.3,2026-07-17 01:46:19
1934,7,111.4,49.5,71.6,1.52,44.5,19.7,46.4,31.6,68.5,2026-07-17 01:54:19
1935,9,76.4,33.3,57.3,0.92,33.0,12.4,47.3,19.1,64.3,2026-07-17 02:02:19
1936,5,36.4,17.1,26.9,0.44,11.2,7.3,29.3,22.7,78.2,2026-07-17 02:10:19
1937,4,121.9,54.5,101.7,1.63,47.6,23.3,29.2,35.5,75.2,2026-07-17 02:18:19
1938,4,15.0,5.0,7.3,0.15,10.0,5.0,43.4,25.1,72.7,2026-07-17 02:26:19
1939,2,87.2,38.1,75.2,1.08,37.3,13.7,44.3,23.1,67.3,2026-07-17 02:34:19
1940,10,106.9,47.9,82.8,1.38,41.3,20.6,44.2,18.4,83.4,2026-07-17 02:42:19
1941,4,113.6,51.4,86.1,1.6,42.2,20.7,43.7,22.9,59.4,2026-07-17 02:50:19
1942,7,116.8,51.0,79.9,1.6,49.9,18.6,48.9,27.0,71.7,2026-07-17 02:58:19
1943,9,92.2,42.0,62.8,1.21,33.3,16.8,51.8,34.4,39.8,2026-07-17 03:06:19
1944,2,113.8,50.3,92.1,1.51,46.5,18.1,26.0,32.1,50.4,2026-07-17 03:14:19
1945,7,76.7,34.1,54.9,1.04,30.7,12.3,33.9,21.8,56.4,2026-07-17 03:22:19
1946,2,101.2,45.9,68.1,1.46,37.1,18.1,46.5,37.8,46.3,2026-07-17 03:30:19
1947,1,129.9,56.9,89.1,1.76,54.9,24.7,37.5,21.6,47.2,2026-07-17 03:38:19
1948,1,101.8,46.0,69.9,1.31,38.0,16.5,52.9,30.5,56.9,2026-07-17 03:46:19
1949,1,88.5,40.1,72.2,1.25,32.7,14.2,43.8,30.8,81.5,2026-07-17 03:54:19
1950,5,81.3,37.2,71.8,1.2,28.7,15.8,38.4,19.6,76.7,2026-07-17 04:02:19
1951,8,69.6,31.7,46.4,0.99,25.0,11.1,42.5,31.2,79.1,2026-07-17 04:10:19
1952,2,117.0,52.8,81.7,1.59,43.9,22.3,47.2,27.8,66.9,2026-07-17 04:18:19
1953,5,85.9,39.1,72.1,1.22,31.0,14.4,46.5,36.3,59.1,2026-07-17 04:26:19
1954,10,76.1,33.3,66.3,0.95,32.3,14.2,37.8,20.3,69.4,2026-07-17 04:34:19
1955,2,104.1,45.4,90.6,1.27,44.8,17.9,31.9,30.5,36.8,2026-07-17 04:42:19
1956,3,95.3,42.5,63.4,1.22,37.7,15.6,50.1,25.8,81.4,2026-07-17 04:50:19
1957,5,90.9,41.2,67.3,1.14,33.5,16.5,33.6,21.6,66.1,2026-07-17 04:58:19
1958,2,29.1,13.1,23.9,0.49,11.1,6.0,47.5,35.3,54.0,2026-07-17 05:06:19
1959,9,31.9,13.8,24.3,0.45,14.2,5.0,53.0,21.8,60.7,2026-07-17 05:14:19
1960,9,70.0,30.6,54.0,0.92,29.8,11.9,40.5,24.7,47.5,2026-07-17 05:22:19
1961,7,80.1,36.5,69.9,1.03,28.8,13.4,47.0,30.0,70.4,2026-07-17 05:30:19
1962,4,119.5,53.8,85.1,1.65,45.3,22.7,40.0,22.9,51.6,2026-07-17 05:38:19
1963,4,30.2,13.1,22.9,0.3,13.3,6.9,51.5,37.1,54.1,2026-07-17 05:46:19
1964,6,87.8,38.2,74.6,1.16,38.0,16.4,45.7,18.5,73.5,2026-07-17 05:54:19
1965,1,90.8,41.0,72.5,1.32,33.9,15.5,49.7,23.4,66.2,2026-07-17 06:02:19
1966,6,65.7,30.3,54.4,0.88,22.4,13.8,28.4,37.5,36.2,2026-07-17 06:10:19
1967,2,113.4,50.3,97.6,1.48,45.8,20.1,34.1,24.8,54.8,2026-07-17 06:18:19
1968,3,96.2,43.4,79.6,1.22,36.1,16.1,34.8,32.6,82.6,2026-07-17 06:26:19
1969,3,66.2,29.5,58.1,0.8,26.2,11.4,32.2,26.9,43.5,2026-07-17 06:34:19
1970,4,102.4,45.8,92.8,1.41,40.0,19.3,35.6,26.9,49.1,2026-07-17 06:42:19
1971,2,16.7,6.5,10.8,0.14,10.0,5.0,54.7,25.6,74.2,2026-07-17 06:50:19
1972,6,83.5,36.3,57.4,1.13,36.4,16.0,44.3,28.6,58.5,2026-07-17 06:58:19
1973,4,123.2,54.0,98.8,1.67,52.0,20.9,44.4,32.7,71.5,2026-07-17 07:06:19
1974,9,28.4,11.9,19.7,0.43,13.9,5.0,52.3,20.0,31.0,2026-07-17 07:14:19
1975,6,116.8,50.9,99.1,1.58,50.3,20.5,36.5,34.3,48.4,2026-07-17 07:22:19
1976,10,116.7,52.5,92.7,1.58,44.4,20.2,36.5,37.5,62.5,2026-07-17 07:30:19
1977,6,69.6,30.3,57.6,0.99,30.2,10.3,51.6,28.7,31.1,2026-07-17 07:38:19
1978,8,98.3,42.6,61.6,1.32,43.3,16.3,37.9,31.6,76.9,2026-07-17 07:46:19
1979,9,110.4,49.0,73.9,1.44,44.4,18.5,50.7,21.3,42.6,2026-07-17 07:54:19
1980,7,51.1,23.3,43.8,0.76,18.3,9.8,30.8,34.4,57.0,2026-07-17 08:02:19
1981,3,70.8,32.0,47.1,0.86,26.3,11.5,44.2,37.9,78.0,2026-07-17 08:10:19
1982,9,119.4,53.5,82.2,1.7,46.3,21.9,33.5,27.3,77.3,2026-07-17 08:18:19
1983,3,123.3,55.3,88.4,1.61,47.6,22.1,49.4,18.4,60.3,2026-07-17 08:26:19
1984,1,109.8,49.7,93.0,1.48,40.6,18.2,33.3,32.4,39.1,2026-07-17 08:34:19
1985,1,85.9,38.3,70.9,1.18,33.9,13.7,31.7,24.2,67.4,2026-07-17 08:42:19
1986,2,45.6,20.6,33.4,0.67,17.1,9.6,31.2,25.2,52.1,2026-07-17 08:50:19
1987,1,80.7,36.8,69.2,1.01,28.9,14.6,54.2,19.7,41.3,2026-07-17 08:58:19
1988,3,63.9,28.3,49.0,0.93,26.0,11.1,37.5,23.6,58.2,2026-07-17 09:06:19
1989,2,87.8,38.5,64.0,1.17,37.1,14.4,39.1,20.0,54.2,2026-07-17 09:14:19
1990,2,86.2,39.2,74.5,1.18,31.3,17.4,31.0,31.4,51.2,2026-07-17 09:22:19
1991,4,54.1,24.7,34.6,0.81,19.3,8.4,47.2,31.6,62.3,2026-07-17 09:30:19
1992,1,67.5,30.3,61.6,0.93,25.9,13.3,42.6,19.6,72.3,2026-07-17 09:38:19
1993,9,89.9,40.1,61.7,1.17,35.5,15.0,35.5,26.6,35.8,2026-07-17 09:46:19
1994,1,78.1,34.6,62.2,1.03,31.7,14.8,39.9,24.5,30.4,2026-07-17 09:54:19
1995,4,85.6,38.5,55.5,1.06,32.6,16.6,26.9,19.7,79.4,2026-07-17 10:02:19
1996,9,102.7,44.6,87.1,1.28,44.9,17.4,36.7,34.9,56.0,2026-07-17 10:10:19
1997,7,99.8,43.9,79.5,1.24,41.5,18.9,36.1,34.1,83.5,2026-07-17 10:18:19
1998,6,53.5,24.1,46.0,0.79,20.2,7.6,32.8,21.2,35.7,2026-07-17 10:26:19
1999,9,47.2,21.9,31.3,0.61,15.5,10.1,38.1,33.3,36.1,2026-07-17 10:34:19
2000,7,67.5,31.1,55.9,1.0,23.1,14.1,41.9,26.5,46.0,2026-07-17 10:42:19
2001,10,38.3,16.3,29.5,0.49,18.0,7.6,30.1,20.7,75.7,2026-07-17 10:50:19
2002,10,57.1,24.7,35.7,0.74,25.3,11.0,36.9,24.2,68.4,2026-07-17 10:58:19
2003,3,79.5,35.7,74.7,1.07,30.5,13.8,31.0,28.9,63.0,2026-07-17 11:06:19
2004,1,45.4,20.9,31.7,0.61,15.5,9.3,47.0,19.4,32.0,2026-07-17 11:14:19
2005,3,96.9,43.1,84.8,1.24,38.6,18.5,38.3,33.2,81.6,2026-07-17 11:22:19
2006,5,78.2,35.6,49.9,0.99,28.2,16.2,27.6,19.9,40.4,2026-07-17 11:30:19
2007,8,78.3,34.0,71.4,1.03,34.3,15.0,50.0,21.4,48.7,2026-07-17 11:38:19
2008,10,122.1,53.7,105.6,1.56,50.8,23.0,46.2,37.6,69.2,2026-07-17 11:46:19
2009,8,87.3,37.7,69.1,1.09,38.8,14.9,43.5,33.8,45.8,2026-07-17 11:54:19
2010,5,39.9,17.1,35.0,0.45,18.3,8.7,49.2,28.1,41.6,2026-07-17 12:02:19
2011,5,50.5,23.1,34.7,0.68,17.8,9.0,53.6,19.5,65.4,2026-07-17 12:10:19
2012,1,70.6,32.0,58.0,0.93,26.0,14.2,32.3,22.4,61.4,2026-07-17 12:18:19
2013,9,100.9,45.6,70.3,1.32,37.6,20.0,42.3,22.2,75.6,2026-07-17 12:26:19
2014,7,81.9,35.3,60.5,1.09,36.7,16.1,41.0,34.1,33.9,2026-07-17 12:34:19
2015,1,23.2,10.1,20.4,0.33,10.0,5.0,51.0,21.3,47.6,2026-07-17 12:42:19
2016,8,56.2,25.6,40.8,0.7,20.3,12.0,27.0,30.1,50.0,2026-07-17 12:50:19
2017,2,74.2,32.9,48.4,0.97,30.0,11.3,35.8,19.6,40.6,2026-07-17 12:58:19
2018,9,93.3,41.9,66.8,1.25,35.7,17.4,37.4,18.2,54.6,2026-07-17 13:06:19
2019,5,68.4,31.3,61.1,0.92,24.1,11.1,32.3,18.3,39.6,2026-07-17 13:14:19
2020,5,38.0,17.2,28.8,0.54,14.0,5.3,41.6,24.6,75.1,2026-07-17 13:22:19
2021,2,74.0,33.2,47.1,1.01,28.4,12.4,48.1,29.8,32.6,2026-07-17 13:30:19
2022,7,48.1,21.7,42.3,0.72,18.0,7.8,27.3,26.9,30.6,2026-07-17 13:38:19
2023,2,90.4,39.3,74.8,1.1,39.3,17.2,32.2,36.6,54.4,2026-07-17 13:46:19
2024,2,29.2,12.3,24.5,0.33,14.2,5.0,45.2,33.5,77.8,2026-07-17 13:54:19
2025,9,24.6,10.9,19.9,0.35,10.0,5.0,47.1,26.9,54.5,2026-07-17 14:02:19
2026,3,64.9,29.6,50.5,0.83,23.3,13.8,43.4,18.3,40.2,2026-07-17 14:10:19
2027,2,139.7,61.0,88.3,1.79,59.7,24.5,43.0,37.8,50.5,2026-07-17 14:18:19
2028,4,97.2,43.1,76.4,1.36,39.2,15.4,28.2,28.3,33.4,2026-07-17 14:26:19
2029,4,15.0,5.0,7.9,0.17,10.0,5.0,31.4,24.4,33.2,2026-07-17 14:34:19
2030,8,21.7,9.1,16.2,0.22,10.7,5.0,42.4,32.4,73.0,2026-07-17 14:42:19
2031,1,40.3,17.8,26.3,0.51,16.6,7.0,33.7,21.8,36.2,2026-07-17 14:50:19
2032,5,44.3,20.1,34.9,0.53,16.2,10.0,49.7,32.3,35.8,2026-07-17 14:58:19
2033,4,110.6,49.4,79.8,1.55,43.3,18.1,46.0,18.7,56.8,2026-07-17 15:06:19
2034,1,66.0,30.4,61.2,0.86,22.6,12.1,54.7,30.8,71.9,2026-07-17 15:14:19
2035,2,73.6,32.0,46.3,0.88,32.0,13.9,37.1,36.9,39.4,2026-07-17 15:22:19
2036,9,23.0,10.0,20.3,0.36,10.0,5.0,29.6,29.7,81.7,2026-07-17 15:30:19
2037,8,41.2,19.2,32.4,0.53,13.3,8.3,36.4,19.9,61.5,2026-07-17 15:38:19
2038,9,104.0,47.1,72.5,1.43,38.4,19.8,33.7,35.8,34.5,2026-07-17 15:46:19
2039,9,76.3,34.7,64.6,1.11,27.7,15.1,30.1,34.5,82.2,2026-07-17 15:54:19
2040,10,71.1,30.8,58.6,0.85,31.3,11.9,48.3,36.1,35.4,2026-07-17 16:02:19
2041,2,92.0,41.8,79.4,1.16,33.5,15.8,29.9,27.7,44.3,2026-07-17 16:10:19
2042,2,69.7,31.3,44.3,1.01,26.7,11.3,26.6,36.8,35.1,2026-07-17 16:18:19
2043,1,85.0,37.2,53.9,1.02,36.0,16.8,39.8,25.0,43.0,2026-07-17 16:26:19
2044,7,93.1,41.4,67.7,1.17,37.1,16.4,25.9,19.1,57.8,2026-07-17 16:34:19
2045,2,102.8,46.5,88.6,1.34,38.1,17.2,27.4,19.5,80.8,2026-07-17 16:42:19
2046,4,75.5,34.4,56.1,1.08,27.2,14.7,51.1,32.1,83.5,2026-07-17 16:50:19
2047,3,73.3,32.6,67.2,0.94,29.2,13.8,47.0,34.8,75.1,2026-07-17 16:58:19
2048,6,73.9,33.5,53.9,1.01,27.1,13.0,44.5,32.1,55.0,2026-07-17 17:06:19
2049,5,94.7,42.5,71.9,1.37,36.3,16.6,32.1,28.2,33.9,2026-07-17 17:14:19
2050,9,75.0,33.2,48.7,0.98,30.5,14.3,44.0,36.1,77.9,2026-07-17 17:22:19
2051,2,69.7,30.9,44.1,0.91,28.2,13.6,34.5,37.8,37.2,2026-07-17 17:30:19
2052,4,115.5,50.8,104.6,1.53,48.1,19.2,50.6,37.4,39.7,2026-07-17 17:38:19
2053,10,81.7,36.9,60.7,1.12,30.6,16.1,49.4,28.9,69.6,2026-07-17 17:46:19
2054,9,95.9,42.9,73.9,1.27,37.4,15.6,41.5,33.6,49.7,2026-07-17 17:54:19
2055,1,65.2,29.9,59.3,0.99,22.7,10.8,45.9,20.8,54.6,2026-07-17 18:02:19
2056,8,88.6,38.6,77.1,1.23,38.3,14.4,49.3,21.9,68.3,2026-07-17 18:10:19
2057,2,81.5,35.2,54.6,1.01,36.3,15.5,53.3,33.9,41.9,2026-07-17 18:18:19
2058,9,42.2,19.6,34.0,0.49,13.9,6.4,33.1,18.4,31.2,2026-07-17 18:26:19
2059,8,57.6,25.5,47.1,0.75,23.4,8.4,49.8,26.4,37.5,2026-07-17 18:34:19
2060,7,56.4,25.4,46.7,0.74,21.4,10.2,39.3,23.2,85.0,2026-07-17 18:42:19
2061,5,127.2,55.7,97.4,1.68,53.8,22.7,42.7,19.0,76.4,2026-07-17 18:50:19
2062,7,94.9,42.9,76.6,1.3,35.4,18.1,51.3,19.3,83.0,2026-07-17 18:58:19
2063,8,66.0,28.8,46.3,0.83,28.4,10.9,51.3,18.7,55.9,2026-07-17 19:06:19
2064,2,95.0,42.3,76.9,1.32,37.7,15.5,47.3,24.5,43.4,2026-07-17 19:14:19
2065,9,76.7,33.9,63.9,0.96,31.4,11.6,36.0,27.4,71.7,2026-07-17 19:22:19
2066,3,86.7,39.3,62.1,1.15,32.0,16.5,35.1,29.4,68.8,2026-07-17 19:30:19
2067,2,75.4,32.7,68.0,0.95,33.0,14.9,51.1,27.1,64.7,2026-07-17 19:38:19
2068,2,135.8,60.9,116.2,1.87,52.4,23.2,30.3,20.7,47.7,2026-07-17 19:46:19
2069,7,119.4,53.9,92.2,1.59,44.8,22.5,51.1,22.7,82.9,2026-07-17 19:54:19
2070,3,84.8,38.8,60.4,1.14,30.0,16.3,30.8,24.1,55.0,2026-07-17 20:02:19
2071,1,118.4,52.0,104.5,1.63,49.6,20.0,36.1,22.2,61.7,2026-07-17 20:10:19
2072,7,47.1,20.3,36.5,0.62,21.1,9.5,49.0,35.8,59.3,2026-07-17 20:18:19
2073,8,71.3,32.3,53.4,0.88,26.3,13.4,45.2,25.1,58.5,2026-07-17 20:26:19
2074,1,58.8,26.9,46.2,0.89,20.8,10.9,34.1,18.3,46.2,2026-07-17 20:34:19
2075,6,15.0,5.0,7.3,0.1,10.0,5.0,41.1,21.1,68.3,2026-07-17 20:42:19
2076,2,27.6,11.7,24.0,0.37,13.1,5.0,36.2,19.4,36.4,2026-07-17 20:50:19
2077,2,79.8,34.9,55.9,1.04,34.0,12.7,35.3,21.5,48.8,2026-07-17 20:58:19
2078,10,99.3,44.8,73.5,1.31,37.3,18.1,49.5,33.1,35.2,2026-07-17 21:06:19
2079,6,15.0,5.0,8.9,0.17,10.0,5.0,40.0,21.0,45.8,2026-07-17 21:14:19
2080,8,83.6,36.3,66.2,1.13,36.6,14.2,54.0,29.9,61.1,2026-07-17 21:22:19
2081,1,83.2,37.7,69.8,1.06,30.7,15.3,36.4,32.5,60.8,2026-07-17 21:30:19
2082,4,64.2,28.1,44.7,0.78,27.2,10.0,42.0,27.1,78.7,2026-07-17 21:38:19
2083,1,22.9,9.1,15.2,0.27,13.0,5.5,41.6,34.0,64.6,2026-07-17 21:46:19
2084,2,52.2,23.6,47.2,0.67,19.4,10.4,43.0,27.2,51.4,2026-07-17 21:54:19
2085,1,123.8,55.6,115.8,1.65,47.5,23.2,43.6,20.0,49.6,2026-07-17 22:02:19
2086,7,61.5,26.6,44.4,0.74,27.2,12.3,30.6,21.2,83.7,2026-07-17 22:10:19
2087,5,109.5,49.0,81.7,1.45,42.6,21.3,54.5,29.4,79.3,2026-07-17 22:18:19
2088,6,78.4,34.4,59.9,1.05,33.0,13.8,41.0,32.5,53.0,2026-07-17 22:26:19
2089,4,117.9,52.6,103.4,1.57,46.5,22.1,50.3,31.1,68.1,2026-07-17 22:34:19
2090,2,47.5,22.0,40.0,0.7,15.7,7.7,42.6,35.4,41.4,2026-07-17 22:42:19
2091,8,43.2,18.3,29.5,0.62,20.6,7.5,43.3,20.5,52.5,2026-07-17 22:50:19
2092,3,78.5,34.5,55.6,0.96,32.7,12.4,48.7,32.4,67.7,2026-07-17 22:58:19
2093,9,89.4,40.7,72.6,1.25,32.3,17.2,37.6,32.1,38.8,2026-07-17 23:06:19
2094,1,79.5,36.0,62.0,1.0,29.3,15.7,48.7,28.6,62.1,2026-07-17 23:14:19
2095,6,102.5,46.3,76.8,1.3,38.3,20.1,51.2,36.3,46.6,2026-07-17 23:22:19
2096,2,80.1,35.9,60.5,1.09,30.9,16.0,42.5,33.8,76.5,2026-07-17 23:30:19
2097,9,72.3,32.8,56.7,0.93,26.5,13.5,35.4,25.0,32.4,2026-07-17 23:38:19
2098,1,88.6,38.7,54.3,1.15,37.8,14.3,42.4,30.4,33.9,2026-07-17 23:46:19
2099,8,113.0,49.9,78.5,1.47,46.3,21.8,41.3,20.8,59.4,2026-07-17 23:54:19
2100,10,55.0,25.3,48.1,0.71,19.0,8.5,47.6,37.5,63.2,2026-07-18 00:02:19
2101,1,115.0,50.3,82.2,1.51,48.9,20.4,49.2,28.4,82.2,2026-07-18 00:10:19
2102,9,48.5,21.6,42.6,0.57,19.2,10.6,39.6,38.0,56.3,2026-07-18 00:18:19
2103,7,34.1,15.1,25.6,0.53,13.9,6.3,42.5,31.6,77.6,2026-07-18 00:26:19
2104,2,53.6,23.4,40.7,0.76,23.0,11.2,50.6,28.9,50.7,2026-07-18 00:34:19
2105,6,54.4,24.7,37.2,0.68,19.9,8.7,30.7,19.8,70.8,2026-07-18 00:42:19
2106,1,98.7,44.7,89.2,1.39,36.5,15.9,37.1,37.2,36.3,2026-07-18 00:50:19
2107,8,120.9,54.7,107.9,1.58,44.9,20.3,25.6,30.4,66.8,2026-07-18 00:58:19
2108,6,43.0,19.5,33.6,0.62,15.8,7.4,35.1,23.0,50.8,2026-07-18 01:06:19
2109,9,91.2,41.0,63.8,1.22,34.7,15.9,27.1,34.4,34.0,2026-07-18 01:14:19
2110,8,69.8,30.9,50.1,0.87,28.4,11.5,38.4,34.1,82.2,2026-07-18 01:22:19
2111,7,131.3,58.4,82.6,1.73,52.4,22.1,39.6,37.5,80.3,2026-07-18 01:30:19
2112,10,73.5,31.9,59.2,1.05,32.2,12.2,54.3,18.7,42.5,2026-07-18 01:38:19
2113,3,117.2,52.6,74.9,1.62,45.0,20.5,30.4,22.3,30.6,2026-07-18 01:46:19
2114,2,15.0,5.0,8.9,0.2,10.0,5.0,42.9,33.4,71.5,2026-07-18 01:54:19
2115,4,17.8,7.1,13.9,0.14,10.0,5.0,42.3,28.2,62.9,2026-07-18 02:02:19
2116,2,47.8,22.3,32.7,0.73,15.4,7.5,32.0,36.7,62.2,2026-07-18 02:10:19
2117,2,70.8,30.4,60.3,0.99,32.1,11.5,55.0,21.5,36.8,2026-07-18 02:18:19
2118,3,105.6,47.4,95.6,1.43,40.6,18.6,44.6,29.8,67.7,2026-07-18 02:26:19
2119,8,46.4,20.6,36.6,0.54,18.6,6.5,42.4,37.8,63.7,2026-07-18 02:34:19
2120,6,75.8,33.1,64.6,1.02,32.4,15.0,37.7,29.7,62.7,2026-07-18 02:42:19
2121,1,51.2,22.3,42.6,0.67,22.1,7.5,29.5,34.9,36.4,2026-07-18 02:50:19
2122,1,72.1,31.8,60.7,0.87,29.7,11.7,46.3,27.9,54.2,2026-07-18 02:58:19
2123,6,125.3,56.2,94.7,1.63,48.3,22.0,55.0,28.7,46.0,2026-07-18 03:06:19
2124,6,108.1,48.9,92.5,1.39,40.2,17.6,43.7,24.1,41.0,2026-07-18 03:14:19
2125,9,95.3,41.9,61.1,1.34,39.7,17.0,53.0,36.5,78.2,2026-07-18 03:22:19
2126,1,79.8,36.0,63.8,1.0,30.1,13.5,52.6,32.8,60.9,2026-07-18 03:30:19
2127,5,74.6,33.6,49.2,1.09,28.3,12.2,44.4,34.9,81.6,2026-07-18 03:38:19
2128,6,140.1,62.6,88.5,1.93,54.8,26.0,51.8,24.4,68.3,2026-07-18 03:46:19
2129,2,143.0,64.2,119.1,2.01,54.8,27.3,34.1,34.5,63.5,2026-07-18 03:54:19
2130,5,66.9,28.7,52.7,0.9,30.5,13.1,53.7,25.6,57.9,2026-07-18 04:02:19
2131,2,91.3,40.9,72.7,1.25,35.4,17.2,47.1,22.4,44.8,2026-07-18 04:10:19
2132,9,159.9,71.0,147.3,2.18,64.3,30.2,26.1,18.2,38.3,2026-07-18 04:18:19
2133,9,127.4,57.0,106.5,1.72,49.6,21.8,36.7,19.2,49.5,2026-07-18 04:26:19
2134,8,118.5,51.8,103.6,1.49,50.6,22.6,38.2,35.5,49.1,2026-07-18 04:34:19
2135,9,79.8,36.1,67.1,1.1,29.7,13.2,40.9,18.5,79.4,2026-07-18 04:42:19
2136,9,215.4,94.9,144.0,2.91,89.2,39.9,51.8,25.3,54.2,2026-07-18 04:50:19
2137,7,45.4,19.4,30.0,0.65,20.9,8.4,31.2,35.8,51.5,2026-07-18 04:58:19
2138,9,89.2,39.5,81.9,1.19,36.3,13.8,43.2,36.9,78.9,2026-07-18 05:06:19
2139,7,108.2,47.4,91.2,1.43,45.8,18.2,42.2,35.9,84.8,2026-07-18 05:14:19
2140,4,53.4,23.0,36.7,0.68,24.0,11.2,33.5,32.4,55.6,2026-07-18 05:22:19
2141,8,86.4,37.8,56.4,1.1,36.7,15.5,31.4,18.4,43.0,2026-07-18 05:30:19
2142,9,109.2,48.7,81.6,1.53,43.0,19.3,36.6,31.1,42.0,2026-07-18 05:38:19
2143,2,47.7,20.8,37.5,0.63,20.6,10.0,40.4,22.4,70.2,2026-07-18 05:46:19
2144,9,44.3,18.6,29.8,0.47,21.7,8.6,34.7,27.7,43.4,2026-07-18 05:54:19
2145,5,46.2,21.1,38.7,0.69,16.5,7.4,41.2,31.7,57.1,2026-07-18 06:02:19
2146,9,102.3,45.0,72.7,1.3,42.7,17.2,25.8,36.9,70.9,2026-07-18 06:10:19
2147,9,67.5,30.0,61.6,0.85,27.1,12.7,33.9,24.3,58.5,2026-07-18 06:18:19
2148,3,91.8,40.7,80.5,1.28,37.0,16.1,41.6,27.7,34.1,2026-07-18 06:26:19
2149,5,88.1,40.1,76.4,1.14,31.9,15.8,45.1,21.7,80.3,2026-07-18 06:34:19
2150,5,80.0,35.1,51.5,1.0,33.6,12.1,32.6,33.0,77.7,2026-07-18 06:42:19
2151,8,103.4,46.2,70.3,1.45,40.4,19.4,48.3,21.9,42.2,2026-07-18 06:50:19
2152,10,121.2,53.7,95.1,1.53,49.0,19.9,36.7,22.8,78.6,2026-07-18 06:58:19
2153,7,70.5,31.8,53.3,0.85,26.6,11.0,29.4,33.5,60.8,2026-07-18 07:06:19
2154,6,90.3,40.3,80.6,1.29,35.5,17.5,52.8,21.9,56.0,2026-07-18 07:14:19
2155,10,72.9,33.5,58.6,0.94,25.2,12.2,25.1,27.6,46.0,2026-07-18 07:22:19
2156,7,127.2,57.0,84.4,1.62,49.3,23.6,49.8,33.7,70.2,2026-07-18 07:30:19
2157,9,117.7,53.4,95.9,1.7,43.2,20.0,26.1,29.4,49.1,2026-07-18 07:38:19
2158,2,64.5,28.9,44.5,0.77,24.9,10.6,52.8,29.2,51.6,2026-07-18 07:46:19
2159,4,69.4,30.6,59.8,0.91,28.7,14.0,53.5,18.9,65.3,2026-07-18 07:54:19
2160,7,46.6,20.2,35.2,0.66,20.4,8.2,27.8,34.0,69.3,2026-07-18 08:02:19
2161,8,50.3,21.8,37.9,0.65,22.1,10.1,39.7,29.8,42.6,2026-07-18 08:10:19
2162,1,97.8,43.0,84.0,1.27,40.8,18.6,41.6,28.7,46.8,2026-07-18 08:18:19
2163,7,66.7,28.6,52.2,0.84,30.4,10.2,26.7,23.8,59.5,2026-07-18 08:26:19
2164,1,129.5,57.7,107.9,1.69,51.2,21.2,34.0,32.0,70.0,2026-07-18 08:34:19
2165,5,53.3,23.5,48.4,0.77,22.0,8.9,31.4,26.5,48.0,2026-07-18 08:42:19
2166,5,68.2,30.8,61.2,0.99,25.6,13.4,38.1,18.4,30.3,2026-07-18 08:50:19
2167,10,64.2,29.2,55.1,0.82,23.3,12.1,53.6,19.5,58.0,2026-07-18 08:58:19
2168,6,102.0,44.3,91.6,1.24,44.6,17.1,36.1,37.1,35.7,2026-07-18 09:06:19
2169,2,63.0,27.6,44.9,0.78,26.6,12.8,31.5,36.9,64.5,2026-07-18 09:14:19
2170,1,77.4,34.4,56.9,0.99,30.9,13.7,49.6,33.7,54.4,2026-07-18 09:22:19
2171,10,77.9,35.3,61.7,1.02,28.8,12.5,44.8,27.8,46.5,2026-07-18 09:30:19
2172,4,76.1,33.6,53.7,0.98,31.2,11.8,51.1,30.0,58.7,2026-07-18 09:38:19
2173,2,81.3,36.1,58.3,1.13,32.6,15.3,44.2,32.5,46.9,2026-07-18 09:46:19
2174,4,77.9,33.5,49.3,1.1,35.1,15.2,55.0,36.5,51.9,2026-07-18 09:54:19
2175,8,27.0,12.2,23.9,0.45,10.0,5.2,46.8,35.5,65.7,2026-07-18 10:02:19
2176,9,75.8,32.6,55.0,0.88,34.3,14.2,30.3,35.8,31.5,2026-07-18 10:10:19
2177,9,36.6,15.5,32.2,0.53,17.4,5.6,49.9,27.5,33.5,2026-07-18 10:18:19
2178,2,112.8,49.5,89.3,1.43,47.4,20.2,48.7,31.7,48.4,2026-07-18 10:26:19
2179,3,23.8,10.4,21.5,0.28,10.1,5.0,53.9,36.3,37.6,2026-07-18 10:34:19
2180,6,86.7,37.6,66.7,1.2,38.0,15.6,44.0,32.9,62.6,2026-07-18 10:42:19
2181,7,86.9,39.3,58.2,1.25,32.3,15.5,51.2,25.0,56.8,2026-07-18 10:50:19
2182,8,112.5,50.0,70.6,1.48,44.9,20.4,25.5,28.3,63.9,2026-07-18 10:58:19
2183,2,100.9,45.9,83.4,1.36,36.5,18.0,35.2,36.2,71.7,2026-07-18 11:06:19
2184,1,40.4,17.9,26.3,0.53,16.4,9.1,47.1,33.8,76.6,2026-07-18 11:14:19
2185,3,86.2,39.1,76.3,1.21,31.6,15.9,26.6,30.0,55.7,2026-07-18 11:22:19
2186,2,153.7,68.7,107.1,2.07,60.1,27.3,38.4,31.1,58.1,2026-07-18 11:30:19
2187,1,97.1,42.9,86.9,1.21,39.7,15.4,40.6,20.9,48.4,2026-07-18 11:38:19
2188,10,79.6,34.7,56.6,1.06,34.2,13.4,35.4,22.6,31.4,2026-07-18 11:46:19
2189,6,66.1,28.3,58.8,0.93,30.4,10.2,52.9,22.0,59.0,2026-07-18 11:54:19
2190,10,58.2,26.6,48.1,0.87,20.6,10.6,26.0,27.1,57.9,2026-07-18 12:02:19
2191,8,49.9,22.1,45.5,0.73,20.3,8.1,31.7,22.9,56.0,2026-07-18 12:10:19
2192,4,62.2,28.2,56.3,0.88,22.8,9.8,53.0,31.1,77.6,2026-07-18 12:18:19
2193,9,112.6,50.9,95.9,1.58,41.9,22.2,47.9,21.9,62.0,2026-07-18 12:26:19
2194,9,86.9,38.6,66.3,1.24,34.8,14.9,46.5,26.5,58.0,2026-07-18 12:34:19
2195,1,49.4,21.9,39.6,0.75,20.0,7.7,42.3,24.2,75.3,2026-07-18 12:42:19
2196,10,67.1,29.2,61.0,0.78,29.1,10.6,29.1,18.0,38.9,2026-07-18 12:50:19
2197,6,81.5,37.3,61.7,1.08,28.8,13.2,43.8,33.9,32.4,2026-07-18 12:58:19
2198,3,70.2,32.1,57.8,0.92,24.9,13.7,44.0,24.8,38.4,2026-07-18 13:06:19
2199,3,109.5,49.7,70.9,1.46,40.0,18.4,40.8,37.7,31.0,2026-07-18 13:14:19
2200,5,68.6,29.4,61.7,0.78,31.3,11.3,49.2,18.5,33.4,2026-07-18 13:22:19
2201,6,32.1,15.0,24.8,0.42,10.2,5.5,49.7,20.8,81.7,2026-07-18 13:30:19
2202,2,88.2,39.0,66.5,1.2,36.0,14.8,28.0,21.9,39.9,2026-07-18 13:38:19
2203,7,64.2,28.9,58.5,0.77,24.4,10.5,25.5,31.2,73.6,2026-07-18 13:46:19
2204,3,69.6,31.3,49.8,0.89,26.6,12.3,36.3,33.1,41.3,2026-07-18 13:54:19
2205,7,154.1,67.9,118.0,1.99,63.7,27.5,36.5,34.0,78.1,2026-07-18 14:02:19
2206,4,49.7,21.8,41.2,0.6,21.0,8.5,50.1,27.5,59.8,2026-07-18 14:10:19
2207,6,54.7,23.9,46.4,0.72,23.3,10.4,32.3,23.2,56.0,2026-07-18 14:18:19
2208,4,26.5,10.8,18.9,0.37,14.2,5.0,37.0,26.9,44.0,2026-07-18 14:26:19
2209,1,86.9,38.1,58.1,1.05,36.7,14.6,31.1,36.1,82.8,2026-07-18 14:34:19
2210,1,112.4,50.8,82.5,1.48,41.9,22.0,40.7,36.0,59.1,2026-07-18 14:42:19
2211,1,113.1,49.7,102.5,1.48,47.2,20.9,46.8,23.1,35.2,2026-07-18 14:50:19
2212,6,15.0,5.0,8.9,0.15,10.0,5.0,45.7,36.6,45.4,2026-07-18 14:58:19
2213,2,110.7,48.2,92.7,1.44,47.9,20.7,36.8,31.3,54.4,2026-07-18 15:06:19
2214,4,49.2,21.0,31.7,0.66,22.7,9.5,39.6,25.1,52.9,2026-07-18 15:14:19
2215,4,134.7,58.9,108.1,1.84,57.4,24.1,28.0,33.0,40.6,2026-07-18 15:22:19
2216,4,74.1,33.6,61.6,1.0,27.3,12.0,49.1,20.6,50.2,2026-07-18 15:30:19
2217,6,105.6,47.4,89.0,1.52,40.5,19.7,45.0,31.3,58.1,2026-07-18 15:38:19
2218,6,83.0,36.5,56.9,1.16,34.6,14.4,37.3,35.0,36.5,2026-07-18 15:46:19
2219,10,92.9,40.6,71.3,1.21,39.7,16.7,47.1,37.6,52.9,2026-07-18 15:54:19
2220,5,83.5,38.1,56.1,1.24,29.8,15.7,45.3,29.2,45.2,2026-07-18 16:02:19
2221,5,72.5,31.7,53.5,0.98,30.9,11.4,38.5,19.1,81.5,2026-07-18 16:10:19
2222,10,27.3,12.4,24.0,0.38,10.0,6.6,49.9,28.8,67.7,2026-07-18 16:18:19
2223,7,70.2,32.3,64.1,0.93,24.2,14.1,37.2,37.4,73.7,2026-07-18 16:26:19
2224,3,167.2,75.0,144.1,2.18,64.3,31.3,49.7,35.6,37.5,2026-07-18 16:34:19
2225,5,116.7,52.3,107.7,1.54,45.1,21.9,41.9,31.2,59.6,2026-07-18 16:42:19
2226,6,105.7,46.2,95.3,1.41,45.0,19.6,26.4,24.2,74.5,2026-07-18 16:50:19
2227,2,104.1,47.0,79.5,1.47,39.0,16.8,41.8,30.0,31.7,2026-07-18 16:58:19
2228,10,110.5,49.8,95.6,1.49,41.7,21.7,43.9,28.8,62.7,2026-07-18 17:06:19
2229,4,44.0,19.0,31.4,0.56,19.5,9.4,26.4,25.0,36.7,2026-07-18 17:14:19
2230,4,81.9,36.0,59.9,1.03,34.2,15.4,48.4,35.2,46.6,2026-07-18 17:22:19
2231,10,47.6,21.5,36.1,0.62,17.8,6.9,28.4,34.1,44.0,2026-07-18 17:30:19
2232,9,37.2,15.6,24.7,0.51,18.2,5.4,43.1,26.1,76.8,2026-07-18 17:38:19
2233,5,67.3,29.3,44.2,0.9,29.2,11.2,36.4,29.1,36.3,2026-07-18 17:46:19
2234,1,63.9,28.0,43.4,0.86,27.0,10.8,35.2,25.9,57.5,2026-07-18 17:54:19
2235,3,65.1,29.1,53.9,0.88,25.5,12.6,36.5,34.5,76.9,2026-07-18 18:02:19
2236,4,72.6,32.3,60.0,1.05,28.9,11.4,31.6,25.5,37.7,2026-07-18 18:10:19
2237,7,77.2,33.4,50.3,0.91,34.1,14.8,52.7,18.1,51.2,2026-07-18 18:18:19
2238,3,50.4,23.5,46.6,0.64,16.2,10.0,40.1,18.3,73.8,2026-07-18 18:26:19
2239,3,82.5,36.1,70.2,1.18,35.0,14.2,55.0,18.4,69.7,2026-07-18 18:34:19
2240,4,49.8,22.3,36.0,0.6,19.3,7.1,39.1,36.4,83.0,2026-07-18 18:42:19
2241,10,65.6,30.2,45.3,0.94,22.4,12.5,29.1,37.9,59.6,2026-07-18 18:50:19
2242,10,121.6,54.0,84.3,1.52,48.8,23.2,43.2,30.2,36.4,2026-07-18 18:58:19
2243,4,54.0,24.3,48.3,0.74,20.6,8.7,51.2,18.9,81.9,2026-07-18 19:06:19
2244,2,108.7,47.4,72.3,1.34,46.7,19.1,38.6,18.3,68.5,2026-07-18 19:14:19
2245,10,109.9,49.2,75.7,1.44,42.6,21.5,26.4,29.2,55.3,2026-07-18 19:22:19
2246,2,111.2,48.7,71.0,1.47,47.0,20.7,31.1,37.6,61.0,2026-07-18 19:30:19
2247,1,65.1,27.9,49.4,0.93,29.8,10.0,43.2,25.3,65.4,2026-07-18 19:38:19
2248,9,85.7,38.9,60.3,1.16,31.4,17.3,38.3,23.8,64.4,2026-07-18 19:46:19
2249,5,86.3,37.9,68.8,1.24,36.2,16.9,27.4,33.9,31.9,2026-07-18 19:54:19
2250,2,95.0,41.4,85.2,1.16,41.0,17.1,35.4,30.9,57.0,2026-07-18 20:02:19
2251,5,82.4,36.1,57.4,1.17,34.8,16.1,53.6,30.4,64.8,2026-07-18 20:10:19
2252,1,53.6,24.3,36.7,0.8,19.8,10.4,36.1,29.5,64.7,2026-07-18 20:18:19
2253,8,50.4,22.4,36.1,0.6,20.1,8.9,42.4,26.2,55.8,2026-07-18 20:26:19
2254,8,56.9,25.7,49.6,0.87,21.2,10.9,51.9,30.9,65.2,2026-07-18 20:34:19
2255,4,110.3,48.4,84.5,1.44,46.3,18.0,28.7,33.1,71.2,2026-07-18 20:42:19
2256,3,125.8,55.3,111.9,1.58,52.6,22.5,54.9,19.3,84.2,2026-07-18 20:50:19
2257,6,33.4,14.7,22.6,0.43,13.8,6.9,30.9,34.9,51.6,2026-07-18 20:58:19
2258,8,40.7,18.5,26.8,0.55,14.7,6.8,27.7,33.7,67.2,2026-07-18 21:06:19
2259,1,71.6,31.4,55.6,0.98,30.1,14.5,53.4,32.3,47.4,2026-07-18 21:14:19
2260,10,87.5,38.8,65.3,1.18,35.4,16.6,28.9,22.0,79.4,2026-07-18 21:22:19
2261,3,63.1,27.2,47.9,0.76,28.2,9.3,43.7,22.1,38.8,2026-07-18 21:30:19
2262,7,18.7,7.5,15.3,0.21,10.4,5.0,30.1,20.0,67.4,2026-07-18 21:38:19
2263,7,93.1,41.0,84.4,1.14,38.6,15.5,25.6,20.7,78.3,2026-07-18 21:46:19
2264,7,42.1,17.9,27.0,0.62,19.7,5.7,45.8,36.2,71.0,2026-07-18 21:54:19
2265,4,91.9,41.3,68.4,1.28,35.2,16.8,26.3,27.2,83.5,2026-07-18 22:02:19
2266,5,53.0,24.3,49.4,0.74,18.5,7.8,28.4,23.3,71.5,2026-07-18 22:10:19
2267,7,91.8,40.1,71.2,1.3,39.3,15.4,33.5,35.8,78.2,2026-07-18 22:18:19
2268,7,116.6,52.6,94.6,1.65,43.9,22.3,30.8,29.7,36.2,2026-07-18 22:26:19
2269,1,48.1,21.5,43.1,0.64,18.8,7.1,43.9,38.0,69.4,2026-07-18 22:34:19
2270,1,101.6,44.9,80.3,1.37,41.6,17.4,55.0,27.1,61.1,2026-07-18 22:42:19
2271,4,22.1,9.5,16.5,0.37,10.0,5.0,35.6,28.9,30.7,2026-07-18 22:50:19
2272,10,35.5,15.0,22.1,0.42,16.9,7.1,25.9,27.8,62.6,2026-07-18 22:58:19
2273,3,85.1,37.0,61.3,1.2,36.9,16.4,33.3,28.7,71.0,2026-07-18 23:06:19
2274,10,67.2,30.5,53.5,0.85,24.7,13.4,26.8,29.6,75.7,2026-07-18 23:14:19
2275,7,44.1,20.3,35.7,0.59,15.2,6.2,38.2,37.0,53.9,2026-07-18 23:22:19
2276,7,125.7,55.9,104.9,1.76,50.2,24.2,47.9,31.6,65.0,2026-07-18 23:30:19
2277,6,85.1,38.5,68.8,1.24,31.7,17.3,30.8,32.1,33.6,2026-07-18 23:38:19
2278,5,82.3,37.4,68.3,1.07,30.0,15.7,44.3,19.5,79.7,2026-07-18 23:46:19
2279,2,82.1,36.0,54.2,1.14,34.6,16.0,49.4,31.2,67.1,2026-07-18 23:54:19
2280,8,101.7,45.1,66.5,1.39,41.0,17.9,42.7,28.0,81.9,2026-07-19 00:02:19
2281,9,97.5,42.4,73.9,1.29,42.3,15.8,49.7,19.0,70.5,2026-07-19 00:10:19
2282,1,106.5,46.8,86.6,1.42,44.6,16.9,30.6,31.9,73.6,2026-07-19 00:18:19
2283,5,82.4,36.2,66.9,1.15,34.5,12.7,37.7,32.1,48.0,2026-07-19 00:26:19
2284,4,87.9,38.6,59.8,1.12,36.9,14.5,49.4,31.1,42.9,2026-07-19 00:34:19
2285,5,94.3,42.2,81.1,1.22,36.6,15.8,47.2,32.8,82.3,2026-07-19 00:42:19
2286,8,65.8,28.5,43.8,0.76,29.0,12.2,54.7,29.4,58.5,2026-07-19 00:50:19
2287,3,98.5,42.8,78.9,1.25,43.0,16.8,47.9,19.1,83.9,2026-07-19 00:58:19
2288,4,28.0,12.8,19.7,0.31,10.0,5.0,54.7,21.6,72.1,2026-07-19 01:06:19
2289,3,75.0,33.6,67.5,0.98,29.0,13.0,41.9,33.2,79.0,2026-07-19 01:14:19
2290,1,122.4,54.5,95.3,1.73,48.5,21.6,33.2,28.3,34.7,2026-07-19 01:22:19
2291,10,77.5,35.2,59.8,1.07,28.2,14.9,49.8,24.4,62.8,2026-07-19 01:30:19
2292,4,20.1,8.4,17.3,0.31,10.0,5.0,43.1,26.5,53.9,2026-07-19 01:38:19
2293,4,91.5,40.0,77.9,1.28,38.9,14.4,53.6,31.4,79.8,2026-07-19 01:46:19
2294,7,116.2,51.4,75.8,1.49,47.4,21.7,37.9,22.6,33.1,2026-07-19 01:54:19
2295,4,130.8,58.5,107.1,1.7,51.1,25.2,30.5,20.5,66.1,2026-07-19 02:02:19
2296,5,80.9,34.9,61.0,1.11,36.1,12.3,46.7,35.0,81.9,2026-07-19 02:10:19
2297,3,106.8,48.4,71.2,1.54,39.4,18.9,50.1,28.5,44.7,2026-07-19 02:18:19
2298,6,88.2,39.3,70.5,1.18,34.9,17.1,28.7,37.6,62.9,2026-07-19 02:26:19
2299,10,90.5,39.4,82.4,1.19,39.1,16.2,46.5,22.0,66.0,2026-07-19 02:34:19
2300,4,110.1,48.9,90.6,1.39,44.1,18.3,28.6,30.8,38.2,2026-07-19 02:42:19
2301,1,83.9,37.0,69.3,1.08,34.6,13.3,47.6,24.0,79.8,2026-07-19 02:50:19
2302,9,108.0,47.0,72.1,1.49,46.8,17.7,49.6,28.3,62.7,2026-07-19 02:58:19
2303,6,153.8,69.0,110.9,2.01,59.1,29.1,45.0,30.7,44.0,2026-07-19 03:06:19
2304,7,75.3,33.6,59.1,1.04,29.6,14.5,33.0,28.5,42.9,2026-07-19 03:14:19
2305,10,15.0,5.4,8.1,0.1,10.0,5.0,53.9,29.3,54.3,2026-07-19 03:22:19
2306,4,42.0,19.0,36.7,0.63,15.6,6.4,31.0,33.4,30.2,2026-07-19 03:30:19
2307,4,133.0,59.4,101.7,1.88,52.2,22.5,51.4,19.7,47.9,2026-07-19 03:38:19
2308,8,67.1,30.4,57.3,0.95,24.8,10.3,35.4,24.8,75.6,2026-07-19 03:46:19
2309,10,88.6,39.8,74.4,1.29,34.0,17.7,49.6,35.8,50.3,2026-07-19 03:54:19
2310,8,81.5,37.0,69.6,1.16,29.7,16.7,33.6,34.3,82.8,2026-07-19 04:02:19
2311,7,65.3,29.6,42.7,0.82,24.0,11.4,26.2,34.2,69.9,2026-07-19 04:10:19
2312,6,59.6,26.6,47.2,0.77,23.4,8.8,31.9,35.0,37.3,2026-07-19 04:18:19
2313,7,67.0,28.9,50.1,0.91,30.0,10.2,51.8,32.8,71.5,2026-07-19 04:26:19
2314,6,49.0,22.0,34.9,0.58,18.9,6.9,45.6,35.8,79.7,2026-07-19 04:34:19
2315,7,75.7,33.3,57.3,1.01,31.6,11.8,46.1,28.7,40.3,2026-07-19 04:42:19
2316,9,56.3,25.2,49.5,0.82,21.9,10.3,28.7,36.8,55.1,2026-07-19 04:50:19
2317,8,54.3,23.8,38.7,0.68,22.9,10.8,45.3,21.5,45.1,2026-07-19 04:58:19
2318,6,22.5,9.7,18.8,0.23,10.0,5.0,34.1,28.7,52.1,2026-07-19 05:06:19
2319,6,99.1,43.9,75.9,1.41,40.2,17.0,36.8,29.1,37.9,2026-07-19 05:14:19
2320,1,127.8,57.4,101.9,1.65,48.9,23.3,28.1,34.9,76.4,2026-07-19 05:22:19
2321,6,59.8,27.4,55.2,0.79,20.9,12.8,28.6,23.5,73.5,2026-07-19 05:30:19
2322,10,15.0,5.0,7.1,0.1,10.0,5.0,36.4,37.5,75.7,2026-07-19 05:38:19
2323,4,101.5,46.0,89.8,1.43,37.5,16.7,47.2,20.2,44.6,2026-07-19 05:46:19
2324,8,80.6,35.4,56.3,1.04,33.7,12.5,52.6,20.5,63.7,2026-07-19 05:54:19
2325,5,60.1,26.5,49.9,0.81,24.8,9.6,43.3,27.6,34.5,2026-07-19 06:02:19
2326,8,92.0,41.2,65.6,1.25,35.6,16.8,34.4,31.5,36.5,2026-07-19 06:10:19
2327,6,153.5,67.4,96.2,1.97,64.4,27.5,52.1,35.8,80.6,2026-07-19 06:18:19
2328,5,81.8,37.0,73.8,1.08,30.3,16.6,51.7,19.3,70.9,2026-07-19 06:26:19
2329,4,50.0,22.4,38.6,0.62,19.3,7.8,28.7,24.6,51.1,2026-07-19 06:34:19
2330,2,45.5,20.0,38.7,0.66,18.9,7.1,36.1,20.3,66.4,2026-07-19 06:42:19
2331,1,115.2,51.5,81.7,1.64,44.9,20.2,26.0,23.7,38.0,2026-07-19 06:50:19
2332,3,96.0,42.5,71.5,1.36,38.9,16.2,54.5,32.3,73.4,2026-07-19 06:58:19
2333,3,85.4,38.6,77.8,1.2,31.8,16.0,52.8,24.7,65.5,2026-07-19 07:06:19
2334,9,130.5,58.9,118.8,1.76,49.0,21.8,27.4,34.6,79.5,2026-07-19 07:14:19
2335,1,86.3,37.8,70.2,1.18,36.5,16.0,26.8,23.7,54.9,2026-07-19 07:22:19
2336,2,65.8,29.4,52.8,0.88,25.7,12.2,41.6,19.5,65.0,2026-07-19 07:30:19
2337,3,90.5,39.5,61.7,1.15,38.7,15.8,54.5,25.7,83.9,2026-07-19 07:38:19
2338,2,90.1,39.4,68.9,1.26,38.4,14.8,50.0,24.1,63.0,2026-07-19 07:46:19
2339,5,56.6,25.3,42.8,0.84,22.2,10.2,43.4,24.1,49.3,2026-07-19 07:54:19
2340,2,95.4,41.7,82.0,1.31,40.6,18.0,38.7,23.3,40.1,2026-07-19 08:02:19
2341,5,50.2,22.7,36.7,0.72,18.6,8.0,27.3,30.8,42.7,2026-07-19 08:10:19
2342,3,86.0,38.8,67.9,1.07,32.3,14.6,44.8,29.8,45.6,2026-07-19 08:18:19
2343,1,23.4,10.2,17.9,0.3,10.0,5.8,53.7,31.7,80.3,2026-07-19 08:26:19
2344,7,123.7,55.2,88.0,1.66,48.6,22.2,52.5,24.0,47.9,2026-07-19 08:34:19
2345,2,60.6,26.4,54.9,0.69,26.2,10.3,54.5,34.9,60.3,2026-07-19 08:42:19
2346,9,79.8,36.0,57.3,1.04,29.9,15.7,50.8,34.1,78.0,2026-07-19 08:50:19
2347,5,76.9,33.6,69.7,1.0,32.9,12.9,28.9,27.6,34.8,2026-07-19 08:58:19
2348,3,88.6,39.8,82.5,1.25,33.9,16.3,40.1,28.0,65.4,2026-07-19 09:06:19
2349,2,84.0,36.3,69.4,1.13,37.4,15.8,31.0,20.3,50.3,2026-07-19 09:14:19
2350,4,78.9,36.0,57.7,1.11,28.2,15.8,30.1,23.7,42.6,2026-07-19 09:22:19
2351,10,66.4,30.3,54.7,0.99,23.8,12.6,48.0,25.0,66.2,2026-07-19 09:30:19
2352,7,112.9,50.4,74.8,1.58,44.3,20.8,54.1,36.5,70.8,2026-07-19 09:38:19
2353,4,101.1,44.0,64.5,1.26,43.8,19.4,39.0,28.8,33.0,2026-07-19 09:46:19
2354,1,32.0,14.6,28.6,0.44,11.5,5.0,37.7,19.5,35.5,2026-07-19 09:54:19
2355,9,117.0,51.7,89.3,1.63,47.9,19.8,35.6,30.7,81.3,2026-07-19 10:02:19
2356,5,47.1,21.5,35.7,0.61,16.8,8.8,53.9,27.9,77.1,2026-07-19 10:10:19
2357,8,99.1,44.9,63.7,1.25,36.6,16.2,37.6,19.1,40.3,2026-07-19 10:18:19
2358,2,18.2,7.1,12.0,0.3,10.9,5.0,27.6,31.4,56.8,2026-07-19 10:26:19
2359,2,82.4,36.0,53.2,1.11,35.2,13.9,50.5,36.5,30.8,2026-07-19 10:34:19
2360,10,68.5,30.6,44.2,0.83,26.9,11.2,27.4,34.3,79.0,2026-07-19 10:42:19
2361,10,111.3,50.3,84.6,1.5,41.6,18.5,35.7,36.5,48.4,2026-07-19 10:50:19
2362,1,130.2,57.5,93.0,1.75,53.3,23.8,26.9,27.2,45.5,2026-07-19 10:58:19
2363,3,27.7,12.6,22.4,0.4,10.0,6.5,34.7,32.8,56.9,2026-07-19 11:06:19
2364,5,41.1,17.4,31.6,0.49,19.6,7.3,41.3,18.5,77.3,2026-07-19 11:14:19
2365,4,67.5,30.2,56.2,0.85,26.2,11.0,45.9,25.2,61.4,2026-07-19 11:22:19
2366,4,83.5,36.0,75.3,1.17,37.4,13.7,45.0,20.1,32.7,2026-07-19 11:30:19
2367,3,83.4,36.6,58.4,1.13,35.1,13.8,44.9,32.3,77.9,2026-07-19 11:38:19
2368,4,115.2,50.3,74.3,1.49,49.4,19.7,42.4,33.7,46.0,2026-07-19 11:46:19
2369,9,53.5,23.1,41.9,0.6,23.8,7.9,38.3,19.6,59.2,2026-07-19 11:54:19
2370,5,28.0,11.9,19.2,0.39,13.1,5.0,39.6,27.9,77.3,2026-07-19 12:02:19
2371,10,155.5,69.9,115.5,2.15,59.4,26.6,53.2,30.0,38.2,2026-07-19 12:10:19
2372,10,110.3,49.0,102.5,1.48,44.3,21.0,47.1,37.9,36.1,2026-07-19 12:18:19
2373,7,109.2,49.6,85.3,1.48,39.9,18.7,40.7,20.6,60.3,2026-07-19 12:26:19
2374,5,133.1,59.2,87.3,1.69,53.0,23.2,52.7,37.2,39.2,2026-07-19 12:34:19
2375,9,82.1,35.9,70.2,0.98,35.0,15.6,33.1,21.7,37.5,2026-07-19 12:42:19
2376,10,61.1,27.5,48.2,0.74,23.3,12.9,41.7,19.1,47.1,2026-07-19 12:50:19
2377,6,66.8,29.5,43.4,0.79,27.3,11.4,31.3,33.4,38.0,2026-07-19 12:58:19
2378,6,35.4,16.7,25.6,0.6,10.6,8.3,50.2,31.6,67.0,2026-07-19 13:06:19
2379,10,90.3,39.9,68.1,1.18,37.0,14.5,52.7,27.6,51.5,2026-07-19 13:14:19
2380,10,18.9,7.7,11.6,0.13,10.0,5.0,52.2,37.0,46.7,2026-07-19 13:22:19
2381,10,55.8,25.2,37.5,0.83,20.8,10.2,36.5,34.5,62.8,2026-07-19 13:30:19
2382,6,34.2,16.2,29.7,0.46,10.0,5.9,32.9,32.2,46.2,2026-07-19 13:38:19
2383,7,45.1,20.3,42.3,0.66,17.1,7.0,44.6,23.7,69.0,2026-07-19 13:46:19
2384,2,167.6,75.4,123.6,2.35,63.8,29.1,36.5,25.4,51.2,2026-07-19 13:54:19
2385,5,69.0,30.4,57.5,0.87,28.6,13.8,32.1,37.3,73.1,2026-07-19 14:02:19
2386,5,77.6,33.7,56.5,0.91,33.9,13.7,48.6,31.8,30.8,2026-07-19 14:10:19
2387,6,110.4,48.2,71.4,1.4,47.2,19.1,34.8,21.2,30.4,2026-07-19 14:18:19
2388,6,54.3,23.8,43.2,0.77,22.9,8.6,48.0,27.8,67.1,2026-07-19 14:26:19
2389,6,85.5,39.1,66.4,1.12,30.3,15.5,33.7,32.4,78.2,2026-07-19 14:34:19
2390,10,91.6,40.7,82.5,1.27,36.6,14.9,50.2,35.1,34.6,2026-07-19 14:42:19
2391,4,83.7,38.0,54.4,1.11,30.5,16.4,54.2,28.3,74.2,2026-07-19 14:50:19
2392,8,129.3,58.0,101.2,1.67,49.9,23.6,51.7,26.0,30.1,2026-07-19 14:58:19
2393,8,98.3,44.0,81.6,1.32,38.2,17.7,30.8,23.7,55.3,2026-07-19 15:06:19
2394,5,21.4,9.1,16.8,0.35,10.0,5.0,46.5,26.5,78.3,2026-07-19 15:14:19
2395,4,31.0,14.4,20.4,0.37,10.1,5.0,26.7,36.2,73.6,2026-07-19 15:22:19
2396,4,31.6,14.8,21.4,0.46,10.0,7.5,47.1,22.1,42.5,2026-07-19 15:30:19
2397,6,39.2,16.9,27.5,0.49,17.5,5.7,31.7,32.3,58.1,2026-07-19 15:38:19
2398,8,53.7,24.0,47.3,0.79,21.0,9.6,52.4,24.9,73.1,2026-07-19 15:46:19
2399,4,97.7,43.0,74.5,1.24,40.6,16.5,54.2,36.2,79.1,2026-07-19 15:54:19
2400,3,51.6,23.0,34.5,0.72,20.4,10.2,42.7,20.3,60.9,2026-07-19 16:02:19
2401,1,70.1,30.2,59.9,0.9,31.4,12.2,48.6,29.2,31.0,2026-07-19 16:10:19
2402,6,118.2,52.9,80.2,1.54,46.0,20.1,53.6,35.9,35.0,2026-07-19 16:18:19
2403,10,34.2,15.5,31.3,0.53,12.6,6.8,38.9,30.1,70.1,2026-07-19 16:26:19
2404,2,35.6,16.4,34.1,0.49,12.1,6.3,25.4,27.5,71.8,2026-07-19 16:34:19
2405,10,90.3,40.1,56.6,1.13,36.2,14.7,41.9,29.5,42.4,2026-07-19 16:42:19
2406,8,50.5,22.5,40.4,0.58,20.1,8.0,28.0,32.7,58.5,2026-07-19 16:50:19
2407,4,40.2,18.7,33.9,0.54,13.1,9.4,31.2,18.0,35.9,2026-07-19 16:58:19
2408,1,119.0,51.9,82.0,1.56,51.2,21.8,41.4,27.9,46.9,2026-07-19 17:06:19
2409,8,143.7,64.8,107.1,1.86,54.1,25.9,43.7,37.5,66.6,2026-07-19 17:14:19
2410,2,82.7,37.8,53.9,1.04,29.3,14.3,27.4,19.7,64.8,2026-07-19 17:22:19
2411,5,70.7,30.4,54.6,0.9,32.0,10.4,29.6,31.1,64.0,2026-07-19 17:30:19
2412,10,50.6,23.1,44.4,0.79,18.1,8.6,37.5,28.5,49.1,2026-07-19 17:38:19
2413,1,42.8,19.9,34.0,0.57,13.9,7.8,54.4,22.7,44.6,2026-07-19 17:46:19
2414,7,71.2,31.5,57.5,1.03,29.0,10.7,30.2,20.2,35.2,2026-07-19 17:54:19
2415,3,67.8,29.8,62.6,0.96,28.4,12.7,51.2,35.0,65.3,2026-07-19 18:02:19
2416,9,93.0,41.3,70.2,1.33,37.4,17.4,31.0,37.5,32.7,2026-07-19 18:10:19
2417,2,34.5,14.8,29.4,0.43,15.8,5.0,42.1,25.0,33.3,2026-07-19 18:18:19
2418,5,48.7,22.7,39.8,0.74,15.6,8.6,37.5,28.3,45.7,2026-07-19 18:26:19
2419,1,110.6,49.7,75.7,1.45,42.2,19.5,49.0,20.3,77.4,2026-07-19 18:34:19
2420,5,83.7,37.8,79.3,1.1,31.3,16.0,29.6,36.8,41.9,2026-07-19 18:42:19
2421,2,66.7,30.3,55.9,0.96,24.3,11.9,27.8,29.8,57.9,2026-07-19 18:50:19
2422,10,39.9,18.6,27.6,0.46,12.9,5.8,26.1,31.3,75.0,2026-07-19 18:58:19
2423,10,39.5,18.3,31.7,0.58,13.1,6.9,36.0,26.7,68.0,2026-07-19 19:06:19
2424,1,86.6,38.0,66.5,1.13,36.3,14.9,53.2,27.8,82.0,2026-07-19 19:14:19
2425,1,108.0,48.2,74.8,1.48,42.4,18.5,30.2,18.4,65.0,2026-07-19 19:22:19
2426,2,69.4,31.2,60.0,0.88,26.5,11.3,54.0,28.6,69.5,2026-07-19 19:30:19
2427,9,103.5,47.1,84.1,1.32,37.5,16.9,54.7,20.5,84.5,2026-07-19 19:38:19
2428,6,140.8,62.7,89.2,1.97,55.8,23.5,51.8,36.4,56.6,2026-07-19 19:46:19
2429,5,154.3,68.3,101.3,2.15,62.7,28.4,35.1,33.1,73.5,2026-07-19 19:54:19
2430,8,70.4,31.2,63.6,1.01,28.5,10.9,43.8,27.4,42.3,2026-07-19 20:02:19
2431,8,84.6,37.9,69.0,1.1,32.8,13.9,40.0,32.4,62.7,2026-07-19 20:10:19
2432,4,69.4,31.2,51.8,0.97,26.4,11.7,52.0,34.4,70.4,2026-07-19 20:18:19
2433,6,106.0,46.2,90.3,1.38,45.7,18.5,52.3,30.6,46.6,2026-07-19 20:26:19
2434,4,49.2,21.9,36.9,0.64,19.5,9.0,40.9,21.8,75.2,2026-07-19 20:34:19
2435,4,27.0,11.3,16.4,0.37,13.4,5.0,40.5,35.6,33.4,2026-07-19 20:42:19
2436,4,98.4,42.7,80.9,1.29,43.0,16.6,34.7,24.1,48.0,2026-07-19 20:50:19
2437,5,63.2,27.5,51.4,0.85,27.4,10.7,54.8,24.7,34.9,2026-07-19 20:58:19
2438,7,92.7,41.3,67.4,1.23,36.7,17.2,34.1,37.4,79.5,2026-07-19 21:06:19
2439,8,94.6,41.0,71.6,1.25,41.6,16.1,25.5,19.8,54.5,2026-07-19 21:14:19
2440,8,138.6,62.3,116.1,1.78,52.9,23.9,40.6,21.6,79.9,2026-07-19 21:22:19
2441,4,110.5,48.3,98.2,1.44,47.2,20.0,52.5,23.2,57.9,2026-07-19 21:30:19
2442,8,118.9,51.8,108.7,1.59,51.4,20.1,49.3,28.5,76.6,2026-07-19 21:38:19
2443,8,101.7,44.3,69.9,1.39,44.0,19.5,50.7,22.1,74.7,2026-07-19 21:46:19
2444,5,87.7,37.9,77.5,1.15,38.9,16.7,25.3,34.7,83.7,2026-07-19 21:54:19
2445,4,68.8,31.5,64.4,0.99,24.2,12.9,50.6,19.7,35.4,2026-07-19 22:02:19
2446,3,58.7,25.9,39.3,0.8,24.1,8.4,29.0,30.8,38.4,2026-07-19 22:10:19
2447,9,25.2,10.6,15.4,0.33,12.3,5.0,43.3,35.8,76.6,2026-07-19 22:18:19
2448,2,93.1,41.8,71.8,1.31,35.7,18.4,54.5,21.8,38.8,2026-07-19 22:26:19
2449,3,128.7,56.7,101.9,1.63,53.3,20.8,36.9,26.6,61.1,2026-07-19 22:34:19
2450,9,74.4,33.6,59.4,1.06,27.9,13.3,29.3,31.5,41.5,2026-07-19 22:42:19
2451,2,55.0,25.5,46.0,0.71,18.2,11.3,40.9,20.9,76.3,2026-07-19 22:50:19
2452,7,87.8,39.6,82.3,1.12,33.1,15.4,29.3,19.0,62.0,2026-07-19 22:58:19
2453,2,73.2,32.6,64.9,1.01,29.0,12.5,48.2,18.9,64.4,2026-07-19 23:06:19
2454,2,40.2,17.6,26.0,0.55,17.0,7.2,41.0,34.6,77.3,2026-07-19 23:14:19
2455,6,48.1,21.0,43.1,0.73,20.6,7.7,47.4,30.8,66.2,2026-07-19 23:22:19
2456,1,76.8,34.7,67.8,1.1,28.6,13.1,52.6,31.6,48.6,2026-07-19 23:30:19
2457,8,113.3,51.1,76.7,1.46,42.6,20.4,38.0,27.0,51.8,2026-07-19 23:38:19
2458,5,90.9,40.6,67.3,1.21,35.7,16.3,48.4,19.6,35.8,2026-07-19 23:46:19
2459,9,37.2,16.3,33.4,0.47,15.7,5.9,48.9,18.6,31.2,2026-07-19 23:54:19
2460,6,67.8,31.1,58.4,1.02,23.7,10.7,38.8,33.3,83.3,2026-07-20 00:02:19
2461,10,92.0,40.8,85.2,1.24,37.2,16.3,48.2,29.5,84.0,2026-07-20 00:10:19
2462,7,78.2,35.8,57.9,1.09,27.5,14.5,26.7,28.4,60.3,2026-07-20 00:18:19
2463,5,79.1,34.7,60.0,1.0,33.3,13.8,44.1,26.3,56.7,2026-07-20 00:26:19
2464,9,63.9,29.4,56.2,0.86,21.9,11.0,38.7,25.9,36.5,2026-07-20 00:34:19
2465,7,100.2,45.4,71.5,1.28,36.9,17.7,33.4,24.3,47.0,2026-07-20 00:42:19
2466,5,76.3,34.8,72.9,1.08,27.4,12.9,54.3,19.4,73.6,2026-07-20 00:50:19
2467,4,71.4,32.2,54.8,1.06,26.9,12.6,47.2,36.3,74.1,2026-07-20 00:58:19
2468,10,84.1,37.9,61.8,1.05,31.7,15.0,51.8,32.1,41.0,2026-07-20 01:06:19
2469,9,122.4,53.8,90.2,1.57,51.2,22.5,53.9,30.2,38.3,2026-07-20 01:14:19
2470,8,70.2,31.0,55.0,0.89,28.7,11.2,40.5,34.2,84.6,2026-07-20 01:22:19
2471,8,23.8,9.8,13.8,0.27,12.3,5.0,48.0,21.9,32.6,2026-07-20 01:30:19
2472,6,83.2,36.1,65.0,1.16,36.4,12.6,49.0,18.6,46.4,2026-07-20 01:38:19
2473,6,86.6,38.3,67.6,1.08,35.4,13.8,30.5,33.4,54.7,2026-07-20 01:46:19
2474,3,93.6,40.6,67.8,1.29,41.0,16.8,53.0,20.7,83.5,2026-07-20 01:54:19
2475,9,28.7,12.8,21.5,0.31,11.4,5.0,42.2,27.9,80.7,2026-07-20 02:02:19
2476,1,78.5,35.0,66.9,1.02,30.9,13.2,40.2,29.5,47.6,2026-07-20 02:10:19
2477,10,59.9,27.4,56.6,0.86,21.2,12.3,38.2,29.1,33.4,2026-07-20 02:18:19
2478,1,106.5,47.4,84.0,1.42,42.3,19.2,33.2,24.5,32.8,2026-07-20 02:26:19
2479,8,49.8,22.7,38.9,0.74,17.9,9.8,36.0,24.4,70.0,2026-07-20 02:34:19
2480,9,114.4,51.2,76.8,1.57,44.5,19.5,51.8,26.0,58.3,2026-07-20 02:42:19
2481,4,136.6,60.4,99.6,1.91,55.7,22.6,32.4,28.2,74.9,2026-07-20 02:50:19
2482,3,96.2,43.8,90.9,1.33,34.7,16.8,32.4,20.0,51.2,2026-07-20 02:58:19
2483,3,63.0,27.2,47.7,0.88,28.0,12.8,46.0,29.0,52.3,2026-07-20 03:06:19
2484,6,116.2,52.5,90.9,1.57,43.3,19.9,30.7,22.3,71.6,2026-07-20 03:14:19
2485,5,108.8,47.8,94.7,1.36,45.6,17.7,38.3,25.3,64.6,2026-07-20 03:22:19
2486,1,30.6,14.2,24.2,0.47,10.0,6.8,53.5,20.4,73.1,2026-07-20 03:30:19
2487,6,48.2,22.1,34.1,0.74,16.9,8.9,48.3,34.6,49.0,2026-07-20 03:38:19
2488,3,77.8,34.4,59.6,0.96,31.7,14.0,54.8,26.0,59.8,2026-07-20 03:46:19
2489,10,133.4,58.3,112.0,1.83,57.0,22.8,33.9,36.0,76.8,2026-07-20 03:54:19
2490,7,64.5,29.5,42.6,0.89,22.9,13.7,35.3,28.9,38.6,2026-07-20 04:02:19
2491,6,121.0,53.9,98.8,1.64,47.9,22.8,49.0,19.7,62.6,2026-07-20 04:10:19
2492,6,73.9,33.9,50.1,1.02,25.7,13.9,34.3,20.2,42.6,2026-07-20 04:18:19
2493,7,19.0,7.8,13.8,0.2,10.0,5.0,46.6,26.7,32.1,2026-07-20 04:26:19
2494,2,117.1,51.6,76.4,1.5,48.4,20.0,32.4,22.5,62.5,2026-07-20 04:34:19
2495,4,76.7,34.8,72.9,1.05,28.2,12.8,39.3,19.1,69.3,2026-07-20 04:42:19
2496,5,98.5,43.4,73.3,1.25,40.7,16.8,52.4,27.7,75.9,2026-07-20 04:50:19
2497,8,60.8,27.6,53.8,0.76,22.3,12.6,51.9,21.6,75.7,2026-07-20 04:58:19
2498,4,101.7,45.0,83.6,1.38,41.4,19.3,51.5,24.7,81.3,2026-07-20 05:06:19
2499,4,70.5,30.6,52.5,0.94,30.8,10.5,37.1,33.0,54.8,2026-07-20 05:14:19
2500,9,82.5,36.6,71.0,1.11,33.2,12.7,47.1,37.7,62.0,2026-07-20 05:22:19
2501,5,57.8,25.7,43.6,0.75,23.0,8.7,39.9,27.9,50.2,2026-07-20 05:30:19
2502,4,31.1,14.5,26.7,0.36,10.0,6.1,54.5,27.5,54.8,2026-07-20 05:38:19
2503,10,59.9,26.3,46.4,0.83,25.2,11.5,39.0,26.8,42.4,2026-07-20 05:46:19
2504,10,109.6,48.1,92.1,1.38,46.1,19.2,31.7,28.5,36.2,2026-07-20 05:54:19
2505,6,81.6,35.4,73.1,1.13,35.8,15.5,44.9,19.9,37.0,2026-07-20 06:02:19
2506,9,66.4,30.1,51.7,0.84,24.5,10.8,25.5,21.0,45.8,2026-07-20 06:10:19
2507,4,102.2,46.1,65.1,1.45,38.5,18.7,53.0,37.1,63.4,2026-07-20 06:18:19
2508,2,95.4,42.0,65.2,1.2,39.5,17.7,51.0,30.7,59.3,2026-07-20 06:26:19
2509,7,85.8,37.3,64.8,1.07,37.4,14.4,51.0,28.3,79.1,2026-07-20 06:34:19
2510,7,164.9,72.4,128.8,2.2,69.1,28.5,25.5,24.8,44.3,2026-07-20 06:42:19
2511,10,48.7,22.5,44.6,0.58,16.4,8.8,29.3,31.1,83.6,2026-07-20 06:50:19
2512,3,86.1,37.7,67.0,1.12,36.4,14.1,41.5,32.5,70.3,2026-07-20 06:58:19
2513,6,86.7,38.7,67.1,1.13,34.0,15.6,39.1,21.9,33.1,2026-07-20 07:06:19
2514,9,152.1,66.9,117.6,1.94,63.3,26.5,36.7,31.8,46.3,2026-07-20 07:14:19
2515,5,24.3,9.7,14.4,0.33,13.6,5.0,44.3,33.9,77.9,2026-07-20 07:22:19
2516,3,63.5,28.8,49.7,0.96,23.3,12.7,44.8,34.4,61.1,2026-07-20 07:30:19
2517,8,72.5,32.6,65.3,0.93,27.6,11.3,38.2,32.3,49.6,2026-07-20 07:38:19
2518,2,82.1,36.4,64.5,1.09,33.1,14.1,28.5,33.8,41.1,2026-07-20 07:46:19
2519,3,115.7,50.8,90.3,1.49,48.6,20.3,49.4,18.4,30.7,2026-07-20 07:54:19
2520,7,116.4,51.4,74.6,1.61,47.8,20.4,38.1,31.7,39.3,2026-07-20 08:02:19
2521,3,73.1,31.9,65.0,0.9,31.4,11.9,38.4,19.6,83.5,2026-07-20 08:10:19
2522,9,112.1,50.4,95.4,1.56,42.7,20.9,25.5,29.3,71.7,2026-07-20 08:18:19
2523,5,60.1,27.2,55.5,0.87,22.2,11.9,51.9,34.0,81.9,2026-07-20 08:26:19
2524,4,81.7,35.6,69.2,0.99,35.3,12.5,54.1,30.2,64.2,2026-07-20 08:34:19
2525,1,83.1,37.1,65.4,1.06,32.7,15.7,35.5,35.6,43.7,2026-07-20 08:42:19
2526,8,82.4,36.2,62.5,1.03,34.5,13.2,49.1,32.0,53.6,2026-07-20 08:50:19
2527,4,21.2,9.0,14.9,0.32,10.0,5.0,51.8,35.2,39.0,2026-07-20 08:58:19
2528,7,76.7,35.0,55.5,1.06,27.3,14.3,46.7,29.6,38.4,2026-07-20 09:06:19
2529,10,83.1,37.9,76.4,1.06,29.7,15.6,40.1,25.5,49.3,2026-07-20 09:14:19
2530,2,89.3,40.8,73.0,1.22,31.8,18.1,43.1,33.0,35.7,2026-07-20 09:22:19
2531,8,76.6,33.1,49.1,1.0,34.1,13.9,45.4,22.7,50.1,2026-07-20 09:30:19
2532,1,60.5,27.1,38.2,0.8,23.5,11.7,29.7,35.4,38.7,2026-07-20 09:38:19
2533,9,29.5,13.6,24.5,0.51,10.1,5.8,28.8,37.5,58.3,2026-07-20 09:46:19
2534,3,38.7,18.2,31.7,0.59,11.9,9.2,51.6,33.6,84.9,2026-07-20 09:54:19
2535,2,81.2,36.3,65.6,1.0,31.8,13.9,50.5,21.5,31.0,2026-07-20 10:02:19
2536,3,74.2,33.0,59.0,1.09,29.7,13.7,28.6,22.9,41.6,2026-07-20 10:10:19
2537,9,39.3,16.4,23.9,0.44,19.6,6.2,32.2,33.1,78.6,2026-07-20 10:18:19
2538,5,100.0,45.0,93.9,1.34,38.0,18.0,34.2,27.9,43.9,2026-07-20 10:26:19
2539,8,72.4,31.7,55.4,0.98,30.6,13.3,39.3,31.5,32.3,2026-07-20 10:34:19
2540,9,86.4,37.4,73.0,1.05,38.1,15.3,25.6,21.4,77.1,2026-07-20 10:42:19
2541,10,45.0,19.2,39.1,0.6,20.8,9.4,40.3,23.1,37.3,2026-07-20 10:50:19
2542,3,83.2,37.1,71.2,1.19,32.8,14.0,32.3,36.9,71.8,2026-07-20 10:58:19
2543,9,62.5,28.3,40.3,0.83,23.2,10.6,49.4,26.8,34.3,2026-07-20 11:06:19
2544,9,83.0,35.8,72.4,1.04,37.1,13.3,52.9,30.5,75.8,2026-07-20 11:14:19
2545,9,63.2,28.3,53.8,0.91,24.5,12.3,44.1,33.7,53.3,2026-07-20 11:22:19
2546,6,135.5,60.6,108.7,1.77,52.9,22.4,47.6,23.5,77.1,2026-07-20 11:30:19
2547,1,58.0,24.7,44.3,0.7,27.0,8.7,36.4,35.7,38.0,2026-07-20 11:38:19
2548,1,102.6,46.4,85.1,1.34,38.1,16.6,29.1,21.4,37.1,2026-07-20 11:46:19
2549,2,56.6,25.3,45.5,0.83,22.2,9.8,30.9,31.4,56.9,2026-07-20 11:54:19
2550,3,73.3,32.9,47.2,1.0,28.2,11.2,32.7,28.8,55.3,2026-07-20 12:02:19
2551,2,61.9,27.4,39.1,0.87,25.1,9.8,34.1,30.5,56.7,2026-07-20 12:10:19
2552,3,15.0,5.0,9.0,0.17,10.0,5.0,39.5,37.1,45.9,2026-07-20 12:18:19
2553,3,103.2,45.9,85.3,1.43,41.1,17.4,42.4,20.0,45.1,2026-07-20 12:26:19
2554,3,66.6,28.7,53.0,0.94,29.9,9.7,41.9,29.1,67.5,2026-07-20 12:34:19
2555,4,37.0,15.6,23.8,0.55,17.8,6.1,38.8,23.5,54.0,2026-07-20 12:42:19
2556,8,88.8,38.7,69.0,1.22,38.3,15.9,52.9,28.3,78.0,2026-07-20 12:50:19
2557,3,18.9,7.7,12.4,0.28,10.1,5.0,47.0,37.0,84.2,2026-07-20 12:58:19
2558,3,41.2,17.4,27.7,0.44,19.7,7.5,33.6,37.4,82.2,2026-07-20 13:06:19
2559,6,119.7,52.6,97.8,1.59,50.0,21.0,29.1,22.2,42.8,2026-07-20 13:14:19
2560,9,61.9,27.6,52.3,0.84,24.5,12.7,31.2,30.9,75.7,2026-07-20 13:22:19
2561,9,66.2,28.5,42.3,0.84,29.8,12.1,48.1,24.3,45.7,2026-07-20 13:30:19
2562,7,140.7,62.3,109.1,1.78,57.2,26.6,45.6,35.7,50.6,2026-07-20 13:38:19
2563,10,55.9,23.9,47.3,0.76,25.8,10.7,34.2,28.4,31.1,2026-07-20 13:46:19
2564,7,63.2,27.4,47.0,0.74,27.7,9.7,39.5,27.4,32.1,2026-07-20 13:54:19
2565,7,104.3,47.4,95.7,1.44,38.0,20.2,44.8,31.9,81.0,2026-07-20 14:02:19
2566,3,101.2,44.1,81.1,1.28,43.6,19.5,26.0,29.1,35.7,2026-07-20 14:10:19
2567,7,82.2,37.5,72.7,1.22,29.5,16.5,31.8,18.8,70.4,2026-07-20 14:18:19
2568,1,100.0,43.7,90.1,1.3,42.6,16.3,39.9,25.7,54.8,2026-07-20 14:26:19
2569,5,69.8,30.2,53.2,0.81,30.8,11.9,38.4,21.3,51.9,2026-07-20 14:34:19
2570,8,117.3,52.5,78.1,1.5,45.6,19.1,34.2,21.2,62.2,2026-07-20 14:42:19
2571,10,57.3,24.5,36.1,0.82,26.4,10.0,34.5,25.7,38.5,2026-07-20 14:50:19
2572,6,15.0,5.0,9.0,0.1,10.0,5.0,43.9,30.5,74.9,2026-07-20 14:58:19
2573,5,114.0,49.8,103.0,1.59,48.7,21.0,28.5,28.1,56.1,2026-07-20 15:06:19
2574,8,58.8,25.8,53.4,0.76,24.8,8.6,48.9,35.1,46.1,2026-07-20 15:14:19
2575,3,62.3,27.5,47.8,0.73,25.6,11.1,46.5,19.1,54.4,2026-07-20 15:22:19
2576,3,70.3,31.7,52.0,0.99,26.5,12.3,25.7,26.3,37.8,2026-07-20 15:30:19
2577,7,80.4,36.5,62.7,1.14,29.3,16.0,42.5,25.5,42.7,2026-07-20 15:38:19
2578,10,121.4,55.0,83.9,1.66,44.8,23.6,30.0,30.3,36.6,2026-07-20 15:46:19
2579,3,19.2,7.9,15.6,0.18,10.0,5.0,25.4,20.2,48.7,2026-07-20 15:54:19
2580,4,71.0,30.5,45.1,0.87,32.1,10.4,36.0,19.4,81.1,2026-07-20 16:02:19
2581,10,76.6,33.9,51.0,1.11,31.1,11.9,47.7,35.8,44.1,2026-07-20 16:10:19
2582,9,96.1,42.0,80.1,1.29,41.0,18.1,50.5,28.8,77.9,2026-07-20 16:18:19
2583,10,75.5,33.6,50.5,1.06,30.0,11.5,39.1,24.7,80.1,2026-07-20 16:26:19
2584,4,44.3,18.9,38.3,0.63,20.6,9.2,36.5,33.2,68.9,2026-07-20 16:34:19
2585,7,111.0,49.2,87.6,1.44,44.9,18.4,29.7,35.7,39.0,2026-07-20 16:42:19
2586,2,86.9,38.2,74.0,1.18,36.2,13.5,39.4,29.4,31.9,2026-07-20 16:50:19
2587,2,111.6,50.1,85.1,1.44,42.9,19.2,46.0,31.5,68.6,2026-07-20 16:58:19
2588,4,15.0,5.0,8.5,0.18,10.0,5.0,42.6,21.8,45.0,2026-07-20 17:06:19
2589,5,24.4,10.8,22.3,0.24,10.0,5.0,47.6,35.1,32.7,2026-07-20 17:14:19
2590,5,62.3,26.6,45.8,0.76,28.8,8.6,46.6,36.6,49.7,2026-07-20 17:22:19
2591,8,113.1,50.9,88.7,1.62,43.0,21.2,46.0,32.5,35.7,2026-07-20 17:30:19
2592,2,120.8,54.7,107.3,1.6,44.7,20.0,29.5,18.6,77.2,2026-07-20 17:38:19
2593,1,103.3,45.5,80.6,1.45,42.8,20.1,45.7,32.7,31.6,2026-07-20 17:46:19
2594,8,82.0,36.3,66.8,1.06,33.4,16.2,33.8,18.9,80.7,2026-07-20 17:54:19
2595,1,101.8,45.7,64.5,1.35,39.0,16.6,51.9,29.0,68.9,2026-07-20 18:02:19
2596,8,44.0,19.5,32.6,0.53,17.7,9.0,46.5,23.2,31.4,2026-07-20 18:10:19
2597,7,76.5,34.7,61.7,1.05,28.0,14.2,33.2,32.1,61.0,2026-07-20 18:18:19
2598,2,63.8,28.7,54.5,0.85,24.3,10.2,36.3,25.5,38.2,2026-07-20 18:26:19
2599,3,75.7,34.5,58.0,1.1,27.1,12.3,54.1,36.9,62.0,2026-07-20 18:34:19
2600,4,15.0,5.0,7.7,0.11,10.0,5.0,34.8,28.9,83.8,2026-07-20 18:42:19
2601,10,66.8,30.3,43.6,0.85,24.6,11.9,27.6,20.0,79.2,2026-07-20 18:50:19
2602,8,27.3,11.7,19.5,0.32,12.4,5.8,25.7,22.8,72.6,2026-07-20 18:58:19
2603,2,79.6,36.4,62.6,1.07,28.2,14.7,36.9,34.1,62.6,2026-07-20 19:06:19
2604,7,106.8,47.8,100.0,1.34,41.5,19.1,48.3,30.0,56.3,2026-07-20 19:14:19
2605,3,105.2,47.5,79.4,1.36,39.5,19.7,42.5,23.9,36.2,2026-07-20 19:22:19
2606,10,109.2,48.1,84.6,1.4,45.3,20.9,26.4,33.8,58.6,2026-07-20 19:30:19
2607,2,52.0,23.0,48.2,0.63,21.1,10.9,37.3,18.7,53.5,2026-07-20 19:38:19
2608,6,84.5,37.4,71.5,1.13,34.3,14.8,47.2,27.0,61.8,2026-07-20 19:46:19
2609,4,91.3,40.0,74.0,1.25,38.6,16.6,26.8,20.1,59.6,2026-07-20 19:54:19
2610,1,129.5,58.4,99.6,1.69,48.8,23.2,50.1,34.8,57.3,2026-07-20 20:02:19
2611,6,126.8,55.8,105.2,1.75,52.7,20.8,51.2,27.5,35.4,2026-07-20 20:10:19
2612,3,72.5,31.8,62.6,0.86,30.5,11.9,34.7,32.6,55.1,2026-07-20 20:18:19
2613,8,111.4,50.4,81.8,1.57,41.3,21.7,45.5,27.9,76.9,2026-07-20 20:26:19
2614,10,70.0,31.6,58.7,0.99,26.3,12.7,51.6,32.9,39.5,2026-07-20 20:34:19
2615,10,37.5,16.5,24.4,0.45,15.7,6.4,30.4,37.7,82.1,2026-07-20 20:42:19
2616,4,66.0,28.3,51.7,0.78,30.2,9.6,45.1,30.4,36.2,2026-07-20 20:50:19
2617,4,55.5,24.7,38.7,0.79,22.0,8.7,54.3,19.9,53.8,2026-07-20 20:58:19
2618,5,60.5,27.2,40.0,0.74,23.1,9.7,47.9,24.7,49.4,2026-07-20 21:06:19
2619,7,101.7,45.3,66.7,1.36,40.4,19.4,33.7,30.9,61.3,2026-07-20 21:14:19
2620,8,71.8,31.2,61.7,0.89,31.3,12.1,37.7,19.5,69.0,2026-07-20 21:22:19
2621,2,104.1,46.1,81.1,1.29,42.3,18.8,31.5,37.7,67.6,2026-07-20 21:30:19
2622,4,81.6,35.3,53.2,1.05,36.2,13.4,28.0,36.2,38.3,2026-07-20 21:38:19
2623,4,87.6,38.7,69.5,1.21,35.8,14.8,32.2,25.0,60.9,2026-07-20 21:46:19
2624,4,52.3,23.0,46.7,0.75,21.8,7.8,30.9,37.8,81.8,2026-07-20 21:54:19
2625,10,113.7,51.1,76.8,1.48,43.5,21.2,36.4,29.2,75.1,2026-07-20 22:02:19
2626,2,127.8,57.3,97.1,1.71,49.3,23.4,43.6,24.9,36.2,2026-07-20 22:10:19
2627,9,57.3,25.7,47.1,0.76,22.0,9.0,43.5,36.2,38.9,2026-07-20 22:18:19
2628,2,62.2,28.2,42.6,0.8,22.8,13.2,40.7,28.8,64.0,2026-07-20 22:26:19
2629,9,90.9,39.7,83.1,1.23,38.8,17.7,28.5,25.1,48.0,2026-07-20 22:34:19
2630,6,59.0,26.0,43.2,0.75,24.3,8.8,50.8,37.2,69.6,2026-07-20 22:42:19
2631,7,50.2,21.9,33.9,0.71,21.6,8.4,49.6,22.9,63.8,2026-07-20 22:50:19
2632,3,58.0,24.7,43.5,0.78,27.1,11.6,37.6,19.8,55.5,2026-07-20 22:58:19
2633,2,98.4,43.4,79.2,1.39,40.6,17.3,44.3,28.5,38.2,2026-07-20 23:06:19
2634,7,78.8,34.5,71.9,1.03,33.3,13.4,26.7,23.6,74.8,2026-07-20 23:14:19
2635,5,98.0,44.1,87.4,1.41,37.2,17.0,29.9,35.3,66.1,2026-07-20 23:22:19
2636,6,58.7,27.2,47.0,0.91,19.5,9.7,45.9,36.6,39.5,2026-07-20 23:30:19
2637,1,53.6,24.3,38.3,0.65,19.7,10.4,36.8,30.7,74.7,2026-07-20 23:38:19
2638,6,94.2,41.5,62.4,1.23,39.0,15.8,33.8,31.5,39.5,2026-07-20 23:46:19
2639,10,65.0,28.4,54.9,0.82,27.7,9.6,38.5,22.3,42.4,2026-07-20 23:54:19
2640,2,109.6,49.5,93.2,1.48,41.0,21.5,44.5,23.8,34.5,2026-07-21 00:02:19
2641,6,114.7,51.2,105.4,1.55,45.0,19.4,53.6,34.9,78.6,2026-07-21 00:10:19
2642,4,164.0,73.7,152.9,2.3,62.7,31.4,38.9,38.0,34.5,2026-07-21 00:18:19
2643,2,40.7,18.2,37.3,0.53,15.9,7.3,52.5,24.1,31.4,2026-07-21 00:26:19
2644,2,115.9,51.9,81.0,1.55,45.0,21.5,42.7,28.0,54.9,2026-07-21 00:34:19
2645,1,100.5,43.6,84.0,1.38,44.1,17.7,35.3,31.8,54.4,2026-07-21 00:42:19
2646,5,78.7,35.9,58.7,1.17,28.2,14.8,37.2,34.9,65.3,2026-07-21 00:50:19
2647,7,31.0,14.3,25.3,0.41,10.6,5.0,28.7,27.8,69.2,2026-07-21 00:58:19
2648,2,62.6,27.2,53.7,0.75,27.2,9.2,33.5,32.2,62.4,2026-07-21 01:06:19
2649,4,75.5,34.5,66.4,1.0,26.7,12.4,35.3,22.6,63.0,2026-07-21 01:14:19
2650,10,76.9,35.2,57.5,1.09,27.1,15.8,28.5,28.3,55.9,2026-07-21 01:22:19
2651,2,113.1,49.8,101.4,1.49,47.0,18.1,50.4,25.3,82.4,2026-07-21 01:30:19
2652,10,72.3,32.4,63.5,0.88,28.0,13.4,52.1,22.6,62.5,2026-07-21 01:38:19
2653,9,86.0,37.6,60.8,1.08,36.7,16.0,46.1,23.3,50.7,2026-07-21 01:46:19
2654,4,55.3,24.4,47.5,0.75,22.8,8.8,44.6,32.7,70.6,2026-07-21 01:54:19
2655,2,104.9,46.2,74.8,1.33,43.5,17.9,46.2,24.0,68.3,2026-07-21 02:02:19
2656,10,79.5,34.4,70.6,0.94,35.1,14.8,28.5,21.9,54.3,2026-07-21 02:10:19
2657,10,112.6,50.2,86.8,1.57,44.4,19.9,53.6,18.5,83.0,2026-07-21 02:18:19
2658,5,122.0,54.7,114.3,1.59,47.1,21.3,42.3,34.8,51.2,2026-07-21 02:26:19
2659,8,67.8,29.7,56.3,0.94,28.6,13.3,49.6,29.1,44.1,2026-07-21 02:34:19
2660,3,86.8,39.4,79.8,1.21,31.7,15.2,54.1,25.5,77.3,2026-07-21 02:42:19
2661,10,133.2,58.8,116.3,1.7,54.7,25.3,40.4,27.1,51.5,2026-07-21 02:50:19
2662,8,112.0,49.9,84.7,1.59,44.3,20.1,53.6,27.0,62.6,2026-07-21 02:58:19
2663,3,15.0,5.0,9.3,0.14,10.0,5.0,35.0,26.1,57.3,2026-07-21 03:06:19
2664,5,104.3,46.7,67.5,1.41,40.5,17.6,26.7,36.6,58.5,2026-07-21 03:14:19
2665,8,55.3,24.1,45.5,0.7,23.9,8.5,30.9,26.5,72.9,2026-07-21 03:22:19
2666,9,69.8,31.8,47.7,0.93,25.1,11.3,48.9,24.1,30.5,2026-07-21 03:30:19
2667,5,15.0,5.0,8.2,0.21,10.0,5.0,40.9,23.0,37.6,2026-07-21 03:38:19
2668,10,109.1,47.8,99.8,1.41,46.1,18.6,42.8,34.0,70.1,2026-07-21 03:46:19
2669,9,77.5,33.5,48.9,1.1,34.4,12.4,25.1,36.9,35.8,2026-07-21 03:54:19
2670,7,113.2,49.5,102.8,1.56,48.3,18.5,37.9,29.0,82.4,2026-07-21 04:02:19
2671,9,63.3,27.8,48.4,0.93,26.6,11.2,32.2,32.0,75.2,2026-07-21 04:10:19
2672,6,127.3,55.8,114.8,1.59,53.8,21.4,45.4,27.1,79.4,2026-07-21 04:18:19
2673,7,110.1,49.7,94.8,1.47,41.2,21.5,32.9,32.3,83.8,2026-07-21 04:26:19
2674,6,58.9,25.9,47.3,0.81,24.5,9.8,28.0,18.7,82.7,2026-07-21 04:34:19
2675,6,84.9,38.3,57.7,1.19,32.0,15.5,54.8,34.5,38.8,2026-07-21 04:42:19
2676,7,96.0,42.3,74.6,1.2,39.7,16.3,51.2,37.5,52.6,2026-07-21 04:50:19
2677,3,56.4,26.1,37.6,0.7,18.9,12.3,41.2,27.3,68.1,2026-07-21 04:58:19
2678,10,84.6,37.7,71.2,1.18,33.5,15.3,38.3,19.9,40.5,2026-07-21 05:06:19
2679,7,63.3,27.1,51.8,0.82,29.1,9.2,37.4,34.3,34.7,2026-07-21 05:14:19
2680,8,80.4,35.1,70.1,1.11,34.4,13.2,49.8,31.5,46.0,2026-07-21 05:22:19
2681,7,103.2,46.0,94.8,1.45,40.8,18.7,54.9,21.6,79.1,2026-07-21 05:30:19
2682,1,73.1,33.4,56.7,1.1,25.9,15.2,53.3,36.8,48.9,2026-07-21 05:38:19
2683,4,118.1,52.0,78.5,1.63,48.9,21.2,50.5,22.6,52.7,2026-07-21 05:46:19
2684,9,15.0,5.0,9.4,0.18,10.0,5.0,36.9,33.8,52.4,2026-07-21 05:54:19
2685,4,71.5,31.0,48.8,1.02,31.3,13.9,29.0,19.5,43.8,2026-07-21 06:02:19
2686,8,72.2,32.6,49.3,0.95,27.1,11.1,50.2,36.3,58.7,2026-07-21 06:10:19
2687,6,32.5,14.8,29.5,0.46,11.8,5.0,50.3,29.2,59.2,2026-07-21 06:18:19
2688,3,137.9,62.1,117.2,1.77,52.3,24.3,37.2,24.3,57.1,2026-07-21 06:26:19
2689,8,105.0,47.2,89.5,1.47,40.1,17.2,44.0,37.3,45.3,2026-07-21 06:34:19
2690,2,16.3,6.3,13.1,0.13,10.0,5.0,41.2,24.9,46.4,2026-07-21 06:42:19
2691,3,100.1,44.7,85.2,1.33,39.2,16.4,40.1,31.1,52.4,2026-07-21 06:50:19
2692,3,48.8,21.8,34.1,0.72,19.1,10.4,32.5,21.6,45.3,2026-07-21 06:58:19
2693,9,32.2,14.1,26.5,0.41,13.6,5.0,39.6,30.9,75.7,2026-07-21 07:06:19
2694,7,99.2,43.7,79.8,1.28,41.0,17.6,48.6,30.6,44.6,2026-07-21 07:14:19
2695,10,69.1,29.8,47.5,0.85,31.0,13.5,28.7,37.4,56.6,2026-07-21 07:22:19
2696,9,53.4,24.2,44.2,0.67,19.6,8.3,32.2,21.1,42.6,2026-07-21 07:30:19
2697,1,120.5,53.1,86.6,1.52,49.8,19.7,54.6,18.3,82.9,2026-07-21 07:38:19
2698,10,21.0,8.9,17.0,0.21,10.0,5.5,41.3,22.9,59.8,2026-07-21 07:46:19
2699,6,142.1,63.0,96.9,1.9,57.3,23.5,26.3,20.4,76.8,2026-07-21 07:54:19
2700,7,56.5,24.4,34.9,0.63,25.2,10.4,46.5,23.3,82.7,2026-07-21 08:02:19
2701,2,70.7,31.1,53.4,0.86,29.5,11.9,50.7,30.8,79.8,2026-07-21 08:10:19
2702,2,60.2,26.5,38.6,0.73,25.0,9.5,27.8,26.5,56.2,2026-07-21 08:18:19
2703,6,106.4,47.7,82.4,1.48,41.1,18.6,42.5,20.1,40.3,2026-07-21 08:26:19
2704,6,83.1,37.9,59.7,1.13,29.8,16.3,25.2,37.3,49.7,2026-07-21 08:34:19
2705,8,77.8,34.0,70.1,1.09,33.2,12.4,49.3,19.8,73.6,2026-07-21 08:42:19
2706,6,77.2,34.0,51.1,0.99,32.0,13.1,43.8,26.5,34.2,2026-07-21 08:50:19
2707,1,100.4,45.5,91.4,1.42,37.0,19.9,33.3,20.1,45.1,2026-07-21 08:58:19
2708,7,70.8,31.3,58.9,0.86,28.9,11.8,32.8,30.5,45.2,2026-07-21 09:06:19
2709,1,88.7,39.3,63.5,1.11,36.0,14.3,49.5,28.9,62.1,2026-07-21 09:14:19
2710,8,146.7,65.3,121.5,2.02,58.4,25.0,38.4,27.6,51.9,2026-07-21 09:22:19
2711,1,60.3,27.7,50.8,0.91,20.9,10.6,47.2,35.7,54.6,2026-07-21 09:30:19
2712,3,66.8,28.7,45.9,0.91,30.3,11.3,48.5,36.0,41.4,2026-07-21 09:38:19
2713,10,87.7,39.8,78.2,1.14,32.1,16.0,41.9,20.4,76.7,2026-07-21 09:46:19
2714,5,38.4,17.1,30.9,0.42,15.2,6.8,50.7,26.2,61.5,2026-07-21 09:54:19
2715,9,64.8,29.7,46.0,0.82,22.6,10.1,40.3,31.4,44.4,2026-07-21 10:02:19
2716,5,136.2,60.8,124.2,1.86,53.6,22.6,34.8,24.3,49.2,2026-07-21 10:10:19
2717,4,124.4,55.5,95.6,1.57,48.9,22.2,45.6,28.0,64.9,2026-07-21 10:18:19
2718,5,81.5,37.2,53.7,1.06,29.1,16.7,37.2,33.3,57.0,2026-07-21 10:26:19
2719,4,80.2,34.8,69.8,1.09,35.1,13.0,47.4,22.9,51.0,2026-07-21 10:34:19
2720,8,89.5,39.5,65.9,1.2,36.7,16.6,44.2,23.8,39.7,2026-07-21 10:42:19
2721,10,127.8,55.9,100.1,1.63,54.4,20.7,32.4,21.3,51.2,2026-07-21 10:50:19
2722,1,134.5,60.1,112.5,1.81,52.7,24.7,54.9,34.0,75.0,2026-07-21 10:58:19
2723,7,111.4,49.1,89.7,1.47,46.1,21.6,31.6,27.0,35.0,2026-07-21 11:06:19
2724,2,104.7,46.2,92.9,1.38,43.1,16.8,42.3,32.5,72.0,2026-07-21 11:14:19
2725,9,131.2,58.7,90.8,1.73,51.1,23.0,52.9,27.6,70.1,2026-07-21 11:22:19
2726,2,76.9,35.1,68.1,0.96,27.5,15.2,46.0,28.8,45.9,2026-07-21 11:30:19
2727,10,53.7,23.4,44.4,0.67,23.1,11.0,30.2,33.2,33.0,2026-07-21 11:38:19
2728,4,59.9,26.3,45.2,0.87,25.2,12.2,42.1,35.3,38.0,2026-07-21 11:46:19
2729,8,40.8,18.8,33.5,0.48,14.0,8.0,47.9,36.2,67.4,2026-07-21 11:54:19
2730,2,106.3,47.9,93.7,1.34,40.1,17.8,42.6,35.1,76.5,2026-07-21 12:02:19
2731,8,103.7,45.1,71.6,1.38,45.1,18.3,42.1,29.0,52.6,2026-07-21 12:10:19
2732,5,75.4,32.9,49.3,0.98,32.3,14.6,34.2,24.7,56.5,2026-07-21 12:18:19
2733,2,96.4,43.0,84.1,1.21,37.9,16.6,44.9,37.3,31.4,2026-07-21 12:26:19
2734,2,54.2,23.5,46.8,0.77,23.9,11.2,39.4,20.1,70.2,2026-07-21 12:34:19
2735,3,15.0,5.0,9.3,0.23,10.0,5.0,50.0,29.3,30.6,2026-07-21 12:42:19
2736,9,52.1,23.0,33.4,0.67,21.4,7.2,41.4,20.2,75.8,2026-07-21 12:50:19
2737,8,89.5,40.8,71.2,1.13,32.1,18.3,44.1,31.4,69.4,2026-07-21 12:58:19
2738,7,17.2,6.8,14.2,0.15,10.0,5.0,47.2,28.6,75.7,2026-07-21 13:06:19
2739,8,73.8,32.3,64.0,0.9,31.3,11.0,35.0,21.3,42.8,2026-07-21 13:14:19
2740,2,105.8,47.0,84.5,1.48,42.4,19.5,27.3,27.3,65.5,2026-07-21 13:22:19
2741,9,115.8,51.8,75.1,1.47,45.2,21.0,31.3,19.4,56.6,2026-07-21 13:30:19
2742,9,57.1,25.2,46.1,0.74,23.5,10.0,34.7,21.5,47.7,2026-07-21 13:38:19
2743,8,53.1,24.7,45.7,0.7,17.3,9.0,29.9,28.4,78.0,2026-07-21 13:46:19
2744,9,159.5,69.8,128.6,2.07,67.8,27.3,25.7,36.6,72.8,2026-07-21 13:54:19
2745,6,88.7,40.3,60.3,1.23,32.3,18.1,30.1,18.4,44.1,2026-07-21 14:02:19
2746,1,81.8,35.5,60.8,1.13,35.7,15.8,28.7,20.0,67.9,2026-07-21 14:10:19
2747,10,101.3,44.5,91.0,1.24,42.4,19.1,42.2,35.7,30.2,2026-07-21 14:18:19
2748,7,15.0,5.0,9.0,0.16,10.0,5.0,48.9,38.0,44.4,2026-07-21 14:26:19
2749,9,109.3,47.7,73.1,1.4,46.8,17.4,54.6,36.2,76.3,2026-07-21 14:34:19
2750,7,63.6,29.2,45.9,0.93,22.0,9.8,37.0,25.2,73.2,2026-07-21 14:42:19
2751,2,55.8,24.1,44.9,0.8,24.8,11.6,52.0,31.3,76.0,2026-07-21 14:50:19
2752,2,46.3,20.6,42.2,0.7,18.4,9.3,37.3,29.4,66.6,2026-07-21 14:58:19
2753,4,85.8,38.2,58.9,1.09,34.0,15.7,43.9,35.3,47.6,2026-07-21 15:06:19
2754,3,53.2,23.5,46.0,0.71,21.7,9.2,37.7,19.0,53.4,2026-07-21 15:14:19
2755,5,93.1,40.6,69.0,1.18,40.1,15.7,53.5,31.7,52.8,2026-07-21 15:22:19
2756,1,16.7,6.5,12.8,0.11,10.0,5.0,50.9,30.1,81.4,2026-07-21 15:30:19
2757,7,80.7,36.9,74.3,1.21,28.5,15.3,30.5,20.9,51.8,2026-07-21 15:38:19
2758,2,76.3,33.8,55.1,1.1,31.0,11.6,49.0,23.5,53.9,2026-07-21 15:46:19
2759,2,74.1,33.3,64.1,1.07,28.3,11.6,52.3,23.0,56.8,2026-07-21 15:54:19
2760,3,21.2,8.9,14.5,0.2,10.4,5.0,52.1,36.5,30.7,2026-07-21 16:02:19
2761,2,39.2,17.7,25.3,0.51,14.7,7.0,49.0,22.7,58.4,2026-07-21 16:10:19
2762,4,43.1,18.5,26.1,0.49,19.5,8.4,26.4,32.3,61.3,2026-07-21 16:18:19
2763,10,69.5,31.7,53.3,0.9,24.9,12.1,43.1,35.4,80.8,2026-07-21 16:26:19
2764,9,15.0,5.0,7.7,0.18,10.0,5.0,37.8,36.2,61.1,2026-07-21 16:34:19
2765,9,113.5,50.9,97.8,1.6,43.7,20.3,29.4,26.1,78.3,2026-07-21 16:42:19
2766,1,43.6,19.1,37.8,0.59,18.4,5.7,32.0,35.0,45.8,2026-07-21 16:50:19
2767,4,84.4,37.0,52.9,1.18,35.6,12.8,47.3,22.3,58.1,2026-07-21 16:58:19
2768,6,43.5,20.0,34.4,0.7,14.9,8.2,40.0,32.1,50.6,2026-07-21 17:06:19
2769,8,142.3,63.4,117.6,1.9,56.4,23.7,42.5,31.0,37.0,2026-07-21 17:14:19
2770,8,48.3,21.4,30.2,0.55,19.5,7.9,39.8,22.1,42.0,2026-07-21 17:22:19
2771,10,68.8,30.5,54.4,0.95,27.9,11.6,48.8,21.1,44.9,2026-07-21 17:30:19
2772,5,169.1,74.9,122.4,2.19,68.5,28.9,44.3,35.1,74.4,2026-07-21 17:38:19
2773,7,119.4,52.1,107.7,1.61,51.2,20.5,25.5,35.0,72.1,2026-07-21 17:46:19
2774,7,93.1,41.4,71.2,1.17,37.1,15.9,34.5,34.9,44.2,2026-07-21 17:54:19
2775,8,106.0,47.0,73.4,1.34,42.7,17.1,47.5,19.0,69.6,2026-07-21 18:02:19
2776,1,97.5,42.5,74.9,1.37,42.1,18.5,30.2,31.8,43.2,2026-07-21 18:10:19
2777,7,36.2,16.9,23.9,0.47,11.6,5.0,26.7,27.2,43.7,2026-07-21 18:18:19
2778,2,97.6,43.6,67.1,1.28,38.2,16.6,52.1,36.8,34.3,2026-07-21 18:26:19
2779,1,54.2,23.6,43.9,0.62,23.5,9.4,37.7,30.0,70.6,2026-07-21 18:34:19
2780,4,79.6,36.1,63.3,1.04,29.3,14.4,29.0,20.2,35.4,2026-07-21 18:42:19
2781,10,96.2,42.0,67.3,1.17,41.1,17.9,41.1,21.0,33.9,2026-07-21 18:50:19
2782,1,97.6,42.5,71.9,1.18,42.2,19.0,32.6,34.0,39.3,2026-07-21 18:58:19
2783,5,23.0,10.0,18.4,0.26,10.0,5.0,48.1,22.9,61.2,2026-07-21 19:06:19
2784,3,74.0,32.0,65.2,1.05,32.7,13.5,40.8,33.6,82.2,2026-07-21 19:14:19
2785,6,89.1,39.8,78.3,1.19,35.0,16.4,43.1,32.0,84.6,2026-07-21 19:22:19
2786,3,112.7,50.1,88.4,1.57,45.0,18.7,44.0,30.0,66.6,2026-07-21 19:30:19
2787,3,44.6,18.9,27.7,0.59,21.2,6.5,40.0,32.4,82.0,2026-07-21 19:38:19
2788,3,81.5,37.3,56.3,1.03,28.7,15.0,44.0,28.7,49.3,2026-07-21 19:46:19
2789,2,125.0,55.2,108.3,1.59,51.2,20.9,52.5,24.8,79.8,2026-07-21 19:54:19
2790,8,73.6,33.7,57.0,0.93,25.8,13.4,35.7,28.6,71.7,2026-07-21 20:02:19
2791,2,111.6,50.0,77.4,1.59,43.2,20.8,48.3,26.2,66.6,2026-07-21 20:10:19
2792,7,89.7,39.2,79.8,1.23,38.2,15.7,33.2,29.2,61.2,2026-07-21 20:18:19
2793,3,107.8,46.9,87.2,1.37,46.8,19.0,33.9,25.9,79.2,2026-07-21 20:26:19
2794,1,53.4,24.0,46.1,0.7,20.3,8.4,47.9,32.5,43.4,2026-07-21 20:34:19
2795,8,88.6,39.2,61.0,1.08,36.0,15.0,25.4,26.2,78.6,2026-07-21 20:42:19
2796,9,78.6,35.2,67.1,1.03,30.4,14.8,34.7,34.1,84.4,2026-07-21 20:50:19
2797,10,75.5,32.7,54.8,0.9,33.2,12.3,35.4,20.3,71.7,2026-07-21 20:58:19
2798,7,50.6,23.4,43.1,0.7,16.9,9.1,45.0,31.7,58.7,2026-07-21 21:06:19
2799,7,77.8,34.3,57.3,1.1,32.1,15.3,32.1,26.0,50.4,2026-07-21 21:14:19
2800,1,97.2,42.5,64.3,1.22,41.5,18.5,44.1,23.0,43.2,2026-07-21 21:22:19
2801,9,98.8,45.0,87.9,1.4,35.6,18.2,46.8,21.1,61.8,2026-07-21 21:30:19
2802,4,119.1,53.5,110.2,1.56,45.6,22.8,48.8,36.8,42.0,2026-07-21 21:38:19
2803,7,86.3,39.0,67.1,1.17,32.2,15.2,39.3,34.5,60.1,2026-07-21 21:46:19
2804,2,59.9,25.9,43.2,0.72,26.6,8.7,44.8,19.1,31.1,2026-07-21 21:54:19
2805,4,64.9,28.7,55.1,0.85,26.5,10.6,46.9,32.4,52.1,2026-07-21 22:02:19
2806,3,114.0,51.0,92.1,1.61,44.4,21.1,53.9,20.6,30.0,2026-07-21 22:10:19
2807,9,125.7,55.4,82.6,1.69,51.9,22.2,47.1,22.5,67.8,2026-07-21 22:18:19
2808,7,94.2,42.5,62.4,1.3,35.5,15.5,53.8,36.9,61.3,2026-07-21 22:26:19
2809,4,128.0,57.8,105.8,1.68,48.0,23.2,25.9,27.2,77.6,2026-07-21 22:34:19
2810,10,62.8,28.0,51.9,0.88,24.9,12.1,49.4,20.7,48.5,2026-07-21 22:42:19
2811,10,163.2,72.5,127.5,2.18,65.4,30.0,36.8,32.1,60.1,2026-07-21 22:50:19
2812,2,103.9,46.4,86.9,1.47,40.7,17.3,42.7,18.9,84.4,2026-07-21 22:58:19
2813,2,95.9,41.6,76.6,1.33,42.1,18.0,31.9,35.5,52.3,2026-07-21 23:06:19
2814,8,69.9,30.9,54.9,0.88,28.5,14.4,25.2,36.6,77.5,2026-07-21 23:14:19
2815,5,38.7,17.1,35.1,0.61,15.8,7.3,43.4,36.3,58.6,2026-07-21 23:22:19
2816,5,107.0,47.5,95.1,1.35,43.1,18.9,41.2,23.7,61.2,2026-07-21 23:30:19
2817,5,100.4,43.9,64.8,1.22,42.7,17.4,31.3,37.4,75.7,2026-07-21 23:38:19
2818,1,88.9,39.2,67.2,1.23,36.7,14.0,50.2,18.6,54.2,2026-07-21 23:46:19
2819,3,90.4,40.9,84.4,1.22,33.6,14.8,40.4,36.8,44.8,2026-07-21 23:54:19
2820,10,78.9,34.4,67.7,0.95,33.9,11.9,40.1,27.9,30.1,2026-07-22 00:02:19
2821,2,49.8,23.2,45.5,0.62,16.1,9.8,28.5,30.7,49.2,2026-07-22 00:10:19
2822,8,41.1,17.9,28.8,0.59,17.7,8.9,28.0,21.0,70.8,2026-07-22 00:18:19
2823,8,29.5,12.6,26.4,0.3,13.6,5.0,39.1,28.7,58.3,2026-07-22 00:26:19
2824,3,61.2,26.2,44.8,0.8,28.0,11.6,42.9,29.9,76.1,2026-07-22 00:34:19
2825,4,127.9,57.4,116.2,1.7,49.1,22.5,49.1,37.4,81.5,2026-07-22 00:42:19
2826,7,75.7,34.5,66.3,1.04,27.2,12.4,41.3,20.4,68.3,2026-07-22 00:50:19
2827,6,122.7,53.7,80.9,1.57,52.0,22.2,54.9,24.7,68.4,2026-07-22 00:58:19
2828,6,136.5,60.7,88.2,1.77,54.5,23.3,25.5,30.8,72.1,2026-07-22 01:06:19
2829,10,104.5,46.2,78.2,1.46,42.7,17.3,26.3,22.8,45.5,2026-07-22 01:14:19
2830,9,40.1,17.3,30.7,0.48,18.0,8.9,52.4,36.2,30.9,2026-07-22 01:22:19
2831,7,68.7,30.8,43.6,1.02,26.5,11.7,36.6,27.7,78.8,2026-07-22 01:30:19
2832,6,42.0,18.9,34.4,0.56,16.0,8.8,45.0,35.0,68.5,2026-07-22 01:38:19
2833,6,90.7,39.6,73.6,1.14,38.9,16.8,37.0,35.4,49.3,2026-07-22 01:46:19
2834,3,107.8,47.1,84.6,1.48,46.0,19.5,27.2,32.1,46.2,2026-07-22 01:54:19
2835,7,106.4,46.7,92.1,1.3,44.6,19.6,47.6,35.6,57.4,2026-07-22 02:02:19
2836,4,15.0,5.0,7.3,0.15,10.0,5.0,41.6,29.3,82.5,2026-07-22 02:10:19
2837,5,139.1,62.4,96.6,1.88,53.5,23.8,51.0,29.6,74.9,2026-07-22 02:18:19
2838,10,47.8,21.5,35.7,0.64,18.2,9.2,35.4,21.3,60.3,2026-07-22 02:26:19
2839,1,38.8,18.3,31.5,0.63,11.8,9.1,39.8,36.8,38.9,2026-07-22 02:34:19
2840,3,122.2,54.9,114.8,1.62,46.7,23.9,51.4,27.8,80.8,2026-07-22 02:42:19
2841,4,40.0,16.9,35.0,0.57,19.2,5.1,25.2,32.7,74.6,2026-07-22 02:50:19
2842,10,65.0,29.2,43.2,0.91,24.9,13.2,36.7,25.0,72.4,2026-07-22 02:58:19
2843,8,64.0,29.0,43.4,0.95,23.6,11.2,52.5,24.2,75.8,2026-07-22 03:06:19
2844,4,78.0,34.0,51.6,1.04,33.6,11.9,53.0,23.0,55.0,2026-07-22 03:14:19
2845,10,40.2,16.9,29.2,0.44,19.6,6.8,54.3,33.8,53.1,2026-07-22 03:22:19
2846,5,68.3,30.6,57.1,1.0,26.5,14.2,43.1,23.3,59.3,2026-07-22 03:30:19
2847,10,72.1,33.1,62.1,1.08,25.1,13.5,36.8,28.3,81.2,2026-07-22 03:38:19
2848,2,100.1,43.8,76.9,1.38,42.5,18.1,44.0,21.8,39.4,2026-07-22 03:46:19
2849,1,106.7,46.8,72.2,1.34,44.9,17.7,51.9,27.1,40.1,2026-07-22 03:54:19
2850,1,113.8,51.4,85.0,1.62,42.5,21.3,39.3,18.2,34.4,2026-07-22 04:02:19
2851,7,27.7,12.6,18.4,0.28,10.0,5.0,46.9,22.0,68.5,2026-07-22 04:10:19
2852,7,36.0,16.7,29.6,0.54,11.8,5.9,45.2,26.2,34.1,2026-07-22 04:18:19
2853,3,15.0,5.0,7.4,0.1,10.0,5.0,47.7,25.2,75.4,2026-07-22 04:26:19
2854,3,61.8,27.2,56.9,0.79,25.7,11.9,34.6,32.7,62.7,2026-07-22 04:34:19
2855,9,50.3,21.9,41.8,0.65,21.8,7.9,32.4,36.5,36.2,2026-07-22 04:42:19
2856,8,45.4,20.4,31.5,0.54,17.3,7.1,48.6,26.3,83.7,2026-07-22 04:50:19
2857,7,92.7,40.1,66.9,1.28,41.1,14.3,54.3,35.8,42.1,2026-07-22 04:58:19
2858,10,102.6,45.4,72.2,1.4,41.8,16.7,48.5,29.0,58.5,2026-07-22 05:06:19
2859,3,58.2,25.5,44.1,0.74,24.6,11.1,30.4,18.1,64.2,2026-07-22 05:14:19
2860,6,73.1,33.6,55.7,1.0,25.2,12.9,31.6,28.7,68.9,2026-07-22 05:22:19
2861,7,114.6,50.2,82.4,1.6,48.5,19.0,36.3,21.0,33.5,2026-07-22 05:30:19
2862,7,59.4,27.1,55.8,0.83,21.2,11.7,50.9,26.1,68.7,2026-07-22 05:38:19
2863,7,46.9,20.1,39.0,0.53,21.5,7.1,41.4,22.1,33.0,2026-07-22 05:46:19
2864,3,68.7,29.9,53.1,0.87,29.8,13.8,53.0,34.8,41.2,2026-07-22 05:54:19
2865,4,82.0,36.4,57.4,1.15,32.9,14.4,42.7,18.3,46.1,2026-07-22 06:02:19
2866,6,126.4,55.3,94.0,1.56,53.8,23.7,28.2,26.1,84.5,2026-07-22 06:10:19
2867,3,66.0,28.8,51.4,0.81,28.3,10.8,25.1,22.7,43.4,2026-07-22 06:18:19
2868,2,46.9,21.0,32.2,0.56,18.1,7.1,49.6,22.8,57.9,2026-07-22 06:26:19
2869,2,38.8,17.7,27.7,0.48,13.9,5.7,26.5,20.8,72.6,2026-07-22 06:34:19
2870,2,74.7,34.2,71.7,1.05,26.2,14.1,33.2,25.7,83.9,2026-07-22 06:42:19
2871,5,96.2,43.5,84.4,1.39,35.7,17.8,33.0,24.9,69.3,2026-07-22 06:50:19
2872,3,19.2,7.9,15.7,0.24,10.0,5.0,32.1,36.2,82.6,2026-07-22 06:58:19
2873,3,15.0,5.0,9.2,0.13,10.0,5.0,52.1,30.6,67.8,2026-07-22 07:06:19
2874,1,15.0,5.0,7.3,0.1,10.0,5.0,47.3,29.6,42.3,2026-07-22 07:14:19
2875,7,63.9,28.4,59.3,0.88,25.5,13.3,27.9,21.1,77.4,2026-07-22 07:22:19
2876,5,117.8,52.1,89.3,1.58,48.1,22.7,32.2,25.9,81.8,2026-07-22 07:30:19
2877,10,68.0,30.0,58.1,0.87,28.1,12.9,37.0,19.9,41.0,2026-07-22 07:38:19
2878,4,91.9,40.3,77.8,1.21,38.8,16.0,32.9,18.4,34.7,2026-07-22 07:46:19
2879,5,67.1,29.9,58.5,0.86,26.5,12.3,32.2,29.0,42.2,2026-07-22 07:54:19
2880,5,15.0,5.0,8.3,0.19,10.0,5.0,44.3,21.7,52.5,2026-07-22 08:02:19
2881,9,101.6,44.6,87.2,1.28,42.6,18.0,31.7,24.5,66.2,2026-07-22 08:10:19
2882,8,42.2,19.8,38.5,0.59,13.1,6.5,25.1,24.2,84.2,2026-07-22 08:18:19
2883,10,110.2,48.7,91.7,1.39,45.1,20.8,47.9,22.2,47.6,2026-07-22 08:26:19
2884,9,105.4,47.5,78.9,1.41,39.8,18.4,26.9,24.9,32.3,2026-07-22 08:34:19
2885,8,72.7,33.3,67.3,0.94,25.5,14.2,34.3,37.4,30.4,2026-07-22 08:42:19
2886,8,63.6,28.6,59.3,0.8,24.2,10.1,45.4,22.4,58.9,2026-07-22 08:50:19
2887,8,67.7,29.3,54.5,0.79,29.9,13.3,41.4,21.4,80.4,2026-07-22 08:58:19
2888,10,28.4,12.5,23.9,0.34,11.9,5.0,35.5,28.7,60.6,2026-07-22 09:06:19
2889,2,138.2,62.0,116.0,1.81,53.1,24.5,36.9,20.3,30.0,2026-07-22 09:14:19
2890,8,27.1,12.3,25.7,0.38,10.0,5.0,29.1,37.0,36.3,2026-07-22 09:22:19
2891,3,105.1,45.7,72.0,1.39,45.7,17.8,45.4,32.8,82.7,2026-07-22 09:30:19
2892,6,20.7,8.7,13.9,0.27,10.0,5.0,26.4,26.9,40.1,2026-07-22 09:38:19
2893,1,47.3,22.1,35.9,0.64,15.1,6.9,26.0,21.6,67.4,2026-07-22 09:46:19
2894,3,23.7,10.4,20.6,0.27,10.0,5.0,50.9,33.4,47.1,2026-07-22 09:54:19
2895,8,76.0,33.6,65.6,1.03,31.0,13.7,30.7,34.6,35.2,2026-07-22 10:02:19
2896,9,117.1,52.1,76.9,1.49,46.6,21.2,38.5,35.4,46.7,2026-07-22 10:10:19
2897,7,136.8,60.6,111.3,1.73,55.5,23.1,35.4,36.2,66.3,2026-07-22 10:18:19
2898,2,132.7,58.1,111.3,1.66,56.3,24.8,42.8,18.2,70.2,2026-07-22 10:26:19
2899,8,101.8,44.4,82.3,1.27,43.7,18.9,26.7,32.3,76.8,2026-07-22 10:34:19
2900,5,92.9,40.7,60.6,1.31,39.3,16.4,30.5,26.2,68.6,2026-07-22 10:42:19
2901,6,15.0,5.0,8.8,0.11,10.0,5.0,39.1,24.4,57.3,2026-07-22 10:50:19
2902,7,67.8,30.7,43.4,0.86,25.1,11.8,37.2,27.2,63.2,2026-07-22 10:58:19
2903,4,100.2,43.9,66.0,1.39,42.3,16.4,37.1,35.0,35.0,2026-07-22 11:06:19
2904,5,53.2,23.0,40.5,0.79,23.7,8.7,54.6,33.6,46.0,2026-07-22 11:14:19
2905,6,61.2,26.9,44.9,0.74,25.5,12.5,45.4,35.0,72.4,2026-07-22 11:22:19
2906,10,15.0,5.0,9.9,0.21,10.0,5.0,47.1,31.7,53.1,2026-07-22 11:30:19
2907,2,51.5,23.1,37.7,0.66,19.8,10.0,46.8,35.6,57.6,2026-07-22 11:38:19
2908,1,32.8,14.2,21.8,0.48,14.5,7.5,30.1,32.8,45.5,2026-07-22 11:46:19
2909,5,77.7,33.9,59.0,0.98,33.3,13.2,32.5,27.1,84.6,2026-07-22 11:54:19
2910,4,29.2,12.9,23.8,0.35,12.0,6.6,39.8,34.2,55.1,2026-07-22 12:02:19
2911,5,82.1,37.3,65.3,1.2,30.0,15.8,43.0,35.3,31.9,2026-07-22 12:10:19
2912,10,32.2,15.1,21.5,0.53,10.0,5.2,25.6,33.3,75.5,2026-07-22 12:18:19
2913,10,99.1,43.0,70.0,1.3,43.4,16.5,25.9,27.3,64.3,2026-07-22 12:26:19
2914,4,38.9,17.4,33.2,0.51,15.1,6.0,36.4,19.7,46.8,2026-07-22 12:34:19
2915,7,126.1,56.2,99.4,1.63,49.8,20.5,39.3,28.2,38.1,2026-07-22 12:42:19
2916,3,82.0,36.1,57.9,1.15,34.0,14.4,39.7,27.7,49.3,2026-07-22 12:50:19
2917,8,151.1,66.2,107.4,1.98,63.9,25.0,41.1,34.6,82.7,2026-07-22 12:58:19
2918,8,74.2,32.4,56.3,1.0,31.7,12.6,53.1,22.9,67.8,2026-07-22 13:06:19
2919,1,101.1,45.1,84.9,1.42,39.8,19.2,31.3,26.1,63.4,2026-07-22 13:14:19
2920,5,113.8,49.8,94.3,1.41,48.3,18.4,41.6,31.0,52.0,2026-07-22 13:22:19
2921,2,45.3,20.7,36.6,0.68,16.1,8.9,27.2,37.3,60.1,2026-07-22 13:30:19
2922,5,58.4,25.8,39.6,0.87,23.9,8.7,38.6,35.1,55.6,2026-07-22 13:38:19
2923,8,18.3,7.4,14.8,0.15,10.0,5.0,26.7,36.4,84.4,2026-07-22 13:46:19
2924,6,90.5,40.9,82.7,1.32,33.7,16.5,50.1,26.7,31.7,2026-07-22 13:54:19
2925,4,138.0,60.7,119.6,1.83,57.5,22.3,27.2,33.0,32.4,2026-07-22 14:02:19
2926,10,104.3,47.1,75.4,1.49,39.0,18.1,28.3,36.8,40.3,2026-07-22 14:10:19
2927,4,61.6,27.3,46.1,0.89,25.0,12.2,25.2,19.7,66.8,2026-07-22 14:18:19
2928,9,48.1,21.0,41.3,0.62,20.5,8.3,49.8,33.7,43.8,2026-07-22 14:26:19
2929,1,95.6,41.5,70.5,1.27,41.8,18.0,45.2,22.6,78.7,2026-07-22 14:34:19
2930,1,66.5,30.5,50.3,0.98,23.1,13.0,52.5,22.3,47.3,2026-07-22 14:42:19
2931,4,115.7,50.6,75.4,1.47,49.2,18.5,28.4,35.5,58.0,2026-07-22 14:50:19
2932,5,62.5,26.7,52.8,0.86,28.8,12.3,37.2,35.1,33.1,2026-07-22 14:58:19
2933,4,116.4,52.1,101.3,1.59,45.2,20.8,31.6,28.5,54.9,2026-07-22 15:06:19
2934,10,98.5,44.4,85.7,1.43,37.1,17.8,50.8,23.9,72.6,2026-07-22 15:14:19
2935,10,68.6,29.9,57.5,0.95,29.5,11.3,27.4,22.1,33.2,2026-07-22 15:22:19
2936,3,136.7,60.7,126.7,1.92,54.9,24.3,41.6,28.0,72.3,2026-07-22 15:30:19
2937,4,65.4,29.5,57.2,0.95,24.6,12.5,38.4,21.8,83.6,2026-07-22 15:38:19
2938,5,62.7,26.8,40.9,0.85,28.9,9.7,26.8,25.7,31.6,2026-07-22 15:46:19
2939,6,54.3,25.1,35.5,0.81,18.3,11.6,49.2,21.8,59.1,2026-07-22 15:54:19
2940,6,47.5,20.7,30.1,0.64,20.4,8.0,52.2,18.5,52.5,2026-07-22 16:02:19
2941,3,50.2,23.3,37.9,0.64,16.6,8.5,34.3,25.8,82.7,2026-07-22 16:10:19
2942,9,82.6,36.9,63.8,1.12,32.3,16.6,54.3,22.1,75.6,2026-07-22 16:18:19
2943,9,115.8,51.0,105.7,1.5,47.9,20.6,45.3,30.3,70.1,2026-07-22 16:26:19
2944,9,124.9,54.8,105.0,1.59,52.6,20.2,37.8,34.6,34.1,2026-07-22 16:34:19
2945,6,73.1,31.4,65.6,0.89,33.2,13.9,41.5,18.7,57.0,2026-07-22 16:42:19
2946,8,116.9,51.3,86.6,1.47,49.1,19.4,45.9,26.9,84.3,2026-07-22 16:50:19
2947,5,32.1,14.7,24.2,0.35,11.2,5.3,47.9,32.6,34.3,2026-07-22 16:58:19
2948,1,66.4,29.2,52.0,0.83,27.7,11.1,25.8,19.0,30.3,2026-07-22 17:06:19
2949,8,44.9,20.4,30.4,0.58,16.3,6.7,43.0,34.1,70.2,2026-07-22 17:14:19
2950,2,71.5,31.7,63.7,0.86,28.9,11.3,48.1,33.2,73.5,2026-07-22 17:22:19
2951,5,135.2,60.8,115.8,1.75,51.6,24.7,42.1,18.6,83.3,2026-07-22 17:30:19
2952,6,125.2,56.0,90.5,1.66,48.8,23.5,40.2,31.9,74.0,2026-07-22 17:38:19
2953,10,74.9,34.3,51.2,1.08,26.3,15.0,41.7,25.3,73.2,2026-07-22 17:46:19
2954,6,65.7,28.1,53.5,0.89,30.2,10.6,40.0,30.5,65.7,2026-07-22 17:54:19
2955,1,81.8,36.0,73.8,1.17,34.1,15.4,48.0,28.1,58.6,2026-07-22 18:02:19
2956,7,78.8,35.8,56.1,1.02,28.7,12.9,36.2,29.3,41.7,2026-07-22 18:10:19
2957,3,112.4,50.8,71.6,1.57,41.9,18.7,40.1,25.2,59.8,2026-07-22 18:18:19
2958,2,118.2,52.0,91.3,1.47,49.1,19.9,30.9,20.9,63.9,2026-07-22 18:26:19
2959,8,58.5,26.7,55.7,0.79,20.9,11.0,37.3,19.8,59.1,2026-07-22 18:34:19
2960,3,91.9,40.2,79.6,1.28,39.1,17.3,28.2,31.7,83.6,2026-07-22 18:42:19
2961,4,104.7,46.3,93.7,1.48,42.8,16.8,46.0,26.4,69.7,2026-07-22 18:50:19
2962,9,73.2,33.2,48.3,1.08,26.8,15.3,52.1,21.7,36.3,2026-07-22 18:58:19
2963,3,30.6,13.1,18.9,0.4,14.1,5.0,39.1,23.3,36.9,2026-07-22 19:06:19
2964,10,68.1,31.2,48.2,0.99,23.9,14.1,43.3,28.3,59.4,2026-07-22 19:14:19
2965,2,57.9,26.8,48.4,0.74,19.4,10.1,46.9,33.0,37.9,2026-07-22 19:22:19
2966,5,80.8,35.0,53.4,1.01,35.6,12.9,36.0,18.3,83.1,2026-07-22 19:30:19
2967,7,103.3,45.0,89.7,1.27,44.6,18.0,41.9,24.0,58.6,2026-07-22 19:38:19
2968,6,121.3,53.4,107.5,1.59,50.3,21.1,25.3,18.8,82.4,2026-07-22 19:46:19
2969,6,122.8,53.6,81.9,1.6,52.6,21.6,48.3,33.5,76.6,2026-07-22 19:54:19
2970,8,56.3,24.3,37.1,0.77,25.1,8.0,38.3,34.5,49.2,2026-07-22 20:02:19
2971,8,83.9,37.0,71.4,1.07,34.5,16.3,42.6,37.1,32.7,2026-07-22 20:10:19
2972,9,81.2,37.2,70.9,1.17,28.5,13.8,37.7,23.6,56.0,2026-07-22 20:18:19
2973,7,102.5,46.4,72.7,1.47,37.9,16.9,53.9,26.7,36.1,2026-07-22 20:26:19
2974,5,50.6,22.3,43.7,0.63,21.0,7.3,43.3,29.7,72.5,2026-07-22 20:34:19
2975,10,124.1,55.8,80.9,1.71,47.3,20.7,47.4,36.8,62.8,2026-07-22 20:42:19
2976,5,20.3,8.5,14.7,0.19,10.0,5.0,49.2,27.2,76.3,2026-07-22 20:50:19
2977,7,115.8,50.9,102.0,1.6,48.3,18.6,46.7,18.8,38.8,2026-07-22 20:58:19
2978,6,135.1,59.9,123.5,1.9,54.6,23.6,46.8,29.8,49.7,2026-07-22 21:06:19
2979,7,70.2,31.5,61.9,1.04,26.9,13.8,28.8,23.5,30.5,2026-07-22 21:14:19
2980,3,82.2,37.0,73.1,1.19,31.1,16.4,54.2,33.5,56.3,2026-07-22 21:22:19
2981,4,106.4,46.6,90.3,1.49,45.0,20.4,27.3,29.0,73.8,2026-07-22 21:30:19
2982,2,37.3,16.1,33.3,0.52,16.6,5.6,33.7,21.1,55.9,2026-07-22 21:38:19
2983,4,146.9,65.2,133.9,1.92,59.0,27.3,37.8,37.4,55.5,2026-07-22 21:46:19
2984,7,69.4,31.7,64.2,1.02,24.7,14.2,44.6,30.4,44.5,2026-07-22 21:54:19
2985,1,71.5,30.9,51.6,0.87,31.8,12.3,36.5,33.4,73.5,2026-07-22 22:02:19
2986,3,72.8,33.1,60.9,1.05,26.5,12.4,32.8,32.2,41.8,2026-07-22 22:10:19
2987,9,77.5,33.6,52.9,0.96,34.1,12.9,38.8,21.4,35.3,2026-07-22 22:18:19
2988,7,60.0,25.6,50.6,0.72,27.9,10.3,25.8,19.2,55.7,2026-07-22 22:26:19
2989,8,81.7,35.9,53.2,1.03,34.1,15.1,39.4,37.9,50.7,2026-07-22 22:34:19
2990,7,68.4,30.3,56.0,0.88,27.7,12.6,34.2,33.6,32.1,2026-07-22 22:42:19
2991,10,25.4,11.3,16.1,0.27,10.2,5.0,49.2,30.9,53.9,2026-07-22 22:50:19
2992,6,85.6,38.0,67.2,1.18,34.4,15.5,38.1,30.8,67.2,2026-07-22 22:58:19
2993,8,89.4,40.1,84.0,1.29,34.5,15.9,42.8,31.4,32.7,2026-07-22 23:06:19
2994,3,46.5,20.1,40.7,0.58,20.6,7.3,52.1,23.4,30.4,2026-07-22 23:14:19
2995,9,86.2,39.2,82.2,1.24,31.3,17.2,47.3,37.7,44.9,2026-07-22 23:22:19
2996,9,66.3,28.7,50.8,0.91,29.3,9.6,48.6,22.5,62.6,2026-07-22 23:30:19
2997,2,80.5,36.4,63.5,1.05,29.9,14.2,41.3,23.1,64.0,2026-07-22 23:38:19
2998,3,120.2,53.2,106.6,1.51,48.8,20.3,28.3,31.4,81.2,2026-07-22 23:46:19
2999,5,92.2,41.6,72.3,1.18,34.7,18.4,34.1,26.6,82.8,2026-07-22 23:54:19
3000,2,129.5,58.2,108.5,1.78,49.4,22.5,35.7,22.9,42.2,2026-07-23 00:02:19
3001,7,101.4,44.5,74.6,1.34,42.6,19.5,31.3,21.6,48.4,2026-07-23 00:10:19
3002,7,80.4,35.9,73.0,1.12,31.6,15.5,43.0,26.1,78.9,2026-07-23 00:18:19
3003,10,94.1,42.3,70.6,1.32,36.0,18.3,35.0,23.2,69.1,2026-07-23 00:26:19
3004,5,116.8,51.9,103.4,1.58,46.8,21.2,36.9,35.1,58.6,2026-07-23 00:34:19
3005,4,99.6,44.8,69.6,1.41,38.0,16.5,39.1,23.5,82.4,2026-07-23 00:42:19
3006,2,125.2,55.2,87.4,1.7,51.7,21.7,35.2,19.0,52.1,2026-07-23 00:50:19
3007,8,56.3,24.6,35.3,0.68,24.0,10.8,44.7,20.9,62.8,2026-07-23 00:58:19
3008,5,89.2,39.1,77.2,1.24,37.6,14.6,40.1,27.4,51.0,2026-07-23 01:06:19
3009,10,74.3,33.7,61.4,1.1,27.3,14.3,43.3,25.2,35.0,2026-07-23 01:14:19
3010,7,48.0,21.8,37.6,0.67,17.6,9.5,49.1,29.8,43.6,2026-07-23 01:22:19
3011,3,69.4,30.7,46.1,0.95,28.3,11.8,52.1,32.6,45.9,2026-07-23 01:30:19
3012,6,66.9,29.2,44.5,0.84,28.7,13.0,37.9,30.6,47.2,2026-07-23 01:38:19
3013,4,93.3,40.6,72.2,1.23,40.4,18.1,42.4,19.8,71.5,2026-07-23 01:46:19
3014,10,58.8,25.7,37.5,0.72,25.0,10.8,47.1,30.5,36.1,2026-07-23 01:54:19
3015,6,88.2,40.3,68.8,1.27,31.3,14.2,32.0,26.4,71.2,2026-07-23 02:02:19
3016,9,83.3,37.9,61.7,1.1,30.2,15.3,44.3,28.2,47.8,2026-07-23 02:10:19
3017,4,71.9,31.5,51.5,0.91,30.4,13.4,51.7,29.8,47.4,2026-07-23 02:18:19
3018,5,131.4,58.3,83.1,1.68,53.0,24.6,35.8,35.3,83.8,2026-07-23 02:26:19
3019,5,117.9,51.6,82.3,1.58,50.1,22.6,35.9,32.3,57.4,2026-07-23 02:34:19
3020,4,106.3,48.3,88.6,1.46,38.8,18.1,40.9,34.3,55.0,2026-07-23 02:42:19
3021,4,29.5,13.6,24.6,0.37,10.0,5.3,26.2,20.2,42.6,2026-07-23 02:50:19
3022,5,93.0,41.8,73.6,1.2,35.6,17.8,48.5,21.2,45.2,2026-07-23 02:58:19
3023,5,43.2,19.4,34.7,0.55,16.5,6.7,33.7,20.3,36.6,2026-07-23 03:06:19
3024,2,40.8,18.1,32.1,0.53,16.5,7.1,51.1,25.2,70.8,2026-07-23 03:14:19
3025,1,33.0,14.0,21.1,0.48,15.5,7.5,35.0,29.5,37.9,2026-07-23 03:22:19
3026,6,45.3,19.4,37.0,0.5,20.7,8.7,50.7,32.7,31.1,2026-07-23 03:30:19
3027,10,98.3,42.6,75.8,1.23,43.3,17.8,26.0,29.1,75.2,2026-07-23 03:38:19
3028,2,122.9,55.2,87.4,1.75,47.1,22.7,47.6,25.0,65.5,2026-07-23 03:46:19
3029,10,112.4,50.8,102.2,1.47,41.9,18.7,28.7,37.8,68.3,2026-07-23 03:54:19
3030,1,51.8,23.4,47.6,0.61,19.3,8.5,26.9,20.4,48.2,2026-07-23 04:02:19
3031,1,137.3,62.1,116.8,1.84,51.0,25.2,42.7,37.0,42.2,2026-07-23 04:10:19
3032,8,82.2,36.4,54.5,1.05,33.4,12.8,48.2,22.0,57.9,2026-07-23 04:18:19
3033,1,117.6,51.5,87.4,1.58,49.8,22.4,46.0,26.4,73.0,2026-07-23 04:26:19
3034,7,61.7,28.1,40.6,0.89,22.2,13.1,36.1,37.1,51.8,2026-07-23 04:34:19
3035,4,109.7,49.7,84.7,1.53,40.4,19.0,28.8,25.2,68.2,2026-07-23 04:42:19
3036,8,70.9,31.0,53.4,0.89,30.1,14.3,40.8,32.8,62.4,2026-07-23 04:50:19
3037,3,26.3,10.9,19.4,0.32,13.4,5.0,49.6,19.6,77.1,2026-07-23 04:58:19
3038,3,31.9,13.9,27.7,0.4,13.8,5.7,54.4,22.1,50.8,2026-07-23 05:06:19
3039,6,103.1,46.4,78.6,1.42,39.1,17.4,37.1,32.5,72.0,2026-07-23 05:14:19
3040,2,97.6,42.8,77.9,1.2,41.1,16.5,50.4,20.2,84.9,2026-07-23 05:22:19
3041,1,106.4,47.2,71.9,1.42,42.8,18.2,36.3,18.1,51.7,2026-07-23 05:30:19
3042,7,72.8,32.8,64.5,0.93,27.5,13.1,29.8,26.6,66.1,2026-07-23 05:38:19
3043,10,69.5,29.9,57.0,0.98,31.3,10.4,50.2,18.6,43.2,2026-07-23 05:46:19
3044,8,48.8,20.7,33.4,0.6,23.1,10.3,54.5,24.7,37.3,2026-07-23 05:54:19
3045,10,90.8,40.6,59.2,1.18,35.4,15.9,38.5,30.6,54.5,2026-07-23 06:02:19
3046,8,119.5,52.6,87.8,1.67,49.6,21.7,34.3,32.0,46.5,2026-07-23 06:10:19
3047,7,66.3,29.8,48.9,0.95,25.3,11.2,54.3,34.6,32.0,2026-07-23 06:18:19
3048,9,77.9,34.7,58.0,1.09,30.9,13.5,32.9,35.9,72.0,2026-07-23 06:26:19
3049,4,83.6,37.8,79.1,1.09,31.2,16.7,26.0,37.0,32.7,2026-07-23 06:34:19
3050,7,116.0,50.8,99.8,1.54,49.2,18.8,31.6,25.7,56.5,2026-07-23 06:42:19
3051,10,55.3,25.2,45.6,0.69,19.9,11.6,47.2,36.2,33.6,2026-07-23 06:50:19
3052,10,61.3,26.8,37.7,0.87,26.1,10.0,34.7,31.0,70.9,2026-07-23 06:58:19
3053,5,17.1,6.7,10.6,0.24,10.0,5.0,33.5,23.9,30.5,2026-07-23 07:06:19
3054,10,74.5,33.5,50.7,1.02,28.4,12.5,29.6,37.5,32.2,2026-07-23 07:14:19
3055,5,132.8,59.0,103.0,1.77,53.1,21.8,53.9,19.5,58.4,2026-07-23 07:22:19
3056,4,39.8,17.7,27.9,0.58,15.9,6.7,48.2,21.8,62.5,2026-07-23 07:30:19
3057,8,98.3,43.4,68.0,1.21,40.3,17.6,28.8,29.0,33.3,2026-07-23 07:38:19
3058,2,118.0,53.5,100.1,1.53,43.5,21.5,45.3,35.5,76.8,2026-07-23 07:46:19
3059,6,146.1,65.0,92.3,1.91,58.2,25.5,45.6,22.9,58.5,2026-07-23 07:54:19
3060,8,90.8,40.9,60.9,1.16,34.3,14.6,39.2,37.0,71.1,2026-07-23 08:02:19
3061,3,72.0,31.8,64.0,1.04,29.6,13.3,52.0,25.6,79.9,2026-07-23 08:10:19
3062,6,75.4,32.6,47.1,1.01,33.4,12.8,50.7,33.5,40.3,2026-07-23 08:18:19
3063,3,69.2,31.4,61.8,1.03,25.3,12.2,30.2,32.9,48.0,2026-07-23 08:26:19
3064,3,134.1,58.8,117.9,1.72,56.6,24.0,40.2,28.1,78.1,2026-07-23 08:34:19
3065,9,126.4,56.6,107.8,1.7,49.1,20.8,30.8,32.4,42.6,2026-07-23 08:42:19
3066,9,54.9,24.6,42.3,0.73,21.2,11.4,44.9,35.2,50.0,2026-07-23 08:50:19
3067,10,74.3,34.1,70.7,1.01,25.9,11.8,49.1,18.7,47.5,2026-07-23 08:58:19
3068,10,71.1,32.6,66.5,0.9,24.9,11.7,36.4,18.1,70.9,2026-07-23 09:06:19
3069,5,56.9,24.8,46.6,0.75,24.5,9.7,33.8,32.3,56.8,2026-07-23 09:14:19
3070,2,97.1,42.6,62.0,1.3,40.8,17.6,29.1,18.1,66.6,2026-07-23 09:22:19
3071,8,90.4,39.4,56.1,1.23,39.0,14.5,32.3,21.9,50.2,2026-07-23 09:30:19
3072,8,79.2,36.1,72.5,1.02,28.4,13.6,34.7,30.1,44.0,2026-07-23 09:38:19
3073,1,61.7,26.9,46.7,0.87,26.6,9.4,54.0,25.6,56.9,2026-07-23 09:46:19
3074,1,39.6,17.2,30.7,0.54,17.3,6.1,45.8,25.1,52.2,2026-07-23 09:54:19
3075,1,98.7,44.5,77.0,1.29,37.2,19.4,49.8,33.9,43.0,2026-07-23 10:02:19
3076,9,43.2,18.5,30.0,0.59,19.8,7.0,44.4,25.0,38.8,2026-07-23 10:10:19
3077,2,134.8,60.4,93.8,1.75,52.1,25.3,27.7,26.9,47.3,2026-07-23 10:18:19
3078,9,74.0,32.4,47.9,0.93,31.3,13.3,54.6,25.4,81.4,2026-07-23 10:26:19
3079,4,57.8,26.4,37.3,0.81,20.5,10.5,33.2,24.7,57.6,2026-07-23 10:34:19
3080,4,72.7,31.9,48.9,0.92,30.6,14.7,32.3,26.3,59.4,2026-07-23 10:42:19
3081,3,96.0,43.6,84.5,1.36,35.0,19.3,35.3,27.4,37.1,2026-07-23 10:50:19
3082,2,97.9,44.1,90.8,1.42,37.1,17.9,49.7,29.2,83.8,2026-07-23 10:58:19
3083,8,98.6,43.2,80.3,1.3,41.6,17.3,43.2,20.6,39.7,2026-07-23 11:06:19
3084,9,72.7,32.4,61.4,0.95,28.7,12.5,35.4,33.2,56.5,2026-07-23 11:14:19
3085,4,110.9,50.1,90.8,1.52,41.5,21.4,26.5,27.1,82.8,2026-07-23 11:22:19
3086,10,15.0,5.0,10.2,0.14,10.0,5.0,38.5,27.2,65.5,2026-07-23 11:30:19
3087,7,82.4,36.6,70.7,1.19,33.0,15.3,49.3,32.8,69.9,2026-07-23 11:38:19
3088,5,114.7,52.1,73.1,1.57,41.9,20.0,41.0,37.4,80.0,2026-07-23 11:46:19
3089,10,97.3,43.6,67.3,1.34,37.7,16.6,50.8,22.5,75.5,2026-07-23 11:54:19
3090,5,61.7,27.1,55.7,0.9,25.9,9.3,48.7,27.4,31.3,2026-07-23 12:02:19
3091,2,15.0,5.0,9.8,0.15,10.0,5.0,50.8,29.5,50.3,2026-07-23 12:10:19
3092,10,158.0,70.3,118.2,2.17,62.9,29.8,39.2,35.5,82.9,2026-07-23 12:18:19
3093,3,63.1,28.2,52.2,0.87,24.7,9.6,25.4,26.5,43.6,2026-07-23 12:26:19
3094,3,16.7,6.5,11.2,0.2,10.0,5.0,50.6,20.3,50.0,2026-07-23 12:34:19
3095,8,51.5,23.5,43.5,0.67,18.3,10.6,53.6,28.5,80.1,2026-07-23 12:42:19
3096,5,42.1,19.7,29.0,0.67,13.2,7.2,28.5,31.5,51.8,2026-07-23 12:50:19
3097,5,29.5,13.1,23.4,0.4,11.8,7.2,29.7,20.2,65.7,2026-07-23 12:58:19
3098,4,133.5,59.4,115.1,1.77,53.2,25.3,48.9,33.5,78.6,2026-07-23 13:06:19
3099,1,104.5,46.8,73.2,1.42,40.6,19.1,39.1,37.1,80.5,2026-07-23 13:14:19
3100,6,119.4,52.1,104.8,1.52,51.2,21.0,49.4,30.0,56.9,2026-07-23 13:22:19
3101,5,51.6,22.9,44.7,0.77,20.7,10.9,40.5,22.6,47.9,2026-07-23 13:30:19
3102,4,111.1,49.3,75.0,1.48,44.8,20.6,44.5,37.0,50.5,2026-07-23 13:38:19
3103,5,26.1,10.6,17.8,0.41,14.0,5.0,31.7,37.7,68.2,2026-07-23 13:46:19
3104,8,83.6,37.8,74.4,1.14,31.1,15.1,29.1,29.6,37.6,2026-07-23 13:54:19
3105,6,92.4,41.1,80.6,1.16,36.9,14.6,47.8,34.0,70.2,2026-07-23 14:02:19
3106,9,87.6,38.6,66.8,1.09,36.3,15.5,43.1,27.5,78.0,2026-07-23 14:10:19
3107,7,86.6,38.4,72.4,1.19,35.0,16.9,54.4,33.2,37.0,2026-07-23 14:18:19
3108,8,131.4,59.5,116.2,1.81,48.6,23.7,50.3,20.5,54.8,2026-07-23 14:26:19
3109,10,66.8,30.1,48.8,0.91,25.3,14.0,54.8,35.0,78.1,2026-07-23 14:34:19
3110,5,89.8,40.1,71.7,1.27,35.3,14.2,34.1,22.6,36.1,2026-07-23 14:42:19
3111,3,35.7,14.9,24.9,0.4,17.7,5.0,48.0,28.9,64.6,2026-07-23 14:50:19
3112,9,15.0,5.0,8.5,0.21,10.0,5.0,39.2,18.4,31.4,2026-07-23 14:58:19
3113,1,88.0,40.1,70.6,1.14,31.7,15.9,45.0,32.5,78.1,2026-07-23 15:06:19
3114,3,76.5,34.0,68.4,0.98,30.5,11.9,43.7,28.0,44.8,2026-07-23 15:14:19
3115,3,89.3,40.3,83.1,1.31,33.6,16.4,27.2,20.2,63.4,2026-07-23 15:22:19
3116,1,102.6,45.8,75.5,1.42,40.3,16.4,37.4,20.5,81.0,2026-07-23 15:30:19
3117,4,31.8,13.4,21.7,0.48,15.3,7.4,37.1,36.9,42.1,2026-07-23 15:38:19
3118,5,77.4,34.2,60.3,0.93,31.6,14.2,33.8,24.3,43.7,2026-07-23 15:46:19
3119,2,67.2,30.5,60.3,0.83,24.5,12.5,25.0,30.7,64.2,2026-07-23 15:54:19
3120,5,122.0,54.4,107.4,1.62,48.2,20.3,48.5,20.4,75.0,2026-07-23 16:02:19
3121,5,54.2,24.9,49.3,0.71,18.8,8.9,40.7,36.6,43.7,2026-07-23 16:10:19
3122,10,95.7,41.7,81.6,1.2,41.2,15.7,41.5,23.8,32.7,2026-07-23 16:18:19
3123,3,96.3,43.8,78.1,1.26,35.0,15.6,35.8,27.0,35.5,2026-07-23 16:26:19
3124,2,47.5,22.1,40.5,0.74,15.4,7.3,44.2,21.1,74.6,2026-07-23 16:34:19
3125,9,90.7,39.6,79.0,1.18,38.8,13.9,37.5,24.3,82.7,2026-07-23 16:42:19
3126,3,138.8,62.4,119.3,1.88,52.9,26.8,27.0,23.7,51.1,2026-07-23 16:50:19
3127,7,59.9,26.8,49.3,0.9,23.4,10.4,44.2,36.1,55.3,2026-07-23 16:58:19
3128,4,92.9,41.8,61.5,1.32,35.3,14.9,53.5,30.6,84.9,2026-07-23 17:06:19
3129,10,87.7,39.4,79.2,1.15,33.6,16.0,50.4,28.4,63.1,2026-07-23 17:14:19
3130,3,119.0,53.9,108.2,1.71,43.9,20.6,29.0,33.2,80.8,2026-07-23 17:22:19
3131,2,38.1,16.6,34.0,0.44,16.4,6.0,34.7,34.9,44.1,2026-07-23 17:30:19
3132,9,19.8,8.2,14.6,0.22,10.0,5.1,44.3,35.6,63.9,2026-07-23 17:38:19
3133,1,126.5,56.9,113.0,1.71,48.2,23.3,42.1,37.6,44.7,2026-07-23 17:46:19
3134,9,21.7,9.3,13.6,0.3,10.0,5.0,36.3,36.1,51.8,2026-07-23 17:54:19
3135,9,58.3,25.7,47.9,0.76,24.0,11.8,54.2,25.3,54.3,2026-07-23 18:02:19
3136,5,71.3,30.9,60.1,0.94,31.4,11.1,50.3,20.3,62.7,2026-07-23 18:10:19
3137,2,135.8,60.8,101.2,1.76,52.7,25.9,52.5,20.8,64.8,2026-07-23 18:18:19
3138,6,82.3,36.8,65.2,1.02,32.2,13.1,51.2,28.7,36.2,2026-07-23 18:26:19
3139,3,114.5,50.9,89.4,1.55,45.7,21.3,53.7,20.7,42.5,2026-07-23 18:34:19
3140,1,83.4,36.6,51.4,1.06,35.0,13.9,44.2,37.2,56.9,2026-07-23 18:42:19
3141,4,127.6,57.6,96.1,1.64,47.8,24.5,50.3,24.0,45.8,2026-07-23 18:50:19
3142,2,43.5,20.0,40.9,0.61,15.0,6.6,36.3,29.7,40.1,2026-07-23 18:58:19
3143,7,62.9,29.0,48.8,0.95,21.4,10.5,54.4,20.7,43.0,2026-07-23 19:06:19
3144,6,85.6,37.9,60.8,1.06,34.7,14.7,32.9,25.0,49.9,2026-07-23 19:14:19
3145,9,24.8,11.0,19.9,0.25,10.0,5.0,37.5,31.6,79.6,2026-07-23 19:22:19
3146,6,15.0,5.0,9.9,0.1,10.0,5.0,41.2,34.4,48.7,2026-07-23 19:30:19
3147,4,121.3,54.8,113.3,1.63,45.4,21.8,46.7,22.0,84.1,2026-07-23 19:38:19
3148,6,117.6,52.7,86.5,1.52,45.4,21.2,43.0,22.3,75.0,2026-07-23 19:46:19
3149,6,104.0,46.2,96.7,1.48,41.7,19.7,31.6,27.8,47.9,2026-07-23 19:54:19
3150,8,63.2,28.0,50.9,0.9,25.6,10.4,46.2,34.5,43.2,2026-07-23 20:02:19
3151,4,99.0,43.8,75.2,1.26,40.4,18.1,45.6,24.7,84.8,2026-07-23 20:10:19
3152,3,93.6,41.1,74.2,1.27,39.3,15.6,36.8,27.7,55.8,2026-07-23 20:18:19
3153,10,65.3,29.3,49.8,0.94,25.1,10.1,49.6,32.4,83.6,2026-07-23 20:26:19
3154,3,83.9,37.0,64.6,1.15,34.5,15.3,34.2,24.9,33.2,2026-07-23 20:34:19
3155,8,46.5,20.0,35.3,0.68,20.9,8.1,31.3,23.6,56.0,2026-07-23 20:42:19
3156,9,45.4,20.2,31.5,0.56,18.1,7.3,47.1,25.8,41.9,2026-07-23 20:50:19
3157,8,92.2,41.0,81.4,1.15,36.7,16.9,25.5,21.5,82.8,2026-07-23 20:58:19
3158,1,128.8,58.0,86.5,1.74,48.7,21.4,44.8,22.2,36.3,2026-07-23 21:06:19
3159,5,42.4,19.8,32.3,0.62,13.6,7.2,54.6,29.0,77.2,2026-07-23 21:14:19
3160,7,88.4,40.2,66.1,1.26,32.0,14.2,41.4,30.7,59.9,2026-07-23 21:22:19
3161,5,110.6,49.7,79.1,1.5,42.2,19.3,45.8,34.6,59.9,2026-07-23 21:30:19
3162,8,94.3,41.0,62.9,1.18,41.0,15.6,41.6,22.3,57.4,2026-07-23 21:38:19
3163,9,49.8,22.7,46.6,0.62,17.9,11.1,32.8,34.5,68.5,2026-07-23 21:46:19
3164,7,49.4,22.7,38.9,0.67,17.0,7.4,29.0,26.3,60.6,2026-07-23 21:54:19
3165,9,42.5,19.3,29.2,0.54,15.6,7.3,49.6,22.4,76.9,2026-07-23 22:02:19
3166,1,94.1,41.3,84.2,1.3,39.5,15.8,50.1,24.3,35.6,2026-07-23 22:10:19
3167,3,49.2,21.4,41.7,0.57,21.4,8.9,40.7,21.6,37.3,2026-07-23 22:18:19
3168,6,36.5,15.3,27.8,0.39,17.9,5.5,37.1,28.7,67.3,2026-07-23 22:26:19
3169,1,51.1,23.1,46.9,0.78,19.0,9.9,27.6,26.1,70.3,2026-07-23 22:34:19
3170,6,96.7,43.5,75.6,1.35,36.7,15.6,26.7,29.0,53.1,2026-07-23 22:42:19
3171,9,128.3,56.5,115.0,1.71,53.2,24.2,28.2,27.9,31.2,2026-07-23 22:50:19
3172,1,107.7,48.6,86.3,1.41,40.5,18.1,54.4,22.9,32.2,2026-07-23 22:58:19
3173,8,46.5,20.0,40.7,0.67,20.9,6.7,34.4,24.3,66.8,2026-07-23 23:06:19
3174,6,50.6,23.2,42.4,0.67,17.6,9.3,28.2,27.0,73.5,2026-07-23 23:14:19
3175,3,134.2,59.5,111.1,1.83,54.3,23.4,41.2,19.7,82.4,2026-07-23 23:22:19
3176,1,15.0,5.0,8.7,0.1,10.0,5.0,36.4,25.5,54.0,2026-07-23 23:30:19
3177,4,76.8,34.9,69.2,1.04,28.0,13.1,44.5,20.4,32.9,2026-07-23 23:38:19
3178,4,68.4,30.4,49.2,0.96,27.4,13.3,25.8,35.3,49.8,2026-07-23 23:46:19
3179,8,79.3,36.0,60.3,1.11,29.0,15.1,32.5,28.8,59.0,2026-07-23 23:54:19
3180,1,75.1,33.8,53.1,0.96,28.6,14.4,50.8,31.8,45.8,2026-07-24 00:02:19
3181,2,93.3,41.2,60.6,1.23,38.2,17.0,47.1,31.6,42.2,2026-07-24 00:10:19
3182,7,128.4,57.7,97.9,1.75,49.1,22.4,40.1,31.1,76.1,2026-07-24 00:18:19
3183,6,97.5,43.1,67.8,1.34,39.8,16.8,47.3,24.9,45.8,2026-07-24 00:26:19
3184,6,155.4,68.5,102.8,2.05,64.3,28.6,49.3,30.2,68.6,2026-07-24 00:34:19
3185,7,28.2,12.4,17.9,0.36,11.7,6.1,30.2,32.5,76.0,2026-07-24 00:42:19
3186,9,140.1,61.3,102.1,1.94,59.5,22.8,48.3,32.7,66.1,2026-07-24 00:50:19
3187,1,94.8,42.1,82.7,1.22,38.1,14.9,44.3,22.1,64.2,2026-07-24 00:58:19
3188,5,122.9,53.6,107.0,1.68,52.9,23.4,29.1,18.2,81.3,2026-07-24 01:06:19
3189,4,59.0,25.2,41.2,0.82,27.2,11.8,32.8,19.1,53.5,2026-07-24 01:14:19
3190,10,83.6,37.3,67.6,1.07,32.9,13.7,27.4,36.6,41.0,2026-07-24 01:22:19
3191,6,93.0,41.6,83.4,1.2,36.2,18.6,51.4,31.4,43.7,2026-07-24 01:30:19
3192,7,139.6,61.1,120.4,1.8,59.2,24.1,47.1,29.5,59.8,2026-07-24 01:38:19
3193,10,133.5,58.6,120.6,1.77,56.1,22.3,41.1,31.3,59.5,2026-07-24 01:46:19
3194,8,108.0,48.0,94.5,1.38,43.1,18.5,51.1,29.2,78.8,2026-07-24 01:54:19
3195,4,111.3,49.8,72.5,1.47,43.4,21.6,40.4,35.4,58.6,2026-07-24 02:02:19
3196,1,83.6,37.3,73.5,1.02,33.0,16.6,25.7,30.3,57.7,2026-07-24 02:10:19
3197,4,79.1,35.9,62.8,1.08,29.0,12.4,33.9,33.3,42.7,2026-07-24 02:18:19
3198,9,25.6,10.8,18.4,0.27,12.4,5.5,26.3,20.6,71.0,2026-07-24 02:26:19
3199,4,112.8,49.9,100.6,1.5,45.9,19.8,30.1,36.2,62.7,2026-07-24 02:34:19
3200,6,19.1,7.5,11.4,0.22,11.1,5.0,45.9,29.1,80.1,2026-07-24 02:42:19
3201,6,40.7,19.1,35.9,0.62,12.6,7.7,51.8,35.8,31.9,2026-07-24 02:50:19
3202,4,50.9,23.5,39.3,0.61,17.2,7.5,35.6,37.4,36.6,2026-07-24 02:58:19
3203,2,39.5,16.8,24.1,0.43,18.5,8.7,33.7,31.8,65.9,2026-07-24 03:06:19
3204,1,105.1,46.6,75.6,1.31,42.4,17.1,54.2,21.3,37.2,2026-07-24 03:14:19
3205,10,102.0,46.1,87.7,1.4,38.1,20.3,30.0,19.2,35.7,2026-07-24 03:22:19
3206,6,52.1,22.8,39.7,0.65,22.2,10.4,51.6,33.6,82.2,2026-07-24 03:30:19
3207,2,25.2,11.2,21.5,0.41,10.0,5.0,41.0,30.5,57.2,2026-07-24 03:38:19
3208,8,76.5,34.0,51.3,0.97,30.6,12.7,49.2,32.9,77.7,2026-07-24 03:46:19
3209,8,111.9,50.6,101.7,1.61,41.6,22.2,47.5,20.7,60.2,2026-07-24 03:54:19
3210,3,70.7,30.5,61.8,0.86,31.5,12.8,25.7,33.5,62.1,2026-07-24 04:02:19
3211,10,55.7,25.4,46.6,0.67,19.9,10.5,41.8,37.8,55.2,2026-07-24 04:10:19
3212,9,113.9,49.8,87.1,1.4,48.5,20.6,45.7,30.6,54.8,2026-07-24 04:18:19
3213,2,108.0,49.1,91.7,1.46,39.3,20.6,49.2,23.5,66.3,2026-07-24 04:26:19
3214,8,96.0,43.3,68.6,1.36,36.2,16.7,53.2,23.6,76.7,2026-07-24 04:34:19
3215,4,62.6,27.4,43.4,0.9,26.5,12.4,46.5,20.4,79.3,2026-07-24 04:42:19
3216,9,125.1,55.3,89.0,1.74,51.2,22.3,31.1,24.4,60.0,2026-07-24 04:50:19
3217,8,74.4,33.1,54.3,0.97,29.6,12.3,46.2,31.7,62.1,2026-07-24 04:58:19
3218,2,102.4,45.6,85.2,1.44,40.7,17.9,27.5,22.5,83.6,2026-07-24 05:06:19
3219,5,31.7,13.7,20.5,0.36,14.0,5.0,54.8,18.3,50.2,2026-07-24 05:14:19
3220,7,65.9,29.0,48.1,0.94,27.4,10.2,26.2,33.0,33.4,2026-07-24 05:22:19
3221,5,125.8,55.6,99.9,1.7,51.5,20.3,35.7,32.0,73.5,2026-07-24 05:30:19
3222,7,15.0,5.0,7.0,0.17,10.0,5.0,46.9,24.7,66.9,2026-07-24 05:38:19
3223,7,104.1,46.6,81.4,1.35,40.4,18.1,29.4,37.0,42.0,2026-07-24 05:46:19
3224,4,81.9,35.4,57.6,1.14,36.3,13.2,31.6,30.0,31.6,2026-07-24 05:54:19
3225,9,105.0,45.9,83.9,1.29,44.7,18.8,28.7,29.6,35.5,2026-07-24 06:02:19
3226,8,43.9,18.7,37.1,0.64,20.5,5.6,46.2,22.1,47.4,2026-07-24 06:10:19
3227,9,118.3,52.5,84.4,1.5,47.7,19.5,42.9,23.0,67.1,2026-07-24 06:18:19
3228,10,86.5,37.8,70.3,1.15,37.0,16.7,31.6,20.9,73.6,2026-07-24 06:26:19
3229,1,140.3,62.6,91.7,1.86,55.3,23.8,39.4,30.7,34.0,2026-07-24 06:34:19
3230,3,119.7,52.2,95.2,1.47,51.5,19.3,44.2,37.3,72.3,2026-07-24 06:42:19
3231,6,18.7,7.6,15.9,0.2,10.0,5.0,44.6,28.2,80.4,2026-07-24 06:50:19
3232,6,64.5,29.5,47.7,0.97,22.7,12.3,44.4,32.7,77.0,2026-07-24 06:58:19
3233,7,112.8,51.0,81.7,1.52,42.1,20.2,35.7,23.8,35.8,2026-07-24 07:06:19
3234,7,30.5,14.0,28.8,0.45,10.7,7.5,44.1,18.7,49.4,2026-07-24 07:14:19
3235,9,43.4,18.3,28.7,0.58,20.9,7.6,44.1,35.3,75.2,2026-07-24 07:22:19
3236,10,33.4,15.0,21.8,0.51,12.8,5.9,36.2,28.1,55.3,2026-07-24 07:30:19
3237,7,47.8,21.0,43.3,0.56,19.9,7.5,50.0,34.5,61.8,2026-07-24 07:38:19
3238,4,64.9,29.9,44.7,0.8,22.1,13.4,54.6,36.0,52.1,2026-07-24 07:46:19
3239,3,70.0,31.3,64.2,0.84,27.4,10.5,34.9,26.9,67.2,2026-07-24 07:54:19
3240,8,41.9,18.5,35.0,0.56,17.1,5.8,34.6,34.5,32.4,2026-07-24 08:02:19
3241,10,75.7,34.6,64.6,1.1,26.8,12.6,52.6,26.6,43.7,2026-07-24 08:10:19
3242,3,107.0,47.2,71.1,1.35,44.0,20.3,29.5,30.6,34.9,2026-07-24 08:18:19
3243,1,101.7,45.5,93.4,1.27,39.5,16.2,46.5,18.6,36.9,2026-07-24 08:26:19
3244,8,68.5,30.6,57.5,0.9,26.9,13.6,50.0,29.4,78.5,2026-07-24 08:34:19
3245,3,77.1,34.9,68.2,1.03,28.5,14.5,50.2,27.6,36.9,2026-07-24 08:42:19
3246,10,71.3,31.3,46.0,0.89,29.9,13.3,34.0,31.7,42.5,2026-07-24 08:50:19
3247,2,123.2,54.0,77.7,1.64,52.0,23.5,34.8,25.8,51.5,2026-07-24 08:58:19
3248,4,132.0,59.7,110.4,1.84,49.0,24.1,28.8,22.9,65.1,2026-07-24 09:06:19
3249,2,35.3,16.3,26.7,0.51,12.0,5.0,26.5,32.2,32.7,2026-07-24 09:14:19
3250,5,89.2,40.7,70.6,1.3,31.9,14.5,51.7,37.4,49.0,2026-07-24 09:22:19
3251,8,54.3,24.6,38.7,0.74,20.0,8.1,36.3,37.9,59.4,2026-07-24 09:30:19
3252,3,25.5,11.4,23.7,0.29,10.0,5.0,32.4,20.9,35.2,2026-07-24 09:38:19
3253,3,71.9,30.9,50.4,0.97,32.5,12.6,39.0,37.5,39.3,2026-07-24 09:46:19
3254,2,86.3,38.0,60.7,1.23,35.8,15.9,27.2,30.9,81.0,2026-07-24 09:54:19
3255,8,115.6,51.6,79.4,1.57,45.4,21.2,51.4,19.1,45.9,2026-07-24 10:02:19
3256,7,95.0,41.8,81.0,1.29,39.5,15.0,32.0,34.3,84.6,2026-07-24 10:10:19
3257,9,69.8,31.0,48.8,0.9,28.0,13.1,32.5,30.2,31.7,2026-07-24 10:18:19
3258,1,74.9,32.3,58.5,0.95,33.6,14.8,40.0,20.8,84.0,2026-07-24 10:26:19
3259,8,133.7,59.7,119.5,1.74,52.4,25.6,43.7,20.6,43.8,2026-07-24 10:34:19
3260,6,106.6,47.8,93.9,1.42,41.1,19.5,53.2,31.0,31.7,2026-07-24 10:42:19
3261,6,72.1,31.7,66.1,0.96,30.0,11.6,26.7,25.4,74.5,2026-07-24 10:50:19
3262,7,68.2,30.8,55.3,0.93,25.6,11.5,42.2,37.9,31.4,2026-07-24 10:58:19
3263,7,23.2,10.1,14.2,0.23,10.0,5.0,44.0,36.8,54.5,2026-07-24 11:06:19
3264,4,22.0,9.2,19.3,0.29,10.8,5.0,26.4,33.8,30.2,2026-07-24 11:14:19
3265,3,118.2,51.6,92.9,1.56,50.6,19.8,46.6,26.2,73.6,2026-07-24 11:22:19
3266,8,68.6,30.9,45.1,0.88,25.9,12.3,45.0,28.0,56.0,2026-07-24 11:30:19
3267,9,50.0,22.4,45.3,0.61,19.4,9.8,33.7,19.8,46.1,2026-07-24 11:38:19
3268,2,88.7,39.3,75.2,1.14,35.9,14.9,52.2,25.5,68.4,2026-07-24 11:46:19
3269,4,74.1,32.7,45.9,1.0,30.4,11.6,46.6,24.4,80.8,2026-07-24 11:54:19
3270,1,83.3,37.1,58.0,1.03,33.0,15.5,48.2,33.8,70.4,2026-07-24 12:02:19
3271,2,87.6,39.0,77.6,1.19,34.7,16.9,47.2,27.7,54.2,2026-07-24 12:10:19
3272,7,87.7,38.3,68.0,1.1,37.5,13.5,28.1,30.3,68.3,2026-07-24 12:18:19
3273,1,108.3,47.9,69.3,1.51,44.1,20.0,30.3,25.8,83.6,2026-07-24 12:26:19
3274,7,70.8,30.9,52.2,0.89,30.3,12.1,46.5,20.3,38.3,2026-07-24 12:34:19
3275,3,102.7,46.3,91.2,1.34,38.8,19.2,28.6,35.0,35.9,2026-07-24 12:42:19
3276,9,96.2,42.8,80.9,1.25,38.4,17.1,41.2,26.5,50.7,2026-07-24 12:50:19
3277,7,125.4,55.3,89.1,1.7,51.7,20.7,51.2,22.0,45.1,2026-07-24 12:58:19
3278,5,79.9,35.9,57.8,0.99,30.6,14.1,51.9,36.1,62.6,2026-07-24 13:06:19
3279,2,119.3,54.1,79.8,1.54,43.8,21.3,34.3,23.3,67.8,2026-07-24 13:14:19
3280,8,83.9,38.4,75.5,1.24,29.6,13.8,36.5,36.8,45.7,2026-07-24 13:22:19
3281,7,84.7,38.5,59.4,1.07,30.8,14.6,31.8,34.6,63.0,2026-07-24 13:30:19
3282,4,71.3,32.5,59.1,1.03,25.7,14.4,47.8,26.4,77.6,2026-07-24 13:38:19
3283,1,121.8,53.2,91.4,1.69,52.0,19.4,41.0,31.2,37.2,2026-07-24 13:46:19
3284,4,55.5,24.5,35.6,0.77,22.7,8.2,25.8,22.3,49.9,2026-07-24 13:54:19
3285,4,101.8,44.7,66.2,1.29,42.7,17.0,37.3,27.1,34.7,2026-07-24 14:02:19
3286,6,47.4,20.0,32.2,0.54,22.8,9.9,35.7,18.1,34.9,2026-07-24 14:10:19
3287,3,96.2,41.9,66.8,1.34,41.5,17.3,26.1,29.3,80.0,2026-07-24 14:18:19
3288,8,111.1,48.4,100.7,1.53,47.9,21.0,50.4,33.9,49.7,2026-07-24 14:26:19
3289,3,67.8,31.0,55.0,1.0,24.0,13.7,49.9,37.9,52.7,2026-07-24 14:34:19
3290,3,42.8,19.8,30.6,0.59,14.3,6.5,47.5,36.3,74.0,2026-07-24 14:42:19
3291,9,70.5,30.8,62.9,0.86,30.2,11.5,33.8,22.1,59.5,2026-07-24 14:50:19
3292,7,21.9,9.4,14.0,0.3,10.0,5.0,38.7,31.8,59.6,2026-07-24 14:58:19
3293,10,89.9,39.1,69.7,1.19,39.1,15.9,25.8,25.3,51.8,2026-07-24 15:06:19
3294,8,111.6,49.1,87.1,1.53,46.5,18.7,51.6,37.2,56.9,2026-07-24 15:14:19
3295,2,68.8,29.7,61.5,0.93,30.6,10.3,50.0,37.8,36.1,2026-07-24 15:22:19
3296,5,71.7,31.4,61.1,0.98,30.3,12.6,50.3,27.1,74.4,2026-07-24 15:30:19
3297,6,38.2,16.8,31.9,0.49,16.0,6.7,36.4,30.4,57.0,2026-07-24 15:38:19
3298,3,75.3,33.5,56.4,0.99,30.0,13.6,53.5,32.0,76.1,2026-07-24 15:46:19
3299,2,99.8,44.5,82.6,1.31,39.4,19.2,51.6,23.8,35.2,2026-07-24 15:54:19
3300,8,100.4,45.5,92.2,1.42,36.9,19.1,36.0,29.4,41.1,2026-07-24 16:02:19
3301,7,88.6,39.7,78.9,1.21,34.3,17.1,49.8,30.8,43.3,2026-07-24 16:10:19
3302,9,53.1,22.6,34.9,0.67,24.9,8.6,27.4,19.4,47.0,2026-07-24 16:18:19
3303,9,82.7,37.6,67.1,1.21,30.1,15.8,45.6,23.5,37.0,2026-07-24 16:26:19
3304,9,123.1,55.7,86.8,1.7,45.6,21.0,47.6,18.8,37.3,2026-07-24 16:34:19
3305,4,45.6,20.3,34.9,0.63,18.1,8.9,28.4,37.5,68.7,2026-07-24 16:42:19
3306,2,91.0,41.5,68.8,1.32,32.6,14.8,30.2,27.8,52.4,2026-07-24 16:50:19
3307,4,127.8,57.6,102.6,1.76,48.2,21.4,34.0,23.7,46.7,2026-07-24 16:58:19
3308,5,30.4,14.1,21.2,0.41,10.0,7.6,54.3,24.7,79.5,2026-07-24 17:06:19
3309,5,145.7,64.8,119.8,1.97,58.1,24.4,53.3,27.6,74.5,2026-07-24 17:14:19
3310,2,116.3,52.3,97.6,1.54,44.4,21.4,26.0,18.2,70.0,2026-07-24 17:22:19
3311,1,94.1,41.9,59.0,1.31,37.3,16.8,28.3,27.6,47.5,2026-07-24 17:30:19
3312,9,37.0,16.8,31.6,0.59,13.5,7.5,50.0,22.3,70.2,2026-07-24 17:38:19
3313,8,69.8,30.5,52.0,0.83,29.7,13.4,42.6,24.3,84.0,2026-07-24 17:46:19
3314,1,120.9,52.7,98.8,1.52,52.0,22.4,49.1,34.0,77.7,2026-07-24 17:54:19
3315,9,67.8,31.0,45.7,0.95,24.0,10.9,52.3,35.8,66.5,2026-07-24 18:02:19
3316,9,56.9,24.8,43.5,0.7,24.6,9.3,43.6,35.6,64.0,2026-07-24 18:10:19
3317,6,72.8,33.0,65.5,1.05,26.8,13.9,42.4,33.2,46.4,2026-07-24 18:18:19
3318,1,47.9,20.5,39.4,0.52,22.0,7.9,49.5,30.6,59.1,2026-07-24 18:26:19
3319,2,63.6,27.6,43.5,0.77,27.9,12.5,29.4,27.2,74.8,2026-07-24 18:34:19
3320,4,80.9,36.3,65.6,1.05,31.1,12.7,46.1,29.9,43.4,2026-07-24 18:42:19
3321,10,95.4,41.3,63.5,1.24,42.1,16.4,37.8,25.2,66.6,2026-07-24 18:50:19
3322,6,54.8,24.9,35.4,0.82,19.9,11.2,48.7,24.2,40.1,2026-07-24 18:58:19
3323,7,142.4,63.5,103.0,1.98,56.3,24.7,51.1,37.8,69.4,2026-07-24 19:06:19
3324,7,111.3,49.4,98.2,1.4,44.8,18.9,41.2,36.5,72.9,2026-07-24 19:14:19
3325,9,86.8,37.6,66.1,1.2,38.3,13.2,42.6,25.9,37.7,2026-07-24 19:22:19
3326,2,49.2,21.0,41.1,0.72,22.7,8.4,44.5,36.7,74.7,2026-07-24 19:30:19
3327,3,129.7,57.9,93.2,1.67,51.0,23.5,42.1,35.0,65.4,2026-07-24 19:38:19
3328,5,132.4,57.8,89.1,1.77,56.7,24.5,52.3,33.4,61.6,2026-07-24 19:46:19
3329,8,61.4,27.4,43.2,0.76,24.2,10.3,47.0,37.5,78.2,2026-07-24 19:54:19
3330,7,15.0,5.0,9.4,0.17,10.0,5.0,28.8,36.9,73.2,2026-07-24 20:02:19
3331,2,95.7,43.0,72.1,1.37,36.5,17.8,52.8,21.7,60.8,2026-07-24 20:10:19
3332,3,42.3,18.2,31.7,0.59,19.0,8.6,45.1,26.2,44.9,2026-07-24 20:18:19
3333,2,71.5,31.0,58.7,0.86,31.3,11.4,48.9,35.8,80.1,2026-07-24 20:26:19
3334,3,35.8,15.9,32.6,0.46,14.4,5.8,34.0,29.3,70.8,2026-07-24 20:34:19
3335,9,83.9,37.8,62.2,1.13,31.8,15.1,26.5,19.4,66.2,2026-07-24 20:42:19
3336,4,83.3,36.7,54.6,1.0,34.5,15.8,32.4,19.1,44.4,2026-07-24 20:50:19
3337,10,92.7,41.7,75.3,1.16,35.3,17.7,25.6,37.8,79.2,2026-07-24 20:58:19
3338,7,116.8,50.8,104.6,1.54,50.7,19.8,41.2,23.5,55.7,2026-07-24 21:06:19
3339,2,62.8,26.8,43.2,0.78,29.1,9.8,32.5,28.6,72.5,2026-07-24 21:14:19
3340,10,52.2,23.4,40.5,0.76,20.2,11.3,49.1,26.1,56.1,2026-07-24 21:22:19
3341,1,69.0,31.7,64.9,0.97,23.9,11.1,40.7,22.9,74.3,2026-07-24 21:30:19
3342,8,59.7,26.7,39.2,0.75,23.2,12.5,48.4,38.0,34.3,2026-07-24 21:38:19
3343,9,134.2,60.6,113.2,1.89,50.2,23.6,26.3,30.8,52.7,2026-07-24 21:46:19
3344,1,24.4,10.8,17.5,0.38,10.0,5.0,52.0,23.7,31.2,2026-07-24 21:54:19
3345,2,123.0,54.1,90.0,1.71,51.3,20.4,43.6,33.8,60.7,2026-07-24 22:02:19
3346,4,55.2,24.8,44.5,0.81,21.1,8.3,46.7,25.7,46.9,2026-07-24 22:10:19
3347,10,71.1,32.3,49.8,1.02,25.9,13.4,45.1,22.5,48.2,2026-07-24 22:18:19
3348,6,72.6,33.2,53.7,0.91,25.7,11.3,43.6,30.9,75.5,2026-07-24 22:26:19
3349,10,125.0,56.4,111.3,1.6,46.9,23.8,30.4,30.2,30.6,2026-07-24 22:34:19
3350,4,132.7,59.7,95.6,1.78,50.5,22.3,44.0,33.2,73.0,2026-07-24 22:42:19
3351,8,69.3,30.1,60.6,0.88,30.2,13.6,47.3,23.7,83.9,2026-07-24 22:50:19
3352,3,71.5,32.2,58.4,1.0,27.1,12.4,44.4,24.5,49.1,2026-07-24 22:58:19
3353,2,111.2,49.2,93.8,1.51,45.3,18.1,31.8,35.4,83.1,2026-07-24 23:06:19
3354,6,121.0,54.1,92.3,1.64,47.2,21.9,51.2,31.6,70.9,2026-07-24 23:14:19
3355,3,79.7,34.7,49.0,1.09,34.4,15.2,42.7,24.2,61.1,2026-07-24 23:22:19
3356,4,149.2,65.9,93.1,1.88,61.2,25.9,42.3,18.2,53.8,2026-07-24 23:30:19
3357,3,107.7,48.3,79.3,1.39,41.6,19.1,30.2,37.6,61.9,2026-07-24 23:38:19
3358,9,76.2,34.1,47.8,0.98,29.7,14.8,54.7,21.2,77.6,2026-07-24 23:46:19
3359,9,75.5,33.7,52.6,0.92,29.7,12.8,36.0,32.3,44.3,2026-07-24 23:54:19
3360,5,128.5,57.7,92.7,1.78,49.3,24.2,37.4,35.9,69.9,2026-07-25 00:02:19
3361,5,49.5,22.3,43.4,0.66,18.8,9.2,45.0,22.8,41.0,2026-07-25 00:10:19
3362,3,157.8,70.5,101.7,2.11,61.7,28.0,34.5,30.6,54.1,2026-07-25 00:18:19
3363,2,107.0,47.0,69.5,1.35,44.8,18.3,29.0,35.4,56.8,2026-07-25 00:26:19
3364,9,141.2,63.5,120.3,1.98,53.9,26.4,43.6,37.8,31.5,2026-07-25 00:34:19
3365,9,33.7,14.9,26.1,0.53,13.7,6.5,46.4,19.7,69.7,2026-07-25 00:42:19
3366,3,90.8,41.0,81.4,1.16,34.0,16.1,51.2,34.8,61.3,2026-07-25 00:50:19
3367,3,100.9,44.6,74.2,1.36,41.3,17.1,46.9,31.3,48.3,2026-07-25 00:58:19
3368,6,121.9,54.6,108.7,1.66,47.3,23.1,42.5,20.9,43.9,2026-07-25 01:06:19
3369,4,24.3,10.7,20.9,0.39,10.0,5.0,26.3,36.3,40.6,2026-07-25 01:14:19
3370,9,66.5,29.2,47.2,0.91,27.9,12.1,49.5,29.8,33.1,2026-07-25 01:22:19
3371,2,112.4,50.5,95.1,1.59,43.0,18.5,46.3,20.4,49.8,2026-07-25 01:30:19
3372,6,37.0,16.7,23.9,0.43,13.8,7.4,32.4,37.3,57.6,2026-07-25 01:38:19
3373,9,84.1,36.7,72.2,1.01,36.1,12.9,38.1,23.8,56.1,2026-07-25 01:46:19
3374,2,140.9,62.0,89.8,1.89,58.5,26.2,31.4,28.4,51.7,2026-07-25 01:54:19
3375,6,132.1,58.9,108.9,1.76,52.2,24.0,46.3,19.3,44.7,2026-07-25 02:02:19
3376,1,91.9,39.8,63.4,1.21,40.5,14.2,37.8,34.7,44.6,2026-07-25 02:10:19
3377,9,75.0,33.8,52.4,1.02,28.3,13.9,43.4,24.1,30.5,2026-07-25 02:18:19
3378,8,98.6,44.8,84.9,1.44,35.9,16.4,44.3,21.0,69.4,2026-07-25 02:26:19
3379,3,97.8,43.7,62.6,1.22,38.3,19.4,29.4,20.1,38.9,2026-07-25 02:34:19
3380,3,79.9,35.2,52.1,0.99,33.1,13.2,43.0,25.5,61.3,2026-07-25 02:42:19
3381,4,86.1,38.3,58.8,1.09,34.3,14.8,26.7,37.0,53.3,2026-07-25 02:50:19
3382,2,68.9,30.2,45.3,0.89,29.1,11.2,32.9,27.3,68.6,2026-07-25 02:58:19
3383,2,86.9,38.4,63.9,1.24,35.6,16.3,46.0,24.3,49.4,2026-07-25 03:06:19
3384,4,54.9,23.4,37.9,0.72,25.5,11.1,53.1,24.7,46.7,2026-07-25 03:14:19
3385,6,52.0,22.1,33.6,0.63,24.4,8.0,49.6,21.9,46.9,2026-07-25 03:22:19
3386,2,84.0,36.9,59.3,1.2,35.1,12.9,47.3,28.8,82.7,2026-07-25 03:30:19
3387,3,128.7,58.0,105.2,1.69,48.6,23.0,38.0,18.5,44.9,2026-07-25 03:38:19
3388,9,15.0,5.0,7.0,0.15,10.0,5.0,38.7,23.6,64.6,2026-07-25 03:46:19
3389,9,115.1,51.8,104.9,1.54,43.7,20.7,26.9,32.1,36.9,2026-07-25 03:54:19
3390,7,60.7,28.0,44.7,0.77,20.6,13.0,27.6,18.4,73.4,2026-07-25 04:02:19
3391,8,49.1,21.4,39.3,0.67,21.1,9.3,29.8,21.7,75.8,2026-07-25 04:10:19
3392,5,117.2,52.9,80.9,1.63,44.0,20.7,30.0,35.0,32.4,2026-07-25 04:18:19
3393,2,42.6,18.2,36.0,0.58,19.7,5.7,33.0,24.0,43.7,2026-07-25 04:26:19
3394,3,77.9,33.5,52.8,1.08,35.1,11.5,48.8,22.9,55.0,2026-07-25 04:34:19
3395,6,112.8,49.2,70.6,1.45,48.5,20.2,25.8,22.7,61.9,2026-07-25 04:42:19
3396,2,86.6,38.8,71.0,1.23,33.6,16.8,45.1,33.5,75.1,2026-07-25 04:50:19
3397,2,56.1,25.7,44.9,0.85,19.7,11.2,30.8,32.2,37.5,2026-07-25 04:58:19
3398,8,91.5,40.0,66.3,1.18,39.0,15.3,40.4,32.2,50.6,2026-07-25 05:06:19
3399,8,74.4,33.4,66.8,1.09,28.6,11.8,25.1,31.6,32.5,2026-07-25 05:14:19
3400,3,82.7,37.8,75.6,1.15,29.3,16.3,37.0,37.2,45.7,2026-07-25 05:22:19
3401,7,137.2,60.0,94.0,1.86,58.3,25.0,50.5,20.1,67.0,2026-07-25 05:30:19
3402,1,74.1,33.5,52.2,0.91,27.5,14.5,28.1,35.8,31.5,2026-07-25 05:38:19
3403,8,47.0,21.9,38.6,0.67,15.1,8.3,49.8,21.9,61.2,2026-07-25 05:46:19
3404,5,131.9,58.5,121.5,1.66,53.2,23.0,48.0,34.7,39.7,2026-07-25 05:54:19
3405,5,25.3,11.3,17.8,0.26,10.0,5.0,40.3,37.5,82.6,2026-07-25 06:02:19
3406,8,57.4,25.3,45.7,0.83,23.7,11.0,31.1,23.8,61.2,2026-07-25 06:10:19
3407,1,126.4,55.8,104.8,1.57,52.0,23.9,35.7,27.8,41.3,2026-07-25 06:18:19
3408,1,71.3,31.4,47.1,1.04,29.6,12.0,43.6,19.8,58.5,2026-07-25 06:26:19
3409,7,49.5,23.0,39.8,0.67,16.2,9.1,26.1,36.4,65.5,2026-07-25 06:34:19
3410,9,84.8,37.0,76.4,1.1,36.4,15.7,42.9,24.8,83.5,2026-07-25 06:42:19
3411,6,31.0,14.0,28.5,0.46,11.6,5.1,32.7,21.4,30.5,2026-07-25 06:50:19
3412,8,19.4,8.0,12.0,0.18,10.0,5.0,45.0,31.4,62.7,2026-07-25 06:58:19
3413,10,86.9,39.4,66.1,1.26,31.9,14.6,27.4,20.3,80.7,2026-07-25 07:06:19
3414,3,81.5,36.1,52.4,1.0,33.1,15.1,54.1,36.4,73.3,2026-07-25 07:14:19
3415,4,16.5,6.4,10.3,0.19,10.0,5.0,48.9,32.8,44.0,2026-07-25 07:22:19
3416,8,39.9,17.6,30.2,0.58,16.4,8.8,32.3,32.5,46.0,2026-07-25 07:30:19
3417,4,87.2,38.1,70.5,1.13,37.2,14.3,41.5,25.5,71.6,2026-07-25 07:38:19
3418,7,94.7,42.0,76.9,1.35,38.2,18.5,35.0,23.1,57.0,2026-07-25 07:46:19
3419,5,106.4,46.8,72.3,1.48,44.3,20.3,42.7,36.4,73.6,2026-07-25 07:54:19
3420,7,109.8,49.6,99.8,1.54,41.1,20.6,29.6,19.3,71.4,2026-07-25 08:02:19
3421,4,130.8,57.6,101.5,1.81,54.3,23.2,46.9,18.9,40.3,2026-07-25 08:10:19
3422,4,109.4,48.0,84.9,1.36,45.9,17.3,44.3,18.2,61.8,2026-07-25 08:18:19
3423,10,149.6,66.3,112.0,2.02,60.5,25.8,50.2,37.3,65.1,2026-07-25 08:26:19
3424,4,116.7,52.7,105.0,1.49,43.7,22.8,48.6,29.0,44.8,2026-07-25 08:34:19
3425,10,113.8,49.6,91.6,1.44,49.0,20.4,46.8,30.8,42.8,2026-07-25 08:42:19
3426,6,68.6,29.6,53.2,0.94,30.6,12.2,54.4,22.4,37.4,2026-07-25 08:50:19
3427,9,97.5,43.5,69.0,1.27,38.4,18.9,30.5,33.8,41.0,2026-07-25 08:58:19
3428,8,114.8,50.6,89.2,1.46,47.5,20.7,30.2,36.1,82.6,2026-07-25 09:06:19
3429,8,105.7,46.7,87.8,1.44,43.2,20.5,53.8,26.0,52.6,2026-07-25 09:14:19
3430,2,91.8,41.4,81.9,1.18,34.5,16.0,49.8,23.5,77.5,2026-07-25 09:22:19
3431,10,62.4,27.2,54.5,0.8,26.8,11.1,34.5,24.9,64.3,2026-07-25 09:30:19
3432,1,46.1,20.7,35.7,0.61,17.7,8.5,50.0,33.9,56.9,2026-07-25 09:38:19
3433,7,73.7,33.5,49.2,0.95,26.7,15.1,32.9,25.9,43.2,2026-07-25 09:46:19
3434,3,34.4,14.9,26.6,0.44,15.1,5.0,26.4,19.2,72.8,2026-07-25 09:54:19
3435,5,102.1,45.9,70.5,1.44,39.0,18.0,31.7,26.2,47.3,2026-07-25 10:02:19
3436,7,73.7,33.5,57.5,1.03,26.7,14.2,33.2,29.2,61.5,2026-07-25 10:10:19
3437,8,89.9,40.6,61.7,1.14,33.7,15.3,35.2,22.5,48.8,2026-07-25 10:18:19
3438,5,93.5,42.0,75.2,1.28,35.8,15.1,32.8,18.3,75.6,2026-07-25 10:26:19
3439,9,15.6,5.9,11.9,0.16,10.0,5.0,26.4,24.9,74.8,2026-07-25 10:34:19
3440,6,97.9,43.6,65.4,1.22,38.8,15.7,25.8,26.9,68.4,2026-07-25 10:42:19
3441,5,49.7,21.4,36.8,0.68,22.3,6.9,49.5,33.9,68.7,2026-07-25 10:50:19
3442,4,110.8,49.2,100.4,1.46,44.5,17.8,27.5,31.4,48.9,2026-07-25 10:58:19
3443,6,127.6,56.0,104.4,1.69,53.6,23.6,48.2,19.9,39.1,2026-07-25 11:06:19
3444,6,99.6,43.4,85.1,1.33,43.0,18.0,49.3,35.7,69.7,2026-07-25 11:14:19
3445,5,73.7,31.9,46.2,1.01,32.6,12.3,53.8,33.8,60.4,2026-07-25 11:22:19
3446,7,78.8,35.5,62.8,1.07,29.7,12.4,38.5,31.5,84.7,2026-07-25 11:30:19
3447,8,84.0,36.8,65.2,1.02,35.6,15.1,41.7,22.4,61.6,2026-07-25 11:38:19
3448,2,100.3,45.5,95.2,1.29,36.8,19.0,29.3,18.6,36.3,2026-07-25 11:46:19
3449,7,96.9,43.0,67.2,1.32,39.0,17.7,29.6,21.7,38.4,2026-07-25 11:54:19
3450,8,73.9,33.9,69.0,1.06,25.7,13.5,43.6,31.5,32.6,2026-07-25 12:02:19
3451,10,46.1,20.5,35.9,0.57,18.5,8.3,54.5,34.0,78.9,2026-07-25 12:10:19
3452,1,70.5,32.2,57.7,0.98,25.1,11.3,33.5,21.5,67.0,2026-07-25 12:18:19
3453,9,58.0,24.7,51.2,0.67,27.1,9.9,33.7,19.3,57.7,2026-07-25 12:26:19
3454,10,15.0,5.0,8.3,0.24,10.0,5.0,35.7,18.4,77.4,2026-07-25 12:34:19
3455,1,87.7,39.5,75.4,1.22,33.1,17.7,35.4,37.6,78.5,2026-07-25 12:42:19
3456,4,64.1,28.7,56.7,0.96,24.9,12.1,39.6,24.6,38.0,2026-07-25 12:50:19
3457,3,151.9,68.4,124.8,2.15,57.5,25.7,44.2,26.3,53.1,2026-07-25 12:58:19
3458,3,72.4,31.4,46.3,0.96,31.7,12.1,54.6,29.3,55.3,2026-07-25 13:06:19
3459,1,30.2,14.0,20.5,0.36,10.0,5.0,45.8,20.6,46.8,2026-07-25 13:14:19
3460,8,15.0,5.0,9.7,0.1,10.0,5.0,38.8,25.9,33.1,2026-07-25 13:22:19
3461,9,40.6,18.2,27.8,0.63,15.7,6.8,31.9,21.4,34.1,2026-07-25 13:30:19
3462,7,61.1,27.7,41.5,0.76,22.4,12.8,32.7,24.4,51.9,2026-07-25 13:38:19
3463,3,79.5,35.2,71.1,0.98,32.3,16.0,50.2,32.2,56.0,2026-07-25 13:46:19
3464,7,64.2,27.8,48.2,0.9,28.3,12.0,29.2,32.1,74.7,2026-07-25 13:54:19
3465,9,53.0,24.3,38.5,0.75,18.5,7.8,44.8,24.4,84.3,2026-07-25 14:02:19
3466,3,95.1,41.4,86.0,1.27,41.2,18.2,45.6,19.2,63.8,2026-07-25 14:10:19
3467,4,23.7,10.4,16.9,0.4,10.0,5.0,32.7,25.1,56.4,2026-07-25 14:18:19
3468,3,102.1,45.1,77.6,1.3,41.9,16.8,47.9,23.2,59.2,2026-07-25 14:26:19
3469,9,90.5,39.2,66.5,1.23,39.9,17.0,44.1,36.6,65.5,2026-07-25 14:34:19
3470,1,113.6,50.2,83.5,1.52,46.5,21.8,30.4,23.0,66.1,2026-07-25 14:42:19
3471,10,134.1,58.8,108.9,1.71,56.5,23.0,29.4,29.3,53.5,2026-07-25 14:50:19
3472,3,62.8,28.8,49.3,0.85,22.0,12.4,27.4,31.4,61.2,2026-07-25 14:58:19
3473,3,113.7,50.3,97.1,1.42,46.3,18.6,44.2,37.0,79.3,2026-07-25 15:06:19
3474,7,67.5,29.0,47.2,0.84,30.6,12.9,35.6,24.3,47.5,2026-07-25 15:14:19
3475,2,43.8,20.4,34.4,0.62,14.1,9.8,54.5,31.4,45.0,2026-07-25 15:22:19
3476,7,73.5,32.6,55.0,0.91,29.7,13.5,43.0,24.5,60.7,2026-07-25 15:30:19
3477,1,91.6,39.9,76.5,1.27,39.6,16.8,33.4,32.7,54.5,2026-07-25 15:38:19
3478,6,53.1,24.0,35.0,0.73,19.8,8.8,49.0,29.3,51.0,2026-07-25 15:46:19
3479,10,87.4,38.4,74.5,1.13,36.6,13.8,36.2,21.0,83.0,2026-07-25 15:54:19
3480,3,65.0,30.0,48.9,0.8,22.1,13.2,33.9,32.1,77.3,2026-07-25 16:02:19
3481,9,101.6,44.5,90.7,1.32,43.0,19.4,39.4,36.3,35.6,2026-07-25 16:10:19
3482,5,97.9,44.1,63.8,1.27,37.1,17.0,47.4,27.0,64.2,2026-07-25 16:18:19
3483,7,90.9,41.1,75.4,1.15,33.9,16.3,40.0,30.9,79.4,2026-07-25 16:26:19
3484,7,115.7,51.0,85.5,1.49,47.7,20.8,27.1,18.3,45.0,2026-07-25 16:34:19
3485,5,51.3,22.9,39.7,0.71,20.2,7.6,28.4,25.4,42.1,2026-07-25 16:42:19
3486,3,63.2,28.3,43.2,0.92,24.5,13.0,39.1,29.7,51.5,2026-07-25 16:50:19
3487,9,92.6,40.2,71.7,1.28,40.4,16.3,54.9,28.2,39.1,2026-07-25 16:58:19
3488,5,99.3,44.2,63.2,1.39,39.4,19.2,35.1,23.7,64.6,2026-07-25 17:06:19
3489,6,87.0,39.0,69.2,1.21,33.6,16.3,32.3,33.2,80.4,2026-07-25 17:14:19
3490,1,85.7,39.0,78.4,1.08,31.0,15.0,53.4,34.6,32.0,2026-07-25 17:22:19
3491,4,57.8,24.9,37.3,0.76,26.0,9.4,50.3,26.1,66.6,2026-07-25 17:30:19
3492,9,29.5,13.0,19.1,0.41,12.2,6.9,50.5,20.0,42.3,2026-07-25 17:38:19
3493,9,62.0,26.5,52.3,0.81,28.5,12.2,50.1,32.3,43.6,2026-07-25 17:46:19
3494,4,83.9,37.6,70.6,1.05,32.4,14.7,26.3,31.5,33.1,2026-07-25 17:54:19
3495,8,55.0,24.7,41.7,0.74,21.0,8.7,52.6,30.6,38.9,2026-07-25 18:02:19
3496,4,97.4,44.1,81.8,1.29,36.1,17.9,47.0,36.4,56.4,2026-07-25 18:10:19
3497,3,89.6,40.9,74.9,1.16,31.9,16.1,28.0,25.4,69.2,2026-07-25 18:18:19
3498,9,78.2,34.1,68.7,0.98,33.6,14.1,28.8,20.9,58.5,2026-07-25 18:26:19
3499,5,112.5,49.3,83.8,1.44,47.6,20.9,28.2,23.3,63.3,2026-07-25 18:34:19
3500,7,57.0,25.2,35.4,0.78,23.3,10.4,54.4,28.8,45.2,2026-07-25 18:42:19
3501,2,117.6,52.9,93.3,1.66,44.8,20.5,48.5,36.2,59.6,2026-07-25 18:50:19
3502,10,62.8,28.3,41.8,0.84,23.8,12.5,40.2,31.3,67.3,2026-07-25 18:58:19
3503,7,105.1,47.2,92.6,1.49,40.3,19.3,35.2,36.2,61.4,2026-07-25 19:06:19
3504,4,99.6,44.0,79.4,1.41,40.7,18.4,44.8,25.7,65.7,2026-07-25 19:14:19
3505,10,39.1,18.0,34.9,0.62,13.4,7.4,53.5,20.9,32.8,2026-07-25 19:22:19
3506,1,94.2,41.0,66.6,1.23,40.8,17.2,54.0,36.6,58.0,2026-07-25 19:30:19
3507,9,20.8,8.8,14.0,0.33,10.0,5.3,33.9,37.7,55.3,2026-07-25 19:38:19
3508,5,82.6,37.2,69.4,1.15,31.3,15.4,49.4,19.2,54.5,2026-07-25 19:46:19
3509,2,56.9,25.9,38.2,0.77,20.5,11.0,36.3,24.6,56.8,2026-07-25 19:54:19
3510,9,68.3,29.4,47.6,0.81,30.8,13.8,30.4,22.3,47.8,2026-07-25 20:02:19
3511,2,114.0,49.8,86.2,1.43,48.8,19.5,40.1,18.0,45.0,2026-07-25 20:10:19
3512,7,110.2,48.4,101.5,1.35,46.1,20.7,50.6,18.8,57.8,2026-07-25 20:18:19
3513,8,86.7,37.5,71.9,1.2,38.3,15.4,31.5,27.5,36.5,2026-07-25 20:26:19
3514,9,86.0,39.0,77.0,1.12,31.6,15.4,36.4,27.4,81.9,2026-07-25 20:34:19
3515,9,101.7,45.4,65.3,1.39,39.9,16.9,46.2,26.7,58.4,2026-07-25 20:42:19
3516,10,53.4,23.6,48.6,0.68,21.8,8.2,52.7,37.8,34.4,2026-07-25 20:50:19
3517,5,60.6,26.7,43.9,0.89,25.0,10.7,40.9,30.5,79.2,2026-07-25 20:58:19
3518,2,98.3,43.8,79.6,1.38,38.9,16.5,42.8,36.3,83.7,2026-07-25 21:06:19
3519,1,41.2,19.1,30.4,0.6,13.7,9.4,33.9,35.8,57.2,2026-07-25 21:14:19
3520,3,101.8,46.1,83.6,1.35,37.6,19.9,36.7,37.8,52.8,2026-07-25 21:22:19
3521,6,55.8,24.9,48.6,0.82,21.9,11.4,25.8,31.7,83.2,2026-07-25 21:30:19
3522,3,93.0,40.4,75.9,1.2,40.5,15.1,48.9,18.1,64.1,2026-07-25 21:38:19
3523,5,126.6,55.4,88.9,1.66,53.8,22.6,28.0,25.7,52.4,2026-07-25 21:46:19
3524,4,105.9,47.1,94.7,1.38,42.2,17.9,26.7,30.8,75.8,2026-07-25 21:54:19
3525,10,42.4,19.3,28.5,0.52,15.3,8.4,28.4,20.3,31.6,2026-07-25 22:02:19
3526,7,53.1,22.9,34.2,0.74,23.7,8.3,52.4,37.6,78.5,2026-07-25 22:10:19
3527,6,99.8,45.3,72.8,1.35,36.6,16.9,41.1,19.3,48.2,2026-07-25 22:18:19
3528,2,43.2,19.0,29.3,0.51,17.9,6.1,39.4,23.2,48.6,2026-07-25 22:26:19
3529,8,69.6,30.6,55.8,0.84,29.1,12.0,44.9,20.8,40.2,2026-07-25 22:34:19
3530,7,47.0,22.0,44.2,0.56,14.8,8.4,52.2,33.5,35.4,2026-07-25 22:42:19
3531,6,139.8,62.2,99.6,1.9,55.6,25.4,36.8,20.1,38.7,2026-07-25 22:50:19
3532,5,80.0,35.1,51.2,1.11,33.7,12.8,38.0,30.6,35.2,2026-07-25 22:58:19
3533,5,76.6,33.4,54.6,1.04,33.0,11.6,50.7,32.6,82.4,2026-07-25 23:06:19
3534,8,15.0,5.0,9.7,0.18,10.0,5.0,46.8,35.3,45.2,2026-07-25 23:14:19
3535,8,15.0,5.0,8.5,0.21,10.0,5.0,47.1,29.7,33.4,2026-07-25 23:22:19
3536,1,57.5,25.9,40.1,0.78,21.8,10.0,38.4,20.7,38.1,2026-07-25 23:30:19
3537,10,112.3,49.7,83.7,1.58,45.6,19.0,44.2,20.9,42.0,2026-07-25 23:38:19
3538,8,89.2,39.2,72.7,1.27,37.3,15.1,43.6,33.0,50.5,2026-07-25 23:46:19
3539,1,92.5,41.8,75.2,1.25,34.5,18.7,28.1,35.5,80.8,2026-07-25 23:54:19
3540,1,97.7,43.0,61.0,1.22,40.6,15.8,50.1,26.9,78.7,2026-07-26 00:02:19
3541,7,142.4,62.5,110.4,1.91,59.9,25.6,53.3,22.5,62.8,2026-07-26 00:10:19
3542,3,76.3,34.4,68.3,1.03,28.7,12.3,46.7,32.2,59.7,2026-07-26 00:18:19
3543,10,89.7,39.7,76.4,1.17,36.4,15.3,43.9,31.3,59.4,2026-07-26 00:26:19
3544,4,38.0,17.4,31.2,0.52,13.3,7.6,42.0,36.0,71.2,2026-07-26 00:34:19
3545,4,166.2,72.9,122.9,2.24,70.0,29.1,46.2,23.4,78.1,2026-07-26 00:42:19
3546,9,31.1,13.7,27.6,0.47,12.9,6.6,34.7,24.1,69.5,2026-07-26 00:50:19
3547,10,74.0,32.9,52.9,0.92,29.5,13.9,47.9,37.1,41.1,2026-07-26 00:58:19
3548,8,112.7,49.8,81.8,1.45,46.2,21.8,46.0,31.7,38.0,2026-07-26 01:06:19
3549,1,75.2,33.3,49.7,0.97,30.6,12.5,46.0,19.2,65.1,2026-07-26 01:14:19
3550,10,173.2,76.3,137.9,2.24,71.8,32.2,37.6,29.7,35.4,2026-07-26 01:22:19
3551,4,113.8,49.5,96.1,1.43,49.3,21.3,34.4,27.3,46.3,2026-07-26 01:30:19
3552,7,89.1,39.1,79.3,1.18,37.4,14.7,26.3,37.0,66.5,2026-07-26 01:38:19
3553,3,114.2,51.1,73.7,1.58,44.4,20.2,36.1,25.8,45.9,2026-07-26 01:46:19
3554,8,99.4,44.5,65.8,1.41,38.6,16.3,50.2,35.9,43.2,2026-07-26 01:54:19
3555,3,52.5,24.4,45.9,0.71,17.2,8.5,44.6,24.1,82.2,2026-07-26 02:02:19
3556,6,108.2,47.0,85.7,1.45,47.3,18.9,32.8,19.3,69.8,2026-07-26 02:10:19
3557,8,35.7,15.6,25.4,0.51,15.3,6.4,35.3,31.0,52.7,2026-07-26 02:18:19
3558,9,90.4,40.2,79.0,1.14,36.0,15.1,29.6,20.9,42.3,2026-07-26 02:26:19
3559,5,118.3,53.5,101.4,1.55,44.1,21.9,36.6,25.7,43.2,2026-07-26 02:34:19
3560,9,92.9,41.0,78.2,1.23,38.2,16.4,25.5,34.1,45.8,2026-07-26 02:42:19
3561,10,49.3,22.3,42.0,0.63,18.4,7.6,52.4,20.0,75.3,2026-07-26 02:50:19
3562,5,57.3,24.6,36.8,0.7,26.0,8.3,53.1,35.2,66.2,2026-07-26 02:58:19
3563,10,125.7,56.0,112.6,1.73,49.8,23.8,45.8,23.2,61.3,2026-07-26 03:06:19
3564,7,89.2,38.6,69.2,1.08,39.5,15.3,28.1,18.2,55.3,2026-07-26 03:14:19
3565,10,15.0,5.0,9.2,0.1,10.0,5.0,29.3,28.4,36.6,2026-07-26 03:22:19
3566,2,27.9,12.7,24.7,0.43,10.0,5.0,53.8,28.0,73.2,2026-07-26 03:30:19
3567,6,69.6,31.9,47.5,0.99,24.3,11.7,45.1,18.1,30.2,2026-07-26 03:38:19
3568,8,41.3,18.6,26.6,0.58,15.6,7.1,40.7,28.1,43.8,2026-07-26 03:46:19
3569,4,92.9,40.3,67.4,1.12,40.8,14.9,25.8,30.7,64.6,2026-07-26 03:54:19
3570,1,87.0,37.7,63.4,1.14,38.3,16.5,33.5,18.1,57.5,2026-07-26 04:02:19
3571,6,127.2,56.5,101.0,1.61,51.0,22.3,50.3,36.0,55.6,2026-07-26 04:10:19
3572,3,32.2,15.1,24.6,0.35,10.0,5.0,28.8,18.3,38.5,2026-07-26 04:18:19
3573,8,62.0,27.2,48.1,0.77,26.1,11.9,28.3,21.9,54.4,2026-07-26 04:26:19
3574,10,101.5,45.6,66.9,1.37,38.8,18.1,44.1,19.9,72.1,2026-07-26 04:34:19
3575,2,80.3,36.4,67.0,1.03,29.5,15.3,36.9,26.5,54.1,2026-07-26 04:42:19
3576,1,110.4,48.5,98.4,1.54,46.3,19.6,54.6,21.3,69.6,2026-07-26 04:50:19
3577,4,15.0,5.0,9.5,0.13,10.0,5.0,27.4,33.3,59.6,2026-07-26 04:58:19
3578,7,45.0,20.8,38.5,0.72,15.1,6.5,32.6,28.9,80.1,2026-07-26 05:06:19
3579,5,67.7,30.9,49.0,0.94,24.1,10.4,53.8,25.2,58.6,2026-07-26 05:14:19
3580,9,86.8,39.4,71.3,1.16,31.7,15.1,30.2,34.9,30.9,2026-07-26 05:22:19
3581,9,67.0,29.7,57.6,0.86,27.1,13.0,54.0,21.3,58.1,2026-07-26 05:30:19
3582,9,67.8,29.2,45.5,0.87,30.4,13.5,35.4,28.6,36.2,2026-07-26 05:38:19
3583,10,138.8,62.5,107.4,1.96,52.6,26.1,51.7,26.1,74.2,2026-07-26 05:46:19
3584,6,71.7,32.6,67.2,0.94,26.1,12.6,41.1,30.7,44.4,2026-07-26 05:54:19
3585,10,52.3,22.8,34.2,0.66,22.5,8.5,42.8,33.7,32.0,2026-07-26 06:02:19
3586,2,44.6,20.6,39.8,0.61,15.1,7.2,44.1,24.9,38.3,2026-07-26 06:10:19
3587,5,46.9,21.3,32.2,0.57,17.1,9.5,29.7,24.0,75.2,2026-07-26 06:18:19
3588,6,110.6,49.6,79.4,1.41,42.7,20.0,42.5,20.4,72.3,2026-07-26 06:26:19
3589,1,95.7,41.5,58.7,1.22,41.9,17.5,54.4,20.0,61.2,2026-07-26 06:34:19
3590,3,99.2,44.8,65.4,1.3,37.2,17.4,41.7,31.8,64.5,2026-07-26 06:42:19
3591,8,15.0,5.4,8.3,0.23,10.0,5.0,52.6,24.1,32.1,2026-07-26 06:50:19
3592,4,24.8,11.0,20.8,0.25,10.0,5.0,42.3,35.9,38.8,2026-07-26 06:58:19
3593,3,127.7,56.8,112.0,1.67,50.9,23.6,28.8,31.8,48.1,2026-07-26 07:06:19
3594,10,70.2,30.9,56.5,0.86,29.1,14.1,49.8,20.2,79.0,2026-07-26 07:14:19
3595,3,60.4,27.1,52.7,0.76,23.3,9.7,25.7,36.6,55.1,2026-07-26 07:22:19
3596,2,67.7,31.1,47.5,0.85,23.5,10.5,26.3,35.1,56.1,2026-07-26 07:30:19
3597,5,65.5,28.1,44.0,0.92,29.9,9.4,40.3,32.1,66.7,2026-07-26 07:38:19
3598,2,121.5,53.0,110.7,1.54,52.2,19.6,43.1,31.8,38.2,2026-07-26 07:46:19
3599,5,65.1,28.3,43.8,0.88,28.4,10.4,45.9,21.2,70.7,2026-07-26 07:54:19
3600,3,15.1,5.6,10.0,0.21,10.0,5.0,37.9,29.2,31.2,2026-07-26 08:02:19
3601,1,46.9,20.1,34.9,0.51,21.5,9.7,26.0,20.7,35.2,2026-07-26 08:10:19
3602,9,102.6,44.8,73.5,1.35,43.9,17.0,52.5,32.5,83.2,2026-07-26 08:18:19
3603,8,70.0,32.0,55.0,0.97,24.8,11.6,40.9,37.2,44.6,2026-07-26 08:26:19
3604,8,65.8,28.4,55.1,0.84,29.3,10.8,25.2,35.5,59.8,2026-07-26 08:34:19
3605,10,87.7,38.8,60.2,1.08,35.7,14.4,40.9,32.6,47.9,2026-07-26 08:42:19
3606,6,49.1,21.3,43.7,0.61,21.5,8.9,39.3,19.8,36.2,2026-07-26 08:50:19
3607,10,122.5,53.7,87.2,1.52,51.7,21.4,46.4,32.6,52.7,2026-07-26 08:58:19
3608,6,57.0,24.9,39.7,0.84,24.4,11.1,29.3,22.1,83.7,2026-07-26 09:06:19
3609,7,102.2,44.5,76.4,1.34,44.3,19.4,36.6,31.5,64.9,2026-07-26 09:14:19
3610,7,118.1,51.4,93.5,1.56,51.2,22.2,40.6,31.2,60.8,2026-07-26 09:22:19
3611,9,101.5,44.4,76.9,1.43,43.2,16.4,43.2,37.1,60.2,2026-07-26 09:30:19
3612,1,104.1,46.8,88.5,1.36,39.7,16.8,53.6,19.4,68.6,2026-07-26 09:38:19
3613,5,38.4,16.3,33.5,0.54,18.2,5.6,47.8,26.3,63.1,2026-07-26 09:46:19
3614,6,58.3,25.2,41.1,0.68,25.8,11.5,43.5,35.2,47.8,2026-07-26 09:54:19
3615,9,73.6,32.3,63.3,0.92,30.9,14.6,53.7,33.9,33.2,2026-07-26 10:02:19
3616,9,99.9,43.7,64.2,1.4,42.5,17.2,41.9,18.1,83.1,2026-07-26 10:10:19
3617,7,36.5,16.4,28.0,0.59,14.0,5.2,41.1,36.1,73.1,2026-07-26 10:18:19
3618,3,99.9,44.2,81.3,1.42,40.7,16.1,28.9,21.1,30.7,2026-07-26 10:26:19
3619,4,96.0,42.4,60.9,1.2,39.4,17.9,52.6,21.4,80.6,2026-07-26 10:34:19
3620,4,91.1,40.4,77.9,1.22,36.7,17.2,38.7,31.0,45.8,2026-07-26 10:42:19
3621,4,70.7,32.1,60.3,0.92,25.8,12.7,44.2,25.6,46.2,2026-07-26 10:50:19
3622,3,86.6,39.4,61.0,1.14,31.4,16.5,27.7,35.2,72.9,2026-07-26 10:58:19
3623,3,29.6,13.3,25.1,0.35,11.4,6.3,34.9,32.1,76.0,2026-07-26 11:06:19
3624,6,107.0,48.3,89.4,1.37,40.1,20.8,52.7,26.9,69.5,2026-07-26 11:14:19
3625,2,47.5,21.2,33.2,0.7,18.7,7.5,26.1,24.3,38.4,2026-07-26 11:22:19
3626,9,64.8,29.5,44.4,0.91,23.3,13.0,34.9,23.0,55.5,2026-07-26 11:30:19
3627,3,94.8,41.8,82.5,1.17,39.2,16.9,33.6,29.4,31.5,2026-07-26 11:38:19
3628,3,92.2,41.2,79.3,1.24,36.0,17.3,30.3,22.4,78.2,2026-07-26 11:46:19
3629,8,78.8,35.4,69.3,1.09,30.2,14.8,51.7,29.7,69.2,2026-07-26 11:54:19
3630,8,93.3,40.7,82.2,1.25,40.0,16.4,33.9,19.5,54.6,2026-07-26 12:02:19
3631,9,97.2,43.9,87.7,1.38,36.3,19.4,41.2,18.9,47.9,2026-07-26 12:10:19
3632,5,121.8,53.6,105.8,1.52,50.7,20.8,48.3,36.2,53.7,2026-07-26 12:18:19
3633,9,161.0,71.2,139.1,2.21,65.7,27.5,33.9,26.6,52.8,2026-07-26 12:26:19
3634,1,154.8,68.4,126.0,2.11,63.3,28.7,44.5,32.0,76.9,2026-07-26 12:34:19
3635,4,92.6,40.7,79.4,1.16,38.6,14.6,26.3,27.1,34.4,2026-07-26 12:42:19
3636,4,54.4,25.0,39.9,0.76,18.8,10.0,26.9,20.2,55.2,2026-07-26 12:50:19
3637,3,89.4,39.2,63.7,1.26,37.7,15.5,32.8,24.8,63.2,2026-07-26 12:58:19
3638,3,67.1,29.7,62.0,0.95,27.3,12.8,36.3,26.9,58.6,2026-07-26 13:06:19
3639,1,128.3,56.3,88.2,1.72,54.0,20.7,45.3,27.6,54.9,2026-07-26 13:14:19
3640,2,100.7,44.1,62.9,1.3,42.7,16.6,37.0,32.1,79.1,2026-07-26 13:22:19
3641,5,59.9,27.1,41.9,0.81,22.3,12.5,36.7,21.7,49.1,2026-07-26 13:30:19
3642,2,17.2,6.8,13.9,0.13,10.0,5.0,41.1,30.0,50.1,2026-07-26 13:38:19
3643,10,15.0,5.0,7.1,0.24,10.0,5.0,42.6,26.5,41.3,2026-07-26 13:46:19
3644,3,87.2,39.0,56.0,1.15,33.9,16.4,29.7,37.5,63.2,2026-07-26 13:54:19
3645,10,107.9,47.4,85.5,1.44,45.2,17.3,35.3,26.8,79.9,2026-07-26 14:02:19
3646,5,43.1,19.6,29.4,0.64,15.7,9.0,44.8,18.0,65.0,2026-07-26 14:10:19
3647,6,113.7,51.1,87.8,1.6,43.4,18.5,31.3,35.8,76.8,2026-07-26 14:18:19
3648,5,114.5,49.9,98.6,1.46,49.4,21.9,33.2,24.3,74.8,2026-07-26 14:26:19
3649,9,63.1,27.3,56.0,0.87,28.0,9.8,54.1,21.9,44.2,2026-07-26 14:34:19
3650,1,71.1,30.6,56.5,1.01,32.0,14.0,39.8,26.1,38.2,2026-07-26 14:42:19
3651,5,42.6,19.2,31.5,0.67,16.0,6.1,36.4,24.8,76.9,2026-07-26 14:50:19
3652,3,129.1,58.3,107.3,1.84,48.4,24.6,38.2,24.7,71.7,2026-07-26 14:58:19
3653,10,110.8,48.2,91.2,1.39,48.1,20.0,29.6,34.1,61.3,2026-07-26 15:06:19
3654,5,49.7,23.2,46.0,0.62,15.9,10.6,35.5,35.0,47.5,2026-07-26 15:14:19
3655,2,85.1,36.9,74.8,1.15,37.4,14.9,27.5,31.4,63.3,2026-07-26 15:22:19
3656,2,103.1,45.1,90.2,1.27,43.9,19.6,53.9,19.8,39.6,2026-07-26 15:30:19
3657,4,43.0,20.2,37.1,0.65,13.2,9.1,39.3,21.1,61.2,2026-07-26 15:38:19
3658,3,65.1,28.3,47.1,0.75,28.4,12.6,44.3,26.1,75.9,2026-07-26 15:46:19
3659,8,69.9,30.3,49.7,0.98,30.8,10.8,37.0,24.8,62.0,2026-07-26 15:54:19
3660,3,68.6,29.7,54.8,0.89,30.3,12.6,32.3,22.7,55.2,2026-07-26 16:02:19
3661,1,39.0,16.9,27.1,0.59,17.2,6.5,27.0,21.4,80.0,2026-07-26 16:10:19
3662,10,68.1,29.4,44.6,0.82,30.3,12.6,29.2,27.0,49.7,2026-07-26 16:18:19
3663,9,60.4,26.5,39.3,0.78,25.3,10.6,30.1,26.5,80.8,2026-07-26 16:26:19
3664,8,61.3,28.2,55.2,0.9,21.0,11.2,44.2,20.5,56.2,2026-07-26 16:34:19
3665,8,23.2,9.8,17.1,0.21,11.1,5.0,26.2,36.7,61.9,2026-07-26 16:42:19
3666,5,31.8,14.5,27.7,0.45,11.4,6.1,25.6,23.7,48.0,2026-07-26 16:50:19
3667,9,55.8,24.5,39.2,0.73,23.3,11.0,39.2,35.4,57.6,2026-07-26 16:58:19
3668,4,120.2,53.9,96.7,1.55,46.4,21.5,35.4,20.9,34.8,2026-07-26 17:06:19
3669,6,121.9,54.3,77.9,1.69,48.3,22.2,38.5,20.0,36.8,2026-07-26 17:14:19
3670,2,67.8,31.0,60.7,0.93,24.0,13.7,54.9,33.0,45.0,2026-07-26 17:22:19
3671,1,42.7,18.3,30.2,0.63,19.5,5.3,33.1,27.6,36.8,2026-07-26 17:30:19
3672,4,58.5,25.5,47.4,0.8,25.2,10.2,35.9,37.7,31.8,2026-07-26 17:38:19
3673,2,90.9,39.6,81.9,1.27,39.2,17.6,49.7,31.4,37.7,2026-07-26 17:46:19
3674,6,49.9,23.0,40.6,0.72,17.0,7.6,42.3,23.0,72.5,2026-07-26 17:54:19
3675,2,135.3,59.8,89.2,1.77,55.4,25.9,33.2,34.3,38.3,2026-07-26 18:02:19
3676,5,75.3,33.2,65.8,1.02,31.0,12.1,30.5,33.8,68.5,2026-07-26 18:10:19
3677,9,73.5,33.6,47.3,0.96,26.0,15.0,34.8,19.9,33.0,2026-07-26 18:18:19
3678,3,93.9,42.2,65.4,1.19,35.8,17.3,31.7,25.2,55.4,2026-07-26 18:26:19
3679,10,99.7,43.9,67.1,1.41,41.3,15.9,48.5,18.2,33.2,2026-07-26 18:34:19
3680,8,94.7,42.4,62.6,1.2,36.8,16.8,29.8,34.0,78.5,2026-07-26 18:42:19
3681,2,91.1,40.7,71.8,1.29,35.6,15.5,30.1,22.5,81.6,2026-07-26 18:50:19
3682,10,67.2,30.2,57.8,0.87,25.7,13.2,43.5,37.5,47.3,2026-07-26 18:58:19
3683,4,40.7,18.8,31.0,0.65,13.8,7.4,45.8,27.2,68.9,2026-07-26 19:06:19
3684,1,97.7,42.9,79.6,1.21,40.9,17.8,27.0,22.2,46.9,2026-07-26 19:14:19
3685,6,15.0,5.0,7.2,0.21,10.0,5.0,34.1,27.6,34.0,2026-07-26 19:22:19
3686,3,80.8,35.0,66.7,0.99,35.7,15.2,42.4,36.5,49.7,2026-07-26 19:30:19
3687,5,35.8,15.5,29.5,0.56,15.8,6.2,39.9,28.5,41.7,2026-07-26 19:38:19
3688,4,137.7,60.7,105.4,1.9,56.9,24.4,54.4,20.7,42.2,2026-07-26 19:46:19
3689,4,108.5,47.7,81.3,1.41,45.3,20.1,33.9,30.1,62.1,2026-07-26 19:54:19
3690,6,35.5,16.4,27.0,0.52,12.0,7.8,34.5,24.2,39.8,2026-07-26 20:02:19
3691,4,106.5,46.8,73.5,1.39,44.5,18.9,44.4,34.6,78.9,2026-07-26 20:10:19
3692,9,111.9,50.6,85.6,1.59,41.7,19.8,34.1,34.6,34.3,2026-07-26 20:18:19
3693,2,45.0,20.1,39.7,0.59,17.6,8.8,51.7,23.2,77.1,2026-07-26 20:26:19
3694,10,130.4,57.4,115.0,1.68,54.1,23.3,44.2,38.0,52.0,2026-07-26 20:34:19
3695,7,98.4,44.1,78.6,1.34,38.0,18.5,48.0,29.9,80.5,2026-07-26 20:42:19
3696,2,52.8,23.3,46.1,0.8,21.7,11.3,30.2,36.6,57.8,2026-07-26 20:50:19
3697,7,22.6,9.8,14.5,0.23,10.0,5.0,45.1,26.4,65.8,2026-07-26 20:58:19
3698,3,44.9,19.3,37.3,0.62,20.4,6.5,27.1,26.6,52.1,2026-07-26 21:06:19
3699,10,88.6,39.6,73.4,1.15,34.7,14.8,34.2,21.2,79.1,2026-07-26 21:14:19
3700,10,131.7,59.0,122.4,1.74,50.9,23.5,44.9,21.4,64.9,2026-07-26 21:22:19
3701,8,35.6,16.1,23.5,0.41,13.2,5.0,40.8,34.2,77.6,2026-07-26 21:30:19
3702,2,70.9,30.9,54.5,0.92,30.6,12.1,33.6,27.4,32.0,2026-07-26 21:38:19
3703,10,77.7,33.9,69.4,1.11,33.3,12.7,41.2,33.0,78.2,2026-07-26 21:46:19
3704,10,84.2,36.8,65.6,1.06,36.0,13.6,53.6,29.8,30.4,2026-07-26 21:54:19
3705,6,67.1,28.8,50.6,0.77,30.6,13.0,31.5,29.9,46.5,2026-07-26 22:02:19
3706,6,69.9,31.1,56.7,0.84,27.9,13.0,37.6,21.8,84.2,2026-07-26 22:10:19
3707,9,42.1,19.6,38.7,0.5,13.6,7.8,33.0,22.3,63.8,2026-07-26 22:18:19
3708,2,69.4,30.9,48.1,0.94,27.5,12.8,34.0,18.4,62.9,2026-07-26 22:26:19
3709,10,53.5,24.0,37.4,0.75,20.6,8.6,46.1,19.6,47.7,2026-07-26 22:34:19
3710,5,127.2,55.8,101.1,1.63,53.5,22.6,44.8,34.5,74.6,2026-07-26 22:42:19
3711,3,81.6,35.7,64.4,1.07,34.6,14.4,33.5,34.0,82.5,2026-07-26 22:50:19
3712,3,117.6,52.7,76.2,1.64,45.5,22.4,36.3,35.7,70.8,2026-07-26 22:58:19
3713,4,141.4,63.4,124.6,1.98,54.6,23.9,25.5,20.2,48.1,2026-07-26 23:06:19
3714,2,104.5,46.5,74.9,1.4,41.5,17.9,37.4,30.9,67.5,2026-07-26 23:14:19
3715,2,49.9,21.1,38.0,0.61,23.8,6.5,43.7,37.6,75.9,2026-07-26 23:22:19
3716,1,97.7,44.5,62.5,1.35,35.1,19.6,44.5,22.9,42.2,2026-07-26 23:30:19
3717,10,75.7,33.1,49.5,0.98,32.3,13.8,48.6,25.8,47.9,2026-07-26 23:38:19
3718,2,135.1,59.4,98.0,1.75,56.3,22.6,28.2,25.8,35.9,2026-07-26 23:46:19
3719,2,80.1,35.4,53.9,1.04,32.7,16.1,31.9,25.8,84.6,2026-07-26 23:54:19
3720,9,81.2,36.0,71.4,1.05,32.7,13.4,52.9,26.1,61.8,2026-07-27 00:02:19
3721,1,79.2,36.0,65.4,1.07,28.9,13.5,32.3,30.3,71.1,2026-07-27 00:10:19
3722,10,78.2,34.1,61.1,1.1,33.6,12.6,30.7,20.8,78.8,2026-07-27 00:18:19
3723,10,60.2,27.3,54.3,0.85,22.2,9.0,27.2,26.5,52.6,2026-07-27 00:26:19
3724,2,96.9,42.1,88.2,1.21,42.2,16.7,37.7,32.0,84.9,2026-07-27 00:34:19
3725,2,57.7,24.9,35.9,0.83,25.7,9.2,35.2,37.5,74.5,2026-07-27 00:42:19
3726,7,53.1,22.9,40.5,0.63,23.7,8.3,39.9,37.4,42.1,2026-07-27 00:50:19
3727,2,61.4,27.3,48.3,0.83,24.5,9.1,49.5,31.2,79.5,2026-07-27 00:58:19
3728,4,22.3,9.6,17.6,0.35,10.0,5.0,44.4,31.1,41.8,2026-07-27 01:06:19
3729,8,137.9,62.4,87.9,1.93,51.2,26.5,41.0,20.8,46.1,2026-07-27 01:14:19
3730,3,87.7,38.7,76.9,1.21,36.1,16.5,36.6,26.9,32.3,2026-07-27 01:22:19
3731,3,36.6,16.7,27.8,0.5,13.0,5.4,45.7,34.6,54.2,2026-07-27 01:30:19
3732,2,58.6,26.5,46.5,0.75,21.7,9.9,25.8,24.6,51.6,2026-07-27 01:38:19
3733,7,30.0,12.3,18.9,0.43,15.7,6.6,43.2,24.4,79.8,2026-07-27 01:46:19
3734,4,161.8,71.9,105.7,2.23,64.8,30.0,50.6,30.3,49.9,2026-07-27 01:54:19
3735,9,69.8,31.5,55.3,0.85,26.2,10.6,39.4,21.1,31.5,2026-07-27 02:02:19
3736,5,57.7,25.8,45.1,0.72,22.5,11.5,45.5,32.5,55.2,2026-07-27 02:10:19
3737,4,62.6,28.9,46.3,0.79,21.2,12.5,43.2,23.6,78.9,2026-07-27 02:18:19
3738,10,112.4,49.7,99.0,1.39,45.8,21.6,28.1,35.1,47.4,2026-07-27 02:26:19
3739,9,106.7,48.4,81.9,1.4,39.2,17.9,35.4,20.4,57.2,2026-07-27 02:34:19
3740,2,134.5,60.4,111.8,1.74,51.6,26.0,30.2,29.9,62.7,2026-07-27 02:42:19
3741,4,101.3,44.9,88.8,1.32,41.0,17.7,41.3,19.0,40.1,2026-07-27 02:50:19
3742,10,124.8,54.9,101.1,1.68,52.0,21.0,29.3,24.6,83.1,2026-07-27 02:58:19
3743,9,49.8,21.3,31.6,0.65,22.9,8.5,53.6,31.5,67.4,2026-07-27 03:06:19
3744,2,90.6,39.3,70.1,1.08,39.8,14.1,46.1,25.6,79.7,2026-07-27 03:14:19
3745,3,32.2,14.8,28.9,0.37,11.2,5.0,49.5,35.6,77.5,2026-07-27 03:22:19
3746,8,50.3,22.9,38.4,0.69,18.2,10.9,31.7,24.7,79.7,2026-07-27 03:30:19
3747,9,142.9,63.7,91.8,2.0,56.4,24.9,42.5,26.0,83.0,2026-07-27 03:38:19
3748,6,117.7,52.5,82.6,1.63,46.4,20.4,26.0,29.3,40.5,2026-07-27 03:46:19
3749,8,80.1,35.7,57.9,1.11,31.7,15.4,51.4,19.1,75.0,2026-07-27 03:54:19
3750,9,63.6,28.4,50.4,0.93,24.9,10.3,47.9,20.1,67.9,2026-07-27 04:02:19
3751,8,100.7,45.0,72.5,1.29,39.4,19.9,37.8,19.3,50.3,2026-07-27 04:10:19
3752,8,50.5,23.5,39.7,0.64,16.4,11.2,37.1,24.8,80.1,2026-07-27 04:18:19
3753,7,149.0,67.2,102.1,1.99,56.1,25.3,41.4,28.2,79.2,2026-07-27 04:26:19
3754,2,46.3,20.1,40.8,0.51,20.2,6.4,42.3,33.7,31.4,2026-07-27 04:34:19
3755,10,100.6,45.6,86.4,1.42,37.0,17.8,38.8,20.5,64.7,2026-07-27 04:42:19
3756,6,75.4,32.7,63.2,0.99,33.0,14.4,43.2,19.8,66.9,2026-07-27 04:50:19
3757,4,67.7,31.1,63.2,1.03,23.5,10.7,45.5,18.2,82.0,2026-07-27 04:58:19
3758,7,73.7,31.7,60.8,1.02,33.2,10.7,44.1,23.7,48.1,2026-07-27 05:06:19
3759,1,55.5,24.7,50.0,0.84,22.0,8.8,27.0,37.2,50.7,2026-07-27 05:14:19
3760,2,32.1,14.0,21.7,0.47,13.9,7.5,33.0,23.8,39.0,2026-07-27 05:22:19
3761,9,96.0,43.2,78.9,1.3,36.4,16.3,39.4,31.6,70.8,2026-07-27 05:30:19
3762,9,36.6,16.1,33.1,0.47,15.3,8.3,31.1,31.3,64.9,2026-07-27 05:38:19
3763,6,104.4,47.3,80.3,1.4,38.6,20.9,41.8,27.8,63.4,2026-07-27 05:46:19
3764,9,89.5,38.7,76.0,1.16,39.7,13.9,43.0,25.8,57.1,2026-07-27 05:54:19
3765,2,110.6,49.4,84.1,1.51,43.4,20.3,47.2,28.3,56.8,2026-07-27 06:02:19
3766,10,134.9,60.5,88.5,1.74,52.0,24.0,36.0,36.8,78.1,2026-07-27 06:10:19
3767,8,53.7,24.2,46.7,0.64,20.2,11.0,42.7,29.5,60.9,2026-07-27 06:18:19
3768,3,54.4,24.9,46.3,0.74,19.2,11.5,39.7,37.9,57.9,2026-07-27 06:26:19
3769,5,80.9,36.8,66.2,1.11,29.3,16.1,48.0,33.8,48.8,2026-07-27 06:34:19
3770,4,90.1,40.2,81.1,1.29,35.5,17.2,31.6,22.2,84.8,2026-07-27 06:42:19
3771,9,107.0,46.5,71.2,1.44,46.5,19.3,40.3,27.9,60.2,2026-07-27 06:50:19
3772,4,51.4,23.3,47.5,0.67,19.0,7.3,53.5,32.7,31.0,2026-07-27 06:58:19
3773,5,39.0,16.9,30.4,0.52,17.2,7.5,51.9,19.2,53.6,2026-07-27 07:06:19
3774,5,68.3,30.8,48.0,0.96,25.7,12.6,53.4,31.2,44.2,2026-07-27 07:14:19
3775,8,71.8,32.5,64.8,0.9,26.6,13.6,39.8,28.1,58.1,2026-07-27 07:22:19
3776,7,48.8,22.4,32.2,0.58,17.0,7.2,53.2,26.9,82.7,2026-07-27 07:30:19
3777,9,86.7,39.5,70.8,1.25,31.1,16.4,38.0,34.4,38.0,2026-07-27 07:38:19
3778,4,145.4,65.1,97.3,1.89,56.4,24.4,39.3,33.5,77.4,2026-07-27 07:46:19
3779,5,56.9,25.6,45.2,0.81,21.7,10.5,32.3,23.9,77.3,2026-07-27 07:54:19
3780,6,92.4,40.3,78.4,1.3,39.7,15.3,39.4,33.9,59.3,2026-07-27 08:02:19
3781,6,73.1,32.2,58.9,1.06,30.2,12.2,42.5,29.0,46.2,2026-07-27 08:10:19
3782,2,66.9,30.2,43.4,0.89,25.0,10.6,52.7,21.2,80.0,2026-07-27 08:18:19
3783,3,80.4,34.9,54.3,1.07,35.2,14.1,38.6,26.2,40.2,2026-07-27 08:26:19
3784,8,73.0,32.7,58.8,1.01,28.3,14.3,46.1,27.7,36.9,2026-07-27 08:34:19
3785,7,40.3,18.4,33.9,0.52,14.4,6.7,53.7,27.2,48.5,2026-07-27 08:42:19
3786,3,47.6,20.5,30.3,0.57,21.5,7.2,46.3,22.4,61.5,2026-07-27 08:50:19
3787,6,76.0,34.1,48.0,0.93,29.3,13.9,48.8,20.0,34.7,2026-07-27 08:58:19
3788,9,73.6,32.8,50.9,0.98,29.1,11.2,47.7,18.4,69.7,2026-07-27 09:06:19
3789,3,94.9,42.8,79.5,1.38,35.8,15.5,48.8,29.5,43.5,2026-07-27 09:14:19
3790,10,27.1,11.1,22.4,0.36,14.3,6.3,52.3,27.8,35.7,2026-07-27 09:22:19
3791,10,114.2,49.8,75.9,1.47,49.2,18.8,44.0,37.0,40.4,2026-07-27 09:30:19
3792,5,71.3,31.5,46.4,0.91,29.2,13.1,42.9,22.1,39.6,2026-07-27 09:38:19
3793,7,53.3,23.7,46.3,0.69,21.3,7.6,31.8,37.0,42.6,2026-07-27 09:46:19
3794,4,85.2,36.9,55.8,1.17,37.6,15.4,41.5,26.5,61.5,2026-07-27 09:54:19
3795,10,74.1,33.5,60.4,1.09,27.5,11.8,54.5,32.1,74.7,2026-07-27 10:02:19
3796,1,89.3,40.3,60.3,1.19,33.6,17.2,52.2,28.6,74.0,2026-07-27 10:10:19
3797,9,60.5,27.4,56.4,0.81,22.4,11.3,32.3,27.9,65.5,2026-07-27 10:18:19
3798,5,103.2,46.0,93.6,1.33,40.9,17.2,34.4,19.3,75.1,2026-07-27 10:26:19
3799,3,120.7,53.3,109.8,1.57,49.6,21.4,49.4,30.8,62.2,2026-07-27 10:34:19
3800,4,132.4,58.0,93.1,1.82,56.0,22.2,38.0,20.0,43.6,2026-07-27 10:42:19
3801,4,38.0,17.5,35.2,0.51,13.0,8.6,54.8,36.1,76.8,2026-07-27 10:50:19
3802,10,127.4,56.7,81.2,1.7,50.6,22.3,45.3,36.4,33.0,2026-07-27 10:58:19
3803,1,84.8,38.1,79.4,1.22,32.5,15.4,44.1,36.6,54.1,2026-07-27 11:06:19
3804,4,44.2,19.4,32.1,0.52,18.6,9.3,35.0,21.0,57.8,2026-07-27 11:14:19
3805,7,87.8,38.1,74.9,1.12,38.4,14.1,48.2,19.1,55.2,2026-07-27 11:22:19
3806,5,97.5,43.6,82.6,1.4,38.0,17.2,53.0,37.1,81.3,2026-07-27 11:30:19
3807,5,97.1,44.1,72.7,1.24,35.4,16.4,44.5,32.8,63.1,2026-07-27 11:38:19
3808,7,52.6,23.6,46.5,0.65,20.2,10.1,47.9,21.3,67.9,2026-07-27 11:46:19
3809,6,75.4,32.7,46.7,0.96,33.0,12.9,32.8,23.6,74.9,2026-07-27 11:54:19
3810,6,60.6,26.9,39.9,0.81,24.4,11.5,51.0,37.9,34.3,2026-07-27 12:02:19
3811,10,19.0,7.8,13.1,0.25,10.0,5.0,31.6,30.3,85.0,2026-07-27 12:10:19
3812,9,142.8,64.3,115.3,2.02,54.2,25.6,26.7,34.9,51.0,2026-07-27 12:18:19
3813,6,48.3,20.7,39.4,0.7,22.1,9.3,46.3,28.0,56.7,2026-07-27 12:26:19
3814,4,100.4,44.7,63.5,1.25,39.8,19.4,51.3,24.0,75.4,2026-07-27 12:34:19
3815,4,71.8,32.6,51.1,1.03,26.3,11.5,41.3,19.2,61.0,2026-07-27 12:42:19
3816,3,115.9,52.1,73.3,1.54,44.3,19.5,28.4,36.0,54.8,2026-07-27 12:50:19
3817,10,102.8,45.8,71.6,1.34,40.7,19.5,54.8,25.3,62.3,2026-07-27 12:58:19
3818,2,102.1,44.4,79.3,1.43,44.4,19.1,39.2,19.9,54.7,2026-07-27 13:06:19
3819,3,78.8,35.5,62.7,1.06,29.8,15.2,46.3,22.2,34.9,2026-07-27 13:14:19
3820,2,66.2,30.5,43.6,0.93,22.7,10.8,42.1,27.8,77.1,2026-07-27 13:22:19
3821,5,76.9,33.6,54.2,0.96,32.9,13.6,48.5,23.2,83.2,2026-07-27 13:30:19
3822,5,129.9,57.0,88.6,1.62,54.6,24.1,38.4,35.5,56.2,2026-07-27 13:38:19
3823,10,99.5,43.3,87.2,1.31,43.1,16.3,25.5,33.7,52.2,2026-07-27 13:46:19
3824,6,69.9,32.1,59.3,0.96,24.3,11.7,48.1,38.0,31.6,2026-07-27 13:54:19
3825,9,73.4,32.4,62.5,0.95,30.1,13.4,35.0,19.2,35.8,2026-07-27 14:02:19
3826,3,55.2,24.2,39.2,0.78,23.3,8.1,31.3,35.8,77.9,2026-07-27 14:10:19
3827,5,102.9,45.5,90.2,1.33,41.9,19.1,44.4,33.9,57.6,2026-07-27 14:18:19
3828,8,65.6,29.8,44.8,0.96,23.9,13.7,48.3,33.6,80.4,2026-07-27 14:26:19
3829,9,57.0,25.1,36.3,0.73,23.6,9.4,36.8,37.5,77.7,2026-07-27 14:34:19
3830,5,97.1,43.7,70.1,1.23,36.9,17.9,29.7,18.7,69.9,2026-07-27 14:42:19
3831,1,66.3,29.5,59.9,0.87,26.4,11.5,28.7,27.4,48.4,2026-07-27 14:50:19
3832,5,21.4,9.1,14.4,0.23,10.0,5.4,34.7,29.8,48.1,2026-07-27 14:58:19
3833,1,90.2,40.6,72.9,1.25,34.2,17.3,30.7,33.1,74.7,2026-07-27 15:06:19
3834,9,76.8,33.6,60.9,1.05,32.7,12.4,47.2,20.6,50.3,2026-07-27 15:14:19
3835,10,125.0,55.0,103.1,1.6,51.9,21.4,52.1,33.4,41.1,2026-07-27 15:22:19
3836,10,57.1,24.7,35.4,0.65,25.2,10.1,43.2,19.0,40.1,2026-07-27 15:30:19
3837,1,62.5,27.4,40.4,0.82,26.3,12.2,49.8,25.1,42.4,2026-07-27 15:38:19
3838,10,93.2,41.1,61.1,1.14,38.4,17.1,29.3,29.1,81.4,2026-07-27 15:46:19
3839,7,116.9,52.1,93.3,1.54,46.2,20.2,53.3,21.1,40.5,2026-07-27 15:54:19
3840,9,75.9,33.2,64.3,0.95,32.2,15.1,38.8,32.9,49.8,2026-07-27 16:02:19
3841,2,91.4,39.5,81.5,1.23,40.5,15.7,41.2,35.2,30.3,2026-07-27 16:10:19
3842,1,74.6,33.9,56.5,1.01,27.2,14.6,49.1,26.5,71.2,2026-07-27 16:18:19
3843,4,71.6,31.6,49.5,0.94,29.5,12.9,50.1,27.5,38.7,2026-07-27 16:26:19
3844,1,100.7,43.9,66.1,1.38,43.3,16.6,52.3,25.5,55.0,2026-07-27 16:34:19
3845,4,75.5,32.5,64.5,1.07,33.9,13.4,46.6,19.5,77.8,2026-07-27 16:42:19
3846,6,111.9,48.8,95.3,1.42,48.2,18.7,51.1,28.8,79.5,2026-07-27 16:50:19
3847,3,39.0,18.0,30.7,0.62,13.2,8.7,27.8,36.8,80.9,2026-07-27 16:58:19
3848,6,90.2,40.8,72.2,1.18,33.5,17.5,39.9,22.2,56.7,2026-07-27 17:06:19
3849,4,76.8,34.3,67.5,1.09,30.2,13.0,29.1,28.5,60.2,2026-07-27 17:14:19
3850,2,28.9,13.3,26.4,0.48,10.0,6.7,32.3,33.8,30.5,2026-07-27 17:22:19
3851,5,58.9,26.5,42.3,0.82,22.4,11.0,25.4,23.7,44.6,2026-07-27 17:30:19
3852,8,94.5,42.9,82.4,1.23,34.5,18.2,51.7,35.3,48.8,2026-07-27 17:38:19
3853,4,15.0,5.0,9.4,0.14,10.0,5.0,47.4,24.2,65.8,2026-07-27 17:46:19
3854,10,42.6,19.7,31.8,0.66,14.2,5.9,44.1,26.5,40.3,2026-07-27 17:54:19
3855,5,61.4,27.7,39.5,0.77,23.0,11.5,52.9,22.0,58.8,2026-07-27 18:02:19
3856,2,54.3,24.6,43.1,0.65,20.0,11.2,36.3,29.4,80.4,2026-07-27 18:10:19
3857,10,114.9,50.2,80.7,1.54,49.1,19.7,26.3,33.2,54.9,2026-07-27 18:18:19
3858,5,71.6,32.3,48.7,0.93,26.9,11.7,36.2,36.6,48.1,2026-07-27 18:26:19
3859,2,102.5,45.0,71.6,1.3,43.1,16.5,47.4,19.8,42.0,2026-07-27 18:34:19
3860,3,40.7,17.2,27.6,0.45,19.4,6.1,40.8,21.1,65.3,2026-07-27 18:42:19
3861,7,46.8,20.8,29.7,0.69,18.8,6.5,32.7,30.9,39.3,2026-07-27 18:50:19
3862,8,87.6,38.5,54.9,1.06,36.6,16.0,52.1,22.0,30.3,2026-07-27 18:58:19
3863,2,83.0,37.6,63.5,1.05,30.6,16.5,25.5,29.6,33.1,2026-07-27 19:06:19
3864,4,37.6,16.5,29.6,0.42,15.9,5.3,51.8,18.8,38.6,2026-07-27 19:14:19
3865,3,71.5,32.4,51.2,0.99,26.3,11.2,26.2,21.7,71.6,2026-07-27 19:22:19
3866,10,52.5,22.7,40.6,0.71,23.2,10.0,52.6,19.6,32.8,2026-07-27 19:30:19
3867,5,51.7,23.5,47.5,0.63,18.7,8.0,45.8,32.6,70.9,2026-07-27 19:38:19
3868,8,21.4,9.1,17.1,0.33,10.0,5.0,25.0,27.5,68.9,2026-07-27 19:46:19
3869,2,55.8,24.1,50.3,0.72,24.9,11.4,53.1,21.3,82.1,2026-07-27 19:54:19
3870,1,142.3,62.6,96.7,1.82,59.2,25.7,37.3,28.0,72.5,2026-07-27 20:02:19
3871,2,95.2,43.0,66.4,1.27,35.5,17.8,46.1,24.6,68.3,2026-07-27 20:10:19
3872,4,89.0,38.5,64.0,1.24,39.4,14.3,50.2,32.7,42.9,2026-07-27 20:18:19
3873,1,73.2,32.4,51.1,1.04,29.8,12.6,43.9,25.5,83.5,2026-07-27 20:26:19
3874,6,15.0,5.0,8.4,0.23,10.0,5.0,46.5,23.9,59.4,2026-07-27 20:34:19
3875,3,47.2,21.8,37.9,0.61,15.9,7.5,41.7,23.0,46.5,2026-07-27 20:42:19
3876,9,117.7,52.1,76.5,1.65,47.8,21.7,34.9,37.7,61.2,2026-07-27 20:50:19
3877,1,81.8,35.8,53.3,1.1,34.8,13.4,47.1,32.8,71.5,2026-07-27 20:58:19
3878,7,74.2,32.2,47.9,0.9,32.4,14.2,32.0,36.4,62.1,2026-07-27 21:06:19
3879,5,15.0,5.0,9.8,0.2,10.0,5.0,54.8,31.5,54.5,2026-07-27 21:14:19
3880,3,65.8,28.5,56.4,0.91,29.0,9.8,49.6,26.3,53.6,2026-07-27 21:22:19
3881,6,133.7,59.7,114.8,1.71,52.5,22.2,31.6,36.7,36.8,2026-07-27 21:30:19
3882,5,42.2,18.0,35.4,0.5,19.6,6.8,53.7,27.7,42.6,2026-07-27 21:38:19
3883,6,79.8,34.5,49.5,0.98,35.5,15.2,41.1,34.0,43.4,2026-07-27 21:46:19
3884,4,42.5,19.2,27.6,0.61,15.8,6.2,38.3,22.4,64.8,2026-07-27 21:54:19
3885,1,65.1,28.6,59.2,0.91,27.2,10.0,51.3,32.9,68.2,2026-07-27 22:02:19
3886,7,24.6,10.7,17.4,0.4,10.7,5.0,27.2,21.5,32.1,2026-07-27 22:10:19
3887,10,72.4,31.1,51.5,0.84,32.9,11.0,28.9,32.5,50.8,2026-07-27 22:18:19
3888,7,45.6,19.9,34.6,0.66,19.6,8.6,48.3,24.6,52.1,2026-07-27 22:26:19
3889,5,97.6,43.1,71.0,1.33,40.0,17.3,52.0,26.0,45.7,2026-07-27 22:34:19
3890,6,97.7,44.4,90.7,1.38,35.6,17.7,52.6,37.6,57.9,2026-07-27 22:42:19
3891,6,133.9,60.1,84.5,1.76,51.5,24.0,26.0,34.2,61.8,2026-07-27 22:50:19
3892,5,93.7,42.1,72.8,1.36,35.9,16.8,50.5,19.3,51.2,2026-07-27 22:58:19
3893,5,80.7,36.6,61.5,1.12,29.6,14.4,26.5,20.4,70.5,2026-07-27 23:06:19
3894,7,32.4,14.7,25.5,0.52,11.9,6.8,25.1,36.6,40.0,2026-07-27 23:14:19
3895,3,92.3,42.1,73.1,1.18,33.1,16.5,53.4,22.2,82.1,2026-07-27 23:22:19
3896,5,39.4,18.5,34.0,0.56,12.2,6.2,25.3,22.2,69.0,2026-07-27 23:30:19
3897,1,27.1,12.3,22.2,0.33,10.0,5.0,52.5,36.5,65.9,2026-07-27 23:38:19
3898,2,86.8,38.8,70.4,1.2,33.9,15.6,54.1,26.4,52.1,2026-07-27 23:46:19
3899,7,97.3,42.7,86.6,1.3,40.9,16.3,30.4,28.3,47.6,2026-07-27 23:54:19
3900,4,15.4,5.8,9.3,0.25,10.0,5.0,30.7,31.1,42.6,2026-07-28 00:02:19
3901,9,78.7,34.0,67.8,1.04,35.0,12.3,41.8,36.4,58.2,2026-07-28 00:10:19
3902,9,147.9,66.2,110.0,2.04,57.5,27.6,36.4,22.0,82.5,2026-07-28 00:18:19
3903,7,56.6,25.7,36.1,0.83,20.7,11.0,30.8,19.1,77.2,2026-07-28 00:26:19
3904,4,50.8,22.1,40.6,0.67,22.1,9.1,36.7,23.6,76.8,2026-07-28 00:34:19
3905,4,30.4,12.5,25.0,0.4,15.7,5.6,34.3,26.2,66.4,2026-07-28 00:42:19
3906,5,164.4,73.8,126.3,2.13,63.2,28.6,36.1,35.4,31.7,2026-07-28 00:50:19
3907,4,15.0,5.0,9.0,0.18,10.0,5.0,43.7,30.8,33.0,2026-07-28 00:58:19
3908,1,128.6,58.1,107.5,1.67,48.0,24.7,40.6,23.6,82.2,2026-07-28 01:06:19
3909,3,140.2,61.7,120.7,1.86,58.2,25.1,34.9,31.9,66.1,2026-07-28 01:14:19
3910,6,53.6,23.9,39.1,0.7,21.1,7.9,40.6,31.8,48.5,2026-07-28 01:22:19
3911,10,125.0,55.1,100.1,1.72,51.6,20.2,37.4,27.2,72.4,2026-07-28 01:30:19
3912,9,66.0,29.6,50.3,0.88,25.5,11.1,53.7,25.2,47.4,2026-07-28 01:38:19
3913,10,50.4,21.7,41.9,0.72,22.6,9.3,42.1,33.5,45.3,2026-07-28 01:46:19
3914,6,107.8,47.5,95.5,1.36,44.7,17.1,30.7,19.1,79.4,2026-07-28 01:54:19
3915,9,18.4,7.2,14.0,0.21,10.8,5.0,32.3,34.6,60.6,2026-07-28 02:02:19
3916,3,75.7,32.7,68.5,0.99,33.7,14.1,42.2,29.6,78.4,2026-07-28 02:10:19
3917,8,61.0,26.5,53.6,0.84,26.5,10.6,50.2,36.5,68.3,2026-07-28 02:18:19
3918,3,71.8,31.8,52.7,1.03,29.2,11.6,45.3,36.9,43.2,2026-07-28 02:26:19
3919,2,27.2,11.2,20.9,0.38,14.1,5.0,37.4,20.2,78.6,2026-07-28 02:34:19
3920,3,105.1,46.9,73.3,1.48,41.3,18.7,50.5,27.4,37.5,2026-07-28 02:42:19
3921,9,72.0,31.6,65.1,0.86,30.3,13.3,54.9,33.1,38.7,2026-07-28 02:50:19
3922,7,42.2,19.0,37.8,0.58,16.0,6.4,48.4,27.6,34.9,2026-07-28 02:58:19
3923,1,15.0,5.0,7.2,0.22,10.0,5.0,41.4,34.4,61.7,2026-07-28 03:06:19
3924,8,39.1,16.4,30.7,0.59,19.1,5.0,47.1,30.7,83.1,2026-07-28 03:14:19
3925,1,56.5,24.7,42.8,0.84,24.0,8.6,46.8,29.4,82.2,2026-07-28 03:22:19
3926,4,80.2,34.7,71.2,1.04,35.5,15.8,45.2,24.7,46.7,2026-07-28 03:30:19
3927,4,42.2,17.8,25.1,0.46,20.3,5.2,29.3,37.2,38.0,2026-07-28 03:38:19
3928,5,102.1,45.9,89.2,1.38,38.9,16.6,43.8,31.2,53.3,2026-07-28 03:46:19
3929,7,23.9,10.4,20.9,0.39,10.3,6.1,41.9,22.2,59.0,2026-07-28 03:54:19
3930,8,96.5,41.8,82.6,1.16,42.6,17.8,31.6,24.5,45.0,2026-07-28 04:02:19
3931,2,43.4,18.4,29.0,0.61,20.6,7.6,46.9,32.5,60.3,2026-07-28 04:10:19
3932,5,126.5,55.3,77.8,1.76,54.0,21.6,27.9,28.4,68.3,2026-07-28 04:18:19
3933,4,64.6,28.5,47.9,0.88,26.6,11.2,38.9,18.3,53.0,2026-07-28 04:26:19
3934,8,61.3,27.0,46.9,0.89,25.4,12.0,29.1,29.5,44.4,2026-07-28 04:34:19
3935,10,40.9,18.7,30.2,0.49,14.5,6.0,41.3,22.9,80.4,2026-07-28 04:42:19
3936,2,36.0,17.1,28.1,0.54,10.5,5.6,43.9,24.0,49.4,2026-07-28 04:50:19
3937,2,100.7,45.5,82.8,1.39,37.6,16.8,36.3,20.6,50.7,2026-07-28 04:58:19
3938,9,73.4,32.8,64.2,0.99,28.7,13.1,49.4,30.2,31.3,2026-07-28 05:06:19
3939,6,88.5,38.9,59.9,1.21,37.0,16.0,49.6,36.2,46.4,2026-07-28 05:14:19
3940,8,108.3,49.0,102.4,1.38,40.2,20.1,45.2,23.9,55.5,2026-07-28 05:22:19
3941,7,111.7,50.2,96.7,1.42,42.6,21.5,47.6,35.5,33.2,2026-07-28 05:30:19
3942,10,34.9,15.1,29.5,0.47,15.4,5.7,50.3,26.4,50.9,2026-07-28 05:38:19
3943,7,93.7,41.0,65.3,1.2,39.7,17.4,39.3,27.1,40.2,2026-07-28 05:46:19
3944,3,104.2,47.2,67.9,1.4,38.5,17.8,44.9,22.5,79.9,2026-07-28 05:54:19
3945,4,75.3,33.4,69.5,0.98,30.4,14.9,53.3,37.9,56.9,2026-07-28 06:02:19
3946,2,48.7,21.1,32.6,0.66,21.5,9.7,35.1,29.7,32.3,2026-07-28 06:10:19
3947,1,53.1,23.1,48.0,0.65,23.1,10.4,35.1,22.6,38.2,2026-07-28 06:18:19
3948,6,56.4,25.8,40.8,0.71,20.0,11.5,50.0,33.6,43.7,2026-07-28 06:26:19
3949,1,104.3,46.1,91.9,1.36,42.7,18.0,35.9,22.3,52.2,2026-07-28 06:34:19
3950,3,65.8,29.2,57.1,0.88,26.4,10.9,30.1,32.8,76.3,2026-07-28 06:42:19
3951,4,70.4,32.3,46.7,0.87,24.6,11.3,48.1,30.8,40.0,2026-07-28 06:50:19
3952,9,109.8,49.8,95.2,1.58,40.4,18.7,54.8,27.1,64.4,2026-07-28 06:58:19
3953,7,25.8,10.9,17.0,0.27,12.3,6.3,43.9,29.9,48.9,2026-07-28 07:06:19
3954,9,117.5,52.3,92.6,1.54,46.7,20.7,50.0,22.0,32.9,2026-07-28 07:14:19
3955,10,65.0,28.6,55.0,0.79,27.0,11.8,37.4,32.8,37.7,2026-07-28 07:22:19
3956,5,115.0,50.4,78.7,1.59,48.6,18.2,47.6,29.5,44.0,2026-07-28 07:30:19
3957,6,68.9,30.6,50.2,0.91,27.7,10.4,25.6,27.6,38.4,2026-07-28 07:38:19
3958,6,28.8,13.2,26.8,0.3,10.0,5.0,31.8,22.4,68.4,2026-07-28 07:46:19
3959,7,63.9,27.5,47.6,0.78,28.7,10.6,35.8,21.2,67.4,2026-07-28 07:54:19
3960,3,24.1,10.6,17.5,0.29,10.0,5.7,32.9,28.9,38.4,2026-07-28 08:02:19
3961,6,88.8,40.2,82.4,1.24,32.8,16.8,40.7,25.3,51.0,2026-07-28 08:10:19
3962,7,98.8,44.1,85.8,1.29,38.8,18.4,54.2,23.7,30.8,2026-07-28 08:18:19
3963,5,107.5,47.8,92.9,1.51,43.0,17.4,48.9,23.0,80.5,2026-07-28 08:26:19
3964,7,110.9,50.1,96.2,1.45,41.5,20.9,47.9,18.2,63.4,2026-07-28 08:34:19
3965,10,99.9,45.0,87.3,1.36,37.8,19.6,51.1,33.2,48.4,2026-07-28 08:42:19
3966,1,47.6,22.0,34.5,0.71,16.0,10.6,51.2,35.6,65.4,2026-07-28 08:50:19
3967,7,95.1,42.6,71.5,1.34,36.9,15.2,28.9,34.4,76.5,2026-07-28 08:58:19
3968,2,45.5,19.6,34.8,0.58,20.5,9.8,27.3,27.3,40.1,2026-07-28 09:06:19
3969,8,98.3,43.0,72.0,1.34,41.8,16.6,26.7,31.6,51.8,2026-07-28 09:14:19
3970,8,42.5,19.0,28.9,0.51,16.5,7.1,49.9,33.7,57.0,2026-07-28 09:22:19
3971,7,70.1,31.8,64.7,1.01,25.7,14.6,51.9,36.6,79.0,2026-07-28 09:30:19
3972,5,80.5,35.5,63.8,1.14,33.2,15.5,41.0,24.5,80.3,2026-07-28 09:38:19
3973,1,42.6,18.5,36.5,0.55,18.6,8.0,39.9,21.5,73.8,2026-07-28 09:46:19
3974,10,38.5,17.0,25.3,0.57,15.7,5.0,30.9,37.8,81.7,2026-07-28 09:54:19
3975,5,15.4,5.8,10.8,0.21,10.0,5.0,46.6,28.5,69.6,2026-07-28 10:02:19
3976,8,33.3,15.1,31.6,0.42,12.3,7.6,50.2,36.8,43.5,2026-07-28 10:10:19
3977,1,99.1,44.2,71.8,1.39,39.1,18.8,36.5,27.1,73.7,2026-07-28 10:18:19
3978,5,15.0,5.0,7.2,0.21,10.0,5.0,50.0,25.1,38.3,2026-07-28 10:26:19
3979,3,113.2,50.7,98.3,1.42,43.9,21.2,36.0,32.3,66.0,2026-07-28 10:34:19
3980,7,72.8,31.8,66.4,1.03,31.2,13.7,28.2,18.1,76.7,2026-07-28 10:42:19
3981,1,119.4,52.6,76.3,1.5,49.5,20.5,50.0,23.7,63.3,2026-07-28 10:50:19
3982,4,95.0,42.8,61.3,1.29,36.0,16.7,44.9,36.6,50.6,2026-07-28 10:58:19
3983,2,80.3,36.1,53.7,1.12,30.7,12.8,52.5,26.2,74.1,2026-07-28 11:06:19
3984,3,119.3,52.8,106.0,1.53,48.6,22.5,49.1,23.0,80.7,2026-07-28 11:14:19
3985,1,44.9,20.8,34.1,0.69,15.0,7.1,25.4,23.6,80.1,2026-07-28 11:22:19
3986,6,104.1,45.7,70.7,1.29,43.7,20.1,25.9,20.8,46.4,2026-07-28 11:30:19
3987,7,84.9,37.3,62.8,1.06,35.5,15.2,36.9,19.6,51.4,2026-07-28 11:38:19
3988,2,15.0,5.0,7.8,0.16,10.0,5.0,38.7,23.1,80.0,2026-07-28 11:46:19
3989,7,34.4,14.9,23.5,0.37,15.1,5.4,49.5,30.7,68.5,2026-07-28 11:54:19
3990,5,126.2,56.9,118.9,1.65,47.6,24.2,49.0,31.5,51.6,2026-07-28 12:02:19
3991,2,31.6,13.5,25.3,0.45,14.7,5.0,39.9,37.6,47.6,2026-07-28 12:10:19
3992,7,24.7,10.9,17.0,0.23,10.2,5.0,41.2,24.2,84.5,2026-07-28 12:18:19
3993,8,129.7,58.7,120.7,1.67,48.1,24.7,46.3,27.3,34.3,2026-07-28 12:26:19
3994,1,101.8,45.2,80.7,1.39,40.8,19.6,48.3,30.5,54.7,2026-07-28 12:34:19
3995,7,34.0,14.2,25.2,0.42,16.9,7.3,32.5,36.4,64.6,2026-07-28 12:42:19
3996,2,92.3,40.1,69.7,1.16,40.3,17.4,33.8,35.1,31.7,2026-07-28 12:50:19
3997,3,64.1,27.9,48.5,0.79,27.7,12.5,34.4,22.9,30.7,2026-07-28 12:58:19
3998,9,110.4,48.8,74.8,1.49,45.2,21.0,45.7,26.5,52.4,2026-07-28 13:06:19
3999,6,74.9,32.6,53.5,1.06,32.4,13.8,40.8,35.1,81.5,2026-07-28 13:14:19
4000,9,96.0,41.9,84.0,1.2,41.2,16.5,34.9,20.3,73.1,2026-07-28 13:22:19
4001,2,87.6,37.9,68.6,1.06,38.7,15.7,47.3,30.5,60.1,2026-07-28 13:30:19
4002,4,68.0,29.6,52.1,0.86,29.4,13.6,49.5,22.4,60.7,2026-07-28 13:38:19
4003,10,62.7,27.8,51.9,0.74,25.3,11.0,29.6,32.9,61.1,2026-07-28 13:46:19
4004,4,84.7,37.6,65.0,1.04,34.0,15.4,51.0,35.9,70.9,2026-07-28 13:54:19
4005,1,76.3,32.9,60.4,1.06,34.2,11.2,35.5,31.0,48.0,2026-07-28 14:02:19
4006,6,62.7,27.4,43.6,0.76,26.8,10.6,46.3,19.4,39.2,2026-07-28 14:10:19
4007,10,98.5,44.0,68.7,1.29,38.6,19.5,32.7,30.2,32.6,2026-07-28 14:18:19
4008,2,69.0,30.0,45.2,0.87,30.0,11.4,38.4,36.0,75.8,2026-07-28 14:26:19
4009,2,35.9,16.1,24.6,0.38,13.9,6.2,36.6,24.2,76.6,2026-07-28 14:34:19
4010,9,77.0,35.2,54.0,0.96,27.2,13.3,44.3,21.4,43.3,2026-07-28 14:42:19
4011,6,50.0,22.8,47.5,0.6,18.0,7.2,53.8,23.2,57.3,2026-07-28 14:50:19
4012,3,80.8,35.0,55.1,1.03,35.6,14.4,38.3,37.4,57.4,2026-07-28 14:58:19
4013,4,37.6,16.3,29.6,0.48,16.5,7.3,30.2,35.1,76.7,2026-07-28 15:06:19
4014,1,70.4,30.7,60.3,0.94,30.2,10.7,31.2,32.5,73.5,2026-07-28 15:14:19
4015,7,47.3,20.6,29.8,0.6,20.4,6.8,46.6,32.0,80.1,2026-07-28 15:22:19
4016,7,33.4,15.2,24.3,0.38,12.1,5.0,27.8,28.3,32.5,2026-07-28 15:30:19
4017,8,86.3,38.3,70.3,1.19,34.8,15.0,25.0,33.0,42.7,2026-07-28 15:38:19
4018,6,47.4,21.0,37.6,0.68,19.2,7.9,45.7,23.2,54.8,2026-07-28 15:46:19
4019,3,67.1,30.7,45.3,0.82,23.7,12.8,34.2,36.7,70.2,2026-07-28 15:54:19
4020,3,89.1,39.3,73.9,1.23,36.8,15.9,30.1,30.7,81.5,2026-07-28 16:02:19
4021,1,87.3,39.8,66.5,1.15,31.3,15.8,38.8,26.4,40.2,2026-07-28 16:10:19
4022,8,30.3,12.9,19.7,0.47,14.1,5.4,52.1,21.4,60.2,2026-07-28 16:18:19
4023,4,97.5,42.3,63.0,1.21,42.8,18.2,28.0,37.7,40.1,2026-07-28 16:26:19
4024,10,34.9,16.2,27.1,0.58,11.4,6.4,32.8,37.3,45.8,2026-07-28 16:34:19
4025,5,68.4,29.4,51.6,0.87,31.0,11.8,54.2,29.1,68.4,2026-07-28 16:42:19
4026,1,103.2,46.7,78.1,1.31,38.2,17.8,51.3,34.3,60.5,2026-07-28 16:50:19
4027,8,123.0,53.6,96.9,1.61,53.1,19.6,42.5,36.4,36.7,2026-07-28 16:58:19
4028,10,68.5,31.5,59.5,1.0,23.7,13.9,46.9,37.8,60.9,2026-07-28 17:06:19
4029,2,37.0,16.9,31.8,0.59,13.2,6.3,51.5,34.0,76.8,2026-07-28 17:14:19
4030,4,113.2,49.6,97.3,1.5,47.8,18.6,35.2,32.8,65.1,2026-07-28 17:22:19
4031,1,107.3,47.8,92.2,1.34,42.6,19.1,29.0,35.3,51.8,2026-07-28 17:30:19
4032,6,68.7,29.9,53.7,0.91,29.7,13.2,34.6,33.7,30.6,2026-07-28 17:38:19
4033,6,68.8,31.4,61.0,0.98,24.5,12.7,52.1,31.4,69.2,2026-07-28 17:46:19
4034,1,90.6,40.0,80.4,1.23,37.2,16.8,39.8,21.4,51.1,2026-07-28 17:54:19
4035,4,78.8,35.2,51.2,0.98,30.9,16.0,29.1,19.2,42.8,2026-07-28 18:02:19
4036,7,60.9,27.2,50.6,0.8,23.8,10.6,39.3,18.8,41.8,2026-07-28 18:10:19
4037,8,100.5,44.7,81.4,1.25,40.0,19.5,31.2,30.8,47.3,2026-07-28 18:18:19
4038,7,26.6,12.0,19.3,0.3,10.0,5.0,47.4,23.4,38.6,2026-07-28 18:26:19
4039,1,74.4,32.9,47.5,0.9,30.3,12.3,31.0,32.7,64.1,2026-07-28 18:34:19
4040,1,122.7,55.4,79.8,1.62,45.9,21.5,37.4,30.1,68.8,2026-07-28 18:42:19
4041,7,103.8,47.1,79.2,1.48,38.0,17.6,39.1,26.6,32.0,2026-07-28 18:50:19
4042,3,53.9,23.9,38.0,0.67,21.7,10.9,34.0,33.8,53.9,2026-07-28 18:58:19
4043,2,136.1,59.5,118.1,1.75,58.0,24.8,34.8,35.0,76.0,2026-07-28 19:06:19
4044,10,139.0,61.8,123.2,1.78,55.5,24.2,27.8,34.7,40.9,2026-07-28 19:14:19
4045,4,88.4,40.2,65.2,1.15,32.0,14.7,25.0,26.7,46.6,2026-07-28 19:22:19
4046,7,86.5,37.7,71.6,1.2,37.2,14.9,47.0,32.1,70.3,2026-07-28 19:30:19
4047,10,99.7,44.9,91.5,1.35,37.7,19.9,32.1,22.7,49.4,2026-07-28 19:38:19
4048,5,15.0,5.0,10.1,0.13,10.0,5.0,25.3,35.7,53.2,2026-07-28 19:46:19
4049,10,99.9,44.4,73.9,1.24,39.9,16.0,27.6,37.0,58.7,2026-07-28 19:54:19
4050,10,37.7,17.3,28.1,0.55,13.1,5.8,39.6,22.1,78.4,2026-07-28 20:02:19
4051,1,94.1,40.8,60.0,1.24,41.3,16.1,54.6,26.7,46.3,2026-07-28 20:10:19
4052,9,144.6,65.1,132.5,1.95,54.8,25.0,43.4,26.4,45.6,2026-07-28 20:18:19
4053,8,60.9,28.0,48.6,0.92,21.0,12.4,40.9,27.1,71.7,2026-07-28 20:26:19
4054,2,56.7,25.2,52.3,0.74,22.6,11.2,30.6,25.5,30.1,2026-07-28 20:34:19
4055,7,105.2,47.1,85.8,1.47,40.8,18.5,32.2,33.7,71.3,2026-07-28 20:42:19
4056,2,76.7,34.6,58.0,1.08,28.9,15.5,42.9,23.3,63.8,2026-07-28 20:50:19
4057,9,92.7,40.6,68.5,1.2,39.2,16.1,36.1,26.1,67.8,2026-07-28 20:58:19
4058,7,39.1,16.6,25.9,0.6,18.5,6.0,49.6,18.5,69.0,2026-07-28 21:06:19
4059,3,34.4,14.9,25.7,0.48,15.1,5.0,43.4,37.0,38.7,2026-07-28 21:14:19
4060,8,97.5,42.6,69.9,1.2,41.7,17.6,34.2,26.8,60.0,2026-07-28 21:22:19
4061,1,138.3,61.2,92.5,1.9,56.2,23.3,34.3,18.4,80.4,2026-07-28 21:30:19
4062,3,113.9,50.7,86.7,1.59,45.3,21.7,48.5,33.4,55.9,2026-07-28 21:38:19
4063,9,83.7,37.1,71.7,1.06,33.8,15.6,42.4,19.8,79.1,2026-07-28 21:46:19
4064,8,104.3,45.4,76.3,1.45,45.1,17.1,30.6,30.1,34.8,2026-07-28 21:54:19
4065,7,50.3,23.1,34.2,0.67,17.5,9.6,38.3,23.7,50.9,2026-07-28 22:02:19
4066,5,46.2,20.4,28.6,0.55,19.0,9.4,52.6,31.1,37.1,2026-07-28 22:10:19
4067,4,120.6,52.7,110.7,1.53,51.4,22.0,54.2,23.6,57.6,2026-07-28 22:18:19
4068,5,112.6,51.0,92.0,1.55,41.6,19.8,36.1,37.8,43.9,2026-07-28 22:26:19
4069,5,35.7,16.4,26.8,0.41,12.4,5.0,48.7,32.4,33.0,2026-07-28 22:34:19
4070,1,76.3,33.6,61.3,1.03,31.6,12.9,48.6,19.5,74.7,2026-07-28 22:42:19
4071,8,84.9,37.8,57.8,1.19,33.8,13.2,40.5,26.3,31.3,2026-07-28 22:50:19
4072,7,121.0,52.9,84.1,1.51,51.6,23.0,25.4,37.2,50.5,2026-07-28 22:58:19
4073,10,75.8,33.4,63.2,0.93,31.4,13.3,30.3,30.8,37.0,2026-07-28 23:06:19
4074,1,95.6,43.0,89.6,1.22,36.4,15.9,46.6,19.9,35.2,2026-07-28 23:14:19
4075,8,43.7,20.2,39.1,0.53,14.6,7.8,37.6,25.4,41.8,2026-07-28 23:22:19
4076,4,114.1,50.7,73.3,1.56,45.7,18.8,25.6,31.3,80.2,2026-07-28 23:30:19
4077,8,114.4,51.3,79.6,1.63,44.1,19.4,29.4,32.9,60.6,2026-07-28 23:38:19
4078,8,84.6,38.3,74.7,1.06,31.4,13.5,27.7,37.5,31.5,2026-07-28 23:46:19
4079,5,54.1,25.1,36.4,0.79,17.9,11.6,42.9,20.9,71.0,2026-07-28 23:54:19
4080,2,83.6,36.6,51.3,1.08,35.5,16.6,26.6,26.6,82.8,2026-07-29 00:02:19
4081,8,84.1,38.0,55.6,1.2,31.3,14.2,38.5,36.6,80.0,2026-07-29 00:10:19
4082,8,130.2,57.1,113.4,1.81,54.8,22.5,54.9,32.4,46.9,2026-07-29 00:18:19
4083,9,102.4,45.8,84.3,1.42,39.9,16.5,40.3,35.8,80.3,2026-07-29 00:26:19
4084,5,100.5,45.6,70.0,1.27,36.8,16.3,44.8,25.7,57.1,2026-07-29 00:34:19
4085,3,88.0,39.1,70.1,1.25,35.3,15.3,37.8,21.4,51.8,2026-07-29 00:42:19
4086,4,40.5,17.0,33.5,0.47,19.8,6.7,28.9,23.6,44.5,2026-07-29 00:50:19
4087,3,74.8,32.3,61.8,0.93,33.3,14.2,45.7,34.2,51.0,2026-07-29 00:58:19
4088,2,104.2,47.0,84.7,1.36,39.1,18.3,25.2,20.3,38.3,2026-07-29 01:06:19
4089,5,51.5,23.2,48.4,0.67,19.4,8.5,43.5,37.5,84.1,2026-07-29 01:14:19
4090,10,141.1,63.7,126.7,1.85,52.9,24.6,50.9,33.9,55.5,2026-07-29 01:22:19
4091,3,49.5,21.7,32.6,0.63,20.9,9.1,39.7,24.2,48.1,2026-07-29 01:30:19
4092,3,98.0,43.8,69.3,1.3,38.4,16.9,36.4,30.8,45.4,2026-07-29 01:38:19
4093,1,93.1,41.7,82.6,1.29,36.0,16.1,47.9,34.5,54.6,2026-07-29 01:46:19
4094,5,97.5,43.6,69.5,1.32,38.1,18.9,46.7,32.8,32.5,2026-07-29 01:54:19
4095,7,29.1,13.4,24.4,0.34,10.0,6.8,51.1,22.8,75.9,2026-07-29 02:02:19
4096,2,87.5,38.6,58.7,1.08,36.1,16.3,28.2,25.2,47.2,2026-07-29 02:10:19
4097,9,91.9,39.8,70.1,1.29,40.6,15.8,44.9,25.3,68.5,2026-07-29 02:18:19
4098,3,82.3,35.6,54.4,1.12,36.5,14.0,33.2,24.5,82.1,2026-07-29 02:26:19
4099,6,43.2,19.8,31.6,0.61,15.1,6.7,44.5,35.3,49.8,2026-07-29 02:34:19
4100,1,81.9,35.5,51.2,1.02,36.0,14.2,44.5,23.8,39.5,2026-07-29 02:42:19
4101,5,71.0,32.6,48.6,0.94,24.7,14.7,47.2,24.8,84.8,2026-07-29 02:50:19
4102,3,78.0,33.7,58.1,1.08,34.7,14.1,54.1,22.3,54.6,2026-07-29 02:58:19
4103,3,73.9,32.7,64.9,0.96,30.1,11.5,30.6,18.9,65.6,2026-07-29 03:06:19
4104,3,94.8,42.4,62.9,1.3,36.9,15.1,29.6,25.1,56.2,2026-07-29 03:14:19
4105,9,45.8,20.7,38.3,0.63,17.1,8.4,47.1,37.6,63.7,2026-07-29 03:22:19
4106,9,130.4,58.0,109.0,1.66,52.0,23.7,50.9,24.5,60.5,2026-07-29 03:30:19
4107,7,72.7,32.8,54.3,0.92,27.3,13.6,43.4,23.3,72.0,2026-07-29 03:38:19
4108,5,56.1,25.0,42.4,0.65,22.2,8.9,49.1,36.2,62.0,2026-07-29 03:46:19
4109,2,88.8,39.1,72.9,1.07,36.9,13.9,46.1,28.3,54.8,2026-07-29 03:54:19
4110,7,30.3,13.7,25.6,0.44,11.2,5.0,49.6,26.8,67.1,2026-07-29 04:02:19
4111,7,149.6,66.2,138.5,2.05,60.9,25.1,30.1,31.0,32.0,2026-07-29 04:10:19
4112,6,96.4,43.4,80.5,1.24,36.6,17.8,46.4,31.3,79.2,2026-07-29 04:18:19
4113,9,103.4,47.0,67.9,1.46,37.6,19.1,33.0,29.3,61.5,2026-07-29 04:26:19
4114,7,69.2,31.0,63.6,0.84,26.9,14.2,42.1,33.3,84.1,2026-07-29 04:34:19
4115,5,95.4,43.4,87.9,1.36,34.6,18.8,50.8,31.2,64.9,2026-07-29 04:42:19
4116,3,102.1,44.8,77.0,1.31,43.0,18.3,30.2,26.6,71.7,2026-07-29 04:50:19
4117,1,149.9,67.1,105.3,2.08,58.3,25.5,43.0,25.4,63.5,2026-07-29 04:58:19
4118,9,55.8,25.2,42.9,0.79,20.8,11.3,43.8,29.2,83.9,2026-07-29 05:06:19
4119,3,45.5,19.7,31.9,0.59,20.0,8.9,37.5,23.8,32.7,2026-07-29 05:14:19
4120,8,167.4,74.3,112.2,2.22,67.4,29.7,52.3,23.9,31.0,2026-07-29 05:22:19
4121,10,97.3,43.4,89.2,1.39,38.3,17.0,30.4,30.5,66.0,2026-07-29 05:30:19
4122,8,118.2,51.5,82.4,1.61,50.9,20.5,41.1,18.1,81.9,2026-07-29 05:38:19
4123,6,47.2,20.0,38.2,0.59,22.5,9.3,42.3,22.3,63.9,2026-07-29 05:46:19
4124,9,64.2,27.6,57.9,0.79,29.1,11.7,44.0,26.6,64.5,2026-07-29 05:54:19
4125,9,150.2,66.2,121.2,1.93,62.1,26.7,37.7,19.4,62.0,2026-07-29 06:02:19
4126,8,130.1,58.2,96.2,1.68,50.6,21.8,35.8,21.3,45.7,2026-07-29 06:10:19
4127,9,17.8,7.1,12.3,0.25,10.0,5.0,37.1,21.4,81.2,2026-07-29 06:18:19
4128,3,71.8,31.3,47.6,1.03,31.0,13.8,53.8,36.5,65.0,2026-07-29 06:26:19
4129,9,109.7,48.8,69.3,1.51,43.8,20.5,49.9,36.6,56.8,2026-07-29 06:34:19
4130,1,110.4,49.5,77.0,1.49,42.5,19.2,43.1,33.9,81.6,2026-07-29 06:42:19
4131,5,102.3,46.3,71.2,1.47,37.9,16.9,32.2,28.6,40.5,2026-07-29 06:50:19
4132,2,90.9,39.9,69.7,1.18,38.1,14.6,32.3,27.8,43.5,2026-07-29 06:58:19
4133,10,86.4,38.0,72.8,1.04,35.9,15.7,32.8,34.0,52.7,2026-07-29 07:06:19
4134,6,82.0,35.4,58.2,1.11,36.5,14.5,31.4,27.3,66.4,2026-07-29 07:14:19
4135,9,48.3,21.1,33.2,0.62,20.7,8.5,39.4,18.7,55.2,2026-07-29 07:22:19
4136,9,95.3,42.6,60.8,1.33,37.3,18.6,36.1,25.9,49.5,2026-07-29 07:30:19
4137,5,63.7,29.0,58.2,0.95,23.0,10.1,27.4,20.4,75.0,2026-07-29 07:38:19
4138,7,37.9,17.6,34.7,0.48,12.5,5.1,41.1,26.9,71.5,2026-07-29 07:46:19
4139,7,101.1,44.8,73.6,1.3,40.9,19.1,53.2,28.9,30.9,2026-07-29 07:54:19
4140,4,137.3,59.9,117.9,1.86,58.9,22.1,40.7,28.6,45.3,2026-07-29 08:02:19
4141,9,89.3,38.8,62.9,1.2,39.0,15.8,33.2,25.9,42.6,2026-07-29 08:10:19
4142,7,140.2,63.3,98.9,1.87,52.5,26.6,54.6,35.5,57.1,2026-07-29 08:18:19
4143,2,137.7,60.5,85.9,1.78,57.5,25.2,50.7,25.8,79.7,2026-07-29 08:26:19
4144,5,55.7,25.1,36.2,0.73,21.0,9.5,32.2,35.3,30.1,2026-07-29 08:34:19
4145,1,52.5,24.2,44.7,0.75,17.9,9.0,29.4,28.8,65.3,2026-07-29 08:42:19
4146,10,35.4,15.8,30.7,0.44,13.9,6.9,36.0,31.8,36.3,2026-07-29 08:50:19
4147,1,72.9,32.6,56.3,0.9,28.4,12.7,31.3,30.7,72.4,2026-07-29 08:58:19
4148,10,91.8,40.7,83.0,1.24,37.1,16.8,38.1,37.6,50.7,2026-07-29 09:06:19
4149,4,105.4,47.3,78.7,1.36,40.5,19.9,29.7,27.2,70.7,2026-07-29 09:14:19
4150,9,105.9,46.6,75.9,1.45,44.0,18.2,46.7,37.0,52.2,2026-07-29 09:22:19
4151,7,76.6,34.3,66.1,0.93,29.8,11.8,25.6,31.9,70.9,2026-07-29 09:30:19
4152,9,28.4,12.9,20.7,0.42,10.3,5.0,47.1,36.0,58.9,2026-07-29 09:38:19
4153,9,76.4,32.9,64.5,0.91,34.3,11.6,51.0,34.1,51.6,2026-07-29 09:46:19
4154,1,81.2,35.3,67.7,1.07,35.3,13.6,43.0,30.5,78.1,2026-07-29 09:54:19
4155,3,108.1,47.2,66.4,1.43,46.3,17.5,51.9,33.6,75.0,2026-07-29 10:02:19
4156,9,133.4,59.1,121.1,1.84,54.1,22.6,30.7,30.9,79.7,2026-07-29 10:10:19
4157,9,87.5,38.0,79.8,1.2,38.1,15.0,45.6,24.9,56.0,2026-07-29 10:18:19
4158,9,91.5,39.9,60.5,1.28,39.3,17.6,32.7,36.6,67.7,2026-07-29 10:26:19
4159,5,87.5,40.0,83.1,1.22,31.1,17.2,49.5,29.1,38.5,2026-07-29 10:34:19
4160,3,39.6,18.3,27.6,0.48,13.4,7.3,48.0,24.4,32.3,2026-07-29 10:42:19
4161,1,37.9,17.3,25.5,0.53,13.6,7.5,32.7,21.2,69.8,2026-07-29 10:50:19
4162,3,64.7,28.2,40.0,0.81,27.8,11.4,48.4,36.0,47.5,2026-07-29 10:58:19
4163,6,21.9,9.4,13.8,0.21,10.0,5.7,35.6,24.4,69.0,2026-07-29 11:06:19
4164,4,77.4,34.3,53.2,1.0,31.4,12.7,35.0,23.5,41.4,2026-07-29 11:14:19
4165,9,90.3,39.9,75.5,1.17,36.9,14.8,39.8,34.9,60.1,2026-07-29 11:22:19
4166,7,92.8,40.2,61.9,1.13,40.9,16.5,48.5,24.6,46.6,2026-07-29 11:30:19
4167,3,64.5,29.2,55.7,0.88,23.9,12.0,45.4,22.5,57.3,2026-07-29 11:38:19
4168,9,22.6,9.1,16.7,0.22,12.5,5.0,38.3,19.7,33.3,2026-07-29 11:46:19
4169,5,51.6,22.3,39.6,0.63,22.9,9.9,31.7,29.1,30.1,2026-07-29 11:54:19
4170,10,163.7,72.3,103.6,2.13,67.1,27.8,32.6,25.2,44.3,2026-07-29 12:02:19
4171,3,89.7,40.5,79.0,1.13,33.6,15.5,42.3,24.5,69.6,2026-07-29 12:10:19
4172,4,32.8,14.7,30.3,0.49,12.6,5.0,54.6,30.9,42.9,2026-07-29 12:18:19
4173,1,68.7,30.5,56.2,0.9,27.6,12.4,35.0,28.5,68.1,2026-07-29 12:26:19
4174,1,15.1,5.6,8.5,0.17,10.0,5.0,44.1,34.4,39.7,2026-07-29 12:34:19
4175,8,15.0,5.0,9.0,0.14,10.0,5.0,49.3,26.8,83.6,2026-07-29 12:42:19
4176,4,79.5,35.5,57.1,0.98,31.2,14.2,37.5,32.2,83.5,2026-07-29 12:50:19
4177,2,76.5,32.9,57.4,0.89,34.5,14.2,30.1,28.3,50.7,2026-07-29 12:58:19
4178,8,56.2,26.0,44.7,0.72,18.7,9.5,37.3,29.2,50.9,2026-07-29 13:06:19
4179,8,79.1,34.3,50.6,0.95,34.7,15.3,31.4,37.0,83.1,2026-07-29 13:14:19
4180,7,39.6,16.7,31.0,0.45,19.1,8.5,33.5,18.7,82.2,2026-07-29 13:22:19
4181,7,117.9,51.3,94.9,1.48,51.1,21.2,39.7,36.4,34.1,2026-07-29 13:30:19
4182,5,102.1,45.8,93.8,1.28,39.3,17.4,30.1,18.1,44.0,2026-07-29 13:38:19
4183,7,87.4,38.3,60.7,1.24,37.0,17.1,32.3,36.5,75.2,2026-07-29 13:46:19
4184,4,82.8,36.8,52.3,1.13,33.2,14.7,53.4,24.6,47.9,2026-07-29 13:54:19
4185,5,79.3,34.2,68.9,0.96,35.4,15.3,36.8,21.5,58.4,2026-07-29 14:02:19
4186,8,87.0,38.8,71.7,1.09,34.4,14.0,27.6,34.4,78.5,2026-07-29 14:10:19
4187,10,82.6,35.9,71.8,1.12,35.9,14.0,29.5,28.5,35.1,2026-07-29 14:18:19
4188,1,30.1,13.9,24.6,0.37,10.2,6.4,36.7,25.8,69.4,2026-07-29 14:26:19
4189,9,110.4,48.4,88.1,1.54,46.5,18.2,29.1,35.9,69.9,2026-07-29 14:34:19
4190,6,102.3,46.3,87.4,1.31,38.0,20.3,52.8,32.2,47.9,2026-07-29 14:42:19
4191,5,85.0,38.1,72.3,1.07,32.8,16.8,50.6,33.4,31.2,2026-07-29 14:50:19
4192,1,66.2,30.2,62.2,0.83,23.6,11.0,25.1,33.4,75.2,2026-07-29 14:58:19
4193,10,107.2,47.0,77.0,1.49,45.1,18.1,39.3,27.7,57.5,2026-07-29 15:06:19
4194,10,90.2,39.4,70.7,1.14,38.6,14.2,54.3,30.1,65.7,2026-07-29 15:14:19
4195,8,85.3,38.5,59.5,1.18,32.1,17.2,25.2,34.0,31.2,2026-07-29 15:22:19
4196,6,72.4,31.6,44.6,0.91,31.1,10.8,46.3,35.1,40.5,2026-07-29 15:30:19
4197,3,49.7,21.3,43.6,0.61,22.8,7.9,43.7,22.5,75.1,2026-07-29 15:38:19
4198,3,134.9,60.1,94.4,1.87,53.4,24.2,33.7,23.3,64.5,2026-07-29 15:46:19
4199,9,90.6,40.3,75.5,1.2,36.2,14.3,38.1,20.9,66.0,2026-07-29 15:54:19
4200,2,19.9,8.3,13.6,0.23,10.0,5.1,46.2,19.7,62.9,2026-07-29 16:02:19
4201,2,81.6,36.5,60.8,1.06,31.8,15.7,44.3,36.2,46.8,2026-07-29 16:10:19
4202,1,32.8,15.3,30.8,0.37,10.5,5.0,28.8,33.0,48.9,2026-07-29 16:18:19
4203,4,55.8,24.3,44.4,0.7,24.2,8.1,35.1,21.5,75.3,2026-07-29 16:26:19
4204,9,112.4,50.0,92.4,1.56,44.8,21.6,30.4,36.7,40.3,2026-07-29 16:34:19
4205,10,52.1,23.1,38.5,0.63,21.1,7.5,27.4,29.9,36.1,2026-07-29 16:42:19
4206,8,64.6,29.6,51.5,0.81,22.6,11.8,41.3,20.5,53.0,2026-07-29 16:50:19
4207,2,88.3,40.0,81.8,1.11,32.7,15.1,46.5,23.9,63.7,2026-07-29 16:58:19
4208,4,58.0,25.9,50.5,0.84,22.8,10.3,44.0,28.7,32.9,2026-07-29 17:06:19
4209,9,124.0,55.0,88.0,1.74,49.9,20.8,51.2,30.1,64.8,2026-07-29 17:14:19
4210,10,92.7,41.2,73.2,1.19,37.0,16.1,25.8,37.3,81.9,2026-07-29 17:22:19
4211,6,75.5,32.5,54.3,0.93,34.1,11.0,33.1,21.6,67.3,2026-07-29 17:30:19
4212,4,78.1,34.3,69.7,1.01,32.8,14.1,37.8,36.9,63.1,2026-07-29 17:38:19
4213,6,107.9,48.0,89.6,1.36,43.0,18.1,41.3,37.1,73.8,2026-07-29 17:46:19
4214,9,92.5,40.2,60.9,1.23,40.3,17.6,35.5,18.3,64.6,2026-07-29 17:54:19
4215,1,45.3,19.3,30.6,0.56,21.2,8.5,38.0,18.9,42.9,2026-07-29 18:02:19
4216,1,93.8,40.8,69.7,1.21,40.7,14.7,53.3,18.7,38.7,2026-07-29 18:10:19
4217,8,121.3,53.0,89.6,1.56,51.8,22.4,33.2,35.6,59.3,2026-07-29 18:18:19
4218,3,67.2,30.5,45.2,0.91,24.5,12.4,25.9,37.5,68.2,2026-07-29 18:26:19
4219,6,103.8,45.2,74.6,1.28,44.8,17.3,33.8,29.8,43.2,2026-07-29 18:34:19
4220,1,68.7,30.5,54.3,0.88,27.6,11.3,44.1,36.4,68.8,2026-07-29 18:42:19
4221,5,124.9,55.9,83.6,1.72,48.6,24.3,46.9,29.9,31.6,2026-07-29 18:50:19
4222,1,72.2,32.7,48.8,1.06,26.7,11.5,44.4,37.7,76.8,2026-07-29 18:58:19
4223,2,75.0,32.4,48.3,1.04,33.4,12.0,43.4,26.0,38.2,2026-07-29 19:06:19
4224,10,75.5,33.0,65.0,1.04,32.3,13.6,53.8,35.7,35.1,2026-07-29 19:14:19
4225,10,66.6,30.1,62.5,0.99,24.9,10.8,30.8,33.6,83.7,2026-07-29 19:22:19
4226,10,95.5,43.3,78.4,1.39,35.2,19.1,54.2,21.4,74.0,2026-07-29 19:30:19
4227,9,129.0,57.2,92.2,1.64,52.1,23.0,31.7,19.8,67.2,2026-07-29 19:38:19
4228,2,43.2,20.1,30.6,0.59,14.0,7.9,50.9,28.1,53.2,2026-07-29 19:46:19
4229,8,64.3,27.5,50.2,0.91,29.6,11.4,39.5,26.5,69.0,2026-07-29 19:54:19
4230,8,97.1,44.1,65.3,1.34,35.5,18.3,28.4,33.4,80.5,2026-07-29 20:02:19
4231,7,77.9,33.8,53.2,1.07,34.1,15.3,51.7,33.1,71.5,2026-07-29 20:10:19
4232,8,109.1,48.6,68.8,1.55,43.2,17.9,34.6,36.4,44.5,2026-07-29 20:18:19
4233,7,54.8,25.4,38.6,0.79,18.1,12.0,29.6,19.0,67.2,2026-07-29 20:26:19
4234,10,82.2,35.7,58.4,0.99,35.9,13.6,38.2,34.9,73.5,2026-07-29 20:34:19
4235,4,115.9,52.3,101.0,1.67,43.6,22.0,32.6,26.8,66.7,2026-07-29 20:42:19
4236,7,107.9,48.0,83.5,1.38,43.0,20.9,29.2,21.2,49.3,2026-07-29 20:50:19
4237,2,100.1,45.4,77.0,1.26,36.7,18.0,25.1,35.4,42.5,2026-07-29 20:58:19
4238,7,68.4,29.6,58.4,0.84,30.3,12.9,40.2,37.9,70.1,2026-07-29 21:06:19
4239,3,111.2,49.2,90.1,1.55,45.3,18.3,50.8,21.2,69.6,2026-07-29 21:14:19
4240,9,36.1,17.1,35.3,0.55,10.7,7.8,30.8,25.8,83.7,2026-07-29 21:22:19
4241,8,69.2,31.8,46.0,0.88,23.9,12.6,30.8,22.4,73.4,2026-07-29 21:30:19
4242,2,95.9,42.9,83.4,1.36,37.4,16.7,26.4,31.7,63.9,2026-07-29 21:38:19
4243,7,73.8,33.8,66.7,0.99,26.0,12.3,44.0,35.4,84.9,2026-07-29 21:46:19
4244,4,48.8,21.7,35.9,0.56,19.4,8.9,53.3,29.2,67.6,2026-07-29 21:54:19
4245,10,110.3,48.4,73.4,1.45,46.4,17.7,47.3,30.5,80.2,2026-07-29 22:02:19
4246,8,120.1,53.3,99.3,1.64,48.4,20.1,44.5,35.9,40.1,2026-07-29 22:10:19
4247,1,73.8,32.7,60.8,0.91,29.8,13.8,47.3,18.8,77.6,2026-07-29 22:18:19
4248,2,45.9,21.2,30.0,0.62,15.4,7.5,38.8,29.3,72.9,2026-07-29 22:26:19
4249,7,101.3,44.1,78.5,1.38,43.8,16.7,44.9,27.5,70.2,2026-07-29 22:34:19
4250,4,72.7,31.9,66.9,0.99,30.6,13.1,25.1,33.7,36.1,2026-07-29 22:42:19
4251,9,129.6,56.5,100.6,1.75,55.7,22.4,49.0,25.2,49.7,2026-07-29 22:50:19
4252,9,148.0,65.2,111.3,1.89,61.2,25.0,43.8,34.6,59.2,2026-07-29 22:58:19
4253,3,66.0,28.5,47.7,0.82,29.3,12.0,47.1,37.8,59.7,2026-07-29 23:06:19
4254,8,59.3,27.4,57.4,0.81,19.9,11.5,46.3,19.0,73.3,2026-07-29 23:14:19
4255,7,47.4,21.8,33.1,0.59,16.3,8.4,32.3,20.3,73.2,2026-07-29 23:22:19
4256,5,120.7,52.9,93.4,1.53,51.0,19.6,33.9,32.5,30.2,2026-07-29 23:30:19
4257,2,47.5,21.7,36.2,0.62,16.9,8.2,37.9,25.5,40.1,2026-07-29 23:38:19
4258,4,88.0,38.9,56.5,1.12,35.9,16.8,35.3,23.6,58.1,2026-07-29 23:46:19
4259,2,73.1,33.1,54.3,1.02,27.1,15.1,26.1,36.5,37.2,2026-07-29 23:54:19
4260,1,63.6,29.0,45.3,0.94,22.8,9.7,44.7,24.4,57.1,2026-07-30 00:02:19
4261,1,26.1,11.7,23.3,0.28,10.0,6.2,27.5,30.4,38.4,2026-07-30 00:10:19
4262,4,79.0,35.0,65.9,0.99,31.9,15.1,39.9,21.5,71.4,2026-07-30 00:18:19
4263,4,92.2,41.3,58.4,1.17,35.8,18.5,33.9,22.0,59.1,2026-07-30 00:26:19
4264,3,94.4,41.5,61.1,1.3,39.4,16.3,51.5,34.8,76.2,2026-07-30 00:34:19
4265,8,96.8,43.5,89.7,1.23,36.9,18.1,42.0,24.6,80.6,2026-07-30 00:42:19
4266,8,75.6,32.5,66.7,0.95,34.2,13.9,43.6,22.2,82.7,2026-07-30 00:50:19
4267,9,101.2,44.7,76.2,1.38,41.4,16.4,47.2,31.6,72.1,2026-07-30 00:58:19
4268,10,97.8,44.3,71.7,1.23,36.2,18.9,45.9,33.3,54.7,2026-07-30 01:06:19
4269,5,92.4,41.7,71.4,1.23,34.6,17.2,45.2,33.6,77.3,2026-07-30 01:14:19
4270,8,44.8,18.9,27.2,0.65,21.6,8.0,36.2,21.1,39.0,2026-07-30 01:22:19
4271,5,62.7,28.7,43.7,0.8,22.0,10.0,34.4,20.4,80.5,2026-07-30 01:30:19
4272,1,71.2,32.4,62.4,0.97,25.7,13.6,28.3,18.5,34.7,2026-07-30 01:38:19
4273,10,44.4,19.8,37.8,0.64,17.5,6.5,38.8,31.2,33.5,2026-07-30 01:46:19
4274,7,86.3,39.2,82.0,1.26,31.5,17.1,49.0,26.7,75.0,2026-07-30 01:54:19
4275,6,78.0,35.5,69.7,1.05,28.3,14.1,53.3,34.3,46.3,2026-07-30 02:02:19
4276,4,88.5,40.0,59.4,1.18,33.0,16.7,28.9,37.4,67.6,2026-07-30 02:10:19
4277,7,61.0,27.5,39.8,0.79,23.0,9.4,27.5,33.8,61.1,2026-07-30 02:18:19
4278,8,87.1,38.3,61.0,1.13,36.3,16.4,30.5,19.3,41.1,2026-07-30 02:26:19
4279,10,88.2,40.2,83.8,1.22,31.7,15.0,42.9,18.3,43.0,2026-07-30 02:34:19
4280,2,110.3,48.2,93.4,1.36,47.0,19.2,34.5,26.1,42.0,2026-07-30 02:42:19
4281,8,133.7,60.1,90.4,1.73,51.0,22.9,32.4,27.5,75.2,2026-07-30 02:50:19
4282,9,157.2,70.7,120.8,2.17,59.8,30.3,42.4,37.1,53.8,2026-07-30 02:58:19
4283,6,78.5,34.9,62.0,1.14,31.3,15.7,26.1,24.8,56.3,2026-07-30 03:06:19
4284,1,49.4,22.5,40.0,0.73,17.7,9.3,35.5,27.6,52.2,2026-07-30 03:14:19
4285,9,91.8,41.5,58.4,1.15,34.1,16.7,51.4,26.7,76.1,2026-07-30 03:22:19
4286,10,58.0,26.7,42.4,0.85,19.9,9.0,29.3,30.4,56.3,2026-07-30 03:30:19
4287,5,153.4,67.6,133.2,2.07,63.4,25.9,45.3,21.4,57.8,2026-07-30 03:38:19
4288,8,141.7,63.7,132.1,1.94,54.0,25.7,53.0,37.0,84.5,2026-07-30 03:46:19
4289,1,66.5,30.6,55.2,0.96,22.8,12.0,54.3,28.2,32.7,2026-07-30 03:54:19
4290,9,87.3,38.4,65.4,1.18,36.3,13.9,42.3,33.6,61.7,2026-07-30 04:02:19
4291,4,64.8,28.9,45.4,0.94,25.6,11.6,46.7,30.3,51.3,2026-07-30 04:10:19
4292,9,33.6,15.9,24.1,0.54,10.0,6.6,41.5,22.9,75.5,2026-07-30 04:18:19
4293,8,138.4,62.3,130.7,1.95,52.6,25.5,39.6,19.6,75.1,2026-07-30 04:26:19
4294,7,127.9,55.8,81.9,1.76,55.0,20.5,44.5,22.6,34.5,2026-07-30 04:34:19
4295,8,101.9,45.5,88.9,1.3,39.9,19.1,31.7,21.7,31.9,2026-07-30 04:42:19
4296,6,100.2,44.5,82.1,1.36,40.2,18.8,34.0,28.9,33.3,2026-07-30 04:50:19
4297,1,123.1,54.9,114.7,1.63,48.6,20.6,25.9,35.1,57.5,2026-07-30 04:58:19
4298,5,68.5,30.9,47.6,0.91,25.8,12.5,43.8,28.5,61.4,2026-07-30 05:06:19
4299,6,142.9,62.9,126.5,1.81,59.3,23.3,36.2,32.8,78.3,2026-07-30 05:14:19
4300,1,67.9,30.4,54.9,0.95,26.4,12.4,47.7,26.8,32.2,2026-07-30 05:22:19
4301,6,104.8,46.5,72.7,1.31,42.3,19.9,45.6,33.8,34.3,2026-07-30 05:30:19
4302,2,108.9,48.6,81.1,1.47,42.9,18.5,49.1,18.5,57.5,2026-07-30 05:38:19
4303,4,117.6,53.2,76.8,1.62,43.6,19.9,25.5,32.3,62.4,2026-07-30 05:46:19
4304,10,73.3,32.2,60.9,1.01,30.7,14.2,50.7,26.1,57.6,2026-07-30 05:54:19
4305,2,52.8,24.0,49.5,0.73,19.1,7.8,30.7,37.4,35.2,2026-07-30 06:02:19
4306,4,30.2,12.4,22.5,0.37,15.7,5.0,37.8,35.2,61.2,2026-07-30 06:10:19
4307,8,110.1,48.0,87.4,1.44,47.4,20.4,47.7,20.6,54.0,2026-07-30 06:18:19
4308,4,82.6,36.2,64.0,1.06,34.8,16.3,48.8,19.4,78.0,2026-07-30 06:26:19
4309,9,88.7,38.4,54.1,1.22,39.1,16.2,28.1,37.4,50.2,2026-07-30 06:34:19
4310,4,33.1,14.4,25.1,0.41,14.4,5.0,27.2,33.9,36.0,2026-07-30 06:42:19
4311,7,76.7,34.6,62.8,1.13,28.9,13.9,46.0,37.1,81.2,2026-07-30 06:50:19
4312,1,63.5,28.0,57.0,0.88,26.1,11.9,28.8,20.4,68.0,2026-07-30 06:58:19
4313,2,86.0,38.5,55.0,1.06,33.5,17.1,52.3,37.3,46.7,2026-07-30 07:06:19
4314,10,106.5,46.7,80.7,1.37,44.8,19.0,39.5,32.1,48.1,2026-07-30 07:14:19
4315,10,104.8,46.9,95.7,1.43,40.7,18.4,54.1,22.1,31.9,2026-07-30 07:22:19
4316,8,129.9,57.8,98.2,1.7,51.8,21.7,36.6,26.4,77.6,2026-07-30 07:30:19
4317,10,73.4,31.8,51.2,0.86,32.3,14.3,43.5,19.9,33.5,2026-07-30 07:38:19
4318,5,52.5,23.4,41.1,0.76,20.7,7.4,41.0,24.7,54.8,2026-07-30 07:46:19
4319,8,79.8,35.5,50.6,0.97,31.7,13.3,52.1,29.2,56.7,2026-07-30 07:54:19
4320,7,121.1,53.6,110.6,1.64,49.2,21.1,42.0,35.4,53.6,2026-07-30 08:02:19
4321,5,66.3,30.0,52.1,0.93,24.6,10.8,30.6,29.4,41.5,2026-07-30 08:10:19
4322,7,78.1,34.0,68.6,0.99,33.7,12.2,37.5,22.7,77.1,2026-07-30 08:18:19
4323,7,114.8,51.1,80.2,1.5,45.6,22.3,25.7,30.1,74.5,2026-07-30 08:26:19
4324,8,27.3,11.8,19.7,0.31,12.1,6.1,40.8,20.0,54.8,2026-07-30 08:34:19
4325,9,47.8,22.2,40.7,0.68,15.6,9.6,27.2,35.3,52.1,2026-07-30 08:42:19
4326,1,121.8,54.0,75.6,1.62,49.3,23.4,49.4,36.2,76.8,2026-07-30 08:50:19
4327,7,25.3,11.3,23.5,0.4,10.0,5.0,33.7,21.6,40.2,2026-07-30 08:58:19
4328,4,53.1,23.0,36.6,0.64,23.5,8.7,32.2,28.2,45.5,2026-07-30 09:06:19
4329,6,123.3,53.8,92.2,1.71,53.0,22.8,46.2,19.5,41.0,2026-07-30 09:14:19
4330,4,57.3,26.3,38.8,0.75,19.9,8.6,39.5,27.2,75.0,2026-07-30 09:22:19
4331,2,97.7,42.7,63.4,1.26,41.7,17.2,36.3,19.3,42.6,2026-07-30 09:30:19
4332,4,83.6,38.2,55.9,1.05,29.6,17.0,39.9,22.9,35.6,2026-07-30 09:38:19
4333,2,15.0,5.0,9.3,0.11,10.0,5.0,47.4,22.3,58.7,2026-07-30 09:46:19
4334,2,62.1,28.4,41.6,0.9,21.9,11.9,36.7,31.1,46.3,2026-07-30 09:54:19
4335,5,66.5,28.9,42.3,0.81,28.9,13.1,26.6,20.1,64.4,2026-07-30 10:02:19
4336,3,86.8,38.1,70.3,1.17,36.4,15.7,52.5,33.0,46.2,2026-07-30 10:10:19
4337,8,84.8,38.6,65.7,1.22,30.6,13.4,45.8,35.4,36.3,2026-07-30 10:18:19
4338,4,60.1,27.7,53.4,0.76,20.4,12.5,40.0,20.2,42.5,2026-07-30 10:26:19
4339,6,31.8,13.3,19.6,0.31,15.7,5.0,28.2,36.8,44.0,2026-07-30 10:34:19
4340,2,70.7,31.2,55.0,0.98,29.1,10.9,32.8,31.8,39.5,2026-07-30 10:42:19
4341,3,73.1,33.4,54.8,0.96,26.0,11.6,47.0,22.0,32.3,2026-07-30 10:50:19
4342,7,41.2,18.4,31.7,0.57,16.2,5.7,46.9,37.0,53.2,2026-07-30 10:58:19
4343,7,139.0,61.6,125.0,1.87,56.2,24.0,35.6,36.6,72.5,2026-07-30 11:06:19
4344,5,119.8,54.1,100.7,1.66,44.8,20.7,54.1,25.7,32.2,2026-07-30 11:14:19
4345,2,75.0,33.9,71.2,1.11,28.0,14.1,26.5,30.4,45.4,2026-07-30 11:22:19
4346,5,31.5,13.0,20.8,0.33,16.2,5.0,26.2,28.4,62.6,2026-07-30 11:30:19
4347,1,68.8,30.5,63.2,1.0,27.7,12.8,42.6,37.4,68.6,2026-07-30 11:38:19
4348,9,69.4,31.4,61.5,1.04,25.8,11.4,29.1,27.4,33.3,2026-07-30 11:46:19
4349,9,137.9,60.2,98.9,1.86,59.0,25.4,31.5,35.6,55.9,2026-07-30 11:54:19
4350,7,124.2,54.9,77.1,1.71,50.8,23.6,48.2,24.6,77.2,2026-07-30 12:02:19
4351,4,26.4,11.7,22.5,0.35,10.6,5.0,36.2,27.4,30.3,2026-07-30 12:10:19
4352,9,41.0,19.1,37.0,0.59,13.3,5.7,45.8,27.1,74.7,2026-07-30 12:18:19
4353,7,114.6,52.0,92.3,1.48,42.0,19.8,27.7,27.3,46.4,2026-07-30 12:26:19
4354,8,88.6,40.4,74.8,1.2,31.7,16.4,53.4,26.7,40.0,2026-07-30 12:34:19
4355,3,54.7,24.3,35.3,0.82,21.9,10.8,44.5,32.4,65.9,2026-07-30 12:42:19
4356,9,92.0,40.0,58.3,1.29,40.0,16.0,31.0,24.7,45.3,2026-07-30 12:50:19
4357,2,66.2,29.3,55.5,0.85,27.0,12.3,33.3,21.5,31.9,2026-07-30 12:58:19
4358,3,72.2,32.4,51.2,1.04,27.7,13.5,31.5,28.8,68.7,2026-07-30 13:06:19
4359,3,102.6,46.2,69.4,1.45,38.8,19.2,34.7,23.0,71.9,2026-07-30 13:14:19
4360,5,71.6,31.3,65.4,0.85,30.5,14.5,52.3,34.9,56.7,2026-07-30 13:22:19
4361,5,118.9,52.1,81.1,1.63,50.3,22.1,30.2,21.5,34.7,2026-07-30 13:30:19
4362,3,80.6,36.6,66.8,1.01,29.4,13.6,35.8,33.3,83.4,2026-07-30 13:38:19
4363,5,23.4,10.2,15.6,0.27,10.0,5.9,29.3,36.0,56.5,2026-07-30 13:46:19
4364,1,41.9,18.5,26.5,0.57,17.1,6.4,51.3,20.0,42.5,2026-07-30 13:54:19
4365,9,56.7,25.8,37.7,0.85,20.6,9.2,30.2,36.9,36.5,2026-07-30 14:02:19
4366,5,92.8,40.2,69.5,1.14,40.8,15.0,36.7,30.2,74.6,2026-07-30 14:10:19
4367,4,60.6,27.5,56.0,0.73,22.3,9.2,42.0,18.4,60.6,2026-07-30 14:18:19
4368,7,63.1,28.6,54.3,0.86,23.3,11.4,35.3,29.3,63.0,2026-07-30 14:26:19
4369,4,69.2,29.8,51.3,0.9,31.2,12.8,43.5,24.1,77.2,2026-07-30 14:34:19
4370,9,93.8,42.7,67.7,1.36,33.8,16.1,43.0,37.0,77.3,2026-07-30 14:42:19
4371,6,55.8,24.7,44.5,0.65,22.6,10.0,51.3,36.8,39.3,2026-07-30 14:50:19
4372,3,23.3,9.8,17.8,0.22,11.4,5.0,47.5,18.5,75.7,2026-07-30 14:58:19
4373,5,87.0,38.0,78.9,1.23,37.2,14.4,25.7,31.8,81.6,2026-07-30 15:06:19
4374,2,71.1,32.5,65.8,0.93,25.2,11.7,38.7,25.6,33.9,2026-07-30 15:14:19
4375,3,24.1,10.6,18.2,0.31,10.0,5.0,52.2,29.0,52.3,2026-07-30 15:22:19
4376,5,115.2,51.3,100.4,1.59,45.7,21.2,28.7,30.5,57.0,2026-07-30 15:30:19
4377,9,65.8,30.2,59.0,0.9,22.9,12.8,35.4,34.3,35.3,2026-07-30 15:38:19
4378,8,52.1,23.2,47.9,0.7,20.7,7.8,47.3,27.2,84.4,2026-07-30 15:46:19
4379,4,71.7,32.0,55.9,1.02,28.1,11.5,37.0,29.3,58.1,2026-07-30 15:54:19
4380,2,127.3,55.9,106.2,1.68,53.3,20.7,45.5,34.0,61.7,2026-07-30 16:02:19
4381,2,95.4,43.2,86.0,1.23,35.3,17.0,34.5,23.6,46.3,2026-07-30 16:10:19
4382,5,72.0,32.5,63.1,0.98,27.0,11.5,48.4,36.9,55.7,2026-07-30 16:18:19
4383,6,83.1,36.5,66.4,1.04,34.8,15.6,50.6,32.8,56.0,2026-07-30 16:26:19
4384,4,92.8,41.2,68.9,1.17,37.2,17.7,46.4,31.2,79.5,2026-07-30 16:34:19
4385,5,50.8,22.1,46.2,0.72,22.0,7.3,30.9,37.0,53.2,2026-07-30 16:42:19
4386,8,56.1,23.9,45.7,0.71,26.2,11.4,30.6,28.0,35.2,2026-07-30 16:50:19
4387,7,86.9,38.6,61.1,1.12,34.9,16.6,26.8,36.9,81.0,2026-07-30 16:58:19
4388,2,186.1,82.4,156.2,2.49,75.6,33.8,26.3,18.1,63.2,2026-07-30 17:06:19
4389,5,94.1,42.0,85.3,1.19,36.9,17.8,51.8,24.7,53.0,2026-07-30 17:14:19
4390,6,71.6,32.6,53.3,1.05,25.9,12.1,46.8,36.9,62.4,2026-07-30 17:22:19
4391,1,29.2,11.9,17.7,0.43,15.5,6.3,52.8,27.3,36.5,2026-07-30 17:30:19
4392,10,55.0,25.3,48.6,0.69,19.0,8.3,39.8,33.9,67.1,2026-07-30 17:38:19
4393,9,97.8,43.5,69.2,1.22,39.0,15.6,52.5,36.5,40.7,2026-07-30 17:46:19
4394,4,93.6,40.6,80.5,1.31,41.0,15.2,33.4,21.3,76.4,2026-07-30 17:54:19
4395,7,120.8,52.9,89.6,1.65,51.1,21.7,40.4,28.9,47.8,2026-07-30 18:02:19
4396,3,97.2,43.9,66.3,1.41,36.3,16.7,28.1,32.9,51.3,2026-07-30 18:10:19
4397,6,135.7,60.9,127.0,1.88,52.1,24.5,43.1,34.6,31.5,2026-07-30 18:18:19
4398,10,87.1,37.7,61.9,1.16,38.4,15.9,26.8,19.3,62.3,2026-07-30 18:26:19
4399,7,28.8,11.8,21.0,0.32,15.1,5.4,45.5,31.2,57.6,2026-07-30 18:34:19
4400,4,155.4,68.8,104.5,2.05,63.2,26.8,46.8,36.4,74.8,2026-07-30 18:42:19
4401,6,65.2,29.5,51.9,0.89,24.2,10.3,38.1,32.5,54.0,2026-07-30 18:50:19
4402,1,30.2,13.2,27.6,0.4,12.9,5.0,28.8,21.3,34.2,2026-07-30 18:58:19
4403,10,66.7,30.3,60.9,0.88,24.4,13.3,49.5,27.7,40.2,2026-07-30 19:06:19
4404,5,18.7,7.6,10.7,0.15,10.0,5.0,39.7,25.6,63.2,2026-07-30 19:14:19
4405,4,99.6,44.2,71.5,1.25,40.0,18.1,51.0,29.1,81.5,2026-07-30 19:22:19
4406,7,75.8,33.0,55.8,0.94,32.7,11.7,49.2,21.7,77.2,2026-07-30 19:30:19
4407,7,44.8,20.2,42.0,0.62,16.8,6.4,36.1,25.7,71.7,2026-07-30 19:38:19
4408,2,76.0,34.2,63.3,1.11,28.9,15.0,38.3,31.9,45.7,2026-07-30 19:46:19
4409,3,95.2,42.1,78.6,1.3,38.8,17.1,47.0,26.6,48.5,2026-07-30 19:54:19
4410,3,136.3,60.2,99.1,1.8,55.8,24.7,36.3,32.3,56.0,2026-07-30 20:02:19
4411,4,65.1,29.2,58.4,0.85,25.0,12.9,25.3,22.5,64.5,2026-07-30 20:10:19
4412,2,45.3,21.1,39.5,0.6,14.6,8.0,36.7,23.7,70.0,2026-07-30 20:18:19
4413,10,67.4,29.3,59.0,0.78,29.3,11.4,50.8,25.5,81.3,2026-07-30 20:26:19
4414,6,68.6,29.8,43.6,0.97,29.9,10.1,38.4,37.7,72.1,2026-07-30 20:34:19
4415,9,116.9,50.9,81.3,1.46,50.5,21.5,39.9,21.3,36.5,2026-07-30 20:42:19
4416,5,78.5,35.2,54.8,1.02,30.3,14.6,50.6,19.7,70.2,2026-07-30 20:50:19
4417,10,25.5,10.4,16.1,0.27,13.6,5.0,33.8,35.4,43.3,2026-07-30 20:58:19
4418,2,58.6,25.3,46.3,0.85,26.2,8.8,35.5,37.1,60.0,2026-07-30 21:06:19
4419,9,89.0,39.0,80.4,1.1,37.6,16.9,25.8,36.8,66.2,2026-07-30 21:14:19
4420,6,64.7,27.9,58.2,0.85,28.9,9.5,30.7,24.6,82.3,2026-07-30 21:22:19
4421,9,145.0,65.5,105.2,1.95,54.2,26.1,28.7,24.3,40.0,2026-07-30 21:30:19
4422,5,92.9,41.6,74.9,1.28,36.1,15.3,25.5,26.8,41.9,2026-07-30 21:38:19
4423,6,63.8,27.3,46.9,0.75,29.4,12.9,45.0,23.3,74.0,2026-07-30 21:46:19
4424,1,76.4,33.2,57.5,0.91,33.3,12.4,54.7,23.4,64.3,2026-07-30 21:54:19
4425,1,101.8,46.0,82.5,1.45,38.1,17.1,41.4,37.6,44.8,2026-07-30 22:02:19
4426,3,74.9,33.1,47.8,0.89,30.6,12.6,47.3,21.0,50.4,2026-07-30 22:10:19
4427,6,37.5,16.6,25.6,0.59,15.2,6.8,25.5,24.8,40.9,2026-07-30 22:18:19
4428,9,71.8,31.3,60.5,0.92,31.0,12.2,52.9,34.3,37.9,2026-07-30 22:26:19
4429,6,35.8,16.7,29.7,0.56,11.4,6.7,46.0,25.8,81.0,2026-07-30 22:34:19
4430,2,81.9,36.8,61.4,1.15,31.3,13.5,36.7,21.5,50.2,2026-07-30 22:42:19
4431,5,118.5,53.7,89.2,1.54,43.6,20.2,30.5,35.3,54.6,2026-07-30 22:50:19
4432,4,80.0,35.0,58.1,1.01,34.1,14.8,42.0,26.4,81.0,2026-07-30 22:58:19
4433,9,22.8,9.9,15.3,0.28,10.0,5.0,50.6,30.1,80.6,2026-07-30 23:06:19
4434,8,15.0,5.2,8.1,0.1,10.0,5.0,25.1,30.7,52.5,2026-07-30 23:14:19
4435,4,57.4,24.7,41.1,0.76,25.8,11.3,43.5,37.6,31.9,2026-07-30 23:22:19
4436,10,90.7,40.1,65.1,1.28,37.0,17.5,51.9,27.7,72.1,2026-07-30 23:30:19
4437,7,89.2,39.9,80.3,1.21,34.8,16.4,39.1,33.3,54.4,2026-07-30 23:38:19
4438,8,55.1,24.9,45.5,0.82,20.6,10.4,47.4,26.9,62.8,2026-07-30 23:46:19
4439,6,132.3,58.1,106.8,1.78,55.5,22.8,41.1,32.7,64.1,2026-07-30 23:54:19
4440,8,106.7,46.5,83.1,1.4,45.9,19.4,51.4,22.4,55.3,2026-07-31 00:02:19
4441,9,102.2,46.4,90.7,1.36,37.3,19.4,31.6,27.3,83.3,2026-07-31 00:10:19
4442,9,102.7,44.8,63.5,1.42,44.2,16.7,30.6,31.9,75.2,2026-07-31 00:18:19
4443,1,60.5,26.2,39.7,0.69,26.6,10.7,27.0,27.8,73.6,2026-07-31 00:26:19
4444,8,52.1,23.3,44.6,0.66,20.3,11.0,48.3,35.1,65.9,2026-07-31 00:34:19
4445,4,46.5,20.1,38.6,0.7,20.7,6.7,37.2,18.9,34.0,2026-07-31 00:42:19
4446,4,74.4,34.1,50.5,1.0,26.0,14.8,54.3,36.6,37.5,2026-07-31 00:50:19
4447,3,73.6,32.0,67.1,0.89,32.0,11.1,27.1,38.0,35.8,2026-07-31 00:58:19
4448,9,15.0,5.0,8.0,0.1,10.0,5.0,45.5,37.8,56.7,2026-07-31 01:06:19
4449,3,91.1,40.9,77.5,1.31,34.9,14.6,47.0,34.5,37.6,2026-07-31 01:14:19
4450,3,65.5,28.9,56.5,0.82,26.9,10.0,50.8,35.5,47.6,2026-07-31 01:22:19
4451,10,60.4,27.1,45.0,0.9,23.3,9.4,44.3,21.5,83.9,2026-07-31 01:30:19
4452,6,114.3,50.3,80.6,1.58,47.5,18.2,51.3,19.0,75.1,2026-07-31 01:38:19
4453,9,100.4,44.4,84.3,1.3,41.0,19.2,48.7,33.5,71.4,2026-07-31 01:46:19
4454,7,108.6,48.0,75.0,1.41,44.3,20.2,32.0,33.3,50.2,2026-07-31 01:54:19
4455,3,124.4,54.8,102.2,1.59,51.6,21.3,50.7,20.8,61.9,2026-07-31 02:02:19
4456,7,46.2,20.9,42.7,0.57,17.2,10.2,31.7,22.2,55.2,2026-07-31 02:10:19
4457,2,60.2,26.1,40.4,0.69,26.4,10.7,39.7,24.8,39.7,2026-07-31 02:18:19
4458,5,104.9,46.0,78.5,1.34,44.3,19.5,45.2,30.8,63.2,2026-07-31 02:26:19
4459,4,84.3,38.3,69.2,1.11,30.8,16.4,33.1,32.0,81.1,2026-07-31 02:34:19
4460,5,91.2,41.6,76.9,1.21,32.7,18.0,44.0,27.5,32.6,2026-07-31 02:42:19
4461,2,79.0,35.1,49.7,1.11,31.7,14.7,30.7,28.5,30.8,2026-07-31 02:50:19
4462,3,97.1,43.9,83.4,1.29,36.1,17.3,49.5,33.1,82.8,2026-07-31 02:58:19
4463,2,86.5,37.4,60.0,1.2,38.4,14.8,40.7,31.5,73.7,2026-07-31 03:06:19
4464,7,56.4,25.1,41.8,0.72,22.4,8.8,25.7,21.9,46.8,2026-07-31 03:14:19
4465,4,37.6,16.6,27.7,0.53,15.4,8.2,33.3,19.8,43.7,2026-07-31 03:22:19
4466,3,44.2,18.9,38.1,0.64,20.3,9.1,43.4,20.3,31.5,2026-07-31 03:30:19
4467,10,104.7,45.9,82.1,1.37,44.1,18.1,49.8,26.2,69.3,2026-07-31 03:38:19
4468,4,128.6,57.0,108.3,1.69,51.9,22.6,47.2,33.8,78.6,2026-07-31 03:46:19
4469,9,79.6,35.1,71.4,1.07,32.9,14.7,39.1,27.4,70.5,2026-07-31 03:54:19
4470,10,35.7,15.8,23.9,0.41,14.6,8.3,41.5,19.7,58.4,2026-07-31 04:02:19
4471,10,120.5,54.2,96.5,1.68,45.8,21.8,38.9,29.0,38.6,2026-07-31 04:10:19
4472,8,80.6,34.9,52.0,1.02,35.5,14.2,26.3,34.0,37.3,2026-07-31 04:18:19
4473,2,50.6,22.7,43.7,0.72,19.4,8.4,28.0,30.2,45.3,2026-07-31 04:26:19
4474,1,88.1,38.9,73.9,1.2,36.2,17.0,36.1,26.5,58.1,2026-07-31 04:34:19
4475,3,123.7,55.0,89.7,1.68,49.3,21.9,54.4,27.2,55.5,2026-07-31 04:42:19
4476,2,79.7,36.2,73.3,1.17,29.0,15.2,50.9,34.0,66.0,2026-07-31 04:50:19
4477,2,47.5,20.0,35.2,0.51,22.9,6.3,47.9,26.2,30.6,2026-07-31 04:58:19
4478,8,98.5,43.0,69.4,1.37,42.2,17.0,31.7,24.2,42.2,2026-07-31 05:06:19
4479,10,71.4,31.7,55.6,1.03,28.7,13.7,48.7,35.2,71.0,2026-07-31 05:14:19
4480,8,94.5,42.3,77.9,1.35,36.8,18.8,53.5,36.9,47.0,2026-07-31 05:22:19
4481,7,15.0,5.0,10.1,0.2,10.0,5.0,26.5,35.8,61.1,2026-07-31 05:30:19
4482,1,67.2,29.7,58.3,0.86,27.5,13.4,53.7,27.5,49.3,2026-07-31 05:38:19
4483,1,134.7,60.7,126.6,1.74,50.8,25.7,42.2,35.3,36.8,2026-07-31 05:46:19
4484,7,64.7,29.3,55.2,0.93,23.9,11.8,48.1,25.6,48.8,2026-07-31 05:54:19
4485,8,95.2,41.4,68.8,1.24,41.3,14.8,54.3,21.9,66.2,2026-07-31 06:02:19
4486,10,56.9,25.7,52.8,0.79,21.3,8.6,25.2,19.7,65.7,2026-07-31 06:10:19
4487,3,90.0,39.9,60.2,1.17,36.3,14.0,42.3,32.3,33.1,2026-07-31 06:18:19
4488,7,73.3,33.5,55.0,1.09,26.0,14.6,49.0,28.5,30.2,2026-07-31 06:26:19
4489,10,56.4,25.4,53.3,0.74,21.4,9.6,49.7,37.5,81.9,2026-07-31 06:34:19
4490,1,77.4,35.2,69.3,1.07,28.1,14.5,37.9,36.1,48.6,2026-07-31 06:42:19
4491,9,39.7,17.6,33.7,0.52,16.0,7.6,35.3,31.2,66.1,2026-07-31 06:50:19
4492,5,51.5,23.9,41.6,0.74,16.9,8.8,30.9,24.8,71.6,2026-07-31 06:58:19
4493,8,79.0,35.2,55.9,1.03,31.3,13.0,48.0,28.2,52.3,2026-07-31 07:06:19
4494,7,36.0,15.8,27.1,0.55,15.2,5.9,38.9,18.2,49.9,2026-07-31 07:14:19
4495,3,87.6,38.6,69.2,1.14,36.3,14.5,31.4,24.9,77.1,2026-07-31 07:22:19
4496,7,99.7,43.5,84.1,1.36,42.8,15.8,41.2,27.6,63.9,2026-07-31 07:30:19
4497,1,102.3,46.0,95.6,1.36,39.0,17.5,43.7,30.9,75.0,2026-07-31 07:38:19
4498,2,119.7,53.9,89.6,1.64,45.3,23.3,42.5,34.9,65.7,2026-07-31 07:46:19
4499,7,68.7,29.8,56.0,0.92,30.1,10.1,46.8,34.1,40.6,2026-07-31 07:54:19
4500,6,80.6,36.6,72.3,1.17,29.4,12.8,34.3,20.8,57.4,2026-07-31 08:02:19
4501,7,15.0,5.0,9.9,0.24,10.0,5.0,48.8,24.3,63.4,2026-07-31 08:10:19
4502,7,53.5,23.5,33.5,0.73,22.4,10.4,54.2,19.1,66.8,2026-07-31 08:18:19
4503,8,97.0,42.4,79.2,1.17,41.3,15.2,53.5,23.4,55.2,2026-07-31 08:26:19
4504,3,39.6,17.8,25.8,0.54,15.2,6.6,27.2,21.2,35.0,2026-07-31 08:34:19
4505,9,50.6,22.0,42.5,0.57,22.0,7.8,51.9,24.8,46.9,2026-07-31 08:42:19
4506,10,141.2,62.0,105.8,1.89,59.2,25.7,30.9,29.5,32.2,2026-07-31 08:50:19
4507,10,103.9,45.2,66.4,1.29,45.0,17.9,37.9,26.3,79.3,2026-07-31 08:58:19
4508,8,52.1,23.8,45.9,0.74,18.5,9.3,51.2,31.8,31.6,2026-07-31 09:06:19
4509,2,47.9,21.3,37.2,0.61,19.2,10.2,52.4,36.8,59.3,2026-07-31 09:14:19
4510,8,70.6,31.1,44.6,0.86,29.3,12.0,45.8,35.4,59.3,2026-07-31 09:22:19
4511,4,73.6,33.4,59.2,0.98,27.0,14.8,52.9,24.0,77.0,2026-07-31 09:30:19
4512,3,50.4,21.5,30.2,0.65,23.3,7.5,38.9,20.3,37.5,2026-07-31 09:38:19
4513,7,126.1,56.1,107.3,1.7,50.2,21.4,27.5,30.6,58.0,2026-07-31 09:46:19
4514,3,111.1,49.9,72.6,1.52,42.5,19.8,46.8,33.5,61.8,2026-07-31 09:54:19
4515,9,102.2,45.0,75.4,1.37,42.3,18.3,47.3,31.8,38.3,2026-07-31 10:02:19
4516,7,44.6,18.7,28.7,0.59,21.8,7.1,47.9,23.0,43.6,2026-07-31 10:10:19
4517,10,86.4,39.4,81.3,1.21,31.0,17.5,40.9,35.8,41.2,2026-07-31 10:18:19
4518,9,73.6,32.7,61.6,1.06,29.4,12.6,31.5,27.1,76.4,2026-07-31 10:26:19
4519,1,101.3,45.3,75.0,1.27,39.5,19.3,27.2,21.8,38.4,2026-07-31 10:34:19
4520,6,54.9,25.0,46.2,0.7,19.7,8.8,38.0,23.4,76.4,2026-07-31 10:42:19
4521,4,72.3,32.4,62.5,0.94,27.9,14.9,54.2,19.0,43.9,2026-07-31 10:50:19
4522,9,106.1,48.1,76.8,1.39,39.0,20.6,30.5,37.8,72.0,2026-07-31 10:58:19
4523,4,43.7,19.7,32.5,0.58,16.5,8.5,26.5,36.4,82.6,2026-07-31 11:06:19
4524,3,78.9,36.1,63.1,1.09,27.8,14.3,52.9,21.6,48.4,2026-07-31 11:14:19
4525,7,57.0,26.3,44.7,0.83,19.3,10.0,27.1,25.2,31.9,2026-07-31 11:22:19
4526,4,62.9,27.8,42.3,0.78,25.7,13.1,40.3,19.0,57.9,2026-07-31 11:30:19
4527,7,68.2,30.0,56.0,0.97,28.5,13.8,38.7,20.6,54.5,2026-07-31 11:38:19
4528,2,79.8,36.0,59.5,1.04,30.1,12.4,43.6,22.1,60.5,2026-07-31 11:46:19
4529,7,24.4,10.8,15.8,0.42,10.0,5.0,40.0,30.3,40.6,2026-07-31 11:54:19
4530,7,118.1,52.8,96.9,1.53,46.1,20.9,44.2,31.9,63.9,2026-07-31 12:02:19
4531,4,94.6,41.6,61.2,1.19,39.4,18.2,48.0,18.4,63.5,2026-07-31 12:10:19
4532,10,47.9,21.3,36.6,0.56,19.1,8.6,42.0,27.1,84.6,2026-07-31 12:18:19
4533,10,23.0,10.0,18.4,0.22,10.0,5.0,25.6,27.5,40.1,2026-07-31 12:26:19
4534,5,83.7,37.1,62.4,1.09,33.8,15.0,45.2,34.2,62.6,2026-07-31 12:34:19
4535,8,42.3,19.4,38.5,0.56,14.8,6.2,25.4,24.2,63.0,2026-07-31 12:42:19
4536,1,46.7,20.7,37.1,0.57,18.8,8.7,33.3,21.2,45.2,2026-07-31 12:50:19
4537,2,92.7,42.0,76.2,1.2,34.2,17.5,50.9,21.2,65.3,2026-07-31 12:58:19
4538,2,105.0,47.7,91.0,1.39,38.2,17.3,33.7,32.0,79.4,2026-07-31 13:06:19
4539,3,87.0,38.3,79.9,1.24,36.2,16.1,50.1,29.6,70.7,2026-07-31 13:14:19
4540,5,67.4,30.1,56.4,0.92,26.5,13.1,41.2,28.7,38.1,2026-07-31 13:22:19
4541,10,121.5,54.3,87.5,1.71,47.5,22.9,39.4,36.1,57.3,2026-07-31 13:30:19
4542,4,130.0,57.1,97.4,1.75,54.4,21.9,37.7,32.4,34.8,2026-07-31 13:38:19
4543,4,124.3,56.3,94.7,1.69,45.9,20.8,46.0,26.5,34.7,2026-07-31 13:46:19
4544,3,92.6,40.3,79.2,1.26,40.1,16.4,48.3,20.4,70.8,2026-07-31 13:54:19
4545,3,46.8,19.9,40.5,0.66,21.9,8.7,34.5,21.4,56.4,2026-07-31 14:02:19
4546,7,102.8,46.5,70.4,1.49,38.2,19.9,54.5,23.6,41.1,2026-07-31 14:10:19
4547,4,88.9,39.9,73.3,1.12,34.1,14.9,31.4,19.4,66.7,2026-07-31 14:18:19
4548,9,122.1,53.9,107.3,1.54,50.2,23.2,26.6,20.9,72.5,2026-07-31 14:26:19
4549,6,75.2,34.0,58.9,1.12,28.0,12.5,33.5,23.6,76.3,2026-07-31 14:34:19
4550,1,89.1,40.3,81.1,1.22,33.1,17.3,35.9,37.8,58.2,2026-07-31 14:42:19
4551,7,107.9,48.5,79.8,1.36,41.3,18.7,32.2,28.7,84.9,2026-07-31 14:50:19
4552,3,88.1,39.8,73.8,1.14,32.9,17.5,51.7,28.8,71.8,2026-07-31 14:58:19
4553,2,90.8,40.8,69.4,1.28,34.8,18.0,48.3,33.3,53.6,2026-07-31 15:06:19
4554,2,116.9,51.8,88.8,1.64,47.3,18.9,54.4,30.1,51.2,2026-07-31 15:14:19
4555,6,66.9,30.1,61.4,0.92,25.4,11.3,26.2,24.3,43.8,2026-07-31 15:22:19
4556,1,73.9,32.6,48.8,1.08,30.5,14.7,27.5,18.8,78.7,2026-07-31 15:30:19
4557,10,79.2,35.4,60.6,1.13,30.9,13.4,35.9,24.3,66.8,2026-07-31 15:38:19
4558,7,114.3,49.8,79.4,1.45,49.3,18.7,32.7,27.8,83.7,2026-07-31 15:46:19
4559,10,66.1,29.2,51.4,0.89,27.1,10.7,28.5,19.6,84.7,2026-07-31 15:54:19
4560,1,111.6,49.6,73.3,1.58,44.6,18.1,51.2,19.3,50.2,2026-07-31 16:02:19
4561,4,112.1,50.9,85.3,1.45,40.9,21.8,38.7,30.3,45.4,2026-07-31 16:10:19
4562,6,83.8,37.0,71.6,1.17,34.3,15.4,27.4,23.9,78.9,2026-07-31 16:18:19
4563,8,67.5,30.3,43.0,0.85,25.9,12.2,29.0,25.6,68.3,2026-07-31 16:26:19
4564,6,98.3,44.4,64.8,1.37,36.8,16.1,38.2,25.8,83.6,2026-07-31 16:34:19
4565,2,69.2,31.4,46.9,0.93,25.4,13.3,32.8,29.1,53.7,2026-07-31 16:42:19
4566,1,79.4,36.4,72.1,1.03,27.8,13.4,53.0,36.1,37.5,2026-07-31 16:50:19
4567,3,70.9,31.1,62.0,0.9,29.8,10.8,45.7,29.1,73.3,2026-07-31 16:58:19
4568,4,128.2,57.8,85.8,1.68,48.4,21.8,38.9,19.3,45.8,2026-07-31 17:06:19
4569,6,24.9,10.2,20.1,0.22,13.0,5.0,46.2,22.9,35.2,2026-07-31 17:14:19
4570,7,91.5,40.4,73.5,1.29,37.5,16.4,49.0,32.5,54.5,2026-07-31 17:22:19
4571,8,75.6,34.2,66.9,0.93,28.0,13.1,44.4,20.6,42.4,2026-07-31 17:30:19
4572,2,74.7,34.0,53.7,1.09,27.0,14.6,30.2,18.3,30.4,2026-07-31 17:38:19
4573,8,15.0,5.0,8.5,0.23,10.0,5.0,25.8,18.7,60.8,2026-07-31 17:46:19
4574,6,69.4,30.9,64.3,0.87,27.5,12.5,52.9,22.4,66.7,2026-07-31 17:54:19
4575,4,109.7,49.8,85.1,1.47,40.1,19.0,42.4,30.6,53.8,2026-07-31 18:02:19
4576,1,28.4,11.5,16.4,0.35,15.3,5.0,44.3,25.2,72.1,2026-07-31 18:10:19
4577,8,100.0,44.0,65.1,1.28,41.6,15.9,45.1,21.9,61.8,2026-07-31 18:18:19
4578,4,114.7,50.3,73.9,1.56,48.4,19.8,37.7,31.7,50.6,2026-07-31 18:26:19
4579,3,62.1,26.6,43.7,0.83,28.5,10.4,33.0,30.0,41.3,2026-07-31 18:34:19
4580,8,73.9,33.7,57.7,1.09,26.4,13.1,26.6,23.1,75.9,2026-07-31 18:42:19
4581,6,70.8,31.1,47.6,0.99,29.6,13.9,52.2,27.6,68.0,2026-07-31 18:50:19
4582,9,75.9,34.7,67.6,1.03,26.9,13.5,50.1,24.9,33.7,2026-07-31 18:58:19
4583,2,82.8,37.9,62.4,1.18,29.1,15.3,37.4,31.8,65.3,2026-07-31 19:06:19
4584,8,87.2,38.1,58.6,1.17,37.2,14.6,37.0,35.4,32.3,2026-07-31 19:14:19
4585,5,107.3,46.6,80.3,1.47,46.8,17.9,46.6,32.6,34.1,2026-07-31 19:22:19
4586,9,116.6,52.2,77.9,1.49,45.3,19.4,32.0,34.0,30.5,2026-07-31 19:30:19
4587,1,99.3,43.7,71.1,1.37,41.3,19.0,52.7,26.3,64.3,2026-07-31 19:38:19
4588,10,103.7,46.3,72.8,1.35,40.8,19.6,33.6,37.1,61.9,2026-07-31 19:46:19
4589,5,70.2,31.4,63.7,0.85,27.3,14.3,29.5,26.2,74.5,2026-07-31 19:54:19
4590,6,35.7,16.6,31.9,0.56,11.7,6.0,53.8,20.8,51.7,2026-07-31 20:02:19
4591,8,86.0,37.8,71.5,1.06,36.0,15.9,40.6,32.0,32.3,2026-07-31 20:10:19
4592,2,63.6,27.2,54.0,0.87,29.2,10.7,43.2,25.2,65.9,2026-07-31 20:18:19
4593,2,113.3,50.6,101.5,1.53,44.4,20.1,53.1,33.9,45.6,2026-07-31 20:26:19
4594,5,75.6,32.7,54.1,1.07,33.5,14.0,27.9,38.0,35.9,2026-07-31 20:34:19
4595,4,78.3,35.9,61.8,1.12,27.4,13.0,45.7,27.1,42.5,2026-07-31 20:42:19
4596,8,92.6,40.1,67.4,1.18,40.8,17.7,49.7,29.1,41.1,2026-07-31 20:50:19
4597,1,96.2,42.7,67.3,1.28,38.7,15.8,36.4,25.4,57.7,2026-07-31 20:58:19
4598,3,93.6,40.6,81.5,1.17,41.1,15.7,44.2,37.2,51.5,2026-07-31 21:06:19
4599,4,68.8,31.2,60.4,1.01,25.3,12.0,36.5,26.2,44.0,2026-07-31 21:14:19
4600,9,32.6,13.6,23.4,0.5,16.2,5.7,50.4,22.1,44.5,2026-07-31 21:22:19
4601,4,68.3,29.6,59.3,0.97,30.1,10.1,50.3,25.5,61.8,2026-07-31 21:30:19
4602,9,102.5,45.6,91.3,1.42,40.8,19.2,43.8,32.2,55.2,2026-07-31 21:38:19
4603,6,29.4,12.5,18.1,0.29,13.8,5.0,34.2,33.1,46.4,2026-07-31 21:46:19
4604,9,65.5,29.0,51.9,0.94,26.7,13.3,34.3,24.3,50.5,2026-07-31 21:54:19
4605,4,84.7,37.3,70.5,1.13,35.2,15.7,37.3,27.6,34.4,2026-07-31 22:02:19
4606,8,92.2,39.9,78.0,1.18,40.7,14.0,48.8,32.1,43.3,2026-07-31 22:10:19
4607,1,109.9,49.9,88.8,1.41,40.2,21.7,53.9,35.7,68.1,2026-07-31 22:18:19
4608,3,117.2,51.1,91.2,1.49,50.5,22.2,27.9,28.7,78.1,2026-07-31 22:26:19
4609,3,83.8,38.2,73.1,1.05,30.0,13.6,34.5,24.0,73.5,2026-07-31 22:34:19
4610,10,74.5,33.8,58.9,1.0,27.4,12.8,47.6,27.7,84.1,2026-07-31 22:42:19
4611,5,69.4,31.3,61.5,0.86,26.2,12.8,36.4,22.0,76.1,2026-07-31 22:50:19
4612,7,130.6,58.9,104.9,1.86,49.1,23.5,43.5,32.9,34.2,2026-07-31 22:58:19
4613,1,73.1,31.8,57.8,0.87,31.7,14.6,43.8,27.8,67.2,2026-07-31 23:06:19
4614,4,75.6,33.5,59.6,1.04,30.5,14.4,43.8,24.2,49.3,2026-07-31 23:14:19
4615,5,78.4,35.4,50.1,1.06,29.3,15.5,38.8,32.1,46.1,2026-07-31 23:22:19
4616,3,109.9,47.9,100.5,1.43,47.4,18.0,38.6,22.2,59.7,2026-07-31 23:30:19
4617,2,49.6,21.3,31.7,0.66,22.6,6.6,28.1,38.0,38.1,2026-07-31 23:38:19
4618,2,85.7,39.0,55.6,1.21,31.0,16.8,34.6,35.4,66.2,2026-07-31 23:46:19
4619,7,104.7,47.6,89.6,1.38,38.1,20.3,29.8,21.1,38.0,2026-07-31 23:54:19
4620,10,92.4,41.7,83.3,1.33,34.7,16.5,50.1,35.6,49.9,2026-08-01 00:02:19
4621,1,109.8,47.8,80.3,1.49,47.6,18.6,38.9,36.2,57.1,2026-08-01 00:10:19
4622,6,75.5,33.5,66.3,1.09,30.3,12.3,48.1,22.0,43.6,2026-08-01 00:18:19
4623,2,89.3,39.4,67.6,1.26,36.7,13.9,45.6,37.8,49.1,2026-08-01 00:26:19
4624,8,75.6,33.3,68.9,1.07,31.4,14.2,32.0,24.6,55.6,2026-08-01 00:34:19
4625,9,56.9,26.4,52.3,0.77,18.8,12.1,34.2,22.7,33.2,2026-08-01 00:42:19
4626,4,85.3,38.2,62.7,1.1,33.0,16.8,43.0,27.3,77.9,2026-08-01 00:50:19
4627,2,83.8,38.2,71.5,1.12,30.1,15.4,44.8,36.2,30.5,2026-08-01 00:58:19
4628,5,82.5,36.2,65.4,1.14,34.6,14.5,33.5,24.3,84.9,2026-08-01 01:06:19
4629,5,98.1,42.7,74.1,1.38,42.5,16.6,40.6,32.9,71.2,2026-08-01 01:14:19
4630,7,91.1,40.8,85.4,1.32,35.3,15.1,41.8,19.0,68.3,2026-08-01 01:22:19
4631,9,55.4,24.0,35.1,0.64,24.4,11.0,49.9,22.5,67.6,2026-08-01 01:30:19
4632,3,57.5,24.7,51.3,0.66,26.0,8.2,41.9,30.8,69.8,2026-08-01 01:38:19
4633,3,61.9,27.0,50.0,0.91,26.5,8.9,39.7,32.5,81.8,2026-08-01 01:46:19
4634,2,39.4,18.1,29.2,0.62,13.7,5.4,43.2,20.4,31.7,2026-08-01 01:54:19
4635,10,97.4,44.4,71.5,1.35,35.0,19.2,30.3,28.6,80.8,2026-08-01 02:02:19
4636,10,85.4,38.9,65.6,1.17,30.8,14.3,50.6,28.1,81.1,2026-08-01 02:10:19
4637,5,35.9,15.8,28.7,0.46,14.9,7.1,47.0,37.1,39.1,2026-08-01 02:18:19
4638,1,51.6,23.3,34.8,0.65,19.3,8.6,48.6,25.7,50.7,2026-08-01 02:26:19
4639,10,45.5,19.3,39.2,0.54,21.6,8.8,35.2,19.0,53.3,2026-08-01 02:34:19
4640,9,42.3,18.3,27.0,0.61,18.7,9.0,32.7,18.4,57.0,2026-08-01 02:42:19
4641,7,121.6,53.0,110.1,1.57,52.4,20.0,40.3,22.2,75.3,2026-08-01 02:50:19
4642,3,114.9,51.1,76.1,1.61,45.8,22.2,40.4,21.3,33.5,2026-08-01 02:58:19
4643,6,137.9,60.6,109.2,1.86,57.7,23.1,51.9,22.7,45.4,2026-08-01 03:06:19
4644,8,40.6,17.2,24.6,0.44,19.2,5.1,53.7,35.1,59.9,2026-08-01 03:14:19
4645,2,109.9,48.0,81.2,1.47,46.9,18.9,34.2,23.0,46.7,2026-08-01 03:22:19
4646,3,44.9,20.8,42.0,0.66,14.9,8.3,51.5,26.0,80.2,2026-08-01 03:30:19
4647,4,99.3,43.8,66.3,1.36,40.9,17.8,38.3,18.8,41.0,2026-08-01 03:38:19
4648,3,134.9,59.2,85.1,1.84,56.7,22.9,46.1,21.6,45.1,2026-08-01 03:46:19
4649,4,45.7,21.3,39.6,0.55,14.7,10.0,50.1,23.7,76.2,2026-08-01 03:54:19
4650,1,120.3,53.6,89.9,1.69,47.7,21.0,38.8,35.8,78.1,2026-08-01 04:02:19
4651,7,64.5,29.0,52.0,0.91,24.5,10.7,32.4,29.1,39.3,2026-08-01 04:10:19
4652,5,77.4,34.7,65.2,1.04,29.8,13.3,25.3,36.8,73.0,2026-08-01 04:18:19
4653,6,58.4,26.1,40.1,0.71,22.9,8.8,44.9,26.1,48.9,2026-08-01 04:26:19
4654,6,99.7,44.6,87.4,1.37,38.8,19.1,41.5,27.5,46.9,2026-08-01 04:34:19
4655,7,73.2,33.1,60.0,1.07,27.2,12.5,48.8,18.2,30.9,2026-08-01 04:42:19
4656,5,83.0,37.9,57.1,1.14,29.6,15.5,48.8,31.0,72.8,2026-08-01 04:50:19
4657,1,64.3,28.6,47.0,0.91,25.7,13.0,49.6,35.8,43.1,2026-08-01 04:58:19
4658,10,100.0,44.3,92.4,1.42,40.6,17.8,46.1,24.7,40.8,2026-08-01 05:06:19
4659,10,118.5,52.1,77.0,1.65,49.5,20.0,40.8,28.9,64.7,2026-08-01 05:14:19
4660,9,48.1,22.1,39.4,0.59,16.7,7.6,50.3,32.6,39.8,2026-08-01 05:22:19
4661,4,67.4,29.9,61.8,0.98,27.1,12.5,33.4,32.3,41.4,2026-08-01 05:30:19
4662,6,144.6,65.3,102.3,2.03,54.1,26.8,45.2,34.5,67.0,2026-08-01 05:38:19
4663,6,61.4,27.1,46.3,0.81,25.3,10.1,28.8,35.5,61.8,2026-08-01 05:46:19
4664,5,91.9,41.0,84.8,1.22,36.3,17.5,36.3,25.1,34.7,2026-08-01 05:54:19
4665,7,15.0,5.0,8.0,0.21,10.0,5.0,31.3,27.3,41.7,2026-08-01 06:02:19
4666,7,37.1,15.5,25.6,0.43,18.4,5.2,35.2,27.4,31.6,2026-08-01 06:10:19
4667,6,107.0,47.2,77.0,1.39,44.1,19.5,38.8,29.1,55.9,2026-08-01 06:18:19
4668,6,112.8,49.1,77.7,1.49,48.8,17.9,44.2,27.1,32.8,2026-08-01 06:26:19
4669,6,66.8,30.5,59.4,0.95,23.7,10.8,42.3,34.7,57.8,2026-08-01 06:34:19
4670,5,104.9,45.9,68.9,1.35,44.5,20.1,50.3,34.6,45.2,2026-08-01 06:42:19
4671,10,78.9,35.6,65.1,1.1,29.7,14.7,31.5,34.2,72.5,2026-08-01 06:50:19
4672,7,15.0,5.0,7.1,0.1,10.0,5.0,51.7,32.0,35.5,2026-08-01 06:58:19
4673,3,53.6,24.2,39.0,0.71,20.1,11.1,35.9,21.1,36.1,2026-08-01 07:06:19
4674,4,81.0,35.0,72.6,1.11,35.9,15.3,32.3,28.4,78.6,2026-08-01 07:14:19
4675,8,49.1,21.5,30.9,0.73,20.8,7.0,51.0,25.7,66.4,2026-08-01 07:22:19
4676,7,61.0,28.2,57.2,0.93,20.5,9.8,51.2,35.5,65.2,2026-08-01 07:30:19
4677,10,43.0,19.7,39.4,0.52,15.1,6.0,34.5,23.5,75.7,2026-08-01 07:38:19
4678,3,97.3,42.5,68.5,1.21,41.6,17.5,47.0,24.0,48.9,2026-08-01 07:46:19
4679,6,110.2,48.3,68.2,1.38,46.6,18.4,50.5,33.8,52.5,2026-08-01 07:54:19
4680,5,111.3,50.2,87.7,1.49,41.9,21.7,40.7,36.7,75.9,2026-08-01 08:02:19
4681,3,78.7,34.7,55.5,0.97,32.4,12.1,28.1,26.8,57.7,2026-08-01 08:10:19
4682,8,70.2,31.0,59.7,0.85,28.9,13.2,50.3,30.6,54.7,2026-08-01 08:18:19
4683,1,94.5,41.3,60.2,1.22,40.3,17.8,44.4,37.6,34.2,2026-08-01 08:26:19
4684,10,15.0,5.0,8.2,0.13,10.0,5.0,27.7,31.1,73.9,2026-08-01 08:34:19
4685,8,103.9,45.7,81.7,1.44,43.2,17.7,53.5,19.2,54.2,2026-08-01 08:42:19
4686,10,62.4,27.3,44.9,0.84,26.6,12.5,40.0,20.6,81.5,2026-08-01 08:50:19
4687,4,132.3,57.8,109.6,1.81,56.5,24.0,53.8,32.2,73.4,2026-08-01 08:58:19
4688,5,76.2,33.7,70.7,0.95,31.0,14.2,35.1,26.9,72.3,2026-08-01 09:06:19
4689,1,70.4,32.2,47.0,0.93,24.8,14.6,32.1,32.7,55.2,2026-08-01 09:14:19
4690,2,100.1,44.6,81.4,1.27,39.7,19.0,45.5,22.6,72.9,2026-08-01 09:22:19
4691,7,77.2,34.9,55.6,0.98,28.8,13.4,25.2,21.3,55.2,2026-08-01 09:30:19
4692,10,15.0,5.0,10.3,0.14,10.0,5.0,25.1,34.8,74.3,2026-08-01 09:38:19
4693,6,91.1,39.4,66.6,1.28,40.3,17.3,50.9,33.1,51.9,2026-08-01 09:46:19
4694,7,122.0,55.3,84.7,1.66,45.0,21.2,37.4,28.7,53.3,2026-08-01 09:54:19
4695,3,45.7,20.6,35.2,0.59,17.3,8.4,26.7,32.6,81.0,2026-08-01 10:02:19
4696,7,35.5,16.1,31.2,0.46,13.0,5.7,44.8,20.6,84.5,2026-08-01 10:10:19
4697,3,39.4,18.1,32.0,0.63,13.6,7.1,28.1,34.7,40.5,2026-08-01 10:18:19
4698,7,62.4,28.3,56.5,0.8,23.0,12.2,45.2,30.8,42.7,2026-08-01 10:26:19
4699,10,115.4,52.1,106.8,1.57,43.3,19.8,25.7,33.8,60.4,2026-08-01 10:34:19
4700,7,139.3,62.7,126.3,1.89,52.8,26.2,25.3,26.0,67.8,2026-08-01 10:42:19
4701,9,102.8,45.1,83.7,1.42,43.2,17.0,49.6,29.4,70.9,2026-08-01 10:50:19
4702,4,73.3,32.7,62.6,0.91,28.8,11.7,26.4,36.7,62.3,2026-08-01 10:58:19
4703,5,78.1,35.6,56.7,1.06,28.1,14.4,39.1,32.3,46.5,2026-08-01 11:06:19
4704,9,75.1,33.7,49.7,1.02,28.9,13.2,40.6,19.1,81.7,2026-08-01 11:14:19
4705,6,144.4,64.2,124.6,1.95,57.7,26.3,54.1,29.6,49.7,2026-08-01 11:22:19
4706,10,131.1,59.2,88.6,1.75,49.0,25.3,34.2,22.2,50.8,2026-08-01 11:30:19
4707,8,71.1,31.6,54.5,0.86,28.5,14.3,30.3,32.3,63.0,2026-08-01 11:38:19
4708,5,60.2,25.7,38.8,0.86,27.8,11.8,51.2,18.6,36.3,2026-08-01 11:46:19
4709,6,43.0,20.0,38.9,0.66,13.9,8.2,29.4,30.8,51.5,2026-08-01 11:54:19
4710,1,90.0,41.1,74.5,1.21,32.1,18.3,46.6,31.4,69.6,2026-08-01 12:02:19
4711,4,121.0,54.5,84.4,1.56,45.7,22.3,50.0,18.9,79.2,2026-08-01 12:10:19
4712,5,54.4,23.1,44.2,0.6,25.6,10.6,42.6,18.1,47.0,2026-08-01 12:18:19
4713,6,125.1,56.3,84.9,1.67,47.5,24.0,47.8,21.6,56.7,2026-08-01 12:26:19
4714,10,74.3,34.1,58.7,1.06,25.8,13.1,41.6,23.1,55.6,2026-08-01 12:34:19
4715,1,49.3,22.0,33.8,0.57,19.4,7.5,52.3,24.3,44.0,2026-08-01 12:42:19
4716,7,67.1,29.6,45.5,0.86,27.7,10.7,31.0,37.9,45.5,2026-08-01 12:50:19
4717,1,118.2,52.0,105.1,1.48,49.2,20.6,41.2,26.1,41.4,2026-08-01 12:58:19
4718,6,108.6,47.4,72.0,1.51,46.5,18.2,26.2,37.6,82.3,2026-08-01 13:06:19
4719,6,118.3,53.1,85.0,1.54,45.4,21.7,54.2,29.9,33.7,2026-08-01 13:14:19
4720,5,60.6,26.6,45.0,0.77,25.5,9.3,25.4,25.7,52.0,2026-08-01 13:22:19
4721,6,49.1,22.2,45.4,0.58,18.3,10.4,33.6,33.8,69.7,2026-08-01 13:30:19
4722,1,71.1,32.4,65.9,1.03,25.6,14.1,33.9,30.6,75.6,2026-08-01 13:38:19
4723,4,92.6,40.2,77.6,1.24,40.4,15.0,50.7,26.3,42.7,2026-08-01 13:46:19
4724,6,16.0,6.1,9.0,0.12,10.0,5.0,35.2,20.9,37.0,2026-08-01 13:54:19
4725,2,119.9,54.2,95.1,1.7,44.7,23.6,40.5,27.9,58.1,2026-08-01 14:02:19
4726,4,86.2,38.2,71.3,1.07,34.9,14.7,52.0,35.6,62.0,2026-08-01 14:10:19
4727,1,93.6,41.8,76.7,1.22,36.8,16.2,48.5,25.0,62.2,2026-08-01 14:18:19
4728,10,90.3,40.3,83.6,1.21,35.5,17.6,26.9,20.9,82.3,2026-08-01 14:26:19
4729,10,99.7,45.0,86.1,1.38,37.4,17.7,51.7,37.7,35.5,2026-08-01 14:34:19
4730,6,61.1,27.4,44.5,0.87,23.5,10.8,34.7,19.8,78.0,2026-08-01 14:42:19
4731,5,126.2,55.5,78.1,1.62,52.5,21.4,39.2,23.0,35.9,2026-08-01 14:50:19
4732,4,41.6,19.3,27.6,0.66,13.8,9.1,35.4,26.4,68.7,2026-08-01 14:58:19
4733,5,69.0,30.0,62.8,0.99,29.9,11.1,48.7,24.7,42.1,2026-08-01 15:06:19
4734,2,145.5,63.6,115.5,1.97,62.1,27.4,50.1,23.0,44.6,2026-08-01 15:14:19
4735,6,77.4,34.0,57.6,0.92,32.4,12.4,33.2,25.0,74.7,2026-08-01 15:22:19
4736,2,133.8,58.8,106.2,1.8,56.0,21.6,34.3,37.9,82.4,2026-08-01 15:30:19
4737,7,89.9,39.7,70.2,1.22,36.9,16.5,31.5,27.3,37.1,2026-08-01 15:38:19
4738,7,98.9,43.2,69.2,1.39,42.3,17.1,46.1,36.7,31.9,2026-08-01 15:46:19
4739,8,120.5,52.6,79.4,1.52,51.7,19.8,29.0,27.9,41.9,2026-08-01 15:54:19
4740,4,101.7,45.7,71.0,1.43,38.8,18.9,52.5,31.9,48.4,2026-08-01 16:02:19
4741,8,44.2,20.1,31.9,0.54,16.0,9.2,44.6,21.0,51.7,2026-08-01 16:10:19
4742,6,39.2,17.3,36.1,0.61,16.2,5.3,40.1,35.9,59.7,2026-08-01 16:18:19
4743,5,80.8,36.0,61.7,1.01,32.0,13.1,45.6,31.8,39.5,2026-08-01 16:26:19
4744,2,117.7,51.6,98.0,1.45,49.7,21.0,37.9,31.2,35.1,2026-08-01 16:34:19
4745,1,70.3,31.8,48.6,0.92,26.1,13.5,50.8,21.1,48.9,2026-08-01 16:42:19
4746,1,86.0,38.1,54.3,1.13,34.9,16.5,53.7,24.7,73.4,2026-08-01 16:50:19
4747,5,107.5,48.9,98.6,1.42,39.0,20.0,35.3,30.4,59.0,2026-08-01 16:58:19
4748,6,76.8,34.9,67.5,1.03,27.9,12.8,49.3,19.0,80.8,2026-08-01 17:06:19
4749,8,142.3,62.4,99.5,1.78,60.0,25.1,28.0,31.4,48.1,2026-08-01 17:14:19
4750,5,144.8,65.3,134.3,1.95,54.5,25.9,51.1,29.9,65.8,2026-08-01 17:22:19
4751,8,19.6,8.1,13.0,0.26,10.0,5.0,40.0,19.8,61.2,2026-08-01 17:30:19
4752,1,85.2,37.8,60.9,1.09,34.4,14.1,31.4,27.9,82.0,2026-08-01 17:38:19
4753,1,53.5,23.0,34.5,0.79,24.1,8.2,40.4,20.8,76.9,2026-08-01 17:46:19
4754,10,38.0,17.8,27.8,0.55,12.0,7.4,53.3,37.5,72.0,2026-08-01 17:54:19
4755,1,125.8,55.2,102.8,1.71,52.8,24.0,50.0,35.9,84.0,2026-08-01 18:02:19
4756,10,101.5,45.6,78.2,1.38,38.8,17.6,45.9,36.2,52.1,2026-08-01 18:10:19
4757,7,41.4,19.2,28.1,0.56,13.7,8.0,38.3,20.7,63.3,2026-08-01 18:18:19
4758,7,87.8,38.2,58.1,1.1,38.1,15.9,49.0,35.4,77.7,2026-08-01 18:26:19
4759,4,77.0,34.7,63.9,1.01,29.0,14.8,53.8,25.9,65.3,2026-08-01 18:34:19
4760,9,85.2,37.0,64.3,1.13,37.2,13.8,32.9,28.3,79.8,2026-08-01 18:42:19
4761,8,49.1,22.6,31.9,0.75,16.9,10.0,37.5,20.6,75.8,2026-08-01 18:50:19
4762,6,15.0,5.0,7.3,0.12,10.0,5.0,30.6,30.6,57.5,2026-08-01 18:58:19
4763,10,86.9,37.6,62.4,1.16,38.5,14.0,48.3,29.1,60.0,2026-08-01 19:06:19
4764,5,80.8,36.2,66.9,1.09,31.2,13.6,50.6,33.9,47.7,2026-08-01 19:14:19
4765,7,53.8,23.8,35.1,0.63,22.0,11.5,34.9,22.8,65.5,2026-08-01 19:22:19
4766,4,128.0,57.8,112.8,1.66,47.9,23.1,49.4,30.4,46.1,2026-08-01 19:30:19
4767,4,85.8,38.8,56.1,1.15,31.9,16.9,43.7,29.6,69.9,2026-08-01 19:38:19
4768,10,98.9,45.0,89.4,1.38,35.8,17.9,36.1,32.1,34.4,2026-08-01 19:46:19
4769,3,29.1,13.2,26.0,0.4,10.7,6.6,30.7,22.5,47.1,2026-08-01 19:54:19
4770,6,51.2,23.6,44.4,0.75,17.4,9.8,41.1,30.5,63.5,2026-08-01 20:02:19
4771,6,78.8,35.1,66.5,1.01,31.3,12.5,45.4,25.1,72.5,2026-08-01 20:10:19
4772,1,107.1,47.8,67.5,1.52,42.2,19.1,43.5,37.9,42.6,2026-08-01 20:18:19
4773,7,106.4,46.5,94.9,1.37,45.4,18.7,37.0,29.9,67.7,2026-08-01 20:26:19
4774,1,126.1,55.4,82.5,1.64,52.7,23.2,48.3,25.8,80.4,2026-08-01 20:34:19
4775,8,166.7,75.0,105.9,2.24,63.4,30.1,30.8,34.5,78.3,2026-08-01 20:42:19
4776,5,61.3,27.3,38.7,0.85,24.3,10.2,46.2,22.2,76.4,2026-08-01 20:50:19
4777,2,83.7,37.5,60.8,1.09,32.3,15.6,35.5,30.3,51.9,2026-08-01 20:58:19
4778,2,42.2,17.9,30.2,0.64,20.0,6.0,44.6,22.2,63.5,2026-08-01 21:06:19
4779,1,45.4,20.9,39.1,0.7,15.5,6.9,49.7,31.2,69.8,2026-08-01 21:14:19
4780,7,108.2,47.5,87.3,1.35,45.4,21.0,51.9,28.4,47.3,2026-08-01 21:22:19
4781,5,127.1,57.2,106.7,1.8,48.2,24.4,49.1,27.4,35.3,2026-08-01 21:30:19
4782,1,70.2,32.1,59.9,1.03,24.8,13.8,34.5,19.5,83.7,2026-08-01 21:38:19
4783,4,84.0,36.6,75.9,1.05,36.3,13.4,43.6,32.6,53.8,2026-08-01 21:46:19
4784,3,115.6,52.3,93.2,1.66,42.9,20.7,26.8,18.0,44.5,2026-08-01 21:54:19
4785,9,52.1,22.1,37.4,0.72,24.6,10.5,40.6,26.8,31.8,2026-08-01 22:02:19
4786,1,146.7,64.4,121.1,1.87,61.5,27.0,39.4,23.0,35.8,2026-08-01 22:10:19
4787,3,92.5,40.8,84.8,1.2,38.2,15.4,48.4,20.7,34.1,2026-08-01 22:18:19
4788,10,31.8,14.9,25.0,0.5,10.0,5.0,53.3,32.5,67.4,2026-08-01 22:26:19
4789,9,25.0,11.1,18.0,0.43,10.0,6.2,27.2,33.3,60.4,2026-08-01 22:34:19
4790,2,145.2,65.1,108.4,1.94,56.0,27.4,48.9,19.3,59.9,2026-08-01 22:42:19
4791,2,15.0,5.0,7.9,0.1,10.0,5.0,29.5,19.5,32.3,2026-08-01 22:50:19
4792,3,79.7,36.0,63.1,1.11,29.8,13.8,43.7,20.6,32.7,2026-08-01 22:58:19
4793,6,145.6,64.9,135.7,1.88,57.5,26.4,43.2,29.6,58.1,2026-08-01 23:06:19
4794,9,98.3,44.3,83.7,1.37,37.2,18.9,46.2,30.7,84.5,2026-08-01 23:14:19
4795,2,91.9,39.9,72.5,1.19,40.2,15.2,37.4,37.7,51.7,2026-08-01 23:22:19
4796,7,54.9,24.9,43.8,0.85,20.1,8.8,29.4,25.4,30.5,2026-08-01 23:30:19
4797,3,165.7,73.7,128.9,2.15,66.0,29.5,41.0,32.0,77.8,2026-08-01 23:38:19
4798,10,130.6,58.5,91.8,1.73,50.6,24.7,35.6,19.3,49.3,2026-08-01 23:46:19
4799,1,58.7,25.1,41.3,0.72,27.1,9.1,28.0,36.9,53.2,2026-08-01 23:54:19
4800,2,37.1,17.5,31.5,0.61,11.2,8.5,38.5,31.4,58.9,2026-08-02 00:02:19
4801,8,82.1,37.3,74.9,1.18,29.9,13.8,49.0,35.8,81.7,2026-08-02 00:10:19
4802,2,15.0,5.0,9.5,0.1,10.0,5.0,42.4,29.0,68.1,2026-08-02 00:18:19
4803,1,147.7,65.2,91.6,1.95,60.6,27.9,48.8,21.1,38.8,2026-08-02 00:26:19
4804,4,78.5,34.6,55.6,1.04,32.4,12.6,46.3,27.8,75.5,2026-08-02 00:34:19
4805,6,134.9,58.9,103.5,1.86,57.7,22.2,25.5,34.4,83.6,2026-08-02 00:42:19
4806,10,74.8,34.1,60.9,1.1,26.8,15.4,49.4,24.8,72.1,2026-08-02 00:50:19
4807,10,112.9,50.7,87.1,1.55,43.2,18.4,30.3,37.3,57.7,2026-08-02 00:58:19
4808,2,69.2,31.1,45.2,0.96,26.4,10.8,31.9,35.6,62.9,2026-08-02 01:06:19
4809,9,107.6,46.7,84.1,1.5,47.0,18.4,32.3,29.3,43.6,2026-08-02 01:14:19
4810,7,107.1,47.0,90.7,1.4,45.0,18.6,39.8,30.4,51.6,2026-08-02 01:22:19
4811,3,70.7,30.7,47.2,0.86,30.9,11.6,27.7,28.9,36.0,2026-08-02 01:30:19
4812,4,116.7,51.8,74.6,1.49,46.9,19.6,51.0,34.3,67.6,2026-08-02 01:38:19
4813,10,78.1,34.8,54.3,1.03,30.9,14.2,31.3,20.9,46.6,2026-08-02 01:46:19
4814,4,72.8,31.4,45.4,0.97,32.5,13.2,42.5,36.9,46.2,2026-08-02 01:54:19
4815,8,63.4,28.2,59.1,0.88,25.3,11.1,47.1,23.8,30.1,2026-08-02 02:02:19
4816,10,102.8,45.7,77.2,1.43,41.0,17.7,33.0,24.9,51.5,2026-08-02 02:10:19
4817,8,57.2,25.1,50.2,0.81,24.0,8.1,26.8,23.1,46.5,2026-08-02 02:18:19
4818,7,74.5,32.7,50.2,0.98,31.3,14.0,53.9,18.6,78.1,2026-08-02 02:26:19
4819,4,139.2,62.3,110.1,1.94,54.2,24.0,28.5,28.8,84.2,2026-08-02 02:34:19
4820,4,75.8,33.8,54.7,0.94,29.9,12.7,30.2,20.9,46.5,2026-08-02 02:42:19
4821,8,47.4,21.0,40.6,0.67,19.2,6.9,41.9,21.7,68.2,2026-08-02 02:50:19
4822,2,53.5,24.3,51.0,0.77,19.5,10.9,53.4,26.5,47.3,2026-08-02 02:58:19
4823,10,67.8,29.4,49.7,0.91,29.7,13.1,27.8,25.3,37.5,2026-08-02 03:06:19
4824,8,90.1,39.9,79.8,1.1,36.6,16.5,32.3,29.9,43.1,2026-08-02 03:14:19
4825,9,99.2,45.0,92.3,1.45,36.3,18.2,46.2,34.2,32.3,2026-08-02 03:22:19
4826,3,86.7,39.0,76.5,1.09,33.0,14.1,29.5,29.6,42.0,2026-08-02 03:30:19
4827,9,38.1,17.3,29.7,0.52,14.0,5.4,47.7,20.8,33.9,2026-08-02 03:38:19
4828,6,118.6,53.8,109.7,1.67,43.6,20.3,39.0,36.7,63.1,2026-08-02 03:46:19
4829,1,86.1,39.0,71.5,1.11,31.8,17.0,41.4,24.1,78.3,2026-08-02 03:54:19
4830,8,97.8,42.8,86.0,1.2,41.5,17.8,38.1,32.1,68.2,2026-08-02 04:02:19
4831,4,101.7,44.6,92.0,1.36,42.9,19.3,47.5,37.5,52.6,2026-08-02 04:10:19
4832,4,113.2,51.4,102.7,1.48,41.4,19.0,31.6,27.6,34.5,2026-08-02 04:18:19
4833,5,65.5,28.0,41.0,0.74,30.1,13.1,47.4,30.0,32.8,2026-08-02 04:26:19
4834,7,99.7,43.3,80.3,1.32,43.6,17.1,36.6,36.1,39.2,2026-08-02 04:34:19
4835,7,81.2,35.9,68.3,1.1,33.2,14.0,34.6,27.9,73.7,2026-08-02 04:42:19
4836,3,110.3,49.6,95.5,1.4,42.1,21.4,31.5,21.1,31.7,2026-08-02 04:50:19
4837,4,43.9,19.9,29.7,0.54,16.1,9.3,26.6,23.9,40.6,2026-08-02 04:58:19
4838,7,69.8,30.4,51.7,0.94,30.2,13.9,29.0,35.6,68.7,2026-08-02 05:06:19
4839,2,62.1,27.8,41.6,0.76,24.2,9.2,25.5,34.0,83.3,2026-08-02 05:14:19
4840,5,77.1,34.9,50.2,1.01,28.6,12.8,32.3,28.5,80.7,2026-08-02 05:22:19
4841,4,144.5,65.2,101.7,2.01,54.3,26.1,26.4,28.4,64.9,2026-08-02 05:30:19
4842,4,111.3,50.3,70.8,1.54,41.6,20.3,41.1,24.8,63.2,2026-08-02 05:38:19
4843,3,82.8,37.5,62.2,1.11,30.7,15.5,32.8,37.9,68.3,2026-08-02 05:46:19
4844,8,68.9,31.3,64.1,0.93,25.2,12.1,29.3,36.3,50.1,2026-08-02 05:54:19
4845,6,99.3,44.3,68.1,1.29,39.2,18.7,45.8,35.2,50.0,2026-08-02 06:02:19
4846,5,92.8,41.8,87.7,1.33,35.1,16.5,41.6,24.9,61.8,2026-08-02 06:10:19
4847,8,113.4,51.5,74.9,1.48,41.4,21.0,39.9,24.2,76.4,2026-08-02 06:18:19
4848,5,75.5,33.0,54.0,1.01,32.2,12.7,46.8,19.9,69.2,2026-08-02 06:26:19
4849,9,89.6,38.8,59.6,1.23,39.6,14.1,35.5,25.5,41.8,2026-08-02 06:34:19
4850,7,66.8,30.5,49.3,0.83,23.7,13.2,33.7,30.7,34.0,2026-08-02 06:42:19
4851,1,53.1,24.6,37.4,0.65,17.6,11.7,34.0,30.0,59.2,2026-08-02 06:50:19
4852,9,40.9,17.6,36.6,0.52,18.4,6.5,33.3,27.1,31.4,2026-08-02 06:58:19
4853,9,107.2,46.6,94.7,1.44,46.7,20.1,43.1,36.0,33.2,2026-08-02 07:06:19
4854,3,25.7,11.5,23.6,0.41,10.0,5.4,50.8,27.6,44.0,2026-08-02 07:14:19
4855,1,133.8,59.7,108.3,1.73,52.7,23.4,50.8,22.7,84.1,2026-08-02 07:22:19
4856,9,63.7,27.4,57.1,0.77,28.7,12.0,49.4,37.0,56.1,2026-08-02 07:30:19
4857,7,116.8,50.8,89.6,1.54,50.7,19.3,47.3,23.4,58.4,2026-08-02 07:38:19
4858,10,122.0,55.2,100.4,1.68,45.2,23.2,47.3,19.8,66.0,2026-08-02 07:46:19
4859,5,125.2,55.4,93.3,1.72,51.0,23.2,30.4,29.5,59.7,2026-08-02 07:54:19
4860,1,97.2,43.2,63.4,1.37,38.9,15.9,36.7,24.3,74.5,2026-08-02 08:02:19
4861,7,136.3,61.1,89.8,1.87,52.6,24.8,32.2,37.5,70.5,2026-08-02 08:10:19
4862,1,54.6,25.3,52.8,0.71,18.2,9.4,30.1,20.5,57.8,2026-08-02 08:18:19
4863,8,43.7,18.9,28.7,0.67,19.4,7.0,30.4,23.9,41.5,2026-08-02 08:26:19
4864,8,34.8,16.2,26.9,0.47,11.3,6.7,26.0,24.5,33.0,2026-08-02 08:34:19
4865,10,53.6,23.8,47.1,0.62,21.5,11.4,42.4,34.7,45.7,2026-08-02 08:42:19
4866,10,98.8,44.8,81.2,1.3,36.3,16.0,52.5,18.7,64.9,2026-08-02 08:50:19
4867,10,74.2,33.4,47.7,1.03,28.1,13.5,48.2,21.5,73.6,2026-08-02 08:58:19
4868,5,45.1,20.5,30.3,0.52,16.4,8.4,50.7,32.3,46.7,2026-08-02 09:06:19
4869,10,61.5,27.0,44.8,0.71,25.9,11.9,38.8,36.0,83.9,2026-08-02 09:14:19
4870,3,88.8,39.8,56.8,1.25,34.4,17.7,30.6,21.5,33.8,2026-08-02 09:22:19
4871,1,158.6,70.9,111.6,2.21,61.9,28.2,43.7,32.1,39.3,2026-08-02 09:30:19
4872,3,78.8,36.0,61.5,1.0,28.1,15.8,28.9,26.5,46.9,2026-08-02 09:38:19
4873,9,91.1,40.8,81.8,1.28,35.4,16.8,52.2,34.9,30.3,2026-08-02 09:46:19
4874,9,111.8,50.2,78.0,1.59,42.8,18.2,45.1,35.2,62.1,2026-08-02 09:54:19
4875,10,40.7,17.3,24.4,0.45,19.2,7.7,40.0,35.2,33.8,2026-08-02 10:02:19
4876,8,70.9,31.7,65.5,0.96,27.6,11.6,52.3,18.7,56.4,2026-08-02 10:10:19
4877,9,59.2,26.2,50.4,0.77,24.1,9.6,31.0,19.1,50.6,2026-08-02 10:18:19
4878,5,51.4,22.1,44.4,0.63,23.3,8.0,33.4,23.9,63.5,2026-08-02 10:26:19
4879,2,97.3,42.8,72.7,1.21,40.5,15.4,40.7,26.9,30.3,2026-08-02 10:34:19
4880,7,66.1,30.0,62.3,0.82,24.2,12.4,29.6,27.6,80.3,2026-08-02 10:42:19
4881,6,130.0,57.7,81.6,1.83,52.3,21.8,29.1,20.7,77.3,2026-08-02 10:50:19
4882,1,101.8,45.8,79.1,1.28,38.7,19.3,40.8,28.8,49.9,2026-08-02 10:58:19
4883,6,113.3,51.4,89.3,1.51,41.5,21.8,45.9,19.8,83.6,2026-08-02 11:06:19
4884,5,128.7,56.9,112.8,1.69,52.5,22.3,31.0,23.9,64.7,2026-08-02 11:14:19
4885,5,85.6,37.0,57.2,1.09,37.9,16.1,35.2,20.9,77.2,2026-08-02 11:22:19
4886,3,71.0,30.7,62.8,1.0,31.5,13.0,29.0,24.7,45.8,2026-08-02 11:30:19
4887,4,167.2,73.9,133.5,2.2,68.3,28.3,35.4,30.8,64.1,2026-08-02 11:38:19
4888,8,82.4,36.8,55.4,1.05,32.3,15.1,50.8,22.9,49.1,2026-08-02 11:46:19
4889,2,112.1,50.0,92.8,1.54,44.2,19.4,44.7,25.8,34.9,2026-08-02 11:54:19
4890,5,25.8,11.5,16.3,0.33,10.1,5.3,35.0,27.1,35.1,2026-08-02 12:02:19
4891,10,82.6,35.9,72.0,1.14,36.0,16.3,26.6,22.3,68.2,2026-08-02 12:10:19
4892,10,78.5,35.5,69.8,0.98,29.1,16.1,40.1,21.8,43.1,2026-08-02 12:18:19
4893,9,19.8,8.2,13.5,0.26,10.0,5.0,29.9,32.3,56.2,2026-08-02 12:26:19
4894,8,158.5,71.3,106.2,2.08,60.3,28.0,48.9,35.5,58.3,2026-08-02 12:34:19
4895,4,83.1,38.0,57.4,1.11,29.3,15.8,29.9,26.3,62.0,2026-08-02 12:42:19
4896,10,82.7,37.6,77.3,1.04,30.0,16.2,40.1,29.7,83.3,2026-08-02 12:50:19
4897,4,127.5,56.2,109.6,1.73,52.6,23.4,29.2,34.6,83.8,2026-08-02 12:58:19
4898,8,51.6,22.5,37.6,0.66,22.3,7.2,43.9,31.4,45.1,2026-08-02 13:06:19
4899,2,61.1,26.2,46.4,0.89,27.9,12.1,48.2,29.1,79.5,2026-08-02 13:14:19
4900,3,48.6,20.8,33.2,0.66,22.4,8.3,26.1,25.0,72.0,2026-08-02 13:22:19
4901,4,104.6,45.5,86.6,1.37,45.4,16.6,38.5,29.6,60.9,2026-08-02 13:30:19
4902,4,104.8,47.5,73.3,1.4,38.5,18.0,49.0,37.3,30.8,2026-08-02 13:38:19
4903,8,52.7,24.0,37.8,0.72,19.0,8.3,27.8,35.7,71.8,2026-08-02 13:46:19
4904,4,48.4,22.5,36.6,0.67,15.7,9.1,51.1,20.9,53.9,2026-08-02 13:54:19
4905,10,85.9,38.6,72.2,1.14,32.8,17.0,25.2,22.2,41.5,2026-08-02 14:02:19
4906,4,83.2,36.3,65.3,1.17,35.7,15.4,33.5,29.2,30.9,2026-08-02 14:10:19
4907,8,49.8,22.9,43.6,0.75,17.2,8.6,41.8,24.8,64.9,2026-08-02 14:18:19
4908,4,75.0,33.8,52.0,0.95,28.4,14.4,52.3,19.2,51.1,2026-08-02 14:26:19
4909,3,92.2,41.2,71.0,1.15,36.1,16.7,34.9,26.4,42.3,2026-08-02 14:34:19
4910,7,64.2,28.4,41.8,0.77,26.2,12.9,41.7,27.3,65.2,2026-08-02 14:42:19
4911,2,17.2,6.8,14.3,0.11,10.0,5.0,39.0,31.1,34.8,2026-08-02 14:50:19
4912,1,113.3,51.4,104.1,1.51,41.5,20.7,31.1,32.8,82.3,2026-08-02 14:58:19
4913,7,71.5,32.1,62.8,0.97,27.4,12.5,44.6,23.1,65.0,2026-08-02 15:06:19
4914,3,78.1,34.4,49.4,1.03,32.3,14.4,31.3,25.5,62.9,2026-08-02 15:14:19
4915,1,119.2,52.4,102.0,1.62,49.7,21.9,33.8,20.1,82.8,2026-08-02 15:22:19
4916,10,64.0,27.5,50.2,0.74,29.0,10.0,51.5,18.2,58.5,2026-08-02 15:30:19
4917,7,56.0,25.0,46.4,0.72,22.1,8.2,49.6,27.3,32.7,2026-08-02 15:38:19
4918,6,105.2,46.5,78.7,1.3,43.1,20.4,54.1,35.7,69.0,2026-08-02 15:46:19
4919,9,123.3,54.9,77.7,1.56,48.9,21.3,35.7,21.4,67.8,2026-08-02 15:54:19
4920,7,29.1,13.0,25.0,0.48,11.3,6.5,52.3,28.0,72.2,2026-08-02 16:02:19
4921,4,40.0,18.2,29.2,0.5,14.5,8.3,42.8,36.1,44.2,2026-08-02 16:10:19
4922,7,83.9,38.3,65.5,1.09,30.0,15.0,48.6,37.3,42.1,2026-08-02 16:18:19
4923,3,128.2,56.5,79.5,1.6,53.1,24.3,46.9,32.1,77.4,2026-08-02 16:26:19
4924,4,68.7,30.7,60.8,0.84,26.8,11.4,28.6,30.1,33.1,2026-08-02 16:34:19
4925,2,53.8,24.3,40.9,0.76,20.2,10.8,52.2,24.5,59.2,2026-08-02 16:42:19
4926,6,15.0,5.0,10.2,0.16,10.0,5.0,30.2,20.9,51.3,2026-08-02 16:50:19
4927,2,100.6,44.7,78.8,1.25,40.2,18.8,44.2,34.9,69.8,2026-08-02 16:58:19
4928,6,85.9,38.1,73.7,1.14,34.7,16.4,52.2,19.6,55.4,2026-08-02 17:06:19
4929,8,169.3,75.4,143.4,2.28,67.2,29.3,48.8,37.9,79.1,2026-08-02 17:14:19
4930,4,22.1,9.5,16.5,0.27,10.0,5.0,48.0,22.8,52.9,2026-08-02 17:22:19
4931,3,80.1,36.4,71.0,1.17,29.1,14.8,48.7,28.8,37.3,2026-08-02 17:30:19
4932,4,42.6,18.5,28.6,0.55,18.5,7.3,51.1,30.3,79.5,2026-08-02 17:38:19
4933,8,67.1,29.4,43.1,0.97,28.3,11.1,38.3,27.8,69.0,2026-08-02 17:46:19
4934,4,61.1,27.5,48.2,0.87,23.3,10.5,33.0,26.4,59.3,2026-08-02 17:54:19
4935,1,112.3,50.2,90.5,1.59,43.8,22.0,50.3,23.1,36.9,2026-08-02 18:02:19
4936,7,75.5,32.6,56.7,1.0,33.7,14.1,34.7,25.3,75.1,2026-08-02 18:10:19
4937,8,41.7,19.4,39.2,0.56,13.5,6.5,48.9,21.4,52.1,2026-08-02 18:18:19
4938,9,81.5,35.9,56.0,1.11,33.8,12.9,30.6,24.8,56.9,2026-08-02 18:26:19
4939,5,84.4,36.7,68.7,1.17,36.6,13.5,49.9,28.8,66.1,2026-08-02 18:34:19
4940,6,63.9,28.8,45.1,0.83,24.1,10.7,36.2,24.9,36.7,2026-08-02 18:42:19
4941,6,83.1,36.4,56.1,1.16,35.2,13.7,28.4,37.0,37.7,2026-08-02 18:50:19
4942,6,55.2,25.1,38.5,0.7,20.0,8.9,41.9,37.7,75.1,2026-08-02 18:58:19
4943,10,100.0,43.9,78.5,1.24,41.9,17.3,43.2,29.2,45.0,2026-08-02 19:06:19
4944,6,75.5,33.6,63.0,1.09,30.0,12.2,47.9,21.8,39.6,2026-08-02 19:14:19
4945,3,49.5,22.1,32.7,0.74,19.4,10.8,37.6,31.5,65.2,2026-08-02 19:22:19
4946,4,94.9,41.8,85.7,1.22,39.3,18.4,31.4,30.3,56.5,2026-08-02 19:30:19
4947,4,56.9,25.3,42.9,0.68,22.7,12.0,44.7,23.2,41.8,2026-08-02 19:38:19
4948,7,102.7,45.0,84.4,1.26,43.3,19.2,31.8,30.7,45.6,2026-08-02 19:46:19
4949,2,84.9,37.2,58.1,1.13,35.9,15.3,47.8,27.0,64.2,2026-08-02 19:54:19
4950,5,59.3,26.9,54.6,0.8,21.7,9.3,36.1,35.5,68.9,2026-08-02 20:02:19
4951,6,49.0,22.7,31.8,0.67,16.2,8.1,45.0,20.1,44.4,2026-08-02 20:10:19
4952,10,93.4,42.1,86.2,1.26,35.3,18.2,38.3,28.0,52.4,2026-08-02 20:18:19
4953,7,120.6,54.2,95.9,1.68,46.1,20.7,28.7,29.5,32.5,2026-08-02 20:26:19
4954,1,59.1,25.4,37.1,0.74,26.8,8.4,44.8,18.5,59.5,2026-08-02 20:34:19
4955,8,57.0,24.7,45.6,0.77,25.0,11.4,32.7,21.7,82.0,2026-08-02 20:42:19
4956,7,40.6,19.1,32.3,0.64,12.5,9.3,34.0,29.0,58.9,2026-08-02 20:50:19
4957,10,48.9,22.5,38.4,0.64,16.8,10.1,31.2,34.5,74.7,2026-08-02 20:58:19
4958,5,178.7,79.7,134.3,2.35,70.5,33.6,44.0,30.0,56.6,2026-08-02 21:06:19
4959,5,88.3,39.0,56.5,1.21,36.2,14.9,43.4,31.9,47.3,2026-08-02 21:14:19
4960,8,88.2,39.9,66.9,1.21,32.7,14.2,52.3,23.2,38.9,2026-08-02 21:22:19
4961,3,40.5,18.7,34.2,0.62,13.7,6.7,45.7,33.5,35.3,2026-08-02 21:30:19
4962,7,143.5,64.5,107.1,2.01,54.8,26.6,46.8,29.7,82.8,2026-08-02 21:38:19
4963,4,75.2,32.5,60.1,1.07,33.5,12.3,28.0,28.7,67.2,2026-08-02 21:46:19
4964,7,65.0,29.4,47.2,0.91,24.1,13.2,47.7,34.7,84.8,2026-08-02 21:54:19
4965,9,21.2,9.0,14.8,0.32,10.0,5.2,28.4,28.5,58.6,2026-08-02 22:02:19
4966,2,59.5,27.5,50.3,0.77,20.0,12.8,53.7,20.8,48.3,2026-08-02 22:10:19
4967,4,97.9,44.5,89.4,1.41,35.6,16.2,32.9,35.8,61.3,2026-08-02 22:18:19
4968,4,73.6,33.4,63.5,0.94,27.0,12.4,36.3,22.4,61.1,2026-08-02 22:26:19
4969,5,107.3,47.5,69.6,1.39,43.7,19.2,34.3,27.4,37.1,2026-08-02 22:34:19
4970,5,38.0,16.3,32.9,0.42,17.4,7.8,40.9,27.1,41.9,2026-08-02 22:42:19
4971,1,39.7,16.7,31.6,0.46,19.2,5.6,46.3,21.2,47.1,2026-08-02 22:50:19
4972,8,73.3,33.0,50.0,0.89,27.8,11.3,36.6,19.7,80.9,2026-08-02 22:58:19
4973,8,135.9,61.2,94.3,1.83,51.4,23.0,29.0,21.0,81.9,2026-08-02 23:06:19
4974,5,132.4,57.9,116.1,1.76,56.4,22.2,35.8,19.1,70.4,2026-08-02 23:14:19
4975,1,40.0,16.7,28.2,0.45,19.9,7.2,40.1,34.3,40.3,2026-08-02 23:22:19
4976,3,72.3,31.4,46.3,0.87,31.5,14.3,43.0,26.3,49.0,2026-08-02 23:30:19
4977,2,114.9,52.1,80.9,1.61,42.2,20.8,50.2,26.3,45.3,2026-08-02 23:38:19
4978,1,72.7,33.1,66.7,0.93,26.3,11.3,53.3,36.2,33.7,2026-08-02 23:46:19
4979,2,79.0,35.6,52.9,1.11,29.9,12.6,41.8,23.6,43.4,2026-08-02 23:54:19
4980,10,86.5,38.8,75.3,1.18,33.4,15.8,31.5,22.5,32.8,2026-08-03 00:02:19
4981,3,87.7,38.0,74.3,1.14,38.6,15.0,47.5,37.7,59.1,2026-08-03 00:10:19
4982,10,120.7,52.6,74.2,1.52,52.1,22.2,41.7,31.8,73.0,2026-08-03 00:18:19
4983,2,17.8,7.1,10.0,0.14,10.0,5.0,47.2,32.8,38.0,2026-08-03 00:26:19
4984,9,77.3,35.0,66.6,0.97,28.7,16.0,51.2,26.4,70.1,2026-08-03 00:34:19
4985,9,71.7,31.9,55.2,0.91,28.6,12.0,48.8,19.4,77.4,2026-08-03 00:42:19
4986,1,50.6,22.9,34.5,0.71,18.7,7.2,51.3,27.9,74.3,2026-08-03 00:50:19
4987,2,142.5,64.2,101.6,1.92,53.9,24.7,45.8,24.8,41.0,2026-08-03 00:58:19
4988,5,81.2,35.8,58.7,1.1,33.6,15.4,26.1,26.9,46.0,2026-08-03 01:06:19
4989,8,132.9,59.2,108.7,1.71,52.6,24.6,34.3,35.1,36.4,2026-08-03 01:14:19
4990,7,76.1,33.9,51.1,0.93,30.2,11.6,38.7,35.7,35.2,2026-08-03 01:22:19
4991,3,38.4,17.7,30.3,0.58,13.0,5.7,53.5,19.9,81.3,2026-08-03 01:30:19
4992,2,90.5,40.3,60.4,1.17,36.0,17.6,53.9,31.5,58.3,2026-08-03 01:38:19
4993,8,69.4,30.9,56.2,0.98,27.6,12.2,35.9,33.7,76.1,2026-08-03 01:46:19
4994,10,77.8,34.6,56.7,1.03,31.1,15.0,40.2,29.5,75.0,2026-08-03 01:54:19
4995,10,78.0,34.1,69.2,1.07,33.3,14.3,37.8,25.9,53.3,2026-08-03 02:02:19
4996,9,25.2,10.6,15.4,0.3,12.2,5.0,46.5,22.7,36.1,2026-08-03 02:10:19
4997,8,43.4,19.5,27.8,0.54,16.6,6.4,41.3,32.4,54.5,2026-08-03 02:18:19
4998,2,120.1,53.2,75.6,1.56,48.7,20.6,29.9,33.1,46.1,2026-08-03 02:26:19
4999,10,91.1,41.2,75.5,1.28,33.9,16.3,46.0,35.8,60.5,2026-08-03 02:34:19
5000,4,91.8,40.7,78.7,1.24,37.0,16.1,41.1,32.1,46.5,2026-08-03 02:42:19
5001,10,47.0,21.6,36.5,0.62,16.2,10.2,26.1,34.1,77.1,2026-08-03 02:50:19
5002,1,90.4,41.3,82.1,1.26,32.2,16.8,26.6,32.7,30.6,2026-08-03 02:58:19
5003,4,87.5,38.6,75.3,1.11,36.1,15.1,28.8,26.7,30.5,2026-08-03 03:06:19
5004,8,54.6,24.0,49.9,0.72,22.8,11.1,38.9,36.5,58.2,2026-08-03 03:14:19
5005,4,82.5,36.7,65.5,1.03,32.8,14.8,41.3,25.1,43.6,2026-08-03 03:22:19
5006,5,67.5,31.0,49.6,0.98,23.4,12.8,40.7,18.2,31.6,2026-08-03 03:30:19
5007,6,58.1,25.5,39.6,0.7,24.4,10.1,35.9,36.1,59.1,2026-08-03 03:38:19
5008,10,102.3,45.3,94.3,1.33,41.5,19.4,25.8,27.6,35.2,2026-08-03 03:46:19
5009,7,71.0,31.4,51.9,0.95,29.0,12.5,25.0,27.7,41.7,2026-08-03 03:54:19
5010,8,85.8,38.1,76.1,1.06,34.5,16.4,33.5,31.8,43.1,2026-08-03 04:02:19
5011,5,39.6,17.3,30.9,0.56,16.9,8.1,46.5,26.5,34.4,2026-08-03 04:10:19
5012,4,15.0,5.0,7.8,0.1,10.0,5.0,36.3,30.7,76.0,2026-08-03 04:18:19
5013,6,53.7,24.3,35.3,0.74,19.9,9.9,31.6,27.3,63.7,2026-08-03 04:26:19
5014,1,113.6,51.0,107.1,1.57,43.6,22.3,52.4,32.1,81.3,2026-08-03 04:34:19
5015,4,110.0,48.3,69.8,1.52,46.2,17.7,50.7,33.2,65.0,2026-08-03 04:42:19
5016,6,108.5,48.0,72.5,1.44,44.1,19.8,42.5,19.8,44.4,2026-08-03 04:50:19
5017,5,31.3,14.2,27.1,0.34,11.5,5.4,39.0,31.8,54.2,2026-08-03 04:58:19
5018,2,75.5,32.5,55.3,0.96,33.9,11.9,28.3,27.2,42.6,2026-08-03 05:06:19
5019,10,116.3,50.8,105.6,1.45,49.7,21.6,42.2,35.9,75.3,2026-08-03 05:14:19
5020,7,106.7,48.0,80.0,1.5,40.5,18.9,31.8,25.7,66.0,2026-08-03 05:22:19
5021,10,130.3,58.9,114.0,1.85,48.6,22.5,46.3,26.1,63.5,2026-08-03 05:30:19
5022,2,102.2,46.5,78.4,1.47,37.0,19.3,39.0,31.8,72.9,2026-08-03 05:38:19
5023,4,127.1,57.4,88.8,1.73,47.6,21.6,49.0,29.3,34.8,2026-08-03 05:46:19
5024,5,80.9,35.4,64.5,1.05,34.4,13.3,30.3,32.7,77.7,2026-08-03 05:54:19
5025,9,85.1,38.8,61.2,1.12,30.6,13.8,27.0,22.7,67.5,2026-08-03 06:02:19
5026,1,104.3,46.7,93.0,1.44,40.5,19.2,48.2,22.2,35.2,2026-08-03 06:10:19
5027,7,123.5,55.6,101.7,1.63,46.9,23.9,46.0,35.0,66.4,2026-08-03 06:18:19
5028,9,73.7,31.9,59.4,0.99,32.6,14.5,43.4,26.2,44.4,2026-08-03 06:26:19
5029,2,82.2,36.1,73.5,1.17,34.4,13.3,30.9,37.1,81.4,2026-08-03 06:34:19
5030,4,109.5,48.6,72.3,1.48,44.1,18.7,34.2,33.7,38.6,2026-08-03 06:42:19
5031,7,126.0,56.6,118.6,1.63,48.2,21.8,28.9,33.7,55.5,2026-08-03 06:50:19
5032,6,31.3,12.9,23.4,0.43,16.1,5.5,46.1,36.3,60.5,2026-08-03 06:58:19
5033,1,94.8,41.1,76.6,1.27,41.6,16.2,43.0,30.6,69.2,2026-08-03 07:06:19
5034,5,68.7,30.3,55.1,0.82,28.4,13.8,51.6,37.7,32.9,2026-08-03 07:14:19
5035,10,92.3,41.4,58.5,1.2,35.5,15.8,53.2,24.1,32.6,2026-08-03 07:22:19
5036,7,118.6,53.2,99.0,1.57,45.6,19.7,38.7,22.3,45.0,2026-08-03 07:30:19
5037,9,66.8,30.7,58.5,0.95,23.1,10.5,37.4,37.5,59.3,2026-08-03 07:38:19
5038,1,15.0,5.0,9.5,0.18,10.0,5.0,45.1,21.7,30.8,2026-08-03 07:46:19
5039,8,75.9,34.0,64.7,1.12,29.4,14.8,40.1,22.9,43.9,2026-08-03 07:54:19
5040,6,80.7,36.2,73.3,1.01,31.0,15.6,28.9,22.4,46.2,2026-08-03 08:02:19
5041,6,67.0,28.8,58.3,0.81,30.4,11.1,49.1,30.1,61.7,2026-08-03 08:10:19
5042,1,53.5,24.7,37.1,0.76,18.1,8.4,35.2,25.6,47.4,2026-08-03 08:18:19
5043,7,71.2,31.0,53.0,0.86,30.9,10.5,53.9,26.1,76.5,2026-08-03 08:26:19
5044,3,93.9,41.8,73.4,1.23,37.3,15.1,45.3,28.5,45.6,2026-08-03 08:34:19
5045,6,32.9,15.4,28.0,0.37,10.3,7.0,27.3,20.9,71.8,2026-08-03 08:42:19
5046,6,33.9,14.2,21.1,0.5,16.7,5.0,29.7,31.5,39.7,2026-08-03 08:50:19
5047,6,40.6,17.9,29.1,0.51,16.7,5.3,45.5,26.9,44.4,2026-08-03 08:58:19
5048,10,135.1,61.1,95.8,1.8,50.3,23.9,36.4,19.8,65.5,2026-08-03 09:06:19
5049,7,28.9,13.3,25.4,0.43,10.0,5.0,48.6,21.5,35.2,2026-08-03 09:14:19
5050,2,120.3,54.2,96.4,1.72,45.4,22.5,53.1,19.2,37.1,2026-08-03 09:22:19
5051,8,123.5,55.7,90.9,1.7,46.4,23.8,41.0,30.3,65.8,2026-08-03 09:30:19
5052,3,122.0,53.6,107.7,1.54,51.1,20.3,48.6,25.9,34.5,2026-08-03 09:38:19
5053,1,84.3,38.1,60.2,1.17,31.5,16.3,38.5,27.4,51.5,2026-08-03 09:46:19
5054,9,150.2,66.8,113.6,1.95,59.9,24.8,44.4,23.0,42.5,2026-08-03 09:54:19
5055,7,102.1,44.9,91.8,1.4,42.5,16.8,40.1,32.2,82.2,2026-08-03 10:02:19
5056,3,116.0,51.2,80.0,1.49,47.6,21.3,35.6,32.5,59.2,2026-08-03 10:10:19
5057,5,47.6,20.9,30.3,0.72,20.0,7.2,34.2,26.2,58.5,2026-08-03 10:18:19
5058,3,121.0,53.4,97.5,1.68,49.8,20.4,43.9,37.7,51.3,2026-08-03 10:26:19
5059,2,103.2,45.7,80.4,1.42,41.9,19.8,38.0,23.7,30.8,2026-08-03 10:34:19
5060,9,68.3,31.3,58.0,1.03,23.9,14.4,52.4,29.0,82.0,2026-08-03 10:42:19
5061,10,71.9,30.9,44.4,1.0,32.5,12.7,47.8,36.4,79.3,2026-08-03 10:50:19
5062,1,105.7,46.6,69.4,1.4,43.7,18.0,42.1,23.9,40.7,2026-08-03 10:58:19
5063,10,53.9,23.4,46.3,0.62,23.6,10.7,32.6,23.6,66.9,2026-08-03 11:06:19
5064,8,82.4,36.7,56.2,1.05,32.7,15.3,34.4,28.7,53.8,2026-08-03 11:14:19
5065,10,94.7,42.3,88.7,1.34,37.2,16.2,51.9,20.2,69.8,2026-08-03 11:22:19
5066,6,84.2,36.5,75.2,1.02,37.0,13.3,29.7,30.3,45.7,2026-08-03 11:30:19
5067,5,84.0,38.0,54.0,1.22,31.2,17.1,44.3,24.0,75.3,2026-08-03 11:38:19
5068,2,98.2,43.6,87.2,1.23,39.4,16.0,54.7,33.4,33.9,2026-08-03 11:46:19
5069,6,93.0,41.2,84.3,1.22,37.6,17.6,44.0,34.5,74.1,2026-08-03 11:54:19
5070,3,27.0,11.4,21.7,0.35,13.0,5.0,38.8,25.9,61.5,2026-08-03 12:02:19
5071,2,112.4,49.7,94.5,1.43,45.9,21.7,45.3,23.5,84.3,2026-08-03 12:10:19
5072,1,93.4,42.0,77.9,1.24,35.6,18.8,28.2,29.1,71.4,2026-08-03 12:18:19
5073,8,67.4,29.5,50.7,0.9,28.6,13.0,54.8,24.2,40.8,2026-08-03 12:26:19
5074,5,109.4,49.3,72.4,1.53,41.3,20.1,33.6,29.0,73.0,2026-08-03 12:34:19
5075,9,76.9,33.6,61.0,0.93,32.8,12.5,27.1,35.0,44.6,2026-08-03 12:42:19
5076,2,15.0,5.0,8.1,0.24,10.0,5.0,27.1,37.3,66.8,2026-08-03 12:50:19
5077,6,84.1,37.9,54.5,1.24,31.8,16.6,45.7,36.3,52.4,2026-08-03 12:58:19
5078,7,133.0,59.4,95.1,1.85,52.2,22.8,50.0,20.9,63.6,2026-08-03 13:06:19
5079,1,37.3,16.7,29.7,0.45,14.5,7.8,30.0,31.1,42.4,2026-08-03 13:14:19
5080,9,35.2,16.3,24.7,0.43,11.7,6.3,27.2,29.3,41.4,2026-08-03 13:22:19
5081,7,83.9,37.4,72.3,1.19,33.2,13.5,43.0,35.7,46.5,2026-08-03 13:30:19
5082,7,80.1,36.2,72.0,1.13,29.9,13.1,54.1,36.0,73.1,2026-08-03 13:38:19
5083,7,79.1,36.0,65.2,0.98,28.7,14.2,39.3,36.2,33.3,2026-08-03 13:46:19
5084,9,59.1,25.3,42.4,0.82,27.1,9.4,29.6,36.0,73.8,2026-08-03 13:54:19
5085,2,75.8,34.3,68.5,0.96,28.1,13.3,52.4,31.8,34.4,2026-08-03 14:02:19
5086,3,63.6,28.0,51.3,0.81,26.5,10.8,50.9,27.5,82.8,2026-08-03 14:10:19
5087,1,142.9,63.2,121.1,1.86,58.2,25.6,41.7,22.6,44.0,2026-08-03 14:18:19
5088,9,47.1,21.1,41.7,0.73,18.2,7.2,26.9,24.4,34.7,2026-08-03 14:26:19
5089,4,86.1,38.9,56.8,1.25,32.2,15.1,26.6,37.6,48.5,2026-08-03 14:34:19
5090,3,42.5,19.1,33.0,0.61,16.2,7.6,42.0,27.5,41.2,2026-08-03 14:42:19
5091,2,35.0,16.2,32.3,0.57,11.7,6.2,41.2,34.2,67.8,2026-08-03 14:50:19
5092,6,93.9,42.0,77.2,1.3,36.5,15.9,32.7,33.6,76.1,2026-08-03 14:58:19
5093,10,128.6,57.4,117.3,1.8,50.5,23.9,51.2,31.8,38.5,2026-08-03 15:06:19
5094,4,81.6,35.9,68.2,1.17,34.0,15.4,34.7,35.8,78.4,2026-08-03 15:14:19
5095,10,124.5,55.0,114.7,1.66,51.0,23.9,52.0,32.0,44.3,2026-08-03 15:22:19
5096,6,57.6,26.7,45.2,0.71,19.1,12.7,49.0,30.1,43.2,2026-08-03 15:30:19
5097,2,146.2,65.8,99.0,2.07,55.5,25.3,36.3,21.2,80.6,2026-08-03 15:38:19
5098,10,99.3,44.3,86.6,1.4,39.1,18.9,44.5,18.9,42.1,2026-08-03 15:46:19
5099,9,90.0,40.4,57.3,1.23,34.5,15.9,30.4,20.1,41.0,2026-08-03 15:54:19
5100,6,72.9,32.1,50.0,0.98,30.2,11.7,54.1,22.9,62.3,2026-08-03 16:02:19
5101,5,15.0,5.0,10.0,0.12,10.0,5.0,43.2,18.3,51.5,2026-08-03 16:10:19
5102,1,65.9,29.9,50.0,0.93,24.2,13.6,50.6,29.6,46.7,2026-08-03 16:18:19
5103,10,58.2,25.2,39.2,0.7,25.6,11.8,28.3,32.9,48.8,2026-08-03 16:26:19
5104,4,92.2,40.8,66.3,1.19,37.6,17.1,42.4,23.6,68.3,2026-08-03 16:34:19
5105,9,131.2,59.2,96.3,1.87,49.2,22.4,29.0,25.7,31.3,2026-08-03 16:42:19
5106,8,37.1,16.9,30.0,0.57,13.3,6.5,51.8,36.0,48.6,2026-08-03 16:50:19
5107,7,126.9,56.8,110.1,1.71,49.3,21.7,32.1,25.7,55.6,2026-08-03 16:58:19
5108,7,96.8,43.2,61.7,1.32,38.0,15.4,37.4,18.7,64.1,2026-08-03 17:06:19
5109,2,48.7,22.1,37.7,0.61,17.9,7.0,36.4,24.3,45.4,2026-08-03 17:14:19
5110,8,55.2,24.9,48.5,0.82,20.8,8.9,33.8,33.3,68.5,2026-08-03 17:22:19
5111,9,94.5,42.3,78.8,1.32,36.7,15.5,27.6,31.6,75.1,2026-08-03 17:30:19
5112,10,109.4,48.2,100.8,1.45,45.2,20.2,37.5,21.5,64.7,2026-08-03 17:38:19
5113,7,60.4,27.4,54.5,0.73,22.2,12.0,40.3,26.0,64.5,2026-08-03 17:46:19
5114,9,96.4,43.3,82.0,1.27,36.9,16.0,41.8,36.5,81.4,2026-08-03 17:54:19
5115,2,54.6,23.6,42.2,0.64,24.3,10.2,28.6,29.2,69.0,2026-08-03 18:02:19
5116,9,82.8,37.7,66.4,1.08,29.9,16.1,54.1,20.1,32.6,2026-08-03 18:10:19
5117,1,146.0,64.6,118.3,1.92,59.4,26.3,41.8,33.7,35.2,2026-08-03 18:18:19
5118,9,83.6,37.7,71.6,1.06,31.5,15.5,52.6,18.3,44.3,2026-08-03 18:26:19
5119,8,86.9,38.3,57.5,1.12,35.9,16.4,33.7,29.9,57.8,2026-08-03 18:34:19
5120,10,49.0,22.7,39.7,0.67,16.2,8.4,51.6,22.8,32.0,2026-08-03 18:42:19
5121,10,98.9,43.5,76.1,1.32,41.3,16.9,40.5,22.7,74.3,2026-08-03 18:50:19
5122,9,67.5,29.4,58.9,0.83,29.2,12.9,51.4,27.7,80.8,2026-08-03 18:58:19
5123,4,87.3,38.1,57.1,1.13,37.4,15.3,44.8,29.1,77.2,2026-08-03 19:06:19
5124,5,101.2,45.8,68.8,1.29,37.6,20.0,42.7,21.8,51.5,2026-08-03 19:14:19
5125,4,103.2,46.5,92.4,1.39,38.9,20.4,25.3,23.2,34.3,2026-08-03 19:22:19
5126,7,104.9,46.8,71.8,1.46,41.4,19.9,39.8,19.4,36.1,2026-08-03 19:30:19
5127,6,46.0,20.8,38.9,0.54,17.1,10.3,32.9,23.1,43.1,2026-08-03 19:38:19
5128,1,105.0,46.1,87.3,1.43,44.1,19.1,53.5,34.3,50.8,2026-08-03 19:46:19
5129,2,101.3,45.8,85.1,1.44,37.7,17.1,30.0,37.0,41.4,2026-08-03 19:54:19
5130,7,90.5,39.6,71.7,1.27,38.4,14.0,41.1,35.3,68.2,2026-08-03 20:02:19
5131,8,27.3,12.4,21.5,0.36,10.0,6.4,29.1,36.5,80.7,2026-08-03 20:10:19
5132,8,139.1,60.7,116.7,1.8,59.6,25.9,40.5,35.8,72.6,2026-08-03 20:18:19
5133,5,62.9,27.4,41.2,0.89,27.1,9.7,51.2,35.7,64.1,2026-08-03 20:26:19
5134,10,39.8,17.8,30.4,0.59,15.6,6.6,50.5,23.8,79.6,2026-08-03 20:34:19
5135,4,63.0,29.0,53.0,0.78,21.6,9.8,25.0,24.9,57.5,2026-08-03 20:42:19
5136,8,64.2,27.9,46.5,0.83,27.9,11.8,47.0,35.7,33.8,2026-08-03 20:50:19
5137,4,34.7,16.1,27.9,0.43,11.4,7.7,40.5,26.5,72.7,2026-08-03 20:58:19
5138,7,89.7,40.6,67.3,1.15,33.2,15.5,42.7,29.5,72.1,2026-08-03 21:06:19
5139,1,52.2,23.5,45.2,0.62,19.8,9.0,38.9,28.7,52.4,2026-08-03 21:14:19
5140,6,36.5,16.1,27.5,0.44,15.1,8.2,26.8,22.7,75.8,2026-08-03 21:22:19
5141,9,115.9,51.1,96.7,1.63,47.9,19.2,54.8,19.0,60.3,2026-08-03 21:30:19
5142,2,91.2,40.0,67.2,1.17,38.5,15.9,51.9,20.5,35.3,2026-08-03 21:38:19
5143,2,54.8,24.3,35.2,0.76,22.1,10.9,29.5,34.0,71.3,2026-08-03 21:46:19
5144,9,78.6,34.7,67.7,1.09,32.3,14.5,54.9,18.7,61.5,2026-08-03 21:54:19
5145,5,96.7,43.4,88.7,1.33,37.2,18.4,44.3,35.6,76.0,2026-08-03 22:02:19
5146,4,54.3,24.9,36.7,0.76,18.9,11.3,26.0,20.5,64.4,2026-08-03 22:10:19
5147,6,102.5,45.0,92.2,1.37,43.0,18.8,51.2,20.4,41.9,2026-08-03 22:18:19
5148,7,43.0,20.1,40.7,0.52,13.6,6.6,53.4,35.0,75.7,2026-08-03 22:26:19
5149,1,68.1,29.7,58.3,0.94,29.3,10.5,52.8,29.1,56.0,2026-08-03 22:34:19
5150,7,100.2,43.8,75.9,1.26,42.7,15.9,39.9,21.8,61.4,2026-08-03 22:42:19
5151,3,106.7,47.4,89.5,1.35,42.8,20.5,46.3,34.0,83.1,2026-08-03 22:50:19
5152,7,86.8,39.0,65.6,1.13,33.2,15.4,37.6,37.5,79.7,2026-08-03 22:58:19
5153,2,162.6,72.7,147.5,2.15,63.5,30.7,36.0,21.0,44.0,2026-08-03 23:06:19
5154,4,66.2,29.4,51.2,0.81,26.5,13.3,26.0,35.2,44.2,2026-08-03 23:14:19
5155,6,100.5,44.8,69.1,1.33,39.7,18.2,33.8,24.4,81.8,2026-08-03 23:22:19
5156,7,60.2,26.6,41.6,0.73,24.6,11.2,29.9,34.0,39.2,2026-08-03 23:30:19
5157,3,70.4,31.7,56.7,0.9,26.7,13.3,34.7,27.4,68.7,2026-08-03 23:38:19
5158,10,53.5,24.7,50.6,0.8,18.1,11.8,39.5,27.8,62.7,2026-08-03 23:46:19
5159,9,89.3,39.4,68.4,1.19,36.7,15.5,54.9,21.0,77.3,2026-08-03 23:54:19
5160,7,23.9,10.5,16.9,0.36,10.0,5.0,43.0,29.7,30.6,2026-08-04 00:02:19
5161,3,96.4,43.3,79.3,1.37,36.9,17.1,32.4,34.2,74.6,2026-08-04 00:10:19
5162,1,69.9,30.9,57.6,0.88,28.5,11.6,41.0,21.7,63.3,2026-08-04 00:18:19
5163,7,88.8,39.3,67.9,1.19,36.1,17.6,40.0,28.8,73.3,2026-08-04 00:26:19
5164,6,134.4,59.5,90.9,1.75,54.6,24.7,49.2,28.6,42.7,2026-08-04 00:34:19
5165,9,48.5,20.9,31.4,0.71,21.7,7.7,33.5,30.9,54.9,2026-08-04 00:42:19
5166,6,107.0,48.6,91.8,1.4,39.1,19.4,32.3,27.2,42.2,2026-08-04 00:50:19
5167,8,69.2,31.1,46.9,0.93,26.4,13.9,42.2,24.3,60.6,2026-08-04 00:58:19
5168,5,106.6,48.2,95.7,1.47,39.7,20.5,29.1,34.4,48.2,2026-08-04 01:06:19
5169,3,48.2,20.9,36.2,0.72,21.2,8.0,37.9,22.5,78.3,2026-08-04 01:14:19
5170,1,75.9,32.9,61.1,0.94,33.4,14.4,44.4,27.7,66.6,2026-08-04 01:22:19
5171,3,141.8,63.9,117.8,1.9,53.6,25.7,41.8,27.9,55.3,2026-08-04 01:30:19
5172,7,66.7,30.1,58.9,0.88,25.0,12.0,30.2,32.7,52.8,2026-08-04 01:38:19
5173,8,98.0,43.0,70.0,1.33,41.2,15.8,27.4,21.5,66.5,2026-08-04 01:46:19
5174,2,58.5,26.8,52.9,0.76,20.6,12.5,31.3,36.0,64.0,2026-08-04 01:54:19
5175,9,38.3,16.1,32.0,0.39,18.7,8.1,26.2,26.5,70.9,2026-08-04 02:02:19
5176,6,115.5,51.8,80.6,1.47,44.5,19.0,45.9,28.5,41.0,2026-08-04 02:10:19
5177,9,70.5,31.5,64.7,0.97,27.7,11.5,25.7,35.6,44.7,2026-08-04 02:18:19
5178,6,69.0,31.3,61.9,1.0,25.4,11.5,45.5,34.3,41.6,2026-08-04 02:26:19
5179,4,51.3,21.9,36.3,0.66,23.7,8.3,54.7,20.8,74.7,2026-08-04 02:34:19
5180,7,90.5,41.0,67.4,1.25,33.5,16.0,25.8,29.8,63.7,2026-08-04 02:42:19
5181,4,116.8,51.9,105.7,1.62,46.7,22.0,26.1,30.8,73.4,2026-08-04 02:50:19
5182,3,135.8,61.2,91.3,1.9,51.2,23.5,42.7,26.5,58.2,2026-08-04 02:58:19
5183,1,95.2,42.1,65.4,1.29,38.8,16.6,28.8,34.0,73.7,2026-08-04 03:06:19
5184,3,87.7,39.0,66.7,1.07,35.0,17.3,54.4,31.2,57.6,2026-08-04 03:14:19
5185,8,71.4,32.2,53.4,1.07,26.8,11.6,32.2,19.8,52.8,2026-08-04 03:22:19
5186,3,80.1,36.6,72.3,1.11,28.5,12.7,31.2,20.9,53.1,2026-08-04 03:30:19
5187,3,64.2,27.5,49.4,0.92,29.4,10.9,38.7,34.7,82.0,2026-08-04 03:38:19
5188,5,48.5,21.9,39.1,0.6,18.2,9.2,48.1,22.0,62.4,2026-08-04 03:46:19
5189,8,144.8,63.7,94.3,2.01,60.2,24.2,49.8,37.8,43.9,2026-08-04 03:54:19
5190,3,89.3,39.9,58.4,1.21,35.0,17.1,34.0,26.8,70.1,2026-08-04 04:02:19
5191,1,93.9,41.0,75.9,1.3,40.3,15.8,34.1,19.1,48.9,2026-08-04 04:10:19
5192,8,90.7,39.2,81.2,1.11,40.2,15.4,32.1,35.9,60.6,2026-08-04 04:18:19
5193,1,15.0,5.0,9.9,0.21,10.0,5.0,31.0,35.4,79.6,2026-08-04 04:26:19
5194,8,121.2,52.8,76.1,1.67,52.3,21.0,47.2,21.0,44.3,2026-08-04 04:34:19
5195,3,107.5,48.8,92.8,1.53,39.4,20.3,51.5,37.6,37.1,2026-08-04 04:42:19
5196,9,34.7,15.2,24.0,0.43,14.7,7.4,44.1,19.6,51.8,2026-08-04 04:50:19
5197,2,51.0,22.2,33.8,0.65,22.1,8.1,47.6,24.4,37.4,2026-08-04 04:58:19
5198,9,15.4,5.8,8.6,0.19,10.0,5.0,44.0,33.6,78.6,2026-08-04 05:06:19
5199,2,37.3,15.6,22.5,0.39,18.4,5.0,37.3,30.4,61.9,2026-08-04 05:14:19
5200,8,41.7,19.3,35.9,0.65,13.9,5.8,54.4,21.8,76.9,2026-08-04 05:22:19
5201,6,63.7,28.1,51.2,0.75,26.2,13.0,47.0,21.6,32.0,2026-08-04 05:30:19
5202,5,15.0,5.0,8.3,0.18,10.0,5.0,33.2,28.1,81.5,2026-08-04 05:38:19
5203,5,57.0,25.7,42.4,0.84,21.5,8.6,29.5,18.9,73.8,2026-08-04 05:46:19
5204,1,84.8,36.6,54.6,1.13,37.8,13.6,31.1,22.2,41.6,2026-08-04 05:54:19
5205,6,15.3,5.7,8.8,0.26,10.0,5.0,26.0,29.9,60.0,2026-08-04 06:02:19
5206,1,97.6,42.4,76.3,1.19,42.5,18.7,43.8,30.2,54.2,2026-08-04 06:10:19
5207,5,49.7,23.1,32.9,0.73,16.2,9.1,55.0,35.1,70.8,2026-08-04 06:18:19
5208,7,69.9,30.9,50.3,0.97,28.6,10.5,52.8,23.4,80.4,2026-08-04 06:26:19
5209,8,99.2,45.0,90.9,1.27,36.3,18.6,51.1,37.3,38.8,2026-08-04 06:34:19
5210,1,107.2,48.0,70.2,1.4,41.6,19.2,29.9,19.9,35.9,2026-08-04 06:42:19
5211,8,46.3,20.4,33.5,0.6,19.1,9.5,45.9,34.7,84.9,2026-08-04 06:50:19
5212,8,50.7,23.1,42.6,0.68,18.2,9.6,27.0,29.9,73.6,2026-08-04 06:58:19
5213,5,67.5,30.5,48.8,0.82,25.1,11.6,36.2,35.7,53.1,2026-08-04 07:06:19
5214,6,15.0,5.2,10.8,0.13,10.0,5.0,43.1,37.9,68.4,2026-08-04 07:14:19
5215,4,99.4,43.2,67.4,1.33,43.2,18.6,35.1,21.7,58.2,2026-08-04 07:22:19
5216,8,86.3,38.1,76.3,1.12,35.4,15.8,53.7,21.3,64.9,2026-08-04 07:30:19
5217,4,78.8,34.9,55.2,1.12,31.9,14.1,54.2,32.7,50.3,2026-08-04 07:38:19
5218,5,133.2,59.6,108.1,1.82,51.9,23.5,38.2,33.6,75.2,2026-08-04 07:46:19
5219,3,117.2,53.0,108.2,1.67,43.7,22.5,34.5,25.0,57.9,2026-08-04 07:54:19
5220,4,174.0,78.3,146.9,2.31,66.2,31.2,42.8,37.4,30.7,2026-08-04 08:02:19
5221,9,69.3,31.3,46.3,0.87,25.9,13.3,28.2,32.1,37.8,2026-08-04 08:10:19
5222,2,43.9,18.7,33.4,0.62,20.4,8.0,34.7,34.2,66.9,2026-08-04 08:18:19
5223,10,72.6,32.6,50.0,0.95,27.9,11.5,29.5,27.0,44.2,2026-08-04 08:26:19
5224,3,104.4,45.7,68.1,1.41,44.3,16.7,54.7,22.2,68.9,2026-08-04 08:34:19
5225,10,49.9,21.4,30.5,0.66,22.7,7.8,45.5,36.4,60.9,2026-08-04 08:42:19
5226,7,100.2,45.5,78.8,1.32,36.6,20.0,25.5,36.5,34.5,2026-08-04 08:50:19
5227,1,42.3,19.2,38.4,0.63,15.5,9.1,49.5,35.4,68.1,2026-08-04 08:58:19
5228,2,118.4,52.0,82.7,1.54,49.6,21.2,35.1,19.9,36.3,2026-08-04 09:06:19
5229,1,126.3,57.1,114.6,1.78,47.0,24.8,48.0,33.5,51.9,2026-08-04 09:14:19
5230,4,89.6,40.6,70.7,1.27,33.1,15.5,48.1,35.3,75.0,2026-08-04 09:22:19
5231,6,76.7,34.2,52.1,1.09,30.2,14.1,27.0,23.8,55.5,2026-08-04 09:30:19
5232,9,57.5,25.0,35.5,0.77,25.0,8.8,47.9,21.1,82.4,2026-08-04 09:38:19
5233,8,83.1,37.2,69.9,1.09,32.2,15.0,34.0,27.3,64.2,2026-08-04 09:46:19
5234,8,87.7,37.9,62.9,1.06,39.0,14.1,25.3,35.4,60.0,2026-08-04 09:54:19
5235,2,68.3,29.6,41.7,0.88,30.0,11.0,37.3,20.6,32.5,2026-08-04 10:02:19
5236,10,46.8,21.1,42.0,0.61,17.7,9.0,31.9,27.7,73.0,2026-08-04 10:10:19
5237,5,175.0,77.3,158.2,2.32,71.8,29.3,28.0,35.4,51.5,2026-08-04 10:18:19
5238,1,126.4,57.2,107.7,1.65,46.8,23.5,28.3,34.6,52.6,2026-08-04 10:26:19
5239,6,144.6,63.2,104.6,1.88,61.7,25.3,48.4,25.5,52.0,2026-08-04 10:34:19
5240,1,108.0,46.9,67.8,1.41,47.2,16.8,36.4,27.6,36.2,2026-08-04 10:42:19
5241,6,110.8,50.2,85.7,1.47,40.9,20.1,39.5,32.7,80.8,2026-08-04 10:50:19
5242,3,76.7,33.3,67.6,0.95,33.6,13.8,31.8,18.9,72.2,2026-08-04 10:58:19
5243,10,42.3,18.7,30.9,0.59,17.3,8.7,32.2,26.7,80.9,2026-08-04 11:06:19
5244,1,89.4,40.3,79.9,1.29,33.7,15.6,40.2,33.7,56.2,2026-08-04 11:14:19
5245,3,122.0,55.2,101.9,1.65,45.2,20.4,53.3,36.0,36.3,2026-08-04 11:22:19
5246,1,42.7,18.7,37.8,0.52,18.0,8.9,34.6,20.8,56.3,2026-08-04 11:30:19
5247,6,15.0,5.0,10.4,0.16,10.0,5.0,27.2,19.5,54.7,2026-08-04 11:38:19
5248,2,72.1,32.0,62.7,1.04,29.0,13.0,54.6,36.0,67.2,2026-08-04 11:46:19
5249,6,127.8,56.0,106.6,1.59,53.9,22.1,28.1,24.3,33.9,2026-08-04 11:54:19
5250,9,100.3,43.8,83.9,1.26,42.9,16.7,38.0,18.2,37.4,2026-08-04 12:02:19
5251,4,53.0,24.1,47.9,0.69,19.2,7.9,32.8,19.9,56.9,2026-08-04 12:10:19
5252,5,103.0,45.4,89.7,1.36,42.5,18.0,47.4,35.9,58.3,2026-08-04 12:18:19
5253,4,53.8,23.9,34.4,0.73,21.6,8.9,46.1,26.3,59.7,2026-08-04 12:26:19
5254,8,131.9,58.5,113.5,1.75,53.3,22.2,41.3,32.8,53.8,2026-08-04 12:34:19
5255,7,83.6,36.3,63.7,1.03,36.5,12.9,53.7,33.5,41.9,2026-08-04 12:42:19
5256,8,92.7,41.0,76.7,1.33,37.7,14.9,43.9,29.6,48.8,2026-08-04 12:50:19
5257,5,78.9,35.9,58.9,1.09,28.6,16.0,35.7,37.9,54.9,2026-08-04 12:58:19
5258,3,95.8,41.8,82.7,1.33,41.1,16.5,29.7,21.6,59.5,2026-08-04 13:06:19
5259,9,46.7,20.4,30.7,0.57,20.0,8.0,30.9,18.2,76.8,2026-08-04 13:14:19
5260,4,79.5,35.3,69.1,1.11,31.9,14.0,53.4,21.3,75.9,2026-08-04 13:22:19
5261,5,15.0,5.0,8.3,0.23,10.0,5.0,39.9,34.6,53.7,2026-08-04 13:30:19
5262,7,38.9,16.5,29.2,0.53,18.4,6.8,46.3,25.7,60.9,2026-08-04 13:38:19
5263,3,111.7,48.9,93.9,1.45,47.4,19.7,50.4,18.9,33.1,2026-08-04 13:46:19
5264,7,73.0,31.8,64.1,1.05,31.5,12.6,49.4,21.6,84.9,2026-08-04 13:54:19
5265,8,36.0,16.1,25.8,0.56,14.0,5.8,50.3,28.3,55.2,2026-08-04 14:02:19
5266,8,82.4,36.6,73.2,1.13,33.1,13.3,29.6,25.2,45.6,2026-08-04 14:10:19
5267,9,96.9,42.7,75.0,1.34,40.0,17.0,46.8,24.6,49.7,2026-08-04 14:18:19
5268,5,121.0,53.8,108.4,1.59,48.3,21.3,50.0,22.8,69.5,2026-08-04 14:26:19
5269,6,91.0,40.3,79.4,1.14,36.9,16.4,39.8,20.7,42.4,2026-08-04 14:34:19
5270,1,89.3,39.4,64.1,1.13,36.8,17.1,41.6,29.2,58.5,2026-08-04 14:42:19
5271,8,139.3,61.3,120.3,1.91,57.9,22.5,44.7,29.5,71.1,2026-08-04 14:50:19
5272,3,80.8,36.0,70.4,1.18,32.1,16.3,40.5,21.0,30.3,2026-08-04 14:58:19
5273,3,80.8,36.8,66.1,1.1,29.2,13.7,49.8,30.8,78.0,2026-08-04 15:06:19
5274,4,91.6,40.2,67.1,1.14,38.5,14.9,30.6,33.4,57.3,2026-08-04 15:14:19
5275,8,76.9,34.1,53.8,0.96,31.1,15.3,42.1,22.3,69.4,2026-08-04 15:22:19
5276,8,71.8,32.1,57.8,1.02,28.1,13.3,38.9,18.1,43.5,2026-08-04 15:30:19
5277,8,83.1,37.1,77.9,1.2,32.7,16.2,35.6,26.6,48.4,2026-08-04 15:38:19
5278,7,89.5,39.8,67.7,1.23,35.8,15.4,27.3,30.9,54.2,2026-08-04 15:46:19
5279,6,47.7,21.8,42.6,0.71,16.9,7.7,49.8,34.7,42.4,2026-08-04 15:54:19
5280,9,72.4,32.9,68.3,0.89,26.3,13.3,33.2,31.2,45.8,2026-08-04 16:02:19
5281,1,42.0,18.9,28.3,0.49,16.0,6.0,28.4,19.3,73.5,2026-08-04 16:10:19
5282,9,107.5,48.3,67.9,1.36,41.1,19.8,33.3,31.9,78.2,2026-08-04 16:18:19
5283,9,94.3,41.2,65.4,1.29,40.3,16.7,35.0,34.7,71.8,2026-08-04 16:26:19
5284,4,102.5,44.8,88.4,1.35,43.7,18.9,54.8,32.5,73.4,2026-08-04 16:34:19
5285,4,36.4,17.2,25.2,0.46,10.8,6.8,47.7,18.5,38.0,2026-08-04 16:42:19
5286,8,89.1,40.7,71.0,1.21,31.7,14.5,26.9,22.6,54.4,2026-08-04 16:50:19
5287,2,70.8,32.3,46.2,0.89,25.3,11.3,48.4,20.5,45.5,2026-08-04 16:58:19
5288,7,15.0,5.0,7.3,0.23,10.0,5.0,33.1,22.0,40.4,2026-08-04 17:06:19
5289,1,85.2,37.6,58.4,1.05,35.0,13.2,46.8,29.4,78.9,2026-08-04 17:14:19
5290,3,124.8,54.4,105.4,1.67,53.8,23.4,40.4,29.1,65.1,2026-08-04 17:22:19
5291,5,73.4,32.3,56.4,1.03,30.5,12.9,27.2,30.3,68.6,2026-08-04 17:30:19
5292,5,15.1,5.6,8.4,0.17,10.0,5.0,47.3,35.0,41.0,2026-08-04 17:38:19
5293,6,39.7,17.8,33.0,0.58,15.3,7.6,41.8,32.6,58.7,2026-08-04 17:46:19
5294,10,15.0,5.0,10.4,0.2,10.0,5.0,40.7,30.0,36.2,2026-08-04 17:54:19
5295,1,73.8,31.8,54.7,0.86,33.2,13.5,49.2,24.9,70.2,2026-08-04 18:02:19
5296,6,98.9,43.1,63.5,1.25,42.7,17.4,42.9,37.8,50.1,2026-08-04 18:10:19
5297,6,78.6,34.6,63.5,1.01,32.7,12.0,53.0,19.6,64.3,2026-08-04 18:18:19
5298,8,104.2,47.0,90.0,1.31,39.1,17.2,41.5,28.9,56.6,2026-08-04 18:26:19
5299,8,85.6,38.5,58.8,1.17,32.6,15.4,38.7,35.0,83.0,2026-08-04 18:34:19
5300,2,57.1,26.3,49.3,0.77,19.5,11.4,48.3,32.1,34.6,2026-08-04 18:42:19
5301,1,28.2,12.8,19.7,0.46,10.4,6.2,31.6,35.6,83.6,2026-08-04 18:50:19
5302,9,85.7,38.5,59.7,1.21,32.7,13.9,25.8,37.3,74.8,2026-08-04 18:58:19
5303,2,75.0,34.0,56.4,0.97,27.5,11.7,44.5,35.2,42.8,2026-08-04 19:06:19
5304,9,40.8,19.0,38.8,0.55,13.2,8.9,50.6,30.5,63.7,2026-08-04 19:14:19
5305,8,52.5,23.1,34.1,0.79,21.8,10.6,34.7,23.7,71.7,2026-08-04 19:22:19
5306,1,86.3,38.3,74.2,1.06,34.7,16.4,41.7,23.6,73.5,2026-08-04 19:30:19
5307,6,86.2,39.0,74.4,1.14,31.9,13.9,36.0,31.6,57.9,2026-08-04 19:38:19
5308,3,113.5,50.4,91.3,1.6,45.5,21.2,38.8,32.1,32.1,2026-08-04 19:46:19
5309,10,21.2,8.9,14.3,0.31,10.3,5.0,46.7,34.7,52.7,2026-08-04 19:54:19
5310,3,19.0,7.8,13.0,0.27,10.0,5.0,50.2,37.8,52.1,2026-08-04 20:02:19
5311,9,33.2,15.5,31.9,0.48,10.7,7.4,43.7,37.2,70.8,2026-08-04 20:10:19
5312,6,106.1,46.9,78.5,1.45,43.3,17.5,41.0,36.5,35.7,2026-08-04 20:18:19
5313,3,81.8,36.9,75.7,1.04,30.7,13.4,50.4,23.1,76.7,2026-08-04 20:26:19
5314,4,16.0,6.1,9.9,0.1,10.0,5.0,32.0,24.6,52.1,2026-08-04 20:34:19
5315,3,52.9,23.8,40.4,0.72,20.1,7.7,33.8,35.0,35.3,2026-08-04 20:42:19
5316,3,104.7,47.5,70.9,1.4,38.4,17.8,26.1,36.7,70.5,2026-08-04 20:50:19
5317,6,132.4,58.9,104.6,1.73,52.7,23.9,31.7,30.5,53.3,2026-08-04 20:58:19
5318,7,83.6,36.1,61.1,1.09,37.2,15.2,31.7,23.4,60.6,2026-08-04 21:06:19
5319,1,84.3,36.4,69.7,1.03,37.6,14.9,43.8,36.6,77.5,2026-08-04 21:14:19
5320,10,56.0,24.5,46.5,0.67,23.8,11.5,45.5,28.4,78.0,2026-08-04 21:22:19
5321,10,75.6,34.0,66.4,1.05,28.8,12.0,29.9,32.2,37.7,2026-08-04 21:30:19
5322,3,100.1,44.8,71.7,1.27,39.0,15.9,45.6,31.9,51.4,2026-08-04 21:38:19
5323,3,51.7,22.0,39.8,0.73,24.1,10.7,41.7,23.1,40.7,2026-08-04 21:46:19
5324,7,84.5,36.9,55.7,1.02,36.1,14.8,25.5,24.4,32.5,2026-08-04 21:54:19
5325,6,160.0,70.8,102.4,2.08,65.2,29.6,25.6,34.8,62.8,2026-08-04 22:02:19
5326,2,59.9,26.5,48.4,0.76,24.4,9.1,39.8,18.5,82.4,2026-08-04 22:10:19
5327,5,80.7,35.7,56.5,1.0,32.8,13.1,51.6,36.7,66.2,2026-08-04 22:18:19
5328,6,49.0,20.7,38.2,0.58,23.5,6.3,48.2,34.1,69.1,2026-08-04 22:26:19
5329,7,122.6,54.2,76.2,1.64,50.1,22.3,36.2,32.4,66.8,2026-08-04 22:34:19
5330,7,124.4,54.7,99.2,1.7,51.9,20.4,50.0,22.2,34.1,2026-08-04 22:42:19
5331,9,83.0,36.8,66.5,1.09,33.5,16.6,36.6,29.1,72.4,2026-08-04 22:50:19
5332,3,59.7,27.0,45.4,0.87,22.2,10.3,34.6,30.2,73.6,2026-08-04 22:58:19
5333,5,47.7,21.6,34.5,0.55,17.7,7.0,38.6,22.8,36.1,2026-08-04 23:06:19
5334,6,128.8,57.1,83.6,1.73,52.1,23.2,48.6,28.2,54.6,2026-08-04 23:14:19
5335,6,30.1,13.7,25.0,0.5,10.9,6.2,39.5,33.1,83.9,2026-08-04 23:22:19
5336,8,47.2,20.5,40.5,0.67,20.7,7.9,47.8,20.9,32.0,2026-08-04 23:30:19
5337,1,83.4,36.5,76.4,1.11,35.4,12.9,25.0,22.7,44.2,2026-08-04 23:38:19
5338,4,93.9,41.1,58.7,1.22,39.9,16.5,35.2,29.1,83.2,2026-08-04 23:46:19
5339,9,47.8,21.7,34.3,0.56,17.4,8.2,39.2,29.2,79.0,2026-08-04 23:54:19
5340,10,88.1,39.9,62.5,1.19,32.6,15.7,51.7,31.8,84.4,2026-08-05 00:02:19
5341,1,97.8,43.3,88.1,1.26,39.7,16.3,33.1,32.2,77.3,2026-08-05 00:10:19
5342,10,89.8,39.5,70.1,1.18,37.3,15.1,47.1,31.3,70.9,2026-08-05 00:18:19
5343,8,66.7,28.8,60.3,0.83,29.8,11.1,50.5,35.2,39.9,2026-08-05 00:26:19
5344,7,61.8,27.5,44.9,0.75,24.5,12.9,32.0,26.1,64.2,2026-08-05 00:34:19
5345,4,98.6,43.9,72.3,1.24,39.1,19.5,42.8,19.9,44.8,2026-08-05 00:42:19
5346,3,99.7,45.2,79.1,1.35,36.6,19.8,27.1,33.7,30.5,2026-08-05 00:50:19
5347,10,116.3,51.9,102.5,1.47,45.7,21.0,38.1,32.7,80.1,2026-08-05 00:58:19
5348,5,116.8,52.7,101.1,1.52,43.8,19.4,31.8,24.4,59.2,2026-08-05 01:06:19
5349,2,51.2,22.4,36.5,0.63,21.7,9.1,36.4,30.5,84.6,2026-08-05 01:14:19
5350,5,79.1,35.8,60.2,1.02,29.3,13.9,47.6,37.5,49.5,2026-08-05 01:22:19
5351,6,73.4,32.2,55.0,0.9,30.9,13.7,48.4,36.6,52.4,2026-08-05 01:30:19
5352,3,23.8,9.6,14.7,0.22,13.1,5.3,35.1,26.2,75.6,2026-08-05 01:38:19
5353,8,96.3,43.4,72.5,1.22,36.3,16.6,52.6,27.3,84.4,2026-08-05 01:46:19
5354,4,45.7,19.3,40.1,0.51,22.0,7.8,41.5,30.2,41.6,2026-08-05 01:54:19
5355,7,112.0,50.6,81.1,1.57,41.9,21.6,32.1,33.2,78.6,2026-08-05 02:02:19
5356,10,114.1,51.0,99.7,1.61,44.6,20.5,45.6,27.1,82.8,2026-08-05 02:10:19
5357,1,41.8,17.6,32.9,0.59,20.3,5.6,49.3,26.7,68.8,2026-08-05 02:18:19
5358,8,91.3,39.7,76.2,1.28,39.7,14.8,44.3,24.7,57.8,2026-08-05 02:26:19
5359,8,75.4,34.5,61.8,0.96,26.6,15.5,54.8,19.6,78.6,2026-08-05 02:34:19
5360,3,77.8,33.8,49.4,1.0,33.9,14.0,28.7,18.6,50.8,2026-08-05 02:42:19
5361,4,87.9,38.6,55.1,1.11,36.8,16.8,38.8,29.8,47.2,2026-08-05 02:50:19
5362,4,86.1,39.2,57.7,1.1,31.0,16.8,52.1,27.0,55.9,2026-08-05 02:58:19
5363,8,95.3,42.7,60.3,1.37,36.8,15.3,25.1,36.4,33.7,2026-08-05 03:06:19
5364,4,45.0,19.6,30.4,0.55,19.5,8.3,37.0,26.3,82.4,2026-08-05 03:14:19
5365,4,192.5,85.4,158.4,2.54,77.6,33.8,51.1,29.4,61.0,2026-08-05 03:22:19
5366,7,83.8,36.3,67.6,1.14,36.9,15.9,54.2,20.9,35.3,2026-08-05 03:30:19
5367,7,52.7,23.5,39.5,0.74,20.8,11.0,47.9,28.4,31.9,2026-08-05 03:38:19
5368,1,96.6,43.4,83.0,1.38,36.9,15.4,36.6,24.5,59.9,2026-08-05 03:46:19
5369,4,96.5,41.8,85.9,1.35,42.6,16.0,40.8,26.8,49.2,2026-08-05 03:54:19
5370,5,58.6,26.9,44.8,0.73,20.4,9.7,30.6,36.7,80.2,2026-08-05 04:02:19
5371,2,79.3,35.8,53.7,1.01,29.7,15.0,26.7,24.4,80.3,2026-08-05 04:10:19
5372,7,105.5,46.0,65.0,1.37,45.4,18.4,36.5,30.0,74.7,2026-08-05 04:18:19
5373,8,73.7,33.8,53.4,1.0,25.8,15.4,45.2,24.2,73.6,2026-08-05 04:26:19
5374,2,61.4,26.7,43.4,0.73,26.7,10.6,53.4,26.7,83.0,2026-08-05 04:34:19
5375,3,53.7,24.6,40.8,0.73,18.9,7.9,32.3,26.4,45.7,2026-08-05 04:42:19
5376,7,79.3,36.3,69.8,1.05,27.9,15.2,52.3,31.1,55.6,2026-08-05 04:50:19
5377,6,37.4,17.3,24.3,0.43,12.5,5.1,53.1,32.0,78.5,2026-08-05 04:58:19
5378,7,65.3,28.1,55.5,0.83,29.4,13.0,29.5,27.5,55.9,2026-08-05 05:06:19
5379,5,88.1,39.4,68.1,1.2,34.3,17.5,35.7,35.6,37.0,2026-08-05 05:14:19
5380,9,102.5,46.4,72.6,1.3,38.0,16.7,41.9,33.8,79.1,2026-08-05 05:22:19
5381,1,69.3,31.7,65.7,0.95,24.4,11.1,42.5,35.7,61.2,2026-08-05 05:30:19
5382,5,91.0,39.9,83.7,1.15,38.3,17.8,46.4,23.2,83.5,2026-08-05 05:38:19
5383,3,82.9,37.6,72.5,1.04,30.5,15.8,43.0,30.8,66.3,2026-08-05 05:46:19
5384,6,50.7,22.2,40.2,0.68,21.5,8.2,30.7,25.7,84.5,2026-08-05 05:54:19
5385,2,108.8,48.7,79.9,1.47,42.2,19.8,48.3,24.7,60.2,2026-08-05 06:02:19
5386,2,90.3,39.3,63.9,1.12,39.1,14.0,39.0,31.2,48.5,2026-08-05 06:10:19
5387,10,33.8,14.3,27.2,0.36,16.2,7.6,48.1,27.1,56.6,2026-08-05 06:18:19
5388,9,59.9,26.7,41.7,0.72,23.7,9.5,33.9,26.0,64.4,2026-08-05 06:26:19
5389,6,72.0,31.1,48.5,0.97,32.0,13.7,35.8,27.0,34.1,2026-08-05 06:34:19
5390,8,46.1,20.4,40.8,0.7,18.8,10.0,25.7,36.5,65.5,2026-08-05 06:42:19
5391,9,67.7,29.4,54.4,0.93,29.6,13.4,37.9,25.7,58.9,2026-08-05 06:50:19
5392,1,74.3,32.0,48.5,0.93,33.4,13.9,44.3,19.5,56.0,2026-08-05 06:58:19
5393,1,160.3,72.1,112.5,2.2,61.1,30.7,34.9,26.1,46.5,2026-08-05 07:06:19
5394,3,151.7,66.9,131.2,2.03,62.5,27.3,33.4,20.1,83.7,2026-08-05 07:14:19
5395,9,15.0,5.0,8.3,0.19,10.0,5.0,41.6,31.8,62.3,2026-08-05 07:22:19
5396,7,51.9,22.6,42.5,0.63,22.4,9.3,45.6,25.9,69.0,2026-08-05 07:30:19
5397,6,92.8,40.5,82.7,1.17,39.7,18.1,26.7,37.2,31.5,2026-08-05 07:38:19
5398,10,59.6,27.2,38.5,0.75,21.3,12.1,44.7,24.9,51.1,2026-08-05 07:46:19
5399,3,76.4,33.9,55.5,0.95,30.8,12.7,51.5,34.2,70.6,2026-08-05 07:54:19
5400,9,57.8,25.6,50.9,0.68,23.4,10.6,44.4,30.1,82.2,2026-08-05 08:02:19
5401,10,63.2,29.0,53.6,0.79,22.0,12.7,53.8,21.3,43.8,2026-08-05 08:10:19
5402,5,107.4,47.3,68.6,1.35,44.6,20.5,46.3,23.9,65.6,2026-08-05 08:18:19
5403,7,42.6,19.4,33.8,0.49,15.3,9.3,37.1,20.9,69.8,2026-08-05 08:26:19
5404,6,107.1,48.4,78.1,1.37,39.9,18.5,25.7,29.0,53.0,2026-08-05 08:34:19
5405,3,70.4,30.7,61.2,0.94,30.3,12.6,26.8,36.8,52.9,2026-08-05 08:42:19
5406,9,78.2,35.6,52.4,1.11,28.2,16.1,35.7,20.2,73.0,2026-08-05 08:50:19
5407,1,69.7,31.4,49.1,0.85,26.3,12.2,41.5,34.2,54.1,2026-08-05 08:58:19
5408,8,60.4,27.4,46.1,0.8,22.2,10.4,33.5,28.6,47.6,2026-08-05 09:06:19
5409,6,47.8,20.9,30.4,0.58,20.4,8.2,33.6,27.2,55.4,2026-08-05 09:14:19
5410,3,83.1,37.2,62.1,1.13,32.3,15.6,50.2,24.9,80.1,2026-08-05 09:22:19
5411,3,53.1,23.5,49.1,0.79,21.5,9.5,54.1,21.0,73.8,2026-08-05 09:30:19
5412,3,95.3,41.6,78.1,1.28,40.9,14.9,54.8,25.9,73.4,2026-08-05 09:38:19
5413,3,40.5,17.4,31.5,0.45,18.3,7.9,31.7,22.1,68.8,2026-08-05 09:46:19
5414,4,146.7,65.6,111.7,2.01,57.3,24.9,41.3,23.5,34.9,2026-08-05 09:54:19
5415,3,73.3,32.6,61.2,0.91,29.2,12.6,28.7,32.4,74.8,2026-08-05 10:02:19
5416,5,94.4,41.9,60.3,1.22,37.9,17.7,36.5,24.1,57.9,2026-08-05 10:10:19
5417,4,112.9,50.1,78.3,1.46,45.5,20.1,25.4,30.0,59.4,2026-08-05 10:18:19
5418,1,69.0,31.2,49.1,1.01,25.7,12.3,54.9,20.8,63.6,2026-08-05 10:26:19
5419,7,21.9,9.4,13.2,0.28,10.0,5.0,46.8,24.4,37.7,2026-08-05 10:34:19
5420,1,87.0,38.9,77.9,1.14,34.0,14.2,26.0,36.2,72.4,2026-08-05 10:42:19
5421,1,26.7,10.9,17.7,0.23,14.2,5.0,52.0,30.8,71.5,2026-08-05 10:50:19
5422,1,66.4,30.1,61.1,0.89,24.5,11.4,43.2,30.6,60.8,2026-08-05 10:58:19
5423,4,28.9,13.3,20.6,0.32,10.0,5.0,50.8,18.7,60.7,2026-08-05 11:06:19
5424,5,87.1,39.4,81.9,1.28,32.3,13.8,36.1,20.2,69.7,2026-08-05 11:14:19
5425,3,90.5,39.7,58.5,1.29,38.1,14.4,44.7,27.9,47.0,2026-08-05 11:22:19
5426,1,39.8,16.6,24.0,0.46,19.8,5.0,39.4,27.7,50.8,2026-08-05 11:30:19
5427,6,48.1,21.9,31.6,0.75,17.3,7.7,31.8,20.6,53.3,2026-08-05 11:38:19
5428,8,134.2,59.3,95.1,1.8,54.9,24.0,45.9,33.0,84.3,2026-08-05 11:46:19
5429,5,75.6,33.1,50.1,0.97,32.1,14.0,45.6,35.4,42.2,2026-08-05 11:54:19
5430,6,122.2,53.5,104.9,1.64,51.8,20.5,34.8,36.4,82.7,2026-08-05 12:02:19
5431,5,83.7,38.0,77.3,1.15,30.6,15.7,54.7,30.9,43.1,2026-08-05 12:10:19
5432,3,31.4,13.7,24.6,0.39,13.4,5.9,41.2,32.3,78.5,2026-08-05 12:18:19
5433,3,62.7,27.2,51.8,0.74,27.4,10.7,43.2,28.0,69.7,2026-08-05 12:26:19
5434,6,29.3,13.5,21.2,0.41,10.0,5.4,43.9,25.9,47.3,2026-08-05 12:34:19
5435,8,122.9,55.1,91.7,1.72,47.5,22.2,47.2,27.8,30.2,2026-08-05 12:42:19
5436,3,78.6,35.7,50.3,1.04,28.7,16.2,52.1,24.0,53.1,2026-08-05 12:50:19
5437,9,74.1,31.9,48.3,0.95,33.3,13.7,32.2,26.5,57.7,2026-08-05 12:58:19
5438,5,83.9,36.4,61.9,1.01,36.8,13.8,30.4,26.8,53.5,2026-08-05 13:06:19
5439,8,18.3,7.4,14.9,0.16,10.0,5.0,49.4,30.4,59.8,2026-08-05 13:14:19
5440,4,64.6,29.6,50.6,0.97,22.6,13.7,53.1,20.9,72.5,2026-08-05 13:22:19
5441,10,51.0,22.9,43.7,0.76,19.6,10.6,45.0,27.5,50.0,2026-08-05 13:30:19
5442,5,84.7,37.2,61.7,1.1,35.4,14.2,46.7,22.5,59.9,2026-08-05 13:38:19
5443,3,63.6,27.5,53.2,0.87,28.2,10.4,30.8,33.1,80.6,2026-08-05 13:46:19
5444,5,45.6,20.9,39.7,0.55,16.0,10.2,35.1,27.3,73.8,2026-08-05 13:54:19
5445,6,81.2,35.5,52.6,1.07,34.6,12.8,54.9,25.5,55.1,2026-08-05 14:02:19
5446,1,81.9,36.6,69.1,1.19,32.1,13.7,40.2,24.7,37.8,2026-08-05 14:10:19
5447,5,98.9,43.4,79.3,1.3,41.6,16.1,36.0,35.7,43.9,2026-08-05 14:18:19
5448,3,77.5,34.9,54.0,1.02,29.3,13.8,52.7,20.3,36.6,2026-08-05 14:26:19
5449,6,116.2,51.9,81.8,1.64,45.5,18.8,45.5,20.8,82.9,2026-08-05 14:34:19
5450,7,68.7,30.7,52.8,0.93,26.8,12.8,35.2,20.5,51.5,2026-08-05 14:42:19
5451,6,38.9,17.7,35.7,0.52,14.1,7.8,43.9,31.0,42.0,2026-08-05 14:50:19
5452,5,41.5,17.7,29.4,0.53,19.3,8.2,51.8,36.2,69.9,2026-08-05 14:58:19
5453,1,134.9,59.1,106.9,1.68,57.1,25.6,33.1,26.6,80.5,2026-08-05 15:06:19
5454,5,26.2,11.8,20.6,0.35,10.0,5.6,36.1,31.6,63.0,2026-08-05 15:14:19
5455,8,23.7,10.4,17.9,0.3,10.0,5.0,32.0,22.3,42.2,2026-08-05 15:22:19
5456,5,80.3,34.9,62.7,1.06,35.0,15.4,29.3,21.7,79.6,2026-08-05 15:30:19
5457,5,88.7,38.4,56.4,1.14,39.2,14.0,32.2,21.9,30.8,2026-08-05 15:38:19
5458,4,67.6,30.2,51.7,0.81,26.5,10.8,45.9,27.8,47.6,2026-08-05 15:46:19
5459,8,54.2,24.1,42.2,0.73,21.6,10.5,25.2,36.3,43.6,2026-08-05 15:54:19
5460,8,67.7,30.7,50.8,0.91,24.8,13.5,46.3,24.9,76.0,2026-08-05 16:02:19
5461,10,100.9,44.4,86.8,1.29,42.0,17.7,46.7,29.5,57.5,2026-08-05 16:10:19
5462,5,111.6,49.5,89.6,1.52,45.0,18.9,53.0,25.2,49.4,2026-08-05 16:18:19
5463,1,86.4,38.4,57.4,1.17,34.6,14.1,44.7,29.9,42.7,2026-08-05 16:26:19
5464,1,89.8,40.4,59.3,1.25,34.2,17.2,35.8,30.5,58.9,2026-08-05 16:34:19
5465,7,72.0,32.6,49.4,0.97,26.7,14.8,53.1,21.1,59.1,2026-08-05 16:42:19
5466,4,70.1,31.4,50.9,0.86,27.2,13.0,42.7,33.8,69.7,2026-08-05 16:50:19
5467,9,100.9,44.1,80.4,1.38,43.0,18.6,30.9,34.3,74.2,2026-08-05 16:58:19
5468,4,52.3,23.9,41.4,0.72,18.6,9.2,35.8,23.3,41.7,2026-08-05 17:06:19
5469,8,94.3,41.4,77.5,1.3,39.5,16.8,39.9,36.1,40.7,2026-08-05 17:14:19
5470,4,86.1,38.2,60.7,1.17,34.6,16.0,29.7,18.4,68.4,2026-08-05 17:22:19
5471,2,45.7,20.9,35.2,0.56,16.2,6.6,54.4,27.8,41.1,2026-08-05 17:30:19
5472,3,62.7,26.9,44.8,0.82,28.5,10.7,43.1,30.5,37.8,2026-08-05 17:38:19
5473,10,60.4,27.9,56.7,0.77,20.3,9.8,42.0,22.9,32.6,2026-08-05 17:46:19
5474,2,96.0,42.6,85.9,1.19,38.6,16.5,52.8,22.1,80.1,2026-08-05 17:54:19
5475,7,101.7,45.5,64.6,1.45,39.5,18.2,35.1,19.1,49.4,2026-08-05 18:02:19
5476,6,125.6,56.1,93.3,1.72,49.3,21.2,44.1,26.9,78.6,2026-08-05 18:10:19
5477,10,56.9,26.3,54.9,0.79,19.2,11.2,34.3,22.6,45.7,2026-08-05 18:18:19
5478,9,45.7,20.1,42.0,0.68,19.0,7.5,51.6,21.7,74.2,2026-08-05 18:26:19
5479,1,62.5,27.7,44.2,0.89,25.2,12.7,41.9,28.4,50.6,2026-08-05 18:34:19
5480,7,99.8,43.8,67.4,1.41,41.9,16.9,35.6,36.9,45.8,2026-08-05 18:42:19
5481,7,115.6,50.6,74.8,1.44,49.1,20.5,52.9,30.8,57.4,2026-08-05 18:50:19
5482,1,128.0,57.7,92.5,1.79,48.3,24.9,26.4,31.5,71.4,2026-08-05 18:58:19
5483,10,62.5,27.7,56.4,0.86,25.3,9.5,34.5,36.0,37.8,2026-08-05 19:06:19
5484,2,17.1,6.7,13.4,0.11,10.0,5.0,38.2,27.4,31.0,2026-08-05 19:14:19
5485,1,37.2,17.3,24.2,0.6,12.2,6.7,25.4,28.7,40.3,2026-08-05 19:22:19
5486,10,15.0,5.3,7.5,0.1,10.0,5.0,28.7,37.0,72.0,2026-08-05 19:30:19
5487,3,51.5,22.4,43.0,0.61,22.4,7.0,42.4,32.6,42.2,2026-08-05 19:38:19
5488,8,118.4,52.5,93.4,1.57,47.8,21.6,28.1,35.8,77.8,2026-08-05 19:46:19
5489,8,54.1,23.3,43.4,0.68,24.4,8.1,38.2,33.4,31.6,2026-08-05 19:54:19
5490,2,95.6,41.7,60.9,1.24,41.1,17.6,36.1,30.8,79.8,2026-08-05 20:02:19
5491,9,31.1,13.9,21.4,0.33,12.2,5.4,36.7,35.1,44.5,2026-08-05 20:10:19
5492,5,55.5,24.3,36.7,0.69,23.6,11.2,32.3,18.4,71.7,2026-08-05 20:18:19
5493,1,97.9,42.9,70.3,1.21,41.3,17.5,43.4,33.7,66.0,2026-08-05 20:26:19
5494,3,93.6,41.5,60.5,1.23,37.8,15.1,46.0,34.0,44.2,2026-08-05 20:34:19
5495,4,67.0,30.8,57.9,0.83,23.1,10.6,42.6,35.6,70.5,2026-08-05 20:42:19
5496,6,58.8,26.5,51.2,0.71,22.2,8.8,51.1,21.8,31.4,2026-08-05 20:50:19
5497,7,54.4,24.8,44.2,0.71,19.5,10.7,34.5,37.8,83.5,2026-08-05 20:58:19
5498,1,83.8,37.9,75.2,1.05,31.1,14.7,32.1,34.9,57.9,2026-08-05 21:06:19
5499,5,107.1,47.2,74.7,1.36,44.3,20.3,38.1,20.7,33.7,2026-08-05 21:14:19
5500,7,95.8,43.4,68.2,1.22,35.4,19.3,34.2,34.7,58.9,2026-08-05 21:22:19
5501,5,98.1,43.0,72.7,1.21,41.3,19.0,42.1,27.8,33.8,2026-08-05 21:30:19
5502,1,106.7,47.3,77.7,1.51,43.1,20.9,39.2,35.0,84.0,2026-08-05 21:38:19
5503,6,104.9,46.5,95.3,1.31,42.4,20.0,41.7,22.3,65.6,2026-08-05 21:46:19
5504,1,60.3,27.9,55.2,0.9,20.2,12.1,51.8,26.3,42.1,2026-08-05 21:54:19
5505,2,118.9,53.0,107.1,1.62,46.9,22.8,41.3,30.6,70.0,2026-08-05 22:02:19
5506,2,100.6,45.0,91.2,1.44,39.2,18.8,31.5,33.9,49.9,2026-08-05 22:10:19
5507,2,72.4,33.2,68.1,1.02,25.3,12.9,29.5,37.8,51.4,2026-08-05 22:18:19
5508,4,92.6,41.9,80.0,1.27,34.4,18.6,26.0,18.2,53.2,2026-08-05 22:26:19
5509,9,62.4,28.1,39.9,0.78,23.7,12.9,43.7,32.9,35.7,2026-08-05 22:34:19
5510,5,91.4,39.8,81.4,1.22,39.5,16.1,37.9,23.8,43.1,2026-08-05 22:42:19
5511,9,15.1,5.6,9.8,0.18,10.0,5.0,50.7,22.8,51.7,2026-08-05 22:50:19
5512,9,65.1,28.6,56.8,0.89,27.2,13.4,34.8,37.5,52.0,2026-08-05 22:58:19
5513,5,58.7,25.4,48.3,0.76,25.9,8.5,31.8,20.6,81.0,2026-08-05 23:06:19
5514,10,15.0,5.0,7.4,0.22,10.0,5.0,34.0,20.3,49.2,2026-08-05 23:14:19
5515,9,15.0,5.0,8.3,0.11,10.0,5.0,53.9,20.9,51.9,2026-08-05 23:22:19
5516,2,50.3,22.3,42.3,0.65,20.4,7.4,51.5,21.7,66.3,2026-08-05 23:30:19
5517,2,77.0,34.1,58.5,1.05,31.2,13.5,43.5,32.0,72.2,2026-08-05 23:38:19
5518,3,123.2,55.8,79.9,1.61,45.6,22.6,43.0,22.2,32.0,2026-08-05 23:46:19
5519,3,28.7,12.9,20.1,0.46,11.0,5.5,54.7,24.6,39.3,2026-08-05 23:54:19
5520,3,47.8,20.8,39.9,0.56,20.8,10.1,30.8,36.1,69.2,2026-08-06 00:02:19
5521,1,114.8,50.7,93.5,1.49,47.0,18.9,54.9,28.4,64.0,2026-08-06 00:10:19
5522,6,123.3,54.5,106.2,1.7,50.4,23.6,25.5,37.7,64.9,2026-08-06 00:18:19
5523,8,134.4,60.1,124.9,1.9,52.4,25.5,39.4,37.2,31.4,2026-08-06 00:26:19
5524,7,108.5,47.3,91.0,1.36,46.7,19.2,46.7,25.9,56.4,2026-08-06 00:34:19
5525,2,91.0,41.2,70.0,1.28,33.7,16.2,44.1,33.7,66.1,2026-08-06 00:42:19
5526,4,81.6,35.5,69.2,1.02,35.4,13.4,46.9,25.4,78.4,2026-08-06 00:50:19
5527,10,31.3,14.6,22.4,0.44,10.0,6.8,43.0,34.0,78.6,2026-08-06 00:58:19
5528,6,62.0,28.2,40.8,0.91,22.5,10.2,31.3,30.3,65.1,2026-08-06 01:06:19
5529,3,56.5,24.8,40.3,0.7,23.8,10.2,45.8,28.4,35.1,2026-08-06 01:14:19
5530,2,122.5,54.7,96.0,1.72,48.1,23.0,29.6,30.6,50.2,2026-08-06 01:22:19
5531,7,89.3,38.6,64.4,1.14,39.7,16.6,48.9,29.2,62.1,2026-08-06 01:30:19
5532,8,61.5,28.4,40.4,0.94,20.8,11.5,40.2,22.4,47.0,2026-08-06 01:38:19
5533,2,100.4,44.3,74.5,1.34,41.4,19.3,32.6,18.8,62.4,2026-08-06 01:46:19
5534,1,94.0,42.8,63.9,1.38,33.9,16.1,29.1,34.5,41.7,2026-08-06 01:54:19
5535,3,146.1,65.1,94.0,1.99,57.8,28.0,35.4,23.9,84.7,2026-08-06 02:02:19
5536,2,65.1,29.7,52.4,0.81,23.3,13.7,29.8,35.3,84.0,2026-08-06 02:10:19
5537,5,73.0,32.3,50.8,0.96,29.7,13.2,54.4,37.6,60.9,2026-08-06 02:18:19
5538,1,83.3,38.0,70.7,1.09,29.8,16.4,40.3,35.0,36.6,2026-08-06 02:26:19
5539,1,124.0,55.7,101.3,1.65,47.5,20.7,36.8,29.6,31.3,2026-08-06 02:34:19
5540,6,53.5,24.5,46.7,0.81,18.9,10.9,54.6,26.9,61.2,2026-08-06 02:42:19
5541,10,61.0,27.5,48.4,0.82,23.0,12.6,35.4,36.4,36.3,2026-08-06 02:50:19
5542,4,62.3,26.7,40.4,0.88,28.4,12.1,49.9,26.6,73.3,2026-08-06 02:58:19
5543,4,48.8,21.0,38.4,0.56,22.0,7.5,25.9,34.2,74.7,2026-08-06 03:06:19
5544,6,77.3,34.9,63.3,0.99,28.9,14.4,32.8,37.3,72.7,2026-08-06 03:14:19
5545,1,109.9,48.4,69.9,1.52,45.6,17.9,43.4,31.9,76.0,2026-08-06 03:22:19
5546,4,133.7,59.1,104.1,1.87,54.7,24.8,30.2,32.3,40.5,2026-08-06 03:30:19
5547,8,131.0,59.0,109.8,1.79,49.6,22.8,27.6,24.6,73.3,2026-08-06 03:38:19
5548,6,101.1,44.2,91.0,1.23,43.1,16.2,36.6,21.0,58.1,2026-08-06 03:46:19
5549,10,60.7,27.2,56.1,0.88,23.4,10.4,52.1,29.1,39.7,2026-08-06 03:54:19
5550,8,64.7,29.1,59.7,0.94,24.6,10.0,40.9,21.3,51.1,2026-08-06 04:02:19
5551,9,43.9,19.6,29.2,0.58,17.3,9.6,27.4,19.5,46.2,2026-08-06 04:10:19
5552,6,98.2,42.9,71.2,1.28,41.9,19.1,51.4,37.2,70.0,2026-08-06 04:18:19
5553,4,108.4,47.3,87.9,1.38,46.5,17.0,26.8,22.9,40.2,2026-08-06 04:26:19
5554,6,91.7,41.5,85.2,1.2,34.0,14.9,35.7,20.2,63.3,2026-08-06 04:34:19
5555,1,64.3,27.6,50.4,0.77,29.2,9.2,51.5,28.2,57.9,2026-08-06 04:42:19
5556,10,94.0,42.7,60.8,1.23,34.3,18.4,25.6,29.5,42.3,2026-08-06 04:50:19
5557,3,36.1,16.0,23.3,0.5,14.7,7.1,28.0,24.7,65.0,2026-08-06 04:58:19
5558,10,121.9,53.2,96.2,1.52,52.3,21.0,46.7,36.7,65.5,2026-08-06 05:06:19
5559,10,18.9,7.7,15.6,0.15,10.0,5.0,41.3,27.1,56.9,2026-08-06 05:14:19
5560,9,44.6,19.1,36.3,0.58,20.4,7.5,53.1,23.5,37.1,2026-08-06 05:22:19
5561,1,41.2,17.6,25.7,0.6,19.0,6.1,27.1,22.3,81.2,2026-08-06 05:30:19
5562,1,56.7,25.8,39.9,0.85,20.5,8.6,30.2,37.0,33.2,2026-08-06 05:38:19
5563,9,95.8,43.5,65.4,1.23,35.1,17.0,38.7,27.3,62.2,2026-08-06 05:46:19
5564,6,67.3,30.0,43.4,0.86,26.7,11.4,49.9,37.9,56.9,2026-08-06 05:54:19
5565,6,123.7,54.0,89.7,1.54,53.0,20.6,47.4,23.4,50.5,2026-08-06 06:02:19
5566,9,23.7,10.4,17.2,0.37,10.0,5.7,43.8,32.0,65.5,2026-08-06 06:10:19
5567,7,76.6,34.9,58.1,1.13,27.5,13.9,27.0,18.6,65.0,2026-08-06 06:18:19
5568,6,28.4,13.0,20.6,0.39,10.0,5.0,51.8,24.3,35.0,2026-08-06 06:26:19
5569,4,41.6,19.5,32.1,0.54,13.0,7.6,27.5,20.8,32.4,2026-08-06 06:34:19
5570,4,101.5,44.9,69.4,1.35,41.4,17.6,40.2,19.6,62.8,2026-08-06 06:42:19
5571,4,65.1,28.5,58.2,0.76,27.5,13.2,33.2,26.4,84.2,2026-08-06 06:50:19
5572,10,70.3,31.8,65.4,0.96,26.1,13.3,28.7,22.4,36.2,2026-08-06 06:58:19
5573,1,52.7,22.6,31.8,0.71,24.0,10.0,51.5,19.7,45.9,2026-08-06 07:06:19
5574,10,48.5,22.0,44.3,0.73,17.8,9.8,52.2,30.4,67.7,2026-08-06 07:14:19
5575,9,96.0,42.1,63.9,1.2,40.5,16.0,42.8,20.7,58.4,2026-08-06 07:22:19
5576,8,106.7,46.7,77.4,1.46,45.2,20.3,51.3,30.4,42.8,2026-08-06 07:30:19
5577,8,72.8,33.3,48.7,1.05,25.7,15.1,54.8,32.2,40.5,2026-08-06 07:38:19
5578,3,74.7,33.6,70.3,1.03,28.4,14.2,30.6,18.1,60.2,2026-08-06 07:46:19
5579,2,120.8,54.5,91.4,1.73,45.4,23.2,51.0,31.4,49.2,2026-08-06 07:54:19
5580,10,83.7,36.5,69.0,1.14,36.0,14.8,26.1,35.1,31.5,2026-08-06 08:02:19
5581,7,122.1,54.6,107.2,1.7,47.6,22.7,39.4,26.0,45.1,2026-08-06 08:10:19
5582,4,105.5,47.1,85.4,1.47,41.4,19.8,33.5,30.8,62.2,2026-08-06 08:18:19
5583,7,118.2,52.5,90.8,1.62,47.4,19.7,48.9,37.9,84.1,2026-08-06 08:26:19
5584,3,73.0,32.5,46.4,0.88,29.0,13.9,31.5,18.6,69.4,2026-08-06 08:34:19
5585,9,15.0,5.0,8.2,0.12,10.0,5.0,37.1,35.5,43.4,2026-08-06 08:42:19
5586,5,55.1,24.0,40.1,0.8,23.8,8.8,43.6,33.9,72.3,2026-08-06 08:50:19
5587,8,108.8,47.5,74.1,1.4,46.6,17.6,39.8,31.6,72.6,2026-08-06 08:58:19
5588,9,15.0,5.0,8.2,0.13,10.0,5.0,34.9,18.9,72.2,2026-08-06 09:06:19
5589,7,76.6,33.3,63.1,1.09,33.4,12.8,51.0,28.6,52.0,2026-08-06 09:14:19
5590,9,27.3,12.4,22.2,0.47,10.0,5.7,52.7,20.7,57.6,2026-08-06 09:22:19
5591,1,118.8,53.5,103.1,1.51,44.9,20.3,48.3,32.1,73.0,2026-08-06 09:30:19
5592,7,64.7,28.2,56.7,0.94,27.9,10.3,48.5,32.0,69.2,2026-08-06 09:38:19
5593,5,139.1,62.3,107.4,1.81,54.0,26.4,51.7,18.7,47.3,2026-08-06 09:46:19
5594,10,73.1,31.8,50.4,0.97,31.7,11.9,28.6,34.9,32.8,2026-08-06 09:54:19
5595,4,117.5,52.5,84.3,1.66,46.1,22.7,44.5,23.3,34.7,2026-08-06 10:02:19
5596,7,141.6,63.6,121.8,1.97,54.2,26.6,38.5,21.3,67.2,2026-08-06 10:10:19
5597,9,46.5,20.5,32.6,0.56,19.2,6.7,43.3,19.3,36.0,2026-08-06 10:18:19
5598,2,122.8,55.0,101.9,1.69,47.5,22.2,52.8,24.0,39.9,2026-08-06 10:26:19
5599,7,46.8,20.9,33.3,0.53,18.3,10.2,52.4,34.0,67.0,2026-08-06 10:34:19
5600,2,69.1,30.4,53.6,0.97,28.8,12.2,49.2,26.3,84.5,2026-08-06 10:42:19
5601,1,79.2,34.2,71.6,0.99,35.2,14.8,48.5,30.4,73.5,2026-08-06 10:50:19
5602,4,134.9,61.0,89.2,1.74,50.2,22.5,52.1,36.7,78.6,2026-08-06 10:58:19
5603,7,81.7,35.2,65.8,1.05,36.6,14.0,54.9,28.2,75.6,2026-08-06 11:06:19
5604,3,100.7,45.1,91.5,1.43,39.1,16.8,52.3,33.7,54.9,2026-08-06 11:14:19
5605,4,62.0,27.0,45.3,0.74,26.8,10.5,47.7,32.5,38.3,2026-08-06 11:22:19
5606,2,55.2,24.2,36.8,0.8,23.2,8.3,54.7,36.7,51.6,2026-08-06 11:30:19
5607,9,73.6,32.1,57.2,0.89,31.6,13.2,53.1,26.3,36.4,2026-08-06 11:38:19
5608,10,85.2,37.0,65.1,1.04,37.1,13.8,40.1,18.0,61.7,2026-08-06 11:46:19
5609,7,43.1,18.8,27.5,0.66,18.5,6.0,48.9,29.8,61.9,2026-08-06 11:54:19
5610,3,58.9,27.2,49.7,0.84,19.9,10.8,32.8,28.1,39.5,2026-08-06 12:02:19
5611,8,90.8,40.9,83.3,1.3,34.3,16.7,54.1,18.8,57.2,2026-08-06 12:10:19
5612,3,123.9,55.4,89.5,1.66,48.4,20.6,44.5,19.2,45.0,2026-08-06 12:18:19
5613,7,44.5,18.9,29.9,0.66,20.9,7.0,38.8,27.1,55.2,2026-08-06 12:26:19
5614,1,127.2,56.8,103.8,1.73,49.9,23.6,25.3,31.6,65.4,2026-08-06 12:34:19
5615,10,126.1,57.0,106.3,1.63,46.9,23.8,30.8,34.8,81.3,2026-08-06 12:42:19
5616,9,111.7,49.5,96.8,1.52,45.1,19.9,35.8,33.0,48.6,2026-08-06 12:50:19
5617,2,17.4,6.9,10.4,0.2,10.0,5.0,32.1,20.8,73.0,2026-08-06 12:58:19
5618,4,106.8,46.9,66.2,1.44,44.8,17.3,49.8,37.2,47.9,2026-08-06 13:06:19
5619,9,58.6,25.0,45.1,0.79,27.3,9.5,49.6,22.1,41.3,2026-08-06 13:14:19
5620,10,88.0,38.6,55.9,1.12,37.1,15.3,25.0,34.0,37.3,2026-08-06 13:22:19
5621,9,120.0,53.5,100.7,1.59,47.5,19.6,25.9,24.3,46.3,2026-08-06 13:30:19
5622,5,57.1,25.7,36.4,0.85,21.6,8.6,35.6,25.4,83.5,2026-08-06 13:38:19
5623,1,81.4,36.4,64.1,1.02,31.8,16.0,40.5,32.3,32.5,2026-08-06 13:46:19
5624,6,140.4,62.7,109.2,1.82,55.1,23.5,46.0,28.4,40.5,2026-08-06 13:54:19
5625,5,46.3,20.7,43.1,0.53,18.1,9.1,28.4,21.8,83.7,2026-08-06 14:02:19
5626,6,102.1,46.2,95.5,1.34,37.8,18.2,43.0,27.9,66.7,2026-08-06 14:10:19
5627,6,64.5,27.9,55.7,0.91,28.6,10.9,36.4,21.0,69.0,2026-08-06 14:18:19
5628,9,121.2,53.1,100.2,1.59,51.3,21.6,51.4,31.4,51.2,2026-08-06 14:26:19
5629,8,99.9,43.7,77.4,1.31,42.4,16.8,29.5,36.2,33.0,2026-08-06 14:34:19
5630,8,58.6,25.3,41.0,0.76,26.1,8.9,30.4,27.0,78.2,2026-08-06 14:42:19
5631,7,57.9,25.9,38.2,0.75,22.5,11.1,38.0,25.2,70.6,2026-08-06 14:50:19
5632,4,87.4,38.9,63.0,1.09,34.7,14.8,28.6,19.7,77.7,2026-08-06 14:58:19
5633,8,122.9,54.1,89.8,1.56,51.1,20.1,34.8,22.1,78.6,2026-08-06 15:06:19
5634,8,47.3,21.3,41.1,0.56,18.0,7.6,33.7,29.9,71.0,2026-08-06 15:14:19
5635,3,21.6,9.2,13.5,0.38,10.0,5.7,49.6,35.1,81.0,2026-08-06 15:22:19
5636,9,102.7,46.5,96.0,1.39,37.9,18.2,47.3,31.0,73.4,2026-08-06 15:30:19
5637,2,45.5,19.8,29.3,0.69,19.7,7.3,48.9,34.6,59.7,2026-08-06 15:38:19
5638,6,31.8,14.3,22.4,0.33,12.1,5.2,53.7,27.0,77.0,2026-08-06 15:46:19
5639,9,130.5,57.4,84.9,1.66,54.3,21.0,37.5,20.0,40.2,2026-08-06 15:54:19
5640,4,80.7,35.1,56.4,1.06,35.1,15.5,46.7,30.9,51.0,2026-08-06 16:02:19
5641,2,87.5,38.3,72.5,1.08,37.2,17.0,48.8,32.9,81.1,2026-08-06 16:10:19
5642,7,150.3,66.6,139.0,2.08,60.9,24.8,25.5,37.4,41.6,2026-08-06 16:18:19
5643,10,71.6,31.8,49.6,0.91,28.7,14.7,33.1,26.5,67.0,2026-08-06 16:26:19
5644,2,91.8,41.9,82.2,1.22,32.8,17.4,37.1,36.5,72.3,2026-08-06 16:34:19
5645,6,91.0,40.2,71.1,1.24,37.2,16.2,26.9,25.0,61.7,2026-08-06 16:42:19
5646,4,111.8,49.7,83.0,1.4,44.6,20.1,53.0,35.2,39.1,2026-08-06 16:50:19
5647,1,56.9,25.8,50.3,0.83,20.9,10.5,42.7,36.5,53.5,2026-08-06 16:58:19
5648,2,63.5,28.9,58.3,0.92,22.9,12.2,50.7,24.5,55.0,2026-08-06 17:06:19
5649,7,128.9,56.3,104.8,1.74,55.1,20.9,35.0,29.4,79.9,2026-08-06 17:14:19
5650,4,93.8,40.7,59.6,1.25,41.0,15.1,28.7,28.8,50.8,2026-08-06 17:22:19
5651,7,90.6,41.3,86.2,1.31,32.6,18.2,52.8,38.0,41.6,2026-08-06 17:30:19
5652,3,124.1,55.5,98.9,1.67,48.4,23.0,43.7,20.5,39.6,2026-08-06 17:38:19
5653,4,108.3,47.5,88.0,1.46,45.7,19.6,37.2,34.1,60.1,2026-08-06 17:46:19
5654,5,129.7,58.5,86.1,1.74,48.8,24.1,28.6,22.6,69.9,2026-08-06 17:54:19
5655,1,76.7,34.6,51.1,1.05,28.8,13.4,32.0,30.3,64.1,2026-08-06 18:02:19
5656,6,75.5,33.3,53.0,1.06,31.1,13.8,49.5,22.1,56.2,2026-08-06 18:10:19
5657,9,134.3,60.1,106.3,1.84,52.3,23.5,41.2,35.5,69.7,2026-08-06 18:18:19
5658,3,59.2,26.0,52.6,0.86,24.8,10.5,33.7,24.6,82.6,2026-08-06 18:26:19
5659,5,78.2,34.9,53.1,0.97,30.8,14.4,39.1,36.7,62.4,2026-08-06 18:34:19
5660,1,89.7,39.7,63.4,1.15,36.4,17.6,39.9,28.5,39.8,2026-08-06 18:42:19
5661,10,100.6,44.5,81.4,1.3,40.9,18.5,36.7,27.7,48.3,2026-08-06 18:50:19
5662,4,127.7,57.6,84.7,1.67,48.0,22.7,42.2,35.5,51.4,2026-08-06 18:58:19
5663,9,87.3,37.8,63.3,1.16,38.5,16.5,34.6,25.6,65.5,2026-08-06 19:06:19
5664,8,120.0,52.8,77.3,1.57,50.0,22.8,48.0,30.8,70.6,2026-08-06 19:14:19
5665,6,128.9,56.5,90.3,1.79,54.4,21.4,51.7,34.1,40.7,2026-08-06 19:22:19
5666,8,68.8,29.9,47.6,0.93,29.9,10.4,31.2,28.2,43.5,2026-08-06 19:30:19
5667,2,122.1,53.8,82.7,1.52,50.6,23.4,28.2,29.2,41.0,2026-08-06 19:38:19
5668,3,70.9,31.6,46.0,0.85,28.0,11.9,53.8,19.0,65.1,2026-08-06 19:46:19
5669,2,100.8,45.9,93.2,1.46,36.4,18.7,43.2,23.0,80.9,2026-08-06 19:54:19
5670,2,47.9,20.8,31.3,0.64,21.0,9.8,27.8,25.4,49.6,2026-08-06 20:02:19
5671,3,102.8,44.8,86.0,1.28,44.3,19.2,25.0,28.7,52.1,2026-08-06 20:10:19
5672,2,134.9,60.8,120.5,1.79,50.9,25.6,46.6,37.1,80.7,2026-08-06 20:18:19
5673,9,108.5,49.1,83.7,1.48,40.2,19.5,26.6,26.3,53.1,2026-08-06 20:26:19
5674,10,84.2,37.4,70.6,1.05,33.7,14.9,47.4,25.3,79.3,2026-08-06 20:34:19
5675,3,85.8,38.8,62.2,1.15,32.0,14.6,35.2,36.4,38.1,2026-08-06 20:42:19
5676,9,100.6,44.0,66.9,1.31,42.8,18.5,40.7,31.9,70.2,2026-08-06 20:50:19
5677,4,136.8,60.6,95.5,1.82,55.5,23.3,40.2,37.6,81.4,2026-08-06 20:58:19
5678,10,68.2,29.3,48.1,0.84,30.9,9.9,53.7,32.8,32.9,2026-08-06 21:06:19
5679,1,109.8,48.8,84.8,1.43,44.0,21.1,48.5,33.6,81.0,2026-08-06 21:14:19
5680,7,86.7,39.6,71.0,1.1,30.9,17.8,39.6,28.7,61.5,2026-08-06 21:22:19
5681,3,102.7,44.6,75.9,1.28,44.9,18.1,49.2,24.7,31.2,2026-08-06 21:30:19
5682,9,105.3,47.3,78.5,1.36,40.4,19.0,35.3,37.6,63.9,2026-08-06 21:38:19
5683,3,97.5,42.7,60.6,1.3,41.2,18.3,47.5,28.9,77.0,2026-08-06 21:46:19
5684,2,70.6,30.8,60.8,0.92,30.3,11.3,53.7,26.4,33.7,2026-08-06 21:54:19
5685,2,103.2,45.5,70.9,1.39,42.6,18.4,52.9,22.1,72.1,2026-08-06 22:02:19
5686,9,139.8,62.0,91.3,1.8,56.3,26.5,53.7,37.2,66.0,2026-08-06 22:10:19
5687,4,94.7,41.4,58.3,1.21,40.3,16.2,26.6,24.2,73.4,2026-08-06 22:18:19
5688,4,40.1,17.8,35.5,0.54,16.1,8.5,34.2,31.8,72.6,2026-08-06 22:26:19
5689,1,22.3,9.6,19.8,0.37,10.0,5.0,49.4,37.7,52.9,2026-08-06 22:34:19
5690,9,93.1,41.9,63.2,1.29,35.4,14.9,30.5,37.9,75.3,2026-08-06 22:42:19
5691,9,40.5,18.7,27.0,0.51,13.7,8.0,43.3,18.2,54.2,2026-08-06 22:50:19
5692,10,116.3,52.5,97.7,1.48,43.7,20.0,25.1,18.7,81.3,2026-08-06 22:58:19
5693,1,70.9,30.5,45.2,0.99,32.0,14.0,47.7,32.4,57.0,2026-08-06 23:06:19
5694,4,60.9,27.8,41.4,0.87,21.7,11.8,30.2,37.5,44.4,2026-08-06 23:14:19
5695,1,68.0,30.2,49.3,0.85,27.2,12.7,41.1,26.8,41.9,2026-08-06 23:22:19
5696,8,20.3,8.5,17.2,0.35,10.0,5.0,53.7,27.7,30.8,2026-08-06 23:30:19
5697,1,46.9,21.6,32.7,0.74,16.1,9.7,25.6,29.3,49.6,2026-08-06 23:38:19
5698,4,86.8,38.8,78.4,1.09,33.9,17.2,35.4,30.0,77.2,2026-08-06 23:46:19
5699,6,116.2,52.7,86.7,1.58,42.6,21.2,30.1,31.7,56.4,2026-08-06 23:54:19
5700,8,106.3,46.9,75.3,1.45,43.8,19.7,52.7,35.8,50.9,2026-08-07 00:02:19
5701,8,104.5,47.5,88.1,1.38,38.1,20.7,53.5,20.2,62.2,2026-08-07 00:10:19
5702,4,56.8,24.5,38.1,0.77,25.4,9.1,50.4,27.2,48.9,2026-08-07 00:18:19
5703,10,89.2,39.8,69.3,1.17,35.2,17.9,34.4,34.8,60.0,2026-08-07 00:26:19
5704,10,83.0,36.0,61.5,1.13,36.4,13.0,51.8,31.1,83.4,2026-08-07 00:34:19
5705,9,81.5,36.8,57.5,1.01,30.6,13.9,49.5,18.7,71.3,2026-08-07 00:42:19
5706,4,112.3,50.8,88.9,1.62,41.8,22.2,54.9,37.8,61.4,2026-08-07 00:50:19
5707,6,44.9,20.0,34.9,0.57,17.7,9.3,29.8,35.3,45.6,2026-08-07 00:58:19
5708,1,93.9,42.1,61.4,1.27,36.3,18.3,40.0,20.2,43.4,2026-08-07 01:06:19
5709,3,40.6,18.5,33.2,0.63,14.6,5.4,42.8,26.1,80.8,2026-08-07 01:14:19
5710,3,125.7,56.6,91.9,1.62,47.7,23.9,51.0,24.0,78.7,2026-08-07 01:22:19
5711,6,136.4,61.1,106.3,1.8,52.9,23.2,32.6,27.5,55.0,2026-08-07 01:30:19
5712,1,70.9,32.3,65.4,0.88,25.6,12.1,50.0,30.2,74.1,2026-08-07 01:38:19
5713,4,48.8,22.2,35.6,0.62,17.6,8.7,39.2,25.2,33.9,2026-08-07 01:46:19
5714,9,163.3,72.9,140.7,2.23,64.2,28.6,39.6,18.1,84.0,2026-08-07 01:54:19
5715,1,30.8,13.5,20.1,0.43,13.0,5.1,35.6,19.7,51.5,2026-08-07 02:02:19
5716,5,54.2,23.4,48.8,0.61,24.2,7.5,36.6,25.9,42.8,2026-08-07 02:10:19
5717,1,96.7,43.5,72.6,1.26,36.7,16.5,41.3,26.6,79.1,2026-08-07 02:18:19
5718,3,135.9,59.7,107.4,1.81,56.9,23.2,39.9,26.0,75.4,2026-08-07 02:26:19
5719,10,108.1,47.3,91.6,1.43,45.9,19.0,37.0,28.6,38.3,2026-08-07 02:34:19
5720,1,100.8,44.1,90.6,1.41,42.9,15.8,51.8,28.3,60.5,2026-08-07 02:42:19
5721,5,124.8,55.8,84.2,1.75,48.8,22.5,46.4,29.6,49.7,2026-08-07 02:50:19
5722,5,60.3,27.5,53.9,0.84,21.6,12.5,29.7,29.3,58.9,2026-08-07 02:58:19
5723,4,78.3,34.9,69.1,1.03,30.9,14.6,29.0,36.0,55.3,2026-08-07 03:06:19
5724,10,40.3,18.4,33.6,0.47,14.3,7.7,49.6,24.2,80.1,2026-08-07 03:14:19
5725,9,86.7,39.0,57.4,1.24,32.9,17.3,37.7,20.5,47.7,2026-08-07 03:22:19
5726,7,80.8,35.5,66.4,1.08,33.9,15.2,47.4,35.8,64.9,2026-08-07 03:30:19
5727,6,79.9,35.6,71.4,1.01,31.6,12.4,32.2,36.1,78.2,2026-08-07 03:38:19
5728,9,92.3,40.4,57.5,1.2,39.1,15.7,41.0,29.2,69.4,2026-08-07 03:46:19
5729,7,76.7,33.7,55.1,0.98,32.1,11.8,47.3,35.3,75.6,2026-08-07 03:54:19
5730,8,82.5,36.1,55.0,1.11,35.0,12.8,50.8,24.0,71.7,2026-08-07 04:02:19
5731,7,58.2,26.7,38.7,0.88,20.3,11.1,33.4,27.3,52.2,2026-08-07 04:10:19
5732,3,71.2,31.0,57.3,0.84,30.7,11.0,35.2,34.1,43.7,2026-08-07 04:18:19
5733,2,119.3,52.2,89.8,1.53,50.7,20.1,41.8,24.9,32.0,2026-08-07 04:26:19
5734,9,59.9,25.6,41.8,0.75,27.6,9.6,39.5,34.1,43.8,2026-08-07 04:34:19
5735,8,50.8,23.5,40.5,0.73,16.9,9.2,38.7,30.6,34.8,2026-08-07 04:42:19
5736,1,77.0,33.9,64.8,0.97,31.9,13.5,44.8,18.7,45.5,2026-08-07 04:50:19
5737,6,107.2,48.0,69.6,1.54,41.5,20.5,48.8,33.1,74.0,2026-08-07 04:58:19
5738,5,97.8,42.6,75.4,1.21,42.3,16.4,27.8,35.2,80.0,2026-08-07 05:06:19
5739,3,124.1,55.4,105.7,1.58,48.8,23.4,27.2,30.6,44.5,2026-08-07 05:14:19
5740,2,85.1,38.3,69.9,1.15,32.3,15.3,53.5,26.6,46.4,2026-08-07 05:22:19
5741,10,53.2,24.5,37.9,0.69,18.3,11.0,42.7,21.3,35.4,2026-08-07 05:30:19
5742,2,141.3,62.8,106.5,1.9,56.5,24.5,30.1,32.8,65.7,2026-08-07 05:38:19
5743,7,89.8,40.0,58.4,1.12,35.5,15.7,27.7,18.7,31.2,2026-08-07 05:46:19
5744,5,145.6,63.9,126.9,1.86,61.1,24.5,39.1,28.6,59.9,2026-08-07 05:54:19
5745,3,98.0,42.8,61.9,1.34,42.0,18.3,42.8,20.9,47.6,2026-08-07 06:02:19
5746,3,79.2,35.4,63.2,1.01,31.0,12.5,42.4,23.6,46.5,2026-08-07 06:10:19
5747,1,119.9,53.1,78.3,1.64,48.6,20.5,33.3,30.2,79.8,2026-08-07 06:18:19
5748,2,112.6,50.6,71.1,1.42,43.1,20.1,46.2,28.7,77.4,2026-08-07 06:26:19
5749,6,55.8,24.2,46.5,0.63,24.5,11.3,38.0,37.9,46.2,2026-08-07 06:34:19
5750,4,15.8,5.9,8.3,0.14,10.3,5.0,27.0,20.5,58.2,2026-08-07 06:42:19
5751,10,77.4,33.4,63.4,1.07,34.6,13.0,26.0,35.9,43.1,2026-08-07 06:50:19
5752,6,64.9,28.6,45.9,0.91,26.8,12.8,40.4,23.5,41.4,2026-08-07 06:58:19
5753,8,86.8,39.1,70.8,1.16,32.8,16.9,39.1,22.0,49.2,2026-08-07 07:06:19
5754,6,71.5,30.9,64.6,1.02,31.8,11.2,33.9,30.3,78.8,2026-08-07 07:14:19
5755,8,68.0,29.9,56.8,0.86,28.4,10.5,28.1,20.9,65.0,2026-08-07 07:22:19
5756,5,141.0,61.9,114.7,1.92,59.2,25.6,26.2,34.2,37.4,2026-08-07 07:30:19
5757,8,98.5,43.2,79.5,1.39,41.4,17.1,48.9,32.4,51.5,2026-08-07 07:38:19
5758,6,48.4,22.1,43.0,0.67,17.3,7.6,26.5,24.1,69.7,2026-08-07 07:46:19
5759,10,115.0,51.6,81.1,1.55,44.2,20.4,50.2,25.4,64.0,2026-08-07 07:54:19
5760,4,102.7,46.0,78.0,1.35,39.8,18.1,29.2,21.3,79.2,2026-08-07 08:02:19
5761,8,53.8,24.6,44.1,0.74,19.0,9.4,31.6,25.1,30.1,2026-08-07 08:10:19
5762,8,45.7,20.7,31.1,0.69,16.9,9.4,37.8,27.1,54.1,2026-08-07 08:18:19
5763,10,60.6,26.1,53.9,0.82,27.3,9.9,53.8,25.9,65.1,2026-08-07 08:26:19
5764,8,54.9,24.3,37.0,0.75,22.3,9.3,34.5,30.9,58.6,2026-08-07 08:34:19
5765,3,102.2,45.3,77.5,1.39,41.3,18.6,27.7,25.2,66.5,2026-08-07 08:42:19
5766,1,51.2,23.2,35.1,0.67,18.8,8.7,52.8,34.1,32.0,2026-08-07 08:50:19
5767,2,58.5,27.1,44.4,0.75,19.5,9.2,34.0,35.3,63.3,2026-08-07 08:58:19
5768,4,77.0,35.3,56.4,1.03,26.9,15.5,45.2,28.2,64.3,2026-08-07 09:06:19
5769,2,60.8,26.6,50.5,0.74,25.9,9.3,44.8,29.2,34.1,2026-08-07 09:14:19
5770,5,85.9,39.0,81.5,1.12,31.3,13.7,47.7,37.7,59.7,2026-08-07 09:22:19
5771,8,89.4,39.7,82.3,1.28,35.8,16.5,48.0,28.5,56.0,2026-08-07 09:30:19
5772,1,131.0,59.3,104.1,1.86,48.5,23.8,52.1,21.7,39.4,2026-08-07 09:38:19
5773,7,82.5,36.3,52.7,1.14,34.3,16.2,33.6,34.1,66.4,2026-08-07 09:46:19
5774,10,84.3,37.4,66.2,1.15,33.9,15.2,42.2,31.9,66.8,2026-08-07 09:54:19
5775,3,86.8,38.5,62.7,1.14,34.9,13.9,54.1,18.2,52.1,2026-08-07 10:02:19
5776,7,98.1,42.6,78.7,1.19,42.8,19.0,38.8,22.7,44.5,2026-08-07 10:10:19
5777,6,139.5,62.9,128.5,1.95,52.5,24.9,35.4,36.7,75.8,2026-08-07 10:18:19
5778,1,92.1,40.5,64.3,1.13,38.3,14.8,26.2,30.5,56.5,2026-08-07 10:26:19
5779,9,34.2,15.4,25.3,0.42,12.9,7.2,48.6,26.6,83.1,2026-08-07 10:34:19
5780,10,86.0,37.2,65.1,1.11,38.0,13.7,39.3,35.1,50.0,2026-08-07 10:42:19
5781,7,84.5,37.1,73.9,1.21,35.4,13.6,34.9,32.0,48.8,2026-08-07 10:50:19
5782,8,81.5,37.2,65.3,1.15,29.0,14.0,36.5,33.9,52.2,2026-08-07 10:58:19
5783,9,63.7,27.9,52.5,0.91,27.0,11.5,29.4,24.5,67.0,2026-08-07 11:06:19
5784,10,118.0,51.9,80.8,1.5,49.2,21.5,30.3,35.1,42.7,2026-08-07 11:14:19
5785,5,136.2,61.2,125.7,1.94,52.0,24.6,48.8,27.7,44.3,2026-08-07 11:22:19
5786,4,93.3,41.8,60.7,1.18,36.1,17.9,32.6,35.6,66.5,2026-08-07 11:30:19
5787,10,38.9,18.3,29.4,0.5,11.9,5.8,27.4,32.9,32.5,2026-08-07 11:38:19
5788,7,94.7,41.7,75.4,1.3,39.3,16.5,51.3,20.1,36.9,2026-08-07 11:46:19
5789,1,40.7,17.0,29.0,0.58,20.1,5.5,46.2,21.5,79.5,2026-08-07 11:54:19
5790,2,85.6,37.5,70.7,1.11,36.2,13.1,40.6,23.5,70.1,2026-08-07 12:02:19
5791,5,63.3,28.2,54.8,0.81,25.0,9.3,28.1,19.7,45.1,2026-08-07 12:10:19
5792,2,15.0,5.0,10.3,0.22,10.0,5.0,53.5,34.5,33.2,2026-08-07 12:18:19
5793,4,24.9,10.4,21.8,0.22,12.3,5.0,46.5,31.7,46.6,2026-08-07 12:26:19
5794,3,96.8,42.1,82.2,1.28,42.1,18.6,38.0,24.2,72.0,2026-08-07 12:34:19
5795,7,66.4,29.9,49.0,0.85,25.2,11.2,25.4,32.6,39.2,2026-08-07 12:42:19
5796,10,83.7,38.1,64.0,1.06,30.3,16.0,49.9,35.5,76.8,2026-08-07 12:50:19
5797,10,124.0,55.0,86.7,1.57,50.0,22.7,29.0,22.4,63.3,2026-08-07 12:58:19
5798,2,47.8,22.0,35.0,0.69,16.3,10.0,27.8,32.0,74.6,2026-08-07 13:06:19
5799,5,46.6,20.2,33.6,0.62,20.4,8.0,25.5,30.8,51.3,2026-08-07 13:14:19
5800,7,59.9,26.9,48.8,0.84,22.9,12.6,53.3,29.5,84.3,2026-08-07 13:22:19
5801,1,123.7,56.1,110.9,1.7,45.5,23.5,34.6,38.0,73.2,2026-08-07 13:30:19
5802,5,95.4,43.1,87.3,1.22,35.7,15.9,50.8,35.0,56.6,2026-08-07 13:38:19
5803,3,68.7,30.8,43.4,1.0,26.5,11.4,29.8,32.0,34.8,2026-08-07 13:46:19
5804,3,99.1,43.7,83.4,1.37,40.8,19.1,47.6,25.8,45.7,2026-08-07 13:54:19
5805,5,76.2,34.9,50.8,1.01,26.8,15.5,27.2,22.4,31.7,2026-08-07 14:02:19
5806,3,135.5,60.8,88.6,1.83,52.1,22.8,42.5,23.4,81.3,2026-08-07 14:10:19
5807,10,109.9,49.8,100.7,1.55,40.6,21.5,41.1,30.9,44.2,2026-08-07 14:18:19
5808,6,66.4,30.0,51.2,0.85,24.8,10.7,28.9,23.9,51.7,2026-08-07 14:26:19
5809,2,63.0,28.1,50.8,0.91,24.8,12.7,46.7,30.5,41.2,2026-08-07 14:34:19
5810,8,56.5,25.8,41.0,0.78,20.2,10.8,45.9,29.9,46.2,2026-08-07 14:42:19
5811,5,48.2,21.1,36.2,0.67,20.4,7.5,47.1,34.2,38.3,2026-08-07 14:50:19
5812,5,67.8,30.1,55.2,0.95,27.2,12.8,34.6,25.1,48.5,2026-08-07 14:58:19
5813,10,73.6,31.8,57.5,0.9,32.8,11.6,45.0,21.5,58.3,2026-08-07 15:06:19
5814,3,43.9,19.4,30.5,0.66,18.0,7.3,46.1,27.2,62.6,2026-08-07 15:14:19
5815,5,120.2,54.5,83.1,1.61,44.2,21.9,40.1,29.4,47.1,2026-08-07 15:22:19
5816,10,82.7,37.1,71.6,1.06,31.8,15.5,46.1,29.0,67.6,2026-08-07 15:30:19
5817,5,40.1,18.1,26.5,0.45,15.1,7.4,39.4,28.3,80.8,2026-08-07 15:38:19
5818,3,114.3,50.8,96.2,1.56,45.8,20.7,45.3,31.6,37.8,2026-08-07 15:46:19
5819,1,67.1,30.0,44.1,0.84,26.2,10.2,45.9,23.7,64.5,2026-08-07 15:54:19
5820,6,83.3,37.3,70.9,1.04,32.3,14.7,33.8,26.9,32.3,2026-08-07 16:02:19
5821,5,51.4,23.3,39.9,0.77,19.0,10.6,50.3,36.0,58.0,2026-08-07 16:10:19
5822,5,118.2,51.9,102.2,1.52,49.6,19.7,25.9,27.1,45.1,2026-08-07 16:18:19
5823,8,100.1,43.6,86.0,1.25,43.2,17.5,27.1,35.8,60.7,2026-08-07 16:26:19
5824,10,83.7,38.1,59.8,1.23,30.2,16.1,36.7,28.3,78.2,2026-08-07 16:34:19
5825,4,28.9,13.1,26.5,0.35,10.6,5.0,52.6,36.2,63.7,2026-08-07 16:42:19
5826,7,24.8,11.0,17.7,0.38,10.0,5.0,40.9,26.4,55.7,2026-08-07 16:50:19
5827,4,60.7,28.1,57.8,0.77,20.3,13.1,33.7,20.7,57.7,2026-08-07 16:58:19
5828,6,84.7,38.7,56.0,1.21,30.0,16.5,36.3,35.4,84.0,2026-08-07 17:06:19
5829,1,21.2,8.4,16.8,0.27,12.2,5.0,36.3,30.1,57.3,2026-08-07 17:14:19
5830,7,84.2,38.0,72.0,1.08,31.5,15.2,36.1,35.3,64.2,2026-08-07 17:22:19
5831,6,20.7,8.7,14.9,0.17,10.0,5.0,46.2,35.0,31.4,2026-08-07 17:30:19
5832,2,139.5,60.9,118.7,1.77,59.7,23.9,30.7,37.2,56.8,2026-08-07 17:38:19
5833,4,22.6,9.6,16.2,0.36,10.7,5.0,35.3,23.8,64.0,2026-08-07 17:46:19
5834,7,109.5,48.8,74.3,1.55,43.4,18.0,33.8,37.2,38.2,2026-08-07 17:54:19
5835,4,91.5,41.0,66.5,1.33,35.5,14.7,32.6,19.1,30.8,2026-08-07 18:02:19
5836,8,92.8,42.3,66.9,1.27,33.4,16.7,33.9,30.2,68.0,2026-08-07 18:10:19
5837,4,15.0,5.0,10.2,0.24,10.0,5.0,33.2,34.5,64.3,2026-08-07 18:18:19
5838,2,68.5,30.5,54.2,0.89,27.3,11.2,40.3,35.8,80.9,2026-08-07 18:26:19
5839,10,57.7,26.4,44.5,0.89,20.3,11.7,51.0,19.4,76.8,2026-08-07 18:34:19
5840,6,119.2,52.1,95.9,1.63,50.9,22.3,50.5,26.6,79.1,2026-08-07 18:42:19
5841,2,117.6,51.3,75.8,1.52,50.6,18.6,48.5,28.1,59.5,2026-08-07 18:50:19
5842,9,103.2,46.1,65.9,1.41,40.5,19.9,44.7,18.2,73.2,2026-08-07 18:58:19
5843,5,78.3,33.8,65.3,1.0,35.0,13.8,33.0,33.1,72.3,2026-08-07 19:06:19
5844,9,56.5,26.2,49.3,0.7,18.6,11.9,54.3,23.7,78.8,2026-08-07 19:14:19
5845,7,98.0,42.8,73.2,1.22,41.9,16.0,32.0,23.5,80.0,2026-08-07 19:22:19
5846,7,130.5,57.7,82.6,1.82,53.2,22.0,29.9,25.9,46.0,2026-08-07 19:30:19
5847,7,79.4,35.0,49.4,1.12,32.8,14.9,39.4,30.3,34.2,2026-08-07 19:38:19
5848,8,59.0,25.5,39.3,0.76,26.1,8.8,28.6,22.6,63.4,2026-08-07 19:46:19
5849,4,73.5,31.9,49.7,0.99,32.2,14.0,36.0,36.9,79.6,2026-08-07 19:54:19
5850,9,59.2,26.8,47.8,0.8,22.0,11.7,47.0,33.5,49.5,2026-08-07 20:02:19
5851,3,15.0,5.0,10.2,0.23,10.0,5.0,52.1,30.8,32.8,2026-08-07 20:10:19
5852,5,146.7,66.3,125.4,2.07,54.7,27.7,53.1,23.0,33.0,2026-08-07 20:18:19
5853,4,69.9,31.0,47.2,0.94,28.1,13.6,28.9,19.6,56.9,2026-08-07 20:26:19
5854,6,107.5,47.5,72.6,1.51,44.1,17.5,40.3,35.6,80.1,2026-08-07 20:34:19
5855,4,148.6,66.0,130.2,1.89,59.5,27.1,45.8,23.3,73.4,2026-08-07 20:42:19
5856,4,74.2,33.8,51.6,1.06,26.7,13.3,54.0,29.7,51.7,2026-08-07 20:50:19
5857,9,15.0,5.0,7.0,0.1,10.0,5.0,28.6,21.1,75.6,2026-08-07 20:58:19
5858,5,109.5,49.1,97.9,1.38,42.3,20.8,29.4,26.7,41.2,2026-08-07 21:06:19
5859,8,111.3,48.9,91.3,1.55,46.6,17.8,43.7,18.3,56.6,2026-08-07 21:14:19
5860,1,50.8,22.3,46.3,0.6,21.3,7.2,41.5,23.3,72.2,2026-08-07 21:22:19
5861,8,73.7,33.0,58.5,0.94,28.5,12.9,39.5,23.7,80.7,2026-08-07 21:30:19
5862,3,64.2,28.3,58.9,0.9,26.5,12.1,39.6,31.9,66.3,2026-08-07 21:38:19
5863,10,82.7,36.3,75.5,1.05,34.8,12.6,38.2,26.0,34.8,2026-08-07 21:46:19
5864,5,97.8,42.6,87.9,1.21,42.3,18.1,46.0,22.7,39.7,2026-08-07 21:54:19
5865,9,15.0,5.1,10.4,0.21,10.0,5.0,33.0,37.9,72.0,2026-08-07 22:02:19
5866,9,75.2,33.9,61.6,0.97,28.3,15.6,49.1,21.7,33.4,2026-08-07 22:10:19
5867,7,66.2,30.0,46.7,0.83,24.3,10.9,54.1,18.5,62.7,2026-08-07 22:18:19
5868,2,43.8,18.7,29.2,0.47,20.2,6.4,51.8,37.3,77.1,2026-08-07 22:26:19
5869,6,39.9,17.3,26.4,0.58,17.5,5.9,42.7,30.0,36.7,2026-08-07 22:34:19
5870,9,79.5,34.4,58.3,1.02,35.1,13.9,44.0,19.3,72.5,2026-08-07 22:42:19
5871,2,99.3,43.1,79.8,1.32,43.4,18.5,51.2,28.2,36.9,2026-08-07 22:50:19
5872,1,61.4,26.4,42.9,0.76,27.8,11.6,46.1,31.5,39.8,2026-08-07 22:58:19
5873,3,54.6,24.2,36.2,0.78,22.0,9.6,54.0,34.8,36.8,2026-08-07 23:06:19
5874,2,88.0,39.1,78.6,1.19,35.3,14.4,46.7,21.4,40.7,2026-08-07 23:14:19
5875,8,74.9,33.1,68.4,1.0,30.6,12.2,26.3,18.7,74.1,2026-08-07 23:22:19
5876,2,112.9,50.0,96.6,1.58,45.8,20.9,29.3,25.2,57.9,2026-08-07 23:30:19
5877,3,42.4,19.8,34.4,0.62,13.6,7.5,42.0,22.5,69.4,2026-08-07 23:38:19
5878,7,35.7,15.6,23.7,0.47,15.2,8.1,28.7,30.9,57.6,2026-08-07 23:46:19
5879,7,100.3,43.6,76.4,1.28,43.7,17.2,34.4,26.1,62.4,2026-08-07 23:54:19
5880,6,89.0,40.3,80.2,1.27,32.9,14.5,47.1,31.4,80.7,2026-08-08 00:02:19
5881,4,79.7,34.4,61.5,0.99,35.5,15.5,38.3,24.8,49.1,2026-08-08 00:10:19
5882,10,100.1,45.6,78.6,1.3,36.1,19.8,53.5,19.3,30.6,2026-08-08 00:18:19
5883,8,94.2,42.9,66.8,1.31,34.0,15.9,49.6,36.6,75.8,2026-08-08 00:26:19
5884,2,70.7,32.4,67.6,0.92,24.7,14.0,47.7,28.1,51.9,2026-08-08 00:34:19
5885,5,86.8,38.3,72.5,1.09,35.7,13.5,43.4,24.2,76.0,2026-08-08 00:42:19
5886,2,70.9,31.4,49.6,0.9,28.7,11.0,51.0,25.6,50.7,2026-08-08 00:50:19
5887,5,130.7,58.2,98.0,1.84,51.8,23.5,32.0,36.0,31.7,2026-08-08 00:58:19
5888,8,64.7,28.0,43.8,0.82,28.5,11.9,26.6,19.4,70.6,2026-08-08 01:06:19
5889,6,106.6,46.4,88.4,1.41,46.2,19.6,38.7,33.4,68.2,2026-08-08 01:14:19
5890,6,73.9,33.5,54.9,0.97,27.1,14.5,37.1,34.1,74.3,2026-08-08 01:22:19
5891,8,129.9,56.8,100.5,1.8,55.4,23.7,53.8,31.7,76.3,2026-08-08 01:30:19
5892,2,45.4,20.6,29.6,0.68,16.6,9.2,47.6,29.8,42.8,2026-08-08 01:38:19
5893,7,23.6,10.2,17.7,0.37,10.4,5.0,34.3,19.1,36.0,2026-08-08 01:46:19
5894,6,97.1,42.1,64.5,1.33,42.7,16.8,35.4,37.6,45.7,2026-08-08 01:54:19
5895,4,101.7,45.3,89.3,1.32,40.4,16.5,26.3,20.4,61.8,2026-08-08 02:02:19
5896,1,74.6,33.9,70.1,0.96,27.1,15.1,51.9,27.6,50.8,2026-08-08 02:10:19
5897,9,56.7,25.8,48.2,0.83,20.6,10.5,29.4,24.9,46.6,2026-08-08 02:18:19
5898,5,71.9,31.1,63.8,0.97,31.9,11.1,39.0,37.3,46.1,2026-08-08 02:26:19
5899,3,81.4,35.1,66.6,1.13,36.4,14.3,48.7,34.4,80.6,2026-08-08 02:34:19
5900,3,136.9,60.6,99.4,1.79,55.6,22.9,39.1,20.2,35.3,2026-08-08 02:42:19
5901,4,15.0,5.0,8.4,0.18,10.0,5.0,30.6,26.0,38.8,2026-08-08 02:50:19
5902,3,127.0,56.9,114.6,1.67,49.2,21.4,44.2,35.1,75.9,2026-08-08 02:58:19
5903,1,142.2,62.3,116.3,1.9,60.2,24.2,35.2,35.6,30.4,2026-08-08 03:06:19
5904,1,114.8,52.1,89.7,1.64,42.1,21.2,49.4,26.9,58.2,2026-08-08 03:14:19
5905,7,121.0,54.1,92.4,1.67,47.2,23.5,50.9,24.4,69.1,2026-08-08 03:22:19
5906,3,72.9,33.1,68.3,0.94,26.7,13.6,32.7,33.7,81.3,2026-08-08 03:30:19
5907,6,107.1,47.2,78.0,1.48,44.2,20.8,52.9,19.6,84.0,2026-08-08 03:38:19
5908,7,78.5,34.4,68.0,1.01,33.2,15.0,53.2,31.3,64.2,2026-08-08 03:46:19
5909,4,44.1,20.6,35.3,0.54,14.0,8.4,33.5,22.2,81.3,2026-08-08 03:54:19
5910,7,58.2,24.9,35.5,0.68,26.7,9.8,44.7,37.1,45.7,2026-08-08 04:02:19
5911,9,64.4,27.6,49.5,0.89,29.4,9.4,35.1,18.1,32.1,2026-08-08 04:10:19
5912,1,75.4,33.9,59.1,0.97,28.8,11.8,54.5,26.0,55.4,2026-08-08 04:18:19
5913,5,15.0,5.0,10.2,0.19,10.0,5.0,31.4,22.2,64.3,2026-08-08 04:26:19
5914,8,92.7,40.4,83.0,1.18,40.0,16.8,41.9,37.3,49.6,2026-08-08 04:34:19
5915,8,20.7,8.2,15.9,0.15,11.9,5.0,26.3,35.8,56.7,2026-08-08 04:42:19
5916,1,110.8,48.7,79.5,1.51,46.3,19.7,44.4,27.0,63.3,2026-08-08 04:50:19
5917,2,108.8,47.9,94.3,1.53,45.1,17.6,34.4,20.5,40.6,2026-08-08 04:58:19
5918,7,74.3,34.1,61.2,0.98,25.9,14.5,43.9,22.4,46.2,2026-08-08 05:06:19
5919,7,112.8,49.1,102.6,1.43,48.9,18.9,53.0,30.9,54.1,2026-08-08 05:14:19
5920,6,74.1,32.1,65.6,1.05,32.7,12.9,35.0,30.4,46.8,2026-08-08 05:22:19
5921,1,92.1,41.5,59.1,1.27,34.7,17.2,54.2,36.0,74.7,2026-08-08 05:30:19
5922,5,36.4,15.1,23.3,0.45,18.4,5.0,44.4,34.6,34.5,2026-08-08 05:38:19
5923,2,39.3,17.8,31.2,0.55,14.5,6.7,29.5,37.7,74.1,2026-08-08 05:46:19
5924,5,87.0,38.9,65.2,1.2,34.0,17.4,29.8,23.8,33.2,2026-08-08 05:54:19
5925,6,100.6,45.2,89.6,1.29,38.5,18.2,30.7,21.9,37.2,2026-08-08 06:02:19
5926,10,63.2,28.6,58.2,0.82,23.5,11.6,26.1,26.5,49.6,2026-08-08 06:10:19
5927,5,82.1,36.9,59.1,1.08,31.3,13.0,50.4,25.2,40.8,2026-08-08 06:18:19
5928,4,67.5,29.4,50.3,0.86,29.2,13.1,47.1,34.2,58.1,2026-08-08 06:26:19
5929,2,78.0,35.5,52.0,1.08,28.3,14.5,38.4,37.6,66.9,2026-08-08 06:34:19
5930,9,78.8,34.0,59.5,0.97,35.3,14.5,44.9,20.7,40.8,2026-08-08 06:42:19
5931,7,113.8,51.1,106.6,1.6,43.6,19.8,46.3,22.1,62.4,2026-08-08 06:50:19
5932,4,15.0,5.0,10.2,0.1,10.0,5.0,28.2,18.1,37.1,2026-08-08 06:58:19
5933,9,62.8,28.2,43.2,0.75,24.0,11.0,32.5,36.5,69.3,2026-08-08 07:06:19
5934,10,37.9,16.6,31.8,0.5,16.0,8.5,47.5,20.4,30.7,2026-08-08 07:14:19
5935,1,144.0,65.0,91.1,1.89,54.0,24.9,46.8,23.7,60.2,2026-08-08 07:22:19
5936,3,26.2,11.8,20.2,0.33,10.0,5.0,40.9,28.9,75.8,2026-08-08 07:30:19
5937,5,27.0,11.1,16.2,0.38,14.0,5.0,50.1,30.2,40.4,2026-08-08 07:38:19
5938,4,59.0,25.5,48.9,0.77,26.1,9.2,42.8,34.9,63.7,2026-08-08 07:46:19
5939,2,61.4,27.3,46.5,0.74,24.6,10.7,31.4,30.0,72.6,2026-08-08 07:54:19
5940,10,125.0,55.9,114.0,1.7,48.7,23.5,37.8,21.3,74.1,2026-08-08 08:02:19
5941,9,63.4,28.1,49.9,0.77,25.6,11.1,37.2,36.2,68.7,2026-08-08 08:10:19
5942,10,96.9,42.7,84.8,1.27,40.1,18.3,46.1,31.0,72.7,2026-08-08 08:18:19
5943,7,55.6,24.7,47.2,0.71,22.3,10.0,45.5,35.6,69.3,2026-08-08 08:26:19
5944,4,42.4,17.8,32.9,0.44,20.8,7.8,54.4,30.4,39.9,2026-08-08 08:34:19
5945,6,15.8,6.0,11.6,0.18,10.0,5.0,43.7,32.9,37.2,2026-08-08 08:42:19
5946,5,97.7,42.5,62.1,1.25,42.4,17.8,32.8,18.7,75.3,2026-08-08 08:50:19
5947,2,72.6,31.6,53.1,0.86,31.5,12.2,48.3,36.7,77.8,2026-08-08 08:58:19
5948,4,135.4,60.7,114.1,1.83,52.2,22.4,47.7,37.2,49.6,2026-08-08 09:06:19
5949,8,81.8,35.9,69.6,1.09,34.4,15.7,34.9,34.9,61.6,2026-08-08 09:14:19
5950,1,78.3,35.2,64.5,1.01,29.8,14.4,50.8,19.0,82.2,2026-08-08 09:22:19
5951,8,94.6,42.2,72.6,1.23,37.2,17.1,40.4,27.6,79.2,2026-08-08 09:30:19
5952,3,24.4,10.1,18.5,0.22,12.5,5.6,47.1,20.9,75.4,2026-08-08 09:38:19
5953,3,47.7,21.2,34.8,0.59,19.1,9.8,44.5,31.4,31.2,2026-08-08 09:46:19
5954,6,94.6,42.4,66.4,1.25,36.5,16.3,42.7,21.9,66.4,2026-08-08 09:54:19
5955,2,54.1,23.3,41.2,0.69,24.4,9.4,35.8,30.6,69.7,2026-08-08 10:02:19
5956,5,52.8,22.9,39.4,0.61,23.2,8.8,51.6,19.8,39.1,2026-08-08 10:10:19
5957,10,107.9,47.2,74.1,1.42,45.9,20.3,51.2,25.7,43.0,2026-08-08 10:18:19
5958,8,65.0,27.8,50.1,0.92,29.9,9.9,39.2,26.2,64.1,2026-08-08 10:26:19
5959,8,52.5,22.9,35.5,0.78,22.6,11.1,44.1,20.5,80.2,2026-08-08 10:34:19
5960,2,108.5,48.9,96.5,1.51,40.9,18.5,46.5,28.8,58.2,2026-08-08 10:42:19
5961,3,95.1,41.8,77.0,1.21,39.7,14.9,39.9,25.8,81.0,2026-08-08 10:50:19
5962,1,62.3,26.7,45.1,0.73,28.4,11.1,25.8,34.5,83.0,2026-08-08 10:58:19
5963,7,86.7,37.7,53.3,1.22,37.6,13.6,54.3,27.3,64.1,2026-08-08 11:06:19
5964,5,92.7,40.9,76.3,1.32,38.2,15.9,44.6,36.1,58.9,2026-08-08 11:14:19
5965,7,81.8,35.6,68.0,1.06,35.4,12.9,38.0,18.7,47.8,2026-08-08 11:22:19
5966,8,88.5,39.5,61.4,1.2,34.8,17.5,43.0,20.6,59.8,2026-08-08 11:30:19
5967,9,70.5,30.4,58.2,0.96,31.6,10.8,32.5,29.0,47.3,2026-08-08 11:38:19
5968,3,99.7,43.9,74.7,1.23,41.4,18.0,48.4,36.1,67.6,2026-08-08 11:46:19
5969,6,91.5,41.1,71.1,1.24,35.1,17.4,54.0,31.5,76.0,2026-08-08 11:54:19
5970,5,63.3,28.8,44.0,0.78,22.9,11.9,36.4,18.6,54.6,2026-08-08 12:02:19
5971,7,42.6,18.0,33.1,0.64,20.5,8.1,38.4,21.4,78.4,2026-08-08 12:10:19
5972,1,104.7,46.8,69.7,1.4,41.0,19.0,25.7,18.5,43.0,2026-08-08 12:18:19
5973,7,90.6,40.1,60.1,1.16,36.9,16.7,34.1,23.3,43.2,2026-08-08 12:26:19
5974,9,95.5,42.2,82.9,1.17,39.1,17.6,34.0,28.1,36.1,2026-08-08 12:34:19
5975,1,16.5,6.4,12.2,0.11,10.0,5.0,50.9,18.6,39.5,2026-08-08 12:42:19
5976,10,105.7,46.0,96.3,1.34,45.8,18.7,41.5,31.9,83.5,2026-08-08 12:50:19
5977,7,15.0,5.0,9.3,0.22,10.0,5.0,45.0,18.4,55.5,2026-08-08 12:58:19
5978,1,78.5,35.9,67.0,1.08,27.8,14.2,36.4,21.2,56.1,2026-08-08 13:06:19
5979,7,82.4,36.1,65.8,1.02,34.8,13.5,26.9,31.6,52.7,2026-08-08 13:14:19
5980,3,150.2,66.5,116.2,2.05,61.1,25.1,35.8,23.4,76.4,2026-08-08 13:22:19
5981,3,91.4,39.7,68.9,1.23,39.8,16.1,50.0,22.3,60.0,2026-08-08 13:30:19
5982,7,137.2,60.2,89.6,1.79,57.6,22.8,54.8,20.9,61.8,2026-08-08 13:38:19
5983,8,108.5,48.3,70.6,1.4,43.1,18.5,32.3,23.6,83.3,2026-08-08 13:46:19
5984,7,109.1,48.6,86.5,1.45,43.2,20.9,52.8,37.6,57.3,2026-08-08 13:54:19
5985,3,24.1,10.6,16.2,0.37,10.0,5.0,49.7,36.5,34.8,2026-08-08 14:02:19
5986,9,118.0,52.9,104.2,1.49,45.5,21.8,25.8,31.3,81.0,2026-08-08 14:10:19
5987,4,74.2,33.5,57.4,0.97,27.7,12.6,27.7,27.1,49.5,2026-08-08 14:18:19
5988,1,140.3,63.0,130.9,1.97,53.8,27.2,49.4,20.6,80.9,2026-08-08 14:26:19
5989,6,63.6,28.9,45.3,0.88,23.2,11.5,42.4,33.0,67.1,2026-08-08 14:34:19
5990,5,15.0,5.0,8.7,0.13,10.0,5.0,46.9,19.2,69.8,2026-08-08 14:42:19
5991,9,58.6,25.0,37.3,0.7,27.3,11.8,53.5,37.0,33.1,2026-08-08 14:50:19
5992,5,54.3,23.8,41.3,0.73,23.0,10.0,29.5,24.4,79.9,2026-08-08 14:58:19
5993,3,66.2,28.5,48.9,0.89,29.8,11.5,41.7,18.5,40.8,2026-08-08 15:06:19
5994,7,98.1,44.3,68.4,1.31,36.8,16.1,36.2,21.5,47.2,2026-08-08 15:14:19
5995,3,59.8,27.0,37.9,0.9,22.4,9.4,47.2,33.8,61.2,2026-08-08 15:22:19
5996,9,80.5,34.8,70.1,1.14,35.7,14.7,42.8,24.4,31.0,2026-08-08 15:30:19
5997,4,15.0,5.0,7.7,0.17,10.0,5.0,44.3,23.2,31.4,2026-08-08 15:38:19
5998,8,119.6,53.0,86.6,1.49,48.4,22.4,29.7,30.9,67.1,2026-08-08 15:46:19
5999,3,64.8,29.2,57.7,0.87,24.4,10.4,31.8,21.2,70.1,2026-08-08 15:54:19
6000,2,44.6,19.9,36.7,0.69,17.6,6.1,38.1,33.0,80.5,2026-08-08 16:02:19
6001,1,61.5,28.2,44.8,0.91,21.5,10.6,33.5,30.6,65.7,2026-08-08 16:10:19
6002,6,139.1,61.6,127.8,1.85,56.4,24.8,38.8,36.8,84.4,2026-08-08 16:18:19
6003,8,73.9,31.9,59.2,0.86,32.9,11.3,42.0,26.8,72.6,2026-08-08 16:26:19
6004,10,55.8,24.3,34.7,0.73,24.2,11.0,43.3,28.4,70.0,2026-08-08 16:34:19
6005,8,95.4,43.3,80.9,1.29,35.0,16.4,29.5,32.6,76.1,2026-08-08 16:42:19
6006,4,46.4,20.2,32.9,0.63,20.1,9.4,27.8,19.9,60.4,2026-08-08 16:50:19
6007,9,91.1,39.8,72.1,1.29,39.0,14.6,35.8,21.8,41.6,2026-08-08 16:58:19
6008,5,126.0,56.6,83.1,1.77,48.2,24.6,32.0,30.4,37.1,2026-08-08 17:06:19
6009,9,106.1,47.2,84.1,1.44,42.2,20.0,41.9,29.6,49.3,2026-08-08 17:14:19
6010,4,103.9,45.3,67.2,1.29,44.7,17.0,33.0,21.5,74.1,2026-08-08 17:22:19
6011,9,60.4,26.6,41.8,0.75,25.0,9.4,26.0,23.4,78.1,2026-08-08 17:30:19
6012,9,79.1,34.3,52.1,0.98,34.7,14.0,36.7,33.4,65.8,2026-08-08 17:38:19
6013,2,86.3,39.3,75.3,1.27,31.1,17.3,53.5,26.0,82.2,2026-08-08 17:46:19
6014,3,64.1,27.8,57.2,0.92,28.1,11.7,48.6,32.9,78.7,2026-08-08 17:54:19
6015,1,127.8,57.9,103.0,1.79,47.1,21.4,51.5,32.2,64.2,2026-08-08 18:02:19
6016,2,35.9,16.4,32.6,0.55,12.7,8.5,25.0,21.1,68.4,2026-08-08 18:10:19
6017,3,53.5,23.0,47.5,0.61,24.2,9.8,54.1,36.3,62.0,2026-08-08 18:18:19
6018,4,48.8,21.4,31.6,0.61,20.5,7.5,44.6,20.0,67.2,2026-08-08 18:26:19
6019,7,67.0,30.0,50.5,0.86,26.1,11.3,35.3,23.9,63.8,2026-08-08 18:34:19
6020,2,134.1,59.9,86.2,1.71,52.6,24.1,26.2,18.4,83.3,2026-08-08 18:42:19
6021,5,59.6,26.9,48.4,0.75,22.3,11.5,38.1,30.9,50.7,2026-08-08 18:50:19
6022,8,64.4,28.0,53.4,0.81,28.0,9.3,33.1,23.1,43.7,2026-08-08 18:58:19
6023,7,59.2,27.3,56.6,0.84,20.2,12.8,27.2,26.1,42.3,2026-08-08 19:06:19
6024,9,97.9,42.4,60.0,1.34,43.1,16.3,43.1,30.8,72.7,2026-08-08 19:14:19
6025,2,15.0,5.0,9.6,0.24,10.0,5.0,39.4,18.0,67.5,2026-08-08 19:22:19
6026,4,57.5,25.1,39.6,0.71,24.6,10.5,45.6,34.1,78.2,2026-08-08 19:30:19
6027,9,59.1,26.7,44.2,0.81,22.0,9.5,37.4,27.1,47.4,2026-08-08 19:38:19
6028,4,53.4,23.3,33.7,0.71,23.0,7.7,51.0,33.1,73.3,2026-08-08 19:46:19
6029,5,79.8,34.8,56.8,1.08,34.3,14.2,36.8,30.1,71.6,2026-08-08 19:54:19
6030,6,119.4,52.3,95.2,1.65,50.5,22.9,53.7,18.9,73.2,2026-08-08 20:02:19
6031,8,78.3,35.0,59.3,1.08,30.7,12.4,49.8,28.5,84.4,2026-08-08 20:10:19
6032,10,31.2,13.3,23.8,0.43,14.5,7.0,27.5,20.0,65.8,2026-08-08 20:18:19
6033,7,67.5,30.2,63.3,0.98,26.2,12.3,37.6,20.5,60.9,2026-08-08 20:26:19
6034,1,25.7,11.5,21.1,0.34,10.0,6.6,42.6,22.0,81.6,2026-08-08 20:34:19
6035,7,73.8,32.5,61.2,1.0,30.7,11.8,39.7,19.3,76.9,2026-08-08 20:42:19
6036,4,74.6,33.8,61.2,0.98,27.6,14.5,50.9,36.8,55.4,2026-08-08 20:50:19
6037,1,65.6,28.7,40.6,0.85,27.9,13.4,46.5,33.3,80.8,2026-08-08 20:58:19
6038,3,41.7,17.8,27.4,0.57,19.3,5.7,34.8,31.5,46.9,2026-08-08 21:06:19
6039,5,150.4,67.9,131.3,2.09,56.4,26.4,50.1,34.6,54.0,2026-08-08 21:14:19
6040,5,76.5,34.2,61.0,0.94,29.9,13.5,34.6,22.4,82.7,2026-08-08 21:22:19
6041,7,32.1,13.6,22.6,0.5,15.3,5.0,52.6,32.5,67.5,2026-08-08 21:30:19
6042,3,53.7,24.8,35.7,0.82,18.2,8.0,39.8,28.5,33.6,2026-08-08 21:38:19
6043,1,133.6,59.3,101.1,1.68,53.7,25.4,41.5,20.3,58.1,2026-08-08 21:46:19
6044,6,77.2,34.4,54.4,0.94,30.5,12.2,38.0,28.3,35.7,2026-08-08 21:54:19
6045,8,116.6,52.0,107.5,1.53,46.0,21.7,43.0,18.7,83.4,2026-08-08 22:02:19
6046,8,85.7,37.5,64.8,1.17,36.3,16.7,38.4,18.6,82.5,2026-08-08 22:10:19
6047,6,71.0,30.6,57.2,0.87,31.8,13.8,41.3,21.5,81.7,2026-08-08 22:18:19
6048,2,30.2,14.0,20.5,0.32,10.0,7.1,34.5,26.9,53.8,2026-08-08 22:26:19
6049,1,99.6,44.0,73.4,1.38,40.8,16.7,41.2,35.2,74.8,2026-08-08 22:34:19
6050,9,128.1,56.8,95.8,1.76,51.7,24.6,39.6,24.6,78.7,2026-08-08 22:42:19
6051,5,98.1,43.4,67.0,1.29,39.9,16.6,48.3,25.3,52.1,2026-08-08 22:50:19
6052,10,91.5,39.7,78.1,1.25,40.0,14.3,29.7,37.8,81.2,2026-08-08 22:58:19
6053,2,94.0,41.0,73.3,1.31,40.4,15.7,38.1,18.4,45.0,2026-08-08 23:06:19
6054,10,115.7,51.0,72.4,1.49,47.7,18.9,30.1,25.6,60.7,2026-08-08 23:14:19
6055,7,94.8,41.8,72.8,1.31,39.2,15.5,37.4,26.3,72.3,2026-08-08 23:22:19
6056,10,25.0,11.1,22.7,0.28,10.0,5.0,43.8,33.5,46.2,2026-08-08 23:30:19
6057,8,86.7,39.5,82.0,1.24,31.2,16.6,46.8,23.3,31.7,2026-08-08 23:38:19
6058,4,81.6,35.3,61.6,1.06,36.2,13.1,43.9,34.8,37.5,2026-08-08 23:46:19
6059,8,160.6,70.9,140.5,2.07,65.9,28.6,36.1,28.7,34.8,2026-08-08 23:54:19
6060,2,105.1,45.8,70.4,1.42,45.4,18.5,25.6,21.3,76.2,2026-08-09 00:02:19
6061,10,140.1,63.3,119.8,1.92,52.3,24.6,37.2,19.5,45.2,2026-08-09 00:10:19
6062,10,57.6,26.1,49.3,0.77,21.3,11.7,45.3,30.1,35.5,2026-08-09 00:18:19
6063,9,148.2,65.2,102.3,2.01,61.7,27.8,46.6,29.6,35.0,2026-08-09 00:26:19
6064,10,74.9,33.5,59.0,1.02,29.1,14.6,25.5,34.7,59.1,2026-08-09 00:34:19
6065,1,82.9,36.0,52.1,1.12,36.2,13.2,25.0,30.9,64.0,2026-08-09 00:42:19
6066,10,106.3,46.6,73.0,1.36,44.9,18.6,42.6,21.8,54.1,2026-08-09 00:50:19
6067,3,119.0,52.5,89.9,1.55,48.9,20.6,29.0,32.1,73.8,2026-08-09 00:58:19
6068,6,104.7,46.8,81.7,1.49,40.9,16.9,38.6,26.6,68.7,2026-08-09 01:06:19
6069,9,61.8,26.9,56.2,0.78,26.8,12.5,48.4,30.1,80.8,2026-08-09 01:14:19
6070,10,121.4,54.7,77.0,1.6,45.9,23.3,49.5,26.2,81.8,2026-08-09 01:22:19
6071,10,112.2,50.9,76.6,1.54,41.1,20.7,36.8,22.0,66.4,2026-08-09 01:30:19
6072,4,74.3,33.8,49.7,1.03,27.0,12.3,42.1,38.0,38.8,2026-08-09 01:38:19
6073,7,88.1,38.7,57.5,1.24,36.9,14.4,51.8,26.7,33.4,2026-08-09 01:46:19
6074,6,90.7,41.1,59.4,1.17,33.4,15.6,52.4,22.1,48.8,2026-08-09 01:54:19
6075,8,141.0,62.1,124.9,1.78,58.4,23.7,33.7,37.0,76.3,2026-08-09 02:02:19
6076,9,104.1,46.9,95.0,1.39,39.4,18.9,25.2,25.1,46.9,2026-08-09 02:10:19
6077,7,42.1,18.0,37.5,0.57,19.4,8.9,33.9,32.6,62.1,2026-08-09 02:18:19
6078,2,16.7,6.5,10.2,0.17,10.0,5.0,28.0,27.6,35.4,2026-08-09 02:26:19
6079,1,83.1,36.1,56.2,1.18,36.2,13.1,50.8,35.4,66.9,2026-08-09 02:34:19
6080,5,33.1,14.3,22.8,0.51,14.8,6.9,46.7,21.7,53.5,2026-08-09 02:42:19
6081,10,30.6,12.5,20.0,0.43,16.2,5.9,31.1,32.1,67.0,2026-08-09 02:50:19
6082,6,95.6,41.9,79.5,1.2,40.3,18.7,38.5,19.0,79.5,2026-08-09 02:58:19
6083,6,40.8,18.3,35.6,0.63,15.7,7.6,48.3,29.0,62.0,2026-08-09 03:06:19
6084,4,38.4,16.8,27.9,0.44,16.4,8.2,48.8,21.2,52.3,2026-08-09 03:14:19
6085,5,26.6,12.0,18.5,0.37,10.0,5.0,28.2,24.0,80.1,2026-08-09 03:22:19
6086,2,118.9,52.6,77.4,1.59,48.5,20.8,32.2,28.5,39.9,2026-08-09 03:30:19
6087,4,45.7,19.8,35.5,0.55,20.2,8.8,51.8,34.7,84.1,2026-08-09 03:38:19
6088,1,169.6,74.7,143.9,2.31,70.2,30.2,51.4,25.0,49.6,2026-08-09 03:46:19
6089,9,78.9,34.6,54.9,1.0,33.2,14.9,51.8,32.1,70.6,2026-08-09 03:54:19
6090,7,55.3,24.2,39.3,0.67,23.4,8.0,54.5,36.2,43.3,2026-08-09 04:02:19
6091,1,26.0,11.3,23.4,0.34,11.4,5.0,31.0,32.7,64.1,2026-08-09 04:10:19
6092,7,50.0,22.7,47.0,0.74,18.2,7.9,52.4,21.8,82.0,2026-08-09 04:18:19
6093,5,107.0,46.6,69.4,1.38,46.3,20.3,35.1,29.2,37.5,2026-08-09 04:26:19
6094,4,58.5,24.9,41.9,0.71,27.4,9.5,53.5,20.6,81.1,2026-08-09 04:34:19
6095,9,128.3,57.1,101.6,1.67,51.1,22.1,50.9,29.8,74.3,2026-08-09 04:42:19
6096,6,47.2,20.7,35.7,0.58,19.9,8.4,53.4,31.7,73.2,2026-08-09 04:50:19
6097,7,100.7,44.5,67.7,1.36,41.2,19.6,30.5,23.7,68.4,2026-08-09 04:58:19
6098,10,95.1,43.3,69.8,1.34,34.3,18.2,43.5,32.9,38.3,2026-08-09 05:06:19
6099,2,82.4,36.1,56.2,1.08,34.8,14.7,30.9,24.0,42.9,2026-08-09 05:14:19
6100,9,61.7,27.9,47.1,0.74,22.9,11.2,41.7,26.5,39.1,2026-08-09 05:22:19
6101,8,33.7,15.4,24.7,0.38,12.0,5.0,48.8,33.0,70.0,2026-08-09 05:30:19
6102,6,85.4,37.1,65.5,1.1,37.3,15.9,38.5,34.4,61.8,2026-08-09 05:38:19
6103,3,56.9,26.1,38.9,0.88,19.9,12.4,43.8,23.4,52.0,2026-08-09 05:46:19
6104,6,63.7,28.6,57.9,0.9,24.4,12.7,42.4,24.2,63.5,2026-08-09 05:54:19
6105,7,66.2,28.8,43.2,0.86,28.8,13.3,27.4,22.9,59.6,2026-08-09 06:02:19
6106,8,39.4,16.8,29.3,0.58,18.3,7.8,38.3,27.7,78.5,2026-08-09 06:10:19
6107,3,109.8,48.1,95.8,1.43,46.4,18.2,54.3,32.6,37.9,2026-08-09 06:18:19
6108,10,86.1,37.5,75.7,1.07,37.2,14.3,34.4,20.4,33.7,2026-08-09 06:26:19
6109,8,70.0,31.3,54.2,0.9,27.4,14.0,28.6,35.1,76.1,2026-08-09 06:34:19
6110,6,65.9,28.7,48.9,0.77,28.5,12.0,26.0,22.8,62.0,2026-08-09 06:42:19
6111,5,87.0,39.0,78.3,1.2,33.6,15.0,44.1,36.4,83.6,2026-08-09 06:50:19
6112,8,19.4,7.6,14.6,0.3,11.4,5.0,40.4,35.0,77.5,2026-08-09 06:58:19
6113,2,85.0,38.2,56.7,1.22,32.5,15.6,35.3,37.8,30.1,2026-08-09 07:06:19
6114,3,60.4,25.9,37.1,0.77,27.6,9.3,35.0,31.1,55.0,2026-08-09 07:14:19
6115,1,15.0,5.0,7.2,0.1,10.0,5.0,33.2,22.5,49.0,2026-08-09 07:22:19
6116,5,48.8,20.8,35.6,0.61,22.7,7.6,51.2,27.5,44.8,2026-08-09 07:30:19
6117,6,17.8,7.1,12.1,0.19,10.0,5.0,40.5,24.0,69.8,2026-08-09 07:38:19
6118,2,79.0,35.6,68.1,1.11,29.9,13.8,47.8,34.8,30.0,2026-08-09 07:46:19
6119,4,20.1,8.4,12.5,0.18,10.0,5.0,48.2,36.7,72.4,2026-08-09 07:54:19
6120,3,89.9,40.8,76.2,1.32,32.9,17.1,33.9,30.1,67.0,2026-08-09 08:02:19
6121,10,85.5,37.9,68.9,1.1,34.5,15.9,41.5,28.1,67.0,2026-08-09 08:10:19
6122,4,157.3,70.4,147.6,2.13,61.1,28.2,43.9,32.9,42.3,2026-08-09 08:18:19
6123,1,50.5,22.8,36.5,0.62,19.0,8.1,48.1,20.2,61.7,2026-08-09 08:26:19
6124,1,19.0,7.7,11.0,0.28,10.2,5.0,41.9,23.1,44.5,2026-08-09 08:34:19
6125,6,125.3,55.8,79.1,1.72,49.8,23.5,49.4,32.8,65.5,2026-08-09 08:42:19
6126,8,64.8,27.9,55.6,0.88,29.1,11.4,38.1,34.6,42.2,2026-08-09 08:50:19
6127,8,55.1,23.5,41.8,0.68,25.5,8.2,48.3,36.9,56.3,2026-08-09 08:58:19
6128,2,92.1,41.4,65.3,1.34,35.2,16.5,48.1,23.6,56.0,2026-08-09 09:06:19
6129,1,38.0,17.4,32.8,0.5,13.4,6.8,36.6,20.7,30.1,2026-08-09 09:14:19
6130,3,77.7,34.0,64.9,0.99,32.9,14.3,51.7,20.0,51.6,2026-08-09 09:22:19
6131,9,39.0,17.8,37.0,0.48,14.0,7.7,25.4,20.1,46.7,2026-08-09 09:30:19
6132,8,91.6,39.6,80.6,1.15,40.6,15.4,50.9,21.9,50.2,2026-08-09 09:38:19
6133,3,125.5,56.3,99.3,1.59,48.3,20.5,36.4,26.1,50.5,2026-08-09 09:46:19
6134,7,129.4,56.6,99.4,1.66,55.1,23.8,34.8,30.4,61.5,2026-08-09 09:54:19
6135,2,62.4,28.6,41.8,0.89,21.8,10.7,40.1,37.0,67.8,2026-08-09 10:02:19
6136,2,43.9,18.4,32.1,0.63,21.5,5.5,34.0,23.8,38.6,2026-08-09 10:10:19
6137,10,129.9,58.1,89.3,1.83,50.7,21.7,43.4,30.7,36.9,2026-08-09 10:18:19
6138,10,82.4,37.2,66.2,1.02,30.8,16.5,37.8,24.7,73.9,2026-08-09 10:26:19
6139,5,74.9,32.6,64.5,0.91,32.4,11.5,27.4,25.4,79.0,2026-08-09 10:34:19
6140,8,68.7,30.2,61.8,0.94,28.7,10.6,51.4,19.8,63.7,2026-08-09 10:42:19
6141,6,52.6,24.4,50.1,0.75,17.3,8.1,47.3,24.0,39.0,2026-08-09 10:50:19
6142,6,84.9,37.8,59.4,1.05,33.8,14.7,49.4,29.7,64.7,2026-08-09 10:58:19
6143,3,90.8,40.2,69.5,1.19,36.9,16.1,38.1,18.6,77.6,2026-08-09 11:06:19
6144,7,132.4,58.3,83.6,1.8,55.0,23.1,35.9,37.2,40.1,2026-08-09 11:14:19
6145,6,61.6,27.9,47.5,0.78,22.7,10.1,33.4,24.0,43.3,2026-08-09 11:22:19
6146,1,87.2,38.5,64.6,1.07,35.9,15.1,27.9,35.6,52.3,2026-08-09 11:30:19
6147,3,70.2,31.5,60.2,1.02,27.1,11.8,26.0,34.2,57.0,2026-08-09 11:38:19
6148,1,77.0,34.9,69.4,1.14,28.3,14.4,53.7,23.7,44.9,2026-08-09 11:46:19
6149,2,46.0,21.3,34.7,0.58,15.3,10.0,46.0,26.9,51.7,2026-08-09 11:54:19
6150,6,145.1,64.2,90.9,1.9,59.1,24.0,47.0,26.9,36.5,2026-08-09 12:02:19
6151,2,41.6,18.8,39.5,0.56,15.6,8.1,37.5,31.6,81.3,2026-08-09 12:10:19
6152,2,117.3,52.4,86.2,1.66,45.9,22.2,25.7,32.3,80.0,2026-08-09 12:18:19
6153,7,26.5,11.8,24.2,0.39,10.6,5.5,44.3,25.5,56.5,2026-08-09 12:26:19
6154,6,38.8,17.8,34.9,0.62,13.6,6.5,55.0,35.7,52.2,2026-08-09 12:34:19
6155,2,138.3,60.5,112.0,1.72,58.9,22.3,39.7,20.3,36.6,2026-08-09 12:42:19
6156,9,156.6,70.0,111.4,2.15,61.2,29.6,35.5,25.2,57.0,2026-08-09 12:50:19
6157,9,91.6,41.2,81.1,1.15,34.8,15.7,46.8,36.8,71.8,2026-08-09 12:58:19
6158,10,44.4,19.1,27.0,0.55,20.1,8.2,26.0,27.3,83.2,2026-08-09 13:06:19
6159,1,46.0,19.6,36.1,0.64,21.4,6.2,47.1,34.7,56.7,2026-08-09 13:14:19
6160,8,82.0,36.1,64.8,1.13,34.0,15.8,31.8,24.9,65.1,2026-08-09 13:22:19
6161,5,104.1,45.4,88.2,1.29,44.8,18.4,40.9,20.1,51.3,2026-08-09 13:30:19
6162,4,111.2,50.3,103.2,1.54,41.3,21.4,51.5,32.5,38.0,2026-08-09 13:38:19
6163,1,150.2,66.0,114.5,1.94,62.9,28.3,53.2,28.6,78.7,2026-08-09 13:46:19
6164,9,110.9,50.2,80.2,1.56,41.0,18.4,42.3,35.4,69.0,2026-08-09 13:54:19
6165,1,85.2,37.0,71.7,1.08,37.3,15.6,34.8,31.4,45.6,2026-08-09 14:02:19
6166,3,69.0,30.8,49.5,0.86,27.2,10.8,44.2,22.0,43.7,2026-08-09 14:10:19
6167,1,56.8,25.5,49.0,0.74,21.9,10.5,32.8,32.5,41.9,2026-08-09 14:18:19
6168,7,24.7,10.4,17.2,0.38,11.9,5.0,36.8,29.4,51.4,2026-08-09 14:26:19
6169,5,86.9,38.6,56.4,1.13,34.8,16.7,32.4,28.1,58.9,2026-08-09 14:34:19
6170,2,73.6,31.7,52.8,0.99,33.1,12.7,43.0,21.2,82.7,2026-08-09 14:42:19
6171,2,75.1,32.8,60.3,0.9,32.2,13.4,43.1,36.6,40.7,2026-08-09 14:50:19
6172,1,45.0,21.1,43.9,0.54,14.1,9.8,43.1,27.1,60.0,2026-08-09 14:58:19
6173,9,55.1,24.7,37.1,0.71,21.3,10.3,35.6,29.4,51.4,2026-08-09 15:06:19
6174,9,134.8,60.0,125.6,1.83,53.5,23.5,36.7,32.5,65.3,2026-08-09 15:14:19
6175,8,64.8,29.2,50.3,0.92,24.4,11.1,37.7,27.9,36.7,2026-08-09 15:22:19
6176,2,95.4,43.4,85.9,1.23,34.6,16.7,45.2,20.3,55.2,2026-08-09 15:30:19
6177,9,81.3,35.3,63.2,1.01,35.6,15.4,25.7,22.6,69.4,2026-08-09 15:38:19
6178,6,51.5,22.2,45.3,0.69,23.1,7.2,51.5,24.3,54.4,2026-08-09 15:46:19
6179,9,107.1,47.3,67.4,1.36,44.0,17.7,27.8,27.8,55.1,2026-08-09 15:54:19
6180,7,63.6,28.6,46.4,0.87,24.2,11.9,51.1,35.4,32.2,2026-08-09 16:02:19
6181,2,47.0,20.9,35.9,0.54,18.7,6.5,25.0,24.0,52.7,2026-08-09 16:10:19
6182,7,105.4,46.7,91.7,1.43,42.7,18.3,42.0,25.0,67.2,2026-08-09 16:18:19
6183,4,131.3,58.3,89.8,1.73,52.8,25.0,54.4,28.0,35.6,2026-08-09 16:26:19
6184,2,17.2,6.8,10.9,0.28,10.0,5.0,54.7,32.9,72.1,2026-08-09 16:34:19
6185,10,97.7,42.9,66.5,1.29,40.9,18.9,48.7,18.6,69.4,2026-08-09 16:42:19
6186,2,67.1,29.2,48.3,0.85,29.1,10.7,27.3,22.7,69.6,2026-08-09 16:50:19
6187,6,85.8,38.2,72.6,1.11,34.1,13.7,45.9,29.1,65.0,2026-08-09 16:58:19
6188,5,15.0,5.0,8.3,0.11,10.0,5.0,41.6,35.0,44.4,2026-08-09 17:06:19
6189,9,102.1,44.7,87.7,1.37,43.2,16.5,50.4,21.9,57.4,2026-08-09 17:14:19
6190,7,49.3,22.6,38.6,0.71,17.3,9.3,47.3,20.7,76.7,2026-08-09 17:22:19
6191,8,86.0,38.4,65.4,1.13,33.8,14.1,26.1,33.3,81.0,2026-08-09 17:30:19
6192,7,77.1,34.2,69.0,0.96,31.1,13.8,35.2,29.6,76.1,2026-08-09 17:38:19
6193,8,123.6,54.2,104.9,1.63,52.0,22.3,39.6,28.2,77.0,2026-08-09 17:46:19
6194,3,99.3,44.0,87.7,1.24,40.3,19.1,42.7,23.2,45.3,2026-08-09 17:54:19
6195,4,108.0,48.3,99.1,1.52,42.1,20.8,52.1,24.3,44.7,2026-08-09 18:02:19
6196,5,51.4,22.1,36.4,0.72,23.3,7.4,39.5,35.0,73.9,2026-08-09 18:10:19
6197,1,60.3,27.6,40.5,0.77,21.3,12.0,48.9,29.1,52.0,2026-08-09 18:18:19
6198,2,74.2,32.6,54.7,0.99,31.1,12.4,27.8,35.6,53.7,2026-08-09 18:26:19
6199,3,133.4,59.0,88.9,1.82,54.5,25.0,27.0,26.8,68.8,2026-08-09 18:34:19
6200,7,129.3,56.8,104.9,1.8,54.1,24.3,25.8,18.9,66.8,2026-08-09 18:42:19
6201,4,108.4,48.6,74.2,1.46,41.8,19.9,45.1,22.2,42.1,2026-08-09 18:50:19
6202,6,99.2,45.0,63.2,1.37,36.3,16.5,36.9,35.4,41.7,2026-08-09 18:58:19
6203,1,128.5,56.4,111.2,1.71,53.9,21.5,32.8,22.9,77.6,2026-08-09 19:06:19
6204,2,85.8,38.8,60.9,1.13,31.9,17.4,37.1,21.5,40.7,2026-08-09 19:14:19
6205,2,119.5,53.1,77.4,1.58,47.8,22.2,31.0,26.3,68.8,2026-08-09 19:22:19
6206,2,96.9,43.9,65.5,1.3,35.8,17.0,51.8,18.5,37.4,2026-08-09 19:30:19
6207,2,86.5,38.0,74.5,1.07,36.2,16.2,39.1,22.5,82.4,2026-08-09 19:38:19
6208,9,68.5,30.1,62.7,0.89,28.7,13.5,33.0,19.3,62.9,2026-08-09 19:46:19
6209,4,81.2,35.5,58.7,1.08,34.6,14.8,47.4,18.1,62.0,2026-08-09 19:54:19
6210,8,104.1,45.6,78.1,1.35,44.0,17.0,48.9,22.8,32.2,2026-08-09 20:02:19
6211,6,60.5,27.5,45.9,0.79,21.9,10.7,32.0,20.8,67.3,2026-08-09 20:10:19
6212,7,85.1,36.8,72.6,1.06,37.7,15.2,27.7,21.4,36.6,2026-08-09 20:18:19
6213,1,103.4,45.8,64.6,1.46,41.9,16.4,44.0,22.1,53.5,2026-08-09 20:26:19
6214,8,61.4,26.6,44.6,0.78,27.1,10.3,52.4,26.0,56.9,2026-08-09 20:34:19
6215,2,81.2,35.5,50.1,1.03,34.5,13.5,36.2,32.2,54.3,2026-08-09 20:42:19
6216,4,65.1,28.7,54.3,0.81,26.8,9.5,51.1,33.1,84.0,2026-08-09 20:50:19
6217,4,116.7,50.8,96.2,1.54,50.6,18.4,37.4,21.2,46.1,2026-08-09 20:58:19
6218,7,100.0,45.0,82.9,1.27,38.1,17.9,40.0,29.0,56.9,2026-08-09 21:06:19
6219,4,58.9,26.2,52.8,0.76,23.4,9.7,54.1,30.7,62.5,2026-08-09 21:14:19
6220,3,119.5,53.5,97.5,1.65,46.5,21.3,52.2,31.9,74.4,2026-08-09 21:22:19
6221,2,108.3,48.9,88.9,1.54,40.6,21.5,52.0,26.2,49.2,2026-08-09 21:30:19
6222,3,79.1,34.9,54.8,1.06,32.6,12.4,26.1,34.1,75.0,2026-08-09 21:38:19
6223,9,84.6,36.7,75.1,1.14,37.1,13.9,52.3,24.5,79.4,2026-08-09 21:46:19
6224,3,83.4,36.9,57.1,1.07,33.9,13.7,28.8,23.8,50.2,2026-08-09 21:54:19
6225,7,65.5,28.6,42.0,0.83,28.1,12.8,45.0,28.6,83.8,2026-08-09 22:02:19
6226,6,58.1,25.2,43.7,0.68,25.5,9.9,45.9,23.4,83.2,2026-08-09 22:10:19
6227,9,128.8,56.8,109.1,1.77,53.1,22.0,27.5,20.8,68.1,2026-08-09 22:18:19
6228,10,98.0,43.7,66.3,1.37,38.7,18.4,50.7,33.8,73.4,2026-08-09 22:26:19
6229,3,74.1,33.5,63.5,0.95,27.5,14.6,37.8,26.9,78.9,2026-08-09 22:34:19
6230,6,95.9,42.6,69.4,1.28,38.5,18.4,38.2,26.0,78.1,2026-08-09 22:42:19
6231,7,52.7,22.7,43.6,0.68,23.6,8.6,30.6,33.7,34.6,2026-08-09 22:50:19
6232,7,26.1,11.7,24.4,0.35,10.0,5.0,50.6,28.1,50.9,2026-08-09 22:58:19
6233,7,77.7,33.8,61.7,1.09,33.7,11.8,44.0,37.3,50.2,2026-08-09 23:06:19
6234,8,101.0,45.0,72.5,1.3,40.0,18.6,42.2,18.9,78.9,2026-08-09 23:14:19
6235,2,83.6,37.6,55.1,1.22,31.8,15.5,30.8,20.0,45.1,2026-08-09 23:22:19
6236,6,115.6,51.5,73.9,1.57,45.7,21.2,54.5,35.9,50.3,2026-08-09 23:30:19
6237,5,71.3,30.9,49.6,0.86,31.4,13.3,50.9,24.1,43.3,2026-08-09 23:38:19
6238,6,38.6,17.7,27.7,0.53,13.5,7.4,34.3,22.3,42.3,2026-08-09 23:46:19
6239,2,58.2,25.1,41.8,0.77,26.0,10.9,30.9,31.8,48.6,2026-08-09 23:54:19
6240,2,98.2,42.6,61.8,1.3,43.0,18.8,50.3,30.3,63.5,2026-08-10 00:02:19
6241,10,112.1,50.2,77.4,1.42,43.4,20.1,37.9,31.2,79.5,2026-08-10 00:10:19
6242,5,51.2,23.4,44.7,0.78,18.1,10.9,45.2,33.4,32.0,2026-08-10 00:18:19
6243,10,98.1,44.1,82.6,1.31,37.5,17.6,44.8,26.7,46.5,2026-08-10 00:26:19
6244,1,111.4,49.1,69.2,1.54,46.0,18.5,39.2,23.9,68.8,2026-08-10 00:34:19
6245,5,71.5,30.8,49.3,0.96,32.2,12.3,33.4,37.9,42.0,2026-08-10 00:42:19
6246,1,77.8,33.6,53.4,1.06,34.7,12.4,37.1,27.3,52.5,2026-08-10 00:50:19
6247,5,112.9,50.2,103.9,1.54,45.1,19.6,26.6,28.7,51.9,2026-08-10 00:58:19
6248,3,85.8,37.5,67.9,1.19,36.7,14.2,48.9,32.6,69.0,2026-08-10 01:06:19
6249,8,62.5,26.7,43.7,0.7,28.8,10.9,29.6,22.0,57.5,2026-08-10 01:14:19
6250,6,115.1,51.5,96.9,1.59,44.7,22.3,29.5,37.7,30.1,2026-08-10 01:22:19
6251,9,121.7,53.9,92.8,1.53,49.4,20.6,28.2,30.5,36.5,2026-08-10 01:30:19
6252,2,55.4,25.3,45.8,0.69,19.8,11.1,52.6,30.7,32.3,2026-08-10 01:38:19
6253,10,104.1,45.4,68.0,1.35,44.8,17.2,51.2,36.8,81.3,2026-08-10 01:46:19
6254,8,43.9,20.1,40.2,0.52,15.5,6.5,27.9,21.5,32.8,2026-08-10 01:54:19
6255,10,66.5,29.5,49.6,0.79,26.9,11.9,27.7,23.7,70.0,2026-08-10 02:02:19
6256,7,91.9,40.5,70.9,1.19,37.9,15.9,45.1,35.8,71.5,2026-08-10 02:10:19
6257,4,29.1,12.1,19.8,0.38,14.7,5.3,52.1,29.9,58.4,2026-08-10 02:18:19
6258,9,86.9,39.6,80.1,1.21,31.3,17.0,25.3,31.9,49.3,2026-08-10 02:26:19
6259,6,66.3,29.1,59.0,0.8,27.9,11.4,51.5,22.3,78.0,2026-08-10 02:34:19
6260,8,67.8,29.4,59.4,0.97,29.8,13.7,49.1,20.0,73.9,2026-08-10 02:42:19
6261,8,79.3,34.4,53.8,1.13,34.8,13.3,43.0,32.2,50.7,2026-08-10 02:50:19
6262,7,71.9,32.6,62.1,1.05,26.4,11.5,29.8,33.9,48.6,2026-08-10 02:58:19
6263,5,98.8,44.3,64.9,1.34,38.2,19.4,26.6,34.3,71.2,2026-08-10 03:06:19
6264,10,53.8,23.8,46.6,0.72,22.0,10.0,34.4,26.8,72.9,2026-08-10 03:14:19
6265,3,46.3,19.9,28.1,0.56,20.9,6.0,34.5,30.1,77.3,2026-08-10 03:22:19
6266,6,140.6,61.7,111.7,1.88,59.0,23.0,54.1,26.3,30.1,2026-08-10 03:30:19
6267,3,42.4,19.8,37.4,0.55,13.5,7.5,36.5,36.4,69.9,2026-08-10 03:38:19
6268,8,63.8,27.6,55.9,0.93,28.2,9.3,35.1,31.2,54.9,2026-08-10 03:46:19
6269,6,108.9,48.4,83.5,1.43,43.6,17.4,54.3,21.5,50.8,2026-08-10 03:54:19
6270,10,70.4,30.4,57.4,0.83,31.3,12.7,45.1,28.9,35.4,2026-08-10 04:02:19
6271,2,63.6,28.4,49.4,0.95,25.0,12.2,42.3,32.4,49.8,2026-08-10 04:10:19
6272,3,141.8,62.4,92.6,1.84,58.9,25.8,46.6,31.6,78.8,2026-08-10 04:18:19
6273,9,113.4,49.4,96.9,1.5,48.9,18.1,51.4,22.2,74.6,2026-08-10 04:26:19
6274,1,59.2,26.2,40.3,0.77,24.1,9.6,36.0,19.4,63.0,2026-08-10 04:34:19
6275,4,54.8,25.0,38.7,0.65,19.6,10.1,25.0,33.7,66.2,2026-08-10 04:42:19
6276,3,66.4,30.5,57.4,0.83,23.0,11.6,40.2,32.0,44.3,2026-08-10 04:50:19
6277,2,73.1,32.6,46.8,0.91,28.8,14.4,51.5,35.5,40.0,2026-08-10 04:58:19
6278,8,145.6,64.9,102.2,1.86,57.6,27.2,32.5,28.0,45.2,2026-08-10 05:06:19
6279,4,56.2,24.4,43.9,0.71,24.6,8.4,32.9,33.0,55.5,2026-08-10 05:14:19
6280,9,51.5,22.9,33.2,0.78,20.6,7.7,35.4,32.8,71.8,2026-08-10 05:22:19
6281,8,26.5,11.0,15.6,0.4,13.3,5.0,48.7,23.8,73.0,2026-08-10 05:30:19
6282,5,25.2,11.2,16.0,0.4,10.0,5.0,44.3,18.1,69.2,2026-08-10 05:38:19
6283,3,31.8,14.9,23.7,0.5,10.0,6.8,43.0,37.4,35.3,2026-08-10 05:46:19
6284,10,90.9,40.6,77.4,1.31,35.7,16.7,46.8,22.0,48.8,2026-08-10 05:54:19
6285,1,38.8,17.0,28.0,0.58,16.3,6.6,43.7,33.3,65.1,2026-08-10 06:02:19
6286,2,128.9,57.3,117.8,1.82,51.6,23.7,52.6,23.5,38.9,2026-08-10 06:10:19
6287,2,41.1,18.5,28.0,0.52,15.6,9.4,38.4,29.7,60.0,2026-08-10 06:18:19
6288,5,83.2,36.8,75.1,1.04,33.9,15.9,48.4,22.8,45.3,2026-08-10 06:26:19
6289,2,32.2,15.0,30.6,0.52,10.5,5.0,36.9,23.7,57.7,2026-08-10 06:34:19
6290,10,20.1,8.4,17.4,0.16,10.0,5.0,50.0,31.5,73.4,2026-08-10 06:42:19
6291,3,15.0,5.0,7.8,0.19,10.0,5.0,30.0,34.9,41.1,2026-08-10 06:50:19
6292,3,39.1,18.0,31.6,0.55,13.4,6.7,37.0,31.9,66.7,2026-08-10 06:58:19
6293,7,39.5,17.8,29.2,0.52,15.0,6.9,44.8,24.3,40.4,2026-08-10 07:06:19
6294,6,54.6,23.9,45.0,0.63,23.1,7.9,43.9,36.2,74.0,2026-08-10 07:14:19
6295,10,68.6,29.4,42.9,0.86,31.4,12.6,35.6,23.6,35.2,2026-08-10 07:22:19
6296,8,75.8,34.5,48.5,1.11,27.4,12.0,32.6,29.6,57.2,2026-08-10 07:30:19
6297,3,44.6,20.8,36.1,0.66,14.3,7.5,42.5,26.0,50.6,2026-08-10 07:38:19
6298,8,19.6,8.1,14.0,0.31,10.0,5.0,34.0,35.6,61.6,2026-08-10 07:46:19
6299,4,102.6,45.2,81.9,1.3,42.5,19.5,50.9,30.0,83.3,2026-08-10 07:54:19
6300,10,92.8,41.5,79.8,1.16,36.1,14.7,27.6,21.5,77.4,2026-08-10 08:02:19
6301,5,45.4,20.6,38.7,0.64,16.7,9.3,39.2,26.3,52.3,2026-08-10 08:10:19
6302,3,125.9,55.0,97.4,1.74,53.8,23.6,43.5,19.9,59.2,2026-08-10 08:18:19
6303,1,75.7,33.5,49.5,1.09,30.7,14.6,26.1,18.7,37.8,2026-08-10 08:26:19
6304,6,78.6,34.8,72.8,1.05,32.0,15.9,42.2,27.5,43.1,2026-08-10 08:34:19
6305,6,21.7,9.3,13.4,0.21,10.0,5.0,34.3,21.8,36.2,2026-08-10 08:42:19
6306,8,33.3,14.4,20.7,0.51,14.7,7.0,54.7,20.7,52.9,2026-08-10 08:50:19
6307,2,79.2,34.9,58.0,0.96,32.7,15.9,29.6,22.6,67.0,2026-08-10 08:58:19
6308,2,81.0,36.9,75.1,1.03,29.2,13.6,33.0,28.1,53.7,2026-08-10 09:06:19
6309,10,84.5,38.4,70.9,1.16,30.8,16.0,35.7,34.9,50.5,2026-08-10 09:14:19
6310,9,49.7,22.2,44.1,0.58,19.5,10.0,28.7,19.5,61.2,2026-08-10 09:22:19
6311,5,19.7,7.9,11.4,0.32,11.0,5.0,27.6,26.2,59.5,2026-08-10 09:30:19
6312,7,62.2,27.9,54.9,0.87,24.0,9.2,34.7,19.4,59.6,2026-08-10 09:38:19
6313,6,36.9,16.2,30.8,0.39,15.4,6.4,50.7,30.8,76.2,2026-08-10 09:46:19
6314,3,120.7,52.8,81.0,1.56,51.4,19.9,51.2,33.2,51.5,2026-08-10 09:54:19
6315,5,15.0,5.0,7.1,0.15,10.0,5.0,26.0,30.3,46.3,2026-08-10 10:02:19
6316,5,15.0,5.0,7.3,0.1,10.0,5.0,39.1,29.3,74.2,2026-08-10 10:10:19
6317,5,134.3,60.3,116.4,1.76,51.6,22.2,36.5,33.2,81.3,2026-08-10 10:18:19
6318,2,15.0,5.0,7.4,0.1,10.0,5.0,31.1,25.6,75.3,2026-08-10 10:26:19
6319,5,66.4,30.6,61.0,0.85,22.7,12.1,47.1,34.5,38.1,2026-08-10 10:34:19
6320,7,94.1,41.7,83.2,1.21,38.1,16.6,50.6,25.9,84.2,2026-08-10 10:42:19
6321,7,66.6,28.6,52.6,0.77,30.2,12.6,27.0,18.3,58.0,2026-08-10 10:50:19
6322,8,93.2,42.5,86.4,1.3,33.3,18.6,54.2,20.5,79.3,2026-08-10 10:58:19
6323,8,84.1,36.5,51.9,1.11,36.7,13.0,35.2,33.0,59.0,2026-08-10 11:06:19
6324,5,127.2,56.3,105.1,1.62,51.8,21.7,36.1,36.0,83.8,2026-08-10 11:14:19
6325,2,80.0,36.3,58.5,1.06,29.3,13.7,39.4,25.3,60.5,2026-08-10 11:22:19
6326,5,99.2,45.0,82.6,1.35,36.3,17.3,50.2,36.4,36.0,2026-08-10 11:30:19
6327,3,124.0,54.5,113.7,1.66,51.8,22.3,29.8,20.9,58.8,2026-08-10 11:38:19
6328,7,77.3,34.9,62.0,1.1,29.0,13.8,42.0,28.8,51.1,2026-08-10 11:46:19
6329,7,86.7,39.0,70.6,1.26,33.0,16.6,34.2,31.5,41.1,2026-08-10 11:54:19
6330,6,89.9,39.3,72.7,1.17,38.3,17.3,44.7,32.6,57.7,2026-08-10 12:02:19
6331,2,57.6,25.6,40.4,0.79,23.0,10.9,36.3,20.0,68.1,2026-08-10 12:10:19
6332,2,40.2,18.8,29.3,0.57,12.8,9.0,49.7,34.9,37.1,2026-08-10 12:18:19
6333,9,54.6,25.0,50.2,0.66,19.3,10.6,51.7,21.0,82.1,2026-08-10 12:26:19
6334,2,75.3,33.0,48.5,1.01,31.9,12.5,45.4,25.4,41.8,2026-08-10 12:34:19
6335,2,111.6,49.4,72.8,1.47,45.3,21.0,33.7,28.0,39.5,2026-08-10 12:42:19
6336,3,34.0,14.9,22.6,0.47,14.3,5.9,27.2,21.3,64.5,2026-08-10 12:50:19
6337,10,103.3,46.1,66.6,1.28,40.7,17.0,54.3,37.6,46.9,2026-08-10 12:58:19
6338,7,110.6,49.9,79.1,1.42,41.5,19.3,33.5,27.2,42.9,2026-08-10 13:06:19
6339,4,77.3,33.8,58.9,0.97,32.9,14.6,45.7,18.7,73.7,2026-08-10 13:14:19
6340,5,110.9,49.0,97.1,1.45,45.4,19.6,53.8,37.9,77.3,2026-08-10 13:22:19
6341,2,104.4,47.4,70.8,1.37,38.1,17.4,31.1,30.2,35.8,2026-08-10 13:30:19
6342,3,90.3,41.1,84.3,1.31,32.7,14.8,51.3,21.5,65.7,2026-08-10 13:38:19
6343,10,92.2,42.1,85.7,1.22,32.9,16.9,43.9,32.8,79.2,2026-08-10 13:46:19
6344,9,56.1,24.7,51.5,0.76,23.3,8.1,43.8,22.3,36.1,2026-08-10 13:54:19
6345,6,119.2,52.6,95.9,1.52,49.0,23.0,30.9,24.1,42.3,2026-08-10 14:02:19
6346,5,120.7,54.3,108.4,1.59,45.9,22.7,38.6,23.4,31.9,2026-08-10 14:10:19
6347,10,28.7,11.9,20.1,0.45,14.6,5.0,53.4,34.0,45.7,2026-08-10 14:18:19
6348,6,109.9,48.9,70.7,1.42,43.8,18.3,31.4,32.3,65.1,2026-08-10 14:26:19
6349,2,15.0,5.0,7.4,0.1,10.0,5.0,47.3,33.9,60.4,2026-08-10 14:34:19
6350,7,107.0,46.7,87.4,1.33,45.8,20.6,34.0,31.2,82.6,2026-08-10 14:42:19
6351,5,36.6,16.1,24.9,0.4,15.3,5.4,47.7,27.9,39.7,2026-08-10 14:50:19
6352,8,48.6,22.2,42.1,0.66,17.2,7.7,38.4,33.9,49.1,2026-08-10 14:58:19
6353,5,39.0,17.3,28.9,0.58,15.8,5.0,40.4,35.7,32.5,2026-08-10 15:06:19
6354,7,118.1,53.5,111.4,1.66,43.6,21.8,34.5,36.6,50.2,2026-08-10 15:14:19
6355,7,76.5,34.7,50.3,1.1,28.0,14.7,48.2,33.5,60.6,2026-08-10 15:22:19
6356,1,93.7,42.4,69.7,1.26,34.7,17.2,53.9,19.4,44.0,2026-08-10 15:30:19
6357,9,94.0,41.0,81.6,1.27,40.4,17.4,33.3,25.5,63.8,2026-08-10 15:38:19
6358,2,65.5,29.6,57.7,0.79,24.4,10.3,55.0,19.4,54.6,2026-08-10 15:46:19
6359,2,93.8,41.6,81.7,1.22,37.9,14.7,53.8,32.4,54.9,2026-08-10 15:54:19
6360,1,142.6,63.0,101.6,1.86,58.3,24.0,27.8,29.6,50.3,2026-08-10 16:02:19
6361,5,101.2,44.5,78.8,1.27,42.3,19.3,42.4,35.5,47.3,2026-08-10 16:10:19
6362,10,30.2,14.0,26.2,0.44,10.0,5.0,36.9,29.7,58.7,2026-08-10 16:18:19
6363,7,15.0,5.0,7.5,0.17,10.0,5.0,47.4,34.6,78.6,2026-08-10 16:26:19
6364,1,42.6,18.2,28.9,0.64,19.7,6.3,35.5,25.5,42.0,2026-08-10 16:34:19
6365,3,90.4,40.8,80.0,1.25,33.9,16.4,28.3,35.8,68.5,2026-08-10 16:42:19
6366,3,34.1,15.8,24.8,0.56,11.4,6.6,32.3,19.6,60.8,2026-08-10 16:50:19
6367,5,41.7,19.1,28.2,0.56,14.7,6.1,54.4,37.5,35.6,2026-08-10 16:58:19
6368,8,70.4,31.8,61.6,0.87,26.4,11.3,40.6,37.8,34.3,2026-08-10 17:06:19
6369,5,83.4,38.0,69.1,1.12,29.9,17.1,29.5,33.8,60.9,2026-08-10 17:14:19
6370,4,55.0,24.0,45.6,0.67,23.6,9.6,51.4,23.9,41.1,2026-08-10 17:22:19
6371,3,83.9,38.2,78.6,1.17,30.3,13.4,40.3,32.7,44.1,2026-08-10 17:30:19
6372,3,68.6,30.0,43.5,0.97,29.2,10.8,40.4,35.5,69.9,2026-08-10 17:38:19
6373,6,97.5,43.5,80.9,1.38,38.4,18.6,44.4,31.1,82.7,2026-08-10 17:46:19
6374,8,53.9,24.9,46.1,0.8,18.2,8.5,43.3,32.9,37.1,2026-08-10 17:54:19
6375,2,75.2,32.4,47.5,0.97,33.7,13.2,52.7,37.6,38.9,2026-08-10 18:02:19
6376,1,61.9,28.3,53.1,0.75,22.0,13.0,38.0,24.4,83.8,2026-08-10 18:10:19
6377,8,78.7,34.1,69.2,1.05,34.6,12.5,35.9,32.8,79.2,2026-08-10 18:18:19
6378,6,87.3,38.5,79.5,1.21,36.0,17.2,33.0,24.5,40.2,2026-08-10 18:26:19
6379,4,63.6,28.9,44.1,0.8,23.1,10.4,44.0,34.2,43.9,2026-08-10 18:34:19
6380,5,91.0,40.7,82.1,1.15,35.4,17.3,41.3,18.2,36.9,2026-08-10 18:42:19
6381,7,116.4,50.8,83.4,1.49,50.0,21.6,30.2,29.2,43.8,2026-08-10 18:50:19
6382,7,41.8,19.4,36.4,0.56,13.8,8.6,40.8,20.0,78.4,2026-08-10 18:58:19
6383,3,93.4,41.4,84.6,1.2,37.8,18.0,47.4,19.5,71.4,2026-08-10 19:06:19
6384,5,47.1,21.8,32.3,0.58,15.8,10.1,40.1,35.2,58.8,2026-08-10 19:14:19
6385,9,107.0,48.6,82.1,1.36,39.1,21.4,29.5,26.2,68.8,2026-08-10 19:22:19
6386,8,76.9,33.7,48.9,0.97,32.4,15.0,53.5,27.6,43.7,2026-08-10 19:30:19
6387,4,41.9,19.4,40.5,0.67,13.9,6.7,43.9,29.2,76.6,2026-08-10 19:38:19
6388,7,58.5,25.3,46.9,0.77,26.0,11.0,47.7,29.7,46.3,2026-08-10 19:46:19
6389,10,90.0,39.4,77.0,1.19,38.1,17.1,44.9,26.2,49.4,2026-08-10 19:54:19
6390,5,29.3,12.0,18.7,0.43,15.4,5.0,42.4,25.7,74.5,2026-08-10 20:02:19
6391,5,95.9,43.6,63.8,1.34,34.9,18.5,33.3,19.8,65.6,2026-08-10 20:10:19
6392,6,85.4,38.1,54.0,1.13,33.6,16.1,30.0,34.9,41.8,2026-08-10 20:18:19
6393,9,97.6,43.6,69.6,1.26,38.3,16.8,30.8,35.4,83.4,2026-08-10 20:26:19
6394,7,98.4,43.1,78.3,1.2,41.6,16.9,32.5,24.6,46.6,2026-08-10 20:34:19
6395,1,15.1,5.6,9.0,0.14,10.0,5.0,46.3,36.1,46.3,2026-08-10 20:42:19
6396,9,70.0,31.2,51.7,0.86,27.6,13.1,54.0,28.0,55.7,2026-08-10 20:50:19
6397,8,82.8,37.8,54.8,1.14,29.6,14.2,53.1,18.5,32.8,2026-08-10 20:58:19
6398,10,92.8,41.1,83.4,1.27,37.6,16.6,38.4,30.1,56.3,2026-08-10 21:06:19
6399,9,72.4,31.4,50.1,1.0,31.8,10.7,41.8,24.7,33.2,2026-08-10 21:14:19
6400,5,116.9,51.9,84.2,1.48,46.9,18.9,29.7,34.5,80.3,2026-08-10 21:22:19
6401,7,19.1,7.4,14.3,0.29,11.6,5.0,36.5,23.7,53.5,2026-08-10 21:30:19
6402,2,83.9,37.3,66.9,1.05,33.6,15.2,27.2,27.0,82.3,2026-08-10 21:38:19
6403,10,116.0,50.7,97.8,1.49,49.4,19.5,52.6,32.3,82.1,2026-08-10 21:46:19
6404,8,85.4,37.8,64.9,1.18,34.7,16.4,33.8,28.0,57.3,2026-08-10 21:54:19
6405,8,66.8,30.5,60.3,0.95,23.8,11.1,30.7,27.8,75.6,2026-08-10 22:02:19
6406,9,135.2,61.1,93.4,1.74,50.5,26.2,52.4,32.2,32.9,2026-08-10 22:10:19
6407,4,72.7,33.1,67.2,1.09,26.2,12.9,34.2,27.8,70.1,2026-08-10 22:18:19
6408,5,62.6,28.5,50.8,0.85,22.5,12.3,50.6,19.1,44.0,2026-08-10 22:26:19
6409,4,96.3,43.2,84.1,1.29,37.1,18.6,40.5,32.1,65.1,2026-08-10 22:34:19
6410,10,75.2,33.6,55.4,0.96,29.4,14.6,45.6,30.1,70.8,2026-08-10 22:42:19
6411,9,52.2,23.9,38.2,0.7,18.3,11.3,34.9,34.8,69.7,2026-08-10 22:50:19
6412,3,64.6,28.4,52.2,0.88,26.9,13.2,47.1,20.5,57.8,2026-08-10 22:58:19
6413,3,88.3,39.6,74.3,1.14,34.0,14.6,32.1,37.3,46.8,2026-08-10 23:06:19
6414,5,43.5,18.9,34.0,0.49,19.0,5.8,31.0,30.3,46.9,2026-08-10 23:14:19
6415,8,63.0,27.3,39.9,0.75,27.8,11.9,47.3,25.8,38.5,2026-08-10 23:22:19
6416,10,78.2,34.0,62.7,0.96,34.1,12.0,38.5,29.0,64.4,2026-08-10 23:30:19
6417,7,85.4,37.6,66.6,1.22,35.5,13.2,49.2,34.4,55.9,2026-08-10 23:38:19
6418,1,76.3,33.7,51.1,1.08,31.3,12.6,48.5,33.0,61.4,2026-08-10 23:46:19
6419,7,87.9,38.0,71.3,1.16,39.0,15.2,27.9,31.3,35.8,2026-08-10 23:54:19
6420,3,98.0,44.0,72.8,1.36,37.6,19.3,41.0,26.8,53.4,2026-08-11 00:02:19
6421,10,122.3,53.3,111.4,1.51,52.8,19.7,48.8,20.1,71.6,2026-08-11 00:10:19
6422,9,96.2,43.5,87.7,1.27,35.8,18.6,35.5,25.4,59.0,2026-08-11 00:18:19
6423,7,73.4,32.3,63.3,1.05,30.5,11.3,51.0,23.0,37.8,2026-08-11 00:26:19
6424,5,23.4,10.2,16.9,0.25,10.0,5.0,44.6,34.8,58.6,2026-08-11 00:34:19
6425,6,74.6,33.8,50.6,1.07,27.6,11.7,25.5,30.2,49.8,2026-08-11 00:42:19
6426,2,66.0,28.2,44.7,0.83,30.4,11.6,35.4,23.7,55.9,2026-08-11 00:50:19
6427,4,88.4,40.3,64.4,1.15,31.8,17.1,41.8,20.9,77.9,2026-08-11 00:58:19
6428,7,67.1,30.4,56.0,0.84,24.8,12.7,36.6,21.7,65.8,2026-08-11 01:06:19
6429,1,71.0,31.0,49.6,0.83,30.3,14.0,47.6,19.3,67.4,2026-08-11 01:14:19
6430,6,74.9,34.2,71.0,1.05,26.7,15.3,35.4,34.2,34.4,2026-08-11 01:22:19
6431,4,15.0,5.0,8.0,0.18,10.0,5.0,27.2,27.6,77.1,2026-08-11 01:30:19
6432,4,121.6,53.0,84.0,1.62,52.4,21.6,29.3,23.6,76.2,2026-08-11 01:38:19
6433,3,73.7,32.2,54.5,0.93,31.5,14.0,31.5,19.7,60.2,2026-08-11 01:46:19
6434,4,47.7,21.2,35.2,0.66,19.0,9.1,32.0,20.2,80.1,2026-08-11 01:54:19
6435,2,120.8,52.7,100.7,1.53,51.9,23.0,28.9,22.6,30.8,2026-08-11 02:02:19
6436,9,134.9,61.0,112.7,1.87,50.2,25.0,25.7,30.5,33.5,2026-08-11 02:10:19
6437,8,59.7,26.4,52.1,0.8,24.3,12.1,40.1,21.7,48.7,2026-08-11 02:18:19
6438,1,147.9,64.7,94.0,1.98,62.9,25.3,32.2,24.7,72.7,2026-08-11 02:26:19
6439,5,91.8,41.1,73.4,1.29,35.7,16.3,42.7,22.9,81.1,2026-08-11 02:34:19
6440,4,66.8,28.6,44.7,0.91,30.6,11.1,44.0,27.4,39.6,2026-08-11 02:42:19
6441,8,57.1,26.0,47.0,0.87,20.6,11.0,48.8,29.4,36.2,2026-08-11 02:50:19
6442,8,18.0,7.2,14.9,0.24,10.0,5.0,42.2,18.2,59.4,2026-08-11 02:58:19
6443,10,117.4,51.8,76.8,1.55,48.3,20.4,39.5,19.8,54.6,2026-08-11 03:06:19
6444,5,127.1,56.1,114.1,1.65,52.3,21.0,33.5,33.3,76.4,2026-08-11 03:14:19
6445,5,88.7,39.6,72.1,1.19,34.8,14.5,43.4,22.9,35.6,2026-08-11 03:22:19
6446,3,75.8,33.8,47.8,1.09,30.0,12.6,34.3,28.7,75.7,2026-08-11 03:30:19
6447,2,78.6,35.4,64.8,1.02,29.8,13.8,48.8,23.2,84.9,2026-08-11 03:38:19
6448,4,97.8,43.5,64.4,1.3,38.9,17.8,36.8,35.8,80.3,2026-08-11 03:46:19
6449,5,129.8,58.1,103.6,1.82,50.5,24.9,48.2,27.1,78.1,2026-08-11 03:54:19
6450,6,98.6,43.8,86.3,1.32,39.5,17.2,36.1,35.7,73.7,2026-08-11 04:02:19
6451,9,92.5,40.3,67.4,1.23,39.9,14.7,51.2,25.6,60.9,2026-08-11 04:10:19
6452,9,72.3,33.1,68.7,0.95,25.5,14.5,50.7,25.9,69.3,2026-08-11 04:18:19
6453,6,102.4,44.9,66.1,1.37,43.2,16.6,44.0,36.8,58.6,2026-08-11 04:26:19
6454,2,79.5,36.2,63.3,1.17,28.6,13.7,35.3,26.2,58.0,2026-08-11 04:34:19
6455,10,85.5,37.9,61.0,1.24,34.6,14.0,31.6,26.8,53.7,2026-08-11 04:42:19
6456,4,126.4,55.1,94.7,1.71,54.5,23.5,42.9,30.7,82.9,2026-08-11 04:50:19
6457,5,101.9,45.3,82.1,1.37,40.8,17.4,28.1,21.3,84.7,2026-08-11 04:58:19
6458,9,85.0,37.4,57.9,1.04,35.3,13.0,53.5,27.8,83.5,2026-08-11 05:06:19
6459,4,101.8,45.4,77.6,1.44,40.2,17.5,34.5,34.4,31.1,2026-08-11 05:14:19
6460,8,102.4,46.3,78.5,1.31,38.2,17.0,32.7,25.0,36.9,2026-08-11 05:22:19
6461,5,22.1,9.2,17.9,0.35,11.1,5.4,31.4,32.1,69.1,2026-08-11 05:30:19
6462,3,43.6,20.1,33.0,0.64,14.8,9.0,37.5,25.1,66.9,2026-08-11 05:38:19
6463,3,76.2,33.4,50.6,0.96,32.1,14.2,26.8,24.2,77.9,2026-08-11 05:46:19
6464,3,68.0,30.9,50.0,0.91,24.8,11.1,54.7,36.8,51.0,2026-08-11 05:54:19
6465,2,116.4,52.2,102.4,1.57,44.8,19.1,53.8,25.6,48.3,2026-08-11 06:02:19
6466,4,43.6,19.3,36.1,0.57,17.7,7.9,48.5,35.9,41.4,2026-08-11 06:10:19
6467,8,55.7,24.4,50.9,0.83,23.6,10.7,48.9,19.4,37.0,2026-08-11 06:18:19
6468,6,27.2,11.8,19.6,0.37,12.0,5.1,35.3,31.6,67.2,2026-08-11 06:26:19
6469,3,127.4,57.3,114.6,1.72,48.5,23.6,47.6,34.8,81.8,2026-08-11 06:34:19
6470,7,54.9,24.6,51.0,0.64,21.3,11.4,52.8,35.5,49.0,2026-08-11 06:42:19
6471,8,51.3,23.2,47.1,0.78,19.1,11.2,49.0,22.3,67.0,2026-08-11 06:50:19
6472,8,101.9,46.1,71.8,1.39,37.9,18.6,53.7,36.8,54.4,2026-08-11 06:58:19
6473,5,30.7,14.3,24.3,0.52,10.0,7.1,52.4,35.6,73.2,2026-08-11 07:06:19
6474,4,59.3,26.1,42.0,0.84,24.6,9.1,46.1,31.7,41.2,2026-08-11 07:14:19
6475,9,53.9,23.9,48.6,0.64,21.8,9.4,33.0,24.1,32.2,2026-08-11 07:22:19
6476,2,136.7,61.1,103.5,1.9,53.5,26.2,27.2,21.5,74.1,2026-08-11 07:30:19
6477,3,90.4,39.9,73.3,1.24,37.1,14.1,51.9,36.5,55.1,2026-08-11 07:38:19
6478,6,88.0,38.6,74.8,1.11,37.0,15.2,30.4,27.1,58.7,2026-08-11 07:46:19
6479,5,65.5,29.8,56.5,0.83,23.8,11.7,43.7,19.0,79.6,2026-08-11 07:54:19
6480,3,23.2,10.1,20.1,0.35,10.0,5.0,52.6,36.5,62.4,2026-08-11 08:02:19
6481,10,44.8,19.6,31.0,0.54,19.1,6.4,27.4,28.8,79.7,2026-08-11 08:10:19
6482,6,69.8,30.5,50.6,0.85,29.7,10.5,34.7,28.8,55.7,2026-08-11 08:18:19
6483,2,52.3,22.7,40.8,0.66,22.8,8.5,48.9,21.7,36.0,2026-08-11 08:26:19
6484,4,29.2,12.6,18.5,0.31,13.0,6.6,25.2,26.6,55.6,2026-08-11 08:34:19
6485,3,82.9,37.9,78.2,1.1,29.3,15.7,49.2,23.7,52.9,2026-08-11 08:42:19
6486,7,102.0,44.4,85.8,1.41,44.1,17.8,28.7,28.6,65.2,2026-08-11 08:50:19
6487,8,112.0,49.4,77.1,1.51,46.2,18.6,52.8,19.7,57.7,2026-08-11 08:58:19
6488,5,116.4,51.4,96.5,1.59,47.7,21.6,42.4,30.7,79.9,2026-08-11 09:06:19
6489,4,62.8,28.0,44.8,0.77,24.7,12.5,35.3,26.2,47.4,2026-08-11 09:14:19
6490,5,58.4,25.2,48.7,0.81,26.1,9.0,28.5,33.0,65.6,2026-08-11 09:22:19
6491,8,94.9,41.3,77.7,1.22,41.1,14.7,44.0,20.7,31.4,2026-08-11 09:30:19
6492,4,99.5,44.3,81.8,1.32,39.5,16.2,36.3,18.6,66.8,2026-08-11 09:38:19
6493,10,164.0,72.0,121.8,2.11,68.8,29.3,49.0,36.8,53.4,2026-08-11 09:46:19
6494,6,77.6,33.4,62.4,1.08,34.9,14.8,42.1,36.2,78.8,2026-08-11 09:54:19
6495,3,125.6,56.7,89.3,1.65,47.1,22.0,31.6,21.7,58.1,2026-08-11 10:02:19
6496,9,140.7,61.5,115.0,1.86,60.0,23.0,30.2,37.6,60.0,2026-08-11 10:10:19
6497,8,55.0,25.0,47.2,0.78,20.0,9.0,42.3,21.0,69.9,2026-08-11 10:18:19
6498,6,58.8,25.9,50.6,0.81,24.4,10.6,29.8,25.2,35.6,2026-08-11 10:26:19
6499,4,83.2,36.9,52.4,1.16,33.5,13.9,37.0,31.6,53.4,2026-08-11 10:34:19
6500,1,103.5,45.0,63.0,1.36,45.0,16.8,51.1,27.3,44.2,2026-08-11 10:42:19
6501,5,16.5,6.4,9.7,0.28,10.0,5.0,36.7,20.8,58.4,2026-08-11 10:50:19
6502,4,50.5,21.7,31.4,0.66,22.9,7.9,33.7,30.5,54.7,2026-08-11 10:58:19
6503,10,59.3,27.2,43.2,0.85,20.6,10.9,31.9,26.3,40.1,2026-08-11 11:06:19
6504,2,86.7,39.1,79.5,1.25,32.6,15.0,43.3,21.4,53.8,2026-08-11 11:14:19
6505,10,61.8,27.5,45.2,0.82,24.5,9.1,25.0,26.1,80.2,2026-08-11 11:22:19
6506,8,117.0,53.1,101.4,1.53,42.9,20.4,39.8,21.0,84.1,2026-08-11 11:30:19
6507,1,69.0,31.6,56.0,0.89,24.3,12.4,31.7,23.0,81.7,2026-08-11 11:38:19
6508,3,67.5,30.2,60.1,0.82,26.3,11.4,39.4,38.0,36.8,2026-08-11 11:46:19
6509,7,111.1,48.8,93.4,1.42,46.5,18.3,41.3,24.0,66.9,2026-08-11 11:54:19
6510,2,63.7,28.2,52.4,0.85,25.8,10.6,45.1,30.8,40.6,2026-08-11 12:02:19
6511,10,76.2,33.5,56.9,0.91,31.7,13.1,45.3,25.4,40.7,2026-08-11 12:10:19
6512,9,37.0,16.6,27.7,0.57,14.2,5.9,32.6,37.8,66.3,2026-08-11 12:18:19
6513,3,88.1,39.7,82.8,1.17,33.3,14.0,41.7,33.4,54.7,2026-08-11 12:26:19
6514,4,85.7,39.0,70.7,1.18,30.9,16.3,37.2,22.2,75.2,2026-08-11 12:34:19
6515,6,50.3,22.8,35.2,0.78,18.6,9.9,46.6,20.6,58.9,2026-08-11 12:42:19
6516,10,90.4,40.8,61.2,1.22,34.0,17.6,27.0,26.4,61.7,2026-08-11 12:50:19
6517,5,18.1,7.3,12.7,0.29,10.0,5.0,36.5,27.5,80.7,2026-08-11 12:58:19
6518,6,128.6,58.2,102.1,1.79,47.7,23.3,40.6,28.5,34.2,2026-08-11 13:06:19
6519,9,80.7,35.0,67.1,1.01,35.3,12.8,46.5,19.0,34.3,2026-08-11 13:14:19
6520,8,149.6,65.8,114.6,1.94,62.3,26.5,35.9,32.4,33.3,2026-08-11 13:22:19
6521,8,98.1,44.1,64.1,1.4,37.4,16.0,54.3,23.8,32.4,2026-08-11 13:30:19
6522,7,30.8,14.0,23.9,0.41,11.2,5.9,32.3,28.8,64.6,2026-08-11 13:38:19
6523,8,47.8,21.9,36.1,0.64,16.7,7.3,48.9,30.9,50.1,2026-08-11 13:46:19
6524,5,73.5,32.6,67.4,0.94,29.6,14.0,35.2,25.3,37.1,2026-08-11 13:54:19
6525,4,52.5,23.4,38.3,0.75,20.7,10.9,51.6,22.5,85.0,2026-08-11 14:02:19
6526,2,23.6,9.7,14.3,0.39,12.2,5.0,29.4,29.5,46.4,2026-08-11 14:10:19
6527,6,45.7,20.7,32.0,0.62,16.8,9.7,50.7,28.0,82.3,2026-08-11 14:18:19
6528,5,88.4,39.2,60.8,1.12,35.6,15.6,30.2,23.1,84.3,2026-08-11 14:26:19
6529,3,144.7,65.1,96.9,2.03,55.0,26.3,43.4,22.6,45.0,2026-08-11 14:34:19
6530,6,66.8,29.9,47.1,0.84,25.9,10.7,43.5,24.0,82.8,2026-08-11 14:42:19
6531,4,87.1,39.1,71.8,1.25,33.4,14.9,50.7,36.4,80.9,2026-08-11 14:50:19
6532,4,96.9,43.4,76.1,1.26,37.5,17.5,49.1,28.3,82.2,2026-08-11 14:58:19
6533,5,112.8,49.0,91.4,1.43,49.1,20.7,33.1,32.7,68.7,2026-08-11 15:06:19
6534,8,78.0,35.0,61.8,1.03,29.9,13.4,30.1,22.8,39.9,2026-08-11 15:14:19
6535,1,119.0,53.4,97.8,1.64,45.8,22.1,30.9,29.6,75.7,2026-08-11 15:22:19
6536,7,104.5,47.3,74.1,1.42,38.7,17.0,44.5,27.6,49.8,2026-08-11 15:30:19
6537,6,29.4,12.6,19.3,0.31,13.4,5.0,47.9,24.8,70.5,2026-08-11 15:38:19
6538,7,95.6,41.9,65.6,1.24,40.4,18.3,42.9,35.7,70.2,2026-08-11 15:46:19
6539,1,95.1,42.1,76.6,1.19,38.7,17.2,43.0,24.8,52.7,2026-08-11 15:54:19
6540,9,43.0,18.9,38.7,0.49,18.0,6.5,51.3,29.9,70.5,2026-08-11 16:02:19
6541,8,99.7,44.0,81.6,1.25,41.0,19.4,53.8,36.1,32.3,2026-08-11 16:10:19
6542,9,70.4,30.8,60.6,0.98,29.9,12.3,41.4,30.0,46.6,2026-08-11 16:18:19
6543,7,86.6,37.9,53.4,1.11,36.7,13.6,51.2,34.9,74.8,2026-08-11 16:26:19
6544,2,67.9,30.0,53.0,0.81,27.8,13.2,53.0,34.7,51.3,2026-08-11 16:34:19
6545,9,76.7,34.2,53.3,1.0,30.2,12.1,31.7,21.0,54.2,2026-08-11 16:42:19
6546,8,92.0,40.3,66.1,1.16,38.9,15.5,47.3,25.1,58.4,2026-08-11 16:50:19
6547,3,41.6,17.8,26.8,0.61,19.1,5.8,34.8,23.6,58.4,2026-08-11 16:58:19
6548,6,46.2,20.3,40.0,0.52,19.4,9.2,41.4,29.3,69.5,2026-08-11 17:06:19
6549,5,23.9,10.5,17.1,0.32,10.0,6.1,44.8,24.4,57.4,2026-08-11 17:14:19
6550,4,59.0,26.0,40.1,0.8,24.3,10.0,34.2,31.3,78.3,2026-08-11 17:22:19
6551,10,103.2,45.4,81.0,1.27,43.0,16.4,42.2,27.0,82.7,2026-08-11 17:30:19
6552,3,103.1,46.8,86.0,1.32,37.8,19.8,48.2,27.0,42.0,2026-08-11 17:38:19
6553,10,31.5,14.6,25.4,0.41,10.5,5.6,47.9,21.0,84.0,2026-08-11 17:46:19
6554,3,51.9,22.9,47.4,0.78,21.4,9.5,51.0,37.6,41.0,2026-08-11 17:54:19
6555,4,57.5,26.1,51.1,0.87,21.0,12.3,47.0,31.6,78.6,2026-08-11 18:02:19
6556,8,120.3,53.5,91.1,1.66,48.0,23.1,50.7,37.5,83.5,2026-08-11 18:10:19
6557,9,36.8,15.3,31.2,0.48,18.6,5.8,38.2,29.6,53.4,2026-08-11 18:18:19
6558,8,95.6,43.4,81.4,1.35,35.0,16.3,29.6,29.9,67.0,2026-08-11 18:26:19
6559,5,57.0,25.9,48.9,0.83,20.7,11.9,47.8,35.1,61.8,2026-08-11 18:34:19
6560,5,111.4,50.2,88.2,1.53,42.1,21.6,35.5,31.0,38.6,2026-08-11 18:42:19
6561,2,118.1,51.5,76.4,1.52,50.8,20.3,30.8,24.3,38.1,2026-08-11 18:50:19
6562,10,31.3,14.6,28.1,0.51,10.0,6.3,32.8,24.4,56.9,2026-08-11 18:58:19
6563,8,15.0,5.0,10.1,0.1,10.0,5.0,40.8,30.0,77.9,2026-08-11 19:06:19
6564,4,73.5,31.8,59.2,0.98,32.5,14.6,54.3,23.5,83.8,2026-08-11 19:14:19
6565,2,78.3,35.5,49.8,0.98,28.9,14.0,34.6,21.6,75.2,2026-08-11 19:22:19
6566,6,57.1,26.2,52.9,0.76,19.9,9.5,51.1,35.0,46.2,2026-08-11 19:30:19
6567,6,105.1,47.2,92.2,1.49,40.2,18.5,42.7,19.7,31.3,2026-08-11 19:38:19
6568,9,75.7,33.4,58.4,1.07,31.1,13.6,47.3,31.5,82.1,2026-08-11 19:46:19
6569,6,34.7,16.5,31.5,0.53,10.0,7.3,37.2,26.7,42.8,2026-08-11 19:54:19
6570,1,53.0,24.5,42.1,0.71,17.7,11.7,25.5,28.9,48.5,2026-08-11 20:02:19
6571,10,64.9,29.7,50.4,0.95,22.8,10.2,52.0,37.0,46.5,2026-08-11 20:10:19
6572,5,100.5,44.1,70.2,1.34,42.3,16.6,49.4,32.3,30.3,2026-08-11 20:18:19
6573,1,64.8,29.0,50.0,0.78,25.1,12.9,38.1,35.2,82.7,2026-08-11 20:26:19
6574,8,64.5,29.5,45.1,0.83,22.8,13.0,42.9,20.0,54.4,2026-08-11 20:34:19
6575,9,74.0,33.3,53.5,1.02,28.2,12.6,34.8,22.0,44.0,2026-08-11 20:42:19
6576,5,188.6,82.8,144.1,2.57,79.1,35.1,38.4,33.9,84.3,2026-08-11 20:50:19
6577,2,55.1,23.5,40.2,0.74,25.5,11.2,40.2,28.6,38.0,2026-08-11 20:58:19
6578,2,66.9,29.5,49.9,0.87,27.6,11.7,28.6,19.4,50.8,2026-08-11 21:06:19
6579,9,40.7,18.5,34.9,0.6,14.8,8.7,26.6,24.9,38.0,2026-08-11 21:14:19
6580,5,109.4,49.4,77.3,1.52,40.9,18.1,36.4,35.2,50.2,2026-08-11 21:22:19
6581,8,92.5,41.5,81.1,1.19,35.6,15.2,46.2,27.7,68.8,2026-08-11 21:30:19
6582,1,64.2,27.9,48.7,0.86,28.0,12.0,33.8,20.5,56.5,2026-08-11 21:38:19
6583,5,37.6,17.1,29.9,0.55,13.6,7.9,43.3,21.1,43.1,2026-08-11 21:46:19
6584,3,104.6,46.7,81.2,1.41,41.1,17.0,32.9,36.4,83.1,2026-08-11 21:54:19
6585,5,62.8,27.2,47.7,0.88,27.6,11.7,29.8,33.9,72.0,2026-08-11 22:02:19
6586,10,86.0,38.3,64.9,1.18,34.2,16.0,45.9,32.4,56.2,2026-08-11 22:10:19
6587,3,116.3,51.2,79.8,1.58,48.2,18.5,49.5,29.5,66.2,2026-08-11 22:18:19
6588,2,76.6,34.3,67.5,0.98,29.7,13.1,53.3,19.4,80.2,2026-08-11 22:26:19
6589,4,15.0,5.0,7.6,0.19,10.0,5.0,42.3,31.3,60.7,2026-08-11 22:34:19
6590,3,66.7,29.7,51.1,0.98,26.4,11.3,30.8,24.8,59.6,2026-08-11 22:42:19
6591,8,43.8,20.2,37.4,0.58,14.9,7.2,52.5,32.1,71.2,2026-08-11 22:50:19
6592,9,124.5,54.8,81.2,1.59,51.7,22.0,51.5,32.3,79.2,2026-08-11 22:58:19
6593,9,77.4,34.2,56.6,0.99,31.6,14.9,36.0,31.6,34.2,2026-08-11 23:06:19
6594,8,126.0,56.6,116.8,1.74,48.2,24.6,43.1,18.7,50.0,2026-08-11 23:14:19
6595,6,135.5,59.2,91.0,1.72,57.8,23.7,41.2,23.2,81.1,2026-08-11 23:22:19
6596,10,117.1,51.5,107.3,1.47,48.8,19.0,36.5,21.1,39.5,2026-08-11 23:30:19
6597,4,95.9,42.0,84.6,1.32,40.6,15.8,47.5,26.5,37.0,2026-08-11 23:38:19
6598,3,84.5,37.5,69.0,1.09,34.0,13.9,33.0,34.9,74.1,2026-08-11 23:46:19
6599,9,85.8,38.5,79.9,1.06,32.9,13.9,54.7,30.9,71.6,2026-08-11 23:54:19
6600,5,89.4,39.9,81.6,1.28,35.2,17.5,52.1,26.2,75.1,2026-08-12 00:02:19
6601,7,65.4,28.8,50.6,0.8,27.2,13.5,32.3,31.4,54.5,2026-08-12 00:10:19
6602,4,57.0,24.9,39.6,0.76,24.3,8.8,48.1,36.7,68.0,2026-08-12 00:18:19
6603,10,15.0,5.0,7.0,0.11,10.0,5.0,26.3,20.1,47.4,2026-08-12 00:26:19
6604,10,87.0,38.6,55.8,1.2,35.0,15.6,41.0,20.0,39.4,2026-08-12 00:34:19
6605,7,60.2,27.5,53.9,0.77,21.4,12.7,36.8,33.2,74.0,2026-08-12 00:42:19
6606,5,59.9,25.9,51.1,0.86,26.5,9.5,43.3,25.4,42.3,2026-08-12 00:50:19
6607,4,92.6,40.9,66.0,1.14,38.0,16.9,47.1,18.7,70.4,2026-08-12 00:58:19
6608,7,130.1,58.8,115.7,1.83,48.6,22.3,41.9,31.3,79.5,2026-08-12 01:06:19
6609,6,94.7,41.5,62.5,1.3,39.9,18.0,39.6,29.7,80.0,2026-08-12 01:14:19
6610,5,36.0,17.0,31.7,0.56,10.8,8.2,42.2,35.9,80.0,2026-08-12 01:22:19
6611,2,21.9,9.4,19.3,0.31,10.0,5.6,41.7,37.1,57.1,2026-08-12 01:30:19
6612,2,100.1,44.7,66.9,1.37,39.2,16.5,49.5,24.7,76.2,2026-08-12 01:38:19
6613,2,89.8,40.0,67.5,1.17,35.7,15.9,44.9,19.6,38.9,2026-08-12 01:46:19
6614,10,53.1,23.1,34.1,0.77,23.0,8.7,34.0,18.1,80.9,2026-08-12 01:54:19
6615,8,85.8,38.8,69.0,1.24,32.0,15.1,38.2,25.4,46.8,2026-08-12 02:02:19
6616,1,54.0,24.0,40.6,0.73,21.5,11.1,34.8,31.4,84.6,2026-08-12 02:10:19
6617,4,94.5,42.1,59.8,1.26,37.5,17.3,39.4,25.7,53.9,2026-08-12 02:18:19
6618,10,67.8,30.4,43.1,0.94,26.1,11.9,47.1,32.4,55.4,2026-08-12 02:26:19
6619,6,33.2,14.8,27.6,0.38,13.2,7.9,39.4,18.2,36.6,2026-08-12 02:34:19
6620,8,80.6,35.1,68.0,1.03,34.9,15.3,44.6,34.3,54.7,2026-08-12 02:42:19
6621,7,22.1,9.5,18.7,0.2,10.0,5.0,51.8,21.3,76.6,2026-08-12 02:50:19
6622,8,85.0,38.3,74.8,1.2,32.1,13.7,43.4,32.4,78.0,2026-08-12 02:58:19
6623,3,47.0,20.9,32.3,0.72,18.8,7.3,33.5,31.4,54.9,2026-08-12 03:06:19
6624,3,20.8,8.8,17.7,0.27,10.0,5.0,49.6,24.1,68.8,2026-08-12 03:14:19
6625,7,66.5,30.5,43.6,0.84,23.1,14.0,41.3,28.1,59.3,2026-08-12 03:22:19
6626,4,88.3,40.1,82.9,1.18,32.2,15.3,25.6,36.7,82.5,2026-08-12 03:30:19
6627,7,47.7,22.2,33.4,0.68,15.4,9.3,52.7,31.8,75.3,2026-08-12 03:38:19
6628,10,138.1,60.5,107.6,1.87,58.3,22.4,31.1,34.7,63.0,2026-08-12 03:46:19
6629,1,101.3,43.9,84.7,1.36,44.5,17.0,31.2,36.8,76.3,2026-08-12 03:54:19
6630,8,47.6,21.7,31.9,0.55,17.0,10.2,35.8,33.8,58.0,2026-08-12 04:02:19
6631,2,104.6,45.8,92.8,1.32,44.3,20.2,42.3,25.7,80.3,2026-08-12 04:10:19
6632,6,73.8,33.0,52.7,1.05,28.9,14.4,42.0,31.6,37.9,2026-08-12 04:18:19
6633,6,32.8,15.3,27.9,0.55,10.5,5.0,47.6,35.2,46.3,2026-08-12 04:26:19
6634,8,20.8,8.8,16.7,0.26,10.0,5.0,47.7,19.7,66.6,2026-08-12 04:34:19
6635,10,77.9,33.7,69.3,1.08,34.5,12.7,47.1,36.9,55.1,2026-08-12 04:42:19
6636,10,85.4,37.7,53.2,1.04,35.0,15.2,54.8,29.4,41.8,2026-08-12 04:50:19
6637,9,47.6,20.1,40.5,0.7,22.9,9.3,47.9,22.8,47.1,2026-08-12 04:58:19
6638,5,86.0,38.4,65.4,1.07,33.7,16.7,43.2,22.7,38.6,2026-08-12 05:06:19
6639,9,26.9,11.8,23.2,0.41,11.4,5.7,42.3,33.9,56.1,2026-08-12 05:14:19
6640,8,29.9,12.7,18.4,0.29,14.0,5.3,54.0,21.6,66.9,2026-08-12 05:22:19
6641,1,112.2,49.9,74.4,1.4,44.7,20.0,49.5,23.9,55.6,2026-08-12 05:30:19
6642,6,114.0,50.5,97.2,1.5,46.1,18.8,45.2,24.9,35.1,2026-08-12 05:38:19
6643,6,118.7,52.1,98.8,1.59,49.8,20.8,47.6,28.5,60.9,2026-08-12 05:46:19
6644,7,116.6,52.6,84.1,1.53,43.8,19.2,31.3,25.8,40.8,2026-08-12 05:54:19
6645,6,120.3,53.4,90.0,1.62,48.3,20.5,39.5,18.7,79.5,2026-08-12 06:02:19
6646,5,118.5,52.9,104.4,1.53,46.5,21.1,30.3,29.3,44.7,2026-08-12 06:10:19
6647,1,35.4,15.0,28.6,0.42,16.8,7.4,47.4,23.2,76.3,2026-08-12 06:18:19
6648,7,15.0,5.0,9.1,0.14,10.0,5.0,53.4,24.1,81.1,2026-08-12 06:26:19
6649,1,107.5,47.8,71.0,1.51,43.0,19.6,26.9,29.0,48.2,2026-08-12 06:34:19
6650,4,119.5,54.0,113.4,1.71,44.5,19.9,45.9,37.6,39.9,2026-08-12 06:42:19
6651,2,147.1,64.9,102.3,2.02,60.5,24.7,38.8,29.4,62.8,2026-08-12 06:50:19
6652,6,30.0,13.9,20.1,0.37,10.0,6.6,45.4,22.5,41.8,2026-08-12 06:58:19
6653,5,119.2,52.5,82.1,1.6,49.4,20.8,32.4,30.9,76.6,2026-08-12 07:06:19
6654,9,145.6,63.6,132.3,1.91,62.2,26.5,40.6,36.7,78.9,2026-08-12 07:14:19
6655,3,34.8,15.4,29.3,0.51,14.1,6.4,49.9,32.4,74.1,2026-08-12 07:22:19
6656,4,69.7,32.0,46.6,0.99,24.2,14.0,52.6,20.4,76.4,2026-08-12 07:30:19
6657,9,134.5,60.8,103.6,1.83,50.2,25.9,32.4,19.1,35.3,2026-08-12 07:38:19
6658,1,53.8,24.9,45.9,0.69,17.9,11.5,49.4,20.6,51.5,2026-08-12 07:46:19
6659,4,63.9,29.1,44.4,0.92,23.0,10.1,30.1,29.7,42.4,2026-08-12 07:54:19
6660,2,82.6,35.9,71.2,1.15,36.0,15.3,44.7,27.3,73.3,2026-08-12 08:02:19
6661,6,46.1,20.8,41.0,0.6,17.3,6.6,40.5,36.0,32.9,2026-08-12 08:10:19
6662,10,77.9,35.6,72.0,1.02,27.6,15.4,43.8,22.6,35.8,2026-08-12 08:18:19
6663,9,73.8,32.4,65.3,0.91,31.0,12.6,26.4,19.6,79.2,2026-08-12 08:26:19
6664,4,17.4,6.9,11.1,0.21,10.0,5.0,50.5,19.2,57.4,2026-08-12 08:34:19
6665,1,126.7,55.9,90.0,1.64,52.1,21.9,44.5,32.8,57.4,2026-08-12 08:42:19
6666,4,15.0,5.0,10.3,0.17,10.0,5.0,46.9,26.3,46.5,2026-08-12 08:50:19
6667,3,55.0,24.0,41.1,0.8,23.6,8.1,28.6,22.8,65.2,2026-08-12 08:58:19
6668,8,49.7,21.5,44.8,0.64,21.9,9.9,53.2,31.7,54.7,2026-08-12 09:06:19
6669,4,90.3,41.1,70.0,1.22,32.7,17.4,30.6,35.4,61.3,2026-08-12 09:14:19
6670,7,57.9,26.2,48.8,0.84,21.4,10.7,32.3,31.6,80.5,2026-08-12 09:22:19
6671,5,60.2,25.7,45.4,0.75,27.9,11.0,47.6,18.7,34.7,2026-08-12 09:30:19
6672,2,90.0,41.0,62.5,1.31,32.4,14.6,52.7,18.9,80.1,2026-08-12 09:38:19
6673,1,63.2,27.9,51.8,0.79,26.0,12.9,32.8,20.5,76.1,2026-08-12 09:46:19
6674,1,64.4,29.3,46.1,0.83,23.3,11.0,47.3,22.1,77.6,2026-08-12 09:54:19
6675,2,114.1,51.4,75.8,1.59,43.2,21.6,31.9,19.0,47.2,2026-08-12 10:02:19
6676,10,34.8,15.9,32.0,0.4,12.3,5.9,50.6,29.7,46.0,2026-08-12 10:10:19
6677,6,35.9,16.7,33.7,0.5,11.6,7.9,54.8,23.8,54.5,2026-08-12 10:18:19
6678,9,63.1,28.5,54.9,0.79,23.6,9.8,38.4,32.7,80.3,2026-08-12 10:26:19
6679,5,15.0,5.0,9.3,0.21,10.0,5.0,32.9,27.4,56.4,2026-08-12 10:34:19
6680,6,75.8,34.5,52.9,1.09,27.3,13.4,46.5,29.5,60.1,2026-08-12 10:42:19
6681,10,51.2,21.9,41.1,0.61,23.6,7.6,36.8,35.9,56.4,2026-08-12 10:50:19
6682,7,54.4,25.2,45.0,0.85,18.1,10.7,54.4,30.3,71.3,2026-08-12 10:58:19
6683,3,127.2,56.0,111.9,1.76,52.8,20.7,33.0,20.7,59.0,2026-08-12 11:06:19
6684,1,67.0,30.1,51.1,0.86,25.7,13.1,41.7,21.4,76.7,2026-08-12 11:14:19
6685,2,82.0,37.1,74.1,1.01,30.4,15.4,47.7,18.7,79.8,2026-08-12 11:22:19
6686,2,83.5,36.2,64.0,1.02,36.6,13.7,39.6,29.5,40.8,2026-08-12 11:30:19
6687,7,62.9,28.6,50.4,0.89,22.9,9.7,36.3,20.1,49.5,2026-08-12 11:38:19
6688,3,72.1,32.8,57.0,0.89,26.1,13.8,43.1,29.7,47.9,2026-08-12 11:46:19
6689,10,100.1,44.7,72.6,1.42,39.3,19.5,25.0,34.2,35.2,2026-08-12 11:54:19
6690,5,70.5,31.0,53.4,0.84,29.3,13.5,39.7,33.7,31.2,2026-08-12 12:02:19
6691,9,46.6,19.6,27.5,0.57,22.6,8.5,53.6,27.9,41.4,2026-08-12 12:10:19
6692,5,61.8,28.0,43.4,0.78,22.8,10.6,35.7,21.3,76.3,2026-08-12 12:18:19
6693,9,107.4,48.3,70.5,1.53,40.9,19.4,53.9,20.6,81.7,2026-08-12 12:26:19
6694,4,67.6,30.9,45.1,0.86,23.9,13.8,45.4,30.2,75.7,2026-08-12 12:34:19
6695,4,34.9,15.4,27.5,0.39,14.4,5.2,26.3,21.7,41.4,2026-08-12 12:42:19
6696,1,112.9,49.8,96.0,1.46,46.5,18.2,46.2,20.7,53.1,2026-08-12 12:50:19
6697,3,104.0,46.7,88.4,1.42,39.9,19.3,48.0,18.7,35.7,2026-08-12 12:58:19
6698,3,75.3,33.1,59.1,0.89,31.5,13.5,31.9,20.0,31.0,2026-08-12 13:06:19
6699,6,125.2,56.7,99.7,1.72,46.3,21.1,33.9,21.1,54.3,2026-08-12 13:14:19
6700,8,47.9,20.3,29.4,0.53,22.7,7.1,54.7,26.7,35.5,2026-08-12 13:22:19
6701,10,65.1,29.3,49.2,0.79,24.8,13.3,40.3,27.3,36.3,2026-08-12 13:30:19
6702,4,102.1,45.8,80.2,1.28,39.3,19.8,50.9,22.7,55.5,2026-08-12 13:38:19
6703,8,38.6,17.3,26.4,0.47,14.9,6.6,41.7,27.2,81.4,2026-08-12 13:46:19
6704,7,74.0,33.9,56.3,0.98,26.0,14.6,50.4,34.3,41.3,2026-08-12 13:54:19
6705,10,55.8,24.1,35.2,0.72,24.8,9.5,27.0,37.2,46.0,2026-08-12 14:02:19
6706,3,56.1,25.0,41.6,0.7,22.3,9.7,27.0,24.4,58.8,2026-08-12 14:10:19
6707,4,60.2,26.6,39.0,0.81,24.7,11.9,30.4,33.6,34.0,2026-08-12 14:18:19
6708,6,101.4,45.5,74.1,1.31,38.9,17.7,42.5,21.4,75.1,2026-08-12 14:26:19
6709,9,38.8,18.1,36.6,0.6,12.5,5.4,46.5,35.5,68.5,2026-08-12 14:34:19
6710,6,15.4,5.8,9.0,0.27,10.0,5.0,49.0,37.4,84.1,2026-08-12 14:42:19
6711,4,110.1,48.8,99.2,1.5,44.6,17.9,50.9,36.0,72.3,2026-08-12 14:50:19
6712,4,120.4,53.2,106.7,1.51,49.3,19.8,41.2,26.0,31.7,2026-08-12 14:58:19
6713,6,80.9,35.9,57.1,1.0,32.5,15.4,35.7,25.0,71.9,2026-08-12 15:06:19
6714,8,24.7,10.1,19.3,0.26,13.1,5.0,30.4,28.1,38.4,2026-08-12 15:14:19
6715,2,123.9,54.9,109.0,1.62,50.2,21.2,26.1,29.5,74.9,2026-08-12 15:22:19
6716,10,114.5,51.6,86.3,1.52,43.3,21.7,47.3,33.7,64.5,2026-08-12 15:30:19
6717,7,23.0,9.9,16.4,0.22,10.3,5.0,25.6,25.4,52.7,2026-08-12 15:38:19
6718,6,28.8,12.4,22.0,0.29,13.0,5.0,43.2,24.3,59.7,2026-08-12 15:46:19
6719,8,64.0,29.0,58.0,0.8,23.5,11.4,33.7,25.9,73.3,2026-08-12 15:54:19
6720,6,69.5,31.1,54.2,0.85,27.0,12.0,43.9,34.5,60.1,2026-08-12 16:02:19
6721,9,17.8,7.1,13.8,0.26,10.0,5.0,53.7,31.4,46.0,2026-08-12 16:10:19
6722,6,95.7,42.8,64.6,1.26,37.4,17.6,48.2,21.2,57.2,2026-08-12 16:18:19
6723,7,94.2,41.2,65.4,1.32,40.0,18.1,39.3,22.7,35.5,2026-08-12 16:26:19
6724,1,30.4,12.8,25.1,0.48,14.8,6.7,54.2,34.1,70.6,2026-08-12 16:34:19
6725,6,90.8,39.6,74.5,1.09,39.0,14.7,54.2,34.4,39.1,2026-08-12 16:42:19
6726,10,127.8,55.8,101.0,1.58,54.7,22.3,38.9,33.1,62.2,2026-08-12 16:50:19
6727,9,88.7,39.5,56.6,1.13,35.2,14.5,43.3,35.2,74.3,2026-08-12 16:58:19
6728,3,87.8,38.1,68.6,1.07,38.5,15.8,49.3,31.8,37.3,2026-08-12 17:06:19
6729,8,61.2,27.7,49.0,0.89,22.6,11.4,33.9,32.9,84.7,2026-08-12 17:14:19
6730,2,26.1,11.7,19.5,0.27,10.0,5.9,27.6,27.5,53.8,2026-08-12 17:22:19
6731,4,38.2,16.2,25.7,0.43,18.0,5.4,40.2,30.9,58.3,2026-08-12 17:30:19
6732,10,100.4,45.3,94.1,1.33,37.8,16.8,43.8,30.0,79.3,2026-08-12 17:38:19
6733,5,122.1,54.5,92.6,1.73,48.0,22.5,42.3,19.5,32.2,2026-08-12 17:46:19
6734,4,65.2,28.9,46.4,0.8,26.4,9.6,31.1,21.6,36.1,2026-08-12 17:54:19
6735,10,82.2,37.5,70.8,1.07,29.3,14.1,51.5,34.1,61.3,2026-08-12 18:02:19
6736,5,110.3,49.8,82.2,1.56,41.4,21.9,27.1,18.7,30.9,2026-08-12 18:10:19
6737,8,74.3,32.4,58.4,0.91,31.9,13.5,34.0,22.4,50.1,2026-08-12 18:18:19
6738,2,100.6,44.5,81.4,1.38,40.9,17.6,43.8,26.5,36.1,2026-08-12 18:26:19
6739,1,95.2,42.5,65.3,1.25,37.5,17.0,33.6,33.0,84.7,2026-08-12 18:34:19
6740,1,132.9,59.5,104.9,1.71,51.5,23.4,44.6,36.3,62.4,2026-08-12 18:42:19
6741,7,116.7,51.5,86.8,1.53,47.9,18.8,33.5,19.4,60.3,2026-08-12 18:50:19
6742,10,102.9,46.1,69.9,1.32,39.8,16.6,49.5,28.3,32.8,2026-08-12 18:58:19
6743,6,114.4,51.6,84.6,1.53,43.0,21.6,41.8,27.8,68.1,2026-08-12 19:06:19
6744,2,137.7,60.5,124.9,1.82,57.6,23.0,30.6,19.8,69.1,2026-08-12 19:14:19
6745,6,30.4,13.6,22.0,0.34,11.8,6.3,41.3,36.9,32.5,2026-08-12 19:22:19
6746,5,87.3,39.1,73.0,1.08,33.9,17.4,25.1,28.9,40.8,2026-08-12 19:30:19
6747,10,115.1,50.6,91.8,1.44,48.0,20.2,26.8,35.2,52.3,2026-08-12 19:38:19
6748,3,60.0,26.3,53.5,0.83,25.4,10.0,25.5,26.9,79.4,2026-08-12 19:46:19
6749,1,72.3,32.8,55.7,1.06,26.5,12.2,37.4,28.3,45.2,2026-08-12 19:54:19
6750,4,87.7,39.2,72.5,1.23,34.2,15.3,52.2,36.3,54.8,2026-08-12 20:02:19
6751,1,140.1,63.3,128.7,1.98,52.4,25.2,44.2,25.9,54.9,2026-08-12 20:10:19
6752,10,48.0,21.7,39.6,0.68,17.9,9.8,42.1,24.0,39.1,2026-08-12 20:18:19
6753,5,81.0,37.0,67.9,1.16,28.8,14.6,50.5,27.7,64.2,2026-08-12 20:26:19
6754,6,54.8,24.9,35.9,0.67,19.9,11.3,52.4,27.2,39.4,2026-08-12 20:34:19
6755,7,93.2,42.0,86.1,1.26,35.2,15.0,52.4,23.7,61.4,2026-08-12 20:42:19
6756,5,30.6,13.7,19.2,0.44,11.9,5.0,44.2,32.4,73.7,2026-08-12 20:50:19
6757,2,115.4,50.5,91.1,1.44,49.0,21.2,49.1,25.3,68.4,2026-08-12 20:58:19
6758,7,51.9,23.9,46.0,0.67,17.8,9.5,30.3,22.4,36.1,2026-08-12 21:06:19
6759,1,95.3,42.6,64.4,1.3,37.3,18.9,51.9,30.0,67.0,2026-08-12 21:14:19
6760,8,108.3,48.8,74.0,1.46,40.9,18.9,54.8,26.1,59.6,2026-08-12 21:22:19
6761,5,57.4,26.5,44.2,0.82,19.4,10.2,46.0,19.5,47.6,2026-08-12 21:30:19
6762,5,18.5,7.5,11.1,0.29,10.0,5.0,42.7,29.7,72.6,2026-08-12 21:38:19
6763,9,28.4,13.0,25.1,0.44,10.0,5.8,28.7,23.1,63.1,2026-08-12 21:46:19
6764,3,84.2,38.1,68.8,1.06,31.2,16.4,32.7,27.2,82.3,2026-08-12 21:54:19
6765,5,15.0,5.0,7.3,0.11,10.0,5.0,26.8,20.4,60.9,2026-08-12 22:02:19
6766,9,87.3,39.1,60.1,1.2,33.8,17.1,38.3,26.4,66.0,2026-08-12 22:10:19
6767,3,50.6,22.2,46.0,0.61,21.3,7.6,27.6,21.9,48.1,2026-08-12 22:18:19
6768,2,73.1,32.8,53.6,1.01,28.2,12.9,35.1,37.0,58.9,2026-08-12 22:26:19
6769,7,129.5,57.9,112.0,1.67,50.5,24.4,44.6,35.7,69.9,2026-08-12 22:34:19
6770,1,89.0,39.5,71.7,1.18,35.7,15.5,36.3,23.9,57.2,2026-08-12 22:42:19
6771,10,118.2,51.7,90.7,1.46,50.3,18.7,46.8,26.4,50.5,2026-08-12 22:50:19
6772,6,95.6,42.3,65.4,1.3,38.9,15.6,26.4,26.2,49.9,2026-08-12 22:58:19
6773,9,98.4,44.5,92.7,1.29,36.5,18.5,42.0,35.9,79.5,2026-08-12 23:06:19
6774,6,58.5,25.9,53.9,0.7,23.7,10.2,33.5,33.9,70.9,2026-08-12 23:14:19
6775,1,56.9,26.0,42.1,0.75,20.2,8.7,51.8,27.9,49.9,2026-08-12 23:22:19
6776,4,104.4,46.4,95.1,1.43,41.8,17.6,52.7,18.0,54.8,2026-08-12 23:30:19
6777,1,88.2,38.5,80.7,1.13,37.9,14.2,40.5,27.0,72.4,2026-08-12 23:38:19
6778,4,90.0,40.0,65.7,1.27,35.9,14.1,53.5,29.9,48.7,2026-08-12 23:46:19
6779,3,57.4,26.0,41.4,0.75,21.1,8.5,25.0,19.5,59.3,2026-08-12 23:54:19
6780,6,113.2,51.2,73.3,1.57,42.0,21.1,41.1,19.2,81.1,2026-08-13 00:02:19
6781,1,71.7,32.6,52.8,0.93,26.0,13.1,45.4,20.6,46.9,2026-08-13 00:10:19
6782,5,15.1,5.6,8.5,0.1,10.0,5.0,31.4,33.7,56.7,2026-08-13 00:18:19
6783,6,105.6,47.4,68.6,1.49,40.6,20.0,34.4,18.4,79.9,2026-08-13 00:26:19
6784,7,96.6,43.3,67.9,1.35,37.4,15.3,26.2,33.9,32.0,2026-08-13 00:34:19
6785,2,15.0,5.0,10.4,0.14,10.0,5.0,45.4,27.8,56.3,2026-08-13 00:42:19
6786,8,94.9,41.8,71.2,1.24,39.4,15.2,39.0,37.0,35.5,2026-08-13 00:50:19
6787,7,122.1,53.3,84.8,1.66,52.4,20.9,29.8,22.0,78.4,2026-08-13 00:58:19
6788,4,15.0,5.0,8.7,0.23,10.0,5.0,40.2,18.2,84.1,2026-08-13 01:06:19
6789,3,111.6,50.3,103.3,1.6,42.2,20.6,41.8,22.3,73.5,2026-08-13 01:14:19
6790,7,78.8,35.1,56.5,1.03,31.2,14.3,50.7,19.3,64.4,2026-08-13 01:22:19
6791,5,93.0,42.0,68.3,1.26,34.7,18.5,26.9,37.0,76.1,2026-08-13 01:30:19
6792,10,95.5,42.8,60.2,1.28,37.0,15.9,53.4,25.6,56.3,2026-08-13 01:38:19
6793,6,105.1,45.7,66.2,1.34,45.6,17.4,37.6,30.6,76.4,2026-08-13 01:46:19
6794,9,38.3,18.1,29.4,0.52,11.5,7.9,42.4,37.8,79.8,2026-08-13 01:54:19
6795,6,82.2,36.1,59.1,1.01,34.5,14.8,39.5,20.2,72.1,2026-08-13 02:02:19
6796,10,107.2,46.6,87.1,1.41,46.7,19.3,50.4,33.7,59.3,2026-08-13 02:10:19
6797,4,103.4,46.3,77.9,1.45,40.2,17.7,50.5,27.7,77.6,2026-08-13 02:18:19
6798,1,59.2,26.6,49.9,0.85,22.6,8.7,36.4,36.2,81.0,2026-08-13 02:26:19
6799,5,94.5,41.0,75.9,1.27,41.4,18.4,29.9,21.8,63.1,2026-08-13 02:34:19
6800,5,50.0,21.9,33.9,0.73,21.1,9.5,28.9,30.3,82.6,2026-08-13 02:42:19
6801,6,114.9,50.8,97.7,1.57,47.0,20.5,43.0,21.2,59.9,2026-08-13 02:50:19
6802,10,59.8,25.7,43.6,0.8,27.1,10.4,34.3,21.4,38.1,2026-08-13 02:58:19
6803,7,96.6,42.3,67.1,1.34,40.9,16.4,44.4,22.7,39.7,2026-08-13 03:06:19
6804,5,85.1,37.4,67.2,1.1,35.6,16.6,29.9,22.4,74.8,2026-08-13 03:14:19
6805,5,138.4,62.2,101.6,1.83,52.9,25.1,35.7,22.6,72.5,2026-08-13 03:22:19
6806,5,71.1,31.7,53.5,0.96,28.0,14.7,30.1,19.5,39.6,2026-08-13 03:30:19
6807,5,57.2,26.4,49.7,0.87,19.3,10.9,32.6,32.2,40.0,2026-08-13 03:38:19
6808,10,49.4,22.2,45.2,0.66,18.9,7.1,32.3,26.0,73.7,2026-08-13 03:46:19
6809,10,56.9,26.0,51.8,0.86,20.1,11.2,44.5,19.3,70.1,2026-08-13 03:54:19
6810,6,129.6,58.7,85.6,1.85,47.9,23.7,42.3,31.7,60.5,2026-08-13 04:02:19
6811,10,84.3,36.8,64.2,1.07,36.1,12.8,47.3,33.8,72.7,2026-08-13 04:10:19
6812,6,72.3,32.2,48.4,1.04,28.7,12.2,45.8,27.8,34.6,2026-08-13 04:18:19
6813,5,42.6,18.2,36.5,0.6,19.6,6.7,51.3,24.4,40.9,2026-08-13 04:26:19
6814,3,49.6,21.3,31.0,0.73,22.5,9.7,40.5,34.3,64.2,2026-08-13 04:34:19
6815,2,72.3,32.3,62.9,0.91,28.4,13.8,26.2,23.2,38.2,2026-08-13 04:42:19
6816,7,58.6,25.5,48.1,0.73,25.5,12.1,39.3,33.1,32.7,2026-08-13 04:50:19
6817,7,44.1,20.4,33.2,0.7,14.8,8.9,50.6,20.3,49.9,2026-08-13 04:58:19
6818,9,67.3,30.1,47.0,1.0,26.2,12.7,44.0,35.8,43.9,2026-08-13 05:06:19
6819,7,115.4,50.8,102.0,1.46,48.0,22.2,49.0,21.3,81.8,2026-08-13 05:14:19
6820,2,84.6,37.7,56.8,1.2,33.4,14.4,27.8,27.9,39.9,2026-08-13 05:22:19
6821,10,108.3,48.1,79.5,1.52,43.4,19.6,44.2,21.5,70.1,2026-08-13 05:30:19
6822,6,90.9,41.1,58.8,1.25,33.8,16.5,34.9,34.4,67.2,2026-08-13 05:38:19
6823,7,80.7,36.7,61.8,1.04,29.2,14.6,29.9,23.3,50.6,2026-08-13 05:46:19
6824,5,98.9,44.7,92.5,1.3,36.8,19.1,52.1,25.0,35.1,2026-08-13 05:54:19
6825,2,46.5,21.7,39.3,0.63,14.9,7.8,48.5,21.4,34.0,2026-08-13 06:02:19
6826,1,111.7,48.9,83.5,1.49,47.3,19.6,45.1,31.6,74.3,2026-08-13 06:10:19
6827,6,51.8,22.8,45.9,0.67,21.6,9.6,35.7,23.4,43.1,2026-08-13 06:18:19
6828,5,57.8,26.5,41.4,0.71,20.1,12.0,28.0,33.1,84.8,2026-08-13 06:26:19
6829,5,109.1,48.2,72.4,1.37,44.6,20.6,48.9,33.5,64.3,2026-08-13 06:34:19
6830,4,83.7,36.6,60.7,1.12,35.6,15.0,29.3,34.5,66.1,2026-08-13 06:42:19
6831,6,109.8,49.0,80.1,1.57,43.1,18.5,54.1,33.9,57.6,2026-08-13 06:50:19
6832,7,143.7,63.0,131.7,1.96,60.5,26.0,53.5,19.5,66.9,2026-08-13 06:58:19
6833,4,106.4,47.4,71.6,1.39,42.2,18.1,44.4,29.8,63.8,2026-08-13 07:06:19
6834,7,96.8,43.7,81.8,1.25,36.3,15.9,46.9,25.3,32.8,2026-08-13 07:14:19
6835,3,74.5,32.8,55.5,1.07,31.0,14.7,36.3,23.2,66.2,2026-08-13 07:22:19
6836,9,50.0,22.8,38.8,0.62,17.9,8.1,43.3,29.1,65.2,2026-08-13 07:30:19
6837,1,60.0,26.3,40.5,0.79,25.3,11.3,47.3,36.1,57.7,2026-08-13 07:38:19
6838,3,56.7,24.2,41.1,0.63,26.2,8.7,27.8,26.7,60.5,2026-08-13 07:46:19
6839,8,70.3,30.9,63.3,0.92,29.3,12.7,28.4,28.7,33.4,2026-08-13 07:54:19
6840,5,70.4,31.2,65.0,0.94,28.4,10.8,29.6,25.3,72.3,2026-08-13 08:02:19
6841,6,81.8,35.5,61.0,1.12,35.8,12.2,35.7,21.1,57.9,2026-08-13 08:10:19
6842,4,56.5,25.9,52.3,0.81,19.8,12.1,39.8,23.1,34.3,2026-08-13 08:18:19
6843,5,100.8,44.5,69.6,1.36,41.3,17.2,49.9,37.1,59.7,2026-08-13 08:26:19
6844,7,86.9,37.7,72.8,1.19,38.1,13.4,43.2,32.2,41.1,2026-08-13 08:34:19
6845,10,47.3,21.0,41.8,0.63,19.0,6.8,54.7,32.8,82.8,2026-08-13 08:42:19
6846,8,85.7,37.8,56.4,1.14,35.4,13.8,44.5,30.9,37.7,2026-08-13 08:50:19
6847,9,159.4,71.1,116.1,2.08,62.8,30.3,36.0,24.8,84.0,2026-08-13 08:58:19
6848,8,127.2,55.5,112.1,1.61,54.6,22.8,45.2,34.6,55.8,2026-08-13 09:06:19
6849,4,70.7,32.3,60.3,0.89,25.1,14.2,34.5,20.8,63.4,2026-08-13 09:14:19
6850,10,71.1,32.0,55.9,1.03,27.0,11.2,33.4,18.3,79.6,2026-08-13 09:22:19
6851,4,108.7,49.3,77.2,1.46,40.0,18.6,54.9,31.6,55.8,2026-08-13 09:30:19
6852,2,167.0,75.1,157.3,2.27,63.7,29.4,41.6,24.9,73.8,2026-08-13 09:38:19
6853,2,50.9,21.5,31.3,0.62,24.3,7.3,48.0,21.5,67.4,2026-08-13 09:46:19
6854,5,73.8,32.1,63.7,0.88,32.0,10.9,29.6,37.0,54.7,2026-08-13 09:54:19
6855,6,15.0,5.0,8.7,0.15,10.0,5.0,45.1,31.0,40.9,2026-08-13 10:02:19
6856,2,28.4,13.0,24.4,0.38,10.0,6.9,38.0,36.9,50.8,2026-08-13 10:10:19
6857,4,81.6,35.4,73.9,1.14,35.8,12.8,40.1,19.3,63.3,2026-08-13 10:18:19
6858,3,54.0,25.0,41.3,0.76,18.0,11.3,45.0,34.3,39.9,2026-08-13 10:26:19
6859,8,100.8,44.6,65.2,1.39,41.1,18.5,46.4,25.6,45.4,2026-08-13 10:34:19
6860,4,54.3,24.1,48.1,0.81,21.8,9.9,42.9,21.7,30.1,2026-08-13 10:42:19
6861,8,55.1,23.7,38.2,0.81,24.8,8.8,36.9,22.0,64.8,2026-08-13 10:50:19
6862,3,52.1,23.0,41.6,0.76,21.5,9.5,29.4,33.6,46.4,2026-08-13 10:58:19
6863,10,75.6,33.9,51.3,0.98,29.1,14.8,54.5,21.5,34.4,2026-08-13 11:06:19
6864,10,70.2,32.1,51.9,1.02,24.9,12.6,38.5,30.2,51.5,2026-08-13 11:14:19
6865,8,82.9,36.8,54.4,1.14,33.4,15.7,39.7,34.5,37.3,2026-08-13 11:22:19
6866,10,28.0,12.1,22.8,0.39,12.4,6.7,41.1,34.6,76.6,2026-08-13 11:30:19
6867,2,64.8,28.4,55.5,0.93,27.4,12.7,47.2,26.6,52.5,2026-08-13 11:38:19
6868,4,138.7,62.4,107.0,1.96,52.7,24.8,52.8,29.1,59.8,2026-08-13 11:46:19
6869,1,72.0,32.7,48.7,1.03,26.2,14.0,26.7,20.5,54.2,2026-08-13 11:54:19
6870,6,116.5,52.0,76.8,1.46,45.7,22.0,54.7,24.0,40.1,2026-08-13 12:02:19
6871,5,61.8,27.4,43.0,0.74,25.0,9.5,51.1,22.2,56.0,2026-08-13 12:10:19
6872,4,49.2,22.0,36.9,0.7,19.1,9.2,31.5,32.4,71.0,2026-08-13 12:18:19
6873,7,28.9,12.4,19.0,0.32,13.1,5.0,28.1,30.6,64.3,2026-08-13 12:26:19
6874,3,39.5,17.9,30.9,0.45,14.5,6.6,41.3,31.2,31.5,2026-08-13 12:34:19
6875,1,84.3,36.6,54.5,1.13,36.8,15.9,30.6,24.8,73.0,2026-08-13 12:42:19
6876,6,85.1,38.1,73.8,1.19,33.1,13.7,33.1,27.0,62.1,2026-08-13 12:50:19
6877,7,53.5,24.1,45.1,0.73,20.3,9.3,45.7,18.7,78.0,2026-08-13 12:58:19
6878,5,75.3,33.0,50.2,0.91,31.9,11.2,33.5,36.5,77.3,2026-08-13 13:06:19
6879,10,60.7,27.0,48.9,0.89,24.1,12.6,42.1,28.1,33.3,2026-08-13 13:14:19
6880,9,92.2,40.7,63.4,1.29,37.9,17.7,49.9,37.1,74.7,2026-08-13 13:22:19
6881,10,92.5,41.7,87.1,1.26,34.8,17.3,26.4,21.2,84.1,2026-08-13 13:30:19
6882,7,54.1,23.3,32.9,0.69,24.3,8.5,31.9,35.0,79.5,2026-08-13 13:38:19
6883,5,75.0,34.2,60.0,0.99,26.9,14.1,49.4,24.5,64.8,2026-08-13 13:46:19
6884,2,75.5,32.5,54.0,0.93,34.0,13.7,26.2,35.4,31.0,2026-08-13 13:54:19
6885,4,70.1,30.9,48.4,0.97,28.9,14.1,34.7,26.8,61.4,2026-08-13 14:02:19
6886,6,86.0,37.5,57.7,1.16,37.1,14.8,32.3,25.3,31.6,2026-08-13 14:10:19
6887,9,102.4,44.7,88.2,1.36,43.9,16.6,33.4,28.3,34.2,2026-08-13 14:18:19
6888,7,114.2,51.5,99.5,1.49,42.9,21.3,39.5,21.3,36.5,2026-08-13 14:26:19
6889,2,67.2,30.4,57.6,0.93,24.9,11.2,54.2,24.9,58.8,2026-08-13 14:34:19
6890,7,140.4,63.4,94.1,1.81,52.6,24.5,32.3,23.2,54.0,2026-08-13 14:42:19
6891,3,83.0,35.8,73.1,1.12,37.2,14.5,52.3,34.3,83.5,2026-08-13 14:50:19
6892,9,91.0,40.1,64.8,1.26,37.6,17.0,49.0,19.1,56.0,2026-08-13 14:58:19
6893,6,15.0,5.0,9.4,0.2,10.0,5.0,32.9,35.0,66.8,2026-08-13 15:06:19
6894,1,104.6,45.6,85.6,1.35,45.0,19.6,41.7,21.6,51.6,2026-08-13 15:14:19
6895,3,38.5,16.5,30.9,0.56,17.7,8.3,50.0,37.3,78.4,2026-08-13 15:22:19
6896,10,133.1,59.3,113.9,1.77,52.8,22.4,35.5,29.4,31.2,2026-08-13 15:30:19
6897,6,126.7,55.8,106.1,1.59,52.5,23.1,25.1,26.9,58.5,2026-08-13 15:38:19
6898,4,75.9,33.6,62.1,1.01,30.8,13.8,44.3,33.0,49.4,2026-08-13 15:46:19
6899,1,80.3,36.5,55.1,1.03,29.2,13.8,44.1,37.3,78.6,2026-08-13 15:54:19
6900,6,28.1,12.8,20.4,0.44,10.1,5.0,34.1,36.7,55.0,2026-08-13 16:02:19
6901,5,104.6,46.9,84.7,1.35,40.3,19.9,51.5,28.5,77.8,2026-08-13 16:10:19
6902,3,26.2,11.8,20.4,0.43,10.0,5.0,28.5,31.0,75.7,2026-08-13 16:18:19
6903,10,78.6,34.3,57.5,1.03,33.8,14.6,38.3,32.9,75.1,2026-08-13 16:26:19
6904,4,72.8,33.1,50.5,1.03,26.4,11.4,34.5,30.2,79.3,2026-08-13 16:34:19
6905,8,47.6,21.2,31.3,0.59,18.8,8.6,43.3,25.3,71.9,2026-08-13 16:42:19
6906,6,123.5,55.0,104.8,1.57,49.0,22.9,51.8,21.7,49.5,2026-08-13 16:50:19
6907,6,67.3,29.0,40.7,0.91,30.2,11.2,42.9,35.9,73.2,2026-08-13 16:58:19
6908,6,111.1,48.6,96.5,1.42,47.3,18.6,54.2,37.1,50.4,2026-08-13 17:06:19
6909,7,102.3,44.7,66.8,1.38,43.6,17.5,31.8,34.1,71.9,2026-08-13 17:14:19
6910,4,114.7,50.5,89.5,1.54,47.6,22.0,36.5,28.0,37.0,2026-08-13 17:22:19
6911,1,126.6,56.1,80.1,1.64,51.3,23.4,35.4,23.2,76.4,2026-08-13 17:30:19
6912,5,30.2,14.0,27.5,0.5,10.0,7.2,52.0,35.5,53.3,2026-08-13 17:38:19
6913,7,107.1,47.3,79.5,1.38,44.0,20.6,47.0,29.9,67.6,2026-08-13 17:46:19
6914,4,70.9,31.5,48.7,0.9,28.4,14.3,45.9,20.5,56.6,2026-08-13 17:54:19
6915,8,140.5,61.7,105.8,1.93,58.9,24.9,37.3,30.6,75.7,2026-08-13 18:02:19
6916,6,73.9,33.8,60.3,0.96,26.2,12.8,28.0,31.8,44.6,2026-08-13 18:10:19
6917,5,73.0,33.0,66.8,0.91,27.1,14.0,35.0,32.3,84.1,2026-08-13 18:18:19
6918,9,127.8,57.7,86.9,1.78,47.8,21.9,46.9,37.8,52.4,2026-08-13 18:26:19
6919,10,57.1,25.2,35.3,0.74,23.4,9.9,35.3,35.5,67.8,2026-08-13 18:34:19
6920,3,168.8,74.1,122.1,2.23,70.8,29.2,46.8,30.3,66.0,2026-08-13 18:42:19
6921,8,56.2,24.6,50.4,0.81,23.8,9.7,53.8,20.5,83.7,2026-08-13 18:50:19
6922,3,38.1,18.0,37.2,0.49,11.4,9.0,36.1,34.3,42.5,2026-08-13 18:58:19
6923,5,89.2,38.8,55.9,1.09,38.8,16.7,45.8,34.5,62.0,2026-08-13 19:06:19
6924,4,61.3,26.6,40.8,0.72,26.8,12.1,36.2,18.3,67.1,2026-08-13 19:14:19
6925,1,93.7,41.3,74.4,1.3,38.8,15.4,28.9,35.6,44.8,2026-08-13 19:22:19
6926,1,101.5,44.9,68.0,1.27,41.4,18.1,40.5,21.3,34.2,2026-08-13 19:30:19
6927,6,91.1,41.4,85.6,1.24,33.2,14.9,35.2,35.6,41.0,2026-08-13 19:38:19
6928,10,77.7,35.4,54.2,1.04,28.0,12.8,46.0,22.0,69.1,2026-08-13 19:46:19
6929,9,73.9,33.5,64.0,0.97,27.1,12.0,47.5,34.8,32.8,2026-08-13 19:54:19
6930,3,79.6,36.0,53.9,1.08,29.6,13.8,42.9,27.8,82.3,2026-08-13 20:02:19
6931,5,43.8,19.5,29.5,0.51,17.4,9.6,54.4,27.5,68.7,2026-08-13 20:10:19
6932,7,47.5,21.8,32.2,0.56,16.5,7.4,51.8,25.7,79.9,2026-08-13 20:18:19
6933,5,26.5,11.8,18.4,0.27,10.5,6.1,27.7,23.4,81.4,2026-08-13 20:26:19
6934,1,121.1,53.6,77.6,1.57,49.2,22.0,47.4,34.2,50.7,2026-08-13 20:34:19
6935,6,87.0,38.0,71.9,1.24,37.2,16.3,54.6,21.1,50.3,2026-08-13 20:42:19
6936,2,60.3,27.9,46.4,0.9,20.1,9.6,36.7,31.6,49.2,2026-08-13 20:50:19
6937,2,59.8,27.1,49.3,0.89,22.0,10.8,44.8,24.8,67.7,2026-08-13 20:58:19
6938,4,108.2,48.5,98.6,1.48,41.7,17.6,54.5,36.1,57.2,2026-08-13 21:06:19
6939,8,47.6,20.2,33.5,0.52,22.4,8.2,36.5,19.7,36.3,2026-08-13 21:14:19
6940,9,101.4,44.0,64.3,1.28,44.4,16.2,54.1,35.7,79.5,2026-08-13 21:22:19
6941,9,115.5,52.4,80.1,1.49,42.4,20.9,53.2,23.5,62.4,2026-08-13 21:30:19
6942,6,44.5,19.0,37.8,0.65,20.6,7.4,37.4,33.5,66.3,2026-08-13 21:38:19
6943,3,105.0,46.9,95.6,1.45,41.2,18.4,54.9,20.3,44.5,2026-08-13 21:46:19
6944,6,77.6,34.5,48.7,1.08,31.0,15.3,37.3,27.0,53.8,2026-08-13 21:54:19
6945,5,58.0,25.8,41.1,0.82,23.1,11.2,51.8,27.7,57.1,2026-08-13 22:02:19
6946,8,134.2,60.0,113.2,1.84,52.5,22.9,31.5,22.1,73.4,2026-08-13 22:10:19
6947,4,110.4,48.8,96.9,1.45,45.2,19.5,52.3,22.7,78.0,2026-08-13 22:18:19
6948,2,104.9,46.3,89.8,1.3,43.2,18.2,47.3,18.6,59.3,2026-08-13 22:26:19
6949,1,133.6,60.1,108.2,1.89,50.8,25.2,34.0,18.1,52.8,2026-08-13 22:34:19
6950,1,92.0,40.1,64.6,1.3,39.6,17.6,41.7,24.4,81.4,2026-08-13 22:42:19
6951,10,54.4,25.1,46.9,0.67,18.5,8.7,44.4,31.8,31.9,2026-08-13 22:50:19
6952,1,56.4,25.9,42.6,0.71,19.5,11.9,52.6,33.7,47.5,2026-08-13 22:58:19
6953,1,101.9,46.2,88.0,1.3,37.5,17.7,32.6,36.1,49.6,2026-08-13 23:06:19
6954,6,173.7,78.1,142.4,2.31,66.3,31.1,29.3,29.2,59.3,2026-08-13 23:14:19
6955,4,124.1,54.4,92.3,1.58,52.3,19.8,42.6,31.2,33.5,2026-08-13 23:22:19
6956,9,101.9,45.8,64.6,1.45,38.9,18.5,46.7,33.2,40.5,2026-08-13 23:30:19
6957,9,101.9,46.0,72.7,1.3,38.3,18.7,37.2,23.9,49.1,2026-08-13 23:38:19
6958,9,85.3,37.1,69.9,1.04,37.1,15.4,27.5,23.7,53.2,2026-08-13 23:46:19
6959,2,124.5,54.8,110.7,1.72,51.7,21.0,31.9,18.1,70.6,2026-08-13 23:54:19
6960,6,37.4,17.6,31.9,0.51,11.4,8.2,25.5,28.3,69.9,2026-08-14 00:02:19
6961,6,15.0,5.0,8.3,0.1,10.0,5.0,50.5,31.2,39.4,2026-08-14 00:10:19
6962,6,60.2,26.9,42.3,0.91,23.5,9.5,25.2,30.7,51.5,2026-08-14 00:18:19
6963,7,108.4,49.2,98.4,1.39,39.7,20.9,52.4,23.3,81.3,2026-08-14 00:26:19
6964,7,19.2,7.9,13.6,0.31,10.0,5.0,42.5,30.7,67.0,2026-08-14 00:34:19
6965,5,15.0,5.0,9.9,0.1,10.0,5.0,32.7,25.7,49.3,2026-08-14 00:42:19
6966,2,45.5,19.6,40.8,0.59,20.4,6.7,51.0,21.9,83.3,2026-08-14 00:50:19
6967,8,62.8,27.5,55.1,0.74,26.6,10.6,29.4,30.8,61.4,2026-08-14 00:58:19
6968,10,122.8,55.2,98.5,1.67,46.8,21.2,46.7,34.7,77.1,2026-08-14 01:06:19
6969,4,85.7,37.6,56.6,1.04,36.1,13.1,42.4,23.8,39.2,2026-08-14 01:14:19
6970,9,68.9,31.3,51.1,0.9,25.1,12.7,50.3,19.9,49.7,2026-08-14 01:22:19
6971,9,89.8,39.1,81.9,1.23,38.9,16.8,49.6,30.5,84.4,2026-08-14 01:30:19
6972,6,95.2,42.5,78.9,1.35,37.5,16.6,46.1,23.4,53.2,2026-08-14 01:38:19
6973,3,135.8,60.6,107.4,1.81,53.5,23.3,46.7,25.4,31.8,2026-08-14 01:46:19
6974,1,80.0,34.8,52.9,0.98,34.8,14.7,46.7,25.9,80.4,2026-08-14 01:54:19
6975,1,99.7,43.5,70.8,1.24,42.7,17.1,33.9,31.6,64.1,2026-08-14 02:02:19
6976,5,67.8,30.8,50.9,0.83,24.7,12.7,53.2,22.3,43.8,2026-08-14 02:10:19
6977,3,113.4,51.3,103.0,1.48,42.2,21.2,33.5,32.0,78.5,2026-08-14 02:18:19
6978,6,45.1,19.8,35.7,0.58,18.9,8.6,53.1,34.5,71.0,2026-08-14 02:26:19
6979,5,78.3,35.1,62.2,0.99,30.2,14.4,32.0,18.1,44.9,2026-08-14 02:34:19
6980,8,93.6,41.5,72.7,1.21,37.8,14.7,46.7,33.9,39.8,2026-08-14 02:42:19
6981,8,81.2,35.1,58.6,1.14,36.0,13.9,52.2,37.8,68.4,2026-08-14 02:50:19
6982,7,116.5,51.2,91.7,1.55,48.7,21.2,47.5,24.0,52.9,2026-08-14 02:58:19
6983,8,92.3,41.2,65.8,1.29,36.3,14.8,32.6,32.9,57.7,2026-08-14 03:06:19
6984,1,118.5,53.1,92.4,1.57,45.8,21.5,47.1,31.0,49.6,2026-08-14 03:14:19
6985,9,50.5,21.4,38.5,0.65,23.9,7.7,35.7,18.6,64.7,2026-08-14 03:22:19
6986,3,69.7,32.0,54.4,0.96,24.2,11.6,34.1,30.7,39.3,2026-08-14 03:30:19
6987,9,39.0,18.3,35.5,0.61,12.2,6.5,50.1,33.8,77.0,2026-08-14 03:38:19
6988,8,92.6,41.9,62.9,1.28,34.4,15.3,48.7,26.9,44.5,2026-08-14 03:46:19
6989,4,106.3,48.2,81.3,1.44,39.1,17.7,36.2,25.7,83.8,2026-08-14 03:54:19
6990,2,47.1,20.4,41.2,0.57,20.8,6.7,31.4,27.6,82.7,2026-08-14 04:02:19
6991,1,58.0,24.9,43.1,0.71,26.4,11.4,38.5,21.8,68.4,2026-08-14 04:10:19
6992,7,60.7,28.1,50.3,0.79,20.3,12.4,46.1,29.1,60.6,2026-08-14 04:18:19
6993,8,103.0,45.4,87.7,1.44,42.6,20.1,26.6,25.9,44.6,2026-08-14 04:26:19
6994,1,92.7,40.3,78.3,1.22,40.3,17.0,37.1,37.0,30.1,2026-08-14 04:34:19
6995,5,116.2,52.5,89.4,1.59,43.4,20.4,53.3,22.0,46.4,2026-08-14 04:42:19
6996,2,101.3,44.1,72.3,1.4,43.9,16.5,30.2,33.5,70.2,2026-08-14 04:50:19
6997,7,61.0,27.2,48.6,0.74,24.1,10.5,26.4,33.8,78.2,2026-08-14 04:58:19
6998,9,71.8,33.0,56.8,1.07,24.8,12.4,35.2,29.0,55.3,2026-08-14 05:06:19
6999,3,63.2,27.1,39.7,0.83,28.9,11.3,41.1,28.3,59.7,2026-08-14 05:14:19
7000,6,87.8,40.0,62.4,1.15,31.6,14.0,32.9,18.5,84.9,2026-08-14 05:22:19
7001,7,175.4,77.0,125.4,2.4,73.6,31.7,53.4,33.8,77.2,2026-08-14 05:30:19
7002,9,114.4,51.9,74.4,1.52,42.0,21.3,33.2,31.9,83.6,2026-08-14 05:38:19
7003,1,22.6,9.8,20.2,0.33,10.0,5.0,49.6,22.3,69.6,2026-08-14 05:46:19
7004,10,121.0,53.8,83.3,1.63,48.4,20.0,52.6,22.3,66.9,2026-08-14 05:54:19
7005,3,69.7,30.5,60.7,1.0,29.6,11.8,36.1,32.9,67.3,2026-08-14 06:02:19
7006,6,88.8,39.9,73.2,1.11,34.0,16.5,35.3,32.5,44.1,2026-08-14 06:10:19
7007,1,106.5,47.8,80.6,1.38,41.0,18.2,50.9,25.3,73.8,2026-08-14 06:18:19
7008,6,60.1,27.7,48.7,0.83,20.5,10.3,33.0,18.7,41.2,2026-08-14 06:26:19
7009,1,63.5,29.2,54.1,0.79,21.9,10.5,46.3,23.1,42.5,2026-08-14 06:34:19
7010,7,103.5,46.5,77.7,1.33,39.5,16.9,50.9,33.0,80.5,2026-08-14 06:42:19
7011,7,48.4,22.4,37.2,0.57,16.2,10.4,46.6,30.6,66.8,2026-08-14 06:50:19
7012,4,104.8,46.5,86.0,1.47,42.1,20.1,35.2,20.2,40.4,2026-08-14 06:58:19
7013,10,20.7,8.7,17.7,0.34,10.0,5.0,46.3,22.9,72.2,2026-08-14 07:06:19
7014,6,89.1,39.5,59.6,1.28,36.0,15.5,44.5,34.4,37.2,2026-08-14 07:14:19
7015,6,68.5,30.6,51.3,0.88,26.8,11.7,46.6,23.2,53.2,2026-08-14 07:22:19
7016,4,53.2,23.5,48.6,0.72,21.7,9.3,28.7,29.3,32.2,2026-08-14 07:30:19
7017,7,84.9,37.8,64.3,1.06,33.8,15.5,50.1,32.5,53.8,2026-08-14 07:38:19
7018,3,67.6,29.4,49.8,0.97,29.3,11.3,35.4,33.0,73.3,2026-08-14 07:46:19
7019,4,62.9,26.9,45.2,0.85,29.0,12.7,26.6,36.0,42.5,2026-08-14 07:54:19
7020,2,52.2,23.9,46.2,0.8,18.3,7.7,25.7,37.8,57.7,2026-08-14 08:02:19
7021,3,25.7,11.5,23.4,0.27,10.0,5.0,26.7,26.6,59.7,2026-08-14 08:10:19
7022,3,86.9,39.1,76.7,1.18,33.1,16.9,46.1,27.1,78.6,2026-08-14 08:18:19
7023,4,74.8,32.5,59.8,1.07,32.7,13.5,34.7,30.1,48.7,2026-08-14 08:26:19
7024,7,34.6,15.3,27.3,0.38,14.2,5.1,34.1,26.6,38.7,2026-08-14 08:34:19
7025,2,67.1,29.7,53.9,0.93,27.3,12.4,29.7,19.5,79.9,2026-08-14 08:42:19
7026,1,27.4,11.5,18.2,0.37,13.3,5.0,25.0,24.0,38.6,2026-08-14 08:50:19
7027,4,57.6,25.6,46.5,0.71,23.1,9.2,41.3,28.9,46.2,2026-08-14 08:58:19
7028,9,97.4,44.3,83.9,1.42,35.3,16.0,51.7,27.6,51.6,2026-08-14 09:06:19
7029,2,74.5,33.6,65.3,1.03,28.1,11.7,51.4,36.0,42.7,2026-08-14 09:14:19
7030,4,86.5,39.3,82.1,1.19,31.5,14.3,25.6,19.3,52.9,2026-08-14 09:22:19
7031,7,40.4,18.2,33.0,0.55,15.3,5.4,37.9,33.2,72.5,2026-08-14 09:30:19
7032,4,102.7,44.6,78.8,1.28,44.9,18.1,37.3,30.7,60.8,2026-08-14 09:38:19
7033,5,67.4,30.5,49.5,0.83,25.0,12.7,27.5,36.1,48.3,2026-08-14 09:46:19
7034,1,61.7,27.4,43.4,0.78,24.7,11.1,49.9,35.7,41.0,2026-08-14 09:54:19
7035,7,82.1,36.7,71.5,1.05,32.0,14.0,52.5,32.3,51.1,2026-08-14 10:02:19
7036,3,93.3,41.2,61.7,1.27,38.2,18.3,29.3,35.7,61.1,2026-08-14 10:10:19
7037,6,108.7,48.9,82.3,1.51,41.3,19.9,51.8,25.1,59.9,2026-08-14 10:18:19
7038,2,127.4,55.5,106.6,1.66,54.9,23.3,53.7,27.3,69.3,2026-08-14 10:26:19
7039,9,113.1,50.9,88.5,1.48,43.0,21.2,48.1,20.9,68.7,2026-08-14 10:34:19
7040,4,68.3,31.3,61.1,0.89,23.9,12.4,41.9,32.8,46.0,2026-08-14 10:42:19
7041,3,97.4,43.5,79.1,1.3,38.2,18.7,42.7,28.5,78.2,2026-08-14 10:50:19
7042,1,82.6,36.3,64.8,1.13,34.6,14.2,46.3,26.1,64.1,2026-08-14 10:58:19
7043,5,79.0,36.2,52.8,1.07,27.6,12.6,39.1,23.5,67.3,2026-08-14 11:06:19
7044,9,82.5,35.8,51.6,1.11,36.1,14.0,45.1,28.1,62.9,2026-08-14 11:14:19
7045,1,87.6,38.9,58.6,1.11,35.2,15.8,34.5,28.4,57.1,2026-08-14 11:22:19
7046,3,71.2,31.4,58.4,0.88,29.3,12.8,54.4,18.0,77.0,2026-08-14 11:30:19
7047,1,124.1,56.1,82.9,1.74,46.3,21.2,53.3,18.4,51.4,2026-08-14 11:38:19
7048,4,69.4,30.5,58.8,0.86,29.0,12.4,40.7,31.8,80.8,2026-08-14 11:46:19
7049,2,57.1,26.3,45.1,0.74,19.5,8.5,36.6,24.9,82.5,2026-08-14 11:54:19
7050,1,99.5,45.1,79.6,1.45,36.6,19.4,35.1,25.5,71.8,2026-08-14 12:02:19
7051,5,95.3,42.3,60.6,1.2,38.4,17.4,31.3,19.4,45.7,2026-08-14 12:10:19
7052,3,102.3,45.7,81.9,1.47,40.0,17.7,29.9,28.9,61.1,2026-08-14 12:18:19
7053,8,68.2,30.2,54.6,0.85,27.7,11.1,42.5,24.3,38.1,2026-08-14 12:26:19
7054,9,54.7,24.7,41.5,0.82,20.5,9.6,54.4,34.6,83.9,2026-08-14 12:34:19
7055,1,78.0,34.7,64.5,1.13,31.1,13.4,52.9,25.6,48.7,2026-08-14 12:42:19
7056,6,35.3,16.6,25.1,0.56,10.8,5.4,45.9,32.8,56.4,2026-08-14 12:50:19
7057,7,127.1,57.3,80.3,1.74,47.9,21.8,32.5,18.0,55.4,2026-08-14 12:58:19
7058,5,35.2,15.9,28.6,0.48,13.2,6.7,32.0,18.7,36.0,2026-08-14 13:06:19
7059,3,15.0,5.0,7.2,0.1,10.0,5.0,42.1,33.5,69.2,2026-08-14 13:14:19
7060,3,77.6,34.7,52.7,0.98,30.3,12.0,38.7,31.2,83.5,2026-08-14 13:22:19
7061,6,102.9,46.3,80.0,1.43,39.1,17.1,43.1,24.8,34.0,2026-08-14 13:30:19
7062,2,79.8,34.9,56.2,1.11,33.9,14.5,34.9,35.1,78.5,2026-08-14 13:38:19
7063,10,72.3,32.8,49.9,1.07,26.5,11.9,29.1,20.7,71.3,2026-08-14 13:46:19
7064,3,110.2,49.9,80.1,1.59,40.7,19.3,30.9,18.2,58.4,2026-08-14 13:54:19
7065,8,108.0,48.3,82.2,1.44,42.1,19.7,43.5,33.5,76.7,2026-08-14 14:02:19
7066,7,15.0,5.5,9.9,0.1,10.0,5.0,40.8,29.0,37.7,2026-08-14 14:10:19
7067,8,72.0,31.5,52.1,1.04,30.6,14.2,54.4,33.1,35.1,2026-08-14 14:18:19
7068,8,52.2,24.1,36.3,0.79,17.6,10.4,41.0,37.1,78.1,2026-08-14 14:26:19
7069,10,55.9,24.6,39.2,0.83,23.3,9.2,50.4,22.9,34.9,2026-08-14 14:34:19
7070,5,60.1,27.4,51.6,0.9,21.6,11.1,29.9,32.4,69.0,2026-08-14 14:42:19
7071,1,68.2,30.6,62.8,0.97,26.2,10.5,53.1,24.6,34.4,2026-08-14 14:50:19
7072,3,124.7,55.1,114.5,1.56,51.0,22.6,52.2,37.0,82.3,2026-08-14 14:58:19
7073,9,76.8,34.7,57.8,1.12,28.7,15.0,41.4,28.6,32.8,2026-08-14 15:06:19
7074,10,40.4,17.0,28.4,0.58,19.5,6.9,49.0,34.8,64.2,2026-08-14 15:14:19
7075,7,71.0,30.5,54.5,0.9,32.1,12.6,48.1,35.1,52.3,2026-08-14 15:22:19
7076,8,30.0,13.2,19.5,0.36,12.4,6.5,29.4,37.6,34.8,2026-08-14 15:30:19
7077,1,21.3,8.6,16.0,0.35,11.6,5.0,36.7,24.5,70.9,2026-08-14 15:38:19
7078,8,91.8,41.1,69.1,1.19,35.6,17.5,31.5,30.3,44.2,2026-08-14 15:46:19
7079,6,47.9,21.9,42.1,0.6,16.9,9.9,50.1,26.1,53.2,2026-08-14 15:54:19
7080,4,105.2,47.5,73.9,1.35,39.3,19.2,54.6,30.9,71.6,2026-08-14 16:02:19
7081,6,80.3,36.0,51.9,1.02,31.0,16.2,32.7,37.6,71.3,2026-08-14 16:10:19
7082,3,119.4,52.7,104.2,1.52,49.0,20.4,50.2,30.6,68.2,2026-08-14 16:18:19
7083,1,25.7,11.4,20.8,0.43,10.4,5.0,39.9,21.2,70.7,2026-08-14 16:26:19
7084,8,126.9,57.0,96.2,1.75,48.6,20.8,41.8,31.1,40.4,2026-08-14 16:34:19
7085,5,93.8,42.5,65.2,1.23,34.7,16.0,43.3,28.6,53.9,2026-08-14 16:42:19
7086,2,48.5,22.0,45.1,0.74,17.7,7.8,44.0,19.0,51.5,2026-08-14 16:50:19
7087,10,142.2,62.3,130.4,1.77,60.1,24.8,30.7,29.6,50.2,2026-08-14 16:58:19
7088,8,79.4,34.2,63.4,0.99,35.7,15.3,33.4,27.2,65.7,2026-08-14 17:06:19
7089,8,65.3,29.3,52.5,0.8,25.2,12.0,39.9,22.0,76.9,2026-08-14 17:14:19
7090,6,142.6,63.5,92.0,1.86,56.5,26.6,42.0,20.3,74.4,2026-08-14 17:22:19
7091,6,115.6,51.3,80.2,1.58,46.6,21.0,47.3,37.6,84.4,2026-08-14 17:30:19
7092,8,67.7,30.7,50.8,1.0,24.9,13.9,34.8,29.3,59.8,2026-08-14 17:38:19
7093,3,44.7,19.5,32.8,0.51,19.2,8.2,40.2,27.1,44.5,2026-08-14 17:46:19
7094,4,41.5,18.6,29.7,0.5,16.1,8.5,52.3,37.3,73.8,2026-08-14 17:54:19
7095,8,46.6,21.0,32.4,0.7,17.6,7.2,35.8,23.1,40.4,2026-08-14 18:02:19
7096,6,44.9,19.2,38.1,0.51,20.7,9.6,29.9,20.1,77.1,2026-08-14 18:10:19
7097,10,70.3,30.7,53.1,0.95,30.0,12.0,33.0,26.2,73.8,2026-08-14 18:18:19
7098,4,72.8,32.8,59.8,1.02,27.6,13.0,51.7,19.1,75.9,2026-08-14 18:26:19
7099,10,116.5,51.4,104.8,1.56,48.0,20.7,30.0,32.4,78.5,2026-08-14 18:34:19
7100,9,81.1,37.1,65.3,1.1,28.7,13.8,36.5,33.8,52.4,2026-08-14 18:42:19
7101,6,83.3,36.7,61.2,1.0,34.5,15.7,35.5,30.6,35.4,2026-08-14 18:50:19
7102,4,104.5,46.2,82.0,1.46,42.6,18.7,45.7,35.2,52.7,2026-08-14 18:58:19
7103,6,60.4,27.0,52.8,0.84,23.6,10.8,26.9,25.6,57.9,2026-08-14 19:06:19
7104,2,52.5,22.7,35.0,0.61,23.3,11.0,51.9,20.0,37.0,2026-08-14 19:14:19
7105,4,140.6,61.4,90.2,1.9,60.2,23.9,49.2,18.4,46.2,2026-08-14 19:22:19
7106,4,48.8,22.2,39.9,0.67,17.6,7.4,52.1,20.3,66.0,2026-08-14 19:30:19
7107,3,73.9,32.7,49.7,0.92,30.0,13.4,53.5,22.8,83.7,2026-08-14 19:38:19
7108,8,112.6,49.7,90.0,1.43,46.2,19.7,42.5,35.1,49.9,2026-08-14 19:46:19
7109,6,95.0,41.4,73.8,1.15,40.9,16.2,26.8,26.2,46.5,2026-08-14 19:54:19
7110,7,115.4,52.0,103.9,1.5,43.6,20.1,54.5,33.9,62.6,2026-08-14 20:02:19
7111,10,83.8,36.4,70.4,1.17,36.6,13.9,25.1,20.8,58.9,2026-08-14 20:10:19
7112,10,64.6,28.4,54.9,0.8,26.9,10.7,54.8,35.3,50.9,2026-08-14 20:18:19
7113,3,102.2,44.7,66.4,1.4,43.5,16.2,46.1,35.6,73.3,2026-08-14 20:26:19
7114,10,106.4,48.2,94.4,1.46,39.3,21.0,41.5,34.1,35.6,2026-08-14 20:34:19
7115,10,135.5,60.5,118.9,1.86,53.2,23.3,31.6,33.6,72.5,2026-08-14 20:42:19
7116,2,78.5,33.9,49.9,1.02,35.0,14.2,28.8,19.1,54.7,2026-08-14 20:50:19
7117,7,55.0,24.5,34.8,0.65,21.9,10.1,53.5,26.5,35.2,2026-08-14 20:58:19
7118,7,101.9,45.5,76.8,1.38,39.9,18.0,41.5,22.1,37.3,2026-08-14 21:06:19
7119,2,110.5,49.2,96.6,1.49,43.9,20.2,42.1,27.1,71.4,2026-08-14 21:14:19
7120,10,125.7,56.5,113.1,1.65,47.9,22.4,28.7,30.8,78.7,2026-08-14 21:22:19
7121,3,29.7,13.7,23.2,0.43,10.0,6.6,40.2,30.3,32.8,2026-08-14 21:30:19
7122,2,90.3,40.7,71.3,1.18,34.1,16.1,48.3,33.9,37.2,2026-08-14 21:38:19
7123,8,78.8,36.0,66.2,1.17,28.0,12.5,45.1,36.9,73.4,2026-08-14 21:46:19
7124,7,39.2,17.5,36.1,0.47,15.5,5.1,40.0,21.3,46.5,2026-08-14 21:54:19
7125,9,129.2,57.4,119.2,1.8,51.8,24.4,39.7,25.7,50.1,2026-08-14 22:02:19
7126,10,24.8,10.0,15.5,0.32,13.5,5.3,43.2,36.5,60.2,2026-08-14 22:10:19
7127,1,113.3,50.4,83.4,1.53,45.1,21.8,42.9,21.8,82.7,2026-08-14 22:18:19
7128,5,61.7,28.0,43.8,0.79,22.6,10.6,39.1,28.9,76.5,2026-08-14 22:26:19
7129,6,128.3,57.9,96.1,1.69,48.1,22.5,49.4,33.4,41.5,2026-08-14 22:34:19
7130,5,27.1,11.4,22.6,0.41,13.2,5.0,27.1,30.7,47.5,2026-08-14 22:42:19
7131,7,53.8,24.3,44.4,0.65,20.1,9.6,49.4,37.5,54.9,2026-08-14 22:50:19
7132,2,38.7,16.2,26.1,0.4,19.1,6.0,42.6,26.7,74.7,2026-08-14 22:58:19
7133,4,91.2,39.5,77.6,1.2,40.1,14.8,37.0,29.9,59.3,2026-08-14 23:06:19
7134,7,32.0,15.0,25.2,0.45,10.0,6.7,51.7,29.9,46.3,2026-08-14 23:14:19
7135,10,92.2,41.5,73.9,1.16,35.0,17.9,51.4,26.3,31.7,2026-08-14 23:22:19
7136,2,77.6,34.3,61.9,1.12,31.7,11.9,52.4,26.1,75.6,2026-08-14 23:30:19
7137,3,29.9,13.7,23.9,0.41,10.5,5.0,54.4,20.2,44.2,2026-08-14 23:38:19
7138,7,95.7,43.1,87.0,1.3,36.2,15.4,32.4,18.6,80.8,2026-08-14 23:46:19
7139,10,79.9,35.3,65.1,1.09,32.8,13.2,50.7,25.8,46.6,2026-08-14 23:54:19
7140,2,140.4,62.2,118.5,1.79,56.8,25.7,41.0,31.9,80.2,2026-08-15 00:02:19
7141,1,129.0,58.2,109.6,1.68,48.5,21.4,48.4,24.7,49.8,2026-08-15 00:10:19
7142,9,137.7,60.9,123.9,1.79,56.2,24.1,37.6,26.1,56.0,2026-08-15 00:18:19
7143,10,48.7,21.5,43.5,0.67,20.0,7.2,39.8,26.0,63.2,2026-08-15 00:26:19
7144,5,67.4,28.9,53.3,0.89,30.8,9.9,53.8,34.3,49.4,2026-08-15 00:34:19
7145,1,33.7,14.3,24.5,0.44,16.0,6.8,39.6,22.1,79.0,2026-08-15 00:42:19
7146,7,75.1,33.8,54.1,1.05,28.5,11.9,27.8,21.9,68.1,2026-08-15 00:50:19
7147,5,95.9,43.6,62.7,1.29,34.8,18.8,53.1,26.5,65.5,2026-08-15 00:58:19
7148,4,95.6,42.3,70.9,1.17,39.0,18.8,43.3,29.6,83.0,2026-08-15 01:06:19
7149,1,45.6,21.2,37.6,0.71,14.8,7.5,54.0,22.1,39.2,2026-08-15 01:14:19
7150,5,105.1,45.6,73.3,1.37,46.0,19.1,34.1,36.8,70.5,2026-08-15 01:22:19
7151,9,45.5,20.5,36.2,0.71,17.2,9.8,35.2,25.6,40.2,2026-08-15 01:30:19
7152,10,130.7,57.0,89.0,1.69,56.1,21.9,49.0,25.9,67.2,2026-08-15 01:38:19
7153,3,171.2,76.1,117.7,2.26,68.4,30.9,53.6,34.5,49.3,2026-08-15 01:46:19
7154,9,33.2,14.3,29.9,0.42,14.9,5.3,33.5,34.3,57.7,2026-08-15 01:54:19
7155,2,50.9,22.8,47.2,0.77,19.7,9.9,39.6,21.0,31.8,2026-08-15 02:02:19
7156,5,82.9,37.4,54.4,1.14,31.1,14.5,54.6,34.1,83.4,2026-08-15 02:10:19
7157,1,111.4,50.4,96.3,1.57,41.3,21.3,50.2,22.2,81.9,2026-08-15 02:18:19
7158,7,90.0,40.8,65.6,1.13,33.1,17.2,51.9,23.2,78.6,2026-08-15 02:26:19
7159,3,105.6,46.2,84.2,1.34,44.9,19.3,39.1,22.9,50.2,2026-08-15 02:34:19
7160,5,46.2,21.1,43.4,0.68,16.4,6.6,44.2,19.2,69.4,2026-08-15 02:42:19
7161,3,92.3,40.0,71.4,1.15,40.6,16.7,27.8,31.1,65.4,2026-08-15 02:50:19
7162,10,52.6,23.2,34.5,0.63,21.7,9.5,36.3,19.2,71.9,2026-08-15 02:58:19
7163,9,110.4,49.0,78.0,1.44,44.4,19.4,50.6,33.5,78.7,2026-08-15 03:06:19
7164,10,87.1,38.2,59.8,1.12,36.6,14.7,35.5,37.8,59.2,2026-08-15 03:14:19
7165,7,136.6,61.5,107.0,1.77,51.8,25.5,50.9,28.1,47.7,2026-08-15 03:22:19
7166,4,76.6,34.8,61.9,1.12,27.9,12.9,40.1,33.0,73.2,2026-08-15 03:30:19
7167,1,72.6,31.2,58.5,1.0,32.8,12.1,30.7,23.3,65.5,2026-08-15 03:38:19
7168,2,65.3,28.1,46.3,0.91,29.5,9.7,50.2,21.4,42.2,2026-08-15 03:46:19
7169,6,70.9,30.6,54.3,0.95,31.7,11.1,32.1,32.1,41.9,2026-08-15 03:54:19
7170,2,18.9,7.7,11.0,0.19,10.0,5.0,51.1,31.6,66.7,2026-08-15 04:02:19
7171,4,111.7,49.4,75.2,1.48,45.6,21.3,28.4,20.9,31.9,2026-08-15 04:10:19
7172,3,127.7,56.6,117.6,1.76,51.6,21.4,44.2,21.5,35.0,2026-08-15 04:18:19
7173,10,103.8,46.8,84.2,1.33,39.1,20.7,48.8,20.5,50.1,2026-08-15 04:26:19
7174,1,102.7,45.1,92.9,1.36,43.1,19.0,36.5,20.7,67.3,2026-08-15 04:34:19
7175,7,150.5,66.9,99.7,1.95,60.1,25.0,38.2,18.8,63.8,2026-08-15 04:42:19
7176,5,66.5,30.5,48.9,0.93,23.1,12.2,48.6,34.2,64.7,2026-08-15 04:50:19
7177,1,52.6,22.8,40.9,0.78,23.1,8.9,38.9,29.7,75.7,2026-08-15 04:58:19
7178,10,114.6,51.0,86.2,1.61,45.6,19.4,34.8,29.0,55.6,2026-08-15 05:06:19
7179,2,39.0,18.4,28.4,0.62,11.7,7.2,41.9,30.8,43.9,2026-08-15 05:14:19
7180,2,83.7,37.8,73.2,1.06,31.3,14.4,30.3,27.2,84.3,2026-08-15 05:22:19
7181,3,72.1,31.7,59.0,0.95,30.1,14.1,49.5,31.6,55.2,2026-08-15 05:30:19
7182,8,51.4,22.5,36.8,0.75,21.8,9.1,37.9,31.6,68.6,2026-08-15 05:38:19
7183,2,73.6,32.2,57.7,0.97,31.2,13.2,35.0,25.1,70.9,2026-08-15 05:46:19
7184,3,68.0,29.5,49.2,0.96,29.8,13.6,43.4,28.5,67.5,2026-08-15 05:54:19
7185,3,90.2,40.5,63.6,1.26,34.7,15.2,49.6,37.5,39.3,2026-08-15 06:02:19
7186,7,91.2,41.5,78.1,1.32,32.9,17.7,42.3,30.1,82.3,2026-08-15 06:10:19
7187,2,46.4,19.7,34.9,0.54,21.8,9.8,26.3,36.2,62.2,2026-08-15 06:18:19
7188,10,101.8,44.7,68.1,1.29,42.6,18.8,43.6,23.6,53.1,2026-08-15 06:26:19
7189,5,115.7,52.5,109.2,1.51,42.4,21.9,43.0,30.2,59.3,2026-08-15 06:34:19
7190,1,130.8,58.9,99.2,1.85,49.5,23.1,47.8,25.2,78.0,2026-08-15 06:42:19
7191,10,67.0,30.3,53.3,0.96,24.9,10.3,52.6,21.0,46.3,2026-08-15 06:50:19
7192,2,15.0,5.0,9.2,0.19,10.0,5.0,41.7,23.7,66.4,2026-08-15 06:58:19
7193,10,90.2,41.0,83.1,1.25,32.9,16.9,29.0,23.9,50.8,2026-08-15 07:06:19
7194,6,43.8,19.2,28.8,0.62,18.5,6.4,54.9,24.0,49.7,2026-08-15 07:14:19
7195,5,73.4,33.3,61.3,0.97,26.9,13.6,33.3,27.7,63.0,2026-08-15 07:22:19
7196,9,74.2,33.2,49.8,0.98,28.8,14.6,45.7,28.9,35.3,2026-08-15 07:30:19
7197,3,95.7,42.9,82.0,1.29,36.9,16.1,28.8,37.5,73.8,2026-08-15 07:38:19
7198,4,100.4,44.5,75.3,1.29,40.6,17.3,25.9,18.8,69.1,2026-08-15 07:46:19
7199,10,116.9,52.4,95.0,1.55,45.2,22.1,51.4,19.5,63.6,2026-08-15 07:54:19
7200,8,15.0,5.0,7.2,0.14,10.0,5.0,31.6,32.7,64.3,2026-08-15 08:02:19
7201,5,124.5,54.9,77.3,1.66,51.3,21.6,52.0,28.0,57.5,2026-08-15 08:10:19
7202,3,66.3,28.8,51.9,0.83,29.0,10.1,27.2,19.2,80.9,2026-08-15 08:18:19
7203,10,140.4,62.8,113.0,1.83,54.7,26.2,36.1,35.7,56.7,2026-08-15 08:26:19
7204,2,69.5,30.0,53.8,0.84,31.1,11.5,33.3,22.0,71.7,2026-08-15 08:34:19
7205,7,76.1,32.8,62.3,0.92,34.1,12.2,52.4,23.1,71.0,2026-08-15 08:42:19
7206,2,100.1,44.5,81.2,1.26,40.0,19.4,38.2,24.6,66.6,2026-08-15 08:50:19
7207,8,88.4,39.3,61.1,1.11,35.4,17.6,31.1,19.3,63.9,2026-08-15 08:58:19
7208,10,109.1,48.1,93.9,1.5,45.0,19.5,45.4,18.2,65.6,2026-08-15 09:06:19
7209,8,49.5,23.0,48.1,0.68,16.1,8.6,26.3,28.8,80.0,2026-08-15 09:14:19
7210,3,140.6,61.7,87.0,1.85,59.1,25.5,53.8,23.7,84.3,2026-08-15 09:22:19
7211,1,15.0,5.0,7.6,0.25,10.0,5.0,25.9,31.0,37.8,2026-08-15 09:30:19
7212,2,108.4,47.4,82.8,1.42,46.2,20.3,33.1,31.8,35.8,2026-08-15 09:38:19
7213,6,115.5,51.8,96.7,1.46,44.6,22.2,48.4,35.8,78.0,2026-08-15 09:46:19
7214,3,53.3,23.4,32.9,0.61,22.4,10.7,43.0,32.6,40.9,2026-08-15 09:54:19
7215,9,71.5,32.0,53.3,1.01,27.7,11.9,30.5,26.7,59.2,2026-08-15 10:02:19
7216,9,139.9,61.5,98.4,1.81,58.5,23.5,31.8,36.3,58.3,2026-08-15 10:10:19
7217,1,157.1,68.7,106.9,1.98,66.8,26.4,32.6,19.8,84.6,2026-08-15 10:18:19
7218,5,113.7,50.1,100.7,1.46,47.0,20.8,39.3,34.2,47.1,2026-08-15 10:26:19
7219,10,28.8,13.2,20.0,0.32,10.0,5.0,27.8,24.2,39.0,2026-08-15 10:34:19
7220,8,101.9,45.9,72.4,1.3,38.6,18.5,42.1,22.5,58.2,2026-08-15 10:42:19
7221,1,52.2,23.1,48.2,0.61,21.3,8.1,37.5,31.0,51.6,2026-08-15 10:50:19
7222,9,119.0,53.7,91.7,1.64,44.7,21.8,30.4,19.9,56.3,2026-08-15 10:58:19
7223,2,129.1,56.3,99.4,1.71,55.5,21.4,48.5,21.3,84.9,2026-08-15 11:06:19
7224,4,64.1,28.3,57.0,0.95,26.4,10.5,26.4,19.4,77.7,2026-08-15 11:14:19
7225,4,42.0,18.3,30.9,0.47,18.1,5.6,38.6,30.4,41.4,2026-08-15 11:22:19
7226,4,76.4,32.9,61.8,1.01,34.3,14.4,33.6,20.3,41.7,2026-08-15 11:30:19
7227,4,79.1,35.5,71.4,0.99,30.4,13.6,32.5,35.3,76.6,2026-08-15 11:38:19
7228,9,97.7,43.0,76.4,1.26,40.5,18.2,46.1,28.5,81.6,2026-08-15 11:46:19
7229,7,95.8,42.8,88.1,1.33,37.6,15.5,34.4,19.3,81.7,2026-08-15 11:54:19
7230,8,119.6,52.7,79.8,1.61,49.4,21.9,26.2,24.8,63.7,2026-08-15 12:02:19
7231,7,35.5,15.7,30.7,0.52,14.4,8.1,47.4,25.5,31.3,2026-08-15 12:10:19
7232,6,47.4,20.3,40.9,0.71,21.8,8.1,36.4,23.7,73.1,2026-08-15 12:18:19
7233,5,115.8,52.2,90.1,1.51,43.6,20.0,53.8,33.2,82.8,2026-08-15 12:26:19
7234,8,26.8,12.0,24.7,0.29,10.4,5.0,45.9,33.0,78.0,2026-08-15 12:34:19
7235,10,95.5,41.9,70.3,1.17,40.2,16.9,30.6,24.8,74.6,2026-08-15 12:42:19
7236,8,49.4,20.9,40.8,0.67,23.5,9.6,50.4,29.6,33.9,2026-08-15 12:50:19
7237,4,77.9,35.6,61.0,1.04,27.6,15.0,42.1,30.7,68.2,2026-08-15 12:58:19
7238,10,103.6,45.8,76.6,1.47,42.4,19.5,29.6,18.7,78.5,2026-08-15 13:06:19
7239,2,125.5,55.0,115.4,1.6,53.0,23.4,52.8,36.0,45.3,2026-08-15 13:14:19
7240,10,25.2,11.2,18.7,0.4,10.0,6.5,32.5,34.8,69.5,2026-08-15 13:22:19
7241,6,57.7,25.7,42.8,0.7,22.9,10.7,54.2,28.7,47.2,2026-08-15 13:30:19
7242,10,52.1,23.7,45.8,0.71,18.8,9.4,28.4,37.5,36.9,2026-08-15 13:38:19
7243,3,15.0,5.0,7.7,0.1,10.0,5.0,53.8,34.8,33.3,2026-08-15 13:46:19
7244,4,118.4,52.9,92.8,1.51,46.4,19.8,29.0,20.0,32.2,2026-08-15 13:54:19
7245,4,84.2,37.5,73.9,1.11,33.4,13.9,35.1,27.2,80.9,2026-08-15 14:02:19
7246,7,134.8,60.2,123.7,1.81,52.8,22.5,45.0,37.5,33.0,2026-08-15 14:10:19
7247,8,120.2,54.4,110.5,1.57,44.6,20.5,25.6,20.2,55.4,2026-08-15 14:18:19
7248,2,82.0,37.1,72.7,1.08,30.5,16.2,32.9,19.4,42.5,2026-08-15 14:26:19
7249,2,64.2,28.3,55.2,0.84,26.5,10.9,31.8,33.3,44.8,2026-08-15 14:34:19
7250,1,83.9,36.2,58.3,1.15,37.4,12.7,30.6,25.6,36.2,2026-08-15 14:42:19
7251,5,95.8,42.1,88.0,1.29,40.0,18.6,25.8,25.8,57.3,2026-08-15 14:50:19
7252,2,124.0,54.0,78.6,1.6,53.5,22.9,47.7,20.4,53.1,2026-08-15 14:58:19
7253,6,59.6,26.4,42.7,0.77,24.2,9.3,26.5,35.6,41.2,2026-08-15 15:06:19
7254,2,145.2,65.5,127.3,1.88,54.6,25.8,44.4,28.5,37.2,2026-08-15 15:14:19
7255,5,89.0,40.4,62.1,1.3,32.5,17.7,45.9,33.2,51.6,2026-08-15 15:22:19
7256,4,64.7,29.3,58.4,0.78,23.9,12.2,38.4,32.8,62.6,2026-08-15 15:30:19
7257,7,105.0,47.4,77.7,1.48,39.4,20.0,41.9,19.8,44.2,2026-08-15 15:38:19
7258,10,51.9,22.7,40.4,0.63,22.0,8.8,26.1,28.5,60.6,2026-08-15 15:46:19
7259,7,48.8,21.6,34.5,0.6,19.8,7.3,37.4,26.6,40.0,2026-08-15 15:54:19
7260,8,126.3,56.5,114.9,1.71,49.3,23.5,50.3,19.2,59.1,2026-08-15 16:02:19
7261,8,68.0,29.3,43.6,0.79,30.6,11.2,48.4,20.1,57.6,2026-08-15 16:10:19
7262,4,166.8,73.1,111.6,2.1,70.4,29.3,29.5,28.1,74.5,2026-08-15 16:18:19
7263,7,123.5,54.2,98.6,1.72,51.8,23.5,30.3,27.7,48.2,2026-08-15 16:26:19
7264,10,124.0,54.8,100.7,1.62,50.7,22.1,25.8,33.4,73.3,2026-08-15 16:34:19
7265,9,61.0,26.3,37.6,0.88,27.3,12.4,30.8,29.9,52.5,2026-08-15 16:42:19
7266,3,127.8,57.4,84.2,1.8,48.9,23.0,46.4,28.8,77.4,2026-08-15 16:50:19
7267,7,39.0,17.0,24.8,0.42,16.9,6.1,51.7,19.0,53.9,2026-08-15 16:58:19
7268,10,118.7,52.3,76.3,1.6,49.2,21.3,37.2,34.9,46.3,2026-08-15 17:06:19
7269,1,132.5,59.7,96.6,1.84,50.1,22.5,42.4,36.0,81.6,2026-08-15 17:14:19
7270,4,89.3,40.1,75.2,1.2,34.3,16.8,37.9,31.3,53.8,2026-08-15 17:22:19
7271,4,78.4,34.1,51.7,0.95,34.0,13.4,32.3,30.8,67.4,2026-08-15 17:30:19
7272,4,48.0,20.4,40.7,0.6,22.5,8.7,39.0,28.2,84.0,2026-08-15 17:38:19
7273,8,22.9,9.1,16.5,0.29,13.1,5.0,46.4,36.0,57.7,2026-08-15 17:46:19
7274,7,79.5,34.9,65.9,1.12,33.3,15.4,46.6,23.6,81.7,2026-08-15 17:54:19
7275,6,57.8,25.5,48.9,0.68,23.7,10.4,26.5,30.2,36.1,2026-08-15 18:02:19
7276,8,72.4,31.3,62.8,0.85,32.1,13.3,26.2,37.6,67.5,2026-08-15 18:10:19
7277,3,108.0,48.2,89.4,1.54,42.5,20.0,35.3,35.5,60.2,2026-08-15 18:18:19
7278,2,136.3,59.6,117.0,1.88,58.1,24.4,41.0,36.8,72.6,2026-08-15 18:26:19
7279,5,19.4,8.0,11.7,0.31,10.0,5.0,28.8,34.5,53.6,2026-08-15 18:34:19
7280,9,104.6,45.8,82.1,1.28,44.4,16.7,30.6,27.3,57.8,2026-08-15 18:42:19
7281,2,105.2,46.9,67.7,1.51,41.5,19.3,31.8,22.5,50.2,2026-08-15 18:50:19
7282,3,115.3,50.8,79.4,1.54,47.7,21.4,31.3,35.2,60.3,2026-08-15 18:58:19
7283,6,75.5,33.7,62.0,0.94,29.7,12.3,38.3,29.3,66.4,2026-08-15 19:06:19
7284,7,132.3,59.9,115.9,1.73,48.9,25.7,26.6,21.8,66.4,2026-08-15 19:14:19
7285,8,66.3,28.8,51.1,0.94,29.0,12.1,26.6,37.0,61.1,2026-08-15 19:22:19
7286,2,97.9,43.2,71.7,1.27,40.3,17.4,39.5,22.6,46.3,2026-08-15 19:30:19
7287,1,112.9,49.4,69.3,1.56,47.9,21.1,55.0,35.9,84.2,2026-08-15 19:38:19
7288,2,107.1,47.7,79.6,1.49,42.4,20.4,52.0,26.9,43.8,2026-08-15 19:46:19
7289,5,96.5,43.8,86.5,1.29,35.4,17.2,30.8,29.9,47.8,2026-08-15 19:54:19
7290,4,82.9,37.1,77.6,1.14,32.2,13.8,51.3,24.8,67.0,2026-08-15 20:02:19
7291,7,79.4,34.2,59.7,1.07,35.7,12.8,33.1,29.9,56.2,2026-08-15 20:10:19
7292,10,87.3,38.0,78.0,1.09,37.8,13.8,38.9,18.4,65.1,2026-08-15 20:18:19
7293,9,127.3,56.2,99.5,1.73,52.2,21.9,47.9,35.3,68.0,2026-08-15 20:26:19
7294,4,63.4,27.4,56.8,0.78,28.1,9.9,50.8,23.2,64.0,2026-08-15 20:34:19
7295,7,22.0,8.7,17.3,0.26,12.6,5.0,43.3,23.9,39.2,2026-08-15 20:42:19
7296,1,116.8,52.0,82.2,1.55,46.4,19.7,44.1,36.0,75.1,2026-08-15 20:50:19
7297,5,22.5,9.1,13.9,0.37,12.3,5.0,29.5,32.3,42.0,2026-08-15 20:58:19
7298,10,38.6,17.7,37.2,0.49,13.4,5.7,38.0,23.6,63.7,2026-08-15 21:06:19
7299,1,177.4,78.5,128.1,2.29,72.2,33.4,36.1,33.9,59.2,2026-08-15 21:14:19
7300,9,15.0,5.0,9.5,0.1,10.0,5.0,31.7,19.7,78.0,2026-08-15 21:22:19
7301,2,75.2,33.7,63.0,0.98,29.1,13.8,43.4,23.5,43.9,2026-08-15 21:30:19
7302,10,122.6,55.4,113.4,1.63,45.8,21.4,37.2,29.1,75.5,2026-08-15 21:38:19
7303,2,78.1,35.8,71.1,1.15,27.4,14.3,41.9,28.3,69.2,2026-08-15 21:46:19
7304,7,116.7,50.8,101.6,1.5,50.5,19.1,25.9,23.5,50.7,2026-08-15 21:54:19
7305,5,91.8,40.0,66.7,1.17,39.6,17.9,42.9,31.8,41.1,2026-08-15 22:02:19
7306,7,155.0,69.5,101.3,2.02,59.8,27.9,38.6,20.1,73.5,2026-08-15 22:10:19
7307,8,80.8,36.1,73.6,1.04,31.7,14.0,36.5,31.7,66.3,2026-08-15 22:18:19
7308,9,70.2,30.6,59.2,0.85,30.3,13.3,48.4,30.1,55.0,2026-08-15 22:26:19
7309,10,73.4,32.2,60.3,0.96,30.9,13.6,38.7,27.4,63.9,2026-08-15 22:34:19
7310,8,69.2,31.4,63.6,0.89,25.4,13.6,29.8,37.3,75.3,2026-08-15 22:42:19
7311,9,125.0,55.1,84.0,1.58,51.6,22.9,46.5,26.4,34.9,2026-08-15 22:50:19
7312,2,44.2,19.8,32.1,0.58,17.1,6.3,52.0,33.7,69.1,2026-08-15 22:58:19
7313,4,52.7,22.4,38.9,0.72,24.8,10.1,41.5,32.1,33.1,2026-08-15 23:06:19
7314,10,80.4,36.5,69.3,1.0,29.3,14.1,53.7,25.4,82.7,2026-08-15 23:14:19
7315,5,136.7,60.9,111.4,1.78,54.2,23.6,30.1,26.7,31.4,2026-08-15 23:22:19
7316,10,116.6,52.9,103.0,1.67,42.7,21.7,42.3,31.4,64.0,2026-08-15 23:30:19
7317,1,72.9,32.1,47.7,0.96,30.2,12.4,33.0,30.2,38.6,2026-08-15 23:38:19
7318,1,91.4,40.6,74.3,1.23,36.7,14.5,37.1,21.6,49.1,2026-08-15 23:46:19
7319,7,107.3,47.5,85.4,1.48,43.7,18.7,53.4,24.7,80.4,2026-08-15 23:54:19
7320,6,18.7,7.6,14.6,0.26,10.0,5.0,52.7,29.3,51.5,2026-08-16 00:02:19
7321,4,88.2,39.5,66.5,1.1,34.2,15.0,36.1,27.9,54.7,2026-08-16 00:10:19
7322,3,121.1,53.8,99.5,1.65,48.5,21.8,45.0,25.4,43.8,2026-08-16 00:18:19
7323,3,63.6,29.3,43.2,0.96,21.8,10.4,32.9,29.2,48.7,2026-08-16 00:26:19
7324,10,102.9,45.1,69.8,1.33,43.4,18.2,48.3,32.2,79.1,2026-08-16 00:34:19
7325,7,48.6,21.1,43.7,0.6,21.2,7.7,43.6,29.5,78.9,2026-08-16 00:42:19
7326,1,63.4,27.8,40.9,0.89,26.7,11.2,52.6,31.7,32.0,2026-08-16 00:50:19
7327,4,79.5,35.0,54.0,1.1,32.9,13.6,35.3,20.6,46.3,2026-08-16 00:58:19
7328,2,69.4,29.8,45.4,0.9,31.6,12.8,53.0,28.8,45.9,2026-08-16 01:06:19
7329,7,55.9,24.0,37.0,0.73,25.3,10.7,39.6,29.7,60.5,2026-08-16 01:14:19
7330,6,129.7,56.6,102.4,1.79,55.7,22.7,38.4,23.7,48.0,2026-08-16 01:22:19
7331,9,66.6,29.2,47.1,0.94,28.0,12.4,29.9,30.5,58.6,2026-08-16 01:30:19
7332,6,28.8,13.2,20.5,0.34,10.0,5.0,29.8,20.5,47.6,2026-08-16 01:38:19
7333,6,89.4,40.4,58.7,1.29,33.4,14.2,25.9,35.6,71.9,2026-08-16 01:46:19
7334,1,101.3,46.1,65.8,1.39,36.6,16.7,33.2,28.2,50.2,2026-08-16 01:54:19
7335,2,49.9,22.6,31.8,0.61,18.4,10.7,31.7,34.3,52.2,2026-08-16 02:02:19
7336,4,88.6,38.8,66.0,1.15,37.5,15.4,48.1,30.9,46.1,2026-08-16 02:10:19
7337,10,57.8,25.0,38.4,0.84,25.5,11.8,31.5,35.6,82.8,2026-08-16 02:18:19
7338,4,55.0,24.5,40.9,0.72,21.7,9.9,30.7,30.0,71.8,2026-08-16 02:26:19
7339,10,151.6,67.8,116.8,2.04,59.2,26.7,38.9,30.2,79.0,2026-08-16 02:34:19
7340,5,99.9,44.4,79.4,1.37,40.0,16.0,46.4,27.1,31.1,2026-08-16 02:42:19
7341,2,67.7,30.6,53.1,0.84,25.2,12.1,33.8,20.6,55.5,2026-08-16 02:50:19
7342,5,73.8,32.8,46.7,0.91,29.6,14.1,54.3,22.4,79.6,2026-08-16 02:58:19
7343,3,39.1,17.5,30.8,0.54,15.3,7.0,41.7,20.1,58.3,2026-08-16 03:06:19
7344,5,41.8,18.1,33.7,0.47,18.4,8.9,48.3,20.5,82.4,2026-08-16 03:14:19
7345,10,64.9,29.5,53.5,0.8,23.6,11.1,36.8,25.9,54.5,2026-08-16 03:22:19
7346,3,82.8,37.6,55.4,1.05,30.2,14.8,53.2,21.0,43.4,2026-08-16 03:30:19
7347,9,91.0,39.5,68.5,1.28,39.7,14.7,28.0,31.3,75.5,2026-08-16 03:38:19
7348,1,60.9,27.1,54.6,0.74,24.2,9.0,48.3,24.5,62.8,2026-08-16 03:46:19
7349,2,133.6,59.8,87.3,1.78,52.0,25.7,37.8,21.8,74.6,2026-08-16 03:54:19
7350,3,30.6,14.2,23.0,0.5,10.0,6.0,47.4,31.5,83.7,2026-08-16 04:02:19
7351,2,22.3,9.6,16.2,0.27,10.0,5.0,50.4,32.1,44.3,2026-08-16 04:10:19
7352,6,101.1,43.9,77.0,1.25,44.1,19.5,41.9,31.6,52.3,2026-08-16 04:18:19
7353,10,106.3,48.2,98.5,1.38,39.0,18.0,38.0,26.3,67.9,2026-08-16 04:26:19
7354,8,67.9,30.8,60.8,0.93,25.0,12.2,30.0,29.3,67.8,2026-08-16 04:34:19
7355,4,46.6,21.6,38.5,0.59,15.4,8.7,48.8,26.9,74.9,2026-08-16 04:42:19
7356,3,106.8,48.3,75.5,1.4,39.7,20.8,48.2,18.1,57.1,2026-08-16 04:50:19
7357,10,43.5,19.6,27.5,0.63,16.4,8.5,44.8,29.7,73.1,2026-08-16 04:58:19
7358,7,64.4,28.8,45.8,0.83,25.1,12.4,31.1,27.3,58.1,2026-08-16 05:06:19
7359,5,25.7,11.5,18.8,0.4,10.0,5.0,41.2,37.2,84.9,2026-08-16 05:14:19
7360,9,85.4,37.4,69.2,1.2,36.1,13.1,40.0,25.3,54.3,2026-08-16 05:22:19
7361,6,89.9,39.4,69.9,1.2,37.9,14.1,25.7,19.9,66.9,2026-08-16 05:30:19
7362,9,56.1,25.7,46.8,0.79,19.6,9.3,49.5,21.7,76.6,2026-08-16 05:38:19
7363,5,42.6,18.5,36.4,0.56,18.5,5.6,50.5,30.4,35.2,2026-08-16 05:46:19
7364,7,54.8,24.3,34.3,0.78,22.1,11.0,44.8,26.3,60.1,2026-08-16 05:54:19
7365,6,77.8,34.7,55.9,1.06,30.6,15.5,45.4,21.5,46.8,2026-08-16 06:02:19
7366,7,38.8,16.5,28.9,0.57,18.2,7.1,39.9,23.4,67.8,2026-08-16 06:10:19
7367,2,135.3,61.2,93.5,1.76,50.2,25.0,49.7,20.6,32.7,2026-08-16 06:18:19
7368,2,84.6,38.0,64.9,1.13,32.3,14.1,37.8,29.9,47.0,2026-08-16 06:26:19
7369,2,54.7,25.3,46.6,0.77,18.4,8.9,53.0,31.3,46.5,2026-08-16 06:34:19
7370,4,116.8,52.3,79.8,1.48,45.4,21.9,37.0,22.2,36.7,2026-08-16 06:42:19
7371,6,127.2,56.9,103.8,1.76,49.5,20.8,30.6,35.2,74.8,2026-08-16 06:50:19
7372,10,38.8,17.2,24.5,0.58,15.7,8.2,31.5,26.4,75.5,2026-08-16 06:58:19
7373,10,57.8,25.0,47.4,0.8,25.6,9.4,44.8,20.1,49.9,2026-08-16 07:06:19
7374,1,67.0,29.7,48.0,0.89,27.1,10.6,53.8,21.9,66.6,2026-08-16 07:14:19
7375,8,16.7,6.5,10.5,0.11,10.0,5.0,39.1,25.7,80.9,2026-08-16 07:22:19
7376,10,26.1,11.2,20.1,0.34,11.9,5.2,34.3,22.8,73.9,2026-08-16 07:30:19
7377,9,121.7,54.4,101.5,1.65,47.5,21.9,52.1,22.2,41.1,2026-08-16 07:38:19
7378,5,38.2,17.5,24.8,0.43,13.5,8.8,25.5,32.6,78.7,2026-08-16 07:46:19
7379,4,71.0,30.9,60.8,0.89,30.8,14.0,52.4,35.4,46.8,2026-08-16 07:54:19
7380,10,43.9,19.4,39.6,0.65,17.9,6.9,30.4,20.3,37.8,2026-08-16 08:02:19
7381,10,56.3,24.2,48.3,0.73,25.5,11.3,35.5,32.4,35.6,2026-08-16 08:10:19
7382,5,87.6,39.1,57.9,1.25,34.4,14.9,51.5,21.1,52.3,2026-08-16 08:18:19
7383,7,51.6,21.9,45.6,0.56,24.3,8.2,26.6,32.2,78.2,2026-08-16 08:26:19
7384,1,79.3,35.8,57.5,1.01,29.7,14.4,27.7,31.4,45.5,2026-08-16 08:34:19
7385,7,88.9,40.2,57.4,1.14,33.1,16.7,52.7,23.8,46.1,2026-08-16 08:42:19
7386,1,64.8,28.3,44.4,0.84,27.8,9.5,41.1,19.7,52.2,2026-08-16 08:50:19
7387,8,59.6,25.5,47.1,0.84,27.4,9.0,54.6,35.0,44.2,2026-08-16 08:58:19
7388,8,66.4,28.8,42.8,0.94,29.1,9.7,34.7,18.6,31.1,2026-08-16 09:06:19
7389,6,101.9,44.4,66.0,1.32,43.9,19.4,45.7,24.4,65.8,2026-08-16 09:14:19
7390,4,23.2,10.1,15.1,0.24,10.0,5.0,33.8,33.9,47.5,2026-08-16 09:22:19
7391,9,48.2,21.1,36.8,0.6,20.4,10.0,28.0,22.5,49.3,2026-08-16 09:30:19
7392,9,56.8,25.4,50.6,0.75,22.1,9.7,33.1,36.2,39.8,2026-08-16 09:38:19
7393,8,113.4,50.1,82.2,1.57,46.5,19.9,51.9,26.6,84.6,2026-08-16 09:46:19
7394,4,87.0,38.0,57.2,1.17,37.2,15.8,27.6,23.3,33.1,2026-08-16 09:54:19
7395,5,56.1,25.8,42.9,0.76,19.3,11.6,41.4,36.6,52.2,2026-08-16 10:02:19
7396,9,73.0,32.1,64.1,0.93,30.5,14.2,25.2,27.0,50.3,2026-08-16 10:10:19
7397,8,45.4,20.3,33.3,0.65,17.7,8.7,46.9,28.7,62.7,2026-08-16 10:18:19
7398,7,86.7,39.0,76.4,1.13,32.9,17.1,35.5,18.5,57.9,2026-08-16 10:26:19
7399,2,44.9,19.6,34.9,0.66,19.2,9.3,43.6,24.4,68.7,2026-08-16 10:34:19
7400,8,55.9,24.4,46.4,0.72,24.0,9.9,26.8,37.0,53.7,2026-08-16 10:42:19
7401,5,89.3,38.7,57.5,1.06,39.2,15.2,41.9,24.9,84.5,2026-08-16 10:50:19
7402,6,62.5,27.7,53.1,0.75,25.2,11.0,47.3,21.8,38.6,2026-08-16 10:58:19
7403,7,99.1,44.4,82.4,1.25,38.3,19.1,26.5,22.2,72.5,2026-08-16 11:06:19
7404,10,113.8,51.2,76.9,1.6,43.2,20.8,44.0,20.0,46.7,2026-08-16 11:14:19
7405,3,120.4,53.4,104.6,1.58,48.5,20.1,38.3,29.0,84.3,2026-08-16 11:22:19
7406,4,15.0,5.3,8.5,0.14,10.0,5.0,25.0,22.8,83.4,2026-08-16 11:30:19
7407,9,128.8,57.6,102.2,1.64,50.3,23.3,26.2,19.4,75.8,2026-08-16 11:38:19
7408,10,92.6,41.8,84.1,1.16,34.8,16.9,54.1,25.4,35.8,2026-08-16 11:46:19
7409,7,92.1,40.9,77.0,1.13,36.9,15.2,27.8,19.8,49.0,2026-08-16 11:54:19
7410,2,107.6,47.3,98.1,1.4,44.9,17.7,52.4,37.7,68.2,2026-08-16 12:02:19
7411,7,44.2,20.1,41.4,0.59,16.0,8.0,39.8,25.8,54.9,2026-08-16 12:10:19
7412,5,59.9,25.7,37.1,0.77,27.3,10.2,54.2,35.9,53.3,2026-08-16 12:18:19
7413,3,112.6,49.5,92.8,1.56,46.9,21.2,39.0,20.1,51.3,2026-08-16 12:26:19
7414,7,111.3,50.3,77.8,1.43,41.6,18.5,35.8,19.5,53.6,2026-08-16 12:34:19
7415,9,85.6,38.1,66.5,1.11,34.0,13.9,38.6,31.8,68.0,2026-08-16 12:42:19
7416,6,109.4,49.1,89.8,1.48,42.0,20.5,38.0,19.8,49.9,2026-08-16 12:50:19
7417,2,99.7,45.2,79.2,1.43,36.6,18.1,46.4,29.2,80.3,2026-08-16 12:58:19
7418,10,98.6,44.4,86.8,1.38,37.3,16.6,46.3,34.5,67.2,2026-08-16 13:06:19
7419,10,90.0,39.5,68.7,1.13,37.8,16.2,47.9,31.7,36.0,2026-08-16 13:14:19
7420,9,123.7,55.7,91.2,1.76,46.9,22.9,32.4,30.4,71.7,2026-08-16 13:22:19
7421,1,75.2,32.5,49.3,1.06,33.3,13.0,43.1,30.4,53.0,2026-08-16 13:30:19
7422,4,16.9,6.6,13.1,0.19,10.0,5.0,41.9,35.2,83.2,2026-08-16 13:38:19
7423,9,29.6,12.7,20.5,0.34,13.4,5.0,35.5,29.7,55.6,2026-08-16 13:46:19
7424,8,45.8,20.6,29.6,0.53,17.4,6.6,34.8,24.3,71.6,2026-08-16 13:54:19
7425,8,26.1,11.3,23.6,0.35,11.5,5.0,49.4,18.7,78.8,2026-08-16 14:02:19
7426,9,65.7,28.2,42.1,0.84,29.8,13.2,42.5,33.4,71.6,2026-08-16 14:10:19
7427,9,52.4,23.4,42.0,0.68,20.5,9.2,40.5,32.6,49.5,2026-08-16 14:18:19
7428,1,133.2,58.1,89.4,1.65,57.2,22.0,45.7,22.9,50.0,2026-08-16 14:26:19
7429,2,52.5,23.2,35.4,0.66,21.4,10.3,44.6,21.3,70.2,2026-08-16 14:34:19
7430,7,60.7,26.4,46.1,0.77,26.3,9.8,48.3,26.7,76.1,2026-08-16 14:42:19
7431,4,65.8,28.8,48.3,0.87,28.0,11.3,50.0,35.1,66.1,2026-08-16 14:50:19
7432,3,41.8,17.8,34.6,0.54,19.5,7.4,31.3,21.9,47.2,2026-08-16 14:58:19
7433,4,83.0,37.9,77.7,1.17,29.6,13.7,38.3,31.9,46.4,2026-08-16 15:06:19
7434,9,64.7,29.5,45.8,0.85,23.1,12.0,49.1,30.2,44.0,2026-08-16 15:14:19
7435,1,41.2,18.3,37.3,0.56,16.6,8.7,30.7,32.1,65.2,2026-08-16 15:22:19
7436,3,102.7,46.2,82.5,1.35,39.0,17.0,36.1,28.1,32.6,2026-08-16 15:30:19
7437,7,67.3,30.9,52.0,0.89,23.3,14.0,45.3,30.4,74.9,2026-08-16 15:38:19
7438,4,71.2,30.7,57.0,0.87,31.8,13.7,35.1,34.3,68.3,2026-08-16 15:46:19
7439,8,105.1,46.1,68.5,1.42,44.2,17.9,50.4,27.4,65.7,2026-08-16 15:54:19
7440,4,48.5,21.6,42.8,0.73,19.2,9.0,43.6,26.2,48.0,2026-08-16 16:02:19
7441,8,114.3,50.6,101.8,1.53,46.4,19.9,33.5,33.9,71.6,2026-08-16 16:10:19
7442,5,24.2,10.5,19.8,0.22,10.6,5.0,30.2,21.0,43.4,2026-08-16 16:18:19
7443,1,85.1,37.0,61.2,1.04,37.0,13.5,50.5,26.5,62.0,2026-08-16 16:26:19
7444,10,121.8,54.8,98.4,1.58,46.4,23.0,51.2,26.7,79.4,2026-08-16 16:34:19
7445,9,88.0,40.1,59.7,1.15,31.6,16.9,44.1,21.0,80.0,2026-08-16 16:42:19
7446,7,72.7,31.2,56.5,0.95,33.0,11.5,45.0,18.7,46.2,2026-08-16 16:50:19
7447,10,75.7,32.6,56.5,0.94,34.0,12.8,39.5,22.9,44.4,2026-08-16 16:58:19
7448,5,72.7,31.9,63.0,1.0,30.5,11.0,35.5,24.2,67.0,2026-08-16 17:06:19
7449,2,108.2,47.0,75.9,1.36,47.3,18.7,38.9,30.8,32.2,2026-08-16 17:14:19
7450,4,64.2,28.5,56.0,0.8,25.7,12.3,47.9,32.8,60.6,2026-08-16 17:22:19
7451,3,113.9,49.8,95.1,1.52,48.5,19.7,26.6,33.1,77.1,2026-08-16 17:30:19
7452,1,15.0,5.0,7.7,0.1,10.0,5.0,40.6,31.4,62.7,2026-08-16 17:38:19
7453,6,62.3,26.8,44.8,0.88,28.2,10.4,50.8,25.8,65.2,2026-08-16 17:46:19
7454,10,102.7,45.3,69.9,1.35,42.3,19.3,32.7,20.9,42.2,2026-08-16 17:54:19
7455,10,70.7,30.9,44.3,0.89,30.1,12.2,46.6,25.6,46.9,2026-08-16 18:02:19
7456,5,104.8,46.8,80.0,1.5,41.2,16.8,30.8,28.3,41.5,2026-08-16 18:10:19
7457,10,46.8,21.8,42.2,0.62,15.2,9.6,49.4,18.0,55.4,2026-08-16 18:18:19
7458,3,69.2,31.5,60.4,0.92,24.9,11.3,38.8,24.7,31.3,2026-08-16 18:26:19
7459,3,62.2,28.3,49.8,0.78,22.5,9.7,28.6,26.1,66.2,2026-08-16 18:34:19
7460,6,21.2,9.0,15.5,0.35,10.0,5.0,28.8,27.2,67.9,2026-08-16 18:42:19
7461,3,48.2,21.7,41.3,0.57,18.2,9.1,38.4,24.5,73.3,2026-08-16 18:50:19
7462,5,68.7,30.8,55.2,0.99,26.6,13.9,46.1,19.6,43.2,2026-08-16 18:58:19
7463,2,31.4,13.1,18.4,0.3,15.6,6.5,49.7,22.4,49.6,2026-08-16 19:06:19
7464,4,90.3,40.1,60.4,1.21,36.3,15.1,40.6,22.8,46.3,2026-08-16 19:14:19
7465,6,83.1,36.4,63.5,1.03,35.1,13.3,45.5,30.9,81.2,2026-08-16 19:22:19
7466,3,96.3,43.2,60.7,1.31,37.1,17.8,54.5,31.0,53.9,2026-08-16 19:30:19
7467,7,105.2,47.5,69.8,1.49,39.5,17.6,49.9,22.9,35.8,2026-08-16 19:38:19
7468,9,23.2,10.1,16.3,0.33,10.0,5.0,40.6,35.9,71.6,2026-08-16 19:46:19
7469,3,78.2,34.1,70.4,1.09,33.6,12.2,48.8,18.8,31.2,2026-08-16 19:54:19
7470,5,111.5,50.6,104.4,1.53,40.9,18.3,43.2,26.8,52.0,2026-08-16 20:02:19
7471,6,128.9,57.2,116.6,1.63,51.9,23.2,38.1,24.6,80.4,2026-08-16 20:10:19
7472,10,39.6,17.2,27.3,0.62,17.2,8.7,46.8,35.5,51.0,2026-08-16 20:18:19
7473,3,118.7,53.2,80.7,1.69,45.9,23.1,30.0,34.7,69.8,2026-08-16 20:26:19
7474,7,23.9,10.5,18.1,0.24,10.0,5.0,41.4,20.4,55.6,2026-08-16 20:34:19
7475,7,49.3,22.3,39.4,0.66,18.4,7.3,49.2,29.0,63.3,2026-08-16 20:42:19
7476,4,38.0,17.6,35.5,0.56,12.6,7.0,43.7,31.1,52.2,2026-08-16 20:50:19
7477,1,60.6,27.9,41.4,0.9,20.7,10.3,42.6,24.1,30.7,2026-08-16 20:58:19
7478,5,87.3,38.9,62.9,1.11,34.5,15.8,31.6,28.7,52.2,2026-08-16 21:06:19
7479,5,40.4,17.1,35.0,0.44,19.2,5.6,43.9,21.5,46.2,2026-08-16 21:14:19
7480,4,86.3,38.6,70.6,1.2,33.6,14.2,30.3,33.8,33.2,2026-08-16 21:22:19
7481,1,93.8,42.3,85.8,1.32,35.3,14.9,29.9,18.8,39.9,2026-08-16 21:30:19
7482,9,76.9,33.4,58.4,1.1,33.6,13.1,49.5,25.8,31.5,2026-08-16 21:38:19
7483,5,79.0,36.1,55.2,1.17,28.0,15.4,38.1,21.4,33.3,2026-08-16 21:46:19
7484,4,117.0,52.0,106.8,1.65,46.7,21.4,31.3,20.7,53.2,2026-08-16 21:54:19
7485,4,88.5,40.2,56.5,1.23,32.3,17.7,45.8,29.8,66.1,2026-08-16 22:02:19
7486,10,19.8,8.2,12.2,0.18,10.0,5.0,48.4,20.7,75.0,2026-08-16 22:10:19
7487,7,74.5,32.2,48.8,0.96,33.1,12.2,45.7,20.7,77.8,2026-08-16 22:18:19
7488,2,40.2,18.5,32.5,0.65,13.8,7.5,50.0,20.7,71.4,2026-08-16 22:26:19
7489,3,90.1,39.7,59.3,1.2,37.2,15.0,26.5,30.0,66.4,2026-08-16 22:34:19
7490,2,90.1,39.8,59.6,1.17,36.9,16.5,45.8,37.0,37.8,2026-08-16 22:42:19
7491,1,42.6,19.8,30.9,0.51,13.9,9.1,46.0,26.2,82.7,2026-08-16 22:50:19
7492,2,75.8,33.9,52.2,1.1,29.5,11.6,27.2,24.9,82.3,2026-08-16 22:58:19
7493,7,80.3,36.7,63.4,1.04,28.4,14.1,42.4,23.2,68.9,2026-08-16 23:06:19
7494,10,89.7,40.9,66.2,1.21,32.1,17.2,52.3,32.7,61.8,2026-08-16 23:14:19
7495,9,62.5,26.8,48.0,0.86,28.5,9.8,34.3,29.4,63.7,2026-08-16 23:22:19
7496,2,87.0,38.1,61.1,1.12,36.8,16.6,26.8,36.0,30.5,2026-08-16 23:30:19
7497,4,43.8,19.7,29.9,0.63,16.6,8.1,33.9,37.1,41.6,2026-08-16 23:38:19
7498,7,15.0,5.0,7.7,0.24,10.0,5.0,29.5,26.9,47.2,2026-08-16 23:46:19
7499,4,79.0,34.0,66.6,1.01,35.5,12.8,34.9,33.2,61.7,2026-08-16 23:54:19
7500,8,55.4,25.7,52.9,0.86,18.2,10.3,34.3,29.7,73.2,2026-08-17 00:02:19
7501,1,102.5,45.2,66.0,1.41,42.2,17.3,36.3,35.0,72.8,2026-08-17 00:10:19
7502,3,47.3,21.8,38.6,0.58,16.1,8.4,31.8,31.6,74.7,2026-08-17 00:18:19
7503,4,120.0,52.9,80.3,1.68,49.6,22.5,35.1,29.7,55.1,2026-08-17 00:26:19
7504,7,56.9,25.7,40.1,0.83,21.2,11.4,28.0,19.1,33.0,2026-08-17 00:34:19
7505,7,82.1,36.8,60.8,1.18,31.7,13.7,49.4,20.5,44.5,2026-08-17 00:42:19
7506,3,112.8,49.2,82.5,1.48,48.5,19.0,37.8,22.7,82.9,2026-08-17 00:50:19
7507,7,149.3,66.9,113.5,1.96,57.8,26.0,32.3,26.6,77.4,2026-08-17 00:58:19
7508,6,98.7,43.1,60.4,1.26,42.3,15.5,34.2,21.3,41.1,2026-08-17 01:06:19
7509,3,101.7,46.0,82.8,1.3,37.8,19.7,46.0,18.2,38.0,2026-08-17 01:14:19
7510,1,135.2,60.0,85.8,1.75,54.5,23.6,42.5,18.5,30.2,2026-08-17 01:22:19
7511,8,24.9,11.0,16.9,0.36,10.2,5.6,34.3,35.0,57.7,2026-08-17 01:30:19
7512,3,45.6,21.3,42.5,0.55,14.5,7.6,36.6,30.0,33.4,2026-08-17 01:38:19
7513,9,82.9,36.2,65.3,1.03,35.4,14.6,48.4,26.9,52.2,2026-08-17 01:46:19
7514,4,59.4,27.3,49.4,0.82,20.5,9.2,43.9,22.4,42.6,2026-08-17 01:54:19
7515,3,30.9,13.3,24.3,0.43,13.9,6.7,47.9,29.4,67.9,2026-08-17 02:02:19
7516,7,83.5,36.4,67.2,1.0,35.9,16.4,29.3,35.7,67.8,2026-08-17 02:10:19
7517,7,119.7,52.2,95.3,1.56,51.5,21.3,42.5,25.7,72.3,2026-08-17 02:18:19
7518,6,86.6,39.6,58.3,1.25,30.7,14.2,40.8,18.4,51.7,2026-08-17 02:26:19
7519,3,96.9,43.3,69.6,1.25,38.0,17.1,37.3,33.6,37.2,2026-08-17 02:34:19
7520,10,36.9,16.9,23.8,0.54,12.9,5.5,31.8,34.4,73.4,2026-08-17 02:42:19
7521,1,93.5,41.7,64.7,1.23,36.9,18.4,53.2,19.0,66.7,2026-08-17 02:50:19
7522,10,95.8,42.5,86.9,1.32,38.6,17.3,28.6,34.9,81.9,2026-08-17 02:58:19
7523,7,30.4,12.5,22.9,0.43,15.8,6.0,34.2,31.7,55.5,2026-08-17 03:06:19
7524,7,89.5,39.2,77.4,1.13,37.9,14.2,46.5,20.0,39.2,2026-08-17 03:14:19
7525,2,127.5,55.9,94.8,1.77,53.8,20.8,26.6,24.2,55.0,2026-08-17 03:22:19
7526,4,20.9,8.6,12.9,0.34,10.9,5.0,50.1,34.6,52.2,2026-08-17 03:30:19
7527,1,56.1,25.9,49.7,0.81,18.9,8.7,52.5,21.0,62.7,2026-08-17 03:38:19
7528,10,152.8,66.9,113.4,2.01,64.8,25.6,49.9,35.1,32.1,2026-08-17 03:46:19
7529,2,86.9,39.3,55.6,1.12,32.4,17.5,25.3,27.7,52.0,2026-08-17 03:54:19
7530,5,92.8,40.8,69.3,1.25,38.8,14.7,52.1,32.3,59.4,2026-08-17 04:02:19
7531,10,40.0,18.5,34.5,0.48,13.4,5.8,48.0,35.8,31.9,2026-08-17 04:10:19
7532,1,80.2,36.0,62.0,1.17,30.9,13.5,46.3,35.0,38.2,2026-08-17 04:18:19
7533,7,69.9,30.6,48.2,1.0,29.7,14.0,41.3,22.8,40.4,2026-08-17 04:26:19
7534,10,86.3,37.5,74.2,1.19,37.6,15.0,38.0,23.0,46.0,2026-08-17 04:34:19
7535,10,46.2,20.6,41.3,0.65,18.2,6.8,28.1,25.3,77.0,2026-08-17 04:42:19
7536,7,84.9,38.4,60.2,1.05,31.5,14.1,31.4,20.4,56.7,2026-08-17 04:50:19
7537,3,46.0,20.1,41.8,0.68,19.7,8.0,52.8,22.5,67.1,2026-08-17 04:58:19
7538,3,63.5,29.2,45.9,0.92,21.9,12.7,47.6,27.9,61.3,2026-08-17 05:06:19
7539,10,33.2,14.7,29.1,0.53,13.5,7.8,52.5,19.2,59.4,2026-08-17 05:14:19
7540,6,142.9,63.3,128.5,1.87,58.0,23.5,28.3,32.6,54.8,2026-08-17 05:22:19
7541,5,82.2,35.8,69.5,1.09,35.5,13.6,41.8,32.5,36.7,2026-08-17 05:30:19
7542,3,138.2,62.3,92.5,1.91,52.2,24.4,53.6,25.5,65.0,2026-08-17 05:38:19
7543,9,70.3,31.5,51.5,0.87,27.2,13.9,31.4,23.5,69.8,2026-08-17 05:46:19
7544,4,122.0,53.4,95.1,1.65,51.7,20.2,44.0,30.9,39.3,2026-08-17 05:54:19
7545,9,102.6,46.3,81.3,1.35,38.6,20.2,43.6,33.8,63.1,2026-08-17 06:02:19
7546,9,134.2,58.7,114.4,1.81,57.0,23.0,31.2,19.1,72.3,2026-08-17 06:10:19
7547,6,86.3,38.8,64.7,1.13,32.9,17.4,48.2,24.4,50.8,2026-08-17 06:18:19
7548,8,77.0,34.5,62.1,0.98,29.7,15.0,42.7,27.6,76.4,2026-08-17 06:26:19
7549,1,124.6,56.2,109.6,1.67,46.8,24.3,34.0,26.6,47.9,2026-08-17 06:34:19
7550,5,70.3,31.6,56.7,0.95,26.9,14.1,54.6,33.6,40.9,2026-08-17 06:42:19
7551,6,67.7,29.0,44.8,0.87,31.0,10.6,40.2,33.2,76.9,2026-08-17 06:50:19
7552,5,34.7,14.4,21.1,0.51,17.5,7.4,47.7,28.2,78.5,2026-08-17 06:58:19
7553,1,113.9,51.0,79.2,1.58,44.2,20.2,28.2,28.2,46.6,2026-08-17 07:06:19
7554,3,47.1,21.0,40.7,0.59,18.5,9.1,53.2,27.3,49.3,2026-08-17 07:14:19
7555,6,32.5,14.9,29.0,0.45,11.4,7.6,45.7,24.2,84.7,2026-08-17 07:22:19
7556,10,38.0,15.9,32.0,0.45,18.7,6.3,30.5,34.6,59.2,2026-08-17 07:30:19
7557,5,68.9,30.8,45.6,0.94,27.0,11.2,48.7,31.5,32.6,2026-08-17 07:38:19
7558,3,143.2,64.2,126.1,1.93,55.3,26.1,42.6,23.9,40.5,2026-08-17 07:46:19
7559,2,71.5,30.8,52.2,0.83,32.1,11.0,47.4,33.6,30.7,2026-08-17 07:54:19
7560,8,85.1,38.3,54.4,1.23,32.4,15.5,27.9,27.8,39.3,2026-08-17 08:02:19
7561,6,67.3,29.3,51.5,0.95,29.2,13.6,52.6,32.8,81.5,2026-08-17 08:10:19
7562,2,98.9,43.7,91.2,1.3,40.4,17.8,43.3,28.6,83.6,2026-08-17 08:18:19
7563,3,87.5,38.3,74.4,1.07,37.1,16.5,38.3,37.7,45.4,2026-08-17 08:26:19
7564,6,74.9,34.3,55.5,0.98,26.3,11.8,33.5,24.3,42.4,2026-08-17 08:34:19
7565,2,127.7,57.2,82.4,1.68,49.4,22.1,49.8,21.1,46.1,2026-08-17 08:42:19
7566,5,65.4,28.4,50.9,0.86,28.6,9.7,38.2,30.9,69.6,2026-08-17 08:50:19
7567,7,102.7,45.3,73.1,1.35,42.3,19.0,35.3,21.4,50.6,2026-08-17 08:58:19
7568,2,128.0,56.3,104.3,1.68,53.4,22.9,40.0,30.7,73.8,2026-08-17 09:06:19
7569,1,79.9,36.2,56.8,1.12,29.5,12.8,42.7,26.9,66.7,2026-08-17 09:14:19
7570,2,32.9,14.9,30.8,0.52,12.1,5.1,31.7,35.3,66.8,2026-08-17 09:22:19
7571,8,86.4,39.4,62.0,1.25,30.9,13.9,32.6,33.0,49.6,2026-08-17 09:30:19
7572,3,110.5,48.2,90.7,1.35,47.5,21.1,50.1,28.7,62.0,2026-08-17 09:38:19
7573,1,62.2,28.5,41.9,0.91,21.7,10.0,44.1,21.4,35.8,2026-08-17 09:46:19
7574,1,31.1,13.2,21.8,0.48,14.7,5.0,45.1,28.4,51.2,2026-08-17 09:54:19
7575,6,112.8,50.4,81.2,1.54,44.1,21.0,42.7,34.6,40.7,2026-08-17 10:02:19
7576,6,35.7,16.9,27.2,0.53,10.6,7.3,45.8,21.6,43.6,2026-08-17 10:10:19
7577,6,114.1,51.5,84.9,1.56,42.7,19.8,30.5,37.3,34.6,2026-08-17 10:18:19
7578,2,95.5,41.6,81.0,1.26,41.3,15.6,43.5,36.8,60.5,2026-08-17 10:26:19
7579,10,63.6,27.7,41.7,0.85,27.4,11.5,30.1,30.3,33.3,2026-08-17 10:34:19
7580,1,39.4,17.1,33.1,0.6,17.3,5.7,46.2,37.5,84.3,2026-08-17 10:42:19
7581,9,136.8,61.2,112.4,1.8,53.2,23.7,25.8,32.5,72.4,2026-08-17 10:50:19
7582,9,96.3,43.2,73.3,1.27,37.0,18.4,35.6,31.3,35.8,2026-08-17 10:58:19
7583,7,90.2,39.2,81.7,1.26,39.3,14.5,34.9,29.8,60.3,2026-08-17 11:06:19
7584,6,76.7,33.1,53.1,0.91,34.3,12.0,50.7,32.1,71.8,2026-08-17 11:14:19
7585,4,41.7,17.9,36.1,0.44,18.9,8.2,51.8,20.1,75.2,2026-08-17 11:22:19
7586,10,72.4,33.1,54.9,1.05,25.7,12.6,27.2,32.3,66.7,2026-08-17 11:30:19
7587,3,37.2,16.4,31.4,0.48,15.4,7.3,42.0,27.7,68.4,2026-08-17 11:38:19
7588,10,48.0,20.4,38.5,0.65,22.5,9.6,48.6,24.8,47.1,2026-08-17 11:46:19
7589,3,66.2,30.3,43.2,0.84,23.4,11.5,38.6,19.7,58.2,2026-08-17 11:54:19
7590,1,81.8,36.5,71.1,1.0,32.1,15.5,34.0,23.9,56.8,2026-08-17 12:02:19
7591,4,49.1,22.1,31.3,0.59,18.7,9.1,50.2,26.8,43.8,2026-08-17 12:10:19
7592,10,54.1,25.1,44.0,0.66,17.8,8.3,40.2,36.9,40.8,2026-08-17 12:18:19
7593,8,109.2,49.0,74.0,1.42,42.0,21.0,48.1,32.7,79.8,2026-08-17 12:26:19
7594,2,53.4,24.1,47.1,0.64,20.1,8.6,35.0,20.7,43.5,2026-08-17 12:34:19
7595,3,98.2,43.2,67.9,1.23,40.8,19.1,29.8,29.1,84.6,2026-08-17 12:42:19
7596,9,101.3,45.0,73.9,1.26,40.7,18.1,47.6,29.9,42.5,2026-08-17 12:50:19
7597,7,114.7,50.1,98.5,1.56,49.0,20.8,32.6,29.8,77.6,2026-08-17 12:58:19
7598,6,70.1,30.3,56.8,0.92,31.1,12.8,34.9,30.8,31.8,2026-08-17 13:06:19
7599,6,92.8,42.0,64.1,1.25,34.4,17.0,40.0,32.3,38.1,2026-08-17 13:14:19
7600,6,45.3,19.8,31.9,0.61,19.4,9.0,52.5,37.5,72.3,2026-08-17 13:22:19
7601,1,88.6,38.8,58.1,1.14,37.5,17.2,49.5,25.9,82.5,2026-08-17 13:30:19
7602,5,101.5,45.9,79.5,1.34,37.8,19.2,50.2,26.5,65.3,2026-08-17 13:38:19
7603,10,80.2,34.7,69.0,0.96,35.4,12.6,37.2,23.1,78.1,2026-08-17 13:46:19
7604,8,111.8,50.8,73.9,1.57,40.8,19.1,32.5,18.1,37.5,2026-08-17 13:54:19
7605,8,70.8,32.4,65.8,0.95,24.9,11.2,52.7,22.3,67.7,2026-08-17 14:02:19
7606,2,71.9,32.0,60.5,0.91,28.6,13.1,34.7,32.9,67.4,2026-08-17 14:10:19
7607,8,91.4,39.6,70.8,1.13,40.2,15.7,26.7,20.0,31.6,2026-08-17 14:18:19
7608,1,87.0,38.3,58.1,1.17,36.1,16.8,39.7,35.9,52.4,2026-08-17 14:26:19
7609,8,33.1,15.2,26.0,0.43,11.4,5.0,44.7,21.8,38.3,2026-08-17 14:34:19
7610,1,118.8,52.5,77.2,1.54,48.6,19.6,51.0,22.3,84.0,2026-08-17 14:42:19
7611,8,89.5,38.8,58.3,1.07,39.4,15.9,36.0,32.5,75.9,2026-08-17 14:50:19
7612,1,74.1,33.2,60.8,1.09,28.7,13.2,34.1,25.7,69.0,2026-08-17 14:58:19
7613,4,71.5,32.6,48.0,0.9,25.6,12.1,49.8,29.5,69.7,2026-08-17 15:06:19
7614,4,15.8,6.0,9.5,0.16,10.0,5.0,49.0,28.3,62.2,2026-08-17 15:14:19
7615,5,81.7,36.4,70.2,1.1,32.4,16.4,36.5,27.3,78.9,2026-08-17 15:22:19
7616,5,96.9,43.6,61.6,1.36,36.9,15.6,44.0,32.2,62.1,2026-08-17 15:30:19
7617,5,82.9,37.8,54.1,1.19,29.8,13.6,40.3,27.5,57.2,2026-08-17 15:38:19
7618,5,71.4,32.4,46.8,0.95,26.1,12.6,45.7,31.5,41.5,2026-08-17 15:46:19
7619,9,38.9,18.1,35.8,0.6,12.7,5.6,45.3,30.6,35.9,2026-08-17 15:54:19
7620,6,121.3,53.0,85.8,1.52,51.8,21.2,49.6,26.0,57.4,2026-08-17 16:02:19
7621,6,107.9,47.9,72.3,1.49,43.3,19.8,42.6,31.4,74.5,2026-08-17 16:10:19
7622,4,70.0,30.8,50.7,0.85,29.1,12.5,54.3,34.9,50.7,2026-08-17 16:18:19
7623,6,85.6,37.4,74.7,1.19,36.5,13.2,38.1,21.3,46.1,2026-08-17 16:26:19
7624,6,53.3,22.6,42.2,0.76,25.2,9.2,28.1,35.8,62.3,2026-08-17 16:34:19
7625,7,97.5,42.7,68.6,1.34,41.2,19.0,51.9,36.3,58.3,2026-08-17 16:42:19
7626,3,66.6,29.9,45.5,0.89,25.6,13.2,49.2,32.2,62.1,2026-08-17 16:50:19
7627,2,73.3,31.6,54.8,1.03,32.9,11.7,48.4,30.2,43.6,2026-08-17 16:58:19
7628,2,40.8,19.1,35.8,0.65,12.9,5.9,49.1,27.7,69.6,2026-08-17 17:06:19
7629,7,53.1,22.9,41.7,0.66,23.8,9.2,47.5,21.2,42.4,2026-08-17 17:14:19
7630,1,135.8,59.3,122.0,1.77,58.1,23.1,37.4,20.1,51.7,2026-08-17 17:22:19
7631,6,112.0,49.3,69.9,1.46,46.6,21.3,53.5,28.4,73.1,2026-08-17 17:30:19
7632,10,68.1,29.3,52.3,0.88,30.7,10.2,45.4,31.9,46.4,2026-08-17 17:38:19
7633,5,92.8,40.5,82.4,1.28,39.7,16.2,49.0,23.5,51.3,2026-08-17 17:46:19
7634,10,71.1,32.5,52.4,0.9,25.2,14.3,46.2,28.2,80.2,2026-08-17 17:54:19
7635,4,41.5,17.8,33.8,0.44,19.0,5.8,46.7,35.4,35.1,2026-08-17 18:02:19
7636,8,76.1,33.9,66.0,1.07,30.2,14.6,40.4,18.8,44.2,2026-08-17 18:10:19
7637,3,98.4,42.7,89.5,1.25,43.0,16.2,44.2,35.9,70.4,2026-08-17 18:18:19
7638,4,151.3,66.5,113.3,1.9,63.3,26.6,29.9,36.8,59.8,2026-08-17 18:26:19
7639,7,171.6,75.2,140.3,2.22,72.5,30.4,51.0,30.0,42.3,2026-08-17 18:34:19
7640,7,98.4,44.5,70.1,1.29,36.5,19.3,54.6,20.4,76.1,2026-08-17 18:42:19
7641,6,65.5,28.5,40.1,0.83,28.3,11.5,39.8,24.8,79.1,2026-08-17 18:50:19
7642,9,136.6,60.7,116.0,1.86,54.7,25.4,26.9,23.6,63.0,2026-08-17 18:58:19
7643,2,68.1,29.8,44.7,0.9,28.9,13.5,26.1,38.0,37.5,2026-08-17 19:06:19
7644,6,120.3,52.4,73.7,1.65,52.0,19.9,46.1,36.2,51.3,2026-08-17 19:14:19
7645,3,101.0,43.9,79.7,1.22,43.9,17.8,32.4,27.6,37.8,2026-08-17 19:22:19
7646,4,49.8,22.1,31.4,0.71,20.1,8.2,27.7,28.5,75.8,2026-08-17 19:30:19
7647,3,56.9,24.6,49.5,0.71,25.3,9.0,43.7,34.0,55.1,2026-08-17 19:38:19
7648,1,168.2,74.4,135.4,2.33,68.5,28.2,26.9,31.7,42.8,2026-08-17 19:46:19
7649,10,57.3,25.1,52.7,0.68,24.2,10.6,28.9,19.3,57.0,2026-08-17 19:54:19
7650,3,73.4,32.2,46.3,0.99,30.8,13.1,45.7,34.6,80.2,2026-08-17 20:02:19
7651,3,85.3,38.9,69.8,1.1,30.6,13.6,46.4,25.6,50.8,2026-08-17 20:10:19
7652,5,46.5,20.5,39.9,0.7,19.3,6.6,43.4,22.0,59.6,2026-08-17 20:18:19
7653,2,135.2,61.2,107.4,1.75,50.1,25.6,27.1,31.7,40.0,2026-08-17 20:26:19
7654,6,98.6,43.6,62.9,1.3,40.3,16.3,31.4,25.9,62.8,2026-08-17 20:34:19
7655,4,69.4,31.8,55.0,0.88,24.3,10.8,42.6,20.4,74.4,2026-08-17 20:42:19
7656,5,70.9,32.3,61.2,0.94,25.6,14.9,42.3,34.5,65.4,2026-08-17 20:50:19
7657,6,109.8,48.3,86.7,1.52,45.8,20.7,52.1,36.3,62.0,2026-08-17 20:58:19
7658,10,84.8,38.5,62.0,1.08,30.9,17.1,31.2,32.6,49.1,2026-08-17 21:06:19
7659,5,78.5,34.5,66.5,1.03,32.9,15.7,46.3,19.0,56.6,2026-08-17 21:14:19
7660,10,75.4,34.4,71.5,1.13,26.9,13.1,28.0,32.1,39.8,2026-08-17 21:22:19
7661,3,69.8,31.0,57.7,0.84,27.9,10.7,30.7,22.3,59.5,2026-08-17 21:30:19
7662,7,124.0,54.0,96.8,1.6,53.6,20.2,25.1,24.8,58.7,2026-08-17 21:38:19
7663,4,60.3,27.7,43.9,0.8,20.9,12.4,47.0,33.4,65.0,2026-08-17 21:46:19
7664,4,84.5,36.9,72.0,1.03,36.2,13.1,52.7,31.8,67.0,2026-08-17 21:54:19
7665,9,133.9,59.1,110.8,1.85,55.0,22.6,25.2,34.3,83.9,2026-08-17 22:02:19
7666,7,15.0,5.0,8.1,0.22,10.0,5.0,50.6,18.2,50.1,2026-08-17 22:10:19
7667,9,84.5,37.3,77.6,1.2,34.7,15.4,29.9,21.5,41.8,2026-08-17 22:18:19
7668,1,118.1,53.6,78.9,1.7,43.3,19.5,34.9,23.8,33.9,2026-08-17 22:26:19
7669,2,34.4,15.4,29.0,0.38,13.4,5.9,53.3,31.9,59.1,2026-08-17 22:34:19
7670,3,95.4,43.1,87.2,1.2,35.7,18.0,50.2,32.3,58.8,2026-08-17 22:42:19
7671,5,21.9,9.1,13.3,0.28,11.1,5.0,45.6,21.3,42.8,2026-08-17 22:50:19
7672,2,86.0,38.5,74.0,1.14,33.4,14.3,25.8,18.8,69.5,2026-08-17 22:58:19
7673,1,86.8,37.6,59.0,1.17,38.2,16.8,51.0,32.1,32.2,2026-08-17 23:06:19
7674,1,80.8,35.7,54.7,1.12,33.1,14.9,41.3,19.8,73.3,2026-08-17 23:14:19
7675,5,60.1,26.6,51.1,0.85,24.5,9.1,33.9,25.6,56.5,2026-08-17 23:22:19
7676,9,114.6,50.9,87.9,1.62,46.0,19.2,47.1,22.4,37.9,2026-08-17 23:30:19
7677,9,75.0,33.0,48.4,1.04,31.3,11.6,46.6,30.4,65.4,2026-08-17 23:38:19
7678,5,100.9,44.5,91.7,1.37,41.5,18.0,33.0,32.4,63.8,2026-08-17 23:46:19
7679,2,91.0,39.6,68.3,1.19,39.5,17.2,34.0,29.1,42.1,2026-08-17 23:54:19
7680,10,115.8,51.8,85.3,1.6,45.1,20.5,46.0,25.7,74.7,2026-08-18 00:02:19
7681,1,80.0,35.2,66.0,0.98,33.3,14.9,46.4,18.3,54.5,2026-08-18 00:10:19
7682,10,65.8,30.0,60.0,0.88,23.5,10.6,41.7,28.4,75.5,2026-08-18 00:18:19
7683,9,48.8,22.5,37.4,0.69,16.5,10.4,45.6,21.9,31.3,2026-08-18 00:26:19
7684,2,43.6,19.3,36.6,0.54,17.8,6.4,40.6,24.8,84.9,2026-08-18 00:34:19
7685,9,44.1,18.8,29.5,0.57,20.6,7.6,42.5,37.8,48.8,2026-08-18 00:42:19
7686,9,15.0,5.0,7.4,0.25,10.0,5.0,44.5,23.0,49.0,2026-08-18 00:50:19
7687,10,105.3,47.3,87.7,1.49,40.4,18.7,45.7,25.2,35.3,2026-08-18 00:58:19
7688,3,63.4,28.2,46.2,0.8,25.2,13.2,39.4,23.3,42.7,2026-08-18 01:06:19
7689,6,62.0,28.2,45.3,0.85,22.5,13.2,43.8,26.5,74.0,2026-08-18 01:14:19
7690,10,38.3,16.1,22.8,0.55,18.7,7.5,25.2,33.7,52.6,2026-08-18 01:22:19
7691,3,107.9,46.9,82.2,1.44,46.9,17.3,51.7,27.1,55.5,2026-08-18 01:30:19
7692,10,83.0,35.9,71.2,1.05,36.7,13.7,46.0,31.6,84.6,2026-08-18 01:38:19
7693,1,126.3,56.1,102.4,1.6,50.6,24.0,37.8,18.7,38.8,2026-08-18 01:46:19
7694,1,79.9,34.5,61.2,0.98,35.6,11.9,46.0,28.6,45.0,2026-08-18 01:54:19
7695,1,126.0,55.1,80.5,1.57,53.6,21.3,43.0,22.2,32.9,2026-08-18 02:02:19
7696,5,81.8,35.4,54.5,1.02,36.2,13.8,42.8,32.2,66.1,2026-08-18 02:10:19
7697,7,90.5,40.9,71.3,1.15,33.7,17.4,29.4,31.4,48.9,2026-08-18 02:18:19
7698,7,72.2,31.6,50.9,1.01,30.7,12.1,49.5,26.6,76.4,2026-08-18 02:26:19
7699,1,81.8,36.8,57.1,1.16,31.2,13.6,50.0,22.4,58.7,2026-08-18 02:34:19
7700,3,53.2,24.5,48.4,0.82,18.2,8.2,26.1,20.7,84.8,2026-08-18 02:42:19
7701,6,119.2,52.5,109.8,1.55,49.4,19.6,34.1,37.8,50.6,2026-08-18 02:50:19
7702,6,108.1,47.2,86.4,1.34,46.3,17.8,48.4,33.9,35.3,2026-08-18 02:58:19
7703,10,120.7,53.6,111.7,1.68,48.5,22.1,32.7,23.2,53.7,2026-08-18 03:06:19
7704,3,83.3,36.1,56.4,1.08,36.6,13.8,47.4,20.7,50.3,2026-08-18 03:14:19
7705,9,65.3,28.9,46.1,0.83,26.5,10.3,47.2,37.7,81.0,2026-08-18 03:22:19
7706,10,113.6,50.5,94.6,1.52,45.4,21.1,36.1,36.2,80.9,2026-08-18 03:30:19
7707,4,57.6,26.1,53.3,0.75,21.3,10.7,33.0,23.1,71.7,2026-08-18 03:38:19
7708,7,90.2,40.3,82.1,1.28,35.4,17.4,49.8,32.2,61.6,2026-08-18 03:46:19
7709,1,87.8,38.8,81.4,1.07,35.9,14.5,43.9,36.6,75.5,2026-08-18 03:54:19
7710,8,110.0,49.3,78.6,1.54,42.6,20.4,37.6,36.4,54.4,2026-08-18 04:02:19
7711,8,24.3,10.7,16.8,0.25,10.0,6.1,31.0,28.9,42.2,2026-08-18 04:10:19
7712,2,82.1,37.3,54.7,1.11,30.0,16.5,48.2,37.5,54.2,2026-08-18 04:18:19
7713,3,88.0,39.6,73.0,1.14,33.4,16.0,40.0,23.6,54.6,2026-08-18 04:26:19
7714,7,145.6,63.6,112.3,1.91,62.2,25.0,47.3,27.1,62.6,2026-08-18 04:34:19
7715,3,70.0,31.7,66.0,0.97,25.8,13.6,42.8,28.6,59.2,2026-08-18 04:42:19
7716,10,55.4,24.6,38.7,0.79,22.3,11.6,25.9,28.2,63.4,2026-08-18 04:50:19
7717,6,129.5,58.0,98.5,1.66,50.2,24.9,31.0,22.7,44.2,2026-08-18 04:58:19
7718,7,66.5,30.5,62.3,0.86,23.3,11.8,51.6,33.0,42.2,2026-08-18 05:06:19
7719,1,46.2,21.5,41.4,0.71,15.0,9.6,41.5,37.5,71.2,2026-08-18 05:14:19
7720,9,80.8,35.1,54.9,1.12,35.2,15.1,47.3,19.3,52.6,2026-08-18 05:22:19
7721,9,72.0,32.5,49.2,0.93,26.9,12.9,35.9,24.5,40.2,2026-08-18 05:30:19
7722,8,88.4,38.9,76.9,1.15,36.7,14.1,29.6,28.6,61.8,2026-08-18 05:38:19
7723,5,41.6,17.7,34.5,0.54,19.4,7.5,30.3,28.1,42.8,2026-08-18 05:46:19
7724,8,46.2,19.7,40.8,0.53,21.5,6.4,37.1,30.8,55.1,2026-08-18 05:54:19
7725,4,21.7,9.3,14.9,0.35,10.0,5.0,37.7,36.5,47.2,2026-08-18 06:02:19
7726,8,81.8,36.9,74.2,1.02,30.8,13.1,53.7,31.0,65.4,2026-08-18 06:10:19
7727,7,35.8,15.8,28.7,0.44,14.7,5.0,38.1,18.6,69.1,2026-08-18 06:18:19
7728,4,102.9,46.0,73.2,1.48,40.2,19.4,40.1,22.8,30.4,2026-08-18 06:26:19
7729,8,83.9,38.3,78.0,1.11,30.0,14.3,47.3,21.6,47.7,2026-08-18 06:34:19
7730,4,92.4,40.4,79.0,1.16,39.4,17.2,35.4,21.6,71.6,2026-08-18 06:42:19
7731,1,112.4,48.9,80.5,1.49,48.7,20.3,30.6,26.7,65.7,2026-08-18 06:50:19
7732,8,88.9,38.7,68.3,1.06,38.5,14.8,37.9,21.6,74.7,2026-08-18 06:58:19
7733,9,48.9,22.1,38.4,0.7,18.2,8.8,30.1,22.7,84.5,2026-08-18 07:06:19
7734,3,52.2,22.6,32.9,0.74,23.1,8.2,52.3,19.6,77.9,2026-08-18 07:14:19
7735,10,106.4,48.3,83.0,1.49,39.0,18.1,45.3,29.1,78.5,2026-08-18 07:22:19
7736,9,136.8,60.7,122.8,1.74,55.0,22.9,26.8,34.1,79.9,2026-08-18 07:30:19
7737,2,92.6,40.3,57.1,1.18,40.2,16.3,34.1,27.2,32.4,2026-08-18 07:38:19
7738,6,70.4,32.3,56.5,1.03,24.5,12.6,36.2,20.1,74.8,2026-08-18 07:46:19
7739,7,138.1,61.2,92.3,1.88,55.9,24.6,41.0,30.9,56.5,2026-08-18 07:54:19
7740,5,67.8,30.6,52.8,1.01,25.5,11.7,40.4,37.2,69.0,2026-08-18 08:02:19
7741,10,34.8,16.1,28.3,0.58,11.6,7.9,27.2,27.1,34.1,2026-08-18 08:10:19
7742,8,77.0,34.4,50.5,0.98,30.1,11.8,43.1,21.5,40.5,2026-08-18 08:18:19
7743,10,118.4,51.8,92.7,1.55,50.3,21.7,34.1,33.5,84.8,2026-08-18 08:26:19
7744,4,164.2,73.2,105.6,2.12,64.8,29.0,53.8,29.6,83.7,2026-08-18 08:34:19
7745,7,94.8,41.5,58.4,1.34,40.2,15.4,28.1,36.9,70.1,2026-08-18 08:42:19
7746,3,118.0,52.9,98.4,1.64,45.5,20.9,45.2,22.9,66.6,2026-08-18 08:50:19
7747,10,92.2,40.7,64.8,1.13,37.8,15.2,49.7,22.5,30.8,2026-08-18 08:58:19
7748,8,63.5,27.8,40.6,0.9,27.0,13.1,37.1,31.5,83.6,2026-08-18 09:06:19
7749,4,92.6,40.2,82.5,1.26,40.5,16.9,28.9,22.8,62.0,2026-08-18 09:14:19
7750,5,136.1,60.0,86.7,1.71,56.1,23.4,48.7,27.8,49.3,2026-08-18 09:22:19
7751,4,153.3,67.6,108.4,2.04,63.3,27.4,37.7,22.6,33.0,2026-08-18 09:30:19
7752,4,16.5,6.4,10.6,0.1,10.0,5.0,45.3,19.9,32.5,2026-08-18 09:38:19
7753,10,87.5,39.5,70.0,1.23,32.8,15.3,53.6,26.8,66.5,2026-08-18 09:46:19
7754,8,68.2,30.1,48.4,1.0,28.1,12.8,38.8,21.1,43.2,2026-08-18 09:54:19
7755,1,70.9,31.9,47.2,0.94,26.9,13.6,46.8,23.1,44.1,2026-08-18 10:02:19
7756,5,61.4,26.3,46.0,0.83,28.1,9.6,49.2,23.7,59.0,2026-08-18 10:10:19
7757,9,69.1,30.1,57.6,0.89,29.8,13.9,33.5,36.8,79.7,2026-08-18 10:18:19
7758,6,65.8,28.2,39.7,0.92,30.1,10.0,43.4,26.0,41.6,2026-08-18 10:26:19
7759,8,139.0,61.6,103.8,1.8,56.3,24.7,47.1,34.8,68.1,2026-08-18 10:34:19
7760,9,55.9,24.1,47.4,0.78,25.1,8.1,36.8,21.5,84.8,2026-08-18 10:42:19
7761,6,176.2,78.8,117.2,2.42,68.7,33.1,44.6,26.1,82.5,2026-08-18 10:50:19
7762,6,146.2,64.2,96.3,1.86,61.2,26.1,28.7,24.6,42.2,2026-08-18 10:58:19
7763,10,75.8,34.5,60.7,0.97,27.4,13.0,39.6,28.0,65.1,2026-08-18 11:06:19
7764,3,50.8,23.2,36.0,0.76,18.1,9.7,30.7,32.0,43.3,2026-08-18 11:14:19
7765,4,74.4,33.9,70.1,1.09,26.7,15.2,51.2,29.7,79.6,2026-08-18 11:22:19
7766,10,95.1,43.1,83.9,1.34,35.1,18.4,32.3,22.4,60.6,2026-08-18 11:30:19
7767,3,92.0,40.0,78.3,1.25,40.1,15.7,29.1,36.0,77.1,2026-08-18 11:38:19
7768,3,113.2,50.3,86.0,1.51,45.4,21.3,50.0,23.0,63.5,2026-08-18 11:46:19
7769,5,124.4,56.4,88.1,1.72,45.8,22.4,37.9,19.1,44.6,2026-08-18 11:54:19
7770,9,94.2,42.4,80.6,1.31,35.8,15.8,44.0,26.6,50.8,2026-08-18 12:02:19
7771,7,83.6,36.1,71.4,1.04,37.3,12.5,39.4,37.7,32.4,2026-08-18 12:10:19
7772,2,87.0,39.0,58.0,1.2,33.6,16.3,31.6,19.0,69.9,2026-08-18 12:18:19
7773,3,93.7,41.1,86.0,1.19,39.4,18.3,47.9,25.6,47.0,2026-08-18 12:26:19
7774,10,102.5,45.9,82.4,1.39,39.7,19.0,37.5,27.5,34.5,2026-08-18 12:34:19
7775,1,110.6,48.7,88.0,1.55,45.9,19.1,36.4,27.7,44.2,2026-08-18 12:42:19
7776,4,35.9,16.6,24.2,0.6,12.1,5.0,51.9,31.2,32.0,2026-08-18 12:50:19
7777,3,95.5,42.5,73.3,1.26,38.1,16.5,32.2,35.6,59.0,2026-08-18 12:58:19
7778,2,15.0,5.0,7.4,0.15,10.0,5.0,31.7,32.5,70.8,2026-08-18 13:06:19
7779,9,82.9,37.8,60.9,1.06,29.8,13.1,34.3,32.2,70.0,2026-08-18 13:14:19
7780,5,63.4,27.6,53.2,0.88,27.4,9.8,41.7,20.0,33.1,2026-08-18 13:22:19
7781,1,116.8,51.8,89.8,1.63,47.2,20.9,39.8,18.5,56.4,2026-08-18 13:30:19
7782,2,97.1,43.8,87.5,1.26,36.6,16.6,26.9,28.0,46.0,2026-08-18 13:38:19
7783,9,86.3,37.9,55.9,1.13,36.1,14.2,33.1,33.0,59.3,2026-08-18 13:46:19
7784,6,104.6,46.6,85.9,1.48,41.5,20.4,27.6,35.2,64.2,2026-08-18 13:54:19
7785,8,72.2,31.9,49.4,0.96,29.5,14.2,52.1,23.8,82.1,2026-08-18 14:02:19
7786,7,40.1,17.8,29.0,0.45,16.1,8.9,53.6,29.4,74.9,2026-08-18 14:10:19
7787,4,75.7,34.3,54.4,0.98,27.9,15.4,32.7,37.4,77.7,2026-08-18 14:18:19
7788,1,63.9,27.4,46.3,0.73,29.2,12.8,35.7,32.4,70.9,2026-08-18 14:26:19
7789,3,47.8,22.0,41.0,0.7,16.4,7.5,33.3,35.7,75.0,2026-08-18 14:34:19
7790,5,100.0,44.9,70.6,1.37,38.3,16.9,29.6,28.7,57.6,2026-08-18 14:42:19
7791,1,35.2,14.8,26.9,0.41,17.2,5.8,48.7,30.3,82.1,2026-08-18 14:50:19
7792,10,39.2,17.1,25.6,0.59,16.8,5.5,30.7,36.5,51.2,2026-08-18 14:58:19
7793,2,97.0,43.1,89.4,1.35,38.8,15.9,40.2,22.7,78.0,2026-08-18 15:06:19
7794,1,88.2,40.0,83.0,1.24,32.3,15.1,44.6,32.4,79.9,2026-08-18 15:14:19
7795,3,97.3,42.4,59.5,1.23,41.9,17.4,42.2,28.7,69.5,2026-08-18 15:22:19
7796,6,75.1,32.9,67.8,0.92,31.8,12.0,25.6,36.4,54.3,2026-08-18 15:30:19
7797,3,25.3,11.3,20.8,0.36,10.0,5.1,51.3,24.3,40.3,2026-08-18 15:38:19
7798,7,80.4,35.3,53.3,1.01,33.8,12.1,51.2,28.1,56.7,2026-08-18 15:46:19
7799,6,108.4,47.3,79.6,1.39,46.5,20.4,40.6,24.1,59.6,2026-08-18 15:54:19
7800,4,81.8,37.3,76.2,1.13,29.4,14.5,48.9,35.9,33.5,2026-08-18 16:02:19
7801,4,88.1,38.3,75.6,1.15,38.3,16.7,35.8,21.6,66.0,2026-08-18 16:10:19
7802,3,81.4,37.1,60.9,1.21,29.3,13.2,29.0,34.8,66.0,2026-08-18 16:18:19
7803,4,25.0,10.8,17.2,0.31,11.2,5.5,45.2,37.6,32.1,2026-08-18 16:26:19
7804,6,35.5,16.7,28.2,0.41,10.8,8.5,48.5,18.3,83.0,2026-08-18 16:34:19
7805,2,31.5,13.5,23.1,0.38,14.4,5.9,46.7,36.7,54.0,2026-08-18 16:42:19
7806,10,84.9,37.6,56.2,1.07,34.5,13.6,48.2,31.4,42.7,2026-08-18 16:50:19
7807,9,65.5,29.9,57.7,0.82,23.4,13.3,50.4,34.6,37.8,2026-08-18 16:58:19
7808,7,119.5,53.4,77.6,1.62,46.8,23.1,39.1,31.9,76.0,2026-08-18 17:06:19
7809,1,139.1,62.7,116.6,1.83,52.5,25.9,35.8,21.6,61.2,2026-08-18 17:14:19
7810,10,15.0,5.0,10.1,0.1,10.0,5.0,50.1,35.6,79.4,2026-08-18 17:22:19
7811,1,93.0,42.4,62.4,1.25,33.4,15.8,49.0,19.1,57.8,2026-08-18 17:30:19
7812,6,55.5,23.7,37.2,0.68,25.7,10.7,52.7,25.4,74.9,2026-08-18 17:38:19
7813,4,82.9,36.9,58.4,1.04,32.9,14.8,26.6,33.9,80.9,2026-08-18 17:46:19
7814,9,80.0,34.7,65.5,0.96,35.1,13.2,49.3,36.0,49.0,2026-08-18 17:54:19
7815,5,48.9,21.7,32.5,0.73,19.7,8.8,25.3,19.5,31.3,2026-08-18 18:02:19
7816,7,74.3,33.4,63.3,0.97,28.3,12.5,41.7,35.4,31.0,2026-08-18 18:10:19
7817,1,107.1,48.0,72.1,1.42,41.4,21.1,40.4,23.5,65.6,2026-08-18 18:18:19
7818,4,91.3,40.3,68.5,1.21,37.5,16.4,27.1,18.7,42.7,2026-08-18 18:26:19
7819,5,69.3,30.2,63.2,0.95,29.9,10.6,30.7,29.0,49.4,2026-08-18 18:34:19
7820,6,32.4,15.2,24.0,0.41,10.0,7.0,29.8,35.3,74.9,2026-08-18 18:42:19
7821,1,91.3,40.3,74.0,1.13,37.5,14.3,32.9,26.6,38.2,2026-08-18 18:50:19
7822,8,79.2,36.3,53.6,1.03,27.7,15.8,39.8,26.7,58.3,2026-08-18 18:58:19
7823,3,106.9,46.9,93.4,1.41,44.9,20.5,50.4,29.4,74.9,2026-08-18 19:06:19
7824,4,15.0,5.0,8.9,0.11,10.0,5.0,29.3,23.9,33.7,2026-08-18 19:14:19
7825,8,56.1,24.7,38.3,0.72,23.3,9.2,46.1,19.2,63.3,2026-08-18 19:22:19
7826,6,67.3,30.2,63.0,0.95,25.8,11.9,41.4,37.7,84.6,2026-08-18 19:30:19
7827,2,46.6,21.2,44.3,0.54,16.8,10.4,32.4,23.6,51.8,2026-08-18 19:38:19
7828,7,114.8,50.9,92.6,1.61,46.3,19.1,38.0,20.2,45.0,2026-08-18 19:46:19
7829,9,27.8,11.9,21.1,0.42,12.8,6.7,54.8,31.0,56.1,2026-08-18 19:54:19
7830,5,120.3,52.5,109.3,1.55,51.7,22.0,38.2,20.8,52.6,2026-08-18 20:02:19
7831,1,69.4,31.0,58.0,0.91,27.2,13.4,31.1,30.1,67.9,2026-08-18 20:10:19
7832,4,105.3,47.5,71.7,1.43,39.7,17.4,35.2,31.6,59.0,2026-08-18 20:18:19
7833,5,77.5,35.3,68.8,1.07,27.9,15.4,52.2,37.1,68.9,2026-08-18 20:26:19
7834,4,75.4,34.6,70.0,1.1,26.3,14.8,46.3,31.0,78.3,2026-08-18 20:34:19
7835,2,81.3,35.9,53.9,1.0,33.4,16.0,29.0,27.8,53.5,2026-08-18 20:42:19
7836,2,15.0,5.0,10.3,0.25,10.0,5.0,45.6,36.4,80.3,2026-08-18 20:50:19
7837,5,15.0,5.0,9.7,0.14,10.0,5.0,44.7,33.6,81.6,2026-08-18 20:58:19
7838,1,119.1,52.2,90.4,1.47,50.2,20.5,40.8,18.2,50.7,2026-08-18 21:06:19
7839,2,28.5,12.6,20.0,0.43,11.7,5.0,30.2,32.4,78.2,2026-08-18 21:14:19
7840,10,115.5,51.4,90.1,1.56,45.9,19.9,34.0,32.5,65.1,2026-08-18 21:22:19
7841,3,76.3,34.1,70.2,0.94,29.9,14.7,41.2,18.4,77.0,2026-08-18 21:30:19
7842,6,83.1,36.4,51.0,1.07,35.2,16.5,35.0,26.5,71.4,2026-08-18 21:38:19
7843,8,33.7,14.2,26.6,0.33,16.2,7.5,26.6,35.3,43.4,2026-08-18 21:46:19
7844,7,57.5,24.7,45.9,0.75,26.1,9.7,38.6,29.5,53.0,2026-08-18 21:54:19
7845,5,82.6,35.9,61.1,1.11,36.0,13.2,46.6,21.7,45.1,2026-08-18 22:02:19
7846,6,54.1,24.8,51.0,0.76,19.0,9.7,43.4,18.8,80.7,2026-08-18 22:10:19
7847,6,84.7,38.2,61.2,1.06,31.8,15.8,38.3,29.6,30.2,2026-08-18 22:18:19
7848,1,42.3,19.4,31.2,0.52,14.7,9.7,50.9,20.1,33.8,2026-08-18 22:26:19
7849,7,121.2,54.5,93.2,1.63,46.1,21.5,39.2,21.2,81.0,2026-08-18 22:34:19
7850,6,31.0,14.1,21.4,0.5,11.2,6.5,39.3,31.9,72.1,2026-08-18 22:42:19
7851,2,31.8,14.2,29.2,0.45,12.4,5.0,54.6,18.2,66.0,2026-08-18 22:50:19
7852,3,79.4,34.5,52.9,1.08,34.6,13.9,32.2,31.0,42.0,2026-08-18 22:58:19
7853,1,83.6,36.6,62.3,1.07,35.5,15.3,31.0,20.1,62.0,2026-08-18 23:06:19
7854,8,44.4,18.7,28.7,0.47,21.4,8.3,33.6,19.2,59.4,2026-08-18 23:14:19
7855,9,134.5,58.9,88.0,1.72,57.0,23.5,27.9,35.5,42.9,2026-08-18 23:22:19
7856,6,79.2,34.1,69.4,0.99,35.6,13.2,47.9,34.9,74.2,2026-08-18 23:30:19
7857,1,82.7,36.3,69.0,1.15,34.8,13.9,54.2,22.2,39.8,2026-08-18 23:38:19
7858,7,120.1,53.3,83.7,1.68,48.3,22.8,49.4,34.4,80.8,2026-08-18 23:46:19
7859,2,77.2,34.0,59.3,0.99,32.0,13.0,26.1,37.8,68.4,2026-08-18 23:54:19
7860,3,78.7,35.5,56.4,0.97,29.6,12.6,31.9,19.9,48.4,2026-08-19 00:02:19
7861,3,125.1,55.9,83.4,1.62,48.9,22.0,40.5,24.9,54.2,2026-08-19 00:10:19
7862,5,119.4,53.3,104.6,1.63,46.9,20.1,44.7,28.4,32.4,2026-08-19 00:18:19
7863,8,111.6,49.6,78.1,1.45,44.6,20.3,27.9,31.6,44.0,2026-08-19 00:26:19
7864,5,98.6,43.8,74.4,1.26,39.6,19.5,44.2,20.7,76.0,2026-08-19 00:34:19
7865,1,91.6,39.7,62.5,1.13,40.2,16.3,39.7,32.2,55.4,2026-08-19 00:42:19
7866,2,79.7,34.6,70.5,1.13,34.8,13.1,38.8,21.8,80.7,2026-08-19 00:50:19
7867,3,68.3,31.1,63.2,1.02,24.7,11.5,51.6,19.8,78.6,2026-08-19 00:58:19
7868,4,33.1,15.3,26.9,0.38,11.1,6.8,35.6,26.1,31.0,2026-08-19 01:06:19
7869,7,80.5,36.6,72.0,1.18,29.3,16.4,47.7,38.0,81.5,2026-08-19 01:14:19
7870,9,55.7,23.8,44.4,0.77,25.7,10.6,34.1,32.1,44.7,2026-08-19 01:22:19
7871,6,29.1,13.4,24.4,0.38,10.0,5.0,31.4,26.4,48.3,2026-08-19 01:30:19
7872,2,46.6,21.6,38.5,0.69,15.4,7.8,26.5,31.2,53.5,2026-08-19 01:38:19
7873,7,23.4,10.2,18.0,0.28,10.0,5.0,27.9,19.9,49.7,2026-08-19 01:46:19
7874,5,96.0,42.5,64.4,1.27,39.0,17.7,45.4,31.6,31.7,2026-08-19 01:54:19
7875,10,46.2,20.3,35.1,0.64,19.4,9.3,41.7,22.6,75.8,2026-08-19 02:02:19
7876,8,15.0,5.0,9.5,0.1,10.0,5.0,53.2,34.0,68.8,2026-08-19 02:10:19
7877,4,54.8,23.9,34.6,0.8,23.5,11.2,35.8,28.4,81.9,2026-08-19 02:18:19
7878,10,93.5,42.2,88.4,1.3,35.0,15.9,34.3,27.5,63.4,2026-08-19 02:26:19
7879,8,94.4,40.9,70.9,1.25,41.6,18.1,30.3,22.3,53.4,2026-08-19 02:34:19
7880,5,62.5,28.4,56.9,0.93,22.7,9.4,49.9,26.8,77.9,2026-08-19 02:42:19
7881,2,87.0,37.9,65.9,1.05,37.5,15.4,44.4,34.3,62.7,2026-08-19 02:50:19
7882,7,44.2,19.6,35.3,0.59,17.9,6.6,41.8,37.0,30.7,2026-08-19 02:58:19
7883,4,98.4,43.5,87.9,1.33,40.3,19.4,29.2,21.5,31.0,2026-08-19 03:06:19
7884,1,96.1,42.2,84.6,1.27,40.2,15.4,41.0,18.3,74.0,2026-08-19 03:14:19
7885,1,35.5,15.9,23.2,0.51,13.7,5.7,36.7,18.4,47.3,2026-08-19 03:22:19
7886,3,90.9,40.3,78.9,1.2,36.8,14.5,44.5,35.3,78.8,2026-08-19 03:30:19
7887,10,79.6,36.2,66.0,1.08,28.8,13.2,31.6,18.2,59.0,2026-08-19 03:38:19
7888,6,107.7,46.9,95.8,1.4,46.6,20.3,29.0,29.1,78.0,2026-08-19 03:46:19
7889,2,108.7,48.6,96.5,1.38,42.4,19.3,33.7,26.4,47.6,2026-08-19 03:54:19
7890,7,143.2,63.7,129.2,1.99,57.0,26.1,31.8,28.7,35.7,2026-08-19 04:02:19
7891,8,29.3,13.5,27.7,0.33,10.0,5.2,33.7,28.5,62.8,2026-08-19 04:10:19
7892,1,84.8,36.8,74.4,1.09,37.1,16.3,29.4,33.9,48.9,2026-08-19 04:18:19
7893,10,111.4,49.4,73.7,1.43,45.0,20.2,36.3,21.3,49.9,2026-08-19 04:26:19
7894,9,57.9,25.5,36.0,0.73,24.0,10.7,48.5,34.3,36.3,2026-08-19 04:34:19
7895,9,107.6,47.7,95.8,1.52,43.5,19.6,33.5,29.7,81.0,2026-08-19 04:42:19
7896,8,55.6,25.0,47.6,0.83,21.2,10.8,25.8,29.9,46.6,2026-08-19 04:50:19
7897,10,79.7,35.5,63.0,1.04,31.5,13.6,45.3,24.8,52.5,2026-08-19 04:58:19
7898,4,58.2,25.3,47.2,0.76,25.4,10.4,35.1,25.5,71.7,2026-08-19 05:06:19
7899,9,69.9,31.7,58.0,0.92,25.6,12.7,29.6,24.9,38.3,2026-08-19 05:14:19
7900,7,32.5,14.7,25.3,0.45,12.0,6.4,28.8,27.2,32.1,2026-08-19 05:22:19
7901,9,83.5,36.1,56.5,1.1,37.1,15.2,26.2,34.0,44.8,2026-08-19 05:30:19
7902,2,93.6,42.0,72.2,1.27,35.9,16.2,41.9,26.8,60.5,2026-08-19 05:38:19
7903,3,62.4,28.4,41.3,0.93,22.6,10.1,39.0,36.5,33.7,2026-08-19 05:46:19
7904,5,88.0,39.0,68.7,1.26,35.5,16.6,36.0,25.8,62.1,2026-08-19 05:54:19
7905,10,95.6,43.3,62.8,1.34,35.3,18.1,34.6,36.9,76.4,2026-08-19 06:02:19
7906,10,89.7,40.6,70.6,1.3,33.2,16.7,48.6,22.2,81.8,2026-08-19 06:10:19
7907,8,22.8,9.8,14.7,0.26,10.4,5.0,42.7,31.5,35.9,2026-08-19 06:18:19
7908,6,58.2,26.1,44.8,0.83,22.5,10.1,31.0,20.8,64.3,2026-08-19 06:26:19
7909,4,42.5,19.7,39.8,0.5,14.0,7.3,53.1,30.3,31.0,2026-08-19 06:34:19
7910,2,72.9,33.3,51.7,0.99,25.9,11.9,44.3,33.5,39.7,2026-08-19 06:42:19
7911,2,18.3,7.4,12.5,0.3,10.0,5.0,26.3,22.0,36.5,2026-08-19 06:50:19
7912,3,25.2,11.2,22.6,0.38,10.0,5.9,38.1,32.3,63.1,2026-08-19 06:58:19
7913,9,100.2,44.1,64.9,1.28,41.7,16.7,51.6,27.4,54.9,2026-08-19 07:06:19
7914,1,40.4,17.1,27.7,0.47,19.2,8.2,26.1,25.7,57.3,2026-08-19 07:14:19
7915,6,38.7,16.8,30.2,0.47,17.0,6.7,47.3,27.2,73.5,2026-08-19 07:22:19
7916,2,94.2,42.1,74.8,1.18,36.9,17.7,40.0,18.1,79.0,2026-08-19 07:30:19
7917,3,71.5,32.5,66.8,0.96,25.9,14.7,38.8,30.6,57.3,2026-08-19 07:38:19
7918,9,15.0,5.0,8.4,0.12,10.0,5.0,39.2,37.2,74.0,2026-08-19 07:46:19
7919,4,37.8,17.2,27.0,0.49,13.7,5.6,44.3,22.7,51.1,2026-08-19 07:54:19
7920,3,89.8,40.1,65.2,1.19,35.2,15.0,42.9,33.0,45.3,2026-08-19 08:02:19
7921,9,106.5,46.9,77.6,1.32,44.2,19.4,44.7,19.2,68.1,2026-08-19 08:10:19
7922,8,15.4,5.8,11.5,0.15,10.0,5.0,49.7,34.8,38.0,2026-08-19 08:18:19
7923,10,15.0,5.0,7.3,0.16,10.0,5.0,36.4,22.6,83.0,2026-08-19 08:26:19
7924,7,15.0,5.0,10.2,0.21,10.0,5.0,40.4,37.2,43.6,2026-08-19 08:34:19
7925,3,78.7,35.3,67.8,1.07,30.4,15.4,29.3,31.0,78.0,2026-08-19 08:42:19
7926,3,46.0,21.0,35.8,0.53,16.3,9.5,51.2,23.7,35.6,2026-08-19 08:50:19
7927,10,80.9,36.6,52.7,1.15,30.1,13.9,28.7,35.0,82.0,2026-08-19 08:58:19
7928,1,138.2,62.0,118.7,1.87,53.3,23.3,28.5,19.3,31.2,2026-08-19 09:06:19
7929,7,57.0,25.4,48.3,0.84,22.5,9.4,44.0,34.6,73.2,2026-08-19 09:14:19
7930,7,84.2,37.5,63.4,1.11,33.3,13.8,39.6,32.9,45.4,2026-08-19 09:22:19
7931,1,76.0,33.8,47.3,1.02,30.4,12.3,45.9,26.0,40.6,2026-08-19 09:30:19
7932,9,117.9,53.0,104.9,1.56,44.9,20.7,35.6,35.2,67.8,2026-08-19 09:38:19
7933,1,95.3,41.3,65.1,1.23,41.9,14.9,47.4,31.2,55.5,2026-08-19 09:46:19
7934,2,40.0,18.0,36.8,0.61,15.3,6.3,54.3,31.8,71.8,2026-08-19 09:54:19
7935,3,98.4,44.8,87.9,1.32,35.5,16.8,31.9,32.2,84.6,2026-08-19 10:02:19
7936,4,15.1,5.6,10.0,0.16,10.0,5.0,44.0,33.3,46.1,2026-08-19 10:10:19
7937,2,45.5,20.4,41.3,0.68,17.6,9.7,37.5,19.2,55.4,2026-08-19 10:18:19
7938,10,80.2,36.5,73.4,1.17,28.9,16.4,32.3,31.6,36.5,2026-08-19 10:26:19
7939,7,42.1,19.0,29.5,0.48,15.7,7.4,36.2,37.3,42.5,2026-08-19 10:34:19
7940,2,99.5,45.0,63.8,1.28,36.9,16.9,54.5,34.0,42.6,2026-08-19 10:42:19
7941,3,102.5,45.3,93.4,1.4,41.9,18.4,37.8,25.3,72.8,2026-08-19 10:50:19
7942,2,107.8,49.0,81.0,1.53,39.3,17.6,35.4,19.8,84.6,2026-08-19 10:58:19
7943,8,71.1,31.4,65.1,1.04,29.2,13.7,35.6,36.5,31.3,2026-08-19 11:06:19
7944,7,97.0,44.0,70.3,1.32,35.5,17.5,46.8,29.1,72.5,2026-08-19 11:14:19
7945,8,86.6,39.5,72.1,1.26,30.9,17.3,38.9,20.4,35.4,2026-08-19 11:22:19
7946,9,54.7,25.4,47.4,0.75,17.9,9.4,30.4,30.4,60.1,2026-08-19 11:30:19
7947,8,50.6,22.6,32.5,0.59,19.8,10.0,29.5,35.5,66.8,2026-08-19 11:38:19
7948,2,24.6,10.9,20.1,0.35,10.0,5.0,37.6,21.9,47.8,2026-08-19 11:46:19
7949,9,98.0,43.7,65.9,1.32,38.7,19.2,50.5,33.5,82.9,2026-08-19 11:54:19
7950,3,79.2,34.2,56.4,0.97,35.3,14.0,52.8,29.1,66.7,2026-08-19 12:02:19
7951,2,94.9,43.0,87.3,1.38,34.9,19.1,25.0,25.1,77.2,2026-08-19 12:10:19
7952,3,115.1,51.0,79.3,1.6,46.6,21.5,39.2,18.5,33.3,2026-08-19 12:18:19
7953,4,50.4,22.1,32.7,0.67,21.3,10.1,51.8,31.0,84.6,2026-08-19 12:26:19
7954,2,24.2,10.2,19.8,0.31,11.7,5.0,45.4,24.3,30.0,2026-08-19 12:34:19
7955,2,68.3,30.6,50.7,1.01,26.5,11.0,51.4,21.7,58.5,2026-08-19 12:42:19
7956,1,82.9,37.8,57.7,1.08,29.8,16.8,41.8,35.7,62.3,2026-08-19 12:50:19
7957,1,86.9,38.4,68.4,1.07,35.5,16.9,45.1,31.2,41.5,2026-08-19 12:58:19
7958,2,31.9,13.5,20.0,0.36,15.1,5.2,27.3,25.4,67.4,2026-08-19 13:06:19
7959,1,64.5,29.6,58.5,0.88,22.5,11.6,37.5,37.1,76.1,2026-08-19 13:14:19
7960,2,91.6,40.8,82.1,1.13,36.3,16.8,30.8,33.1,40.1,2026-08-19 13:22:19
7961,10,53.2,22.8,36.5,0.71,24.4,10.4,49.6,27.2,67.3,2026-08-19 13:30:19
7962,7,122.5,55.2,92.4,1.74,46.3,21.0,29.7,30.8,76.2,2026-08-19 13:38:19
7963,6,15.0,5.0,7.8,0.16,10.0,5.0,35.8,27.4,53.2,2026-08-19 13:46:19
7964,7,107.0,47.9,76.8,1.46,41.6,20.6,36.7,22.4,75.3,2026-08-19 13:54:19
7965,5,66.2,29.0,54.9,0.9,28.1,13.4,26.3,34.2,38.4,2026-08-19 14:02:19
7966,6,79.3,36.0,68.0,1.08,29.0,14.7,55.0,36.4,33.1,2026-08-19 14:10:19
7967,7,15.0,5.0,9.1,0.21,10.0,5.0,38.0,24.3,42.9,2026-08-19 14:18:19
7968,3,127.0,57.5,82.9,1.72,47.1,22.0,44.5,31.2,82.5,2026-08-19 14:26:19
7969,1,107.2,47.0,88.5,1.36,45.2,17.7,31.2,30.2,55.5,2026-08-19 14:34:19
7970,4,97.6,42.7,78.6,1.29,41.5,16.2,43.1,19.9,37.6,2026-08-19 14:42:19
7971,7,89.4,38.9,69.8,1.08,38.8,14.5,46.9,33.9,34.8,2026-08-19 14:50:19
7972,6,66.6,29.4,54.7,0.88,27.3,11.2,29.2,32.2,78.0,2026-08-19 14:58:19
7973,5,51.2,22.0,41.8,0.75,23.2,9.0,33.8,30.7,52.8,2026-08-19 15:06:19
7974,2,15.0,5.0,8.9,0.1,10.0,5.0,47.6,24.9,51.7,2026-08-19 15:14:19
7975,3,104.3,46.3,73.3,1.48,42.0,17.0,37.0,35.0,45.5,2026-08-19 15:22:19
7976,7,65.2,28.5,51.6,0.76,27.7,12.4,43.6,18.9,59.2,2026-08-19 15:30:19
7977,2,88.8,39.2,65.6,1.24,36.5,17.7,38.9,22.4,76.1,2026-08-19 15:38:19
7978,7,31.3,13.0,25.6,0.33,15.8,5.1,28.6,37.2,74.1,2026-08-19 15:46:19
7979,9,128.2,56.9,106.6,1.62,51.6,22.1,34.1,37.2,41.0,2026-08-19 15:54:19
7980,7,88.8,39.8,63.0,1.25,34.3,17.5,32.7,25.3,41.3,2026-08-19 16:02:19
7981,6,112.3,49.3,75.1,1.42,47.2,17.8,35.4,32.0,34.1,2026-08-19 16:10:19
7982,10,92.4,40.1,83.7,1.16,40.5,16.9,36.3,26.4,71.4,2026-08-19 16:18:19
7983,2,69.8,31.2,62.7,0.87,27.3,12.5,43.4,22.5,42.2,2026-08-19 16:26:19
7984,2,85.0,36.9,70.9,1.06,37.1,16.3,50.7,28.1,68.7,2026-08-19 16:34:19
7985,2,68.2,29.3,51.9,0.81,30.9,12.1,38.6,36.3,70.6,2026-08-19 16:42:19
7986,4,76.4,32.9,65.1,0.9,34.3,12.2,46.7,27.0,82.2,2026-08-19 16:50:19
7987,3,56.3,25.9,47.6,0.82,19.3,11.7,29.9,28.4,77.3,2026-08-19 16:58:19
7988,5,75.9,33.2,68.7,1.08,32.2,12.5,51.9,35.4,65.0,2026-08-19 17:06:19
7989,3,27.4,12.2,17.2,0.44,10.9,6.5,52.2,35.3,59.6,2026-08-19 17:14:19
7990,5,102.4,44.7,93.0,1.27,43.8,19.2,42.1,22.6,45.0,2026-08-19 17:22:19
7991,2,15.0,5.0,8.4,0.15,10.0,5.0,32.0,24.7,51.9,2026-08-19 17:30:19
7992,1,61.2,27.6,47.7,0.8,23.0,9.8,54.8,30.5,79.2,2026-08-19 17:38:19
7993,3,72.9,32.3,47.1,0.91,29.6,12.9,30.0,34.9,42.5,2026-08-19 17:46:19
7994,10,47.1,21.0,35.1,0.59,18.6,10.0,41.9,21.1,69.0,2026-08-19 17:54:19
7995,7,99.7,43.5,70.8,1.21,42.7,15.5,31.7,19.0,37.5,2026-08-19 18:02:19
7996,8,105.7,45.9,83.1,1.28,46.2,18.2,51.4,26.5,63.2,2026-08-19 18:10:19
7997,7,79.3,34.4,51.7,0.95,34.8,12.3,48.6,19.7,37.0,2026-08-19 18:18:19
7998,2,33.4,14.6,20.7,0.37,14.3,5.0,51.7,34.4,53.3,2026-08-19 18:26:19
7999,10,15.0,5.0,9.3,0.17,10.0,5.0,39.8,21.1,52.3,2026-08-19 18:34:19
8000,1,95.5,43.3,74.7,1.21,35.1,15.3,38.0,18.5,59.5,2026-08-19 18:42:19
8001,3,101.3,44.9,93.9,1.4,40.9,16.9,43.0,18.3,57.7,2026-08-19 18:50:19
8002,3,83.8,37.5,68.2,1.2,32.6,14.0,45.6,25.1,67.8,2026-08-19 18:58:19
8003,8,73.9,33.4,57.9,1.07,27.5,13.5,45.7,31.9,67.2,2026-08-19 19:06:19
8004,8,76.3,34.2,57.4,0.99,29.4,14.9,53.8,26.0,59.7,2026-08-19 19:14:19
8005,9,104.0,47.0,73.5,1.47,38.8,19.7,32.1,24.3,62.7,2026-08-19 19:22:19
8006,5,135.5,61.3,89.8,1.93,50.4,23.8,28.2,23.8,34.8,2026-08-19 19:30:19
8007,1,54.2,23.4,38.1,0.7,24.2,9.4,50.8,36.2,46.8,2026-08-19 19:38:19
8008,10,100.4,45.2,92.3,1.38,38.0,19.5,45.3,19.5,81.2,2026-08-19 19:46:19
8009,1,68.5,29.6,58.1,0.9,30.5,13.0,49.7,25.3,72.8,2026-08-19 19:54:19
8010,2,97.6,44.3,66.6,1.42,35.8,16.2,54.2,20.9,65.8,2026-08-19 20:02:19
8011,7,15.0,5.0,8.8,0.1,10.0,5.0,27.7,25.5,69.6,2026-08-19 20:10:19
8012,7,74.8,32.3,58.8,0.89,33.4,12.7,41.8,21.3,63.9,2026-08-19 20:18:19
8013,2,102.0,45.0,71.0,1.4,41.9,17.0,50.2,29.7,36.2,2026-08-19 20:26:19
8014,3,40.9,19.1,36.4,0.55,13.1,7.3,47.0,22.6,74.1,2026-08-19 20:34:19
8015,1,85.6,38.9,58.7,1.11,31.1,14.6,41.0,23.4,55.0,2026-08-19 20:42:19
8016,10,54.0,23.1,39.6,0.79,24.8,11.1,54.5,25.2,83.8,2026-08-19 20:50:19
8017,9,137.2,60.4,93.7,1.81,56.9,24.8,52.1,33.9,76.5,2026-08-19 20:58:19
8018,4,21.6,8.7,17.3,0.27,11.8,5.0,42.5,25.2,81.6,2026-08-19 21:06:19
8019,2,41.2,17.5,29.2,0.59,19.5,5.8,26.4,22.0,55.2,2026-08-19 21:14:19
8020,5,15.0,5.2,7.7,0.15,10.0,5.0,25.0,25.0,82.0,2026-08-19 21:22:19
8021,3,102.7,45.3,64.9,1.42,42.3,19.4,29.2,34.4,66.7,2026-08-19 21:30:19
8022,9,54.2,24.1,40.4,0.76,21.6,8.0,52.3,29.8,61.4,2026-08-19 21:38:19
8023,10,125.8,55.0,102.1,1.71,53.6,24.0,46.8,19.8,40.9,2026-08-19 21:46:19
8024,7,50.7,22.8,35.3,0.75,19.4,9.6,47.8,19.7,78.7,2026-08-19 21:54:19
8025,7,31.6,14.8,27.1,0.4,10.0,6.2,30.3,30.9,31.1,2026-08-19 22:02:19
8026,5,68.7,31.4,51.8,0.91,24.4,12.0,51.0,29.8,74.7,2026-08-19 22:10:19
8027,8,119.1,53.9,90.6,1.68,44.1,22.0,51.4,34.3,66.1,2026-08-19 22:18:19
8028,5,60.6,27.2,49.5,0.75,23.2,10.7,50.3,29.6,55.7,2026-08-19 22:26:19
8029,7,67.8,29.3,57.2,0.98,30.2,9.8,53.8,33.9,35.1,2026-08-19 22:34:19
8030,5,91.8,40.9,83.4,1.31,36.4,17.6,41.5,22.3,47.8,2026-08-19 22:42:19
8031,5,80.7,36.2,51.0,1.07,31.1,12.6,37.7,23.0,34.4,2026-08-19 22:50:19
8032,5,140.5,62.0,100.8,1.81,57.7,23.2,42.7,36.2,84.8,2026-08-19 22:58:19
8033,5,75.1,33.4,59.6,1.07,29.9,12.2,33.1,26.4,70.1,2026-08-19 23:06:19
8034,4,89.5,39.0,78.8,1.1,38.5,17.3,48.0,34.2,73.3,2026-08-19 23:14:19
8035,9,101.3,45.8,88.1,1.45,37.7,20.3,48.7,31.0,36.6,2026-08-19 23:22:19
8036,2,126.5,57.1,104.8,1.72,47.4,21.5,45.1,30.1,52.6,2026-08-19 23:30:19
8037,1,83.9,36.9,66.3,1.12,34.9,16.6,47.8,23.8,80.9,2026-08-19 23:38:19
8038,3,148.5,65.9,115.3,2.06,59.8,28.1,50.7,28.5,38.8,2026-08-19 23:46:19
8039,1,169.5,74.7,132.8,2.31,70.0,28.4,38.1,35.2,74.9,2026-08-19 23:54:19
8040,9,72.8,32.5,49.3,0.99,28.7,11.1,28.2,36.4,59.7,2026-08-20 00:02:19
8041,8,36.9,17.4,30.7,0.44,11.2,7.5,28.4,32.2,83.1,2026-08-20 00:10:19
8042,3,69.9,30.6,51.4,0.88,29.7,13.9,25.4,20.9,37.6,2026-08-20 00:18:19
8043,9,125.5,55.0,97.8,1.56,53.1,23.7,42.9,36.1,49.5,2026-08-20 00:26:19
8044,3,146.1,64.4,116.6,1.9,60.3,27.3,38.1,21.0,49.9,2026-08-20 00:34:19
8045,9,47.7,20.8,38.5,0.69,20.5,7.1,45.2,25.5,70.7,2026-08-20 00:42:19
8046,1,78.2,33.8,53.9,0.97,34.8,13.4,39.4,32.2,40.8,2026-08-20 00:50:19
8047,6,97.7,43.9,83.0,1.26,37.3,16.7,27.6,18.9,69.6,2026-08-20 00:58:19
8048,5,67.2,30.4,61.2,0.96,24.9,12.3,37.7,25.8,54.7,2026-08-20 01:06:19
8049,6,97.9,43.2,60.9,1.35,40.3,17.2,42.2,29.3,72.9,2026-08-20 01:14:19
8050,4,109.1,49.4,71.4,1.57,40.3,18.1,27.9,24.7,45.5,2026-08-20 01:22:19
8051,4,93.9,41.4,73.2,1.24,38.8,15.5,47.5,36.6,38.5,2026-08-20 01:30:19
8052,1,51.0,23.3,48.0,0.7,18.2,8.5,43.4,36.5,43.6,2026-08-20 01:38:19
8053,3,61.0,27.0,39.8,0.87,24.9,12.4,36.7,30.7,39.4,2026-08-20 01:46:19
8054,6,101.0,45.0,66.4,1.35,39.9,16.2,26.5,33.2,66.8,2026-08-20 01:54:19
8055,4,92.5,42.1,65.3,1.36,33.5,16.8,36.6,34.4,45.8,2026-08-20 02:02:19
8056,4,68.5,29.5,45.2,0.88,30.7,10.8,38.2,26.5,55.5,2026-08-20 02:10:19
8057,5,120.8,54.0,76.2,1.55,47.3,22.7,40.6,32.9,34.5,2026-08-20 02:18:19
8058,4,52.3,23.8,34.0,0.78,19.0,8.4,31.8,37.3,61.8,2026-08-20 02:26:19
8059,1,77.3,34.6,53.8,1.13,30.0,13.9,32.6,19.3,34.2,2026-08-20 02:34:19
8060,3,134.7,58.9,84.5,1.69,57.4,22.2,42.8,18.4,55.8,2026-08-20 02:42:19
8061,3,29.5,13.6,21.4,0.4,10.0,6.3,52.7,35.8,46.4,2026-08-20 02:50:19
8062,6,66.2,30.0,47.0,0.85,24.4,10.4,54.2,25.6,77.3,2026-08-20 02:58:19
8063,10,43.4,20.2,29.8,0.54,14.1,8.6,34.1,24.4,64.1,2026-08-20 03:06:19
8064,7,53.5,22.9,43.3,0.67,24.5,10.4,25.9,31.5,79.5,2026-08-20 03:14:19
8065,6,114.2,51.7,88.8,1.47,42.2,21.9,28.1,34.3,30.8,2026-08-20 03:22:19
8066,7,114.8,51.4,77.3,1.64,44.5,20.3,51.1,20.5,30.1,2026-08-20 03:30:19
8067,1,21.2,9.0,18.4,0.24,10.0,5.0,41.8,34.8,36.7,2026-08-20 03:38:19
8068,5,132.4,58.1,113.9,1.71,55.6,21.7,39.6,22.9,49.1,2026-08-20 03:46:19
8069,4,91.0,39.5,57.0,1.19,39.7,17.7,39.0,28.5,59.4,2026-08-20 03:54:19
8070,5,15.0,5.0,7.2,0.23,10.0,5.0,42.4,18.1,69.4,2026-08-20 04:02:19
8071,7,83.0,37.6,54.3,1.06,30.7,13.9,26.1,26.1,53.4,2026-08-20 04:10:19
8072,5,98.0,43.0,73.2,1.32,41.1,18.7,51.0,30.8,83.4,2026-08-20 04:18:19
8073,10,76.1,32.8,54.2,1.07,34.1,13.8,34.3,20.4,76.7,2026-08-20 04:26:19
8074,10,67.4,30.5,47.3,0.93,25.0,11.1,51.2,36.0,71.2,2026-08-20 04:34:19
8075,2,60.7,25.9,40.3,0.78,28.1,10.0,25.1,21.1,67.9,2026-08-20 04:42:19
8076,9,41.0,18.5,30.9,0.47,15.4,8.4,35.5,25.6,78.7,2026-08-20 04:50:19
8077,3,48.8,21.4,39.2,0.72,20.5,8.0,33.2,34.8,64.1,2026-08-20 04:58:19
8078,5,120.2,54.4,102.7,1.73,44.5,20.0,39.7,34.6,68.9,2026-08-20 05:06:19
8079,1,99.8,44.0,92.2,1.28,41.1,16.4,46.8,21.7,45.2,2026-08-20 05:14:19
8080,4,109.2,48.5,86.5,1.48,43.8,21.0,43.1,31.2,57.6,2026-08-20 05:22:19
8081,10,15.0,5.0,8.8,0.1,10.0,5.0,41.7,33.8,34.3,2026-08-20 05:30:19
8082,2,57.5,26.3,39.8,0.87,20.4,8.7,34.6,18.7,40.4,2026-08-20 05:38:19
8083,7,22.8,9.9,16.0,0.36,10.0,5.0,54.3,32.1,50.3,2026-08-20 05:46:19
8084,1,76.1,34.8,66.6,1.01,27.0,13.6,54.5,21.1,69.2,2026-08-20 05:54:19
8085,7,106.9,48.6,93.1,1.42,38.8,18.6,44.9,22.4,46.7,2026-08-20 06:02:19
8086,7,98.4,44.8,72.8,1.4,35.6,19.3,36.8,21.8,50.8,2026-08-20 06:10:19
8087,1,40.1,17.3,29.6,0.58,18.0,8.3,25.3,21.8,40.0,2026-08-20 06:18:19
8088,10,115.6,51.9,78.8,1.46,44.3,21.8,51.7,29.1,51.2,2026-08-20 06:26:19
8089,7,44.5,19.4,38.9,0.67,19.2,7.8,48.6,30.5,66.4,2026-08-20 06:34:19
8090,1,113.6,49.6,86.6,1.59,48.7,21.5,45.0,35.4,35.1,2026-08-20 06:42:19
8091,8,67.6,29.6,56.3,0.92,28.6,12.4,25.5,27.4,52.6,2026-08-20 06:50:19
8092,1,95.5,42.3,60.6,1.24,38.8,16.5,35.5,30.5,84.2,2026-08-20 06:58:19
8093,4,55.6,23.9,45.5,0.69,25.2,7.7,40.2,31.5,82.2,2026-08-20 07:06:19
8094,4,66.8,28.7,42.3,0.96,30.3,12.6,27.8,18.3,56.7,2026-08-20 07:14:19
8095,8,45.6,21.2,36.1,0.65,14.8,10.2,26.4,29.5,77.2,2026-08-20 07:22:19
8096,5,93.9,41.6,62.3,1.3,38.1,15.2,46.1,27.2,58.4,2026-08-20 07:30:19
8097,8,15.0,5.0,8.3,0.17,10.0,5.0,40.8,26.0,33.8,2026-08-20 07:38:19
8098,8,33.5,14.7,26.9,0.46,14.1,6.2,27.8,35.4,79.6,2026-08-20 07:46:19
8099,4,92.7,42.2,71.3,1.31,33.5,16.5,48.5,37.5,55.0,2026-08-20 07:54:19
8100,8,53.2,22.9,47.2,0.71,23.9,7.6,27.0,27.9,53.0,2026-08-20 08:02:19
8101,1,71.8,32.5,67.0,1.07,26.6,12.8,34.1,20.6,67.3,2026-08-20 08:10:19
8102,8,64.5,29.3,54.3,0.89,23.6,12.1,37.0,26.8,37.4,2026-08-20 08:18:19
8103,6,74.8,32.9,47.7,1.0,31.1,13.5,32.3,22.3,76.4,2026-08-20 08:26:19
8104,8,69.0,31.2,55.3,0.91,25.7,11.6,42.2,24.1,32.5,2026-08-20 08:34:19
8105,2,75.5,33.7,54.7,1.0,29.7,14.0,26.8,27.8,58.9,2026-08-20 08:42:19
8106,6,52.5,22.7,42.9,0.77,23.2,9.0,37.5,26.9,64.1,2026-08-20 08:50:19
8107,1,20.9,8.6,12.7,0.3,10.8,5.0,53.0,31.7,33.7,2026-08-20 08:58:19
8108,5,53.5,24.7,34.7,0.66,18.0,10.4,39.6,33.1,36.5,2026-08-20 09:06:19
8109,5,29.9,12.3,22.6,0.33,15.6,5.0,28.4,19.8,73.9,2026-08-20 09:14:19
8110,8,59.9,26.8,51.9,0.74,23.3,11.9,53.5,37.0,83.0,2026-08-20 09:22:19
8111,9,103.2,46.0,68.3,1.31,40.8,19.1,39.1,22.4,63.5,2026-08-20 09:30:19
8112,5,103.4,45.2,67.2,1.27,44.0,17.1,43.0,25.5,79.2,2026-08-20 09:38:19
8113,9,15.0,5.0,8.0,0.1,10.0,5.0,53.8,34.4,36.8,2026-08-20 09:46:19
8114,1,112.4,49.9,103.5,1.4,45.1,19.3,53.4,36.6,69.7,2026-08-20 09:54:19
8115,8,123.0,54.1,83.5,1.67,51.3,21.5,48.7,23.9,58.1,2026-08-20 10:02:19
8116,1,23.2,10.1,21.1,0.32,10.0,5.0,38.0,35.6,65.0,2026-08-20 10:10:19
8117,5,65.0,29.8,62.4,0.81,22.7,13.0,49.4,23.1,55.4,2026-08-20 10:18:19
8118,4,34.2,16.2,28.4,0.42,10.0,5.2,43.8,27.1,55.5,2026-08-20 10:26:19
8119,8,85.8,37.1,58.4,1.13,38.1,16.8,44.6,31.2,55.7,2026-08-20 10:34:19
8120,3,63.6,27.8,48.5,0.84,27.2,9.3,35.2,30.2,80.0,2026-08-20 10:42:19
8121,5,71.5,30.7,57.6,0.91,32.4,10.7,34.7,25.6,65.9,2026-08-20 10:50:19
8122,7,103.9,45.7,73.1,1.44,43.2,19.4,40.3,32.6,79.0,2026-08-20 10:58:19
8123,3,60.4,27.3,43.5,0.77,22.5,12.2,49.3,32.0,32.7,2026-08-20 11:06:19
8124,6,41.4,19.2,28.7,0.6,13.7,5.9,36.7,24.4,70.3,2026-08-20 11:14:19
8125,3,134.7,58.9,119.4,1.84,57.3,25.2,26.8,32.1,35.6,2026-08-20 11:22:19
8126,5,41.1,19.0,34.7,0.51,13.7,5.9,43.9,28.2,75.2,2026-08-20 11:30:19
8127,6,118.7,53.7,96.0,1.55,44.0,23.4,37.1,24.4,39.6,2026-08-20 11:38:19
8128,4,58.8,25.0,41.7,0.69,27.5,11.0,47.9,34.0,37.6,2026-08-20 11:46:19
8129,5,128.1,57.7,119.3,1.65,48.5,22.7,41.6,24.1,64.4,2026-08-20 11:54:19
8130,10,119.1,52.9,96.0,1.62,47.7,19.8,31.4,36.4,32.9,2026-08-20 12:02:19
8131,4,15.0,5.0,10.5,0.13,10.0,5.0,31.9,23.4,39.8,2026-08-20 12:10:19
8132,2,79.4,34.8,67.9,1.05,33.5,14.3,44.5,37.4,66.0,2026-08-20 12:18:19
8133,10,50.0,23.2,44.8,0.74,16.4,9.6,26.5,21.2,70.1,2026-08-20 12:26:19
8134,8,64.5,29.2,43.4,0.79,23.9,13.4,53.4,30.2,55.4,2026-08-20 12:34:19
8135,1,103.5,45.3,88.2,1.27,44.0,16.2,43.7,22.2,35.8,2026-08-20 12:42:19
8136,9,78.7,36.0,69.9,1.09,27.8,14.8,50.5,32.7,67.2,2026-08-20 12:50:19
8137,10,89.1,38.9,71.3,1.13,38.1,16.4,28.4,20.6,78.4,2026-08-20 12:58:19
8138,4,68.5,30.6,54.0,0.84,26.9,12.4,38.6,24.2,79.9,2026-08-20 13:06:19
8139,9,118.8,53.6,94.7,1.67,44.6,22.4,32.5,29.8,84.4,2026-08-20 13:14:19
8140,4,143.6,63.8,102.3,1.85,57.6,25.0,42.9,36.5,37.8,2026-08-20 13:22:19
8141,10,55.0,23.6,39.3,0.67,25.1,10.9,37.9,29.5,51.2,2026-08-20 13:30:19
8142,6,52.5,22.5,37.8,0.62,24.1,7.5,26.1,19.2,37.2,2026-08-20 13:38:19
8143,2,77.2,34.9,65.4,0.96,28.8,12.6,34.9,30.2,74.1,2026-08-20 13:46:19
8144,3,41.1,18.5,37.5,0.52,15.5,6.8,29.1,32.2,53.4,2026-08-20 13:54:19
8145,5,51.5,23.6,38.4,0.76,18.0,10.2,31.8,34.4,73.3,2026-08-20 14:02:19
8146,10,80.8,36.2,65.6,1.05,31.2,15.9,40.0,22.5,30.3,2026-08-20 14:10:19
8147,9,59.2,27.1,50.2,0.73,20.8,12.0,37.0,26.8,38.5,2026-08-20 14:18:19
8148,6,90.4,39.6,64.4,1.13,38.3,15.6,25.5,23.3,49.9,2026-08-20 14:26:19
8149,4,59.0,26.4,54.9,0.84,23.0,10.9,49.3,28.0,56.4,2026-08-20 14:34:19
8150,6,106.6,47.4,67.8,1.36,42.5,17.2,25.2,21.1,84.7,2026-08-20 14:42:19
8151,2,19.6,8.1,16.5,0.25,10.0,5.0,25.2,33.0,51.5,2026-08-20 14:50:19
8152,8,142.2,63.5,102.0,1.96,55.8,26.6,43.4,19.3,51.1,2026-08-20 14:58:19
8153,8,103.4,46.4,65.1,1.45,39.8,20.3,36.2,24.8,80.5,2026-08-20 15:06:19
8154,1,101.6,45.1,86.2,1.45,40.8,17.3,35.9,24.0,63.9,2026-08-20 15:14:19
8155,3,158.3,70.7,102.1,2.21,62.1,26.4,33.5,37.2,82.8,2026-08-20 15:22:19
8156,7,106.5,47.3,87.6,1.38,42.7,18.6,32.5,26.0,78.0,2026-08-20 15:30:19
8157,6,102.8,46.2,73.2,1.48,39.3,18.9,39.3,26.8,79.1,2026-08-20 15:38:19
8158,4,106.1,47.1,96.7,1.35,42.6,19.0,34.8,37.6,56.7,2026-08-20 15:46:19
8159,6,115.5,50.6,87.4,1.52,48.8,18.9,48.9,36.2,82.6,2026-08-20 15:54:19
8160,1,137.2,60.0,97.9,1.76,58.5,24.0,49.2,31.1,43.4,2026-08-20 16:02:19
8161,3,59.2,26.2,53.5,0.84,24.1,8.6,25.8,20.0,31.2,2026-08-20 16:10:19
8162,2,96.2,43.1,76.5,1.36,37.3,16.8,32.9,26.6,74.0,2026-08-20 16:18:19
8163,7,100.0,44.8,65.7,1.42,38.7,18.9,25.2,36.1,39.8,2026-08-20 16:26:19
8164,9,135.3,60.4,100.5,1.71,53.2,25.4,46.0,25.1,33.9,2026-08-20 16:34:19
8165,3,50.3,23.4,45.8,0.71,16.4,9.2,37.8,28.4,68.2,2026-08-20 16:42:19
8166,10,75.6,34.7,59.8,1.11,26.2,12.1,43.3,31.5,84.5,2026-08-20 16:50:19
8167,3,63.5,28.6,54.4,0.79,24.1,11.4,31.4,31.0,31.9,2026-08-20 16:58:19
8168,4,111.1,48.4,73.2,1.49,48.0,17.6,46.3,30.6,35.7,2026-08-20 17:06:19
8169,10,73.7,32.4,60.1,1.06,30.7,12.6,27.4,24.9,47.8,2026-08-20 17:14:19
8170,10,38.7,17.8,31.0,0.52,13.4,5.7,39.3,28.5,56.0,2026-08-20 17:22:19
8171,2,117.1,51.3,98.6,1.48,49.5,22.4,53.5,36.7,59.1,2026-08-20 17:30:19
8172,7,107.8,48.1,95.8,1.51,42.4,21.0,27.8,37.3,79.0,2026-08-20 17:38:19
8173,1,124.3,56.2,100.7,1.75,46.2,23.0,36.6,32.9,49.5,2026-08-20 17:46:19
8174,6,78.4,34.1,52.5,1.06,34.0,12.1,33.9,36.7,68.6,2026-08-20 17:54:19
8175,2,53.2,22.9,34.6,0.75,23.9,8.1,28.2,29.8,39.9,2026-08-20 18:02:19
8176,1,94.5,41.3,67.5,1.28,40.3,15.9,26.0,35.3,72.9,2026-08-20 18:10:19
8177,4,75.0,33.8,51.8,1.01,28.3,11.7,49.9,18.2,46.1,2026-08-20 18:18:19
8178,3,90.1,40.7,61.2,1.27,33.7,16.6,54.7,35.3,49.5,2026-08-20 18:26:19
8179,10,118.5,53.7,109.5,1.66,43.7,20.1,51.0,32.6,81.8,2026-08-20 18:34:19
8180,2,92.6,42.0,69.9,1.27,33.9,15.9,43.2,33.8,60.5,2026-08-20 18:42:19
8181,10,89.6,40.9,63.0,1.16,32.0,17.5,30.9,35.0,36.5,2026-08-20 18:50:19
8182,6,18.4,7.3,15.2,0.19,10.5,5.0,25.2,36.6,67.3,2026-08-20 18:58:19
8183,10,89.2,40.5,70.4,1.27,32.7,15.7,32.8,36.5,48.4,2026-08-20 19:06:19
8184,8,78.6,35.7,50.1,1.14,28.6,15.7,27.0,27.6,43.3,2026-08-20 19:14:19
8185,3,78.4,34.3,54.7,1.07,33.4,12.0,47.7,35.6,64.3,2026-08-20 19:22:19
8186,4,116.7,52.5,98.4,1.67,44.3,21.0,51.0,25.5,31.3,2026-08-20 19:30:19
8187,10,83.3,37.3,67.8,1.06,32.3,14.3,25.8,35.4,77.2,2026-08-20 19:38:19
8188,1,84.1,36.3,75.1,1.07,37.5,15.8,50.0,30.2,70.6,2026-08-20 19:46:19
8189,10,63.2,27.6,44.2,0.81,27.0,11.3,52.4,23.9,79.9,2026-08-20 19:54:19
8190,4,100.3,44.8,87.1,1.32,39.3,17.3,46.7,19.6,45.1,2026-08-20 20:02:19
8191,9,110.9,49.6,71.6,1.42,43.3,21.6,51.0,23.4,63.1,2026-08-20 20:10:19
8192,10,93.5,42.6,63.6,1.2,33.6,16.3,34.7,18.8,52.9,2026-08-20 20:18:19
8193,6,72.7,33.0,60.9,1.01,26.5,13.0,48.7,32.5,58.0,2026-08-20 20:26:19
8194,1,63.8,29.4,53.5,0.84,21.8,12.4,48.7,31.2,30.9,2026-08-20 20:34:19
8195,9,115.6,51.4,104.5,1.5,46.2,19.1,46.1,24.9,61.8,2026-08-20 20:42:19
8196,1,100.9,45.9,76.1,1.4,36.6,17.3,52.7,31.7,66.5,2026-08-20 20:50:19
8197,5,53.7,24.2,37.3,0.67,20.3,11.1,30.4,35.0,68.0,2026-08-20 20:58:19
8198,7,101.0,44.0,80.2,1.32,43.5,19.3,45.7,25.0,61.7,2026-08-20 21:06:19
8199,4,95.4,42.9,80.4,1.32,36.3,16.8,40.7,30.1,79.8,2026-08-20 21:14:19
8200,5,77.2,33.5,50.8,0.94,33.8,13.5,39.6,24.5,80.3,2026-08-20 21:22:19
8201,10,47.6,21.6,35.5,0.67,17.4,9.4,33.7,30.6,37.6,2026-08-20 21:30:19
8202,3,80.2,35.0,68.7,1.06,34.3,14.5,42.9,26.4,36.7,2026-08-20 21:38:19
8203,4,67.0,30.7,53.6,0.89,23.5,12.7,40.1,32.2,71.7,2026-08-20 21:46:19
8204,5,51.5,23.9,41.3,0.63,16.9,8.8,42.8,32.4,67.0,2026-08-20 21:54:19
8205,2,75.1,33.6,57.1,1.11,29.3,14.1,46.6,36.7,74.3,2026-08-20 22:02:19
8206,6,47.9,20.7,42.5,0.62,21.2,9.2,39.5,37.5,44.9,2026-08-20 22:10:19
8207,4,94.9,43.2,69.1,1.31,34.3,16.5,51.5,24.0,56.8,2026-08-20 22:18:19
8208,3,93.3,41.4,68.7,1.21,37.5,16.7,27.9,24.2,33.2,2026-08-20 22:26:19
8209,4,65.7,29.5,43.4,0.79,25.1,12.2,44.8,20.0,59.8,2026-08-20 22:34:19
8210,5,40.1,17.6,34.3,0.48,16.9,8.6,37.7,29.1,78.2,2026-08-20 22:42:19
8211,1,56.4,24.2,42.7,0.68,25.6,8.3,48.2,30.6,83.1,2026-08-20 22:50:19
8212,7,91.3,40.2,73.1,1.13,37.8,17.9,52.1,28.9,68.4,2026-08-20 22:58:19
8213,8,44.2,20.3,33.0,0.57,15.3,9.3,52.2,26.4,68.0,2026-08-20 23:06:19
8214,6,57.9,25.8,38.5,0.69,23.0,10.5,51.8,34.6,72.9,2026-08-20 23:14:19
8215,7,25.5,11.4,23.2,0.4,10.0,6.2,47.8,36.3,81.1,2026-08-20 23:22:19
8216,8,106.9,46.9,75.7,1.34,44.9,19.1,25.2,26.7,73.8,2026-08-20 23:30:19
8217,10,39.7,16.7,32.9,0.46,19.2,5.7,27.9,31.9,75.6,2026-08-20 23:38:19
8218,5,90.8,39.3,77.7,1.24,40.2,15.2,41.3,23.7,78.6,2026-08-20 23:46:19
8219,3,58.9,26.0,51.1,0.77,24.1,10.2,38.3,37.6,58.2,2026-08-20 23:54:19
8220,8,94.7,43.0,80.9,1.22,34.6,18.9,48.7,27.1,55.9,2026-08-21 00:02:19
8221,6,110.0,49.0,78.3,1.45,43.6,18.4,35.8,23.2,38.3,2026-08-21 00:10:19
8222,9,57.4,24.9,44.7,0.77,25.2,9.7,44.2,30.8,32.3,2026-08-21 00:18:19
8223,1,49.1,22.4,45.1,0.69,17.5,8.6,34.1,27.8,61.3,2026-08-21 00:26:19
8224,4,79.3,35.5,59.1,1.06,30.8,12.8,26.6,32.6,40.6,2026-08-21 00:34:19
8225,8,62.9,28.9,51.5,0.96,21.8,10.2,33.8,27.4,39.6,2026-08-21 00:42:19
8226,7,99.5,44.9,83.6,1.41,37.3,18.4,38.4,28.7,30.7,2026-08-21 00:50:19
8227,9,108.3,47.5,98.6,1.45,45.6,19.2,26.9,25.6,54.8,2026-08-21 00:58:19
8228,10,81.0,36.1,61.9,1.06,32.0,13.6,55.0,27.8,53.4,2026-08-21 01:06:19
8229,1,122.3,54.9,97.9,1.6,47.0,23.6,42.1,32.0,45.9,2026-08-21 01:14:19
8230,10,56.9,25.9,49.5,0.86,20.6,12.0,29.7,30.0,72.9,2026-08-21 01:22:19
8231,2,47.9,22.2,31.5,0.64,15.8,10.7,39.3,21.5,49.7,2026-08-21 01:30:19
8232,3,85.9,38.8,78.5,1.14,32.1,14.3,41.1,34.6,72.9,2026-08-21 01:38:19
8233,8,113.9,51.7,102.8,1.52,41.7,21.0,36.4,26.6,37.4,2026-08-21 01:46:19
8234,5,70.7,32.4,62.7,1.03,24.7,13.9,41.5,26.1,81.7,2026-08-21 01:54:19
8235,3,57.1,25.1,43.4,0.69,23.9,9.9,33.7,31.0,57.7,2026-08-21 02:02:19
8236,10,85.8,38.5,66.6,1.08,33.0,15.2,38.7,20.8,54.0,2026-08-21 02:10:19
8237,10,53.2,23.0,41.2,0.62,23.6,8.5,46.1,28.7,62.3,2026-08-21 02:18:19
8238,5,39.0,16.8,32.4,0.59,17.6,6.6,31.2,24.2,81.0,2026-08-21 02:26:19
8239,4,72.4,32.4,57.2,0.91,28.1,12.1,43.7,32.9,51.6,2026-08-21 02:34:19
8240,8,57.4,26.5,39.6,0.73,19.3,10.9,44.1,24.2,81.4,2026-08-21 02:42:19
8241,9,72.5,31.5,65.1,0.86,31.5,13.2,53.9,23.6,77.9,2026-08-21 02:50:19
8242,7,27.5,12.5,17.9,0.32,10.0,5.7,28.9,18.3,40.1,2026-08-21 02:58:19
8243,1,143.6,63.8,106.1,1.95,57.6,23.9,31.0,29.2,63.1,2026-08-21 03:06:19
8244,6,107.7,47.5,71.0,1.49,44.3,19.3,44.2,23.9,55.1,2026-08-21 03:14:19
8245,6,35.1,15.0,27.1,0.43,16.2,5.1,46.5,28.2,75.1,2026-08-21 03:22:19
8246,9,122.0,54.9,80.3,1.6,46.4,23.6,39.0,20.9,68.2,2026-08-21 03:30:19
8247,2,108.9,48.5,80.1,1.49,43.2,20.5,43.4,19.7,63.3,2026-08-21 03:38:19
8248,9,108.3,49.2,69.3,1.47,39.5,20.5,52.9,25.6,66.0,2026-08-21 03:46:19
8249,1,67.6,29.7,59.1,0.95,28.2,12.1,52.1,34.1,39.8,2026-08-21 03:54:19
8250,10,86.2,37.3,59.8,1.2,38.1,13.3,50.5,30.6,31.3,2026-08-21 04:02:19
8251,4,105.7,46.1,68.5,1.48,45.4,20.0,31.6,25.7,32.8,2026-08-21 04:10:19
8252,9,54.8,25.3,46.2,0.68,18.6,11.0,35.1,27.0,46.4,2026-08-21 04:18:19
8253,3,99.3,44.2,66.4,1.4,39.4,19.1,29.5,32.5,67.7,2026-08-21 04:26:19
8254,7,100.3,43.8,85.4,1.38,42.9,16.8,38.7,31.6,82.4,2026-08-21 04:34:19
8255,7,73.9,33.6,61.6,1.08,26.8,14.3,43.7,32.3,41.3,2026-08-21 04:42:19
8256,5,50.2,22.8,44.7,0.59,18.3,7.9,32.8,27.4,83.3,2026-08-21 04:50:19
8257,6,93.9,42.6,68.2,1.23,34.4,17.6,45.5,18.4,72.3,2026-08-21 04:58:19
8258,4,94.8,41.0,60.8,1.2,41.9,16.6,45.2,23.4,44.3,2026-08-21 05:06:19
8259,9,68.5,31.4,51.1,0.96,24.0,11.4,34.6,28.1,48.6,2026-08-21 05:14:19
8260,7,99.3,44.9,79.2,1.42,37.0,16.4,34.2,31.5,54.5,2026-08-21 05:22:19
8261,8,74.9,32.3,58.9,0.95,33.6,14.7,50.9,22.4,76.7,2026-08-21 05:30:19
8262,10,15.0,5.0,8.4,0.11,10.0,5.0,45.1,22.0,83.3,2026-08-21 05:38:19
8263,9,143.7,63.6,119.7,1.87,58.5,25.0,28.7,26.0,74.3,2026-08-21 05:46:19
8264,6,78.9,35.6,73.2,1.04,29.7,14.6,40.5,32.9,41.8,2026-08-21 05:54:19
8265,1,55.8,25.4,43.8,0.78,20.2,9.7,31.6,19.4,34.2,2026-08-21 06:02:19
8266,6,130.2,56.8,115.0,1.64,56.0,22.4,47.9,18.0,55.6,2026-08-21 06:10:19
8267,3,100.5,43.9,69.0,1.28,43.0,16.9,26.8,27.6,52.3,2026-08-21 06:18:19
8268,10,78.6,34.9,66.6,1.05,31.5,15.7,52.2,20.5,51.1,2026-08-21 06:26:19
8269,3,47.8,20.9,37.9,0.58,20.4,6.6,30.5,37.6,75.2,2026-08-21 06:34:19
8270,8,76.7,34.7,55.5,1.08,28.5,15.7,37.5,21.4,60.4,2026-08-21 06:42:19
8271,2,68.7,31.6,64.0,1.03,23.7,12.1,43.8,27.3,75.0,2026-08-21 06:50:19
8272,8,61.3,27.9,44.9,0.92,22.2,10.9,37.3,21.9,70.8,2026-08-21 06:58:19
8273,10,49.7,21.6,39.3,0.66,21.7,9.9,29.2,28.4,64.0,2026-08-21 07:06:19
8274,7,78.5,35.3,53.8,0.97,29.9,15.9,43.5,24.4,62.3,2026-08-21 07:14:19
8275,1,42.6,19.3,37.5,0.53,15.8,6.5,44.3,25.8,63.9,2026-08-21 07:22:19
8276,7,81.3,35.9,52.3,1.08,33.3,14.9,35.0,36.6,54.5,2026-08-21 07:30:19
8277,9,38.7,17.1,30.7,0.53,15.8,8.3,49.8,28.6,36.0,2026-08-21 07:38:19
8278,1,72.4,31.8,53.4,0.94,30.4,14.5,37.3,22.9,62.0,2026-08-21 07:46:19
8279,3,113.9,49.9,100.3,1.5,48.2,20.5,42.0,35.1,30.7,2026-08-21 07:54:19
8280,5,18.7,7.6,11.2,0.22,10.0,5.0,29.1,18.6,79.8,2026-08-21 08:02:19
8281,5,84.2,36.5,69.6,1.17,37.0,15.1,37.5,27.6,44.2,2026-08-21 08:10:19
8282,7,89.4,40.3,76.8,1.19,33.8,15.5,39.5,33.9,57.2,2026-08-21 08:18:19
8283,3,48.5,20.8,39.3,0.6,22.1,7.9,53.1,20.9,45.9,2026-08-21 08:26:19
8284,6,141.5,62.3,88.1,1.97,58.7,26.0,26.6,30.5,45.6,2026-08-21 08:34:19
8285,7,118.4,51.8,93.3,1.58,50.3,21.6,37.1,25.4,52.8,2026-08-21 08:42:19
8286,3,91.2,41.3,86.5,1.15,33.8,16.0,48.2,22.9,32.4,2026-08-21 08:50:19
8287,9,69.5,30.8,62.6,0.96,28.1,10.4,26.8,37.5,37.2,2026-08-21 08:58:19
8288,4,85.2,38.0,72.9,1.1,33.6,17.0,50.4,35.9,55.4,2026-08-21 09:06:19
8289,5,91.0,39.7,74.4,1.15,39.0,14.5,47.6,37.7,58.3,2026-08-21 09:14:19
8290,6,82.1,36.9,60.2,1.09,31.3,15.8,52.2,18.8,66.5,2026-08-21 09:22:19
8291,3,108.6,47.8,69.8,1.44,45.1,19.7,38.3,36.5,47.9,2026-08-21 09:30:19
8292,10,83.5,36.9,58.3,1.11,34.1,13.6,32.2,29.2,30.9,2026-08-21 09:38:19
8293,7,41.6,17.6,32.7,0.49,19.8,6.5,30.0,26.3,73.1,2026-08-21 09:46:19
8294,5,15.0,5.0,7.5,0.1,10.0,5.0,41.4,35.0,48.6,2026-08-21 09:54:19
8295,7,84.4,36.6,58.0,1.12,37.1,13.7,43.8,31.4,37.5,2026-08-21 10:02:19
8296,4,83.8,36.5,73.8,1.01,36.2,14.2,35.3,32.5,82.3,2026-08-21 10:10:19
8297,2,96.4,42.2,75.8,1.21,40.8,18.4,39.1,22.7,42.2,2026-08-21 10:18:19
8298,10,48.8,21.2,40.0,0.66,21.3,9.6,33.1,30.3,46.3,2026-08-21 10:26:19
8299,8,71.3,30.7,45.5,0.98,32.1,13.1,44.2,25.1,56.8,2026-08-21 10:34:19
8300,4,46.3,21.4,43.5,0.57,15.5,6.6,53.6,36.8,49.6,2026-08-21 10:42:19
8301,2,115.2,51.5,77.4,1.62,44.9,19.2,26.2,30.8,52.0,2026-08-21 10:50:19
8302,4,111.7,48.6,94.7,1.5,48.5,20.6,32.9,21.1,60.6,2026-08-21 10:58:19
8303,4,95.2,41.9,59.2,1.28,39.6,15.8,53.6,28.0,84.3,2026-08-21 11:06:19
8304,1,71.8,31.8,64.3,0.86,29.2,11.1,25.3,32.0,40.5,2026-08-21 11:14:19
8305,2,111.6,48.9,72.9,1.38,47.1,18.9,45.9,21.1,80.9,2026-08-21 11:22:19
8306,6,92.1,40.3,81.3,1.25,39.2,16.8,44.4,36.9,36.3,2026-08-21 11:30:19
8307,4,72.3,32.3,66.1,1.06,28.4,11.8,33.6,25.8,66.5,2026-08-21 11:38:19
8308,10,56.0,25.9,38.8,0.8,18.8,11.5,40.8,32.6,81.9,2026-08-21 11:46:19
8309,4,45.3,20.2,36.3,0.57,17.9,7.0,42.9,37.9,31.9,2026-08-21 11:54:19
8310,3,49.1,20.9,32.1,0.69,23.0,9.8,47.5,25.9,32.1,2026-08-21 12:02:19
8311,5,94.2,42.5,78.0,1.33,35.3,16.7,38.1,27.6,41.5,2026-08-21 12:10:19
8312,4,57.3,26.1,54.3,0.79,20.6,10.8,49.2,21.3,37.9,2026-08-21 12:18:19
8313,1,114.5,50.3,101.5,1.58,47.9,21.6,40.4,30.8,76.1,2026-08-21 12:26:19
8314,6,170.7,75.2,149.7,2.25,70.7,30.7,39.5,29.6,50.2,2026-08-21 12:34:19
8315,4,63.3,28.3,48.5,0.78,24.8,10.4,51.4,18.8,66.8,2026-08-21 12:42:19
8316,7,107.9,47.0,78.4,1.43,46.5,17.8,41.4,19.4,43.5,2026-08-21 12:50:19
8317,1,125.5,54.7,83.0,1.58,54.0,23.0,28.2,22.6,65.4,2026-08-21 12:58:19
8318,10,88.8,38.8,69.8,1.11,38.0,17.0,54.0,25.2,59.4,2026-08-21 13:06:19
8319,8,91.7,40.2,67.0,1.26,38.6,15.7,36.8,36.7,39.8,2026-08-21 13:14:19
8320,9,125.7,55.5,98.2,1.74,51.5,21.8,52.7,20.6,77.6,2026-08-21 13:22:19
8321,5,28.9,12.6,23.2,0.39,12.5,5.3,45.9,26.4,68.8,2026-08-21 13:30:19
8322,3,49.1,22.3,45.2,0.6,17.9,10.6,26.5,20.0,54.2,2026-08-21 13:38:19
8323,7,75.5,32.5,46.8,0.99,34.1,12.3,45.0,31.6,61.0,2026-08-21 13:46:19
8324,8,94.8,41.8,71.9,1.28,39.1,18.1,32.8,33.9,82.8,2026-08-21 13:54:19
8325,7,94.3,41.0,58.2,1.31,41.1,17.8,28.5,36.1,77.6,2026-08-21 14:02:19
8326,5,59.5,27.3,40.3,0.8,20.7,9.9,29.2,24.5,63.4,2026-08-21 14:10:19
8327,8,56.3,25.0,41.6,0.74,22.6,10.6,43.3,22.2,43.4,2026-08-21 14:18:19
8328,8,53.3,23.8,41.2,0.67,21.0,11.4,40.3,37.8,52.8,2026-08-21 14:26:19
8329,1,91.4,40.8,82.7,1.16,35.9,16.1,26.5,36.4,62.2,2026-08-21 14:34:19
8330,4,15.0,5.0,8.6,0.11,10.0,5.0,50.4,20.5,60.4,2026-08-21 14:42:19
8331,2,65.4,28.4,59.3,0.8,28.6,12.7,44.0,29.4,44.4,2026-08-21 14:50:19
8332,8,72.1,31.9,54.6,0.92,29.4,13.7,39.1,18.4,35.5,2026-08-21 14:58:19
8333,3,119.4,53.0,76.8,1.66,48.0,21.9,47.4,23.9,35.3,2026-08-21 15:06:19
8334,10,131.5,58.8,94.0,1.85,51.4,22.9,49.3,26.0,73.7,2026-08-21 15:14:19
8335,2,64.1,27.6,44.1,0.82,28.8,11.6,46.5,33.3,35.2,2026-08-21 15:22:19
8336,4,93.6,41.2,61.0,1.32,38.9,17.2,49.4,20.5,55.1,2026-08-21 15:30:19
8337,10,110.2,48.5,69.2,1.49,45.8,17.4,37.3,22.2,32.1,2026-08-21 15:38:19
8338,10,20.5,8.6,13.5,0.31,10.0,5.0,53.5,21.6,31.6,2026-08-21 15:46:19
8339,1,47.2,21.6,39.8,0.65,16.6,9.5,54.4,29.2,45.7,2026-08-21 15:54:19
8340,8,54.6,24.4,44.7,0.82,21.3,10.7,43.3,35.9,63.9,2026-08-21 16:02:19
8341,7,142.1,63.5,107.8,1.98,55.5,25.9,38.8,33.0,40.3,2026-08-21 16:10:19
8342,5,68.4,29.9,61.5,0.8,29.2,10.1,47.5,33.7,50.6,2026-08-21 16:18:19
8343,5,85.2,36.9,55.2,1.19,37.6,15.8,43.7,37.2,84.3,2026-08-21 16:26:19
8344,10,125.1,54.8,104.7,1.67,52.9,22.7,49.5,25.9,36.0,2026-08-21 16:34:19
8345,4,105.6,46.6,88.6,1.32,43.5,19.1,26.9,25.0,56.4,2026-08-21 16:42:19
8346,8,38.1,17.7,36.9,0.53,12.5,7.0,26.1,20.6,76.4,2026-08-21 16:50:19
8347,5,76.4,34.6,51.3,1.09,28.2,15.6,48.6,21.9,54.7,2026-08-21 16:58:19
8348,8,42.0,19.7,37.4,0.55,13.0,6.3,54.9,25.0,76.0,2026-08-21 17:06:19
8349,4,84.4,37.5,71.6,1.12,33.8,13.8,39.3,31.0,74.6,2026-08-21 17:14:19
8350,2,72.1,32.3,65.6,1.0,28.0,14.7,50.3,23.1,79.7,2026-08-21 17:22:19
8351,1,96.6,43.7,66.8,1.23,35.9,16.8,54.3,18.7,81.8,2026-08-21 17:30:19
8352,1,101.0,45.3,86.9,1.3,39.0,19.3,53.7,20.6,31.4,2026-08-21 17:38:19
8353,10,79.2,34.5,58.0,0.98,34.3,15.0,47.9,37.7,58.9,2026-08-21 17:46:19
8354,4,114.9,50.8,90.0,1.58,47.0,21.6,28.0,35.7,49.4,2026-08-21 17:54:19
8355,3,149.0,65.2,104.9,1.87,63.3,27.0,49.2,30.6,64.0,2026-08-21 18:02:19
8356,1,79.1,35.0,71.1,0.99,32.2,14.5,39.1,19.7,55.0,2026-08-21 18:10:19
8357,2,86.4,38.2,70.2,1.07,35.3,16.4,52.4,21.1,56.6,2026-08-21 18:18:19
8358,9,128.7,57.6,92.3,1.64,50.1,22.8,35.7,33.9,36.7,2026-08-21 18:26:19
8359,2,66.6,29.4,51.4,0.88,27.3,12.5,54.1,31.5,62.4,2026-08-21 18:34:19
8360,4,85.4,38.6,75.8,1.14,31.8,17.3,45.5,24.3,39.8,2026-08-21 18:42:19
8361,9,52.2,22.3,41.5,0.72,24.1,7.5,28.0,33.5,62.1,2026-08-21 18:50:19
8362,8,66.1,28.5,56.7,0.8,29.6,11.3,38.0,29.3,31.6,2026-08-21 18:58:19
8363,10,48.1,22.1,40.2,0.62,16.7,10.1,29.8,36.8,77.7,2026-08-21 19:06:19
8364,5,61.9,28.0,46.5,0.75,23.0,10.9,30.1,18.8,48.1,2026-08-21 19:14:19
8365,6,65.8,29.6,45.4,0.82,25.1,10.5,34.3,22.1,57.6,2026-08-21 19:22:19
8366,8,71.4,31.8,44.9,0.95,28.3,12.8,42.4,26.9,63.0,2026-08-21 19:30:19
8367,9,83.4,37.6,61.7,1.11,31.4,16.8,50.3,22.8,53.9,2026-08-21 19:38:19
8368,6,60.6,27.7,55.9,0.8,21.5,12.3,48.4,33.1,41.4,2026-08-21 19:46:19
8369,9,38.5,18.2,32.9,0.54,11.5,9.1,34.0,37.9,83.5,2026-08-21 19:54:19
8370,8,44.4,19.8,35.9,0.62,17.6,9.5,34.7,32.2,43.1,2026-08-21 20:02:19
8371,5,98.7,43.3,78.3,1.38,41.5,15.6,48.2,22.8,78.0,2026-08-21 20:10:19
8372,3,87.6,38.8,70.6,1.19,35.6,14.5,31.2,29.9,41.0,2026-08-21 20:18:19
8373,2,54.2,24.5,45.0,0.67,20.2,8.8,27.8,29.9,67.7,2026-08-21 20:26:19
8374,8,81.2,36.5,51.5,1.15,31.1,15.8,46.9,19.1,31.8,2026-08-21 20:34:19
8375,9,91.6,41.7,71.3,1.34,33.1,16.9,43.5,37.4,64.5,2026-08-21 20:42:19
8376,8,103.8,45.6,77.3,1.44,43.4,16.6,39.0,19.8,74.8,2026-08-21 20:50:19
8377,5,62.7,27.9,43.0,0.75,24.9,12.9,49.9,32.4,62.1,2026-08-21 20:58:19
8378,10,185.4,82.9,127.7,2.57,72.4,34.7,47.0,23.2,56.9,2026-08-21 21:06:19
8379,3,45.7,20.3,40.5,0.7,18.4,8.7,42.5,29.1,47.3,2026-08-21 21:14:19
8380,4,40.1,18.3,36.5,0.5,14.4,5.4,30.0,35.2,32.7,2026-08-21 21:22:19
8381,4,54.5,25.0,38.9,0.73,19.1,8.1,45.0,31.5,59.1,2026-08-21 21:30:19
8382,1,137.7,61.1,105.0,1.77,55.4,22.7,36.3,23.3,80.5,2026-08-21 21:38:19
8383,8,119.5,52.1,105.0,1.65,51.5,21.3,51.3,22.6,73.7,2026-08-21 21:46:19
8384,7,127.2,57.4,117.3,1.7,47.7,22.1,44.1,31.6,39.1,2026-08-21 21:54:19
8385,6,15.0,5.0,9.6,0.25,10.0,5.0,35.3,26.2,40.8,2026-08-21 22:02:19
8386,4,101.1,44.4,89.8,1.31,42.4,18.6,30.7,31.5,33.7,2026-08-21 22:10:19
8387,8,60.3,26.6,49.1,0.77,24.9,10.1,44.6,32.3,31.3,2026-08-21 22:18:19
8388,7,15.0,5.0,7.0,0.1,10.0,5.0,42.7,35.9,51.2,2026-08-21 22:26:19
8389,10,102.5,46.2,68.7,1.46,38.6,18.7,25.7,36.8,76.8,2026-08-21 22:34:19
8390,6,15.0,5.0,9.5,0.25,10.0,5.0,46.5,33.3,81.6,2026-08-21 22:42:19
8391,5,15.0,5.0,7.9,0.1,10.0,5.0,27.6,19.2,35.5,2026-08-21 22:50:19
8392,5,96.2,43.1,90.3,1.31,37.2,18.1,26.3,21.8,48.8,2026-08-21 22:58:19
8393,4,105.3,47.9,99.5,1.42,38.2,19.9,37.7,25.4,81.7,2026-08-21 23:06:19
8394,2,15.0,5.0,8.8,0.1,10.0,5.0,31.7,28.9,78.9,2026-08-21 23:14:19
8395,7,50.8,23.1,39.2,0.74,18.5,8.6,53.0,18.1,40.8,2026-08-21 23:22:19
8396,5,99.3,43.7,70.4,1.3,41.2,15.5,53.5,27.6,57.0,2026-08-21 23:30:19
8397,10,90.9,40.2,70.6,1.28,37.1,15.0,25.2,27.6,51.8,2026-08-21 23:38:19
8398,7,70.6,31.9,66.2,1.02,26.3,13.2,46.5,20.3,35.3,2026-08-21 23:46:19
8399,8,139.3,62.7,90.9,1.98,52.9,25.8,45.8,19.1,61.6,2026-08-21 23:54:19
8400,7,144.1,64.7,129.4,1.97,55.3,26.3,47.7,19.0,62.5,2026-08-22 00:02:19
8401,9,57.1,24.3,50.1,0.65,26.8,8.4,37.0,37.8,78.7,2026-08-22 00:10:19
8402,3,60.4,26.2,46.3,0.73,26.5,11.4,33.2,23.9,59.0,2026-08-22 00:18:19
8403,5,46.3,20.1,40.4,0.58,20.3,9.2,54.6,30.4,82.3,2026-08-22 00:26:19
8404,3,73.3,32.9,66.5,1.06,28.1,12.6,26.7,24.6,36.2,2026-08-22 00:34:19
8405,2,77.0,34.4,63.3,1.04,30.2,14.1,44.1,19.6,36.2,2026-08-22 00:42:19
8406,10,67.9,30.7,61.9,0.98,25.2,10.4,51.8,37.3,57.2,2026-08-22 00:50:19
8407,7,84.2,37.0,58.1,1.02,35.2,13.3,50.4,23.1,79.9,2026-08-22 00:58:19
8408,1,79.0,34.7,61.3,1.09,33.1,12.6,25.7,25.0,30.5,2026-08-22 01:06:19
8409,1,53.8,23.4,36.1,0.68,23.4,10.4,52.8,29.9,69.8,2026-08-22 01:14:19
8410,2,77.5,34.1,69.4,1.0,32.3,15.4,44.3,22.4,45.6,2026-08-22 01:22:19
8411,3,62.6,28.9,49.5,0.93,21.1,12.2,34.6,23.9,74.1,2026-08-22 01:30:19
8412,8,62.5,27.2,46.0,0.87,27.1,11.0,30.7,36.4,33.0,2026-08-22 01:38:19
8413,4,78.8,35.7,71.9,1.09,29.1,12.7,48.3,28.3,83.3,2026-08-22 01:46:19
8414,10,134.5,59.0,120.9,1.69,56.6,22.6,25.9,38.0,78.0,2026-08-22 01:54:19
8415,4,98.3,43.8,81.7,1.32,38.9,17.0,30.2,28.4,69.4,2026-08-22 02:02:19
8416,5,64.9,28.8,56.7,0.92,26.1,12.1,31.5,19.9,82.2,2026-08-22 02:10:19
8417,8,34.8,16.0,32.9,0.47,11.9,7.8,34.5,20.5,53.0,2026-08-22 02:18:19
8418,7,44.3,20.5,39.2,0.66,14.8,6.2,26.3,20.6,79.5,2026-08-22 02:26:19
8419,4,90.2,40.1,68.6,1.26,36.1,16.2,35.9,37.6,50.4,2026-08-22 02:34:19
8420,5,109.5,49.5,98.4,1.57,40.8,20.5,42.6,30.0,65.1,2026-08-22 02:42:19
8421,10,110.4,48.4,101.0,1.53,46.5,21.0,54.0,20.5,52.2,2026-08-22 02:50:19
8422,4,85.5,38.7,58.8,1.17,31.6,14.2,33.4,30.4,47.2,2026-08-22 02:58:19
8423,9,115.2,50.5,102.7,1.53,48.6,19.2,42.7,22.5,41.1,2026-08-22 03:06:19
8424,6,75.9,32.9,64.2,1.07,33.4,14.9,32.8,26.6,79.9,2026-08-22 03:14:19
8425,6,56.9,24.8,36.3,0.65,24.6,9.2,39.0,36.0,59.6,2026-08-22 03:22:19
8426,6,61.9,28.2,56.3,0.89,22.2,9.8,29.7,30.8,49.1,2026-08-22 03:30:19
8427,6,57.8,25.2,39.1,0.8,24.9,9.5,44.9,30.3,36.4,2026-08-22 03:38:19
8428,8,68.4,31.1,60.0,0.87,24.9,12.5,31.0,25.7,81.8,2026-08-22 03:46:19
8429,2,98.7,43.0,69.5,1.37,42.5,19.0,27.9,19.3,40.7,2026-08-22 03:54:19
8430,9,50.3,23.1,45.1,0.71,17.5,8.4,33.4,19.2,53.6,2026-08-22 04:02:19
8431,10,47.5,21.3,33.1,0.73,18.3,9.6,50.1,30.2,65.2,2026-08-22 04:10:19
8432,5,66.0,28.7,56.8,0.9,28.6,12.1,40.4,20.7,80.4,2026-08-22 04:18:19
8433,6,106.1,47.3,96.7,1.51,41.9,17.6,45.8,24.6,84.6,2026-08-22 04:26:19
8434,5,68.0,30.5,52.9,0.85,26.2,10.3,44.5,36.0,62.2,2026-08-22 04:34:19
8435,3,74.9,33.3,47.8,0.98,29.9,13.1,42.2,36.8,38.1,2026-08-22 04:42:19
8436,5,104.8,45.7,93.4,1.36,45.0,18.5,53.3,22.3,33.5,2026-08-22 04:50:19
8437,4,29.3,13.5,27.4,0.36,10.0,6.3,35.0,27.4,70.1,2026-08-22 04:58:19
8438,9,114.4,51.3,82.2,1.52,44.2,18.9,48.9,24.6,69.7,2026-08-22 05:06:19
8439,6,95.1,43.0,63.2,1.37,35.3,15.4,33.0,24.6,41.7,2026-08-22 05:14:19
8440,10,121.2,53.0,85.8,1.65,51.6,20.6,35.4,26.9,77.8,2026-08-22 05:22:19
8441,3,55.1,24.2,45.3,0.79,23.0,8.9,34.5,29.8,61.6,2026-08-22 05:30:19
8442,2,88.3,40.3,63.6,1.13,31.6,17.5,44.2,36.6,73.9,2026-08-22 05:38:19
8443,3,104.5,47.0,97.6,1.42,39.7,18.3,35.5,25.5,53.0,2026-08-22 05:46:19
8444,2,61.5,28.0,49.1,0.89,22.3,13.2,36.5,29.3,81.1,2026-08-22 05:54:19
8445,9,139.2,61.6,110.2,1.91,56.7,24.3,32.3,36.1,62.3,2026-08-22 06:02:19
8446,9,61.0,26.3,37.7,0.7,27.3,9.0,37.0,27.3,55.8,2026-08-22 06:10:19
8447,1,70.2,32.3,65.2,0.97,24.1,13.6,52.6,23.1,52.6,2026-08-22 06:18:19
8448,4,66.1,28.4,52.2,0.8,30.0,11.9,43.2,24.9,35.2,2026-08-22 06:26:19
8449,7,69.3,31.9,64.7,1.02,23.8,11.5,26.4,25.8,73.8,2026-08-22 06:34:19
8450,1,32.7,14.6,27.4,0.46,12.9,5.0,51.1,29.3,71.5,2026-08-22 06:42:19
8451,1,51.6,23.5,34.4,0.74,18.5,8.2,32.9,31.1,71.4,2026-08-22 06:50:19
8452,5,98.1,44.5,75.4,1.3,35.9,19.0,41.0,37.1,45.5,2026-08-22 06:58:19
8453,8,59.7,26.7,43.4,0.89,23.2,11.1,39.6,31.1,62.1,2026-08-22 07:06:19
8454,1,68.8,30.5,50.9,0.92,27.8,10.7,44.5,36.7,81.0,2026-08-22 07:14:19
8455,9,41.4,19.0,39.4,0.56,14.3,9.1,30.9,29.4,59.5,2026-08-22 07:22:19
8456,6,65.0,28.6,40.2,0.81,27.1,11.4,29.7,20.4,49.6,2026-08-22 07:30:19
8457,8,108.4,47.2,93.1,1.42,46.9,17.8,48.7,29.8,75.3,2026-08-22 07:38:19
8458,2,63.9,29.1,52.5,0.8,23.1,10.6,44.3,29.5,77.6,2026-08-22 07:46:19
8459,4,98.9,44.4,71.3,1.28,37.9,18.7,34.3,34.1,62.0,2026-08-22 07:54:19
8460,6,127.2,56.9,89.7,1.75,49.6,24.2,25.1,25.8,47.7,2026-08-22 08:02:19
8461,10,100.2,45.3,82.0,1.36,37.3,17.8,27.7,23.1,63.3,2026-08-22 08:10:19
8462,4,115.2,51.8,90.2,1.6,43.9,20.7,41.0,34.9,63.0,2026-08-22 08:18:19
8463,10,77.8,34.2,61.5,0.94,32.4,15.6,47.6,37.7,63.4,2026-08-22 08:26:19
8464,1,133.7,60.5,120.2,1.89,49.6,23.2,46.9,19.4,48.5,2026-08-22 08:34:19
8465,3,65.3,28.9,43.7,0.84,26.6,12.9,30.8,28.6,48.5,2026-08-22 08:42:19
8466,4,86.8,38.0,59.1,1.24,36.8,16.3,44.4,23.5,70.9,2026-08-22 08:50:19
8467,7,62.9,28.6,41.8,0.79,22.8,12.6,39.8,36.3,80.4,2026-08-22 08:58:19
8468,10,117.4,51.4,97.1,1.48,49.7,18.9,45.1,34.8,79.6,2026-08-22 09:06:19
8469,2,63.9,29.3,42.3,0.81,22.4,12.8,49.2,30.2,76.6,2026-08-22 09:14:19
8470,5,22.9,9.6,13.8,0.3,11.3,5.0,34.0,31.6,65.2,2026-08-22 09:22:19
8471,3,60.6,26.8,41.6,0.82,24.8,12.5,53.9,23.4,67.3,2026-08-22 09:30:19
8472,9,35.8,16.9,33.2,0.57,10.8,8.0,49.9,20.0,56.7,2026-08-22 09:38:19
8473,5,69.4,30.9,44.0,0.92,27.6,14.2,36.2,25.2,43.3,2026-08-22 09:46:19
8474,10,57.4,25.3,53.1,0.66,23.8,11.4,41.8,22.5,60.2,2026-08-22 09:54:19
8475,7,81.2,35.1,66.8,1.09,36.1,12.5,41.8,26.7,30.6,2026-08-22 10:02:19
8476,2,54.9,24.5,37.8,0.65,21.6,10.0,34.0,38.0,80.9,2026-08-22 10:10:19
8477,10,114.2,51.0,85.6,1.61,44.9,18.7,50.9,19.5,55.0,2026-08-22 10:18:19
8478,6,78.6,35.2,52.6,1.06,30.4,14.5,33.9,18.6,79.1,2026-08-22 10:26:19
8479,2,93.9,41.5,65.0,1.3,38.4,17.6,31.7,22.8,36.9,2026-08-22 10:34:19
8480,9,66.3,30.3,49.1,0.83,23.6,11.4,26.3,20.5,71.8,2026-08-22 10:42:19
8481,7,114.8,50.4,75.8,1.46,48.1,19.0,39.0,30.5,45.5,2026-08-22 10:50:19
8482,4,15.0,5.0,8.6,0.1,10.0,5.0,54.1,18.3,40.2,2026-08-22 10:58:19
8483,9,98.6,44.0,82.9,1.27,38.7,17.8,43.1,19.1,56.8,2026-08-22 11:06:19
8484,7,72.2,31.4,57.1,0.85,31.4,10.8,26.8,23.2,78.7,2026-08-22 11:14:19
8485,6,119.0,52.6,76.5,1.52,48.6,22.8,30.7,22.6,32.8,2026-08-22 11:22:19
8486,9,51.4,23.6,42.5,0.71,17.8,9.1,44.3,27.1,84.9,2026-08-22 11:30:19
8487,3,79.7,36.4,68.2,1.02,28.3,13.1,54.3,27.1,63.3,2026-08-22 11:38:19
8488,2,72.5,31.8,58.2,1.0,30.6,14.5,54.6,21.7,68.1,2026-08-22 11:46:19
8489,4,94.3,42.2,76.4,1.27,36.6,15.2,40.0,18.8,56.8,2026-08-22 11:54:19
8490,5,76.3,32.8,59.0,1.03,34.5,14.1,39.3,21.7,39.6,2026-08-22 12:02:19
8491,5,66.6,29.5,46.4,0.86,27.0,13.4,27.1,22.8,33.3,2026-08-22 12:10:19
8492,9,19.3,7.8,12.7,0.18,10.5,5.0,53.2,30.5,79.2,2026-08-22 12:18:19
8493,2,136.1,59.5,83.9,1.7,57.9,24.3,26.9,18.4,36.2,2026-08-22 12:26:19
8494,1,61.1,27.2,44.7,0.75,24.2,12.6,45.9,34.6,48.9,2026-08-22 12:34:19
8495,8,45.8,21.1,43.2,0.71,15.6,6.8,48.9,28.3,76.1,2026-08-22 12:42:19
8496,9,44.5,18.8,29.1,0.59,21.3,9.3,34.3,33.4,64.9,2026-08-22 12:50:19
8497,10,105.0,47.3,78.3,1.37,39.8,19.6,49.3,32.7,31.2,2026-08-22 12:58:19
8498,1,84.7,37.4,63.1,1.11,34.7,15.9,33.9,31.1,83.3,2026-08-22 13:06:19
8499,10,26.8,12.1,17.7,0.39,10.0,5.0,34.1,34.2,36.4,2026-08-22 13:14:19
8500,5,96.8,43.2,84.7,1.33,38.0,18.3,50.6,30.3,36.0,2026-08-22 13:22:19
8501,6,71.7,31.8,60.8,1.01,29.0,11.8,25.4,24.0,41.2,2026-08-22 13:30:19
8502,2,87.1,37.7,75.9,1.06,38.4,14.1,47.1,31.2,30.7,2026-08-22 13:38:19
8503,8,106.8,48.0,67.9,1.44,40.7,20.9,47.0,35.2,50.9,2026-08-22 13:46:19
8504,6,113.7,49.6,99.3,1.43,48.9,20.7,43.0,18.2,40.8,2026-08-22 13:54:19
8505,3,79.5,35.0,65.8,1.13,33.1,15.7,35.0,26.3,68.7,2026-08-22 14:02:19
8506,4,54.7,24.6,40.5,0.66,20.9,10.3,42.9,28.0,66.0,2026-08-22 14:10:19
8507,7,155.1,68.6,125.9,2.07,63.2,28.6,47.5,31.4,77.0,2026-08-22 14:18:19
8508,5,78.0,34.6,62.5,0.94,31.5,14.6,33.0,24.1,64.3,2026-08-22 14:26:19
8509,9,72.7,33.4,59.1,1.06,25.1,13.3,49.3,36.1,78.9,2026-08-22 14:34:19
8510,1,80.8,35.0,53.6,1.08,35.6,14.0,37.2,32.1,52.5,2026-08-22 14:42:19
8511,1,116.1,50.9,98.0,1.44,48.9,21.2,26.6,31.9,75.7,2026-08-22 14:50:19
8512,7,149.3,65.9,120.1,1.94,61.3,25.1,43.3,23.0,77.5,2026-08-22 14:58:19
8513,8,97.7,43.8,88.2,1.22,37.7,18.2,38.8,27.0,43.9,2026-08-22 15:06:19
8514,1,60.2,26.5,52.5,0.85,25.0,12.6,50.3,38.0,55.8,2026-08-22 15:14:19
8515,5,65.1,28.0,55.8,0.92,29.4,11.0,40.2,20.5,55.4,2026-08-22 15:22:19
8516,6,26.6,12.0,20.1,0.35,10.0,5.0,49.0,34.9,53.8,2026-08-22 15:30:19
8517,6,114.1,51.1,81.0,1.46,44.2,20.5,45.6,18.0,44.9,2026-08-22 15:38:19
8518,1,64.6,27.7,48.5,0.76,29.5,9.5,54.2,37.2,32.8,2026-08-22 15:46:19
8519,3,63.7,28.3,44.5,0.94,25.6,9.7,51.7,25.8,66.6,2026-08-22 15:54:19
8520,6,43.3,19.3,36.6,0.54,17.2,6.2,45.4,31.0,71.0,2026-08-22 16:02:19
8521,8,53.8,23.9,35.6,0.79,21.5,9.6,48.7,37.6,67.5,2026-08-22 16:10:19
8522,2,21.6,8.5,16.0,0.17,12.5,5.0,45.7,34.2,41.5,2026-08-22 16:18:19
8523,6,118.1,51.6,81.7,1.59,50.5,21.4,54.4,28.9,35.5,2026-08-22 16:26:19
8524,6,47.1,20.0,32.7,0.53,22.3,7.4,49.1,27.3,49.2,2026-08-22 16:34:19
8525,7,109.8,47.9,77.1,1.44,47.2,17.7,26.2,25.2,62.9,2026-08-22 16:42:19
8526,5,57.9,25.7,50.2,0.79,23.3,11.6,32.4,33.1,56.9,2026-08-22 16:50:19
8527,7,81.3,35.6,63.4,1.06,34.5,14.9,46.7,36.1,74.0,2026-08-22 16:58:19
8528,9,108.0,48.1,85.4,1.45,42.9,19.0,52.6,36.3,73.6,2026-08-22 17:06:19
8529,7,178.0,79.7,126.5,2.43,69.0,32.8,28.8,28.7,34.0,2026-08-22 17:14:19
8530,2,15.0,5.0,8.1,0.22,10.0,5.0,44.6,37.3,46.5,2026-08-22 17:22:19
8531,8,74.8,33.0,62.9,1.06,30.7,13.7,40.0,22.6,36.8,2026-08-22 17:30:19
8532,2,71.3,32.7,61.2,1.02,24.9,14.5,34.3,37.7,77.5,2026-08-22 17:38:19
8533,2,100.3,43.9,91.8,1.34,42.5,15.6,47.5,25.4,70.7,2026-08-22 17:46:19
8534,1,49.3,22.7,40.6,0.62,16.9,9.2,47.8,37.4,51.2,2026-08-22 17:54:19
8535,9,75.2,34.3,66.8,1.04,26.9,15.1,32.9,25.9,81.4,2026-08-22 18:02:19
8536,10,127.5,56.4,103.6,1.67,52.0,21.2,40.0,23.2,44.3,2026-08-22 18:10:19
8537,6,118.5,52.6,96.2,1.49,47.7,19.5,41.1,29.7,68.0,2026-08-22 18:18:19
8538,3,80.8,36.1,62.7,1.13,31.6,13.4,27.9,27.8,31.5,2026-08-22 18:26:19
8539,5,32.0,13.8,22.6,0.5,14.3,6.7,31.1,26.1,57.7,2026-08-22 18:34:19
8540,3,120.7,53.1,76.0,1.66,50.2,23.0,31.5,35.2,43.8,2026-08-22 18:42:19
8541,1,27.5,11.2,20.5,0.24,14.6,5.0,25.7,34.2,31.5,2026-08-22 18:50:19
8542,3,76.1,34.8,70.5,1.03,27.0,12.5,28.2,35.6,55.8,2026-08-22 18:58:19
8543,4,85.2,38.5,55.9,1.21,31.9,14.1,31.7,36.0,34.0,2026-08-22 19:06:19
8544,10,27.2,11.5,18.3,0.37,13.1,5.0,41.9,33.3,64.5,2026-08-22 19:14:19
8545,6,36.1,15.4,26.2,0.55,16.8,5.0,53.6,26.4,36.7,2026-08-22 19:22:19
8546,6,77.7,35.1,72.9,1.04,29.1,14.1,51.2,23.8,71.4,2026-08-22 19:30:19
8547,2,124.2,55.7,101.6,1.66,47.9,24.3,43.2,23.9,79.0,2026-08-22 19:38:19
8548,7,51.3,21.8,37.9,0.6,24.2,8.1,32.2,35.5,58.6,2026-08-22 19:46:19
8549,3,55.3,25.5,40.7,0.76,18.8,10.4,50.9,37.1,82.6,2026-08-22 19:54:19
8550,9,131.6,59.2,115.8,1.85,50.1,23.2,48.3,31.7,35.4,2026-08-22 20:02:19
8551,3,86.8,37.5,73.8,1.15,38.5,16.4,51.1,21.7,73.9,2026-08-22 20:10:19
8552,8,51.4,22.4,45.9,0.59,22.2,10.1,47.8,35.0,83.2,2026-08-22 20:18:19
8553,6,26.8,12.1,22.5,0.4,10.0,5.0,43.7,32.7,61.5,2026-08-22 20:26:19
8554,6,81.4,35.3,56.5,1.07,35.8,14.6,47.6,29.8,72.6,2026-08-22 20:34:19
8555,9,46.9,19.8,36.9,0.5,22.5,6.7,45.2,19.2,46.8,2026-08-22 20:42:19
8556,2,141.6,64.0,114.8,2.02,52.8,26.3,37.7,28.4,34.9,2026-08-22 20:50:19
8557,9,106.3,47.8,90.0,1.41,40.6,18.8,34.1,27.6,81.5,2026-08-22 20:58:19
8558,3,32.7,15.4,22.7,0.47,10.0,6.7,41.2,33.4,44.7,2026-08-22 21:06:19
8559,5,79.5,35.7,62.3,1.11,30.5,13.2,29.8,25.5,48.1,2026-08-22 21:14:19
8560,9,132.7,59.2,96.9,1.85,52.2,23.2,46.9,29.8,65.6,2026-08-22 21:22:19
8561,2,70.8,31.1,57.5,1.02,29.6,11.4,47.0,24.0,84.7,2026-08-22 21:30:19
8562,4,84.5,38.5,55.2,1.08,30.5,13.7,37.6,21.4,58.2,2026-08-22 21:38:19
8563,3,117.3,51.3,79.9,1.44,49.9,20.9,35.1,23.1,75.7,2026-08-22 21:46:19
8564,5,147.0,66.4,126.9,2.03,55.0,26.1,25.2,25.4,72.7,2026-08-22 21:54:19
8565,8,72.2,32.3,53.9,1.06,28.1,11.6,50.2,29.1,42.5,2026-08-22 22:02:19
8566,10,74.0,32.4,49.8,0.97,31.4,11.2,42.0,20.0,50.8,2026-08-22 22:10:19
8567,6,151.8,68.1,128.1,2.11,58.4,27.5,53.9,30.5,70.3,2026-08-22 22:18:19
8568,4,75.3,34.2,61.7,1.01,27.5,15.3,53.4,36.8,80.7,2026-08-22 22:26:19
8569,7,88.6,39.4,73.4,1.16,35.3,14.1,51.4,37.8,81.6,2026-08-22 22:34:19
8570,3,71.2,31.5,63.2,1.03,28.9,12.8,31.5,34.3,38.4,2026-08-22 22:42:19
8571,6,60.1,27.8,44.0,0.77,20.2,11.0,32.7,32.9,57.3,2026-08-22 22:50:19
8572,6,115.0,51.7,79.1,1.57,43.8,19.6,41.2,25.0,81.0,2026-08-22 22:58:19
8573,7,80.9,36.4,74.5,1.0,30.7,13.8,47.0,21.8,42.9,2026-08-22 23:06:19
8574,2,68.0,30.1,54.3,0.83,27.6,11.3,34.2,24.0,62.4,2026-08-22 23:14:19
8575,7,64.9,29.8,47.9,0.87,22.6,13.6,47.5,27.3,71.0,2026-08-22 23:22:19
8576,7,40.8,18.7,31.6,0.55,14.3,7.6,49.8,25.6,63.2,2026-08-22 23:30:19
8577,2,90.1,40.9,73.3,1.23,32.9,18.2,49.9,18.4,39.6,2026-08-22 23:38:19
8578,4,78.8,34.7,70.5,1.03,32.7,15.6,28.0,36.5,63.5,2026-08-22 23:46:19
8579,8,96.7,42.9,84.9,1.19,38.9,15.9,47.1,22.4,51.3,2026-08-22 23:54:19
8580,6,34.6,16.1,31.1,0.44,11.2,7.6,48.1,20.9,35.4,2026-08-23 00:02:19
8581,1,76.1,33.9,55.2,1.08,30.1,13.8,30.7,19.6,50.6,2026-08-23 00:10:19
8582,3,57.1,25.1,51.6,0.78,23.9,8.2,51.5,26.4,45.9,2026-08-23 00:18:19
8583,1,69.4,30.5,53.7,0.87,29.0,10.4,47.8,24.6,57.4,2026-08-23 00:26:19
8584,3,103.5,46.8,95.2,1.48,38.5,16.7,28.3,24.5,44.1,2026-08-23 00:34:19
8585,9,96.2,43.3,63.0,1.3,36.5,15.8,32.9,23.5,52.8,2026-08-23 00:42:19
8586,1,65.3,28.5,40.5,0.76,28.0,10.0,33.0,22.0,48.6,2026-08-23 00:50:19
8587,3,84.5,37.6,70.8,1.18,33.7,16.9,34.4,35.3,45.2,2026-08-23 00:58:19
8588,3,108.1,47.6,73.7,1.45,44.8,19.8,34.8,23.7,36.5,2026-08-23 01:06:19
8589,8,78.2,34.0,68.6,0.92,34.0,12.9,40.3,23.9,35.4,2026-08-23 01:14:19
8590,6,65.3,29.3,59.4,0.84,25.1,12.2,39.9,25.6,40.5,2026-08-23 01:22:19
8591,8,46.6,19.8,36.2,0.52,21.9,8.9,52.3,29.5,74.6,2026-08-23 01:30:19
8592,5,15.0,5.0,8.7,0.2,10.0,5.0,29.4,21.1,74.3,2026-08-23 01:38:19
8593,8,75.7,34.0,64.5,1.1,29.0,14.0,48.0,37.8,79.9,2026-08-23 01:46:19
8594,1,70.1,31.9,53.1,0.92,25.4,13.9,41.7,32.9,54.0,2026-08-23 01:54:19
8595,5,77.2,35.2,58.3,0.98,27.7,14.9,50.7,21.6,33.2,2026-08-23 02:02:19
8596,7,40.3,17.2,28.6,0.59,18.7,5.0,41.8,18.6,46.8,2026-08-23 02:10:19
8597,1,88.5,38.3,75.2,1.15,39.2,15.5,50.9,30.9,82.8,2026-08-23 02:18:19
8598,7,74.4,34.1,63.4,0.94,26.0,15.0,39.7,35.1,60.1,2026-08-23 02:26:19
8599,10,33.9,15.1,24.7,0.51,13.4,5.1,47.7,18.2,42.1,2026-08-23 02:34:19
8600,10,74.8,32.7,47.3,1.05,31.9,11.4,53.7,19.8,38.5,2026-08-23 02:42:19
8601,1,42.0,18.7,35.5,0.52,16.7,9.3,41.0,33.9,49.3,2026-08-23 02:50:19
8602,9,36.3,16.8,31.1,0.57,12.2,8.6,32.2,28.9,49.3,2026-08-23 02:58:19
8603,6,137.1,61.2,105.8,1.84,53.8,26.3,51.7,27.2,57.5,2026-08-23 03:06:19
8604,5,111.3,48.6,69.2,1.41,47.7,20.4,53.8,37.9,76.1,2026-08-23 03:14:19
8605,10,51.1,23.4,34.4,0.62,17.9,11.2,27.4,21.7,51.1,2026-08-23 03:22:19
8606,8,95.0,41.7,85.7,1.17,39.9,16.9,40.0,23.1,42.6,2026-08-23 03:30:19
8607,6,94.4,41.6,82.2,1.28,39.1,15.0,50.3,31.7,36.0,2026-08-23 03:38:19
8608,8,142.9,63.1,107.8,1.85,58.7,23.6,30.2,32.6,34.1,2026-08-23 03:46:19
8609,2,154.5,69.0,142.3,2.05,60.6,28.2,32.8,20.2,51.7,2026-08-23 03:54:19
8610,10,121.4,54.7,90.0,1.6,45.8,23.6,52.2,30.6,47.7,2026-08-23 04:02:19
8611,2,43.8,18.7,34.2,0.55,20.3,7.9,25.6,34.7,67.4,2026-08-23 04:10:19
8612,7,139.4,62.4,127.5,1.88,54.1,24.3,41.3,25.7,68.6,2026-08-23 04:18:19
8613,9,133.2,59.2,102.6,1.8,53.3,23.0,54.2,34.9,38.4,2026-08-23 04:26:19
8614,10,32.5,14.5,29.7,0.37,12.7,6.5,45.6,27.8,33.0,2026-08-23 04:34:19
8615,6,74.8,32.3,63.8,0.98,33.3,14.0,37.2,27.1,35.4,2026-08-23 04:42:19
8616,1,89.4,39.9,83.2,1.1,35.2,16.4,45.0,37.3,37.5,2026-08-23 04:50:19
8617,10,145.9,65.6,127.7,1.95,55.7,26.4,54.5,27.2,61.1,2026-08-23 04:58:19
8618,3,59.5,26.0,42.5,0.7,25.3,11.3,29.9,26.2,67.7,2026-08-23 05:06:19
8619,9,83.6,37.1,74.7,1.07,33.6,14.0,39.5,20.9,32.5,2026-08-23 05:14:19
8620,4,93.2,41.5,58.8,1.25,36.9,16.0,48.2,33.5,33.1,2026-08-23 05:22:19
8621,8,68.7,30.4,45.6,0.92,27.9,12.5,46.1,29.6,43.8,2026-08-23 05:30:19
8622,10,67.3,29.0,58.8,0.85,30.2,11.8,43.7,27.7,76.9,2026-08-23 05:38:19
8623,2,60.4,27.6,43.6,0.77,21.5,10.4,35.9,21.9,45.0,2026-08-23 05:46:19
8624,7,15.0,5.0,9.4,0.2,10.0,5.0,40.0,29.4,55.0,2026-08-23 05:54:19
8625,9,20.7,8.7,13.6,0.22,10.0,5.0,25.8,32.0,57.3,2026-08-23 06:02:19
8626,5,74.7,33.0,49.5,1.09,30.6,14.0,50.9,33.4,36.4,2026-08-23 06:10:19
8627,3,28.4,11.8,22.8,0.29,14.3,5.0,31.4,19.5,80.1,2026-08-23 06:18:19
8628,8,121.2,54.5,101.2,1.69,46.1,22.4,28.0,35.5,64.7,2026-08-23 06:26:19
8629,1,47.1,21.3,32.4,0.73,17.6,9.5,35.7,20.7,51.0,2026-08-23 06:34:19
8630,3,71.5,30.9,54.5,0.98,31.8,12.6,38.2,20.8,60.0,2026-08-23 06:42:19
8631,5,105.7,47.0,93.2,1.48,42.2,18.5,48.0,29.8,79.2,2026-08-23 06:50:19
8632,5,142.2,62.5,95.4,1.84,59.3,25.9,33.7,20.5,73.7,2026-08-23 06:58:19
8633,6,52.1,22.6,32.7,0.72,22.9,7.1,33.3,22.3,62.7,2026-08-23 07:06:19
8634,4,63.0,28.1,45.4,0.79,24.8,10.3,44.1,22.9,65.6,2026-08-23 07:14:19
8635,2,62.9,28.9,52.7,0.85,21.8,11.5,42.4,29.3,78.0,2026-08-23 07:22:19
8636,10,85.1,38.2,54.8,1.12,32.6,16.1,40.3,33.0,55.5,2026-08-23 07:30:19
8637,7,67.6,30.8,43.3,0.89,24.4,13.7,41.3,31.6,40.4,2026-08-23 07:38:19
8638,10,115.8,51.0,78.0,1.45,48.0,19.1,43.8,20.0,42.4,2026-08-23 07:46:19
8639,3,80.3,36.8,69.8,1.04,28.2,14.0,51.4,31.5,30.4,2026-08-23 07:54:19
8640,9,63.6,27.7,45.6,0.82,27.4,12.6,34.2,20.8,56.6,2026-08-23 08:02:19
8641,2,39.1,18.2,35.8,0.45,12.7,8.8,39.9,29.4,42.7,2026-08-23 08:10:19
8642,7,74.5,33.2,53.9,1.09,29.5,12.0,51.9,33.8,72.9,2026-08-23 08:18:19
8643,4,114.0,51.1,79.2,1.45,44.1,22.2,28.6,22.0,81.3,2026-08-23 08:26:19
8644,3,97.7,44.2,70.2,1.23,36.3,19.1,31.3,35.7,70.7,2026-08-23 08:34:19
8645,2,87.3,39.4,77.9,1.25,32.8,15.4,31.6,21.5,45.0,2026-08-23 08:42:19
8646,8,105.7,47.4,81.0,1.47,40.7,17.7,45.6,22.3,42.7,2026-08-23 08:50:19
8647,3,75.4,32.7,66.5,1.03,33.0,12.3,46.0,21.2,80.6,2026-08-23 08:58:19
8648,8,113.0,50.9,92.7,1.62,42.8,19.0,36.2,22.9,64.7,2026-08-23 09:06:19
8649,8,17.2,6.8,10.7,0.24,10.0,5.0,30.5,28.7,44.2,2026-08-23 09:14:19
8650,1,60.8,26.6,55.3,0.88,25.9,12.4,52.4,25.7,74.3,2026-08-23 09:22:19
8651,8,139.7,61.6,129.2,1.93,57.6,24.7,32.4,30.0,55.1,2026-08-23 09:30:19
8652,4,104.4,46.1,64.6,1.37,42.8,19.1,49.1,28.6,79.1,2026-08-23 09:38:19
8653,6,15.0,5.0,8.3,0.1,10.0,5.0,36.5,27.2,73.7,2026-08-23 09:46:19
8654,2,88.8,39.4,56.7,1.12,35.7,14.2,32.5,32.6,42.0,2026-08-23 09:54:19
8655,4,59.6,26.6,52.0,0.86,23.4,10.3,48.6,29.6,66.6,2026-08-23 10:02:19
8656,10,165.9,73.3,130.5,2.22,68.0,29.8,44.4,29.2,43.5,2026-08-23 10:10:19
8657,2,114.0,50.2,99.6,1.59,47.2,21.0,27.6,24.9,37.0,2026-08-23 10:18:19
8658,10,23.6,9.7,17.3,0.27,12.2,5.0,52.2,19.5,77.7,2026-08-23 10:26:19
8659,6,30.4,12.7,22.9,0.47,15.0,5.0,31.3,25.7,33.2,2026-08-23 10:34:19
8660,2,30.8,13.6,27.7,0.37,12.6,5.0,36.0,27.3,78.9,2026-08-23 10:42:19
8661,7,114.8,50.2,87.0,1.56,48.9,18.7,29.4,34.3,50.1,2026-08-23 10:50:19
8662,2,57.0,25.5,46.1,0.79,22.1,10.3,29.2,28.2,64.5,2026-08-23 10:58:19
8663,8,29.1,13.4,26.8,0.46,10.0,6.9,46.8,25.6,61.9,2026-08-23 11:06:19
8664,3,64.3,27.6,50.0,0.76,29.3,12.5,50.2,22.9,40.5,2026-08-23 11:14:19
8665,4,80.5,36.8,76.0,1.02,28.5,15.3,47.1,19.2,57.3,2026-08-23 11:22:19
8666,4,78.2,34.1,66.2,1.07,33.7,15.4,48.6,36.6,83.4,2026-08-23 11:30:19
8667,10,86.4,39.2,70.3,1.12,31.6,17.4,42.8,22.1,72.2,2026-08-23 11:38:19
8668,10,51.0,23.2,43.9,0.73,18.5,8.7,44.0,31.5,54.7,2026-08-23 11:46:19
8669,5,70.8,32.5,55.8,0.96,24.5,12.6,44.4,21.6,40.6,2026-08-23 11:54:19
8670,2,114.6,51.1,98.3,1.58,45.2,18.7,32.5,32.7,44.5,2026-08-23 12:02:19
8671,7,89.6,39.2,75.6,1.18,38.1,15.0,46.1,23.5,30.7,2026-08-23 12:10:19
8672,1,43.3,19.4,35.9,0.49,16.7,6.1,35.6,37.5,45.9,2026-08-23 12:18:19
8673,3,161.6,72.7,121.5,2.14,61.4,30.2,27.6,22.0,73.4,2026-08-23 12:26:19
8674,9,68.0,29.4,42.0,0.91,30.1,12.1,46.1,34.8,48.9,2026-08-23 12:34:19
8675,1,82.9,37.4,60.5,1.13,31.1,16.9,33.8,25.7,74.8,2026-08-23 12:42:19
8676,1,60.4,26.1,39.9,0.69,26.8,10.4,25.2,27.5,65.2,2026-08-23 12:50:19
8677,6,81.8,36.9,72.5,1.12,30.7,16.2,25.2,22.2,46.3,2026-08-23 12:58:19
8678,1,99.4,43.8,72.8,1.34,41.2,18.0,34.8,24.0,34.7,2026-08-23 13:06:19
8679,4,67.2,30.1,49.5,0.92,26.1,12.0,44.7,34.5,35.5,2026-08-23 13:14:19
8680,1,86.4,37.9,73.6,1.15,36.3,15.2,29.1,32.8,53.6,2026-08-23 13:22:19
8681,10,54.3,23.3,41.9,0.78,24.8,10.6,53.6,34.6,63.1,2026-08-23 13:30:19
8682,7,108.5,48.4,88.4,1.48,42.8,20.8,29.9,26.5,34.3,2026-08-23 13:38:19
8683,9,76.4,34.9,60.4,0.97,27.2,14.7,28.7,19.6,44.1,2026-08-23 13:46:19
8684,7,56.5,25.6,36.1,0.86,20.8,9.5,38.0,19.3,36.5,2026-08-23 13:54:19
8685,3,21.2,9.0,16.8,0.25,10.0,5.0,28.5,31.0,60.4,2026-08-23 14:02:19
8686,3,78.3,35.2,63.1,1.12,29.8,12.5,34.2,20.7,64.0,2026-08-23 14:10:19
8687,4,151.3,66.6,124.1,2.08,62.8,25.5,37.2,33.5,33.0,2026-08-23 14:18:19
8688,4,98.2,44.4,92.0,1.23,36.5,16.0,31.7,22.8,41.3,2026-08-23 14:26:19
8689,4,141.6,63.8,131.7,1.98,53.6,24.8,53.8,24.6,41.7,2026-08-23 14:34:19
8690,3,46.3,19.9,37.5,0.68,21.0,9.3,39.2,23.7,39.2,2026-08-23 14:42:19
8691,8,85.8,37.7,78.4,1.22,35.8,16.4,52.5,25.3,65.2,2026-08-23 14:50:19
8692,8,57.4,25.7,41.3,0.78,22.3,8.8,43.4,32.4,84.4,2026-08-23 14:58:19
8693,9,44.7,20.1,38.8,0.58,17.0,8.6,28.4,29.9,69.2,2026-08-23 15:06:19
8694,8,96.9,42.1,73.0,1.32,42.2,17.1,52.1,22.9,68.7,2026-08-23 15:14:19
8695,7,103.1,46.5,90.1,1.49,38.8,19.6,40.1,33.2,51.7,2026-08-23 15:22:19
8696,10,29.7,13.7,24.3,0.44,10.1,6.7,37.9,36.1,48.3,2026-08-23 15:30:19
8697,1,79.8,34.6,58.6,1.01,35.1,15.1,29.1,27.2,73.0,2026-08-23 15:38:19
8698,2,164.0,73.5,116.3,2.23,63.3,28.0,45.7,34.9,32.3,2026-08-23 15:46:19
8699,8,74.3,33.8,59.8,0.99,27.0,13.2,40.7,18.5,72.4,2026-08-23 15:54:19
8700,8,142.8,62.4,115.9,1.86,61.0,23.4,47.0,21.3,66.1,2026-08-23 16:02:19
8701,5,79.6,35.7,64.6,1.05,30.6,15.1,51.8,32.8,68.6,2026-08-23 16:10:19
8702,8,85.1,37.2,59.1,1.08,36.3,15.1,46.8,22.5,64.0,2026-08-23 16:18:19
8703,1,107.7,47.7,93.1,1.51,43.6,19.6,33.5,30.6,57.5,2026-08-23 16:26:19
8704,4,81.3,36.7,66.6,1.19,30.4,14.2,29.4,31.3,34.9,2026-08-23 16:34:19
8705,5,90.5,39.6,58.7,1.28,38.5,17.1,39.4,29.5,50.8,2026-08-23 16:42:19
8706,7,44.9,19.4,39.3,0.62,20.0,6.4,52.4,38.0,47.7,2026-08-23 16:50:19
8707,9,100.3,43.7,79.2,1.38,43.2,18.7,50.5,23.2,56.2,2026-08-23 16:58:19
8708,3,15.0,5.0,7.5,0.15,10.0,5.0,38.9,30.5,67.5,2026-08-23 17:06:19
8709,1,54.9,23.5,43.2,0.62,25.1,9.6,36.9,19.2,32.7,2026-08-23 17:14:19
8710,2,74.5,32.6,66.2,0.91,31.6,12.0,45.8,36.9,41.0,2026-08-23 17:22:19
8711,2,39.4,18.0,36.8,0.48,14.0,6.6,51.5,27.8,81.2,2026-08-23 17:30:19
8712,2,138.4,60.7,90.8,1.86,58.3,23.3,41.4,32.3,43.7,2026-08-23 17:38:19
8713,5,61.3,27.1,42.8,0.79,25.0,12.5,47.0,19.3,49.0,2026-08-23 17:46:19
8714,2,43.4,20.0,33.1,0.66,14.8,6.7,30.7,31.0,60.3,2026-08-23 17:54:19
8715,10,86.4,38.3,74.0,1.21,35.0,16.2,40.9,26.6,76.0,2026-08-23 18:02:19
8716,3,15.0,5.0,9.7,0.22,10.0,5.0,29.3,33.0,56.8,2026-08-23 18:10:19
8717,7,17.2,6.8,11.7,0.15,10.0,5.0,28.1,21.1,75.1,2026-08-23 18:18:19
8718,1,47.1,20.4,42.4,0.54,20.7,7.7,25.9,29.7,46.4,2026-08-23 18:26:19
8719,1,64.6,29.2,49.6,0.9,24.0,12.3,46.9,31.3,34.7,2026-08-23 18:34:19
8720,1,32.5,13.9,28.4,0.51,14.9,5.7,38.0,30.2,45.7,2026-08-23 18:42:19
8721,2,129.8,57.7,110.8,1.7,51.9,23.8,48.1,26.6,58.6,2026-08-23 18:50:19
8722,7,115.4,52.1,79.9,1.51,43.3,19.0,50.8,29.9,36.0,2026-08-23 18:58:19
8723,8,99.7,45.0,81.3,1.44,37.3,18.2,44.2,32.0,33.1,2026-08-23 19:06:19
8724,4,47.9,20.7,31.1,0.62,21.3,8.1,53.3,26.8,40.8,2026-08-23 19:14:19
8725,4,133.4,59.0,118.9,1.76,54.5,25.3,28.0,36.3,70.3,2026-08-23 19:22:19
8726,3,104.1,46.3,66.1,1.31,41.6,17.9,35.3,25.1,69.7,2026-08-23 19:30:19
8727,3,84.5,37.5,63.9,1.18,34.0,15.3,27.9,21.9,57.7,2026-08-23 19:38:19
8728,4,51.2,23.8,49.5,0.77,16.8,7.8,28.1,37.6,71.1,2026-08-23 19:46:19
8729,5,35.7,15.6,27.6,0.4,15.2,6.3,27.8,25.9,72.8,2026-08-23 19:54:19
8730,2,127.4,57.0,97.2,1.75,49.6,21.6,33.8,29.5,77.3,2026-08-23 20:02:19
8731,8,100.5,44.1,66.9,1.23,42.3,18.7,54.5,37.6,46.0,2026-08-23 20:10:19
8732,6,104.4,46.3,96.8,1.33,42.1,19.1,29.2,18.6,51.7,2026-08-23 20:18:19
8733,3,141.9,62.1,97.7,1.87,60.3,22.9,40.2,31.5,45.4,2026-08-23 20:26:19
8734,8,52.0,23.5,42.5,0.73,19.3,10.7,49.4,24.7,61.9,2026-08-23 20:34:19
8735,2,129.6,58.6,116.0,1.84,48.2,22.3,54.3,25.1,72.4,2026-08-23 20:42:19
8736,10,128.1,56.2,83.7,1.63,53.8,22.8,33.0,19.0,57.5,2026-08-23 20:50:19
8737,9,104.6,47.1,90.1,1.44,39.7,17.5,30.6,23.8,77.8,2026-08-23 20:58:19
8738,1,25.9,11.6,19.8,0.26,10.0,5.0,47.8,33.3,70.8,2026-08-23 21:06:19
8739,5,60.0,26.7,42.0,0.86,23.9,9.5,34.5,33.3,63.9,2026-08-23 21:14:19
8740,6,38.7,16.1,32.3,0.43,19.4,6.6,33.4,28.2,70.6,2026-08-23 21:22:19
8741,10,117.8,52.9,97.4,1.61,45.2,19.9,41.0,29.3,82.3,2026-08-23 21:30:19
8742,2,119.8,53.9,99.5,1.65,45.6,21.3,51.4,22.5,60.0,2026-08-23 21:38:19
8743,3,90.1,40.2,64.3,1.11,35.4,17.7,54.5,24.5,47.3,2026-08-23 21:46:19
8744,1,25.5,10.5,17.0,0.35,13.1,5.0,35.0,30.7,72.1,2026-08-23 21:54:19
8745,9,49.6,22.0,45.1,0.73,20.0,10.7,53.4,22.6,43.8,2026-08-23 22:02:19
8746,9,105.3,47.2,86.6,1.44,40.7,20.4,28.9,18.1,36.3,2026-08-23 22:10:19
8747,5,60.8,26.4,54.7,0.69,26.5,11.0,48.5,27.7,68.4,2026-08-23 22:18:19
8748,5,101.7,45.2,80.0,1.31,40.7,19.7,53.6,23.6,53.6,2026-08-23 22:26:19
8749,2,100.3,44.4,79.7,1.4,40.7,19.7,53.3,25.7,60.1,2026-08-23 22:34:19
8750,1,65.6,29.5,44.0,0.94,25.0,10.0,40.2,36.9,33.4,2026-08-23 22:42:19
8751,10,68.6,29.6,57.7,0.81,30.7,12.7,40.5,36.4,75.7,2026-08-23 22:50:19
8752,6,15.0,5.0,8.4,0.16,10.0,5.0,30.5,27.5,60.8,2026-08-23 22:58:19
8753,5,71.3,32.7,49.0,1.05,24.9,12.2,29.5,34.0,83.0,2026-08-23 23:06:19
8754,5,105.5,46.6,81.5,1.31,43.3,19.3,31.2,31.3,74.4,2026-08-23 23:14:19
8755,1,88.4,38.2,65.5,1.19,39.3,16.5,47.2,35.6,76.5,2026-08-23 23:22:19
8756,9,65.6,29.6,42.7,0.84,24.7,12.0,25.1,21.5,53.8,2026-08-23 23:30:19
8757,9,101.5,45.7,72.0,1.32,38.5,17.7,30.8,37.0,61.3,2026-08-23 23:38:19
8758,2,45.9,20.0,39.2,0.67,19.7,7.7,51.5,22.8,55.7,2026-08-23 23:46:19
8759,7,91.4,39.7,80.0,1.22,39.9,15.0,28.4,28.0,68.6,2026-08-23 23:54:19
8760,3,105.7,47.8,78.8,1.5,39.4,17.9,27.5,29.4,76.0,2026-08-24 00:02:19
8761,6,91.5,40.5,72.2,1.29,37.2,16.2,28.5,20.0,31.7,2026-08-24 00:10:19
8762,9,71.5,32.2,63.9,0.88,27.1,12.6,29.2,22.7,38.2,2026-08-24 00:18:19
8763,1,46.1,21.3,35.2,0.65,15.5,9.8,35.8,34.8,51.8,2026-08-24 00:26:19
8764,8,83.9,38.0,72.6,1.21,30.9,15.2,33.4,18.0,83.7,2026-08-24 00:34:19
8765,8,109.3,48.3,74.2,1.5,44.7,18.3,49.9,25.2,61.1,2026-08-24 00:42:19
8766,2,79.5,34.6,60.6,1.08,34.5,14.9,32.9,33.7,82.6,2026-08-24 00:50:19
8767,2,68.9,31.4,64.2,0.93,24.8,14.5,26.9,29.0,45.4,2026-08-24 00:58:19
8768,4,101.8,45.6,68.8,1.4,39.5,20.0,47.0,24.7,62.3,2026-08-24 01:06:19
8769,5,69.7,31.6,58.7,0.93,25.7,13.9,34.8,37.1,55.4,2026-08-24 01:14:19
8770,4,17.8,7.1,12.9,0.23,10.0,5.0,30.7,20.8,51.3,2026-08-24 01:22:19
8771,10,95.4,42.1,79.3,1.27,39.2,18.0,49.4,23.5,55.7,2026-08-24 01:30:19
8772,4,112.3,49.0,77.2,1.41,48.3,18.2,47.2,31.5,69.5,2026-08-24 01:38:19
8773,8,52.1,23.6,43.4,0.65,19.3,8.4,48.3,33.9,66.1,2026-08-24 01:46:19
8774,3,61.8,27.0,43.4,0.89,26.4,9.1,39.8,28.9,35.0,2026-08-24 01:54:19
8775,9,83.5,37.2,64.9,1.02,33.1,16.0,42.8,29.4,70.4,2026-08-24 02:02:19
8776,8,114.1,51.5,99.7,1.49,42.7,22.2,42.4,28.3,32.0,2026-08-24 02:10:19
8777,4,76.3,33.0,59.4,0.99,33.8,14.4,39.4,27.2,35.2,2026-08-24 02:18:19
8778,10,30.2,12.7,26.6,0.31,14.6,5.0,27.1,24.4,52.2,2026-08-24 02:26:19
8779,7,87.3,38.9,73.1,1.23,34.6,17.0,25.1,33.8,50.6,2026-08-24 02:34:19
8780,7,75.7,34.4,69.7,1.0,27.5,12.4,53.1,22.6,61.3,2026-08-24 02:42:19
8781,3,105.3,47.4,80.9,1.33,40.0,18.0,28.3,31.4,84.2,2026-08-24 02:50:19
8782,10,49.7,21.9,39.5,0.7,20.6,8.9,36.7,21.7,34.1,2026-08-24 02:58:19
8783,7,105.6,47.0,85.2,1.32,41.9,18.9,42.5,18.9,71.2,2026-08-24 03:06:19
8784,8,149.6,66.3,139.2,1.93,60.5,28.2,30.1,34.5,60.4,2026-08-24 03:14:19
8785,4,115.4,51.0,101.0,1.53,47.3,20.6,38.2,36.0,83.1,2026-08-24 03:22:19
8786,5,79.4,36.4,63.2,1.11,27.8,13.2,41.6,25.1,65.5,2026-08-24 03:30:19
8787,6,88.7,40.5,68.4,1.24,31.6,16.8,32.6,23.1,65.2,2026-08-24 03:38:19
8788,6,80.2,36.6,62.8,1.19,28.7,13.0,26.0,35.6,65.8,2026-08-24 03:46:19
8789,10,73.6,33.1,46.6,0.9,28.1,12.5,53.4,30.2,75.9,2026-08-24 03:54:19
8790,2,142.2,63.0,88.2,1.96,57.5,26.3,53.5,35.9,52.4,2026-08-24 04:02:19
8791,7,98.5,44.3,72.8,1.41,37.5,16.1,50.6,25.1,76.6,2026-08-24 04:10:19
8792,7,63.0,28.1,40.7,0.84,24.8,11.1,35.3,33.0,68.7,2026-08-24 04:18:19
8793,4,48.4,21.7,44.1,0.73,18.7,6.9,37.1,19.0,37.2,2026-08-24 04:26:19
8794,5,60.7,26.6,39.1,0.83,25.7,8.7,47.9,37.6,56.5,2026-08-24 04:34:19
8795,4,63.5,27.9,46.5,0.75,26.5,12.0,34.7,26.1,68.3,2026-08-24 04:42:19
8796,8,107.4,48.5,99.8,1.4,40.3,17.5,54.9,30.4,80.3,2026-08-24 04:50:19
8797,2,21.9,9.4,14.5,0.23,10.0,5.0,33.7,35.5,34.8,2026-08-24 04:58:19
8798,4,113.6,51.0,99.6,1.53,43.6,19.1,26.3,31.5,60.8,2026-08-24 05:06:19
8799,2,92.9,40.9,66.6,1.22,38.6,14.7,30.6,28.8,83.4,2026-08-24 05:14:19
8800,6,70.7,31.9,60.0,0.9,26.5,13.5,51.8,21.4,61.6,2026-08-24 05:22:19
8801,5,121.4,53.0,97.5,1.49,51.9,20.8,48.7,20.0,66.4,2026-08-24 05:30:19
8802,5,33.8,15.1,31.3,0.53,13.2,7.9,34.9,20.0,77.0,2026-08-24 05:38:19
8803,5,116.1,50.6,95.0,1.53,50.1,20.5,26.4,27.9,45.4,2026-08-24 05:46:19
8804,1,123.8,54.0,110.9,1.57,53.1,23.5,37.6,26.9,66.3,2026-08-24 05:54:19
8805,5,42.7,18.0,33.3,0.45,20.6,7.9,33.3,23.5,51.5,2026-08-24 06:02:19
8806,9,77.0,34.8,59.1,1.01,28.8,12.0,37.6,25.0,56.8,2026-08-24 06:10:19
8807,3,57.2,26.5,53.3,0.88,18.9,10.3,53.6,27.5,82.2,2026-08-24 06:18:19
8808,1,144.9,63.8,106.4,1.83,60.1,26.6,46.9,24.4,38.1,2026-08-24 06:26:19
8809,7,116.7,51.1,92.7,1.52,49.5,21.7,39.6,31.5,77.3,2026-08-24 06:34:19
8810,5,60.4,27.9,46.8,0.82,20.4,12.3,43.0,29.1,69.5,2026-08-24 06:42:19
8811,7,50.2,21.3,35.7,0.64,23.7,9.0,40.1,33.4,70.5,2026-08-24 06:50:19
8812,9,52.4,22.5,39.0,0.7,23.8,10.4,27.1,20.1,42.7,2026-08-24 06:58:19
8813,4,172.4,76.4,116.1,2.31,69.7,29.2,52.4,19.8,81.9,2026-08-24 07:06:19
8814,5,61.3,27.3,51.0,0.82,24.4,12.3,43.5,32.1,79.1,2026-08-24 07:14:19
8815,10,72.4,32.7,57.9,1.02,27.0,11.4,51.1,23.9,36.7,2026-08-24 07:22:19
8816,4,46.8,19.7,32.7,0.66,22.7,6.3,46.1,25.3,38.9,2026-08-24 07:30:19
8817,5,73.7,32.5,59.1,0.94,30.3,13.7,47.5,21.3,64.8,2026-08-24 07:38:19
8818,5,23.4,10.2,17.9,0.37,10.0,5.0,42.2,37.8,52.1,2026-08-24 07:46:19
8819,6,55.2,23.8,46.4,0.78,24.7,9.8,41.7,21.6,37.7,2026-08-24 07:54:19
8820,9,79.2,35.6,56.8,1.04,30.2,15.2,52.0,20.2,64.0,2026-08-24 08:02:19
8821,8,99.5,44.5,73.6,1.39,38.7,17.9,38.7,31.2,48.2,2026-08-24 08:10:19
8822,3,32.0,14.1,22.3,0.37,13.2,5.0,31.4,28.1,66.1,2026-08-24 08:18:19
8823,2,84.9,36.7,55.6,1.03,37.7,13.0,28.3,22.2,78.4,2026-08-24 08:26:19
8824,6,129.2,56.6,96.0,1.74,54.7,24.6,40.4,23.0,50.2,2026-08-24 08:34:19
8825,7,82.2,37.3,66.6,1.03,30.1,13.4,29.6,18.1,58.4,2026-08-24 08:42:19
8826,4,102.2,46.4,75.4,1.32,37.3,18.6,49.2,24.8,37.7,2026-08-24 08:50:19
8827,10,44.1,20.1,41.9,0.55,15.8,7.8,41.9,33.7,36.5,2026-08-24 08:58:19
8828,10,74.7,34.1,47.9,1.05,26.6,12.7,45.2,18.3,31.0,2026-08-24 09:06:19
8829,4,109.3,48.7,71.6,1.38,43.2,20.2,29.9,29.4,63.0,2026-08-24 09:14:19
8830,4,32.9,13.8,20.6,0.5,16.2,5.3,44.6,25.0,62.2,2026-08-24 09:22:19
8831,10,101.4,45.0,66.7,1.33,40.8,18.0,26.1,35.0,45.5,2026-08-24 09:30:19
8832,2,15.0,5.0,8.4,0.12,10.0,5.0,54.7,21.4,48.2,2026-08-24 09:38:19
8833,5,119.4,53.2,95.1,1.55,47.3,22.2,25.0,23.5,61.2,2026-08-24 09:46:19
8834,4,42.5,19.0,31.6,0.54,16.5,5.8,47.7,27.3,39.6,2026-08-24 09:54:19
8835,10,139.6,62.6,106.1,1.89,53.8,23.7,54.2,25.1,84.8,2026-08-24 10:02:19
8836,7,76.1,34.0,50.9,0.92,29.8,13.7,43.6,35.8,53.4,2026-08-24 10:10:19
8837,2,78.6,34.0,52.8,0.95,34.7,13.0,32.3,23.2,49.3,2026-08-24 10:18:19
8838,5,66.2,28.5,40.9,0.84,29.9,10.3,34.8,29.4,47.7,2026-08-24 10:26:19
8839,5,54.3,23.1,41.7,0.78,25.5,10.4,35.4,19.1,40.0,2026-08-24 10:34:19
8840,10,50.8,23.4,36.5,0.75,17.4,10.0,33.2,26.5,57.3,2026-08-24 10:42:19
8841,1,72.4,33.1,56.9,1.07,25.7,13.8,48.9,29.2,65.7,2026-08-24 10:50:19
8842,9,128.1,56.4,100.1,1.62,53.2,22.6,35.5,22.5,39.2,2026-08-24 10:58:19
8843,4,65.6,29.1,52.4,0.97,26.4,12.7,52.5,33.7,63.7,2026-08-24 11:06:19
8844,9,75.7,32.7,57.1,0.99,33.7,12.7,44.9,23.7,67.6,2026-08-24 11:14:19
8845,4,111.0,49.4,99.1,1.43,44.2,19.6,40.5,32.8,52.3,2026-08-24 11:22:19
8846,7,43.9,20.4,32.0,0.54,14.4,7.8,44.3,27.8,40.5,2026-08-24 11:30:19
8847,2,92.3,40.3,73.2,1.17,39.5,15.6,30.3,20.1,55.1,2026-08-24 11:38:19
8848,9,66.2,30.2,63.4,0.87,23.6,11.3,36.6,18.4,59.9,2026-08-24 11:46:19
8849,4,95.9,42.1,79.1,1.34,40.2,18.2,38.7,32.6,72.3,2026-08-24 11:54:19
8850,4,83.5,38.2,59.3,1.12,29.4,13.4,31.0,34.9,84.6,2026-08-24 12:02:19
8851,5,79.0,35.5,57.9,1.08,30.2,15.8,53.3,36.3,44.3,2026-08-24 12:10:19
8852,5,74.2,33.1,63.0,0.89,29.2,14.5,36.1,32.5,37.1,2026-08-24 12:18:19
8853,4,42.6,19.1,29.8,0.66,16.4,9.3,50.1,31.3,35.8,2026-08-24 12:26:19
8854,10,91.3,40.4,71.7,1.18,37.1,16.4,53.2,33.5,70.6,2026-08-24 12:34:19
8855,4,54.5,24.3,48.3,0.72,21.6,10.7,26.4,34.5,48.4,2026-08-24 12:42:19
8856,7,19.8,8.2,13.5,0.31,10.0,5.0,31.9,18.8,57.8,2026-08-24 12:50:19
8857,6,91.3,41.2,81.3,1.15,34.2,16.1,54.0,23.1,84.9,2026-08-24 12:58:19
8858,5,53.3,24.5,49.0,0.78,18.4,9.6,36.6,27.5,38.9,2026-08-24 13:06:19
8859,3,145.5,65.7,118.1,1.96,54.4,26.9,52.3,34.2,69.1,2026-08-24 13:14:19
8860,4,84.6,37.6,67.5,1.17,33.8,13.9,53.4,19.6,73.9,2026-08-24 13:22:19
8861,8,92.2,40.0,83.0,1.27,40.3,14.4,39.3,18.2,52.6,2026-08-24 13:30:19
8862,10,74.4,32.4,47.3,0.91,32.1,14.9,53.8,28.7,31.9,2026-08-24 13:38:19
8863,1,104.8,45.6,74.1,1.46,45.5,19.6,25.1,35.0,84.0,2026-08-24 13:46:19
8864,8,67.3,30.0,45.8,0.99,26.7,11.1,38.7,30.6,70.0,2026-08-24 13:54:19
8865,6,57.9,25.3,35.7,0.76,24.8,9.0,45.5,31.8,71.5,2026-08-24 14:02:19
8866,2,58.6,26.9,49.6,0.87,20.4,9.2,51.0,29.1,81.4,2026-08-24 14:10:19
8867,7,19.2,7.9,16.5,0.33,10.0,5.0,27.2,21.1,38.7,2026-08-24 14:18:19
8868,10,101.7,45.8,68.4,1.36,38.6,18.9,28.2,24.3,82.5,2026-08-24 14:26:19
8869,3,78.8,35.9,73.8,1.15,28.3,15.1,40.5,31.8,62.1,2026-08-24 14:34:19
8870,1,60.7,25.9,53.3,0.69,28.1,9.3,31.8,23.7,49.6,2026-08-24 14:42:19
8871,3,24.1,10.6,18.2,0.34,10.0,5.4,36.2,29.5,56.6,2026-08-24 14:50:19
8872,4,50.7,23.3,34.9,0.72,17.5,9.6,51.0,30.6,68.2,2026-08-24 14:58:19
8873,1,91.2,40.0,65.0,1.19,38.4,14.5,42.8,32.2,31.9,2026-08-24 15:06:19
8874,6,90.8,40.0,74.7,1.17,37.7,16.5,38.8,31.2,33.1,2026-08-24 15:14:19
8875,9,40.6,19.0,34.2,0.66,12.8,6.8,28.3,35.7,31.9,2026-08-24 15:22:19
8876,4,83.1,37.6,74.8,1.23,30.9,13.9,50.5,27.0,45.7,2026-08-24 15:30:19
8877,5,104.7,46.0,69.4,1.44,43.8,17.5,34.6,29.4,32.3,2026-08-24 15:38:19
8878,6,78.4,35.4,69.8,1.08,29.3,12.3,45.0,28.4,83.2,2026-08-24 15:46:19
8879,2,71.2,32.3,53.4,0.89,26.2,11.7,45.1,32.7,39.6,2026-08-24 15:54:19
8880,10,90.8,40.0,66.6,1.2,37.5,14.5,29.3,22.0,33.9,2026-08-24 16:02:19
8881,1,129.7,57.7,116.4,1.66,51.7,21.9,50.2,20.7,63.7,2026-08-24 16:10:19
8882,10,97.7,43.9,77.8,1.32,37.4,18.9,52.0,33.6,57.2,2026-08-24 16:18:19
8883,5,102.8,44.9,64.2,1.33,43.9,18.0,37.0,19.1,71.6,2026-08-24 16:26:19
8884,5,38.8,17.1,34.3,0.47,16.0,6.3,26.6,18.1,54.2,2026-08-24 16:34:19
8885,5,105.1,46.4,95.7,1.49,43.2,18.0,37.0,22.0,51.9,2026-08-24 16:42:19
8886,3,34.9,14.7,28.4,0.53,16.8,6.8,55.0,19.9,47.7,2026-08-24 16:50:19
8887,7,89.8,41.0,63.6,1.28,32.0,16.5,37.3,29.1,50.7,2026-08-24 16:58:19
8888,10,68.8,29.9,50.8,0.97,29.9,13.4,40.0,19.7,62.3,2026-08-24 17:06:19
8889,9,24.0,10.2,17.4,0.23,11.2,5.0,37.6,33.0,51.6,2026-08-24 17:14:19
8890,5,98.2,44.7,87.8,1.25,35.5,17.8,33.7,19.1,68.1,2026-08-24 17:22:19
8891,1,86.6,37.6,66.0,1.18,37.8,14.9,47.9,29.9,46.6,2026-08-24 17:30:19
8892,8,105.3,47.3,66.9,1.48,40.4,20.6,39.9,33.2,41.0,2026-08-24 17:38:19
8893,8,38.2,17.4,25.8,0.62,13.8,7.5,39.0,22.4,51.8,2026-08-24 17:46:19
8894,9,64.4,29.6,57.3,0.86,22.2,11.6,54.1,32.9,74.3,2026-08-24 17:54:19
8895,1,71.9,32.5,65.4,0.99,26.8,11.4,53.4,30.1,84.4,2026-08-24 18:02:19
8896,2,124.8,54.5,83.7,1.67,53.4,19.9,51.0,26.3,52.7,2026-08-24 18:10:19
8897,4,112.8,49.7,80.2,1.51,46.7,19.0,26.0,36.6,36.4,2026-08-24 18:18:19
8898,4,95.3,41.7,64.2,1.23,40.4,15.7,31.4,28.4,83.4,2026-08-24 18:26:19
8899,7,93.0,41.4,66.6,1.19,37.0,16.7,28.6,18.2,84.7,2026-08-24 18:34:19
8900,4,42.5,18.9,27.2,0.52,16.9,9.1,30.7,25.2,48.1,2026-08-24 18:42:19
8901,5,48.4,21.8,32.9,0.65,18.3,8.3,31.3,18.3,50.2,2026-08-24 18:50:19
8902,4,27.5,12.5,25.3,0.38,10.0,5.6,45.7,21.9,53.2,2026-08-24 18:58:19
8903,5,66.0,29.1,49.4,0.95,27.2,13.5,31.2,36.0,59.4,2026-08-24 19:06:19
8904,3,70.8,31.0,58.6,1.03,30.0,13.1,46.1,34.7,81.4,2026-08-24 19:14:19
8905,7,81.5,36.4,52.2,1.05,31.9,14.7,45.8,27.1,83.8,2026-08-24 19:22:19
8906,2,120.5,53.5,97.1,1.56,48.4,22.4,42.1,36.0,67.0,2026-08-24 19:30:19
8907,2,86.8,39.4,78.5,1.18,31.7,17.0,26.4,30.5,65.3,2026-08-24 19:38:19
8908,2,15.1,5.6,8.4,0.1,10.0,5.0,49.0,34.7,49.8,2026-08-24 19:46:19
8909,10,94.9,41.8,66.1,1.35,39.3,17.1,44.6,20.0,55.7,2026-08-24 19:54:19
8910,5,56.2,24.1,33.8,0.71,25.6,9.8,26.5,32.3,40.6,2026-08-24 20:02:19
8911,7,54.3,23.2,37.6,0.68,25.1,11.1,37.1,32.9,58.4,2026-08-24 20:10:19
8912,5,84.7,38.4,72.0,1.19,31.2,14.3,48.9,19.1,32.7,2026-08-24 20:18:19
8913,4,62.4,28.6,51.4,0.89,21.9,9.6,29.1,32.3,58.2,2026-08-24 20:26:19
8914,6,62.4,28.1,47.1,0.75,23.7,12.2,54.8,36.4,32.6,2026-08-24 20:34:19
8915,3,68.7,30.8,52.3,0.85,26.6,13.3,27.7,28.3,82.3,2026-08-24 20:42:19
8916,9,71.9,31.9,59.8,0.95,28.9,10.9,43.2,21.4,78.6,2026-08-24 20:50:19
8917,6,50.8,23.2,34.9,0.71,18.0,9.3,40.0,31.2,46.9,2026-08-24 20:58:19
8918,7,39.9,17.4,32.6,0.6,17.2,8.7,26.6,21.5,71.8,2026-08-24 21:06:19
8919,2,93.9,42.8,70.6,1.22,33.8,15.7,49.8,32.0,62.4,2026-08-24 21:14:19
8920,9,44.0,20.2,35.0,0.6,15.3,6.6,38.6,22.8,32.8,2026-08-24 21:22:19
8921,7,77.3,34.7,54.7,1.08,29.6,13.6,49.3,27.5,61.3,2026-08-24 21:30:19
8922,5,44.2,19.0,26.9,0.47,19.9,6.9,46.8,27.1,67.7,2026-08-24 21:38:19
8923,3,116.3,50.6,86.5,1.5,50.5,18.6,30.3,21.8,62.2,2026-08-24 21:46:19
8924,1,58.7,26.7,44.1,0.74,21.2,9.3,29.9,27.8,57.6,2026-08-24 21:54:19
8925,6,79.4,34.7,50.3,1.04,33.9,13.9,42.4,33.1,71.1,2026-08-24 22:02:19
8926,8,18.3,7.4,14.1,0.14,10.0,5.0,48.7,26.4,78.4,2026-08-24 22:10:19
8927,10,87.4,39.4,66.6,1.23,33.0,15.6,54.1,26.5,71.1,2026-08-24 22:18:19
8928,10,17.8,7.1,14.4,0.22,10.0,5.0,38.5,28.6,31.2,2026-08-24 22:26:19
8929,1,47.1,21.5,43.7,0.62,16.8,8.3,39.2,33.2,36.4,2026-08-24 22:34:19
8930,5,66.5,30.5,44.5,0.83,23.2,10.2,49.7,23.2,75.8,2026-08-24 22:42:19
8931,3,46.0,20.8,39.6,0.67,17.1,8.3,28.2,32.0,82.5,2026-08-24 22:50:19
8932,9,128.1,58.0,93.7,1.68,47.3,21.6,44.2,18.6,75.3,2026-08-24 22:58:19
8933,2,114.0,49.7,77.9,1.52,49.1,20.8,46.3,23.0,41.3,2026-08-24 23:06:19
8934,4,58.9,25.9,42.0,0.77,24.6,9.5,29.9,33.1,47.8,2026-08-24 23:14:19
8935,8,72.2,31.9,58.5,0.9,29.6,13.0,30.0,25.4,82.7,2026-08-24 23:22:19
8936,2,158.0,69.8,128.3,2.09,64.8,26.0,25.2,27.8,33.8,2026-08-24 23:30:19
8937,9,132.7,58.7,85.5,1.79,54.1,24.1,31.3,25.9,65.6,2026-08-24 23:38:19
8938,9,73.0,32.6,67.5,1.0,28.7,14.9,53.7,27.1,59.3,2026-08-24 23:46:19
8939,1,109.1,48.5,88.5,1.47,43.6,18.2,48.8,24.3,69.0,2026-08-24 23:54:19
8940,9,64.2,28.4,46.1,0.87,26.2,12.1,30.8,31.9,81.3,2026-08-25 00:02:19
8941,5,113.7,49.6,86.7,1.43,48.8,20.4,41.4,23.8,52.2,2026-08-25 00:10:19
8942,10,28.2,11.6,18.3,0.32,14.7,6.0,30.2,21.7,34.3,2026-08-25 00:18:19
8943,9,101.8,45.8,90.5,1.42,38.8,17.7,30.1,23.1,68.9,2026-08-25 00:26:19
8944,3,88.7,38.6,76.2,1.2,38.4,14.7,38.1,21.9,39.1,2026-08-25 00:34:19
8945,8,76.1,32.8,55.9,1.03,34.1,15.1,33.2,25.8,79.3,2026-08-25 00:42:19
8946,6,89.0,38.6,76.9,1.09,39.1,17.1,53.7,27.1,37.0,2026-08-25 00:50:19
8947,8,37.1,16.3,29.9,0.42,15.5,7.7,51.0,20.1,62.9,2026-08-25 00:58:19
8948,10,91.2,41.4,67.5,1.3,33.4,18.5,36.2,18.1,48.6,2026-08-25 01:06:19
8949,10,41.2,17.7,34.8,0.59,18.7,7.0,45.5,37.9,63.4,2026-08-25 01:14:19
8950,2,76.8,34.0,53.1,1.04,31.2,13.1,27.8,20.4,74.6,2026-08-25 01:22:19
8951,8,108.6,47.2,94.9,1.34,47.2,19.7,54.6,19.9,79.3,2026-08-25 01:30:19
8952,6,21.5,9.0,18.1,0.31,10.7,5.0,27.1,33.9,45.0,2026-08-25 01:38:19
8953,9,86.9,38.9,78.0,1.19,33.7,13.8,41.3,21.7,79.5,2026-08-25 01:46:19
8954,10,86.3,37.4,73.2,1.13,37.9,16.6,28.0,22.4,53.9,2026-08-25 01:54:19
8955,8,52.6,23.2,32.7,0.78,21.6,9.5,25.8,21.3,60.2,2026-08-25 02:02:19
8956,6,126.1,55.9,111.4,1.77,50.9,21.0,31.5,37.2,48.8,2026-08-25 02:10:19
8957,3,122.6,55.1,88.5,1.62,46.9,21.8,30.6,27.5,48.5,2026-08-25 02:18:19
8958,7,94.1,42.0,60.9,1.21,37.0,15.9,46.8,23.8,65.0,2026-08-25 02:26:19
8959,5,110.7,50.3,75.5,1.41,40.4,18.9,33.2,34.9,44.8,2026-08-25 02:34:19
8960,2,77.7,33.6,49.7,1.04,34.4,12.9,40.5,21.0,77.1,2026-08-25 02:42:19
8961,10,86.9,38.5,64.1,1.17,35.3,17.4,50.6,23.3,47.4,2026-08-25 02:50:19
8962,9,86.2,38.5,70.9,1.24,33.9,16.2,43.3,24.3,84.3,2026-08-25 02:58:19
8963,9,154.8,68.6,101.5,2.06,62.7,29.1,50.6,26.2,49.0,2026-08-25 03:06:19
8964,7,107.5,48.9,91.7,1.53,39.0,20.3,29.2,20.9,79.2,2026-08-25 03:14:19
8965,2,103.2,46.6,97.5,1.42,38.7,18.2,40.9,28.9,67.3,2026-08-25 03:22:19
8966,10,131.8,59.6,117.0,1.69,49.0,25.5,34.2,18.8,45.1,2026-08-25 03:30:19
8967,3,113.0,49.3,82.3,1.43,48.5,21.5,42.2,20.5,44.5,2026-08-25 03:38:19
8968,9,114.8,50.8,89.4,1.54,46.8,21.3,53.0,19.1,74.9,2026-08-25 03:46:19
8969,2,52.8,24.2,46.1,0.74,18.5,11.5,44.9,21.7,83.5,2026-08-25 03:54:19
8970,8,16.9,6.6,9.6,0.24,10.0,5.0,51.8,35.3,81.1,2026-08-25 04:02:19
8971,9,51.3,23.8,35.1,0.8,16.9,9.4,49.1,18.4,41.0,2026-08-25 04:10:19
8972,4,53.2,23.3,38.2,0.66,22.6,7.6,34.4,23.3,71.9,2026-08-25 04:18:19
8973,5,15.0,5.0,7.6,0.15,10.0,5.0,45.0,21.6,48.3,2026-08-25 04:26:19
8974,10,49.4,22.1,41.3,0.75,19.2,7.2,45.5,32.3,67.5,2026-08-25 04:34:19
8975,2,62.8,27.7,49.1,0.85,25.9,10.9,26.1,33.5,61.0,2026-08-25 04:42:19
8976,7,89.8,39.6,68.5,1.15,37.0,16.7,50.8,27.6,78.1,2026-08-25 04:50:19
8977,9,109.6,48.6,95.5,1.45,44.2,20.9,33.9,33.0,79.0,2026-08-25 04:58:19
8978,3,138.5,60.9,115.8,1.9,57.8,24.9,33.9,28.0,35.5,2026-08-25 05:06:19
8979,8,106.9,48.0,77.1,1.48,40.9,17.8,37.4,31.6,39.5,2026-08-25 05:14:19
8980,9,54.5,24.6,45.7,0.82,20.4,8.5,47.4,36.0,44.3,2026-08-25 05:22:19
8981,6,138.8,62.8,128.7,1.84,51.6,24.4,37.1,35.8,68.9,2026-08-25 05:30:19
8982,1,63.7,27.3,42.2,0.9,29.1,11.5,47.9,20.0,62.5,2026-08-25 05:38:19
8983,4,88.2,39.1,76.9,1.26,35.7,15.8,44.1,24.6,33.7,2026-08-25 05:46:19
8984,4,72.8,31.8,57.5,1.04,31.1,11.1,25.7,22.4,48.9,2026-08-25 05:54:19
8985,3,90.0,39.1,56.7,1.15,39.2,17.3,35.2,19.3,67.9,2026-08-25 06:02:19
8986,10,106.5,47.2,80.0,1.48,43.1,17.0,25.9,31.6,76.5,2026-08-25 06:10:19
8987,8,111.7,50.5,78.4,1.55,41.5,21.8,28.1,34.1,42.0,2026-08-25 06:18:19
8988,9,73.4,33.5,59.3,0.95,26.1,12.8,31.2,30.8,32.1,2026-08-25 06:26:19
8989,6,40.7,17.9,34.3,0.51,17.0,7.2,49.9,35.6,69.4,2026-08-25 06:34:19
8990,2,21.9,9.4,15.2,0.26,10.0,5.8,41.4,37.2,76.9,2026-08-25 06:42:19
8991,4,84.4,38.4,67.4,1.06,30.6,15.1,42.7,35.1,39.7,2026-08-25 06:50:19
8992,5,58.4,26.7,53.1,0.73,20.6,12.1,49.3,36.4,41.8,2026-08-25 06:58:19
8993,5,74.5,33.7,54.6,1.04,27.6,15.2,27.3,35.1,40.0,2026-08-25 07:06:19
8994,3,60.5,27.5,39.6,0.88,22.1,12.2,33.8,32.3,32.9,2026-08-25 07:14:19
8995,8,91.1,39.4,78.6,1.09,40.4,16.9,39.3,35.6,42.0,2026-08-25 07:22:19
8996,9,66.5,28.7,42.4,0.81,29.7,11.7,26.4,26.2,71.4,2026-08-25 07:30:19
8997,2,66.5,29.3,55.9,0.82,27.5,10.4,50.5,28.2,51.5,2026-08-25 07:38:19
8998,3,107.9,48.7,95.9,1.42,40.5,20.1,38.5,19.7,78.2,2026-08-25 07:46:19
8999,5,48.3,20.9,33.3,0.59,21.4,7.2,32.3,35.8,72.4,2026-08-25 07:54:19
9000,6,39.0,17.1,27.5,0.61,16.4,7.4,48.8,22.1,66.1,2026-08-25 08:02:19
9001,2,105.0,47.7,77.6,1.35,38.2,17.8,34.3,29.3,79.1,2026-08-25 08:10:19
9002,9,89.6,39.8,63.0,1.24,35.9,16.8,34.9,25.6,76.1,2026-08-25 08:18:19
9003,2,58.7,26.1,49.3,0.83,23.5,9.1,54.7,31.6,31.9,2026-08-25 08:26:19
9004,9,96.1,43.3,76.1,1.35,36.4,18.4,32.7,25.6,73.3,2026-08-25 08:34:19
9005,8,126.6,55.4,94.5,1.6,53.7,23.0,27.9,28.8,70.2,2026-08-25 08:42:19
9006,6,61.5,26.7,40.5,0.72,26.8,8.7,51.7,32.0,50.6,2026-08-25 08:50:19
9007,2,151.4,67.2,110.1,2.09,60.8,26.9,42.6,22.7,61.1,2026-08-25 08:58:19
9008,5,107.5,48.7,92.1,1.45,39.7,18.2,31.1,33.3,77.7,2026-08-25 09:06:19
9009,3,80.3,36.3,61.8,1.03,30.0,16.0,53.3,26.8,72.0,2026-08-25 09:14:19
9010,9,77.9,34.2,53.5,1.03,32.7,14.4,29.7,18.3,33.4,2026-08-25 09:22:19
9011,7,60.1,26.0,50.8,0.87,26.6,11.2,47.8,36.5,69.0,2026-08-25 09:30:19
9012,7,99.5,44.3,71.9,1.36,39.5,15.7,53.4,29.3,68.1,2026-08-25 09:38:19
9013,2,36.9,15.9,26.7,0.55,16.6,6.0,30.4,37.7,39.2,2026-08-25 09:46:19
9014,8,15.0,5.0,9.2,0.11,10.0,5.0,50.0,20.5,50.0,2026-08-25 09:54:19
9015,3,69.2,29.8,46.5,0.85,31.1,11.3,29.5,33.3,73.3,2026-08-25 10:02:19
9016,9,113.1,50.8,93.3,1.59,43.4,22.2,26.4,23.1,78.1,2026-08-25 10:10:19
9017,4,121.8,53.5,109.3,1.64,51.1,19.5,25.5,23.0,32.6,2026-08-25 10:18:19
9018,10,54.2,23.1,39.7,0.61,25.3,10.3,51.2,29.9,63.3,2026-08-25 10:26:19
9019,3,80.8,36.5,58.9,1.14,30.2,15.6,29.7,28.0,70.0,2026-08-25 10:34:19
9020,2,125.6,55.1,83.0,1.67,52.8,22.1,52.0,36.3,65.0,2026-08-25 10:42:19
9021,8,48.3,21.9,39.4,0.74,17.7,10.3,44.3,31.1,45.1,2026-08-25 10:50:19
9022,3,38.1,18.0,29.0,0.61,11.4,7.3,26.4,25.5,70.9,2026-08-25 10:58:19
9023,5,121.6,53.4,87.8,1.56,51.0,20.9,48.5,32.7,41.3,2026-08-25 11:06:19
9024,1,131.2,58.3,96.3,1.67,52.5,21.9,35.3,27.1,42.0,2026-08-25 11:14:19
9025,5,50.4,23.1,37.2,0.64,17.6,9.1,52.9,19.6,66.7,2026-08-25 11:22:19
9026,7,50.9,23.3,40.3,0.76,18.0,10.6,41.4,22.3,80.5,2026-08-25 11:30:19
9027,3,31.3,14.6,22.9,0.44,10.0,7.0,48.6,27.2,61.5,2026-08-25 11:38:19
9028,1,83.5,36.9,61.2,1.2,34.2,13.2,49.8,25.4,83.8,2026-08-25 11:46:19
9029,3,52.6,23.6,36.9,0.75,20.2,9.1,53.2,21.9,56.3,2026-08-25 11:54:19
9030,4,118.7,52.3,84.4,1.56,49.1,21.2,48.6,28.3,63.0,2026-08-25 12:02:19
9031,1,76.7,35.0,69.2,1.14,27.4,13.3,30.5,35.7,79.9,2026-08-25 12:10:19
9032,8,15.0,5.0,8.2,0.18,10.0,5.0,46.6,20.2,70.7,2026-08-25 12:18:19
9033,1,84.5,37.7,65.9,1.04,33.2,13.6,52.9,23.3,56.9,2026-08-25 12:26:19
9034,3,54.5,24.4,50.7,0.8,21.1,9.1,31.0,19.5,41.1,2026-08-25 12:34:19
9035,10,51.9,22.5,35.5,0.62,22.7,10.5,47.9,27.8,81.8,2026-08-25 12:42:19
9036,3,98.7,43.6,70.6,1.4,40.4,16.3,31.4,28.7,33.4,2026-08-25 12:50:19
9037,8,190.0,83.7,145.7,2.54,78.7,33.6,53.5,25.6,48.4,2026-08-25 12:58:19
9038,3,37.9,16.3,28.5,0.39,17.2,5.0,53.0,24.6,70.3,2026-08-25 13:06:19
9039,8,63.7,28.7,52.9,0.81,24.0,11.4,30.8,29.2,46.1,2026-08-25 13:14:19
9040,7,141.3,63.7,122.0,1.85,53.2,25.1,35.5,28.7,31.5,2026-08-25 13:22:19
9041,8,83.0,37.3,61.0,1.21,31.8,16.1,28.5,29.2,45.9,2026-08-25 13:30:19
9042,2,58.6,26.6,53.9,0.74,21.4,10.1,41.5,31.5,70.3,2026-08-25 13:38:19
9043,10,85.9,37.9,68.6,1.17,35.3,16.9,53.1,36.0,84.7,2026-08-25 13:46:19
9044,5,85.0,37.8,65.1,1.21,34.0,16.5,46.9,26.7,76.6,2026-08-25 13:54:19
9045,7,91.7,40.4,83.9,1.25,38.0,17.3,39.8,33.8,68.0,2026-08-25 14:02:19
9046,3,89.0,39.8,69.7,1.22,34.8,15.2,48.2,19.2,50.7,2026-08-25 14:10:19
9047,9,66.8,29.3,45.0,0.85,28.2,10.2,31.2,21.3,80.7,2026-08-25 14:18:19
9048,8,46.1,20.5,32.4,0.64,18.5,9.6,41.7,25.8,49.2,2026-08-25 14:26:19
9049,3,84.6,37.4,73.3,1.16,34.5,15.1,31.6,32.4,77.2,2026-08-25 14:34:19
9050,10,43.4,20.0,29.8,0.56,14.8,9.5,50.9,30.9,61.3,2026-08-25 14:42:19
9051,3,62.7,28.7,55.0,0.8,22.1,9.7,29.1,23.8,72.3,2026-08-25 14:50:19
9052,3,95.4,43.3,89.8,1.39,34.9,18.4,28.9,21.1,75.1,2026-08-25 14:58:19
9053,7,45.2,19.0,39.7,0.57,22.0,9.3,29.7,27.6,58.9,2026-08-25 15:06:19
9054,4,40.2,17.2,31.2,0.58,18.5,8.4,52.0,25.7,52.9,2026-08-25 15:14:19
9055,8,73.6,33.3,59.8,0.91,27.4,14.2,54.5,21.5,74.9,2026-08-25 15:22:19
9056,5,112.8,49.8,98.2,1.41,46.3,18.5,26.8,28.3,60.7,2026-08-25 15:30:19
9057,2,89.2,39.3,77.8,1.21,37.0,16.6,42.5,34.3,74.5,2026-08-25 15:38:19
9058,5,93.6,42.2,65.3,1.35,35.2,17.0,30.8,32.5,54.9,2026-08-25 15:46:19
9059,2,108.4,48.5,69.4,1.45,42.3,20.1,51.7,25.1,74.2,2026-08-25 15:54:19
9060,2,73.9,33.5,57.7,1.06,27.1,13.2,31.1,29.2,34.3,2026-08-25 16:02:19
9061,9,68.7,31.0,45.6,0.98,25.7,14.2,49.6,26.8,68.4,2026-08-25 16:10:19
9062,8,69.6,31.9,60.5,1.02,24.4,12.5,51.7,24.0,33.8,2026-08-25 16:18:19
9063,4,80.7,35.3,52.1,0.98,34.3,15.6,25.7,28.7,67.8,2026-08-25 16:26:19
9064,9,126.7,56.0,114.8,1.62,51.7,23.8,52.0,20.8,42.8,2026-08-25 16:34:19
9065,9,111.3,50.2,84.8,1.54,41.9,18.2,39.1,30.5,80.9,2026-08-25 16:42:19
9066,10,122.8,55.0,78.8,1.64,47.6,23.3,40.2,31.4,79.2,2026-08-25 16:50:19
9067,2,49.9,22.1,44.0,0.67,20.3,8.3,44.4,36.7,48.3,2026-08-25 16:58:19
9068,8,89.8,40.0,75.6,1.14,35.7,16.4,28.2,21.0,78.7,2026-08-25 17:06:19
9069,5,112.5,50.1,96.0,1.46,44.6,21.2,51.7,19.1,69.2,2026-08-25 17:14:19
9070,8,99.7,44.5,75.1,1.24,39.2,17.2,38.9,29.5,35.5,2026-08-25 17:22:19
9071,7,71.3,31.6,45.1,0.88,28.9,13.8,39.9,19.1,34.4,2026-08-25 17:30:19
9072,4,65.0,29.6,58.5,0.91,23.5,11.4,39.7,33.2,55.8,2026-08-25 17:38:19
9073,3,24.4,10.8,19.5,0.41,10.0,5.0,26.3,30.2,58.4,2026-08-25 17:46:19
9074,5,95.0,41.3,68.8,1.3,41.4,15.5,32.7,20.2,46.2,2026-08-25 17:54:19
9075,7,101.1,44.7,80.9,1.43,41.2,18.7,50.5,25.1,53.0,2026-08-25 18:02:19
9076,10,116.8,51.4,86.1,1.49,48.6,20.1,31.8,35.0,66.0,2026-08-25 18:10:19
9077,6,130.0,58.1,90.8,1.81,50.9,24.0,33.1,34.9,51.4,2026-08-25 18:18:19
9078,10,35.0,15.2,28.0,0.52,15.3,7.5,48.7,19.8,48.1,2026-08-25 18:26:19
9079,5,109.2,47.9,68.2,1.36,46.0,17.7,41.5,20.7,52.1,2026-08-25 18:34:19
9080,9,80.3,35.9,65.2,1.05,31.4,13.4,31.8,28.7,70.1,2026-08-25 18:42:19
9081,3,34.1,15.3,29.8,0.41,13.1,8.1,28.8,31.9,59.4,2026-08-25 18:50:19
9082,8,112.6,49.3,77.0,1.5,47.8,20.7,54.0,33.7,73.3,2026-08-25 18:58:19
9083,10,65.9,28.7,48.3,0.91,28.5,10.8,48.0,33.9,72.0,2026-08-25 19:06:19
9084,8,71.0,32.5,62.6,0.98,25.1,11.7,45.1,24.3,72.7,2026-08-25 19:14:19
9085,1,93.0,42.2,86.6,1.22,34.0,15.3,41.0,27.6,37.2,2026-08-25 19:22:19
9086,3,90.3,40.0,82.5,1.15,36.7,15.5,43.5,25.3,73.2,2026-08-25 19:30:19
9087,6,52.8,22.9,32.2,0.68,23.1,10.2,28.1,19.0,60.3,2026-08-25 19:38:19
9088,3,73.7,33.5,56.8,1.06,26.8,12.0,52.6,35.9,63.8,2026-08-25 19:46:19
9089,3,107.1,46.7,68.7,1.35,46.1,19.4,45.5,36.9,34.7,2026-08-25 19:54:19
9090,2,83.4,36.2,72.5,1.16,36.4,14.9,45.0,20.7,45.7,2026-08-25 20:02:19
9091,3,133.4,59.5,102.7,1.87,52.6,25.4,53.8,25.3,77.5,2026-08-25 20:10:19
9092,6,112.2,48.9,72.7,1.44,48.4,19.5,30.3,23.1,61.0,2026-08-25 20:18:19
9093,9,100.6,43.8,79.2,1.38,43.6,17.6,35.8,36.2,76.9,2026-08-25 20:26:19
9094,3,36.8,15.8,31.1,0.48,16.8,6.7,36.5,23.3,69.8,2026-08-25 20:34:19
9095,1,87.9,39.4,65.2,1.13,33.9,17.0,28.0,28.1,70.5,2026-08-25 20:42:19
9096,4,137.1,61.4,128.0,1.75,53.1,24.0,38.7,36.5,50.2,2026-08-25 20:50:19
9097,7,145.3,65.6,107.3,1.95,54.5,25.2,50.8,25.4,66.8,2026-08-25 20:58:19
9098,10,80.8,35.9,61.9,1.14,32.3,13.6,38.8,21.4,48.9,2026-08-25 21:06:19
9099,2,21.3,8.4,13.9,0.19,12.4,5.0,33.3,24.9,58.4,2026-08-25 21:14:19
9100,10,103.2,46.6,74.9,1.46,38.6,18.2,52.1,23.1,76.7,2026-08-25 21:22:19
9101,7,119.2,54.0,102.5,1.63,43.9,20.7,53.2,31.3,68.5,2026-08-25 21:30:19
9102,5,78.9,34.9,54.5,0.99,32.2,13.7,43.2,34.3,51.1,2026-08-25 21:38:19
9103,8,74.8,32.2,50.7,0.9,33.7,13.2,46.9,37.0,45.9,2026-08-25 21:46:19
9104,4,88.6,39.5,75.0,1.26,35.0,14.4,40.6,23.3,69.8,2026-08-25 21:54:19
9105,10,113.7,49.5,90.7,1.45,49.2,19.7,40.4,22.7,80.9,2026-08-25 22:02:19
9106,3,87.8,39.0,57.1,1.24,35.2,15.2,52.1,25.3,65.3,2026-08-25 22:10:19
9107,5,57.1,24.7,44.6,0.76,25.2,7.9,31.2,22.5,66.8,2026-08-25 22:18:19
9108,9,15.3,5.7,9.1,0.17,10.0,5.0,27.5,28.4,58.8,2026-08-25 22:26:19
9109,4,97.6,44.3,80.1,1.42,35.8,17.4,46.1,26.0,64.5,2026-08-25 22:34:19
9110,3,74.5,33.9,56.9,1.11,26.9,15.1,37.2,33.4,58.8,2026-08-25 22:42:19
9111,7,24.1,10.6,17.6,0.41,10.0,5.9,47.1,25.2,39.8,2026-08-25 22:50:19
9112,8,102.4,46.3,70.8,1.29,38.1,19.2,26.8,36.2,80.0,2026-08-25 22:58:19
9113,6,55.9,24.9,38.1,0.75,22.1,11.0,36.7,24.9,33.8,2026-08-25 23:06:19
9114,6,124.1,54.5,80.1,1.68,52.0,23.1,53.5,27.0,65.1,2026-08-25 23:14:19
9115,9,93.7,41.8,82.2,1.35,37.0,16.6,44.9,18.2,32.0,2026-08-25 23:22:19
9116,2,84.4,36.6,52.7,1.16,37.0,16.3,25.8,28.3,66.8,2026-08-25 23:30:19
9117,3,46.4,19.9,31.3,0.58,21.1,9.8,33.5,21.1,55.3,2026-08-25 23:38:19
9118,1,110.1,50.0,87.4,1.55,40.2,18.3,41.9,21.6,50.9,2026-08-25 23:46:19
9119,5,69.8,30.5,49.3,0.82,29.8,13.0,51.5,24.3,30.7,2026-08-25 23:54:19
9120,4,65.7,30.3,63.0,0.98,22.4,13.4,53.9,34.7,55.1,2026-08-26 00:02:19
9121,5,70.9,31.1,56.1,0.92,29.9,12.3,37.1,27.5,31.7,2026-08-26 00:10:19
9122,1,50.2,21.5,32.9,0.72,22.9,6.9,34.6,22.6,70.1,2026-08-26 00:18:19
9123,2,78.7,34.0,63.4,1.02,35.0,15.3,46.2,24.2,49.9,2026-08-26 00:26:19
9124,4,154.8,67.9,110.2,2.08,65.2,29.1,25.7,31.0,55.1,2026-08-26 00:34:19
9125,4,110.0,47.8,87.4,1.35,47.9,19.2,44.9,19.8,38.0,2026-08-26 00:42:19
9126,10,95.7,43.0,77.6,1.34,36.5,16.4,28.3,34.8,69.9,2026-08-26 00:50:19
9127,4,21.7,9.3,17.2,0.32,10.0,5.0,36.6,27.8,75.4,2026-08-26 00:58:19
9128,7,56.0,24.5,46.7,0.67,23.7,9.7,54.0,32.7,64.0,2026-08-26 01:06:19
9129,5,121.4,53.3,109.9,1.54,51.0,22.9,33.8,37.1,64.8,2026-08-26 01:14:19
9130,6,15.0,5.0,8.7,0.1,10.0,5.0,35.1,34.7,43.2,2026-08-26 01:22:19
9131,3,46.5,21.5,44.8,0.69,15.5,8.2,37.3,18.0,71.8,2026-08-26 01:30:19
9132,1,119.4,52.7,105.0,1.58,49.1,21.0,54.8,35.3,47.9,2026-08-26 01:38:19
9133,9,58.1,25.0,52.1,0.76,26.2,10.9,41.1,33.8,57.7,2026-08-26 01:46:19
9134,3,52.2,23.6,34.1,0.66,19.4,8.5,49.8,31.2,68.5,2026-08-26 01:54:19
9135,4,93.6,40.8,74.0,1.23,40.4,16.6,42.3,26.9,73.1,2026-08-26 02:02:19
9136,2,158.5,70.9,103.5,2.2,61.7,27.2,45.8,21.5,45.8,2026-08-26 02:10:19
9137,7,81.2,36.9,57.2,1.04,29.5,15.6,41.2,25.3,55.0,2026-08-26 02:18:19
9138,5,93.2,41.3,85.2,1.17,37.7,18.2,38.4,28.5,74.0,2026-08-26 02:26:19
9139,7,67.1,30.8,58.4,0.99,23.3,11.4,29.3,30.3,75.2,2026-08-26 02:34:19
9140,4,156.4,69.6,109.3,2.18,62.3,27.1,26.9,34.0,46.6,2026-08-26 02:42:19
9141,3,57.6,25.9,50.8,0.7,22.0,10.9,34.8,36.4,70.1,2026-08-26 02:50:19
9142,10,75.6,32.6,53.7,1.04,33.8,13.2,39.8,26.9,69.3,2026-08-26 02:58:19
9143,10,102.1,45.3,92.9,1.37,41.2,17.5,41.3,36.1,43.0,2026-08-26 03:06:19
9144,5,50.0,22.3,38.3,0.75,19.8,8.3,44.7,20.0,81.7,2026-08-26 03:14:19
9145,4,70.0,31.4,53.5,0.93,26.9,13.5,49.2,23.5,81.4,2026-08-26 03:22:19
9146,3,46.8,20.8,37.0,0.62,18.8,10.3,48.9,19.9,53.0,2026-08-26 03:30:19
9147,8,109.1,48.9,93.9,1.49,42.2,17.7,36.6,31.6,75.3,2026-08-26 03:38:19
9148,7,68.2,31.0,54.1,0.96,24.8,11.7,41.8,22.1,58.2,2026-08-26 03:46:19
9149,4,84.0,37.1,75.5,1.15,34.5,13.8,40.7,24.8,59.1,2026-08-26 03:54:19
9150,5,84.5,36.6,58.1,1.13,37.3,15.4,49.8,18.3,39.5,2026-08-26 04:02:19
9151,4,62.2,28.7,43.8,0.8,21.0,10.2,33.5,28.7,61.9,2026-08-26 04:10:19
9152,7,73.5,33.2,56.2,0.96,27.5,12.8,31.6,22.2,31.0,2026-08-26 04:18:19
9153,10,37.2,16.5,30.6,0.43,15.0,5.9,53.2,34.5,37.2,2026-08-26 04:26:19
9154,1,55.9,23.9,49.2,0.76,25.7,11.1,50.9,32.5,79.3,2026-08-26 04:34:19
9155,3,116.8,50.9,72.5,1.47,50.3,21.2,38.2,32.8,59.4,2026-08-26 04:42:19
9156,5,51.6,23.9,37.1,0.67,17.2,11.0,43.6,26.0,46.3,2026-08-26 04:50:19
9157,7,100.9,44.3,63.5,1.27,42.3,19.1,50.6,25.5,71.2,2026-08-26 04:58:19
9158,7,58.0,25.3,48.9,0.81,25.0,10.2,43.9,25.9,36.0,2026-08-26 05:06:19
9159,6,22.1,9.5,13.8,0.32,10.0,5.0,41.0,22.9,52.4,2026-08-26 05:14:19
9160,8,15.0,5.0,10.3,0.22,10.0,5.0,30.4,30.9,37.6,2026-08-26 05:22:19
9161,7,111.5,49.0,77.0,1.48,46.5,20.2,41.2,30.9,45.7,2026-08-26 05:30:19
9162,9,118.5,52.3,104.9,1.61,48.8,19.3,38.7,30.4,46.4,2026-08-26 05:38:19
9163,7,25.7,11.5,22.2,0.31,10.0,5.0,49.7,23.1,75.0,2026-08-26 05:46:19
9164,5,80.5,34.7,57.5,0.98,36.0,14.8,41.2,22.6,36.0,2026-08-26 05:54:19
9165,4,42.7,18.0,27.3,0.48,20.6,8.5,40.2,21.8,34.0,2026-08-26 06:02:19
9166,10,39.5,18.1,34.5,0.57,13.8,7.4,34.2,36.6,46.8,2026-08-26 06:10:19
9167,9,88.2,38.5,72.6,1.16,37.9,17.2,25.5,18.5,38.4,2026-08-26 06:18:19
9168,2,71.1,31.1,49.7,0.87,30.3,10.5,50.5,36.0,35.4,2026-08-26 06:26:19
9169,9,99.2,44.0,84.5,1.24,40.1,16.4,33.7,35.5,31.6,2026-08-26 06:34:19
9170,3,95.9,43.2,68.1,1.27,36.2,17.6,33.4,34.6,79.6,2026-08-26 06:42:19
9171,1,94.6,42.1,67.1,1.32,37.6,16.6,52.7,23.0,64.2,2026-08-26 06:50:19
9172,4,96.6,42.9,61.0,1.33,38.7,17.6,49.4,28.8,75.7,2026-08-26 06:58:19
9173,9,52.0,23.0,36.6,0.73,21.1,9.0,30.3,27.8,50.4,2026-08-26 07:06:19
9174,9,127.4,56.7,112.7,1.72,50.6,21.0,41.2,34.7,55.9,2026-08-26 07:14:19
9175,5,102.9,46.8,82.4,1.4,37.3,18.6,50.5,37.1,44.8,2026-08-26 07:22:19
9176,7,101.6,44.6,81.2,1.36,42.6,17.6,42.2,25.7,65.0,2026-08-26 07:30:19
9177,5,78.9,35.3,72.9,1.09,30.7,12.2,40.4,18.5,77.0,2026-08-26 07:38:19
9178,5,115.5,50.8,71.4,1.6,48.2,20.5,47.1,34.0,83.0,2026-08-26 07:46:19
9179,4,88.6,39.2,72.6,1.11,36.0,17.1,46.8,30.9,82.2,2026-08-26 07:54:19
9180,7,27.3,12.4,21.5,0.47,10.0,6.0,53.9,35.4,46.8,2026-08-26 08:02:19
9181,2,135.0,59.0,121.1,1.72,57.6,22.8,31.2,27.7,32.0,2026-08-26 08:10:19
9182,4,78.5,35.5,63.7,1.02,29.1,12.5,46.9,22.9,73.5,2026-08-26 08:18:19
9183,7,32.4,15.2,27.6,0.38,10.0,5.0,32.4,31.5,44.4,2026-08-26 08:26:19
9184,1,54.0,24.8,49.7,0.78,18.7,11.4,44.1,30.1,70.3,2026-08-26 08:34:19
9185,6,122.7,54.9,97.0,1.74,47.7,20.6,47.3,34.7,51.8,2026-08-26 08:42:19
9186,3,59.6,25.8,47.8,0.83,26.4,9.3,43.1,30.8,56.9,2026-08-26 08:50:19
9187,4,72.0,31.0,45.3,0.88,32.3,11.7,46.7,33.8,75.0,2026-08-26 08:58:19
9188,4,99.7,43.9,64.9,1.24,41.4,19.1,33.9,30.4,84.2,2026-08-26 09:06:19
9189,4,49.1,21.8,34.6,0.72,19.8,7.5,37.2,30.6,83.8,2026-08-26 09:14:19
9190,4,117.7,51.9,108.1,1.6,48.5,22.0,25.9,31.3,80.1,2026-08-26 09:22:19
9191,2,95.0,41.3,78.7,1.3,41.3,14.7,30.3,19.7,66.4,2026-08-26 09:30:19
9192,9,94.1,42.3,59.3,1.28,35.9,18.8,45.9,27.8,70.8,2026-08-26 09:38:19
9193,5,86.3,37.4,74.2,1.04,38.0,13.5,32.2,37.2,82.0,2026-08-26 09:46:19
9194,2,72.5,32.7,65.4,1.02,27.3,14.4,39.3,29.3,46.2,2026-08-26 09:54:19
9195,6,121.2,54.5,91.3,1.65,46.1,20.1,33.3,26.0,52.1,2026-08-26 10:02:19
9196,5,92.2,41.0,62.7,1.28,36.8,14.6,37.1,23.4,80.4,2026-08-26 10:10:19
9197,2,77.9,33.9,53.9,0.95,33.7,13.3,30.5,25.3,75.8,2026-08-26 10:18:19
9198,10,120.7,54.7,82.7,1.58,44.4,22.1,38.8,36.1,76.0,2026-08-26 10:26:19
9199,8,98.4,44.6,73.1,1.25,36.3,17.1,40.7,30.5,56.3,2026-08-26 10:34:19
9200,10,45.3,19.2,29.6,0.64,21.4,8.4,39.9,21.1,67.2,2026-08-26 10:42:19
9201,9,77.3,34.3,64.4,1.0,31.2,12.5,48.0,34.8,70.5,2026-08-26 10:50:19
9202,4,46.1,19.7,31.6,0.62,21.3,8.1,42.2,34.2,80.7,2026-08-26 10:58:19
9203,7,72.3,32.8,54.6,0.99,26.5,13.6,39.6,31.3,71.6,2026-08-26 11:06:19
9204,5,32.1,14.0,28.6,0.51,13.9,5.4,54.9,30.7,41.9,2026-08-26 11:14:19
9205,10,52.8,24.1,44.8,0.79,18.9,9.5,39.9,30.6,38.1,2026-08-26 11:22:19
9206,7,137.9,62.4,116.4,1.94,51.2,24.0,25.7,37.2,67.4,2026-08-26 11:30:19
9207,8,71.6,32.9,58.0,0.98,24.7,13.2,37.6,20.2,30.7,2026-08-26 11:38:19
9208,8,134.0,59.4,124.1,1.73,54.2,23.2,39.3,19.5,50.3,2026-08-26 11:46:19
9209,3,67.2,30.7,62.2,0.94,23.9,12.1,42.3,26.7,83.4,2026-08-26 11:54:19
9210,2,81.9,35.4,63.0,1.09,36.3,15.2,33.0,21.3,63.9,2026-08-26 12:02:19
9211,6,115.5,51.7,96.2,1.54,44.8,19.0,50.3,19.8,79.0,2026-08-26 12:10:19
9212,2,79.3,34.4,51.6,1.08,34.7,12.4,29.1,18.8,39.5,2026-08-26 12:18:19
9213,5,71.9,31.9,58.2,1.04,29.0,13.4,25.8,36.1,43.7,2026-08-26 12:26:19
9214,3,64.2,28.7,51.3,0.89,25.0,10.5,27.5,33.4,38.3,2026-08-26 12:34:19
9215,6,56.7,25.2,45.9,0.67,22.6,11.0,51.3,24.4,40.1,2026-08-26 12:42:19
9216,3,57.6,26.3,47.0,0.79,20.5,9.8,25.4,33.0,53.0,2026-08-26 12:50:19
9217,5,42.1,19.7,31.3,0.67,13.2,6.0,28.6,18.2,48.3,2026-08-26 12:58:19
9218,9,77.9,33.5,64.3,1.09,35.1,11.6,29.8,29.4,36.7,2026-08-26 13:06:19
9219,2,48.9,21.9,43.6,0.63,19.0,9.1,37.0,23.1,80.0,2026-08-26 13:14:19
9220,6,92.9,41.9,87.3,1.23,35.0,18.0,41.5,23.9,75.7,2026-08-26 13:22:19
9221,6,38.6,16.2,27.3,0.52,18.8,7.9,36.2,18.9,43.9,2026-08-26 13:30:19
9222,2,40.6,19.1,28.8,0.5,12.5,8.4,29.6,37.9,76.4,2026-08-26 13:38:19
9223,5,80.6,34.9,67.6,1.08,35.5,15.2,53.0,35.1,67.0,2026-08-26 13:46:19
9224,1,81.8,37.4,53.7,1.18,29.0,16.9,47.1,28.9,31.4,2026-08-26 13:54:19
9225,2,87.2,38.4,56.5,1.11,36.2,14.4,47.9,19.5,77.9,2026-08-26 14:02:19
9226,7,129.9,57.6,103.2,1.73,52.4,24.2,25.7,18.5,77.6,2026-08-26 14:10:19
9227,8,154.4,68.2,129.0,2.11,63.3,26.0,28.3,26.5,69.7,2026-08-26 14:18:19
9228,7,72.0,33.0,61.0,1.02,25.1,11.3,34.7,34.3,37.2,2026-08-26 14:26:19
9229,2,30.3,13.4,21.1,0.41,12.3,5.0,38.1,33.4,58.6,2026-08-26 14:34:19
9230,6,101.1,44.2,90.7,1.35,43.1,18.3,54.0,34.3,81.1,2026-08-26 14:42:19
9231,2,45.0,20.2,29.7,0.61,17.3,7.8,40.6,30.6,81.4,2026-08-26 14:50:19
9232,3,116.3,51.9,86.7,1.56,45.7,20.4,49.9,25.7,46.6,2026-08-26 14:58:19
9233,6,55.4,24.6,41.4,0.79,22.2,11.3,50.0,36.9,54.8,2026-08-26 15:06:19
9234,4,125.5,55.2,92.6,1.6,52.3,20.7,32.0,29.4,30.4,2026-08-26 15:14:19
9235,4,77.6,34.1,55.2,0.97,32.4,11.8,40.0,37.3,69.0,2026-08-26 15:22:19
9236,9,30.2,13.5,21.5,0.45,11.9,5.0,54.0,33.8,84.9,2026-08-26 15:30:19
9237,7,92.4,41.2,84.3,1.32,36.5,15.0,34.2,37.8,75.5,2026-08-26 15:38:19
9238,4,87.1,38.8,62.6,1.17,34.6,13.9,48.2,33.8,47.8,2026-08-26 15:46:19
9239,3,88.7,38.4,65.4,1.2,39.1,13.4,28.9,22.9,57.9,2026-08-26 15:54:19
9240,7,98.5,42.8,69.6,1.27,43.0,16.2,47.8,25.7,81.7,2026-08-26 16:02:19
9241,7,32.7,15.4,30.3,0.43,10.0,5.6,46.3,28.9,42.9,2026-08-26 16:10:19
9242,2,124.6,54.3,85.9,1.58,53.8,22.0,53.1,22.4,52.7,2026-08-26 16:18:19
9243,8,82.6,37.5,70.6,1.04,30.2,16.1,48.7,37.6,31.4,2026-08-26 16:26:19
9244,6,115.9,52.6,91.8,1.56,42.4,20.0,40.7,31.5,74.6,2026-08-26 16:34:19
9245,5,80.0,34.8,64.8,0.97,34.8,13.2,51.6,19.2,64.0,2026-08-26 16:42:19
9246,6,73.3,33.3,49.4,0.95,26.8,12.0,33.9,32.2,59.5,2026-08-26 16:50:19
9247,5,50.8,22.4,34.3,0.65,21.0,9.6,26.9,18.4,73.0,2026-08-26 16:58:19
9248,4,116.2,51.5,94.0,1.59,47.0,22.4,48.5,18.4,54.9,2026-08-26 17:06:19
9249,7,63.6,29.1,53.5,0.89,22.5,13.6,48.7,33.3,31.4,2026-08-26 17:14:19
9250,2,84.3,37.1,66.0,1.02,35.1,14.1,40.3,19.5,77.8,2026-08-26 17:22:19
9251,10,15.0,5.0,7.2,0.22,10.0,5.0,25.5,24.7,47.5,2026-08-26 17:30:19
9252,5,64.4,29.0,46.5,0.84,24.3,12.2,51.2,22.8,80.2,2026-08-26 17:38:19
9253,10,27.4,11.6,17.7,0.27,13.1,6.4,52.9,24.2,48.7,2026-08-26 17:46:19
9254,5,82.6,36.6,52.9,1.1,33.4,13.9,51.8,19.4,35.8,2026-08-26 17:54:19
9255,9,76.2,34.8,51.8,0.98,27.1,13.4,28.6,19.3,58.6,2026-08-26 18:02:19
9256,8,59.6,26.4,37.2,0.81,24.1,10.5,37.7,24.2,58.5,2026-08-26 18:10:19
9257,9,77.1,34.2,59.0,1.02,31.0,13.3,28.3,30.3,49.2,2026-08-26 18:18:19
9258,3,58.1,25.8,49.8,0.73,23.4,9.9,43.2,22.8,81.9,2026-08-26 18:26:19
9259,6,119.3,52.0,100.6,1.5,51.4,22.7,27.4,29.3,36.9,2026-08-26 18:34:19
9260,8,131.4,57.5,117.1,1.66,55.8,21.6,44.1,22.7,63.8,2026-08-26 18:42:19
9261,1,114.5,50.5,73.6,1.58,47.2,21.9,36.1,37.0,66.9,2026-08-26 18:50:19
9262,5,40.8,18.1,34.0,0.57,16.4,7.0,38.6,31.4,61.4,2026-08-26 18:58:19
9263,1,71.2,32.2,51.4,1.01,26.5,11.4,40.5,22.1,46.7,2026-08-26 19:06:19
9264,5,95.1,42.1,75.9,1.26,38.7,17.8,44.7,22.0,32.2,2026-08-26 19:14:19
9265,6,15.0,5.0,8.2,0.18,10.0,5.0,45.7,20.7,45.0,2026-08-26 19:22:19
9266,1,149.2,66.6,103.1,1.98,58.6,25.0,43.3,23.8,64.7,2026-08-26 19:30:19
9267,7,66.8,29.9,42.1,0.84,25.9,13.1,26.0,25.7,43.1,2026-08-26 19:38:19
9268,2,117.6,52.1,89.9,1.56,47.6,22.5,35.6,30.8,33.9,2026-08-26 19:46:19
9269,8,76.4,33.2,55.2,0.98,33.2,14.9,35.0,29.2,73.4,2026-08-26 19:54:19
9270,8,55.6,24.4,38.6,0.69,23.3,8.7,38.1,22.8,46.4,2026-08-26 20:02:19
9271,2,42.5,19.0,32.7,0.58,16.5,6.2,26.1,22.7,34.7,2026-08-26 20:10:19
9272,3,75.6,33.9,62.7,1.06,29.2,15.4,47.0,19.2,55.4,2026-08-26 20:18:19
9273,6,70.7,31.6,46.6,0.9,27.6,11.9,49.6,19.0,72.8,2026-08-26 20:26:19
9274,8,46.1,20.9,33.8,0.57,17.0,8.7,53.6,26.9,65.5,2026-08-26 20:34:19
9275,2,18.3,7.1,11.9,0.13,11.1,5.0,28.8,29.6,59.4,2026-08-26 20:42:19
9276,2,70.9,31.5,57.9,0.93,28.4,12.9,52.2,18.3,40.9,2026-08-26 20:50:19
9277,1,122.9,55.5,96.4,1.68,45.9,23.5,27.4,29.7,85.0,2026-08-26 20:58:19
9278,5,46.1,21.4,31.3,0.58,15.2,8.3,32.1,27.7,51.9,2026-08-26 21:06:19
9279,10,100.3,45.2,83.1,1.43,37.8,17.4,38.2,37.6,36.0,2026-08-26 21:14:19
9280,10,106.6,48.3,68.7,1.36,39.3,20.9,25.9,19.0,81.3,2026-08-26 21:22:19
9281,3,58.7,25.7,38.4,0.7,24.9,11.9,26.5,26.3,33.1,2026-08-26 21:30:19
9282,10,33.2,14.2,29.4,0.41,15.3,7.1,54.1,26.3,39.2,2026-08-26 21:38:19
9283,7,89.5,39.2,69.4,1.2,37.9,16.7,30.5,24.7,56.9,2026-08-26 21:46:19
9284,2,62.7,28.3,47.9,0.77,23.6,13.3,52.2,18.1,54.6,2026-08-26 21:54:19
9285,1,111.3,48.8,95.0,1.38,47.0,21.2,45.7,37.4,83.7,2026-08-26 22:02:19
9286,6,80.2,34.8,67.3,1.14,35.2,14.1,40.2,37.8,37.4,2026-08-26 22:10:19
9287,2,82.3,36.3,56.8,1.11,33.9,12.7,36.0,32.7,76.7,2026-08-26 22:18:19
9288,7,37.3,15.9,28.9,0.45,17.3,7.3,40.5,28.6,65.1,2026-08-26 22:26:19
9289,3,44.2,18.8,32.1,0.52,20.7,8.1,38.4,24.5,64.8,2026-08-26 22:34:19
9290,8,35.3,15.2,23.4,0.53,15.8,5.3,39.1,21.7,84.4,2026-08-26 22:42:19
9291,9,90.9,39.8,72.8,1.13,38.6,17.1,29.9,31.9,30.6,2026-08-26 22:50:19
9292,3,64.0,28.7,57.6,0.82,24.7,12.5,29.5,26.8,42.7,2026-08-26 22:58:19
9293,5,15.0,5.0,8.1,0.16,10.0,5.0,39.5,20.0,69.8,2026-08-26 23:06:19
9294,9,41.1,18.1,26.7,0.52,17.0,7.6,39.6,34.7,44.0,2026-08-26 23:14:19
9295,4,74.5,33.3,53.9,1.03,29.1,12.4,34.6,24.9,41.7,2026-08-26 23:22:19
9296,4,113.2,50.1,70.2,1.41,46.0,21.4,52.0,29.1,52.7,2026-08-26 23:30:19
9297,3,98.0,43.7,77.8,1.26,38.6,16.0,26.1,23.9,37.7,2026-08-26 23:38:19
9298,5,88.1,39.5,63.2,1.18,34.0,16.4,31.9,20.5,59.5,2026-08-26 23:46:19
9299,8,71.0,32.1,55.6,1.04,26.4,13.6,34.1,22.5,79.4,2026-08-26 23:54:19
9300,3,91.7,41.2,78.0,1.23,35.0,18.3,50.4,19.4,53.2,2026-08-27 00:02:19
9301,5,34.1,15.7,22.1,0.49,11.6,6.2,26.3,31.5,80.2,2026-08-27 00:10:19
9302,7,112.8,49.5,71.8,1.41,47.3,17.8,26.1,28.0,58.1,2026-08-27 00:18:19
9303,1,74.4,33.8,51.7,1.09,27.2,12.4,34.0,18.1,30.6,2026-08-27 00:26:19
9304,1,56.1,24.9,48.0,0.84,22.5,10.5,35.5,23.5,54.5,2026-08-27 00:34:19
9305,3,15.0,5.0,9.2,0.13,10.0,5.0,29.0,37.3,74.6,2026-08-27 00:42:19
9306,3,122.9,55.2,79.7,1.58,47.0,22.2,37.1,25.3,69.0,2026-08-27 00:50:19
9307,9,96.1,43.1,87.2,1.33,37.1,17.3,27.0,25.9,30.1,2026-08-27 00:58:19
9308,5,64.8,29.2,51.3,0.89,24.5,10.5,45.9,37.5,81.9,2026-08-27 01:06:19
9309,8,92.7,40.7,70.4,1.25,38.8,16.9,52.3,21.9,84.3,2026-08-27 01:14:19
9310,6,123.5,54.1,86.0,1.71,52.2,20.8,47.6,18.6,61.5,2026-08-27 01:22:19
9311,8,127.6,56.9,110.5,1.78,50.3,21.4,44.3,18.3,57.0,2026-08-27 01:30:19
9312,6,106.2,48.0,85.9,1.39,39.5,21.1,44.7,31.0,54.7,2026-08-27 01:38:19
9313,8,101.9,46.2,78.9,1.43,37.5,17.7,25.9,34.4,63.4,2026-08-27 01:46:19
9314,2,98.0,44.3,78.6,1.38,36.5,18.6,47.4,24.5,57.2,2026-08-27 01:54:19
9315,8,62.0,28.3,56.3,0.82,22.1,10.3,28.2,35.4,42.6,2026-08-27 02:02:19
9316,3,113.0,50.2,87.3,1.58,45.3,19.7,48.6,34.9,76.7,2026-08-27 02:10:19
9317,4,15.0,5.0,8.0,0.25,10.0,5.0,31.0,22.7,56.6,2026-08-27 02:18:19
9318,2,50.2,22.5,45.6,0.73,19.5,7.6,49.1,33.6,35.1,2026-08-27 02:26:19
9319,6,49.2,22.8,37.2,0.59,16.4,10.8,28.5,23.0,56.3,2026-08-27 02:34:19
9320,3,51.6,24.0,47.5,0.7,16.8,9.1,54.0,31.2,36.6,2026-08-27 02:42:19
9321,6,78.6,34.8,53.4,1.09,32.0,13.9,40.3,33.7,70.4,2026-08-27 02:50:19
9322,9,121.2,54.9,107.3,1.73,44.8,22.8,27.4,33.3,78.0,2026-08-27 02:58:19
9323,9,43.8,18.4,38.3,0.57,21.4,7.3,54.2,21.4,61.5,2026-08-27 03:06:19
9324,6,37.2,16.6,33.9,0.43,14.6,7.2,34.1,31.3,84.7,2026-08-27 03:14:19
9325,3,82.7,35.7,72.7,1.05,36.8,14.4,50.0,31.0,69.3,2026-08-27 03:22:19
9326,7,69.0,31.6,46.0,1.04,24.3,14.1,42.4,28.4,76.7,2026-08-27 03:30:19
9327,5,76.6,34.7,53.1,1.0,28.2,14.4,36.2,35.8,61.2,2026-08-27 03:38:19
9328,2,15.0,5.0,9.3,0.1,10.0,5.0,44.3,22.2,46.5,2026-08-27 03:46:19
9329,1,36.5,15.8,31.3,0.43,16.1,5.1,26.3,35.7,70.8,2026-08-27 03:54:19
9330,4,102.3,44.5,72.2,1.35,44.4,17.4,45.7,22.4,62.3,2026-08-27 04:02:19
9331,2,57.0,24.7,37.4,0.74,25.1,9.4,32.9,25.9,32.1,2026-08-27 04:10:19
9332,2,120.1,53.1,100.5,1.61,49.0,21.2,37.5,37.8,46.2,2026-08-27 04:18:19
9333,5,119.6,53.4,86.1,1.51,46.9,22.2,33.5,26.6,80.7,2026-08-27 04:26:19
9334,8,99.7,44.6,87.7,1.27,38.9,19.3,54.8,24.7,75.8,2026-08-27 04:34:19
9335,2,110.3,49.4,102.2,1.41,42.8,20.7,51.4,20.3,61.0,2026-08-27 04:42:19
9336,8,85.5,38.5,67.7,1.11,32.4,17.3,39.4,21.6,80.6,2026-08-27 04:50:19
9337,3,119.8,54.3,83.3,1.59,44.1,22.0,35.3,34.2,73.9,2026-08-27 04:58:19
9338,10,111.3,50.4,72.8,1.56,41.2,20.2,26.6,37.2,34.5,2026-08-27 05:06:19
9339,7,15.0,5.0,7.3,0.1,10.0,5.0,43.9,29.7,64.5,2026-08-27 05:14:19
9340,6,15.0,5.5,8.5,0.17,10.0,5.0,26.6,20.3,56.4,2026-08-27 05:22:19
9341,2,98.6,43.8,73.8,1.41,39.6,15.8,38.2,30.1,48.9,2026-08-27 05:30:19
9342,2,38.6,18.2,28.3,0.54,11.6,9.2,50.6,21.8,69.5,2026-08-27 05:38:19
9343,10,108.9,47.3,92.5,1.39,47.5,19.2,35.7,31.1,64.9,2026-08-27 05:46:19
9344,9,68.6,29.6,59.4,0.9,30.7,11.4,37.5,19.6,68.0,2026-08-27 05:54:19
9345,8,94.3,41.4,76.8,1.32,39.5,17.8,37.2,23.4,39.5,2026-08-27 06:02:19
9346,10,71.3,32.1,58.9,0.96,27.0,11.7,36.4,21.0,48.9,2026-08-27 06:10:19
9347,5,38.1,17.0,33.0,0.6,15.1,7.5,28.1,22.1,79.7,2026-08-27 06:18:19
9348,2,92.1,40.4,80.3,1.26,38.7,17.5,29.7,30.9,52.8,2026-08-27 06:26:19
9349,2,19.6,8.1,15.1,0.32,10.0,5.0,26.6,32.5,53.5,2026-08-27 06:34:19
9350,5,91.7,40.4,73.3,1.2,38.0,15.3,38.5,24.6,32.3,2026-08-27 06:42:19
9351,5,126.3,56.3,91.1,1.66,50.0,23.3,44.0,31.0,60.7,2026-08-27 06:50:19
9352,9,80.3,35.2,49.6,1.02,33.9,13.3,29.5,18.3,53.8,2026-08-27 06:58:19
9353,1,89.1,39.4,80.2,1.13,36.3,15.9,43.8,37.4,56.2,2026-08-27 07:06:19
9354,4,120.8,54.0,103.3,1.53,47.2,20.2,35.6,37.5,42.7,2026-08-27 07:14:19
9355,9,109.2,47.5,85.9,1.4,47.3,17.5,54.8,33.9,33.1,2026-08-27 07:22:19
9356,1,93.6,40.6,72.7,1.22,41.1,17.4,52.7,23.3,49.7,2026-08-27 07:30:19
9357,10,93.8,41.7,65.5,1.25,37.5,18.1,31.1,19.0,58.1,2026-08-27 07:38:19
9358,10,44.5,20.3,30.5,0.59,15.9,8.7,27.2,23.2,44.9,2026-08-27 07:46:19
9359,6,105.9,46.7,87.8,1.4,43.6,16.8,46.5,27.7,66.8,2026-08-27 07:54:19
9360,3,35.4,16.1,25.2,0.44,12.8,7.3,25.8,27.3,31.6,2026-08-27 08:02:19
9361,1,69.2,30.8,51.5,0.93,27.5,11.1,43.1,27.5,66.0,2026-08-27 08:10:19
9362,10,61.7,26.9,41.9,0.83,26.5,12.2,50.0,32.3,38.2,2026-08-27 08:18:19
9363,9,45.4,20.0,34.2,0.62,18.7,7.7,37.6,28.1,41.5,2026-08-27 08:26:19
9364,9,67.3,29.7,52.4,0.98,27.7,13.3,39.6,24.5,51.5,2026-08-27 08:34:19
9365,4,88.8,38.6,59.0,1.23,38.7,16.8,32.5,27.6,61.7,2026-08-27 08:42:19
9366,3,46.0,21.2,44.0,0.56,15.6,10.2,25.5,35.8,69.4,2026-08-27 08:50:19
9367,8,15.0,5.0,7.5,0.11,10.0,5.0,31.6,18.1,31.4,2026-08-27 08:58:19
9368,4,126.9,55.8,109.7,1.6,52.9,20.4,50.7,31.4,84.4,2026-08-27 09:06:19
9369,1,93.8,41.4,68.5,1.16,38.6,17.8,39.6,31.1,60.5,2026-08-27 09:14:19
9370,1,100.8,45.8,78.5,1.35,36.8,19.6,46.7,37.0,60.4,2026-08-27 09:22:19
9371,2,30.0,13.9,23.4,0.44,10.0,7.2,46.9,22.2,81.1,2026-08-27 09:30:19
9372,4,61.1,26.9,43.2,0.75,25.3,9.8,39.0,24.7,64.5,2026-08-27 09:38:19
9373,8,55.4,24.7,44.1,0.75,21.8,11.7,36.2,30.9,74.0,2026-08-27 09:46:19
9374,8,113.7,50.8,73.7,1.52,44.5,20.3,43.5,36.8,75.9,2026-08-27 09:54:19
9375,7,107.9,48.2,95.3,1.45,42.3,18.1,47.6,20.1,55.6,2026-08-27 10:02:19
9376,9,98.5,43.5,69.4,1.24,40.5,15.8,25.2,36.6,50.9,2026-08-27 10:10:19
9377,2,106.7,47.3,94.6,1.44,43.1,18.1,46.0,24.9,69.1,2026-08-27 10:18:19
9378,3,92.1,40.7,72.3,1.25,37.6,14.9,49.1,18.1,41.7,2026-08-27 10:26:19
9379,3,80.4,35.2,73.3,1.12,34.0,12.7,53.5,31.4,47.8,2026-08-27 10:34:19
9380,5,112.1,49.3,71.9,1.44,46.7,21.2,48.7,29.6,30.3,2026-08-27 10:42:19
9381,2,95.3,42.0,67.4,1.23,39.4,16.2,43.9,33.0,40.3,2026-08-27 10:50:19
9382,1,96.6,43.5,68.7,1.24,36.6,18.1,39.3,31.3,40.8,2026-08-27 10:58:19
9383,3,76.6,33.1,62.1,1.08,34.0,13.5,49.0,33.0,34.1,2026-08-27 11:06:19
9384,8,99.4,43.7,65.6,1.3,41.4,15.9,37.4,32.7,36.5,2026-08-27 11:14:19
9385,9,87.7,38.3,63.5,1.07,37.6,14.6,42.0,24.2,34.6,2026-08-27 11:22:19
9386,5,15.0,5.2,8.4,0.16,10.0,5.0,47.2,23.3,51.5,2026-08-27 11:30:19
9387,5,127.0,56.5,117.2,1.61,50.5,22.5,45.2,31.6,53.6,2026-08-27 11:38:19
9388,9,90.2,40.5,62.3,1.26,34.6,17.7,51.0,31.6,72.5,2026-08-27 11:46:19
9389,8,167.5,75.1,125.4,2.23,64.6,31.3,42.8,32.4,47.7,2026-08-27 11:54:19
9390,10,57.0,26.0,51.8,0.74,20.4,9.7,28.0,29.2,55.2,2026-08-27 12:02:19
9391,2,106.4,47.8,84.7,1.41,40.8,20.8,48.5,36.3,84.2,2026-08-27 12:10:19
9392,3,77.0,34.2,58.2,1.11,30.9,11.8,47.5,21.7,33.6,2026-08-27 12:18:19
9393,4,86.6,38.8,73.9,1.1,33.5,14.6,29.5,28.1,77.8,2026-08-27 12:26:19
9394,7,121.1,54.7,81.1,1.64,45.3,21.3,52.2,25.4,57.8,2026-08-27 12:34:19
9395,5,99.4,44.6,86.7,1.29,38.2,17.9,53.1,19.0,32.2,2026-08-27 12:42:19
9396,8,73.5,33.3,55.5,1.0,27.2,13.5,30.1,24.8,79.8,2026-08-27 12:50:19
9397,5,56.3,24.4,42.7,0.69,24.7,8.5,38.9,22.5,36.6,2026-08-27 12:58:19
9398,5,92.2,40.7,70.1,1.13,37.8,17.8,28.3,23.8,80.0,2026-08-27 13:06:19
9399,8,88.4,39.2,55.0,1.18,35.6,16.0,35.6,34.1,57.3,2026-08-27 13:14:19
9400,1,89.4,39.2,61.1,1.27,37.6,15.0,39.3,29.9,61.3,2026-08-27 13:22:19
9401,1,124.4,54.7,97.7,1.67,51.9,21.4,46.7,29.1,80.8,2026-08-27 13:30:19
9402,9,43.9,19.4,36.9,0.6,17.9,6.3,36.2,23.5,81.1,2026-08-27 13:38:19
9403,1,142.6,64.4,108.6,2.01,53.3,24.5,51.8,31.4,76.5,2026-08-27 13:46:19
9404,8,89.9,40.1,62.2,1.3,35.4,16.1,52.0,28.3,48.5,2026-08-27 13:54:19
9405,1,105.3,47.2,68.7,1.48,40.6,17.3,25.1,23.3,74.3,2026-08-27 14:02:19
9406,2,32.5,14.5,20.6,0.37,12.8,6.1,41.4,29.5,82.3,2026-08-27 14:10:19
9407,6,93.9,40.7,58.3,1.15,41.3,16.3,25.8,19.6,65.5,2026-08-27 14:18:19
9408,1,60.7,26.1,38.0,0.8,27.5,10.1,47.9,29.6,55.7,2026-08-27 14:26:19
9409,8,31.3,13.2,24.8,0.46,15.0,5.0,51.4,29.7,38.2,2026-08-27 14:34:19
9410,2,49.1,22.7,32.1,0.69,16.4,9.9,38.1,29.7,63.7,2026-08-27 14:42:19
9411,9,37.1,15.6,22.6,0.56,18.1,6.5,54.4,25.1,58.4,2026-08-27 14:50:19
9412,9,143.7,63.1,121.8,1.9,60.2,25.6,32.3,19.5,77.2,2026-08-27 14:58:19
9413,2,115.6,52.3,101.9,1.48,43.0,20.4,32.8,32.2,48.9,2026-08-27 15:06:19
9414,7,114.5,51.3,97.2,1.49,44.3,20.0,42.4,37.3,52.5,2026-08-27 15:14:19
9415,4,88.9,40.2,58.8,1.13,33.1,16.2,50.0,22.9,60.3,2026-08-27 15:22:19
9416,4,20.8,8.8,14.5,0.26,10.0,5.0,53.3,19.5,33.8,2026-08-27 15:30:19
9417,7,90.6,40.6,69.2,1.31,35.1,17.7,40.1,26.0,57.5,2026-08-27 15:38:19
9418,9,99.1,44.8,67.4,1.36,37.0,19.0,30.4,23.8,65.8,2026-08-27 15:46:19
9419,1,63.9,28.8,54.6,0.89,24.1,12.6,41.4,18.1,47.7,2026-08-27 15:54:19
9420,1,96.6,43.5,77.6,1.38,36.6,17.4,34.4,21.0,82.2,2026-08-27 16:02:19
9421,7,84.9,38.4,67.1,1.24,31.6,17.3,34.7,21.9,77.5,2026-08-27 16:10:19
9422,2,94.5,41.4,72.4,1.25,39.9,17.9,35.6,19.9,32.4,2026-08-27 16:18:19
9423,2,57.4,25.0,45.6,0.8,24.7,11.8,35.3,30.3,64.9,2026-08-27 16:26:19
9424,9,101.0,44.6,63.0,1.29,41.5,17.1,40.8,25.1,33.1,2026-08-27 16:34:19
9425,4,41.0,19.0,28.9,0.65,13.5,6.0,43.3,21.7,65.6,2026-08-27 16:42:19
9426,5,104.8,46.0,96.2,1.39,43.9,17.4,45.5,34.1,60.8,2026-08-27 16:50:19
9427,1,25.5,11.4,17.3,0.35,10.0,5.0,30.3,19.7,80.6,2026-08-27 16:58:19
9428,10,91.2,40.5,57.0,1.23,36.6,17.3,45.4,29.2,46.0,2026-08-27 17:06:19
9429,9,137.2,61.2,120.2,1.8,54.0,23.7,51.4,29.3,33.0,2026-08-27 17:14:19
9430,9,120.8,53.0,78.7,1.57,50.7,20.0,43.6,29.9,83.8,2026-08-27 17:22:19
9431,8,98.6,42.8,89.5,1.24,43.2,19.0,37.8,25.5,80.8,2026-08-27 17:30:19
9432,5,52.6,24.4,37.7,0.76,17.4,8.2,45.2,29.8,77.1,2026-08-27 17:38:19
9433,1,50.4,23.3,41.8,0.77,16.9,9.4,31.6,30.9,44.5,2026-08-27 17:46:19
9434,8,115.0,50.2,86.4,1.54,49.2,18.1,42.2,33.0,67.3,2026-08-27 17:54:19
9435,3,76.6,33.2,61.3,1.01,33.7,12.6,52.8,21.4,67.0,2026-08-27 18:02:19
9436,4,101.7,44.3,67.8,1.25,43.9,16.5,38.6,28.8,73.6,2026-08-27 18:10:19
9437,1,73.3,33.2,52.0,1.01,27.0,13.3,37.6,34.3,32.5,2026-08-27 18:18:19
9438,6,111.7,50.5,104.0,1.6,41.5,20.8,26.1,23.7,80.4,2026-08-27 18:26:19
9439,8,70.6,31.0,48.5,0.97,29.6,11.4,43.0,36.9,44.5,2026-08-27 18:34:19
9440,7,135.5,60.8,116.0,1.88,52.1,25.6,38.4,18.6,54.9,2026-08-27 18:42:19
9441,8,93.2,41.1,61.1,1.29,38.5,18.3,30.1,31.2,68.7,2026-08-27 18:50:19
9442,9,59.1,25.9,51.0,0.73,25.0,8.9,31.1,30.4,56.0,2026-08-27 18:58:19
9443,5,77.2,34.1,56.1,1.09,31.7,11.9,41.6,27.6,33.0,2026-08-27 19:06:19
9444,8,152.1,68.7,134.1,2.11,56.9,27.4,53.7,31.8,46.5,2026-08-27 19:14:19
9445,2,77.5,34.5,62.5,0.95,30.9,12.9,51.3,20.9,48.1,2026-08-27 19:22:19
9446,10,55.4,25.6,47.5,0.69,18.6,8.3,54.8,27.3,60.8,2026-08-27 19:30:19
9447,7,82.1,37.4,69.0,1.18,29.5,15.2,25.9,34.9,83.7,2026-08-27 19:38:19
9448,8,93.1,41.3,70.7,1.31,37.5,15.5,52.7,29.0,53.0,2026-08-27 19:46:19
9449,6,75.3,33.7,53.2,1.1,29.3,14.3,31.3,24.9,74.4,2026-08-27 19:54:19
9450,3,35.4,15.0,29.2,0.36,16.7,5.0,37.2,20.7,73.2,2026-08-27 20:02:19
9451,3,15.0,5.0,9.2,0.1,10.0,5.0,37.6,34.2,54.3,2026-08-27 20:10:19
9452,4,67.8,30.8,51.8,0.91,24.7,10.6,26.7,23.9,82.6,2026-08-27 20:18:19
9453,2,67.7,30.0,51.9,0.9,27.3,13.1,29.9,23.9,84.6,2026-08-27 20:26:19
9454,3,64.4,29.2,43.6,0.91,23.7,12.7,31.3,36.4,41.4,2026-08-27 20:34:19
9455,1,143.3,64.7,94.2,1.94,53.7,26.7,52.3,33.7,82.2,2026-08-27 20:42:19
9456,2,28.9,11.9,17.2,0.37,14.9,6.0,46.9,27.2,65.4,2026-08-27 20:50:19
9457,3,73.9,33.9,57.4,1.0,25.7,11.6,52.9,27.5,70.3,2026-08-27 20:58:19
9458,4,112.3,50.9,83.2,1.59,41.4,19.1,51.6,32.8,49.8,2026-08-27 21:06:19
9459,2,140.7,61.7,92.6,1.77,59.2,24.9,29.7,28.9,45.9,2026-08-27 21:14:19
9460,4,81.2,36.3,62.9,1.08,31.8,12.7,50.3,23.3,52.2,2026-08-27 21:22:19
9461,2,88.6,40.2,64.5,1.24,32.5,17.8,43.9,35.8,30.5,2026-08-27 21:30:19
9462,7,80.5,36.4,64.9,1.14,29.9,16.5,35.8,22.2,52.7,2026-08-27 21:38:19
9463,4,116.5,50.8,79.5,1.56,50.1,22.1,36.0,23.6,35.9,2026-08-27 21:46:19
9464,10,100.2,44.1,83.4,1.4,41.7,17.1,41.4,21.7,65.7,2026-08-27 21:54:19
9465,10,98.6,43.7,63.7,1.33,39.9,19.0,26.9,34.9,65.1,2026-08-27 22:02:19
9466,6,122.5,54.0,104.8,1.55,50.5,21.5,54.5,32.3,67.4,2026-08-27 22:10:19
9467,7,122.8,54.4,110.2,1.69,49.7,21.4,51.8,34.4,44.2,2026-08-27 22:18:19
9468,10,104.2,45.4,94.1,1.37,45.0,16.2,28.8,25.9,38.5,2026-08-27 22:26:19
9469,9,154.1,68.8,125.0,2.0,60.5,25.8,35.7,25.8,66.8,2026-08-27 22:34:19
9470,5,90.0,39.8,62.5,1.16,36.8,14.3,43.0,37.4,79.8,2026-08-27 22:42:19
9471,4,74.0,33.5,69.6,0.97,27.4,14.9,51.9,27.1,58.1,2026-08-27 22:50:19
9472,5,27.2,12.0,24.4,0.4,11.1,5.0,54.0,23.3,80.9,2026-08-27 22:58:19
9473,1,132.4,59.9,85.7,1.74,49.1,25.4,42.3,26.3,47.9,2026-08-27 23:06:19
9474,7,75.6,33.2,57.9,0.94,31.6,15.0,35.8,30.2,66.6,2026-08-27 23:14:19
9475,3,67.3,30.9,45.4,0.97,23.4,12.9,31.1,25.1,78.4,2026-08-27 23:22:19
9476,3,96.3,43.5,82.2,1.24,36.1,18.5,40.5,24.7,34.3,2026-08-27 23:30:19
9477,9,55.4,24.6,40.7,0.76,22.2,11.5,36.4,26.3,62.3,2026-08-27 23:38:19
9478,6,73.3,31.9,51.7,1.06,31.7,13.8,34.0,24.0,66.1,2026-08-27 23:46:19
9479,8,127.2,56.6,83.3,1.71,50.6,22.7,43.0,19.1,56.3,2026-08-27 23:54:19
9480,1,149.7,67.0,138.6,2.05,58.2,27.7,38.9,37.9,76.1,2026-08-28 00:02:19
9481,7,102.7,46.6,89.3,1.39,37.6,19.2,33.1,24.5,70.5,2026-08-28 00:10:19
9482,8,68.0,31.3,56.8,0.84,23.3,13.2,54.7,21.6,63.5,2026-08-28 00:18:19
9483,6,47.8,21.3,38.2,0.71,18.9,10.1,52.4,24.8,49.3,2026-08-28 00:26:19
9484,10,68.8,30.6,55.2,0.82,27.4,11.5,51.4,21.0,74.4,2026-08-28 00:34:19
9485,7,53.1,24.6,47.7,0.69,17.6,8.7,51.1,34.1,63.4,2026-08-28 00:42:19
9486,3,88.1,38.1,78.4,1.07,39.0,16.2,44.5,34.2,47.4,2026-08-28 00:50:19
9487,9,127.0,55.9,111.5,1.71,52.7,24.3,41.0,30.3,70.8,2026-08-28 00:58:19
9488,9,81.3,36.4,66.1,1.13,31.5,15.7,50.6,30.4,69.2,2026-08-28 01:06:19
9489,9,78.2,33.9,65.4,1.11,34.4,12.7,34.9,24.1,72.5,2026-08-28 01:14:19
9490,2,73.3,33.1,62.7,1.02,27.4,13.7,33.3,29.7,83.3,2026-08-28 01:22:19
9491,10,15.0,5.0,9.9,0.1,10.0,5.0,54.5,31.5,30.4,2026-08-28 01:30:19
9492,5,150.0,66.7,133.5,1.94,59.8,25.3,46.5,19.2,53.0,2026-08-28 01:38:19
9493,2,65.8,29.6,50.8,0.94,25.1,12.6,26.7,33.5,34.8,2026-08-28 01:46:19
9494,6,121.2,55.0,103.2,1.64,44.5,20.8,33.0,37.2,69.5,2026-08-28 01:54:19
9495,6,70.1,31.8,56.7,0.97,25.7,12.7,27.9,23.3,53.3,2026-08-28 02:02:19
9496,7,87.8,38.6,70.3,1.19,36.7,17.3,25.5,21.7,35.0,2026-08-28 02:10:19
9497,2,15.0,5.0,8.7,0.11,10.0,5.0,46.1,33.9,59.0,2026-08-28 02:18:19
9498,9,104.2,46.4,71.0,1.37,41.4,16.6,50.3,24.3,36.4,2026-08-28 02:26:19
9499,3,121.6,53.3,79.1,1.6,51.3,20.2,39.1,33.3,54.6,2026-08-28 02:34:19
9500,6,36.3,16.8,32.9,0.41,12.2,7.8,52.5,29.5,46.4,2026-08-28 02:42:19
9501,8,51.7,23.9,49.0,0.72,17.3,10.3,45.2,20.2,78.2,2026-08-28 02:50:19
9502,3,56.2,25.5,37.3,0.7,20.7,9.7,26.4,19.0,54.0,2026-08-28 02:58:19
9503,9,63.2,28.2,51.8,0.91,24.9,9.4,53.8,25.6,55.8,2026-08-28 03:06:19
9504,1,116.8,52.3,95.9,1.51,45.4,20.7,34.8,26.0,61.2,2026-08-28 03:14:19
9505,2,131.1,58.5,97.8,1.75,51.5,24.3,30.1,36.8,42.0,2026-08-28 03:22:19
9506,4,81.4,37.1,59.6,1.19,29.2,15.2,36.3,32.4,84.7,2026-08-28 03:30:19
9507,9,112.9,49.8,72.3,1.57,46.5,21.5,28.5,26.5,71.2,2026-08-28 03:38:19
9508,1,93.8,41.9,73.7,1.22,36.8,17.3,53.1,20.9,77.1,2026-08-28 03:46:19
9509,10,118.0,53.0,82.3,1.51,45.2,20.9,43.4,32.0,67.9,2026-08-28 03:54:19
9510,2,20.1,7.9,13.0,0.31,11.8,5.0,52.9,18.7,32.4,2026-08-28 04:02:19
9511,4,76.0,33.2,64.6,1.04,32.5,14.0,28.3,36.6,57.0,2026-08-28 04:10:19
9512,9,45.0,20.6,41.0,0.71,15.9,8.9,25.7,37.6,70.1,2026-08-28 04:18:19
9513,6,123.0,54.9,85.6,1.63,48.3,23.9,27.5,24.0,83.4,2026-08-28 04:26:19
9514,9,102.3,45.7,65.1,1.31,40.1,19.8,41.8,34.4,57.3,2026-08-28 04:34:19
9515,3,93.9,40.8,67.8,1.15,41.0,14.6,41.3,27.0,34.7,2026-08-28 04:42:19
9516,5,25.9,11.6,17.6,0.34,10.0,5.0,46.3,29.6,31.9,2026-08-28 04:50:19
9517,10,41.1,18.9,34.1,0.49,14.2,7.2,53.0,36.4,37.2,2026-08-28 04:58:19
9518,10,37.6,16.7,31.7,0.56,15.1,7.2,38.3,24.9,71.2,2026-08-28 05:06:19
9519,3,55.9,25.3,36.9,0.82,20.8,11.6,54.1,34.3,41.9,2026-08-28 05:14:19
9520,3,119.1,53.4,79.9,1.69,45.9,21.1,40.3,23.9,41.1,2026-08-28 05:22:19
9521,3,73.0,31.6,50.1,0.91,32.3,11.8,47.5,30.9,54.2,2026-08-28 05:30:19
9522,7,52.5,23.1,35.7,0.61,21.9,8.7,49.1,22.9,82.4,2026-08-28 05:38:19
9523,3,72.0,32.3,58.8,0.92,27.8,12.0,44.9,20.8,54.9,2026-08-28 05:46:19
9524,7,141.8,62.5,125.3,1.79,58.5,24.4,43.2,30.6,68.0,2026-08-28 05:54:19
9525,2,47.0,20.2,39.0,0.69,21.3,7.0,47.9,31.9,36.1,2026-08-28 06:02:19
9526,3,129.3,56.5,115.2,1.73,55.2,21.0,39.8,37.6,44.3,2026-08-28 06:10:19
9527,7,54.9,24.9,36.9,0.74,20.2,11.6,34.6,26.4,71.0,2026-08-28 06:18:19
9528,8,69.4,29.9,52.0,0.94,31.1,10.3,27.1,25.1,66.5,2026-08-28 06:26:19
9529,5,32.6,15.1,30.9,0.37,10.8,6.4,41.9,31.2,44.1,2026-08-28 06:34:19
9530,5,78.9,35.1,49.2,1.13,31.5,13.7,36.5,37.0,66.0,2026-08-28 06:42:19
9531,1,67.2,29.9,46.9,0.9,26.7,10.7,54.8,31.0,43.7,2026-08-28 06:50:19
9532,8,115.9,51.0,78.3,1.43,48.3,19.9,26.2,33.7,40.7,2026-08-28 06:58:19
9533,7,36.2,16.3,34.1,0.44,13.8,5.9,25.3,23.2,31.1,2026-08-28 07:06:19
9534,6,54.9,25.3,44.1,0.8,18.8,11.0,40.2,25.2,83.0,2026-08-28 07:14:19
9535,9,118.7,52.2,94.8,1.5,49.4,21.4,32.1,27.4,42.6,2026-08-28 07:22:19
9536,2,95.0,43.1,87.9,1.25,34.8,16.4,38.8,18.4,85.0,2026-08-28 07:30:19
9537,8,122.1,53.8,94.2,1.54,50.5,22.0,36.0,27.5,69.5,2026-08-28 07:38:19
9538,9,16.3,6.2,8.8,0.26,10.3,5.0,50.6,25.9,34.9,2026-08-28 07:46:19
9539,2,47.9,21.4,44.5,0.56,18.8,8.0,52.3,28.7,74.5,2026-08-28 07:54:19
9540,1,75.3,34.1,68.4,1.05,27.9,12.0,40.6,24.0,76.2,2026-08-28 08:02:19
9541,5,161.9,71.8,110.6,2.08,65.4,28.2,44.1,33.3,74.1,2026-08-28 08:10:19
9542,5,128.1,57.8,100.7,1.65,48.1,24.1,37.4,31.7,53.7,2026-08-28 08:18:19
9543,1,116.9,51.3,77.5,1.59,49.2,21.7,35.8,18.5,80.5,2026-08-28 08:26:19
9544,4,104.8,46.7,78.2,1.47,41.4,20.2,49.5,18.0,73.1,2026-08-28 08:34:19
9545,4,35.3,15.3,26.6,0.47,15.6,5.5,52.1,27.8,84.8,2026-08-28 08:42:19
9546,8,102.3,46.1,85.0,1.45,38.6,16.5,49.4,32.1,60.5,2026-08-28 08:50:19
9547,1,23.0,10.0,20.8,0.25,10.0,5.8,43.4,32.6,67.2,2026-08-28 08:58:19
9548,3,80.4,35.4,66.0,1.05,33.4,14.8,53.9,28.8,63.8,2026-08-28 09:06:19
9549,3,125.8,55.9,114.4,1.76,50.4,21.3,30.0,32.0,70.8,2026-08-28 09:14:19
9550,2,106.9,47.8,84.1,1.47,41.7,20.8,40.1,28.7,35.0,2026-08-28 09:22:19
9551,10,63.1,29.0,58.5,0.85,21.7,12.7,37.4,23.9,58.8,2026-08-28 09:30:19
9552,4,33.0,15.2,21.9,0.52,11.3,6.9,49.6,30.2,78.3,2026-08-28 09:38:19
9553,2,77.8,34.5,51.3,0.95,31.4,12.1,38.3,29.9,76.1,2026-08-28 09:46:19
9554,6,49.9,22.3,38.7,0.61,19.6,10.3,43.9,36.2,42.0,2026-08-28 09:54:19
9555,4,77.3,34.2,51.5,1.11,31.5,14.5,35.2,32.8,85.0,2026-08-28 10:02:19
9556,4,137.0,61.6,119.5,1.8,52.3,23.8,29.2,32.6,77.9,2026-08-28 10:10:19
9557,4,18.9,7.7,14.3,0.17,10.0,5.0,35.4,33.0,67.1,2026-08-28 10:18:19
9558,6,166.5,73.3,125.3,2.28,69.2,29.9,43.8,32.7,31.4,2026-08-28 10:26:19
9559,3,94.0,42.7,75.5,1.32,34.2,18.9,34.0,25.0,81.1,2026-08-28 10:34:19
9560,9,111.1,48.7,68.3,1.4,46.8,20.0,46.3,32.4,40.8,2026-08-28 10:42:19
9561,1,44.3,19.3,28.8,0.61,19.1,7.9,33.2,22.7,83.2,2026-08-28 10:50:19
9562,4,25.3,11.3,19.8,0.35,10.0,5.0,32.3,36.3,58.8,2026-08-28 10:58:19
9563,3,82.4,36.7,57.0,1.19,32.6,12.9,49.0,32.5,39.1,2026-08-28 11:06:19
9564,1,116.6,52.4,76.3,1.62,44.5,21.0,37.4,34.4,33.3,2026-08-28 11:14:19
9565,6,87.6,39.7,80.0,1.17,32.3,17.3,39.0,23.9,50.2,2026-08-28 11:22:19
9566,9,137.2,60.2,93.9,1.73,57.7,23.6,54.9,28.1,55.0,2026-08-28 11:30:19
9567,5,49.4,22.0,36.9,0.61,19.6,10.6,40.5,34.8,31.9,2026-08-28 11:38:19
9568,4,117.6,52.2,76.7,1.65,47.2,20.8,29.0,34.4,66.1,2026-08-28 11:46:19
9569,10,62.6,27.4,42.7,0.82,26.5,12.7,44.9,33.9,64.0,2026-08-28 11:54:19
9570,1,104.4,46.1,65.7,1.37,42.9,18.7,42.7,35.8,72.0,2026-08-28 12:02:19
9571,10,50.8,23.2,32.5,0.67,18.1,10.2,53.1,23.4,56.1,2026-08-28 12:10:19
9572,5,15.0,5.0,7.4,0.13,10.0,5.0,52.9,21.1,53.5,2026-08-28 12:18:19
9573,2,42.9,19.2,37.6,0.57,16.7,8.8,26.8,18.3,44.1,2026-08-28 12:26:19
9574,7,70.8,31.9,63.2,0.96,26.7,11.5,36.0,22.7,32.6,2026-08-28 12:34:19
9575,5,105.8,46.0,83.1,1.41,45.9,18.2,26.2,24.5,55.2,2026-08-28 12:42:19
9576,10,129.2,57.7,93.7,1.82,50.6,23.3,46.8,18.2,80.8,2026-08-28 12:50:19
9577,8,48.8,21.7,36.9,0.57,19.5,10.2,43.1,22.0,65.3,2026-08-28 12:58:19
9578,1,49.1,21.6,36.7,0.56,20.5,6.7,52.4,24.0,72.6,2026-08-28 13:06:19
9579,6,112.8,50.5,77.9,1.61,43.7,19.8,51.8,21.9,30.2,2026-08-28 13:14:19
9580,10,110.1,49.8,101.3,1.55,40.9,21.4,33.2,34.4,44.4,2026-08-28 13:22:19
9581,4,53.3,23.2,40.8,0.77,23.0,9.3,41.1,23.5,38.9,2026-08-28 13:30:19
9582,6,79.6,36.4,75.0,1.15,28.2,14.3,41.8,23.6,34.8,2026-08-28 13:38:19
9583,4,60.8,27.5,50.7,0.85,22.6,12.0,49.7,21.1,58.5,2026-08-28 13:46:19
9584,8,105.8,47.1,86.0,1.41,42.1,19.1,54.7,33.0,38.0,2026-08-28 13:54:19
9585,1,67.8,30.5,63.5,0.84,25.8,12.1,42.6,34.3,41.5,2026-08-28 14:02:19
9586,7,40.8,17.0,30.0,0.58,20.3,7.9,29.4,24.3,44.9,2026-08-28 14:10:19
9587,9,45.8,20.6,36.0,0.53,17.4,7.7,36.7,29.6,30.0,2026-08-28 14:18:19
9588,6,57.4,26.4,44.4,0.75,19.7,8.7,42.9,35.4,74.3,2026-08-28 14:26:19
9589,10,68.3,29.6,45.2,0.94,30.0,11.2,39.4,36.0,69.8,2026-08-28 14:34:19
9590,6,69.1,30.3,49.2,0.92,29.1,13.1,49.0,24.1,38.8,2026-08-28 14:42:19
9591,9,71.5,30.9,62.5,0.98,31.8,13.7,48.8,29.6,37.8,2026-08-28 14:50:19
9592,2,78.6,35.2,61.1,1.04,30.5,12.6,54.7,34.9,48.1,2026-08-28 14:58:19
9593,5,78.5,34.6,60.3,1.02,32.5,14.4,46.5,19.5,37.1,2026-08-28 15:06:19
9594,5,100.6,44.7,78.7,1.28,40.2,17.0,36.2,25.5,43.3,2026-08-28 15:14:19
9595,10,94.1,40.8,84.2,1.24,41.4,14.5,41.5,22.4,44.7,2026-08-28 15:22:19
9596,2,48.5,22.2,38.9,0.67,17.1,8.3,35.0,23.8,36.1,2026-08-28 15:30:19
9597,5,42.8,19.2,32.2,0.62,16.5,7.3,32.3,30.5,64.4,2026-08-28 15:38:19
9598,10,78.6,35.7,74.1,1.15,28.6,15.1,37.5,27.6,31.7,2026-08-28 15:46:19
9599,8,91.0,39.6,65.8,1.24,39.5,14.8,39.9,25.7,63.3,2026-08-28 15:54:19
9600,9,99.5,43.9,88.1,1.28,41.0,17.6,32.9,24.2,61.2,2026-08-28 16:02:19
9601,8,79.3,34.6,49.3,1.08,34.1,14.1,30.9,20.5,84.2,2026-08-28 16:10:19
9602,3,49.4,22.5,33.3,0.65,17.8,8.9,30.4,22.2,51.6,2026-08-28 16:18:19
9603,9,131.5,58.2,118.5,1.83,53.5,23.3,36.9,34.8,72.0,2026-08-28 16:26:19
9604,9,16.7,6.5,10.4,0.18,10.0,5.0,35.1,36.0,72.6,2026-08-28 16:34:19
9605,7,46.6,21.7,30.8,0.62,15.1,8.3,40.8,23.2,51.4,2026-08-28 16:42:19
9606,1,91.6,41.4,62.1,1.15,34.2,14.6,34.1,18.6,73.3,2026-08-28 16:50:19
9607,6,64.4,28.8,41.7,0.94,25.1,13.3,47.6,18.6,39.5,2026-08-28 16:58:19
9608,2,56.4,24.1,44.4,0.72,26.1,11.2,42.9,37.1,69.7,2026-08-28 17:06:19
9609,10,122.5,54.1,112.7,1.54,50.3,21.8,38.7,29.2,76.7,2026-08-28 17:14:19
9610,9,69.7,31.7,65.4,0.93,25.3,14.6,29.2,28.3,58.7,2026-08-28 17:22:19
9611,5,74.5,33.3,49.4,0.94,29.2,13.7,48.4,30.5,80.7,2026-08-28 17:30:19
9612,3,79.3,35.6,55.1,0.98,30.5,15.1,49.5,20.9,55.6,2026-08-28 17:38:19
9613,1,69.9,31.6,62.2,0.94,26.0,11.5,38.1,30.7,59.8,2026-08-28 17:46:19
9614,8,33.2,14.6,23.5,0.42,13.8,5.6,42.5,31.5,41.9,2026-08-28 17:54:19
9615,10,82.9,36.1,63.9,1.09,35.8,15.4,33.8,36.3,47.3,2026-08-28 18:02:19
9616,8,133.5,60.3,109.5,1.78,49.9,25.3,26.1,24.6,52.9,2026-08-28 18:10:19
9617,4,98.3,42.9,64.0,1.38,42.2,18.1,30.7,27.2,79.4,2026-08-28 18:18:19
9618,9,103.1,45.3,69.1,1.32,43.2,18.7,51.3,22.4,32.1,2026-08-28 18:26:19
9619,1,80.0,34.5,63.1,1.09,35.7,12.6,46.8,20.9,68.5,2026-08-28 18:34:19
9620,7,20.6,8.1,16.1,0.32,12.0,5.0,36.7,35.3,64.3,2026-08-28 18:42:19
9621,2,15.6,5.9,12.2,0.26,10.0,5.0,35.3,28.0,47.3,2026-08-28 18:50:19
9622,7,76.0,33.1,46.9,0.93,32.9,14.2,35.0,33.1,70.4,2026-08-28 18:58:19
9623,6,96.2,42.6,72.3,1.31,39.1,17.0,49.6,35.7,34.0,2026-08-28 19:06:19
9624,7,104.1,46.6,95.6,1.41,40.4,20.6,25.9,31.2,51.0,2026-08-28 19:14:19
9625,10,59.9,25.8,47.8,0.71,27.0,8.4,31.1,19.2,80.6,2026-08-28 19:22:19
9626,7,78.7,35.0,61.8,1.04,31.4,15.0,32.6,32.2,55.1,2026-08-28 19:30:19
9627,6,117.6,51.8,94.7,1.46,48.8,19.4,32.6,22.9,53.6,2026-08-28 19:38:19
9628,5,15.0,5.0,7.4,0.19,10.0,5.0,53.6,20.5,34.2,2026-08-28 19:46:19
9629,7,15.0,5.0,7.8,0.2,10.0,5.0,29.1,28.9,56.3,2026-08-28 19:54:19
9630,6,31.8,14.9,27.9,0.5,10.0,7.3,35.5,35.3,55.4,2026-08-28 20:02:19
9631,8,140.5,61.6,103.2,1.83,59.2,24.1,30.2,37.1,38.1,2026-08-28 20:10:19
9632,7,138.7,61.1,86.3,1.81,57.5,23.3,37.9,36.5,40.0,2026-08-28 20:18:19
9633,10,62.2,27.8,39.6,0.84,24.3,11.7,36.4,21.4,40.4,2026-08-28 20:26:19
9634,4,15.0,5.0,10.0,0.1,10.0,5.0,29.2,20.5,72.1,2026-08-28 20:34:19
9635,4,96.5,43.7,85.1,1.38,35.7,18.6,26.5,31.7,43.0,2026-08-28 20:42:19
9636,8,51.1,23.5,43.7,0.63,17.5,8.1,33.3,33.9,39.1,2026-08-28 20:50:19
9637,2,47.4,20.0,40.9,0.6,22.8,8.5,37.8,37.2,50.8,2026-08-28 20:58:19
9638,3,88.0,39.3,58.6,1.27,34.6,17.6,47.7,28.5,73.9,2026-08-28 21:06:19
9639,9,90.9,40.8,61.9,1.28,34.9,15.6,34.1,27.9,83.4,2026-08-28 21:14:19
9640,7,106.9,47.2,98.0,1.51,43.8,18.4,38.2,32.1,79.1,2026-08-28 21:22:19
9641,1,70.2,31.9,45.4,0.89,25.5,12.3,28.7,20.3,51.6,2026-08-28 21:30:19
9642,3,27.9,12.0,21.9,0.44,12.5,6.0,26.6,37.2,30.9,2026-08-28 21:38:19
9643,4,24.1,10.6,19.1,0.38,10.0,5.0,45.2,24.1,46.9,2026-08-28 21:46:19
9644,10,113.3,50.0,94.4,1.43,46.7,19.0,34.7,23.3,73.5,2026-08-28 21:54:19
9645,9,125.8,55.4,106.6,1.66,52.1,22.3,51.6,37.3,35.6,2026-08-28 22:02:19
9646,8,68.2,30.3,47.2,0.88,27.4,10.4,51.2,24.0,62.1,2026-08-28 22:10:19
9647,3,125.1,54.8,96.4,1.73,52.9,21.0,39.2,33.9,58.1,2026-08-28 22:18:19
9648,3,94.8,41.4,81.6,1.28,40.5,14.8,41.1,34.4,76.0,2026-08-28 22:26:19
9649,8,66.4,30.3,59.7,0.92,23.7,11.6,34.1,36.8,83.1,2026-08-28 22:34:19
9650,9,15.0,5.0,7.2,0.13,10.0,5.0,36.7,34.9,58.5,2026-08-28 22:42:19
9651,7,73.1,32.5,48.7,0.97,29.2,12.0,36.4,26.6,53.8,2026-08-28 22:50:19
9652,8,114.5,49.8,70.1,1.47,49.8,18.0,28.8,26.3,75.5,2026-08-28 22:58:19
9653,1,55.7,25.1,39.7,0.7,21.1,11.9,26.2,32.8,59.7,2026-08-28 23:06:19
9654,7,102.0,45.7,66.5,1.43,39.4,16.5,25.0,23.5,56.5,2026-08-28 23:14:19
9655,3,77.0,34.0,63.0,0.94,31.7,12.1,36.0,18.8,48.1,2026-08-28 23:22:19
9656,5,77.3,33.9,53.2,0.95,32.6,12.0,26.7,26.5,41.5,2026-08-28 23:30:19
9657,6,82.9,37.2,65.9,1.17,31.9,16.5,27.1,31.1,32.1,2026-08-28 23:38:19
9658,2,61.3,27.4,55.3,0.76,24.0,10.7,40.2,23.4,65.1,2026-08-28 23:46:19
9659,2,116.6,52.8,84.5,1.66,43.2,20.3,27.6,18.4,75.8,2026-08-28 23:54:19
9660,10,105.9,47.4,77.2,1.48,41.1,17.3,31.7,37.1,32.3,2026-08-29 00:02:19
9661,9,57.8,26.1,46.0,0.7,21.6,10.3,44.4,21.3,74.7,2026-08-29 00:10:19
9662,9,51.6,23.0,36.7,0.59,20.4,10.2,45.6,28.8,55.3,2026-08-29 00:18:19
9663,8,149.8,66.5,97.0,2.02,60.2,26.6,26.0,29.2,67.7,2026-08-29 00:26:19
9664,5,107.5,48.5,72.9,1.41,40.5,21.0,45.8,21.9,70.8,2026-08-29 00:34:19
9665,7,128.7,56.4,81.0,1.68,54.4,23.0,37.6,23.8,77.7,2026-08-29 00:42:19
9666,8,108.7,47.5,73.4,1.52,46.4,19.1,48.4,25.3,47.3,2026-08-29 00:50:19
9667,9,96.2,42.9,61.4,1.36,38.0,16.9,44.8,24.9,56.1,2026-08-29 00:58:19
9668,5,87.4,38.7,56.5,1.09,35.5,14.3,36.5,33.4,40.4,2026-08-29 01:06:19
9669,8,91.6,41.5,76.8,1.21,33.7,17.8,37.9,24.9,79.8,2026-08-29 01:14:19
9670,1,69.5,31.2,53.7,0.95,26.7,11.2,44.9,31.0,38.1,2026-08-29 01:22:19
9671,3,72.0,32.2,50.1,1.02,28.0,13.7,52.6,26.4,66.9,2026-08-29 01:30:19
9672,5,60.3,26.4,54.7,0.85,25.6,11.3,41.0,28.7,83.3,2026-08-29 01:38:19
9673,9,110.0,49.4,80.3,1.39,42.1,20.4,40.2,24.9,83.5,2026-08-29 01:46:19
9674,8,125.2,55.7,106.2,1.7,49.9,21.4,36.4,20.3,63.5,2026-08-29 01:54:19
9675,6,89.8,40.8,74.5,1.28,32.7,14.9,37.7,21.1,43.1,2026-08-29 02:02:19
9676,7,79.6,34.7,52.8,0.94,34.3,13.5,34.4,23.7,38.2,2026-08-29 02:10:19
9677,2,98.1,44.3,75.6,1.33,36.7,16.9,53.0,37.8,36.8,2026-08-29 02:18:19
9678,4,18.7,7.6,11.9,0.17,10.0,5.0,54.9,18.6,73.2,2026-08-29 02:26:19
9679,6,90.5,40.0,57.4,1.25,36.9,15.8,44.4,30.6,79.5,2026-08-29 02:34:19
9680,4,153.4,67.9,129.9,2.01,62.3,28.8,38.1,30.7,77.8,2026-08-29 02:42:19
9681,8,120.4,53.6,99.8,1.7,47.9,20.6,29.8,30.4,69.7,2026-08-29 02:50:19
9682,2,42.0,18.5,33.2,0.51,17.4,6.2,52.1,19.5,31.0,2026-08-29 02:58:19
9683,1,58.9,26.7,38.6,0.8,21.6,12.5,43.2,21.6,38.0,2026-08-29 03:06:19
9684,2,68.5,31.2,56.4,0.89,24.7,11.0,36.6,31.2,57.7,2026-08-29 03:14:19
9685,1,70.6,31.8,45.1,0.86,26.7,11.3,33.2,20.7,71.3,2026-08-29 03:22:19
9686,5,69.9,30.4,44.6,0.95,30.4,10.3,54.6,25.9,77.1,2026-08-29 03:30:19
9687,3,96.5,43.0,75.0,1.25,38.1,17.0,27.7,32.7,30.2,2026-08-29 03:38:19
9688,9,60.4,27.6,47.7,0.88,21.4,11.9,51.6,27.1,41.4,2026-08-29 03:46:19
9689,4,22.1,9.5,16.6,0.25,10.0,5.0,51.1,34.1,66.1,2026-08-29 03:54:19
9690,6,81.1,35.7,61.1,1.0,33.7,14.9,25.3,36.7,71.1,2026-08-29 04:02:19
9691,7,72.7,32.7,63.3,0.89,27.6,14.3,34.4,32.4,75.0,2026-08-29 04:10:19
9692,6,107.8,47.4,83.9,1.5,45.0,17.6,42.9,25.1,55.5,2026-08-29 04:18:19
9693,5,91.1,40.9,66.1,1.25,35.0,15.4,53.7,22.6,84.8,2026-08-29 04:26:19
9694,9,80.2,36.6,67.2,1.03,28.7,14.0,30.7,33.1,38.8,2026-08-29 04:34:19
9695,6,144.4,65.3,127.4,1.88,53.8,24.2,26.0,23.4,58.2,2026-08-29 04:42:19
9696,4,106.5,48.4,88.4,1.44,38.7,17.4,50.4,34.3,33.2,2026-08-29 04:50:19
9697,10,49.2,21.2,41.1,0.71,22.1,6.8,54.0,19.3,74.6,2026-08-29 04:58:19
9698,1,22.5,9.7,16.2,0.19,10.0,5.0,53.9,19.2,76.7,2026-08-29 05:06:19
9699,3,84.6,37.6,63.1,1.17,33.9,15.8,39.7,26.4,51.3,2026-08-29 05:14:19
9700,5,60.9,27.5,49.3,0.83,22.8,11.0,54.5,20.6,65.9,2026-08-29 05:22:19
9701,3,59.8,27.3,57.2,0.84,21.4,9.5,34.8,25.2,35.1,2026-08-29 05:30:19
9702,8,63.5,28.9,51.4,0.77,22.9,10.3,40.1,19.0,40.7,2026-08-29 05:38:19
9703,7,64.7,28.2,56.2,0.8,27.8,9.6,32.8,21.8,37.4,2026-08-29 05:46:19
9704,5,72.9,31.4,46.1,0.93,32.7,11.9,27.9,33.7,37.8,2026-08-29 05:54:19
9705,3,72.6,32.1,59.4,1.03,29.7,12.4,53.4,35.2,82.0,2026-08-29 06:02:19
9706,10,123.8,55.0,114.8,1.68,49.5,22.0,38.3,30.5,83.9,2026-08-29 06:10:19
9707,10,87.4,38.6,58.8,1.23,35.9,14.0,28.1,26.0,49.4,2026-08-29 06:18:19
9708,8,91.3,41.4,72.6,1.31,33.5,15.9,31.3,27.1,32.8,2026-08-29 06:26:19
9709,1,166.1,73.6,139.0,2.2,67.2,28.2,47.1,32.4,44.2,2026-08-29 06:34:19
9710,2,98.0,43.4,69.3,1.37,39.7,19.3,31.1,28.9,37.6,2026-08-29 06:42:19
9711,1,44.3,19.1,37.4,0.62,19.8,7.5,47.3,24.1,57.5,2026-08-29 06:50:19
9712,9,35.7,15.9,32.2,0.4,14.2,6.5,31.4,32.5,83.5,2026-08-29 06:58:19
9713,9,59.4,26.2,53.2,0.73,24.4,12.4,36.3,19.2,57.4,2026-08-29 07:06:19
9714,10,123.7,54.6,106.7,1.62,50.9,21.9,50.9,20.6,75.0,2026-08-29 07:14:19
9715,3,56.6,25.9,51.5,0.72,20.0,11.6,30.9,26.4,62.1,2026-08-29 07:22:19
9716,5,142.1,62.4,98.0,1.82,59.5,24.2,49.7,21.7,72.4,2026-08-29 07:30:19
9717,5,97.7,42.8,77.7,1.38,41.3,16.2,42.4,34.5,70.2,2026-08-29 07:38:19
9718,4,89.2,40.5,69.8,1.2,32.5,14.7,30.5,34.5,54.9,2026-08-29 07:46:19
9719,10,81.9,36.9,62.1,1.18,30.9,14.5,30.9,36.4,83.7,2026-08-29 07:54:19
9720,3,50.5,22.5,32.2,0.62,20.1,7.7,50.2,30.7,66.5,2026-08-29 08:02:19
9721,4,102.0,44.7,75.4,1.28,43.0,16.2,46.1,30.4,35.0,2026-08-29 08:10:19
9722,2,43.8,19.1,32.4,0.62,18.9,9.4,34.9,29.3,57.0,2026-08-29 08:18:19
9723,1,67.0,30.1,44.6,0.98,25.7,12.6,47.0,34.8,71.4,2026-08-29 08:26:19
9724,5,74.1,33.9,52.3,1.04,26.1,14.9,54.4,20.2,52.4,2026-08-29 08:34:19
9725,3,41.4,18.2,35.6,0.55,17.3,7.0,33.2,37.2,73.7,2026-08-29 08:42:19
9726,4,121.4,52.9,94.8,1.58,52.4,20.6,43.6,24.7,56.8,2026-08-29 08:50:19
9727,9,109.7,47.8,92.0,1.53,47.3,17.5,34.8,21.6,45.9,2026-08-29 08:58:19
9728,4,23.9,10.3,21.1,0.24,10.8,5.0,36.6,29.7,60.8,2026-08-29 09:06:19
9729,1,87.9,39.2,66.9,1.1,34.7,15.7,47.7,33.9,78.1,2026-08-29 09:14:19
9730,9,75.4,34.5,67.0,1.08,26.6,14.5,40.7,19.5,69.9,2026-08-29 09:22:19
9731,3,36.1,15.5,31.2,0.37,16.3,7.3,28.0,20.5,42.9,2026-08-29 09:30:19
9732,10,84.6,37.2,77.0,1.18,35.3,15.7,51.9,35.4,63.7,2026-08-29 09:38:19
9733,7,88.2,38.6,80.2,1.2,37.4,15.3,45.5,30.6,38.3,2026-08-29 09:46:19
9734,4,105.2,47.1,69.9,1.43,40.9,18.1,46.3,21.8,59.8,2026-08-29 09:54:19
9735,1,87.6,38.4,69.9,1.15,37.0,17.0,39.6,25.6,40.4,2026-08-29 10:02:19
9736,5,115.0,50.7,78.8,1.56,47.4,19.0,32.8,19.9,80.7,2026-08-29 10:10:19
9737,10,42.3,19.0,30.9,0.59,16.2,7.3,27.6,28.8,34.9,2026-08-29 10:18:19
9738,3,84.3,37.3,68.5,1.08,34.4,13.1,31.4,32.6,65.0,2026-08-29 10:26:19
9739,6,97.3,44.2,83.9,1.39,35.4,19.4,36.3,29.9,42.9,2026-08-29 10:34:19
9740,2,115.9,51.6,87.1,1.49,46.0,19.8,53.0,30.7,31.5,2026-08-29 10:42:19
9741,9,36.7,16.9,25.7,0.6,12.6,6.6,27.8,25.0,77.3,2026-08-29 10:50:19
9742,1,44.7,19.3,31.1,0.61,19.9,6.3,25.1,37.3,54.2,2026-08-29 10:58:19
9743,5,24.0,10.5,17.3,0.39,10.2,5.0,44.0,19.3,61.6,2026-08-29 11:06:19
9744,1,118.3,53.1,102.6,1.62,45.4,21.2,39.7,24.0,63.0,2026-08-29 11:14:19
9745,5,77.3,35.1,65.4,1.04,28.3,12.3,35.2,30.7,43.3,2026-08-29 11:22:19
9746,8,41.9,19.1,29.3,0.59,15.1,8.3,51.4,19.3,55.7,2026-08-29 11:30:19
9747,9,74.2,33.9,65.2,1.03,26.4,14.1,31.2,24.5,55.7,2026-08-29 11:38:19
9748,6,44.7,20.1,32.1,0.58,17.0,8.1,30.4,23.6,70.5,2026-08-29 11:46:19
9749,8,72.8,32.9,47.3,1.0,27.2,14.3,37.6,20.8,48.6,2026-08-29 11:54:19
9750,8,67.6,30.6,49.5,0.96,25.1,10.9,28.2,30.5,82.3,2026-08-29 12:02:19
9751,6,21.0,8.9,18.2,0.31,10.0,5.0,37.3,24.8,31.0,2026-08-29 12:10:19
9752,8,97.1,42.1,80.9,1.31,42.7,17.6,47.2,24.6,75.2,2026-08-29 12:18:19
9753,4,102.2,46.2,90.2,1.38,38.0,18.4,48.2,35.8,48.6,2026-08-29 12:26:19
9754,6,85.7,37.2,66.3,1.14,37.4,15.6,48.9,34.5,48.2,2026-08-29 12:34:19
9755,3,50.4,23.0,47.1,0.66,18.0,10.2,32.2,33.5,45.0,2026-08-29 12:42:19
9756,3,16.9,6.6,9.8,0.18,10.0,5.0,32.4,33.6,33.9,2026-08-29 12:50:19
9757,6,90.4,39.1,61.9,1.1,40.0,16.6,41.5,27.0,74.9,2026-08-29 12:58:19
9758,2,68.0,31.0,45.7,0.91,24.3,12.0,40.9,28.2,84.2,2026-08-29 13:06:19
9759,10,124.0,55.9,105.2,1.73,46.7,21.4,48.8,37.7,67.7,2026-08-29 13:14:19
9760,1,31.8,14.5,28.6,0.34,11.4,6.0,25.9,21.9,64.0,2026-08-29 13:22:19
9761,10,65.6,29.7,57.3,0.8,24.2,11.6,39.2,23.8,74.6,2026-08-29 13:30:19
9762,2,120.1,52.6,92.2,1.58,50.8,20.1,36.9,37.6,47.9,2026-08-29 13:38:19
9763,1,50.7,23.1,43.2,0.74,18.3,10.9,41.6,31.0,83.8,2026-08-29 13:46:19
9764,1,34.2,16.2,25.1,0.39,10.0,5.2,50.4,28.0,30.5,2026-08-29 13:54:19
9765,8,29.3,12.1,18.7,0.34,15.0,6.5,27.1,34.0,58.4,2026-08-29 14:02:19
9766,1,95.1,41.9,77.5,1.33,39.4,15.4,26.2,19.1,50.5,2026-08-29 14:10:19
9767,6,15.0,5.0,9.3,0.18,10.0,5.0,36.9,36.8,74.1,2026-08-29 14:18:19
9768,7,20.7,8.6,17.4,0.17,10.5,5.0,45.6,33.9,55.2,2026-08-29 14:26:19
9769,1,49.4,22.4,44.7,0.69,18.1,7.2,51.2,19.0,30.6,2026-08-29 14:34:19
9770,6,75.1,33.7,61.2,0.98,28.9,12.0,35.5,21.4,32.4,2026-08-29 14:42:19
9771,9,68.9,31.7,49.8,1.04,23.7,14.1,39.1,33.5,74.6,2026-08-29 14:50:19
9772,10,20.5,8.4,12.6,0.18,10.7,5.0,44.9,34.2,31.0,2026-08-29 14:58:19
9773,8,51.8,22.7,43.2,0.72,21.9,10.5,38.7,18.6,39.8,2026-08-29 15:06:19
9774,9,57.1,26.1,52.1,0.75,20.2,11.3,47.9,22.3,80.5,2026-08-29 15:14:19
9775,4,82.4,36.2,61.4,1.02,34.5,16.3,29.8,24.2,44.1,2026-08-29 15:22:19
9776,2,55.2,24.6,51.4,0.71,21.9,10.7,38.2,22.1,65.0,2026-08-29 15:30:19
9777,3,19.2,7.9,11.9,0.2,10.0,5.0,48.3,27.2,66.2,2026-08-29 15:38:19
9778,3,96.1,42.2,88.5,1.25,40.2,17.6,44.1,33.0,70.1,2026-08-29 15:46:19
9779,2,120.4,53.9,112.4,1.66,46.8,21.0,32.4,22.6,60.3,2026-08-29 15:54:19
9780,3,103.3,45.0,85.1,1.34,44.7,17.0,43.9,24.4,69.9,2026-08-29 16:02:19
9781,2,86.0,37.2,68.7,1.04,38.0,16.3,54.7,25.3,71.0,2026-08-29 16:10:19
9782,7,29.6,12.9,24.8,0.38,12.7,5.0,53.0,24.6,66.0,2026-08-29 16:18:19
9783,5,77.8,34.5,67.5,0.99,31.4,15.4,51.3,37.4,33.9,2026-08-29 16:26:19
9784,7,49.9,22.4,43.5,0.68,19.2,10.0,40.1,31.6,35.7,2026-08-29 16:34:19
9785,10,133.0,58.5,95.0,1.77,55.4,22.2,52.0,32.2,50.2,2026-08-29 16:42:19
9786,3,121.0,53.3,79.1,1.55,50.2,20.3,51.1,18.8,43.0,2026-08-29 16:50:19
9787,1,122.7,54.5,111.4,1.64,49.2,20.9,25.8,22.9,77.1,2026-08-29 16:58:19
9788,8,73.2,31.9,62.7,0.91,31.5,11.5,26.9,27.2,69.6,2026-08-29 17:06:19
9789,7,73.0,31.5,45.0,1.01,32.5,13.2,51.2,33.4,58.4,2026-08-29 17:14:19
9790,4,75.3,33.0,67.1,0.95,31.8,11.2,35.7,28.1,58.6,2026-08-29 17:22:19
9791,9,110.9,48.3,76.4,1.47,48.0,21.1,48.7,37.2,72.5,2026-08-29 17:30:19
9792,1,92.3,41.6,69.6,1.35,34.9,15.5,33.5,27.0,58.6,2026-08-29 17:38:19
9793,4,88.6,39.4,77.6,1.27,35.3,17.4,53.9,22.0,37.5,2026-08-29 17:46:19
9794,7,66.1,28.5,47.6,0.84,29.6,10.9,38.4,36.9,58.7,2026-08-29 17:54:19
9795,7,31.4,13.7,23.8,0.48,13.5,5.4,48.3,25.8,45.8,2026-08-29 18:02:19
9796,8,75.7,34.3,63.2,1.04,28.0,15.6,51.4,30.1,51.6,2026-08-29 18:10:19
9797,8,37.4,16.0,31.0,0.44,17.1,7.2,28.0,36.7,53.5,2026-08-29 18:18:19
9798,10,24.2,10.0,19.4,0.25,12.4,5.7,29.8,30.0,41.2,2026-08-29 18:26:19
9799,6,78.1,34.1,66.9,0.99,33.5,13.8,32.8,33.4,81.6,2026-08-29 18:34:19
9800,4,52.1,22.2,33.4,0.74,24.3,7.4,43.1,20.3,41.9,2026-08-29 18:42:19
9801,1,122.6,54.3,105.3,1.69,49.7,23.6,40.6,31.0,74.8,2026-08-29 18:50:19
9802,1,88.3,39.4,79.5,1.28,34.7,15.5,29.2,32.5,56.7,2026-08-29 18:58:19
9803,8,88.8,40.1,76.5,1.2,33.2,16.1,25.8,36.7,39.7,2026-08-29 19:06:19
9804,1,101.6,44.2,74.3,1.41,44.1,19.5,41.6,25.5,73.0,2026-08-29 19:14:19
9805,4,124.7,54.7,114.8,1.65,52.4,21.4,48.6,25.8,32.3,2026-08-29 19:22:19
9806,1,79.8,35.6,50.3,1.05,31.5,15.5,31.3,36.4,60.7,2026-08-29 19:30:19
9807,10,68.9,30.9,63.8,0.91,26.6,13.2,41.7,31.9,68.3,2026-08-29 19:38:19
9808,5,70.7,30.4,49.1,0.85,31.9,11.1,33.9,26.5,40.0,2026-08-29 19:46:19
9809,4,36.5,17.0,33.8,0.52,11.7,7.5,26.2,18.4,42.3,2026-08-29 19:54:19
9810,4,109.8,48.1,100.4,1.42,46.4,18.6,42.0,20.8,61.7,2026-08-29 20:02:19
9811,1,73.5,32.6,58.3,0.95,29.6,13.3,31.0,22.1,52.0,2026-08-29 20:10:19
9812,4,136.8,60.3,112.7,1.77,56.5,23.3,28.8,23.6,54.2,2026-08-29 20:18:19
9813,10,164.1,72.6,116.4,2.2,66.9,27.5,33.1,35.2,83.5,2026-08-29 20:26:19
9814,8,82.0,37.2,64.3,1.18,30.0,14.5,33.3,27.6,79.4,2026-08-29 20:34:19
9815,5,34.0,14.0,23.4,0.34,17.6,5.8,54.3,32.5,69.9,2026-08-29 20:42:19
9816,4,80.7,36.7,51.4,1.0,29.3,13.8,26.8,26.0,57.6,2026-08-29 20:50:19
9817,10,42.3,19.1,30.8,0.49,15.8,6.0,38.2,25.5,76.1,2026-08-29 20:58:19
9818,9,37.3,16.6,30.2,0.49,14.9,7.8,30.3,30.4,74.4,2026-08-29 21:06:19
9819,1,153.5,68.7,139.8,2.13,59.6,28.4,31.5,19.8,74.4,2026-08-29 21:14:19
9820,6,77.3,33.8,50.3,0.93,33.0,15.0,51.6,22.8,78.6,2026-08-29 21:22:19
9821,6,82.3,36.2,62.7,1.1,34.3,15.8,29.0,18.1,68.7,2026-08-29 21:30:19
9822,8,85.2,38.3,68.2,1.13,32.5,14.8,33.8,19.1,63.3,2026-08-29 21:38:19
9823,10,53.2,24.5,50.4,0.69,18.2,11.6,29.0,35.1,62.7,2026-08-29 21:46:19
9824,9,24.3,10.4,19.8,0.31,11.1,5.0,41.5,24.0,67.3,2026-08-29 21:54:19
9825,10,57.1,24.6,44.5,0.83,25.7,8.3,27.9,21.9,70.1,2026-08-29 22:02:19
9826,1,178.6,80.3,116.0,2.43,68.2,31.4,34.8,37.2,50.6,2026-08-29 22:10:19
9827,5,136.9,60.2,106.5,1.91,57.1,22.3,26.8,33.4,38.8,2026-08-29 22:18:19
9828,6,112.0,50.0,82.0,1.47,44.1,20.5,49.6,29.9,44.5,2026-08-29 22:26:19
9829,3,63.1,28.7,48.0,0.76,22.9,12.0,40.7,26.5,59.9,2026-08-29 22:34:19
9830,3,193.3,84.9,170.8,2.53,80.9,32.5,30.7,31.3,63.6,2026-08-29 22:42:19
9831,7,154.5,69.7,125.5,2.11,58.0,27.1,34.5,33.7,33.6,2026-08-29 22:50:19
9832,1,155.0,68.3,137.2,2.06,64.2,25.7,51.1,30.2,56.9,2026-08-29 22:58:19
9833,10,30.4,12.6,22.5,0.33,15.4,6.8,33.8,19.7,42.2,2026-08-29 23:06:19
9834,3,41.0,18.9,36.9,0.5,13.9,6.5,38.5,34.5,74.4,2026-08-29 23:14:19
9835,3,48.1,20.8,40.3,0.66,21.3,6.9,47.8,33.6,31.3,2026-08-29 23:22:19
9836,6,98.7,43.2,71.4,1.37,41.8,19.1,49.4,31.9,84.6,2026-08-29 23:30:19
9837,4,39.7,18.7,30.9,0.63,12.1,8.7,50.4,25.6,49.5,2026-08-29 23:38:19
9838,1,127.3,55.6,110.0,1.75,54.5,21.1,44.9,29.4,74.4,2026-08-29 23:46:19
9839,1,72.7,32.4,68.0,0.95,28.7,13.4,30.0,32.7,54.3,2026-08-29 23:54:19
9840,4,34.6,15.5,28.5,0.49,13.3,7.1,42.3,27.0,63.4,2026-08-30 00:02:19
9841,5,42.1,18.0,31.1,0.59,19.5,8.6,27.8,35.4,45.3,2026-08-30 00:10:19
9842,2,15.0,5.0,10.3,0.23,10.0,5.0,37.3,29.0,42.0,2026-08-30 00:18:19
9843,6,123.5,53.9,103.6,1.65,52.9,20.3,54.7,35.0,48.3,2026-08-30 00:26:19
9844,3,77.5,34.1,60.1,0.96,32.3,12.0,53.7,28.1,33.5,2026-08-30 00:34:19
9845,4,57.0,25.9,37.9,0.71,20.8,11.0,54.7,29.8,61.5,2026-08-30 00:42:19
9846,9,15.0,5.4,9.7,0.1,10.0,5.0,28.5,18.8,70.1,2026-08-30 00:50:19
9847,2,89.1,39.9,72.2,1.11,34.5,17.5,49.2,37.5,54.2,2026-08-30 00:58:19
9848,4,76.9,33.1,61.0,0.98,34.7,13.6,38.3,25.9,50.0,2026-08-30 01:06:19
9849,4,53.0,23.3,39.6,0.62,22.2,7.5,48.5,35.0,74.5,2026-08-30 01:14:19
9850,8,114.5,50.2,92.8,1.58,48.3,19.8,27.6,20.7,64.9,2026-08-30 01:22:19
9851,1,64.8,29.4,54.8,0.94,23.8,11.4,44.6,33.1,39.7,2026-08-30 01:30:19
9852,8,69.9,30.0,56.2,0.83,31.8,10.4,29.5,31.8,38.6,2026-08-30 01:38:19
9853,1,98.8,43.5,74.9,1.33,41.0,17.4,54.9,21.4,48.7,2026-08-30 01:46:19
9854,7,109.4,49.4,100.8,1.5,40.9,21.5,46.8,32.6,62.4,2026-08-30 01:54:19
9855,2,67.7,29.7,60.2,0.87,28.5,10.2,47.5,30.2,58.6,2026-08-30 02:02:19
9856,5,38.8,18.3,31.0,0.6,11.8,7.7,52.0,36.0,80.4,2026-08-30 02:10:19
9857,8,82.7,36.9,58.7,1.07,32.6,15.8,31.7,24.7,38.5,2026-08-30 02:18:19
9858,10,73.7,31.8,65.9,0.92,32.9,11.0,33.7,21.6,56.0,2026-08-30 02:26:19
9859,5,83.7,36.1,54.5,1.03,37.5,16.2,33.2,24.4,83.0,2026-08-30 02:34:19
9860,5,121.5,53.9,109.8,1.65,48.9,22.1,38.0,29.7,32.1,2026-08-30 02:42:19
9861,3,119.8,54.1,87.7,1.71,44.8,21.6,48.3,36.0,63.0,2026-08-30 02:50:19
9862,3,79.0,34.4,66.5,1.08,34.2,11.8,44.0,24.6,35.7,2026-08-30 02:58:19
9863,1,119.6,52.7,79.6,1.51,49.4,19.6,28.3,29.4,38.2,2026-08-30 03:06:19
9864,10,100.9,45.9,91.9,1.42,36.6,18.4,27.0,34.7,60.2,2026-08-30 03:14:19
9865,9,66.4,30.1,47.1,0.83,24.5,12.6,52.5,34.6,31.0,2026-08-30 03:22:19
9866,2,103.4,44.9,64.6,1.36,45.2,17.7,39.0,22.8,74.0,2026-08-30 03:30:19
9867,5,71.9,32.9,53.0,0.94,25.4,12.4,49.9,31.8,62.6,2026-08-30 03:38:19
9868,4,110.5,48.4,79.8,1.49,46.8,19.4,54.4,35.9,63.9,2026-08-30 03:46:19
9869,5,126.2,57.1,82.7,1.8,46.9,21.5,52.5,36.4,63.4,2026-08-30 03:54:19
9870,10,131.7,58.0,102.4,1.64,54.6,25.2,49.2,21.0,37.4,2026-08-30 04:02:19
9871,1,84.8,38.1,74.3,1.14,32.4,15.8,54.8,23.6,64.2,2026-08-30 04:10:19
9872,2,89.1,39.3,58.7,1.23,36.7,16.4,37.5,35.9,56.1,2026-08-30 04:18:19
9873,2,93.0,42.2,71.1,1.21,34.0,16.0,33.8,30.7,66.1,2026-08-30 04:26:19
9874,3,116.5,51.9,86.7,1.57,46.2,19.4,48.6,23.2,39.2,2026-08-30 04:34:19
9875,3,47.5,21.8,40.7,0.61,16.6,9.8,34.8,24.7,58.2,2026-08-30 04:42:19
9876,5,15.0,5.0,9.5,0.24,10.0,5.0,43.9,25.1,32.4,2026-08-30 04:50:19
9877,2,101.5,45.0,65.2,1.37,40.9,17.5,28.0,35.3,83.7,2026-08-30 04:58:19
9878,1,59.5,25.6,38.6,0.84,26.8,8.9,39.7,23.4,65.7,2026-08-30 05:06:19
9879,2,15.0,5.0,10.3,0.1,10.0,5.0,49.5,27.4,53.8,2026-08-30 05:14:19
9880,4,68.4,30.3,62.9,0.91,27.8,13.3,39.2,28.6,37.6,2026-08-30 05:22:19
9881,6,99.3,45.1,81.0,1.27,36.3,18.3,52.1,36.7,58.4,2026-08-30 05:30:19
9882,5,65.7,28.7,47.6,0.87,28.1,10.5,45.7,19.7,72.1,2026-08-30 05:38:19
9883,2,27.7,12.6,24.6,0.45,10.0,6.2,33.8,33.7,47.1,2026-08-30 05:46:19
9884,2,114.5,51.0,98.6,1.59,45.4,20.3,50.0,24.8,35.7,2026-08-30 05:54:19
9885,7,88.2,40.0,78.1,1.13,32.5,15.1,36.5,34.1,45.4,2026-08-30 06:02:19
9886,2,56.0,24.4,37.9,0.8,24.2,11.0,25.5,28.4,46.6,2026-08-30 06:10:19
9887,9,15.0,5.0,9.5,0.22,10.0,5.0,48.2,36.8,34.4,2026-08-30 06:18:19
9888,1,109.8,49.2,82.0,1.57,42.5,19.6,47.8,34.8,32.3,2026-08-30 06:26:19
9889,7,114.4,50.2,99.2,1.54,48.1,18.1,33.8,29.7,63.7,2026-08-30 06:34:19
9890,4,102.3,45.5,73.1,1.35,40.8,18.7,54.2,34.2,59.5,2026-08-30 06:42:19
9891,6,60.8,26.1,49.0,0.82,27.6,10.5,32.4,37.6,56.1,2026-08-30 06:50:19
9892,8,79.0,35.9,63.7,1.02,28.7,12.9,47.2,36.1,80.9,2026-08-30 06:58:19
9893,5,86.5,37.4,61.0,1.13,38.3,16.7,44.8,20.8,39.1,2026-08-30 07:06:19
9894,7,101.6,44.7,84.9,1.3,42.2,16.0,28.6,34.0,65.6,2026-08-30 07:14:19
9895,10,80.6,36.6,53.4,1.18,29.5,16.2,37.7,22.7,53.5,2026-08-30 07:22:19
9896,10,55.6,24.7,47.9,0.79,22.2,9.9,50.9,37.5,51.3,2026-08-30 07:30:19
9897,7,40.7,18.5,34.1,0.51,14.7,6.6,44.5,31.9,30.5,2026-08-30 07:38:19
9898,5,83.2,36.2,56.4,1.11,36.0,15.2,50.6,18.3,76.5,2026-08-30 07:46:19
9899,10,96.2,42.5,86.7,1.28,39.4,16.5,31.3,25.5,65.2,2026-08-30 07:54:19
9900,7,35.4,15.9,28.0,0.39,13.5,6.5,33.5,30.0,82.0,2026-08-30 08:02:19
9901,7,26.4,11.9,21.2,0.4,10.0,5.0,51.2,18.4,76.6,2026-08-30 08:10:19
9902,6,129.4,57.8,92.1,1.66,50.8,24.4,46.2,31.2,66.7,2026-08-30 08:18:19
9903,5,72.1,32.3,64.3,1.02,28.0,12.7,34.5,30.7,52.8,2026-08-30 08:26:19
9904,2,105.5,46.4,81.8,1.39,43.9,17.0,34.3,32.8,78.5,2026-08-30 08:34:19
9905,4,37.0,17.5,33.4,0.55,10.9,6.1,30.3,28.9,52.8,2026-08-30 08:42:19
9906,4,84.7,36.9,66.3,1.2,36.6,15.7,38.5,35.6,68.5,2026-08-30 08:50:19
9907,8,83.0,36.7,57.9,1.12,33.8,12.8,31.7,19.2,77.1,2026-08-30 08:58:19
9908,7,89.6,38.8,74.9,1.14,39.6,15.9,39.2,22.1,64.8,2026-08-30 09:06:19
9909,9,41.9,19.4,37.3,0.61,13.9,6.1,43.9,21.1,38.0,2026-08-30 09:14:19
9910,7,89.0,38.6,55.2,1.14,39.0,16.4,46.2,36.9,83.4,2026-08-30 09:22:19
9911,9,69.6,31.1,62.2,0.83,27.2,14.1,42.8,21.3,62.9,2026-08-30 09:30:19
9912,6,55.1,25.5,48.0,0.72,18.4,8.5,34.7,22.8,81.4,2026-08-30 09:38:19
9913,8,48.3,22.4,46.1,0.75,15.9,9.2,47.4,30.0,54.5,2026-08-30 09:46:19
9914,4,45.6,20.1,37.8,0.62,18.8,7.4,51.3,35.0,66.4,2026-08-30 09:54:19
9915,6,50.4,21.8,43.7,0.64,22.4,8.2,35.6,37.4,52.5,2026-08-30 10:02:19
9916,5,24.0,9.8,19.0,0.24,12.8,5.0,32.6,20.4,67.5,2026-08-30 10:10:19
9917,2,32.5,13.8,23.7,0.44,15.4,6.9,33.8,25.6,30.5,2026-08-30 10:18:19
9918,1,92.8,41.1,63.2,1.18,37.6,18.1,46.7,24.6,64.1,2026-08-30 10:26:19
9919,2,104.4,46.5,70.0,1.43,41.4,16.9,40.3,37.6,76.1,2026-08-30 10:34:19
9920,3,85.3,36.8,74.6,1.04,38.1,12.9,33.4,33.0,73.0,2026-08-30 10:42:19
9921,4,82.8,37.4,59.4,1.16,30.9,14.4,49.0,29.9,62.1,2026-08-30 10:50:19
9922,2,115.8,51.6,82.3,1.58,45.9,20.4,40.5,24.8,70.7,2026-08-30 10:58:19
9923,5,101.4,45.2,67.8,1.33,40.0,19.9,27.0,28.6,62.0,2026-08-30 11:06:19
9924,7,163.7,72.4,146.2,2.14,66.7,30.0,52.4,21.2,45.1,2026-08-30 11:14:19
9925,3,129.8,58.2,93.7,1.8,50.0,22.4,28.1,32.8,58.9,2026-08-30 11:22:19
9926,10,41.9,17.6,28.9,0.57,20.4,6.3,48.6,19.0,54.0,2026-08-30 11:30:19
9927,10,142.3,62.6,112.2,1.79,59.3,24.7,42.1,23.3,60.4,2026-08-30 11:38:19
9928,4,71.3,32.7,63.1,1.07,24.9,11.7,44.6,23.0,40.8,2026-08-30 11:46:19
9929,10,66.8,28.7,46.9,0.8,30.2,10.9,52.1,20.7,30.6,2026-08-30 11:54:19
9930,2,79.0,34.9,64.4,0.96,32.4,13.6,52.8,22.5,76.2,2026-08-30 12:02:19
9931,4,124.2,55.5,113.9,1.63,48.5,23.7,33.7,36.5,52.9,2026-08-30 12:10:19
9932,10,60.7,26.3,54.9,0.77,26.7,10.1,34.1,33.3,53.7,2026-08-30 12:18:19
9933,9,89.5,39.9,66.7,1.11,35.3,17.4,35.9,24.7,33.3,2026-08-30 12:26:19
9934,7,33.4,15.1,28.3,0.54,12.4,5.7,43.4,38.0,58.8,2026-08-30 12:34:19
9935,8,104.7,45.5,81.2,1.45,45.5,17.7,31.5,19.2,81.2,2026-08-30 12:42:19
9936,9,54.8,23.9,42.9,0.73,23.5,10.1,26.7,33.5,56.0,2026-08-30 12:50:19
9937,9,120.6,53.3,109.8,1.67,49.3,20.5,31.5,24.9,49.1,2026-08-30 12:58:19
9938,5,56.1,25.9,41.3,0.87,19.0,8.9,31.8,20.1,75.9,2026-08-30 13:06:19
9939,10,101.7,44.6,91.7,1.3,42.8,19.8,33.7,27.6,68.6,2026-08-30 13:14:19
9940,2,80.6,36.4,51.9,1.06,30.2,13.3,41.6,37.7,50.6,2026-08-30 13:22:19
9941,3,176.8,79.0,132.1,2.3,69.2,33.5,39.2,20.6,36.3,2026-08-30 13:30:19
9942,6,115.7,51.8,72.7,1.46,45.0,22.7,51.6,27.4,76.4,2026-08-30 13:38:19
9943,3,84.2,37.8,77.4,1.23,32.3,15.4,27.4,30.5,41.4,2026-08-30 13:46:19
9944,1,80.8,35.8,52.7,1.16,32.7,14.3,54.1,28.7,59.7,2026-08-30 13:54:19
9945,4,178.9,80.2,120.6,2.39,69.0,31.9,32.4,28.8,34.6,2026-08-30 14:02:19
9946,6,61.4,26.8,44.0,0.86,26.4,10.6,35.9,24.1,81.9,2026-08-30 14:10:19
9947,2,79.4,34.6,71.2,1.08,34.3,15.5,33.1,22.3,55.6,2026-08-30 14:18:19
9948,6,60.2,27.5,50.5,0.89,21.5,11.5,39.8,22.7,79.2,2026-08-30 14:26:19
9949,9,111.2,49.3,89.5,1.55,45.0,20.9,53.9,32.5,71.3,2026-08-30 14:34:19
9950,10,87.7,40.0,65.3,1.22,31.3,15.5,53.8,32.8,80.3,2026-08-30 14:42:19
9951,5,15.0,5.0,10.3,0.18,10.0,5.0,39.8,26.0,50.5,2026-08-30 14:50:19
9952,7,97.5,44.1,79.9,1.25,36.3,16.8,48.3,28.8,50.3,2026-08-30 14:58:19
9953,3,105.8,47.4,71.2,1.4,41.0,19.6,31.3,36.9,37.1,2026-08-30 15:06:19
9954,6,35.5,15.0,23.8,0.37,17.0,5.3,25.9,34.4,80.8,2026-08-30 15:14:19
9955,8,15.0,5.0,7.5,0.15,10.0,5.0,51.8,32.3,49.0,2026-08-30 15:22:19
9956,6,79.6,35.9,52.0,1.1,29.9,14.9,45.7,28.6,56.9,2026-08-30 15:30:19
9957,10,128.8,57.5,105.7,1.67,50.5,23.2,51.9,32.6,31.7,2026-08-30 15:38:19
9958,6,40.9,17.6,29.9,0.44,18.4,7.6,25.0,21.0,50.1,2026-08-30 15:46:19
9959,10,82.8,36.3,56.2,1.15,34.9,13.6,36.4,18.2,50.4,2026-08-30 15:54:19
9960,7,98.9,44.5,70.6,1.4,37.6,17.7,51.0,19.9,60.5,2026-08-30 16:02:19
9961,1,132.3,59.8,90.0,1.81,49.3,22.6,27.4,29.4,61.1,2026-08-30 16:10:19
9962,2,68.0,30.8,56.3,0.93,25.2,10.8,38.2,36.1,45.5,2026-08-30 16:18:19
9963,1,135.6,60.2,85.7,1.8,54.4,25.1,46.9,33.6,44.2,2026-08-30 16:26:19
9964,1,119.0,52.6,83.6,1.51,48.6,21.6,50.8,37.7,41.8,2026-08-30 16:34:19
9965,8,72.8,32.7,46.8,1.04,27.9,14.6,46.6,27.1,40.3,2026-08-30 16:42:19
9966,8,78.4,35.5,62.9,1.09,29.0,16.1,37.0,37.3,46.4,2026-08-30 16:50:19
9967,8,83.0,35.9,52.4,1.16,36.8,12.8,43.8,34.8,55.6,2026-08-30 16:58:19
9968,9,60.9,27.1,44.4,0.9,24.2,9.1,52.9,36.0,74.6,2026-08-30 17:06:19
9969,4,90.6,40.9,64.5,1.2,33.9,18.3,46.3,37.8,41.6,2026-08-30 17:14:19
9970,8,130.1,57.0,104.3,1.7,55.0,22.8,50.9,30.6,51.1,2026-08-30 17:22:19
9971,8,62.1,28.6,40.2,0.96,21.3,11.9,39.8,24.1,38.5,2026-08-30 17:30:19
9972,3,130.8,58.5,88.2,1.71,51.0,23.8,42.4,27.8,41.6,2026-08-30 17:38:19
9973,9,43.9,20.5,41.9,0.68,13.9,6.6,26.4,28.1,69.1,2026-08-30 17:46:19
9974,8,79.1,34.1,70.5,0.96,35.5,15.6,47.7,27.2,60.2,2026-08-30 17:54:19
9975,8,97.2,42.8,79.0,1.29,40.3,17.0,49.6,23.3,60.3,2026-08-30 18:02:19
9976,5,66.5,28.8,50.3,0.95,29.3,12.0,26.1,22.3,65.5,2026-08-30 18:10:19
9977,5,76.1,34.7,55.7,1.05,27.3,14.6,45.2,30.1,84.3,2026-08-30 18:18:19
9978,6,124.4,55.1,89.4,1.73,50.5,22.2,46.5,20.6,33.4,2026-08-30 18:26:19
9979,6,134.9,59.2,85.0,1.76,56.6,25.5,32.5,23.7,75.9,2026-08-30 18:34:19
9980,10,58.5,26.0,41.8,0.86,23.4,8.8,30.0,22.7,76.2,2026-08-30 18:42:19
9981,9,95.4,42.3,66.0,1.22,38.6,18.9,50.0,18.0,68.0,2026-08-30 18:50:19
9982,4,47.9,20.8,29.7,0.56,21.0,7.1,27.7,37.6,76.1,2026-08-30 18:58:19
9983,4,108.7,49.4,91.6,1.46,39.6,18.4,32.1,28.2,48.8,2026-08-30 19:06:19
9984,4,26.9,11.0,19.2,0.39,14.1,5.0,43.8,25.5,73.2,2026-08-30 19:14:19
9985,1,120.5,52.5,107.5,1.59,51.9,22.7,31.9,28.9,41.7,2026-08-30 19:22:19
9986,8,15.0,5.0,8.1,0.15,10.0,5.0,27.6,29.8,79.9,2026-08-30 19:30:19
9987,4,34.7,16.2,30.6,0.45,11.1,6.0,49.5,25.8,78.6,2026-08-30 19:38:19
9988,2,75.1,33.3,56.3,1.07,30.4,13.1,41.4,37.0,34.2,2026-08-30 19:46:19
9989,9,94.1,42.1,59.2,1.17,36.6,16.5,43.2,34.8,76.3,2026-08-30 19:54:19
9990,1,112.3,49.4,88.0,1.41,46.7,19.0,49.6,24.9,43.9,2026-08-30 20:02:19
9991,4,43.7,20.1,38.1,0.51,15.0,9.5,28.1,21.1,46.6,2026-08-30 20:10:19
9992,9,139.3,61.0,110.9,1.91,59.0,25.7,38.4,22.1,59.7,2026-08-30 20:18:19
9993,10,106.3,47.8,77.7,1.43,40.5,18.8,30.5,25.2,45.5,2026-08-30 20:26:19
9994,5,114.7,51.5,97.3,1.55,43.9,19.8,34.1,26.3,60.8,2026-08-30 20:34:19
9995,1,114.9,50.9,78.0,1.55,46.5,21.7,25.5,37.1,36.9,2026-08-30 20:42:19
9996,1,119.2,53.5,93.3,1.7,45.9,20.0,40.5,24.4,50.3,2026-08-30 20:50:19
9997,10,110.6,48.3,89.6,1.4,47.4,18.4,25.5,34.1,73.7,2026-08-30 20:58:19
9998,10,124.9,56.2,91.0,1.65,47.5,21.8,43.0,30.4,69.4,2026-08-30 21:06:19
9999,8,80.8,36.9,61.4,1.12,28.7,13.2,54.0,22.9,56.4,2026-08-30 21:14:19
10000,9,141.1,62.6,112.9,1.86,56.9,23.5,26.6,34.1,30.8,2026-08-30 21:22:19
