id,route_id,passenger_count,delay_minutes,weather_condition,is_peak_hour,recorded_at
1,7,73,15,Foggy,1,2026-07-26 08:13:19
2,3,63,18,Hot,1,2026-07-26 08:24:19
3,4,77,16,Clear,1,2026-07-26 08:35:19
4,8,78,6,Clear,1,2026-07-26 08:46:19
5,5,89,19,Overcast,1,2026-07-26 08:57:19
6,5,90,6,Overcast,1,2026-07-26 09:08:19
7,12,82,14,Clear,1,2026-07-26 09:19:19
8,5,95,4,Clear,1,2026-07-26 09:30:19
9,8,110,18,Foggy,1,2026-07-26 09:41:19
10,5,110,15,Rainy,1,2026-07-26 09:52:19
11,6,9,3,Clear,0,2026-07-26 10:03:19
12,10,33,3,Hot,0,2026-07-26 10:14:19
13,1,42,3,Hot,0,2026-07-26 10:25:19
14,2,35,4,Rainy,0,2026-07-26 10:36:19
15,2,39,2,Clear,0,2026-07-26 10:47:19
16,5,38,3,Overcast,0,2026-07-26 10:58:19
17,10,39,4,Overcast,0,2026-07-26 11:09:19
18,5,13,2,Overcast,0,2026-07-26 11:20:19
19,2,19,3,Foggy,0,2026-07-26 11:31:19
20,6,25,1,Overcast,0,2026-07-26 11:42:19
21,9,40,2,Hot,0,2026-07-26 11:53:19
22,4,65,5,Hot,0,2026-07-26 12:04:19
23,4,44,2,Overcast,0,2026-07-26 12:15:19
24,9,38,4,Overcast,0,2026-07-26 12:26:19
25,2,9,1,Foggy,0,2026-07-26 12:37:19
26,7,21,2,Overcast,0,2026-07-26 12:48:19
27,9,31,2,Rainy,0,2026-07-26 12:59:19
28,7,47,2,Overcast,0,2026-07-26 13:10:19
29,11,54,5,Hot,0,2026-07-26 13:21:19
30,7,47,3,Overcast,0,2026-07-26 13:32:19
31,6,39,4,Foggy,0,2026-07-26 13:43:19
32,11,41,4,Foggy,0,2026-07-26 13:54:19
33,2,33,4,Rainy,0,2026-07-26 14:05:19
34,4,42,2,Foggy,0,2026-07-26 14:16:19
35,11,40,4,Foggy,0,2026-07-26 14:27:19
36,6,32,2,Hot,0,2026-07-26 14:38:19
37,3,5,3,Foggy,0,2026-07-26 14:49:19
38,5,32,1,Clear,0,2026-07-26 15:00:19
39,9,45,4,Foggy,0,2026-07-26 15:11:19
40,4,37,3,Overcast,0,2026-07-26 15:22:19
41,3,5,2,Clear,0,2026-07-26 15:33:19
42,8,28,1,Hot,0,2026-07-26 15:44:19
43,4,23,3,Foggy,0,2026-07-26 15:55:19
44,5,13,0,Rainy,0,2026-07-26 16:06:19
45,8,29,3,Clear,0,2026-07-26 16:17:19
46,9,21,3,Overcast,0,2026-07-26 16:28:19
47,5,42,5,Rainy,0,2026-07-26 16:39:19
48,2,50,4,Foggy,0,2026-07-26 16:50:19
49,7,97,15,Overcast,1,2026-07-26 17:01:19
50,1,92,19,Overcast,1,2026-07-26 17:12:19
51,11,102,10,Clear,1,2026-07-26 17:23:19
52,4,82,8,Hot,1,2026-07-26 17:34:19
53,5,78,7,Overcast,1,2026-07-26 17:45:19
54,5,105,15,Rainy,1,2026-07-26 17:56:19
55,1,86,4,Rainy,1,2026-07-26 18:07:19
56,4,77,17,Overcast,1,2026-07-26 18:18:19
57,11,66,16,Rainy,1,2026-07-26 18:29:19
58,5,99,4,Clear,1,2026-07-26 18:40:19
59,12,70,7,Overcast,1,2026-07-26 18:51:19
60,9,95,5,Hot,1,2026-07-26 19:02:19
61,9,108,8,Overcast,1,2026-07-26 19:13:19
62,5,75,9,Rainy,1,2026-07-26 19:24:19
63,5,106,8,Foggy,1,2026-07-26 19:35:19
64,8,111,19,Rainy,1,2026-07-26 19:46:19
65,11,91,15,Foggy,1,2026-07-26 19:57:19
66,1,28,2,Rainy,0,2026-07-26 20:08:19
67,1,26,4,Clear,0,2026-07-26 20:19:19
68,2,26,2,Hot,0,2026-07-26 20:30:19
69,12,58,5,Foggy,0,2026-07-26 20:41:19
70,7,43,5,Clear,0,2026-07-26 20:52:19
71,11,33,3,Foggy,0,2026-07-26 21:03:19
72,6,21,3,Rainy,0,2026-07-26 21:14:19
73,6,42,4,Foggy,0,2026-07-26 21:25:19
74,1,38,4,Clear,0,2026-07-26 21:36:19
75,4,5,3,Overcast,0,2026-07-26 21:47:19
76,10,49,5,Overcast,0,2026-07-26 21:58:19
77,12,42,3,Hot,0,2026-07-26 22:09:19
78,1,44,5,Overcast,0,2026-07-26 22:20:19
79,10,35,3,Hot,0,2026-07-26 22:31:19
80,7,5,1,Clear,0,2026-07-26 22:42:19
81,6,43,3,Clear,0,2026-07-26 22:53:19
82,11,15,2,Overcast,0,2026-07-26 23:04:19
83,11,38,1,Hot,0,2026-07-26 23:15:19
84,12,16,3,Foggy,0,2026-07-26 23:26:19
85,12,43,3,Clear,0,2026-07-26 23:37:19
86,5,13,3,Hot,0,2026-07-26 23:48:19
87,11,54,4,Hot,0,2026-07-26 23:59:19
88,6,32,3,Foggy,0,2026-07-27 00:10:19
89,3,29,1,Hot,0,2026-07-27 00:21:19
90,7,43,3,Clear,0,2026-07-27 00:32:19
91,11,33,1,Overcast,0,2026-07-27 00:43:19
92,8,58,2,Rainy,0,2026-07-27 00:54:19
93,6,28,4,Overcast,0,2026-07-27 01:05:19
94,3,58,4,Clear,0,2026-07-27 01:16:19
95,11,23,1,Overcast,0,2026-07-27 01:27:19
96,5,25,1,Hot,0,2026-07-27 01:38:19
97,1,19,2,Rainy,0,2026-07-27 01:49:19
98,8,43,3,Overcast,0,2026-07-27 02:00:19
99,9,25,3,Hot,0,2026-07-27 02:11:19
100,1,47,3,Rainy,0,2026-07-27 02:22:19
101,12,24,4,Foggy,0,2026-07-27 02:33:19
102,12,39,3,Clear,0,2026-07-27 02:44:19
103,4,34,3,Overcast,0,2026-07-27 02:55:19
104,1,14,2,Rainy,0,2026-07-27 03:06:19
105,12,26,4,Clear,0,2026-07-27 03:17:19
106,1,35,3,Overcast,0,2026-07-27 03:28:19
107,9,32,3,Clear,0,2026-07-27 03:39:19
108,10,32,3,Hot,0,2026-07-27 03:50:19
109,7,12,2,Overcast,0,2026-07-27 04:01:19
110,5,35,3,Overcast,0,2026-07-27 04:12:19
111,7,48,5,Rainy,0,2026-07-27 04:23:19
112,10,48,3,Rainy,0,2026-07-27 04:34:19
113,6,20,2,Rainy,0,2026-07-27 04:45:19
114,12,31,1,Rainy,0,2026-07-27 04:56:19
115,9,46,2,Overcast,0,2026-07-27 05:07:19
116,1,28,1,Clear,0,2026-07-27 05:18:19
117,11,59,3,Rainy,0,2026-07-27 05:29:19
118,9,50,2,Hot,0,2026-07-27 05:40:19
119,9,31,3,Rainy,0,2026-07-27 05:51:19
120,5,45,4,Overcast,0,2026-07-27 06:02:19
121,11,14,3,Rainy,0,2026-07-27 06:13:19
122,6,7,1,Overcast,0,2026-07-27 06:24:19
123,7,22,3,Foggy,0,2026-07-27 06:35:19
124,4,32,3,Overcast,0,2026-07-27 06:46:19
125,11,33,2,Hot,0,2026-07-27 06:57:19
126,9,78,15,Rainy,1,2026-07-27 07:08:19
127,10,109,18,Rainy,1,2026-07-27 07:19:19
128,11,105,18,Hot,1,2026-07-27 07:30:19
129,4,86,7,Overcast,1,2026-07-27 07:41:19
130,12,103,10,Foggy,1,2026-07-27 07:52:19
131,4,107,11,Hot,1,2026-07-27 08:03:19
132,10,77,12,Overcast,1,2026-07-27 08:14:19
133,1,92,14,Clear,1,2026-07-27 08:25:19
134,8,98,11,Overcast,1,2026-07-27 08:36:19
135,10,86,9,Hot,1,2026-07-27 08:47:19
136,7,71,10,Rainy,1,2026-07-27 08:58:19
137,12,103,11,Foggy,1,2026-07-27 09:09:19
138,5,99,5,Rainy,1,2026-07-27 09:20:19
139,5,96,17,Rainy,1,2026-07-27 09:31:19
140,5,113,19,Clear,1,2026-07-27 09:42:19
141,12,94,15,Overcast,1,2026-07-27 09:53:19
142,5,26,3,Overcast,0,2026-07-27 10:04:19
143,2,37,3,Clear,0,2026-07-27 10:15:19
144,7,32,4,Hot,0,2026-07-27 10:26:19
145,6,34,2,Rainy,0,2026-07-27 10:37:19
146,1,21,3,Foggy,0,2026-07-27 10:48:19
147,11,9,1,Clear,0,2026-07-27 10:59:19
148,10,25,4,Rainy,0,2026-07-27 11:10:19
149,8,23,4,Rainy,0,2026-07-27 11:21:19
150,3,35,1,Rainy,0,2026-07-27 11:32:19
151,10,53,4,Foggy,0,2026-07-27 11:43:19
152,8,14,0,Foggy,0,2026-07-27 11:54:19
153,1,40,5,Foggy,0,2026-07-27 12:05:19
154,4,56,2,Rainy,0,2026-07-27 12:16:19
155,9,44,3,Rainy,0,2026-07-27 12:27:19
156,11,5,1,Hot,0,2026-07-27 12:38:19
157,9,39,4,Overcast,0,2026-07-27 12:49:19
158,10,24,4,Overcast,0,2026-07-27 13:00:19
159,7,51,4,Foggy,0,2026-07-27 13:11:19
160,12,50,5,Rainy,0,2026-07-27 13:22:19
161,7,6,2,Clear,0,2026-07-27 13:33:19
162,3,34,3,Clear,0,2026-07-27 13:44:19
163,11,27,3,Rainy,0,2026-07-27 13:55:19
164,9,39,1,Hot,0,2026-07-27 14:06:19
165,3,18,1,Hot,0,2026-07-27 14:17:19
166,5,46,2,Hot,0,2026-07-27 14:28:19
167,8,32,4,Overcast,0,2026-07-27 14:39:19
168,8,12,0,Hot,0,2026-07-27 14:50:19
169,2,30,3,Foggy,0,2026-07-27 15:01:19
170,11,40,3,Foggy,0,2026-07-27 15:12:19
171,11,58,4,Clear,0,2026-07-27 15:23:19
172,12,13,0,Clear,0,2026-07-27 15:34:19
173,8,27,2,Hot,0,2026-07-27 15:45:19
174,10,38,3,Rainy,0,2026-07-27 15:56:19
175,5,26,4,Foggy,0,2026-07-27 16:07:19
176,11,31,1,Hot,0,2026-07-27 16:18:19
177,5,42,5,Foggy,0,2026-07-27 16:29:19
178,5,31,3,Hot,0,2026-07-27 16:40:19
179,2,44,5,Clear,0,2026-07-27 16:51:19
180,10,84,10,Foggy,1,2026-07-27 17:02:19
181,3,103,5,Foggy,1,2026-07-27 17:13:19
182,10,103,8,Hot,1,2026-07-27 17:24:19
183,8,97,10,Rainy,1,2026-07-27 17:35:19
184,11,108,12,Overcast,1,2026-07-27 17:46:19
185,4,79,15,Overcast,1,2026-07-27 17:57:19
186,10,57,13,Clear,1,2026-07-27 18:08:19
187,11,99,5,Rainy,1,2026-07-27 18:19:19
188,3,97,4,Hot,1,2026-07-27 18:30:19
189,3,78,5,Overcast,1,2026-07-27 18:41:19
190,9,94,16,Rainy,1,2026-07-27 18:52:19
191,11,103,10,Overcast,1,2026-07-27 19:03:19
192,6,109,19,Foggy,1,2026-07-27 19:14:19
193,11,66,16,Overcast,1,2026-07-27 19:25:19
194,6,106,14,Clear,1,2026-07-27 19:36:19
195,7,117,17,Rainy,1,2026-07-27 19:47:19
196,2,68,4,Rainy,1,2026-07-27 19:58:19
197,2,48,5,Rainy,0,2026-07-27 20:09:19
198,6,29,3,Clear,0,2026-07-27 20:20:19
199,9,23,3,Hot,0,2026-07-27 20:31:19
200,5,41,3,Hot,0,2026-07-27 20:42:19
201,10,34,2,Clear,0,2026-07-27 20:53:19
202,12,16,2,Hot,0,2026-07-27 21:04:19
203,2,48,3,Clear,0,2026-07-27 21:15:19
204,10,15,0,Foggy,0,2026-07-27 21:26:19
205,2,39,1,Hot,0,2026-07-27 21:37:19
206,9,18,0,Clear,0,2026-07-27 21:48:19
207,11,35,3,Rainy,0,2026-07-27 21:59:19
208,9,34,3,Rainy,0,2026-07-27 22:10:19
209,10,63,4,Rainy,0,2026-07-27 22:21:19
210,5,13,1,Clear,0,2026-07-27 22:32:19
211,3,53,4,Clear,0,2026-07-27 22:43:19
212,5,25,4,Overcast,0,2026-07-27 22:54:19
213,8,18,0,Overcast,0,2026-07-27 23:05:19
214,3,18,0,Overcast,0,2026-07-27 23:16:19
215,12,49,4,Overcast,0,2026-07-27 23:27:19
216,4,42,2,Clear,0,2026-07-27 23:38:19
217,12,40,3,Clear,0,2026-07-27 23:49:19
218,8,41,3,Foggy,0,2026-07-28 00:00:19
219,4,24,4,Hot,0,2026-07-28 00:11:19
220,9,42,2,Overcast,0,2026-07-28 00:22:19
221,1,5,1,Foggy,0,2026-07-28 00:33:19
222,9,49,2,Foggy,0,2026-07-28 00:44:19
223,1,24,2,Overcast,0,2026-07-28 00:55:19
224,5,16,0,Foggy,0,2026-07-28 01:06:19
225,7,28,3,Hot,0,2026-07-28 01:17:19
226,9,44,4,Hot,0,2026-07-28 01:28:19
227,2,12,0,Hot,0,2026-07-28 01:39:19
228,8,30,2,Overcast,0,2026-07-28 01:50:19
229,7,43,4,Hot,0,2026-07-28 02:01:19
230,7,23,4,Rainy,0,2026-07-28 02:12:19
231,8,23,4,Rainy,0,2026-07-28 02:23:19
232,3,41,2,Rainy,0,2026-07-28 02:34:19
233,7,22,4,Rainy,0,2026-07-28 02:45:19
234,5,58,4,Hot,0,2026-07-28 02:56:19
235,3,51,5,Clear,0,2026-07-28 03:07:19
236,11,9,2,Foggy,0,2026-07-28 03:18:19
237,12,23,2,Overcast,0,2026-07-28 03:29:19
238,4,40,4,Rainy,0,2026-07-28 03:40:19
239,1,9,1,Foggy,0,2026-07-28 03:51:19
240,4,21,3,Rainy,0,2026-07-28 04:02:19
241,7,12,1,Rainy,0,2026-07-28 04:13:19
242,10,42,3,Clear,0,2026-07-28 04:24:19
243,10,28,2,Overcast,0,2026-07-28 04:35:19
244,1,5,0,Overcast,0,2026-07-28 04:46:19
245,1,27,2,Overcast,0,2026-07-28 04:57:19
246,12,18,1,Foggy,0,2026-07-28 05:08:19
247,12,22,3,Hot,0,2026-07-28 05:19:19
248,3,40,2,Foggy,0,2026-07-28 05:30:19
249,9,34,4,Overcast,0,2026-07-28 05:41:19
250,2,15,0,Hot,0,2026-07-28 05:52:19
251,1,57,4,Clear,0,2026-07-28 06:03:19
252,1,39,1,Foggy,0,2026-07-28 06:14:19
253,5,28,4,Foggy,0,2026-07-28 06:25:19
254,5,13,2,Clear,0,2026-07-28 06:36:19
255,11,68,5,Foggy,0,2026-07-28 06:47:19
256,3,27,3,Overcast,0,2026-07-28 06:58:19
257,4,77,9,Rainy,1,2026-07-28 07:09:19
258,5,93,13,Overcast,1,2026-07-28 07:20:19
259,1,99,10,Rainy,1,2026-07-28 07:31:19
260,8,82,17,Hot,1,2026-07-28 07:42:19
261,3,112,18,Foggy,1,2026-07-28 07:53:19
262,2,99,17,Hot,1,2026-07-28 08:04:19
263,10,87,6,Overcast,1,2026-07-28 08:15:19
264,3,49,5,Foggy,1,2026-07-28 08:26:19
265,10,110,17,Overcast,1,2026-07-28 08:37:19
266,4,120,11,Foggy,1,2026-07-28 08:48:19
267,3,97,10,Foggy,1,2026-07-28 08:59:19
268,7,120,6,Rainy,1,2026-07-28 09:10:19
269,4,107,18,Overcast,1,2026-07-28 09:21:19
270,5,83,15,Clear,1,2026-07-28 09:32:19
271,5,120,13,Foggy,1,2026-07-28 09:43:19
272,10,84,14,Clear,1,2026-07-28 09:54:19
273,9,19,0,Foggy,0,2026-07-28 10:05:19
274,10,38,3,Hot,0,2026-07-28 10:16:19
275,2,45,2,Clear,0,2026-07-28 10:27:19
276,9,26,3,Overcast,0,2026-07-28 10:38:19
277,3,66,3,Clear,0,2026-07-28 10:49:19
278,6,24,3,Overcast,0,2026-07-28 11:00:19
279,5,24,2,Foggy,0,2026-07-28 11:11:19
280,3,64,5,Clear,0,2026-07-28 11:22:19
281,8,37,3,Rainy,0,2026-07-28 11:33:19
282,3,43,3,Clear,0,2026-07-28 11:44:19
283,5,27,4,Rainy,0,2026-07-28 11:55:19
284,9,26,2,Foggy,0,2026-07-28 12:06:19
285,2,13,2,Clear,0,2026-07-28 12:17:19
286,3,31,4,Clear,0,2026-07-28 12:28:19
287,7,46,5,Hot,0,2026-07-28 12:39:19
288,11,35,3,Overcast,0,2026-07-28 12:50:19
289,6,47,4,Hot,0,2026-07-28 13:01:19
290,8,41,3,Clear,0,2026-07-28 13:12:19
291,4,16,1,Overcast,0,2026-07-28 13:23:19
292,3,53,5,Clear,0,2026-07-28 13:34:19
293,3,27,1,Rainy,0,2026-07-28 13:45:19
294,9,47,5,Foggy,0,2026-07-28 13:56:19
295,3,14,3,Foggy,0,2026-07-28 14:07:19
296,12,23,2,Clear,0,2026-07-28 14:18:19
297,5,36,1,Clear,0,2026-07-28 14:29:19
298,4,32,1,Clear,0,2026-07-28 14:40:19
299,6,26,1,Hot,0,2026-07-28 14:51:19
300,7,39,2,Hot,0,2026-07-28 15:02:19
301,6,25,1,Hot,0,2026-07-28 15:13:19
302,3,47,5,Overcast,0,2026-07-28 15:24:19
303,2,31,1,Foggy,0,2026-07-28 15:35:19
304,9,24,4,Rainy,0,2026-07-28 15:46:19
305,1,47,3,Foggy,0,2026-07-28 15:57:19
306,11,27,4,Foggy,0,2026-07-28 16:08:19
307,4,38,1,Clear,0,2026-07-28 16:19:19
308,6,48,2,Rainy,0,2026-07-28 16:30:19
309,3,27,2,Foggy,0,2026-07-28 16:41:19
310,5,32,3,Rainy,0,2026-07-28 16:52:19
311,4,93,7,Foggy,1,2026-07-28 17:03:19
312,10,86,16,Rainy,1,2026-07-28 17:14:19
313,3,84,17,Clear,1,2026-07-28 17:25:19
314,7,98,9,Overcast,1,2026-07-28 17:36:19
315,10,96,9,Overcast,1,2026-07-28 17:47:19
316,4,67,3,Overcast,1,2026-07-28 17:58:19
317,12,74,11,Foggy,1,2026-07-28 18:09:19
318,6,91,5,Hot,1,2026-07-28 18:20:19
319,9,71,13,Overcast,1,2026-07-28 18:31:19
320,6,97,5,Rainy,1,2026-07-28 18:42:19
321,10,102,7,Clear,1,2026-07-28 18:53:19
322,4,105,9,Overcast,1,2026-07-28 19:04:19
323,5,83,13,Rainy,1,2026-07-28 19:15:19
324,5,84,8,Overcast,1,2026-07-28 19:26:19
325,6,97,13,Clear,1,2026-07-28 19:37:19
326,4,79,12,Clear,1,2026-07-28 19:48:19
327,10,103,14,Overcast,1,2026-07-28 19:59:19
328,12,44,4,Overcast,0,2026-07-28 20:10:19
329,3,32,1,Clear,0,2026-07-28 20:21:19
330,4,15,3,Foggy,0,2026-07-28 20:32:19
331,7,46,3,Clear,0,2026-07-28 20:43:19
332,8,29,1,Foggy,0,2026-07-28 20:54:19
333,1,5,1,Foggy,0,2026-07-28 21:05:19
334,7,32,4,Clear,0,2026-07-28 21:16:19
335,1,51,5,Rainy,0,2026-07-28 21:27:19
336,5,19,3,Rainy,0,2026-07-28 21:38:19
337,8,27,2,Overcast,0,2026-07-28 21:49:19
338,11,51,4,Foggy,0,2026-07-28 22:00:19
339,4,21,1,Hot,0,2026-07-28 22:11:19
340,7,23,4,Clear,0,2026-07-28 22:22:19
341,2,14,2,Hot,0,2026-07-28 22:33:19
342,10,44,4,Overcast,0,2026-07-28 22:44:19
343,9,56,5,Overcast,0,2026-07-28 22:55:19
344,5,20,1,Clear,0,2026-07-28 23:06:19
345,2,38,4,Overcast,0,2026-07-28 23:17:19
346,11,17,3,Rainy,0,2026-07-28 23:28:19
347,4,5,2,Clear,0,2026-07-28 23:39:19
348,11,60,5,Hot,0,2026-07-28 23:50:19
349,3,50,5,Clear,0,2026-07-29 00:01:19
350,11,27,3,Foggy,0,2026-07-29 00:12:19
351,3,32,1,Hot,0,2026-07-29 00:23:19
352,9,30,3,Clear,0,2026-07-29 00:34:19
353,9,28,1,Hot,0,2026-07-29 00:45:19
354,9,48,4,Foggy,0,2026-07-29 00:56:19
355,6,23,3,Foggy,0,2026-07-29 01:07:19
356,9,30,1,Foggy,0,2026-07-29 01:18:19
357,8,15,3,Overcast,0,2026-07-29 01:29:19
358,6,43,2,Rainy,0,2026-07-29 01:40:19
359,6,29,3,Foggy,0,2026-07-29 01:51:19
360,11,25,2,Hot,0,2026-07-29 02:02:19
361,11,32,3,Rainy,0,2026-07-29 02:13:19
362,7,41,2,Clear,0,2026-07-29 02:24:19
363,3,16,2,Clear,0,2026-07-29 02:35:19
364,8,30,2,Overcast,0,2026-07-29 02:46:19
365,9,5,3,Hot,0,2026-07-29 02:57:19
366,11,55,2,Clear,0,2026-07-29 03:08:19
367,6,25,4,Clear,0,2026-07-29 03:19:19
368,3,44,4,Clear,0,2026-07-29 03:30:19
369,7,45,5,Clear,0,2026-07-29 03:41:19
370,2,5,3,Clear,0,2026-07-29 03:52:19
371,4,36,1,Foggy,0,2026-07-29 04:03:19
372,2,22,1,Overcast,0,2026-07-29 04:14:19
373,9,38,1,Foggy,0,2026-07-29 04:25:19
374,8,27,2,Overcast,0,2026-07-29 04:36:19
375,7,21,3,Hot,0,2026-07-29 04:47:19
376,11,20,1,Foggy,0,2026-07-29 04:58:19
377,10,42,2,Foggy,0,2026-07-29 05:09:19
378,1,25,1,Overcast,0,2026-07-29 05:20:19
379,1,38,1,Clear,0,2026-07-29 05:31:19
380,12,33,2,Clear,0,2026-07-29 05:42:19
381,9,43,2,Rainy,0,2026-07-29 05:53:19
382,5,57,5,Rainy,0,2026-07-29 06:04:19
383,1,47,4,Foggy,0,2026-07-29 06:15:19
384,2,37,1,Rainy,0,2026-07-29 06:26:19
385,10,69,4,Clear,0,2026-07-29 06:37:19
386,10,41,2,Rainy,0,2026-07-29 06:48:19
387,3,32,1,Rainy,0,2026-07-29 06:59:19
388,3,69,9,Overcast,1,2026-07-29 07:10:19
389,11,119,10,Overcast,1,2026-07-29 07:21:19
390,1,102,13,Rainy,1,2026-07-29 07:32:19
391,6,85,9,Foggy,1,2026-07-29 07:43:19
392,3,78,13,Hot,1,2026-07-29 07:54:19
393,2,73,13,Clear,1,2026-07-29 08:05:19
394,12,76,9,Hot,1,2026-07-29 08:16:19
395,5,103,17,Rainy,1,2026-07-29 08:27:19
396,9,93,7,Rainy,1,2026-07-29 08:38:19
397,4,88,14,Clear,1,2026-07-29 08:49:19
398,1,77,18,Hot,1,2026-07-29 09:00:19
399,9,108,19,Overcast,1,2026-07-29 09:11:19
400,2,106,18,Foggy,1,2026-07-29 09:22:19
401,11,87,7,Clear,1,2026-07-29 09:33:19
402,9,82,14,Foggy,1,2026-07-29 09:44:19
403,3,81,9,Clear,1,2026-07-29 09:55:19
404,4,45,5,Overcast,0,2026-07-29 10:06:19
405,2,39,4,Hot,0,2026-07-29 10:17:19
406,12,38,2,Hot,0,2026-07-29 10:28:19
407,7,38,2,Hot,0,2026-07-29 10:39:19
408,2,47,2,Rainy,0,2026-07-29 10:50:19
409,1,10,1,Hot,0,2026-07-29 11:01:19
410,3,13,0,Rainy,0,2026-07-29 11:12:19
411,7,8,0,Clear,0,2026-07-29 11:23:19
412,8,60,3,Hot,0,2026-07-29 11:34:19
413,7,31,4,Overcast,0,2026-07-29 11:45:19
414,4,19,0,Overcast,0,2026-07-29 11:56:19
415,4,28,1,Hot,0,2026-07-29 12:07:19
416,9,55,4,Hot,0,2026-07-29 12:18:19
417,4,25,3,Overcast,0,2026-07-29 12:29:19
418,12,35,2,Overcast,0,2026-07-29 12:40:19
419,2,25,1,Clear,0,2026-07-29 12:51:19
420,5,38,1,Foggy,0,2026-07-29 13:02:19
421,10,24,1,Rainy,0,2026-07-29 13:13:19
422,8,23,3,Foggy,0,2026-07-29 13:24:19
423,10,20,2,Rainy,0,2026-07-29 13:35:19
424,8,28,4,Clear,0,2026-07-29 13:46:19
425,11,13,3,Overcast,0,2026-07-29 13:57:19
426,10,62,6,Rainy,0,2026-07-29 14:08:19
427,1,32,1,Foggy,0,2026-07-29 14:19:19
428,9,32,2,Foggy,0,2026-07-29 14:30:19
429,1,58,2,Clear,0,2026-07-29 14:41:19
430,6,16,3,Clear,0,2026-07-29 14:52:19
431,8,34,3,Rainy,0,2026-07-29 15:03:19
432,12,51,2,Hot,0,2026-07-29 15:14:19
433,12,34,4,Foggy,0,2026-07-29 15:25:19
434,12,47,5,Hot,0,2026-07-29 15:36:19
435,2,25,3,Foggy,0,2026-07-29 15:47:19
436,12,28,4,Foggy,0,2026-07-29 15:58:19
437,7,78,5,Foggy,0,2026-07-29 16:09:19
438,4,17,0,Clear,0,2026-07-29 16:20:19
439,10,34,1,Rainy,0,2026-07-29 16:31:19
440,1,30,3,Rainy,0,2026-07-29 16:42:19
441,1,44,2,Overcast,0,2026-07-29 16:53:19
442,5,100,15,Rainy,1,2026-07-29 17:04:19
443,6,103,12,Foggy,1,2026-07-29 17:15:19
444,9,52,16,Hot,1,2026-07-29 17:26:19
445,2,85,10,Foggy,1,2026-07-29 17:37:19
446,8,107,11,Clear,1,2026-07-29 17:48:19
447,12,89,6,Clear,1,2026-07-29 17:59:19
448,11,93,14,Hot,1,2026-07-29 18:10:19
449,5,100,8,Foggy,1,2026-07-29 18:21:19
450,10,74,17,Hot,1,2026-07-29 18:32:19
451,8,108,15,Rainy,1,2026-07-29 18:43:19
452,2,102,20,Foggy,1,2026-07-29 18:54:19
453,4,85,6,Overcast,1,2026-07-29 19:05:19
454,2,85,6,Overcast,1,2026-07-29 19:16:19
455,2,88,9,Rainy,1,2026-07-29 19:27:19
456,3,77,14,Foggy,1,2026-07-29 19:38:19
457,7,110,7,Overcast,1,2026-07-29 19:49:19
458,6,46,2,Hot,0,2026-07-29 20:00:19
459,4,20,1,Clear,0,2026-07-29 20:11:19
460,6,24,3,Rainy,0,2026-07-29 20:22:19
461,2,18,1,Hot,0,2026-07-29 20:33:19
462,12,26,2,Clear,0,2026-07-29 20:44:19
463,9,31,2,Clear,0,2026-07-29 20:55:19
464,2,38,3,Clear,0,2026-07-29 21:06:19
465,5,20,2,Overcast,0,2026-07-29 21:17:19
466,10,31,4,Foggy,0,2026-07-29 21:28:19
467,2,31,3,Rainy,0,2026-07-29 21:39:19
468,3,55,3,Rainy,0,2026-07-29 21:50:19
469,10,6,1,Overcast,0,2026-07-29 22:01:19
470,11,41,2,Hot,0,2026-07-29 22:12:19
471,4,5,2,Clear,0,2026-07-29 22:23:19
472,4,22,3,Rainy,0,2026-07-29 22:34:19
473,3,21,2,Foggy,0,2026-07-29 22:45:19
474,12,19,0,Overcast,0,2026-07-29 22:56:19
475,11,13,3,Overcast,0,2026-07-29 23:07:19
476,12,17,3,Overcast,0,2026-07-29 23:18:19
477,8,39,1,Overcast,0,2026-07-29 23:29:19
478,12,55,2,Overcast,0,2026-07-29 23:40:19
479,12,54,5,Hot,0,2026-07-29 23:51:19
480,7,56,2,Rainy,0,2026-07-30 00:02:19
481,8,15,0,Hot,0,2026-07-30 00:13:19
482,10,32,2,Foggy,0,2026-07-30 00:24:19
483,10,38,2,Overcast,0,2026-07-30 00:35:19
484,9,16,0,Hot,0,2026-07-30 00:46:19
485,5,34,1,Rainy,0,2026-07-30 00:57:19
486,11,28,1,Clear,0,2026-07-30 01:08:19
487,12,21,4,Foggy,0,2026-07-30 01:19:19
488,7,43,3,Hot,0,2026-07-30 01:30:19
489,7,51,2,Clear,0,2026-07-30 01:41:19
490,3,36,4,Hot,0,2026-07-30 01:52:19
491,8,30,2,Overcast,0,2026-07-30 02:03:19
492,6,44,4,Foggy,0,2026-07-30 02:14:19
493,1,43,4,Hot,0,2026-07-30 02:25:19
494,5,5,2,Rainy,0,2026-07-30 02:36:19
495,6,65,5,Overcast,0,2026-07-30 02:47:19
496,4,39,4,Overcast,0,2026-07-30 02:58:19
497,2,35,3,Foggy,0,2026-07-30 03:09:19
498,3,29,1,Hot,0,2026-07-30 03:20:19
499,7,26,2,Rainy,0,2026-07-30 03:31:19
500,10,6,2,Hot,0,2026-07-30 03:42:19
501,7,48,3,Clear,0,2026-07-30 03:53:19
502,4,25,1,Rainy,0,2026-07-30 04:04:19
503,6,16,3,Foggy,0,2026-07-30 04:15:19
504,8,12,2,Rainy,0,2026-07-30 04:26:19
505,1,21,4,Clear,0,2026-07-30 04:37:19
506,1,5,2,Hot,0,2026-07-30 04:48:19
507,6,35,2,Foggy,0,2026-07-30 04:59:19
508,3,30,3,Hot,0,2026-07-30 05:10:19
509,5,24,2,Clear,0,2026-07-30 05:21:19
510,2,26,1,Overcast,0,2026-07-30 05:32:19
511,8,50,4,Overcast,0,2026-07-30 05:43:19
512,11,31,2,Rainy,0,2026-07-30 05:54:19
513,6,44,4,Foggy,0,2026-07-30 06:05:19
514,1,67,4,Overcast,0,2026-07-30 06:16:19
515,2,15,1,Clear,0,2026-07-30 06:27:19
516,3,7,2,Overcast,0,2026-07-30 06:38:19
517,6,50,2,Foggy,0,2026-07-30 06:49:19
518,6,120,11,Overcast,1,2026-07-30 07:00:19
519,9,114,18,Clear,1,2026-07-30 07:11:19
520,8,102,7,Foggy,1,2026-07-30 07:22:19
521,8,92,12,Foggy,1,2026-07-30 07:33:19
522,9,86,12,Overcast,1,2026-07-30 07:44:19
523,5,109,10,Hot,1,2026-07-30 07:55:19
524,4,112,7,Overcast,1,2026-07-30 08:06:19
525,4,80,16,Rainy,1,2026-07-30 08:17:19
526,2,108,18,Clear,1,2026-07-30 08:28:19
527,2,91,12,Rainy,1,2026-07-30 08:39:19
528,4,114,7,Clear,1,2026-07-30 08:50:19
529,1,87,11,Clear,1,2026-07-30 09:01:19
530,8,120,12,Clear,1,2026-07-30 09:12:19
531,2,78,10,Rainy,1,2026-07-30 09:23:19
532,11,95,16,Rainy,1,2026-07-30 09:34:19
533,3,101,18,Foggy,1,2026-07-30 09:45:19
534,8,84,12,Foggy,1,2026-07-30 09:56:19
535,3,25,3,Rainy,0,2026-07-30 10:07:19
536,6,6,3,Clear,0,2026-07-30 10:18:19
537,3,38,3,Clear,0,2026-07-30 10:29:19
538,11,30,4,Overcast,0,2026-07-30 10:40:19
539,5,34,2,Rainy,0,2026-07-30 10:51:19
540,3,32,3,Foggy,0,2026-07-30 11:02:19
541,5,22,3,Hot,0,2026-07-30 11:13:19
542,9,55,4,Hot,0,2026-07-30 11:24:19
543,3,16,2,Overcast,0,2026-07-30 11:35:19
544,3,26,3,Rainy,0,2026-07-30 11:46:19
545,1,44,5,Overcast,0,2026-07-30 11:57:19
546,4,35,4,Clear,0,2026-07-30 12:08:19
547,3,14,2,Clear,0,2026-07-30 12:19:19
548,9,38,3,Rainy,0,2026-07-30 12:30:19
549,7,26,4,Rainy,0,2026-07-30 12:41:19
550,11,39,3,Overcast,0,2026-07-30 12:52:19
551,7,27,2,Foggy,0,2026-07-30 13:03:19
552,9,58,2,Rainy,0,2026-07-30 13:14:19
553,10,5,0,Rainy,0,2026-07-30 13:25:19
554,12,18,2,Rainy,0,2026-07-30 13:36:19
555,8,32,3,Overcast,0,2026-07-30 13:47:19
556,3,60,6,Overcast,0,2026-07-30 13:58:19
557,1,40,2,Overcast,0,2026-07-30 14:09:19
558,7,35,2,Rainy,0,2026-07-30 14:20:19
559,1,24,1,Hot,0,2026-07-30 14:31:19
560,11,41,5,Rainy,0,2026-07-30 14:42:19
561,12,51,4,Overcast,0,2026-07-30 14:53:19
562,12,41,4,Rainy,0,2026-07-30 15:04:19
563,5,42,2,Foggy,0,2026-07-30 15:15:19
564,2,42,4,Rainy,0,2026-07-30 15:26:19
565,5,28,1,Rainy,0,2026-07-30 15:37:19
566,2,15,0,Hot,0,2026-07-30 15:48:19
567,5,23,2,Foggy,0,2026-07-30 15:59:19
568,2,11,0,Overcast,0,2026-07-30 16:10:19
569,12,32,1,Foggy,0,2026-07-30 16:21:19
570,10,42,4,Rainy,0,2026-07-30 16:32:19
571,5,32,2,Rainy,0,2026-07-30 16:43:19
572,3,22,1,Clear,0,2026-07-30 16:54:19
573,4,90,9,Hot,1,2026-07-30 17:05:19
574,12,87,5,Foggy,1,2026-07-30 17:16:19
575,8,97,16,Overcast,1,2026-07-30 17:27:19
576,3,75,14,Foggy,1,2026-07-30 17:38:19
577,7,109,13,Hot,1,2026-07-30 17:49:19
578,11,106,11,Hot,1,2026-07-30 18:00:19
579,12,80,15,Foggy,1,2026-07-30 18:11:19
580,1,97,12,Clear,1,2026-07-30 18:22:19
581,5,99,7,Overcast,1,2026-07-30 18:33:19
582,2,91,8,Overcast,1,2026-07-30 18:44:19
583,5,91,16,Hot,1,2026-07-30 18:55:19
584,4,113,18,Foggy,1,2026-07-30 19:06:19
585,7,77,10,Overcast,1,2026-07-30 19:17:19
586,11,63,3,Overcast,1,2026-07-30 19:28:19
587,3,100,13,Clear,1,2026-07-30 19:39:19
588,10,106,18,Foggy,1,2026-07-30 19:50:19
589,2,35,4,Hot,0,2026-07-30 20:01:19
590,10,5,2,Foggy,0,2026-07-30 20:12:19
591,2,18,0,Hot,0,2026-07-30 20:23:19
592,12,34,2,Foggy,0,2026-07-30 20:34:19
593,8,33,4,Foggy,0,2026-07-30 20:45:19
594,9,52,2,Rainy,0,2026-07-30 20:56:19
595,11,32,2,Hot,0,2026-07-30 21:07:19
596,5,55,2,Foggy,0,2026-07-30 21:18:19
597,6,29,1,Hot,0,2026-07-30 21:29:19
598,1,31,2,Foggy,0,2026-07-30 21:40:19
599,3,30,3,Overcast,0,2026-07-30 21:51:19
600,4,54,2,Overcast,0,2026-07-30 22:02:19
601,12,27,4,Hot,0,2026-07-30 22:13:19
602,2,31,1,Foggy,0,2026-07-30 22:24:19
603,9,31,4,Foggy,0,2026-07-30 22:35:19
604,4,28,4,Hot,0,2026-07-30 22:46:19
605,5,44,3,Clear,0,2026-07-30 22:57:19
606,12,21,4,Clear,0,2026-07-30 23:08:19
607,11,36,1,Clear,0,2026-07-30 23:19:19
608,6,38,1,Hot,0,2026-07-30 23:30:19
609,12,28,4,Foggy,0,2026-07-30 23:41:19
610,10,30,3,Foggy,0,2026-07-30 23:52:19
611,3,20,2,Foggy,0,2026-07-31 00:03:19
612,4,45,4,Foggy,0,2026-07-31 00:14:19
613,3,21,2,Overcast,0,2026-07-31 00:25:19
614,12,54,5,Hot,0,2026-07-31 00:36:19
615,1,40,4,Clear,0,2026-07-31 00:47:19
616,5,38,3,Overcast,0,2026-07-31 00:58:19
617,9,20,4,Overcast,0,2026-07-31 01:09:19
618,5,14,0,Hot,0,2026-07-31 01:20:19
619,3,42,5,Clear,0,2026-07-31 01:31:19
620,12,61,6,Foggy,0,2026-07-31 01:42:19
621,8,42,4,Rainy,0,2026-07-31 01:53:19
622,9,41,3,Clear,0,2026-07-31 02:04:19
623,9,65,5,Rainy,0,2026-07-31 02:15:19
624,10,52,3,Overcast,0,2026-07-31 02:26:19
625,2,55,5,Overcast,0,2026-07-31 02:37:19
626,2,41,3,Rainy,0,2026-07-31 02:48:19
627,3,34,3,Foggy,0,2026-07-31 02:59:19
628,11,31,3,Rainy,0,2026-07-31 03:10:19
629,7,34,1,Foggy,0,2026-07-31 03:21:19
630,2,5,2,Clear,0,2026-07-31 03:32:19
631,6,30,2,Hot,0,2026-07-31 03:43:19
632,10,12,2,Hot,0,2026-07-31 03:54:19
633,6,32,2,Overcast,0,2026-07-31 04:05:19
634,12,40,2,Rainy,0,2026-07-31 04:16:19
635,4,28,4,Foggy,0,2026-07-31 04:27:19
636,7,33,1,Clear,0,2026-07-31 04:38:19
637,6,47,4,Foggy,0,2026-07-31 04:49:19
638,8,19,3,Rainy,0,2026-07-31 05:00:19
639,10,45,4,Foggy,0,2026-07-31 05:11:19
640,10,34,2,Overcast,0,2026-07-31 05:22:19
641,10,67,3,Foggy,0,2026-07-31 05:33:19
642,8,18,1,Overcast,0,2026-07-31 05:44:19
643,12,15,0,Overcast,0,2026-07-31 05:55:19
644,4,11,3,Hot,0,2026-07-31 06:06:19
645,8,5,0,Hot,0,2026-07-31 06:17:19
646,12,33,3,Foggy,0,2026-07-31 06:28:19
647,5,45,5,Hot,0,2026-07-31 06:39:19
648,11,24,4,Hot,0,2026-07-31 06:50:19
649,5,64,4,Clear,1,2026-07-31 07:01:19
650,8,74,14,Foggy,1,2026-07-31 07:12:19
651,5,77,5,Hot,1,2026-07-31 07:23:19
652,8,107,13,Rainy,1,2026-07-31 07:34:19
653,10,89,11,Foggy,1,2026-07-31 07:45:19
654,6,115,6,Overcast,1,2026-07-31 07:56:19
655,3,110,19,Clear,1,2026-07-31 08:07:19
656,10,96,19,Hot,1,2026-07-31 08:18:19
657,8,77,9,Rainy,1,2026-07-31 08:29:19
658,7,108,6,Foggy,1,2026-07-31 08:40:19
659,7,103,15,Hot,1,2026-07-31 08:51:19
660,2,86,9,Clear,1,2026-07-31 09:02:19
661,9,60,8,Rainy,1,2026-07-31 09:13:19
662,10,120,15,Foggy,1,2026-07-31 09:24:19
663,12,95,10,Foggy,1,2026-07-31 09:35:19
664,2,96,8,Foggy,1,2026-07-31 09:46:19
665,7,91,13,Foggy,1,2026-07-31 09:57:19
666,9,7,3,Foggy,0,2026-07-31 10:08:19
667,5,30,2,Clear,0,2026-07-31 10:19:19
668,9,42,3,Overcast,0,2026-07-31 10:30:19
669,8,38,2,Hot,0,2026-07-31 10:41:19
670,9,12,2,Foggy,0,2026-07-31 10:52:19
671,11,49,5,Clear,0,2026-07-31 11:03:19
672,4,37,2,Foggy,0,2026-07-31 11:14:19
673,5,58,3,Overcast,0,2026-07-31 11:25:19
674,9,21,2,Overcast,0,2026-07-31 11:36:19
675,9,40,3,Foggy,0,2026-07-31 11:47:19
676,7,30,2,Rainy,0,2026-07-31 11:58:19
677,3,37,4,Hot,0,2026-07-31 12:09:19
678,6,30,1,Hot,0,2026-07-31 12:20:19
679,7,5,2,Clear,0,2026-07-31 12:31:19
680,11,23,4,Clear,0,2026-07-31 12:42:19
681,4,42,3,Clear,0,2026-07-31 12:53:19
682,8,21,4,Overcast,0,2026-07-31 13:04:19
683,12,23,2,Hot,0,2026-07-31 13:15:19
684,12,40,2,Overcast,0,2026-07-31 13:26:19
685,8,22,3,Rainy,0,2026-07-31 13:37:19
686,5,14,2,Clear,0,2026-07-31 13:48:19
687,1,5,0,Rainy,0,2026-07-31 13:59:19
688,6,26,2,Foggy,0,2026-07-31 14:10:19
689,2,31,1,Hot,0,2026-07-31 14:21:19
690,3,49,2,Rainy,0,2026-07-31 14:32:19
691,9,27,2,Foggy,0,2026-07-31 14:43:19
692,6,28,1,Overcast,0,2026-07-31 14:54:19
693,9,18,3,Foggy,0,2026-07-31 15:05:19
694,5,22,4,Overcast,0,2026-07-31 15:16:19
695,2,21,2,Overcast,0,2026-07-31 15:27:19
696,4,32,1,Rainy,0,2026-07-31 15:38:19
697,8,5,2,Foggy,0,2026-07-31 15:49:19
698,11,32,2,Overcast,0,2026-07-31 16:00:19
699,11,5,2,Rainy,0,2026-07-31 16:11:19
700,3,17,0,Foggy,0,2026-07-31 16:22:19
701,2,32,1,Overcast,0,2026-07-31 16:33:19
702,6,29,4,Overcast,0,2026-07-31 16:44:19
703,11,11,2,Foggy,0,2026-07-31 16:55:19
704,8,120,20,Hot,1,2026-07-31 17:06:19
705,12,97,9,Rainy,1,2026-07-31 17:17:19
706,5,112,18,Overcast,1,2026-07-31 17:28:19
707,5,97,5,Hot,1,2026-07-31 17:39:19
708,10,91,9,Hot,1,2026-07-31 17:50:19
709,11,97,10,Rainy,1,2026-07-31 18:01:19
710,5,79,5,Rainy,1,2026-07-31 18:12:19
711,11,69,11,Overcast,1,2026-07-31 18:23:19
712,1,102,15,Overcast,1,2026-07-31 18:34:19
713,6,109,8,Hot,1,2026-07-31 18:45:19
714,4,105,5,Rainy,1,2026-07-31 18:56:19
715,12,91,16,Clear,1,2026-07-31 19:07:19
716,8,95,13,Foggy,1,2026-07-31 19:18:19
717,5,95,8,Hot,1,2026-07-31 19:29:19
718,4,92,13,Overcast,1,2026-07-31 19:40:19
719,4,98,19,Hot,1,2026-07-31 19:51:19
720,3,46,5,Foggy,0,2026-07-31 20:02:19
721,9,16,3,Overcast,0,2026-07-31 20:13:19
722,11,18,0,Rainy,0,2026-07-31 20:24:19
723,9,28,1,Clear,0,2026-07-31 20:35:19
724,12,34,2,Overcast,0,2026-07-31 20:46:19
725,11,26,4,Hot,0,2026-07-31 20:57:19
726,7,57,4,Rainy,0,2026-07-31 21:08:19
727,10,26,3,Clear,0,2026-07-31 21:19:19
728,4,5,3,Overcast,0,2026-07-31 21:30:19
729,5,8,3,Hot,0,2026-07-31 21:41:19
730,10,31,2,Foggy,0,2026-07-31 21:52:19
731,5,41,5,Foggy,0,2026-07-31 22:03:19
732,7,28,1,Rainy,0,2026-07-31 22:14:19
733,6,13,3,Rainy,0,2026-07-31 22:25:19
734,3,52,3,Hot,0,2026-07-31 22:36:19
735,5,43,3,Hot,0,2026-07-31 22:47:19
736,3,36,1,Overcast,0,2026-07-31 22:58:19
737,1,11,0,Foggy,0,2026-07-31 23:09:19
738,5,28,1,Foggy,0,2026-07-31 23:20:19
739,1,40,2,Overcast,0,2026-07-31 23:31:19
740,1,19,3,Rainy,0,2026-07-31 23:42:19
741,7,46,5,Hot,0,2026-07-31 23:53:19
742,12,41,4,Clear,0,2026-08-01 00:04:19
743,3,30,2,Clear,0,2026-08-01 00:15:19
744,10,27,4,Hot,0,2026-08-01 00:26:19
745,6,33,3,Overcast,0,2026-08-01 00:37:19
746,3,41,4,Rainy,0,2026-08-01 00:48:19
747,8,35,3,Clear,0,2026-08-01 00:59:19
748,6,34,3,Clear,0,2026-08-01 01:10:19
749,7,27,4,Clear,0,2026-08-01 01:21:19
750,9,37,2,Clear,0,2026-08-01 01:32:19
751,8,36,2,Overcast,0,2026-08-01 01:43:19
752,2,22,3,Clear,0,2026-08-01 01:54:19
753,5,54,2,Foggy,0,2026-08-01 02:05:19
754,10,19,2,Clear,0,2026-08-01 02:16:19
755,11,42,5,Overcast,0,2026-08-01 02:27:19
756,7,41,4,Rainy,0,2026-08-01 02:38:19
757,5,7,2,Clear,0,2026-08-01 02:49:19
758,3,33,4,Clear,0,2026-08-01 03:00:19
759,9,34,1,Hot,0,2026-08-01 03:11:19
760,9,31,1,Rainy,0,2026-08-01 03:22:19
761,12,34,2,Hot,0,2026-08-01 03:33:19
762,7,22,3,Overcast,0,2026-08-01 03:44:19
763,8,35,1,Clear,0,2026-08-01 03:55:19
764,7,27,3,Hot,0,2026-08-01 04:06:19
765,4,14,1,Rainy,0,2026-08-01 04:17:19
766,1,31,2,Foggy,0,2026-08-01 04:28:19
767,6,26,3,Foggy,0,2026-08-01 04:39:19
768,8,62,4,Foggy,0,2026-08-01 04:50:19
769,9,25,1,Hot,0,2026-08-01 05:01:19
770,12,34,1,Rainy,0,2026-08-01 05:12:19
771,1,18,3,Foggy,0,2026-08-01 05:23:19
772,8,35,3,Overcast,0,2026-08-01 05:34:19
773,7,20,4,Overcast,0,2026-08-01 05:45:19
774,2,15,1,Overcast,0,2026-08-01 05:56:19
775,4,61,6,Hot,0,2026-08-01 06:07:19
776,4,34,4,Overcast,0,2026-08-01 06:18:19
777,8,11,0,Hot,0,2026-08-01 06:29:19
778,1,5,0,Foggy,0,2026-08-01 06:40:19
779,3,30,1,Rainy,0,2026-08-01 06:51:19
780,11,100,16,Foggy,1,2026-08-01 07:02:19
781,12,88,4,Overcast,1,2026-08-01 07:13:19
782,10,89,4,Rainy,1,2026-08-01 07:24:19
783,5,108,11,Overcast,1,2026-08-01 07:35:19
784,3,104,14,Foggy,1,2026-08-01 07:46:19
785,12,106,15,Foggy,1,2026-08-01 07:57:19
786,8,98,13,Rainy,1,2026-08-01 08:08:19
787,8,97,10,Hot,1,2026-08-01 08:19:19
788,3,89,4,Hot,1,2026-08-01 08:30:19
789,7,100,18,Overcast,1,2026-08-01 08:41:19
790,2,101,19,Overcast,1,2026-08-01 08:52:19
791,12,102,20,Clear,1,2026-08-01 09:03:19
792,4,80,18,Clear,1,2026-08-01 09:14:19
793,8,74,7,Rainy,1,2026-08-01 09:25:19
794,6,88,19,Hot,1,2026-08-01 09:36:19
795,2,97,15,Foggy,1,2026-08-01 09:47:19
796,10,87,10,Foggy,1,2026-08-01 09:58:19
797,6,34,3,Hot,0,2026-08-01 10:09:19
798,10,35,2,Foggy,0,2026-08-01 10:20:19
799,8,44,5,Foggy,0,2026-08-01 10:31:19
800,3,35,1,Rainy,0,2026-08-01 10:42:19
801,8,77,5,Rainy,0,2026-08-01 10:53:19
802,1,50,2,Hot,0,2026-08-01 11:04:19
803,8,40,4,Rainy,0,2026-08-01 11:15:19
804,1,28,3,Overcast,0,2026-08-01 11:26:19
805,1,25,4,Overcast,0,2026-08-01 11:37:19
806,3,49,3,Hot,0,2026-08-01 11:48:19
807,5,31,2,Clear,0,2026-08-01 11:59:19
808,2,15,0,Foggy,0,2026-08-01 12:10:19
809,11,13,3,Foggy,0,2026-08-01 12:21:19
810,4,33,2,Foggy,0,2026-08-01 12:32:19
811,2,29,1,Clear,0,2026-08-01 12:43:19
812,12,55,2,Rainy,0,2026-08-01 12:54:19
813,8,6,1,Clear,0,2026-08-01 13:05:19
814,7,14,3,Overcast,0,2026-08-01 13:16:19
815,11,5,1,Rainy,0,2026-08-01 13:27:19
816,11,55,4,Hot,0,2026-08-01 13:38:19
817,11,50,3,Hot,0,2026-08-01 13:49:19
818,10,48,5,Foggy,0,2026-08-01 14:00:19
819,7,40,3,Rainy,0,2026-08-01 14:11:19
820,5,23,2,Hot,0,2026-08-01 14:22:19
821,10,22,3,Rainy,0,2026-08-01 14:33:19
822,9,5,0,Hot,0,2026-08-01 14:44:19
823,10,17,1,Foggy,0,2026-08-01 14:55:19
824,11,39,2,Clear,0,2026-08-01 15:06:19
825,7,24,2,Hot,0,2026-08-01 15:17:19
826,2,33,4,Rainy,0,2026-08-01 15:28:19
827,7,24,1,Rainy,0,2026-08-01 15:39:19
828,8,5,2,Foggy,0,2026-08-01 15:50:19
829,2,59,4,Hot,0,2026-08-01 16:01:19
830,5,20,4,Clear,0,2026-08-01 16:12:19
831,1,57,4,Rainy,0,2026-08-01 16:23:19
832,10,60,3,Hot,0,2026-08-01 16:34:19
833,4,26,2,Foggy,0,2026-08-01 16:45:19
834,2,42,2,Clear,0,2026-08-01 16:56:19
835,9,65,4,Rainy,1,2026-08-01 17:07:19
836,10,93,4,Overcast,1,2026-08-01 17:18:19
837,9,87,6,Hot,1,2026-08-01 17:29:19
838,2,74,6,Overcast,1,2026-08-01 17:40:19
839,5,107,15,Foggy,1,2026-08-01 17:51:19
840,7,45,3,Hot,1,2026-08-01 18:02:19
841,4,90,14,Overcast,1,2026-08-01 18:13:19
842,6,120,15,Hot,1,2026-08-01 18:24:19
843,7,82,6,Hot,1,2026-08-01 18:35:19
844,1,61,16,Rainy,1,2026-08-01 18:46:19
845,2,102,11,Clear,1,2026-08-01 18:57:19
846,1,109,9,Overcast,1,2026-08-01 19:08:19
847,12,93,19,Clear,1,2026-08-01 19:19:19
848,11,98,11,Hot,1,2026-08-01 19:30:19
849,10,88,15,Rainy,1,2026-08-01 19:41:19
850,1,89,17,Rainy,1,2026-08-01 19:52:19
851,1,5,2,Overcast,0,2026-08-01 20:03:19
852,11,36,1,Overcast,0,2026-08-01 20:14:19
853,9,18,0,Clear,0,2026-08-01 20:25:19
854,3,47,3,Rainy,0,2026-08-01 20:36:19
855,3,15,0,Hot,0,2026-08-01 20:47:19
856,9,12,0,Hot,0,2026-08-01 20:58:19
857,8,26,2,Hot,0,2026-08-01 21:09:19
858,2,20,2,Overcast,0,2026-08-01 21:20:19
859,6,31,1,Overcast,0,2026-08-01 21:31:19
860,10,20,1,Rainy,0,2026-08-01 21:42:19
861,12,61,6,Clear,0,2026-08-01 21:53:19
862,1,56,5,Foggy,0,2026-08-01 22:04:19
863,8,27,3,Clear,0,2026-08-01 22:15:19
864,2,20,2,Clear,0,2026-08-01 22:26:19
865,4,57,2,Foggy,0,2026-08-01 22:37:19
866,6,30,1,Foggy,0,2026-08-01 22:48:19
867,5,5,3,Rainy,0,2026-08-01 22:59:19
868,12,59,5,Hot,0,2026-08-01 23:10:19
869,10,47,5,Rainy,0,2026-08-01 23:21:19
870,6,45,5,Hot,0,2026-08-01 23:32:19
871,9,52,5,Clear,0,2026-08-01 23:43:19
872,7,30,2,Rainy,0,2026-08-01 23:54:19
873,6,29,1,Overcast,0,2026-08-02 00:05:19
874,8,64,5,Rainy,0,2026-08-02 00:16:19
875,12,20,2,Foggy,0,2026-08-02 00:27:19
876,1,18,0,Rainy,0,2026-08-02 00:38:19
877,12,31,3,Rainy,0,2026-08-02 00:49:19
878,11,20,4,Foggy,0,2026-08-02 01:00:19
879,12,61,5,Foggy,0,2026-08-02 01:11:19
880,3,14,0,Clear,0,2026-08-02 01:22:19
881,5,42,4,Overcast,0,2026-08-02 01:33:19
882,1,28,4,Clear,0,2026-08-02 01:44:19
883,3,52,5,Overcast,0,2026-08-02 01:55:19
884,5,14,2,Rainy,0,2026-08-02 02:06:19
885,8,44,3,Overcast,0,2026-08-02 02:17:19
886,12,38,2,Hot,0,2026-08-02 02:28:19
887,1,28,1,Overcast,0,2026-08-02 02:39:19
888,12,39,3,Hot,0,2026-08-02 02:50:19
889,3,27,1,Rainy,0,2026-08-02 03:01:19
890,11,6,2,Foggy,0,2026-08-02 03:12:19
891,5,37,1,Clear,0,2026-08-02 03:23:19
892,9,49,4,Clear,0,2026-08-02 03:34:19
893,7,37,4,Hot,0,2026-08-02 03:45:19
894,6,15,2,Rainy,0,2026-08-02 03:56:19
895,9,58,4,Hot,0,2026-08-02 04:07:19
896,9,16,2,Overcast,0,2026-08-02 04:18:19
897,2,28,4,Clear,0,2026-08-02 04:29:19
898,8,69,5,Rainy,0,2026-08-02 04:40:19
899,2,47,5,Foggy,0,2026-08-02 04:51:19
900,8,5,0,Overcast,0,2026-08-02 05:02:19
901,6,42,3,Clear,0,2026-08-02 05:13:19
902,3,43,2,Overcast,0,2026-08-02 05:24:19
903,12,26,4,Foggy,0,2026-08-02 05:35:19
904,11,19,0,Overcast,0,2026-08-02 05:46:19
905,1,7,2,Foggy,0,2026-08-02 05:57:19
906,8,39,3,Overcast,0,2026-08-02 06:08:19
907,11,41,5,Overcast,0,2026-08-02 06:19:19
908,11,50,3,Hot,0,2026-08-02 06:30:19
909,10,24,3,Foggy,0,2026-08-02 06:41:19
910,2,19,1,Rainy,0,2026-08-02 06:52:19
911,5,96,10,Overcast,1,2026-08-02 07:03:19
912,8,88,19,Foggy,1,2026-08-02 07:14:19
913,6,90,8,Foggy,1,2026-08-02 07:25:19
914,4,81,6,Foggy,1,2026-08-02 07:36:19
915,6,99,11,Clear,1,2026-08-02 07:47:19
916,9,91,17,Clear,1,2026-08-02 07:58:19
917,8,98,14,Rainy,1,2026-08-02 08:09:19
918,10,107,18,Clear,1,2026-08-02 08:20:19
919,9,91,6,Hot,1,2026-08-02 08:31:19
920,4,101,20,Overcast,1,2026-08-02 08:42:19
921,1,120,11,Rainy,1,2026-08-02 08:53:19
922,9,114,20,Clear,1,2026-08-02 09:04:19
923,10,98,9,Clear,1,2026-08-02 09:15:19
924,8,77,4,Clear,1,2026-08-02 09:26:19
925,11,91,17,Clear,1,2026-08-02 09:37:19
926,11,63,7,Clear,1,2026-08-02 09:48:19
927,5,88,5,Foggy,1,2026-08-02 09:59:19
928,11,72,4,Foggy,0,2026-08-02 10:10:19
929,3,37,2,Overcast,0,2026-08-02 10:21:19
930,1,37,1,Hot,0,2026-08-02 10:32:19
931,6,5,1,Foggy,0,2026-08-02 10:43:19
932,4,33,4,Overcast,0,2026-08-02 10:54:19
933,4,22,1,Foggy,0,2026-08-02 11:05:19
934,8,24,2,Foggy,0,2026-08-02 11:16:19
935,12,27,1,Clear,0,2026-08-02 11:27:19
936,11,35,1,Overcast,0,2026-08-02 11:38:19
937,7,33,2,Overcast,0,2026-08-02 11:49:19
938,9,24,4,Hot,0,2026-08-02 12:00:19
939,3,38,3,Clear,0,2026-08-02 12:11:19
940,12,5,0,Foggy,0,2026-08-02 12:22:19
941,5,29,1,Rainy,0,2026-08-02 12:33:19
942,10,15,0,Rainy,0,2026-08-02 12:44:19
943,6,7,1,Foggy,0,2026-08-02 12:55:19
944,9,39,2,Foggy,0,2026-08-02 13:06:19
945,12,29,3,Overcast,0,2026-08-02 13:17:19
946,10,43,4,Clear,0,2026-08-02 13:28:19
947,8,12,1,Clear,0,2026-08-02 13:39:19
948,8,28,3,Overcast,0,2026-08-02 13:50:19
949,7,49,3,Foggy,0,2026-08-02 14:01:19
950,5,20,1,Clear,0,2026-08-02 14:12:19
951,12,16,2,Rainy,0,2026-08-02 14:23:19
952,4,23,1,Clear,0,2026-08-02 14:34:19
953,5,25,1,Rainy,0,2026-08-02 14:45:19
954,5,48,5,Clear,0,2026-08-02 14:56:19
955,3,37,3,Clear,0,2026-08-02 15:07:19
956,1,49,4,Foggy,0,2026-08-02 15:18:19
957,12,48,4,Clear,0,2026-08-02 15:29:19
958,12,25,4,Hot,0,2026-08-02 15:40:19
959,4,33,3,Hot,0,2026-08-02 15:51:19
960,4,20,3,Overcast,0,2026-08-02 16:02:19
961,8,55,5,Foggy,0,2026-08-02 16:13:19
962,7,41,5,Overcast,0,2026-08-02 16:24:19
963,10,29,1,Foggy,0,2026-08-02 16:35:19
964,6,44,5,Rainy,0,2026-08-02 16:46:19
965,5,11,1,Foggy,0,2026-08-02 16:57:19
966,1,99,11,Hot,1,2026-08-02 17:08:19
967,12,115,15,Foggy,1,2026-08-02 17:19:19
968,2,117,17,Hot,1,2026-08-02 17:30:19
969,12,90,11,Overcast,1,2026-08-02 17:41:19
970,11,109,6,Rainy,1,2026-08-02 17:52:19
971,2,94,15,Overcast,1,2026-08-02 18:03:19
972,7,88,11,Foggy,1,2026-08-02 18:14:19
973,8,96,13,Overcast,1,2026-08-02 18:25:19
974,5,91,10,Foggy,1,2026-08-02 18:36:19
975,3,86,17,Hot,1,2026-08-02 18:47:19
976,5,96,14,Foggy,1,2026-08-02 18:58:19
977,12,94,19,Rainy,1,2026-08-02 19:09:19
978,7,72,9,Hot,1,2026-08-02 19:20:19
979,12,87,19,Overcast,1,2026-08-02 19:31:19
980,4,97,15,Hot,1,2026-08-02 19:42:19
981,1,106,16,Overcast,1,2026-08-02 19:53:19
982,5,38,3,Foggy,0,2026-08-02 20:04:19
983,11,33,3,Hot,0,2026-08-02 20:15:19
984,10,20,3,Clear,0,2026-08-02 20:26:19
985,9,45,4,Hot,0,2026-08-02 20:37:19
986,5,18,3,Hot,0,2026-08-02 20:48:19
987,8,71,3,Hot,0,2026-08-02 20:59:19
988,8,29,3,Overcast,0,2026-08-02 21:10:19
989,7,22,1,Overcast,0,2026-08-02 21:21:19
990,9,37,1,Foggy,0,2026-08-02 21:32:19
991,9,39,3,Overcast,0,2026-08-02 21:43:19
992,4,23,4,Overcast,0,2026-08-02 21:54:19
993,5,46,3,Hot,0,2026-08-02 22:05:19
994,4,37,4,Overcast,0,2026-08-02 22:16:19
995,4,44,4,Foggy,0,2026-08-02 22:27:19
996,5,24,2,Overcast,0,2026-08-02 22:38:19
997,3,41,3,Foggy,0,2026-08-02 22:49:19
998,9,51,3,Clear,0,2026-08-02 23:00:19
999,2,5,0,Overcast,0,2026-08-02 23:11:19
1000,4,47,4,Overcast,0,2026-08-02 23:22:19
1001,2,70,5,Foggy,0,2026-08-02 23:33:19
1002,9,40,5,Overcast,0,2026-08-02 23:44:19
1003,5,23,3,Hot,0,2026-08-02 23:55:19
1004,9,50,2,Foggy,0,2026-08-03 00:06:19
1005,3,35,4,Clear,0,2026-08-03 00:17:19
1006,12,45,4,Foggy,0,2026-08-03 00:28:19
1007,2,41,5,Overcast,0,2026-08-03 00:39:19
1008,11,14,0,Rainy,0,2026-08-03 00:50:19
1009,9,52,5,Clear,0,2026-08-03 01:01:19
1010,3,52,3,Hot,0,2026-08-03 01:12:19
1011,5,25,4,Overcast,0,2026-08-03 01:23:19
1012,2,66,5,Clear,0,2026-08-03 01:34:19
1013,12,45,5,Rainy,0,2026-08-03 01:45:19
1014,8,47,2,Foggy,0,2026-08-03 01:56:19
1015,8,33,4,Overcast,0,2026-08-03 02:07:19
1016,4,47,3,Overcast,0,2026-08-03 02:18:19
1017,11,60,3,Overcast,0,2026-08-03 02:29:19
1018,12,36,2,Hot,0,2026-08-03 02:40:19
1019,9,39,4,Rainy,0,2026-08-03 02:51:19
1020,9,25,3,Hot,0,2026-08-03 03:02:19
1021,2,12,2,Overcast,0,2026-08-03 03:13:19
1022,1,28,2,Hot,0,2026-08-03 03:24:19
1023,8,35,1,Clear,0,2026-08-03 03:35:19
1024,4,55,4,Clear,0,2026-08-03 03:46:19
1025,12,21,4,Foggy,0,2026-08-03 03:57:19
1026,1,36,3,Rainy,0,2026-08-03 04:08:19
1027,3,16,0,Clear,0,2026-08-03 04:19:19
1028,6,35,2,Foggy,0,2026-08-03 04:30:19
1029,1,43,3,Rainy,0,2026-08-03 04:41:19
1030,5,47,5,Foggy,0,2026-08-03 04:52:19
1031,6,41,4,Overcast,0,2026-08-03 05:03:19
1032,11,40,3,Overcast,0,2026-08-03 05:14:19
1033,8,19,2,Overcast,0,2026-08-03 05:25:19
1034,2,23,2,Rainy,0,2026-08-03 05:36:19
1035,10,14,2,Overcast,0,2026-08-03 05:47:19
1036,9,26,4,Foggy,0,2026-08-03 05:58:19
1037,9,54,5,Foggy,0,2026-08-03 06:09:19
1038,3,18,3,Clear,0,2026-08-03 06:20:19
1039,4,9,0,Foggy,0,2026-08-03 06:31:19
1040,3,36,2,Overcast,0,2026-08-03 06:42:19
1041,9,47,2,Foggy,0,2026-08-03 06:53:19
1042,8,102,20,Clear,1,2026-08-03 07:04:19
1043,2,80,7,Overcast,1,2026-08-03 07:15:19
1044,10,61,12,Overcast,1,2026-08-03 07:26:19
1045,9,73,17,Hot,1,2026-08-03 07:37:19
1046,9,102,12,Foggy,1,2026-08-03 07:48:19
1047,1,89,10,Overcast,1,2026-08-03 07:59:19
1048,6,106,19,Clear,1,2026-08-03 08:10:19
1049,10,92,11,Overcast,1,2026-08-03 08:21:19
1050,10,83,10,Foggy,1,2026-08-03 08:32:19
1051,1,71,16,Foggy,1,2026-08-03 08:43:19
1052,5,102,10,Hot,1,2026-08-03 08:54:19
1053,12,106,5,Rainy,1,2026-08-03 09:05:19
1054,11,69,10,Clear,1,2026-08-03 09:16:19
1055,2,104,5,Clear,1,2026-08-03 09:27:19
1056,3,91,13,Rainy,1,2026-08-03 09:38:19
1057,7,99,14,Clear,1,2026-08-03 09:49:19
1058,4,21,1,Overcast,0,2026-08-03 10:00:19
1059,6,35,2,Clear,0,2026-08-03 10:11:19
1060,10,34,2,Overcast,0,2026-08-03 10:22:19
1061,7,33,1,Foggy,0,2026-08-03 10:33:19
1062,11,59,5,Hot,0,2026-08-03 10:44:19
1063,9,40,4,Hot,0,2026-08-03 10:55:19
1064,9,59,5,Clear,0,2026-08-03 11:06:19
1065,9,14,1,Overcast,0,2026-08-03 11:17:19
1066,5,23,2,Clear,0,2026-08-03 11:28:19
1067,9,18,1,Overcast,0,2026-08-03 11:39:19
1068,1,54,4,Overcast,0,2026-08-03 11:50:19
1069,2,59,5,Clear,0,2026-08-03 12:01:19
1070,2,37,4,Clear,0,2026-08-03 12:12:19
1071,11,31,3,Foggy,0,2026-08-03 12:23:19
1072,9,47,3,Rainy,0,2026-08-03 12:34:19
1073,7,27,1,Rainy,0,2026-08-03 12:45:19
1074,1,23,2,Foggy,0,2026-08-03 12:56:19
1075,8,27,1,Hot,0,2026-08-03 13:07:19
1076,6,80,6,Hot,0,2026-08-03 13:18:19
1077,4,30,3,Hot,0,2026-08-03 13:29:19
1078,5,38,2,Overcast,0,2026-08-03 13:40:19
1079,11,24,2,Overcast,0,2026-08-03 13:51:19
1080,12,42,3,Rainy,0,2026-08-03 14:02:19
1081,2,51,5,Foggy,0,2026-08-03 14:13:19
1082,12,44,4,Foggy,0,2026-08-03 14:24:19
1083,4,56,3,Foggy,0,2026-08-03 14:35:19
1084,5,5,3,Overcast,0,2026-08-03 14:46:19
1085,5,10,0,Clear,0,2026-08-03 14:57:19
1086,2,36,3,Hot,0,2026-08-03 15:08:19
1087,5,29,4,Overcast,0,2026-08-03 15:19:19
1088,2,21,3,Hot,0,2026-08-03 15:30:19
1089,2,19,3,Hot,0,2026-08-03 15:41:19
1090,1,11,3,Overcast,0,2026-08-03 15:52:19
1091,5,43,3,Hot,0,2026-08-03 16:03:19
1092,8,42,3,Foggy,0,2026-08-03 16:14:19
1093,7,39,1,Hot,0,2026-08-03 16:25:19
1094,5,18,0,Hot,0,2026-08-03 16:36:19
1095,10,38,3,Hot,0,2026-08-03 16:47:19
1096,1,56,5,Overcast,0,2026-08-03 16:58:19
1097,5,87,18,Hot,1,2026-08-03 17:09:19
1098,6,104,15,Clear,1,2026-08-03 17:20:19
1099,3,82,17,Clear,1,2026-08-03 17:31:19
1100,1,103,5,Overcast,1,2026-08-03 17:42:19
1101,12,75,16,Clear,1,2026-08-03 17:53:19
1102,7,95,15,Clear,1,2026-08-03 18:04:19
1103,6,96,5,Foggy,1,2026-08-03 18:15:19
1104,4,70,15,Foggy,1,2026-08-03 18:26:19
1105,6,76,6,Rainy,1,2026-08-03 18:37:19
1106,1,119,12,Foggy,1,2026-08-03 18:48:19
1107,11,99,6,Rainy,1,2026-08-03 18:59:19
1108,9,76,7,Overcast,1,2026-08-03 19:10:19
1109,7,103,19,Foggy,1,2026-08-03 19:21:19
1110,4,100,16,Foggy,1,2026-08-03 19:32:19
1111,12,95,11,Clear,1,2026-08-03 19:43:19
1112,11,83,8,Clear,1,2026-08-03 19:54:19
1113,12,25,2,Rainy,0,2026-08-03 20:05:19
1114,4,53,3,Hot,0,2026-08-03 20:16:19
1115,4,15,1,Clear,0,2026-08-03 20:27:19
1116,8,63,3,Overcast,0,2026-08-03 20:38:19
1117,9,33,3,Rainy,0,2026-08-03 20:49:19
1118,10,5,0,Clear,0,2026-08-03 21:00:19
1119,11,26,1,Overcast,0,2026-08-03 21:11:19
1120,4,53,2,Foggy,0,2026-08-03 21:22:19
1121,2,29,2,Overcast,0,2026-08-03 21:33:19
1122,5,14,2,Foggy,0,2026-08-03 21:44:19
1123,7,51,5,Foggy,0,2026-08-03 21:55:19
1124,8,45,4,Rainy,0,2026-08-03 22:06:19
1125,4,12,1,Rainy,0,2026-08-03 22:17:19
1126,4,19,1,Foggy,0,2026-08-03 22:28:19
1127,5,12,2,Clear,0,2026-08-03 22:39:19
1128,8,38,3,Overcast,0,2026-08-03 22:50:19
1129,5,37,1,Clear,0,2026-08-03 23:01:19
1130,10,49,3,Clear,0,2026-08-03 23:12:19
1131,8,47,5,Hot,0,2026-08-03 23:23:19
1132,11,7,0,Foggy,0,2026-08-03 23:34:19
1133,8,33,2,Clear,0,2026-08-03 23:45:19
1134,9,34,4,Rainy,0,2026-08-03 23:56:19
1135,5,52,4,Hot,0,2026-08-04 00:07:19
1136,2,35,1,Hot,0,2026-08-04 00:18:19
1137,2,36,3,Rainy,0,2026-08-04 00:29:19
1138,6,14,0,Rainy,0,2026-08-04 00:40:19
1139,12,42,3,Clear,0,2026-08-04 00:51:19
1140,8,27,3,Hot,0,2026-08-04 01:02:19
1141,10,47,5,Hot,0,2026-08-04 01:13:19
1142,5,31,3,Hot,0,2026-08-04 01:24:19
1143,7,37,3,Rainy,0,2026-08-04 01:35:19
1144,10,46,4,Clear,0,2026-08-04 01:46:19
1145,7,17,0,Overcast,0,2026-08-04 01:57:19
1146,12,28,3,Foggy,0,2026-08-04 02:08:19
1147,7,36,1,Overcast,0,2026-08-04 02:19:19
1148,2,21,2,Rainy,0,2026-08-04 02:30:19
1149,4,34,3,Foggy,0,2026-08-04 02:41:19
1150,7,28,2,Overcast,0,2026-08-04 02:52:19
1151,8,43,3,Foggy,0,2026-08-04 03:03:19
1152,12,30,3,Hot,0,2026-08-04 03:14:19
1153,4,57,3,Clear,0,2026-08-04 03:25:19
1154,4,38,1,Hot,0,2026-08-04 03:36:19
1155,4,54,4,Hot,0,2026-08-04 03:47:19
1156,6,49,4,Overcast,0,2026-08-04 03:58:19
1157,8,24,1,Rainy,0,2026-08-04 04:09:19
1158,6,36,1,Overcast,0,2026-08-04 04:20:19
1159,11,23,4,Hot,0,2026-08-04 04:31:19
1160,3,23,1,Rainy,0,2026-08-04 04:42:19
1161,3,38,2,Rainy,0,2026-08-04 04:53:19
1162,9,42,3,Overcast,0,2026-08-04 05:04:19
1163,1,57,3,Foggy,0,2026-08-04 05:15:19
1164,10,54,2,Rainy,0,2026-08-04 05:26:19
1165,1,62,5,Foggy,0,2026-08-04 05:37:19
1166,4,25,4,Hot,0,2026-08-04 05:48:19
1167,7,30,4,Clear,0,2026-08-04 05:59:19
1168,1,9,1,Overcast,0,2026-08-04 06:10:19
1169,12,14,0,Foggy,0,2026-08-04 06:21:19
1170,6,38,2,Rainy,0,2026-08-04 06:32:19
1171,3,40,5,Overcast,0,2026-08-04 06:43:19
1172,5,5,3,Foggy,0,2026-08-04 06:54:19
1173,12,98,5,Hot,1,2026-08-04 07:05:19
1174,8,83,10,Clear,1,2026-08-04 07:16:19
1175,7,117,18,Overcast,1,2026-08-04 07:27:19
1176,12,96,18,Overcast,1,2026-08-04 07:38:19
1177,1,99,17,Rainy,1,2026-08-04 07:49:19
1178,4,80,9,Rainy,1,2026-08-04 08:00:19
1179,2,99,19,Hot,1,2026-08-04 08:11:19
1180,9,114,12,Clear,1,2026-08-04 08:22:19
1181,11,86,17,Hot,1,2026-08-04 08:33:19
1182,5,103,11,Overcast,1,2026-08-04 08:44:19
1183,10,87,18,Overcast,1,2026-08-04 08:55:19
1184,6,96,6,Rainy,1,2026-08-04 09:06:19
1185,2,102,17,Foggy,1,2026-08-04 09:17:19
1186,12,91,12,Overcast,1,2026-08-04 09:28:19
1187,11,83,7,Foggy,1,2026-08-04 09:39:19
1188,10,84,15,Foggy,1,2026-08-04 09:50:19
1189,2,29,3,Clear,0,2026-08-04 10:01:19
1190,2,15,3,Foggy,0,2026-08-04 10:12:19
1191,6,27,4,Hot,0,2026-08-04 10:23:19
1192,1,32,1,Rainy,0,2026-08-04 10:34:19
1193,7,9,1,Hot,0,2026-08-04 10:45:19
1194,12,26,4,Overcast,0,2026-08-04 10:56:19
1195,10,12,3,Rainy,0,2026-08-04 11:07:19
1196,5,48,2,Foggy,0,2026-08-04 11:18:19
1197,3,33,1,Foggy,0,2026-08-04 11:29:19
1198,1,30,3,Foggy,0,2026-08-04 11:40:19
1199,2,48,2,Foggy,0,2026-08-04 11:51:19
1200,4,35,1,Overcast,0,2026-08-04 12:02:19
1201,1,53,3,Clear,0,2026-08-04 12:13:19
1202,4,30,1,Overcast,0,2026-08-04 12:24:19
1203,4,40,3,Overcast,0,2026-08-04 12:35:19
1204,12,13,2,Foggy,0,2026-08-04 12:46:19
1205,9,39,3,Hot,0,2026-08-04 12:57:19
1206,6,28,4,Overcast,0,2026-08-04 13:08:19
1207,2,11,1,Foggy,0,2026-08-04 13:19:19
1208,9,25,1,Rainy,0,2026-08-04 13:30:19
1209,4,47,2,Clear,0,2026-08-04 13:41:19
1210,12,49,5,Clear,0,2026-08-04 13:52:19
1211,2,23,2,Rainy,0,2026-08-04 14:03:19
1212,7,24,1,Hot,0,2026-08-04 14:14:19
1213,5,46,2,Hot,0,2026-08-04 14:25:19
1214,10,51,3,Overcast,0,2026-08-04 14:36:19
1215,6,17,0,Foggy,0,2026-08-04 14:47:19
1216,2,34,1,Overcast,0,2026-08-04 14:58:19
1217,12,32,2,Hot,0,2026-08-04 15:09:19
1218,9,39,3,Rainy,0,2026-08-04 15:20:19
1219,2,37,1,Hot,0,2026-08-04 15:31:19
1220,10,22,1,Overcast,0,2026-08-04 15:42:19
1221,9,42,5,Clear,0,2026-08-04 15:53:19
1222,3,51,3,Hot,0,2026-08-04 16:04:19
1223,2,21,1,Hot,0,2026-08-04 16:15:19
1224,8,25,2,Rainy,0,2026-08-04 16:26:19
1225,9,52,3,Rainy,0,2026-08-04 16:37:19
1226,11,30,1,Clear,0,2026-08-04 16:48:19
1227,9,50,5,Foggy,0,2026-08-04 16:59:19
1228,3,62,3,Hot,1,2026-08-04 17:10:19
1229,1,113,19,Overcast,1,2026-08-04 17:21:19
1230,2,104,19,Clear,1,2026-08-04 17:32:19
1231,3,89,6,Rainy,1,2026-08-04 17:43:19
1232,9,87,10,Foggy,1,2026-08-04 17:54:19
1233,6,58,10,Foggy,1,2026-08-04 18:05:19
1234,2,86,16,Hot,1,2026-08-04 18:16:19
1235,6,60,12,Rainy,1,2026-08-04 18:27:19
1236,8,67,3,Overcast,1,2026-08-04 18:38:19
1237,6,103,15,Foggy,1,2026-08-04 18:49:19
1238,6,73,9,Overcast,1,2026-08-04 19:00:19
1239,5,87,17,Hot,1,2026-08-04 19:11:19
1240,1,100,12,Foggy,1,2026-08-04 19:22:19
1241,6,98,12,Overcast,1,2026-08-04 19:33:19
1242,11,104,6,Foggy,1,2026-08-04 19:44:19
1243,10,89,14,Rainy,1,2026-08-04 19:55:19
1244,5,40,4,Clear,0,2026-08-04 20:06:19
1245,12,18,2,Hot,0,2026-08-04 20:17:19
1246,9,46,3,Overcast,0,2026-08-04 20:28:19
1247,7,37,1,Clear,0,2026-08-04 20:39:19
1248,7,42,3,Foggy,0,2026-08-04 20:50:19
1249,1,49,5,Overcast,0,2026-08-04 21:01:19
1250,12,46,5,Foggy,0,2026-08-04 21:12:19
1251,2,29,2,Rainy,0,2026-08-04 21:23:19
1252,11,35,4,Clear,0,2026-08-04 21:34:19
1253,5,11,3,Foggy,0,2026-08-04 21:45:19
1254,10,21,4,Rainy,0,2026-08-04 21:56:19
1255,1,5,2,Rainy,0,2026-08-04 22:07:19
1256,1,25,1,Hot,0,2026-08-04 22:18:19
1257,1,19,3,Hot,0,2026-08-04 22:29:19
1258,8,5,3,Overcast,0,2026-08-04 22:40:19
1259,8,65,6,Clear,0,2026-08-04 22:51:19
1260,12,8,3,Hot,0,2026-08-04 23:02:19
1261,11,56,5,Clear,0,2026-08-04 23:13:19
1262,4,29,1,Hot,0,2026-08-04 23:24:19
1263,7,40,3,Rainy,0,2026-08-04 23:35:19
1264,3,41,2,Overcast,0,2026-08-04 23:46:19
1265,4,61,3,Clear,0,2026-08-04 23:57:19
1266,6,45,3,Rainy,0,2026-08-05 00:08:19
1267,8,22,2,Hot,0,2026-08-05 00:19:19
1268,8,34,4,Overcast,0,2026-08-05 00:30:19
1269,8,55,3,Overcast,0,2026-08-05 00:41:19
1270,11,21,3,Overcast,0,2026-08-05 00:52:19
1271,12,35,3,Clear,0,2026-08-05 01:03:19
1272,10,44,3,Hot,0,2026-08-05 01:14:19
1273,10,42,5,Foggy,0,2026-08-05 01:25:19
1274,8,24,2,Foggy,0,2026-08-05 01:36:19
1275,5,33,2,Rainy,0,2026-08-05 01:47:19
1276,12,25,2,Clear,0,2026-08-05 01:58:19
1277,8,48,4,Rainy,0,2026-08-05 02:09:19
1278,3,63,5,Foggy,0,2026-08-05 02:20:19
1279,11,30,1,Overcast,0,2026-08-05 02:31:19
1280,9,36,3,Clear,0,2026-08-05 02:42:19
1281,8,42,5,Overcast,0,2026-08-05 02:53:19
1282,11,43,3,Rainy,0,2026-08-05 03:04:19
1283,6,27,2,Foggy,0,2026-08-05 03:15:19
1284,7,30,2,Clear,0,2026-08-05 03:26:19
1285,9,55,5,Rainy,0,2026-08-05 03:37:19
1286,6,64,3,Rainy,0,2026-08-05 03:48:19
1287,9,14,1,Rainy,0,2026-08-05 03:59:19
1288,6,35,3,Foggy,0,2026-08-05 04:10:19
1289,10,54,3,Foggy,0,2026-08-05 04:21:19
1290,9,36,1,Clear,0,2026-08-05 04:32:19
1291,1,5,0,Overcast,0,2026-08-05 04:43:19
1292,9,32,2,Overcast,0,2026-08-05 04:54:19
1293,9,26,3,Foggy,0,2026-08-05 05:05:19
1294,5,24,1,Overcast,0,2026-08-05 05:16:19
1295,12,33,3,Rainy,0,2026-08-05 05:27:19
1296,12,60,3,Rainy,0,2026-08-05 05:38:19
1297,12,29,4,Clear,0,2026-08-05 05:49:19
1298,11,35,4,Hot,0,2026-08-05 06:00:19
1299,6,46,3,Foggy,0,2026-08-05 06:11:19
1300,3,27,3,Overcast,0,2026-08-05 06:22:19
1301,11,31,3,Overcast,0,2026-08-05 06:33:19
1302,7,38,2,Overcast,0,2026-08-05 06:44:19
1303,9,15,0,Overcast,0,2026-08-05 06:55:19
1304,10,71,18,Hot,1,2026-08-05 07:06:19
1305,11,97,4,Foggy,1,2026-08-05 07:17:19
1306,10,103,7,Overcast,1,2026-08-05 07:28:19
1307,3,117,6,Foggy,1,2026-08-05 07:39:19
1308,11,88,15,Clear,1,2026-08-05 07:50:19
1309,12,82,7,Hot,1,2026-08-05 08:01:19
1310,2,86,5,Clear,1,2026-08-05 08:12:19
1311,2,84,14,Overcast,1,2026-08-05 08:23:19
1312,4,89,9,Clear,1,2026-08-05 08:34:19
1313,7,103,9,Hot,1,2026-08-05 08:45:19
1314,11,120,20,Hot,1,2026-08-05 08:56:19
1315,6,90,9,Hot,1,2026-08-05 09:07:19
1316,3,65,15,Rainy,1,2026-08-05 09:18:19
1317,4,68,18,Rainy,1,2026-08-05 09:29:19
1318,5,95,14,Hot,1,2026-08-05 09:40:19
1319,8,87,15,Rainy,1,2026-08-05 09:51:19
1320,5,31,2,Rainy,0,2026-08-05 10:02:19
1321,7,32,3,Hot,0,2026-08-05 10:13:19
1322,2,32,2,Overcast,0,2026-08-05 10:24:19
1323,7,52,3,Hot,0,2026-08-05 10:35:19
1324,2,44,3,Hot,0,2026-08-05 10:46:19
1325,7,13,3,Foggy,0,2026-08-05 10:57:19
1326,5,58,4,Hot,0,2026-08-05 11:08:19
1327,11,40,5,Clear,0,2026-08-05 11:19:19
1328,10,13,2,Clear,0,2026-08-05 11:30:19
1329,3,44,3,Rainy,0,2026-08-05 11:41:19
1330,1,26,1,Overcast,0,2026-08-05 11:52:19
1331,9,45,5,Foggy,0,2026-08-05 12:03:19
1332,3,29,3,Foggy,0,2026-08-05 12:14:19
1333,2,30,4,Clear,0,2026-08-05 12:25:19
1334,7,47,5,Rainy,0,2026-08-05 12:36:19
1335,8,28,2,Rainy,0,2026-08-05 12:47:19
1336,12,29,1,Clear,0,2026-08-05 12:58:19
1337,11,55,5,Foggy,0,2026-08-05 13:09:19
1338,2,31,4,Foggy,0,2026-08-05 13:20:19
1339,10,44,4,Hot,0,2026-08-05 13:31:19
1340,5,33,4,Hot,0,2026-08-05 13:42:19
1341,10,21,1,Hot,0,2026-08-05 13:53:19
1342,5,24,3,Hot,0,2026-08-05 14:04:19
1343,10,57,2,Clear,0,2026-08-05 14:15:19
1344,6,27,2,Foggy,0,2026-08-05 14:26:19
1345,4,55,5,Clear,0,2026-08-05 14:37:19
1346,6,35,1,Clear,0,2026-08-05 14:48:19
1347,11,33,2,Overcast,0,2026-08-05 14:59:19
1348,10,25,4,Overcast,0,2026-08-05 15:10:19
1349,6,31,4,Clear,0,2026-08-05 15:21:19
1350,2,41,3,Overcast,0,2026-08-05 15:32:19
1351,3,23,2,Clear,0,2026-08-05 15:43:19
1352,12,55,4,Foggy,0,2026-08-05 15:54:19
1353,1,31,3,Rainy,0,2026-08-05 16:05:19
1354,3,33,1,Rainy,0,2026-08-05 16:16:19
1355,12,39,1,Hot,0,2026-08-05 16:27:19
1356,11,23,1,Rainy,0,2026-08-05 16:38:19
1357,1,30,3,Overcast,0,2026-08-05 16:49:19
1358,5,82,5,Clear,1,2026-08-05 17:00:19
1359,2,82,5,Rainy,1,2026-08-05 17:11:19
1360,1,67,4,Hot,1,2026-08-05 17:22:19
1361,7,84,17,Overcast,1,2026-08-05 17:33:19
1362,4,92,11,Foggy,1,2026-08-05 17:44:19
1363,3,69,8,Rainy,1,2026-08-05 17:55:19
1364,7,99,7,Hot,1,2026-08-05 18:06:19
1365,6,93,6,Rainy,1,2026-08-05 18:17:19
1366,11,88,13,Rainy,1,2026-08-05 18:28:19
1367,1,101,12,Clear,1,2026-08-05 18:39:19
1368,3,67,16,Rainy,1,2026-08-05 18:50:19
1369,7,96,12,Foggy,1,2026-08-05 19:01:19
1370,10,77,15,Overcast,1,2026-08-05 19:12:19
1371,5,107,15,Overcast,1,2026-08-05 19:23:19
1372,9,96,18,Hot,1,2026-08-05 19:34:19
1373,7,85,12,Rainy,1,2026-08-05 19:45:19
1374,2,66,15,Hot,1,2026-08-05 19:56:19
1375,9,30,2,Overcast,0,2026-08-05 20:07:19
1376,8,33,1,Overcast,0,2026-08-05 20:18:19
1377,8,35,3,Foggy,0,2026-08-05 20:29:19
1378,3,14,2,Hot,0,2026-08-05 20:40:19
1379,4,30,1,Foggy,0,2026-08-05 20:51:19
1380,8,5,1,Hot,0,2026-08-05 21:02:19
1381,8,21,2,Hot,0,2026-08-05 21:13:19
1382,4,51,3,Rainy,0,2026-08-05 21:24:19
1383,10,58,2,Hot,0,2026-08-05 21:35:19
1384,4,51,5,Clear,0,2026-08-05 21:46:19
1385,5,23,1,Rainy,0,2026-08-05 21:57:19
1386,5,5,3,Clear,0,2026-08-05 22:08:19
1387,7,29,3,Overcast,0,2026-08-05 22:19:19
1388,3,28,3,Clear,0,2026-08-05 22:30:19
1389,10,23,3,Clear,0,2026-08-05 22:41:19
1390,9,27,2,Hot,0,2026-08-05 22:52:19
1391,11,51,2,Hot,0,2026-08-05 23:03:19
1392,11,14,3,Clear,0,2026-08-05 23:14:19
1393,6,34,3,Hot,0,2026-08-05 23:25:19
1394,1,64,6,Clear,0,2026-08-05 23:36:19
1395,3,43,4,Foggy,0,2026-08-05 23:47:19
1396,8,39,1,Foggy,0,2026-08-05 23:58:19
1397,10,51,4,Overcast,0,2026-08-06 00:09:19
1398,9,30,1,Foggy,0,2026-08-06 00:20:19
1399,7,7,3,Clear,0,2026-08-06 00:31:19
1400,8,48,5,Hot,0,2026-08-06 00:42:19
1401,4,24,1,Hot,0,2026-08-06 00:53:19
1402,1,32,1,Foggy,0,2026-08-06 01:04:19
1403,9,51,5,Clear,0,2026-08-06 01:15:19
1404,1,35,1,Rainy,0,2026-08-06 01:26:19
1405,7,65,6,Overcast,0,2026-08-06 01:37:19
1406,7,26,2,Hot,0,2026-08-06 01:48:19
1407,12,29,2,Rainy,0,2026-08-06 01:59:19
1408,4,43,2,Overcast,0,2026-08-06 02:10:19
1409,4,5,1,Hot,0,2026-08-06 02:21:19
1410,12,45,2,Foggy,0,2026-08-06 02:32:19
1411,8,31,4,Clear,0,2026-08-06 02:43:19
1412,12,34,4,Hot,0,2026-08-06 02:54:19
1413,11,35,2,Overcast,0,2026-08-06 03:05:19
1414,2,36,4,Hot,0,2026-08-06 03:16:19
1415,11,39,1,Foggy,0,2026-08-06 03:27:19
1416,11,30,2,Overcast,0,2026-08-06 03:38:19
1417,6,37,4,Overcast,0,2026-08-06 03:49:19
1418,2,52,2,Foggy,0,2026-08-06 04:00:19
1419,9,41,4,Foggy,0,2026-08-06 04:11:19
1420,8,54,4,Clear,0,2026-08-06 04:22:19
1421,10,24,3,Foggy,0,2026-08-06 04:33:19
1422,6,42,4,Rainy,0,2026-08-06 04:44:19
1423,6,30,2,Rainy,0,2026-08-06 04:55:19
1424,1,45,3,Hot,0,2026-08-06 05:06:19
1425,2,44,5,Hot,0,2026-08-06 05:17:19
1426,5,6,1,Hot,0,2026-08-06 05:28:19
1427,9,27,2,Overcast,0,2026-08-06 05:39:19
1428,7,35,3,Clear,0,2026-08-06 05:50:19
1429,1,5,3,Clear,0,2026-08-06 06:01:19
1430,3,34,1,Rainy,0,2026-08-06 06:12:19
1431,2,54,4,Rainy,0,2026-08-06 06:23:19
1432,5,22,4,Rainy,0,2026-08-06 06:34:19
1433,11,15,2,Rainy,0,2026-08-06 06:45:19
1434,3,27,3,Hot,0,2026-08-06 06:56:19
1435,12,72,4,Clear,1,2026-08-06 07:07:19
1436,11,94,9,Hot,1,2026-08-06 07:18:19
1437,7,98,10,Rainy,1,2026-08-06 07:29:19
1438,2,107,11,Foggy,1,2026-08-06 07:40:19
1439,8,96,7,Overcast,1,2026-08-06 07:51:19
1440,9,76,8,Overcast,1,2026-08-06 08:02:19
1441,9,75,18,Rainy,1,2026-08-06 08:13:19
1442,11,82,9,Foggy,1,2026-08-06 08:24:19
1443,1,99,11,Rainy,1,2026-08-06 08:35:19
1444,7,107,6,Hot,1,2026-08-06 08:46:19
1445,11,120,11,Overcast,1,2026-08-06 08:57:19
1446,5,104,10,Clear,1,2026-08-06 09:08:19
1447,3,102,11,Clear,1,2026-08-06 09:19:19
1448,9,72,6,Rainy,1,2026-08-06 09:30:19
1449,10,101,6,Overcast,1,2026-08-06 09:41:19
1450,5,99,11,Rainy,1,2026-08-06 09:52:19
1451,6,35,3,Overcast,0,2026-08-06 10:03:19
1452,1,37,1,Rainy,0,2026-08-06 10:14:19
1453,1,29,1,Overcast,0,2026-08-06 10:25:19
1454,2,37,4,Rainy,0,2026-08-06 10:36:19
1455,2,38,2,Foggy,0,2026-08-06 10:47:19
1456,7,22,1,Clear,0,2026-08-06 10:58:19
1457,5,23,2,Clear,0,2026-08-06 11:09:19
1458,5,28,3,Clear,0,2026-08-06 11:20:19
1459,7,20,3,Overcast,0,2026-08-06 11:31:19
1460,8,40,3,Rainy,0,2026-08-06 11:42:19
1461,4,34,3,Rainy,0,2026-08-06 11:53:19
1462,7,30,4,Rainy,0,2026-08-06 12:04:19
1463,7,41,4,Hot,0,2026-08-06 12:15:19
1464,3,12,1,Clear,0,2026-08-06 12:26:19
1465,2,10,2,Clear,0,2026-08-06 12:37:19
1466,2,28,1,Foggy,0,2026-08-06 12:48:19
1467,5,50,5,Hot,0,2026-08-06 12:59:19
1468,10,18,3,Overcast,0,2026-08-06 13:10:19
1469,5,49,2,Overcast,0,2026-08-06 13:21:19
1470,11,13,0,Hot,0,2026-08-06 13:32:19
1471,12,27,3,Clear,0,2026-08-06 13:43:19
1472,1,7,3,Clear,0,2026-08-06 13:54:19
1473,1,19,3,Rainy,0,2026-08-06 14:05:19
1474,5,39,4,Overcast,0,2026-08-06 14:16:19
1475,10,34,1,Hot,0,2026-08-06 14:27:19
1476,9,22,2,Overcast,0,2026-08-06 14:38:19
1477,4,41,4,Clear,0,2026-08-06 14:49:19
1478,2,38,4,Clear,0,2026-08-06 15:00:19
1479,12,18,2,Hot,0,2026-08-06 15:11:19
1480,4,5,3,Hot,0,2026-08-06 15:22:19
1481,8,43,3,Foggy,0,2026-08-06 15:33:19
1482,12,37,4,Foggy,0,2026-08-06 15:44:19
1483,9,33,3,Overcast,0,2026-08-06 15:55:19
1484,10,16,2,Overcast,0,2026-08-06 16:06:19
1485,10,35,1,Overcast,0,2026-08-06 16:17:19
1486,11,18,2,Hot,0,2026-08-06 16:28:19
1487,6,32,2,Rainy,0,2026-08-06 16:39:19
1488,3,64,4,Overcast,0,2026-08-06 16:50:19
1489,1,114,20,Hot,1,2026-08-06 17:01:19
1490,10,78,7,Overcast,1,2026-08-06 17:12:19
1491,4,104,14,Rainy,1,2026-08-06 17:23:19
1492,7,100,14,Clear,1,2026-08-06 17:34:19
1493,4,88,16,Overcast,1,2026-08-06 17:45:19
1494,10,92,8,Foggy,1,2026-08-06 17:56:19
1495,1,101,8,Overcast,1,2026-08-06 18:07:19
1496,2,113,5,Foggy,1,2026-08-06 18:18:19
1497,12,100,14,Overcast,1,2026-08-06 18:29:19
1498,5,78,10,Foggy,1,2026-08-06 18:40:19
1499,5,99,17,Overcast,1,2026-08-06 18:51:19
1500,2,84,9,Hot,1,2026-08-06 19:02:19
1501,4,91,14,Hot,1,2026-08-06 19:13:19
1502,6,92,18,Hot,1,2026-08-06 19:24:19
1503,12,67,7,Overcast,1,2026-08-06 19:35:19
1504,3,51,7,Rainy,1,2026-08-06 19:46:19
1505,3,78,13,Rainy,1,2026-08-06 19:57:19
1506,5,47,3,Overcast,0,2026-08-06 20:08:19
1507,10,35,1,Clear,0,2026-08-06 20:19:19
1508,6,11,0,Rainy,0,2026-08-06 20:30:19
1509,4,38,2,Rainy,0,2026-08-06 20:41:19
1510,5,11,2,Foggy,0,2026-08-06 20:52:19
1511,4,26,1,Clear,0,2026-08-06 21:03:19
1512,11,37,4,Overcast,0,2026-08-06 21:14:19
1513,9,8,1,Overcast,0,2026-08-06 21:25:19
1514,2,21,3,Foggy,0,2026-08-06 21:36:19
1515,10,21,4,Hot,0,2026-08-06 21:47:19
1516,9,13,1,Overcast,0,2026-08-06 21:58:19
1517,12,32,3,Overcast,0,2026-08-06 22:09:19
1518,4,24,4,Rainy,0,2026-08-06 22:20:19
1519,11,31,3,Rainy,0,2026-08-06 22:31:19
1520,10,62,5,Clear,0,2026-08-06 22:42:19
1521,3,42,2,Rainy,0,2026-08-06 22:53:19
1522,2,11,2,Hot,0,2026-08-06 23:04:19
1523,12,47,4,Foggy,0,2026-08-06 23:15:19
1524,2,46,5,Clear,0,2026-08-06 23:26:19
1525,5,45,5,Clear,0,2026-08-06 23:37:19
1526,11,28,1,Clear,0,2026-08-06 23:48:19
1527,9,20,1,Hot,0,2026-08-06 23:59:19
1528,7,43,3,Clear,0,2026-08-07 00:10:19
1529,2,47,3,Overcast,0,2026-08-07 00:21:19
1530,2,43,2,Overcast,0,2026-08-07 00:32:19
1531,11,46,2,Foggy,0,2026-08-07 00:43:19
1532,12,52,4,Hot,0,2026-08-07 00:54:19
1533,2,21,4,Clear,0,2026-08-07 01:05:19
1534,3,21,4,Foggy,0,2026-08-07 01:16:19
1535,2,37,3,Hot,0,2026-08-07 01:27:19
1536,10,23,3,Rainy,0,2026-08-07 01:38:19
1537,7,5,0,Overcast,0,2026-08-07 01:49:19
1538,4,43,5,Hot,0,2026-08-07 02:00:19
1539,2,34,3,Foggy,0,2026-08-07 02:11:19
1540,3,35,4,Rainy,0,2026-08-07 02:22:19
1541,9,14,3,Rainy,0,2026-08-07 02:33:19
1542,12,38,3,Clear,0,2026-08-07 02:44:19
1543,11,33,1,Rainy,0,2026-08-07 02:55:19
1544,6,46,4,Clear,0,2026-08-07 03:06:19
1545,11,17,0,Clear,0,2026-08-07 03:17:19
1546,10,51,2,Clear,0,2026-08-07 03:28:19
1547,9,35,4,Overcast,0,2026-08-07 03:39:19
1548,9,14,0,Hot,0,2026-08-07 03:50:19
1549,11,42,4,Overcast,0,2026-08-07 04:01:19
1550,3,28,4,Overcast,0,2026-08-07 04:12:19
1551,8,33,1,Foggy,0,2026-08-07 04:23:19
1552,2,45,4,Rainy,0,2026-08-07 04:34:19
1553,2,47,5,Foggy,0,2026-08-07 04:45:19
1554,5,23,4,Hot,0,2026-08-07 04:56:19
1555,11,46,3,Foggy,0,2026-08-07 05:07:19
1556,9,5,1,Clear,0,2026-08-07 05:18:19
1557,4,33,1,Hot,0,2026-08-07 05:29:19
1558,5,45,3,Hot,0,2026-08-07 05:40:19
1559,6,32,1,Clear,0,2026-08-07 05:51:19
1560,12,53,4,Hot,0,2026-08-07 06:02:19
1561,4,39,4,Clear,0,2026-08-07 06:13:19
1562,11,43,4,Overcast,0,2026-08-07 06:24:19
1563,11,19,2,Rainy,0,2026-08-07 06:35:19
1564,9,48,5,Hot,0,2026-08-07 06:46:19
1565,7,63,3,Overcast,0,2026-08-07 06:57:19
1566,3,105,20,Clear,1,2026-08-07 07:08:19
1567,10,75,11,Clear,1,2026-08-07 07:19:19
1568,8,98,12,Overcast,1,2026-08-07 07:30:19
1569,6,85,11,Clear,1,2026-08-07 07:41:19
1570,2,105,11,Clear,1,2026-08-07 07:52:19
1571,12,79,9,Hot,1,2026-08-07 08:03:19
1572,12,83,13,Hot,1,2026-08-07 08:14:19
1573,8,73,6,Hot,1,2026-08-07 08:25:19
1574,10,66,5,Overcast,1,2026-08-07 08:36:19
1575,6,84,17,Foggy,1,2026-08-07 08:47:19
1576,4,113,19,Rainy,1,2026-08-07 08:58:19
1577,8,103,15,Overcast,1,2026-08-07 09:09:19
1578,7,101,20,Foggy,1,2026-08-07 09:20:19
1579,6,92,14,Foggy,1,2026-08-07 09:31:19
1580,10,96,6,Foggy,1,2026-08-07 09:42:19
1581,2,103,14,Hot,1,2026-08-07 09:53:19
1582,10,37,3,Foggy,0,2026-08-07 10:04:19
1583,1,51,2,Clear,0,2026-08-07 10:15:19
1584,9,67,3,Rainy,0,2026-08-07 10:26:19
1585,6,42,2,Clear,0,2026-08-07 10:37:19
1586,1,74,6,Clear,0,2026-08-07 10:48:19
1587,3,20,3,Rainy,0,2026-08-07 10:59:19
1588,8,30,1,Overcast,0,2026-08-07 11:10:19
1589,6,42,4,Overcast,0,2026-08-07 11:21:19
1590,7,49,3,Foggy,0,2026-08-07 11:32:19
1591,7,49,5,Clear,0,2026-08-07 11:43:19
1592,1,21,2,Hot,0,2026-08-07 11:54:19
1593,4,64,5,Foggy,0,2026-08-07 12:05:19
1594,5,58,2,Foggy,0,2026-08-07 12:16:19
1595,2,29,1,Overcast,0,2026-08-07 12:27:19
1596,10,27,3,Overcast,0,2026-08-07 12:38:19
1597,2,20,4,Overcast,0,2026-08-07 12:49:19
1598,8,40,5,Hot,0,2026-08-07 13:00:19
1599,7,46,3,Foggy,0,2026-08-07 13:11:19
1600,9,29,3,Clear,0,2026-08-07 13:22:19
1601,4,39,3,Rainy,0,2026-08-07 13:33:19
1602,12,73,5,Rainy,0,2026-08-07 13:44:19
1603,12,51,3,Clear,0,2026-08-07 13:55:19
1604,2,36,3,Hot,0,2026-08-07 14:06:19
1605,2,16,1,Hot,0,2026-08-07 14:17:19
1606,12,5,3,Hot,0,2026-08-07 14:28:19
1607,3,40,5,Foggy,0,2026-08-07 14:39:19
1608,12,18,3,Foggy,0,2026-08-07 14:50:19
1609,11,14,0,Clear,0,2026-08-07 15:01:19
1610,2,13,2,Overcast,0,2026-08-07 15:12:19
1611,12,53,5,Foggy,0,2026-08-07 15:23:19
1612,11,45,2,Clear,0,2026-08-07 15:34:19
1613,10,16,0,Clear,0,2026-08-07 15:45:19
1614,6,38,2,Clear,0,2026-08-07 15:56:19
1615,8,41,5,Overcast,0,2026-08-07 16:07:19
1616,5,37,3,Hot,0,2026-08-07 16:18:19
1617,1,12,2,Rainy,0,2026-08-07 16:29:19
1618,6,19,0,Foggy,0,2026-08-07 16:40:19
1619,8,41,2,Clear,0,2026-08-07 16:51:19
1620,8,99,19,Rainy,1,2026-08-07 17:02:19
1621,5,94,11,Foggy,1,2026-08-07 17:13:19
1622,7,94,8,Hot,1,2026-08-07 17:24:19
1623,2,76,5,Hot,1,2026-08-07 17:35:19
1624,1,80,17,Clear,1,2026-08-07 17:46:19
1625,4,63,10,Overcast,1,2026-08-07 17:57:19
1626,5,120,9,Foggy,1,2026-08-07 18:08:19
1627,4,95,9,Clear,1,2026-08-07 18:19:19
1628,4,110,19,Clear,1,2026-08-07 18:30:19
1629,1,81,11,Overcast,1,2026-08-07 18:41:19
1630,12,74,9,Overcast,1,2026-08-07 18:52:19
1631,6,102,6,Foggy,1,2026-08-07 19:03:19
1632,10,102,16,Foggy,1,2026-08-07 19:14:19
1633,10,72,16,Clear,1,2026-08-07 19:25:19
1634,8,98,10,Rainy,1,2026-08-07 19:36:19
1635,2,69,12,Hot,1,2026-08-07 19:47:19
1636,3,84,13,Rainy,1,2026-08-07 19:58:19
1637,10,25,2,Rainy,0,2026-08-07 20:09:19
1638,10,36,3,Foggy,0,2026-08-07 20:20:19
1639,11,35,4,Rainy,0,2026-08-07 20:31:19
1640,6,17,2,Overcast,0,2026-08-07 20:42:19
1641,3,39,2,Overcast,0,2026-08-07 20:53:19
1642,4,18,3,Foggy,0,2026-08-07 21:04:19
1643,12,52,5,Overcast,0,2026-08-07 21:15:19
1644,9,20,2,Overcast,0,2026-08-07 21:26:19
1645,7,23,4,Clear,0,2026-08-07 21:37:19
1646,4,14,3,Hot,0,2026-08-07 21:48:19
1647,5,27,4,Hot,0,2026-08-07 21:59:19
1648,8,12,2,Hot,0,2026-08-07 22:10:19
1649,8,25,4,Foggy,0,2026-08-07 22:21:19
1650,12,47,2,Hot,0,2026-08-07 22:32:19
1651,12,8,2,Foggy,0,2026-08-07 22:43:19
1652,4,31,1,Hot,0,2026-08-07 22:54:19
1653,3,46,3,Overcast,0,2026-08-07 23:05:19
1654,12,43,2,Hot,0,2026-08-07 23:16:19
1655,4,39,1,Hot,0,2026-08-07 23:27:19
1656,2,28,3,Clear,0,2026-08-07 23:38:19
1657,6,46,2,Overcast,0,2026-08-07 23:49:19
1658,5,59,4,Rainy,0,2026-08-08 00:00:19
1659,3,6,3,Rainy,0,2026-08-08 00:11:19
1660,11,36,1,Overcast,0,2026-08-08 00:22:19
1661,1,32,4,Clear,0,2026-08-08 00:33:19
1662,8,34,1,Clear,0,2026-08-08 00:44:19
1663,8,23,2,Overcast,0,2026-08-08 00:55:19
1664,3,43,3,Overcast,0,2026-08-08 01:06:19
1665,9,25,2,Foggy,0,2026-08-08 01:17:19
1666,12,28,1,Foggy,0,2026-08-08 01:28:19
1667,12,55,2,Clear,0,2026-08-08 01:39:19
1668,1,28,2,Rainy,0,2026-08-08 01:50:19
1669,10,39,2,Overcast,0,2026-08-08 02:01:19
1670,1,38,3,Overcast,0,2026-08-08 02:12:19
1671,11,28,2,Overcast,0,2026-08-08 02:23:19
1672,1,7,1,Foggy,0,2026-08-08 02:34:19
1673,2,47,4,Hot,0,2026-08-08 02:45:19
1674,2,34,4,Hot,0,2026-08-08 02:56:19
1675,3,15,1,Overcast,0,2026-08-08 03:07:19
1676,2,32,2,Foggy,0,2026-08-08 03:18:19
1677,4,65,6,Foggy,0,2026-08-08 03:29:19
1678,1,25,1,Hot,0,2026-08-08 03:40:19
1679,7,22,1,Overcast,0,2026-08-08 03:51:19
1680,9,33,4,Clear,0,2026-08-08 04:02:19
1681,2,38,1,Overcast,0,2026-08-08 04:13:19
1682,8,68,4,Rainy,0,2026-08-08 04:24:19
1683,2,5,0,Clear,0,2026-08-08 04:35:19
1684,2,5,3,Clear,0,2026-08-08 04:46:19
1685,1,30,3,Rainy,0,2026-08-08 04:57:19
1686,6,21,1,Foggy,0,2026-08-08 05:08:19
1687,12,41,5,Rainy,0,2026-08-08 05:19:19
1688,1,25,2,Rainy,0,2026-08-08 05:30:19
1689,7,24,1,Hot,0,2026-08-08 05:41:19
1690,6,31,2,Foggy,0,2026-08-08 05:52:19
1691,2,23,4,Clear,0,2026-08-08 06:03:19
1692,9,38,2,Foggy,0,2026-08-08 06:14:19
1693,4,29,2,Overcast,0,2026-08-08 06:25:19
1694,9,24,2,Hot,0,2026-08-08 06:36:19
1695,3,35,2,Foggy,0,2026-08-08 06:47:19
1696,2,54,4,Hot,0,2026-08-08 06:58:19
1697,3,101,17,Clear,1,2026-08-08 07:09:19
1698,7,84,15,Foggy,1,2026-08-08 07:20:19
1699,5,101,18,Clear,1,2026-08-08 07:31:19
1700,12,109,16,Rainy,1,2026-08-08 07:42:19
1701,7,117,20,Foggy,1,2026-08-08 07:53:19
1702,8,39,16,Rainy,1,2026-08-08 08:04:19
1703,10,88,5,Foggy,1,2026-08-08 08:15:19
1704,5,105,19,Hot,1,2026-08-08 08:26:19
1705,5,104,17,Clear,1,2026-08-08 08:37:19
1706,9,114,9,Rainy,1,2026-08-08 08:48:19
1707,7,116,11,Hot,1,2026-08-08 08:59:19
1708,1,103,6,Foggy,1,2026-08-08 09:10:19
1709,5,84,8,Rainy,1,2026-08-08 09:21:19
1710,9,105,8,Foggy,1,2026-08-08 09:32:19
1711,2,78,5,Rainy,1,2026-08-08 09:43:19
1712,11,83,5,Overcast,1,2026-08-08 09:54:19
1713,11,32,1,Foggy,0,2026-08-08 10:05:19
1714,12,14,1,Foggy,0,2026-08-08 10:16:19
1715,9,39,3,Overcast,0,2026-08-08 10:27:19
1716,7,13,1,Foggy,0,2026-08-08 10:38:19
1717,9,36,2,Foggy,0,2026-08-08 10:49:19
1718,3,60,6,Foggy,0,2026-08-08 11:00:19
1719,4,36,3,Hot,0,2026-08-08 11:11:19
1720,6,33,2,Clear,0,2026-08-08 11:22:19
1721,12,44,3,Rainy,0,2026-08-08 11:33:19
1722,3,47,5,Overcast,0,2026-08-08 11:44:19
1723,12,45,4,Overcast,0,2026-08-08 11:55:19
1724,6,53,4,Foggy,0,2026-08-08 12:06:19
1725,2,48,5,Rainy,0,2026-08-08 12:17:19
1726,3,21,1,Clear,0,2026-08-08 12:28:19
1727,9,22,1,Foggy,0,2026-08-08 12:39:19
1728,10,13,0,Foggy,0,2026-08-08 12:50:19
1729,10,37,3,Overcast,0,2026-08-08 13:01:19
1730,9,49,5,Foggy,0,2026-08-08 13:12:19
1731,12,30,1,Rainy,0,2026-08-08 13:23:19
1732,1,41,3,Foggy,0,2026-08-08 13:34:19
1733,6,19,0,Clear,0,2026-08-08 13:45:19
1734,10,28,3,Foggy,0,2026-08-08 13:56:19
1735,12,26,3,Clear,0,2026-08-08 14:07:19
1736,6,39,4,Foggy,0,2026-08-08 14:18:19
1737,12,19,1,Clear,0,2026-08-08 14:29:19
1738,6,22,1,Hot,0,2026-08-08 14:40:19
1739,8,64,6,Foggy,0,2026-08-08 14:51:19
1740,5,28,3,Foggy,0,2026-08-08 15:02:19
1741,8,31,1,Overcast,0,2026-08-08 15:13:19
1742,3,16,0,Rainy,0,2026-08-08 15:24:19
1743,1,44,4,Hot,0,2026-08-08 15:35:19
1744,1,21,2,Overcast,0,2026-08-08 15:46:19
1745,12,49,3,Overcast,0,2026-08-08 15:57:19
1746,1,29,3,Hot,0,2026-08-08 16:08:19
1747,12,54,4,Overcast,0,2026-08-08 16:19:19
1748,4,32,2,Overcast,0,2026-08-08 16:30:19
1749,3,55,5,Clear,0,2026-08-08 16:41:19
1750,5,19,0,Rainy,0,2026-08-08 16:52:19
1751,2,97,11,Overcast,1,2026-08-08 17:03:19
1752,2,100,19,Foggy,1,2026-08-08 17:14:19
1753,7,70,8,Rainy,1,2026-08-08 17:25:19
1754,9,91,5,Clear,1,2026-08-08 17:36:19
1755,4,82,7,Hot,1,2026-08-08 17:47:19
1756,10,81,16,Overcast,1,2026-08-08 17:58:19
1757,5,70,12,Clear,1,2026-08-08 18:09:19
1758,7,86,16,Rainy,1,2026-08-08 18:20:19
1759,12,93,8,Foggy,1,2026-08-08 18:31:19
1760,3,120,10,Rainy,1,2026-08-08 18:42:19
1761,12,92,5,Overcast,1,2026-08-08 18:53:19
1762,2,75,18,Foggy,1,2026-08-08 19:04:19
1763,12,108,9,Overcast,1,2026-08-08 19:15:19
1764,11,84,14,Overcast,1,2026-08-08 19:26:19
1765,10,69,9,Clear,1,2026-08-08 19:37:19
1766,9,94,16,Overcast,1,2026-08-08 19:48:19
1767,5,95,9,Overcast,1,2026-08-08 19:59:19
1768,8,36,4,Hot,0,2026-08-08 20:10:19
1769,3,37,2,Overcast,0,2026-08-08 20:21:19
1770,8,10,3,Clear,0,2026-08-08 20:32:19
1771,6,27,2,Clear,0,2026-08-08 20:43:19
1772,2,13,1,Clear,0,2026-08-08 20:54:19
1773,2,11,3,Foggy,0,2026-08-08 21:05:19
1774,6,43,4,Hot,0,2026-08-08 21:16:19
1775,12,52,4,Hot,0,2026-08-08 21:27:19
1776,8,28,3,Overcast,0,2026-08-08 21:38:19
1777,3,27,2,Rainy,0,2026-08-08 21:49:19
1778,10,42,3,Clear,0,2026-08-08 22:00:19
1779,2,55,2,Overcast,0,2026-08-08 22:11:19
1780,3,26,3,Hot,0,2026-08-08 22:22:19
1781,7,5,0,Clear,0,2026-08-08 22:33:19
1782,3,5,3,Clear,0,2026-08-08 22:44:19
1783,11,35,4,Clear,0,2026-08-08 22:55:19
1784,11,40,4,Overcast,0,2026-08-08 23:06:19
1785,4,38,3,Hot,0,2026-08-08 23:17:19
1786,10,53,4,Hot,0,2026-08-08 23:28:19
1787,12,28,1,Overcast,0,2026-08-08 23:39:19
1788,11,25,1,Hot,0,2026-08-08 23:50:19
1789,1,42,5,Hot,0,2026-08-09 00:01:19
1790,5,36,1,Overcast,0,2026-08-09 00:12:19
1791,5,5,0,Foggy,0,2026-08-09 00:23:19
1792,5,56,3,Foggy,0,2026-08-09 00:34:19
1793,12,16,3,Overcast,0,2026-08-09 00:45:19
1794,9,22,3,Rainy,0,2026-08-09 00:56:19
1795,1,34,4,Overcast,0,2026-08-09 01:07:19
1796,12,71,6,Overcast,0,2026-08-09 01:18:19
1797,9,11,2,Rainy,0,2026-08-09 01:29:19
1798,9,34,3,Overcast,0,2026-08-09 01:40:19
1799,2,57,5,Overcast,0,2026-08-09 01:51:19
1800,10,52,3,Overcast,0,2026-08-09 02:02:19
1801,12,32,3,Rainy,0,2026-08-09 02:13:19
1802,1,41,4,Hot,0,2026-08-09 02:24:19
1803,7,21,3,Hot,0,2026-08-09 02:35:19
1804,3,15,2,Hot,0,2026-08-09 02:46:19
1805,2,45,2,Foggy,0,2026-08-09 02:57:19
1806,5,33,3,Foggy,0,2026-08-09 03:08:19
1807,10,27,2,Clear,0,2026-08-09 03:19:19
1808,11,33,3,Foggy,0,2026-08-09 03:30:19
1809,3,26,2,Clear,0,2026-08-09 03:41:19
1810,12,28,2,Overcast,0,2026-08-09 03:52:19
1811,3,35,3,Foggy,0,2026-08-09 04:03:19
1812,12,33,4,Hot,0,2026-08-09 04:14:19
1813,1,50,4,Overcast,0,2026-08-09 04:25:19
1814,6,38,1,Foggy,0,2026-08-09 04:36:19
1815,1,14,1,Rainy,0,2026-08-09 04:47:19
1816,8,52,4,Rainy,0,2026-08-09 04:58:19
1817,1,30,4,Overcast,0,2026-08-09 05:09:19
1818,7,48,5,Rainy,0,2026-08-09 05:20:19
1819,2,40,2,Rainy,0,2026-08-09 05:31:19
1820,8,31,3,Rainy,0,2026-08-09 05:42:19
1821,1,35,2,Rainy,0,2026-08-09 05:53:19
1822,11,39,1,Overcast,0,2026-08-09 06:04:19
1823,8,5,2,Rainy,0,2026-08-09 06:15:19
1824,7,5,3,Clear,0,2026-08-09 06:26:19
1825,12,37,4,Rainy,0,2026-08-09 06:37:19
1826,12,30,1,Hot,0,2026-08-09 06:48:19
1827,9,32,2,Overcast,0,2026-08-09 06:59:19
1828,7,89,19,Clear,1,2026-08-09 07:10:19
1829,5,101,5,Foggy,1,2026-08-09 07:21:19
1830,8,71,11,Overcast,1,2026-08-09 07:32:19
1831,5,103,6,Rainy,1,2026-08-09 07:43:19
1832,9,102,20,Rainy,1,2026-08-09 07:54:19
1833,7,83,10,Clear,1,2026-08-09 08:05:19
1834,12,103,14,Foggy,1,2026-08-09 08:16:19
1835,1,74,4,Clear,1,2026-08-09 08:27:19
1836,4,118,13,Hot,1,2026-08-09 08:38:19
1837,4,109,9,Overcast,1,2026-08-09 08:49:19
1838,1,87,13,Hot,1,2026-08-09 09:00:19
1839,10,82,5,Rainy,1,2026-08-09 09:11:19
1840,5,98,15,Foggy,1,2026-08-09 09:22:19
1841,9,87,10,Rainy,1,2026-08-09 09:33:19
1842,11,105,16,Rainy,1,2026-08-09 09:44:19
1843,9,73,7,Hot,1,2026-08-09 09:55:19
1844,4,26,4,Hot,0,2026-08-09 10:06:19
1845,12,39,4,Clear,0,2026-08-09 10:17:19
1846,12,16,2,Rainy,0,2026-08-09 10:28:19
1847,3,35,1,Rainy,0,2026-08-09 10:39:19
1848,1,30,1,Overcast,0,2026-08-09 10:50:19
1849,1,39,2,Overcast,0,2026-08-09 11:01:19
1850,9,46,2,Overcast,0,2026-08-09 11:12:19
1851,5,5,1,Hot,0,2026-08-09 11:23:19
1852,2,28,1,Rainy,0,2026-08-09 11:34:19
1853,7,39,2,Hot,0,2026-08-09 11:45:19
1854,1,45,3,Rainy,0,2026-08-09 11:56:19
1855,1,43,2,Rainy,0,2026-08-09 12:07:19
1856,7,47,3,Overcast,0,2026-08-09 12:18:19
1857,1,50,3,Overcast,0,2026-08-09 12:29:19
1858,6,28,1,Clear,0,2026-08-09 12:40:19
1859,9,5,0,Hot,0,2026-08-09 12:51:19
1860,8,51,5,Foggy,0,2026-08-09 13:02:19
1861,8,29,1,Overcast,0,2026-08-09 13:13:19
1862,6,22,4,Rainy,0,2026-08-09 13:24:19
1863,3,5,3,Foggy,0,2026-08-09 13:35:19
1864,2,31,3,Foggy,0,2026-08-09 13:46:19
1865,9,56,2,Clear,0,2026-08-09 13:57:19
1866,8,41,2,Hot,0,2026-08-09 14:08:19
1867,8,41,2,Foggy,0,2026-08-09 14:19:19
1868,12,38,4,Foggy,0,2026-08-09 14:30:19
1869,2,24,1,Overcast,0,2026-08-09 14:41:19
1870,5,31,1,Overcast,0,2026-08-09 14:52:19
1871,2,25,1,Rainy,0,2026-08-09 15:03:19
1872,8,50,2,Foggy,0,2026-08-09 15:14:19
1873,12,49,2,Overcast,0,2026-08-09 15:25:19
1874,12,59,2,Foggy,0,2026-08-09 15:36:19
1875,11,8,2,Hot,0,2026-08-09 15:47:19
1876,3,24,3,Clear,0,2026-08-09 15:58:19
1877,2,30,2,Foggy,0,2026-08-09 16:09:19
1878,12,35,4,Clear,0,2026-08-09 16:20:19
1879,6,37,3,Hot,0,2026-08-09 16:31:19
1880,4,39,4,Foggy,0,2026-08-09 16:42:19
1881,1,25,3,Overcast,0,2026-08-09 16:53:19
1882,7,99,8,Foggy,1,2026-08-09 17:04:19
1883,12,95,18,Clear,1,2026-08-09 17:15:19
1884,11,111,20,Foggy,1,2026-08-09 17:26:19
1885,12,94,17,Rainy,1,2026-08-09 17:37:19
1886,12,109,19,Overcast,1,2026-08-09 17:48:19
1887,2,100,20,Foggy,1,2026-08-09 17:59:19
1888,3,102,5,Foggy,1,2026-08-09 18:10:19
1889,2,103,12,Hot,1,2026-08-09 18:21:19
1890,6,88,15,Clear,1,2026-08-09 18:32:19
1891,3,96,14,Clear,1,2026-08-09 18:43:19
1892,10,112,9,Clear,1,2026-08-09 18:54:19
1893,7,78,12,Clear,1,2026-08-09 19:05:19
1894,1,88,4,Foggy,1,2026-08-09 19:16:19
1895,8,58,6,Clear,1,2026-08-09 19:27:19
1896,2,82,4,Rainy,1,2026-08-09 19:38:19
1897,3,77,12,Clear,1,2026-08-09 19:49:19
1898,10,24,1,Hot,0,2026-08-09 20:00:19
1899,6,26,2,Rainy,0,2026-08-09 20:11:19
1900,12,59,3,Hot,0,2026-08-09 20:22:19
1901,10,22,1,Clear,0,2026-08-09 20:33:19
1902,7,41,2,Hot,0,2026-08-09 20:44:19
1903,11,23,4,Clear,0,2026-08-09 20:55:19
1904,12,15,1,Hot,0,2026-08-09 21:06:19
1905,8,22,3,Hot,0,2026-08-09 21:17:19
1906,10,20,4,Overcast,0,2026-08-09 21:28:19
1907,9,47,4,Overcast,0,2026-08-09 21:39:19
1908,6,29,3,Clear,0,2026-08-09 21:50:19
1909,4,28,4,Hot,0,2026-08-09 22:01:19
1910,4,23,3,Rainy,0,2026-08-09 22:12:19
1911,8,5,3,Rainy,0,2026-08-09 22:23:19
1912,9,26,3,Overcast,0,2026-08-09 22:34:19
1913,3,44,5,Hot,0,2026-08-09 22:45:19
1914,7,31,4,Hot,0,2026-08-09 22:56:19
1915,4,27,3,Rainy,0,2026-08-09 23:07:19
1916,4,29,4,Hot,0,2026-08-09 23:18:19
1917,6,52,3,Foggy,0,2026-08-09 23:29:19
1918,5,38,1,Hot,0,2026-08-09 23:40:19
1919,10,46,4,Foggy,0,2026-08-09 23:51:19
1920,4,26,1,Clear,0,2026-08-10 00:02:19
1921,8,56,5,Foggy,0,2026-08-10 00:13:19
1922,3,13,2,Clear,0,2026-08-10 00:24:19
1923,10,42,2,Rainy,0,2026-08-10 00:35:19
1924,12,46,5,Foggy,0,2026-08-10 00:46:19
1925,4,30,1,Clear,0,2026-08-10 00:57:19
1926,5,35,3,Clear,0,2026-08-10 01:08:19
1927,8,21,3,Overcast,0,2026-08-10 01:19:19
1928,9,24,2,Overcast,0,2026-08-10 01:30:19
1929,6,17,1,Rainy,0,2026-08-10 01:41:19
1930,7,33,3,Hot,0,2026-08-10 01:52:19
1931,5,55,3,Rainy,0,2026-08-10 02:03:19
1932,12,35,4,Rainy,0,2026-08-10 02:14:19
1933,7,24,1,Foggy,0,2026-08-10 02:25:19
1934,9,28,2,Foggy,0,2026-08-10 02:36:19
1935,5,24,4,Hot,0,2026-08-10 02:47:19
1936,11,33,2,Hot,0,2026-08-10 02:58:19
1937,6,40,2,Hot,0,2026-08-10 03:09:19
1938,10,5,3,Overcast,0,2026-08-10 03:20:19
1939,2,51,3,Hot,0,2026-08-10 03:31:19
1940,7,60,6,Overcast,0,2026-08-10 03:42:19
1941,12,27,3,Rainy,0,2026-08-10 03:53:19
1942,7,27,1,Foggy,0,2026-08-10 04:04:19
1943,12,37,1,Foggy,0,2026-08-10 04:15:19
1944,12,35,2,Rainy,0,2026-08-10 04:26:19
1945,7,39,1,Hot,0,2026-08-10 04:37:19
1946,11,12,0,Rainy,0,2026-08-10 04:48:19
1947,12,36,4,Foggy,0,2026-08-10 04:59:19
1948,3,41,5,Overcast,0,2026-08-10 05:10:19
1949,4,22,3,Clear,0,2026-08-10 05:21:19
1950,11,18,3,Hot,0,2026-08-10 05:32:19
1951,7,29,3,Foggy,0,2026-08-10 05:43:19
1952,5,53,2,Foggy,0,2026-08-10 05:54:19
1953,10,27,3,Rainy,0,2026-08-10 06:05:19
1954,2,25,4,Rainy,0,2026-08-10 06:16:19
1955,11,60,3,Clear,0,2026-08-10 06:27:19
1956,8,19,0,Overcast,0,2026-08-10 06:38:19
1957,7,15,0,Overcast,0,2026-08-10 06:49:19
1958,10,86,10,Hot,1,2026-08-10 07:00:19
1959,12,104,10,Clear,1,2026-08-10 07:11:19
1960,4,120,13,Foggy,1,2026-08-10 07:22:19
1961,4,107,19,Foggy,1,2026-08-10 07:33:19
1962,10,92,17,Overcast,1,2026-08-10 07:44:19
1963,4,100,5,Foggy,1,2026-08-10 07:55:19
1964,11,117,20,Foggy,1,2026-08-10 08:06:19
1965,6,84,6,Rainy,1,2026-08-10 08:17:19
1966,2,77,8,Clear,1,2026-08-10 08:28:19
1967,6,113,18,Foggy,1,2026-08-10 08:39:19
1968,10,97,10,Overcast,1,2026-08-10 08:50:19
1969,9,95,8,Hot,1,2026-08-10 09:01:19
1970,7,78,12,Hot,1,2026-08-10 09:12:19
1971,12,113,7,Clear,1,2026-08-10 09:23:19
1972,4,104,18,Rainy,1,2026-08-10 09:34:19
1973,5,110,7,Rainy,1,2026-08-10 09:45:19
1974,5,96,6,Clear,1,2026-08-10 09:56:19
1975,4,34,3,Foggy,0,2026-08-10 10:07:19
1976,12,11,1,Hot,0,2026-08-10 10:18:19
1977,12,5,0,Rainy,0,2026-08-10 10:29:19
1978,5,41,5,Foggy,0,2026-08-10 10:40:19
1979,5,15,0,Overcast,0,2026-08-10 10:51:19
1980,10,44,5,Foggy,0,2026-08-10 11:02:19
1981,9,18,1,Overcast,0,2026-08-10 11:13:19
1982,6,53,4,Rainy,0,2026-08-10 11:24:19
1983,2,5,2,Rainy,0,2026-08-10 11:35:19
1984,11,35,3,Foggy,0,2026-08-10 11:46:19
1985,3,50,5,Foggy,0,2026-08-10 11:57:19
1986,10,42,2,Clear,0,2026-08-10 12:08:19
1987,3,22,3,Hot,0,2026-08-10 12:19:19
1988,7,42,5,Overcast,0,2026-08-10 12:30:19
1989,9,41,2,Hot,0,2026-08-10 12:41:19
1990,6,5,1,Foggy,0,2026-08-10 12:52:19
1991,11,19,2,Hot,0,2026-08-10 13:03:19
1992,12,29,3,Clear,0,2026-08-10 13:14:19
1993,3,7,0,Overcast,0,2026-08-10 13:25:19
1994,6,16,2,Hot,0,2026-08-10 13:36:19
1995,11,20,3,Foggy,0,2026-08-10 13:47:19
1996,10,47,2,Rainy,0,2026-08-10 13:58:19
1997,4,23,4,Foggy,0,2026-08-10 14:09:19
1998,12,43,5,Hot,0,2026-08-10 14:20:19
1999,11,33,3,Clear,0,2026-08-10 14:31:19
2000,7,56,2,Clear,0,2026-08-10 14:42:19
2001,4,24,2,Clear,0,2026-08-10 14:53:19
2002,8,28,2,Clear,0,2026-08-10 15:04:19
2003,12,5,2,Rainy,0,2026-08-10 15:15:19
2004,11,65,5,Foggy,0,2026-08-10 15:26:19
2005,4,40,3,Clear,0,2026-08-10 15:37:19
2006,5,41,2,Overcast,0,2026-08-10 15:48:19
2007,12,22,4,Foggy,0,2026-08-10 15:59:19
2008,2,12,3,Rainy,0,2026-08-10 16:10:19
2009,11,15,2,Hot,0,2026-08-10 16:21:19
2010,11,51,2,Overcast,0,2026-08-10 16:32:19
2011,9,38,4,Hot,0,2026-08-10 16:43:19
2012,10,18,2,Rainy,0,2026-08-10 16:54:19
2013,7,100,10,Overcast,1,2026-08-10 17:05:19
2014,7,108,16,Rainy,1,2026-08-10 17:16:19
2015,10,99,10,Hot,1,2026-08-10 17:27:19
2016,7,94,13,Foggy,1,2026-08-10 17:38:19
2017,2,80,4,Hot,1,2026-08-10 17:49:19
2018,5,95,7,Clear,1,2026-08-10 18:00:19
2019,4,93,9,Overcast,1,2026-08-10 18:11:19
2020,9,103,9,Hot,1,2026-08-10 18:22:19
2021,4,109,20,Overcast,1,2026-08-10 18:33:19
2022,5,115,6,Rainy,1,2026-08-10 18:44:19
2023,1,88,4,Clear,1,2026-08-10 18:55:19
2024,9,114,10,Overcast,1,2026-08-10 19:06:19
2025,3,107,17,Hot,1,2026-08-10 19:17:19
2026,11,90,18,Rainy,1,2026-08-10 19:28:19
2027,10,98,19,Hot,1,2026-08-10 19:39:19
2028,7,78,7,Foggy,1,2026-08-10 19:50:19
2029,3,43,2,Foggy,0,2026-08-10 20:01:19
2030,2,5,3,Overcast,0,2026-08-10 20:12:19
2031,5,29,1,Hot,0,2026-08-10 20:23:19
2032,1,27,1,Clear,0,2026-08-10 20:34:19
2033,6,36,4,Clear,0,2026-08-10 20:45:19
2034,1,54,5,Overcast,0,2026-08-10 20:56:19
2035,9,17,2,Clear,0,2026-08-10 21:07:19
2036,4,29,4,Clear,0,2026-08-10 21:18:19
2037,7,23,1,Hot,0,2026-08-10 21:29:19
2038,1,39,2,Foggy,0,2026-08-10 21:40:19
2039,1,13,2,Overcast,0,2026-08-10 21:51:19
2040,11,51,5,Clear,0,2026-08-10 22:02:19
2041,11,43,5,Rainy,0,2026-08-10 22:13:19
2042,7,29,4,Hot,0,2026-08-10 22:24:19
2043,10,44,3,Overcast,0,2026-08-10 22:35:19
2044,7,9,3,Hot,0,2026-08-10 22:46:19
2045,5,59,4,Hot,0,2026-08-10 22:57:19
2046,5,19,3,Overcast,0,2026-08-10 23:08:19
2047,3,54,2,Foggy,0,2026-08-10 23:19:19
2048,3,29,4,Foggy,0,2026-08-10 23:30:19
2049,3,15,0,Clear,0,2026-08-10 23:41:19
2050,8,37,3,Foggy,0,2026-08-10 23:52:19
2051,4,45,3,Rainy,0,2026-08-11 00:03:19
2052,11,35,4,Rainy,0,2026-08-11 00:14:19
2053,2,23,2,Rainy,0,2026-08-11 00:25:19
2054,2,35,2,Rainy,0,2026-08-11 00:36:19
2055,9,42,4,Clear,0,2026-08-11 00:47:19
2056,10,28,3,Hot,0,2026-08-11 00:58:19
2057,9,32,4,Rainy,0,2026-08-11 01:09:19
2058,11,47,3,Overcast,0,2026-08-11 01:20:19
2059,7,29,3,Foggy,0,2026-08-11 01:31:19
2060,1,5,1,Hot,0,2026-08-11 01:42:19
2061,11,13,3,Rainy,0,2026-08-11 01:53:19
2062,6,19,1,Overcast,0,2026-08-11 02:04:19
2063,12,24,1,Rainy,0,2026-08-11 02:15:19
2064,1,23,3,Overcast,0,2026-08-11 02:26:19
2065,8,14,3,Clear,0,2026-08-11 02:37:19
2066,10,35,1,Hot,0,2026-08-11 02:48:19
2067,4,27,2,Rainy,0,2026-08-11 02:59:19
2068,3,71,6,Clear,0,2026-08-11 03:10:19
2069,6,54,5,Rainy,0,2026-08-11 03:21:19
2070,9,6,2,Clear,0,2026-08-11 03:32:19
2071,5,37,2,Rainy,0,2026-08-11 03:43:19
2072,7,39,4,Clear,0,2026-08-11 03:54:19
2073,7,49,2,Rainy,0,2026-08-11 04:05:19
2074,2,40,3,Rainy,0,2026-08-11 04:16:19
2075,3,32,4,Foggy,0,2026-08-11 04:27:19
2076,7,37,2,Overcast,0,2026-08-11 04:38:19
2077,8,14,1,Clear,0,2026-08-11 04:49:19
2078,8,46,5,Rainy,0,2026-08-11 05:00:19
2079,9,26,4,Clear,0,2026-08-11 05:11:19
2080,4,16,3,Clear,0,2026-08-11 05:22:19
2081,1,21,4,Overcast,0,2026-08-11 05:33:19
2082,12,49,3,Hot,0,2026-08-11 05:44:19
2083,12,26,3,Clear,0,2026-08-11 05:55:19
2084,8,27,1,Rainy,0,2026-08-11 06:06:19
2085,5,37,4,Rainy,0,2026-08-11 06:17:19
2086,10,39,4,Hot,0,2026-08-11 06:28:19
2087,5,36,4,Rainy,0,2026-08-11 06:39:19
2088,7,10,3,Hot,0,2026-08-11 06:50:19
2089,10,79,6,Hot,1,2026-08-11 07:01:19
2090,7,100,17,Overcast,1,2026-08-11 07:12:19
2091,7,107,11,Hot,1,2026-08-11 07:23:19
2092,2,93,13,Clear,1,2026-08-11 07:34:19
2093,4,101,14,Foggy,1,2026-08-11 07:45:19
2094,3,99,19,Clear,1,2026-08-11 07:56:19
2095,5,110,11,Hot,1,2026-08-11 08:07:19
2096,8,108,18,Rainy,1,2026-08-11 08:18:19
2097,5,90,11,Foggy,1,2026-08-11 08:29:19
2098,11,93,15,Hot,1,2026-08-11 08:40:19
2099,6,120,10,Rainy,1,2026-08-11 08:51:19
2100,4,98,7,Hot,1,2026-08-11 09:02:19
2101,7,98,16,Hot,1,2026-08-11 09:13:19
2102,10,88,9,Hot,1,2026-08-11 09:24:19
2103,12,96,7,Overcast,1,2026-08-11 09:35:19
2104,2,109,18,Foggy,1,2026-08-11 09:46:19
2105,11,89,18,Clear,1,2026-08-11 09:57:19
2106,6,27,2,Rainy,0,2026-08-11 10:08:19
2107,6,41,2,Clear,0,2026-08-11 10:19:19
2108,11,25,1,Overcast,0,2026-08-11 10:30:19
2109,10,45,4,Rainy,0,2026-08-11 10:41:19
2110,9,28,4,Clear,0,2026-08-11 10:52:19
2111,5,57,2,Hot,0,2026-08-11 11:03:19
2112,4,32,1,Rainy,0,2026-08-11 11:14:19
2113,2,30,3,Hot,0,2026-08-11 11:25:19
2114,9,27,4,Overcast,0,2026-08-11 11:36:19
2115,12,48,2,Clear,0,2026-08-11 11:47:19
2116,7,37,3,Hot,0,2026-08-11 11:58:19
2117,5,45,4,Hot,0,2026-08-11 12:09:19
2118,10,5,0,Foggy,0,2026-08-11 12:20:19
2119,8,23,4,Foggy,0,2026-08-11 12:31:19
2120,2,24,3,Clear,0,2026-08-11 12:42:19
2121,7,26,3,Overcast,0,2026-08-11 12:53:19
2122,10,33,2,Clear,0,2026-08-11 13:04:19
2123,9,54,4,Rainy,0,2026-08-11 13:15:19
2124,12,25,1,Rainy,0,2026-08-11 13:26:19
2125,11,11,0,Hot,0,2026-08-11 13:37:19
2126,10,22,4,Foggy,0,2026-08-11 13:48:19
2127,12,35,4,Foggy,0,2026-08-11 13:59:19
2128,3,33,2,Clear,0,2026-08-11 14:10:19
2129,10,15,3,Overcast,0,2026-08-11 14:21:19
2130,4,21,4,Overcast,0,2026-08-11 14:32:19
2131,7,13,0,Rainy,0,2026-08-11 14:43:19
2132,3,29,4,Rainy,0,2026-08-11 14:54:19
2133,11,32,3,Clear,0,2026-08-11 15:05:19
2134,6,28,3,Hot,0,2026-08-11 15:16:19
2135,1,47,3,Foggy,0,2026-08-11 15:27:19
2136,4,5,0,Hot,0,2026-08-11 15:38:19
2137,10,31,4,Clear,0,2026-08-11 15:49:19
2138,2,25,3,Foggy,0,2026-08-11 16:00:19
2139,11,42,2,Foggy,0,2026-08-11 16:11:19
2140,11,24,2,Hot,0,2026-08-11 16:22:19
2141,12,43,4,Clear,0,2026-08-11 16:33:19
2142,12,59,3,Clear,0,2026-08-11 16:44:19
2143,4,51,5,Overcast,0,2026-08-11 16:55:19
2144,6,116,12,Hot,1,2026-08-11 17:06:19
2145,5,81,8,Overcast,1,2026-08-11 17:17:19
2146,3,114,14,Clear,1,2026-08-11 17:28:19
2147,1,83,19,Clear,1,2026-08-11 17:39:19
2148,12,101,5,Overcast,1,2026-08-11 17:50:19
2149,6,81,19,Overcast,1,2026-08-11 18:01:19
2150,5,87,9,Clear,1,2026-08-11 18:12:19
2151,7,100,15,Hot,1,2026-08-11 18:23:19
2152,7,107,8,Foggy,1,2026-08-11 18:34:19
2153,12,91,6,Overcast,1,2026-08-11 18:45:19
2154,5,91,14,Rainy,1,2026-08-11 18:56:19
2155,3,101,14,Clear,1,2026-08-11 19:07:19
2156,8,92,6,Rainy,1,2026-08-11 19:18:19
2157,3,88,11,Clear,1,2026-08-11 19:29:19
2158,6,92,8,Rainy,1,2026-08-11 19:40:19
2159,11,105,14,Overcast,1,2026-08-11 19:51:19
2160,12,36,3,Foggy,0,2026-08-11 20:02:19
2161,3,36,4,Clear,0,2026-08-11 20:13:19
2162,12,72,4,Clear,0,2026-08-11 20:24:19
2163,8,5,3,Overcast,0,2026-08-11 20:35:19
2164,5,33,1,Hot,0,2026-08-11 20:46:19
2165,12,6,3,Hot,0,2026-08-11 20:57:19
2166,1,46,5,Hot,0,2026-08-11 21:08:19
2167,6,31,4,Foggy,0,2026-08-11 21:19:19
2168,4,40,2,Rainy,0,2026-08-11 21:30:19
2169,3,39,3,Rainy,0,2026-08-11 21:41:19
2170,2,47,3,Foggy,0,2026-08-11 21:52:19
2171,10,26,3,Foggy,0,2026-08-11 22:03:19
2172,8,51,2,Hot,0,2026-08-11 22:14:19
2173,8,33,1,Foggy,0,2026-08-11 22:25:19
2174,11,34,3,Hot,0,2026-08-11 22:36:19
2175,9,38,3,Rainy,0,2026-08-11 22:47:19
2176,12,39,4,Overcast,0,2026-08-11 22:58:19
2177,2,24,1,Overcast,0,2026-08-11 23:09:19
2178,4,23,4,Foggy,0,2026-08-11 23:20:19
2179,11,46,2,Hot,0,2026-08-11 23:31:19
2180,12,28,3,Foggy,0,2026-08-11 23:42:19
2181,1,47,2,Hot,0,2026-08-11 23:53:19
2182,7,25,1,Clear,0,2026-08-12 00:04:19
2183,4,21,4,Overcast,0,2026-08-12 00:15:19
2184,5,40,3,Overcast,0,2026-08-12 00:26:19
2185,5,30,4,Overcast,0,2026-08-12 00:37:19
2186,2,11,3,Clear,0,2026-08-12 00:48:19
2187,4,26,1,Hot,0,2026-08-12 00:59:19
2188,8,5,0,Hot,0,2026-08-12 01:10:19
2189,2,33,3,Hot,0,2026-08-12 01:21:19
2190,10,71,3,Foggy,0,2026-08-12 01:32:19
2191,5,27,2,Rainy,0,2026-08-12 01:43:19
2192,10,41,2,Foggy,0,2026-08-12 01:54:19
2193,8,49,4,Foggy,0,2026-08-12 02:05:19
2194,4,35,3,Foggy,0,2026-08-12 02:16:19
2195,6,34,3,Clear,0,2026-08-12 02:27:19
2196,3,5,1,Clear,0,2026-08-12 02:38:19
2197,12,25,1,Rainy,0,2026-08-12 02:49:19
2198,12,44,3,Hot,0,2026-08-12 03:00:19
2199,1,26,3,Clear,0,2026-08-12 03:11:19
2200,7,53,5,Clear,0,2026-08-12 03:22:19
2201,6,21,1,Overcast,0,2026-08-12 03:33:19
2202,4,22,4,Rainy,0,2026-08-12 03:44:19
2203,6,35,1,Clear,0,2026-08-12 03:55:19
2204,4,29,1,Rainy,0,2026-08-12 04:06:19
2205,10,37,4,Hot,0,2026-08-12 04:17:19
2206,12,13,1,Clear,0,2026-08-12 04:28:19
2207,9,26,1,Hot,0,2026-08-12 04:39:19
2208,1,30,3,Foggy,0,2026-08-12 04:50:19
2209,5,24,4,Rainy,0,2026-08-12 05:01:19
2210,1,5,2,Hot,0,2026-08-12 05:12:19
2211,2,17,0,Rainy,0,2026-08-12 05:23:19
2212,10,21,2,Clear,0,2026-08-12 05:34:19
2213,9,55,2,Clear,0,2026-08-12 05:45:19
2214,11,38,1,Overcast,0,2026-08-12 05:56:19
2215,5,19,2,Hot,0,2026-08-12 06:07:19
2216,1,5,2,Foggy,0,2026-08-12 06:18:19
2217,12,5,0,Rainy,0,2026-08-12 06:29:19
2218,7,29,2,Hot,0,2026-08-12 06:40:19
2219,7,26,3,Hot,0,2026-08-12 06:51:19
2220,10,85,17,Hot,1,2026-08-12 07:02:19
2221,2,64,6,Overcast,1,2026-08-12 07:13:19
2222,8,81,10,Overcast,1,2026-08-12 07:24:19
2223,7,120,20,Overcast,1,2026-08-12 07:35:19
2224,11,81,5,Overcast,1,2026-08-12 07:46:19
2225,8,120,6,Foggy,1,2026-08-12 07:57:19
2226,5,91,7,Clear,1,2026-08-12 08:08:19
2227,8,101,6,Clear,1,2026-08-12 08:19:19
2228,7,98,10,Hot,1,2026-08-12 08:30:19
2229,12,91,18,Rainy,1,2026-08-12 08:41:19
2230,7,105,8,Hot,1,2026-08-12 08:52:19
2231,9,86,13,Hot,1,2026-08-12 09:03:19
2232,2,58,8,Rainy,1,2026-08-12 09:14:19
2233,5,88,13,Rainy,1,2026-08-12 09:25:19
2234,4,108,7,Clear,1,2026-08-12 09:36:19
2235,11,120,11,Clear,1,2026-08-12 09:47:19
2236,8,68,9,Clear,1,2026-08-12 09:58:19
2237,11,46,2,Overcast,0,2026-08-12 10:09:19
2238,6,28,1,Foggy,0,2026-08-12 10:20:19
2239,4,33,3,Foggy,0,2026-08-12 10:31:19
2240,11,26,2,Hot,0,2026-08-12 10:42:19
2241,8,28,3,Hot,0,2026-08-12 10:53:19
2242,10,52,5,Overcast,0,2026-08-12 11:04:19
2243,6,41,4,Rainy,0,2026-08-12 11:15:19
2244,5,34,2,Overcast,0,2026-08-12 11:26:19
2245,2,41,3,Rainy,0,2026-08-12 11:37:19
2246,9,43,3,Rainy,0,2026-08-12 11:48:19
2247,1,30,4,Foggy,0,2026-08-12 11:59:19
2248,10,23,3,Rainy,0,2026-08-12 12:10:19
2249,8,10,1,Overcast,0,2026-08-12 12:21:19
2250,5,30,3,Rainy,0,2026-08-12 12:32:19
2251,6,37,4,Foggy,0,2026-08-12 12:43:19
2252,6,26,4,Overcast,0,2026-08-12 12:54:19
2253,12,39,1,Rainy,0,2026-08-12 13:05:19
2254,12,21,3,Clear,0,2026-08-12 13:16:19
2255,9,27,2,Clear,0,2026-08-12 13:27:19
2256,9,39,2,Overcast,0,2026-08-12 13:38:19
2257,3,5,0,Hot,0,2026-08-12 13:49:19
2258,12,38,4,Hot,0,2026-08-12 14:00:19
2259,4,36,1,Clear,0,2026-08-12 14:11:19
2260,12,25,1,Clear,0,2026-08-12 14:22:19
2261,1,26,1,Overcast,0,2026-08-12 14:33:19
2262,5,51,5,Rainy,0,2026-08-12 14:44:19
2263,4,37,2,Overcast,0,2026-08-12 14:55:19
2264,10,32,3,Hot,0,2026-08-12 15:06:19
2265,9,21,2,Rainy,0,2026-08-12 15:17:19
2266,4,40,5,Rainy,0,2026-08-12 15:28:19
2267,2,53,4,Foggy,0,2026-08-12 15:39:19
2268,10,31,4,Hot,0,2026-08-12 15:50:19
2269,9,63,4,Clear,0,2026-08-12 16:01:19
2270,2,15,2,Hot,0,2026-08-12 16:12:19
2271,4,28,4,Hot,0,2026-08-12 16:23:19
2272,10,5,1,Hot,0,2026-08-12 16:34:19
2273,6,39,2,Overcast,0,2026-08-12 16:45:19
2274,11,26,2,Foggy,0,2026-08-12 16:56:19
2275,11,112,20,Rainy,1,2026-08-12 17:07:19
2276,12,120,16,Foggy,1,2026-08-12 17:18:19
2277,9,108,10,Foggy,1,2026-08-12 17:29:19
2278,6,105,5,Overcast,1,2026-08-12 17:40:19
2279,5,100,18,Hot,1,2026-08-12 17:51:19
2280,5,120,9,Overcast,1,2026-08-12 18:02:19
2281,10,88,19,Hot,1,2026-08-12 18:13:19
2282,6,105,6,Clear,1,2026-08-12 18:24:19
2283,8,108,13,Rainy,1,2026-08-12 18:35:19
2284,3,69,9,Hot,1,2026-08-12 18:46:19
2285,12,91,6,Clear,1,2026-08-12 18:57:19
2286,1,107,14,Rainy,1,2026-08-12 19:08:19
2287,3,109,12,Foggy,1,2026-08-12 19:19:19
2288,6,77,18,Overcast,1,2026-08-12 19:30:19
2289,8,108,14,Hot,1,2026-08-12 19:41:19
2290,7,87,10,Clear,1,2026-08-12 19:52:19
2291,11,33,3,Overcast,0,2026-08-12 20:03:19
2292,7,25,4,Overcast,0,2026-08-12 20:14:19
2293,8,23,3,Clear,0,2026-08-12 20:25:19
2294,5,27,3,Rainy,0,2026-08-12 20:36:19
2295,11,47,5,Overcast,0,2026-08-12 20:47:19
2296,4,46,5,Hot,0,2026-08-12 20:58:19
2297,12,42,4,Overcast,0,2026-08-12 21:09:19
2298,11,50,3,Foggy,0,2026-08-12 21:20:19
2299,5,34,3,Clear,0,2026-08-12 21:31:19
2300,9,76,5,Rainy,0,2026-08-12 21:42:19
2301,9,66,5,Clear,0,2026-08-12 21:53:19
2302,3,38,4,Foggy,0,2026-08-12 22:04:19
2303,3,54,2,Overcast,0,2026-08-12 22:15:19
2304,3,33,2,Foggy,0,2026-08-12 22:26:19
2305,4,43,2,Hot,0,2026-08-12 22:37:19
2306,8,16,2,Overcast,0,2026-08-12 22:48:19
2307,7,20,4,Overcast,0,2026-08-12 22:59:19
2308,9,33,1,Hot,0,2026-08-12 23:10:19
2309,12,40,5,Clear,0,2026-08-12 23:21:19
2310,10,42,5,Hot,0,2026-08-12 23:32:19
2311,3,26,2,Hot,0,2026-08-12 23:43:19
2312,1,13,0,Foggy,0,2026-08-12 23:54:19
2313,8,54,2,Hot,0,2026-08-13 00:05:19
2314,4,9,0,Clear,0,2026-08-13 00:16:19
2315,5,52,3,Clear,0,2026-08-13 00:27:19
2316,1,54,4,Rainy,0,2026-08-13 00:38:19
2317,6,33,2,Overcast,0,2026-08-13 00:49:19
2318,11,26,2,Foggy,0,2026-08-13 01:00:19
2319,6,30,2,Rainy,0,2026-08-13 01:11:19
2320,2,26,3,Foggy,0,2026-08-13 01:22:19
2321,11,28,4,Foggy,0,2026-08-13 01:33:19
2322,8,45,5,Hot,0,2026-08-13 01:44:19
2323,4,32,3,Clear,0,2026-08-13 01:55:19
2324,7,45,2,Rainy,0,2026-08-13 02:06:19
2325,7,37,1,Clear,0,2026-08-13 02:17:19
2326,9,40,4,Overcast,0,2026-08-13 02:28:19
2327,4,50,2,Clear,0,2026-08-13 02:39:19
2328,5,12,3,Foggy,0,2026-08-13 02:50:19
2329,10,46,5,Foggy,0,2026-08-13 03:01:19
2330,5,54,4,Rainy,0,2026-08-13 03:12:19
2331,5,5,1,Clear,0,2026-08-13 03:23:19
2332,11,41,4,Foggy,0,2026-08-13 03:34:19
2333,9,44,3,Foggy,0,2026-08-13 03:45:19
2334,3,56,2,Overcast,0,2026-08-13 03:56:19
2335,1,42,2,Hot,0,2026-08-13 04:07:19
2336,7,47,3,Overcast,0,2026-08-13 04:18:19
2337,6,16,2,Rainy,0,2026-08-13 04:29:19
2338,11,31,3,Overcast,0,2026-08-13 04:40:19
2339,5,24,3,Rainy,0,2026-08-13 04:51:19
2340,9,34,1,Foggy,0,2026-08-13 05:02:19
2341,3,38,1,Foggy,0,2026-08-13 05:13:19
2342,8,27,3,Clear,0,2026-08-13 05:24:19
2343,2,43,3,Clear,0,2026-08-13 05:35:19
2344,10,52,2,Hot,0,2026-08-13 05:46:19
2345,5,14,1,Clear,0,2026-08-13 05:57:19
2346,2,53,3,Overcast,0,2026-08-13 06:08:19
2347,5,9,2,Rainy,0,2026-08-13 06:19:19
2348,2,40,2,Clear,0,2026-08-13 06:30:19
2349,7,53,3,Foggy,0,2026-08-13 06:41:19
2350,12,18,3,Overcast,0,2026-08-13 06:52:19
2351,6,93,11,Clear,1,2026-08-13 07:03:19
2352,3,72,6,Rainy,1,2026-08-13 07:14:19
2353,8,76,6,Rainy,1,2026-08-13 07:25:19
2354,8,110,19,Rainy,1,2026-08-13 07:36:19
2355,6,93,5,Foggy,1,2026-08-13 07:47:19
2356,6,106,10,Overcast,1,2026-08-13 07:58:19
2357,3,95,12,Overcast,1,2026-08-13 08:09:19
2358,1,115,12,Overcast,1,2026-08-13 08:20:19
2359,9,90,8,Clear,1,2026-08-13 08:31:19
2360,10,120,19,Rainy,1,2026-08-13 08:42:19
2361,4,105,12,Rainy,1,2026-08-13 08:53:19
2362,11,92,8,Foggy,1,2026-08-13 09:04:19
2363,5,104,17,Hot,1,2026-08-13 09:15:19
2364,9,99,18,Overcast,1,2026-08-13 09:26:19
2365,7,93,17,Overcast,1,2026-08-13 09:37:19
2366,6,73,3,Rainy,1,2026-08-13 09:48:19
2367,12,91,5,Overcast,1,2026-08-13 09:59:19
2368,1,41,3,Foggy,0,2026-08-13 10:10:19
2369,5,21,1,Clear,0,2026-08-13 10:21:19
2370,3,48,3,Hot,0,2026-08-13 10:32:19
2371,3,21,1,Hot,0,2026-08-13 10:43:19
2372,10,30,2,Clear,0,2026-08-13 10:54:19
2373,3,31,1,Overcast,0,2026-08-13 11:05:19
2374,6,17,0,Overcast,0,2026-08-13 11:16:19
2375,7,41,2,Foggy,0,2026-08-13 11:27:19
2376,4,40,4,Clear,0,2026-08-13 11:38:19
2377,9,48,2,Clear,0,2026-08-13 11:49:19
2378,8,43,4,Foggy,0,2026-08-13 12:00:19
2379,6,42,4,Clear,0,2026-08-13 12:11:19
2380,5,38,1,Clear,0,2026-08-13 12:22:19
2381,4,13,2,Hot,0,2026-08-13 12:33:19
2382,1,24,3,Rainy,0,2026-08-13 12:44:19
2383,4,31,2,Overcast,0,2026-08-13 12:55:19
2384,10,37,3,Rainy,0,2026-08-13 13:06:19
2385,12,30,2,Overcast,0,2026-08-13 13:17:19
2386,12,42,3,Overcast,0,2026-08-13 13:28:19
2387,9,40,4,Rainy,0,2026-08-13 13:39:19
2388,5,23,3,Rainy,0,2026-08-13 13:50:19
2389,5,20,2,Hot,0,2026-08-13 14:01:19
2390,7,35,1,Overcast,0,2026-08-13 14:12:19
2391,10,74,6,Clear,0,2026-08-13 14:23:19
2392,7,24,3,Clear,0,2026-08-13 14:34:19
2393,12,32,3,Clear,0,2026-08-13 14:45:19
2394,1,37,1,Rainy,0,2026-08-13 14:56:19
2395,8,38,3,Rainy,0,2026-08-13 15:07:19
2396,11,17,0,Clear,0,2026-08-13 15:18:19
2397,3,16,2,Hot,0,2026-08-13 15:29:19
2398,1,39,3,Clear,0,2026-08-13 15:40:19
2399,10,11,2,Hot,0,2026-08-13 15:51:19
2400,3,73,4,Overcast,0,2026-08-13 16:02:19
2401,4,62,3,Overcast,0,2026-08-13 16:13:19
2402,7,41,5,Rainy,0,2026-08-13 16:24:19
2403,8,9,3,Foggy,0,2026-08-13 16:35:19
2404,5,22,3,Foggy,0,2026-08-13 16:46:19
2405,2,21,3,Overcast,0,2026-08-13 16:57:19
2406,1,101,10,Hot,1,2026-08-13 17:08:19
2407,12,102,15,Foggy,1,2026-08-13 17:19:19
2408,5,104,6,Clear,1,2026-08-13 17:30:19
2409,3,120,9,Rainy,1,2026-08-13 17:41:19
2410,10,81,18,Overcast,1,2026-08-13 17:52:19
2411,2,87,12,Hot,1,2026-08-13 18:03:19
2412,11,110,6,Clear,1,2026-08-13 18:14:19
2413,11,101,20,Overcast,1,2026-08-13 18:25:19
2414,10,102,5,Foggy,1,2026-08-13 18:36:19
2415,9,112,11,Foggy,1,2026-08-13 18:47:19
2416,2,95,15,Overcast,1,2026-08-13 18:58:19
2417,8,113,14,Overcast,1,2026-08-13 19:09:19
2418,11,75,10,Rainy,1,2026-08-13 19:20:19
2419,6,97,6,Rainy,1,2026-08-13 19:31:19
2420,2,107,6,Foggy,1,2026-08-13 19:42:19
2421,7,89,10,Foggy,1,2026-08-13 19:53:19
2422,3,25,3,Foggy,0,2026-08-13 20:04:19
2423,4,33,4,Overcast,0,2026-08-13 20:15:19
2424,9,35,1,Overcast,0,2026-08-13 20:26:19
2425,2,31,2,Hot,0,2026-08-13 20:37:19
2426,1,62,5,Foggy,0,2026-08-13 20:48:19
2427,3,44,2,Overcast,0,2026-08-13 20:59:19
2428,7,29,4,Overcast,0,2026-08-13 21:10:19
2429,10,18,1,Rainy,0,2026-08-13 21:21:19
2430,6,26,4,Foggy,0,2026-08-13 21:32:19
2431,10,45,3,Rainy,0,2026-08-13 21:43:19
2432,9,29,2,Rainy,0,2026-08-13 21:54:19
2433,4,16,2,Clear,0,2026-08-13 22:05:19
2434,4,39,2,Rainy,0,2026-08-13 22:16:19
2435,6,31,3,Overcast,0,2026-08-13 22:27:19
2436,8,21,1,Rainy,0,2026-08-13 22:38:19
2437,9,31,1,Hot,0,2026-08-13 22:49:19
2438,12,46,3,Foggy,0,2026-08-13 23:00:19
2439,10,40,4,Overcast,0,2026-08-13 23:11:19
2440,12,35,2,Rainy,0,2026-08-13 23:22:19
2441,7,6,3,Overcast,0,2026-08-13 23:33:19
2442,11,36,3,Foggy,0,2026-08-13 23:44:19
2443,11,5,1,Clear,0,2026-08-13 23:55:19
2444,12,39,1,Clear,0,2026-08-14 00:06:19
2445,8,17,1,Overcast,0,2026-08-14 00:17:19
2446,4,15,2,Hot,0,2026-08-14 00:28:19
2447,5,63,6,Hot,0,2026-08-14 00:39:19
2448,2,58,2,Hot,0,2026-08-14 00:50:19
2449,8,15,2,Foggy,0,2026-08-14 01:01:19
2450,2,41,4,Rainy,0,2026-08-14 01:12:19
2451,1,40,3,Rainy,0,2026-08-14 01:23:19
2452,3,33,4,Foggy,0,2026-08-14 01:34:19
2453,2,8,2,Foggy,0,2026-08-14 01:45:19
2454,1,59,5,Hot,0,2026-08-14 01:56:19
2455,2,46,5,Hot,0,2026-08-14 02:07:19
2456,11,16,1,Foggy,0,2026-08-14 02:18:19
2457,10,47,3,Clear,0,2026-08-14 02:29:19
2458,11,25,4,Overcast,0,2026-08-14 02:40:19
2459,7,21,2,Clear,0,2026-08-14 02:51:19
2460,1,54,2,Clear,0,2026-08-14 03:02:19
2461,3,21,3,Hot,0,2026-08-14 03:13:19
2462,10,34,4,Rainy,0,2026-08-14 03:24:19
2463,4,36,1,Clear,0,2026-08-14 03:35:19
2464,5,36,3,Rainy,0,2026-08-14 03:46:19
2465,8,22,4,Overcast,0,2026-08-14 03:57:19
2466,4,26,3,Clear,0,2026-08-14 04:08:19
2467,12,35,2,Rainy,0,2026-08-14 04:19:19
2468,7,42,5,Foggy,0,2026-08-14 04:30:19
2469,3,28,1,Hot,0,2026-08-14 04:41:19
2470,7,46,4,Clear,0,2026-08-14 04:52:19
2471,3,34,2,Clear,0,2026-08-14 05:03:19
2472,11,46,4,Hot,0,2026-08-14 05:14:19
2473,7,16,2,Clear,0,2026-08-14 05:25:19
2474,8,30,4,Overcast,0,2026-08-14 05:36:19
2475,10,28,3,Overcast,0,2026-08-14 05:47:19
2476,6,22,2,Overcast,0,2026-08-14 05:58:19
2477,8,64,5,Rainy,0,2026-08-14 06:09:19
2478,6,31,3,Hot,0,2026-08-14 06:20:19
2479,6,18,2,Hot,0,2026-08-14 06:31:19
2480,7,19,3,Hot,0,2026-08-14 06:42:19
2481,5,45,5,Rainy,0,2026-08-14 06:53:19
2482,9,115,16,Foggy,1,2026-08-14 07:04:19
2483,1,93,14,Foggy,1,2026-08-14 07:15:19
2484,11,91,18,Rainy,1,2026-08-14 07:26:19
2485,4,88,6,Overcast,1,2026-08-14 07:37:19
2486,8,103,19,Overcast,1,2026-08-14 07:48:19
2487,2,100,8,Foggy,1,2026-08-14 07:59:19
2488,12,102,15,Hot,1,2026-08-14 08:10:19
2489,4,78,12,Foggy,1,2026-08-14 08:21:19
2490,8,93,13,Foggy,1,2026-08-14 08:32:19
2491,6,109,5,Rainy,1,2026-08-14 08:43:19
2492,7,107,11,Hot,1,2026-08-14 08:54:19
2493,8,93,15,Rainy,1,2026-08-14 09:05:19
2494,1,118,9,Foggy,1,2026-08-14 09:16:19
2495,2,94,10,Clear,1,2026-08-14 09:27:19
2496,4,81,18,Rainy,1,2026-08-14 09:38:19
2497,11,107,16,Overcast,1,2026-08-14 09:49:19
2498,1,36,3,Hot,0,2026-08-14 10:00:19
2499,9,21,1,Foggy,0,2026-08-14 10:11:19
2500,9,26,1,Overcast,0,2026-08-14 10:22:19
2501,8,36,4,Hot,0,2026-08-14 10:33:19
2502,1,55,5,Foggy,0,2026-08-14 10:44:19
2503,7,30,1,Hot,0,2026-08-14 10:55:19
2504,6,30,4,Clear,0,2026-08-14 11:06:19
2505,10,31,2,Overcast,0,2026-08-14 11:17:19
2506,3,45,2,Clear,0,2026-08-14 11:28:19
2507,12,39,1,Overcast,0,2026-08-14 11:39:19
2508,2,14,1,Overcast,0,2026-08-14 11:50:19
2509,4,72,6,Hot,0,2026-08-14 12:01:19
2510,11,28,1,Hot,0,2026-08-14 12:12:19
2511,9,34,3,Rainy,0,2026-08-14 12:23:19
2512,3,19,2,Overcast,0,2026-08-14 12:34:19
2513,10,52,3,Rainy,0,2026-08-14 12:45:19
2514,12,19,3,Clear,0,2026-08-14 12:56:19
2515,2,35,2,Overcast,0,2026-08-14 13:07:19
2516,4,13,0,Hot,0,2026-08-14 13:18:19
2517,9,72,3,Clear,0,2026-08-14 13:29:19
2518,7,67,6,Rainy,0,2026-08-14 13:40:19
2519,11,47,3,Rainy,0,2026-08-14 13:51:19
2520,6,12,1,Rainy,0,2026-08-14 14:02:19
2521,8,13,3,Overcast,0,2026-08-14 14:13:19
2522,8,42,4,Clear,0,2026-08-14 14:24:19
2523,10,35,2,Foggy,0,2026-08-14 14:35:19
2524,2,58,2,Clear,0,2026-08-14 14:46:19
2525,6,36,3,Overcast,0,2026-08-14 14:57:19
2526,11,54,4,Hot,0,2026-08-14 15:08:19
2527,4,51,3,Rainy,0,2026-08-14 15:19:19
2528,10,42,5,Overcast,0,2026-08-14 15:30:19
2529,3,17,3,Overcast,0,2026-08-14 15:41:19
2530,8,21,4,Overcast,0,2026-08-14 15:52:19
2531,5,47,5,Hot,0,2026-08-14 16:03:19
2532,2,35,4,Rainy,0,2026-08-14 16:14:19
2533,5,40,5,Foggy,0,2026-08-14 16:25:19
2534,10,16,2,Clear,0,2026-08-14 16:36:19
2535,1,44,2,Foggy,0,2026-08-14 16:47:19
2536,4,24,3,Hot,0,2026-08-14 16:58:19
2537,4,107,18,Foggy,1,2026-08-14 17:09:19
2538,7,84,13,Hot,1,2026-08-14 17:20:19
2539,6,71,10,Hot,1,2026-08-14 17:31:19
2540,6,105,9,Hot,1,2026-08-14 17:42:19
2541,4,103,17,Rainy,1,2026-08-14 17:53:19
2542,8,107,12,Clear,1,2026-08-14 18:04:19
2543,9,110,8,Hot,1,2026-08-14 18:15:19
2544,3,54,13,Rainy,1,2026-08-14 18:26:19
2545,3,85,17,Hot,1,2026-08-14 18:37:19
2546,5,85,12,Rainy,1,2026-08-14 18:48:19
2547,10,58,11,Rainy,1,2026-08-14 18:59:19
2548,3,117,20,Overcast,1,2026-08-14 19:10:19
2549,9,72,3,Overcast,1,2026-08-14 19:21:19
2550,6,88,13,Rainy,1,2026-08-14 19:32:19
2551,5,102,16,Foggy,1,2026-08-14 19:43:19
2552,7,91,16,Clear,1,2026-08-14 19:54:19
2553,11,65,6,Clear,0,2026-08-14 20:05:19
2554,2,39,1,Rainy,0,2026-08-14 20:16:19
2555,6,37,2,Clear,0,2026-08-14 20:27:19
2556,6,34,1,Hot,0,2026-08-14 20:38:19
2557,11,23,2,Hot,0,2026-08-14 20:49:19
2558,3,40,5,Hot,0,2026-08-14 21:00:19
2559,7,16,2,Clear,0,2026-08-14 21:11:19
2560,3,17,1,Overcast,0,2026-08-14 21:22:19
2561,6,27,1,Clear,0,2026-08-14 21:33:19
2562,3,22,1,Clear,0,2026-08-14 21:44:19
2563,6,5,2,Rainy,0,2026-08-14 21:55:19
2564,2,37,1,Clear,0,2026-08-14 22:06:19
2565,3,5,1,Foggy,0,2026-08-14 22:17:19
2566,3,44,2,Foggy,0,2026-08-14 22:28:19
2567,10,24,1,Clear,0,2026-08-14 22:39:19
2568,1,31,1,Hot,0,2026-08-14 22:50:19
2569,10,34,3,Foggy,0,2026-08-14 23:01:19
2570,1,5,1,Foggy,0,2026-08-14 23:12:19
2571,9,63,4,Clear,0,2026-08-14 23:23:19
2572,10,35,4,Rainy,0,2026-08-14 23:34:19
2573,3,58,2,Rainy,0,2026-08-14 23:45:19
2574,7,24,4,Clear,0,2026-08-14 23:56:19
2575,11,12,0,Hot,0,2026-08-15 00:07:19
2576,2,26,3,Clear,0,2026-08-15 00:18:19
2577,11,39,4,Foggy,0,2026-08-15 00:29:19
2578,2,23,1,Overcast,0,2026-08-15 00:40:19
2579,4,33,1,Overcast,0,2026-08-15 00:51:19
2580,8,51,2,Rainy,0,2026-08-15 01:02:19
2581,9,38,4,Foggy,0,2026-08-15 01:13:19
2582,8,21,3,Hot,0,2026-08-15 01:24:19
2583,8,27,1,Overcast,0,2026-08-15 01:35:19
2584,11,33,4,Hot,0,2026-08-15 01:46:19
2585,5,58,5,Clear,0,2026-08-15 01:57:19
2586,11,56,4,Clear,0,2026-08-15 02:08:19
2587,6,56,4,Hot,0,2026-08-15 02:19:19
2588,1,43,5,Foggy,0,2026-08-15 02:30:19
2589,3,37,3,Overcast,0,2026-08-15 02:41:19
2590,2,30,1,Foggy,0,2026-08-15 02:52:19
2591,12,20,1,Hot,0,2026-08-15 03:03:19
2592,6,23,3,Clear,0,2026-08-15 03:14:19
2593,12,46,5,Clear,0,2026-08-15 03:25:19
2594,9,19,0,Rainy,0,2026-08-15 03:36:19
2595,12,34,1,Overcast,0,2026-08-15 03:47:19
2596,4,15,1,Hot,0,2026-08-15 03:58:19
2597,3,22,4,Overcast,0,2026-08-15 04:09:19
2598,1,55,5,Hot,0,2026-08-15 04:20:19
2599,3,31,2,Hot,0,2026-08-15 04:31:19
2600,5,5,1,Rainy,0,2026-08-15 04:42:19
2601,3,20,1,Hot,0,2026-08-15 04:53:19
2602,7,46,5,Overcast,0,2026-08-15 05:04:19
2603,7,45,3,Rainy,0,2026-08-15 05:15:19
2604,6,25,4,Overcast,0,2026-08-15 05:26:19
2605,1,18,3,Overcast,0,2026-08-15 05:37:19
2606,2,15,0,Hot,0,2026-08-15 05:48:19
2607,3,30,4,Hot,0,2026-08-15 05:59:19
2608,10,23,4,Foggy,0,2026-08-15 06:10:19
2609,12,47,3,Rainy,0,2026-08-15 06:21:19
2610,9,47,3,Foggy,0,2026-08-15 06:32:19
2611,4,29,4,Hot,0,2026-08-15 06:43:19
2612,1,47,4,Overcast,0,2026-08-15 06:54:19
2613,10,92,17,Hot,1,2026-08-15 07:05:19
2614,4,120,7,Overcast,1,2026-08-15 07:16:19
2615,3,91,18,Foggy,1,2026-08-15 07:27:19
2616,10,109,5,Clear,1,2026-08-15 07:38:19
2617,3,120,10,Foggy,1,2026-08-15 07:49:19
2618,6,104,12,Hot,1,2026-08-15 08:00:19
2619,7,95,17,Rainy,1,2026-08-15 08:11:19
2620,10,88,14,Rainy,1,2026-08-15 08:22:19
2621,6,83,15,Overcast,1,2026-08-15 08:33:19
2622,4,50,6,Foggy,1,2026-08-15 08:44:19
2623,7,67,14,Overcast,1,2026-08-15 08:55:19
2624,5,111,13,Foggy,1,2026-08-15 09:06:19
2625,7,84,13,Hot,1,2026-08-15 09:17:19
2626,9,81,17,Hot,1,2026-08-15 09:28:19
2627,8,92,16,Clear,1,2026-08-15 09:39:19
2628,11,87,8,Foggy,1,2026-08-15 09:50:19
2629,1,35,1,Overcast,0,2026-08-15 10:01:19
2630,12,40,3,Overcast,0,2026-08-15 10:12:19
2631,2,20,3,Overcast,0,2026-08-15 10:23:19
2632,1,49,5,Hot,0,2026-08-15 10:34:19
2633,10,34,4,Overcast,0,2026-08-15 10:45:19
2634,3,56,5,Overcast,0,2026-08-15 10:56:19
2635,11,50,4,Overcast,0,2026-08-15 11:07:19
2636,9,39,3,Overcast,0,2026-08-15 11:18:19
2637,3,60,4,Rainy,0,2026-08-15 11:29:19
2638,6,47,2,Hot,0,2026-08-15 11:40:19
2639,11,33,1,Overcast,0,2026-08-15 11:51:19
2640,3,45,3,Clear,0,2026-08-15 12:02:19
2641,8,36,3,Foggy,0,2026-08-15 12:13:19
2642,7,59,5,Overcast,0,2026-08-15 12:24:19
2643,9,39,3,Overcast,0,2026-08-15 12:35:19
2644,8,37,3,Rainy,0,2026-08-15 12:46:19
2645,11,30,2,Clear,0,2026-08-15 12:57:19
2646,10,19,0,Foggy,0,2026-08-15 13:08:19
2647,1,34,1,Rainy,0,2026-08-15 13:19:19
2648,12,20,3,Clear,0,2026-08-15 13:30:19
2649,1,7,1,Hot,0,2026-08-15 13:41:19
2650,11,54,2,Clear,0,2026-08-15 13:52:19
2651,5,33,1,Hot,0,2026-08-15 14:03:19
2652,2,24,1,Rainy,0,2026-08-15 14:14:19
2653,12,46,2,Hot,0,2026-08-15 14:25:19
2654,7,24,3,Foggy,0,2026-08-15 14:36:19
2655,6,49,5,Hot,0,2026-08-15 14:47:19
2656,5,9,3,Clear,0,2026-08-15 14:58:19
2657,5,18,3,Foggy,0,2026-08-15 15:09:19
2658,4,10,0,Foggy,0,2026-08-15 15:20:19
2659,8,16,0,Foggy,0,2026-08-15 15:31:19
2660,9,27,1,Rainy,0,2026-08-15 15:42:19
2661,7,36,2,Foggy,0,2026-08-15 15:53:19
2662,12,23,3,Clear,0,2026-08-15 16:04:19
2663,7,20,1,Hot,0,2026-08-15 16:15:19
2664,6,28,3,Rainy,0,2026-08-15 16:26:19
2665,3,35,4,Overcast,0,2026-08-15 16:37:19
2666,12,39,4,Foggy,0,2026-08-15 16:48:19
2667,6,43,4,Overcast,0,2026-08-15 16:59:19
2668,1,76,4,Hot,1,2026-08-15 17:10:19
2669,7,103,18,Clear,1,2026-08-15 17:21:19
2670,2,105,15,Hot,1,2026-08-15 17:32:19
2671,7,83,17,Foggy,1,2026-08-15 17:43:19
2672,5,88,14,Rainy,1,2026-08-15 17:54:19
2673,10,115,19,Clear,1,2026-08-15 18:05:19
2674,9,116,20,Clear,1,2026-08-15 18:16:19
2675,8,100,5,Foggy,1,2026-08-15 18:27:19
2676,12,95,11,Clear,1,2026-08-15 18:38:19
2677,6,84,14,Overcast,1,2026-08-15 18:49:19
2678,3,103,12,Hot,1,2026-08-15 19:00:19
2679,12,87,19,Hot,1,2026-08-15 19:11:19
2680,5,63,18,Clear,1,2026-08-15 19:22:19
2681,7,95,17,Overcast,1,2026-08-15 19:33:19
2682,11,120,7,Hot,1,2026-08-15 19:44:19
2683,10,111,17,Clear,1,2026-08-15 19:55:19
2684,3,34,3,Overcast,0,2026-08-15 20:06:19
2685,8,29,3,Overcast,0,2026-08-15 20:17:19
2686,1,36,4,Foggy,0,2026-08-15 20:28:19
2687,11,51,4,Hot,0,2026-08-15 20:39:19
2688,6,24,1,Clear,0,2026-08-15 20:50:19
2689,7,18,0,Overcast,0,2026-08-15 21:01:19
2690,8,5,0,Hot,0,2026-08-15 21:12:19
2691,8,44,2,Rainy,0,2026-08-15 21:23:19
2692,10,12,0,Rainy,0,2026-08-15 21:34:19
2693,4,35,2,Overcast,0,2026-08-15 21:45:19
2694,8,40,3,Clear,0,2026-08-15 21:56:19
2695,2,44,2,Hot,0,2026-08-15 22:07:19
2696,2,44,4,Clear,0,2026-08-15 22:18:19
2697,10,32,2,Foggy,0,2026-08-15 22:29:19
2698,3,30,4,Overcast,0,2026-08-15 22:40:19
2699,4,22,2,Rainy,0,2026-08-15 22:51:19
2700,9,28,1,Overcast,0,2026-08-15 23:02:19
2701,2,5,1,Foggy,0,2026-08-15 23:13:19
2702,10,44,3,Foggy,0,2026-08-15 23:24:19
2703,9,40,5,Clear,0,2026-08-15 23:35:19
2704,1,67,6,Rainy,0,2026-08-15 23:46:19
2705,12,29,4,Clear,0,2026-08-15 23:57:19
2706,12,28,2,Overcast,0,2026-08-16 00:08:19
2707,2,54,3,Clear,0,2026-08-16 00:19:19
2708,12,41,4,Foggy,0,2026-08-16 00:30:19
2709,6,32,1,Clear,0,2026-08-16 00:41:19
2710,6,36,2,Hot,0,2026-08-16 00:52:19
2711,5,46,5,Hot,0,2026-08-16 01:03:19
2712,6,47,3,Clear,0,2026-08-16 01:14:19
2713,1,43,4,Clear,0,2026-08-16 01:25:19
2714,3,45,4,Overcast,0,2026-08-16 01:36:19
2715,7,50,5,Hot,0,2026-08-16 01:47:19
2716,1,46,4,Hot,0,2026-08-16 01:58:19
2717,11,38,3,Foggy,0,2026-08-16 02:09:19
2718,10,48,2,Rainy,0,2026-08-16 02:20:19
2719,5,41,4,Rainy,0,2026-08-16 02:31:19
2720,2,25,1,Foggy,0,2026-08-16 02:42:19
2721,4,29,3,Clear,0,2026-08-16 02:53:19
2722,11,40,2,Foggy,0,2026-08-16 03:04:19
2723,5,36,2,Rainy,0,2026-08-16 03:15:19
2724,2,10,2,Foggy,0,2026-08-16 03:26:19
2725,12,46,3,Rainy,0,2026-08-16 03:37:19
2726,7,38,2,Foggy,0,2026-08-16 03:48:19
2727,4,34,1,Clear,0,2026-08-16 03:59:19
2728,10,19,2,Foggy,0,2026-08-16 04:10:19
2729,4,34,2,Hot,0,2026-08-16 04:21:19
2730,10,59,2,Foggy,0,2026-08-16 04:32:19
2731,5,22,4,Overcast,0,2026-08-16 04:43:19
2732,5,62,3,Overcast,0,2026-08-16 04:54:19
2733,8,47,2,Hot,0,2026-08-16 05:05:19
2734,3,34,1,Foggy,0,2026-08-16 05:16:19
2735,8,14,3,Hot,0,2026-08-16 05:27:19
2736,7,53,5,Rainy,0,2026-08-16 05:38:19
2737,5,14,1,Rainy,0,2026-08-16 05:49:19
2738,7,46,2,Rainy,0,2026-08-16 06:00:19
2739,5,47,2,Hot,0,2026-08-16 06:11:19
2740,11,27,1,Overcast,0,2026-08-16 06:22:19
2741,1,38,3,Overcast,0,2026-08-16 06:33:19
2742,10,11,3,Foggy,0,2026-08-16 06:44:19
2743,1,49,2,Overcast,0,2026-08-16 06:55:19
2744,9,92,9,Hot,1,2026-08-16 07:06:19
2745,7,114,10,Hot,1,2026-08-16 07:17:19
2746,5,81,6,Hot,1,2026-08-16 07:28:19
2747,11,81,16,Clear,1,2026-08-16 07:39:19
2748,6,109,6,Rainy,1,2026-08-16 07:50:19
2749,12,96,5,Clear,1,2026-08-16 08:01:19
2750,1,105,8,Hot,1,2026-08-16 08:12:19
2751,4,102,6,Overcast,1,2026-08-16 08:23:19
2752,6,111,8,Rainy,1,2026-08-16 08:34:19
2753,9,89,19,Clear,1,2026-08-16 08:45:19
2754,8,62,14,Foggy,1,2026-08-16 08:56:19
2755,5,102,11,Foggy,1,2026-08-16 09:07:19
2756,11,108,5,Foggy,1,2026-08-16 09:18:19
2757,9,73,16,Hot,1,2026-08-16 09:29:19
2758,8,109,7,Rainy,1,2026-08-16 09:40:19
2759,2,86,11,Foggy,1,2026-08-16 09:51:19
2760,10,25,1,Hot,0,2026-08-16 10:02:19
2761,7,53,4,Hot,0,2026-08-16 10:13:19
2762,3,13,1,Foggy,0,2026-08-16 10:24:19
2763,8,46,2,Overcast,0,2026-08-16 10:35:19
2764,8,35,2,Clear,0,2026-08-16 10:46:19
2765,2,34,4,Overcast,0,2026-08-16 10:57:19
2766,3,38,4,Hot,0,2026-08-16 11:08:19
2767,8,11,0,Foggy,0,2026-08-16 11:19:19
2768,11,45,2,Overcast,0,2026-08-16 11:30:19
2769,4,62,6,Rainy,0,2026-08-16 11:41:19
2770,8,51,5,Rainy,0,2026-08-16 11:52:19
2771,2,10,2,Rainy,0,2026-08-16 12:03:19
2772,11,48,2,Rainy,0,2026-08-16 12:14:19
2773,10,40,2,Clear,0,2026-08-16 12:25:19
2774,12,33,1,Rainy,0,2026-08-16 12:36:19
2775,7,45,5,Hot,0,2026-08-16 12:47:19
2776,11,5,3,Rainy,0,2026-08-16 12:58:19
2777,12,22,3,Overcast,0,2026-08-16 13:09:19
2778,10,9,0,Rainy,0,2026-08-16 13:20:19
2779,4,26,3,Hot,0,2026-08-16 13:31:19
2780,10,55,3,Rainy,0,2026-08-16 13:42:19
2781,4,6,0,Clear,0,2026-08-16 13:53:19
2782,9,32,1,Rainy,0,2026-08-16 14:04:19
2783,2,41,2,Rainy,0,2026-08-16 14:15:19
2784,5,10,0,Rainy,0,2026-08-16 14:26:19
2785,9,26,4,Rainy,0,2026-08-16 14:37:19
2786,10,54,3,Hot,0,2026-08-16 14:48:19
2787,1,23,3,Clear,0,2026-08-16 14:59:19
2788,1,24,4,Foggy,0,2026-08-16 15:10:19
2789,5,22,4,Foggy,0,2026-08-16 15:21:19
2790,5,26,3,Foggy,0,2026-08-16 15:32:19
2791,11,32,3,Foggy,0,2026-08-16 15:43:19
2792,1,43,4,Hot,0,2026-08-16 15:54:19
2793,6,24,4,Clear,0,2026-08-16 16:05:19
2794,11,48,3,Clear,0,2026-08-16 16:16:19
2795,6,6,1,Foggy,0,2026-08-16 16:27:19
2796,5,24,3,Overcast,0,2026-08-16 16:38:19
2797,11,58,4,Rainy,0,2026-08-16 16:49:19
2798,5,99,7,Overcast,1,2026-08-16 17:00:19
2799,7,87,15,Rainy,1,2026-08-16 17:11:19
2800,12,100,8,Overcast,1,2026-08-16 17:22:19
2801,3,95,17,Foggy,1,2026-08-16 17:33:19
2802,12,90,10,Rainy,1,2026-08-16 17:44:19
2803,2,90,7,Overcast,1,2026-08-16 17:55:19
2804,4,94,8,Hot,1,2026-08-16 18:06:19
2805,3,86,13,Foggy,1,2026-08-16 18:17:19
2806,3,120,11,Foggy,1,2026-08-16 18:28:19
2807,1,104,17,Overcast,1,2026-08-16 18:39:19
2808,6,77,12,Foggy,1,2026-08-16 18:50:19
2809,11,97,13,Clear,1,2026-08-16 19:01:19
2810,8,91,6,Overcast,1,2026-08-16 19:12:19
2811,4,114,11,Rainy,1,2026-08-16 19:23:19
2812,5,115,11,Overcast,1,2026-08-16 19:34:19
2813,7,71,15,Foggy,1,2026-08-16 19:45:19
2814,9,108,5,Clear,1,2026-08-16 19:56:19
2815,3,9,1,Rainy,0,2026-08-16 20:07:19
2816,4,32,4,Overcast,0,2026-08-16 20:18:19
2817,3,22,1,Rainy,0,2026-08-16 20:29:19
2818,12,21,1,Clear,0,2026-08-16 20:40:19
2819,6,16,2,Hot,0,2026-08-16 20:51:19
2820,5,83,4,Foggy,0,2026-08-16 21:02:19
2821,5,56,4,Overcast,0,2026-08-16 21:13:19
2822,9,33,4,Rainy,0,2026-08-16 21:24:19
2823,3,20,1,Rainy,0,2026-08-16 21:35:19
2824,4,40,5,Foggy,0,2026-08-16 21:46:19
2825,3,27,2,Overcast,0,2026-08-16 21:57:19
2826,2,41,2,Foggy,0,2026-08-16 22:08:19
2827,1,7,3,Rainy,0,2026-08-16 22:19:19
2828,2,5,1,Rainy,0,2026-08-16 22:30:19
2829,10,23,3,Hot,0,2026-08-16 22:41:19
2830,11,45,2,Foggy,0,2026-08-16 22:52:19
2831,4,52,5,Hot,0,2026-08-16 23:03:19
2832,2,34,3,Overcast,0,2026-08-16 23:14:19
2833,10,25,1,Rainy,0,2026-08-16 23:25:19
2834,12,36,4,Hot,0,2026-08-16 23:36:19
2835,2,32,3,Foggy,0,2026-08-16 23:47:19
2836,5,31,4,Clear,0,2026-08-16 23:58:19
2837,12,27,1,Hot,0,2026-08-17 00:09:19
2838,10,22,1,Overcast,0,2026-08-17 00:20:19
2839,3,23,1,Rainy,0,2026-08-17 00:31:19
2840,9,5,0,Overcast,0,2026-08-17 00:42:19
2841,8,29,1,Clear,0,2026-08-17 00:53:19
2842,3,64,4,Hot,0,2026-08-17 01:04:19
2843,3,17,2,Overcast,0,2026-08-17 01:15:19
2844,6,5,0,Foggy,0,2026-08-17 01:26:19
2845,8,30,3,Clear,0,2026-08-17 01:37:19
2846,12,30,4,Hot,0,2026-08-17 01:48:19
2847,12,11,2,Hot,0,2026-08-17 01:59:19
2848,9,63,6,Overcast,0,2026-08-17 02:10:19
2849,6,10,0,Overcast,0,2026-08-17 02:21:19
2850,12,58,3,Overcast,0,2026-08-17 02:32:19
2851,6,41,2,Rainy,0,2026-08-17 02:43:19
2852,3,20,2,Hot,0,2026-08-17 02:54:19
2853,11,35,3,Hot,0,2026-08-17 03:05:19
2854,2,23,2,Overcast,0,2026-08-17 03:16:19
2855,9,11,1,Overcast,0,2026-08-17 03:27:19
2856,2,31,1,Overcast,0,2026-08-17 03:38:19
2857,11,41,5,Hot,0,2026-08-17 03:49:19
2858,4,50,2,Rainy,0,2026-08-17 04:00:19
2859,4,53,4,Foggy,0,2026-08-17 04:11:19
2860,4,5,2,Hot,0,2026-08-17 04:22:19
2861,5,6,2,Foggy,0,2026-08-17 04:33:19
2862,9,17,2,Overcast,0,2026-08-17 04:44:19
2863,8,19,3,Foggy,0,2026-08-17 04:55:19
2864,12,6,0,Foggy,0,2026-08-17 05:06:19
2865,12,59,2,Overcast,0,2026-08-17 05:17:19
2866,7,48,4,Hot,0,2026-08-17 05:28:19
2867,8,22,2,Clear,0,2026-08-17 05:39:19
2868,12,35,1,Foggy,0,2026-08-17 05:50:19
2869,3,28,4,Clear,0,2026-08-17 06:01:19
2870,4,35,2,Foggy,0,2026-08-17 06:12:19
2871,2,34,4,Rainy,0,2026-08-17 06:23:19
2872,4,40,3,Rainy,0,2026-08-17 06:34:19
2873,12,26,1,Overcast,0,2026-08-17 06:45:19
2874,4,88,5,Rainy,0,2026-08-17 06:56:19
2875,10,89,12,Foggy,1,2026-08-17 07:07:19
2876,3,84,4,Overcast,1,2026-08-17 07:18:19
2877,8,113,20,Hot,1,2026-08-17 07:29:19
2878,4,92,4,Foggy,1,2026-08-17 07:40:19
2879,2,84,12,Foggy,1,2026-08-17 07:51:19
2880,10,103,8,Rainy,1,2026-08-17 08:02:19
2881,4,86,8,Rainy,1,2026-08-17 08:13:19
2882,8,94,19,Clear,1,2026-08-17 08:24:19
2883,2,102,15,Clear,1,2026-08-17 08:35:19
2884,10,120,9,Clear,1,2026-08-17 08:46:19
2885,8,103,9,Overcast,1,2026-08-17 08:57:19
2886,6,60,13,Foggy,1,2026-08-17 09:08:19
2887,7,92,5,Overcast,1,2026-08-17 09:19:19
2888,12,97,19,Overcast,1,2026-08-17 09:30:19
2889,4,68,12,Rainy,1,2026-08-17 09:41:19
2890,2,97,7,Foggy,1,2026-08-17 09:52:19
2891,1,45,4,Hot,0,2026-08-17 10:03:19
2892,5,13,2,Overcast,0,2026-08-17 10:14:19
2893,9,22,3,Rainy,0,2026-08-17 10:25:19
2894,3,40,4,Foggy,0,2026-08-17 10:36:19
2895,8,27,3,Rainy,0,2026-08-17 10:47:19
2896,4,19,0,Clear,0,2026-08-17 10:58:19
2897,1,22,4,Foggy,0,2026-08-17 11:09:19
2898,2,26,1,Rainy,0,2026-08-17 11:20:19
2899,6,45,3,Rainy,0,2026-08-17 11:31:19
2900,12,37,2,Foggy,0,2026-08-17 11:42:19
2901,1,28,3,Overcast,0,2026-08-17 11:53:19
2902,12,20,3,Overcast,0,2026-08-17 12:04:19
2903,4,39,2,Foggy,0,2026-08-17 12:15:19
2904,7,57,4,Rainy,0,2026-08-17 12:26:19
2905,7,9,2,Clear,0,2026-08-17 12:37:19
2906,2,16,2,Rainy,0,2026-08-17 12:48:19
2907,5,19,0,Foggy,0,2026-08-17 12:59:19
2908,2,38,2,Foggy,0,2026-08-17 13:10:19
2909,3,64,5,Foggy,0,2026-08-17 13:21:19
2910,12,43,5,Overcast,0,2026-08-17 13:32:19
2911,11,53,5,Overcast,0,2026-08-17 13:43:19
2912,7,71,5,Rainy,0,2026-08-17 13:54:19
2913,9,45,3,Hot,0,2026-08-17 14:05:19
2914,4,56,3,Hot,0,2026-08-17 14:16:19
2915,12,5,1,Hot,0,2026-08-17 14:27:19
2916,1,19,1,Hot,0,2026-08-17 14:38:19
2917,6,35,4,Hot,0,2026-08-17 14:49:19
2918,6,34,2,Rainy,0,2026-08-17 15:00:19
2919,8,5,0,Clear,0,2026-08-17 15:11:19
2920,7,33,1,Hot,0,2026-08-17 15:22:19
2921,2,50,3,Overcast,0,2026-08-17 15:33:19
2922,8,39,3,Hot,0,2026-08-17 15:44:19
2923,6,39,3,Overcast,0,2026-08-17 15:55:19
2924,10,31,2,Hot,0,2026-08-17 16:06:19
2925,9,14,2,Foggy,0,2026-08-17 16:17:19
2926,1,38,2,Overcast,0,2026-08-17 16:28:19
2927,9,57,2,Hot,0,2026-08-17 16:39:19
2928,10,50,4,Clear,0,2026-08-17 16:50:19
2929,6,117,16,Clear,1,2026-08-17 17:01:19
2930,10,102,11,Clear,1,2026-08-17 17:12:19
2931,3,67,18,Hot,1,2026-08-17 17:23:19
2932,5,106,15,Rainy,1,2026-08-17 17:34:19
2933,11,91,14,Overcast,1,2026-08-17 17:45:19
2934,11,110,20,Clear,1,2026-08-17 17:56:19
2935,5,106,11,Clear,1,2026-08-17 18:07:19
2936,11,102,14,Foggy,1,2026-08-17 18:18:19
2937,3,120,7,Hot,1,2026-08-17 18:29:19
2938,11,117,6,Clear,1,2026-08-17 18:40:19
2939,3,104,16,Hot,1,2026-08-17 18:51:19
2940,3,98,17,Rainy,1,2026-08-17 19:02:19
2941,4,83,18,Overcast,1,2026-08-17 19:13:19
2942,5,72,7,Rainy,1,2026-08-17 19:24:19
2943,10,76,9,Clear,1,2026-08-17 19:35:19
2944,1,84,8,Rainy,1,2026-08-17 19:46:19
2945,8,81,5,Foggy,1,2026-08-17 19:57:19
2946,8,47,5,Overcast,0,2026-08-17 20:08:19
2947,1,25,2,Clear,0,2026-08-17 20:19:19
2948,11,32,4,Rainy,0,2026-08-17 20:30:19
2949,11,47,3,Rainy,0,2026-08-17 20:41:19
2950,7,57,3,Hot,0,2026-08-17 20:52:19
2951,5,24,4,Hot,0,2026-08-17 21:03:19
2952,9,70,3,Overcast,0,2026-08-17 21:14:19
2953,5,5,3,Hot,0,2026-08-17 21:25:19
2954,8,31,2,Hot,0,2026-08-17 21:36:19
2955,12,20,3,Foggy,0,2026-08-17 21:47:19
2956,7,50,4,Foggy,0,2026-08-17 21:58:19
2957,3,34,2,Rainy,0,2026-08-17 22:09:19
2958,8,19,3,Clear,0,2026-08-17 22:20:19
2959,11,19,0,Foggy,0,2026-08-17 22:31:19
2960,6,32,3,Overcast,0,2026-08-17 22:42:19
2961,6,11,0,Overcast,0,2026-08-17 22:53:19
2962,12,27,2,Overcast,0,2026-08-17 23:04:19
2963,4,46,2,Overcast,0,2026-08-17 23:15:19
2964,1,47,4,Overcast,0,2026-08-17 23:26:19
2965,1,17,0,Overcast,0,2026-08-17 23:37:19
2966,11,35,3,Foggy,0,2026-08-17 23:48:19
2967,10,38,3,Rainy,0,2026-08-17 23:59:19
2968,10,27,4,Rainy,0,2026-08-18 00:10:19
2969,1,42,5,Rainy,0,2026-08-18 00:21:19
2970,11,46,5,Overcast,0,2026-08-18 00:32:19
2971,11,45,4,Clear,0,2026-08-18 00:43:19
2972,5,27,3,Overcast,0,2026-08-18 00:54:19
2973,5,20,3,Foggy,0,2026-08-18 01:05:19
2974,8,57,3,Rainy,0,2026-08-18 01:16:19
2975,2,28,4,Hot,0,2026-08-18 01:27:19
2976,7,47,2,Rainy,0,2026-08-18 01:38:19
2977,9,15,0,Foggy,0,2026-08-18 01:49:19
2978,6,72,5,Overcast,0,2026-08-18 02:00:19
2979,6,21,2,Foggy,0,2026-08-18 02:11:19
2980,4,29,4,Foggy,0,2026-08-18 02:22:19
2981,10,49,5,Foggy,0,2026-08-18 02:33:19
2982,11,31,3,Clear,0,2026-08-18 02:44:19
2983,8,28,1,Hot,0,2026-08-18 02:55:19
2984,10,26,4,Rainy,0,2026-08-18 03:06:19
2985,2,19,1,Rainy,0,2026-08-18 03:17:19
2986,6,54,2,Clear,0,2026-08-18 03:28:19
2987,5,31,3,Overcast,0,2026-08-18 03:39:19
2988,10,12,0,Overcast,0,2026-08-18 03:50:19
2989,5,25,1,Rainy,0,2026-08-18 04:01:19
2990,6,40,3,Foggy,0,2026-08-18 04:12:19
2991,2,37,1,Foggy,0,2026-08-18 04:23:19
2992,5,46,2,Foggy,0,2026-08-18 04:34:19
2993,11,52,4,Hot,0,2026-08-18 04:45:19
2994,12,34,2,Overcast,0,2026-08-18 04:56:19
2995,8,36,4,Overcast,0,2026-08-18 05:07:19
2996,5,29,3,Overcast,0,2026-08-18 05:18:19
2997,3,45,5,Hot,0,2026-08-18 05:29:19
2998,3,45,2,Overcast,0,2026-08-18 05:40:19
2999,3,23,2,Overcast,0,2026-08-18 05:51:19
3000,6,51,2,Clear,0,2026-08-18 06:02:19
3001,10,48,3,Clear,0,2026-08-18 06:13:19
3002,1,26,3,Overcast,0,2026-08-18 06:24:19
3003,8,32,1,Clear,0,2026-08-18 06:35:19
3004,4,32,2,Overcast,0,2026-08-18 06:46:19
3005,4,49,5,Foggy,0,2026-08-18 06:57:19
3006,3,81,4,Clear,1,2026-08-18 07:08:19
3007,7,105,8,Overcast,1,2026-08-18 07:19:19
3008,12,79,6,Foggy,1,2026-08-18 07:30:19
3009,11,97,6,Overcast,1,2026-08-18 07:41:19
3010,5,112,7,Hot,1,2026-08-18 07:52:19
3011,3,73,16,Overcast,1,2026-08-18 08:03:19
3012,11,94,16,Hot,1,2026-08-18 08:14:19
3013,9,83,5,Foggy,1,2026-08-18 08:25:19
3014,11,105,6,Clear,1,2026-08-18 08:36:19
3015,11,91,16,Hot,1,2026-08-18 08:47:19
3016,9,72,6,Clear,1,2026-08-18 08:58:19
3017,8,79,4,Overcast,1,2026-08-18 09:09:19
3018,7,93,8,Rainy,1,2026-08-18 09:20:19
3019,5,67,3,Hot,1,2026-08-18 09:31:19
3020,3,82,15,Clear,1,2026-08-18 09:42:19
3021,11,105,19,Hot,1,2026-08-18 09:53:19
3022,10,43,2,Hot,0,2026-08-18 10:04:19
3023,1,43,5,Foggy,0,2026-08-18 10:15:19
3024,1,10,0,Overcast,0,2026-08-18 10:26:19
3025,3,37,4,Hot,0,2026-08-18 10:37:19
3026,12,47,3,Overcast,0,2026-08-18 10:48:19
3027,7,54,4,Hot,0,2026-08-18 10:59:19
3028,7,55,4,Foggy,0,2026-08-18 11:10:19
3029,10,36,4,Foggy,0,2026-08-18 11:21:19
3030,5,32,4,Overcast,0,2026-08-18 11:32:19
3031,7,15,3,Clear,0,2026-08-18 11:43:19
3032,8,44,5,Hot,0,2026-08-18 11:54:19
3033,12,32,3,Overcast,0,2026-08-18 12:05:19
3034,3,53,5,Clear,0,2026-08-18 12:16:19
3035,8,29,1,Rainy,0,2026-08-18 12:27:19
3036,1,46,5,Hot,0,2026-08-18 12:38:19
3037,12,36,3,Rainy,0,2026-08-18 12:49:19
3038,9,36,4,Clear,0,2026-08-18 13:00:19
3039,1,12,0,Hot,0,2026-08-18 13:11:19
3040,6,46,4,Foggy,0,2026-08-18 13:22:19
3041,6,62,3,Clear,0,2026-08-18 13:33:19
3042,7,41,3,Clear,0,2026-08-18 13:44:19
3043,7,52,5,Clear,0,2026-08-18 13:55:19
3044,12,27,2,Foggy,0,2026-08-18 14:06:19
3045,9,53,2,Clear,0,2026-08-18 14:17:19
3046,2,46,5,Hot,0,2026-08-18 14:28:19
3047,2,7,3,Hot,0,2026-08-18 14:39:19
3048,12,36,3,Rainy,0,2026-08-18 14:50:19
3049,9,39,2,Foggy,0,2026-08-18 15:01:19
3050,4,26,2,Clear,0,2026-08-18 15:12:19
3051,10,45,5,Rainy,0,2026-08-18 15:23:19
3052,9,42,5,Clear,0,2026-08-18 15:34:19
3053,1,43,2,Clear,0,2026-08-18 15:45:19
3054,11,25,3,Clear,0,2026-08-18 15:56:19
3055,12,30,4,Overcast,0,2026-08-18 16:07:19
3056,5,18,3,Clear,0,2026-08-18 16:18:19
3057,2,50,2,Overcast,0,2026-08-18 16:29:19
3058,4,47,4,Rainy,0,2026-08-18 16:40:19
3059,5,5,1,Foggy,0,2026-08-18 16:51:19
3060,3,93,4,Rainy,1,2026-08-18 17:02:19
3061,11,99,15,Foggy,1,2026-08-18 17:13:19
3062,8,107,11,Overcast,1,2026-08-18 17:24:19
3063,9,81,6,Overcast,1,2026-08-18 17:35:19
3064,9,91,19,Foggy,1,2026-08-18 17:46:19
3065,1,96,11,Clear,1,2026-08-18 17:57:19
3066,11,105,16,Foggy,1,2026-08-18 18:08:19
3067,8,90,13,Clear,1,2026-08-18 18:19:19
3068,8,106,12,Rainy,1,2026-08-18 18:30:19
3069,10,85,9,Hot,1,2026-08-18 18:41:19
3070,4,81,9,Hot,1,2026-08-18 18:52:19
3071,3,102,13,Hot,1,2026-08-18 19:03:19
3072,8,74,15,Clear,1,2026-08-18 19:14:19
3073,11,95,6,Foggy,1,2026-08-18 19:25:19
3074,9,76,12,Rainy,1,2026-08-18 19:36:19
3075,11,120,12,Rainy,1,2026-08-18 19:47:19
3076,5,87,10,Overcast,1,2026-08-18 19:58:19
3077,1,69,6,Overcast,0,2026-08-18 20:09:19
3078,9,15,3,Rainy,0,2026-08-18 20:20:19
3079,7,34,4,Clear,0,2026-08-18 20:31:19
3080,1,38,4,Clear,0,2026-08-18 20:42:19
3081,3,12,0,Hot,0,2026-08-18 20:53:19
3082,12,56,5,Hot,0,2026-08-18 21:04:19
3083,2,21,1,Foggy,0,2026-08-18 21:15:19
3084,7,29,2,Overcast,0,2026-08-18 21:26:19
3085,8,31,1,Overcast,0,2026-08-18 21:37:19
3086,10,45,5,Clear,0,2026-08-18 21:48:19
3087,10,31,3,Rainy,0,2026-08-18 21:59:19
3088,8,45,5,Foggy,0,2026-08-18 22:10:19
3089,11,12,0,Foggy,0,2026-08-18 22:21:19
3090,8,22,2,Hot,0,2026-08-18 22:32:19
3091,2,42,5,Rainy,0,2026-08-18 22:43:19
3092,2,44,5,Rainy,0,2026-08-18 22:54:19
3093,11,32,4,Rainy,0,2026-08-18 23:05:19
3094,4,36,1,Rainy,0,2026-08-18 23:16:19
3095,6,16,2,Rainy,0,2026-08-18 23:27:19
3096,5,34,2,Clear,0,2026-08-18 23:38:19
3097,2,10,2,Rainy,0,2026-08-18 23:49:19
3098,6,37,2,Foggy,0,2026-08-19 00:00:19
3099,7,25,4,Foggy,0,2026-08-19 00:11:19
3100,5,32,2,Foggy,0,2026-08-19 00:22:19
3101,9,44,5,Rainy,0,2026-08-19 00:33:19
3102,10,34,2,Clear,0,2026-08-19 00:44:19
3103,8,7,0,Hot,0,2026-08-19 00:55:19
3104,11,11,0,Foggy,0,2026-08-19 01:06:19
3105,3,28,4,Overcast,0,2026-08-19 01:17:19
3106,6,39,1,Rainy,0,2026-08-19 01:28:19
3107,10,49,2,Foggy,0,2026-08-19 01:39:19
3108,1,40,4,Foggy,0,2026-08-19 01:50:19
3109,7,45,3,Clear,0,2026-08-19 02:01:19
3110,11,42,2,Overcast,0,2026-08-19 02:12:19
3111,3,54,5,Foggy,0,2026-08-19 02:23:19
3112,12,21,2,Overcast,0,2026-08-19 02:34:19
3113,7,46,3,Foggy,0,2026-08-19 02:45:19
3114,9,22,4,Foggy,0,2026-08-19 02:56:19
3115,10,36,1,Clear,0,2026-08-19 03:07:19
3116,4,19,2,Foggy,0,2026-08-19 03:18:19
3117,12,49,3,Overcast,0,2026-08-19 03:29:19
3118,5,46,4,Overcast,0,2026-08-19 03:40:19
3119,5,28,1,Overcast,0,2026-08-19 03:51:19
3120,9,53,4,Rainy,0,2026-08-19 04:02:19
3121,9,34,2,Rainy,0,2026-08-19 04:13:19
3122,3,13,0,Hot,0,2026-08-19 04:24:19
3123,8,39,4,Clear,0,2026-08-19 04:35:19
3124,12,30,3,Overcast,0,2026-08-19 04:46:19
3125,8,37,4,Hot,0,2026-08-19 04:57:19
3126,8,27,2,Clear,0,2026-08-19 05:08:19
3127,7,19,0,Rainy,0,2026-08-19 05:19:19
3128,7,28,4,Overcast,0,2026-08-19 05:30:19
3129,12,24,1,Overcast,0,2026-08-19 05:41:19
3130,6,48,5,Foggy,0,2026-08-19 05:52:19
3131,8,29,2,Foggy,0,2026-08-19 06:03:19
3132,8,32,3,Rainy,0,2026-08-19 06:14:19
3133,1,31,3,Foggy,0,2026-08-19 06:25:19
3134,1,13,3,Rainy,0,2026-08-19 06:36:19
3135,3,37,2,Foggy,0,2026-08-19 06:47:19
3136,6,35,3,Foggy,0,2026-08-19 06:58:19
3137,5,120,20,Overcast,1,2026-08-19 07:09:19
3138,2,98,16,Foggy,1,2026-08-19 07:20:19
3139,2,114,9,Hot,1,2026-08-19 07:31:19
3140,10,102,8,Foggy,1,2026-08-19 07:42:19
3141,2,109,6,Hot,1,2026-08-19 07:53:19
3142,7,85,18,Clear,1,2026-08-19 08:04:19
3143,1,101,13,Foggy,1,2026-08-19 08:15:19
3144,6,82,12,Hot,1,2026-08-19 08:26:19
3145,5,107,16,Overcast,1,2026-08-19 08:37:19
3146,3,110,17,Hot,1,2026-08-19 08:48:19
3147,3,111,11,Clear,1,2026-08-19 08:59:19
3148,11,110,7,Foggy,1,2026-08-19 09:10:19
3149,6,88,10,Foggy,1,2026-08-19 09:21:19
3150,11,93,13,Hot,1,2026-08-19 09:32:19
3151,8,100,13,Rainy,1,2026-08-19 09:43:19
3152,2,86,17,Overcast,1,2026-08-19 09:54:19
3153,2,38,1,Clear,0,2026-08-19 10:05:19
3154,12,57,5,Rainy,0,2026-08-19 10:16:19
3155,9,28,3,Clear,0,2026-08-19 10:27:19
3156,8,29,1,Overcast,0,2026-08-19 10:38:19
3157,11,44,2,Rainy,0,2026-08-19 10:49:19
3158,8,44,3,Rainy,0,2026-08-19 11:00:19
3159,9,21,4,Clear,0,2026-08-19 11:11:19
3160,7,28,4,Hot,0,2026-08-19 11:22:19
3161,5,51,4,Rainy,0,2026-08-19 11:33:19
3162,1,41,5,Overcast,0,2026-08-19 11:44:19
3163,7,25,3,Foggy,0,2026-08-19 11:55:19
3164,5,29,3,Rainy,0,2026-08-19 12:06:19
3165,9,44,3,Overcast,0,2026-08-19 12:17:19
3166,2,28,2,Foggy,0,2026-08-19 12:28:19
3167,7,33,1,Rainy,0,2026-08-19 12:39:19
3168,9,42,5,Rainy,0,2026-08-19 12:50:19
3169,6,47,5,Hot,0,2026-08-19 13:01:19
3170,3,34,3,Clear,0,2026-08-19 13:12:19
3171,2,54,2,Clear,0,2026-08-19 13:23:19
3172,12,33,3,Hot,0,2026-08-19 13:34:19
3173,3,29,2,Clear,0,2026-08-19 13:45:19
3174,1,33,1,Hot,0,2026-08-19 13:56:19
3175,6,22,3,Hot,0,2026-08-19 14:07:19
3176,8,40,4,Rainy,0,2026-08-19 14:18:19
3177,12,39,4,Clear,0,2026-08-19 14:29:19
3178,12,35,3,Hot,0,2026-08-19 14:40:19
3179,6,36,1,Hot,0,2026-08-19 14:51:19
3180,12,26,1,Foggy,0,2026-08-19 15:02:19
3181,11,51,2,Hot,0,2026-08-19 15:13:19
3182,5,32,3,Clear,0,2026-08-19 15:24:19
3183,10,13,3,Overcast,0,2026-08-19 15:35:19
3184,8,55,4,Clear,0,2026-08-19 15:46:19
3185,8,33,2,Clear,0,2026-08-19 15:57:19
3186,4,33,2,Foggy,0,2026-08-19 16:08:19
3187,11,31,4,Hot,0,2026-08-19 16:19:19
3188,1,15,2,Rainy,0,2026-08-19 16:30:19
3189,9,41,4,Hot,0,2026-08-19 16:41:19
3190,3,18,1,Foggy,0,2026-08-19 16:52:19
3191,6,90,4,Rainy,1,2026-08-19 17:03:19
3192,5,99,11,Hot,1,2026-08-19 17:14:19
3193,3,88,15,Overcast,1,2026-08-19 17:25:19
3194,4,81,19,Clear,1,2026-08-19 17:36:19
3195,5,115,9,Clear,1,2026-08-19 17:47:19
3196,10,66,17,Foggy,1,2026-08-19 17:58:19
3197,9,104,13,Clear,1,2026-08-19 18:09:19
3198,6,100,10,Clear,1,2026-08-19 18:20:19
3199,11,92,13,Hot,1,2026-08-19 18:31:19
3200,3,88,4,Overcast,1,2026-08-19 18:42:19
3201,4,105,20,Hot,1,2026-08-19 18:53:19
3202,8,110,20,Foggy,1,2026-08-19 19:04:19
3203,5,80,18,Clear,1,2026-08-19 19:15:19
3204,5,120,20,Overcast,1,2026-08-19 19:26:19
3205,9,94,6,Hot,1,2026-08-19 19:37:19
3206,8,89,19,Overcast,1,2026-08-19 19:48:19
3207,5,77,16,Foggy,1,2026-08-19 19:59:19
3208,12,26,3,Clear,0,2026-08-19 20:10:19
3209,7,38,2,Foggy,0,2026-08-19 20:21:19
3210,7,23,4,Clear,0,2026-08-19 20:32:19
3211,1,26,3,Foggy,0,2026-08-19 20:43:19
3212,1,12,0,Clear,0,2026-08-19 20:54:19
3213,9,41,3,Foggy,0,2026-08-19 21:05:19
3214,12,40,3,Hot,0,2026-08-19 21:16:19
3215,11,44,5,Clear,0,2026-08-19 21:27:19
3216,12,21,2,Rainy,0,2026-08-19 21:38:19
3217,8,47,3,Clear,0,2026-08-19 21:49:19
3218,12,21,1,Clear,0,2026-08-19 22:00:19
3219,3,43,2,Overcast,0,2026-08-19 22:11:19
3220,8,40,3,Hot,0,2026-08-19 22:22:19
3221,2,25,3,Clear,0,2026-08-19 22:33:19
3222,8,33,2,Overcast,0,2026-08-19 22:44:19
3223,10,49,4,Clear,0,2026-08-19 22:55:19
3224,10,46,5,Foggy,0,2026-08-19 23:06:19
3225,11,17,0,Hot,0,2026-08-19 23:17:19
3226,3,39,4,Overcast,0,2026-08-19 23:28:19
3227,1,33,3,Foggy,0,2026-08-19 23:39:19
3228,9,18,2,Rainy,0,2026-08-19 23:50:19
3229,12,67,6,Overcast,0,2026-08-20 00:01:19
3230,7,27,3,Foggy,0,2026-08-20 00:12:19
3231,11,19,0,Hot,0,2026-08-20 00:23:19
3232,8,34,4,Rainy,0,2026-08-20 00:34:19
3233,8,44,3,Foggy,0,2026-08-20 00:45:19
3234,1,53,2,Foggy,0,2026-08-20 00:56:19
3235,11,23,3,Overcast,0,2026-08-20 01:07:19
3236,6,11,1,Overcast,0,2026-08-20 01:18:19
3237,3,37,3,Foggy,0,2026-08-20 01:29:19
3238,5,30,1,Overcast,0,2026-08-20 01:40:19
3239,6,12,0,Foggy,0,2026-08-20 01:51:19
3240,12,24,1,Clear,0,2026-08-20 02:02:19
3241,5,29,1,Hot,0,2026-08-20 02:13:19
3242,11,16,3,Clear,0,2026-08-20 02:24:19
3243,10,12,2,Clear,0,2026-08-20 02:35:19
3244,3,43,5,Clear,0,2026-08-20 02:46:19
3245,5,20,2,Overcast,0,2026-08-20 02:57:19
3246,2,34,2,Hot,0,2026-08-20 03:08:19
3247,2,42,2,Clear,0,2026-08-20 03:19:19
3248,9,42,3,Clear,0,2026-08-20 03:30:19
3249,2,37,3,Clear,0,2026-08-20 03:41:19
3250,12,47,2,Hot,0,2026-08-20 03:52:19
3251,8,27,4,Clear,0,2026-08-20 04:03:19
3252,10,32,2,Overcast,0,2026-08-20 04:14:19
3253,4,38,2,Foggy,0,2026-08-20 04:25:19
3254,7,33,4,Rainy,0,2026-08-20 04:36:19
3255,10,27,4,Foggy,0,2026-08-20 04:47:19
3256,5,23,4,Overcast,0,2026-08-20 04:58:19
3257,5,5,0,Overcast,0,2026-08-20 05:09:19
3258,2,23,2,Clear,0,2026-08-20 05:20:19
3259,3,37,2,Foggy,0,2026-08-20 05:31:19
3260,11,58,5,Hot,0,2026-08-20 05:42:19
3261,7,19,1,Overcast,0,2026-08-20 05:53:19
3262,12,25,3,Overcast,0,2026-08-20 06:04:19
3263,8,52,3,Overcast,0,2026-08-20 06:15:19
3264,9,33,4,Overcast,0,2026-08-20 06:26:19
3265,12,33,3,Rainy,0,2026-08-20 06:37:19
3266,3,69,3,Overcast,0,2026-08-20 06:48:19
3267,9,65,3,Rainy,0,2026-08-20 06:59:19
3268,1,88,4,Rainy,1,2026-08-20 07:10:19
3269,3,85,11,Rainy,1,2026-08-20 07:21:19
3270,12,99,4,Hot,1,2026-08-20 07:32:19
3271,2,120,15,Clear,1,2026-08-20 07:43:19
3272,1,76,12,Rainy,1,2026-08-20 07:54:19
3273,11,110,13,Foggy,1,2026-08-20 08:05:19
3274,6,95,4,Foggy,1,2026-08-20 08:16:19
3275,6,97,19,Clear,1,2026-08-20 08:27:19
3276,6,86,8,Clear,1,2026-08-20 08:38:19
3277,3,95,9,Hot,1,2026-08-20 08:49:19
3278,4,98,6,Clear,1,2026-08-20 09:00:19
3279,7,82,12,Clear,1,2026-08-20 09:11:19
3280,1,88,6,Rainy,1,2026-08-20 09:22:19
3281,11,120,21,Overcast,1,2026-08-20 09:33:19
3282,12,85,9,Hot,1,2026-08-20 09:44:19
3283,10,120,20,Overcast,1,2026-08-20 09:55:19
3284,6,33,3,Foggy,0,2026-08-20 10:06:19
3285,1,26,4,Rainy,0,2026-08-20 10:17:19
3286,8,32,1,Hot,0,2026-08-20 10:28:19
3287,5,58,3,Clear,0,2026-08-20 10:39:19
3288,8,37,1,Rainy,0,2026-08-20 10:50:19
3289,6,34,1,Foggy,0,2026-08-20 11:01:19
3290,10,39,1,Hot,0,2026-08-20 11:12:19
3291,7,34,1,Clear,0,2026-08-20 11:23:19
3292,10,36,1,Clear,0,2026-08-20 11:34:19
3293,12,41,4,Overcast,0,2026-08-20 11:45:19
3294,2,31,1,Clear,0,2026-08-20 11:56:19
3295,8,45,2,Clear,0,2026-08-20 12:07:19
3296,10,40,4,Overcast,0,2026-08-20 12:18:19
3297,12,46,5,Rainy,0,2026-08-20 12:29:19
3298,8,51,3,Foggy,0,2026-08-20 12:40:19
3299,9,58,4,Overcast,0,2026-08-20 12:51:19
3300,3,31,3,Clear,0,2026-08-20 13:02:19
3301,9,39,2,Foggy,0,2026-08-20 13:13:19
3302,11,34,1,Clear,0,2026-08-20 13:24:19
3303,5,45,3,Rainy,0,2026-08-20 13:35:19
3304,5,24,2,Foggy,0,2026-08-20 13:46:19
3305,2,18,3,Foggy,0,2026-08-20 13:57:19
3306,12,23,3,Overcast,0,2026-08-20 14:08:19
3307,10,48,2,Clear,0,2026-08-20 14:19:19
3308,6,41,5,Rainy,0,2026-08-20 14:30:19
3309,3,50,2,Hot,0,2026-08-20 14:41:19
3310,3,44,4,Overcast,0,2026-08-20 14:52:19
3311,11,50,4,Hot,0,2026-08-20 15:03:19
3312,1,18,1,Hot,0,2026-08-20 15:14:19
3313,9,47,2,Clear,0,2026-08-20 15:25:19
3314,9,34,1,Hot,0,2026-08-20 15:36:19
3315,10,17,2,Overcast,0,2026-08-20 15:47:19
3316,12,26,1,Rainy,0,2026-08-20 15:58:19
3317,7,29,1,Hot,0,2026-08-20 16:09:19
3318,5,5,1,Clear,0,2026-08-20 16:20:19
3319,5,20,2,Clear,0,2026-08-20 16:31:19
3320,2,10,0,Hot,0,2026-08-20 16:42:19
3321,4,18,2,Overcast,0,2026-08-20 16:53:19
3322,3,118,9,Rainy,1,2026-08-20 17:04:19
3323,7,107,12,Hot,1,2026-08-20 17:15:19
3324,4,94,4,Foggy,1,2026-08-20 17:26:19
3325,9,100,6,Hot,1,2026-08-20 17:37:19
3326,1,100,15,Hot,1,2026-08-20 17:48:19
3327,4,80,17,Rainy,1,2026-08-20 17:59:19
3328,7,101,10,Overcast,1,2026-08-20 18:10:19
3329,5,82,6,Overcast,1,2026-08-20 18:21:19
3330,8,113,15,Overcast,1,2026-08-20 18:32:19
3331,6,97,18,Rainy,1,2026-08-20 18:43:19
3332,1,92,6,Hot,1,2026-08-20 18:54:19
3333,2,108,11,Rainy,1,2026-08-20 19:05:19
3334,8,73,5,Rainy,1,2026-08-20 19:16:19
3335,8,108,13,Rainy,1,2026-08-20 19:27:19
3336,11,109,14,Clear,1,2026-08-20 19:38:19
3337,2,99,17,Clear,1,2026-08-20 19:49:19
3338,8,60,4,Overcast,0,2026-08-20 20:00:19
3339,8,47,5,Foggy,0,2026-08-20 20:11:19
3340,1,39,2,Hot,0,2026-08-20 20:22:19
3341,2,40,5,Rainy,0,2026-08-20 20:33:19
3342,6,38,1,Clear,0,2026-08-20 20:44:19
3343,1,8,1,Overcast,0,2026-08-20 20:55:19
3344,2,19,1,Foggy,0,2026-08-20 21:06:19
3345,11,31,4,Foggy,0,2026-08-20 21:17:19
3346,11,32,1,Hot,0,2026-08-20 21:28:19
3347,4,30,2,Foggy,0,2026-08-20 21:39:19
3348,7,35,1,Foggy,0,2026-08-20 21:50:19
3349,2,31,2,Foggy,0,2026-08-20 22:01:19
3350,3,32,2,Hot,0,2026-08-20 22:12:19
3351,2,31,4,Rainy,0,2026-08-20 22:23:19
3352,8,5,2,Hot,0,2026-08-20 22:34:19
3353,8,42,2,Overcast,0,2026-08-20 22:45:19
3354,10,31,1,Clear,0,2026-08-20 22:56:19
3355,4,19,2,Rainy,0,2026-08-20 23:07:19
3356,4,45,2,Foggy,0,2026-08-20 23:18:19
3357,8,39,4,Overcast,0,2026-08-20 23:29:19
3358,4,10,3,Overcast,0,2026-08-20 23:40:19
3359,6,51,2,Clear,0,2026-08-20 23:51:19
3360,9,42,3,Foggy,0,2026-08-21 00:02:19
3361,1,38,2,Overcast,0,2026-08-21 00:13:19
3362,4,29,1,Overcast,0,2026-08-21 00:24:19
3363,8,22,2,Overcast,0,2026-08-21 00:35:19
3364,9,24,2,Foggy,0,2026-08-21 00:46:19
3365,4,11,1,Overcast,0,2026-08-21 00:57:19
3366,8,41,3,Foggy,0,2026-08-21 01:08:19
3367,6,22,1,Hot,0,2026-08-21 01:19:19
3368,7,44,2,Rainy,0,2026-08-21 01:30:19
3369,9,47,5,Hot,0,2026-08-21 01:41:19
3370,2,22,1,Overcast,0,2026-08-21 01:52:19
3371,9,31,4,Overcast,0,2026-08-21 02:03:19
3372,11,47,5,Clear,0,2026-08-21 02:14:19
3373,10,33,2,Foggy,0,2026-08-21 02:25:19
3374,8,27,1,Foggy,0,2026-08-21 02:36:19
3375,7,29,2,Overcast,0,2026-08-21 02:47:19
3376,4,5,3,Rainy,0,2026-08-21 02:58:19
3377,10,61,5,Overcast,0,2026-08-21 03:09:19
3378,1,41,3,Clear,0,2026-08-21 03:20:19
3379,1,5,1,Clear,0,2026-08-21 03:31:19
3380,11,12,0,Clear,0,2026-08-21 03:42:19
3381,3,45,2,Clear,0,2026-08-21 03:53:19
3382,10,42,3,Rainy,0,2026-08-21 04:04:19
3383,8,26,1,Foggy,0,2026-08-21 04:15:19
3384,5,45,5,Hot,0,2026-08-21 04:26:19
3385,11,48,5,Foggy,0,2026-08-21 04:37:19
3386,4,37,2,Clear,0,2026-08-21 04:48:19
3387,8,18,2,Hot,0,2026-08-21 04:59:19
3388,7,58,4,Clear,0,2026-08-21 05:10:19
3389,2,49,2,Clear,0,2026-08-21 05:21:19
3390,4,33,1,Overcast,0,2026-08-21 05:32:19
3391,8,30,2,Hot,0,2026-08-21 05:43:19
3392,9,20,1,Clear,0,2026-08-21 05:54:19
3393,12,16,1,Hot,0,2026-08-21 06:05:19
3394,2,28,3,Clear,0,2026-08-21 06:16:19
3395,8,37,2,Overcast,0,2026-08-21 06:27:19
3396,4,53,5,Hot,0,2026-08-21 06:38:19
3397,11,30,3,Rainy,0,2026-08-21 06:49:19
3398,7,120,10,Foggy,1,2026-08-21 07:00:19
3399,8,104,12,Rainy,1,2026-08-21 07:11:19
3400,7,86,15,Rainy,1,2026-08-21 07:22:19
3401,10,95,13,Foggy,1,2026-08-21 07:33:19
3402,8,120,19,Clear,1,2026-08-21 07:44:19
3403,10,106,16,Overcast,1,2026-08-21 07:55:19
3404,8,96,15,Foggy,1,2026-08-21 08:06:19
3405,2,110,9,Rainy,1,2026-08-21 08:17:19
3406,5,120,10,Foggy,1,2026-08-21 08:28:19
3407,5,78,8,Clear,1,2026-08-21 08:39:19
3408,7,110,16,Overcast,1,2026-08-21 08:50:19
3409,5,80,8,Clear,1,2026-08-21 09:01:19
3410,3,105,16,Clear,1,2026-08-21 09:12:19
3411,1,112,18,Overcast,1,2026-08-21 09:23:19
3412,7,97,17,Rainy,1,2026-08-21 09:34:19
3413,8,115,19,Overcast,1,2026-08-21 09:45:19
3414,6,71,18,Hot,1,2026-08-21 09:56:19
3415,4,39,4,Foggy,0,2026-08-21 10:07:19
3416,6,24,2,Rainy,0,2026-08-21 10:18:19
3417,11,29,1,Hot,0,2026-08-21 10:29:19
3418,3,48,5,Rainy,0,2026-08-21 10:40:19
3419,6,8,1,Overcast,0,2026-08-21 10:51:19
3420,2,5,0,Hot,0,2026-08-21 11:02:19
3421,7,13,1,Foggy,0,2026-08-21 11:13:19
3422,9,20,2,Rainy,0,2026-08-21 11:24:19
3423,6,46,4,Clear,0,2026-08-21 11:35:19
3424,12,52,3,Rainy,0,2026-08-21 11:46:19
3425,11,34,4,Overcast,0,2026-08-21 11:57:19
3426,6,49,4,Hot,0,2026-08-21 12:08:19
3427,6,65,4,Rainy,0,2026-08-21 12:19:19
3428,3,9,1,Overcast,0,2026-08-21 12:30:19
3429,7,29,3,Clear,0,2026-08-21 12:41:19
3430,12,36,1,Rainy,0,2026-08-21 12:52:19
3431,3,41,3,Rainy,0,2026-08-21 13:03:19
3432,10,61,6,Clear,0,2026-08-21 13:14:19
3433,5,32,1,Hot,0,2026-08-21 13:25:19
3434,12,22,4,Hot,0,2026-08-21 13:36:19
3435,1,24,1,Rainy,0,2026-08-21 13:47:19
3436,4,44,3,Clear,0,2026-08-21 13:58:19
3437,7,41,2,Overcast,0,2026-08-21 14:09:19
3438,3,54,4,Overcast,0,2026-08-21 14:20:19
3439,8,32,4,Hot,0,2026-08-21 14:31:19
3440,7,47,5,Overcast,0,2026-08-21 14:42:19
3441,4,32,1,Hot,0,2026-08-21 14:53:19
3442,6,44,5,Hot,0,2026-08-21 15:04:19
3443,8,45,5,Foggy,0,2026-08-21 15:15:19
3444,1,44,3,Overcast,0,2026-08-21 15:26:19
3445,5,33,4,Clear,0,2026-08-21 15:37:19
3446,12,35,2,Rainy,0,2026-08-21 15:48:19
3447,4,7,3,Overcast,0,2026-08-21 15:59:19
3448,2,15,2,Foggy,0,2026-08-21 16:10:19
3449,8,27,4,Foggy,0,2026-08-21 16:21:19
3450,9,26,4,Overcast,0,2026-08-21 16:32:19
3451,5,28,2,Hot,0,2026-08-21 16:43:19
3452,12,40,3,Foggy,0,2026-08-21 16:54:19
3453,11,118,18,Overcast,1,2026-08-21 17:05:19
3454,2,76,11,Rainy,1,2026-08-21 17:16:19
3455,7,88,7,Hot,1,2026-08-21 17:27:19
3456,9,115,7,Rainy,1,2026-08-21 17:38:19
3457,7,85,11,Rainy,1,2026-08-21 17:49:19
3458,2,107,14,Rainy,1,2026-08-21 18:00:19
3459,4,115,7,Clear,1,2026-08-21 18:11:19
3460,1,120,14,Hot,1,2026-08-21 18:22:19
3461,4,80,18,Foggy,1,2026-08-21 18:33:19
3462,7,104,14,Rainy,1,2026-08-21 18:44:19
3463,7,79,4,Clear,1,2026-08-21 18:55:19
3464,6,104,8,Foggy,1,2026-08-21 19:06:19
3465,12,82,18,Clear,1,2026-08-21 19:17:19
3466,11,70,13,Foggy,1,2026-08-21 19:28:19
3467,1,118,12,Rainy,1,2026-08-21 19:39:19
3468,3,112,9,Foggy,1,2026-08-21 19:50:19
3469,7,12,0,Clear,0,2026-08-21 20:01:19
3470,6,38,3,Clear,0,2026-08-21 20:12:19
3471,12,53,5,Rainy,0,2026-08-21 20:23:19
3472,3,54,4,Hot,0,2026-08-21 20:34:19
3473,9,19,3,Clear,0,2026-08-21 20:45:19
3474,9,12,3,Overcast,0,2026-08-21 20:56:19
3475,7,49,5,Rainy,0,2026-08-21 21:07:19
3476,10,24,1,Clear,0,2026-08-21 21:18:19
3477,10,54,4,Foggy,0,2026-08-21 21:29:19
3478,10,35,2,Hot,0,2026-08-21 21:40:19
3479,3,60,3,Rainy,0,2026-08-21 21:51:19
3480,11,46,3,Rainy,0,2026-08-21 22:02:19
3481,10,25,3,Clear,0,2026-08-21 22:13:19
3482,3,25,4,Clear,0,2026-08-21 22:24:19
3483,11,36,2,Overcast,0,2026-08-21 22:35:19
3484,5,33,4,Foggy,0,2026-08-21 22:46:19
3485,12,52,3,Hot,0,2026-08-21 22:57:19
3486,5,23,1,Foggy,0,2026-08-21 23:08:19
3487,11,41,5,Hot,0,2026-08-21 23:19:19
3488,11,33,3,Rainy,0,2026-08-21 23:30:19
3489,11,48,3,Foggy,0,2026-08-21 23:41:19
3490,6,14,0,Foggy,0,2026-08-21 23:52:19
3491,11,28,2,Foggy,0,2026-08-22 00:03:19
3492,7,36,1,Rainy,0,2026-08-22 00:14:19
3493,4,29,4,Clear,0,2026-08-22 00:25:19
3494,11,27,3,Overcast,0,2026-08-22 00:36:19
3495,4,49,4,Overcast,0,2026-08-22 00:47:19
3496,5,26,4,Foggy,0,2026-08-22 00:58:19
3497,3,7,1,Overcast,0,2026-08-22 01:09:19
3498,11,62,6,Hot,0,2026-08-22 01:20:19
3499,1,8,2,Hot,0,2026-08-22 01:31:19
3500,2,25,3,Hot,0,2026-08-22 01:42:19
3501,3,44,3,Hot,0,2026-08-22 01:53:19
3502,2,47,2,Rainy,0,2026-08-22 02:04:19
3503,8,33,2,Hot,0,2026-08-22 02:15:19
3504,4,36,1,Rainy,0,2026-08-22 02:26:19
3505,9,48,2,Rainy,0,2026-08-22 02:37:19
3506,1,41,4,Clear,0,2026-08-22 02:48:19
3507,2,26,4,Overcast,0,2026-08-22 02:59:19
3508,4,25,3,Overcast,0,2026-08-22 03:10:19
3509,2,40,5,Rainy,0,2026-08-22 03:21:19
3510,12,45,4,Rainy,0,2026-08-22 03:32:19
3511,2,19,2,Clear,0,2026-08-22 03:43:19
3512,10,39,2,Overcast,0,2026-08-22 03:54:19
3513,3,42,3,Hot,0,2026-08-22 04:05:19
3514,9,23,3,Rainy,0,2026-08-22 04:16:19
3515,6,23,2,Foggy,0,2026-08-22 04:27:19
3516,4,49,4,Clear,0,2026-08-22 04:38:19
3517,3,39,2,Overcast,0,2026-08-22 04:49:19
3518,4,20,3,Clear,0,2026-08-22 05:00:19
3519,9,41,5,Foggy,0,2026-08-22 05:11:19
3520,3,12,0,Overcast,0,2026-08-22 05:22:19
3521,5,29,2,Foggy,0,2026-08-22 05:33:19
3522,8,41,4,Hot,0,2026-08-22 05:44:19
3523,2,33,4,Foggy,0,2026-08-22 05:55:19
3524,10,24,3,Clear,0,2026-08-22 06:06:19
3525,3,43,5,Foggy,0,2026-08-22 06:17:19
3526,9,43,4,Rainy,0,2026-08-22 06:28:19
3527,9,32,4,Foggy,0,2026-08-22 06:39:19
3528,3,52,2,Rainy,0,2026-08-22 06:50:19
3529,1,94,15,Overcast,1,2026-08-22 07:01:19
3530,5,120,13,Foggy,1,2026-08-22 07:12:19
3531,8,96,15,Clear,1,2026-08-22 07:23:19
3532,7,98,18,Overcast,1,2026-08-22 07:34:19
3533,5,84,9,Foggy,1,2026-08-22 07:45:19
3534,10,99,16,Rainy,1,2026-08-22 07:56:19
3535,9,110,11,Clear,1,2026-08-22 08:07:19
3536,4,90,12,Hot,1,2026-08-22 08:18:19
3537,2,118,12,Hot,1,2026-08-22 08:29:19
3538,1,69,5,Rainy,1,2026-08-22 08:40:19
3539,12,87,9,Hot,1,2026-08-22 08:51:19
3540,1,105,12,Rainy,1,2026-08-22 09:02:19
3541,7,107,17,Foggy,1,2026-08-22 09:13:19
3542,6,114,19,Hot,1,2026-08-22 09:24:19
3543,2,97,6,Foggy,1,2026-08-22 09:35:19
3544,11,90,13,Rainy,1,2026-08-22 09:46:19
3545,2,87,18,Hot,1,2026-08-22 09:57:19
3546,9,22,1,Overcast,0,2026-08-22 10:08:19
3547,7,24,4,Clear,0,2026-08-22 10:19:19
3548,5,17,3,Clear,0,2026-08-22 10:30:19
3549,2,45,2,Clear,0,2026-08-22 10:41:19
3550,6,47,3,Hot,0,2026-08-22 10:52:19
3551,1,42,4,Foggy,0,2026-08-22 11:03:19
3552,12,37,2,Foggy,0,2026-08-22 11:14:19
3553,6,47,4,Hot,0,2026-08-22 11:25:19
3554,10,40,3,Rainy,0,2026-08-22 11:36:19
3555,5,58,2,Clear,0,2026-08-22 11:47:19
3556,10,29,1,Overcast,0,2026-08-22 11:58:19
3557,10,48,2,Hot,0,2026-08-22 12:09:19
3558,5,37,3,Overcast,0,2026-08-22 12:20:19
3559,6,17,3,Clear,0,2026-08-22 12:31:19
3560,9,10,0,Hot,0,2026-08-22 12:42:19
3561,10,11,0,Overcast,0,2026-08-22 12:53:19
3562,1,8,0,Overcast,0,2026-08-22 13:04:19
3563,2,49,3,Clear,0,2026-08-22 13:15:19
3564,1,26,2,Clear,0,2026-08-22 13:26:19
3565,12,46,4,Clear,0,2026-08-22 13:37:19
3566,3,25,4,Foggy,0,2026-08-22 13:48:19
3567,6,23,2,Hot,0,2026-08-22 13:59:19
3568,1,56,2,Hot,0,2026-08-22 14:10:19
3569,3,47,2,Overcast,0,2026-08-22 14:21:19
3570,4,20,4,Foggy,0,2026-08-22 14:32:19
3571,12,38,4,Overcast,0,2026-08-22 14:43:19
3572,7,20,2,Hot,0,2026-08-22 14:54:19
3573,3,37,3,Hot,0,2026-08-22 15:05:19
3574,10,31,3,Clear,0,2026-08-22 15:16:19
3575,4,66,5,Clear,0,2026-08-22 15:27:19
3576,6,32,4,Rainy,0,2026-08-22 15:38:19
3577,12,34,1,Hot,0,2026-08-22 15:49:19
3578,1,49,4,Hot,0,2026-08-22 16:00:19
3579,3,22,3,Foggy,0,2026-08-22 16:11:19
3580,7,9,2,Clear,0,2026-08-22 16:22:19
3581,1,12,2,Hot,0,2026-08-22 16:33:19
3582,2,6,1,Overcast,0,2026-08-22 16:44:19
3583,4,28,1,Clear,0,2026-08-22 16:55:19
3584,2,87,16,Clear,1,2026-08-22 17:06:19
3585,9,98,16,Overcast,1,2026-08-22 17:17:19
3586,11,81,10,Hot,1,2026-08-22 17:28:19
3587,7,92,17,Clear,1,2026-08-22 17:39:19
3588,2,111,13,Rainy,1,2026-08-22 17:50:19
3589,9,93,15,Clear,1,2026-08-22 18:01:19
3590,8,89,10,Overcast,1,2026-08-22 18:12:19
3591,4,111,9,Hot,1,2026-08-22 18:23:19
3592,5,103,10,Hot,1,2026-08-22 18:34:19
3593,5,79,10,Foggy,1,2026-08-22 18:45:19
3594,2,108,14,Overcast,1,2026-08-22 18:56:19
3595,4,90,7,Foggy,1,2026-08-22 19:07:19
3596,12,88,11,Hot,1,2026-08-22 19:18:19
3597,4,93,18,Foggy,1,2026-08-22 19:29:19
3598,8,103,16,Overcast,1,2026-08-22 19:40:19
3599,10,77,4,Clear,1,2026-08-22 19:51:19
3600,5,21,1,Clear,0,2026-08-22 20:02:19
3601,3,16,3,Foggy,0,2026-08-22 20:13:19
3602,1,22,1,Rainy,0,2026-08-22 20:24:19
3603,10,57,4,Hot,0,2026-08-22 20:35:19
3604,2,35,1,Rainy,0,2026-08-22 20:46:19
3605,6,23,1,Foggy,0,2026-08-22 20:57:19
3606,4,20,1,Clear,0,2026-08-22 21:08:19
3607,12,29,1,Overcast,0,2026-08-22 21:19:19
3608,12,55,2,Foggy,0,2026-08-22 21:30:19
3609,4,33,2,Clear,0,2026-08-22 21:41:19
3610,10,13,3,Overcast,0,2026-08-22 21:52:19
3611,10,20,3,Rainy,0,2026-08-22 22:03:19
3612,3,62,3,Rainy,0,2026-08-22 22:14:19
3613,11,18,2,Overcast,0,2026-08-22 22:25:19
3614,2,51,3,Overcast,0,2026-08-22 22:36:19
3615,8,43,2,Foggy,0,2026-08-22 22:47:19
3616,11,37,1,Foggy,0,2026-08-22 22:58:19
3617,3,5,3,Clear,0,2026-08-22 23:09:19
3618,9,22,3,Hot,0,2026-08-22 23:20:19
3619,2,30,2,Foggy,0,2026-08-22 23:31:19
3620,2,31,3,Rainy,0,2026-08-22 23:42:19
3621,7,48,5,Overcast,0,2026-08-22 23:53:19
3622,11,20,2,Overcast,0,2026-08-23 00:04:19
3623,2,22,3,Hot,0,2026-08-23 00:15:19
3624,4,13,2,Hot,0,2026-08-23 00:26:19
3625,3,17,0,Clear,0,2026-08-23 00:37:19
3626,5,10,1,Foggy,0,2026-08-23 00:48:19
3627,3,24,1,Clear,0,2026-08-23 00:59:19
3628,6,24,4,Rainy,0,2026-08-23 01:10:19
3629,1,28,1,Clear,0,2026-08-23 01:21:19
3630,10,32,2,Rainy,0,2026-08-23 01:32:19
3631,5,33,2,Clear,0,2026-08-23 01:43:19
3632,7,33,1,Clear,0,2026-08-23 01:54:19
3633,8,12,0,Overcast,0,2026-08-23 02:05:19
3634,1,29,1,Hot,0,2026-08-23 02:16:19
3635,8,44,2,Rainy,0,2026-08-23 02:27:19
3636,5,34,1,Hot,0,2026-08-23 02:38:19
3637,1,30,3,Overcast,0,2026-08-23 02:49:19
3638,5,57,5,Hot,0,2026-08-23 03:00:19
3639,6,25,1,Foggy,0,2026-08-23 03:11:19
3640,9,37,3,Clear,0,2026-08-23 03:22:19
3641,6,46,5,Overcast,0,2026-08-23 03:33:19
3642,12,31,1,Foggy,0,2026-08-23 03:44:19
3643,1,32,2,Foggy,0,2026-08-23 03:55:19
3644,6,15,2,Clear,0,2026-08-23 04:06:19
3645,6,47,4,Clear,0,2026-08-23 04:17:19
3646,10,51,2,Clear,0,2026-08-23 04:28:19
3647,11,70,3,Clear,0,2026-08-23 04:39:19
3648,5,7,3,Hot,0,2026-08-23 04:50:19
3649,8,54,4,Foggy,0,2026-08-23 05:01:19
3650,11,39,4,Hot,0,2026-08-23 05:12:19
3651,8,14,0,Hot,0,2026-08-23 05:23:19
3652,5,42,3,Hot,0,2026-08-23 05:34:19
3653,3,29,2,Hot,0,2026-08-23 05:45:19
3654,6,68,5,Overcast,0,2026-08-23 05:56:19
3655,5,19,2,Overcast,0,2026-08-23 06:07:19
3656,7,39,1,Foggy,0,2026-08-23 06:18:19
3657,5,29,1,Overcast,0,2026-08-23 06:29:19
3658,10,23,2,Hot,0,2026-08-23 06:40:19
3659,5,19,1,Rainy,0,2026-08-23 06:51:19
3660,5,79,14,Rainy,1,2026-08-23 07:02:19
3661,11,90,17,Overcast,1,2026-08-23 07:13:19
3662,4,99,6,Overcast,1,2026-08-23 07:24:19
3663,1,114,17,Foggy,1,2026-08-23 07:35:19
3664,7,115,13,Foggy,1,2026-08-23 07:46:19
3665,3,90,11,Foggy,1,2026-08-23 07:57:19
3666,8,82,12,Overcast,1,2026-08-23 08:08:19
3667,3,89,15,Hot,1,2026-08-23 08:19:19
3668,12,92,16,Clear,1,2026-08-23 08:30:19
3669,7,68,12,Rainy,1,2026-08-23 08:41:19
3670,8,83,17,Foggy,1,2026-08-23 08:52:19
3671,4,92,4,Rainy,1,2026-08-23 09:03:19
3672,1,113,7,Foggy,1,2026-08-23 09:14:19
3673,5,84,5,Foggy,1,2026-08-23 09:25:19
3674,10,80,17,Overcast,1,2026-08-23 09:36:19
3675,5,92,6,Clear,1,2026-08-23 09:47:19
3676,11,91,14,Rainy,1,2026-08-23 09:58:19
3677,8,14,3,Hot,0,2026-08-23 10:09:19
3678,10,5,2,Hot,0,2026-08-23 10:20:19
3679,6,33,4,Overcast,0,2026-08-23 10:31:19
3680,12,33,3,Rainy,0,2026-08-23 10:42:19
3681,9,44,2,Foggy,0,2026-08-23 10:53:19
3682,12,37,3,Rainy,0,2026-08-23 11:04:19
3683,10,5,1,Clear,0,2026-08-23 11:15:19
3684,6,11,2,Clear,0,2026-08-23 11:26:19
3685,2,44,4,Foggy,0,2026-08-23 11:37:19
3686,1,55,3,Clear,0,2026-08-23 11:48:19
3687,5,29,4,Foggy,0,2026-08-23 11:59:19
3688,4,55,3,Overcast,0,2026-08-23 12:10:19
3689,3,41,4,Rainy,0,2026-08-23 12:21:19
3690,11,25,3,Hot,0,2026-08-23 12:32:19
3691,1,24,2,Clear,0,2026-08-23 12:43:19
3692,3,44,5,Foggy,0,2026-08-23 12:54:19
3693,6,19,1,Rainy,0,2026-08-23 13:05:19
3694,4,50,3,Foggy,0,2026-08-23 13:16:19
3695,2,50,3,Clear,0,2026-08-23 13:27:19
3696,7,40,4,Clear,0,2026-08-23 13:38:19
3697,4,20,2,Overcast,0,2026-08-23 13:49:19
3698,6,52,4,Overcast,0,2026-08-23 14:00:19
3699,8,19,2,Clear,0,2026-08-23 14:11:19
3700,6,31,4,Overcast,0,2026-08-23 14:22:19
3701,10,31,3,Hot,0,2026-08-23 14:33:19
3702,7,23,2,Foggy,0,2026-08-23 14:44:19
3703,11,26,1,Clear,0,2026-08-23 14:55:19
3704,11,22,3,Rainy,0,2026-08-23 15:06:19
3705,12,24,1,Foggy,0,2026-08-23 15:17:19
3706,10,15,3,Clear,0,2026-08-23 15:28:19
3707,6,43,4,Rainy,0,2026-08-23 15:39:19
3708,1,13,2,Hot,0,2026-08-23 15:50:19
3709,11,36,1,Hot,0,2026-08-23 16:01:19
3710,6,6,0,Clear,0,2026-08-23 16:12:19
3711,6,22,1,Overcast,0,2026-08-23 16:23:19
3712,9,30,2,Overcast,0,2026-08-23 16:34:19
3713,9,40,4,Rainy,0,2026-08-23 16:45:19
3714,8,15,0,Hot,0,2026-08-23 16:56:19
3715,7,71,15,Clear,1,2026-08-23 17:07:19
3716,2,88,8,Clear,1,2026-08-23 17:18:19
3717,7,85,18,Overcast,1,2026-08-23 17:29:19
3718,1,85,15,Foggy,1,2026-08-23 17:40:19
3719,2,85,18,Clear,1,2026-08-23 17:51:19
3720,2,95,6,Overcast,1,2026-08-23 18:02:19
3721,1,118,9,Hot,1,2026-08-23 18:13:19
3722,8,120,21,Overcast,1,2026-08-23 18:24:19
3723,12,65,12,Overcast,1,2026-08-23 18:35:19
3724,12,78,12,Clear,1,2026-08-23 18:46:19
3725,7,112,11,Hot,1,2026-08-23 18:57:19
3726,2,72,11,Hot,1,2026-08-23 19:08:19
3727,3,103,11,Hot,1,2026-08-23 19:19:19
3728,11,84,6,Rainy,1,2026-08-23 19:30:19
3729,9,99,17,Overcast,1,2026-08-23 19:41:19
3730,7,58,13,Clear,1,2026-08-23 19:52:19
3731,1,24,3,Clear,0,2026-08-23 20:03:19
3732,11,56,5,Clear,0,2026-08-23 20:14:19
3733,3,31,3,Overcast,0,2026-08-23 20:25:19
3734,11,31,1,Overcast,0,2026-08-23 20:36:19
3735,10,42,5,Clear,0,2026-08-23 20:47:19
3736,8,12,2,Rainy,0,2026-08-23 20:58:19
3737,9,39,2,Overcast,0,2026-08-23 21:09:19
3738,12,7,3,Hot,0,2026-08-23 21:20:19
3739,6,34,4,Clear,0,2026-08-23 21:31:19
3740,11,19,1,Foggy,0,2026-08-23 21:42:19
3741,6,49,3,Overcast,0,2026-08-23 21:53:19
3742,11,15,0,Foggy,0,2026-08-23 22:04:19
3743,2,13,2,Hot,0,2026-08-23 22:15:19
3744,6,53,2,Clear,0,2026-08-23 22:26:19
3745,12,5,2,Rainy,0,2026-08-23 22:37:19
3746,12,28,4,Hot,0,2026-08-23 22:48:19
3747,6,45,2,Clear,0,2026-08-23 22:59:19
3748,12,19,3,Foggy,0,2026-08-23 23:10:19
3749,12,22,1,Hot,0,2026-08-23 23:21:19
3750,7,12,0,Hot,0,2026-08-23 23:32:19
3751,8,52,5,Clear,0,2026-08-23 23:43:19
3752,6,14,1,Hot,0,2026-08-23 23:54:19
3753,11,32,1,Overcast,0,2026-08-24 00:05:19
3754,4,21,4,Rainy,0,2026-08-24 00:16:19
3755,5,30,2,Rainy,0,2026-08-24 00:27:19
3756,11,26,4,Overcast,0,2026-08-24 00:38:19
3757,7,37,3,Hot,0,2026-08-24 00:49:19
3758,12,38,2,Rainy,0,2026-08-24 01:00:19
3759,10,39,1,Rainy,0,2026-08-24 01:11:19
3760,10,28,3,Hot,0,2026-08-24 01:22:19
3761,3,32,1,Clear,0,2026-08-24 01:33:19
3762,12,40,2,Hot,0,2026-08-24 01:44:19
3763,5,34,2,Foggy,0,2026-08-24 01:55:19
3764,11,15,0,Clear,0,2026-08-24 02:06:19
3765,8,19,0,Hot,0,2026-08-24 02:17:19
3766,7,30,2,Hot,0,2026-08-24 02:28:19
3767,8,45,3,Foggy,0,2026-08-24 02:39:19
3768,9,36,3,Hot,0,2026-08-24 02:50:19
3769,8,44,5,Hot,0,2026-08-24 03:01:19
3770,9,51,2,Clear,0,2026-08-24 03:12:19
3771,10,39,3,Rainy,0,2026-08-24 03:23:19
3772,4,49,2,Hot,0,2026-08-24 03:34:19
3773,1,57,3,Rainy,0,2026-08-24 03:45:19
3774,8,14,2,Clear,0,2026-08-24 03:56:19
3775,2,39,4,Foggy,0,2026-08-24 04:07:19
3776,12,26,2,Clear,0,2026-08-24 04:18:19
3777,10,31,2,Rainy,0,2026-08-24 04:29:19
3778,4,25,1,Foggy,0,2026-08-24 04:40:19
3779,4,37,1,Rainy,0,2026-08-24 04:51:19
3780,3,47,4,Clear,0,2026-08-24 05:02:19
3781,10,41,5,Overcast,0,2026-08-24 05:13:19
3782,5,34,4,Foggy,0,2026-08-24 05:24:19
3783,8,38,4,Clear,0,2026-08-24 05:35:19
3784,6,30,1,Overcast,0,2026-08-24 05:46:19
3785,7,36,1,Hot,0,2026-08-24 05:57:19
3786,5,36,1,Rainy,0,2026-08-24 06:08:19
3787,1,20,4,Clear,0,2026-08-24 06:19:19
3788,6,58,3,Clear,0,2026-08-24 06:30:19
3789,5,22,3,Hot,0,2026-08-24 06:41:19
3790,2,16,0,Clear,0,2026-08-24 06:52:19
3791,4,97,13,Rainy,1,2026-08-24 07:03:19
3792,8,119,18,Foggy,1,2026-08-24 07:14:19
3793,1,107,12,Overcast,1,2026-08-24 07:25:19
3794,3,100,8,Overcast,1,2026-08-24 07:36:19
3795,11,94,16,Overcast,1,2026-08-24 07:47:19
3796,12,91,14,Hot,1,2026-08-24 07:58:19
3797,11,99,4,Hot,1,2026-08-24 08:09:19
3798,4,69,8,Clear,1,2026-08-24 08:20:19
3799,6,71,9,Clear,1,2026-08-24 08:31:19
3800,3,120,15,Clear,1,2026-08-24 08:42:19
3801,5,113,15,Clear,1,2026-08-24 08:53:19
3802,5,96,5,Foggy,1,2026-08-24 09:04:19
3803,7,95,12,Overcast,1,2026-08-24 09:15:19
3804,11,111,16,Overcast,1,2026-08-24 09:26:19
3805,7,101,15,Overcast,1,2026-08-24 09:37:19
3806,6,86,19,Rainy,1,2026-08-24 09:48:19
3807,1,90,14,Foggy,1,2026-08-24 09:59:19
3808,5,25,4,Overcast,0,2026-08-24 10:10:19
3809,1,21,2,Overcast,0,2026-08-24 10:21:19
3810,1,31,4,Clear,0,2026-08-24 10:32:19
3811,1,23,3,Foggy,0,2026-08-24 10:43:19
3812,9,40,4,Rainy,0,2026-08-24 10:54:19
3813,5,45,3,Foggy,0,2026-08-24 11:05:19
3814,11,68,3,Foggy,0,2026-08-24 11:16:19
3815,5,5,0,Clear,0,2026-08-24 11:27:19
3816,2,48,2,Overcast,0,2026-08-24 11:38:19
3817,1,23,4,Overcast,0,2026-08-24 11:49:19
3818,1,25,1,Foggy,0,2026-08-24 12:00:19
3819,9,20,4,Foggy,0,2026-08-24 12:11:19
3820,8,37,4,Rainy,0,2026-08-24 12:22:19
3821,3,13,0,Hot,0,2026-08-24 12:33:19
3822,9,50,5,Foggy,0,2026-08-24 12:44:19
3823,5,38,1,Rainy,0,2026-08-24 12:55:19
3824,3,42,4,Clear,0,2026-08-24 13:06:19
3825,10,41,2,Clear,0,2026-08-24 13:17:19
3826,8,13,1,Rainy,0,2026-08-24 13:28:19
3827,5,27,1,Hot,0,2026-08-24 13:39:19
3828,4,22,2,Hot,0,2026-08-24 13:50:19
3829,3,37,1,Clear,0,2026-08-24 14:01:19
3830,3,71,4,Rainy,0,2026-08-24 14:12:19
3831,1,41,3,Clear,0,2026-08-24 14:23:19
3832,12,5,0,Foggy,0,2026-08-24 14:34:19
3833,11,23,1,Overcast,0,2026-08-24 14:45:19
3834,5,11,3,Rainy,0,2026-08-24 14:56:19
3835,11,24,4,Clear,0,2026-08-24 15:07:19
3836,10,45,5,Foggy,0,2026-08-24 15:18:19
3837,9,70,5,Hot,0,2026-08-24 15:29:19
3838,6,31,4,Foggy,0,2026-08-24 15:40:19
3839,8,33,4,Clear,0,2026-08-24 15:51:19
3840,1,35,3,Rainy,0,2026-08-24 16:02:19
3841,8,48,4,Hot,0,2026-08-24 16:13:19
3842,2,54,4,Clear,0,2026-08-24 16:24:19
3843,8,27,4,Rainy,0,2026-08-24 16:35:19
3844,4,41,2,Rainy,0,2026-08-24 16:46:19
3845,5,15,1,Foggy,0,2026-08-24 16:57:19
3846,11,69,17,Hot,1,2026-08-24 17:08:19
3847,4,88,7,Overcast,1,2026-08-24 17:19:19
3848,8,108,16,Rainy,1,2026-08-24 17:30:19
3849,8,82,10,Rainy,1,2026-08-24 17:41:19
3850,2,104,10,Overcast,1,2026-08-24 17:52:19
3851,6,75,8,Clear,1,2026-08-24 18:03:19
3852,3,93,19,Rainy,1,2026-08-24 18:14:19
3853,3,75,11,Overcast,1,2026-08-24 18:25:19
3854,8,96,7,Foggy,1,2026-08-24 18:36:19
3855,6,105,14,Foggy,1,2026-08-24 18:47:19
3856,5,100,16,Clear,1,2026-08-24 18:58:19
3857,1,82,7,Rainy,1,2026-08-24 19:09:19
3858,4,90,7,Clear,1,2026-08-24 19:20:19
3859,9,75,5,Clear,1,2026-08-24 19:31:19
3860,3,120,21,Foggy,1,2026-08-24 19:42:19
3861,4,97,18,Hot,1,2026-08-24 19:53:19
3862,4,44,2,Overcast,0,2026-08-24 20:04:19
3863,6,54,5,Overcast,0,2026-08-24 20:15:19
3864,12,36,4,Hot,0,2026-08-24 20:26:19
3865,12,40,3,Rainy,0,2026-08-24 20:37:19
3866,9,37,4,Rainy,0,2026-08-24 20:48:19
3867,4,29,4,Clear,0,2026-08-24 20:59:19
3868,2,37,2,Rainy,0,2026-08-24 21:10:19
3869,8,35,3,Hot,0,2026-08-24 21:21:19
3870,6,52,3,Rainy,0,2026-08-24 21:32:19
3871,2,37,2,Clear,0,2026-08-24 21:43:19
3872,1,30,3,Rainy,0,2026-08-24 21:54:19
3873,3,30,1,Clear,0,2026-08-24 22:05:19
3874,2,26,2,Rainy,0,2026-08-24 22:16:19
3875,5,73,4,Clear,0,2026-08-24 22:27:19
3876,11,39,1,Clear,0,2026-08-24 22:38:19
3877,10,56,5,Rainy,0,2026-08-24 22:49:19
3878,8,18,0,Foggy,0,2026-08-24 23:00:19
3879,12,35,4,Foggy,0,2026-08-24 23:11:19
3880,5,36,4,Hot,0,2026-08-24 23:22:19
3881,9,32,4,Overcast,0,2026-08-24 23:33:19
3882,3,53,4,Overcast,0,2026-08-24 23:44:19
3883,7,29,4,Foggy,0,2026-08-24 23:55:19
3884,11,26,2,Rainy,0,2026-08-25 00:06:19
3885,5,21,4,Hot,0,2026-08-25 00:17:19
3886,3,36,1,Foggy,0,2026-08-25 00:28:19
3887,10,28,4,Rainy,0,2026-08-25 00:39:19
3888,10,31,3,Rainy,0,2026-08-25 00:50:19
3889,5,30,1,Foggy,0,2026-08-25 01:01:19
3890,6,21,2,Overcast,0,2026-08-25 01:12:19
3891,8,43,5,Clear,0,2026-08-25 01:23:19
3892,5,44,5,Foggy,0,2026-08-25 01:34:19
3893,11,49,4,Hot,0,2026-08-25 01:45:19
3894,3,20,1,Overcast,0,2026-08-25 01:56:19
3895,5,37,3,Clear,0,2026-08-25 02:07:19
3896,12,14,3,Clear,0,2026-08-25 02:18:19
3897,1,25,3,Clear,0,2026-08-25 02:29:19
3898,4,22,3,Foggy,0,2026-08-25 02:40:19
3899,11,5,3,Hot,0,2026-08-25 02:51:19
3900,6,49,5,Overcast,0,2026-08-25 03:02:19
3901,3,20,1,Foggy,0,2026-08-25 03:13:19
3902,7,50,2,Hot,0,2026-08-25 03:24:19
3903,10,21,2,Clear,0,2026-08-25 03:35:19
3904,11,36,4,Rainy,0,2026-08-25 03:46:19
3905,5,18,0,Hot,0,2026-08-25 03:57:19
3906,11,39,1,Rainy,0,2026-08-25 04:08:19
3907,11,5,1,Hot,0,2026-08-25 04:19:19
3908,1,36,1,Hot,0,2026-08-25 04:30:19
3909,10,17,2,Foggy,0,2026-08-25 04:41:19
3910,1,50,3,Rainy,0,2026-08-25 04:52:19
3911,8,23,2,Foggy,0,2026-08-25 05:03:19
3912,7,40,3,Foggy,0,2026-08-25 05:14:19
3913,5,24,2,Rainy,0,2026-08-25 05:25:19
3914,2,5,1,Rainy,0,2026-08-25 05:36:19
3915,11,22,1,Clear,0,2026-08-25 05:47:19
3916,11,48,2,Rainy,0,2026-08-25 05:58:19
3917,11,23,4,Hot,0,2026-08-25 06:09:19
3918,6,14,1,Clear,0,2026-08-25 06:20:19
3919,2,24,2,Hot,0,2026-08-25 06:31:19
3920,7,14,2,Clear,0,2026-08-25 06:42:19
3921,4,24,4,Overcast,0,2026-08-25 06:53:19
3922,12,102,6,Rainy,1,2026-08-25 07:04:19
3923,9,80,7,Foggy,1,2026-08-25 07:15:19
3924,10,63,13,Overcast,1,2026-08-25 07:26:19
3925,5,107,10,Clear,1,2026-08-25 07:37:19
3926,2,95,10,Hot,1,2026-08-25 07:48:19
3927,12,98,16,Hot,1,2026-08-25 07:59:19
3928,3,108,12,Foggy,1,2026-08-25 08:10:19
3929,2,83,5,Overcast,1,2026-08-25 08:21:19
3930,6,86,7,Overcast,1,2026-08-25 08:32:19
3931,10,120,13,Rainy,1,2026-08-25 08:43:19
3932,8,82,10,Foggy,1,2026-08-25 08:54:19
3933,3,76,11,Foggy,1,2026-08-25 09:05:19
3934,7,98,14,Foggy,1,2026-08-25 09:16:19
3935,4,110,8,Foggy,1,2026-08-25 09:27:19
3936,12,95,9,Clear,1,2026-08-25 09:38:19
3937,1,82,17,Overcast,1,2026-08-25 09:49:19
3938,10,35,2,Rainy,0,2026-08-25 10:00:19
3939,2,39,3,Overcast,0,2026-08-25 10:11:19
3940,3,36,3,Rainy,0,2026-08-25 10:22:19
3941,8,42,5,Overcast,0,2026-08-25 10:33:19
3942,9,49,4,Rainy,0,2026-08-25 10:44:19
3943,7,20,2,Foggy,0,2026-08-25 10:55:19
3944,11,31,1,Hot,0,2026-08-25 11:06:19
3945,10,26,3,Overcast,0,2026-08-25 11:17:19
3946,12,17,0,Overcast,0,2026-08-25 11:28:19
3947,3,23,4,Overcast,0,2026-08-25 11:39:19
3948,10,13,1,Hot,0,2026-08-25 11:50:19
3949,3,45,4,Foggy,0,2026-08-25 12:01:19
3950,4,23,2,Overcast,0,2026-08-25 12:12:19
3951,6,25,3,Overcast,0,2026-08-25 12:23:19
3952,10,47,2,Rainy,0,2026-08-25 12:34:19
3953,3,17,0,Foggy,0,2026-08-25 12:45:19
3954,4,31,2,Rainy,0,2026-08-25 12:56:19
3955,5,20,4,Foggy,0,2026-08-25 13:07:19
3956,12,30,2,Overcast,0,2026-08-25 13:18:19
3957,11,44,2,Clear,0,2026-08-25 13:29:19
3958,8,5,1,Rainy,0,2026-08-25 13:40:19
3959,12,10,1,Overcast,0,2026-08-25 13:51:19
3960,4,10,2,Hot,0,2026-08-25 14:02:19
3961,4,18,0,Clear,0,2026-08-25 14:13:19
3962,1,32,3,Rainy,0,2026-08-25 14:24:19
3963,5,35,2,Hot,0,2026-08-25 14:35:19
3964,1,31,1,Overcast,0,2026-08-25 14:46:19
3965,11,15,1,Hot,0,2026-08-25 14:57:19
3966,5,41,4,Overcast,0,2026-08-25 15:08:19
3967,12,45,5,Rainy,0,2026-08-25 15:19:19
3968,7,22,4,Overcast,0,2026-08-25 15:30:19
3969,8,35,3,Hot,0,2026-08-25 15:41:19
3970,11,45,4,Foggy,0,2026-08-25 15:52:19
3971,7,28,4,Clear,0,2026-08-25 16:03:19
3972,3,33,1,Clear,0,2026-08-25 16:14:19
3973,10,15,0,Overcast,0,2026-08-25 16:25:19
3974,8,69,5,Overcast,0,2026-08-25 16:36:19
3975,7,45,3,Clear,0,2026-08-25 16:47:19
3976,6,41,5,Hot,0,2026-08-25 16:58:19
3977,2,92,12,Foggy,1,2026-08-25 17:09:19
3978,9,95,16,Hot,1,2026-08-25 17:20:19
3979,9,77,4,Rainy,1,2026-08-25 17:31:19
3980,11,94,14,Rainy,1,2026-08-25 17:42:19
3981,10,97,15,Overcast,1,2026-08-25 17:53:19
3982,3,87,4,Overcast,1,2026-08-25 18:04:19
3983,10,99,7,Foggy,1,2026-08-25 18:15:19
3984,4,120,21,Rainy,1,2026-08-25 18:26:19
3985,8,105,11,Rainy,1,2026-08-25 18:37:19
3986,2,85,13,Clear,1,2026-08-25 18:48:19
3987,4,96,19,Clear,1,2026-08-25 18:59:19
3988,1,98,19,Rainy,1,2026-08-25 19:10:19
3989,4,78,15,Rainy,1,2026-08-25 19:21:19
3990,10,107,10,Hot,1,2026-08-25 19:32:19
3991,6,109,13,Rainy,1,2026-08-25 19:43:19
3992,11,88,6,Clear,1,2026-08-25 19:54:19
3993,4,49,4,Clear,0,2026-08-25 20:05:19
3994,7,37,1,Overcast,0,2026-08-25 20:16:19
3995,11,27,1,Overcast,0,2026-08-25 20:27:19
3996,5,5,3,Overcast,0,2026-08-25 20:38:19
3997,5,32,4,Overcast,0,2026-08-25 20:49:19
3998,3,42,3,Foggy,0,2026-08-25 21:00:19
3999,7,42,4,Hot,0,2026-08-25 21:11:19
4000,7,5,1,Rainy,0,2026-08-25 21:22:19
4001,1,33,3,Hot,0,2026-08-25 21:33:19
4002,4,58,4,Hot,0,2026-08-25 21:44:19
4003,7,10,1,Rainy,0,2026-08-25 21:55:19
4004,11,28,2,Rainy,0,2026-08-25 22:06:19
4005,7,43,5,Foggy,0,2026-08-25 22:17:19
4006,5,43,3,Clear,0,2026-08-25 22:28:19
4007,11,41,5,Overcast,0,2026-08-25 22:39:19
4008,1,14,3,Overcast,0,2026-08-25 22:50:19
4009,1,32,4,Clear,0,2026-08-25 23:01:19
4010,2,16,0,Foggy,0,2026-08-25 23:12:19
4011,6,5,1,Clear,0,2026-08-25 23:23:19
4012,11,39,2,Clear,0,2026-08-25 23:34:19
4013,9,28,4,Foggy,0,2026-08-25 23:45:19
4014,9,35,3,Rainy,0,2026-08-25 23:56:19
4015,7,34,4,Foggy,0,2026-08-26 00:07:19
4016,7,39,4,Hot,0,2026-08-26 00:18:19
4017,1,43,4,Rainy,0,2026-08-26 00:29:19
4018,6,29,3,Overcast,0,2026-08-26 00:40:19
4019,7,51,5,Clear,0,2026-08-26 00:51:19
4020,5,41,5,Clear,0,2026-08-26 01:02:19
4021,6,5,3,Foggy,0,2026-08-26 01:13:19
4022,8,36,4,Rainy,0,2026-08-26 01:24:19
4023,2,21,2,Foggy,0,2026-08-26 01:35:19
4024,1,56,5,Clear,0,2026-08-26 01:46:19
4025,1,52,4,Rainy,0,2026-08-26 01:57:19
4026,12,30,4,Foggy,0,2026-08-26 02:08:19
4027,11,6,2,Clear,0,2026-08-26 02:19:19
4028,1,35,4,Foggy,0,2026-08-26 02:30:19
4029,1,40,2,Hot,0,2026-08-26 02:41:19
4030,9,23,2,Hot,0,2026-08-26 02:52:19
4031,11,10,1,Rainy,0,2026-08-26 03:03:19
4032,7,34,2,Clear,0,2026-08-26 03:14:19
4033,9,19,3,Foggy,0,2026-08-26 03:25:19
4034,8,39,1,Clear,0,2026-08-26 03:36:19
4035,12,36,1,Rainy,0,2026-08-26 03:47:19
4036,11,38,4,Overcast,0,2026-08-26 03:58:19
4037,10,46,4,Foggy,0,2026-08-26 04:09:19
4038,2,38,2,Foggy,0,2026-08-26 04:20:19
4039,8,36,1,Clear,0,2026-08-26 04:31:19
4040,4,24,1,Hot,0,2026-08-26 04:42:19
4041,7,33,1,Overcast,0,2026-08-26 04:53:19
4042,7,53,3,Hot,0,2026-08-26 05:04:19
4043,4,41,4,Overcast,0,2026-08-26 05:15:19
4044,9,33,3,Clear,0,2026-08-26 05:26:19
4045,3,18,3,Clear,0,2026-08-26 05:37:19
4046,3,32,3,Foggy,0,2026-08-26 05:48:19
4047,8,31,3,Foggy,0,2026-08-26 05:59:19
4048,7,48,4,Overcast,0,2026-08-26 06:10:19
4049,5,46,5,Hot,0,2026-08-26 06:21:19
4050,10,35,4,Foggy,0,2026-08-26 06:32:19
4051,11,12,2,Overcast,0,2026-08-26 06:43:19
4052,5,32,3,Overcast,0,2026-08-26 06:54:19
4053,11,99,7,Clear,1,2026-08-26 07:05:19
4054,9,84,18,Rainy,1,2026-08-26 07:16:19
4055,5,95,13,Hot,1,2026-08-26 07:27:19
4056,3,101,15,Foggy,1,2026-08-26 07:38:19
4057,12,109,10,Foggy,1,2026-08-26 07:49:19
4058,1,90,12,Foggy,1,2026-08-26 08:00:19
4059,6,72,16,Hot,1,2026-08-26 08:11:19
4060,10,116,13,Foggy,1,2026-08-26 08:22:19
4061,7,118,17,Rainy,1,2026-08-26 08:33:19
4062,8,95,10,Rainy,1,2026-08-26 08:44:19
4063,1,99,5,Foggy,1,2026-08-26 08:55:19
4064,5,97,11,Clear,1,2026-08-26 09:06:19
4065,2,102,10,Clear,1,2026-08-26 09:17:19
4066,6,83,14,Clear,1,2026-08-26 09:28:19
4067,8,88,9,Foggy,1,2026-08-26 09:39:19
4068,4,119,11,Overcast,1,2026-08-26 09:50:19
4069,6,22,2,Overcast,0,2026-08-26 10:01:19
4070,9,31,3,Overcast,0,2026-08-26 10:12:19
4071,5,41,2,Foggy,0,2026-08-26 10:23:19
4072,2,5,1,Foggy,0,2026-08-26 10:34:19
4073,10,66,3,Overcast,0,2026-08-26 10:45:19
4074,3,37,3,Overcast,0,2026-08-26 10:56:19
4075,6,39,4,Overcast,0,2026-08-26 11:07:19
4076,6,42,5,Overcast,0,2026-08-26 11:18:19
4077,7,40,3,Rainy,0,2026-08-26 11:29:19
4078,5,24,2,Overcast,0,2026-08-26 11:40:19
4079,2,37,1,Overcast,0,2026-08-26 11:51:19
4080,6,26,2,Rainy,0,2026-08-26 12:02:19
4081,1,23,2,Hot,0,2026-08-26 12:13:19
4082,5,42,3,Rainy,0,2026-08-26 12:24:19
4083,1,36,1,Foggy,0,2026-08-26 12:35:19
4084,9,25,2,Foggy,0,2026-08-26 12:46:19
4085,2,27,2,Clear,0,2026-08-26 12:57:19
4086,12,39,4,Foggy,0,2026-08-26 13:08:19
4087,3,26,2,Clear,0,2026-08-26 13:19:19
4088,7,46,2,Foggy,0,2026-08-26 13:30:19
4089,7,15,0,Clear,0,2026-08-26 13:41:19
4090,5,34,4,Overcast,0,2026-08-26 13:52:19
4091,1,39,4,Hot,0,2026-08-26 14:03:19
4092,9,38,2,Rainy,0,2026-08-26 14:14:19
4093,9,33,1,Overcast,0,2026-08-26 14:25:19
4094,4,50,3,Overcast,0,2026-08-26 14:36:19
4095,12,65,4,Foggy,0,2026-08-26 14:47:19
4096,9,56,2,Clear,0,2026-08-26 14:58:19
4097,3,46,5,Hot,0,2026-08-26 15:09:19
4098,12,59,4,Rainy,0,2026-08-26 15:20:19
4099,2,58,5,Foggy,0,2026-08-26 15:31:19
4100,1,31,3,Overcast,0,2026-08-26 15:42:19
4101,5,26,3,Overcast,0,2026-08-26 15:53:19
4102,8,5,1,Hot,0,2026-08-26 16:04:19
4103,5,26,4,Hot,0,2026-08-26 16:15:19
4104,1,21,3,Overcast,0,2026-08-26 16:26:19
4105,5,42,5,Overcast,0,2026-08-26 16:37:19
4106,8,38,1,Clear,0,2026-08-26 16:48:19
4107,6,33,3,Rainy,0,2026-08-26 16:59:19
4108,10,92,4,Overcast,1,2026-08-26 17:10:19
4109,2,100,9,Overcast,1,2026-08-26 17:21:19
4110,12,114,17,Overcast,1,2026-08-26 17:32:19
4111,5,117,19,Overcast,1,2026-08-26 17:43:19
4112,8,82,5,Hot,1,2026-08-26 17:54:19
4113,4,88,12,Hot,1,2026-08-26 18:05:19
4114,5,72,18,Hot,1,2026-08-26 18:16:19
4115,7,97,8,Hot,1,2026-08-26 18:27:19
4116,10,105,11,Hot,1,2026-08-26 18:38:19
4117,9,100,10,Overcast,1,2026-08-26 18:49:19
4118,4,91,17,Overcast,1,2026-08-26 19:00:19
4119,4,76,12,Foggy,1,2026-08-26 19:11:19
4120,12,101,7,Rainy,1,2026-08-26 19:22:19
4121,6,93,11,Foggy,1,2026-08-26 19:33:19
4122,6,103,7,Hot,1,2026-08-26 19:44:19
4123,5,86,13,Clear,1,2026-08-26 19:55:19
4124,5,47,2,Rainy,0,2026-08-26 20:06:19
4125,12,42,4,Clear,0,2026-08-26 20:17:19
4126,11,53,3,Clear,0,2026-08-26 20:28:19
4127,2,43,4,Clear,0,2026-08-26 20:39:19
4128,11,55,3,Clear,0,2026-08-26 20:50:19
4129,11,38,4,Foggy,0,2026-08-26 21:01:19
4130,4,20,1,Rainy,0,2026-08-26 21:12:19
4131,2,32,4,Clear,0,2026-08-26 21:23:19
4132,10,5,3,Clear,0,2026-08-26 21:34:19
4133,4,42,4,Clear,0,2026-08-26 21:45:19
4134,11,47,5,Overcast,0,2026-08-26 21:56:19
4135,12,13,3,Overcast,0,2026-08-26 22:07:19
4136,3,46,5,Foggy,0,2026-08-26 22:18:19
4137,12,43,3,Overcast,0,2026-08-26 22:29:19
4138,2,58,4,Rainy,0,2026-08-26 22:40:19
4139,6,47,3,Rainy,0,2026-08-26 22:51:19
4140,7,38,4,Rainy,0,2026-08-26 23:02:19
4141,6,46,5,Hot,0,2026-08-26 23:13:19
4142,6,37,2,Clear,0,2026-08-26 23:24:19
4143,9,51,5,Rainy,0,2026-08-26 23:35:19
4144,1,29,1,Overcast,0,2026-08-26 23:46:19
4145,2,44,5,Overcast,0,2026-08-26 23:57:19
4146,11,23,4,Hot,0,2026-08-27 00:08:19
4147,12,27,4,Hot,0,2026-08-27 00:19:19
4148,3,33,2,Rainy,0,2026-08-27 00:30:19
4149,8,41,2,Overcast,0,2026-08-27 00:41:19
4150,7,50,4,Overcast,0,2026-08-27 00:52:19
4151,5,60,6,Foggy,0,2026-08-27 01:03:19
4152,2,25,1,Rainy,0,2026-08-27 01:14:19
4153,10,46,4,Overcast,0,2026-08-27 01:25:19
4154,8,33,4,Hot,0,2026-08-27 01:36:19
4155,4,35,4,Rainy,0,2026-08-27 01:47:19
4156,6,23,4,Rainy,0,2026-08-27 01:58:19
4157,10,36,3,Clear,0,2026-08-27 02:09:19
4158,11,34,4,Hot,0,2026-08-27 02:20:19
4159,9,18,0,Foggy,0,2026-08-27 02:31:19
4160,12,42,4,Foggy,0,2026-08-27 02:42:19
4161,7,9,3,Rainy,0,2026-08-27 02:53:19
4162,10,30,3,Clear,0,2026-08-27 03:04:19
4163,6,29,2,Overcast,0,2026-08-27 03:15:19
4164,6,19,3,Rainy,0,2026-08-27 03:26:19
4165,4,36,3,Clear,0,2026-08-27 03:37:19
4166,9,37,2,Overcast,0,2026-08-27 03:48:19
4167,12,42,4,Overcast,0,2026-08-27 03:59:19
4168,6,44,3,Clear,0,2026-08-27 04:10:19
4169,12,27,3,Hot,0,2026-08-27 04:21:19
4170,10,16,0,Rainy,0,2026-08-27 04:32:19
4171,3,47,3,Clear,0,2026-08-27 04:43:19
4172,7,35,2,Foggy,0,2026-08-27 04:54:19
4173,3,24,2,Foggy,0,2026-08-27 05:05:19
4174,6,19,0,Foggy,0,2026-08-27 05:16:19
4175,7,21,1,Foggy,0,2026-08-27 05:27:19
4176,2,39,4,Hot,0,2026-08-27 05:38:19
4177,6,57,2,Hot,0,2026-08-27 05:49:19
4178,1,34,2,Clear,0,2026-08-27 06:00:19
4179,5,35,3,Hot,0,2026-08-27 06:11:19
4180,9,24,1,Overcast,0,2026-08-27 06:22:19
4181,6,32,1,Rainy,0,2026-08-27 06:33:19
4182,7,33,3,Overcast,0,2026-08-27 06:44:19
4183,12,42,4,Foggy,0,2026-08-27 06:55:19
4184,5,108,15,Clear,1,2026-08-27 07:06:19
4185,11,108,5,Foggy,1,2026-08-27 07:17:19
4186,9,92,6,Hot,1,2026-08-27 07:28:19
4187,2,67,10,Rainy,1,2026-08-27 07:39:19
4188,1,105,19,Rainy,1,2026-08-27 07:50:19
4189,8,95,18,Overcast,1,2026-08-27 08:01:19
4190,6,82,19,Foggy,1,2026-08-27 08:12:19
4191,11,99,5,Hot,1,2026-08-27 08:23:19
4192,7,98,16,Foggy,1,2026-08-27 08:34:19
4193,7,81,7,Clear,1,2026-08-27 08:45:19
4194,2,89,7,Overcast,1,2026-08-27 08:56:19
4195,2,114,15,Hot,1,2026-08-27 09:07:19
4196,2,85,15,Overcast,1,2026-08-27 09:18:19
4197,7,120,6,Clear,1,2026-08-27 09:29:19
4198,12,70,17,Clear,1,2026-08-27 09:40:19
4199,11,97,11,Overcast,1,2026-08-27 09:51:19
4200,12,27,3,Foggy,0,2026-08-27 10:02:19
4201,5,40,2,Overcast,0,2026-08-27 10:13:19
4202,12,26,1,Hot,0,2026-08-27 10:24:19
4203,2,48,3,Rainy,0,2026-08-27 10:35:19
4204,9,33,4,Clear,0,2026-08-27 10:46:19
4205,6,39,4,Clear,0,2026-08-27 10:57:19
4206,5,40,2,Rainy,0,2026-08-27 11:08:19
4207,1,11,0,Foggy,0,2026-08-27 11:19:19
4208,2,40,5,Clear,0,2026-08-27 11:30:19
4209,11,59,5,Rainy,0,2026-08-27 11:41:19
4210,4,5,2,Rainy,0,2026-08-27 11:52:19
4211,2,43,5,Clear,0,2026-08-27 12:03:19
4212,7,48,2,Hot,0,2026-08-27 12:14:19
4213,10,38,2,Rainy,0,2026-08-27 12:25:19
4214,11,31,4,Overcast,0,2026-08-27 12:36:19
4215,3,23,3,Overcast,0,2026-08-27 12:47:19
4216,2,62,5,Overcast,0,2026-08-27 12:58:19
4217,11,5,3,Hot,0,2026-08-27 13:09:19
4218,2,30,4,Foggy,0,2026-08-27 13:20:19
4219,5,48,4,Clear,0,2026-08-27 13:31:19
4220,4,40,2,Rainy,0,2026-08-27 13:42:19
4221,2,50,5,Clear,0,2026-08-27 13:53:19
4222,6,26,4,Hot,0,2026-08-27 14:04:19
4223,1,31,2,Clear,0,2026-08-27 14:15:19
4224,11,33,3,Clear,0,2026-08-27 14:26:19
4225,8,52,4,Foggy,0,2026-08-27 14:37:19
4226,4,5,2,Clear,0,2026-08-27 14:48:19
4227,5,31,4,Rainy,0,2026-08-27 14:59:19
4228,9,45,3,Hot,0,2026-08-27 15:10:19
4229,5,32,4,Rainy,0,2026-08-27 15:21:19
4230,3,20,4,Hot,0,2026-08-27 15:32:19
4231,4,58,2,Hot,0,2026-08-27 15:43:19
4232,2,28,1,Clear,0,2026-08-27 15:54:19
4233,10,55,5,Overcast,0,2026-08-27 16:05:19
4234,12,29,2,Overcast,0,2026-08-27 16:16:19
4235,11,44,4,Rainy,0,2026-08-27 16:27:19
4236,2,28,2,Foggy,0,2026-08-27 16:38:19
4237,3,31,2,Foggy,0,2026-08-27 16:49:19
4238,1,106,9,Foggy,1,2026-08-27 17:00:19
4239,9,89,6,Clear,1,2026-08-27 17:11:19
4240,1,85,17,Rainy,1,2026-08-27 17:22:19
4241,12,94,5,Rainy,1,2026-08-27 17:33:19
4242,10,97,11,Rainy,1,2026-08-27 17:44:19
4243,6,97,12,Rainy,1,2026-08-27 17:55:19
4244,4,77,12,Hot,1,2026-08-27 18:06:19
4245,2,68,9,Clear,1,2026-08-27 18:17:19
4246,8,96,14,Foggy,1,2026-08-27 18:28:19
4247,8,93,11,Foggy,1,2026-08-27 18:39:19
4248,6,85,10,Overcast,1,2026-08-27 18:50:19
4249,10,65,12,Hot,1,2026-08-27 19:01:19
4250,3,85,18,Clear,1,2026-08-27 19:12:19
4251,11,74,11,Overcast,1,2026-08-27 19:23:19
4252,3,88,17,Hot,1,2026-08-27 19:34:19
4253,8,99,16,Hot,1,2026-08-27 19:45:19
4254,5,117,13,Rainy,1,2026-08-27 19:56:19
4255,9,33,3,Clear,0,2026-08-27 20:07:19
4256,7,13,1,Rainy,0,2026-08-27 20:18:19
4257,2,22,2,Overcast,0,2026-08-27 20:29:19
4258,5,54,2,Foggy,0,2026-08-27 20:40:19
4259,6,45,4,Hot,0,2026-08-27 20:51:19
4260,5,14,0,Overcast,0,2026-08-27 21:02:19
4261,12,43,4,Rainy,0,2026-08-27 21:13:19
4262,2,28,3,Rainy,0,2026-08-27 21:24:19
4263,5,7,0,Foggy,0,2026-08-27 21:35:19
4264,10,38,3,Hot,0,2026-08-27 21:46:19
4265,11,32,4,Hot,0,2026-08-27 21:57:19
4266,2,49,5,Overcast,0,2026-08-27 22:08:19
4267,2,21,3,Overcast,0,2026-08-27 22:19:19
4268,6,46,5,Foggy,0,2026-08-27 22:30:19
4269,9,22,3,Hot,0,2026-08-27 22:41:19
4270,3,45,5,Hot,0,2026-08-27 22:52:19
4271,6,40,4,Clear,0,2026-08-27 23:03:19
4272,4,26,1,Foggy,0,2026-08-27 23:14:19
4273,10,15,3,Foggy,0,2026-08-27 23:25:19
4274,1,17,2,Rainy,0,2026-08-27 23:36:19
4275,2,36,1,Rainy,0,2026-08-27 23:47:19
4276,1,57,2,Rainy,0,2026-08-27 23:58:19
4277,5,37,2,Foggy,0,2026-08-28 00:09:19
4278,3,27,4,Foggy,0,2026-08-28 00:20:19
4279,5,17,0,Rainy,0,2026-08-28 00:31:19
4280,7,53,2,Hot,0,2026-08-28 00:42:19
4281,8,23,3,Clear,0,2026-08-28 00:53:19
4282,5,33,4,Foggy,0,2026-08-28 01:04:19
4283,6,27,2,Foggy,0,2026-08-28 01:15:19
4284,11,53,3,Foggy,0,2026-08-28 01:26:19
4285,5,48,2,Foggy,0,2026-08-28 01:37:19
4286,3,12,0,Rainy,0,2026-08-28 01:48:19
4287,6,42,3,Hot,0,2026-08-28 01:59:19
4288,7,55,3,Overcast,0,2026-08-28 02:10:19
4289,7,24,1,Rainy,0,2026-08-28 02:21:19
4290,8,15,2,Foggy,0,2026-08-28 02:32:19
4291,10,23,1,Hot,0,2026-08-28 02:43:19
4292,11,51,3,Clear,0,2026-08-28 02:54:19
4293,3,26,2,Rainy,0,2026-08-28 03:05:19
4294,2,5,0,Clear,0,2026-08-28 03:16:19
4295,6,26,1,Overcast,0,2026-08-28 03:27:19
4296,10,58,3,Hot,0,2026-08-28 03:38:19
4297,6,12,3,Overcast,0,2026-08-28 03:49:19
4298,12,49,5,Clear,0,2026-08-28 04:00:19
4299,11,12,2,Hot,0,2026-08-28 04:11:19
4300,9,15,2,Rainy,0,2026-08-28 04:22:19
4301,6,49,2,Overcast,0,2026-08-28 04:33:19
4302,5,33,3,Rainy,0,2026-08-28 04:44:19
4303,9,5,1,Clear,0,2026-08-28 04:55:19
4304,2,41,2,Rainy,0,2026-08-28 05:06:19
4305,8,60,4,Overcast,0,2026-08-28 05:17:19
4306,7,20,1,Foggy,0,2026-08-28 05:28:19
4307,5,38,4,Overcast,0,2026-08-28 05:39:19
4308,12,31,4,Clear,0,2026-08-28 05:50:19
4309,4,33,2,Rainy,0,2026-08-28 06:01:19
4310,10,15,0,Rainy,0,2026-08-28 06:12:19
4311,3,46,5,Hot,0,2026-08-28 06:23:19
4312,3,33,1,Foggy,0,2026-08-28 06:34:19
4313,12,29,3,Rainy,0,2026-08-28 06:45:19
4314,5,31,4,Clear,0,2026-08-28 06:56:19
4315,9,106,5,Hot,1,2026-08-28 07:07:19
4316,11,95,5,Overcast,1,2026-08-28 07:18:19
4317,3,99,10,Overcast,1,2026-08-28 07:29:19
4318,12,101,10,Foggy,1,2026-08-28 07:40:19
4319,5,96,13,Foggy,1,2026-08-28 07:51:19
4320,5,108,10,Overcast,1,2026-08-28 08:02:19
4321,11,88,15,Hot,1,2026-08-28 08:13:19
4322,8,89,4,Clear,1,2026-08-28 08:24:19
4323,8,94,12,Rainy,1,2026-08-28 08:35:19
4324,9,105,9,Foggy,1,2026-08-28 08:46:19
4325,9,95,4,Overcast,1,2026-08-28 08:57:19
4326,5,91,7,Hot,1,2026-08-28 09:08:19
4327,6,117,5,Clear,1,2026-08-28 09:19:19
4328,5,86,9,Hot,1,2026-08-28 09:30:19
4329,5,90,18,Rainy,1,2026-08-28 09:41:19
4330,8,88,6,Overcast,1,2026-08-28 09:52:19
4331,7,50,2,Clear,0,2026-08-28 10:03:19
4332,8,38,2,Rainy,0,2026-08-28 10:14:19
4333,10,39,1,Clear,0,2026-08-28 10:25:19
4334,12,13,1,Hot,0,2026-08-28 10:36:19
4335,10,5,1,Foggy,0,2026-08-28 10:47:19
4336,11,22,1,Clear,0,2026-08-28 10:58:19
4337,3,10,0,Foggy,0,2026-08-28 11:09:19
4338,4,35,1,Rainy,0,2026-08-28 11:20:19
4339,6,48,2,Overcast,0,2026-08-28 11:31:19
4340,2,21,4,Rainy,0,2026-08-28 11:42:19
4341,6,36,2,Overcast,0,2026-08-28 11:53:19
4342,4,53,5,Rainy,0,2026-08-28 12:04:19
4343,8,46,2,Clear,0,2026-08-28 12:15:19
4344,12,9,1,Overcast,0,2026-08-28 12:26:19
4345,8,43,3,Rainy,0,2026-08-28 12:37:19
4346,7,25,4,Overcast,0,2026-08-28 12:48:19
4347,12,29,1,Overcast,0,2026-08-28 12:59:19
4348,7,33,3,Clear,0,2026-08-28 13:10:19
4349,10,7,1,Hot,0,2026-08-28 13:21:19
4350,2,22,4,Rainy,0,2026-08-28 13:32:19
4351,11,22,3,Clear,0,2026-08-28 13:43:19
4352,3,46,3,Clear,0,2026-08-28 13:54:19
4353,10,40,5,Rainy,0,2026-08-28 14:05:19
4354,8,30,1,Foggy,0,2026-08-28 14:16:19
4355,4,32,2,Overcast,0,2026-08-28 14:27:19
4356,1,25,1,Hot,0,2026-08-28 14:38:19
4357,8,20,1,Overcast,0,2026-08-28 14:49:19
4358,12,32,4,Rainy,0,2026-08-28 15:00:19
4359,12,32,1,Rainy,0,2026-08-28 15:11:19
4360,12,52,4,Foggy,0,2026-08-28 15:22:19
4361,7,5,3,Hot,0,2026-08-28 15:33:19
4362,9,26,2,Clear,0,2026-08-28 15:44:19
4363,11,36,2,Hot,0,2026-08-28 15:55:19
4364,7,46,2,Hot,0,2026-08-28 16:06:19
4365,10,18,3,Foggy,0,2026-08-28 16:17:19
4366,3,36,4,Foggy,0,2026-08-28 16:28:19
4367,6,29,4,Hot,0,2026-08-28 16:39:19
4368,8,33,1,Rainy,0,2026-08-28 16:50:19
4369,3,65,13,Hot,1,2026-08-28 17:01:19
4370,9,102,16,Foggy,1,2026-08-28 17:12:19
4371,10,91,19,Clear,1,2026-08-28 17:23:19
4372,6,81,17,Clear,1,2026-08-28 17:34:19
4373,5,88,14,Overcast,1,2026-08-28 17:45:19
4374,9,84,10,Rainy,1,2026-08-28 17:56:19
4375,8,104,9,Overcast,1,2026-08-28 18:07:19
4376,7,100,8,Foggy,1,2026-08-28 18:18:19
4377,2,83,13,Clear,1,2026-08-28 18:29:19
4378,11,103,9,Foggy,1,2026-08-28 18:40:19
4379,10,111,13,Overcast,1,2026-08-28 18:51:19
4380,4,96,12,Hot,1,2026-08-28 19:02:19
4381,9,93,4,Foggy,1,2026-08-28 19:13:19
4382,6,69,16,Hot,1,2026-08-28 19:24:19
4383,8,108,17,Hot,1,2026-08-28 19:35:19
4384,9,93,15,Overcast,1,2026-08-28 19:46:19
4385,6,91,14,Foggy,1,2026-08-28 19:57:19
4386,3,44,5,Overcast,0,2026-08-28 20:08:19
4387,10,19,2,Hot,0,2026-08-28 20:19:19
4388,8,22,1,Clear,0,2026-08-28 20:30:19
4389,5,25,1,Clear,0,2026-08-28 20:41:19
4390,6,41,5,Clear,0,2026-08-28 20:52:19
4391,6,34,4,Foggy,0,2026-08-28 21:03:19
4392,9,5,3,Clear,0,2026-08-28 21:14:19
4393,4,8,1,Hot,0,2026-08-28 21:25:19
4394,5,65,3,Rainy,0,2026-08-28 21:36:19
4395,5,61,4,Hot,0,2026-08-28 21:47:19
4396,7,35,1,Foggy,0,2026-08-28 21:58:19
4397,1,22,1,Foggy,0,2026-08-28 22:09:19
4398,1,27,4,Clear,0,2026-08-28 22:20:19
4399,1,26,1,Clear,0,2026-08-28 22:31:19
4400,2,37,3,Rainy,0,2026-08-28 22:42:19
4401,2,14,0,Foggy,0,2026-08-28 22:53:19
4402,10,26,2,Clear,0,2026-08-28 23:04:19
4403,7,35,3,Foggy,0,2026-08-28 23:15:19
4404,8,33,2,Clear,0,2026-08-28 23:26:19
4405,6,5,2,Hot,0,2026-08-28 23:37:19
4406,11,23,2,Hot,0,2026-08-28 23:48:19
4407,1,41,3,Hot,0,2026-08-28 23:59:19
4408,9,36,4,Hot,0,2026-08-29 00:10:19
4409,9,30,2,Foggy,0,2026-08-29 00:21:19
4410,12,41,4,Hot,0,2026-08-29 00:32:19
4411,5,41,5,Rainy,0,2026-08-29 00:43:19
4412,1,5,3,Overcast,0,2026-08-29 00:54:19
4413,12,18,1,Clear,0,2026-08-29 01:05:19
4414,3,31,1,Rainy,0,2026-08-29 01:16:19
4415,4,62,4,Clear,0,2026-08-29 01:27:19
4416,11,63,5,Hot,0,2026-08-29 01:38:19
4417,8,31,4,Hot,0,2026-08-29 01:49:19
4418,1,14,2,Rainy,0,2026-08-29 02:00:19
4419,4,36,2,Foggy,0,2026-08-29 02:11:19
4420,4,40,3,Foggy,0,2026-08-29 02:22:19
4421,1,32,2,Clear,0,2026-08-29 02:33:19
4422,1,26,2,Rainy,0,2026-08-29 02:44:19
4423,5,39,2,Hot,0,2026-08-29 02:55:19
4424,5,29,1,Hot,0,2026-08-29 03:06:19
4425,9,41,2,Hot,0,2026-08-29 03:17:19
4426,5,35,2,Hot,0,2026-08-29 03:28:19
4427,3,25,3,Foggy,0,2026-08-29 03:39:19
4428,6,14,3,Rainy,0,2026-08-29 03:50:19
4429,8,10,3,Clear,0,2026-08-29 04:01:19
4430,12,49,5,Clear,0,2026-08-29 04:12:19
4431,11,23,1,Foggy,0,2026-08-29 04:23:19
4432,10,61,4,Overcast,0,2026-08-29 04:34:19
4433,9,56,3,Overcast,0,2026-08-29 04:45:19
4434,1,41,4,Hot,0,2026-08-29 04:56:19
4435,11,15,1,Rainy,0,2026-08-29 05:07:19
4436,9,33,1,Foggy,0,2026-08-29 05:18:19
4437,3,26,4,Foggy,0,2026-08-29 05:29:19
4438,1,30,2,Foggy,0,2026-08-29 05:40:19
4439,2,21,2,Hot,0,2026-08-29 05:51:19
4440,3,64,4,Hot,0,2026-08-29 06:02:19
4441,8,33,2,Foggy,0,2026-08-29 06:13:19
4442,4,64,5,Overcast,0,2026-08-29 06:24:19
4443,8,53,4,Hot,0,2026-08-29 06:35:19
4444,11,32,4,Rainy,0,2026-08-29 06:46:19
4445,2,33,2,Hot,0,2026-08-29 06:57:19
4446,5,116,9,Foggy,1,2026-08-29 07:08:19
4447,2,102,10,Foggy,1,2026-08-29 07:19:19
4448,7,92,13,Clear,1,2026-08-29 07:30:19
4449,3,96,11,Rainy,1,2026-08-29 07:41:19
4450,7,105,18,Overcast,1,2026-08-29 07:52:19
4451,6,84,10,Clear,1,2026-08-29 08:03:19
4452,10,93,15,Overcast,1,2026-08-29 08:14:19
4453,11,90,18,Rainy,1,2026-08-29 08:25:19
4454,12,59,17,Overcast,1,2026-08-29 08:36:19
4455,6,100,15,Hot,1,2026-08-29 08:47:19
4456,9,58,4,Overcast,1,2026-08-29 08:58:19
4457,3,97,6,Clear,1,2026-08-29 09:09:19
4458,10,106,20,Foggy,1,2026-08-29 09:20:19
4459,12,79,12,Overcast,1,2026-08-29 09:31:19
4460,5,89,13,Hot,1,2026-08-29 09:42:19
4461,1,120,10,Hot,1,2026-08-29 09:53:19
4462,5,50,5,Foggy,0,2026-08-29 10:04:19
4463,7,36,2,Foggy,0,2026-08-29 10:15:19
4464,2,23,3,Clear,0,2026-08-29 10:26:19
4465,5,43,4,Overcast,0,2026-08-29 10:37:19
4466,6,39,4,Clear,0,2026-08-29 10:48:19
4467,12,45,2,Overcast,0,2026-08-29 10:59:19
4468,6,14,3,Overcast,0,2026-08-29 11:10:19
4469,1,18,1,Clear,0,2026-08-29 11:21:19
4470,11,33,1,Foggy,0,2026-08-29 11:32:19
4471,8,39,1,Hot,0,2026-08-29 11:43:19
4472,11,44,4,Rainy,0,2026-08-29 11:54:19
4473,8,52,4,Overcast,0,2026-08-29 12:05:19
4474,12,40,2,Rainy,0,2026-08-29 12:16:19
4475,1,41,2,Overcast,0,2026-08-29 12:27:19
4476,11,23,2,Clear,0,2026-08-29 12:38:19
4477,10,49,5,Rainy,0,2026-08-29 12:49:19
4478,5,63,4,Foggy,0,2026-08-29 13:00:19
4479,7,47,3,Foggy,0,2026-08-29 13:11:19
4480,9,23,1,Overcast,0,2026-08-29 13:22:19
4481,5,10,3,Hot,0,2026-08-29 13:33:19
4482,9,41,4,Rainy,0,2026-08-29 13:44:19
4483,11,31,2,Overcast,0,2026-08-29 13:55:19
4484,10,5,1,Rainy,0,2026-08-29 14:06:19
4485,5,5,1,Overcast,0,2026-08-29 14:17:19
4486,8,41,5,Overcast,0,2026-08-29 14:28:19
4487,6,31,2,Rainy,0,2026-08-29 14:39:19
4488,5,32,2,Hot,0,2026-08-29 14:50:19
4489,6,32,3,Hot,0,2026-08-29 15:01:19
4490,12,55,4,Overcast,0,2026-08-29 15:12:19
4491,4,18,0,Clear,0,2026-08-29 15:23:19
4492,6,6,3,Clear,0,2026-08-29 15:34:19
4493,4,32,1,Hot,0,2026-08-29 15:45:19
4494,9,34,1,Clear,0,2026-08-29 15:56:19
4495,6,40,3,Clear,0,2026-08-29 16:07:19
4496,7,44,5,Overcast,0,2026-08-29 16:18:19
4497,3,6,0,Foggy,0,2026-08-29 16:29:19
4498,7,25,2,Rainy,0,2026-08-29 16:40:19
4499,8,24,2,Foggy,0,2026-08-29 16:51:19
4500,7,95,9,Clear,1,2026-08-29 17:02:19
4501,1,94,6,Rainy,1,2026-08-29 17:13:19
4502,2,92,6,Foggy,1,2026-08-29 17:24:19
4503,12,104,14,Rainy,1,2026-08-29 17:35:19
4504,3,92,5,Overcast,1,2026-08-29 17:46:19
4505,9,88,5,Foggy,1,2026-08-29 17:57:19
4506,8,99,18,Clear,1,2026-08-29 18:08:19
4507,7,84,6,Overcast,1,2026-08-29 18:19:19
4508,5,94,4,Foggy,1,2026-08-29 18:30:19
4509,1,79,11,Foggy,1,2026-08-29 18:41:19
4510,12,78,18,Clear,1,2026-08-29 18:52:19
4511,5,98,7,Foggy,1,2026-08-29 19:03:19
4512,4,80,14,Foggy,1,2026-08-29 19:14:19
4513,2,120,13,Hot,1,2026-08-29 19:25:19
4514,10,107,19,Overcast,1,2026-08-29 19:36:19
4515,5,107,8,Clear,1,2026-08-29 19:47:19
4516,1,120,11,Foggy,1,2026-08-29 19:58:19
4517,3,18,3,Overcast,0,2026-08-29 20:09:19
4518,9,31,4,Overcast,0,2026-08-29 20:20:19
4519,5,44,2,Hot,0,2026-08-29 20:31:19
4520,4,32,2,Rainy,0,2026-08-29 20:42:19
4521,11,5,1,Clear,0,2026-08-29 20:53:19
4522,11,27,1,Hot,0,2026-08-29 21:04:19
4523,1,56,5,Hot,0,2026-08-29 21:15:19
4524,12,38,3,Overcast,0,2026-08-29 21:26:19
4525,10,21,1,Hot,0,2026-08-29 21:37:19
4526,1,15,2,Rainy,0,2026-08-29 21:48:19
4527,8,62,5,Foggy,0,2026-08-29 21:59:19
4528,9,7,1,Foggy,0,2026-08-29 22:10:19
4529,11,51,4,Rainy,0,2026-08-29 22:21:19
4530,10,42,5,Foggy,0,2026-08-29 22:32:19
4531,6,26,4,Rainy,0,2026-08-29 22:43:19
4532,10,37,4,Overcast,0,2026-08-29 22:54:19
4533,4,23,2,Clear,0,2026-08-29 23:05:19
4534,8,30,4,Foggy,0,2026-08-29 23:16:19
4535,7,29,1,Hot,0,2026-08-29 23:27:19
4536,5,5,2,Hot,0,2026-08-29 23:38:19
4537,3,16,3,Foggy,0,2026-08-29 23:49:19
4538,1,29,2,Clear,0,2026-08-30 00:00:19
4539,12,43,5,Foggy,0,2026-08-30 00:11:19
4540,12,35,4,Rainy,0,2026-08-30 00:22:19
4541,3,27,1,Foggy,0,2026-08-30 00:33:19
4542,8,21,1,Hot,0,2026-08-30 00:44:19
4543,12,27,3,Overcast,0,2026-08-30 00:55:19
4544,1,28,2,Hot,0,2026-08-30 01:06:19
4545,8,58,3,Hot,0,2026-08-30 01:17:19
4546,9,25,2,Overcast,0,2026-08-30 01:28:19
4547,5,29,4,Clear,0,2026-08-30 01:39:19
4548,3,20,4,Hot,0,2026-08-30 01:50:19
4549,10,55,2,Rainy,0,2026-08-30 02:01:19
4550,11,27,2,Overcast,0,2026-08-30 02:12:19
4551,12,21,4,Hot,0,2026-08-30 02:23:19
4552,5,41,3,Hot,0,2026-08-30 02:34:19
4553,1,25,3,Foggy,0,2026-08-30 02:45:19
4554,9,28,3,Overcast,0,2026-08-30 02:56:19
4555,6,25,3,Overcast,0,2026-08-30 03:07:19
4556,2,57,3,Foggy,0,2026-08-30 03:18:19
4557,7,15,0,Overcast,0,2026-08-30 03:29:19
4558,5,19,2,Clear,0,2026-08-30 03:40:19
4559,2,22,1,Hot,0,2026-08-30 03:51:19
4560,1,31,2,Hot,0,2026-08-30 04:02:19
4561,1,69,4,Clear,0,2026-08-30 04:13:19
4562,4,39,4,Overcast,0,2026-08-30 04:24:19
4563,4,17,2,Overcast,0,2026-08-30 04:35:19
4564,3,30,1,Foggy,0,2026-08-30 04:46:19
4565,10,11,0,Foggy,0,2026-08-30 04:57:19
4566,12,59,4,Foggy,0,2026-08-30 05:08:19
4567,5,5,3,Overcast,0,2026-08-30 05:19:19
4568,1,28,1,Foggy,0,2026-08-30 05:30:19
4569,6,47,2,Foggy,0,2026-08-30 05:41:19
4570,5,11,1,Clear,0,2026-08-30 05:52:19
4571,4,28,1,Hot,0,2026-08-30 06:03:19
4572,2,5,2,Foggy,0,2026-08-30 06:14:19
4573,2,21,1,Hot,0,2026-08-30 06:25:19
4574,5,24,1,Clear,0,2026-08-30 06:36:19
4575,9,52,4,Foggy,0,2026-08-30 06:47:19
4576,11,34,1,Rainy,0,2026-08-30 06:58:19
4577,3,99,10,Foggy,1,2026-08-30 07:09:19
4578,11,93,7,Foggy,1,2026-08-30 07:20:19
4579,7,74,9,Overcast,1,2026-08-30 07:31:19
4580,8,84,14,Overcast,1,2026-08-30 07:42:19
4581,12,90,6,Clear,1,2026-08-30 07:53:19
4582,4,95,7,Foggy,1,2026-08-30 08:04:19
4583,10,93,10,Hot,1,2026-08-30 08:15:19
4584,6,86,9,Overcast,1,2026-08-30 08:26:19
4585,8,92,16,Overcast,1,2026-08-30 08:37:19
4586,11,85,18,Rainy,1,2026-08-30 08:48:19
4587,6,100,19,Overcast,1,2026-08-30 08:59:19
4588,3,100,18,Hot,1,2026-08-30 09:10:19
4589,7,91,16,Hot,1,2026-08-30 09:21:19
4590,1,96,17,Overcast,1,2026-08-30 09:32:19
4591,7,102,19,Foggy,1,2026-08-30 09:43:19
4592,10,90,18,Overcast,1,2026-08-30 09:54:19
4593,9,23,3,Rainy,0,2026-08-30 10:05:19
4594,1,29,4,Clear,0,2026-08-30 10:16:19
4595,8,30,2,Clear,0,2026-08-30 10:27:19
4596,4,42,2,Hot,0,2026-08-30 10:38:19
4597,4,54,3,Overcast,0,2026-08-30 10:49:19
4598,1,28,2,Rainy,0,2026-08-30 11:00:19
4599,2,38,2,Overcast,0,2026-08-30 11:11:19
4600,1,31,3,Hot,0,2026-08-30 11:22:19
4601,10,9,3,Clear,0,2026-08-30 11:33:19
4602,6,49,2,Hot,0,2026-08-30 11:44:19
4603,9,41,3,Hot,0,2026-08-30 11:55:19
4604,4,39,2,Hot,0,2026-08-30 12:06:19
4605,4,63,5,Overcast,0,2026-08-30 12:17:19
4606,12,45,4,Foggy,0,2026-08-30 12:28:19
4607,11,28,3,Hot,0,2026-08-30 12:39:19
4608,10,15,3,Rainy,0,2026-08-30 12:50:19
4609,7,54,5,Overcast,0,2026-08-30 13:01:19
4610,9,38,1,Rainy,0,2026-08-30 13:12:19
4611,1,23,1,Overcast,0,2026-08-30 13:23:19
4612,6,37,1,Hot,0,2026-08-30 13:34:19
4613,12,27,4,Rainy,0,2026-08-30 13:45:19
4614,9,34,1,Clear,0,2026-08-30 13:56:19
4615,5,6,3,Overcast,0,2026-08-30 14:07:19
4616,8,30,1,Hot,0,2026-08-30 14:18:19
4617,8,24,1,Overcast,0,2026-08-30 14:29:19
4618,9,18,2,Rainy,0,2026-08-30 14:40:19
4619,9,48,4,Foggy,0,2026-08-30 14:51:19
4620,3,25,3,Foggy,0,2026-08-30 15:02:19
4621,2,20,2,Overcast,0,2026-08-30 15:13:19
4622,2,49,4,Foggy,0,2026-08-30 15:24:19
4623,4,23,3,Hot,0,2026-08-30 15:35:19
4624,10,36,4,Overcast,0,2026-08-30 15:46:19
4625,5,51,3,Clear,0,2026-08-30 15:57:19
4626,4,61,6,Clear,0,2026-08-30 16:08:19
4627,5,32,4,Overcast,0,2026-08-30 16:19:19
4628,12,5,0,Overcast,0,2026-08-30 16:30:19
4629,11,65,5,Clear,0,2026-08-30 16:41:19
4630,4,46,4,Hot,0,2026-08-30 16:52:19
4631,7,87,6,Clear,1,2026-08-30 17:03:19
4632,9,101,5,Foggy,1,2026-08-30 17:14:19
4633,12,88,15,Clear,1,2026-08-30 17:25:19
4634,12,89,13,Rainy,1,2026-08-30 17:36:19
4635,10,85,11,Hot,1,2026-08-30 17:47:19
4636,1,76,9,Foggy,1,2026-08-30 17:58:19
4637,2,97,14,Rainy,1,2026-08-30 18:09:19
4638,10,89,4,Clear,1,2026-08-30 18:20:19
4639,1,99,18,Rainy,1,2026-08-30 18:31:19
4640,4,95,7,Rainy,1,2026-08-30 18:42:19
4641,10,91,19,Overcast,1,2026-08-30 18:53:19
4642,9,67,6,Foggy,1,2026-08-30 19:04:19
4643,12,70,10,Foggy,1,2026-08-30 19:15:19
4644,10,115,10,Clear,1,2026-08-30 19:26:19
4645,10,108,10,Rainy,1,2026-08-30 19:37:19
4646,3,75,12,Rainy,1,2026-08-30 19:48:19
4647,9,92,11,Overcast,1,2026-08-30 19:59:19
4648,7,25,1,Foggy,0,2026-08-30 20:10:19
4649,11,20,1,Overcast,0,2026-08-30 20:21:19
4650,10,86,4,Rainy,0,2026-08-30 20:32:19
4651,2,22,4,Clear,0,2026-08-30 20:43:19
4652,12,46,2,Overcast,0,2026-08-30 20:54:19
4653,11,30,1,Rainy,0,2026-08-30 21:05:19
4654,2,36,4,Overcast,0,2026-08-30 21:16:19
4655,2,54,2,Rainy,0,2026-08-30 21:27:19
4656,4,48,3,Overcast,0,2026-08-30 21:38:19
4657,8,51,4,Overcast,0,2026-08-30 21:49:19
4658,12,33,3,Overcast,0,2026-08-30 22:00:19
4659,7,20,4,Hot,0,2026-08-30 22:11:19
4660,3,50,4,Hot,0,2026-08-30 22:22:19
4661,6,50,2,Hot,0,2026-08-30 22:33:19
4662,12,27,2,Rainy,0,2026-08-30 22:44:19
4663,1,33,1,Hot,0,2026-08-30 22:55:19
4664,1,15,0,Rainy,0,2026-08-30 23:06:19
4665,1,19,1,Clear,0,2026-08-30 23:17:19
4666,3,29,2,Clear,0,2026-08-30 23:28:19
4667,2,49,4,Clear,0,2026-08-30 23:39:19
4668,6,34,3,Overcast,0,2026-08-30 23:50:19
4669,7,40,5,Foggy,0,2026-08-31 00:01:19
4670,8,40,3,Overcast,0,2026-08-31 00:12:19
4671,7,5,0,Clear,0,2026-08-31 00:23:19
4672,5,41,3,Foggy,0,2026-08-31 00:34:19
4673,4,28,1,Overcast,0,2026-08-31 00:45:19
4674,11,38,4,Rainy,0,2026-08-31 00:56:19
4675,2,38,1,Hot,0,2026-08-31 01:07:19
4676,4,28,2,Overcast,0,2026-08-31 01:18:19
4677,11,25,4,Overcast,0,2026-08-31 01:29:19
4678,5,7,2,Hot,0,2026-08-31 01:40:19
4679,12,42,3,Foggy,0,2026-08-31 01:51:19
4680,1,31,3,Hot,0,2026-08-31 02:02:19
4681,8,24,1,Overcast,0,2026-08-31 02:13:19
4682,2,51,4,Rainy,0,2026-08-31 02:24:19
4683,8,43,2,Clear,0,2026-08-31 02:35:19
4684,9,32,3,Foggy,0,2026-08-31 02:46:19
4685,6,24,1,Foggy,0,2026-08-31 02:57:19
4686,10,44,3,Hot,0,2026-08-31 03:08:19
4687,11,43,2,Hot,0,2026-08-31 03:19:19
4688,4,32,1,Foggy,0,2026-08-31 03:30:19
4689,2,29,3,Hot,0,2026-08-31 03:41:19
4690,9,42,2,Rainy,0,2026-08-31 03:52:19
4691,2,20,3,Clear,0,2026-08-31 04:03:19
4692,5,35,2,Hot,0,2026-08-31 04:14:19
4693,9,47,2,Overcast,0,2026-08-31 04:25:19
4694,1,36,2,Hot,0,2026-08-31 04:36:19
4695,9,59,5,Clear,0,2026-08-31 04:47:19
4696,5,5,2,Clear,0,2026-08-31 04:58:19
4697,1,5,3,Hot,0,2026-08-31 05:09:19
4698,4,34,2,Rainy,0,2026-08-31 05:20:19
4699,2,45,4,Foggy,0,2026-08-31 05:31:19
4700,10,30,4,Hot,0,2026-08-31 05:42:19
4701,10,25,4,Clear,0,2026-08-31 05:53:19
4702,4,43,3,Overcast,0,2026-08-31 06:04:19
4703,8,53,2,Foggy,0,2026-08-31 06:15:19
4704,5,41,3,Overcast,0,2026-08-31 06:26:19
4705,9,50,4,Overcast,0,2026-08-31 06:37:19
4706,12,28,1,Hot,0,2026-08-31 06:48:19
4707,1,31,1,Foggy,0,2026-08-31 06:59:19
4708,11,107,11,Rainy,1,2026-08-31 07:10:19
4709,8,94,13,Overcast,1,2026-08-31 07:21:19
4710,4,91,10,Overcast,1,2026-08-31 07:32:19
4711,1,104,10,Clear,1,2026-08-31 07:43:19
4712,12,78,5,Rainy,1,2026-08-31 07:54:19
4713,9,107,18,Hot,1,2026-08-31 08:05:19
4714,12,91,14,Overcast,1,2026-08-31 08:16:19
4715,3,72,7,Foggy,1,2026-08-31 08:27:19
4716,5,84,8,Overcast,1,2026-08-31 08:38:19
4717,6,83,17,Foggy,1,2026-08-31 08:49:19
4718,1,100,10,Hot,1,2026-08-31 09:00:19
4719,9,82,12,Foggy,1,2026-08-31 09:11:19
4720,1,107,6,Rainy,1,2026-08-31 09:22:19
4721,7,107,14,Clear,1,2026-08-31 09:33:19
4722,10,104,17,Clear,1,2026-08-31 09:44:19
4723,7,101,20,Clear,1,2026-08-31 09:55:19
4724,5,33,2,Rainy,0,2026-08-31 10:06:19
4725,4,11,3,Rainy,0,2026-08-31 10:17:19
4726,6,46,3,Rainy,0,2026-08-31 10:28:19
4727,7,7,1,Rainy,0,2026-08-31 10:39:19
4728,7,25,4,Clear,0,2026-08-31 10:50:19
4729,11,33,1,Overcast,0,2026-08-31 11:01:19
4730,7,10,1,Foggy,0,2026-08-31 11:12:19
4731,12,20,4,Clear,0,2026-08-31 11:23:19
4732,8,18,3,Rainy,0,2026-08-31 11:34:19
4733,12,27,1,Rainy,0,2026-08-31 11:45:19
4734,3,31,1,Clear,0,2026-08-31 11:56:19
4735,9,21,1,Foggy,0,2026-08-31 12:07:19
4736,5,51,3,Hot,0,2026-08-31 12:18:19
4737,4,25,2,Hot,0,2026-08-31 12:29:19
4738,12,22,1,Clear,0,2026-08-31 12:40:19
4739,3,43,2,Overcast,0,2026-08-31 12:51:19
4740,12,37,1,Hot,0,2026-08-31 13:02:19
4741,12,25,3,Foggy,0,2026-08-31 13:13:19
4742,4,31,4,Clear,0,2026-08-31 13:24:19
4743,1,57,4,Foggy,0,2026-08-31 13:35:19
4744,12,5,1,Foggy,0,2026-08-31 13:46:19
4745,6,23,1,Foggy,0,2026-08-31 13:57:19
4746,5,37,4,Foggy,0,2026-08-31 14:08:19
4747,12,48,2,Hot,0,2026-08-31 14:19:19
4748,10,37,3,Foggy,0,2026-08-31 14:30:19
4749,3,27,3,Clear,0,2026-08-31 14:41:19
4750,12,39,2,Rainy,0,2026-08-31 14:52:19
4751,3,40,2,Overcast,0,2026-08-31 15:03:19
4752,5,41,3,Hot,0,2026-08-31 15:14:19
4753,12,33,1,Rainy,0,2026-08-31 15:25:19
4754,7,37,3,Rainy,0,2026-08-31 15:36:19
4755,9,31,1,Hot,0,2026-08-31 15:47:19
4756,2,7,2,Foggy,0,2026-08-31 15:58:19
4757,7,28,1,Clear,0,2026-08-31 16:09:19
4758,2,56,2,Clear,0,2026-08-31 16:20:19
4759,7,25,3,Rainy,0,2026-08-31 16:31:19
4760,8,30,1,Rainy,0,2026-08-31 16:42:19
4761,12,32,3,Overcast,0,2026-08-31 16:53:19
4762,6,98,19,Hot,1,2026-08-31 17:04:19
4763,4,73,13,Hot,1,2026-08-31 17:15:19
4764,3,78,9,Overcast,1,2026-08-31 17:26:19
4765,7,70,10,Rainy,1,2026-08-31 17:37:19
4766,7,91,19,Clear,1,2026-08-31 17:48:19
4767,12,87,10,Clear,1,2026-08-31 17:59:19
4768,11,99,10,Foggy,1,2026-08-31 18:10:19
4769,10,88,16,Foggy,1,2026-08-31 18:21:19
4770,1,102,12,Foggy,1,2026-08-31 18:32:19
4771,11,96,4,Overcast,1,2026-08-31 18:43:19
4772,10,90,11,Foggy,1,2026-08-31 18:54:19
4773,3,92,17,Hot,1,2026-08-31 19:05:19
4774,1,101,7,Rainy,1,2026-08-31 19:16:19
4775,8,108,7,Foggy,1,2026-08-31 19:27:19
4776,3,96,8,Hot,1,2026-08-31 19:38:19
4777,7,83,11,Clear,1,2026-08-31 19:49:19
4778,9,31,2,Foggy,0,2026-08-31 20:00:19
4779,6,37,3,Overcast,0,2026-08-31 20:11:19
4780,4,32,4,Overcast,0,2026-08-31 20:22:19
4781,4,35,4,Clear,0,2026-08-31 20:33:19
4782,11,14,1,Foggy,0,2026-08-31 20:44:19
4783,7,14,1,Hot,0,2026-08-31 20:55:19
4784,2,51,3,Foggy,0,2026-08-31 21:06:19
4785,12,22,1,Overcast,0,2026-08-31 21:17:19
4786,10,29,3,Overcast,0,2026-08-31 21:28:19
4787,5,37,4,Clear,0,2026-08-31 21:39:19
4788,5,31,3,Overcast,0,2026-08-31 21:50:19
4789,12,23,4,Rainy,0,2026-08-31 22:01:19
4790,1,23,1,Rainy,0,2026-08-31 22:12:19
4791,5,24,1,Clear,0,2026-08-31 22:23:19
4792,1,50,4,Hot,0,2026-08-31 22:34:19
4793,7,30,3,Hot,0,2026-08-31 22:45:19
4794,10,50,3,Clear,0,2026-08-31 22:56:19
4795,2,15,2,Clear,0,2026-08-31 23:07:19
4796,1,39,1,Rainy,0,2026-08-31 23:18:19
4797,2,54,2,Hot,0,2026-08-31 23:29:19
4798,12,29,2,Clear,0,2026-08-31 23:40:19
4799,2,26,1,Rainy,0,2026-08-31 23:51:19
4800,8,39,1,Rainy,0,2026-09-01 00:02:19
4801,1,38,1,Foggy,0,2026-09-01 00:13:19
4802,3,44,2,Foggy,0,2026-09-01 00:24:19
4803,12,32,3,Overcast,0,2026-09-01 00:35:19
4804,1,7,3,Foggy,0,2026-09-01 00:46:19
4805,11,46,5,Hot,0,2026-09-01 00:57:19
4806,8,43,2,Overcast,0,2026-09-01 01:08:19
4807,8,17,0,Hot,0,2026-09-01 01:19:19
4808,6,38,3,Clear,0,2026-09-01 01:30:19
4809,5,26,1,Hot,0,2026-09-01 01:41:19
4810,7,36,2,Rainy,0,2026-09-01 01:52:19
4811,10,29,4,Rainy,0,2026-09-01 02:03:19
4812,12,58,4,Foggy,0,2026-09-01 02:14:19
4813,9,5,2,Foggy,0,2026-09-01 02:25:19
4814,3,24,4,Foggy,0,2026-09-01 02:36:19
4815,12,39,1,Overcast,0,2026-09-01 02:47:19
4816,1,26,1,Clear,0,2026-09-01 02:58:19
4817,8,44,3,Foggy,0,2026-09-01 03:09:19
4818,12,61,5,Clear,0,2026-09-01 03:20:19
4819,4,20,4,Foggy,0,2026-09-01 03:31:19
4820,6,28,1,Clear,0,2026-09-01 03:42:19
4821,2,37,2,Rainy,0,2026-09-01 03:53:19
4822,9,61,6,Hot,0,2026-09-01 04:04:19
4823,5,33,4,Foggy,0,2026-09-01 04:15:19
4824,4,71,4,Clear,0,2026-09-01 04:26:19
4825,10,5,3,Foggy,0,2026-09-01 04:37:19
4826,11,32,1,Overcast,0,2026-09-01 04:48:19
4827,12,40,4,Overcast,0,2026-09-01 04:59:19
4828,11,9,1,Rainy,0,2026-09-01 05:10:19
4829,9,44,5,Foggy,0,2026-09-01 05:21:19
4830,9,38,4,Hot,0,2026-09-01 05:32:19
4831,3,9,3,Overcast,0,2026-09-01 05:43:19
4832,3,45,2,Hot,0,2026-09-01 05:54:19
4833,1,5,1,Clear,0,2026-09-01 06:05:19
4834,6,14,0,Clear,0,2026-09-01 06:16:19
4835,12,44,4,Hot,0,2026-09-01 06:27:19
4836,1,32,2,Overcast,0,2026-09-01 06:38:19
4837,1,39,4,Rainy,0,2026-09-01 06:49:19
4838,2,78,7,Foggy,1,2026-09-01 07:00:19
4839,6,81,16,Clear,1,2026-09-01 07:11:19
4840,12,79,16,Rainy,1,2026-09-01 07:22:19
4841,6,100,9,Rainy,1,2026-09-01 07:33:19
4842,11,96,17,Clear,1,2026-09-01 07:44:19
4843,9,108,14,Foggy,1,2026-09-01 07:55:19
4844,3,118,8,Clear,1,2026-09-01 08:06:19
4845,7,82,4,Foggy,1,2026-09-01 08:17:19
4846,10,100,7,Clear,1,2026-09-01 08:28:19
4847,4,119,14,Rainy,1,2026-09-01 08:39:19
4848,2,96,14,Foggy,1,2026-09-01 08:50:19
4849,2,83,17,Foggy,1,2026-09-01 09:01:19
4850,9,92,11,Hot,1,2026-09-01 09:12:19
4851,1,99,4,Rainy,1,2026-09-01 09:23:19
4852,6,101,19,Overcast,1,2026-09-01 09:34:19
4853,6,101,19,Foggy,1,2026-09-01 09:45:19
4854,6,87,15,Foggy,1,2026-09-01 09:56:19
4855,4,46,2,Rainy,0,2026-09-01 10:07:19
4856,4,11,0,Hot,0,2026-09-01 10:18:19
4857,11,33,3,Rainy,0,2026-09-01 10:29:19
4858,8,41,2,Rainy,0,2026-09-01 10:40:19
4859,7,68,6,Rainy,0,2026-09-01 10:51:19
4860,2,69,5,Clear,0,2026-09-01 11:02:19
4861,5,21,3,Clear,0,2026-09-01 11:13:19
4862,12,16,1,Hot,0,2026-09-01 11:24:19
4863,4,28,4,Hot,0,2026-09-01 11:35:19
4864,4,17,1,Rainy,0,2026-09-01 11:46:19
4865,8,13,1,Foggy,0,2026-09-01 11:57:19
4866,12,50,4,Hot,0,2026-09-01 12:08:19
4867,12,26,4,Hot,0,2026-09-01 12:19:19
4868,4,25,3,Rainy,0,2026-09-01 12:30:19
4869,10,32,2,Overcast,0,2026-09-01 12:41:19
4870,12,5,0,Hot,0,2026-09-01 12:52:19
4871,11,11,2,Hot,0,2026-09-01 13:03:19
4872,6,46,5,Clear,0,2026-09-01 13:14:19
4873,7,25,1,Clear,0,2026-09-01 13:25:19
4874,10,43,4,Clear,0,2026-09-01 13:36:19
4875,9,36,2,Clear,0,2026-09-01 13:47:19
4876,2,33,2,Hot,0,2026-09-01 13:58:19
4877,6,38,4,Rainy,0,2026-09-01 14:09:19
4878,2,46,3,Hot,0,2026-09-01 14:20:19
4879,6,49,2,Clear,0,2026-09-01 14:31:19
4880,12,56,4,Foggy,0,2026-09-01 14:42:19
4881,1,47,2,Clear,0,2026-09-01 14:53:19
4882,7,43,5,Rainy,0,2026-09-01 15:04:19
4883,1,14,0,Clear,0,2026-09-01 15:15:19
4884,1,24,1,Overcast,0,2026-09-01 15:26:19
4885,9,35,3,Hot,0,2026-09-01 15:37:19
4886,8,35,4,Hot,0,2026-09-01 15:48:19
4887,6,6,3,Overcast,0,2026-09-01 15:59:19
4888,7,29,1,Rainy,0,2026-09-01 16:10:19
4889,3,38,3,Clear,0,2026-09-01 16:21:19
4890,9,14,3,Clear,0,2026-09-01 16:32:19
4891,5,19,0,Clear,0,2026-09-01 16:43:19
4892,3,21,1,Foggy,0,2026-09-01 16:54:19
4893,2,90,18,Hot,1,2026-09-01 17:05:19
4894,4,83,9,Foggy,1,2026-09-01 17:16:19
4895,9,109,18,Rainy,1,2026-09-01 17:27:19
4896,6,81,18,Clear,1,2026-09-01 17:38:19
4897,12,99,16,Clear,1,2026-09-01 17:49:19
4898,11,111,5,Rainy,1,2026-09-01 18:00:19
4899,1,88,15,Foggy,1,2026-09-01 18:11:19
4900,6,98,10,Overcast,1,2026-09-01 18:22:19
4901,1,101,6,Clear,1,2026-09-01 18:33:19
4902,7,94,7,Hot,1,2026-09-01 18:44:19
4903,10,110,6,Rainy,1,2026-09-01 18:55:19
4904,7,83,9,Rainy,1,2026-09-01 19:06:19
4905,10,88,5,Clear,1,2026-09-01 19:17:19
4906,3,88,10,Hot,1,2026-09-01 19:28:19
4907,6,91,9,Rainy,1,2026-09-01 19:39:19
4908,8,62,11,Foggy,1,2026-09-01 19:50:19
4909,3,37,1,Rainy,0,2026-09-01 20:01:19
4910,7,58,2,Overcast,0,2026-09-01 20:12:19
4911,10,19,3,Foggy,0,2026-09-01 20:23:19
4912,4,39,4,Foggy,0,2026-09-01 20:34:19
4913,8,6,2,Hot,0,2026-09-01 20:45:19
4914,10,37,4,Clear,0,2026-09-01 20:56:19
4915,7,21,3,Clear,0,2026-09-01 21:07:19
4916,10,19,0,Foggy,0,2026-09-01 21:18:19
4917,5,45,2,Foggy,0,2026-09-01 21:29:19
4918,8,29,2,Hot,0,2026-09-01 21:40:19
4919,4,38,2,Hot,0,2026-09-01 21:51:19
4920,12,40,3,Overcast,0,2026-09-01 22:02:19
4921,8,33,2,Rainy,0,2026-09-01 22:13:19
4922,3,31,4,Rainy,0,2026-09-01 22:24:19
4923,4,5,0,Foggy,0,2026-09-01 22:35:19
4924,1,25,1,Hot,0,2026-09-01 22:46:19
4925,6,52,5,Overcast,0,2026-09-01 22:57:19
4926,9,26,2,Clear,0,2026-09-01 23:08:19
4927,7,24,1,Hot,0,2026-09-01 23:19:19
4928,4,42,4,Clear,0,2026-09-01 23:30:19
4929,8,55,2,Clear,0,2026-09-01 23:41:19
4930,12,11,2,Clear,0,2026-09-01 23:52:19
4931,6,34,2,Clear,0,2026-09-02 00:03:19
4932,3,5,3,Foggy,0,2026-09-02 00:14:19
4933,5,43,5,Hot,0,2026-09-02 00:25:19
4934,9,12,1,Hot,0,2026-09-02 00:36:19
4935,12,48,4,Foggy,0,2026-09-02 00:47:19
4936,12,28,4,Clear,0,2026-09-02 00:58:19
4937,8,10,2,Rainy,0,2026-09-02 01:09:19
4938,3,44,3,Overcast,0,2026-09-02 01:20:19
4939,10,50,5,Foggy,0,2026-09-02 01:31:19
4940,9,6,3,Rainy,0,2026-09-02 01:42:19
4941,4,41,3,Hot,0,2026-09-02 01:53:19
4942,11,18,3,Clear,0,2026-09-02 02:04:19
4943,5,29,2,Overcast,0,2026-09-02 02:15:19
4944,12,22,4,Overcast,0,2026-09-02 02:26:19
4945,11,24,1,Foggy,0,2026-09-02 02:37:19
4946,7,27,3,Hot,0,2026-09-02 02:48:19
4947,9,32,1,Rainy,0,2026-09-02 02:59:19
4948,8,43,2,Hot,0,2026-09-02 03:10:19
4949,4,62,4,Rainy,0,2026-09-02 03:21:19
4950,9,27,2,Hot,0,2026-09-02 03:32:19
4951,6,20,1,Rainy,0,2026-09-02 03:43:19
4952,5,45,4,Hot,0,2026-09-02 03:54:19
4953,1,52,4,Hot,0,2026-09-02 04:05:19
4954,9,9,0,Overcast,0,2026-09-02 04:16:19
4955,9,33,1,Clear,0,2026-09-02 04:27:19
4956,1,29,1,Foggy,0,2026-09-02 04:38:19
4957,9,46,4,Overcast,0,2026-09-02 04:49:19
4958,10,34,4,Clear,0,2026-09-02 05:00:19
4959,10,39,4,Clear,0,2026-09-02 05:11:19
4960,1,31,4,Foggy,0,2026-09-02 05:22:19
4961,6,23,1,Foggy,0,2026-09-02 05:33:19
4962,7,68,3,Rainy,0,2026-09-02 05:44:19
4963,1,29,4,Foggy,0,2026-09-02 05:55:19
4964,1,43,2,Clear,0,2026-09-02 06:06:19
4965,6,42,5,Overcast,0,2026-09-02 06:17:19
4966,5,36,4,Rainy,0,2026-09-02 06:28:19
4967,6,17,0,Clear,0,2026-09-02 06:39:19
4968,11,36,3,Clear,0,2026-09-02 06:50:19
4969,6,91,12,Hot,1,2026-09-02 07:01:19
4970,4,82,5,Rainy,1,2026-09-02 07:12:19
4971,2,78,10,Hot,1,2026-09-02 07:23:19
4972,5,74,9,Overcast,1,2026-09-02 07:34:19
4973,12,120,7,Clear,1,2026-09-02 07:45:19
4974,1,108,6,Clear,1,2026-09-02 07:56:19
4975,12,98,14,Hot,1,2026-09-02 08:07:19
4976,6,99,18,Clear,1,2026-09-02 08:18:19
4977,9,98,10,Hot,1,2026-09-02 08:29:19
4978,1,98,17,Clear,1,2026-09-02 08:40:19
4979,7,112,7,Rainy,1,2026-09-02 08:51:19
4980,10,100,14,Rainy,1,2026-09-02 09:02:19
4981,9,95,4,Rainy,1,2026-09-02 09:13:19
4982,8,96,4,Foggy,1,2026-09-02 09:24:19
4983,7,100,19,Foggy,1,2026-09-02 09:35:19
4984,9,93,4,Foggy,1,2026-09-02 09:46:19
4985,6,83,15,Hot,1,2026-09-02 09:57:19
4986,12,56,4,Clear,0,2026-09-02 10:08:19
4987,11,46,4,Foggy,0,2026-09-02 10:19:19
4988,2,52,4,Hot,0,2026-09-02 10:30:19
4989,2,19,1,Clear,0,2026-09-02 10:41:19
4990,11,5,1,Hot,0,2026-09-02 10:52:19
4991,1,32,2,Hot,0,2026-09-02 11:03:19
4992,11,27,3,Hot,0,2026-09-02 11:14:19
4993,4,5,3,Rainy,0,2026-09-02 11:25:19
4994,7,19,3,Hot,0,2026-09-02 11:36:19
4995,3,35,4,Overcast,0,2026-09-02 11:47:19
4996,4,44,3,Clear,0,2026-09-02 11:58:19
4997,6,26,4,Hot,0,2026-09-02 12:09:19
4998,9,15,2,Overcast,0,2026-09-02 12:20:19
4999,5,32,3,Rainy,0,2026-09-02 12:31:19
5000,5,23,1,Rainy,0,2026-09-02 12:42:19
