id,waste_bin_id,fill_level_percent,waste_weight_kg,temperature_celsius,methane_level_ppm,overflow_risk,recorded_at
1,1,5.0,50.4,19.1,2.21,0,2026-07-06 08:10:18
2,34,5.0,45.2,18.9,1.18,0,2026-07-06 08:18:18
3,39,5.0,51.8,19.3,1.53,0,2026-07-06 08:26:18
4,28,5.0,56.8,22.6,1.99,0,2026-07-06 08:34:18
5,22,6.5,77.6,20.7,3.19,0,2026-07-06 08:42:18
6,12,5.0,48.8,20.3,2.91,0,2026-07-06 08:50:18
7,31,6.5,57.1,22.9,2.03,0,2026-07-06 08:58:18
8,30,5.4,61.3,19.4,2.2,0,2026-07-06 09:06:18
9,8,11.2,108.6,20.3,3.58,0,2026-07-06 09:14:18
10,50,7.2,69.0,21.9,3.86,0,2026-07-06 09:22:18
11,2,10.7,125.9,21.8,3.46,0,2026-07-06 09:30:18
12,44,12.9,135.8,21.7,5.8,0,2026-07-06 09:38:18
13,3,13.6,117.7,23.5,4.93,0,2026-07-06 09:46:18
14,32,14.9,137.6,22.1,5.98,0,2026-07-06 09:54:18
15,3,12.5,147.8,22.0,5.62,0,2026-07-06 10:02:18
16,26,14.4,127.1,20.3,5.15,0,2026-07-06 10:10:18
17,50,14.2,135.8,23.0,5.03,0,2026-07-06 10:18:18
18,12,21.0,168.0,23.6,7.87,0,2026-07-06 10:26:18
19,45,19.6,197.5,24.3,7.48,0,2026-07-06 10:34:18
20,43,21.7,201.4,22.8,8.73,0,2026-07-06 10:42:18
21,4,23.4,254.5,23.0,9.1,0,2026-07-06 10:50:18
22,6,19.0,182.7,22.6,7.66,0,2026-07-06 10:58:18
23,23,21.6,207.2,22.5,7.85,0,2026-07-06 11:06:18
24,21,22.2,238.3,24.8,9.38,0,2026-07-06 11:14:18
25,39,27.4,291.2,23.3,10.32,0,2026-07-06 11:22:18
26,9,28.4,293.1,23.5,11.26,0,2026-07-06 11:30:18
27,36,24.5,285.3,24.7,10.21,0,2026-07-06 11:38:18
28,47,27.8,315.3,25.4,10.27,0,2026-07-06 11:46:18
29,19,27.5,251.9,22.5,11.88,0,2026-07-06 11:54:18
30,14,30.0,310.5,25.1,11.9,0,2026-07-06 12:02:18
31,37,33.3,360.7,25.9,12.48,0,2026-07-06 12:10:18
32,29,31.6,303.6,25.9,12.54,0,2026-07-06 12:18:18
33,46,33.4,393.9,24.4,13.16,0,2026-07-06 12:26:18
34,40,35.4,309.4,23.5,15.15,0,2026-07-06 12:34:18
35,9,34.6,324.0,24.1,12.95,0,2026-07-06 12:42:18
36,28,33.0,284.9,26.6,13.46,0,2026-07-06 12:50:18
37,33,39.2,442.8,24.1,14.85,0,2026-07-06 12:58:18
38,16,39.1,428.0,26.6,15.69,0,2026-07-06 13:06:18
39,10,41.2,401.9,26.1,17.16,0,2026-07-06 13:14:18
40,28,41.5,388.9,27.4,16.75,0,2026-07-06 13:22:18
41,34,41.1,442.5,26.1,16.15,0,2026-07-06 13:30:18
42,40,42.5,434.4,25.0,17.69,0,2026-07-06 13:38:18
43,34,42.3,442.2,26.8,16.96,0,2026-07-06 13:46:18
44,44,46.7,416.2,25.5,18.51,0,2026-07-06 13:54:18
45,20,47.0,504.4,25.1,18.02,0,2026-07-06 14:02:18
46,32,45.6,521.9,27.7,18.78,0,2026-07-06 14:10:18
47,24,45.2,514.9,27.1,18.3,0,2026-07-06 14:18:18
48,3,45.3,457.3,25.7,17.58,0,2026-07-06 14:26:18
49,32,47.9,528.1,27.1,18.91,0,2026-07-06 14:34:18
50,16,48.7,498.9,28.2,19.56,0,2026-07-06 14:42:18
51,47,50.5,535.0,29.4,20.89,0,2026-07-06 14:50:18
52,40,51.7,428.6,28.7,21.05,0,2026-07-06 14:58:18
53,46,51.7,474.7,26.1,19.82,0,2026-07-06 15:06:18
54,41,55.6,567.3,29.3,21.79,0,2026-07-06 15:14:18
55,21,53.6,565.5,26.5,21.53,0,2026-07-06 15:22:18
56,33,54.3,633.2,28.0,22.72,0,2026-07-06 15:30:18
57,24,59.8,647.1,30.6,24.75,0,2026-07-06 15:38:18
58,38,55.5,600.0,28.1,23.0,0,2026-07-06 15:46:18
59,33,57.1,615.7,28.9,23.66,0,2026-07-06 15:54:18
60,26,57.7,484.1,30.5,23.16,0,2026-07-06 16:02:18
61,21,58.5,480.6,28.9,24.04,0,2026-07-06 16:10:18
62,22,60.2,515.3,28.7,24.81,0,2026-07-06 16:18:18
63,5,61.7,614.1,31.0,24.11,0,2026-07-06 16:26:18
64,16,61.9,719.5,31.1,25.26,0,2026-07-06 16:34:18
65,7,64.5,721.1,31.0,26.44,0,2026-07-06 16:42:18
66,14,67.1,657.8,29.0,26.77,0,2026-07-06 16:50:18
67,47,66.9,657.1,29.1,26.28,0,2026-07-06 16:58:18
68,37,66.7,637.0,28.2,27.42,0,2026-07-06 17:06:18
69,10,68.4,556.7,30.5,26.92,0,2026-07-06 17:14:18
70,30,67.2,671.2,29.3,26.85,0,2026-07-06 17:22:18
71,32,72.4,804.5,32.3,28.01,0,2026-07-06 17:30:18
72,4,73.2,814.0,31.9,28.31,0,2026-07-06 17:38:18
73,2,71.2,730.1,29.0,28.1,0,2026-07-06 17:46:18
74,21,73.9,630.8,31.4,28.85,0,2026-07-06 17:54:18
75,29,73.1,631.7,29.3,29.35,0,2026-07-06 18:02:18
76,18,74.6,762.6,31.6,29.99,0,2026-07-06 18:10:18
77,36,76.3,878.3,30.9,30.06,0,2026-07-06 18:18:18
78,11,77.4,882.1,31.3,29.99,0,2026-07-06 18:26:18
79,14,77.4,888.6,31.1,31.65,0,2026-07-06 18:34:18
80,24,80.0,879.8,31.2,32.37,0,2026-07-06 18:42:18
81,39,78.7,693.0,33.0,31.84,0,2026-07-06 18:50:18
82,30,84.3,809.3,31.5,34.1,0,2026-07-06 18:58:18
83,41,80.6,727.4,32.0,31.51,0,2026-07-06 19:06:18
84,1,81.7,973.2,33.5,33.29,0,2026-07-06 19:14:18
85,17,87.8,876.3,33.4,35.1,1,2026-07-06 19:22:18
86,15,83.9,909.7,34.3,33.37,0,2026-07-06 19:30:18
87,37,88.7,923.9,31.9,36.44,1,2026-07-06 19:38:18
88,34,89.8,898.8,31.5,36.43,1,2026-07-06 19:46:18
89,11,91.8,993.9,32.3,37.38,1,2026-07-06 19:54:18
90,35,91.7,971.6,33.6,36.57,1,2026-07-06 20:02:18
91,39,91.6,896.4,34.5,36.3,1,2026-07-06 20:10:18
92,6,89.1,749.3,31.9,36.09,1,2026-07-06 20:18:18
93,8,92.5,828.6,32.5,36.48,1,2026-07-06 20:26:18
94,42,94.5,756.2,34.9,37.28,1,2026-07-06 20:34:18
95,48,95.6,864.3,33.9,38.76,1,2026-07-06 20:42:18
96,32,93.3,885.6,33.3,37.98,1,2026-07-06 20:50:18
97,30,98.9,1165.8,34.2,39.58,1,2026-07-06 20:58:18
98,2,96.6,810.5,33.0,37.8,1,2026-07-06 21:06:18
99,20,99.8,829.2,33.9,39.19,1,2026-07-06 21:14:18
100,45,5.0,57.8,19.8,2.94,0,2026-07-06 21:22:18
101,2,5.0,46.4,19.1,2.62,0,2026-07-06 21:30:18
102,27,5.0,51.2,22.4,2.83,0,2026-07-06 21:38:18
103,24,5.0,42.8,19.0,2.81,0,2026-07-06 21:46:18
104,17,5.9,62.0,21.4,2.72,0,2026-07-06 21:54:18
105,38,6.6,76.8,20.8,3.6,0,2026-07-06 22:02:18
106,7,5.7,50.0,21.4,3.24,0,2026-07-06 22:10:18
107,49,7.8,75.2,19.4,3.25,0,2026-07-06 22:18:18
108,43,8.8,86.8,22.5,2.61,0,2026-07-06 22:26:18
109,26,6.5,57.0,21.7,2.82,0,2026-07-06 22:34:18
110,1,10.2,120.4,22.8,4.59,0,2026-07-06 22:42:18
111,47,8.9,75.9,20.9,2.61,0,2026-07-06 22:50:18
112,43,11.9,129.3,19.8,4.5,0,2026-07-06 22:58:18
113,30,11.7,115.3,23.6,3.8,0,2026-07-06 23:06:18
114,39,15.1,143.2,24.1,5.94,0,2026-07-06 23:14:18
115,28,17.8,195.1,21.0,7.58,0,2026-07-06 23:22:18
116,26,17.3,157.4,22.6,7.47,0,2026-07-06 23:30:18
117,13,15.0,155.6,21.4,6.03,0,2026-07-06 23:38:18
118,28,18.8,200.9,24.5,7.95,0,2026-07-06 23:46:18
119,37,21.5,202.8,24.0,8.63,0,2026-07-06 23:54:18
120,31,21.9,208.0,23.7,8.75,0,2026-07-07 00:02:18
121,24,18.2,181.3,21.1,7.83,0,2026-07-07 00:10:18
122,4,19.1,200.5,24.3,7.57,0,2026-07-07 00:18:18
123,29,20.8,200.1,24.4,7.45,0,2026-07-07 00:26:18
124,5,25.2,277.2,24.8,10.28,0,2026-07-07 00:34:18
125,41,22.7,190.2,24.1,9.89,0,2026-07-07 00:42:18
126,30,25.1,222.1,22.5,10.0,0,2026-07-07 00:50:18
127,27,24.2,283.1,22.5,10.31,0,2026-07-07 00:58:18
128,24,30.5,312.1,24.9,12.44,0,2026-07-07 01:06:18
129,37,30.3,330.7,25.7,11.82,0,2026-07-07 01:14:18
130,45,32.3,325.0,26.4,12.46,0,2026-07-07 01:22:18
131,16,30.7,247.4,25.4,12.21,0,2026-07-07 01:30:18
132,20,30.0,282.6,26.2,12.27,0,2026-07-07 01:38:18
133,9,35.1,421.1,26.4,13.45,0,2026-07-07 01:46:18
134,10,32.6,277.3,23.4,13.65,0,2026-07-07 01:54:18
135,32,37.1,328.0,26.6,14.19,0,2026-07-07 02:02:18
136,36,33.6,330.5,23.1,12.66,0,2026-07-07 02:10:18
137,50,37.8,370.1,25.9,14.21,0,2026-07-07 02:18:18
138,8,39.9,366.2,25.5,16.16,0,2026-07-07 02:26:18
139,38,41.7,487.8,27.9,17.38,0,2026-07-07 02:34:18
140,32,39.4,441.2,26.7,15.35,0,2026-07-07 02:42:18
141,17,39.5,424.1,26.0,15.45,0,2026-07-07 02:50:18
142,12,44.9,516.1,25.4,17.82,0,2026-07-07 02:58:18
143,8,42.6,446.1,25.9,17.26,0,2026-07-07 03:06:18
144,38,44.2,529.7,24.8,17.23,0,2026-07-07 03:14:18
145,3,46.6,485.2,27.7,19.48,0,2026-07-07 03:22:18
146,16,45.6,472.4,28.1,17.6,0,2026-07-07 03:30:18
147,16,44.3,462.3,26.9,18.35,0,2026-07-07 03:38:18
148,21,50.9,431.5,26.6,20.17,0,2026-07-07 03:46:18
149,33,49.3,545.7,27.5,19.21,0,2026-07-07 03:54:18
150,19,47.2,471.9,25.7,19.04,0,2026-07-07 04:02:18
151,36,53.7,626.1,29.1,20.63,0,2026-07-07 04:10:18
152,3,49.0,539.4,28.5,18.99,0,2026-07-07 04:18:18
153,44,53.7,476.1,27.1,20.49,0,2026-07-07 04:26:18
154,38,54.5,648.1,26.8,20.89,0,2026-07-07 04:34:18
155,11,54.0,567.3,28.7,21.01,0,2026-07-07 04:42:18
156,2,56.8,659.9,29.4,22.48,0,2026-07-07 04:50:18
157,7,55.9,478.0,29.1,21.99,0,2026-07-07 04:58:18
158,19,59.1,609.4,28.4,22.67,0,2026-07-07 05:06:18
159,3,61.3,677.3,28.1,24.79,0,2026-07-07 05:14:18
160,40,59.7,496.5,29.8,23.13,0,2026-07-07 05:22:18
161,7,58.5,512.8,27.1,23.76,0,2026-07-07 05:30:18
162,33,62.8,560.7,29.2,25.53,0,2026-07-07 05:38:18
163,17,65.5,747.2,31.5,27.17,0,2026-07-07 05:46:18
164,7,63.8,695.2,27.6,26.05,0,2026-07-07 05:54:18
165,38,65.0,644.8,29.5,26.5,0,2026-07-07 06:02:18
166,28,69.0,807.3,32.1,26.74,0,2026-07-07 06:10:18
167,19,65.6,772.0,29.1,25.32,0,2026-07-07 06:18:18
168,29,71.0,638.4,31.0,28.63,0,2026-07-07 06:26:18
169,49,67.1,614.7,31.6,26.21,0,2026-07-07 06:34:18
170,32,67.2,741.1,31.0,27.15,0,2026-07-07 06:42:18
171,1,69.6,580.8,29.6,27.15,0,2026-07-07 06:50:18
172,48,71.6,577.3,31.5,29.44,0,2026-07-07 06:58:18
173,25,70.9,829.9,31.8,27.84,0,2026-07-07 07:06:18
174,14,76.8,894.8,32.4,31.05,0,2026-07-07 07:14:18
175,50,73.3,741.1,29.1,28.86,0,2026-07-07 07:22:18
176,11,75.7,907.8,31.6,29.93,0,2026-07-07 07:30:18
177,27,76.0,671.3,31.7,29.86,0,2026-07-07 07:38:18
178,45,76.3,792.0,33.2,31.21,0,2026-07-07 07:46:18
179,45,80.7,827.8,33.9,32.15,0,2026-07-07 07:54:18
180,1,79.7,741.6,31.6,31.63,0,2026-07-07 08:02:18
181,12,79.7,950.0,31.7,32.78,0,2026-07-07 08:10:18
182,31,81.6,725.8,33.5,32.55,0,2026-07-07 08:18:18
183,34,85.5,869.3,31.7,34.09,1,2026-07-07 08:26:18
184,5,85.8,706.3,34.6,35.22,1,2026-07-07 08:34:18
185,48,83.7,885.7,32.8,34.22,0,2026-07-07 08:42:18
186,15,87.2,771.0,35.1,35.18,1,2026-07-07 08:50:18
187,13,85.8,969.2,31.0,34.72,1,2026-07-07 08:58:18
188,30,85.6,870.7,31.1,34.73,1,2026-07-07 09:06:18
189,17,91.2,790.5,34.5,36.01,1,2026-07-07 09:14:18
190,24,91.1,987.4,32.6,37.41,1,2026-07-07 09:22:18
191,34,88.5,863.6,34.7,35.3,1,2026-07-07 09:30:18
192,22,90.4,908.0,34.8,35.5,1,2026-07-07 09:38:18
193,20,91.8,993.2,32.2,36.41,1,2026-07-07 09:46:18
194,23,94.9,1084.6,33.3,37.02,1,2026-07-07 09:54:18
195,2,94.3,885.1,34.1,37.13,1,2026-07-07 10:02:18
196,1,95.4,988.0,34.5,38.47,1,2026-07-07 10:10:18
197,16,95.8,953.0,33.3,38.64,1,2026-07-07 10:18:18
198,22,97.8,969.2,33.7,38.65,1,2026-07-07 10:26:18
199,32,100.0,1167.6,35.7,40.78,1,2026-07-07 10:34:18
200,36,5.0,44.1,21.8,1.71,0,2026-07-07 10:42:18
201,28,5.0,52.3,19.5,1.3,0,2026-07-07 10:50:18
202,14,5.0,49.1,22.3,2.45,0,2026-07-07 10:58:18
203,26,5.0,43.2,21.1,1.69,0,2026-07-07 11:06:18
204,15,5.0,42.8,22.4,2.14,0,2026-07-07 11:14:18
205,28,5.7,52.6,22.2,1.76,0,2026-07-07 11:22:18
206,19,5.0,46.9,20.4,1.76,0,2026-07-07 11:30:18
207,46,5.9,56.2,21.2,3.15,0,2026-07-07 11:38:18
208,26,10.7,89.1,21.4,4.39,0,2026-07-07 11:46:18
209,15,10.8,104.1,21.3,3.66,0,2026-07-07 11:54:18
210,28,9.6,93.1,22.6,4.43,0,2026-07-07 12:02:18
211,38,13.4,113.1,21.6,4.53,0,2026-07-07 12:10:18
212,21,11.2,92.0,22.1,5.17,0,2026-07-07 12:18:18
213,43,10.6,106.5,21.4,4.87,0,2026-07-07 12:26:18
214,4,14.3,164.9,21.9,5.0,0,2026-07-07 12:34:18
215,9,17.7,205.2,24.4,7.23,0,2026-07-07 12:42:18
216,11,15.6,185.2,20.8,6.75,0,2026-07-07 12:50:18
217,45,19.9,200.6,23.9,8.77,0,2026-07-07 12:58:18
218,34,18.1,151.5,21.7,7.7,0,2026-07-07 13:06:18
219,25,19.3,226.2,22.9,8.21,0,2026-07-07 13:14:18
220,21,20.4,233.0,22.3,8.01,0,2026-07-07 13:22:18
221,44,22.5,218.1,22.8,9.47,0,2026-07-07 13:30:18
222,33,21.5,223.7,21.4,7.71,0,2026-07-07 13:38:18
223,22,25.3,235.7,24.6,10.04,0,2026-07-07 13:46:18
224,29,22.2,255.7,22.5,9.83,0,2026-07-07 13:54:18
225,35,23.0,216.3,23.7,9.05,0,2026-07-07 14:02:18
226,20,25.0,265.4,24.2,9.33,0,2026-07-07 14:10:18
227,41,29.4,344.2,23.8,10.84,0,2026-07-07 14:18:18
228,28,26.9,247.3,23.2,11.5,0,2026-07-07 14:26:18
229,47,31.4,356.0,24.7,12.35,0,2026-07-07 14:34:18
230,38,27.5,319.7,25.6,10.57,0,2026-07-07 14:42:18
231,49,33.7,280.4,26.5,12.83,0,2026-07-07 14:50:18
232,13,34.1,378.7,24.6,12.68,0,2026-07-07 14:58:18
233,17,30.2,289.1,25.3,11.14,0,2026-07-07 15:06:18
234,28,36.6,301.9,25.1,15.43,0,2026-07-07 15:14:18
235,8,34.0,295.5,24.1,14.13,0,2026-07-07 15:22:18
236,27,36.3,298.5,27.1,15.12,0,2026-07-07 15:30:18
237,2,35.2,373.3,23.6,14.06,0,2026-07-07 15:38:18
238,23,37.9,334.2,23.9,15.51,0,2026-07-07 15:46:18
239,18,39.5,384.1,26.4,16.49,0,2026-07-07 15:54:18
240,35,38.0,441.9,27.0,14.59,0,2026-07-07 16:02:18
241,30,40.5,415.7,27.4,15.92,0,2026-07-07 16:10:18
242,26,43.5,384.1,24.8,17.32,0,2026-07-07 16:18:18
243,3,45.3,470.1,28.5,17.18,0,2026-07-07 16:26:18
244,14,41.2,483.6,26.9,16.17,0,2026-07-07 16:34:18
245,45,45.6,544.3,25.4,17.35,0,2026-07-07 16:42:18
246,13,43.1,386.9,25.7,16.82,0,2026-07-07 16:50:18
247,43,45.4,388.0,28.0,18.41,0,2026-07-07 16:58:18
248,6,48.7,402.0,28.3,19.96,0,2026-07-07 17:06:18
249,41,52.0,471.7,26.2,20.38,0,2026-07-07 17:14:18
250,38,50.7,463.1,27.2,19.78,0,2026-07-07 17:22:18
251,48,53.5,586.2,28.9,21.7,0,2026-07-07 17:30:18
252,1,51.4,580.7,28.7,21.15,0,2026-07-07 17:38:18
253,24,50.3,495.0,27.9,20.1,0,2026-07-07 17:46:18
254,15,51.4,573.8,27.6,21.28,0,2026-07-07 17:54:18
255,37,56.7,604.7,29.1,22.16,0,2026-07-07 18:02:18
256,22,54.3,531.9,28.9,22.47,0,2026-07-07 18:10:18
257,50,59.8,521.8,28.2,23.08,0,2026-07-07 18:18:18
258,49,55.9,536.7,26.7,22.5,0,2026-07-07 18:26:18
259,23,58.6,527.9,30.6,22.91,0,2026-07-07 18:34:18
260,18,59.6,638.4,27.7,24.02,0,2026-07-07 18:42:18
261,44,61.3,713.7,30.7,25.17,0,2026-07-07 18:50:18
262,33,64.2,764.2,28.7,24.8,0,2026-07-07 18:58:18
263,36,64.7,529.6,31.2,26.55,0,2026-07-07 19:06:18
264,40,63.6,757.7,28.8,24.89,0,2026-07-07 19:14:18
265,46,62.2,565.7,30.8,25.01,0,2026-07-07 19:22:18
266,1,68.1,664.5,30.2,28.13,0,2026-07-07 19:30:18
267,11,68.2,669.9,28.6,27.34,0,2026-07-07 19:38:18
268,36,70.8,713.2,31.9,28.81,0,2026-07-07 19:46:18
269,23,69.4,614.0,32.3,27.58,0,2026-07-07 19:54:18
270,23,71.6,756.1,28.9,29.56,0,2026-07-07 20:02:18
271,2,73.0,727.0,30.4,29.88,0,2026-07-07 20:10:18
272,12,72.6,816.6,31.6,29.89,0,2026-07-07 20:18:18
273,3,73.5,629.8,29.4,28.88,0,2026-07-07 20:26:18
274,3,72.8,788.4,32.2,28.95,0,2026-07-07 20:34:18
275,2,75.5,846.2,29.9,29.33,0,2026-07-07 20:42:18
276,36,75.4,684.1,33.0,30.5,0,2026-07-07 20:50:18
277,43,79.4,799.4,33.5,31.05,0,2026-07-07 20:58:18
278,37,79.3,847.1,33.1,32.2,0,2026-07-07 21:06:18
279,3,79.5,739.3,30.4,32.79,0,2026-07-07 21:14:18
280,3,81.4,941.0,32.0,31.79,0,2026-07-07 21:22:18
281,3,79.8,753.3,33.0,31.98,0,2026-07-07 21:30:18
282,2,82.1,944.2,30.4,32.33,0,2026-07-07 21:38:18
283,9,80.0,743.2,32.9,31.3,0,2026-07-07 21:46:18
284,7,85.4,844.0,32.6,34.97,1,2026-07-07 21:54:18
285,28,82.5,967.1,31.1,32.91,0,2026-07-07 22:02:18
286,41,85.0,754.0,30.9,33.48,1,2026-07-07 22:10:18
287,1,84.5,875.5,31.6,34.73,0,2026-07-07 22:18:18
288,42,86.3,927.6,33.9,34.01,1,2026-07-07 22:26:18
289,39,91.8,929.8,33.8,36.09,1,2026-07-07 22:34:18
290,48,89.9,1000.0,32.1,35.49,1,2026-07-07 22:42:18
291,38,90.9,762.9,34.7,36.67,1,2026-07-07 22:50:18
292,22,91.2,952.9,33.3,37.02,1,2026-07-07 22:58:18
293,3,95.4,1101.8,34.8,38.21,1,2026-07-07 23:06:18
294,25,92.9,977.0,32.8,37.97,1,2026-07-07 23:14:18
295,8,94.3,1096.8,36.0,38.14,1,2026-07-07 23:22:18
296,50,98.6,1093.1,36.8,39.84,1,2026-07-07 23:30:18
297,10,98.6,799.3,35.9,38.7,1,2026-07-07 23:38:18
298,9,100.0,1191.5,35.8,39.34,1,2026-07-07 23:46:18
299,35,99.0,867.2,34.0,39.34,1,2026-07-07 23:54:18
300,11,5.0,49.9,20.8,1.06,0,2026-07-08 00:02:18
301,17,5.0,42.2,22.2,2.31,0,2026-07-08 00:10:18
302,22,5.0,52.8,22.0,1.48,0,2026-07-08 00:18:18
303,1,5.0,44.4,20.7,2.58,0,2026-07-08 00:26:18
304,27,5.0,54.1,20.6,1.4,0,2026-07-08 00:34:18
305,45,5.0,47.6,21.8,1.54,0,2026-07-08 00:42:18
306,16,5.0,47.6,22.4,1.41,0,2026-07-08 00:50:18
307,21,8.7,87.6,22.2,4.36,0,2026-07-08 00:58:18
308,36,8.2,73.4,20.1,2.38,0,2026-07-08 01:06:18
309,49,10.3,115.8,20.6,4.37,0,2026-07-08 01:14:18
310,48,12.9,126.2,21.2,5.33,0,2026-07-08 01:22:18
311,32,14.0,118.2,23.2,6.38,0,2026-07-08 01:30:18
312,26,9.4,85.4,20.1,2.84,0,2026-07-08 01:38:18
313,33,15.0,144.0,21.1,5.28,0,2026-07-08 01:46:18
314,4,13.5,147.4,22.1,4.83,0,2026-07-08 01:54:18
315,43,12.6,118.4,20.2,4.37,0,2026-07-08 02:02:18
316,30,13.3,130.9,20.9,5.37,0,2026-07-08 02:10:18
317,45,19.1,203.2,22.2,6.65,0,2026-07-08 02:18:18
318,1,15.8,144.5,21.6,6.57,0,2026-07-08 02:26:18
319,17,22.0,254.9,24.5,8.27,0,2026-07-08 02:34:18
320,49,19.3,220.4,24.3,7.93,0,2026-07-08 02:42:18
321,6,18.2,216.6,24.3,7.09,0,2026-07-08 02:50:18
322,32,20.9,245.9,24.1,8.36,0,2026-07-08 02:58:18
323,13,21.1,245.9,22.4,8.74,0,2026-07-08 03:06:18
324,11,24.7,220.2,25.4,9.14,0,2026-07-08 03:14:18
325,13,24.1,277.4,23.9,10.2,0,2026-07-08 03:22:18
326,24,24.5,259.6,23.8,9.0,0,2026-07-08 03:30:18
327,28,25.5,259.5,24.2,10.85,0,2026-07-08 03:38:18
328,45,29.5,301.4,22.6,11.23,0,2026-07-08 03:46:18
329,13,27.9,254.0,22.9,12.0,0,2026-07-08 03:54:18
330,2,28.6,255.0,25.8,11.6,0,2026-07-08 04:02:18
331,32,32.0,316.6,24.7,13.06,0,2026-07-08 04:10:18
332,18,30.4,292.9,24.1,11.64,0,2026-07-08 04:18:18
333,49,30.5,294.8,22.9,11.47,0,2026-07-08 04:26:18
334,40,31.5,272.2,24.7,12.76,0,2026-07-08 04:34:18
335,30,36.1,349.6,24.2,14.6,0,2026-07-08 04:42:18
336,45,36.8,406.6,25.8,15.63,0,2026-07-08 04:50:18
337,1,36.8,352.8,24.1,15.0,0,2026-07-08 04:58:18
338,16,39.1,363.0,25.5,15.53,0,2026-07-08 05:06:18
339,39,40.8,458.6,25.6,16.28,0,2026-07-08 05:14:18
340,42,37.5,373.2,25.8,14.26,0,2026-07-08 05:22:18
341,17,41.3,401.8,25.5,16.63,0,2026-07-08 05:30:18
342,21,42.6,389.5,28.1,16.19,0,2026-07-08 05:38:18
343,18,46.0,446.1,24.9,19.29,0,2026-07-08 05:46:18
344,40,44.9,402.4,26.4,18.36,0,2026-07-08 05:54:18
345,36,42.5,466.2,24.9,16.56,0,2026-07-08 06:02:18
346,29,48.4,454.0,28.6,18.49,0,2026-07-08 06:10:18
347,2,45.6,539.1,26.2,18.32,0,2026-07-08 06:18:18
348,33,48.0,476.2,25.4,18.57,0,2026-07-08 06:26:18
349,20,48.1,399.0,27.5,18.32,0,2026-07-08 06:34:18
350,25,51.2,448.2,27.6,19.98,0,2026-07-08 06:42:18
351,24,53.7,431.8,29.7,21.2,0,2026-07-08 06:50:18
352,16,52.5,599.2,27.2,21.16,0,2026-07-08 06:58:18
353,34,51.6,427.7,29.5,21.59,0,2026-07-08 07:06:18
354,19,54.5,643.6,29.9,21.16,0,2026-07-08 07:14:18
355,11,53.9,584.6,29.4,22.51,0,2026-07-08 07:22:18
356,7,55.4,563.0,28.8,22.13,0,2026-07-08 07:30:18
357,33,55.2,473.6,29.3,21.99,0,2026-07-08 07:38:18
358,44,56.1,585.6,29.2,22.48,0,2026-07-08 07:46:18
359,15,58.8,512.4,28.5,23.17,0,2026-07-08 07:54:18
360,32,58.2,585.6,30.4,22.29,0,2026-07-08 08:02:18
361,17,60.8,551.6,27.5,23.51,0,2026-07-08 08:10:18
362,20,63.9,585.9,29.6,25.57,0,2026-07-08 08:18:18
363,44,65.6,681.3,30.0,27.14,0,2026-07-08 08:26:18
364,10,66.7,733.4,31.5,26.43,0,2026-07-08 08:34:18
365,37,67.7,748.6,31.5,27.38,0,2026-07-08 08:42:18
366,33,66.8,750.3,29.2,26.86,0,2026-07-08 08:50:18
367,38,68.4,820.6,30.2,26.86,0,2026-07-08 08:58:18
368,26,69.6,827.1,32.1,27.67,0,2026-07-08 09:06:18
369,43,67.2,649.3,28.2,25.9,0,2026-07-08 09:14:18
370,38,71.0,661.4,31.2,27.4,0,2026-07-08 09:22:18
371,42,70.3,693.8,29.6,27.64,0,2026-07-08 09:30:18
372,26,71.0,623.3,31.5,28.34,0,2026-07-08 09:38:18
373,39,75.5,860.5,31.8,29.42,0,2026-07-08 09:46:18
374,5,71.7,640.7,31.5,28.77,0,2026-07-08 09:54:18
375,1,77.0,852.4,31.3,31.55,0,2026-07-08 10:02:18
376,48,76.4,792.2,32.5,30.61,0,2026-07-08 10:10:18
377,7,74.5,660.6,31.1,28.81,0,2026-07-08 10:18:18
378,4,75.7,624.9,30.2,30.91,0,2026-07-08 10:26:18
379,14,81.4,800.7,31.3,32.92,0,2026-07-08 10:34:18
380,38,80.2,907.5,32.9,32.65,0,2026-07-08 10:42:18
381,36,83.7,961.3,30.9,32.94,0,2026-07-08 10:50:18
382,18,79.7,819.9,33.4,32.76,0,2026-07-08 10:58:18
383,19,84.3,998.6,34.1,32.95,0,2026-07-08 11:06:18
384,25,84.6,766.9,31.7,33.01,0,2026-07-08 11:14:18
385,3,87.2,913.7,32.3,34.1,1,2026-07-08 11:22:18
386,13,85.6,733.6,33.0,33.38,1,2026-07-08 11:30:18
387,27,87.4,836.5,32.3,35.94,1,2026-07-08 11:38:18
388,41,90.8,843.2,35.3,36.11,1,2026-07-08 11:46:18
389,20,90.0,1021.9,34.8,36.09,1,2026-07-08 11:54:18
390,23,89.9,845.6,32.3,36.09,1,2026-07-08 12:02:18
391,48,91.6,1028.2,33.5,37.32,1,2026-07-08 12:10:18
392,28,93.4,867.8,35.9,37.47,1,2026-07-08 12:18:18
393,11,94.0,916.8,32.3,36.62,1,2026-07-08 12:26:18
394,33,93.8,1125.2,33.2,36.6,1,2026-07-08 12:34:18
395,7,97.3,999.0,36.1,38.76,1,2026-07-08 12:42:18
396,29,95.8,1097.0,32.4,37.56,1,2026-07-08 12:50:18
397,24,99.4,841.3,36.4,39.66,1,2026-07-08 12:58:18
398,50,95.7,861.5,33.4,39.25,1,2026-07-08 13:06:18
399,3,98.9,886.1,33.6,39.42,1,2026-07-08 13:14:18
400,18,5.0,58.1,21.1,1.65,0,2026-07-08 13:22:18
401,36,5.0,55.7,21.4,2.34,0,2026-07-08 13:30:18
402,19,5.0,55.5,22.5,1.07,0,2026-07-08 13:38:18
403,35,5.0,45.3,20.9,1.04,0,2026-07-08 13:46:18
404,41,5.0,51.2,21.2,2.08,0,2026-07-08 13:54:18
405,40,5.0,50.7,20.6,2.31,0,2026-07-08 14:02:18
406,16,8.5,96.5,22.8,2.68,0,2026-07-08 14:10:18
407,15,5.3,43.3,20.0,2.55,0,2026-07-08 14:18:18
408,18,6.1,72.1,22.2,2.46,0,2026-07-08 14:26:18
409,40,8.6,101.5,21.8,3.79,0,2026-07-08 14:34:18
410,21,10.4,98.4,21.7,4.97,0,2026-07-08 14:42:18
411,19,8.6,84.9,20.5,2.67,0,2026-07-08 14:50:18
412,18,10.3,113.5,21.5,3.48,0,2026-07-08 14:58:18
413,18,11.0,109.8,19.9,4.58,0,2026-07-08 15:06:18
414,13,11.2,125.8,22.5,4.98,0,2026-07-08 15:14:18
415,21,13.7,152.2,22.5,5.79,0,2026-07-08 15:22:18
416,20,14.6,142.6,21.5,5.16,0,2026-07-08 15:30:18
417,34,15.0,130.8,20.5,5.8,0,2026-07-08 15:38:18
418,13,16.5,183.1,21.9,7.08,0,2026-07-08 15:46:18
419,47,21.5,199.3,23.1,8.66,0,2026-07-08 15:54:18
420,30,18.9,162.4,21.7,8.39,0,2026-07-08 16:02:18
421,22,18.9,220.3,24.4,6.67,0,2026-07-08 16:10:18
422,12,21.4,173.0,23.1,7.76,0,2026-07-08 16:18:18
423,21,22.7,219.3,22.9,9.03,0,2026-07-08 16:26:18
424,3,21.4,253.9,23.9,8.53,0,2026-07-08 16:34:18
425,43,23.5,243.4,23.3,10.39,0,2026-07-08 16:42:18
426,26,25.6,264.6,24.5,9.58,0,2026-07-08 16:50:18
427,19,26.6,260.0,24.4,9.68,0,2026-07-08 16:58:18
428,41,28.2,255.8,24.2,10.8,0,2026-07-08 17:06:18
429,23,28.1,257.6,24.5,10.45,0,2026-07-08 17:14:18
430,28,27.5,237.6,23.1,10.25,0,2026-07-08 17:22:18
431,37,30.8,349.3,23.9,12.95,0,2026-07-08 17:30:18
432,4,31.5,276.1,26.7,13.3,0,2026-07-08 17:38:18
433,43,35.6,328.1,23.4,14.59,0,2026-07-08 17:46:18
434,24,33.2,370.0,26.7,12.91,0,2026-07-08 17:54:18
435,40,37.2,425.1,25.0,15.83,0,2026-07-08 18:02:18
436,7,36.5,333.9,23.7,13.78,0,2026-07-08 18:10:18
437,3,34.8,340.6,23.9,14.76,0,2026-07-08 18:18:18
438,40,37.6,419.2,27.2,15.67,0,2026-07-08 18:26:18
439,42,38.5,374.4,26.2,15.29,0,2026-07-08 18:34:18
440,50,42.5,440.2,25.8,16.93,0,2026-07-08 18:42:18
441,45,40.9,473.8,27.6,15.67,0,2026-07-08 18:50:18
442,7,40.5,418.3,25.0,16.67,0,2026-07-08 18:58:18
443,27,43.3,458.4,25.5,16.46,0,2026-07-08 19:06:18
444,4,42.6,393.6,24.8,17.14,0,2026-07-08 19:14:18
445,11,47.9,573.7,25.7,18.92,0,2026-07-08 19:22:18
446,9,47.7,383.1,26.7,19.73,0,2026-07-08 19:30:18
447,49,49.5,471.9,25.5,20.62,0,2026-07-08 19:38:18
448,14,46.5,534.0,26.5,19.59,0,2026-07-08 19:46:18
449,47,48.4,546.0,26.0,19.7,0,2026-07-08 19:54:18
450,50,48.6,533.3,28.9,19.49,0,2026-07-08 20:02:18
451,2,50.9,521.5,25.9,21.29,0,2026-07-08 20:10:18
452,9,49.4,564.0,26.4,19.01,0,2026-07-08 20:18:18
453,26,50.8,518.4,29.4,20.22,0,2026-07-08 20:26:18
454,32,54.6,438.9,29.7,21.65,0,2026-07-08 20:34:18
455,6,52.9,506.1,26.4,20.87,0,2026-07-08 20:42:18
456,46,58.7,653.3,29.4,23.21,0,2026-07-08 20:50:18
457,12,57.9,648.6,27.3,23.64,0,2026-07-08 20:58:18
458,35,59.3,639.4,28.9,24.42,0,2026-07-08 21:06:18
459,42,58.2,568.4,29.8,22.88,0,2026-07-08 21:14:18
460,10,60.6,624.8,29.7,25.18,0,2026-07-08 21:22:18
461,25,59.6,587.2,27.0,23.38,0,2026-07-08 21:30:18
462,27,60.6,695.6,27.8,25.23,0,2026-07-08 21:38:18
463,16,63.4,525.6,28.8,25.7,0,2026-07-08 21:46:18
464,35,64.7,705.6,28.6,25.97,0,2026-07-08 21:54:18
465,11,67.7,736.9,31.4,26.47,0,2026-07-08 22:02:18
466,20,67.7,679.7,30.4,26.37,0,2026-07-08 22:10:18
467,5,65.1,625.2,28.2,25.57,0,2026-07-08 22:18:18
468,7,66.1,737.5,30.1,26.68,0,2026-07-08 22:26:18
469,38,71.4,808.2,30.6,27.99,0,2026-07-08 22:34:18
470,29,71.1,689.7,30.0,28.16,0,2026-07-08 22:42:18
471,36,70.9,727.7,30.5,28.31,0,2026-07-08 22:50:18
472,43,69.7,697.5,30.2,28.31,0,2026-07-08 22:58:18
473,47,70.5,774.4,30.6,28.57,0,2026-07-08 23:06:18
474,6,74.8,781.8,31.0,30.58,0,2026-07-08 23:14:18
475,12,76.7,709.8,31.4,30.25,0,2026-07-08 23:22:18
476,50,76.7,885.5,33.4,31.66,0,2026-07-08 23:30:18
477,19,79.4,760.4,30.5,30.94,0,2026-07-08 23:38:18
478,27,80.4,649.8,34.0,31.55,0,2026-07-08 23:46:18
479,49,78.6,801.8,32.8,30.58,0,2026-07-08 23:54:18
480,39,81.2,812.6,31.1,31.79,0,2026-07-09 00:02:18
481,17,83.0,975.9,30.6,32.31,0,2026-07-09 00:10:18
482,26,81.4,793.3,31.7,32.55,0,2026-07-09 00:18:18
483,35,85.2,791.8,31.5,33.7,1,2026-07-09 00:26:18
484,49,86.1,948.2,32.8,35.04,1,2026-07-09 00:34:18
485,38,86.2,946.5,34.4,34.64,1,2026-07-09 00:42:18
486,8,87.3,970.4,34.3,34.79,1,2026-07-09 00:50:18
487,34,88.8,798.8,33.5,36.14,1,2026-07-09 00:58:18
488,35,86.5,715.4,34.4,34.96,1,2026-07-09 01:06:18
489,9,89.3,791.0,32.2,36.52,1,2026-07-09 01:14:18
490,32,88.1,799.8,31.9,35.99,1,2026-07-09 01:22:18
491,11,89.2,890.6,32.7,35.39,1,2026-07-09 01:30:18
492,3,89.4,1048.0,34.1,36.27,1,2026-07-09 01:38:18
493,50,90.1,1032.5,34.1,36.31,1,2026-07-09 01:46:18
494,25,96.7,1038.5,33.8,38.65,1,2026-07-09 01:54:18
495,5,93.3,757.6,34.0,37.02,1,2026-07-09 02:02:18
496,20,95.6,782.1,34.5,37.93,1,2026-07-09 02:10:18
497,26,94.2,837.4,34.0,37.85,1,2026-07-09 02:18:18
498,36,95.7,1007.2,33.8,38.15,1,2026-07-09 02:26:18
499,35,97.2,840.5,36.1,39.83,1,2026-07-09 02:34:18
500,24,5.0,59.5,20.8,2.31,0,2026-07-09 02:42:18
501,29,5.0,56.7,20.7,1.34,0,2026-07-09 02:50:18
502,47,5.0,45.2,19.9,2.62,0,2026-07-09 02:58:18
503,44,5.0,59.4,19.2,1.24,0,2026-07-09 03:06:18
504,6,5.0,57.8,21.2,2.36,0,2026-07-09 03:14:18
505,38,5.0,51.8,22.1,1.41,0,2026-07-09 03:22:18
506,28,5.2,48.8,22.1,1.87,0,2026-07-09 03:30:18
507,40,8.2,79.7,20.6,3.43,0,2026-07-09 03:38:18
508,32,7.8,63.7,22.0,2.35,0,2026-07-09 03:46:18
509,31,11.3,108.0,22.8,4.46,0,2026-07-09 03:54:18
510,20,12.8,135.7,21.4,4.26,0,2026-07-09 04:02:18
511,2,9.5,76.9,20.7,4.11,0,2026-07-09 04:10:18
512,35,14.6,154.4,22.0,6.8,0,2026-07-09 04:18:18
513,4,13.4,158.4,21.8,5.51,0,2026-07-09 04:26:18
514,9,12.4,131.0,20.4,4.55,0,2026-07-09 04:34:18
515,41,14.0,116.3,23.8,5.55,0,2026-07-09 04:42:18
516,31,18.2,165.7,20.9,7.45,0,2026-07-09 04:50:18
517,41,15.3,144.6,23.3,5.45,0,2026-07-09 04:58:18
518,47,17.6,173.9,22.9,7.65,0,2026-07-09 05:06:18
519,27,19.6,203.6,23.2,6.87,0,2026-07-09 05:14:18
520,37,22.2,223.1,24.7,8.6,0,2026-07-09 05:22:18
521,36,22.1,192.8,23.7,8.92,0,2026-07-09 05:30:18
522,14,19.3,220.9,21.1,7.89,0,2026-07-09 05:38:18
523,18,24.3,286.1,25.5,10.66,0,2026-07-09 05:46:18
524,36,25.4,253.2,23.1,9.6,0,2026-07-09 05:54:18
525,11,25.1,279.2,23.6,9.89,0,2026-07-09 06:02:18
526,23,26.3,247.9,24.2,11.35,0,2026-07-09 06:10:18
527,35,26.6,318.3,22.7,10.82,0,2026-07-09 06:18:18
528,3,28.4,298.4,23.3,10.65,0,2026-07-09 06:26:18
529,13,26.2,267.9,22.7,11.37,0,2026-07-09 06:34:18
530,7,32.7,388.7,24.1,12.42,0,2026-07-09 06:42:18
531,48,29.5,342.9,22.4,11.78,0,2026-07-09 06:50:18
532,47,31.8,341.2,23.6,13.31,0,2026-07-09 06:58:18
533,14,35.1,368.9,23.6,14.18,0,2026-07-09 07:06:18
534,27,36.5,396.9,23.7,15.49,0,2026-07-09 07:14:18
535,42,32.2,265.3,26.4,13.57,0,2026-07-09 07:22:18
536,18,36.1,299.1,25.5,14.46,0,2026-07-09 07:30:18
537,2,37.9,366.9,27.2,15.01,0,2026-07-09 07:38:18
538,18,38.9,426.3,27.1,15.46,0,2026-07-09 07:46:18
539,7,38.6,354.6,24.3,15.01,0,2026-07-09 07:54:18
540,28,42.7,440.6,26.9,16.16,0,2026-07-09 08:02:18
541,38,42.9,388.9,26.9,16.32,0,2026-07-09 08:10:18
542,35,40.8,452.1,26.2,15.89,0,2026-07-09 08:18:18
543,27,42.2,475.8,26.2,17.55,0,2026-07-09 08:26:18
544,34,46.2,445.8,27.4,18.13,0,2026-07-09 08:34:18
545,30,44.2,474.2,25.9,17.85,0,2026-07-09 08:42:18
546,32,45.7,515.4,27.4,18.76,0,2026-07-09 08:50:18
547,30,45.1,419.4,28.1,17.72,0,2026-07-09 08:58:18
548,14,50.9,530.2,26.5,20.39,0,2026-07-09 09:06:18
549,3,50.2,474.2,25.8,20.71,0,2026-07-09 09:14:18
550,17,53.0,429.9,26.8,21.51,0,2026-07-09 09:22:18
551,30,53.4,585.8,26.9,22.28,0,2026-07-09 09:30:18
552,17,50.0,505.8,28.4,19.89,0,2026-07-09 09:38:18
553,24,50.5,541.5,25.7,19.69,0,2026-07-09 09:46:18
554,14,53.5,520.3,26.4,22.21,0,2026-07-09 09:54:18
555,21,53.2,561.2,28.7,21.98,0,2026-07-09 10:02:18
556,34,57.4,641.1,28.2,22.17,0,2026-07-09 10:10:18
557,44,59.7,684.2,30.0,23.78,0,2026-07-09 10:18:18
558,48,56.4,486.9,28.3,23.5,0,2026-07-09 10:26:18
559,44,59.4,510.0,27.7,23.56,0,2026-07-09 10:34:18
560,17,57.1,539.4,26.8,22.1,0,2026-07-09 10:42:18
561,41,63.1,732.5,28.9,25.51,0,2026-07-09 10:50:18
562,23,64.8,694.3,31.1,25.49,0,2026-07-09 10:58:18
563,25,65.9,667.6,30.7,26.75,0,2026-07-09 11:06:18
564,21,63.0,528.2,30.6,25.93,0,2026-07-09 11:14:18
565,30,62.2,720.2,30.9,25.66,0,2026-07-09 11:22:18
566,24,64.0,564.5,28.3,26.49,0,2026-07-09 11:30:18
567,27,65.1,769.9,28.4,26.74,0,2026-07-09 11:38:18
568,2,68.4,819.0,31.6,27.72,0,2026-07-09 11:46:18
569,37,66.7,694.0,28.3,26.99,0,2026-07-09 11:54:18
570,6,71.3,812.6,31.0,28.67,0,2026-07-09 12:02:18
571,23,71.4,729.8,32.1,28.22,0,2026-07-09 12:10:18
572,10,74.4,736.0,31.3,30.19,0,2026-07-09 12:18:18
573,48,71.7,803.9,30.6,28.89,0,2026-07-09 12:26:18
574,25,71.2,809.4,29.2,29.06,0,2026-07-09 12:34:18
575,22,74.2,645.3,33.1,30.43,0,2026-07-09 12:42:18
576,43,76.0,900.5,32.6,30.51,0,2026-07-09 12:50:18
577,23,74.6,608.3,29.5,30.01,0,2026-07-09 12:58:18
578,25,75.3,707.5,32.4,30.13,0,2026-07-09 13:06:18
579,9,81.0,757.2,32.5,32.65,0,2026-07-09 13:14:18
580,11,78.3,743.6,30.9,31.19,0,2026-07-09 13:22:18
581,6,81.3,772.4,33.5,31.84,0,2026-07-09 13:30:18
582,14,80.2,735.6,33.8,32.7,0,2026-07-09 13:38:18
583,32,83.8,833.3,34.2,32.62,0,2026-07-09 13:46:18
584,21,86.6,855.5,34.5,34.59,1,2026-07-09 13:54:18
585,2,87.3,727.6,33.5,35.81,1,2026-07-09 14:02:18
586,14,88.6,950.3,32.8,35.44,1,2026-07-09 14:10:18
587,23,87.6,771.5,32.6,34.77,1,2026-07-09 14:18:18
588,7,90.0,863.9,34.3,35.91,1,2026-07-09 14:26:18
589,14,91.8,841.9,32.1,36.37,1,2026-07-09 14:34:18
590,2,92.4,1048.1,32.9,37.65,1,2026-07-09 14:42:18
591,33,88.1,770.8,35.0,34.35,1,2026-07-09 14:50:18
592,17,90.1,754.7,35.3,35.05,1,2026-07-09 14:58:18
593,41,95.4,1081.1,35.1,37.91,1,2026-07-09 15:06:18
594,25,92.5,746.2,32.6,37.59,1,2026-07-09 15:14:18
595,44,96.1,880.0,33.6,38.4,1,2026-07-09 15:22:18
596,11,98.4,936.9,34.4,40.29,1,2026-07-09 15:30:18
597,1,98.2,918.5,35.3,39.37,1,2026-07-09 15:38:18
598,12,97.5,1161.5,34.4,38.72,1,2026-07-09 15:46:18
599,20,96.1,928.8,33.7,38.67,1,2026-07-09 15:54:18
600,33,5.0,58.8,19.2,1.12,0,2026-07-09 16:02:18
601,2,5.0,54.4,20.2,1.39,0,2026-07-09 16:10:18
602,23,5.0,55.3,22.0,2.45,0,2026-07-09 16:18:18
603,19,5.7,58.1,20.0,2.81,0,2026-07-09 16:26:18
604,23,5.0,58.5,20.5,1.93,0,2026-07-09 16:34:18
605,2,6.4,74.2,21.9,2.3,0,2026-07-09 16:42:18
606,32,8.0,70.1,22.9,2.93,0,2026-07-09 16:50:18
607,7,5.8,64.6,20.2,1.84,0,2026-07-09 16:58:18
608,47,7.6,64.7,21.4,3.37,0,2026-07-09 17:06:18
609,31,11.9,134.6,19.9,5.11,0,2026-07-09 17:14:18
610,15,9.0,90.3,22.9,4.15,0,2026-07-09 17:22:18
611,22,11.9,140.2,22.8,4.49,0,2026-07-09 17:30:18
612,39,11.5,129.9,19.8,4.23,0,2026-07-09 17:38:18
613,45,13.2,130.5,22.7,5.65,0,2026-07-09 17:46:18
614,44,12.0,110.1,20.4,4.31,0,2026-07-09 17:54:18
615,8,15.6,127.7,21.9,5.83,0,2026-07-09 18:02:18
616,1,18.6,209.0,24.2,7.4,0,2026-07-09 18:10:18
617,26,14.7,139.1,23.7,5.49,0,2026-07-09 18:18:18
618,30,17.4,152.8,22.6,6.88,0,2026-07-09 18:26:18
619,31,20.4,183.2,22.9,7.75,0,2026-07-09 18:34:18
620,26,17.2,175.2,24.6,6.7,0,2026-07-09 18:42:18
621,2,22.0,262.5,24.7,8.45,0,2026-07-09 18:50:18
622,37,19.8,226.8,24.4,8.48,0,2026-07-09 18:58:18
623,11,20.3,220.5,22.9,8.21,0,2026-07-09 19:06:18
624,44,25.5,286.8,22.4,10.47,0,2026-07-09 19:14:18
625,30,26.9,304.5,23.0,11.05,0,2026-07-09 19:22:18
626,2,23.5,274.0,22.4,9.44,0,2026-07-09 19:30:18
627,36,28.7,231.5,25.9,10.61,0,2026-07-09 19:38:18
628,38,27.0,255.2,23.9,11.58,0,2026-07-09 19:46:18
629,21,31.3,277.3,25.1,12.37,0,2026-07-09 19:54:18
630,8,28.0,234.7,22.8,10.74,0,2026-07-09 20:02:18
631,36,30.1,277.3,24.8,12.14,0,2026-07-09 20:10:18
632,41,31.3,359.3,23.4,11.9,0,2026-07-09 20:18:18
633,47,35.4,357.5,26.8,14.39,0,2026-07-09 20:26:18
634,39,35.4,311.9,26.7,14.25,0,2026-07-09 20:34:18
635,20,38.0,435.4,26.0,14.91,0,2026-07-09 20:42:18
636,35,37.6,409.9,24.5,14.52,0,2026-07-09 20:50:18
637,1,36.6,299.4,24.2,13.68,0,2026-07-09 20:58:18
638,34,40.8,414.2,27.2,15.84,0,2026-07-09 21:06:18
639,14,41.9,370.2,26.0,16.05,0,2026-07-09 21:14:18
640,8,38.9,382.4,27.3,16.12,0,2026-07-09 21:22:18
641,6,38.0,370.5,26.6,15.49,0,2026-07-09 21:30:18
642,12,40.9,417.1,27.6,16.25,0,2026-07-09 21:38:18
643,17,41.0,485.1,25.0,16.3,0,2026-07-09 21:46:18
644,3,42.4,423.8,28.1,17.59,0,2026-07-09 21:54:18
645,11,44.8,413.6,24.9,17.3,0,2026-07-09 22:02:18
646,17,46.4,381.2,27.0,17.82,0,2026-07-09 22:10:18
647,24,47.9,445.4,26.3,19.77,0,2026-07-09 22:18:18
648,40,48.5,397.0,27.0,19.08,0,2026-07-09 22:26:18
649,30,47.9,513.6,25.5,20.11,0,2026-07-09 22:34:18
650,40,49.6,476.4,27.0,19.85,0,2026-07-09 22:42:18
651,6,50.7,524.8,27.9,20.91,0,2026-07-09 22:50:18
652,6,51.5,466.1,28.5,20.6,0,2026-07-09 22:58:18
653,41,54.0,631.4,29.0,22.52,0,2026-07-09 23:06:18
654,17,56.6,536.2,29.4,21.85,0,2026-07-09 23:14:18
655,8,56.4,473.3,28.2,22.31,0,2026-07-09 23:22:18
656,4,54.9,453.4,27.5,22.85,0,2026-07-09 23:30:18
657,16,57.0,580.4,28.1,23.51,0,2026-07-09 23:38:18
658,1,59.6,627.2,28.1,24.59,0,2026-07-09 23:46:18
659,33,58.1,571.0,29.5,24.13,0,2026-07-09 23:54:18
660,26,61.9,616.2,30.2,25.09,0,2026-07-10 00:02:18
661,44,61.9,564.1,28.1,25.02,0,2026-07-10 00:10:18
662,7,62.9,747.9,28.6,25.56,0,2026-07-10 00:18:18
663,31,65.8,787.4,30.0,26.51,0,2026-07-10 00:26:18
664,30,64.5,552.4,31.5,26.56,0,2026-07-10 00:34:18
665,8,64.6,523.1,31.0,25.31,0,2026-07-10 00:42:18
666,26,66.1,611.8,30.2,25.74,0,2026-07-10 00:50:18
667,6,66.5,577.3,31.9,27.09,0,2026-07-10 00:58:18
668,11,67.0,608.9,28.7,26.22,0,2026-07-10 01:06:18
669,19,71.3,652.6,31.0,29.34,0,2026-07-10 01:14:18
670,39,69.5,755.5,28.9,27.22,0,2026-07-10 01:22:18
671,32,72.0,715.1,29.7,28.85,0,2026-07-10 01:30:18
672,44,73.8,875.5,32.1,28.78,0,2026-07-10 01:38:18
673,18,72.8,789.1,29.1,29.83,0,2026-07-10 01:46:18
674,37,75.2,810.6,30.7,29.85,0,2026-07-10 01:54:18
675,47,75.5,728.9,32.3,29.64,0,2026-07-10 02:02:18
676,44,73.3,833.5,30.3,29.14,0,2026-07-10 02:10:18
677,4,75.3,760.2,31.7,29.58,0,2026-07-10 02:18:18
678,33,76.2,611.0,32.1,30.38,0,2026-07-10 02:26:18
679,50,81.8,927.7,32.6,32.44,0,2026-07-10 02:34:18
680,16,82.6,762.2,33.5,33.79,0,2026-07-10 02:42:18
681,30,78.8,934.7,32.8,30.93,0,2026-07-10 02:50:18
682,14,80.6,677.1,32.1,31.42,0,2026-07-10 02:58:18
683,27,85.6,1024.9,31.5,34.22,1,2026-07-10 03:06:18
684,17,86.5,792.8,34.1,35.13,1,2026-07-10 03:14:18
685,41,87.7,974.5,34.9,34.32,1,2026-07-10 03:22:18
686,32,86.7,864.6,32.7,33.79,1,2026-07-10 03:30:18
687,39,86.1,812.3,33.5,34.97,1,2026-07-10 03:38:18
688,44,88.8,877.6,32.0,34.93,1,2026-07-10 03:46:18
689,23,86.1,1028.7,31.5,34.84,1,2026-07-10 03:54:18
690,30,87.1,881.6,31.6,34.87,1,2026-07-10 04:02:18
691,49,93.1,1029.0,34.0,37.67,1,2026-07-10 04:10:18
692,26,90.7,1083.0,34.4,36.59,1,2026-07-10 04:18:18
693,2,94.3,1027.7,34.0,38.06,1,2026-07-10 04:26:18
694,18,93.3,1067.4,35.5,36.69,1,2026-07-10 04:34:18
695,11,93.7,1023.6,32.7,36.82,1,2026-07-10 04:42:18
696,43,97.6,959.1,33.1,39.18,1,2026-07-10 04:50:18
697,8,97.6,920.4,35.2,38.06,1,2026-07-10 04:58:18
698,21,97.2,1095.5,35.8,38.0,1,2026-07-10 05:06:18
699,2,98.3,1052.1,34.5,38.61,1,2026-07-10 05:14:18
700,13,5.0,43.2,22.7,2.91,0,2026-07-10 05:22:18
701,46,5.0,54.0,18.8,1.4,0,2026-07-10 05:30:18
702,46,5.0,43.1,20.8,2.94,0,2026-07-10 05:38:18
703,8,5.0,46.3,19.7,2.73,0,2026-07-10 05:46:18
704,5,5.2,59.7,22.2,1.67,0,2026-07-10 05:54:18
705,5,5.0,44.0,19.1,2.36,0,2026-07-10 06:02:18
706,39,6.9,58.1,21.2,2.18,0,2026-07-10 06:10:18
707,15,6.8,80.8,21.8,3.29,0,2026-07-10 06:18:18
708,44,5.2,49.3,20.5,1.46,0,2026-07-10 06:26:18
709,37,9.4,92.5,22.7,4.34,0,2026-07-10 06:34:18
710,16,12.9,151.5,22.8,4.96,0,2026-07-10 06:42:18
711,40,13.5,151.6,23.4,4.69,0,2026-07-10 06:50:18
712,43,11.9,129.5,20.6,5.13,0,2026-07-10 06:58:18
713,8,13.2,140.3,20.8,4.32,0,2026-07-10 07:06:18
714,13,12.0,141.1,23.8,4.83,0,2026-07-10 07:14:18
715,3,17.9,189.5,22.5,7.4,0,2026-07-10 07:22:18
716,10,13.7,153.0,22.2,5.01,0,2026-07-10 07:30:18
717,9,14.0,132.9,23.6,4.64,0,2026-07-10 07:38:18
718,47,20.0,180.6,21.2,7.76,0,2026-07-10 07:46:18
719,43,18.9,181.5,21.9,8.27,0,2026-07-10 07:54:18
720,20,19.1,200.7,22.3,7.62,0,2026-07-10 08:02:18
721,26,22.2,258.4,21.6,8.97,0,2026-07-10 08:10:18
722,5,22.8,220.2,22.7,10.08,0,2026-07-10 08:18:18
723,6,21.2,222.2,21.7,7.5,0,2026-07-10 08:26:18
724,3,21.6,231.8,23.7,8.06,0,2026-07-10 08:34:18
725,46,23.2,240.3,25.3,8.86,0,2026-07-10 08:42:18
726,31,25.7,217.0,22.6,10.17,0,2026-07-10 08:50:18
727,2,28.7,334.9,23.3,12.04,0,2026-07-10 08:58:18
728,29,26.3,282.0,22.0,10.36,0,2026-07-10 09:06:18
729,1,29.5,240.2,23.1,12.62,0,2026-07-10 09:14:18
730,46,30.5,316.7,23.8,11.48,0,2026-07-10 09:22:18
731,7,30.6,253.1,22.9,12.07,0,2026-07-10 09:30:18
732,15,30.6,346.1,23.5,11.49,0,2026-07-10 09:38:18
733,22,32.0,382.1,25.1,13.18,0,2026-07-10 09:46:18
734,21,33.1,315.0,24.3,13.28,0,2026-07-10 09:54:18
735,42,32.2,263.1,25.2,13.37,0,2026-07-10 10:02:18
736,30,36.0,418.8,25.8,14.7,0,2026-07-10 10:10:18
737,31,36.9,365.4,24.6,15.59,0,2026-07-10 10:18:18
738,43,36.0,329.2,26.2,14.26,0,2026-07-10 10:26:18
739,39,37.5,386.2,27.4,15.42,0,2026-07-10 10:34:18
740,43,42.9,492.9,27.0,16.65,0,2026-07-10 10:42:18
741,2,39.6,444.3,26.2,15.22,0,2026-07-10 10:50:18
742,5,40.9,398.0,25.3,17.31,0,2026-07-10 10:58:18
743,13,44.1,420.7,27.5,17.3,0,2026-07-10 11:06:18
744,42,46.2,517.4,27.5,19.39,0,2026-07-10 11:14:18
745,49,42.1,387.5,24.9,16.48,0,2026-07-10 11:22:18
746,24,43.5,413.4,28.4,17.67,0,2026-07-10 11:30:18
747,49,45.7,438.3,28.7,18.52,0,2026-07-10 11:38:18
748,21,45.8,427.4,27.1,17.61,0,2026-07-10 11:46:18
749,22,46.7,435.2,28.7,19.15,0,2026-07-10 11:54:18
750,10,50.5,445.8,26.1,19.89,0,2026-07-10 12:02:18
751,35,51.3,516.2,28.1,21.01,0,2026-07-10 12:10:18
752,34,50.7,589.5,29.0,19.84,0,2026-07-10 12:18:18
753,43,55.0,614.3,26.6,21.1,0,2026-07-10 12:26:18
754,32,51.6,418.7,29.6,20.58,0,2026-07-10 12:34:18
755,6,54.5,573.8,28.4,21.5,0,2026-07-10 12:42:18
756,29,55.9,525.5,27.5,21.59,0,2026-07-10 12:50:18
757,10,55.5,518.2,29.6,21.27,0,2026-07-10 12:58:18
758,3,58.4,650.3,28.7,23.4,0,2026-07-10 13:06:18
759,13,58.6,528.6,29.6,22.9,0,2026-07-10 13:14:18
760,14,61.8,501.8,30.0,24.04,0,2026-07-10 13:22:18
761,40,61.6,692.4,28.4,25.34,0,2026-07-10 13:30:18
762,31,62.4,502.5,28.1,24.07,0,2026-07-10 13:38:18
763,17,64.5,672.0,31.5,25.19,0,2026-07-10 13:46:18
764,49,61.9,523.3,30.4,25.7,0,2026-07-10 13:54:18
765,45,63.4,549.6,30.9,26.12,0,2026-07-10 14:02:18
766,34,65.6,575.6,30.9,25.73,0,2026-07-10 14:10:18
767,35,66.8,701.2,28.2,26.94,0,2026-07-10 14:18:18
768,42,69.9,763.5,31.1,28.07,0,2026-07-10 14:26:18
769,47,66.3,788.6,28.8,26.57,0,2026-07-10 14:34:18
770,27,69.0,558.9,32.3,28.16,0,2026-07-10 14:42:18
771,8,72.6,593.8,30.4,28.34,0,2026-07-10 14:50:18
772,38,72.6,841.9,30.4,29.26,0,2026-07-10 14:58:18
773,26,72.9,848.3,31.3,28.19,0,2026-07-10 15:06:18
774,27,72.3,676.9,32.6,29.76,0,2026-07-10 15:14:18
775,14,73.8,728.6,30.2,30.24,0,2026-07-10 15:22:18
776,36,78.6,858.9,30.6,31.29,0,2026-07-10 15:30:18
777,23,79.6,847.4,31.2,32.23,0,2026-07-10 15:38:18
778,30,78.6,729.1,33.0,31.24,0,2026-07-10 15:46:18
779,43,81.9,952.5,31.2,31.81,0,2026-07-10 15:54:18
780,14,77.0,917.2,31.9,31.63,0,2026-07-10 16:02:18
781,12,83.6,678.1,32.4,33.05,0,2026-07-10 16:10:18
782,4,85.0,697.2,34.5,33.29,1,2026-07-10 16:18:18
783,17,84.7,703.0,31.7,33.43,0,2026-07-10 16:26:18
784,42,86.1,982.7,32.0,34.99,1,2026-07-10 16:34:18
785,48,84.7,853.8,31.7,33.82,0,2026-07-10 16:42:18
786,2,84.6,702.1,34.2,33.24,0,2026-07-10 16:50:18
787,34,84.9,912.1,32.5,34.09,0,2026-07-10 16:58:18
788,42,88.7,770.0,33.1,35.94,1,2026-07-10 17:06:18
789,38,86.2,913.1,32.4,34.48,1,2026-07-10 17:14:18
790,13,91.7,963.3,32.7,36.43,1,2026-07-10 17:22:18
791,37,90.6,809.3,33.0,36.25,1,2026-07-10 17:30:18
792,21,94.0,916.0,35.3,37.65,1,2026-07-10 17:38:18
793,8,93.1,894.7,34.3,36.52,1,2026-07-10 17:46:18
794,9,96.8,832.9,35.1,38.07,1,2026-07-10 17:54:18
795,25,92.8,844.2,35.5,37.97,1,2026-07-10 18:02:18
796,5,95.3,1041.9,36.0,37.4,1,2026-07-10 18:10:18
797,24,99.3,828.9,35.7,40.12,1,2026-07-10 18:18:18
798,41,99.4,944.2,34.8,39.82,1,2026-07-10 18:26:18
799,36,100.0,955.3,36.5,40.39,1,2026-07-10 18:34:18
800,33,5.0,49.2,21.7,2.22,0,2026-07-10 18:42:18
801,31,5.0,40.7,20.0,1.86,0,2026-07-10 18:50:18
802,25,5.0,46.4,21.2,1.86,0,2026-07-10 18:58:18
803,47,5.0,51.6,19.5,1.97,0,2026-07-10 19:06:18
804,5,5.0,44.2,20.5,2.05,0,2026-07-10 19:14:18
805,31,5.0,43.4,22.0,1.5,0,2026-07-10 19:22:18
806,24,5.4,43.8,21.0,2.2,0,2026-07-10 19:30:18
807,18,7.8,85.8,19.6,3.54,0,2026-07-10 19:38:18
808,27,6.5,52.3,22.2,1.77,0,2026-07-10 19:46:18
809,39,11.7,129.5,20.3,3.88,0,2026-07-10 19:54:18
810,10,11.7,105.5,20.3,5.34,0,2026-07-10 20:02:18
811,46,10.9,108.5,22.1,5.34,0,2026-07-10 20:10:18
812,22,13.0,146.3,21.0,4.67,0,2026-07-10 20:18:18
813,5,13.6,153.0,23.8,4.87,0,2026-07-10 20:26:18
814,38,13.5,124.3,21.8,5.78,0,2026-07-10 20:34:18
815,49,17.3,155.4,24.0,7.33,0,2026-07-10 20:42:18
816,11,16.7,153.0,23.9,7.44,0,2026-07-10 20:50:18
817,26,15.1,164.7,23.6,5.15,0,2026-07-10 20:58:18
818,38,20.7,217.2,24.4,8.94,0,2026-07-10 21:06:18
819,16,21.9,242.0,23.7,9.35,0,2026-07-10 21:14:18
820,38,22.2,194.3,24.1,9.02,0,2026-07-10 21:22:18
821,8,21.7,217.3,22.4,8.22,0,2026-07-10 21:30:18
822,35,23.1,241.7,24.5,9.3,0,2026-07-10 21:38:18
823,27,24.4,264.2,22.7,10.28,0,2026-07-10 21:46:18
824,48,26.1,243.6,25.4,10.77,0,2026-07-10 21:54:18
825,9,24.0,209.9,24.0,9.85,0,2026-07-10 22:02:18
826,4,26.0,219.8,25.6,11.14,0,2026-07-10 22:10:18
827,24,26.6,310.2,25.2,10.42,0,2026-07-10 22:18:18
828,27,29.7,274.5,22.5,12.31,0,2026-07-10 22:26:18
829,24,26.4,257.0,24.8,9.92,0,2026-07-10 22:34:18
830,8,29.3,280.6,25.8,11.35,0,2026-07-10 22:42:18
831,5,32.7,303.1,22.9,13.89,0,2026-07-10 22:50:18
832,33,34.2,274.6,27.1,13.52,0,2026-07-10 22:58:18
833,18,34.8,306.9,24.8,14.52,0,2026-07-10 23:06:18
834,18,36.0,333.8,26.8,13.99,0,2026-07-10 23:14:18
835,25,37.1,346.4,23.9,14.37,0,2026-07-10 23:22:18
836,19,38.5,396.0,27.2,15.32,0,2026-07-10 23:30:18
837,3,34.6,300.3,25.4,13.27,0,2026-07-10 23:38:18
838,1,36.2,418.5,26.2,15.18,0,2026-07-10 23:46:18
839,32,41.1,406.5,24.2,16.86,0,2026-07-10 23:54:18
840,42,37.4,333.6,24.5,14.76,0,2026-07-11 00:02:18
841,29,41.2,346.7,28.2,17.34,0,2026-07-11 00:10:18
842,36,43.6,395.1,24.8,17.28,0,2026-07-11 00:18:18
843,38,45.8,386.9,28.8,17.84,0,2026-07-11 00:26:18
844,35,46.4,420.7,25.7,19.45,0,2026-07-11 00:34:18
845,12,46.9,465.1,28.4,18.3,0,2026-07-11 00:42:18
846,45,46.6,529.5,25.8,18.99,0,2026-07-11 00:50:18
847,48,48.4,436.8,25.7,20.16,0,2026-07-11 00:58:18
848,14,46.7,441.5,27.6,19.02,0,2026-07-11 01:06:18
849,24,49.1,503.2,27.6,20.13,0,2026-07-11 01:14:18
850,11,49.1,512.3,29.1,19.75,0,2026-07-11 01:22:18
851,25,52.9,566.6,27.8,20.68,0,2026-07-11 01:30:18
852,26,51.5,493.7,26.1,21.29,0,2026-07-11 01:38:18
853,6,52.8,497.0,27.2,21.04,0,2026-07-11 01:46:18
854,33,53.5,532.8,28.5,21.01,0,2026-07-11 01:54:18
855,9,56.2,561.9,28.0,23.47,0,2026-07-11 02:02:18
856,3,57.0,467.6,27.6,21.95,0,2026-07-11 02:10:18
857,9,57.8,486.5,30.7,23.14,0,2026-07-11 02:18:18
858,7,57.1,508.8,27.3,23.32,0,2026-07-11 02:26:18
859,9,60.3,483.2,28.6,24.26,0,2026-07-11 02:34:18
860,38,57.3,527.4,27.9,23.15,0,2026-07-11 02:42:18
861,5,61.9,718.2,31.0,24.35,0,2026-07-11 02:50:18
862,44,61.7,575.6,30.6,24.42,0,2026-07-11 02:58:18
863,29,60.3,704.7,29.5,25.02,0,2026-07-11 03:06:18
864,49,62.9,585.7,29.0,24.39,0,2026-07-11 03:14:18
865,35,65.8,659.0,29.0,25.4,0,2026-07-11 03:22:18
866,34,63.4,689.6,28.4,25.64,0,2026-07-11 03:30:18
867,13,64.7,622.7,30.5,26.56,0,2026-07-11 03:38:18
868,6,67.4,704.2,30.7,26.2,0,2026-07-11 03:46:18
869,2,70.5,751.8,30.5,27.91,0,2026-07-11 03:54:18
870,48,71.6,627.8,29.8,29.48,0,2026-07-11 04:02:18
871,5,73.6,814.4,31.2,28.73,0,2026-07-11 04:10:18
872,24,70.5,574.9,32.0,27.77,0,2026-07-11 04:18:18
873,35,72.0,620.1,30.8,28.47,0,2026-07-11 04:26:18
874,7,76.6,913.6,30.2,30.6,0,2026-07-11 04:34:18
875,43,77.5,803.8,31.0,31.31,0,2026-07-11 04:42:18
876,26,78.6,813.5,32.5,30.53,0,2026-07-11 04:50:18
877,17,74.7,710.5,31.2,29.09,0,2026-07-11 04:58:18
878,50,77.0,681.6,29.6,29.98,0,2026-07-11 05:06:18
879,44,80.6,964.9,31.9,32.42,0,2026-07-11 05:14:18
880,23,78.8,652.7,33.4,31.48,0,2026-07-11 05:22:18
881,23,83.0,779.2,34.0,32.37,0,2026-07-11 05:30:18
882,27,83.1,866.3,33.3,32.61,0,2026-07-11 05:38:18
883,33,81.3,899.8,30.5,31.94,0,2026-07-11 05:46:18
884,37,84.0,981.9,34.6,33.58,0,2026-07-11 05:54:18
885,19,84.0,840.7,33.2,33.77,0,2026-07-11 06:02:18
886,20,86.6,1036.6,32.9,34.3,1,2026-07-11 06:10:18
887,34,85.8,899.5,33.9,35.12,1,2026-07-11 06:18:18
888,7,85.7,1023.4,34.8,34.27,1,2026-07-11 06:26:18
889,33,86.4,956.7,31.3,35.37,1,2026-07-11 06:34:18
890,50,92.5,892.0,34.0,37.17,1,2026-07-11 06:42:18
891,50,89.1,950.7,35.1,35.5,1,2026-07-11 06:50:18
892,14,90.7,1083.5,33.4,36.13,1,2026-07-11 06:58:18
893,33,95.0,868.6,33.9,37.27,1,2026-07-11 07:06:18
894,4,93.7,1034.6,33.0,37.02,1,2026-07-11 07:14:18
895,45,94.3,1084.4,34.2,38.71,1,2026-07-11 07:22:18
896,8,97.9,829.1,33.6,39.53,1,2026-07-11 07:30:18
897,16,97.4,1144.5,35.3,39.29,1,2026-07-11 07:38:18
898,40,100.0,984.0,37.0,39.15,1,2026-07-11 07:46:18
899,43,96.2,1142.4,33.2,39.4,1,2026-07-11 07:54:18
900,14,5.0,53.2,21.6,2.62,0,2026-07-11 08:02:18
901,5,5.0,50.2,21.3,1.95,0,2026-07-11 08:10:18
902,32,5.0,40.5,22.5,1.94,0,2026-07-11 08:18:18
903,24,5.0,56.4,19.3,1.41,0,2026-07-11 08:26:18
904,8,5.0,57.6,19.6,2.98,0,2026-07-11 08:34:18
905,28,5.9,70.7,22.6,3.14,0,2026-07-11 08:42:18
906,41,7.7,91.9,19.8,2.53,0,2026-07-11 08:50:18
907,20,5.0,48.4,19.5,1.49,0,2026-07-11 08:58:18
908,50,8.0,92.9,19.3,2.74,0,2026-07-11 09:06:18
909,23,10.9,91.3,21.8,4.1,0,2026-07-11 09:14:18
910,24,10.3,105.5,20.0,3.93,0,2026-07-11 09:22:18
911,35,12.7,119.3,20.5,5.67,0,2026-07-11 09:30:18
912,15,12.2,137.5,21.7,4.39,0,2026-07-11 09:38:18
913,48,14.5,120.0,22.4,5.84,0,2026-07-11 09:46:18
914,32,14.9,150.8,22.7,5.43,0,2026-07-11 09:54:18
915,34,17.8,211.3,21.4,6.66,0,2026-07-11 10:02:18
916,11,18.7,189.7,23.5,7.31,0,2026-07-11 10:10:18
917,9,15.0,154.1,23.5,6.69,0,2026-07-11 10:18:18
918,36,20.3,178.1,21.5,8.14,0,2026-07-11 10:26:18
919,23,20.8,168.5,22.7,8.5,0,2026-07-11 10:34:18
920,14,19.7,177.5,23.1,8.3,0,2026-07-11 10:42:18
921,25,22.1,262.4,22.7,9.17,0,2026-07-11 10:50:18
922,25,22.2,254.6,22.1,8.55,0,2026-07-11 10:58:18
923,48,23.9,231.4,22.5,10.55,0,2026-07-11 11:06:18
924,26,26.7,283.2,24.3,10.29,0,2026-07-11 11:14:18
925,30,25.2,215.2,23.8,10.5,0,2026-07-11 11:22:18
926,31,24.0,269.5,25.2,9.06,0,2026-07-11 11:30:18
927,46,24.3,211.9,24.0,9.57,0,2026-07-11 11:38:18
928,39,29.0,254.7,25.3,11.66,0,2026-07-11 11:46:18
929,7,29.3,314.1,26.3,10.98,0,2026-07-11 11:54:18
930,49,30.3,291.7,26.0,12.41,0,2026-07-11 12:02:18
931,33,28.1,276.5,25.8,10.58,0,2026-07-11 12:10:18
932,11,33.5,375.3,23.7,12.79,0,2026-07-11 12:18:18
933,38,33.4,281.6,23.9,12.55,0,2026-07-11 12:26:18
934,15,35.2,402.4,27.0,13.44,0,2026-07-11 12:34:18
935,2,34.5,333.6,24.2,13.22,0,2026-07-11 12:42:18
936,31,36.6,335.2,26.8,14.11,0,2026-07-11 12:50:18
937,13,35.2,399.4,23.6,14.34,0,2026-07-11 12:58:18
938,27,38.3,380.3,25.0,16.08,0,2026-07-11 13:06:18
939,42,39.9,378.0,27.5,15.85,0,2026-07-11 13:14:18
940,26,41.5,477.5,26.5,16.91,0,2026-07-11 13:22:18
941,28,38.2,392.6,24.1,16.04,0,2026-07-11 13:30:18
942,10,41.2,444.1,24.6,17.47,0,2026-07-11 13:38:18
943,44,41.3,407.2,25.3,16.84,0,2026-07-11 13:46:18
944,41,42.8,424.8,24.9,17.54,0,2026-07-11 13:54:18
945,40,47.2,405.0,27.8,18.26,0,2026-07-11 14:02:18
946,29,45.0,470.3,27.5,18.02,0,2026-07-11 14:10:18
947,36,48.9,453.7,26.5,19.43,0,2026-07-11 14:18:18
948,48,46.5,527.4,25.9,18.09,0,2026-07-11 14:26:18
949,8,47.6,434.0,27.2,19.6,0,2026-07-11 14:34:18
950,32,51.8,441.8,27.4,20.82,0,2026-07-11 14:42:18
951,29,52.8,495.6,29.4,20.63,0,2026-07-11 14:50:18
952,50,51.4,600.2,28.5,19.64,0,2026-07-11 14:58:18
953,40,55.4,627.2,28.5,21.83,0,2026-07-11 15:06:18
954,25,56.4,468.0,27.0,22.88,0,2026-07-11 15:14:18
955,44,56.6,533.0,29.2,21.97,0,2026-07-11 15:22:18
956,32,55.3,457.0,27.9,22.47,0,2026-07-11 15:30:18
957,4,59.2,495.1,28.2,24.11,0,2026-07-11 15:38:18
958,7,57.7,488.2,29.3,22.95,0,2026-07-11 15:46:18
959,28,59.9,710.7,29.3,24.96,0,2026-07-11 15:54:18
960,49,58.8,515.1,28.2,23.14,0,2026-07-11 16:02:18
961,31,61.3,710.9,29.5,25.37,0,2026-07-11 16:10:18
962,26,62.5,601.5,30.9,24.91,0,2026-07-11 16:18:18
963,24,65.7,577.8,30.1,25.5,0,2026-07-11 16:26:18
964,21,61.3,606.2,30.9,24.38,0,2026-07-11 16:34:18
965,8,67.0,623.9,30.5,27.34,0,2026-07-11 16:42:18
966,13,66.8,704.8,31.1,27.71,0,2026-07-11 16:50:18
967,19,69.8,602.0,31.3,28.61,0,2026-07-11 16:58:18
968,6,67.5,711.5,31.0,26.65,0,2026-07-11 17:06:18
969,46,68.2,671.6,30.9,27.74,0,2026-07-11 17:14:18
970,14,67.5,804.1,29.5,27.17,0,2026-07-11 17:22:18
971,34,69.7,560.5,30.7,28.26,0,2026-07-11 17:30:18
972,49,74.9,608.8,30.9,29.85,0,2026-07-11 17:38:18
973,14,71.4,637.5,32.1,28.37,0,2026-07-11 17:46:18
974,49,71.6,772.2,31.2,28.14,0,2026-07-11 17:54:18
975,12,72.5,764.9,30.7,29.51,0,2026-07-11 18:02:18
976,5,73.9,867.9,29.5,30.47,0,2026-07-11 18:10:18
977,30,77.2,770.0,32.1,31.2,0,2026-07-11 18:18:18
978,21,76.5,630.6,30.1,30.13,0,2026-07-11 18:26:18
979,37,79.4,719.7,29.9,32.36,0,2026-07-11 18:34:18
980,43,80.5,948.2,31.0,32.21,0,2026-07-11 18:42:18
981,23,81.5,869.7,31.7,31.89,0,2026-07-11 18:50:18
982,15,84.6,907.2,33.7,34.06,0,2026-07-11 18:58:18
983,19,84.2,993.5,33.1,32.77,0,2026-07-11 19:06:18
984,47,82.8,763.2,32.7,32.63,0,2026-07-11 19:14:18
985,31,87.2,817.9,33.0,35.06,1,2026-07-11 19:22:18
986,27,85.5,961.2,34.1,34.14,1,2026-07-11 19:30:18
987,18,87.5,924.5,34.5,35.27,1,2026-07-11 19:38:18
988,48,90.5,833.7,33.5,36.59,1,2026-07-11 19:46:18
989,14,90.1,854.2,35.3,35.1,1,2026-07-11 19:54:18
990,28,90.1,936.7,33.2,36.98,1,2026-07-11 20:02:18
991,35,88.9,803.4,31.7,34.95,1,2026-07-11 20:10:18
992,11,93.1,874.0,35.3,37.64,1,2026-07-11 20:18:18
993,19,90.3,965.5,33.9,36.15,1,2026-07-11 20:26:18
994,33,91.4,986.0,35.7,35.68,1,2026-07-11 20:34:18
995,35,95.3,808.9,35.7,38.61,1,2026-07-11 20:42:18
996,23,96.0,814.8,32.9,39.28,1,2026-07-11 20:50:18
997,18,95.5,988.1,35.9,37.38,1,2026-07-11 20:58:18
998,25,99.9,1109.5,36.4,40.73,1,2026-07-11 21:06:18
999,38,100.0,1051.9,34.9,39.8,1,2026-07-11 21:14:18
1000,33,5.0,44.9,20.1,2.66,0,2026-07-11 21:22:18
1001,3,5.0,47.9,21.0,2.07,0,2026-07-11 21:30:18
1002,7,5.0,54.9,22.3,2.35,0,2026-07-11 21:38:18
1003,44,5.7,47.7,22.6,1.85,0,2026-07-11 21:46:18
1004,14,5.0,45.2,21.6,1.97,0,2026-07-11 21:54:18
1005,49,5.2,43.2,20.5,2.97,0,2026-07-11 22:02:18
1006,14,6.2,63.3,22.2,1.57,0,2026-07-11 22:10:18
1007,29,9.4,87.5,21.6,2.95,0,2026-07-11 22:18:18
1008,23,6.3,73.5,19.5,3.3,0,2026-07-11 22:26:18
1009,30,9.1,87.5,21.7,3.11,0,2026-07-11 22:34:18
1010,42,8.3,66.6,21.5,2.5,0,2026-07-11 22:42:18
1011,3,8.1,83.5,22.7,2.95,0,2026-07-11 22:50:18
1012,4,10.0,113.0,19.8,4.2,0,2026-07-11 22:58:18
1013,22,14.3,155.4,22.4,5.36,0,2026-07-11 23:06:18
1014,7,15.2,157.0,21.5,5.2,0,2026-07-11 23:14:18
1015,9,16.6,198.7,21.5,6.37,0,2026-07-11 23:22:18
1016,49,18.3,162.9,23.3,7.28,0,2026-07-11 23:30:18
1017,5,15.7,135.0,23.6,6.98,0,2026-07-11 23:38:18
1018,29,16.0,166.7,23.7,7.23,0,2026-07-11 23:46:18
1019,11,19.7,183.7,21.5,7.51,0,2026-07-11 23:54:18
1020,3,18.7,178.3,22.9,8.3,0,2026-07-12 00:02:18
1021,36,22.5,207.1,22.5,9.02,0,2026-07-12 00:10:18
1022,40,20.6,245.7,21.6,7.98,0,2026-07-12 00:18:18
1023,39,20.0,200.1,22.9,8.91,0,2026-07-12 00:26:18
1024,28,23.6,267.4,25.0,8.64,0,2026-07-12 00:34:18
1025,44,26.7,282.3,25.4,10.53,0,2026-07-12 00:42:18
1026,24,26.8,250.0,22.1,10.1,0,2026-07-12 00:50:18
1027,40,25.1,207.0,25.5,9.27,0,2026-07-12 00:58:18
1028,31,26.1,295.2,24.4,11.06,0,2026-07-12 01:06:18
1029,41,27.5,311.4,24.0,11.03,0,2026-07-12 01:14:18
1030,38,29.1,237.8,25.6,11.45,0,2026-07-12 01:22:18
1031,25,30.3,334.3,26.0,11.73,0,2026-07-12 01:30:18
1032,43,33.0,304.4,24.1,14.09,0,2026-07-12 01:38:18
1033,37,33.4,321.0,25.8,13.28,0,2026-07-12 01:46:18
1034,31,31.6,265.5,26.5,13.41,0,2026-07-12 01:54:18
1035,11,36.5,357.7,25.6,14.14,0,2026-07-12 02:02:18
1036,48,38.9,464.6,24.3,16.0,0,2026-07-12 02:10:18
1037,43,39.4,428.3,26.4,15.03,0,2026-07-12 02:18:18
1038,23,35.1,338.0,23.3,13.86,0,2026-07-12 02:26:18
1039,17,38.1,434.5,27.0,14.42,0,2026-07-12 02:34:18
1040,39,42.9,426.3,27.3,17.82,0,2026-07-12 02:42:18
1041,25,39.6,325.6,24.8,15.82,0,2026-07-12 02:50:18
1042,17,42.6,456.9,24.6,17.44,0,2026-07-12 02:58:18
1043,43,40.7,401.5,26.9,16.5,0,2026-07-12 03:06:18
1044,28,43.8,481.6,28.0,17.07,0,2026-07-12 03:14:18
1045,39,47.7,473.0,28.7,19.88,0,2026-07-12 03:22:18
1046,40,48.6,439.1,28.4,20.18,0,2026-07-12 03:30:18
1047,16,49.4,422.4,27.3,20.14,0,2026-07-12 03:38:18
1048,16,48.3,425.3,25.8,18.62,0,2026-07-12 03:46:18
1049,22,50.9,550.8,26.5,19.82,0,2026-07-12 03:54:18
1050,3,50.7,574.6,25.6,20.51,0,2026-07-12 04:02:18
1051,13,52.4,612.4,28.3,20.58,0,2026-07-12 04:10:18
1052,27,51.9,536.5,27.2,20.31,0,2026-07-12 04:18:18
1053,14,50.5,495.6,26.7,20.29,0,2026-07-12 04:26:18
1054,17,51.4,569.2,26.8,21.32,0,2026-07-12 04:34:18
1055,8,56.5,544.4,28.7,21.74,0,2026-07-12 04:42:18
1056,40,58.6,547.7,27.1,24.32,0,2026-07-12 04:50:18
1057,49,59.5,615.7,27.7,23.8,0,2026-07-12 04:58:18
1058,30,56.3,472.6,28.2,21.93,0,2026-07-12 05:06:18
1059,27,59.1,599.5,27.4,23.05,0,2026-07-12 05:14:18
1060,18,59.0,580.6,27.9,24.53,0,2026-07-12 05:22:18
1061,6,58.1,510.9,29.3,22.66,0,2026-07-12 05:30:18
1062,24,61.9,600.0,28.8,24.57,0,2026-07-12 05:38:18
1063,14,61.8,540.8,28.9,24.09,0,2026-07-12 05:46:18
1064,4,61.3,614.7,29.3,23.61,0,2026-07-12 05:54:18
1065,13,66.4,751.5,30.8,25.69,0,2026-07-12 06:02:18
1066,17,63.6,599.2,30.2,26.22,0,2026-07-12 06:10:18
1067,16,68.1,601.0,30.4,28.05,0,2026-07-12 06:18:18
1068,28,65.3,687.4,29.3,25.65,0,2026-07-12 06:26:18
1069,41,68.4,675.8,28.9,26.85,0,2026-07-12 06:34:18
1070,50,69.3,685.4,32.2,26.99,0,2026-07-12 06:42:18
1071,49,70.8,615.7,29.8,27.89,0,2026-07-12 06:50:18
1072,39,74.5,820.9,29.6,30.54,0,2026-07-12 06:58:18
1073,43,71.0,821.5,32.6,28.68,0,2026-07-12 07:06:18
1074,35,75.2,806.5,32.2,29.5,0,2026-07-12 07:14:18
1075,50,73.0,641.2,32.4,30.09,0,2026-07-12 07:22:18
1076,39,73.9,687.6,32.0,30.15,0,2026-07-12 07:30:18
1077,7,77.6,694.1,29.8,31.38,0,2026-07-12 07:38:18
1078,28,75.6,825.7,32.9,29.67,0,2026-07-12 07:46:18
1079,19,76.4,899.0,33.2,31.13,0,2026-07-12 07:54:18
1080,2,79.9,759.7,31.0,32.78,0,2026-07-12 08:02:18
1081,1,82.6,699.5,31.8,32.25,0,2026-07-12 08:10:18
1082,7,81.7,889.3,34.0,32.41,0,2026-07-12 08:18:18
1083,37,85.9,697.0,32.5,34.21,1,2026-07-12 08:26:18
1084,32,81.7,892.4,31.5,32.25,0,2026-07-12 08:34:18
1085,45,82.5,774.1,32.8,32.75,0,2026-07-12 08:42:18
1086,33,86.2,773.2,33.9,34.09,1,2026-07-12 08:50:18
1087,20,88.3,948.8,31.6,34.74,1,2026-07-12 08:58:18
1088,32,85.9,881.6,33.3,33.39,1,2026-07-12 09:06:18
1089,15,90.4,774.8,34.2,35.91,1,2026-07-12 09:14:18
1090,25,90.4,924.7,32.1,35.76,1,2026-07-12 09:22:18
1091,43,89.1,838.8,33.6,35.88,1,2026-07-12 09:30:18
1092,30,90.0,982.8,33.8,35.42,1,2026-07-12 09:38:18
1093,23,94.2,1046.9,33.5,37.39,1,2026-07-12 09:46:18
1094,38,96.8,1032.1,34.6,37.82,1,2026-07-12 09:54:18
1095,45,92.5,919.8,34.8,36.25,1,2026-07-12 10:02:18
1096,26,94.6,763.0,32.7,38.32,1,2026-07-12 10:10:18
1097,3,95.7,774.9,33.6,38.9,1,2026-07-12 10:18:18
1098,3,99.9,908.4,36.9,40.71,1,2026-07-12 10:26:18
1099,12,100.0,979.6,33.6,40.87,1,2026-07-12 10:34:18
1100,49,5.0,47.1,18.9,2.2,0,2026-07-12 10:42:18
1101,45,5.0,58.1,20.6,1.14,0,2026-07-12 10:50:18
1102,23,5.0,45.5,19.7,1.15,0,2026-07-12 10:58:18
1103,46,5.0,47.2,21.1,1.49,0,2026-07-12 11:06:18
1104,45,5.0,46.5,19.7,2.94,0,2026-07-12 11:14:18
1105,28,5.0,48.0,21.8,1.96,0,2026-07-12 11:22:18
1106,14,9.0,74.5,22.0,3.5,0,2026-07-12 11:30:18
1107,46,9.4,111.1,19.6,3.34,0,2026-07-12 11:38:18
1108,2,6.4,68.0,21.9,1.75,0,2026-07-12 11:46:18
1109,24,10.3,98.6,22.9,4.24,0,2026-07-12 11:54:18
1110,24,8.5,81.7,19.9,3.85,0,2026-07-12 12:02:18
1111,37,9.5,112.9,21.8,4.46,0,2026-07-12 12:10:18
1112,19,14.9,154.0,20.6,5.5,0,2026-07-12 12:18:18
1113,34,10.7,93.3,23.0,3.42,0,2026-07-12 12:26:18
1114,50,16.5,191.4,23.4,7.57,0,2026-07-12 12:34:18
1115,2,15.4,170.2,21.8,6.68,0,2026-07-12 12:42:18
1116,26,18.6,214.7,24.4,6.83,0,2026-07-12 12:50:18
1117,25,14.1,168.0,20.7,5.54,0,2026-07-12 12:58:18
1118,16,20.5,239.3,23.6,8.91,0,2026-07-12 13:06:18
1119,47,20.3,175.7,22.0,7.67,0,2026-07-12 13:14:18
1120,35,18.4,219.6,21.5,7.37,0,2026-07-12 13:22:18
1121,2,19.7,187.1,21.0,7.02,0,2026-07-12 13:30:18
1122,45,20.8,187.3,23.9,7.52,0,2026-07-12 13:38:18
1123,4,25.9,217.1,22.6,10.63,0,2026-07-12 13:46:18
1124,8,26.8,307.3,24.0,11.49,0,2026-07-12 13:54:18
1125,13,27.4,230.2,25.8,11.85,0,2026-07-12 14:02:18
1126,40,28.5,228.2,23.2,11.08,0,2026-07-12 14:10:18
1127,38,29.3,290.4,24.2,12.17,0,2026-07-12 14:18:18
1128,11,28.2,225.9,23.2,12.11,0,2026-07-12 14:26:18
1129,27,26.1,259.8,25.7,11.05,0,2026-07-12 14:34:18
1130,42,32.0,311.9,25.3,12.13,0,2026-07-12 14:42:18
1131,14,32.0,275.1,26.3,13.34,0,2026-07-12 14:50:18
1132,1,31.5,338.0,22.8,13.33,0,2026-07-12 14:58:18
1133,17,32.1,336.3,25.8,12.67,0,2026-07-12 15:06:18
1134,24,36.9,311.7,27.0,15.34,0,2026-07-12 15:14:18
1135,48,37.5,369.2,27.4,15.13,0,2026-07-12 15:22:18
1136,21,34.5,369.8,25.4,13.73,0,2026-07-12 15:30:18
1137,31,38.8,329.5,24.1,14.62,0,2026-07-12 15:38:18
1138,46,36.7,338.5,27.3,14.77,0,2026-07-12 15:46:18
1139,16,39.7,375.0,27.2,15.34,0,2026-07-12 15:54:18
1140,38,38.8,459.9,24.2,16.39,0,2026-07-12 16:02:18
1141,26,43.5,447.4,28.1,17.08,0,2026-07-12 16:10:18
1142,36,40.4,458.3,26.2,15.77,0,2026-07-12 16:18:18
1143,19,40.8,443.8,25.3,16.16,0,2026-07-12 16:26:18
1144,10,44.5,520.2,26.1,18.66,0,2026-07-12 16:34:18
1145,18,47.3,504.5,26.0,18.33,0,2026-07-12 16:42:18
1146,28,47.0,533.4,25.8,18.82,0,2026-07-12 16:50:18
1147,46,47.4,391.3,26.2,19.11,0,2026-07-12 16:58:18
1148,47,46.5,505.6,28.8,19.08,0,2026-07-12 17:06:18
1149,43,51.1,423.2,26.1,20.57,0,2026-07-12 17:14:18
1150,29,47.7,544.5,28.6,18.87,0,2026-07-12 17:22:18
1151,49,52.7,497.6,29.1,20.24,0,2026-07-12 17:30:18
1152,50,54.4,438.4,29.7,21.57,0,2026-07-12 17:38:18
1153,11,51.3,613.4,27.6,21.5,0,2026-07-12 17:46:18
1154,26,55.3,532.7,29.7,23.09,0,2026-07-12 17:54:18
1155,26,53.7,556.0,28.6,21.71,0,2026-07-12 18:02:18
1156,49,56.5,534.5,28.9,22.45,0,2026-07-12 18:10:18
1157,9,56.3,554.3,26.9,22.02,0,2026-07-12 18:18:18
1158,33,58.1,567.7,30.2,24.12,0,2026-07-12 18:26:18
1159,12,56.8,514.5,30.1,22.46,0,2026-07-12 18:34:18
1160,4,58.9,500.1,30.3,23.29,0,2026-07-12 18:42:18
1161,45,63.1,552.3,28.5,26.22,0,2026-07-12 18:50:18
1162,47,60.9,489.7,30.5,25.06,0,2026-07-12 18:58:18
1163,16,63.9,638.2,31.4,24.69,0,2026-07-12 19:06:18
1164,34,62.6,642.8,30.5,25.61,0,2026-07-12 19:14:18
1165,24,67.6,583.3,29.2,27.03,0,2026-07-12 19:22:18
1166,10,64.0,750.4,31.2,26.59,0,2026-07-12 19:30:18
1167,8,67.0,729.5,31.5,27.76,0,2026-07-12 19:38:18
1168,36,70.8,729.0,30.7,28.24,0,2026-07-12 19:46:18
1169,17,68.4,815.7,31.7,26.59,0,2026-07-12 19:54:18
1170,26,67.5,673.9,28.9,26.49,0,2026-07-12 20:02:18
1171,19,71.9,618.5,31.4,29.4,0,2026-07-12 20:10:18
1172,20,72.4,842.3,31.3,28.45,0,2026-07-12 20:18:18
1173,45,71.7,670.2,32.4,29.64,0,2026-07-12 20:26:18
1174,47,72.6,733.1,29.8,29.92,0,2026-07-12 20:34:18
1175,45,74.0,872.5,31.6,29.99,0,2026-07-12 20:42:18
1176,14,73.5,750.0,30.9,29.06,0,2026-07-12 20:50:18
1177,28,79.0,754.5,31.8,31.43,0,2026-07-12 20:58:18
1178,6,76.3,736.5,30.2,29.89,0,2026-07-12 21:06:18
1179,31,78.7,767.7,31.4,30.76,0,2026-07-12 21:14:18
1180,50,81.3,873.8,32.0,33.05,0,2026-07-12 21:22:18
1181,21,81.8,923.0,32.9,32.57,0,2026-07-12 21:30:18
1182,42,83.1,665.0,31.5,32.71,0,2026-07-12 21:38:18
1183,46,81.8,843.8,32.9,31.76,0,2026-07-12 21:46:18
1184,24,82.5,746.7,32.8,32.85,0,2026-07-12 21:54:18
1185,32,85.6,940.6,34.2,34.95,1,2026-07-12 22:02:18
1186,26,87.2,709.1,31.8,34.8,1,2026-07-12 22:10:18
1187,35,88.1,918.6,31.5,35.3,1,2026-07-12 22:18:18
1188,19,88.2,1016.9,32.8,35.63,1,2026-07-12 22:26:18
1189,24,87.0,912.3,32.0,33.91,1,2026-07-12 22:34:18
1190,13,90.7,922.5,35.0,35.98,1,2026-07-12 22:42:18
1191,50,88.3,1047.4,34.7,34.71,1,2026-07-12 22:50:18
1192,19,89.9,962.5,33.1,35.05,1,2026-07-12 22:58:18
1193,11,94.4,959.1,33.1,38.47,1,2026-07-12 23:06:18
1194,36,96.9,1015.6,36.3,38.22,1,2026-07-12 23:14:18
1195,12,97.3,978.4,36.4,38.4,1,2026-07-12 23:22:18
1196,6,96.9,908.0,33.6,39.39,1,2026-07-12 23:30:18
1197,31,98.5,994.8,35.8,39.93,1,2026-07-12 23:38:18
1198,12,100.0,1045.3,36.0,39.88,1,2026-07-12 23:46:18
1199,32,100.0,837.3,33.1,39.23,1,2026-07-12 23:54:18
1200,12,5.0,46.5,19.3,1.57,0,2026-07-13 00:02:18
1201,14,5.0,46.7,19.4,2.18,0,2026-07-13 00:10:18
1202,46,5.0,57.4,19.3,2.35,0,2026-07-13 00:18:18
1203,49,5.0,56.7,21.5,1.75,0,2026-07-13 00:26:18
1204,17,5.0,48.6,21.0,1.73,0,2026-07-13 00:34:18
1205,6,6.3,60.2,20.2,2.72,0,2026-07-13 00:42:18
1206,7,5.0,51.9,21.0,2.96,0,2026-07-13 00:50:18
1207,41,6.4,62.3,22.7,2.59,0,2026-07-13 00:58:18
1208,7,8.8,96.5,21.6,3.22,0,2026-07-13 01:06:18
1209,44,6.6,67.6,20.7,3.02,0,2026-07-13 01:14:18
1210,48,8.1,70.1,20.0,3.8,0,2026-07-13 01:22:18
1211,47,11.4,121.3,20.1,4.33,0,2026-07-13 01:30:18
1212,7,11.1,113.4,22.4,5.2,0,2026-07-13 01:38:18
1213,45,13.6,144.2,23.7,5.88,0,2026-07-13 01:46:18
1214,48,13.7,146.3,20.4,5.27,0,2026-07-13 01:54:18
1215,19,17.7,205.5,23.8,6.97,0,2026-07-13 02:02:18
1216,5,15.2,154.2,22.5,6.82,0,2026-07-13 02:10:18
1217,41,17.6,141.2,22.5,7.84,0,2026-07-13 02:18:18
1218,22,20.0,207.7,21.9,8.22,0,2026-07-13 02:26:18
1219,10,21.8,180.5,23.4,8.42,0,2026-07-13 02:34:18
1220,6,17.4,203.1,21.8,6.39,0,2026-07-13 02:42:18
1221,38,22.3,235.8,24.2,8.56,0,2026-07-13 02:50:18
1222,24,21.5,201.7,22.6,8.79,0,2026-07-13 02:58:18
1223,48,21.3,220.1,23.5,8.34,0,2026-07-13 03:06:18
1224,28,21.3,243.6,22.7,8.06,0,2026-07-13 03:14:18
1225,3,24.5,214.6,24.0,9.3,0,2026-07-13 03:22:18
1226,22,25.9,279.1,22.2,10.33,0,2026-07-13 03:30:18
1227,38,29.5,320.7,25.0,11.88,0,2026-07-13 03:38:18
1228,23,25.9,277.6,23.7,10.61,0,2026-07-13 03:46:18
1229,38,31.3,294.6,25.7,13.11,0,2026-07-13 03:54:18
1230,3,28.2,234.4,23.6,11.24,0,2026-07-13 04:02:18
1231,13,29.5,262.5,24.5,11.14,0,2026-07-13 04:10:18
1232,30,30.1,338.5,22.6,11.81,0,2026-07-13 04:18:18
1233,39,34.7,319.7,24.2,13.02,0,2026-07-13 04:26:18
1234,26,32.1,357.0,23.8,13.03,0,2026-07-13 04:34:18
1235,44,33.0,330.1,25.3,13.8,0,2026-07-13 04:42:18
1236,5,37.9,419.5,26.6,15.06,0,2026-07-13 04:50:18
1237,27,36.5,372.1,24.2,14.69,0,2026-07-13 04:58:18
1238,11,39.4,396.6,24.5,15.65,0,2026-07-13 05:06:18
1239,29,41.9,436.3,27.9,17.25,0,2026-07-13 05:14:18
1240,34,42.7,487.3,25.8,17.91,0,2026-07-13 05:22:18
1241,46,38.1,359.8,26.0,16.23,0,2026-07-13 05:30:18
1242,6,39.8,476.0,27.3,15.15,0,2026-07-13 05:38:18
1243,20,40.5,351.8,24.5,16.26,0,2026-07-13 05:46:18
1244,6,44.7,388.7,27.7,17.35,0,2026-07-13 05:54:18
1245,1,44.1,457.1,26.5,17.54,0,2026-07-13 06:02:18
1246,43,46.6,549.7,25.2,19.51,0,2026-07-13 06:10:18
1247,1,47.6,540.1,25.1,19.66,0,2026-07-13 06:18:18
1248,26,49.6,536.5,28.3,19.24,0,2026-07-13 06:26:18
1249,22,50.3,469.0,25.6,20.48,0,2026-07-13 06:34:18
1250,12,50.5,528.9,27.6,19.48,0,2026-07-13 06:42:18
1251,27,52.0,504.8,26.9,20.66,0,2026-07-13 06:50:18
1252,4,54.0,440.2,29.6,20.82,0,2026-07-13 06:58:18
1253,24,55.1,652.9,28.0,21.42,0,2026-07-13 07:06:18
1254,48,55.1,505.2,26.6,21.69,0,2026-07-13 07:14:18
1255,12,52.6,538.8,28.8,20.31,0,2026-07-13 07:22:18
1256,34,57.6,602.9,30.6,23.82,0,2026-07-13 07:30:18
1257,24,54.4,527.9,29.3,22.44,0,2026-07-13 07:38:18
1258,26,57.6,586.4,29.4,22.63,0,2026-07-13 07:46:18
1259,15,61.8,690.4,27.6,25.63,0,2026-07-13 07:54:18
1260,44,62.5,518.0,30.6,25.86,0,2026-07-13 08:02:18
1261,46,59.3,574.0,28.2,23.34,0,2026-07-13 08:10:18
1262,5,63.0,543.9,30.8,25.38,0,2026-07-13 08:18:18
1263,46,64.4,645.5,28.5,25.74,0,2026-07-13 08:26:18
1264,20,61.1,631.9,29.0,25.24,0,2026-07-13 08:34:18
1265,36,64.8,655.2,30.6,26.35,0,2026-07-13 08:42:18
1266,30,64.0,668.8,29.1,25.75,0,2026-07-13 08:50:18
1267,17,64.2,542.2,31.0,25.21,0,2026-07-13 08:58:18
1268,41,68.9,554.4,32.0,26.81,0,2026-07-13 09:06:18
1269,34,70.9,811.4,31.0,28.8,0,2026-07-13 09:14:18
1270,18,71.3,815.0,32.6,28.05,0,2026-07-13 09:22:18
1271,39,68.0,778.5,29.4,27.87,0,2026-07-13 09:30:18
1272,44,70.5,655.6,32.2,27.86,0,2026-07-13 09:38:18
1273,21,73.7,623.8,29.4,30.45,0,2026-07-13 09:46:18
1274,22,73.2,687.1,29.3,28.76,0,2026-07-13 09:54:18
1275,16,72.3,802.9,29.8,28.62,0,2026-07-13 10:02:18
1276,23,76.9,700.2,32.5,31.42,0,2026-07-13 10:10:18
1277,31,79.2,787.6,33.6,30.88,0,2026-07-13 10:18:18
1278,2,80.6,688.6,34.0,32.28,0,2026-07-13 10:26:18
1279,31,76.2,730.4,33.3,30.84,0,2026-07-13 10:34:18
1280,13,81.9,936.3,32.9,33.48,0,2026-07-13 10:42:18
1281,30,83.2,893.1,33.9,33.57,0,2026-07-13 10:50:18
1282,6,81.6,783.6,33.8,33.41,0,2026-07-13 10:58:18
1283,44,83.9,1000.5,30.9,32.94,0,2026-07-13 11:06:18
1284,40,86.7,697.9,34.8,34.76,1,2026-07-13 11:14:18
1285,28,84.3,817.4,33.7,33.49,0,2026-07-13 11:22:18
1286,9,83.9,870.9,32.6,34.34,0,2026-07-13 11:30:18
1287,44,87.5,875.5,33.5,35.48,1,2026-07-13 11:38:18
1288,45,88.1,1035.7,35.2,35.42,1,2026-07-13 11:46:18
1289,9,87.1,701.8,32.0,34.22,1,2026-07-13 11:54:18
1290,48,87.2,783.1,32.4,35.34,1,2026-07-13 12:02:18
1291,15,89.7,838.9,33.2,35.97,1,2026-07-13 12:10:18
1292,21,92.7,1077.8,33.5,37.07,1,2026-07-13 12:18:18
1293,46,95.6,823.7,36.0,38.55,1,2026-07-13 12:26:18
1294,8,95.9,933.9,33.4,38.3,1,2026-07-13 12:34:18
1295,24,92.6,1023.6,33.5,36.7,1,2026-07-13 12:42:18
1296,36,94.9,1019.3,34.1,37.35,1,2026-07-13 12:50:18
1297,25,97.5,1027.9,33.0,39.42,1,2026-07-13 12:58:18
1298,32,96.7,1030.6,34.5,39.1,1,2026-07-13 13:06:18
1299,15,100.0,989.2,34.2,39.91,1,2026-07-13 13:14:18
1300,36,5.0,58.2,22.0,2.11,0,2026-07-13 13:22:18
1301,42,5.0,45.4,19.7,1.19,0,2026-07-13 13:30:18
1302,45,5.0,55.6,19.4,2.38,0,2026-07-13 13:38:18
1303,46,5.0,47.5,19.7,2.35,0,2026-07-13 13:46:18
1304,22,5.0,46.5,20.5,2.93,0,2026-07-13 13:54:18
1305,27,5.0,44.4,22.3,1.26,0,2026-07-13 14:02:18
1306,19,5.0,50.4,18.9,2.43,0,2026-07-13 14:10:18
1307,4,8.3,90.6,22.6,3.22,0,2026-07-13 14:18:18
1308,18,8.1,69.5,21.2,3.4,0,2026-07-13 14:26:18
1309,11,7.7,77.0,22.2,3.11,0,2026-07-13 14:34:18
1310,38,11.7,103.1,21.7,4.49,0,2026-07-13 14:42:18
1311,46,13.3,119.1,20.3,5.35,0,2026-07-13 14:50:18
1312,1,10.4,92.8,20.6,4.99,0,2026-07-13 14:58:18
1313,47,13.3,123.4,23.6,5.95,0,2026-07-13 15:06:18
1314,36,15.8,149.2,24.3,7.07,0,2026-07-13 15:14:18
1315,17,15.4,181.8,23.3,6.05,0,2026-07-13 15:22:18
1316,18,18.1,153.1,23.8,6.8,0,2026-07-13 15:30:18
1317,9,14.4,162.7,22.6,5.07,0,2026-07-13 15:38:18
1318,50,15.6,136.8,24.2,5.42,0,2026-07-13 15:46:18
1319,21,20.7,213.0,22.5,7.81,0,2026-07-13 15:54:18
1320,32,22.7,245.4,23.9,9.17,0,2026-07-13 16:02:18
1321,40,19.8,176.9,21.6,8.19,0,2026-07-13 16:10:18
1322,13,23.8,209.8,24.5,9.47,0,2026-07-13 16:18:18
1323,12,20.5,190.5,24.1,7.82,0,2026-07-13 16:26:18
1324,45,25.7,292.7,22.3,11.03,0,2026-07-13 16:34:18
1325,43,22.4,214.5,22.7,8.12,0,2026-07-13 16:42:18
1326,46,28.5,287.0,23.2,11.18,0,2026-07-13 16:50:18
1327,25,24.6,243.7,23.5,10.71,0,2026-07-13 16:58:18
1328,33,27.1,249.5,25.9,10.12,0,2026-07-13 17:06:18
1329,25,27.2,220.9,24.2,10.59,0,2026-07-13 17:14:18
1330,4,30.9,267.8,25.6,11.91,0,2026-07-13 17:22:18
1331,12,30.8,310.9,25.0,11.66,0,2026-07-13 17:30:18
1332,27,30.3,291.4,23.9,12.46,0,2026-07-13 17:38:18
1333,3,31.7,311.5,25.2,13.27,0,2026-07-13 17:46:18
1334,12,35.2,344.2,24.3,14.97,0,2026-07-13 17:54:18
1335,3,37.8,412.7,27.2,14.33,0,2026-07-13 18:02:18
1336,23,35.2,323.0,25.1,13.47,0,2026-07-13 18:10:18
1337,2,37.7,437.1,27.0,15.06,0,2026-07-13 18:18:18
1338,1,39.5,321.3,26.7,15.39,0,2026-07-13 18:26:18
1339,29,41.8,378.5,24.4,17.57,0,2026-07-13 18:34:18
1340,24,42.2,488.8,25.3,16.56,0,2026-07-13 18:42:18
1341,17,43.4,384.1,28.2,17.56,0,2026-07-13 18:50:18
1342,29,43.2,400.7,28.0,17.21,0,2026-07-13 18:58:18
1343,45,41.2,423.6,28.0,16.37,0,2026-07-13 19:06:18
1344,37,45.2,495.1,25.9,18.22,0,2026-07-13 19:14:18
1345,6,46.6,517.4,26.8,17.8,0,2026-07-13 19:22:18
1346,20,48.4,557.6,28.4,19.35,0,2026-07-13 19:30:18
1347,43,45.5,521.1,27.5,18.75,0,2026-07-13 19:38:18
1348,22,48.7,483.0,26.7,19.67,0,2026-07-13 19:46:18
1349,14,47.3,424.3,28.8,18.34,0,2026-07-13 19:54:18
1350,21,53.0,600.1,29.2,22.08,0,2026-07-13 20:02:18
1351,38,49.5,525.4,28.6,20.14,0,2026-07-13 20:10:18
1352,21,49.3,590.9,28.8,20.57,0,2026-07-13 20:18:18
1353,30,54.0,458.2,28.3,22.02,0,2026-07-13 20:26:18
1354,21,51.8,571.2,26.5,21.33,0,2026-07-13 20:34:18
1355,27,54.2,465.2,29.1,21.17,0,2026-07-13 20:42:18
1356,39,58.5,519.1,26.8,23.14,0,2026-07-13 20:50:18
1357,17,59.5,528.1,28.2,22.91,0,2026-07-13 20:58:18
1358,48,58.4,561.5,29.9,23.6,0,2026-07-13 21:06:18
1359,33,56.1,661.0,27.0,21.67,0,2026-07-13 21:14:18
1360,42,61.3,543.4,28.2,24.13,0,2026-07-13 21:22:18
1361,47,62.2,662.8,28.0,23.9,0,2026-07-13 21:30:18
1362,5,64.3,624.1,31.3,25.37,0,2026-07-13 21:38:18
1363,22,64.6,708.7,31.7,26.47,0,2026-07-13 21:46:18
1364,41,65.8,716.9,30.0,26.36,0,2026-07-13 21:54:18
1365,35,66.6,561.2,30.6,26.04,0,2026-07-13 22:02:18
1366,21,65.0,718.9,27.8,25.68,0,2026-07-13 22:10:18
1367,40,65.2,613.5,30.9,26.5,0,2026-07-13 22:18:18
1368,7,65.8,743.2,30.2,25.53,0,2026-07-13 22:26:18
1369,46,67.3,791.7,31.0,26.75,0,2026-07-13 22:34:18
1370,13,68.5,704.6,29.0,27.88,0,2026-07-13 22:42:18
1371,26,69.0,617.6,29.0,26.78,0,2026-07-13 22:50:18
1372,26,69.4,722.5,31.2,28.25,0,2026-07-13 22:58:18
1373,12,70.4,578.0,31.5,27.6,0,2026-07-13 23:06:18
1374,15,74.4,696.0,30.8,29.45,0,2026-07-13 23:14:18
1375,13,75.9,648.3,31.6,29.59,0,2026-07-13 23:22:18
1376,22,75.1,664.1,33.1,29.17,0,2026-07-13 23:30:18
1377,17,77.0,660.1,29.7,30.95,0,2026-07-13 23:38:18
1378,25,79.6,920.1,30.5,31.25,0,2026-07-13 23:46:18
1379,38,78.8,859.9,33.0,31.51,0,2026-07-13 23:54:18
1380,13,77.6,684.1,32.0,30.61,0,2026-07-14 00:02:18
1381,44,80.7,838.0,31.1,32.62,0,2026-07-14 00:10:18
1382,43,83.3,843.9,33.0,33.45,0,2026-07-14 00:18:18
1383,21,80.5,703.7,33.3,31.52,0,2026-07-14 00:26:18
1384,3,82.8,824.2,30.5,33.42,0,2026-07-14 00:34:18
1385,46,88.0,1021.5,31.3,35.82,1,2026-07-14 00:42:18
1386,1,84.4,934.7,33.0,34.73,0,2026-07-14 00:50:18
1387,36,87.5,977.0,31.8,34.49,1,2026-07-14 00:58:18
1388,38,90.1,835.9,34.6,36.43,1,2026-07-14 01:06:18
1389,28,88.1,811.4,35.1,34.48,1,2026-07-14 01:14:18
1390,5,87.7,711.6,34.4,34.34,1,2026-07-14 01:22:18
1391,49,90.3,911.0,32.6,36.89,1,2026-07-14 01:30:18
1392,18,91.1,1031.2,32.1,36.69,1,2026-07-14 01:38:18
1393,39,94.4,833.1,33.8,38.74,1,2026-07-14 01:46:18
1394,39,91.1,777.1,35.1,37.19,1,2026-07-14 01:54:18
1395,36,93.7,917.5,33.8,37.58,1,2026-07-14 02:02:18
1396,37,98.5,892.5,36.7,39.54,1,2026-07-14 02:10:18
1397,43,97.7,787.6,34.2,39.41,1,2026-07-14 02:18:18
1398,27,96.8,821.6,36.0,39.43,1,2026-07-14 02:26:18
1399,35,96.5,946.6,34.9,39.34,1,2026-07-14 02:34:18
1400,39,5.0,49.8,20.6,1.03,0,2026-07-14 02:42:18
1401,50,5.0,49.6,21.1,1.06,0,2026-07-14 02:50:18
1402,33,5.0,43.3,22.2,2.72,0,2026-07-14 02:58:18
1403,43,5.0,44.9,20.5,1.1,0,2026-07-14 03:06:18
1404,34,5.0,42.6,20.2,2.45,0,2026-07-14 03:14:18
1405,16,5.0,51.5,18.9,2.84,0,2026-07-14 03:22:18
1406,33,5.0,41.6,21.4,2.75,0,2026-07-14 03:30:18
1407,19,8.9,85.5,20.1,4.3,0,2026-07-14 03:38:18
1408,11,5.6,52.9,21.5,1.49,0,2026-07-14 03:46:18
1409,13,6.4,52.9,19.9,3.22,0,2026-07-14 03:54:18
1410,3,8.6,81.9,22.2,3.15,0,2026-07-14 04:02:18
1411,19,11.9,100.5,20.5,5.28,0,2026-07-14 04:10:18
1412,44,11.4,114.0,23.3,4.42,0,2026-07-14 04:18:18
1413,38,14.9,155.7,22.7,6.3,0,2026-07-14 04:26:18
1414,34,12.7,108.7,22.8,5.71,0,2026-07-14 04:34:18
1415,41,17.4,199.0,22.9,6.71,0,2026-07-14 04:42:18
1416,22,15.0,173.8,22.5,6.99,0,2026-07-14 04:50:18
1417,19,14.7,158.7,20.8,5.43,0,2026-07-14 04:58:18
1418,32,20.8,187.9,23.3,8.2,0,2026-07-14 05:06:18
1419,9,16.1,190.5,24.3,5.45,0,2026-07-14 05:14:18
1420,10,20.0,224.5,21.6,7.62,0,2026-07-14 05:22:18
1421,29,22.2,188.4,24.2,9.68,0,2026-07-14 05:30:18
1422,35,22.7,201.2,23.6,8.43,0,2026-07-14 05:38:18
1423,35,25.8,208.6,22.3,10.98,0,2026-07-14 05:46:18
1424,24,25.5,231.0,21.8,10.48,0,2026-07-14 05:54:18
1425,19,22.5,198.7,22.5,9.68,0,2026-07-14 06:02:18
1426,28,24.9,227.8,24.2,9.17,0,2026-07-14 06:10:18
1427,11,26.4,236.3,25.8,10.34,0,2026-07-14 06:18:18
1428,8,29.1,346.4,22.8,12.28,0,2026-07-14 06:26:18
1429,15,26.2,260.6,23.3,10.13,0,2026-07-14 06:34:18
1430,50,30.5,314.8,23.6,11.82,0,2026-07-14 06:42:18
1431,10,31.1,357.9,25.7,11.97,0,2026-07-14 06:50:18
1432,8,34.1,358.8,25.6,13.96,0,2026-07-14 06:58:18
1433,21,33.5,380.9,24.2,12.57,0,2026-07-14 07:06:18
1434,49,33.8,306.5,24.5,14.24,0,2026-07-14 07:14:18
1435,40,35.2,304.3,24.4,13.3,0,2026-07-14 07:22:18
1436,36,34.4,355.0,23.8,14.75,0,2026-07-14 07:30:18
1437,15,38.3,387.1,27.5,15.31,0,2026-07-14 07:38:18
1438,13,37.5,402.0,27.6,14.78,0,2026-07-14 07:46:18
1439,23,36.7,334.9,23.6,15.44,0,2026-07-14 07:54:18
1440,1,40.2,332.4,25.9,15.78,0,2026-07-14 08:02:18
1441,13,43.4,347.6,25.5,17.52,0,2026-07-14 08:10:18
1442,13,43.7,516.0,26.0,17.94,0,2026-07-14 08:18:18
1443,38,42.2,432.6,27.5,16.15,0,2026-07-14 08:26:18
1444,43,46.3,439.3,25.6,18.92,0,2026-07-14 08:34:18
1445,44,46.4,537.7,25.7,18.0,0,2026-07-14 08:42:18
1446,8,46.1,410.7,27.4,18.61,0,2026-07-14 08:50:18
1447,3,46.7,397.2,29.0,19.04,0,2026-07-14 08:58:18
1448,10,51.0,534.4,26.0,20.05,0,2026-07-14 09:06:18
1449,15,50.9,559.2,28.4,19.84,0,2026-07-14 09:14:18
1450,24,49.5,421.4,28.9,19.24,0,2026-07-14 09:22:18
1451,40,49.0,477.8,28.2,20.06,0,2026-07-14 09:30:18
1452,47,52.5,508.4,28.9,21.99,0,2026-07-14 09:38:18
1453,38,51.0,445.1,27.4,19.91,0,2026-07-14 09:46:18
1454,36,55.9,518.9,30.3,23.19,0,2026-07-14 09:54:18
1455,37,56.3,615.7,29.4,22.61,0,2026-07-14 10:02:18
1456,29,56.1,576.1,28.9,22.22,0,2026-07-14 10:10:18
1457,13,54.9,519.4,29.4,21.15,0,2026-07-14 10:18:18
1458,9,60.6,662.1,27.3,24.28,0,2026-07-14 10:26:18
1459,40,57.4,586.7,26.9,23.31,0,2026-07-14 10:34:18
1460,39,57.9,586.5,28.4,22.91,0,2026-07-14 10:42:18
1461,2,63.0,593.9,28.1,24.86,0,2026-07-14 10:50:18
1462,45,63.2,657.5,28.0,24.71,0,2026-07-14 10:58:18
1463,50,61.3,651.7,30.6,23.89,0,2026-07-14 11:06:18
1464,16,65.4,613.1,30.4,27.13,0,2026-07-14 11:14:18
1465,5,62.2,707.1,28.7,25.26,0,2026-07-14 11:22:18
1466,20,67.7,593.0,30.1,26.45,0,2026-07-14 11:30:18
1467,40,65.3,539.4,28.2,26.2,0,2026-07-14 11:38:18
1468,20,70.8,777.3,31.8,27.84,0,2026-07-14 11:46:18
1469,7,68.4,711.9,29.4,27.77,0,2026-07-14 11:54:18
1470,45,67.9,748.4,30.3,27.7,0,2026-07-14 12:02:18
1471,11,69.5,594.9,31.0,27.26,0,2026-07-14 12:10:18
1472,39,71.3,772.4,31.0,28.18,0,2026-07-14 12:18:18
1473,36,70.6,812.5,30.8,28.59,0,2026-07-14 12:26:18
1474,30,73.7,681.6,30.0,28.97,0,2026-07-14 12:34:18
1475,15,73.8,820.3,30.8,29.97,0,2026-07-14 12:42:18
1476,22,76.4,759.2,33.4,30.27,0,2026-07-14 12:50:18
1477,38,75.9,877.3,31.5,30.58,0,2026-07-14 12:58:18
1478,35,79.1,796.5,31.3,31.18,0,2026-07-14 13:06:18
1479,13,78.1,810.4,31.6,31.34,0,2026-07-14 13:14:18
1480,17,79.6,951.7,33.9,31.45,0,2026-07-14 13:22:18
1481,4,80.3,935.1,32.7,32.27,0,2026-07-14 13:30:18
1482,15,82.4,670.6,34.2,32.32,0,2026-07-14 13:38:18
1483,40,84.6,882.1,31.0,33.05,0,2026-07-14 13:46:18
1484,2,81.3,836.6,30.2,33.31,0,2026-07-14 13:54:18
1485,13,86.0,850.2,33.5,33.75,1,2026-07-14 14:02:18
1486,20,88.1,1007.1,32.4,34.34,1,2026-07-14 14:10:18
1487,26,85.1,772.3,32.5,35.01,1,2026-07-14 14:18:18
1488,4,88.8,1016.0,33.3,35.43,1,2026-07-14 14:26:18
1489,12,89.4,922.0,31.6,36.27,1,2026-07-14 14:34:18
1490,26,90.3,1017.4,34.5,35.75,1,2026-07-14 14:42:18
1491,28,89.2,866.3,34.9,36.64,1,2026-07-14 14:50:18
1492,25,89.1,742.6,32.5,36.53,1,2026-07-14 14:58:18
1493,34,95.2,816.6,34.0,38.61,1,2026-07-14 15:06:18
1494,6,94.8,807.8,32.6,38.91,1,2026-07-14 15:14:18
1495,6,96.1,1003.9,34.2,38.34,1,2026-07-14 15:22:18
1496,22,93.6,1107.6,34.9,37.21,1,2026-07-14 15:30:18
1497,45,99.6,936.9,33.3,40.24,1,2026-07-14 15:38:18
1498,15,95.8,992.9,34.0,38.78,1,2026-07-14 15:46:18
1499,31,100.0,853.1,35.6,40.61,1,2026-07-14 15:54:18
1500,15,5.0,47.9,21.4,1.43,0,2026-07-14 16:02:18
1501,46,5.0,50.5,19.2,2.43,0,2026-07-14 16:10:18
1502,12,5.0,44.8,22.0,1.01,0,2026-07-14 16:18:18
1503,34,5.0,54.4,19.3,1.71,0,2026-07-14 16:26:18
1504,21,6.9,79.6,21.7,2.33,0,2026-07-14 16:34:18
1505,31,5.0,48.7,22.3,1.22,0,2026-07-14 16:42:18
1506,21,5.3,53.8,21.1,2.52,0,2026-07-14 16:50:18
1507,28,9.1,96.9,22.5,3.13,0,2026-07-14 16:58:18
1508,35,7.8,74.7,22.5,2.44,0,2026-07-14 17:06:18
1509,1,6.5,75.2,19.6,2.93,0,2026-07-14 17:14:18
1510,31,8.5,99.6,20.1,2.56,0,2026-07-14 17:22:18
1511,6,11.9,112.8,21.0,4.52,0,2026-07-14 17:30:18
1512,2,9.2,94.6,22.7,3.68,0,2026-07-14 17:38:18
1513,5,10.8,125.9,22.4,3.68,0,2026-07-14 17:46:18
1514,22,11.8,117.8,19.9,4.23,0,2026-07-14 17:54:18
1515,31,16.8,188.5,23.3,7.24,0,2026-07-14 18:02:18
1516,5,16.0,143.2,23.5,7.32,0,2026-07-14 18:10:18
1517,40,18.1,192.2,21.4,7.66,0,2026-07-14 18:18:18
1518,24,18.0,183.4,24.2,7.48,0,2026-07-14 18:26:18
1519,1,18.0,156.1,23.5,6.4,0,2026-07-14 18:34:18
1520,9,22.5,249.3,22.3,8.78,0,2026-07-14 18:42:18
1521,27,18.6,151.7,23.7,6.9,0,2026-07-14 18:50:18
1522,23,21.2,235.5,24.7,9.35,0,2026-07-14 18:58:18
1523,29,21.2,240.5,21.8,9.3,0,2026-07-14 19:06:18
1524,9,25.6,305.8,25.0,9.89,0,2026-07-14 19:14:18
1525,27,25.7,230.2,24.7,10.1,0,2026-07-14 19:22:18
1526,45,27.8,332.3,23.1,11.57,0,2026-07-14 19:30:18
1527,39,29.8,266.0,24.7,11.23,0,2026-07-14 19:38:18
1528,39,26.4,316.4,25.3,10.4,0,2026-07-14 19:46:18
1529,34,28.1,263.5,24.6,10.26,0,2026-07-14 19:54:18
1530,8,30.2,259.1,25.7,13.03,0,2026-07-14 20:02:18
1531,49,33.7,316.9,24.7,13.1,0,2026-07-14 20:10:18
1532,24,30.4,313.4,25.8,11.35,0,2026-07-14 20:18:18
1533,24,33.5,338.3,26.7,13.4,0,2026-07-14 20:26:18
1534,36,31.8,319.9,24.4,11.84,0,2026-07-14 20:34:18
1535,31,32.2,267.5,24.9,12.9,0,2026-07-14 20:42:18
1536,38,38.0,356.6,27.2,15.75,0,2026-07-14 20:50:18
1537,38,37.6,441.3,25.1,14.99,0,2026-07-14 20:58:18
1538,21,35.8,378.3,25.2,14.65,0,2026-07-14 21:06:18
1539,20,39.6,366.4,26.0,15.36,0,2026-07-14 21:14:18
1540,32,42.4,350.2,26.4,16.04,0,2026-07-14 21:22:18
1541,27,41.8,482.4,25.4,16.3,0,2026-07-14 21:30:18
1542,7,40.6,390.8,24.3,15.72,0,2026-07-14 21:38:18
1543,20,43.0,458.9,26.0,17.51,0,2026-07-14 21:46:18
1544,23,42.9,344.7,27.2,17.08,0,2026-07-14 21:54:18
1545,7,46.7,425.3,27.4,19.14,0,2026-07-14 22:02:18
1546,22,45.0,488.9,24.9,17.38,0,2026-07-14 22:10:18
1547,44,44.1,450.6,28.2,17.81,0,2026-07-14 22:18:18
1548,31,48.2,498.7,26.3,18.55,0,2026-07-14 22:26:18
1549,12,47.3,500.5,27.3,18.76,0,2026-07-14 22:34:18
1550,21,49.1,424.0,28.0,19.71,0,2026-07-14 22:42:18
1551,43,52.8,503.4,29.3,20.12,0,2026-07-14 22:50:18
1552,21,54.2,595.8,28.1,20.89,0,2026-07-14 22:58:18
1553,45,53.2,509.8,28.1,20.34,0,2026-07-14 23:06:18
1554,3,55.2,503.5,28.7,22.34,0,2026-07-14 23:14:18
1555,7,53.5,571.5,29.5,22.11,0,2026-07-14 23:22:18
1556,50,58.6,472.1,28.8,22.61,0,2026-07-14 23:30:18
1557,42,58.7,473.8,30.3,22.88,0,2026-07-14 23:38:18
1558,50,55.9,580.3,27.1,23.27,0,2026-07-14 23:46:18
1559,36,56.7,493.0,29.3,23.23,0,2026-07-14 23:54:18
1560,30,58.6,564.8,30.6,23.45,0,2026-07-15 00:02:18
1561,43,62.6,682.5,28.6,25.51,0,2026-07-15 00:10:18
1562,43,60.6,488.9,30.7,24.63,0,2026-07-15 00:18:18
1563,44,64.6,650.9,30.8,26.33,0,2026-07-15 00:26:18
1564,34,66.7,744.0,29.1,26.22,0,2026-07-15 00:34:18
1565,35,67.8,759.4,28.5,27.77,0,2026-07-15 00:42:18
1566,35,65.2,565.7,28.9,26.38,0,2026-07-15 00:50:18
1567,22,65.1,747.0,28.8,25.12,0,2026-07-15 00:58:18
1568,47,66.4,736.6,29.0,25.66,0,2026-07-15 01:06:18
1569,35,71.3,817.6,29.9,27.63,0,2026-07-15 01:14:18
1570,38,72.5,815.9,32.4,29.87,0,2026-07-15 01:22:18
1571,4,72.9,627.3,32.7,28.45,0,2026-07-15 01:30:18
1572,42,70.6,754.3,29.1,28.37,0,2026-07-15 01:38:18
1573,14,72.2,816.1,32.2,29.33,0,2026-07-15 01:46:18
1574,3,73.1,856.8,30.3,28.79,0,2026-07-15 01:54:18
1575,18,77.8,901.8,31.5,30.27,0,2026-07-15 02:02:18
1576,42,76.5,796.7,32.8,31.14,0,2026-07-15 02:10:18
1577,48,75.1,623.8,31.8,29.8,0,2026-07-15 02:18:18
1578,45,79.5,885.6,32.7,32.25,0,2026-07-15 02:26:18
1579,43,80.2,680.0,30.4,31.78,0,2026-07-15 02:34:18
1580,18,83.0,703.0,31.6,32.84,0,2026-07-15 02:42:18
1581,10,80.2,810.6,33.6,32.74,0,2026-07-15 02:50:18
1582,5,79.2,773.2,31.2,32.44,0,2026-07-15 02:58:18
1583,35,81.4,658.1,32.8,31.9,0,2026-07-15 03:06:18
1584,34,86.3,895.4,31.7,33.57,1,2026-07-15 03:14:18
1585,31,87.8,812.7,31.6,34.95,1,2026-07-15 03:22:18
1586,23,88.4,965.6,34.2,35.36,1,2026-07-15 03:30:18
1587,23,84.1,890.7,32.0,34.48,0,2026-07-15 03:38:18
1588,22,85.4,972.8,31.3,33.53,1,2026-07-15 03:46:18
1589,29,87.0,819.6,33.4,33.94,1,2026-07-15 03:54:18
1590,12,92.8,1026.3,33.1,37.08,1,2026-07-15 04:02:18
1591,5,92.9,941.3,33.9,36.37,1,2026-07-15 04:10:18
1592,28,90.3,1033.9,34.0,36.06,1,2026-07-15 04:18:18
1593,32,94.8,790.3,35.5,37.27,1,2026-07-15 04:26:18
1594,4,93.5,922.6,32.6,37.69,1,2026-07-15 04:34:18
1595,32,93.9,920.1,35.3,37.37,1,2026-07-15 04:42:18
1596,6,96.0,868.9,35.0,38.65,1,2026-07-15 04:50:18
1597,23,98.5,891.1,32.8,40.19,1,2026-07-15 04:58:18
1598,42,99.2,1065.8,36.2,40.57,1,2026-07-15 05:06:18
1599,13,100.0,879.0,34.9,39.21,1,2026-07-15 05:14:18
1600,14,5.0,44.3,19.5,1.88,0,2026-07-15 05:22:18
1601,30,5.0,58.4,20.1,2.54,0,2026-07-15 05:30:18
1602,40,5.0,49.9,20.4,1.23,0,2026-07-15 05:38:18
1603,12,5.0,59.8,20.5,2.29,0,2026-07-15 05:46:18
1604,18,5.3,53.8,22.6,1.46,0,2026-07-15 05:54:18
1605,22,7.8,74.7,19.6,2.6,0,2026-07-15 06:02:18
1606,24,5.0,59.0,21.2,2.52,0,2026-07-15 06:10:18
1607,3,9.7,107.0,21.5,3.88,0,2026-07-15 06:18:18
1608,18,10.4,119.8,23.3,4.35,0,2026-07-15 06:26:18
1609,35,6.2,64.7,20.3,3.31,0,2026-07-15 06:34:18
1610,27,9.3,93.9,23.2,4.48,0,2026-07-15 06:42:18
1611,32,13.7,119.7,23.6,5.59,0,2026-07-15 06:50:18
1612,43,9.7,99.5,21.6,3.31,0,2026-07-15 06:58:18
1613,34,13.6,157.9,23.6,5.76,0,2026-07-15 07:06:18
1614,22,16.0,146.0,23.7,7.28,0,2026-07-15 07:14:18
1615,41,15.6,162.4,23.6,5.44,0,2026-07-15 07:22:18
1616,14,14.1,151.5,20.4,5.67,0,2026-07-15 07:30:18
1617,10,19.6,196.0,23.5,7.93,0,2026-07-15 07:38:18
1618,31,18.2,147.1,23.1,7.32,0,2026-07-15 07:46:18
1619,48,18.9,201.5,22.1,7.94,0,2026-07-15 07:54:18
1620,35,22.3,227.2,22.2,8.81,0,2026-07-15 08:02:18
1621,39,22.5,259.5,21.8,8.27,0,2026-07-15 08:10:18
1622,35,24.1,221.1,24.9,9.62,0,2026-07-15 08:18:18
1623,17,22.3,261.1,24.2,9.5,0,2026-07-15 08:26:18
1624,39,21.5,189.9,24.9,9.37,0,2026-07-15 08:34:18
1625,29,22.3,181.1,23.6,9.58,0,2026-07-15 08:42:18
1626,41,27.7,226.4,23.9,10.96,0,2026-07-15 08:50:18
1627,17,27.3,254.0,25.2,11.08,0,2026-07-15 08:58:18
1628,8,27.5,283.1,23.8,10.28,0,2026-07-15 09:06:18
1629,42,26.7,297.1,23.3,10.53,0,2026-07-15 09:14:18
1630,26,28.8,301.0,23.1,12.3,0,2026-07-15 09:22:18
1631,31,32.0,383.5,25.1,13.08,0,2026-07-15 09:30:18
1632,9,30.5,322.8,25.3,11.41,0,2026-07-15 09:38:18
1633,28,32.7,375.4,26.7,13.68,0,2026-07-15 09:46:18
1634,31,34.3,322.7,27.0,14.09,0,2026-07-15 09:54:18
1635,32,32.1,298.4,24.7,12.0,0,2026-07-15 10:02:18
1636,26,33.5,393.3,26.9,13.11,0,2026-07-15 10:10:18
1637,14,37.6,405.0,25.8,15.49,0,2026-07-15 10:18:18
1638,26,36.5,394.0,26.8,14.05,0,2026-07-15 10:26:18
1639,40,38.7,332.0,25.6,16.23,0,2026-07-15 10:34:18
1640,28,42.2,487.2,25.1,17.85,0,2026-07-15 10:42:18
1641,32,40.3,344.3,24.7,15.14,0,2026-07-15 10:50:18
1642,19,40.0,406.9,24.4,16.21,0,2026-07-15 10:58:18
1643,42,45.5,463.4,28.5,19.1,0,2026-07-15 11:06:18
1644,49,44.1,439.1,25.6,17.19,0,2026-07-15 11:14:18
1645,43,47.1,524.6,26.2,18.87,0,2026-07-15 11:22:18
1646,15,48.4,401.1,26.8,19.4,0,2026-07-15 11:30:18
1647,48,48.6,550.7,27.3,19.4,0,2026-07-15 11:38:18
1648,30,47.7,494.8,25.2,19.43,0,2026-07-15 11:46:18
1649,31,46.1,494.0,27.4,18.38,0,2026-07-15 11:54:18
1650,20,47.9,428.2,26.3,19.53,0,2026-07-15 12:02:18
1651,39,51.0,448.3,27.2,21.02,0,2026-07-15 12:10:18
1652,18,50.2,499.2,29.2,19.35,0,2026-07-15 12:18:18
1653,27,53.6,572.1,26.1,20.65,0,2026-07-15 12:26:18
1654,31,52.1,512.6,27.6,21.66,0,2026-07-15 12:34:18
1655,16,55.2,595.8,27.7,21.65,0,2026-07-15 12:42:18
1656,26,57.6,674.7,29.7,22.58,0,2026-07-15 12:50:18
1657,7,57.0,574.6,27.3,23.41,0,2026-07-15 12:58:18
1658,6,59.7,660.2,29.8,24.32,0,2026-07-15 13:06:18
1659,24,60.2,699.9,27.7,23.79,0,2026-07-15 13:14:18
1660,48,62.6,634.5,27.8,25.18,0,2026-07-15 13:22:18
1661,26,63.7,637.8,27.8,25.5,0,2026-07-15 13:30:18
1662,15,61.6,608.8,30.0,25.55,0,2026-07-15 13:38:18
1663,34,60.2,613.4,30.8,25.01,0,2026-07-15 13:46:18
1664,45,61.4,652.4,31.0,23.92,0,2026-07-15 13:54:18
1665,10,63.8,582.1,28.2,26.01,0,2026-07-15 14:02:18
1666,23,67.0,782.3,28.1,26.78,0,2026-07-15 14:10:18
1667,1,65.5,543.8,28.6,27.15,0,2026-07-15 14:18:18
1668,5,65.7,565.9,31.0,25.51,0,2026-07-15 14:26:18
1669,30,71.0,670.7,30.8,28.6,0,2026-07-15 14:34:18
1670,45,69.3,690.4,28.5,28.49,0,2026-07-15 14:42:18
1671,22,69.6,768.7,29.2,27.43,0,2026-07-15 14:50:18
1672,40,73.6,859.5,32.4,28.69,0,2026-07-15 14:58:18
1673,15,73.7,680.8,31.5,29.43,0,2026-07-15 15:06:18
1674,10,71.9,827.4,32.0,27.97,0,2026-07-15 15:14:18
1675,1,73.7,865.8,29.2,28.82,0,2026-07-15 15:22:18
1676,8,73.6,621.7,29.1,28.52,0,2026-07-15 15:30:18
1677,19,76.0,767.3,31.2,30.4,0,2026-07-15 15:38:18
1678,47,79.0,942.0,30.6,30.84,0,2026-07-15 15:46:18
1679,31,82.0,681.7,33.1,32.39,0,2026-07-15 15:54:18
1680,31,78.9,647.8,31.4,30.91,0,2026-07-15 16:02:18
1681,14,79.7,838.0,31.9,32.68,0,2026-07-15 16:10:18
1682,35,80.1,921.4,30.3,31.68,0,2026-07-15 16:18:18
1683,27,83.4,996.2,33.9,32.79,0,2026-07-15 16:26:18
1684,34,85.5,1019.0,33.0,33.89,1,2026-07-15 16:34:18
1685,6,87.3,948.9,31.5,35.43,1,2026-07-15 16:42:18
1686,9,87.8,958.6,33.7,35.51,1,2026-07-15 16:50:18
1687,45,84.4,896.3,32.7,33.17,0,2026-07-15 16:58:18
1688,19,85.3,762.4,32.3,33.74,1,2026-07-15 17:06:18
1689,38,89.3,729.5,33.6,36.27,1,2026-07-15 17:14:18
1690,13,88.1,1034.5,34.3,34.51,1,2026-07-15 17:22:18
1691,40,91.5,984.4,32.1,37.5,1,2026-07-15 17:30:18
1692,12,93.6,1011.9,33.6,38.11,1,2026-07-15 17:38:18
1693,21,95.4,927.3,34.1,38.33,1,2026-07-15 17:46:18
1694,5,95.2,947.5,34.5,37.63,1,2026-07-15 17:54:18
1695,10,97.9,862.8,35.9,39.13,1,2026-07-15 18:02:18
1696,49,97.6,975.0,34.7,38.48,1,2026-07-15 18:10:18
1697,47,94.1,1046.4,36.0,37.32,1,2026-07-15 18:18:18
1698,19,96.6,1042.6,34.4,39.35,1,2026-07-15 18:26:18
1699,30,97.1,1056.3,33.3,38.47,1,2026-07-15 18:34:18
1700,4,5.0,48.1,19.7,1.95,0,2026-07-15 18:42:18
1701,49,5.0,48.1,20.3,1.71,0,2026-07-15 18:50:18
1702,19,5.0,40.3,22.6,1.35,0,2026-07-15 18:58:18
1703,24,5.0,48.0,20.5,2.09,0,2026-07-15 19:06:18
1704,45,5.0,41.3,19.4,2.86,0,2026-07-15 19:14:18
1705,3,6.5,57.3,21.3,1.86,0,2026-07-15 19:22:18
1706,10,7.5,88.1,19.2,3.72,0,2026-07-15 19:30:18
1707,21,6.8,64.3,23.0,1.75,0,2026-07-15 19:38:18
1708,41,5.4,61.6,20.6,1.77,0,2026-07-15 19:46:18
1709,43,8.6,93.5,23.1,3.5,0,2026-07-15 19:54:18
1710,48,9.0,105.8,19.6,3.31,0,2026-07-15 20:02:18
1711,14,12.9,134.7,23.8,4.49,0,2026-07-15 20:10:18
1712,50,14.1,122.5,22.1,6.55,0,2026-07-15 20:18:18
1713,11,13.4,108.8,21.7,4.79,0,2026-07-15 20:26:18
1714,50,11.7,116.7,23.3,4.21,0,2026-07-15 20:34:18
1715,38,13.9,157.5,20.7,5.88,0,2026-07-15 20:42:18
1716,36,15.8,128.3,23.5,6.9,0,2026-07-15 20:50:18
1717,45,14.0,155.6,22.1,4.69,0,2026-07-15 20:58:18
1718,44,20.2,186.0,23.8,7.9,0,2026-07-15 21:06:18
1719,33,21.8,254.2,24.1,9.14,0,2026-07-15 21:14:18
1720,34,22.8,269.6,24.9,8.67,0,2026-07-15 21:22:18
1721,1,20.0,206.6,24.6,7.89,0,2026-07-15 21:30:18
1722,32,19.7,190.2,21.1,7.73,0,2026-07-15 21:38:18
1723,50,25.8,246.2,22.7,10.96,0,2026-07-15 21:46:18
1724,8,23.7,270.5,24.9,9.16,0,2026-07-15 21:54:18
1725,42,22.7,239.9,24.7,9.88,0,2026-07-15 22:02:18
1726,48,28.0,304.8,22.5,11.96,0,2026-07-15 22:10:18
1727,15,29.4,330.9,24.9,11.98,0,2026-07-15 22:18:18
1728,6,27.3,317.8,26.0,11.65,0,2026-07-15 22:26:18
1729,47,29.8,287.8,24.3,12.18,0,2026-07-15 22:34:18
1730,5,32.5,375.7,23.5,12.89,0,2026-07-15 22:42:18
1731,19,31.1,261.4,25.9,13.41,0,2026-07-15 22:50:18
1732,40,31.5,270.9,26.1,12.5,0,2026-07-15 22:58:18
1733,22,33.2,324.3,24.3,14.05,0,2026-07-15 23:06:18
1734,38,34.7,392.4,26.9,14.73,0,2026-07-15 23:14:18
1735,32,33.2,385.3,24.2,14.0,0,2026-07-15 23:22:18
1736,19,33.1,367.3,26.7,14.2,0,2026-07-15 23:30:18
1737,4,38.8,444.5,26.0,14.53,0,2026-07-15 23:38:18
1738,19,40.4,350.1,26.7,16.03,0,2026-07-15 23:46:18
1739,37,36.4,332.8,25.8,15.29,0,2026-07-15 23:54:18
1740,44,42.8,400.1,25.8,16.29,0,2026-07-16 00:02:18
1741,13,38.8,451.9,25.5,14.69,0,2026-07-16 00:10:18
1742,45,43.8,508.7,27.0,17.28,0,2026-07-16 00:18:18
1743,22,42.8,400.3,24.6,17.96,0,2026-07-16 00:26:18
1744,6,44.3,428.4,25.6,17.0,0,2026-07-16 00:34:18
1745,14,45.1,412.6,26.2,18.53,0,2026-07-16 00:42:18
1746,37,43.9,398.5,27.3,16.94,0,2026-07-16 00:50:18
1747,19,49.6,560.1,27.9,19.93,0,2026-07-16 00:58:18
1748,26,45.8,407.5,27.1,18.83,0,2026-07-16 01:06:18
1749,28,47.3,464.6,28.3,19.89,0,2026-07-16 01:14:18
1750,30,50.7,585.1,27.3,20.99,0,2026-07-16 01:22:18
1751,18,51.2,412.6,28.2,19.95,0,2026-07-16 01:30:18
1752,16,50.7,512.8,28.6,20.23,0,2026-07-16 01:38:18
1753,1,53.3,475.5,28.1,21.08,0,2026-07-16 01:46:18
1754,18,51.3,441.2,26.3,19.91,0,2026-07-16 01:54:18
1755,28,53.2,599.2,27.3,21.09,0,2026-07-16 02:02:18
1756,14,56.6,525.4,27.2,23.2,0,2026-07-16 02:10:18
1757,26,54.9,484.5,28.6,22.61,0,2026-07-16 02:18:18
1758,38,58.2,479.8,28.1,23.2,0,2026-07-16 02:26:18
1759,29,57.5,507.0,28.0,22.48,0,2026-07-16 02:34:18
1760,8,58.7,572.2,28.5,23.33,0,2026-07-16 02:42:18
1761,49,62.5,560.3,28.4,24.45,0,2026-07-16 02:50:18
1762,44,62.5,634.3,27.6,24.15,0,2026-07-16 02:58:18
1763,2,65.7,746.6,28.3,26.15,0,2026-07-16 03:06:18
1764,15,64.9,691.3,29.1,26.21,0,2026-07-16 03:14:18
1765,11,65.6,740.3,31.4,26.08,0,2026-07-16 03:22:18
1766,26,64.3,740.3,29.2,26.24,0,2026-07-16 03:30:18
1767,29,70.0,832.9,30.9,28.01,0,2026-07-16 03:38:18
1768,39,70.6,653.7,30.4,28.89,0,2026-07-16 03:46:18
1769,29,71.3,760.6,29.8,28.09,0,2026-07-16 03:54:18
1770,15,72.0,636.0,30.6,28.76,0,2026-07-16 04:02:18
1771,27,72.1,677.2,32.1,28.95,0,2026-07-16 04:10:18
1772,42,72.5,670.0,30.7,29.58,0,2026-07-16 04:18:18
1773,17,71.0,796.5,30.0,29.36,0,2026-07-16 04:26:18
1774,15,74.6,628.9,31.0,29.67,0,2026-07-16 04:34:18
1775,19,77.1,677.9,31.5,31.38,0,2026-07-16 04:42:18
1776,31,78.1,834.4,30.9,31.67,0,2026-07-16 04:50:18
1777,5,75.0,762.4,32.8,29.81,0,2026-07-16 04:58:18
1778,5,80.5,808.3,30.2,31.6,0,2026-07-16 05:06:18
1779,14,76.4,894.1,32.2,30.6,0,2026-07-16 05:14:18
1780,18,78.6,860.2,31.2,32.42,0,2026-07-16 05:22:18
1781,41,81.0,671.5,33.9,32.04,0,2026-07-16 05:30:18
1782,27,80.2,825.5,30.4,33.02,0,2026-07-16 05:38:18
1783,2,84.5,817.0,33.1,34.06,0,2026-07-16 05:46:18
1784,2,86.1,937.4,31.5,34.9,1,2026-07-16 05:54:18
1785,25,83.0,758.3,33.3,33.42,0,2026-07-16 06:02:18
1786,43,85.1,747.4,33.0,33.09,1,2026-07-16 06:10:18
1787,42,89.6,741.7,32.6,36.5,1,2026-07-16 06:18:18
1788,49,86.6,893.4,33.1,34.67,1,2026-07-16 06:26:18
1789,24,90.1,893.6,35.2,36.32,1,2026-07-16 06:34:18
1790,27,91.3,888.0,32.5,36.16,1,2026-07-16 06:42:18
1791,42,88.7,760.0,32.0,35.04,1,2026-07-16 06:50:18
1792,24,89.2,740.6,32.2,35.25,1,2026-07-16 06:58:18
1793,21,90.3,1043.1,32.9,36.94,1,2026-07-16 07:06:18
1794,46,92.5,1084.6,32.7,36.52,1,2026-07-16 07:14:18
1795,19,94.0,962.3,35.5,36.92,1,2026-07-16 07:22:18
1796,17,97.5,1072.3,33.8,39.86,1,2026-07-16 07:30:18
1797,13,96.0,1130.0,36.3,37.81,1,2026-07-16 07:38:18
1798,14,95.2,870.1,35.9,38.24,1,2026-07-16 07:46:18
1799,8,100.0,867.2,34.3,40.2,1,2026-07-16 07:54:18
1800,47,5.0,47.4,20.3,1.86,0,2026-07-16 08:02:18
1801,45,5.0,49.2,20.4,2.86,0,2026-07-16 08:10:18
1802,21,5.0,48.2,20.7,2.81,0,2026-07-16 08:18:18
1803,4,5.0,53.1,21.3,2.36,0,2026-07-16 08:26:18
1804,15,5.0,48.3,21.5,1.73,0,2026-07-16 08:34:18
1805,48,5.0,46.1,20.4,1.78,0,2026-07-16 08:42:18
1806,20,8.6,99.9,23.3,2.9,0,2026-07-16 08:50:18
1807,49,5.9,67.4,20.8,2.25,0,2026-07-16 08:58:18
1808,7,6.1,54.2,19.8,1.74,0,2026-07-16 09:06:18
1809,46,10.9,98.6,20.9,4.49,0,2026-07-16 09:14:18
1810,25,8.8,88.6,23.2,2.87,0,2026-07-16 09:22:18
1811,4,11.4,95.4,21.7,4.77,0,2026-07-16 09:30:18
1812,34,12.5,125.5,20.0,4.74,0,2026-07-16 09:38:18
1813,36,12.8,139.7,21.5,5.52,0,2026-07-16 09:46:18
1814,3,13.5,141.3,22.4,5.29,0,2026-07-16 09:54:18
1815,44,12.4,139.1,21.4,4.51,0,2026-07-16 10:02:18
1816,22,16.2,170.6,23.7,5.94,0,2026-07-16 10:10:18
1817,43,14.3,136.9,21.8,5.59,0,2026-07-16 10:18:18
1818,29,17.8,148.0,21.6,7.64,0,2026-07-16 10:26:18
1819,29,16.4,142.1,20.5,7.27,0,2026-07-16 10:34:18
1820,2,21.0,220.5,23.0,8.83,0,2026-07-16 10:42:18
1821,19,21.8,218.6,21.6,8.07,0,2026-07-16 10:50:18
1822,17,21.5,207.5,21.8,8.45,0,2026-07-16 10:58:18
1823,43,22.4,206.4,24.1,8.86,0,2026-07-16 11:06:18
1824,45,26.3,214.1,22.3,10.34,0,2026-07-16 11:14:18
1825,31,24.5,211.4,24.9,8.81,0,2026-07-16 11:22:18
1826,48,25.2,292.0,22.2,9.21,0,2026-07-16 11:30:18
1827,49,27.6,249.2,23.1,11.85,0,2026-07-16 11:38:18
1828,3,29.5,240.5,25.7,12.01,0,2026-07-16 11:46:18
1829,4,27.0,243.6,22.1,10.05,0,2026-07-16 11:54:18
1830,31,30.8,356.7,25.4,11.72,0,2026-07-16 12:02:18
1831,8,33.6,292.0,23.3,13.18,0,2026-07-16 12:10:18
1832,9,31.0,293.1,23.6,13.08,0,2026-07-16 12:18:18
1833,9,35.2,363.3,27.3,14.3,0,2026-07-16 12:26:18
1834,8,32.5,298.1,24.2,13.14,0,2026-07-16 12:34:18
1835,24,32.4,318.5,23.7,12.92,0,2026-07-16 12:42:18
1836,22,33.5,335.2,24.8,12.42,0,2026-07-16 12:50:18
1837,17,39.0,444.2,24.3,16.43,0,2026-07-16 12:58:18
1838,49,35.3,352.4,27.3,13.26,0,2026-07-16 13:06:18
1839,40,37.7,386.5,24.4,15.77,0,2026-07-16 13:14:18
1840,35,39.6,346.8,26.8,15.06,0,2026-07-16 13:22:18
1841,45,40.2,464.6,27.2,15.66,0,2026-07-16 13:30:18
1842,44,41.2,340.4,27.8,17.44,0,2026-07-16 13:38:18
1843,14,42.2,413.4,25.7,16.15,0,2026-07-16 13:46:18
1844,49,43.8,399.2,25.6,17.95,0,2026-07-16 13:54:18
1845,49,45.1,368.1,27.4,17.69,0,2026-07-16 14:02:18
1846,46,45.8,501.1,27.4,18.23,0,2026-07-16 14:10:18
1847,19,46.7,396.8,28.1,18.52,0,2026-07-16 14:18:18
1848,9,47.4,515.8,28.6,18.52,0,2026-07-16 14:26:18
1849,3,47.4,401.2,27.1,18.17,0,2026-07-16 14:34:18
1850,34,52.5,427.2,26.7,21.61,0,2026-07-16 14:42:18
1851,42,50.4,552.0,27.7,20.98,0,2026-07-16 14:50:18
1852,21,54.7,456.8,29.9,22.25,0,2026-07-16 14:58:18
1853,25,55.9,596.6,28.4,23.14,0,2026-07-16 15:06:18
1854,28,54.8,589.7,27.1,22.57,0,2026-07-16 15:14:18
1855,13,52.4,557.6,25.9,21.32,0,2026-07-16 15:22:18
1856,5,53.5,628.3,30.0,20.46,0,2026-07-16 15:30:18
1857,43,56.8,521.9,26.6,23.27,0,2026-07-16 15:38:18
1858,28,58.5,535.6,29.5,22.44,0,2026-07-16 15:46:18
1859,33,61.7,628.2,31.2,23.83,0,2026-07-16 15:54:18
1860,25,58.9,515.9,28.4,24.25,0,2026-07-16 16:02:18
1861,40,58.6,562.7,27.3,23.16,0,2026-07-16 16:10:18
1862,3,62.0,569.9,30.2,25.25,0,2026-07-16 16:18:18
1863,23,64.3,654.1,30.1,25.67,0,2026-07-16 16:26:18
1864,23,65.9,622.1,30.6,27.04,0,2026-07-16 16:34:18
1865,40,64.9,606.4,28.9,25.82,0,2026-07-16 16:42:18
1866,13,68.7,773.1,29.6,26.99,0,2026-07-16 16:50:18
1867,4,68.5,667.6,29.3,27.5,0,2026-07-16 16:58:18
1868,26,65.2,532.4,28.8,25.14,0,2026-07-16 17:06:18
1869,49,67.9,631.9,30.6,27.93,0,2026-07-16 17:14:18
1870,41,72.3,632.2,31.8,29.2,0,2026-07-16 17:22:18
1871,7,68.5,669.4,30.7,26.64,0,2026-07-16 17:30:18
1872,42,72.2,838.3,30.3,29.59,0,2026-07-16 17:38:18
1873,18,73.7,733.4,30.6,29.47,0,2026-07-16 17:46:18
1874,30,72.3,593.7,32.5,28.79,0,2026-07-16 17:54:18
1875,28,76.2,724.5,30.9,30.61,0,2026-07-16 18:02:18
1876,44,78.8,797.6,31.8,32.05,0,2026-07-16 18:10:18
1877,41,75.5,765.1,29.9,30.5,0,2026-07-16 18:18:18
1878,43,75.4,695.7,31.2,29.78,0,2026-07-16 18:26:18
1879,25,77.4,793.8,31.1,31.53,0,2026-07-16 18:34:18
1880,47,79.8,767.0,31.1,31.73,0,2026-07-16 18:42:18
1881,28,78.3,915.0,32.2,31.47,0,2026-07-16 18:50:18
1882,36,83.8,897.0,33.0,33.25,0,2026-07-16 18:58:18
1883,5,81.7,697.0,31.0,33.47,0,2026-07-16 19:06:18
1884,37,83.8,785.6,34.1,33.38,0,2026-07-16 19:14:18
1885,8,87.2,1008.2,31.2,35.61,1,2026-07-16 19:22:18
1886,25,88.5,1043.6,33.5,34.44,1,2026-07-16 19:30:18
1887,23,87.8,1042.7,32.8,36.09,1,2026-07-16 19:38:18
1888,27,88.5,901.8,33.6,36.2,1,2026-07-16 19:46:18
1889,8,91.9,902.1,32.6,36.02,1,2026-07-16 19:54:18
1890,7,89.2,958.7,34.6,35.64,1,2026-07-16 20:02:18
1891,40,88.2,945.4,34.6,34.81,1,2026-07-16 20:10:18
1892,13,91.0,977.0,33.3,36.81,1,2026-07-16 20:18:18
1893,43,90.0,997.7,34.5,35.06,1,2026-07-16 20:26:18
1894,50,92.5,814.6,32.1,36.76,1,2026-07-16 20:34:18
1895,11,94.6,898.3,34.7,38.75,1,2026-07-16 20:42:18
1896,2,93.7,915.8,32.4,38.47,1,2026-07-16 20:50:18
1897,33,94.3,940.9,35.0,38.26,1,2026-07-16 20:58:18
1898,4,100.0,910.5,35.3,40.6,1,2026-07-16 21:06:18
1899,22,100.0,1157.8,33.4,39.9,1,2026-07-16 21:14:18
1900,23,5.0,44.1,19.6,2.91,0,2026-07-16 21:22:18
1901,24,5.0,40.2,20.3,2.72,0,2026-07-16 21:30:18
1902,21,5.0,41.0,22.3,1.92,0,2026-07-16 21:38:18
1903,24,5.0,57.5,22.7,1.61,0,2026-07-16 21:46:18
1904,32,5.0,59.6,21.0,2.84,0,2026-07-16 21:54:18
1905,49,6.5,52.5,19.2,2.1,0,2026-07-16 22:02:18
1906,44,5.0,51.5,22.2,1.36,0,2026-07-16 22:10:18
1907,36,8.3,92.6,23.2,2.95,0,2026-07-16 22:18:18
1908,41,10.4,92.1,21.6,3.33,0,2026-07-16 22:26:18
1909,32,8.4,71.0,21.7,2.76,0,2026-07-16 22:34:18
1910,31,8.9,104.2,19.6,2.77,0,2026-07-16 22:42:18
1911,43,12.1,133.4,22.1,5.13,0,2026-07-16 22:50:18
1912,45,10.0,94.5,22.0,3.59,0,2026-07-16 22:58:18
1913,11,14.0,129.2,23.8,6.56,0,2026-07-16 23:06:18
1914,10,13.4,160.5,22.9,6.07,0,2026-07-16 23:14:18
1915,24,13.9,111.5,23.6,6.0,0,2026-07-16 23:22:18
1916,45,18.7,170.9,21.6,8.32,0,2026-07-16 23:30:18
1917,15,15.1,179.4,20.5,5.34,0,2026-07-16 23:38:18
1918,44,17.0,163.3,23.2,6.47,0,2026-07-16 23:46:18
1919,36,16.8,199.9,23.0,6.74,0,2026-07-16 23:54:18
1920,13,17.6,156.0,21.9,6.27,0,2026-07-17 00:02:18
1921,8,23.8,256.0,24.7,9.93,0,2026-07-17 00:10:18
1922,24,19.9,176.1,24.1,8.63,0,2026-07-17 00:18:18
1923,40,22.4,220.0,24.2,9.67,0,2026-07-17 00:26:18
1924,11,24.8,291.5,25.4,10.15,0,2026-07-17 00:34:18
1925,9,27.7,237.0,24.8,10.47,0,2026-07-17 00:42:18
1926,48,23.8,205.8,23.5,9.83,0,2026-07-17 00:50:18
1927,16,28.7,240.7,25.6,11.74,0,2026-07-17 00:58:18
1928,48,30.2,271.9,23.3,11.99,0,2026-07-17 01:06:18
1929,29,26.2,281.3,25.5,9.86,0,2026-07-17 01:14:18
1930,28,32.9,278.9,23.8,12.76,0,2026-07-17 01:22:18
1931,32,32.4,307.5,26.2,13.22,0,2026-07-17 01:30:18
1932,5,30.6,347.4,26.0,11.86,0,2026-07-17 01:38:18
1933,3,31.6,279.6,23.9,12.88,0,2026-07-17 01:46:18
1934,31,37.0,415.0,25.1,13.8,0,2026-07-17 01:54:18
1935,8,32.4,283.9,23.9,13.1,0,2026-07-17 02:02:18
1936,22,36.9,395.4,23.7,14.47,0,2026-07-17 02:10:18
1937,22,35.5,367.2,26.8,14.93,0,2026-07-17 02:18:18
1938,37,39.0,414.5,25.0,15.28,0,2026-07-17 02:26:18
1939,9,37.9,432.7,25.3,14.27,0,2026-07-17 02:34:18
1940,22,41.4,371.8,27.7,16.2,0,2026-07-17 02:42:18
1941,19,42.0,369.2,24.4,17.51,0,2026-07-17 02:50:18
1942,27,40.1,408.1,24.4,15.16,0,2026-07-17 02:58:18
1943,48,41.2,425.1,25.5,17.38,0,2026-07-17 03:06:18
1944,42,44.9,391.3,27.5,17.22,0,2026-07-17 03:14:18
1945,21,43.1,483.3,25.7,16.57,0,2026-07-17 03:22:18
1946,5,43.4,519.7,28.3,16.98,0,2026-07-17 03:30:18
1947,31,45.0,468.3,25.3,17.34,0,2026-07-17 03:38:18
1948,26,50.6,552.3,27.3,21.2,0,2026-07-17 03:46:18
1949,8,47.5,503.3,28.4,19.0,0,2026-07-17 03:54:18
1950,28,50.6,405.2,27.9,21.11,0,2026-07-17 04:02:18
1951,40,52.0,433.7,26.3,21.7,0,2026-07-17 04:10:18
1952,40,52.6,621.5,28.2,21.65,0,2026-07-17 04:18:18
1953,41,53.6,577.3,29.3,20.78,0,2026-07-17 04:26:18
1954,11,55.5,621.1,27.8,21.67,0,2026-07-17 04:34:18
1955,20,53.4,460.3,27.1,21.35,0,2026-07-17 04:42:18
1956,15,55.3,552.4,27.0,22.71,0,2026-07-17 04:50:18
1957,26,57.2,573.8,30.5,22.94,0,2026-07-17 04:58:18
1958,14,59.4,524.3,28.5,22.85,0,2026-07-17 05:06:18
1959,18,60.2,613.6,29.0,24.13,0,2026-07-17 05:14:18
1960,7,57.3,520.2,27.3,22.63,0,2026-07-17 05:22:18
1961,29,60.9,534.8,28.8,24.73,0,2026-07-17 05:30:18
1962,15,61.0,522.5,28.8,23.47,0,2026-07-17 05:38:18
1963,48,60.9,558.1,29.1,23.37,0,2026-07-17 05:46:18
1964,44,65.4,680.9,29.3,25.98,0,2026-07-17 05:54:18
1965,9,65.2,689.5,29.2,25.25,0,2026-07-17 06:02:18
1966,5,65.7,567.0,30.8,25.96,0,2026-07-17 06:10:18
1967,44,69.7,689.0,29.1,26.95,0,2026-07-17 06:18:18
1968,4,69.4,564.1,31.9,27.96,0,2026-07-17 06:26:18
1969,2,69.6,802.2,28.6,28.09,0,2026-07-17 06:34:18
1970,41,68.4,742.4,32.1,27.3,0,2026-07-17 06:42:18
1971,40,69.0,685.3,28.6,26.63,0,2026-07-17 06:50:18
1972,47,69.7,587.3,29.1,27.55,0,2026-07-17 06:58:18
1973,34,75.8,807.9,30.4,29.57,0,2026-07-17 07:06:18
1974,1,71.1,610.8,29.1,28.53,0,2026-07-17 07:14:18
1975,8,76.4,710.9,30.8,30.62,0,2026-07-17 07:22:18
1976,2,74.4,620.8,32.9,29.98,0,2026-07-17 07:30:18
1977,3,75.6,803.0,31.5,30.39,0,2026-07-17 07:38:18
1978,7,79.9,734.7,32.7,31.0,0,2026-07-17 07:46:18
1979,45,80.0,887.5,31.1,31.06,0,2026-07-17 07:54:18
1980,22,79.8,696.5,32.1,31.01,0,2026-07-17 08:02:18
1981,5,83.4,724.2,32.7,32.5,0,2026-07-17 08:10:18
1982,31,79.1,673.6,31.3,31.41,0,2026-07-17 08:18:18
1983,14,82.2,822.4,31.7,33.12,0,2026-07-17 08:26:18
1984,49,81.3,650.9,32.5,31.61,0,2026-07-17 08:34:18
1985,24,84.1,954.2,32.7,33.09,0,2026-07-17 08:42:18
1986,29,86.9,797.2,32.7,35.43,1,2026-07-17 08:50:18
1987,10,87.8,1040.3,34.5,36.02,1,2026-07-17 08:58:18
1988,7,88.2,756.2,33.7,36.27,1,2026-07-17 09:06:18
1989,8,89.2,723.4,32.7,35.86,1,2026-07-17 09:14:18
1990,41,90.2,982.8,33.4,35.34,1,2026-07-17 09:22:18
1991,25,93.9,821.9,35.0,37.75,1,2026-07-17 09:30:18
1992,25,92.4,830.6,32.4,35.98,1,2026-07-17 09:38:18
1993,19,94.0,878.0,33.3,37.67,1,2026-07-17 09:46:18
1994,9,96.9,957.2,33.5,39.0,1,2026-07-17 09:54:18
1995,32,92.7,941.1,32.5,36.98,1,2026-07-17 10:02:18
1996,34,95.5,908.6,35.6,37.59,1,2026-07-17 10:10:18
1997,22,97.7,934.6,34.8,39.83,1,2026-07-17 10:18:18
1998,49,100.0,822.1,36.0,40.84,1,2026-07-17 10:26:18
1999,49,98.6,855.6,36.1,39.08,1,2026-07-17 10:34:18
2000,21,5.0,46.9,19.1,1.17,0,2026-07-17 10:42:18
2001,28,5.0,51.5,20.5,2.96,0,2026-07-17 10:50:18
2002,16,5.0,46.6,22.2,1.72,0,2026-07-17 10:58:18
2003,1,5.0,52.5,22.6,2.93,0,2026-07-17 11:06:18
2004,29,5.0,55.8,20.6,2.03,0,2026-07-17 11:14:18
2005,41,5.0,46.6,22.0,1.43,0,2026-07-17 11:22:18
2006,40,7.2,64.2,21.0,3.56,0,2026-07-17 11:30:18
2007,35,8.0,94.8,22.1,3.5,0,2026-07-17 11:38:18
2008,9,9.5,106.1,20.3,4.21,0,2026-07-17 11:46:18
2009,10,7.7,90.5,20.1,2.73,0,2026-07-17 11:54:18
2010,1,9.6,77.2,20.9,4.36,0,2026-07-17 12:02:18
2011,2,12.5,144.3,20.4,5.47,0,2026-07-17 12:10:18
2012,48,12.0,112.2,21.0,4.32,0,2026-07-17 12:18:18
2013,29,15.8,132.2,23.3,5.49,0,2026-07-17 12:26:18
2014,14,16.4,149.0,20.6,6.53,0,2026-07-17 12:34:18
2015,21,15.3,134.0,22.7,6.03,0,2026-07-17 12:42:18
2016,7,14.9,143.3,21.3,5.12,0,2026-07-17 12:50:18
2017,24,15.4,156.8,21.0,6.84,0,2026-07-17 12:58:18
2018,44,17.7,160.2,22.3,6.12,0,2026-07-17 13:06:18
2019,50,21.4,194.8,24.7,8.75,0,2026-07-17 13:14:18
2020,26,18.9,171.5,24.2,7.18,0,2026-07-17 13:22:18
2021,49,21.2,175.7,22.9,8.99,0,2026-07-17 13:30:18
2022,1,22.7,218.8,21.7,9.95,0,2026-07-17 13:38:18
2023,30,20.6,172.3,21.1,9.18,0,2026-07-17 13:46:18
2024,18,25.2,267.2,24.6,9.74,0,2026-07-17 13:54:18
2025,29,26.6,263.7,24.6,10.1,0,2026-07-17 14:02:18
2026,45,27.0,217.5,25.7,11.12,0,2026-07-17 14:10:18
2027,48,26.6,229.5,22.6,10.27,0,2026-07-17 14:18:18
2028,26,28.1,260.4,23.6,10.73,0,2026-07-17 14:26:18
2029,16,26.7,231.5,22.2,10.45,0,2026-07-17 14:34:18
2030,15,29.3,259.0,25.5,10.93,0,2026-07-17 14:42:18
2031,11,33.2,279.8,25.7,12.59,0,2026-07-17 14:50:18
2032,46,31.0,252.0,22.9,12.77,0,2026-07-17 14:58:18
2033,50,31.1,282.4,26.1,12.76,0,2026-07-17 15:06:18
2034,31,34.3,377.0,24.9,13.01,0,2026-07-17 15:14:18
2035,47,35.6,425.1,25.1,14.52,0,2026-07-17 15:22:18
2036,13,35.1,301.5,25.3,14.8,0,2026-07-17 15:30:18
2037,11,38.1,328.1,25.4,16.16,0,2026-07-17 15:38:18
2038,27,35.6,351.6,27.0,14.89,0,2026-07-17 15:46:18
2039,41,36.4,403.2,27.0,14.99,0,2026-07-17 15:54:18
2040,50,39.4,370.5,24.9,16.09,0,2026-07-17 16:02:18
2041,33,38.1,345.2,26.8,15.51,0,2026-07-17 16:10:18
2042,49,44.8,451.1,28.5,17.91,0,2026-07-17 16:18:18
2043,22,42.5,469.2,26.0,17.63,0,2026-07-17 16:26:18
2044,12,46.1,476.2,25.8,17.63,0,2026-07-17 16:34:18
2045,8,44.2,497.9,28.4,18.05,0,2026-07-17 16:42:18
2046,13,44.1,511.4,28.6,18.19,0,2026-07-17 16:50:18
2047,41,45.7,536.4,28.4,18.89,0,2026-07-17 16:58:18
2048,32,49.4,543.9,28.7,20.06,0,2026-07-17 17:06:18
2049,10,49.0,419.2,25.5,20.19,0,2026-07-17 17:14:18
2050,45,48.7,474.2,27.0,19.2,0,2026-07-17 17:22:18
2051,9,49.8,580.5,26.8,20.06,0,2026-07-17 17:30:18
2052,29,49.3,495.5,26.0,20.33,0,2026-07-17 17:38:18
2053,9,55.2,522.8,28.1,21.77,0,2026-07-17 17:46:18
2054,9,56.1,473.3,28.1,23.03,0,2026-07-17 17:54:18
2055,22,55.5,597.8,27.7,22.11,0,2026-07-17 18:02:18
2056,5,54.7,472.3,26.3,22.26,0,2026-07-17 18:10:18
2057,9,59.4,627.8,29.3,23.09,0,2026-07-17 18:18:18
2058,25,57.1,563.3,30.6,23.34,0,2026-07-17 18:26:18
2059,48,61.0,508.0,28.2,24.68,0,2026-07-17 18:34:18
2060,46,57.7,592.4,28.9,23.87,0,2026-07-17 18:42:18
2061,13,63.6,701.3,29.0,25.97,0,2026-07-17 18:50:18
2062,12,60.5,497.5,30.7,24.44,0,2026-07-17 18:58:18
2063,31,60.8,621.4,28.4,24.56,0,2026-07-17 19:06:18
2064,1,63.0,509.1,28.1,24.92,0,2026-07-17 19:14:18
2065,42,67.4,552.3,29.9,27.44,0,2026-07-17 19:22:18
2066,32,64.4,563.2,29.8,25.05,0,2026-07-17 19:30:18
2067,33,64.7,602.8,31.5,25.15,0,2026-07-17 19:38:18
2068,36,67.3,671.4,28.8,26.31,0,2026-07-17 19:46:18
2069,32,72.0,734.6,31.5,29.64,0,2026-07-17 19:54:18
2070,34,70.7,765.7,31.7,28.86,0,2026-07-17 20:02:18
2071,50,70.6,659.3,31.5,28.0,0,2026-07-17 20:10:18
2072,6,73.2,750.5,30.7,29.53,0,2026-07-17 20:18:18
2073,5,75.4,729.9,29.4,31.07,0,2026-07-17 20:26:18
2074,41,74.4,677.4,32.8,29.97,0,2026-07-17 20:34:18
2075,44,75.7,813.6,30.3,29.71,0,2026-07-17 20:42:18
2076,46,78.2,923.1,32.3,31.54,0,2026-07-17 20:50:18
2077,45,77.3,926.1,32.5,31.28,0,2026-07-17 20:58:18
2078,28,80.8,822.4,32.9,33.21,0,2026-07-17 21:06:18
2079,31,82.0,920.3,33.6,33.37,0,2026-07-17 21:14:18
2080,16,79.6,703.9,32.8,31.07,0,2026-07-17 21:22:18
2081,24,82.5,695.4,33.4,33.55,0,2026-07-17 21:30:18
2082,22,80.2,810.0,30.1,32.12,0,2026-07-17 21:38:18
2083,32,80.6,754.3,31.8,31.83,0,2026-07-17 21:46:18
2084,27,85.7,939.3,34.0,34.42,1,2026-07-17 21:54:18
2085,23,86.0,1022.9,31.3,34.17,1,2026-07-17 22:02:18
2086,40,88.1,842.1,31.7,34.39,1,2026-07-17 22:10:18
2087,28,84.4,705.4,34.0,34.72,0,2026-07-17 22:18:18
2088,22,85.6,992.5,33.6,35.15,1,2026-07-17 22:26:18
2089,17,91.2,866.1,33.9,36.91,1,2026-07-17 22:34:18
2090,2,89.6,763.2,31.8,35.06,1,2026-07-17 22:42:18
2091,12,90.8,851.4,31.7,35.46,1,2026-07-17 22:50:18
2092,38,92.9,1026.3,35.7,36.32,1,2026-07-17 22:58:18
2093,2,94.1,838.4,35.2,36.84,1,2026-07-17 23:06:18
2094,4,96.0,1092.7,34.0,39.0,1,2026-07-17 23:14:18
2095,42,94.5,1096.3,33.7,37.61,1,2026-07-17 23:22:18
2096,23,97.3,892.6,36.0,38.94,1,2026-07-17 23:30:18
2097,50,98.2,925.3,35.7,39.44,1,2026-07-17 23:38:18
2098,33,96.6,783.8,34.5,38.04,1,2026-07-17 23:46:18
2099,33,97.7,830.6,35.1,40.07,1,2026-07-17 23:54:18
2100,38,5.0,58.9,19.4,1.74,0,2026-07-18 00:02:18
2101,11,5.0,40.9,19.2,1.8,0,2026-07-18 00:10:18
2102,28,5.0,48.4,22.4,1.48,0,2026-07-18 00:18:18
2103,16,5.0,40.1,21.7,1.25,0,2026-07-18 00:26:18
2104,39,5.0,47.6,22.0,2.45,0,2026-07-18 00:34:18
2105,33,5.6,56.7,20.7,1.41,0,2026-07-18 00:42:18
2106,31,5.0,48.8,19.5,1.99,0,2026-07-18 00:50:18
2107,46,5.1,56.6,19.0,1.67,0,2026-07-18 00:58:18
2108,42,6.7,77.4,22.8,2.91,0,2026-07-18 01:06:18
2109,15,8.8,92.1,22.0,3.52,0,2026-07-18 01:14:18
2110,10,9.0,92.0,22.5,2.78,0,2026-07-18 01:22:18
2111,4,9.9,83.2,20.0,4.78,0,2026-07-18 01:30:18
2112,14,11.6,102.1,20.3,4.85,0,2026-07-18 01:38:18
2113,21,14.2,129.6,23.6,6.33,0,2026-07-18 01:46:18
2114,18,16.6,139.8,21.9,6.96,0,2026-07-18 01:54:18
2115,14,16.5,138.4,23.7,7.22,0,2026-07-18 02:02:18
2116,16,14.6,153.3,22.6,6.11,0,2026-07-18 02:10:18
2117,35,14.5,130.8,23.3,5.79,0,2026-07-18 02:18:18
2118,13,20.4,178.0,21.7,9.01,0,2026-07-18 02:26:18
2119,27,19.6,212.6,24.5,7.63,0,2026-07-18 02:34:18
2120,18,18.1,173.9,22.5,6.61,0,2026-07-18 02:42:18
2121,28,22.3,208.3,24.0,9.38,0,2026-07-18 02:50:18
2122,28,23.1,223.2,24.6,9.01,0,2026-07-18 02:58:18
2123,35,23.3,215.3,23.1,9.96,0,2026-07-18 03:06:18
2124,7,26.1,306.0,22.8,11.28,0,2026-07-18 03:14:18
2125,1,24.1,197.1,21.8,8.84,0,2026-07-18 03:22:18
2126,40,23.3,213.0,24.3,8.6,0,2026-07-18 03:30:18
2127,28,30.0,322.5,26.1,12.94,0,2026-07-18 03:38:18
2128,35,30.3,347.4,22.9,12.31,0,2026-07-18 03:46:18
2129,40,26.6,308.5,23.2,10.15,0,2026-07-18 03:54:18
2130,34,31.9,352.5,26.4,12.83,0,2026-07-18 04:02:18
2131,7,28.6,325.5,25.6,11.08,0,2026-07-18 04:10:18
2132,24,33.8,308.8,25.4,14.31,0,2026-07-18 04:18:18
2133,50,32.6,365.8,23.6,13.46,0,2026-07-18 04:26:18
2134,23,35.8,388.9,24.2,14.22,0,2026-07-18 04:34:18
2135,20,35.0,397.5,23.5,13.47,0,2026-07-18 04:42:18
2136,36,37.9,378.0,23.8,15.23,0,2026-07-18 04:50:18
2137,46,37.4,325.0,26.0,15.49,0,2026-07-18 04:58:18
2138,43,39.8,428.1,26.9,16.01,0,2026-07-18 05:06:18
2139,13,38.0,434.5,27.1,15.2,0,2026-07-18 05:14:18
2140,4,38.7,356.6,26.0,16.24,0,2026-07-18 05:22:18
2141,30,42.3,344.0,26.0,16.44,0,2026-07-18 05:30:18
2142,34,41.1,339.1,26.4,17.04,0,2026-07-18 05:38:18
2143,32,44.9,447.3,28.0,18.36,0,2026-07-18 05:46:18
2144,4,45.3,507.8,25.5,18.0,0,2026-07-18 05:54:18
2145,46,46.7,411.4,27.6,19.26,0,2026-07-18 06:02:18
2146,46,48.2,493.2,26.9,19.61,0,2026-07-18 06:10:18
2147,47,46.8,381.0,26.1,19.36,0,2026-07-18 06:18:18
2148,49,49.5,402.9,29.3,19.54,0,2026-07-18 06:26:18
2149,43,46.8,521.8,28.0,18.35,0,2026-07-18 06:34:18
2150,10,52.0,496.6,26.5,21.3,0,2026-07-18 06:42:18
2151,45,51.1,548.9,27.0,21.31,0,2026-07-18 06:50:18
2152,27,52.7,483.1,26.7,20.69,0,2026-07-18 06:58:18
2153,23,52.9,461.2,28.0,20.24,0,2026-07-18 07:06:18
2154,6,51.8,605.9,29.5,19.94,0,2026-07-18 07:14:18
2155,10,53.1,582.8,28.7,20.58,0,2026-07-18 07:22:18
2156,7,55.8,623.2,28.5,21.6,0,2026-07-18 07:30:18
2157,40,54.9,469.5,27.9,22.13,0,2026-07-18 07:38:18
2158,20,56.5,456.7,29.0,22.95,0,2026-07-18 07:46:18
2159,39,59.2,593.2,29.2,23.85,0,2026-07-18 07:54:18
2160,33,62.8,522.2,29.7,25.98,0,2026-07-18 08:02:18
2161,4,60.0,483.0,27.2,23.27,0,2026-07-18 08:10:18
2162,48,62.0,662.3,31.0,25.37,0,2026-07-18 08:18:18
2163,5,63.6,534.8,27.9,24.97,0,2026-07-18 08:26:18
2164,5,64.8,541.7,29.6,26.55,0,2026-07-18 08:34:18
2165,21,64.0,564.6,29.4,24.66,0,2026-07-18 08:42:18
2166,47,66.0,755.8,31.1,27.15,0,2026-07-18 08:50:18
2167,50,65.6,703.6,31.6,26.89,0,2026-07-18 08:58:18
2168,41,68.0,560.7,30.4,27.37,0,2026-07-18 09:06:18
2169,39,69.3,618.5,31.9,27.55,0,2026-07-18 09:14:18
2170,40,72.4,594.7,31.3,29.14,0,2026-07-18 09:22:18
2171,32,68.4,723.2,29.5,27.71,0,2026-07-18 09:30:18
2172,41,73.9,832.5,30.3,29.44,0,2026-07-18 09:38:18
2173,35,72.6,717.3,32.0,28.79,0,2026-07-18 09:46:18
2174,42,74.5,807.5,31.8,29.99,0,2026-07-18 09:54:18
2175,18,72.3,621.5,29.4,28.02,0,2026-07-18 10:02:18
2176,47,77.1,823.2,31.1,31.36,0,2026-07-18 10:10:18
2177,46,75.1,634.4,32.3,30.93,0,2026-07-18 10:18:18
2178,37,76.9,740.9,30.5,31.5,0,2026-07-18 10:26:18
2179,13,77.4,746.4,31.1,31.93,0,2026-07-18 10:34:18
2180,47,80.8,904.9,30.6,31.9,0,2026-07-18 10:42:18
2181,38,79.8,928.3,32.5,30.98,0,2026-07-18 10:50:18
2182,32,79.4,842.1,30.5,32.71,0,2026-07-18 10:58:18
2183,36,81.4,773.0,33.6,33.13,0,2026-07-18 11:06:18
2184,36,81.5,726.8,30.9,32.39,0,2026-07-18 11:14:18
2185,22,83.8,992.8,32.3,34.27,0,2026-07-18 11:22:18
2186,40,87.3,857.4,33.4,34.25,1,2026-07-18 11:30:18
2187,44,89.1,856.1,34.4,35.23,1,2026-07-18 11:38:18
2188,7,89.8,741.5,34.3,36.02,1,2026-07-18 11:46:18
2189,46,88.7,729.1,31.6,36.01,1,2026-07-18 11:54:18
2190,1,88.0,743.2,32.5,35.25,1,2026-07-18 12:02:18
2191,34,88.0,884.7,33.6,36.11,1,2026-07-18 12:10:18
2192,20,94.6,1085.8,32.6,37.25,1,2026-07-18 12:18:18
2193,25,93.5,850.4,34.0,37.21,1,2026-07-18 12:26:18
2194,12,96.7,930.4,36.1,38.52,1,2026-07-18 12:34:18
2195,39,95.3,782.8,35.7,37.43,1,2026-07-18 12:42:18
2196,15,97.0,899.5,34.6,38.22,1,2026-07-18 12:50:18
2197,17,94.6,998.6,34.1,37.11,1,2026-07-18 12:58:18
2198,49,95.5,847.4,33.6,38.35,1,2026-07-18 13:06:18
2199,37,100.0,1114.3,35.9,39.49,1,2026-07-18 13:14:18
2200,5,5.0,58.9,19.6,2.59,0,2026-07-18 13:22:18
2201,38,5.0,53.9,19.2,1.21,0,2026-07-18 13:30:18
2202,47,5.0,42.6,21.6,1.04,0,2026-07-18 13:38:18
2203,27,5.0,56.7,20.7,2.07,0,2026-07-18 13:46:18
2204,28,5.0,43.4,19.5,2.6,0,2026-07-18 13:54:18
2205,6,5.0,45.9,22.6,2.99,0,2026-07-18 14:02:18
2206,40,5.0,40.3,20.2,2.61,0,2026-07-18 14:10:18
2207,15,9.7,108.4,22.0,4.7,0,2026-07-18 14:18:18
2208,18,8.4,73.2,20.1,4.09,0,2026-07-18 14:26:18
2209,31,10.1,82.5,20.3,4.95,0,2026-07-18 14:34:18
2210,14,11.8,113.3,22.9,4.67,0,2026-07-18 14:42:18
2211,4,13.8,114.2,21.0,4.53,0,2026-07-18 14:50:18
2212,40,10.0,103.8,22.9,3.49,0,2026-07-18 14:58:18
2213,40,11.3,98.4,23.0,4.0,0,2026-07-18 15:06:18
2214,8,13.0,117.3,22.6,5.81,0,2026-07-18 15:14:18
2215,2,13.1,142.5,20.4,5.7,0,2026-07-18 15:22:18
2216,3,18.5,197.2,24.0,6.88,0,2026-07-18 15:30:18
2217,47,19.4,200.8,21.6,8.53,0,2026-07-18 15:38:18
2218,34,20.2,209.8,21.3,8.77,0,2026-07-18 15:46:18
2219,16,19.3,217.6,22.9,6.93,0,2026-07-18 15:54:18
2220,22,18.9,215.6,24.1,6.84,0,2026-07-18 16:02:18
2221,27,22.2,237.9,23.2,8.98,0,2026-07-18 16:10:18
2222,15,22.3,181.4,22.6,8.36,0,2026-07-18 16:18:18
2223,44,25.6,293.0,25.8,9.79,0,2026-07-18 16:26:18
2224,22,26.0,255.4,23.9,10.6,0,2026-07-18 16:34:18
2225,50,24.8,223.6,24.4,9.09,0,2026-07-18 16:42:18
2226,24,25.5,267.7,24.0,9.44,0,2026-07-18 16:50:18
2227,35,26.3,260.6,22.4,9.79,0,2026-07-18 16:58:18
2228,36,25.9,306.7,24.3,10.27,0,2026-07-18 17:06:18
2229,10,26.5,233.1,23.8,10.52,0,2026-07-18 17:14:18
2230,7,28.8,293.8,25.6,11.45,0,2026-07-18 17:22:18
2231,7,31.7,373.8,23.4,12.38,0,2026-07-18 17:30:18
2232,34,30.2,304.1,23.1,12.7,0,2026-07-18 17:38:18
2233,12,35.3,349.9,24.0,15.09,0,2026-07-18 17:46:18
2234,49,36.4,381.2,26.0,13.6,0,2026-07-18 17:54:18
2235,30,37.4,389.6,26.8,15.8,0,2026-07-18 18:02:18
2236,28,38.5,368.5,24.9,16.07,0,2026-07-18 18:10:18
2237,18,35.6,288.1,24.7,13.58,0,2026-07-18 18:18:18
2238,23,36.3,300.9,26.4,14.54,0,2026-07-18 18:26:18
2239,19,42.0,404.2,27.3,17.2,0,2026-07-18 18:34:18
2240,6,39.5,380.4,26.2,15.98,0,2026-07-18 18:42:18
2241,28,41.4,391.2,24.6,15.96,0,2026-07-18 18:50:18
2242,3,41.0,458.6,26.2,15.68,0,2026-07-18 18:58:18
2243,38,43.4,375.6,26.0,17.39,0,2026-07-18 19:06:18
2244,5,43.7,426.6,25.0,17.25,0,2026-07-18 19:14:18
2245,10,46.5,391.2,26.2,18.74,0,2026-07-18 19:22:18
2246,25,48.0,532.5,25.3,19.64,0,2026-07-18 19:30:18
2247,23,45.0,447.6,25.3,17.58,0,2026-07-18 19:38:18
2248,45,48.6,515.3,27.2,19.53,0,2026-07-18 19:46:18
2249,10,47.4,454.9,27.2,18.98,0,2026-07-18 19:54:18
2250,23,52.7,514.5,27.5,20.45,0,2026-07-18 20:02:18
2251,27,48.5,559.5,28.2,20.22,0,2026-07-18 20:10:18
2252,3,50.3,463.9,27.3,20.36,0,2026-07-18 20:18:18
2253,50,52.4,532.2,29.7,21.19,0,2026-07-18 20:26:18
2254,12,51.9,582.7,27.0,20.19,0,2026-07-18 20:34:18
2255,45,55.2,647.9,28.3,22.79,0,2026-07-18 20:42:18
2256,48,56.5,458.7,28.4,23.22,0,2026-07-18 20:50:18
2257,25,58.8,507.0,30.1,22.84,0,2026-07-18 20:58:18
2258,21,55.1,639.4,27.1,21.49,0,2026-07-18 21:06:18
2259,14,57.5,495.7,29.2,23.46,0,2026-07-18 21:14:18
2260,12,61.2,719.5,30.1,24.69,0,2026-07-18 21:22:18
2261,50,59.5,596.4,27.3,23.75,0,2026-07-18 21:30:18
2262,37,59.8,595.2,27.7,24.29,0,2026-07-18 21:38:18
2263,27,61.4,681.3,30.3,24.65,0,2026-07-18 21:46:18
2264,18,61.6,492.8,30.3,25.24,0,2026-07-18 21:54:18
2265,2,66.6,577.0,29.7,27.0,0,2026-07-18 22:02:18
2266,1,63.2,661.8,30.7,25.61,0,2026-07-18 22:10:18
2267,30,66.1,665.4,30.3,25.61,0,2026-07-18 22:18:18
2268,16,69.0,761.6,31.6,28.09,0,2026-07-18 22:26:18
2269,39,70.9,824.3,30.5,27.49,0,2026-07-18 22:34:18
2270,49,69.7,700.2,30.0,26.96,0,2026-07-18 22:42:18
2271,14,70.3,634.4,28.7,28.18,0,2026-07-18 22:50:18
2272,23,71.3,761.9,30.3,28.34,0,2026-07-18 22:58:18
2273,44,71.0,668.1,32.0,27.92,0,2026-07-18 23:06:18
2274,10,75.7,774.8,32.9,31.06,0,2026-07-18 23:14:18
2275,41,74.8,725.6,30.1,29.65,0,2026-07-18 23:22:18
2276,15,77.4,690.1,30.3,30.48,0,2026-07-18 23:30:18
2277,26,75.8,681.4,31.2,30.93,0,2026-07-18 23:38:18
2278,22,80.8,758.4,33.0,31.46,0,2026-07-18 23:46:18
2279,48,76.2,818.8,33.1,30.64,0,2026-07-18 23:54:18
2280,8,77.5,657.3,33.2,30.4,0,2026-07-19 00:02:18
2281,6,82.9,898.3,31.4,32.92,0,2026-07-19 00:10:18
2282,47,84.8,979.9,31.3,34.65,0,2026-07-19 00:18:18
2283,46,85.9,984.9,33.9,33.87,1,2026-07-19 00:26:18
2284,42,84.6,860.3,31.8,34.3,0,2026-07-19 00:34:18
2285,44,87.6,784.4,31.2,34.38,1,2026-07-19 00:42:18
2286,42,86.9,757.0,32.2,34.58,1,2026-07-19 00:50:18
2287,38,86.9,984.1,34.0,33.92,1,2026-07-19 00:58:18
2288,7,85.1,809.6,31.9,34.93,1,2026-07-19 01:06:18
2289,8,90.8,1056.3,32.6,37.2,1,2026-07-19 01:14:18
2290,6,92.8,1112.5,34.5,37.07,1,2026-07-19 01:22:18
2291,34,88.8,1008.5,34.5,35.0,1,2026-07-19 01:30:18
2292,42,91.5,1034.1,33.1,37.13,1,2026-07-19 01:38:18
2293,11,94.8,895.3,33.8,38.84,1,2026-07-19 01:46:18
2294,5,94.0,939.4,35.7,38.51,1,2026-07-19 01:54:18
2295,29,94.4,910.3,34.5,37.22,1,2026-07-19 02:02:18
2296,46,97.5,810.6,36.6,39.22,1,2026-07-19 02:10:18
2297,9,97.3,1076.1,33.4,39.81,1,2026-07-19 02:18:18
2298,5,98.8,1002.2,34.8,39.67,1,2026-07-19 02:26:18
2299,45,96.2,906.7,35.6,37.94,1,2026-07-19 02:34:18
2300,39,5.0,54.4,22.0,2.23,0,2026-07-19 02:42:18
2301,28,5.0,43.1,22.4,1.17,0,2026-07-19 02:50:18
2302,49,5.0,50.4,19.3,2.25,0,2026-07-19 02:58:18
2303,28,5.0,58.8,19.4,2.87,0,2026-07-19 03:06:18
2304,16,7.0,75.4,20.9,2.92,0,2026-07-19 03:14:18
2305,30,5.0,49.1,19.3,2.66,0,2026-07-19 03:22:18
2306,12,5.0,45.5,20.5,2.68,0,2026-07-19 03:30:18
2307,32,5.0,44.5,21.4,2.73,0,2026-07-19 03:38:18
2308,26,6.1,65.1,21.5,2.98,0,2026-07-19 03:46:18
2309,11,10.1,98.3,20.4,4.73,0,2026-07-19 03:54:18
2310,46,10.0,112.2,19.8,4.79,0,2026-07-19 04:02:18
2311,14,9.5,112.2,20.9,3.3,0,2026-07-19 04:10:18
2312,39,12.8,103.8,21.9,6.04,0,2026-07-19 04:18:18
2313,31,11.3,124.2,20.0,4.04,0,2026-07-19 04:26:18
2314,40,16.8,155.4,21.6,6.24,0,2026-07-19 04:34:18
2315,38,12.7,137.1,22.0,5.15,0,2026-07-19 04:42:18
2316,18,13.5,155.8,22.5,5.94,0,2026-07-19 04:50:18
2317,8,15.9,168.2,22.3,5.75,0,2026-07-19 04:58:18
2318,23,16.0,168.1,22.5,7.18,0,2026-07-19 05:06:18
2319,12,16.0,174.1,23.7,7.35,0,2026-07-19 05:14:18
2320,11,17.1,200.2,21.9,6.88,0,2026-07-19 05:22:18
2321,14,19.4,213.8,23.8,8.31,0,2026-07-19 05:30:18
2322,30,21.7,203.8,22.2,9.23,0,2026-07-19 05:38:18
2323,8,25.5,283.9,24.2,10.73,0,2026-07-19 05:46:18
2324,2,26.7,275.4,22.9,11.15,0,2026-07-19 05:54:18
2325,11,25.1,273.7,22.1,9.83,0,2026-07-19 06:02:18
2326,41,24.3,266.8,22.1,9.45,0,2026-07-19 06:10:18
2327,16,29.2,253.5,26.3,10.82,0,2026-07-19 06:18:18
2328,9,26.1,231.9,22.4,9.46,0,2026-07-19 06:26:18
2329,42,27.6,229.4,24.2,10.07,0,2026-07-19 06:34:18
2330,43,29.3,315.2,25.9,11.28,0,2026-07-19 06:42:18
2331,27,33.6,330.7,23.7,14.37,0,2026-07-19 06:50:18
2332,4,31.3,362.7,22.8,12.98,0,2026-07-19 06:58:18
2333,18,35.0,362.0,24.5,14.98,0,2026-07-19 07:06:18
2334,28,34.1,338.5,25.3,13.64,0,2026-07-19 07:14:18
2335,20,34.3,390.4,24.2,14.65,0,2026-07-19 07:22:18
2336,8,37.4,313.9,25.0,15.66,0,2026-07-19 07:30:18
2337,11,34.9,361.9,25.2,13.46,0,2026-07-19 07:38:18
2338,5,38.2,383.6,27.7,15.22,0,2026-07-19 07:46:18
2339,31,37.7,349.1,26.6,14.75,0,2026-07-19 07:54:18
2340,26,38.6,422.9,27.4,15.13,0,2026-07-19 08:02:18
2341,18,39.7,369.2,25.3,15.05,0,2026-07-19 08:10:18
2342,27,41.9,449.8,24.4,15.94,0,2026-07-19 08:18:18
2343,26,43.0,501.9,28.4,16.26,0,2026-07-19 08:26:18
2344,13,43.2,353.6,28.2,17.67,0,2026-07-19 08:34:18
2345,33,43.6,445.5,25.6,18.22,0,2026-07-19 08:42:18
2346,10,48.3,534.5,28.4,20.14,0,2026-07-19 08:50:18
2347,37,45.3,443.5,28.5,17.54,0,2026-07-19 08:58:18
2348,45,48.0,460.2,28.9,18.51,0,2026-07-19 09:06:18
2349,25,48.8,578.2,29.0,20.02,0,2026-07-19 09:14:18
2350,7,47.6,525.7,26.5,18.73,0,2026-07-19 09:22:18
2351,31,49.3,589.8,25.8,20.45,0,2026-07-19 09:30:18
2352,1,53.1,570.4,28.3,21.47,0,2026-07-19 09:38:18
2353,44,55.3,602.9,26.6,22.83,0,2026-07-19 09:46:18
2354,28,51.6,547.0,25.8,20.24,0,2026-07-19 09:54:18
2355,3,54.4,498.7,29.2,22.69,0,2026-07-19 10:02:18
2356,44,56.6,500.0,26.9,22.86,0,2026-07-19 10:10:18
2357,38,58.5,588.8,27.0,23.06,0,2026-07-19 10:18:18
2358,33,55.9,507.4,30.2,22.51,0,2026-07-19 10:26:18
2359,3,57.3,584.4,28.9,21.94,0,2026-07-19 10:34:18
2360,12,58.1,514.8,28.6,22.96,0,2026-07-19 10:42:18
2361,35,60.5,702.3,30.1,25.08,0,2026-07-19 10:50:18
2362,48,62.6,508.5,28.4,25.69,0,2026-07-19 10:58:18
2363,20,64.9,667.9,30.1,25.2,0,2026-07-19 11:06:18
2364,26,62.7,631.6,29.7,24.69,0,2026-07-19 11:14:18
2365,5,67.4,784.2,30.6,27.39,0,2026-07-19 11:22:18
2366,17,66.1,560.1,30.1,27.23,0,2026-07-19 11:30:18
2367,18,64.1,628.4,28.6,25.32,0,2026-07-19 11:38:18
2368,2,67.1,625.1,30.7,27.26,0,2026-07-19 11:46:18
2369,50,67.0,557.0,28.7,26.72,0,2026-07-19 11:54:18
2370,12,69.3,752.3,30.4,28.45,0,2026-07-19 12:02:18
2371,43,70.7,808.7,31.2,28.04,0,2026-07-19 12:10:18
2372,41,74.5,667.7,30.6,29.52,0,2026-07-19 12:18:18
2373,45,75.8,707.4,31.4,30.06,0,2026-07-19 12:26:18
2374,25,74.5,675.5,29.9,29.39,0,2026-07-19 12:34:18
2375,43,72.1,753.2,30.3,29.73,0,2026-07-19 12:42:18
2376,37,75.1,648.5,30.2,29.63,0,2026-07-19 12:50:18
2377,30,79.2,648.5,30.0,31.8,0,2026-07-19 12:58:18
2378,17,79.9,885.9,32.3,32.64,0,2026-07-19 13:06:18
2379,13,80.4,666.4,33.6,31.16,0,2026-07-19 13:14:18
2380,37,82.5,764.2,33.7,32.93,0,2026-07-19 13:22:18
2381,45,82.5,968.8,33.8,32.22,0,2026-07-19 13:30:18
2382,27,82.4,879.9,31.7,32.12,0,2026-07-19 13:38:18
2383,50,80.4,831.0,31.3,31.81,0,2026-07-19 13:46:18
2384,21,84.8,888.8,34.0,34.62,0,2026-07-19 13:54:18
2385,32,82.6,679.1,33.5,33.97,0,2026-07-19 14:02:18
2386,30,86.5,918.6,33.4,34.66,1,2026-07-19 14:10:18
2387,39,88.7,854.2,31.5,35.25,1,2026-07-19 14:18:18
2388,20,89.6,953.0,34.7,36.51,1,2026-07-19 14:26:18
2389,22,87.0,799.2,34.3,35.57,1,2026-07-19 14:34:18
2390,10,91.7,1090.7,34.4,36.76,1,2026-07-19 14:42:18
2391,17,88.5,954.3,33.7,35.92,1,2026-07-19 14:50:18
2392,11,92.7,1057.4,33.2,36.31,1,2026-07-19 14:58:18
2393,41,93.6,1059.6,35.4,37.94,1,2026-07-19 15:06:18
2394,45,93.4,969.9,34.9,37.98,1,2026-07-19 15:14:18
2395,9,94.3,923.4,34.8,37.98,1,2026-07-19 15:22:18
2396,46,96.0,827.8,34.4,38.9,1,2026-07-19 15:30:18
2397,29,99.3,942.7,34.3,39.66,1,2026-07-19 15:38:18
2398,1,96.3,855.8,33.4,37.93,1,2026-07-19 15:46:18
2399,5,100.0,922.4,34.2,40.29,1,2026-07-19 15:54:18
2400,7,5.0,40.9,20.3,2.52,0,2026-07-19 16:02:18
2401,12,5.0,46.7,21.4,2.83,0,2026-07-19 16:10:18
2402,28,5.0,52.1,19.3,2.11,0,2026-07-19 16:18:18
2403,36,5.0,55.6,20.8,2.31,0,2026-07-19 16:26:18
2404,7,5.0,50.2,21.8,2.67,0,2026-07-19 16:34:18
2405,14,5.0,56.5,21.4,2.57,0,2026-07-19 16:42:18
2406,32,5.0,44.8,20.0,2.33,0,2026-07-19 16:50:18
2407,19,8.4,75.4,19.6,2.76,0,2026-07-19 16:58:18
2408,47,5.3,55.2,20.0,2.5,0,2026-07-19 17:06:18
2409,49,7.8,70.0,21.4,2.19,0,2026-07-19 17:14:18
2410,37,7.1,59.7,22.2,2.65,0,2026-07-19 17:22:18
2411,47,8.5,91.0,22.7,2.49,0,2026-07-19 17:30:18
2412,47,11.9,97.3,21.2,4.82,0,2026-07-19 17:38:18
2413,48,12.1,101.3,20.4,5.18,0,2026-07-19 17:46:18
2414,32,14.4,136.7,21.2,5.06,0,2026-07-19 17:54:18
2415,14,14.1,157.4,20.6,5.4,0,2026-07-19 18:02:18
2416,29,17.5,156.4,24.1,6.26,0,2026-07-19 18:10:18
2417,36,17.5,167.8,24.4,6.69,0,2026-07-19 18:18:18
2418,2,16.2,149.5,22.5,5.61,0,2026-07-19 18:26:18
2419,45,20.1,198.8,22.7,8.94,0,2026-07-19 18:34:18
2420,26,21.1,209.7,24.6,7.96,0,2026-07-19 18:42:18
2421,4,19.6,201.1,21.0,6.94,0,2026-07-19 18:50:18
2422,9,20.8,206.4,21.9,8.22,0,2026-07-19 18:58:18
2423,42,24.9,272.4,22.7,10.23,0,2026-07-19 19:06:18
2424,23,21.6,201.1,24.3,8.31,0,2026-07-19 19:14:18
2425,40,25.1,263.5,23.9,9.61,0,2026-07-19 19:22:18
2426,35,26.7,298.1,24.7,10.65,0,2026-07-19 19:30:18
2427,31,29.8,349.3,25.5,12.77,0,2026-07-19 19:38:18
2428,28,25.7,221.5,24.9,9.47,0,2026-07-19 19:46:18
2429,23,29.8,288.3,25.3,11.11,0,2026-07-19 19:54:18
2430,16,31.1,360.2,25.5,13.06,0,2026-07-19 20:02:18
2431,49,31.0,350.3,23.9,13.27,0,2026-07-19 20:10:18
2432,39,29.0,295.4,23.9,11.85,0,2026-07-19 20:18:18
2433,13,30.4,330.5,26.2,12.93,0,2026-07-19 20:26:18
2434,30,31.5,298.3,25.5,11.96,0,2026-07-19 20:34:18
2435,32,35.3,347.0,24.9,14.07,0,2026-07-19 20:42:18
2436,47,33.1,366.1,26.6,12.29,0,2026-07-19 20:50:18
2437,36,38.6,322.5,25.3,14.55,0,2026-07-19 20:58:18
2438,35,38.0,317.5,26.6,15.11,0,2026-07-19 21:06:18
2439,29,36.3,309.0,23.5,13.52,0,2026-07-19 21:14:18
2440,19,42.9,346.4,24.7,17.85,0,2026-07-19 21:22:18
2441,42,38.2,351.9,27.2,15.91,0,2026-07-19 21:30:18
2442,34,39.6,352.8,24.3,16.61,0,2026-07-19 21:38:18
2443,2,42.5,372.0,28.2,16.14,0,2026-07-19 21:46:18
2444,15,43.0,414.1,26.9,16.82,0,2026-07-19 21:54:18
2445,32,42.5,364.8,26.4,17.59,0,2026-07-19 22:02:18
2446,44,46.6,541.2,26.2,19.5,0,2026-07-19 22:10:18
2447,8,47.2,561.6,28.2,19.8,0,2026-07-19 22:18:18
2448,2,45.4,377.9,25.4,17.69,0,2026-07-19 22:26:18
2449,25,49.2,473.3,28.0,18.72,0,2026-07-19 22:34:18
2450,44,47.7,562.1,27.7,18.58,0,2026-07-19 22:42:18
2451,24,49.9,564.1,27.6,20.83,0,2026-07-19 22:50:18
2452,49,50.4,599.5,29.3,20.92,0,2026-07-19 22:58:18
2453,33,52.5,492.9,29.3,20.27,0,2026-07-19 23:06:18
2454,1,52.4,436.0,27.5,20.34,0,2026-07-19 23:14:18
2455,12,52.9,516.8,28.2,21.22,0,2026-07-19 23:22:18
2456,48,55.1,458.9,26.8,21.39,0,2026-07-19 23:30:18
2457,19,58.2,491.5,29.5,22.83,0,2026-07-19 23:38:18
2458,44,57.7,580.6,30.6,22.61,0,2026-07-19 23:46:18
2459,33,59.9,551.3,27.0,23.73,0,2026-07-19 23:54:18
2460,44,62.6,580.6,30.6,25.01,0,2026-07-20 00:02:18
2461,19,59.1,505.8,28.7,23.73,0,2026-07-20 00:10:18
2462,14,60.8,708.1,28.9,23.82,0,2026-07-20 00:18:18
2463,11,61.6,518.5,29.2,24.57,0,2026-07-20 00:26:18
2464,39,61.7,695.3,28.2,23.85,0,2026-07-20 00:34:18
2465,46,63.6,623.3,29.8,25.4,0,2026-07-20 00:42:18
2466,32,65.2,723.3,30.8,26.09,0,2026-07-20 00:50:18
2467,26,67.1,575.8,29.9,27.61,0,2026-07-20 00:58:18
2468,35,66.8,785.5,29.6,27.47,0,2026-07-20 01:06:18
2469,26,70.8,679.1,29.1,28.02,0,2026-07-20 01:14:18
2470,2,68.6,647.0,30.4,27.35,0,2026-07-20 01:22:18
2471,22,69.7,605.1,30.8,27.33,0,2026-07-20 01:30:18
2472,15,73.0,849.1,32.4,29.01,0,2026-07-20 01:38:18
2473,42,73.1,690.9,29.7,29.72,0,2026-07-20 01:46:18
2474,44,73.1,754.9,29.6,28.47,0,2026-07-20 01:54:18
2475,45,74.9,812.8,31.8,30.85,0,2026-07-20 02:02:18
2476,33,75.9,879.9,33.0,29.87,0,2026-07-20 02:10:18
2477,37,79.1,892.8,30.8,32.47,0,2026-07-20 02:18:18
2478,27,77.8,843.5,31.5,30.38,0,2026-07-20 02:26:18
2479,14,81.2,785.0,33.3,32.68,0,2026-07-20 02:34:18
2480,11,81.4,938.4,33.6,32.76,0,2026-07-20 02:42:18
2481,25,80.8,711.8,32.8,31.39,0,2026-07-20 02:50:18
2482,22,82.5,727.7,30.7,32.14,0,2026-07-20 02:58:18
2483,7,84.6,698.9,31.4,34.59,0,2026-07-20 03:06:18
2484,26,86.4,1022.6,34.6,34.25,1,2026-07-20 03:14:18
2485,25,87.0,963.0,32.0,34.81,1,2026-07-20 03:22:18
2486,12,83.4,797.6,31.0,32.64,0,2026-07-20 03:30:18
2487,11,85.6,917.4,32.6,34.45,1,2026-07-20 03:38:18
2488,39,88.7,971.5,32.6,35.52,1,2026-07-20 03:46:18
2489,33,90.5,1017.4,34.7,36.9,1,2026-07-20 03:54:18
2490,5,90.8,1006.5,35.3,36.99,1,2026-07-20 04:02:18
2491,46,88.9,803.7,33.5,34.7,1,2026-07-20 04:10:18
2492,4,94.0,1100.8,32.7,38.5,1,2026-07-20 04:18:18
2493,28,90.1,968.5,35.4,35.22,1,2026-07-20 04:26:18
2494,41,93.8,858.9,32.2,37.74,1,2026-07-20 04:34:18
2495,1,93.8,844.7,35.6,37.38,1,2026-07-20 04:42:18
2496,50,98.2,975.3,35.3,39.19,1,2026-07-20 04:50:18
2497,25,98.8,1166.7,33.3,39.63,1,2026-07-20 04:58:18
2498,46,95.1,925.0,33.1,38.85,1,2026-07-20 05:06:18
2499,25,98.5,858.2,33.5,39.83,1,2026-07-20 05:14:18
2500,20,5.0,48.7,19.8,2.95,0,2026-07-20 05:22:18
2501,26,5.0,51.8,21.3,2.6,0,2026-07-20 05:30:18
2502,20,5.0,42.4,20.8,1.01,0,2026-07-20 05:38:18
2503,25,5.6,63.0,21.9,1.39,0,2026-07-20 05:46:18
2504,21,5.0,55.4,19.9,1.39,0,2026-07-20 05:54:18
2505,29,5.0,45.2,20.5,2.8,0,2026-07-20 06:02:18
2506,2,5.0,54.6,20.7,1.92,0,2026-07-20 06:10:18
2507,22,5.0,48.9,20.1,1.89,0,2026-07-20 06:18:18
2508,15,7.5,82.4,19.5,2.93,0,2026-07-20 06:26:18
2509,7,7.8,85.7,19.5,2.21,0,2026-07-20 06:34:18
2510,36,11.9,142.4,20.4,5.01,0,2026-07-20 06:42:18
2511,44,10.9,110.1,19.9,3.63,0,2026-07-20 06:50:18
2512,26,12.3,146.8,21.3,4.58,0,2026-07-20 06:58:18
2513,40,15.2,138.0,21.2,5.33,0,2026-07-20 07:06:18
2514,44,11.5,101.3,21.0,4.24,0,2026-07-20 07:14:18
2515,10,18.0,194.3,23.5,7.78,0,2026-07-20 07:22:18
2516,26,16.5,173.9,23.9,6.61,0,2026-07-20 07:30:18
2517,28,14.2,138.7,22.8,5.85,0,2026-07-20 07:38:18
2518,30,18.2,186.3,24.1,7.89,0,2026-07-20 07:46:18
2519,45,17.4,195.3,24.0,7.32,0,2026-07-20 07:54:18
2520,28,18.9,153.7,21.0,6.87,0,2026-07-20 08:02:18
2521,5,18.5,206.4,21.9,6.47,0,2026-07-20 08:10:18
2522,36,22.1,210.8,24.8,9.02,0,2026-07-20 08:18:18
2523,9,25.1,216.1,24.5,9.95,0,2026-07-20 08:26:18
2524,47,22.3,199.1,22.7,9.37,0,2026-07-20 08:34:18
2525,45,23.1,276.7,24.7,8.67,0,2026-07-20 08:42:18
2526,17,26.7,319.6,24.5,10.84,0,2026-07-20 08:50:18
2527,6,24.3,275.3,24.8,10.57,0,2026-07-20 08:58:18
2528,43,27.9,303.0,26.0,10.21,0,2026-07-20 09:06:18
2529,20,28.2,309.3,23.5,11.32,0,2026-07-20 09:14:18
2530,17,31.7,308.5,23.7,13.05,0,2026-07-20 09:22:18
2531,8,29.3,269.5,25.4,10.75,0,2026-07-20 09:30:18
2532,48,34.3,274.7,24.4,14.34,0,2026-07-20 09:38:18
2533,7,35.4,309.8,24.3,13.46,0,2026-07-20 09:46:18
2534,20,32.0,321.5,24.4,13.02,0,2026-07-20 09:54:18
2535,34,33.8,276.8,26.5,12.81,0,2026-07-20 10:02:18
2536,4,34.1,367.8,24.0,14.48,0,2026-07-20 10:10:18
2537,21,35.2,391.2,25.6,14.09,0,2026-07-20 10:18:18
2538,39,37.0,326.1,26.8,14.2,0,2026-07-20 10:26:18
2539,48,38.7,448.3,27.5,15.15,0,2026-07-20 10:34:18
2540,39,41.7,453.3,26.3,15.78,0,2026-07-20 10:42:18
2541,26,40.4,448.1,25.7,15.34,0,2026-07-20 10:50:18
2542,44,41.6,433.7,26.3,16.56,0,2026-07-20 10:58:18
2543,12,42.4,390.3,26.8,16.55,0,2026-07-20 11:06:18
2544,27,46.2,388.4,25.0,18.95,0,2026-07-20 11:14:18
2545,39,43.1,358.3,26.6,16.49,0,2026-07-20 11:22:18
2546,26,44.7,438.3,26.8,17.57,0,2026-07-20 11:30:18
2547,45,44.7,436.0,25.5,18.4,0,2026-07-20 11:38:18
2548,1,45.6,495.9,26.0,17.98,0,2026-07-20 11:46:18
2549,7,46.4,375.9,29.0,18.21,0,2026-07-20 11:54:18
2550,5,52.9,504.8,28.2,21.54,0,2026-07-20 12:02:18
2551,27,52.9,623.0,27.1,20.94,0,2026-07-20 12:10:18
2552,3,53.9,592.1,27.3,21.19,0,2026-07-20 12:18:18
2553,42,54.8,470.8,28.6,21.57,0,2026-07-20 12:26:18
2554,12,53.3,609.4,29.8,20.67,0,2026-07-20 12:34:18
2555,46,54.0,638.1,26.7,21.25,0,2026-07-20 12:42:18
2556,40,53.9,519.4,29.4,20.72,0,2026-07-20 12:50:18
2557,7,59.0,616.0,27.7,23.45,0,2026-07-20 12:58:18
2558,46,55.7,637.9,29.4,21.41,0,2026-07-20 13:06:18
2559,43,58.5,665.7,28.0,22.5,0,2026-07-20 13:14:18
2560,46,59.6,711.9,28.9,24.72,0,2026-07-20 13:22:18
2561,49,58.1,642.4,30.0,22.37,0,2026-07-20 13:30:18
2562,36,59.4,634.0,27.3,23.87,0,2026-07-20 13:38:18
2563,42,60.9,624.4,28.6,23.78,0,2026-07-20 13:46:18
2564,27,61.5,680.4,30.5,25.31,0,2026-07-20 13:54:18
2565,20,66.4,603.3,29.0,27.34,0,2026-07-20 14:02:18
2566,6,67.4,774.7,31.5,26.69,0,2026-07-20 14:10:18
2567,3,68.9,733.9,29.2,28.09,0,2026-07-20 14:18:18
2568,8,67.2,562.3,29.8,26.6,0,2026-07-20 14:26:18
2569,21,69.5,577.5,30.7,28.61,0,2026-07-20 14:34:18
2570,15,69.4,656.6,28.5,27.19,0,2026-07-20 14:42:18
2571,20,68.2,659.0,30.6,28.14,0,2026-07-20 14:50:18
2572,9,72.5,814.7,30.5,29.42,0,2026-07-20 14:58:18
2573,11,70.8,616.8,32.5,28.95,0,2026-07-20 15:06:18
2574,31,73.1,796.1,31.9,28.83,0,2026-07-20 15:14:18
2575,26,75.8,803.7,30.5,30.56,0,2026-07-20 15:22:18
2576,37,76.6,728.1,33.2,31.14,0,2026-07-20 15:30:18
2577,45,75.7,686.1,31.9,29.28,0,2026-07-20 15:38:18
2578,36,79.7,884.5,31.7,32.19,0,2026-07-20 15:46:18
2579,8,76.0,639.9,32.2,30.34,0,2026-07-20 15:54:18
2580,33,79.0,764.3,33.6,30.65,0,2026-07-20 16:02:18
2581,25,81.8,964.5,31.4,32.82,0,2026-07-20 16:10:18
2582,50,80.3,769.6,33.3,32.38,0,2026-07-20 16:18:18
2583,18,83.0,785.0,34.2,33.07,0,2026-07-20 16:26:18
2584,33,81.8,877.4,32.2,32.92,0,2026-07-20 16:34:18
2585,2,85.5,716.0,32.0,33.97,1,2026-07-20 16:42:18
2586,12,83.7,822.3,32.8,33.41,0,2026-07-20 16:50:18
2587,18,89.6,782.4,32.1,36.56,1,2026-07-20 16:58:18
2588,45,87.3,748.2,32.4,34.43,1,2026-07-20 17:06:18
2589,28,91.4,752.7,32.8,36.44,1,2026-07-20 17:14:18
2590,15,89.5,894.8,32.0,34.91,1,2026-07-20 17:22:18
2591,27,93.1,1078.9,32.9,36.64,1,2026-07-20 17:30:18
2592,24,92.9,948.3,34.5,37.79,1,2026-07-20 17:38:18
2593,37,93.4,874.8,33.4,36.54,1,2026-07-20 17:46:18
2594,24,95.7,1068.5,33.7,37.9,1,2026-07-20 17:54:18
2595,3,92.1,1066.1,35.3,36.63,1,2026-07-20 18:02:18
2596,15,95.3,942.0,32.6,37.66,1,2026-07-20 18:10:18
2597,16,99.0,1007.6,35.0,39.36,1,2026-07-20 18:18:18
2598,46,95.7,1001.8,35.0,39.16,1,2026-07-20 18:26:18
2599,50,100.0,999.6,34.7,40.91,1,2026-07-20 18:34:18
2600,7,5.0,57.9,22.2,1.54,0,2026-07-20 18:42:18
2601,42,5.0,54.0,19.2,2.67,0,2026-07-20 18:50:18
2602,33,5.0,57.6,20.7,2.47,0,2026-07-20 18:58:18
2603,16,5.0,43.3,21.5,1.73,0,2026-07-20 19:06:18
2604,22,5.0,48.9,19.4,2.48,0,2026-07-20 19:14:18
2605,49,5.0,56.0,18.8,2.64,0,2026-07-20 19:22:18
2606,10,6.1,69.0,21.1,2.53,0,2026-07-20 19:30:18
2607,34,9.9,84.5,22.2,3.89,0,2026-07-20 19:38:18
2608,27,7.6,80.7,19.4,3.22,0,2026-07-20 19:46:18
2609,1,11.3,116.7,20.6,5.14,0,2026-07-20 19:54:18
2610,17,9.7,79.2,20.1,4.13,0,2026-07-20 20:02:18
2611,9,9.8,110.3,20.5,3.05,0,2026-07-20 20:10:18
2612,47,9.1,96.6,19.4,3.94,0,2026-07-20 20:18:18
2613,22,15.5,135.5,22.3,6.26,0,2026-07-20 20:26:18
2614,49,14.4,171.6,22.0,5.42,0,2026-07-20 20:34:18
2615,11,17.4,149.1,24.4,6.27,0,2026-07-20 20:42:18
2616,34,14.2,130.6,23.8,5.54,0,2026-07-20 20:50:18
2617,20,19.4,226.6,24.3,7.67,0,2026-07-20 20:58:18
2618,30,17.2,178.5,23.5,6.28,0,2026-07-20 21:06:18
2619,18,21.8,244.4,23.3,8.88,0,2026-07-20 21:14:18
2620,20,21.9,214.6,23.8,8.41,0,2026-07-20 21:22:18
2621,15,20.1,200.7,22.2,8.99,0,2026-07-20 21:30:18
2622,36,19.5,184.0,24.9,8.22,0,2026-07-20 21:38:18
2623,46,24.1,201.0,23.6,10.42,0,2026-07-20 21:46:18
2624,3,22.4,241.4,21.4,8.28,0,2026-07-20 21:54:18
2625,8,27.0,311.8,23.9,11.46,0,2026-07-20 22:02:18
2626,33,23.8,254.2,23.4,10.39,0,2026-07-20 22:10:18
2627,46,29.4,340.9,23.5,12.15,0,2026-07-20 22:18:18
2628,39,28.9,338.9,26.0,12.3,0,2026-07-20 22:26:18
2629,46,30.9,286.3,23.3,12.8,0,2026-07-20 22:34:18
2630,10,29.9,327.1,25.9,11.0,0,2026-07-20 22:42:18
2631,44,32.7,326.1,26.6,13.51,0,2026-07-20 22:50:18
2632,26,32.3,372.3,24.4,13.15,0,2026-07-20 22:58:18
2633,10,31.2,286.8,23.8,12.92,0,2026-07-20 23:06:18
2634,48,35.9,412.3,25.3,14.39,0,2026-07-20 23:14:18
2635,34,37.8,427.8,26.1,15.76,0,2026-07-20 23:22:18
2636,18,38.1,331.7,26.3,14.69,0,2026-07-20 23:30:18
2637,6,35.8,374.8,25.1,14.14,0,2026-07-20 23:38:18
2638,48,36.0,377.6,26.6,14.11,0,2026-07-20 23:46:18
2639,26,38.5,336.9,26.2,15.82,0,2026-07-20 23:54:18
2640,36,37.1,413.2,25.1,15.11,0,2026-07-21 00:02:18
2641,32,38.2,378.4,25.4,15.43,0,2026-07-21 00:10:18
2642,32,43.7,513.3,26.4,18.43,0,2026-07-21 00:18:18
2643,26,42.0,377.6,25.6,17.29,0,2026-07-21 00:26:18
2644,16,45.6,509.8,28.5,19.0,0,2026-07-21 00:34:18
2645,38,45.2,417.5,28.6,18.52,0,2026-07-21 00:42:18
2646,47,44.9,373.2,26.0,18.72,0,2026-07-21 00:50:18
2647,49,45.6,468.8,25.1,17.78,0,2026-07-21 00:58:18
2648,7,48.5,522.1,26.8,18.86,0,2026-07-21 01:06:18
2649,43,47.8,509.9,25.3,19.62,0,2026-07-21 01:14:18
2650,41,51.1,456.0,26.4,20.26,0,2026-07-21 01:22:18
2651,34,48.8,561.7,28.6,19.0,0,2026-07-21 01:30:18
2652,9,53.0,595.7,27.6,20.38,0,2026-07-21 01:38:18
2653,17,52.0,461.6,29.6,20.12,0,2026-07-21 01:46:18
2654,33,55.3,608.0,28.1,21.33,0,2026-07-21 01:54:18
2655,30,57.7,571.7,26.8,22.31,0,2026-07-21 02:02:18
2656,44,56.9,653.6,27.5,23.4,0,2026-07-21 02:10:18
2657,22,56.2,586.3,30.2,22.73,0,2026-07-21 02:18:18
2658,44,58.6,687.7,29.3,24.31,0,2026-07-21 02:26:18
2659,9,56.2,609.7,28.9,21.99,0,2026-07-21 02:34:18
2660,4,61.9,721.8,28.3,24.17,0,2026-07-21 02:42:18
2661,33,58.6,681.9,29.2,23.2,0,2026-07-21 02:50:18
2662,48,59.6,526.5,30.4,23.2,0,2026-07-21 02:58:18
2663,3,62.4,650.8,30.3,23.98,0,2026-07-21 03:06:18
2664,45,65.2,579.1,28.6,26.71,0,2026-07-21 03:14:18
2665,10,65.4,544.0,28.8,26.52,0,2026-07-21 03:22:18
2666,25,63.2,506.4,29.2,24.51,0,2026-07-21 03:30:18
2667,34,69.1,713.5,29.8,27.47,0,2026-07-21 03:38:18
2668,43,70.2,776.6,30.8,28.83,0,2026-07-21 03:46:18
2669,18,66.9,611.4,31.2,25.87,0,2026-07-21 03:54:18
2670,13,71.8,815.8,30.1,27.9,0,2026-07-21 04:02:18
2671,21,68.6,735.9,31.2,26.58,0,2026-07-21 04:10:18
2672,13,72.6,681.6,32.2,28.34,0,2026-07-21 04:18:18
2673,40,73.1,853.2,32.3,29.55,0,2026-07-21 04:26:18
2674,33,75.2,816.1,33.2,30.16,0,2026-07-21 04:34:18
2675,35,78.0,720.0,33.2,30.36,0,2026-07-21 04:42:18
2676,19,73.5,677.4,32.4,30.24,0,2026-07-21 04:50:18
2677,10,74.7,843.1,30.3,28.88,0,2026-07-21 04:58:18
2678,26,78.4,887.0,30.2,31.86,0,2026-07-21 05:06:18
2679,5,78.4,906.2,30.6,31.44,0,2026-07-21 05:14:18
2680,22,78.7,656.5,31.3,31.28,0,2026-07-21 05:22:18
2681,27,81.7,934.8,30.9,33.65,0,2026-07-21 05:30:18
2682,26,79.3,860.5,33.5,31.56,0,2026-07-21 05:38:18
2683,10,86.0,927.2,32.5,33.53,1,2026-07-21 05:46:18
2684,38,86.4,913.7,31.1,34.03,1,2026-07-21 05:54:18
2685,12,82.7,802.4,33.2,33.72,0,2026-07-21 06:02:18
2686,46,85.1,849.5,33.1,33.94,1,2026-07-21 06:10:18
2687,29,84.9,804.2,33.7,34.13,0,2026-07-21 06:18:18
2688,9,89.3,1071.1,32.4,34.98,1,2026-07-21 06:26:18
2689,3,87.0,935.4,33.7,35.61,1,2026-07-21 06:34:18
2690,49,88.5,1054.8,34.4,34.96,1,2026-07-21 06:42:18
2691,37,89.8,924.4,32.0,35.6,1,2026-07-21 06:50:18
2692,33,89.3,1005.8,33.1,36.48,1,2026-07-21 06:58:18
2693,14,90.6,1064.7,35.3,35.25,1,2026-07-21 07:06:18
2694,49,92.3,804.6,33.3,36.52,1,2026-07-21 07:14:18
2695,14,95.8,779.3,33.4,38.99,1,2026-07-21 07:22:18
2696,13,94.9,961.0,35.2,37.83,1,2026-07-21 07:30:18
2697,47,96.0,845.8,35.4,38.06,1,2026-07-21 07:38:18
2698,46,98.8,971.1,34.2,39.16,1,2026-07-21 07:46:18
2699,19,100.0,1041.8,36.6,40.47,1,2026-07-21 07:54:18
2700,2,5.0,42.0,19.1,1.75,0,2026-07-21 08:02:18
2701,6,5.0,48.5,19.7,1.18,0,2026-07-21 08:10:18
2702,17,5.0,42.8,20.5,2.64,0,2026-07-21 08:18:18
2703,1,5.0,51.7,19.0,2.18,0,2026-07-21 08:26:18
2704,19,5.0,50.4,22.4,2.59,0,2026-07-21 08:34:18
2705,29,6.5,60.0,20.1,1.63,0,2026-07-21 08:42:18
2706,35,5.8,56.4,20.8,3.17,0,2026-07-21 08:50:18
2707,42,5.0,44.6,21.4,2.8,0,2026-07-21 08:58:18
2708,29,5.4,45.3,22.2,2.98,0,2026-07-21 09:06:18
2709,30,7.1,65.4,23.0,3.71,0,2026-07-21 09:14:18
2710,7,8.6,80.6,20.2,2.7,0,2026-07-21 09:22:18
2711,13,12.4,140.4,21.5,5.47,0,2026-07-21 09:30:18
2712,48,11.7,132.0,21.5,5.39,0,2026-07-21 09:38:18
2713,9,13.6,113.4,20.9,5.61,0,2026-07-21 09:46:18
2714,46,12.0,137.0,20.4,4.8,0,2026-07-21 09:54:18
2715,20,13.8,151.2,22.8,4.52,0,2026-07-21 10:02:18
2716,28,15.9,167.9,22.1,7.16,0,2026-07-21 10:10:18
2717,7,15.2,150.2,22.1,5.76,0,2026-07-21 10:18:18
2718,50,18.2,212.8,23.2,8.26,0,2026-07-21 10:26:18
2719,26,20.1,172.0,22.9,7.11,0,2026-07-21 10:34:18
2720,18,19.6,162.7,22.0,7.94,0,2026-07-21 10:42:18
2721,42,18.7,174.6,24.5,7.14,0,2026-07-21 10:50:18
2722,11,22.3,234.6,23.8,8.11,0,2026-07-21 10:58:18
2723,6,23.3,260.2,24.7,10.15,0,2026-07-21 11:06:18
2724,26,23.2,261.4,24.9,9.94,0,2026-07-21 11:14:18
2725,30,25.5,212.3,24.7,10.19,0,2026-07-21 11:22:18
2726,39,27.7,268.0,25.2,11.79,0,2026-07-21 11:30:18
2727,5,29.7,312.6,26.4,11.04,0,2026-07-21 11:38:18
2728,40,25.4,238.1,23.0,11.06,0,2026-07-21 11:46:18
2729,18,27.9,240.4,23.4,10.41,0,2026-07-21 11:54:18
2730,39,29.8,321.8,22.5,12.4,0,2026-07-21 12:02:18
2731,29,33.4,277.8,24.6,13.85,0,2026-07-21 12:10:18
2732,22,30.0,327.6,22.7,12.0,0,2026-07-21 12:18:18
2733,30,31.1,357.7,26.6,12.06,0,2026-07-21 12:26:18
2734,46,33.8,383.0,23.7,13.79,0,2026-07-21 12:34:18
2735,21,32.9,363.8,23.0,12.66,0,2026-07-21 12:42:18
2736,10,34.7,371.4,26.1,13.61,0,2026-07-21 12:50:18
2737,17,36.9,359.4,26.4,15.12,0,2026-07-21 12:58:18
2738,25,40.3,422.2,25.1,16.91,0,2026-07-21 13:06:18
2739,48,40.4,480.0,26.1,17.01,0,2026-07-21 13:14:18
2740,43,38.8,448.7,23.9,15.81,0,2026-07-21 13:22:18
2741,40,42.7,381.3,24.7,17.92,0,2026-07-21 13:30:18
2742,10,39.6,388.5,24.3,16.47,0,2026-07-21 13:38:18
2743,29,43.5,510.0,26.9,17.85,0,2026-07-21 13:46:18
2744,5,45.2,498.5,28.0,18.42,0,2026-07-21 13:54:18
2745,18,45.3,492.6,26.8,17.37,0,2026-07-21 14:02:18
2746,42,47.2,519.9,26.5,18.28,0,2026-07-21 14:10:18
2747,31,48.5,427.3,26.7,19.61,0,2026-07-21 14:18:18
2748,50,48.7,528.0,28.4,19.5,0,2026-07-21 14:26:18
2749,34,47.1,423.8,26.0,18.89,0,2026-07-21 14:34:18
2750,10,50.8,595.4,29.1,21.27,0,2026-07-21 14:42:18
2751,43,50.5,454.7,25.6,19.86,0,2026-07-21 14:50:18
2752,40,52.3,481.7,28.8,20.54,0,2026-07-21 14:58:18
2753,23,52.3,489.0,29.6,21.28,0,2026-07-21 15:06:18
2754,42,51.5,613.6,28.4,21.02,0,2026-07-21 15:14:18
2755,5,57.0,471.6,30.5,23.31,0,2026-07-21 15:22:18
2756,45,53.6,632.5,26.6,21.49,0,2026-07-21 15:30:18
2757,31,56.0,649.9,26.8,22.73,0,2026-07-21 15:38:18
2758,20,55.6,599.9,26.4,21.34,0,2026-07-21 15:46:18
2759,14,59.8,574.9,30.6,24.69,0,2026-07-21 15:54:18
2760,1,61.8,546.4,29.8,24.62,0,2026-07-21 16:02:18
2761,11,62.6,527.8,27.9,25.14,0,2026-07-21 16:10:18
2762,14,62.6,584.5,29.3,25.92,0,2026-07-21 16:18:18
2763,14,64.1,618.6,28.3,25.6,0,2026-07-21 16:26:18
2764,7,64.1,573.8,27.6,24.78,0,2026-07-21 16:34:18
2765,34,65.7,701.1,30.6,25.49,0,2026-07-21 16:42:18
2766,1,64.4,571.7,30.8,26.67,0,2026-07-21 16:50:18
2767,47,68.0,725.5,31.8,27.49,0,2026-07-21 16:58:18
2768,28,66.6,777.6,30.4,26.1,0,2026-07-21 17:06:18
2769,6,66.7,699.7,29.6,25.69,0,2026-07-21 17:14:18
2770,13,70.1,637.2,31.0,27.88,0,2026-07-21 17:22:18
2771,37,71.6,713.5,31.4,29.04,0,2026-07-21 17:30:18
2772,25,69.0,676.9,32.2,27.27,0,2026-07-21 17:38:18
2773,21,73.5,662.9,29.7,29.48,0,2026-07-21 17:46:18
2774,18,72.2,679.6,31.5,28.95,0,2026-07-21 17:54:18
2775,5,75.0,775.2,30.2,30.24,0,2026-07-21 18:02:18
2776,37,78.6,689.3,32.5,31.24,0,2026-07-21 18:10:18
2777,44,76.6,766.7,32.0,30.69,0,2026-07-21 18:18:18
2778,21,76.0,784.3,31.6,30.42,0,2026-07-21 18:26:18
2779,40,77.7,678.7,31.6,31.46,0,2026-07-21 18:34:18
2780,49,79.5,920.9,31.5,32.08,0,2026-07-21 18:42:18
2781,13,80.2,901.9,33.9,31.9,0,2026-07-21 18:50:18
2782,1,81.1,816.7,34.1,31.72,0,2026-07-21 18:58:18
2783,38,84.2,674.6,30.9,33.23,0,2026-07-21 19:06:18
2784,22,82.7,746.5,33.0,33.09,0,2026-07-21 19:14:18
2785,47,85.5,967.1,32.9,34.03,1,2026-07-21 19:22:18
2786,2,84.9,972.0,31.5,33.81,0,2026-07-21 19:30:18
2787,9,84.9,860.1,33.9,34.46,0,2026-07-21 19:38:18
2788,21,86.8,743.9,34.3,35.18,1,2026-07-21 19:46:18
2789,35,90.4,949.7,34.1,36.26,1,2026-07-21 19:54:18
2790,44,92.2,842.4,32.5,36.84,1,2026-07-21 20:02:18
2791,5,88.9,957.4,31.9,35.15,1,2026-07-21 20:10:18
2792,8,92.0,766.9,34.2,36.51,1,2026-07-21 20:18:18
2793,3,95.1,876.4,35.4,38.9,1,2026-07-21 20:26:18
2794,19,95.7,966.2,33.8,38.55,1,2026-07-21 20:34:18
2795,36,94.1,1046.2,32.6,38.21,1,2026-07-21 20:42:18
2796,1,98.0,1113.7,35.6,39.12,1,2026-07-21 20:50:18
2797,42,94.9,1085.7,34.4,37.81,1,2026-07-21 20:58:18
2798,30,98.2,946.0,34.9,39.12,1,2026-07-21 21:06:18
2799,18,100.0,1074.7,34.7,40.56,1,2026-07-21 21:14:18
2800,9,5.0,53.1,19.0,2.73,0,2026-07-21 21:22:18
2801,12,5.0,41.0,20.9,1.71,0,2026-07-21 21:30:18
2802,46,5.0,59.2,21.7,1.85,0,2026-07-21 21:38:18
2803,49,5.0,53.8,20.3,2.86,0,2026-07-21 21:46:18
2804,50,5.0,47.3,20.3,2.29,0,2026-07-21 21:54:18
2805,5,6.8,73.8,21.4,2.42,0,2026-07-21 22:02:18
2806,25,5.4,60.9,19.6,2.74,0,2026-07-21 22:10:18
2807,3,8.2,84.5,21.4,3.59,0,2026-07-21 22:18:18
2808,10,10.6,99.0,20.6,4.11,0,2026-07-21 22:26:18
2809,9,10.0,88.0,23.1,4.82,0,2026-07-21 22:34:18
2810,7,7.3,63.5,21.8,2.34,0,2026-07-21 22:42:18
2811,9,12.9,141.2,23.5,5.52,0,2026-07-21 22:50:18
2812,44,13.2,117.1,21.7,5.85,0,2026-07-21 22:58:18
2813,5,12.4,109.2,22.8,4.83,0,2026-07-21 23:06:18
2814,29,11.6,100.7,22.8,4.93,0,2026-07-21 23:14:18
2815,37,16.7,175.9,21.7,6.57,0,2026-07-21 23:22:18
2816,43,14.0,140.9,23.7,5.86,0,2026-07-21 23:30:18
2817,15,14.8,155.1,22.1,6.56,0,2026-07-21 23:38:18
2818,33,18.9,167.9,20.9,8.52,0,2026-07-21 23:46:18
2819,2,17.7,196.1,21.3,7.29,0,2026-07-21 23:54:18
2820,22,22.1,242.5,22.4,9.06,0,2026-07-22 00:02:18
2821,30,21.2,170.5,23.7,8.97,0,2026-07-22 00:10:18
2822,32,19.8,224.4,24.0,7.16,0,2026-07-22 00:18:18
2823,24,24.3,240.3,25.2,9.16,0,2026-07-22 00:26:18
2824,40,26.0,230.5,25.3,10.05,0,2026-07-22 00:34:18
2825,47,22.2,219.0,25.0,9.47,0,2026-07-22 00:42:18
2826,3,26.4,293.3,25.8,11.34,0,2026-07-22 00:50:18
2827,40,26.9,272.1,22.1,11.27,0,2026-07-22 00:58:18
2828,18,25.9,288.4,22.6,10.83,0,2026-07-22 01:06:18
2829,9,26.2,281.8,23.4,10.72,0,2026-07-22 01:14:18
2830,43,30.3,247.9,25.8,11.93,0,2026-07-22 01:22:18
2831,12,29.9,337.7,24.4,12.28,0,2026-07-22 01:30:18
2832,46,34.4,280.3,26.9,14.36,0,2026-07-22 01:38:18
2833,37,35.6,419.6,26.3,14.25,0,2026-07-22 01:46:18
2834,39,31.1,274.3,22.9,13.18,0,2026-07-22 01:54:18
2835,49,37.5,350.6,25.0,15.87,0,2026-07-22 02:02:18
2836,3,34.5,322.4,26.5,14.13,0,2026-07-22 02:10:18
2837,30,34.6,296.6,23.9,13.95,0,2026-07-22 02:18:18
2838,47,39.9,469.2,27.0,15.93,0,2026-07-22 02:26:18
2839,9,37.5,412.1,26.5,14.99,0,2026-07-22 02:34:18
2840,40,38.7,362.7,24.3,14.5,0,2026-07-22 02:42:18
2841,1,39.8,449.7,24.3,15.46,0,2026-07-22 02:50:18
2842,14,39.9,352.3,27.1,15.25,0,2026-07-22 02:58:18
2843,1,40.4,339.6,27.0,15.46,0,2026-07-22 03:06:18
2844,23,44.6,424.3,24.8,18.54,0,2026-07-22 03:14:18
2845,15,47.6,441.1,25.3,18.84,0,2026-07-22 03:22:18
2846,35,44.0,471.0,26.5,18.51,0,2026-07-22 03:30:18
2847,27,45.3,532.0,25.2,19.1,0,2026-07-22 03:38:18
2848,18,47.6,405.6,25.7,19.72,0,2026-07-22 03:46:18
2849,18,50.4,577.2,25.6,19.19,0,2026-07-22 03:54:18
2850,32,48.1,437.2,28.1,18.32,0,2026-07-22 04:02:18
2851,31,53.6,622.8,26.1,22.14,0,2026-07-22 04:10:18
2852,34,49.8,549.8,27.9,20.88,0,2026-07-22 04:18:18
2853,33,52.3,424.9,26.8,20.1,0,2026-07-22 04:26:18
2854,44,56.8,584.3,29.5,22.37,0,2026-07-22 04:34:18
2855,14,54.9,628.5,26.8,21.49,0,2026-07-22 04:42:18
2856,48,55.7,653.7,27.6,22.61,0,2026-07-22 04:50:18
2857,37,57.7,535.0,28.5,23.98,0,2026-07-22 04:58:18
2858,9,55.1,561.9,30.1,22.11,0,2026-07-22 05:06:18
2859,28,61.1,538.3,28.3,24.29,0,2026-07-22 05:14:18
2860,41,59.9,601.3,28.9,24.25,0,2026-07-22 05:22:18
2861,40,60.4,549.6,29.4,24.57,0,2026-07-22 05:30:18
2862,1,64.9,581.0,31.3,25.07,0,2026-07-22 05:38:18
2863,47,62.4,640.4,28.1,25.29,0,2026-07-22 05:46:18
2864,12,64.2,547.1,29.7,25.38,0,2026-07-22 05:54:18
2865,27,65.8,718.8,30.9,25.36,0,2026-07-22 06:02:18
2866,5,64.4,760.8,29.6,25.14,0,2026-07-22 06:10:18
2867,13,68.4,817.9,30.2,27.32,0,2026-07-22 06:18:18
2868,28,70.6,653.7,30.2,27.26,0,2026-07-22 06:26:18
2869,40,67.2,768.8,28.1,27.16,0,2026-07-22 06:34:18
2870,1,68.6,625.6,29.6,27.84,0,2026-07-22 06:42:18
2871,11,70.7,583.2,30.5,28.5,0,2026-07-22 06:50:18
2872,12,71.8,592.4,30.6,28.87,0,2026-07-22 06:58:18
2873,13,71.1,649.6,29.4,28.01,0,2026-07-22 07:06:18
2874,30,72.5,749.6,29.4,30.0,0,2026-07-22 07:14:18
2875,5,74.9,783.9,31.1,29.85,0,2026-07-22 07:22:18
2876,2,78.4,783.9,31.8,30.37,0,2026-07-22 07:30:18
2877,40,74.2,813.6,30.5,28.73,0,2026-07-22 07:38:18
2878,13,79.7,695.7,33.0,32.06,0,2026-07-22 07:46:18
2879,46,80.0,699.6,31.9,31.16,0,2026-07-22 07:54:18
2880,14,81.6,713.5,32.2,32.68,0,2026-07-22 08:02:18
2881,12,81.9,831.7,30.8,32.65,0,2026-07-22 08:10:18
2882,19,81.3,688.5,33.8,32.52,0,2026-07-22 08:18:18
2883,17,83.7,768.0,33.8,33.44,0,2026-07-22 08:26:18
2884,11,83.3,836.8,33.9,32.91,0,2026-07-22 08:34:18
2885,26,86.0,791.0,33.0,33.98,1,2026-07-22 08:42:18
2886,7,83.5,728.2,33.6,34.01,0,2026-07-22 08:50:18
2887,2,89.8,1006.9,33.3,36.86,1,2026-07-22 08:58:18
2888,34,87.7,759.1,33.6,34.34,1,2026-07-22 09:06:18
2889,35,91.3,824.1,32.3,36.75,1,2026-07-22 09:14:18
2890,14,88.4,807.4,34.2,34.95,1,2026-07-22 09:22:18
2891,6,91.7,771.2,32.1,37.17,1,2026-07-22 09:30:18
2892,34,93.3,1003.0,33.6,36.94,1,2026-07-22 09:38:18
2893,39,93.5,1043.8,32.4,36.86,1,2026-07-22 09:46:18
2894,10,96.9,1126.9,33.8,37.83,1,2026-07-22 09:54:18
2895,19,95.4,1098.7,34.0,37.94,1,2026-07-22 10:02:18
2896,4,98.8,1182.8,36.2,40.1,1,2026-07-22 10:10:18
2897,22,96.5,962.4,33.5,38.69,1,2026-07-22 10:18:18
2898,12,98.9,922.8,36.3,38.78,1,2026-07-22 10:26:18
2899,31,96.3,1142.3,34.0,38.8,1,2026-07-22 10:34:18
2900,3,5.0,42.8,20.6,1.78,0,2026-07-22 10:42:18
2901,4,5.0,59.9,21.4,2.33,0,2026-07-22 10:50:18
2902,40,5.0,44.6,21.0,2.51,0,2026-07-22 10:58:18
2903,40,5.0,59.2,21.9,1.86,0,2026-07-22 11:06:18
2904,13,6.9,63.2,19.3,2.98,0,2026-07-22 11:14:18
2905,27,5.0,53.0,22.1,1.16,0,2026-07-22 11:22:18
2906,19,5.8,67.5,20.0,2.13,0,2026-07-22 11:30:18
2907,50,5.0,54.3,21.0,1.08,0,2026-07-22 11:38:18
2908,31,5.2,58.4,21.5,1.91,0,2026-07-22 11:46:18
2909,46,7.9,89.0,20.0,3.69,0,2026-07-22 11:54:18
2910,16,7.2,73.5,21.0,2.47,0,2026-07-22 12:02:18
2911,39,11.3,118.9,19.8,5.44,0,2026-07-22 12:10:18
2912,39,14.8,156.1,21.4,4.94,0,2026-07-22 12:18:18
2913,11,15.1,130.5,20.4,6.81,0,2026-07-22 12:26:18
2914,44,16.6,163.0,23.7,6.91,0,2026-07-22 12:34:18
2915,29,17.0,146.3,20.7,7.41,0,2026-07-22 12:42:18
2916,2,18.8,171.6,24.2,8.37,0,2026-07-22 12:50:18
2917,20,17.1,145.9,22.3,6.12,0,2026-07-22 12:58:18
2918,17,18.6,221.2,24.2,7.73,0,2026-07-22 13:06:18
2919,41,17.6,174.8,21.6,6.89,0,2026-07-22 13:14:18
2920,48,19.7,159.5,24.7,8.65,0,2026-07-22 13:22:18
2921,27,19.0,191.0,21.7,7.8,0,2026-07-22 13:30:18
2922,45,21.3,176.0,21.3,8.43,0,2026-07-22 13:38:18
2923,10,22.1,220.8,24.6,9.58,0,2026-07-22 13:46:18
2924,20,26.8,296.6,24.1,10.15,0,2026-07-22 13:54:18
2925,7,27.8,240.1,25.1,10.15,0,2026-07-22 14:02:18
2926,17,23.2,207.2,24.8,10.11,0,2026-07-22 14:10:18
2927,43,24.9,271.3,25.0,10.93,0,2026-07-22 14:18:18
2928,22,29.1,334.6,26.1,11.54,0,2026-07-22 14:26:18
2929,19,31.0,320.9,24.2,12.15,0,2026-07-22 14:34:18
2930,21,29.7,285.3,24.8,11.57,0,2026-07-22 14:42:18
2931,40,33.8,394.3,25.6,12.54,0,2026-07-22 14:50:18
2932,5,29.0,255.5,24.7,12.3,0,2026-07-22 14:58:18
2933,19,35.5,294.8,27.1,13.79,0,2026-07-22 15:06:18
2934,45,36.0,325.5,24.7,14.22,0,2026-07-22 15:14:18
2935,19,35.3,421.7,26.0,14.73,0,2026-07-22 15:22:18
2936,19,38.4,448.4,26.3,16.07,0,2026-07-22 15:30:18
2937,40,36.5,320.9,24.2,14.4,0,2026-07-22 15:38:18
2938,29,38.9,376.9,24.9,16.06,0,2026-07-22 15:46:18
2939,19,38.8,315.8,24.9,14.98,0,2026-07-22 15:54:18
2940,47,41.9,447.5,25.2,16.12,0,2026-07-22 16:02:18
2941,33,42.3,357.8,27.5,16.91,0,2026-07-22 16:10:18
2942,38,42.3,497.1,24.9,16.58,0,2026-07-22 16:18:18
2943,8,42.4,376.2,26.4,17.84,0,2026-07-22 16:26:18
2944,16,42.1,449.9,26.6,16.63,0,2026-07-22 16:34:18
2945,48,47.1,388.4,26.0,18.79,0,2026-07-22 16:42:18
2946,44,47.0,499.0,25.4,18.85,0,2026-07-22 16:50:18
2947,44,44.0,427.4,26.2,16.77,0,2026-07-22 16:58:18
2948,29,48.1,503.4,25.4,19.45,0,2026-07-22 17:06:18
2949,7,48.4,405.7,29.0,19.43,0,2026-07-22 17:14:18
2950,29,52.9,593.9,29.2,20.47,0,2026-07-22 17:22:18
2951,2,53.2,620.5,26.6,20.31,0,2026-07-22 17:30:18
2952,2,49.8,399.6,28.3,20.76,0,2026-07-22 17:38:18
2953,34,53.6,447.7,28.6,21.27,0,2026-07-22 17:46:18
2954,10,56.4,612.1,29.6,22.78,0,2026-07-22 17:54:18
2955,9,53.9,575.9,29.9,21.69,0,2026-07-22 18:02:18
2956,45,56.4,598.7,30.3,21.92,0,2026-07-22 18:10:18
2957,32,58.6,577.3,27.1,23.18,0,2026-07-22 18:18:18
2958,26,60.9,710.2,27.8,23.81,0,2026-07-22 18:26:18
2959,35,58.1,640.3,29.8,22.87,0,2026-07-22 18:34:18
2960,17,57.4,483.2,29.4,22.04,0,2026-07-22 18:42:18
2961,7,62.4,708.7,28.7,24.97,0,2026-07-22 18:50:18
2962,48,61.2,590.9,28.8,23.96,0,2026-07-22 18:58:18
2963,10,64.9,683.5,28.2,25.28,0,2026-07-22 19:06:18
2964,40,63.8,691.2,29.3,26.29,0,2026-07-22 19:14:18
2965,26,66.2,761.7,28.0,26.31,0,2026-07-22 19:22:18
2966,39,68.0,724.5,31.8,26.35,0,2026-07-22 19:30:18
2967,32,64.3,743.8,30.7,26.59,0,2026-07-22 19:38:18
2968,28,67.5,676.8,28.6,27.7,0,2026-07-22 19:46:18
2969,10,70.8,805.4,30.7,29.04,0,2026-07-22 19:54:18
2970,37,72.6,772.0,32.1,29.68,0,2026-07-22 20:02:18
2971,12,70.7,628.5,30.1,28.76,0,2026-07-22 20:10:18
2972,31,70.4,652.5,31.4,28.3,0,2026-07-22 20:18:18
2973,33,73.3,627.6,30.3,28.74,0,2026-07-22 20:26:18
2974,40,76.7,750.6,30.5,31.42,0,2026-07-22 20:34:18
2975,22,75.4,757.7,32.5,30.92,0,2026-07-22 20:42:18
2976,25,79.0,664.9,33.7,31.5,0,2026-07-22 20:50:18
2977,24,76.1,845.7,32.1,29.95,0,2026-07-22 20:58:18
2978,1,78.8,859.0,30.7,30.69,0,2026-07-22 21:06:18
2979,29,76.9,624.2,30.0,30.21,0,2026-07-22 21:14:18
2980,25,79.6,682.8,33.4,31.31,0,2026-07-22 21:22:18
2981,38,78.3,730.9,31.0,31.53,0,2026-07-22 21:30:18
2982,35,84.7,991.8,32.0,34.35,0,2026-07-22 21:38:18
2983,35,85.7,808.4,34.8,33.61,1,2026-07-22 21:46:18
2984,3,83.9,981.2,31.2,33.74,0,2026-07-22 21:54:18
2985,11,84.7,838.2,31.3,34.74,0,2026-07-22 22:02:18
2986,28,83.3,765.9,33.9,32.89,0,2026-07-22 22:10:18
2987,9,86.4,899.4,31.9,34.87,1,2026-07-22 22:18:18
2988,27,90.0,832.3,34.2,36.39,1,2026-07-22 22:26:18
2989,32,90.6,1065.7,31.8,36.59,1,2026-07-22 22:34:18
2990,12,88.9,1027.1,34.6,35.18,1,2026-07-22 22:42:18
2991,6,91.4,1079.4,34.4,36.63,1,2026-07-22 22:50:18
2992,18,91.0,749.6,33.5,36.03,1,2026-07-22 22:58:18
2993,44,95.1,834.5,36.0,37.38,1,2026-07-22 23:06:18
2994,19,96.1,1025.6,35.4,39.24,1,2026-07-22 23:14:18
2995,20,97.6,812.8,35.3,39.34,1,2026-07-22 23:22:18
2996,22,98.7,976.9,35.2,39.73,1,2026-07-22 23:30:18
2997,28,97.5,922.2,33.5,39.69,1,2026-07-22 23:38:18
2998,1,97.9,1002.3,36.6,39.7,1,2026-07-22 23:46:18
2999,13,100.0,955.6,34.8,40.05,1,2026-07-22 23:54:18
3000,1,5.0,56.4,22.1,2.43,0,2026-07-23 00:02:18
3001,48,5.0,43.8,21.6,1.34,0,2026-07-23 00:10:18
3002,12,5.0,49.4,20.0,1.35,0,2026-07-23 00:18:18
3003,15,5.0,57.8,20.0,2.65,0,2026-07-23 00:26:18
3004,10,6.0,62.1,22.5,2.53,0,2026-07-23 00:34:18
3005,17,7.2,57.7,20.2,3.77,0,2026-07-23 00:42:18
3006,23,5.0,51.2,21.2,2.57,0,2026-07-23 00:50:18
3007,17,6.4,65.4,22.3,2.33,0,2026-07-23 00:58:18
3008,48,9.2,74.1,19.8,4.63,0,2026-07-23 01:06:18
3009,11,8.5,74.3,21.0,3.06,0,2026-07-23 01:14:18
3010,47,11.3,123.9,22.9,5.21,0,2026-07-23 01:22:18
3011,44,8.4,85.0,19.9,3.06,0,2026-07-23 01:30:18
3012,9,10.1,90.0,21.8,4.06,0,2026-07-23 01:38:18
3013,33,12.6,116.0,20.2,4.29,0,2026-07-23 01:46:18
3014,9,16.2,179.6,21.3,6.45,0,2026-07-23 01:54:18
3015,46,15.4,159.0,20.5,5.7,0,2026-07-23 02:02:18
3016,4,18.6,185.7,23.2,8.23,0,2026-07-23 02:10:18
3017,16,18.7,209.1,21.7,7.67,0,2026-07-23 02:18:18
3018,8,18.6,178.0,24.5,7.98,0,2026-07-23 02:26:18
3019,39,19.8,203.1,24.8,7.99,0,2026-07-23 02:34:18
3020,48,21.7,204.7,24.8,9.35,0,2026-07-23 02:42:18
3021,8,19.2,226.7,21.1,8.18,0,2026-07-23 02:50:18
3022,11,21.0,168.2,23.6,8.53,0,2026-07-23 02:58:18
3023,2,23.1,222.3,24.3,8.39,0,2026-07-23 03:06:18
3024,22,22.3,243.9,24.7,8.91,0,2026-07-23 03:14:18
3025,35,27.0,222.7,25.4,11.77,0,2026-07-23 03:22:18
3026,25,27.1,275.5,23.2,10.98,0,2026-07-23 03:30:18
3027,13,27.2,267.1,22.7,10.2,0,2026-07-23 03:38:18
3028,46,25.0,240.1,25.3,10.27,0,2026-07-23 03:46:18
3029,34,27.0,235.8,24.0,11.69,0,2026-07-23 03:54:18
3030,8,28.1,257.2,24.6,11.28,0,2026-07-23 04:02:18
3031,7,33.7,395.8,25.5,14.46,0,2026-07-23 04:10:18
3032,25,31.9,307.1,26.2,11.86,0,2026-07-23 04:18:18
3033,44,32.6,352.8,23.9,13.68,0,2026-07-23 04:26:18
3034,42,33.2,347.0,26.1,13.67,0,2026-07-23 04:34:18
3035,25,34.5,379.7,25.9,13.04,0,2026-07-23 04:42:18
3036,10,38.0,373.4,26.0,15.82,0,2026-07-23 04:50:18
3037,47,36.3,378.3,27.2,13.78,0,2026-07-23 04:58:18
3038,7,37.6,440.2,24.5,14.53,0,2026-07-23 05:06:18
3039,31,41.1,339.7,25.9,15.84,0,2026-07-23 05:14:18
3040,6,41.1,435.7,24.5,16.57,0,2026-07-23 05:22:18
3041,49,43.0,412.1,25.8,17.16,0,2026-07-23 05:30:18
3042,48,43.8,451.3,24.7,17.21,0,2026-07-23 05:38:18
3043,46,43.4,360.1,25.0,16.5,0,2026-07-23 05:46:18
3044,17,44.7,364.3,28.0,18.66,0,2026-07-23 05:54:18
3045,36,44.8,433.9,26.9,16.93,0,2026-07-23 06:02:18
3046,6,48.9,520.0,26.8,19.89,0,2026-07-23 06:10:18
3047,9,47.2,526.9,27.1,19.34,0,2026-07-23 06:18:18
3048,19,50.0,599.8,26.9,19.09,0,2026-07-23 06:26:18
3049,3,51.9,422.2,27.3,21.52,0,2026-07-23 06:34:18
3050,50,49.4,399.4,29.4,19.76,0,2026-07-23 06:42:18
3051,22,51.1,532.6,29.2,21.06,0,2026-07-23 06:50:18
3052,38,54.3,528.4,28.5,21.69,0,2026-07-23 06:58:18
3053,4,54.3,595.3,26.9,20.89,0,2026-07-23 07:06:18
3054,27,54.2,494.6,29.6,20.74,0,2026-07-23 07:14:18
3055,50,52.5,525.5,26.2,21.9,0,2026-07-23 07:22:18
3056,42,55.9,575.8,27.3,23.11,0,2026-07-23 07:30:18
3057,30,58.4,577.4,28.2,22.95,0,2026-07-23 07:38:18
3058,29,60.4,663.1,30.9,24.66,0,2026-07-23 07:46:18
3059,5,60.9,637.3,30.0,24.39,0,2026-07-23 07:54:18
3060,33,58.5,681.5,29.7,23.15,0,2026-07-23 08:02:18
3061,26,60.0,579.7,28.4,24.55,0,2026-07-23 08:10:18
3062,50,62.1,574.7,29.5,25.44,0,2026-07-23 08:18:18
3063,43,62.2,597.6,29.1,24.78,0,2026-07-23 08:26:18
3064,1,65.8,572.9,28.8,25.65,0,2026-07-23 08:34:18
3065,3,64.2,572.5,31.2,24.77,0,2026-07-23 08:42:18
3066,4,63.0,581.1,31.0,26.05,0,2026-07-23 08:50:18
3067,40,65.7,629.1,28.8,26.44,0,2026-07-23 08:58:18
3068,29,68.4,684.4,29.0,27.56,0,2026-07-23 09:06:18
3069,4,66.4,608.8,31.3,27.32,0,2026-07-23 09:14:18
3070,13,72.3,758.5,30.2,29.0,0,2026-07-23 09:22:18
3071,25,72.9,720.4,30.8,29.46,0,2026-07-23 09:30:18
3072,11,71.1,740.6,32.6,29.22,0,2026-07-23 09:38:18
3073,32,76.0,756.2,30.4,29.5,0,2026-07-23 09:46:18
3074,10,71.9,826.1,30.4,28.57,0,2026-07-23 09:54:18
3075,34,75.2,728.6,31.2,29.34,0,2026-07-23 10:02:18
3076,42,76.6,877.4,29.8,31.33,0,2026-07-23 10:10:18
3077,18,76.8,790.1,30.2,31.0,0,2026-07-23 10:18:18
3078,15,78.1,923.8,33.2,32.03,0,2026-07-23 10:26:18
3079,39,78.6,803.8,32.9,30.71,0,2026-07-23 10:34:18
3080,4,78.2,780.8,33.3,31.17,0,2026-07-23 10:42:18
3081,15,82.1,726.2,33.1,33.38,0,2026-07-23 10:50:18
3082,12,80.7,796.9,32.8,32.8,0,2026-07-23 10:58:18
3083,19,82.7,817.2,34.4,32.47,0,2026-07-23 11:06:18
3084,22,82.0,832.3,31.8,32.56,0,2026-07-23 11:14:18
3085,3,87.9,736.5,32.7,35.83,1,2026-07-23 11:22:18
3086,15,89.0,958.8,32.5,35.17,1,2026-07-23 11:30:18
3087,6,87.5,924.8,33.8,35.57,1,2026-07-23 11:38:18
3088,15,85.4,715.5,34.2,33.31,1,2026-07-23 11:46:18
3089,45,90.3,730.3,34.3,37.1,1,2026-07-23 11:54:18
3090,15,88.2,901.2,32.6,34.32,1,2026-07-23 12:02:18
3091,41,92.5,875.3,32.4,36.99,1,2026-07-23 12:10:18
3092,50,90.2,870.7,34.0,36.89,1,2026-07-23 12:18:18
3093,6,94.4,1064.4,33.8,37.33,1,2026-07-23 12:26:18
3094,48,96.4,1132.3,34.8,38.45,1,2026-07-23 12:34:18
3095,45,92.7,970.5,34.2,37.77,1,2026-07-23 12:42:18
3096,23,97.7,1113.0,34.4,38.58,1,2026-07-23 12:50:18
3097,5,98.8,1069.4,33.6,38.6,1,2026-07-23 12:58:18
3098,3,97.4,897.3,33.6,38.84,1,2026-07-23 13:06:18
3099,50,97.5,1076.7,33.1,39.57,1,2026-07-23 13:14:18
3100,41,5.0,55.6,21.9,2.11,0,2026-07-23 13:22:18
3101,45,5.0,41.4,20.5,1.1,0,2026-07-23 13:30:18
3102,4,5.0,52.2,22.0,1.15,0,2026-07-23 13:38:18
3103,15,5.0,47.3,22.0,2.55,0,2026-07-23 13:46:18
3104,49,5.0,53.0,21.7,2.8,0,2026-07-23 13:54:18
3105,35,5.0,57.4,20.6,2.91,0,2026-07-23 14:02:18
3106,44,8.1,71.0,21.8,3.53,0,2026-07-23 14:10:18
3107,10,6.3,57.9,19.6,1.78,0,2026-07-23 14:18:18
3108,25,6.1,68.9,22.2,3.08,0,2026-07-23 14:26:18
3109,37,11.8,103.0,22.8,5.13,0,2026-07-23 14:34:18
3110,49,7.7,78.9,22.4,3.98,0,2026-07-23 14:42:18
3111,18,13.8,132.0,23.3,5.66,0,2026-07-23 14:50:18
3112,36,13.4,111.9,20.9,6.35,0,2026-07-23 14:58:18
3113,42,14.8,129.9,22.1,6.44,0,2026-07-23 15:06:18
3114,15,11.6,131.3,21.0,5.01,0,2026-07-23 15:14:18
3115,17,13.7,132.4,23.5,5.88,0,2026-07-23 15:22:18
3116,24,17.5,154.5,21.7,6.91,0,2026-07-23 15:30:18
3117,26,15.6,152.3,23.3,5.72,0,2026-07-23 15:38:18
3118,10,17.9,151.6,23.5,7.51,0,2026-07-23 15:46:18
3119,33,18.2,170.3,23.4,7.94,0,2026-07-23 15:54:18
3120,6,21.7,192.9,21.3,8.36,0,2026-07-23 16:02:18
3121,41,21.0,246.5,24.5,7.78,0,2026-07-23 16:10:18
3122,27,19.5,163.5,24.8,7.66,0,2026-07-23 16:18:18
3123,38,20.6,236.4,25.1,7.6,0,2026-07-23 16:26:18
3124,36,22.7,203.6,21.9,8.85,0,2026-07-23 16:34:18
3125,31,22.9,203.6,23.4,9.61,0,2026-07-23 16:42:18
3126,9,25.2,251.9,23.1,10.0,0,2026-07-23 16:50:18
3127,21,25.3,251.3,23.7,9.16,0,2026-07-23 16:58:18
3128,42,29.4,297.7,22.6,12.29,0,2026-07-23 17:06:18
3129,43,31.9,312.2,25.0,11.76,0,2026-07-23 17:14:18
3130,35,28.4,313.2,25.7,11.15,0,2026-07-23 17:22:18
3131,35,32.0,262.1,23.2,13.09,0,2026-07-23 17:30:18
3132,35,32.8,311.0,26.5,13.14,0,2026-07-23 17:38:18
3133,45,31.2,286.7,25.6,12.87,0,2026-07-23 17:46:18
3134,49,35.3,405.4,27.1,13.27,0,2026-07-23 17:54:18
3135,41,33.3,336.8,24.3,12.58,0,2026-07-23 18:02:18
3136,41,33.3,358.0,24.2,12.86,0,2026-07-23 18:10:18
3137,33,39.3,406.7,26.4,16.32,0,2026-07-23 18:18:18
3138,25,40.2,439.0,27.8,15.86,0,2026-07-23 18:26:18
3139,1,37.2,392.0,25.4,15.55,0,2026-07-23 18:34:18
3140,34,40.5,370.5,25.0,16.59,0,2026-07-23 18:42:18
3141,42,38.3,310.1,25.8,15.39,0,2026-07-23 18:50:18
3142,31,42.1,457.9,26.7,17.17,0,2026-07-23 18:58:18
3143,44,45.9,499.6,28.7,17.94,0,2026-07-23 19:06:18
3144,37,45.8,543.8,27.3,18.13,0,2026-07-23 19:14:18
3145,40,44.7,463.1,28.4,17.54,0,2026-07-23 19:22:18
3146,45,48.2,542.0,28.7,20.15,0,2026-07-23 19:30:18
3147,32,44.2,410.3,26.3,17.16,0,2026-07-23 19:38:18
3148,16,47.5,394.3,28.5,19.7,0,2026-07-23 19:46:18
3149,46,51.9,494.0,28.8,20.52,0,2026-07-23 19:54:18
3150,36,47.1,403.2,28.9,19.04,0,2026-07-23 20:02:18
3151,34,51.5,540.6,26.7,20.7,0,2026-07-23 20:10:18
3152,10,53.7,502.0,29.9,21.12,0,2026-07-23 20:18:18
3153,50,53.5,547.6,29.8,22.29,0,2026-07-23 20:26:18
3154,42,51.0,511.7,27.0,21.09,0,2026-07-23 20:34:18
3155,17,56.2,614.2,28.1,22.66,0,2026-07-23 20:42:18
3156,11,53.0,428.7,29.6,21.84,0,2026-07-23 20:50:18
3157,22,58.8,548.0,27.5,24.0,0,2026-07-23 20:58:18
3158,10,59.8,615.1,30.2,24.7,0,2026-07-23 21:06:18
3159,19,61.9,551.1,30.1,24.93,0,2026-07-23 21:14:18
3160,21,58.8,639.6,30.5,23.78,0,2026-07-23 21:22:18
3161,50,60.2,549.7,29.8,25.0,0,2026-07-23 21:30:18
3162,17,64.3,694.9,29.4,24.78,0,2026-07-23 21:38:18
3163,32,63.8,644.0,27.6,25.64,0,2026-07-23 21:46:18
3164,15,64.3,689.1,28.5,25.83,0,2026-07-23 21:54:18
3165,28,63.7,585.0,30.2,24.51,0,2026-07-23 22:02:18
3166,9,66.7,641.0,31.9,25.76,0,2026-07-23 22:10:18
3167,50,66.0,613.5,28.7,27.13,0,2026-07-23 22:18:18
3168,17,66.8,798.9,29.0,26.16,0,2026-07-23 22:26:18
3169,18,69.6,717.1,31.7,28.66,0,2026-07-23 22:34:18
3170,42,70.4,699.4,29.2,27.23,0,2026-07-23 22:42:18
3171,1,70.7,584.2,32.4,27.89,0,2026-07-23 22:50:18
3172,11,72.9,619.8,29.6,29.52,0,2026-07-23 22:58:18
3173,42,70.2,608.6,29.9,29.05,0,2026-07-23 23:06:18
3174,31,72.6,794.7,29.7,28.81,0,2026-07-23 23:14:18
3175,46,74.4,641.9,31.0,29.85,0,2026-07-23 23:22:18
3176,41,75.0,684.4,31.2,29.63,0,2026-07-23 23:30:18
3177,22,79.6,808.3,30.3,31.17,0,2026-07-23 23:38:18
3178,30,75.6,841.7,31.4,30.18,0,2026-07-23 23:46:18
3179,39,80.3,935.0,30.7,31.77,0,2026-07-23 23:54:18
3180,11,81.9,800.4,32.0,33.72,0,2026-07-24 00:02:18
3181,17,80.6,820.4,31.1,32.18,0,2026-07-24 00:10:18
3182,24,81.5,971.2,32.5,33.05,0,2026-07-24 00:18:18
3183,31,83.1,802.9,33.9,32.71,0,2026-07-24 00:26:18
3184,40,87.0,742.0,34.3,34.41,1,2026-07-24 00:34:18
3185,50,86.9,827.6,33.9,35.32,1,2026-07-24 00:42:18
3186,40,88.6,864.5,35.0,36.1,1,2026-07-24 00:50:18
3187,50,86.8,791.7,34.7,35.42,1,2026-07-24 00:58:18
3188,25,85.4,887.6,32.1,34.8,1,2026-07-24 01:06:18
3189,46,87.8,995.5,34.9,34.92,1,2026-07-24 01:14:18
3190,29,92.3,952.5,34.8,36.88,1,2026-07-24 01:22:18
3191,36,91.5,834.1,32.8,36.06,1,2026-07-24 01:30:18
3192,48,90.7,1010.9,35.5,35.6,1,2026-07-24 01:38:18
3193,46,95.6,795.4,33.9,38.42,1,2026-07-24 01:46:18
3194,19,95.6,914.6,34.4,37.45,1,2026-07-24 01:54:18
3195,8,95.0,1120.3,36.1,37.19,1,2026-07-24 02:02:18
3196,18,98.9,800.9,35.9,39.04,1,2026-07-24 02:10:18
3197,48,98.1,1102.1,33.5,39.92,1,2026-07-24 02:18:18
3198,17,100.0,1159.2,34.4,40.85,1,2026-07-24 02:26:18
3199,5,100.0,989.3,33.2,39.76,1,2026-07-24 02:34:18
3200,1,5.0,43.5,22.0,2.77,0,2026-07-24 02:42:18
3201,19,5.0,55.1,20.6,1.64,0,2026-07-24 02:50:18
3202,25,5.0,51.8,20.7,2.89,0,2026-07-24 02:58:18
3203,38,5.0,49.7,21.0,2.78,0,2026-07-24 03:06:18
3204,33,7.0,74.0,19.5,3.22,0,2026-07-24 03:14:18
3205,35,5.4,61.9,19.6,2.34,0,2026-07-24 03:22:18
3206,3,7.4,60.5,19.7,3.21,0,2026-07-24 03:30:18
3207,24,8.6,83.8,19.5,3.05,0,2026-07-24 03:38:18
3208,25,8.3,80.3,22.9,3.08,0,2026-07-24 03:46:18
3209,3,6.9,57.7,22.8,3.63,0,2026-07-24 03:54:18
3210,32,9.0,76.1,21.4,3.71,0,2026-07-24 04:02:18
3211,1,13.6,116.4,21.8,5.95,0,2026-07-24 04:10:18
3212,15,9.8,79.5,20.1,4.86,0,2026-07-24 04:18:18
3213,35,15.3,182.8,23.1,6.45,0,2026-07-24 04:26:18
3214,23,11.3,103.6,20.8,3.67,0,2026-07-24 04:34:18
3215,38,17.7,185.4,24.3,7.83,0,2026-07-24 04:42:18
3216,44,15.9,133.0,24.2,5.61,0,2026-07-24 04:50:18
3217,21,19.6,226.4,24.5,8.76,0,2026-07-24 04:58:18
3218,21,18.1,172.0,22.4,6.56,0,2026-07-24 05:06:18
3219,50,17.2,162.2,21.0,6.13,0,2026-07-24 05:14:18
3220,26,20.7,170.8,23.6,9.11,0,2026-07-24 05:22:18
3221,3,19.4,226.6,22.6,8.1,0,2026-07-24 05:30:18
3222,43,24.0,246.4,23.9,9.75,0,2026-07-24 05:38:18
3223,44,25.1,255.5,22.4,9.08,0,2026-07-24 05:46:18
3224,37,25.5,298.3,25.7,9.54,0,2026-07-24 05:54:18
3225,30,22.9,271.1,24.5,9.2,0,2026-07-24 06:02:18
3226,9,25.9,244.6,24.9,10.99,0,2026-07-24 06:10:18
3227,24,25.5,259.0,22.8,10.99,0,2026-07-24 06:18:18
3228,42,26.1,215.8,22.7,9.7,0,2026-07-24 06:26:18
3229,12,28.3,295.0,22.4,10.91,0,2026-07-24 06:34:18
3230,44,32.6,286.6,26.4,12.14,0,2026-07-24 06:42:18
3231,43,32.6,336.3,24.8,12.41,0,2026-07-24 06:50:18
3232,43,30.2,277.2,23.3,11.18,0,2026-07-24 06:58:18
3233,35,31.5,277.6,25.9,11.66,0,2026-07-24 07:06:18
3234,46,34.4,327.4,24.5,13.6,0,2026-07-24 07:14:18
3235,32,34.5,391.4,25.4,13.93,0,2026-07-24 07:22:18
3236,25,33.5,348.3,23.8,14.38,0,2026-07-24 07:30:18
3237,28,38.5,382.3,26.2,14.69,0,2026-07-24 07:38:18
3238,49,39.2,344.0,24.1,15.41,0,2026-07-24 07:46:18
3239,6,36.5,426.4,24.2,14.93,0,2026-07-24 07:54:18
3240,50,39.5,365.7,26.0,16.15,0,2026-07-24 08:02:18
3241,34,38.7,359.9,26.0,14.65,0,2026-07-24 08:10:18
3242,36,40.2,396.4,25.4,15.98,0,2026-07-24 08:18:18
3243,16,41.0,469.6,28.1,15.69,0,2026-07-24 08:26:18
3244,19,45.2,505.9,27.1,17.45,0,2026-07-24 08:34:18
3245,47,47.8,539.2,25.4,18.15,0,2026-07-24 08:42:18
3246,14,45.2,531.4,26.6,17.96,0,2026-07-24 08:50:18
3247,44,47.3,412.4,27.8,19.84,0,2026-07-24 08:58:18
3248,13,49.0,507.7,28.4,19.02,0,2026-07-24 09:06:18
3249,37,51.0,471.5,29.2,20.22,0,2026-07-24 09:14:18
3250,2,50.5,493.3,27.0,21.18,0,2026-07-24 09:22:18
3251,19,53.6,626.0,28.5,21.79,0,2026-07-24 09:30:18
3252,35,50.0,512.2,26.6,20.35,0,2026-07-24 09:38:18
3253,28,53.8,573.0,27.1,21.35,0,2026-07-24 09:46:18
3254,3,55.5,643.7,26.8,21.39,0,2026-07-24 09:54:18
3255,49,56.8,666.4,29.4,23.26,0,2026-07-24 10:02:18
3256,42,58.3,644.1,26.9,23.94,0,2026-07-24 10:10:18
3257,41,58.6,551.3,29.0,23.58,0,2026-07-24 10:18:18
3258,48,58.6,493.2,30.5,23.56,0,2026-07-24 10:26:18
3259,13,58.5,654.4,28.8,23.61,0,2026-07-24 10:34:18
3260,33,59.4,659.2,29.7,23.08,0,2026-07-24 10:42:18
3261,11,63.8,602.3,29.2,25.52,0,2026-07-24 10:50:18
3262,21,62.2,519.5,28.0,25.56,0,2026-07-24 10:58:18
3263,18,60.6,674.1,29.7,23.43,0,2026-07-24 11:06:18
3264,50,64.3,712.2,28.3,26.45,0,2026-07-24 11:14:18
3265,22,65.9,790.6,30.4,26.96,0,2026-07-24 11:22:18
3266,17,68.5,740.2,30.4,26.84,0,2026-07-24 11:30:18
3267,19,67.5,757.5,28.3,26.82,0,2026-07-24 11:38:18
3268,33,70.9,733.4,32.5,29.08,0,2026-07-24 11:46:18
3269,12,68.6,811.1,31.2,28.32,0,2026-07-24 11:54:18
3270,44,68.1,815.2,30.4,27.98,0,2026-07-24 12:02:18
3271,8,74.0,735.1,30.3,29.11,0,2026-07-24 12:10:18
3272,42,74.1,862.5,31.5,30.04,0,2026-07-24 12:18:18
3273,45,72.6,784.6,30.2,29.12,0,2026-07-24 12:26:18
3274,5,72.6,856.9,32.4,29.7,0,2026-07-24 12:34:18
3275,47,72.4,741.3,30.2,28.17,0,2026-07-24 12:42:18
3276,37,74.9,656.8,30.0,29.55,0,2026-07-24 12:50:18
3277,38,74.0,838.0,29.4,30.24,0,2026-07-24 12:58:18
3278,49,78.5,844.1,33.8,31.7,0,2026-07-24 13:06:18
3279,33,78.4,806.3,33.5,30.48,0,2026-07-24 13:14:18
3280,5,79.4,766.4,32.5,31.35,0,2026-07-24 13:22:18
3281,45,78.2,907.0,31.6,32.02,0,2026-07-24 13:30:18
3282,31,83.0,936.7,32.6,32.5,0,2026-07-24 13:38:18
3283,2,83.6,824.3,30.7,32.81,0,2026-07-24 13:46:18
3284,31,84.2,937.9,32.1,33.26,0,2026-07-24 13:54:18
3285,48,86.2,871.9,33.6,33.82,1,2026-07-24 14:02:18
3286,23,86.9,907.1,34.0,35.65,1,2026-07-24 14:10:18
3287,15,90.0,824.9,34.3,36.9,1,2026-07-24 14:18:18
3288,49,88.2,840.1,32.7,35.4,1,2026-07-24 14:26:18
3289,5,87.4,754.7,33.8,34.24,1,2026-07-24 14:34:18
3290,7,92.7,745.9,34.7,37.76,1,2026-07-24 14:42:18
3291,6,93.1,1014.8,34.6,36.89,1,2026-07-24 14:50:18
3292,20,93.0,1011.2,33.6,36.92,1,2026-07-24 14:58:18
3293,11,90.7,733.2,35.4,36.09,1,2026-07-24 15:06:18
3294,22,92.6,917.4,32.1,36.08,1,2026-07-24 15:14:18
3295,47,93.3,942.2,33.0,36.62,1,2026-07-24 15:22:18
3296,2,96.5,898.7,34.1,38.22,1,2026-07-24 15:30:18
3297,30,99.6,1075.1,36.3,39.22,1,2026-07-24 15:38:18
3298,16,98.8,1102.7,33.4,39.87,1,2026-07-24 15:46:18
3299,2,100.0,908.9,35.8,40.74,1,2026-07-24 15:54:18
3300,9,5.0,41.8,21.9,2.39,0,2026-07-24 16:02:18
3301,37,5.0,49.6,20.9,2.86,0,2026-07-24 16:10:18
3302,11,5.0,56.6,19.2,2.99,0,2026-07-24 16:18:18
3303,3,5.0,50.6,20.3,2.78,0,2026-07-24 16:26:18
3304,39,6.9,66.5,21.4,3.0,0,2026-07-24 16:34:18
3305,14,6.5,75.7,21.4,1.7,0,2026-07-24 16:42:18
3306,16,7.6,67.9,20.1,3.49,0,2026-07-24 16:50:18
3307,2,7.8,76.4,19.7,4.11,0,2026-07-24 16:58:18
3308,23,8.7,80.3,21.0,4.2,0,2026-07-24 17:06:18
3309,8,11.1,97.3,22.7,4.04,0,2026-07-24 17:14:18
3310,35,9.1,103.6,21.1,3.36,0,2026-07-24 17:22:18
3311,21,10.3,112.6,22.8,3.18,0,2026-07-24 17:30:18
3312,28,9.8,84.9,20.9,4.2,0,2026-07-24 17:38:18
3313,18,14.4,144.5,23.2,6.43,0,2026-07-24 17:46:18
3314,19,16.6,144.5,24.4,6.23,0,2026-07-24 17:54:18
3315,31,16.0,159.3,23.8,6.58,0,2026-07-24 18:02:18
3316,35,16.3,183.9,21.3,6.76,0,2026-07-24 18:10:18
3317,2,19.7,164.8,21.4,8.42,0,2026-07-24 18:18:18
3318,38,17.8,209.6,23.2,7.61,0,2026-07-24 18:26:18
3319,13,20.2,192.6,23.0,8.5,0,2026-07-24 18:34:18
3320,4,19.7,212.6,24.4,8.06,0,2026-07-24 18:42:18
3321,39,18.1,177.2,24.3,6.52,0,2026-07-24 18:50:18
3322,41,23.4,236.7,23.4,8.98,0,2026-07-24 18:58:18
3323,42,20.7,173.1,21.7,8.26,0,2026-07-24 19:06:18
3324,23,25.7,258.6,22.9,11.05,0,2026-07-24 19:14:18
3325,26,24.6,207.1,25.2,10.53,0,2026-07-24 19:22:18
3326,9,23.7,283.8,24.7,8.81,0,2026-07-24 19:30:18
3327,3,27.5,273.5,24.3,11.84,0,2026-07-24 19:38:18
3328,31,25.5,269.5,22.7,10.1,0,2026-07-24 19:46:18
3329,23,31.6,264.2,23.9,13.03,0,2026-07-24 19:54:18
3330,23,30.9,360.7,24.8,12.03,0,2026-07-24 20:02:18
3331,25,33.9,351.1,24.2,13.18,0,2026-07-24 20:10:18
3332,42,29.5,331.6,25.3,12.53,0,2026-07-24 20:18:18
3333,47,32.0,351.1,26.3,12.36,0,2026-07-24 20:26:18
3334,36,34.7,302.9,25.3,13.48,0,2026-07-24 20:34:18
3335,11,34.7,329.0,24.6,14.61,0,2026-07-24 20:42:18
3336,47,36.0,290.9,24.9,14.61,0,2026-07-24 20:50:18
3337,12,39.0,340.6,25.3,15.23,0,2026-07-24 20:58:18
3338,26,39.5,367.4,25.2,16.76,0,2026-07-24 21:06:18
3339,32,37.2,334.7,26.1,15.69,0,2026-07-24 21:14:18
3340,3,38.2,428.8,25.1,15.56,0,2026-07-24 21:22:18
3341,17,38.0,440.2,27.6,15.33,0,2026-07-24 21:30:18
3342,42,44.6,479.9,26.5,18.64,0,2026-07-24 21:38:18
3343,46,44.4,436.5,27.3,16.82,0,2026-07-24 21:46:18
3344,46,45.5,509.2,25.1,17.78,0,2026-07-24 21:54:18
3345,1,46.3,408.9,26.0,19.21,0,2026-07-24 22:02:18
3346,7,46.1,478.3,27.6,17.81,0,2026-07-24 22:10:18
3347,4,48.9,553.5,28.3,18.81,0,2026-07-24 22:18:18
3348,6,50.0,557.4,26.2,19.5,0,2026-07-24 22:26:18
3349,16,48.3,563.5,26.6,18.44,0,2026-07-24 22:34:18
3350,46,49.1,535.9,29.1,20.22,0,2026-07-24 22:42:18
3351,39,53.5,623.0,26.3,20.72,0,2026-07-24 22:50:18
3352,25,50.9,517.4,27.0,21.05,0,2026-07-24 22:58:18
3353,16,50.5,520.7,29.0,19.37,0,2026-07-24 23:06:18
3354,33,55.9,637.0,27.4,22.34,0,2026-07-24 23:14:18
3355,47,57.9,630.6,30.4,22.7,0,2026-07-24 23:22:18
3356,9,54.6,573.3,29.2,21.24,0,2026-07-24 23:30:18
3357,12,54.3,520.6,29.1,20.86,0,2026-07-24 23:38:18
3358,7,56.0,471.5,28.8,22.74,0,2026-07-24 23:46:18
3359,29,59.7,631.7,30.3,24.48,0,2026-07-24 23:54:18
3360,2,60.0,591.9,29.9,24.55,0,2026-07-25 00:02:18
3361,23,61.0,520.3,31.0,25.07,0,2026-07-25 00:10:18
3362,35,61.2,718.5,29.6,24.63,0,2026-07-25 00:18:18
3363,32,63.3,723.1,31.4,26.13,0,2026-07-25 00:26:18
3364,19,66.7,797.3,30.8,26.62,0,2026-07-25 00:34:18
3365,3,65.9,700.8,30.4,26.07,0,2026-07-25 00:42:18
3366,1,64.5,704.7,29.1,25.39,0,2026-07-25 00:50:18
3367,50,64.8,532.9,29.4,26.69,0,2026-07-25 00:58:18
3368,43,66.8,539.6,29.0,26.24,0,2026-07-25 01:06:18
3369,38,71.2,850.1,29.9,28.95,0,2026-07-25 01:14:18
3370,23,70.3,564.7,29.6,28.19,0,2026-07-25 01:22:18
3371,10,70.0,627.3,30.8,27.99,0,2026-07-25 01:30:18
3372,50,69.6,745.3,31.1,27.8,0,2026-07-25 01:38:18
3373,44,71.7,696.4,32.6,28.38,0,2026-07-25 01:46:18
3374,49,71.7,645.5,32.1,29.09,0,2026-07-25 01:54:18
3375,45,74.2,693.5,32.5,29.04,0,2026-07-25 02:02:18
3376,10,75.8,696.5,32.7,30.68,0,2026-07-25 02:10:18
3377,3,78.8,668.3,33.4,31.75,0,2026-07-25 02:18:18
3378,44,76.3,877.5,31.1,30.69,0,2026-07-25 02:26:18
3379,1,81.0,942.1,33.0,32.21,0,2026-07-25 02:34:18
3380,46,80.7,779.1,33.5,31.58,0,2026-07-25 02:42:18
3381,50,78.8,871.0,32.4,30.66,0,2026-07-25 02:50:18
3382,44,79.4,924.1,31.9,31.11,0,2026-07-25 02:58:18
3383,48,81.3,859.7,32.2,32.79,0,2026-07-25 03:06:18
3384,36,83.0,897.5,31.1,32.59,0,2026-07-25 03:14:18
3385,46,85.7,971.6,30.9,33.33,1,2026-07-25 03:22:18
3386,31,87.9,863.6,32.0,36.14,1,2026-07-25 03:30:18
3387,19,87.9,719.0,31.4,34.92,1,2026-07-25 03:38:18
3388,3,85.1,813.0,32.2,33.09,1,2026-07-25 03:46:18
3389,14,89.1,1011.5,34.0,34.81,1,2026-07-25 03:54:18
3390,23,87.5,888.2,31.8,34.06,1,2026-07-25 04:02:18
3391,31,90.5,751.6,33.9,37.18,1,2026-07-25 04:10:18
3392,40,92.3,844.4,32.7,36.76,1,2026-07-25 04:18:18
3393,36,94.0,765.1,34.2,37.91,1,2026-07-25 04:26:18
3394,20,95.9,1137.3,34.1,39.09,1,2026-07-25 04:34:18
3395,30,95.2,1037.5,32.9,38.1,1,2026-07-25 04:42:18
3396,1,98.5,1040.8,34.1,40.32,1,2026-07-25 04:50:18
3397,50,98.0,862.6,34.2,39.62,1,2026-07-25 04:58:18
3398,26,96.4,1040.0,34.7,38.46,1,2026-07-25 05:06:18
3399,40,98.5,1028.8,35.9,40.28,1,2026-07-25 05:14:18
3400,10,5.0,45.0,20.8,1.96,0,2026-07-25 05:22:18
3401,19,5.0,43.7,22.7,1.3,0,2026-07-25 05:30:18
3402,44,5.0,41.1,22.7,1.9,0,2026-07-25 05:38:18
3403,30,5.4,50.2,20.8,2.18,0,2026-07-25 05:46:18
3404,36,5.0,53.4,19.7,2.31,0,2026-07-25 05:54:18
3405,34,5.3,53.0,20.2,2.04,0,2026-07-25 06:02:18
3406,33,7.4,83.3,19.2,2.13,0,2026-07-25 06:10:18
3407,11,8.6,93.9,19.4,3.15,0,2026-07-25 06:18:18
3408,37,9.9,102.4,20.5,3.2,0,2026-07-25 06:26:18
3409,17,11.1,101.3,20.6,4.52,0,2026-07-25 06:34:18
3410,46,12.1,128.0,21.6,4.49,0,2026-07-25 06:42:18
3411,40,13.5,159.3,20.4,5.14,0,2026-07-25 06:50:18
3412,6,11.0,126.4,20.8,4.12,0,2026-07-25 06:58:18
3413,12,11.2,119.1,20.5,4.47,0,2026-07-25 07:06:18
3414,46,12.1,130.5,20.4,4.71,0,2026-07-25 07:14:18
3415,26,13.5,112.8,22.7,6.36,0,2026-07-25 07:22:18
3416,10,13.7,127.9,22.1,4.82,0,2026-07-25 07:30:18
3417,40,17.7,161.6,22.7,7.9,0,2026-07-25 07:38:18
3418,46,20.1,230.2,22.7,7.97,0,2026-07-25 07:46:18
3419,11,16.6,174.9,22.1,6.31,0,2026-07-25 07:54:18
3420,27,19.1,210.2,22.7,7.63,0,2026-07-25 08:02:18
3421,47,23.2,197.8,23.2,8.67,0,2026-07-25 08:10:18
3422,45,21.6,238.6,25.0,8.21,0,2026-07-25 08:18:18
3423,39,21.2,203.3,23.5,7.72,0,2026-07-25 08:26:18
3424,40,22.5,265.2,22.4,8.05,0,2026-07-25 08:34:18
3425,17,26.4,230.7,22.4,10.47,0,2026-07-25 08:42:18
3426,1,24.5,205.2,23.6,9.32,0,2026-07-25 08:50:18
3427,2,24.5,280.8,25.6,10.45,0,2026-07-25 08:58:18
3428,28,30.0,241.7,26.3,11.62,0,2026-07-25 09:06:18
3429,45,27.9,267.5,26.1,11.93,0,2026-07-25 09:14:18
3430,14,29.2,306.0,23.9,11.45,0,2026-07-25 09:22:18
3431,32,28.5,285.9,25.5,10.64,0,2026-07-25 09:30:18
3432,45,32.2,320.8,24.7,13.59,0,2026-07-25 09:38:18
3433,22,32.0,319.0,26.1,13.56,0,2026-07-25 09:46:18
3434,42,32.7,321.1,23.1,12.96,0,2026-07-25 09:54:18
3435,23,38.0,446.9,25.0,15.36,0,2026-07-25 10:02:18
3436,3,35.0,418.3,27.0,14.82,0,2026-07-25 10:10:18
3437,34,38.8,322.2,25.5,15.07,0,2026-07-25 10:18:18
3438,19,39.6,417.5,26.1,16.77,0,2026-07-25 10:26:18
3439,46,41.8,471.9,25.7,15.95,0,2026-07-25 10:34:18
3440,7,40.5,403.8,25.6,16.67,0,2026-07-25 10:42:18
3441,45,38.5,423.1,26.3,14.47,0,2026-07-25 10:50:18
3442,20,39.2,385.0,25.6,15.11,0,2026-07-25 10:58:18
3443,4,41.7,397.1,25.2,15.84,0,2026-07-25 11:06:18
3444,22,41.8,475.1,25.8,16.38,0,2026-07-25 11:14:18
3445,8,42.2,486.4,26.2,17.07,0,2026-07-25 11:22:18
3446,6,48.1,511.2,28.8,19.87,0,2026-07-25 11:30:18
3447,40,46.0,497.2,25.3,17.72,0,2026-07-25 11:38:18
3448,47,47.5,429.4,27.1,19.34,0,2026-07-25 11:46:18
3449,50,51.6,507.6,27.1,20.13,0,2026-07-25 11:54:18
3450,21,48.9,561.6,27.1,19.31,0,2026-07-25 12:02:18
3451,44,51.2,521.2,28.1,21.4,0,2026-07-25 12:10:18
3452,20,49.9,526.8,26.0,19.75,0,2026-07-25 12:18:18
3453,7,51.8,599.4,27.7,21.52,0,2026-07-25 12:26:18
3454,10,54.0,438.2,27.2,22.59,0,2026-07-25 12:34:18
3455,15,52.1,478.0,26.9,20.83,0,2026-07-25 12:42:18
3456,20,56.7,663.7,29.8,22.97,0,2026-07-25 12:50:18
3457,10,59.0,503.0,30.0,24.29,0,2026-07-25 12:58:18
3458,1,57.8,574.4,30.5,22.98,0,2026-07-25 13:06:18
3459,45,59.2,570.7,27.2,23.01,0,2026-07-25 13:14:18
3460,13,57.7,601.8,29.8,23.81,0,2026-07-25 13:22:18
3461,30,63.3,746.2,28.8,24.66,0,2026-07-25 13:30:18
3462,12,60.2,486.3,28.5,24.65,0,2026-07-25 13:38:18
3463,6,61.2,525.6,29.3,23.89,0,2026-07-25 13:46:18
3464,50,66.7,577.1,29.3,26.3,0,2026-07-25 13:54:18
3465,2,65.2,669.2,29.3,25.59,0,2026-07-25 14:02:18
3466,40,65.6,696.0,28.5,25.79,0,2026-07-25 14:10:18
3467,5,65.3,763.9,30.9,25.14,0,2026-07-25 14:18:18
3468,5,69.1,644.8,31.5,28.52,0,2026-07-25 14:26:18
3469,38,69.3,731.4,31.0,27.19,0,2026-07-25 14:34:18
3470,37,70.4,638.5,30.9,28.08,0,2026-07-25 14:42:18
3471,42,71.9,862.2,29.0,29.13,0,2026-07-25 14:50:18
3472,9,69.5,556.3,30.7,27.17,0,2026-07-25 14:58:18
3473,47,73.9,739.6,32.5,29.13,0,2026-07-25 15:06:18
3474,6,72.3,774.8,31.0,29.31,0,2026-07-25 15:14:18
3475,28,76.6,754.0,33.4,30.37,0,2026-07-25 15:22:18
3476,33,73.7,693.3,31.1,29.79,0,2026-07-25 15:30:18
3477,24,74.9,650.6,29.8,29.58,0,2026-07-25 15:38:18
3478,1,79.5,761.0,33.3,31.9,0,2026-07-25 15:46:18
3479,48,81.9,978.3,34.0,32.46,0,2026-07-25 15:54:18
3480,14,80.8,769.0,31.8,31.9,0,2026-07-25 16:02:18
3481,3,80.2,662.5,31.2,32.52,0,2026-07-25 16:10:18
3482,5,82.4,831.5,33.2,32.07,0,2026-07-25 16:18:18
3483,27,81.6,798.8,33.4,33.17,0,2026-07-25 16:26:18
3484,1,85.6,1021.4,32.6,34.87,1,2026-07-25 16:34:18
3485,27,83.7,943.1,31.9,33.56,0,2026-07-25 16:42:18
3486,6,84.8,972.8,33.6,34.44,0,2026-07-25 16:50:18
3487,27,85.5,818.0,31.9,34.72,1,2026-07-25 16:58:18
3488,26,86.8,789.0,34.7,34.0,1,2026-07-25 17:06:18
3489,26,90.4,784.2,32.0,35.28,1,2026-07-25 17:14:18
3490,12,91.4,1060.4,33.3,36.01,1,2026-07-25 17:22:18
3491,19,89.6,973.5,34.2,36.68,1,2026-07-25 17:30:18
3492,27,93.6,839.6,34.6,36.54,1,2026-07-25 17:38:18
3493,37,92.9,755.1,33.1,36.73,1,2026-07-25 17:46:18
3494,14,95.8,774.8,36.3,37.8,1,2026-07-25 17:54:18
3495,4,93.4,836.5,35.7,37.85,1,2026-07-25 18:02:18
3496,42,93.6,893.5,34.3,36.67,1,2026-07-25 18:10:18
3497,23,96.6,1060.6,33.4,38.26,1,2026-07-25 18:18:18
3498,24,98.7,1044.5,35.4,39.85,1,2026-07-25 18:26:18
3499,26,99.9,986.0,35.0,40.94,1,2026-07-25 18:34:18
3500,50,5.0,51.5,21.1,1.38,0,2026-07-25 18:42:18
3501,44,5.0,46.5,21.8,1.4,0,2026-07-25 18:50:18
3502,36,5.0,59.8,20.7,2.44,0,2026-07-25 18:58:18
3503,50,5.0,51.0,22.4,2.41,0,2026-07-25 19:06:18
3504,39,5.0,46.4,21.2,2.99,0,2026-07-25 19:14:18
3505,25,5.0,58.0,21.5,1.69,0,2026-07-25 19:22:18
3506,11,7.6,73.2,22.9,2.2,0,2026-07-25 19:30:18
3507,22,9.5,109.2,21.7,4.22,0,2026-07-25 19:38:18
3508,37,5.2,58.2,19.9,1.33,0,2026-07-25 19:46:18
3509,29,8.8,74.7,22.8,3.02,0,2026-07-25 19:54:18
3510,23,12.9,150.7,23.4,6.16,0,2026-07-25 20:02:18
3511,10,11.4,134.2,21.2,4.02,0,2026-07-25 20:10:18
3512,47,10.1,102.2,21.5,3.79,0,2026-07-25 20:18:18
3513,29,10.3,105.8,21.3,3.43,0,2026-07-25 20:26:18
3514,45,14.9,161.9,20.3,6.36,0,2026-07-25 20:34:18
3515,34,15.6,158.3,21.2,6.26,0,2026-07-25 20:42:18
3516,18,15.6,169.8,22.2,7.18,0,2026-07-25 20:50:18
3517,30,18.9,221.5,22.7,7.51,0,2026-07-25 20:58:18
3518,11,20.8,178.2,21.3,7.89,0,2026-07-25 21:06:18
3519,1,18.3,192.4,21.6,7.49,0,2026-07-25 21:14:18
3520,18,17.7,187.1,24.6,6.66,0,2026-07-25 21:22:18
3521,49,23.9,223.1,25.1,10.06,0,2026-07-25 21:30:18
3522,37,24.0,276.3,22.2,9.35,0,2026-07-25 21:38:18
3523,40,20.8,229.4,22.7,7.96,0,2026-07-25 21:46:18
3524,5,25.3,223.1,24.4,11.0,0,2026-07-25 21:54:18
3525,6,24.2,238.9,24.6,10.54,0,2026-07-25 22:02:18
3526,27,27.2,285.2,22.8,11.16,0,2026-07-25 22:10:18
3527,5,29.3,339.6,22.5,11.7,0,2026-07-25 22:18:18
3528,39,28.1,246.0,26.1,10.74,0,2026-07-25 22:26:18
3529,26,28.5,240.0,26.1,11.04,0,2026-07-25 22:34:18
3530,3,32.8,370.8,23.2,13.17,0,2026-07-25 22:42:18
3531,24,28.8,322.1,24.9,10.66,0,2026-07-25 22:50:18
3532,38,34.1,382.4,26.5,12.73,0,2026-07-25 22:58:18
3533,30,31.4,342.1,24.9,12.95,0,2026-07-25 23:06:18
3534,31,31.9,294.3,23.5,13.01,0,2026-07-25 23:14:18
3535,8,35.3,418.4,23.5,13.95,0,2026-07-25 23:22:18
3536,39,38.1,380.7,26.2,14.63,0,2026-07-25 23:30:18
3537,13,37.4,337.7,23.9,15.3,0,2026-07-25 23:38:18
3538,30,36.2,305.8,23.9,14.31,0,2026-07-25 23:46:18
3539,47,39.5,385.4,24.9,16.04,0,2026-07-25 23:54:18
3540,10,40.3,396.7,26.8,15.48,0,2026-07-26 00:02:18
3541,20,38.9,359.3,27.6,14.91,0,2026-07-26 00:10:18
3542,22,44.3,528.9,26.8,16.81,0,2026-07-26 00:18:18
3543,18,41.2,429.9,27.0,17.14,0,2026-07-26 00:26:18
3544,36,46.9,472.7,28.6,19.71,0,2026-07-26 00:34:18
3545,23,47.4,516.8,27.9,19.12,0,2026-07-26 00:42:18
3546,48,45.4,525.1,27.8,17.65,0,2026-07-26 00:50:18
3547,36,48.2,525.5,25.7,18.61,0,2026-07-26 00:58:18
3548,21,46.4,525.9,26.9,17.87,0,2026-07-26 01:06:18
3549,26,50.0,488.3,26.7,19.13,0,2026-07-26 01:14:18
3550,35,52.8,564.5,26.1,20.92,0,2026-07-26 01:22:18
3551,48,53.0,581.2,26.9,21.2,0,2026-07-26 01:30:18
3552,19,51.6,451.6,27.6,20.83,0,2026-07-26 01:38:18
3553,40,52.2,472.3,27.5,21.76,0,2026-07-26 01:46:18
3554,50,52.5,427.8,26.8,20.14,0,2026-07-26 01:54:18
3555,40,56.1,496.2,27.3,22.39,0,2026-07-26 02:02:18
3556,15,53.3,619.8,26.4,20.9,0,2026-07-26 02:10:18
3557,24,54.1,484.2,28.4,20.88,0,2026-07-26 02:18:18
3558,39,59.7,645.6,29.2,22.91,0,2026-07-26 02:26:18
3559,9,60.1,556.1,30.4,23.5,0,2026-07-26 02:34:18
3560,22,60.3,652.5,29.9,24.16,0,2026-07-26 02:42:18
3561,28,62.7,548.2,30.8,25.09,0,2026-07-26 02:50:18
3562,37,60.4,549.1,30.4,23.26,0,2026-07-26 02:58:18
3563,6,64.2,533.8,29.4,25.21,0,2026-07-26 03:06:18
3564,33,61.7,497.4,29.9,25.5,0,2026-07-26 03:14:18
3565,36,66.9,610.0,30.8,26.76,0,2026-07-26 03:22:18
3566,14,64.8,521.4,28.4,25.56,0,2026-07-26 03:30:18
3567,15,69.7,654.6,30.4,28.79,0,2026-07-26 03:38:18
3568,22,66.0,665.8,30.6,26.76,0,2026-07-26 03:46:18
3569,23,67.9,778.8,28.4,27.4,0,2026-07-26 03:54:18
3570,16,71.1,571.6,30.5,28.34,0,2026-07-26 04:02:18
3571,10,70.4,750.4,29.3,27.51,0,2026-07-26 04:10:18
3572,31,72.5,810.9,31.3,28.28,0,2026-07-26 04:18:18
3573,12,73.1,802.6,29.8,29.18,0,2026-07-26 04:26:18
3574,37,72.0,695.7,30.2,27.98,0,2026-07-26 04:34:18
3575,49,74.3,606.6,30.6,28.86,0,2026-07-26 04:42:18
3576,15,73.0,585.5,32.0,28.8,0,2026-07-26 04:50:18
3577,35,77.9,727.4,31.6,30.89,0,2026-07-26 04:58:18
3578,2,79.0,751.4,29.9,30.6,0,2026-07-26 05:06:18
3579,9,77.5,822.8,32.7,31.44,0,2026-07-26 05:14:18
3580,50,80.7,646.4,30.5,31.78,0,2026-07-26 05:22:18
3581,15,80.0,918.9,32.5,32.86,0,2026-07-26 05:30:18
3582,30,80.8,806.2,32.4,32.66,0,2026-07-26 05:38:18
3583,19,83.3,697.3,31.0,33.67,0,2026-07-26 05:46:18
3584,14,83.6,746.0,31.2,33.84,0,2026-07-26 05:54:18
3585,47,87.8,705.3,33.7,34.82,1,2026-07-26 06:02:18
3586,30,87.7,1027.7,33.1,35.73,1,2026-07-26 06:10:18
3587,3,84.3,978.3,32.1,32.86,0,2026-07-26 06:18:18
3588,17,85.5,867.4,34.1,34.28,1,2026-07-26 06:26:18
3589,30,89.7,998.0,35.4,35.24,1,2026-07-26 06:34:18
3590,20,89.4,974.7,35.1,36.21,1,2026-07-26 06:42:18
3591,7,93.0,1011.2,35.5,37.59,1,2026-07-26 06:50:18
3592,19,89.3,904.4,32.8,35.96,1,2026-07-26 06:58:18
3593,10,94.3,938.2,33.3,37.5,1,2026-07-26 07:06:18
3594,15,96.1,847.5,34.4,37.51,1,2026-07-26 07:14:18
3595,18,94.0,819.5,35.3,36.63,1,2026-07-26 07:22:18
3596,44,98.0,1121.2,36.7,39.23,1,2026-07-26 07:30:18
3597,13,98.1,1062.0,34.3,39.53,1,2026-07-26 07:38:18
3598,42,98.8,1042.1,33.0,40.49,1,2026-07-26 07:46:18
3599,3,97.5,1028.0,35.6,39.71,1,2026-07-26 07:54:18
3600,10,5.0,43.5,20.8,1.17,0,2026-07-26 08:02:18
3601,8,5.0,58.7,22.2,1.57,0,2026-07-26 08:10:18
3602,33,5.0,41.8,21.0,2.93,0,2026-07-26 08:18:18
3603,42,5.0,41.4,21.0,1.78,0,2026-07-26 08:26:18
3604,42,6.4,56.7,19.7,1.85,0,2026-07-26 08:34:18
3605,11,7.5,83.1,22.1,2.08,0,2026-07-26 08:42:18
3606,34,8.8,99.3,20.2,2.99,0,2026-07-26 08:50:18
3607,38,7.0,68.1,20.4,2.62,0,2026-07-26 08:58:18
3608,1,5.9,48.3,22.0,3.19,0,2026-07-26 09:06:18
3609,20,6.2,53.4,21.9,3.22,0,2026-07-26 09:14:18
3610,27,11.3,126.8,23.2,4.56,0,2026-07-26 09:22:18
3611,24,11.8,124.2,19.9,3.87,0,2026-07-26 09:30:18
3612,13,11.9,123.6,23.1,5.46,0,2026-07-26 09:38:18
3613,49,11.1,125.7,22.5,3.76,0,2026-07-26 09:46:18
3614,31,14.5,149.3,23.4,6.7,0,2026-07-26 09:54:18
3615,50,14.7,156.9,21.1,6.68,0,2026-07-26 10:02:18
3616,26,16.8,174.9,21.0,6.21,0,2026-07-26 10:10:18
3617,26,16.5,187.1,24.3,6.88,0,2026-07-26 10:18:18
3618,5,15.2,174.1,21.8,6.55,0,2026-07-26 10:26:18
3619,49,19.6,167.3,24.2,7.53,0,2026-07-26 10:34:18
3620,30,20.2,216.5,22.1,8.56,0,2026-07-26 10:42:18
3621,47,19.0,196.0,21.7,7.61,0,2026-07-26 10:50:18
3622,7,19.3,224.7,21.9,8.54,0,2026-07-26 10:58:18
3623,40,25.5,299.1,25.6,10.05,0,2026-07-26 11:06:18
3624,23,23.0,274.3,24.1,9.98,0,2026-07-26 11:14:18
3625,14,23.9,252.1,25.3,8.74,0,2026-07-26 11:22:18
3626,19,27.9,256.2,25.7,10.31,0,2026-07-26 11:30:18
3627,36,26.5,217.5,22.1,10.3,0,2026-07-26 11:38:18
3628,12,28.7,327.3,25.7,10.96,0,2026-07-26 11:46:18
3629,35,28.0,306.8,22.2,11.18,0,2026-07-26 11:54:18
3630,2,32.5,344.2,24.4,13.84,0,2026-07-26 12:02:18
3631,33,33.7,333.2,25.3,12.48,0,2026-07-26 12:10:18
3632,40,29.5,338.1,24.7,11.93,0,2026-07-26 12:18:18
3633,19,30.9,272.6,22.9,11.68,0,2026-07-26 12:26:18
3634,6,32.0,372.8,24.3,13.66,0,2026-07-26 12:34:18
3635,6,33.6,395.4,25.4,13.05,0,2026-07-26 12:42:18
3636,25,38.0,340.6,25.4,15.87,0,2026-07-26 12:50:18
3637,21,34.3,309.1,24.3,13.96,0,2026-07-26 12:58:18
3638,35,37.0,343.3,26.0,14.83,0,2026-07-26 13:06:18
3639,50,37.6,331.4,26.1,15.12,0,2026-07-26 13:14:18
3640,2,40.3,435.4,24.9,16.83,0,2026-07-26 13:22:18
3641,23,38.7,331.1,25.8,15.75,0,2026-07-26 13:30:18
3642,16,39.8,455.7,25.3,15.42,0,2026-07-26 13:38:18
3643,19,43.2,505.6,28.3,17.13,0,2026-07-26 13:46:18
3644,38,42.0,452.3,26.5,17.06,0,2026-07-26 13:54:18
3645,20,44.9,500.2,28.2,18.23,0,2026-07-26 14:02:18
3646,25,43.2,490.2,27.0,16.61,0,2026-07-26 14:10:18
3647,9,46.3,494.5,25.3,17.97,0,2026-07-26 14:18:18
3648,5,48.0,401.4,25.6,19.87,0,2026-07-26 14:26:18
3649,15,46.8,496.3,27.4,19.3,0,2026-07-26 14:34:18
3650,33,47.8,496.3,25.8,18.95,0,2026-07-26 14:42:18
3651,33,50.2,475.9,29.2,19.63,0,2026-07-26 14:50:18
3652,42,52.8,575.9,26.3,21.75,0,2026-07-26 14:58:18
3653,4,50.8,568.2,29.4,21.16,0,2026-07-26 15:06:18
3654,34,55.1,606.9,28.8,21.4,0,2026-07-26 15:14:18
3655,1,56.7,593.6,28.7,23.39,0,2026-07-26 15:22:18
3656,48,55.5,495.9,28.7,23.18,0,2026-07-26 15:30:18
3657,11,57.6,668.0,26.9,23.89,0,2026-07-26 15:38:18
3658,2,56.6,538.5,29.7,23.61,0,2026-07-26 15:46:18
3659,4,59.5,640.5,27.7,23.62,0,2026-07-26 15:54:18
3660,4,60.2,621.0,27.3,23.15,0,2026-07-26 16:02:18
3661,49,63.3,539.0,28.1,25.16,0,2026-07-26 16:10:18
3662,19,64.5,535.0,28.6,25.9,0,2026-07-26 16:18:18
3663,47,62.4,567.1,28.6,25.13,0,2026-07-26 16:26:18
3664,13,64.5,647.9,28.3,26.09,0,2026-07-26 16:34:18
3665,12,64.7,775.8,29.3,26.02,0,2026-07-26 16:42:18
3666,9,66.8,725.4,30.9,27.44,0,2026-07-26 16:50:18
3667,44,65.4,738.0,30.8,27.07,0,2026-07-26 16:58:18
3668,26,66.9,549.9,31.7,26.64,0,2026-07-26 17:06:18
3669,33,68.6,765.0,29.6,27.11,0,2026-07-26 17:14:18
3670,26,69.0,676.1,30.2,28.5,0,2026-07-26 17:22:18
3671,12,73.7,655.8,31.3,28.57,0,2026-07-26 17:30:18
3672,29,74.8,895.0,33.0,29.21,0,2026-07-26 17:38:18
3673,35,73.7,656.7,29.1,30.45,0,2026-07-26 17:46:18
3674,10,73.4,855.0,32.8,30.13,0,2026-07-26 17:54:18
3675,11,74.6,691.9,30.3,30.17,0,2026-07-26 18:02:18
3676,31,75.0,767.9,32.7,29.49,0,2026-07-26 18:10:18
3677,19,77.9,697.3,30.7,31.55,0,2026-07-26 18:18:18
3678,19,78.8,655.3,32.2,31.39,0,2026-07-26 18:26:18
3679,24,76.1,813.5,31.8,30.21,0,2026-07-26 18:34:18
3680,47,80.2,896.3,32.2,32.06,0,2026-07-26 18:42:18
3681,48,79.4,754.9,30.5,32.4,0,2026-07-26 18:50:18
3682,41,80.9,955.6,33.1,31.79,0,2026-07-26 18:58:18
3683,3,81.2,935.4,32.8,31.82,0,2026-07-26 19:06:18
3684,5,84.8,813.1,34.3,34.15,0,2026-07-26 19:14:18
3685,17,83.4,736.2,32.5,33.89,0,2026-07-26 19:22:18
3686,26,88.5,940.7,33.3,35.07,1,2026-07-26 19:30:18
3687,11,84.9,878.9,30.9,34.83,0,2026-07-26 19:38:18
3688,10,89.4,974.1,34.8,35.11,1,2026-07-26 19:46:18
3689,5,86.1,860.0,34.8,35.22,1,2026-07-26 19:54:18
3690,23,90.3,995.9,33.9,36.85,1,2026-07-26 20:02:18
3691,34,91.9,826.0,32.2,36.75,1,2026-07-26 20:10:18
3692,44,91.4,885.2,34.7,36.86,1,2026-07-26 20:18:18
3693,41,95.1,969.5,34.7,38.59,1,2026-07-26 20:26:18
3694,21,93.8,873.4,34.1,37.29,1,2026-07-26 20:34:18
3695,36,96.1,1137.7,35.3,38.37,1,2026-07-26 20:42:18
3696,28,93.1,791.8,35.3,37.09,1,2026-07-26 20:50:18
3697,45,99.7,1151.0,33.7,39.13,1,2026-07-26 20:58:18
3698,3,96.3,775.3,35.9,39.13,1,2026-07-26 21:06:18
3699,16,100.0,943.3,36.7,40.81,1,2026-07-26 21:14:18
3700,4,5.0,43.3,21.2,1.7,0,2026-07-26 21:22:18
3701,37,5.0,55.0,21.4,1.09,0,2026-07-26 21:30:18
3702,28,5.0,45.4,21.9,2.49,0,2026-07-26 21:38:18
3703,15,5.0,49.2,19.7,2.69,0,2026-07-26 21:46:18
3704,19,5.0,58.9,20.5,2.34,0,2026-07-26 21:54:18
3705,43,5.0,45.5,19.0,2.51,0,2026-07-26 22:02:18
3706,29,8.3,70.5,23.0,3.43,0,2026-07-26 22:10:18
3707,38,7.6,64.2,19.7,3.01,0,2026-07-26 22:18:18
3708,9,10.1,99.1,22.2,3.55,0,2026-07-26 22:26:18
3709,30,8.0,73.5,22.0,2.73,0,2026-07-26 22:34:18
3710,24,11.8,131.1,22.3,5.56,0,2026-07-26 22:42:18
3711,9,12.7,136.6,21.7,5.28,0,2026-07-26 22:50:18
3712,2,9.4,112.0,19.7,4.67,0,2026-07-26 22:58:18
3713,3,10.7,96.7,21.9,3.72,0,2026-07-26 23:06:18
3714,2,14.4,117.8,22.6,5.85,0,2026-07-26 23:14:18
3715,13,16.3,140.0,21.2,7.38,0,2026-07-26 23:22:18
3716,48,17.3,179.2,23.3,7.05,0,2026-07-26 23:30:18
3717,6,17.2,167.6,20.6,6.25,0,2026-07-26 23:38:18
3718,2,15.1,131.4,22.0,6.43,0,2026-07-26 23:46:18
3719,36,20.8,175.8,22.8,7.75,0,2026-07-26 23:54:18
3720,41,19.6,187.1,24.2,6.86,0,2026-07-27 00:02:18
3721,47,20.0,167.6,22.3,8.77,0,2026-07-27 00:10:18
3722,7,19.1,200.5,22.0,6.93,0,2026-07-27 00:18:18
3723,22,22.9,256.8,22.0,8.36,0,2026-07-27 00:26:18
3724,37,23.4,265.7,24.2,9.1,0,2026-07-27 00:34:18
3725,14,22.7,264.3,25.1,9.58,0,2026-07-27 00:42:18
3726,25,26.5,249.3,22.8,11.2,0,2026-07-27 00:50:18
3727,23,29.0,337.0,23.9,11.18,0,2026-07-27 00:58:18
3728,29,26.7,262.2,22.1,9.82,0,2026-07-27 01:06:18
3729,44,28.9,258.5,26.2,11.02,0,2026-07-27 01:14:18
3730,31,30.2,323.1,25.3,11.85,0,2026-07-27 01:22:18
3731,37,31.0,292.5,24.8,12.54,0,2026-07-27 01:30:18
3732,19,33.8,300.4,23.4,13.44,0,2026-07-27 01:38:18
3733,34,33.4,386.1,26.2,12.69,0,2026-07-27 01:46:18
3734,47,31.7,271.1,25.6,11.78,0,2026-07-27 01:54:18
3735,39,37.2,328.0,26.2,15.29,0,2026-07-27 02:02:18
3736,34,35.1,298.0,25.5,13.08,0,2026-07-27 02:10:18
3737,50,39.4,336.7,25.4,15.13,0,2026-07-27 02:18:18
3738,42,37.0,404.6,26.5,15.75,0,2026-07-27 02:26:18
3739,17,41.2,469.8,25.1,15.65,0,2026-07-27 02:34:18
3740,15,38.1,412.4,25.0,15.0,0,2026-07-27 02:42:18
3741,3,42.7,471.2,24.6,16.82,0,2026-07-27 02:50:18
3742,13,41.1,378.9,27.5,16.91,0,2026-07-27 02:58:18
3743,41,43.8,357.6,27.4,17.06,0,2026-07-27 03:06:18
3744,5,41.6,395.1,24.9,16.15,0,2026-07-27 03:14:18
3745,8,47.6,501.1,26.1,19.93,0,2026-07-27 03:22:18
3746,47,43.7,441.4,24.6,18.31,0,2026-07-27 03:30:18
3747,37,49.5,524.7,27.2,20.05,0,2026-07-27 03:38:18
3748,45,48.8,412.4,28.3,19.0,0,2026-07-27 03:46:18
3749,27,49.8,550.4,26.0,20.54,0,2026-07-27 03:54:18
3750,18,47.9,467.2,25.9,18.8,0,2026-07-27 04:02:18
3751,32,51.5,551.1,26.2,20.49,0,2026-07-27 04:10:18
3752,5,51.0,446.8,28.2,20.26,0,2026-07-27 04:18:18
3753,17,53.0,622.8,26.9,20.34,0,2026-07-27 04:26:18
3754,27,54.6,524.5,28.7,21.53,0,2026-07-27 04:34:18
3755,35,54.3,599.1,29.0,22.0,0,2026-07-27 04:42:18
3756,49,58.7,639.7,29.5,24.09,0,2026-07-27 04:50:18
3757,15,57.2,600.7,26.8,23.31,0,2026-07-27 04:58:18
3758,29,60.9,665.1,28.0,24.18,0,2026-07-27 05:06:18
3759,8,57.9,499.8,26.7,23.39,0,2026-07-27 05:14:18
3760,24,62.3,554.1,28.5,24.39,0,2026-07-27 05:22:18
3761,38,62.8,683.4,28.6,24.39,0,2026-07-27 05:30:18
3762,43,64.4,605.7,29.6,25.96,0,2026-07-27 05:38:18
3763,20,62.7,717.6,31.2,24.23,0,2026-07-27 05:46:18
3764,5,65.7,548.1,30.1,26.05,0,2026-07-27 05:54:18
3765,30,67.6,634.2,28.4,27.2,0,2026-07-27 06:02:18
3766,47,64.6,628.8,28.3,26.2,0,2026-07-27 06:10:18
3767,13,66.2,684.4,30.5,27.15,0,2026-07-27 06:18:18
3768,49,70.7,684.1,29.1,27.39,0,2026-07-27 06:26:18
3769,35,67.2,643.9,28.4,27.59,0,2026-07-27 06:34:18
3770,13,71.3,712.9,30.1,29.35,0,2026-07-27 06:42:18
3771,43,69.9,639.7,31.7,28.57,0,2026-07-27 06:50:18
3772,7,71.7,817.2,29.4,27.74,0,2026-07-27 06:58:18
3773,9,72.1,762.0,29.6,29.03,0,2026-07-27 07:06:18
3774,25,72.3,682.1,32.7,29.89,0,2026-07-27 07:14:18
3775,4,77.6,903.4,31.2,32.03,0,2026-07-27 07:22:18
3776,14,78.7,827.9,32.8,32.25,0,2026-07-27 07:30:18
3777,36,79.7,648.4,31.4,31.4,0,2026-07-27 07:38:18
3778,34,79.7,872.7,31.5,32.85,0,2026-07-27 07:46:18
3779,29,81.6,919.3,32.2,33.29,0,2026-07-27 07:54:18
3780,13,78.2,695.7,31.1,31.51,0,2026-07-27 08:02:18
3781,50,80.1,873.8,33.4,31.05,0,2026-07-27 08:10:18
3782,30,81.0,942.3,31.3,32.84,0,2026-07-27 08:18:18
3783,26,80.8,772.0,31.3,31.94,0,2026-07-27 08:26:18
3784,43,85.0,702.0,33.7,34.88,1,2026-07-27 08:34:18
3785,45,87.0,885.5,31.5,34.47,1,2026-07-27 08:42:18
3786,11,85.0,752.5,33.2,34.01,1,2026-07-27 08:50:18
3787,46,87.6,925.5,32.0,34.27,1,2026-07-27 08:58:18
3788,14,86.8,787.7,32.2,35.3,1,2026-07-27 09:06:18
3789,22,89.8,872.3,34.5,35.27,1,2026-07-27 09:14:18
3790,13,90.4,869.9,34.9,37.02,1,2026-07-27 09:22:18
3791,27,93.6,992.7,33.7,37.42,1,2026-07-27 09:30:18
3792,31,90.5,845.9,35.3,35.97,1,2026-07-27 09:38:18
3793,26,93.0,766.0,35.9,38.04,1,2026-07-27 09:46:18
3794,13,93.6,1061.3,34.9,37.85,1,2026-07-27 09:54:18
3795,16,92.3,806.6,32.9,36.28,1,2026-07-27 10:02:18
3796,32,99.0,1138.0,34.9,40.32,1,2026-07-27 10:10:18
3797,15,94.7,925.6,36.1,38.71,1,2026-07-27 10:18:18
3798,48,99.4,854.2,36.2,39.68,1,2026-07-27 10:26:18
3799,27,97.5,815.7,33.5,39.61,1,2026-07-27 10:34:18
3800,26,5.0,47.7,20.3,1.05,0,2026-07-27 10:42:18
3801,28,5.0,54.4,22.2,2.72,0,2026-07-27 10:50:18
3802,8,5.0,54.8,21.1,2.64,0,2026-07-27 10:58:18
3803,13,5.0,58.4,22.1,1.67,0,2026-07-27 11:06:18
3804,30,5.4,47.7,21.7,2.9,0,2026-07-27 11:14:18
3805,16,5.0,55.9,19.2,2.35,0,2026-07-27 11:22:18
3806,35,5.0,40.4,21.5,2.21,0,2026-07-27 11:30:18
3807,50,8.6,88.8,22.1,3.12,0,2026-07-27 11:38:18
3808,17,7.6,71.7,22.7,2.13,0,2026-07-27 11:46:18
3809,4,11.4,98.2,21.0,5.17,0,2026-07-27 11:54:18
3810,19,10.8,110.2,22.2,4.07,0,2026-07-27 12:02:18
3811,22,8.3,79.3,20.6,3.33,0,2026-07-27 12:10:18
3812,40,12.3,111.4,22.6,5.19,0,2026-07-27 12:18:18
3813,32,13.8,146.1,21.9,5.27,0,2026-07-27 12:26:18
3814,36,11.1,120.0,22.5,3.58,0,2026-07-27 12:34:18
3815,13,16.1,166.7,21.6,5.54,0,2026-07-27 12:42:18
3816,34,14.8,142.4,24.0,6.88,0,2026-07-27 12:50:18
3817,37,16.9,143.7,24.0,5.98,0,2026-07-27 12:58:18
3818,6,18.0,215.1,22.4,7.81,0,2026-07-27 13:06:18
3819,18,21.3,196.6,23.7,8.68,0,2026-07-27 13:14:18
3820,8,17.6,205.2,24.0,7.37,0,2026-07-27 13:22:18
3821,46,23.1,263.5,21.7,9.0,0,2026-07-27 13:30:18
3822,23,22.6,224.7,22.7,9.21,0,2026-07-27 13:38:18
3823,21,23.0,220.1,23.0,8.77,0,2026-07-27 13:46:18
3824,6,24.8,245.0,22.4,9.17,0,2026-07-27 13:54:18
3825,9,25.3,225.6,21.8,9.19,0,2026-07-27 14:02:18
3826,41,24.1,258.6,25.5,9.85,0,2026-07-27 14:10:18
3827,25,29.2,239.4,25.0,11.46,0,2026-07-27 14:18:18
3828,29,25.3,236.6,22.0,9.64,0,2026-07-27 14:26:18
3829,21,26.8,263.4,25.7,11.54,0,2026-07-27 14:34:18
3830,21,32.8,295.3,25.8,12.75,0,2026-07-27 14:42:18
3831,39,28.1,239.6,24.8,10.61,0,2026-07-27 14:50:18
3832,6,33.3,305.8,24.9,14.25,0,2026-07-27 14:58:18
3833,27,30.8,252.1,23.5,11.32,0,2026-07-27 15:06:18
3834,6,34.5,370.8,24.7,14.75,0,2026-07-27 15:14:18
3835,37,34.2,379.6,26.0,13.15,0,2026-07-27 15:22:18
3836,24,36.8,328.4,23.6,14.6,0,2026-07-27 15:30:18
3837,6,38.5,382.7,27.3,14.48,0,2026-07-27 15:38:18
3838,25,39.0,436.9,25.8,15.39,0,2026-07-27 15:46:18
3839,25,39.5,441.8,24.3,14.92,0,2026-07-27 15:54:18
3840,28,37.2,329.0,26.8,14.03,0,2026-07-27 16:02:18
3841,48,41.1,442.9,25.1,16.79,0,2026-07-27 16:10:18
3842,8,42.9,349.8,28.1,16.77,0,2026-07-27 16:18:18
3843,13,44.9,410.1,25.2,18.46,0,2026-07-27 16:26:18
3844,39,46.0,510.3,28.8,17.56,0,2026-07-27 16:34:18
3845,37,43.2,462.6,26.8,18.2,0,2026-07-27 16:42:18
3846,18,47.7,383.7,27.8,19.46,0,2026-07-27 16:50:18
3847,31,47.0,502.7,28.5,18.45,0,2026-07-27 16:58:18
3848,36,47.7,503.1,29.0,19.36,0,2026-07-27 17:06:18
3849,3,49.3,501.8,28.0,19.01,0,2026-07-27 17:14:18
3850,3,51.1,481.9,28.9,20.48,0,2026-07-27 17:22:18
3851,18,49.8,513.7,27.0,20.03,0,2026-07-27 17:30:18
3852,36,54.9,532.2,26.9,22.55,0,2026-07-27 17:38:18
3853,45,50.6,455.8,27.4,21.12,0,2026-07-27 17:46:18
3854,48,54.0,520.2,28.8,21.12,0,2026-07-27 17:54:18
3855,10,56.4,541.6,28.2,22.78,0,2026-07-27 18:02:18
3856,46,58.6,517.9,29.8,23.94,0,2026-07-27 18:10:18
3857,10,59.5,626.0,29.1,24.43,0,2026-07-27 18:18:18
3858,7,55.9,538.8,27.0,22.65,0,2026-07-27 18:26:18
3859,32,59.4,651.4,30.7,23.56,0,2026-07-27 18:34:18
3860,12,58.0,668.5,27.6,22.97,0,2026-07-27 18:42:18
3861,24,62.8,562.9,31.1,25.68,0,2026-07-27 18:50:18
3862,41,63.8,578.3,31.4,26.5,0,2026-07-27 18:58:18
3863,5,62.6,542.9,29.7,25.96,0,2026-07-27 19:06:18
3864,14,65.5,587.2,28.8,25.28,0,2026-07-27 19:14:18
3865,49,65.9,651.1,31.9,25.84,0,2026-07-27 19:22:18
3866,40,67.1,768.4,28.7,27.34,0,2026-07-27 19:30:18
3867,33,66.1,542.0,30.6,25.78,0,2026-07-27 19:38:18
3868,37,67.1,749.4,28.8,26.3,0,2026-07-27 19:46:18
3869,36,69.9,632.3,28.9,28.6,0,2026-07-27 19:54:18
3870,37,71.4,583.2,29.1,27.62,0,2026-07-27 20:02:18
3871,38,71.5,613.6,29.1,28.95,0,2026-07-27 20:10:18
3872,50,74.4,649.8,32.4,29.51,0,2026-07-27 20:18:18
3873,34,70.5,668.2,30.5,27.44,0,2026-07-27 20:26:18
3874,10,76.9,741.9,30.4,31.41,0,2026-07-27 20:34:18
3875,25,74.8,612.0,32.9,29.24,0,2026-07-27 20:42:18
3876,20,77.9,849.6,32.3,32.04,0,2026-07-27 20:50:18
3877,8,74.0,791.3,29.1,29.78,0,2026-07-27 20:58:18
3878,25,75.1,763.6,29.9,29.34,0,2026-07-27 21:06:18
3879,6,78.9,821.2,31.1,31.37,0,2026-07-27 21:14:18
3880,32,78.5,935.7,32.8,32.38,0,2026-07-27 21:22:18
3881,45,79.9,811.3,33.3,31.47,0,2026-07-27 21:30:18
3882,2,81.0,671.8,32.9,32.99,0,2026-07-27 21:38:18
3883,15,83.7,914.9,33.4,33.47,0,2026-07-27 21:46:18
3884,29,82.1,680.5,31.4,32.3,0,2026-07-27 21:54:18
3885,29,86.4,844.6,33.1,33.93,1,2026-07-27 22:02:18
3886,5,87.6,1033.0,33.1,34.66,1,2026-07-27 22:10:18
3887,28,89.8,1051.4,32.8,35.43,1,2026-07-27 22:18:18
3888,47,86.6,792.3,33.3,35.01,1,2026-07-27 22:26:18
3889,36,90.9,1088.3,33.1,36.13,1,2026-07-27 22:34:18
3890,1,87.0,1042.9,32.6,34.35,1,2026-07-27 22:42:18
3891,44,92.3,922.3,33.7,36.59,1,2026-07-27 22:50:18
3892,33,91.7,805.6,33.3,36.11,1,2026-07-27 22:58:18
3893,2,93.4,788.6,32.5,36.74,1,2026-07-27 23:06:18
3894,11,96.1,833.5,33.4,39.11,1,2026-07-27 23:14:18
3895,48,96.2,1098.2,33.9,38.56,1,2026-07-27 23:22:18
3896,3,97.5,965.6,33.8,38.59,1,2026-07-27 23:30:18
3897,17,98.7,1113.0,35.9,40.13,1,2026-07-27 23:38:18
3898,48,100.0,802.7,33.5,40.06,1,2026-07-27 23:46:18
3899,36,100.0,935.7,33.7,40.18,1,2026-07-27 23:54:18
3900,18,5.0,42.0,22.4,3.0,0,2026-07-28 00:02:18
3901,15,5.0,56.8,19.9,2.15,0,2026-07-28 00:10:18
3902,39,5.0,45.0,19.7,1.44,0,2026-07-28 00:18:18
3903,49,5.0,43.9,22.5,2.74,0,2026-07-28 00:26:18
3904,17,5.4,52.6,20.8,2.7,0,2026-07-28 00:34:18
3905,6,5.0,47.8,22.5,1.44,0,2026-07-28 00:42:18
3906,12,5.0,57.7,22.2,1.43,0,2026-07-28 00:50:18
3907,32,5.0,46.5,20.1,1.7,0,2026-07-28 00:58:18
3908,44,6.3,54.2,19.6,2.21,0,2026-07-28 01:06:18
3909,7,8.6,84.2,21.8,2.65,0,2026-07-28 01:14:18
3910,7,7.3,75.5,21.2,2.88,0,2026-07-28 01:22:18
3911,9,11.7,115.0,23.4,5.15,0,2026-07-28 01:30:18
3912,22,11.2,124.6,23.4,3.63,0,2026-07-28 01:38:18
3913,29,12.7,114.8,21.4,5.29,0,2026-07-28 01:46:18
3914,43,12.6,141.1,20.5,4.68,0,2026-07-28 01:54:18
3915,49,13.3,124.2,23.0,6.27,0,2026-07-28 02:02:18
3916,36,17.8,191.5,22.2,6.25,0,2026-07-28 02:10:18
3917,43,19.0,213.7,24.2,6.64,0,2026-07-28 02:18:18
3918,11,17.2,157.6,21.4,6.4,0,2026-07-28 02:26:18
3919,3,17.4,153.0,21.9,6.37,0,2026-07-28 02:34:18
3920,44,17.2,147.1,22.8,6.53,0,2026-07-28 02:42:18
3921,39,18.5,188.9,21.9,7.79,0,2026-07-28 02:50:18
3922,12,21.5,249.4,22.1,9.36,0,2026-07-28 02:58:18
3923,11,23.5,278.5,25.5,10.11,0,2026-07-28 03:06:18
3924,7,25.6,286.2,23.6,9.56,0,2026-07-28 03:14:18
3925,7,22.6,260.2,24.0,8.86,0,2026-07-28 03:22:18
3926,23,26.3,310.3,24.8,11.4,0,2026-07-28 03:30:18
3927,43,24.7,259.0,24.8,9.98,0,2026-07-28 03:38:18
3928,38,28.1,239.9,23.2,10.33,0,2026-07-28 03:46:18
3929,50,28.1,320.0,23.9,11.95,0,2026-07-28 03:54:18
3930,49,28.1,231.4,24.7,11.55,0,2026-07-28 04:02:18
3931,1,32.3,375.0,25.5,13.88,0,2026-07-28 04:10:18
3932,16,29.6,319.9,25.8,12.76,0,2026-07-28 04:18:18
3933,17,31.2,316.0,24.0,12.43,0,2026-07-28 04:26:18
3934,34,34.9,318.0,26.9,13.14,0,2026-07-28 04:34:18
3935,36,32.3,368.1,25.4,12.18,0,2026-07-28 04:42:18
3936,35,34.3,366.2,26.9,12.88,0,2026-07-28 04:50:18
3937,26,37.6,362.4,24.7,15.1,0,2026-07-28 04:58:18
3938,43,38.8,343.9,24.6,16.3,0,2026-07-28 05:06:18
3939,13,40.2,453.1,24.6,16.97,0,2026-07-28 05:14:18
3940,46,38.2,362.8,24.7,15.15,0,2026-07-28 05:22:18
3941,16,43.9,494.4,27.2,17.98,0,2026-07-28 05:30:18
3942,16,44.7,476.0,28.0,18.8,0,2026-07-28 05:38:18
3943,22,42.4,356.7,25.5,16.37,0,2026-07-28 05:46:18
3944,13,43.9,357.0,28.2,16.57,0,2026-07-28 05:54:18
3945,39,47.5,533.9,29.1,19.21,0,2026-07-28 06:02:18
3946,9,44.0,489.1,26.1,17.49,0,2026-07-28 06:10:18
3947,21,47.8,519.3,25.6,19.86,0,2026-07-28 06:18:18
3948,34,48.3,470.2,26.7,18.95,0,2026-07-28 06:26:18
3949,46,51.0,571.7,29.3,19.95,0,2026-07-28 06:34:18
3950,43,51.2,533.7,26.2,19.95,0,2026-07-28 06:42:18
3951,34,51.0,541.5,26.9,20.41,0,2026-07-28 06:50:18
3952,18,49.2,505.1,28.3,20.41,0,2026-07-28 06:58:18
3953,6,50.1,595.3,26.3,20.21,0,2026-07-28 07:06:18
3954,48,53.1,431.3,26.1,21.19,0,2026-07-28 07:14:18
3955,19,56.7,674.8,27.2,22.0,0,2026-07-28 07:22:18
3956,16,54.3,468.4,28.0,21.33,0,2026-07-28 07:30:18
3957,46,55.4,592.1,26.7,22.91,0,2026-07-28 07:38:18
3958,7,57.9,518.6,28.3,23.17,0,2026-07-28 07:46:18
3959,7,57.0,545.6,27.1,23.66,0,2026-07-28 07:54:18
3960,17,62.7,657.3,28.8,25.3,0,2026-07-28 08:02:18
3961,32,61.9,675.6,29.4,24.44,0,2026-07-28 08:10:18
3962,27,61.0,502.7,27.3,24.31,0,2026-07-28 08:18:18
3963,28,61.5,503.4,29.5,23.87,0,2026-07-28 08:26:18
3964,16,62.6,680.7,30.5,25.33,0,2026-07-28 08:34:18
3965,20,63.4,704.0,28.6,24.68,0,2026-07-28 08:42:18
3966,16,66.4,605.6,31.1,26.47,0,2026-07-28 08:50:18
3967,13,69.6,573.9,31.6,27.09,0,2026-07-28 08:58:18
3968,44,68.5,678.0,30.1,28.3,0,2026-07-28 09:06:18
3969,45,69.3,719.9,28.6,28.06,0,2026-07-28 09:14:18
3970,44,68.6,754.1,30.9,27.59,0,2026-07-28 09:22:18
3971,17,69.2,600.1,29.3,27.19,0,2026-07-28 09:30:18
3972,35,71.1,811.9,28.9,27.45,0,2026-07-28 09:38:18
3973,33,75.9,846.8,32.0,29.47,0,2026-07-28 09:46:18
3974,16,73.9,696.3,30.7,29.89,0,2026-07-28 09:54:18
3975,49,72.4,810.8,31.0,28.54,0,2026-07-28 10:02:18
3976,28,74.2,632.8,32.8,29.37,0,2026-07-28 10:10:18
3977,48,79.5,681.1,30.2,32.03,0,2026-07-28 10:18:18
3978,16,77.7,925.8,33.5,30.92,0,2026-07-28 10:26:18
3979,17,77.6,898.9,30.1,30.46,0,2026-07-28 10:34:18
3980,30,79.5,849.8,33.8,30.97,0,2026-07-28 10:42:18
3981,8,80.6,698.9,32.2,32.59,0,2026-07-28 10:50:18
3982,2,82.4,752.0,32.2,33.36,0,2026-07-28 10:58:18
3983,3,85.8,997.9,31.2,34.42,1,2026-07-28 11:06:18
3984,40,85.0,783.4,34.0,34.29,1,2026-07-28 11:14:18
3985,29,85.0,764.2,32.3,33.86,1,2026-07-28 11:22:18
3986,4,87.2,981.9,32.7,34.55,1,2026-07-28 11:30:18
3987,33,86.7,870.6,32.4,34.72,1,2026-07-28 11:38:18
3988,6,85.3,910.6,34.2,34.25,1,2026-07-28 11:46:18
3989,48,88.6,887.6,33.2,35.99,1,2026-07-28 11:54:18
3990,38,87.8,847.0,33.5,34.74,1,2026-07-28 12:02:18
3991,29,91.3,1019.8,32.8,37.44,1,2026-07-28 12:10:18
3992,48,90.9,1057.2,34.5,37.07,1,2026-07-28 12:18:18
3993,16,94.3,829.0,35.9,37.01,1,2026-07-28 12:26:18
3994,3,96.2,1013.2,35.0,37.53,1,2026-07-28 12:34:18
3995,19,94.8,784.9,34.1,38.12,1,2026-07-28 12:42:18
3996,22,98.2,1096.8,35.8,38.75,1,2026-07-28 12:50:18
3997,34,96.7,957.6,33.4,39.17,1,2026-07-28 12:58:18
3998,7,99.2,900.1,36.4,38.8,1,2026-07-28 13:06:18
3999,7,100.0,935.4,34.3,39.56,1,2026-07-28 13:14:18
4000,45,5.0,40.1,22.7,1.02,0,2026-07-28 13:22:18
4001,14,5.0,47.7,22.4,1.28,0,2026-07-28 13:30:18
4002,45,5.0,41.0,20.8,2.17,0,2026-07-28 13:38:18
4003,13,5.6,54.7,22.4,2.29,0,2026-07-28 13:46:18
4004,44,5.0,44.3,20.8,1.93,0,2026-07-28 13:54:18
4005,17,7.7,86.2,21.8,3.26,0,2026-07-28 14:02:18
4006,37,6.9,67.7,20.8,3.13,0,2026-07-28 14:10:18
4007,17,7.2,64.4,21.6,3.53,0,2026-07-28 14:18:18
4008,48,6.8,56.3,20.3,3.38,0,2026-07-28 14:26:18
4009,48,9.1,98.9,22.2,2.7,0,2026-07-28 14:34:18
4010,15,7.6,72.1,22.7,3.11,0,2026-07-28 14:42:18
4011,33,9.3,75.1,21.0,3.9,0,2026-07-28 14:50:18
4012,28,12.1,120.6,22.5,5.57,0,2026-07-28 14:58:18
4013,24,10.1,94.6,19.7,4.56,0,2026-07-28 15:06:18
4014,48,13.2,152.1,22.3,5.3,0,2026-07-28 15:14:18
4015,18,15.2,143.3,21.9,5.21,0,2026-07-28 15:22:18
4016,46,16.0,143.7,21.5,7.32,0,2026-07-28 15:30:18
4017,34,16.3,194.3,21.3,6.84,0,2026-07-28 15:38:18
4018,1,20.8,202.4,23.1,7.52,0,2026-07-28 15:46:18
4019,31,21.1,213.1,24.1,7.87,0,2026-07-28 15:54:18
4020,24,19.3,159.0,23.4,7.12,0,2026-07-28 16:02:18
4021,37,20.0,208.8,23.1,8.66,0,2026-07-28 16:10:18
4022,9,24.7,198.9,22.9,9.83,0,2026-07-28 16:18:18
4023,29,22.6,245.4,24.6,8.07,0,2026-07-28 16:26:18
4024,48,25.6,228.2,24.0,9.45,0,2026-07-28 16:34:18
4025,40,27.2,293.2,25.2,10.82,0,2026-07-28 16:42:18
4026,32,25.8,309.2,24.8,9.98,0,2026-07-28 16:50:18
4027,22,27.4,222.5,23.3,10.72,0,2026-07-28 16:58:18
4028,13,26.0,294.6,24.7,10.6,0,2026-07-28 17:06:18
4029,30,29.9,310.3,24.9,11.49,0,2026-07-28 17:14:18
4030,27,28.2,239.4,24.0,11.82,0,2026-07-28 17:22:18
4031,34,31.2,261.4,26.2,13.34,0,2026-07-28 17:30:18
4032,30,30.8,307.8,24.8,11.96,0,2026-07-28 17:38:18
4033,4,33.2,290.7,24.8,12.88,0,2026-07-28 17:46:18
4034,36,35.5,295.5,26.1,14.75,0,2026-07-28 17:54:18
4035,17,37.5,346.0,25.8,14.49,0,2026-07-28 18:02:18
4036,47,35.4,377.5,23.9,13.88,0,2026-07-28 18:10:18
4037,40,38.8,353.7,24.6,15.57,0,2026-07-28 18:18:18
4038,21,40.8,461.5,25.5,15.66,0,2026-07-28 18:26:18
4039,31,41.4,428.6,24.8,16.09,0,2026-07-28 18:34:18
4040,12,37.3,417.9,26.3,14.32,0,2026-07-28 18:42:18
4041,16,39.4,343.7,26.1,15.41,0,2026-07-28 18:50:18
4042,22,41.6,353.8,27.2,16.09,0,2026-07-28 18:58:18
4043,37,44.5,533.2,28.1,18.38,0,2026-07-28 19:06:18
4044,5,44.5,466.2,27.8,17.45,0,2026-07-28 19:14:18
4045,43,46.1,369.9,26.0,17.83,0,2026-07-28 19:22:18
4046,29,46.9,544.6,25.6,19.26,0,2026-07-28 19:30:18
4047,3,48.3,531.6,29.0,18.53,0,2026-07-28 19:38:18
4048,9,50.7,496.7,27.8,20.74,0,2026-07-28 19:46:18
4049,6,49.2,573.9,27.6,19.41,0,2026-07-28 19:54:18
4050,50,47.8,457.1,27.8,19.94,0,2026-07-28 20:02:18
4051,34,50.3,533.0,26.4,20.47,0,2026-07-28 20:10:18
4052,39,50.1,599.1,26.6,19.51,0,2026-07-28 20:18:18
4053,41,54.7,487.5,29.3,22.29,0,2026-07-28 20:26:18
4054,34,53.8,493.4,29.1,21.23,0,2026-07-28 20:34:18
4055,24,54.9,470.2,29.7,22.15,0,2026-07-28 20:42:18
4056,35,57.7,691.4,27.3,23.66,0,2026-07-28 20:50:18
4057,46,56.6,495.2,29.5,22.19,0,2026-07-28 20:58:18
4058,18,59.3,670.7,28.0,23.55,0,2026-07-28 21:06:18
4059,8,58.3,562.1,27.8,23.93,0,2026-07-28 21:14:18
4060,25,58.7,693.9,30.3,23.0,0,2026-07-28 21:22:18
4061,40,58.3,600.3,29.4,22.81,0,2026-07-28 21:30:18
4062,32,59.8,606.6,27.0,23.14,0,2026-07-28 21:38:18
4063,27,63.9,622.9,30.8,25.99,0,2026-07-28 21:46:18
4064,8,62.7,579.0,29.6,25.33,0,2026-07-28 21:54:18
4065,39,62.7,612.1,28.5,25.82,0,2026-07-28 22:02:18
4066,15,67.7,653.6,31.7,26.95,0,2026-07-28 22:10:18
4067,46,67.0,629.9,28.6,26.36,0,2026-07-28 22:18:18
4068,38,68.5,695.1,30.3,27.71,0,2026-07-28 22:26:18
4069,1,66.8,714.4,29.3,26.63,0,2026-07-28 22:34:18
4070,20,72.7,721.4,30.7,28.38,0,2026-07-28 22:42:18
4071,38,71.4,804.4,31.7,27.66,0,2026-07-28 22:50:18
4072,44,73.5,636.6,31.6,28.65,0,2026-07-28 22:58:18
4073,28,75.4,771.8,30.7,29.62,0,2026-07-28 23:06:18
4074,32,72.8,644.1,32.7,30.09,0,2026-07-28 23:14:18
4075,39,74.0,615.3,33.1,30.52,0,2026-07-28 23:22:18
4076,25,73.3,589.9,31.4,28.51,0,2026-07-28 23:30:18
4077,24,79.6,813.2,31.0,32.78,0,2026-07-28 23:38:18
4078,34,80.2,811.3,31.8,31.25,0,2026-07-28 23:46:18
4079,30,80.2,873.3,32.6,32.45,0,2026-07-28 23:54:18
4080,13,80.8,729.9,31.9,32.8,0,2026-07-29 00:02:18
4081,34,79.8,899.6,32.7,31.37,0,2026-07-29 00:10:18
4082,27,82.8,958.5,34.0,33.56,0,2026-07-29 00:18:18
4083,41,86.0,876.9,34.2,34.62,1,2026-07-29 00:26:18
4084,18,86.4,850.6,31.6,33.81,1,2026-07-29 00:34:18
4085,35,84.8,807.0,32.9,34.65,0,2026-07-29 00:42:18
4086,32,85.5,970.7,31.7,33.54,1,2026-07-29 00:50:18
4087,1,87.1,739.2,34.6,35.74,1,2026-07-29 00:58:18
4088,7,86.9,874.7,31.9,34.09,1,2026-07-29 01:06:18
4089,34,91.2,1040.5,34.5,36.36,1,2026-07-29 01:14:18
4090,49,89.7,733.8,32.5,36.6,1,2026-07-29 01:22:18
4091,46,93.9,1078.9,34.2,36.7,1,2026-07-29 01:30:18
4092,50,91.6,1012.9,34.3,36.35,1,2026-07-29 01:38:18
4093,39,93.2,847.3,32.7,36.67,1,2026-07-29 01:46:18
4094,8,95.5,876.0,34.9,37.34,1,2026-07-29 01:54:18
4095,29,93.6,1089.1,32.5,38.09,1,2026-07-29 02:02:18
4096,49,94.4,776.1,33.2,37.79,1,2026-07-29 02:10:18
4097,3,96.8,810.7,34.6,38.15,1,2026-07-29 02:18:18
4098,11,95.4,1052.0,33.6,37.84,1,2026-07-29 02:26:18
4099,14,100.0,897.2,36.1,39.05,1,2026-07-29 02:34:18
4100,4,5.0,45.4,19.7,1.29,0,2026-07-29 02:42:18
4101,46,5.0,49.3,22.5,2.11,0,2026-07-29 02:50:18
4102,7,5.0,53.8,21.1,2.22,0,2026-07-29 02:58:18
4103,30,5.0,55.8,21.0,1.43,0,2026-07-29 03:06:18
4104,13,5.0,57.6,21.2,1.46,0,2026-07-29 03:14:18
4105,32,5.0,48.4,20.4,1.88,0,2026-07-29 03:22:18
4106,4,5.0,47.4,19.5,1.26,0,2026-07-29 03:30:18
4107,35,7.1,71.2,22.5,3.51,0,2026-07-29 03:38:18
4108,30,7.6,67.7,21.4,3.32,0,2026-07-29 03:46:18
4109,33,11.5,130.5,20.3,4.86,0,2026-07-29 03:54:18
4110,1,9.8,82.5,20.3,3.52,0,2026-07-29 04:02:18
4111,11,10.6,120.3,22.8,3.34,0,2026-07-29 04:10:18
4112,50,15.0,129.7,21.9,5.17,0,2026-07-29 04:18:18
4113,20,13.7,122.2,22.9,5.86,0,2026-07-29 04:26:18
4114,29,13.5,152.9,23.2,5.24,0,2026-07-29 04:34:18
4115,35,14.2,123.4,21.8,6.49,0,2026-07-29 04:42:18
4116,14,19.0,166.6,22.6,7.95,0,2026-07-29 04:50:18
4117,12,14.5,151.6,20.5,6.17,0,2026-07-29 04:58:18
4118,37,16.8,154.2,20.6,6.55,0,2026-07-29 05:06:18
4119,23,17.8,199.6,21.5,6.96,0,2026-07-29 05:14:18
4120,32,20.3,199.0,23.4,7.67,0,2026-07-29 05:22:18
4121,32,21.8,253.6,24.9,9.01,0,2026-07-29 05:30:18
4122,22,21.1,187.9,22.9,7.62,0,2026-07-29 05:38:18
4123,16,25.6,259.4,24.4,11.08,0,2026-07-29 05:46:18
4124,39,26.1,237.2,24.9,11.22,0,2026-07-29 05:54:18
4125,4,23.0,251.8,23.0,9.48,0,2026-07-29 06:02:18
4126,39,29.0,336.8,24.9,11.52,0,2026-07-29 06:10:18
4127,3,25.4,212.2,22.1,10.98,0,2026-07-29 06:18:18
4128,32,27.8,311.8,22.8,11.14,0,2026-07-29 06:26:18
4129,16,29.5,338.4,25.9,12.02,0,2026-07-29 06:34:18
4130,18,31.6,335.6,26.5,11.87,0,2026-07-29 06:42:18
4131,4,32.4,333.5,24.7,13.6,0,2026-07-29 06:50:18
4132,15,33.6,338.2,25.8,14.29,0,2026-07-29 06:58:18
4133,7,34.0,383.6,24.0,14.34,0,2026-07-29 07:06:18
4134,29,34.7,395.0,24.4,13.46,0,2026-07-29 07:14:18
4135,45,35.2,330.6,25.1,13.73,0,2026-07-29 07:22:18
4136,29,33.8,384.9,23.7,12.63,0,2026-07-29 07:30:18
4137,6,35.1,358.8,24.3,13.97,0,2026-07-29 07:38:18
4138,49,40.9,462.2,27.0,17.1,0,2026-07-29 07:46:18
4139,44,37.1,345.3,24.3,15.62,0,2026-07-29 07:54:18
4140,3,38.9,333.6,24.0,15.94,0,2026-07-29 08:02:18
4141,8,40.1,420.0,24.7,16.97,0,2026-07-29 08:10:18
4142,11,43.4,433.1,25.5,17.06,0,2026-07-29 08:18:18
4143,27,42.6,457.5,24.7,17.11,0,2026-07-29 08:26:18
4144,32,45.4,530.8,28.0,17.78,0,2026-07-29 08:34:18
4145,37,43.7,425.6,24.9,17.79,0,2026-07-29 08:42:18
4146,45,48.6,455.9,28.4,19.29,0,2026-07-29 08:50:18
4147,39,44.7,444.1,27.0,18.7,0,2026-07-29 08:58:18
4148,30,47.0,408.8,26.2,19.33,0,2026-07-29 09:06:18
4149,31,48.8,421.0,25.8,19.04,0,2026-07-29 09:14:18
4150,17,47.4,475.1,26.5,19.16,0,2026-07-29 09:22:18
4151,4,48.2,563.2,28.0,18.86,0,2026-07-29 09:30:18
4152,42,54.6,543.1,29.6,21.04,0,2026-07-29 09:38:18
4153,14,53.3,497.2,27.4,20.42,0,2026-07-29 09:46:18
4154,14,54.8,487.5,29.6,22.03,0,2026-07-29 09:54:18
4155,45,53.0,605.2,26.1,20.88,0,2026-07-29 10:02:18
4156,10,55.2,611.4,27.3,21.17,0,2026-07-29 10:10:18
4157,50,58.2,653.8,27.8,22.85,0,2026-07-29 10:18:18
4158,32,58.4,674.7,30.1,23.59,0,2026-07-29 10:26:18
4159,46,58.4,663.3,30.5,23.99,0,2026-07-29 10:34:18
4160,14,61.9,726.8,28.0,23.82,0,2026-07-29 10:42:18
4161,39,63.5,656.3,31.4,24.64,0,2026-07-29 10:50:18
4162,27,59.5,501.4,29.2,24.24,0,2026-07-29 10:58:18
4163,24,65.9,713.6,30.9,26.94,0,2026-07-29 11:06:18
4164,6,66.5,559.8,28.6,27.09,0,2026-07-29 11:14:18
4165,7,66.1,758.8,28.3,27.15,0,2026-07-29 11:22:18
4166,42,67.3,776.0,29.0,26.41,0,2026-07-29 11:30:18
4167,28,65.1,673.6,29.7,25.44,0,2026-07-29 11:38:18
4168,49,67.8,718.9,28.8,27.83,0,2026-07-29 11:46:18
4169,25,69.0,696.9,31.9,26.96,0,2026-07-29 11:54:18
4170,30,69.0,754.0,28.7,27.24,0,2026-07-29 12:02:18
4171,13,71.4,600.5,29.4,29.39,0,2026-07-29 12:10:18
4172,42,73.2,862.9,29.9,29.36,0,2026-07-29 12:18:18
4173,25,74.1,598.7,32.3,28.66,0,2026-07-29 12:26:18
4174,44,71.5,800.1,31.0,29.38,0,2026-07-29 12:34:18
4175,3,77.9,645.8,31.4,31.74,0,2026-07-29 12:42:18
4176,29,73.4,737.2,29.2,30.26,0,2026-07-29 12:50:18
4177,21,76.6,831.7,32.5,31.58,0,2026-07-29 12:58:18
4178,16,75.4,869.3,32.3,30.54,0,2026-07-29 13:06:18
4179,18,79.0,635.3,33.4,31.34,0,2026-07-29 13:14:18
4180,34,80.2,700.1,31.2,32.39,0,2026-07-29 13:22:18
4181,15,81.8,964.7,33.9,33.22,0,2026-07-29 13:30:18
4182,35,84.5,989.5,33.3,33.59,0,2026-07-29 13:38:18
4183,36,85.3,996.6,32.2,34.92,1,2026-07-29 13:46:18
4184,35,85.9,1010.8,31.1,34.76,1,2026-07-29 13:54:18
4185,36,82.4,920.0,31.1,31.97,0,2026-07-29 14:02:18
4186,3,83.7,802.1,31.9,33.0,0,2026-07-29 14:10:18
4187,37,89.0,1038.9,35.0,36.52,1,2026-07-29 14:18:18
4188,4,85.8,902.8,34.6,33.99,1,2026-07-29 14:26:18
4189,9,88.1,972.7,33.5,35.81,1,2026-07-29 14:34:18
4190,43,92.4,937.7,32.0,36.62,1,2026-07-29 14:42:18
4191,9,92.8,822.6,33.3,36.38,1,2026-07-29 14:50:18
4192,26,90.9,1013.6,33.4,35.53,1,2026-07-29 14:58:18
4193,14,95.8,1006.6,33.0,37.63,1,2026-07-29 15:06:18
4194,13,94.9,1036.6,35.6,38.25,1,2026-07-29 15:14:18
4195,37,95.8,1092.7,33.4,37.59,1,2026-07-29 15:22:18
4196,33,97.9,1099.9,36.6,39.97,1,2026-07-29 15:30:18
4197,2,94.6,907.9,32.6,36.86,1,2026-07-29 15:38:18
4198,48,96.0,993.7,32.5,38.69,1,2026-07-29 15:46:18
4199,16,100.0,1074.8,35.1,39.41,1,2026-07-29 15:54:18
4200,13,5.0,58.6,20.4,2.71,0,2026-07-29 16:02:18
4201,15,5.0,50.0,19.9,1.05,0,2026-07-29 16:10:18
4202,15,5.0,47.7,20.4,1.89,0,2026-07-29 16:18:18
4203,38,5.0,54.2,18.9,2.67,0,2026-07-29 16:26:18
4204,29,5.6,46.0,21.0,2.59,0,2026-07-29 16:34:18
4205,48,5.0,58.4,21.4,1.4,0,2026-07-29 16:42:18
4206,19,5.1,43.2,22.6,2.23,0,2026-07-29 16:50:18
4207,13,5.0,46.9,18.9,1.21,0,2026-07-29 16:58:18
4208,27,7.3,61.9,20.1,1.98,0,2026-07-29 17:06:18
4209,11,11.3,111.8,22.9,4.56,0,2026-07-29 17:14:18
4210,49,7.5,66.4,22.7,3.95,0,2026-07-29 17:22:18
4211,11,12.4,141.4,23.3,4.92,0,2026-07-29 17:30:18
4212,2,10.4,119.2,21.3,4.33,0,2026-07-29 17:38:18
4213,24,13.9,114.9,21.4,5.82,0,2026-07-29 17:46:18
4214,2,15.6,166.5,23.7,6.27,0,2026-07-29 17:54:18
4215,43,14.2,129.9,21.4,6.11,0,2026-07-29 18:02:18
4216,27,16.8,150.1,20.9,7.49,0,2026-07-29 18:10:18
4217,8,16.7,199.8,20.6,7.19,0,2026-07-29 18:18:18
4218,38,17.5,168.2,21.7,7.82,0,2026-07-29 18:26:18
4219,47,19.7,160.1,21.1,8.16,0,2026-07-29 18:34:18
4220,12,22.0,226.1,21.7,9.54,0,2026-07-29 18:42:18
4221,19,21.0,194.1,24.2,9.33,0,2026-07-29 18:50:18
4222,12,23.4,252.9,22.4,8.65,0,2026-07-29 18:58:18
4223,27,20.6,184.6,24.5,8.4,0,2026-07-29 19:06:18
4224,13,23.4,217.5,22.8,8.59,0,2026-07-29 19:14:18
4225,31,27.4,271.7,25.1,11.02,0,2026-07-29 19:22:18
4226,16,27.8,317.0,25.5,10.72,0,2026-07-29 19:30:18
4227,3,27.7,233.2,22.8,11.19,0,2026-07-29 19:38:18
4228,21,27.6,293.9,24.4,11.6,0,2026-07-29 19:46:18
4229,20,30.0,315.6,24.4,11.41,0,2026-07-29 19:54:18
4230,7,28.7,292.4,22.4,11.68,0,2026-07-29 20:02:18
4231,23,31.2,306.4,26.3,11.76,0,2026-07-29 20:10:18
4232,18,29.5,256.8,23.2,11.41,0,2026-07-29 20:18:18
4233,47,36.0,308.3,24.2,14.77,0,2026-07-29 20:26:18
4234,34,32.8,263.0,24.3,13.81,0,2026-07-29 20:34:18
4235,24,36.1,382.5,26.3,14.64,0,2026-07-29 20:42:18
4236,48,35.9,333.0,25.2,15.31,0,2026-07-29 20:50:18
4237,25,38.2,308.1,26.7,15.1,0,2026-07-29 20:58:18
4238,4,38.2,382.2,25.2,16.22,0,2026-07-29 21:06:18
4239,24,38.8,337.7,27.0,16.31,0,2026-07-29 21:14:18
4240,46,42.2,408.3,26.5,16.61,0,2026-07-29 21:22:18
4241,36,43.2,492.1,24.8,16.41,0,2026-07-29 21:30:18
4242,9,42.6,352.9,27.0,17.99,0,2026-07-29 21:38:18
4243,2,44.7,402.2,26.4,17.95,0,2026-07-29 21:46:18
4244,25,46.6,482.8,25.4,19.37,0,2026-07-29 21:54:18
4245,33,45.2,413.9,27.8,17.69,0,2026-07-29 22:02:18
4246,1,48.5,468.7,27.9,19.19,0,2026-07-29 22:10:18
4247,26,49.8,474.1,28.1,20.3,0,2026-07-29 22:18:18
4248,31,47.9,567.1,25.6,20.14,0,2026-07-29 22:26:18
4249,30,50.4,404.3,27.9,20.65,0,2026-07-29 22:34:18
4250,22,51.1,456.8,27.1,21.36,0,2026-07-29 22:42:18
4251,39,50.5,492.1,28.6,19.95,0,2026-07-29 22:50:18
4252,44,49.1,487.5,27.2,20.08,0,2026-07-29 22:58:18
4253,45,50.4,549.0,26.5,20.05,0,2026-07-29 23:06:18
4254,50,53.6,506.0,29.5,21.63,0,2026-07-29 23:14:18
4255,36,54.5,582.3,26.6,21.48,0,2026-07-29 23:22:18
4256,32,54.7,513.9,30.1,22.55,0,2026-07-29 23:30:18
4257,7,55.7,478.0,26.7,21.93,0,2026-07-29 23:38:18
4258,10,59.6,639.2,30.0,23.95,0,2026-07-29 23:46:18
4259,5,59.5,649.4,29.9,24.47,0,2026-07-29 23:54:18
4260,24,57.0,626.1,26.6,21.8,0,2026-07-30 00:02:18
4261,2,59.2,588.5,27.2,24.48,0,2026-07-30 00:10:18
4262,28,59.4,513.7,28.6,23.66,0,2026-07-30 00:18:18
4263,22,65.2,612.1,31.4,25.9,0,2026-07-30 00:26:18
4264,2,66.2,554.3,28.0,25.7,0,2026-07-30 00:34:18
4265,17,65.3,603.9,28.2,26.62,0,2026-07-30 00:42:18
4266,9,67.8,746.9,31.1,26.23,0,2026-07-30 00:50:18
4267,47,69.8,732.4,30.1,27.71,0,2026-07-30 00:58:18
4268,11,67.0,568.6,31.3,26.92,0,2026-07-30 01:06:18
4269,13,68.7,771.3,29.0,26.8,0,2026-07-30 01:14:18
4270,13,71.0,702.4,30.2,28.46,0,2026-07-30 01:22:18
4271,49,71.6,620.2,31.4,28.57,0,2026-07-30 01:30:18
4272,2,74.0,615.2,32.5,28.79,0,2026-07-30 01:38:18
4273,19,71.3,748.7,30.7,28.19,0,2026-07-30 01:46:18
4274,23,74.6,651.9,30.6,30.01,0,2026-07-30 01:54:18
4275,46,73.7,780.6,32.5,29.06,0,2026-07-30 02:02:18
4276,24,79.0,770.5,31.4,31.67,0,2026-07-30 02:10:18
4277,13,79.0,889.2,30.4,31.44,0,2026-07-30 02:18:18
4278,38,76.4,643.8,30.4,29.65,0,2026-07-30 02:26:18
4279,50,76.7,767.4,30.1,30.99,0,2026-07-30 02:34:18
4280,9,83.0,747.9,32.5,33.7,0,2026-07-30 02:42:18
4281,48,80.4,747.4,30.3,32.02,0,2026-07-30 02:50:18
4282,11,83.1,978.2,31.6,32.71,0,2026-07-30 02:58:18
4283,8,85.7,971.4,32.3,35.27,1,2026-07-30 03:06:18
4284,31,83.6,709.8,33.1,33.72,0,2026-07-30 03:14:18
4285,15,82.2,920.6,33.9,33.73,0,2026-07-30 03:22:18
4286,11,84.9,721.9,33.6,33.58,0,2026-07-30 03:30:18
4287,5,87.9,938.9,33.3,34.75,1,2026-07-30 03:38:18
4288,35,89.2,1008.7,34.4,34.75,1,2026-07-30 03:46:18
4289,36,88.4,1002.5,34.7,35.5,1,2026-07-30 03:54:18
4290,39,87.2,830.2,33.1,34.59,1,2026-07-30 04:02:18
4291,19,88.2,893.7,33.4,34.59,1,2026-07-30 04:10:18
4292,5,89.5,921.6,31.6,35.46,1,2026-07-30 04:18:18
4293,42,92.3,1038.9,33.8,37.84,1,2026-07-30 04:26:18
4294,20,95.1,796.3,33.7,37.79,1,2026-07-30 04:34:18
4295,13,95.9,904.8,33.3,38.82,1,2026-07-30 04:42:18
4296,28,97.7,960.7,33.6,39.75,1,2026-07-30 04:50:18
4297,37,97.4,807.1,36.1,38.14,1,2026-07-30 04:58:18
4298,21,95.9,896.6,35.1,38.65,1,2026-07-30 05:06:18
4299,13,99.4,822.2,35.7,40.73,1,2026-07-30 05:14:18
4300,50,5.0,57.3,20.9,1.26,0,2026-07-30 05:22:18
4301,43,5.0,46.2,19.2,2.72,0,2026-07-30 05:30:18
4302,33,5.0,52.1,21.2,1.58,0,2026-07-30 05:38:18
4303,49,5.0,46.8,22.4,1.37,0,2026-07-30 05:46:18
4304,40,5.0,54.3,22.6,2.68,0,2026-07-30 05:54:18
4305,3,7.9,78.7,21.4,2.84,0,2026-07-30 06:02:18
4306,5,8.6,79.8,20.1,3.42,0,2026-07-30 06:10:18
4307,43,6.7,77.0,20.2,3.3,0,2026-07-30 06:18:18
4308,47,6.1,59.3,19.4,2.47,0,2026-07-30 06:26:18
4309,9,6.3,73.6,21.9,2.53,0,2026-07-30 06:34:18
4310,39,7.1,58.9,22.0,3.4,0,2026-07-30 06:42:18
4311,10,11.0,92.8,21.2,5.38,0,2026-07-30 06:50:18
4312,16,11.1,124.2,21.0,4.15,0,2026-07-30 06:58:18
4313,10,12.7,149.4,21.6,5.35,0,2026-07-30 07:06:18
4314,33,12.4,118.7,20.8,5.84,0,2026-07-30 07:14:18
4315,31,13.4,115.8,21.6,5.79,0,2026-07-30 07:22:18
4316,35,15.5,131.4,22.6,6.38,0,2026-07-30 07:30:18
4317,24,17.6,163.5,21.6,6.45,0,2026-07-30 07:38:18
4318,50,20.1,168.5,24.5,8.54,0,2026-07-30 07:46:18
4319,36,16.9,154.8,21.7,6.83,0,2026-07-30 07:54:18
4320,36,19.2,222.5,24.4,7.25,0,2026-07-30 08:02:18
4321,16,22.8,246.2,24.3,9.03,0,2026-07-30 08:10:18
4322,29,24.1,218.9,22.3,10.25,0,2026-07-30 08:18:18
4323,30,25.2,293.6,22.2,9.62,0,2026-07-30 08:26:18
4324,15,26.1,292.1,25.0,10.89,0,2026-07-30 08:34:18
4325,41,25.6,221.3,24.0,9.45,0,2026-07-30 08:42:18
4326,3,28.9,238.8,22.4,10.78,0,2026-07-30 08:50:18
4327,29,26.2,272.8,24.0,11.36,0,2026-07-30 08:58:18
4328,31,27.7,279.4,24.5,10.99,0,2026-07-30 09:06:18
4329,15,30.5,302.1,26.2,12.45,0,2026-07-30 09:14:18
4330,4,30.7,260.6,25.3,11.73,0,2026-07-30 09:22:18
4331,27,31.4,307.3,23.9,11.93,0,2026-07-30 09:30:18
4332,6,31.1,322.1,25.7,11.82,0,2026-07-30 09:38:18
4333,37,32.3,379.2,26.6,12.54,0,2026-07-30 09:46:18
4334,38,35.4,306.6,27.3,14.28,0,2026-07-30 09:54:18
4335,47,33.0,395.4,23.2,13.19,0,2026-07-30 10:02:18
4336,40,36.9,353.1,25.8,15.21,0,2026-07-30 10:10:18
4337,49,35.8,419.9,25.3,13.73,0,2026-07-30 10:18:18
4338,28,40.8,359.8,26.9,15.68,0,2026-07-30 10:26:18
4339,23,37.6,305.6,25.7,14.3,0,2026-07-30 10:34:18
4340,27,37.8,343.7,26.9,15.58,0,2026-07-30 10:42:18
4341,29,38.0,442.8,27.4,15.78,0,2026-07-30 10:50:18
4342,47,41.9,461.6,24.8,16.1,0,2026-07-30 10:58:18
4343,13,41.7,374.5,24.9,16.86,0,2026-07-30 11:06:18
4344,22,42.0,383.2,25.5,16.57,0,2026-07-30 11:14:18
4345,31,46.3,385.6,26.3,18.3,0,2026-07-30 11:22:18
4346,27,48.6,552.9,28.9,20.07,0,2026-07-30 11:30:18
4347,33,45.0,537.9,26.5,18.2,0,2026-07-30 11:38:18
4348,1,47.5,477.5,28.8,18.96,0,2026-07-30 11:46:18
4349,31,47.2,510.0,27.3,18.62,0,2026-07-30 11:54:18
4350,11,48.2,492.5,27.1,19.75,0,2026-07-30 12:02:18
4351,43,48.1,517.4,29.2,19.94,0,2026-07-30 12:10:18
4352,6,49.7,405.1,26.1,20.71,0,2026-07-30 12:18:18
4353,40,53.1,586.7,27.8,21.18,0,2026-07-30 12:26:18
4354,24,53.6,446.6,27.8,21.49,0,2026-07-30 12:34:18
4355,14,53.9,515.9,27.9,21.61,0,2026-07-30 12:42:18
4356,5,53.8,535.2,26.9,20.54,0,2026-07-30 12:50:18
4357,50,59.4,589.1,30.5,24.04,0,2026-07-30 12:58:18
4358,10,56.1,628.3,28.8,22.51,0,2026-07-30 13:06:18
4359,35,62.0,605.1,30.4,24.01,0,2026-07-30 13:14:18
4360,42,58.2,536.8,29.1,22.71,0,2026-07-30 13:22:18
4361,43,60.8,684.4,28.2,23.77,0,2026-07-30 13:30:18
4362,41,63.6,711.0,27.6,24.51,0,2026-07-30 13:38:18
4363,35,63.0,594.0,30.6,25.91,0,2026-07-30 13:46:18
4364,41,64.5,674.0,28.4,25.52,0,2026-07-30 13:54:18
4365,26,63.0,675.9,27.6,25.77,0,2026-07-30 14:02:18
4366,33,65.5,574.9,29.1,25.61,0,2026-07-30 14:10:18
4367,50,69.3,683.7,29.9,28.19,0,2026-07-30 14:18:18
4368,8,67.5,637.1,28.6,27.65,0,2026-07-30 14:26:18
4369,8,69.3,573.8,31.6,27.76,0,2026-07-30 14:34:18
4370,6,67.2,556.8,29.3,26.88,0,2026-07-30 14:42:18
4371,27,70.9,728.0,30.8,27.53,0,2026-07-30 14:50:18
4372,16,72.2,663.6,31.7,28.29,0,2026-07-30 14:58:18
4373,20,71.8,821.1,31.7,28.15,0,2026-07-30 15:06:18
4374,14,72.1,846.2,30.0,29.71,0,2026-07-30 15:14:18
4375,5,76.2,803.9,33.1,31.27,0,2026-07-30 15:22:18
4376,48,78.4,746.7,31.0,32.11,0,2026-07-30 15:30:18
4377,49,77.5,716.5,32.4,31.18,0,2026-07-30 15:38:18
4378,18,75.9,810.2,32.0,29.89,0,2026-07-30 15:46:18
4379,36,79.2,862.1,31.6,31.73,0,2026-07-30 15:54:18
4380,7,81.8,683.9,32.7,33.04,0,2026-07-30 16:02:18
4381,17,79.1,796.0,30.8,31.9,0,2026-07-30 16:10:18
4382,44,83.0,754.6,32.2,32.28,0,2026-07-30 16:18:18
4383,33,86.0,954.7,32.0,34.34,1,2026-07-30 16:26:18
4384,10,83.9,818.8,32.9,32.94,0,2026-07-30 16:34:18
4385,22,85.3,782.0,32.6,34.87,1,2026-07-30 16:42:18
4386,27,85.0,1000.9,33.2,33.32,1,2026-07-30 16:50:18
4387,48,88.0,1006.0,34.5,34.57,1,2026-07-30 16:58:18
4388,24,85.8,874.6,34.3,34.35,1,2026-07-30 17:06:18
4389,29,91.3,1042.8,32.1,37.4,1,2026-07-30 17:14:18
4390,32,89.6,920.0,34.4,36.33,1,2026-07-30 17:22:18
4391,24,89.3,893.0,33.8,36.72,1,2026-07-30 17:30:18
4392,40,90.6,1020.0,32.9,35.92,1,2026-07-30 17:38:18
4393,21,91.0,751.4,34.6,36.9,1,2026-07-30 17:46:18
4394,9,91.1,744.1,31.7,35.52,1,2026-07-30 17:54:18
4395,18,92.3,1074.1,33.0,36.47,1,2026-07-30 18:02:18
4396,50,96.6,859.9,36.1,38.62,1,2026-07-30 18:10:18
4397,11,99.4,807.2,33.6,39.3,1,2026-07-30 18:18:18
4398,12,97.6,1005.2,33.9,39.42,1,2026-07-30 18:26:18
4399,32,97.5,1008.6,33.6,39.96,1,2026-07-30 18:34:18
4400,20,5.0,52.3,20.8,2.45,0,2026-07-30 18:42:18
4401,37,5.0,55.3,22.1,1.37,0,2026-07-30 18:50:18
4402,48,5.0,54.2,20.0,2.89,0,2026-07-30 18:58:18
4403,37,5.0,40.8,19.6,2.16,0,2026-07-30 19:06:18
4404,27,5.6,60.4,20.4,2.96,0,2026-07-30 19:14:18
4405,7,5.1,55.9,21.5,1.78,0,2026-07-30 19:22:18
4406,37,8.3,75.9,21.4,4.13,0,2026-07-30 19:30:18
4407,48,5.0,52.8,22.7,2.26,0,2026-07-30 19:38:18
4408,46,5.1,46.8,21.8,1.35,0,2026-07-30 19:46:18
4409,48,11.8,136.0,23.6,4.63,0,2026-07-30 19:54:18
4410,35,9.5,108.9,20.3,4.23,0,2026-07-30 20:02:18
4411,37,8.9,80.9,22.4,3.99,0,2026-07-30 20:10:18
4412,6,10.0,117.9,20.9,4.28,0,2026-07-30 20:18:18
4413,13,14.8,168.8,22.9,5.4,0,2026-07-30 20:26:18
4414,40,11.5,122.6,23.5,3.62,0,2026-07-30 20:34:18
4415,22,15.2,134.0,20.5,6.81,0,2026-07-30 20:42:18
4416,31,15.1,151.2,23.6,5.07,0,2026-07-30 20:50:18
4417,45,14.5,134.1,22.7,5.88,0,2026-07-30 20:58:18
4418,33,17.6,159.3,21.6,7.13,0,2026-07-30 21:06:18
4419,8,16.6,150.5,22.9,6.78,0,2026-07-30 21:14:18
4420,32,18.1,153.7,23.4,6.97,0,2026-07-30 21:22:18
4421,16,20.1,196.3,22.6,7.7,0,2026-07-30 21:30:18
4422,3,19.9,225.9,23.1,7.44,0,2026-07-30 21:38:18
4423,11,24.0,273.3,24.9,10.4,0,2026-07-30 21:46:18
4424,35,21.1,230.7,23.6,7.6,0,2026-07-30 21:54:18
4425,22,27.0,300.6,24.4,10.26,0,2026-07-30 22:02:18
4426,43,26.1,245.6,22.2,9.92,0,2026-07-30 22:10:18
4427,40,28.8,278.4,26.3,12.14,0,2026-07-30 22:18:18
4428,13,28.1,253.1,22.7,12.12,0,2026-07-30 22:26:18
4429,6,30.5,324.1,23.1,12.35,0,2026-07-30 22:34:18
4430,21,30.8,350.9,24.0,11.74,0,2026-07-30 22:42:18
4431,23,33.0,308.5,25.2,12.21,0,2026-07-30 22:50:18
4432,12,31.4,314.4,25.5,12.75,0,2026-07-30 22:58:18
4433,2,31.7,374.3,24.8,11.81,0,2026-07-30 23:06:18
4434,1,36.6,309.0,24.1,14.5,0,2026-07-30 23:14:18
4435,39,37.4,429.9,27.0,14.0,0,2026-07-30 23:22:18
4436,29,37.1,437.4,24.1,15.75,0,2026-07-30 23:30:18
4437,29,36.2,345.6,24.6,14.75,0,2026-07-30 23:38:18
4438,25,35.8,345.0,25.7,14.63,0,2026-07-30 23:46:18
4439,1,40.0,403.1,26.8,15.28,0,2026-07-30 23:54:18
4440,46,42.0,434.7,28.0,16.69,0,2026-07-31 00:02:18
4441,20,40.4,374.2,25.4,16.83,0,2026-07-31 00:10:18
4442,11,42.8,366.7,26.8,17.47,0,2026-07-31 00:18:18
4443,38,41.0,398.6,25.0,16.54,0,2026-07-31 00:26:18
4444,44,43.7,414.3,27.4,16.68,0,2026-07-31 00:34:18
4445,10,43.4,402.5,27.0,16.92,0,2026-07-31 00:42:18
4446,4,43.1,443.3,28.3,17.73,0,2026-07-31 00:50:18
4447,22,48.9,423.3,28.5,18.88,0,2026-07-31 00:58:18
4448,37,45.1,419.7,25.4,18.68,0,2026-07-31 01:06:18
4449,27,47.0,420.2,27.4,19.54,0,2026-07-31 01:14:18
4450,44,52.8,624.2,26.7,21.94,0,2026-07-31 01:22:18
4451,23,50.4,447.3,28.3,21.1,0,2026-07-31 01:30:18
4452,1,52.6,597.2,28.6,21.66,0,2026-07-31 01:38:18
4453,32,51.5,467.9,28.4,21.11,0,2026-07-31 01:46:18
4454,34,52.2,524.2,29.0,20.47,0,2026-07-31 01:54:18
4455,35,52.7,626.2,26.8,20.24,0,2026-07-31 02:02:18
4456,22,57.5,503.9,29.1,22.27,0,2026-07-31 02:10:18
4457,3,56.3,484.0,30.0,22.42,0,2026-07-31 02:18:18
4458,37,55.8,472.6,29.1,22.69,0,2026-07-31 02:26:18
4459,4,61.2,617.9,28.8,23.85,0,2026-07-31 02:34:18
4460,13,59.6,635.8,30.1,22.93,0,2026-07-31 02:42:18
4461,31,58.7,669.5,28.8,23.42,0,2026-07-31 02:50:18
4462,49,63.1,505.7,27.8,24.44,0,2026-07-31 02:58:18
4463,8,63.6,710.2,27.9,25.09,0,2026-07-31 03:06:18
4464,45,62.0,544.6,28.1,24.65,0,2026-07-31 03:14:18
4465,26,62.3,548.6,29.1,24.27,0,2026-07-31 03:22:18
4466,15,64.7,682.8,30.2,26.0,0,2026-07-31 03:30:18
4467,2,67.4,725.0,31.4,27.66,0,2026-07-31 03:38:18
4468,48,66.7,616.8,31.7,25.97,0,2026-07-31 03:46:18
4469,10,70.0,622.9,29.6,27.38,0,2026-07-31 03:54:18
4470,36,72.5,817.7,30.5,29.35,0,2026-07-31 04:02:18
4471,3,71.3,689.1,31.8,29.5,0,2026-07-31 04:10:18
4472,12,74.9,769.7,29.5,29.17,0,2026-07-31 04:18:18
4473,13,72.5,698.8,29.8,28.05,0,2026-07-31 04:26:18
4474,24,73.0,829.6,31.3,30.16,0,2026-07-31 04:34:18
4475,26,77.1,797.0,30.7,29.99,0,2026-07-31 04:42:18
4476,19,74.2,775.0,33.1,29.52,0,2026-07-31 04:50:18
4477,45,74.9,749.2,30.6,29.44,0,2026-07-31 04:58:18
4478,29,78.7,754.2,33.6,31.52,0,2026-07-31 05:06:18
4479,16,79.5,755.5,32.5,31.44,0,2026-07-31 05:14:18
4480,7,82.3,714.0,32.3,33.76,0,2026-07-31 05:22:18
4481,22,78.9,834.8,31.9,32.51,0,2026-07-31 05:30:18
4482,6,85.0,982.9,33.1,34.88,1,2026-07-31 05:38:18
4483,27,83.0,964.1,32.0,32.29,0,2026-07-31 05:46:18
4484,4,86.3,908.1,33.8,34.98,1,2026-07-31 05:54:18
4485,46,87.0,717.6,34.4,35.28,1,2026-07-31 06:02:18
4486,25,84.9,960.9,32.7,33.75,0,2026-07-31 06:10:18
4487,38,86.2,803.8,33.7,34.72,1,2026-07-31 06:18:18
4488,4,87.6,946.7,34.8,35.4,1,2026-07-31 06:26:18
4489,46,90.5,956.2,35.5,36.53,1,2026-07-31 06:34:18
4490,6,91.2,1035.7,34.0,37.09,1,2026-07-31 06:42:18
4491,40,92.6,844.5,32.7,37.05,1,2026-07-31 06:50:18
4492,21,93.8,982.2,32.8,37.3,1,2026-07-31 06:58:18
4493,44,91.1,734.6,32.6,36.16,1,2026-07-31 07:06:18
4494,4,93.6,841.0,33.6,38.42,1,2026-07-31 07:14:18
4495,12,96.7,952.7,34.5,38.6,1,2026-07-31 07:22:18
4496,24,95.8,1107.8,35.3,38.84,1,2026-07-31 07:30:18
4497,37,96.8,848.2,36.1,37.89,1,2026-07-31 07:38:18
4498,10,98.7,1051.6,33.7,40.11,1,2026-07-31 07:46:18
4499,28,98.5,895.0,35.9,39.28,1,2026-07-31 07:54:18
4500,13,5.0,50.0,19.2,2.69,0,2026-07-31 08:02:18
4501,9,5.0,58.9,22.1,2.72,0,2026-07-31 08:10:18
4502,4,5.0,47.0,21.6,2.99,0,2026-07-31 08:18:18
4503,9,5.0,45.3,22.7,1.65,0,2026-07-31 08:26:18
4504,36,5.1,60.9,20.9,1.85,0,2026-07-31 08:34:18
4505,30,5.0,57.3,22.5,1.61,0,2026-07-31 08:42:18
4506,22,5.0,50.6,19.4,1.35,0,2026-07-31 08:50:18
4507,12,10.0,111.8,20.1,3.12,0,2026-07-31 08:58:18
4508,12,5.2,48.1,21.4,2.43,0,2026-07-31 09:06:18
4509,33,8.6,80.6,21.3,2.56,0,2026-07-31 09:14:18
4510,19,8.7,97.1,20.1,3.5,0,2026-07-31 09:22:18
4511,40,9.3,107.2,22.1,3.41,0,2026-07-31 09:30:18
4512,14,10.9,118.1,23.3,3.66,0,2026-07-31 09:38:18
4513,16,15.3,162.2,23.3,6.54,0,2026-07-31 09:46:18
4514,32,15.3,154.0,20.5,5.23,0,2026-07-31 09:54:18
4515,8,13.5,112.7,24.0,4.53,0,2026-07-31 10:02:18
4516,35,16.3,171.8,23.0,6.69,0,2026-07-31 10:10:18
4517,39,16.0,164.1,22.4,5.93,0,2026-07-31 10:18:18
4518,32,19.6,189.4,23.4,7.57,0,2026-07-31 10:26:18
4519,19,18.8,184.5,21.5,6.82,0,2026-07-31 10:34:18
4520,28,22.9,189.2,25.3,9.26,0,2026-07-31 10:42:18
4521,8,19.3,206.0,22.6,6.79,0,2026-07-31 10:50:18
4522,6,23.3,261.1,22.3,10.01,0,2026-07-31 10:58:18
4523,19,25.0,202.2,22.6,10.58,0,2026-07-31 11:06:18
4524,29,25.6,282.6,23.0,11.1,0,2026-07-31 11:14:18
4525,2,22.6,188.9,23.4,8.29,0,2026-07-31 11:22:18
4526,1,26.5,240.8,24.5,11.43,0,2026-07-31 11:30:18
4527,48,24.9,238.2,22.2,9.6,0,2026-07-31 11:38:18
4528,30,28.4,332.5,22.3,11.72,0,2026-07-31 11:46:18
4529,11,26.4,270.6,24.1,10.53,0,2026-07-31 11:54:18
4530,40,27.3,306.8,22.8,10.03,0,2026-07-31 12:02:18
4531,13,30.6,249.3,25.6,12.78,0,2026-07-31 12:10:18
4532,21,34.7,404.0,26.2,14.11,0,2026-07-31 12:18:18
4533,48,30.2,335.9,25.2,13.01,0,2026-07-31 12:26:18
4534,6,35.0,359.6,25.2,14.19,0,2026-07-31 12:34:18
4535,29,33.0,301.4,25.8,13.0,0,2026-07-31 12:42:18
4536,37,36.4,340.3,25.7,13.71,0,2026-07-31 12:50:18
4537,25,36.1,364.6,24.1,14.21,0,2026-07-31 12:58:18
4538,18,38.2,422.7,26.9,14.78,0,2026-07-31 13:06:18
4539,33,41.4,447.5,26.8,15.8,0,2026-07-31 13:14:18
4540,43,38.9,466.4,26.1,15.34,0,2026-07-31 13:22:18
4541,42,42.1,483.1,27.7,15.93,0,2026-07-31 13:30:18
4542,33,43.6,463.3,27.0,18.36,0,2026-07-31 13:38:18
4543,12,41.4,487.7,25.7,16.34,0,2026-07-31 13:46:18
4544,27,43.1,379.7,26.7,17.28,0,2026-07-31 13:54:18
4545,12,47.0,467.2,28.6,18.92,0,2026-07-31 14:02:18
4546,28,46.1,431.2,26.8,19.12,0,2026-07-31 14:10:18
4547,25,49.1,487.3,28.0,19.19,0,2026-07-31 14:18:18
4548,32,47.6,432.6,25.4,18.95,0,2026-07-31 14:26:18
4549,30,48.9,478.2,29.0,18.85,0,2026-07-31 14:34:18
4550,8,50.6,545.6,29.4,20.1,0,2026-07-31 14:42:18
4551,27,50.3,584.8,29.2,21.07,0,2026-07-31 14:50:18
4552,44,53.1,532.5,26.5,21.9,0,2026-07-31 14:58:18
4553,42,50.5,471.1,28.7,20.93,0,2026-07-31 15:06:18
4554,36,51.5,583.9,28.6,19.92,0,2026-07-31 15:14:18
4555,49,54.8,541.1,26.4,21.27,0,2026-07-31 15:22:18
4556,40,53.3,460.8,27.2,20.87,0,2026-07-31 15:30:18
4557,37,60.0,513.5,29.0,23.74,0,2026-07-31 15:38:18
4558,10,55.9,460.4,29.9,21.39,0,2026-07-31 15:46:18
4559,15,59.0,548.8,30.5,22.83,0,2026-07-31 15:54:18
4560,15,57.4,517.6,29.9,23.51,0,2026-07-31 16:02:18
4561,26,63.8,646.6,30.5,24.61,0,2026-07-31 16:10:18
4562,46,64.3,640.3,29.8,25.33,0,2026-07-31 16:18:18
4563,18,63.1,562.4,30.4,25.12,0,2026-07-31 16:26:18
4564,20,63.5,660.9,30.4,26.37,0,2026-07-31 16:34:18
4565,21,64.5,519.6,29.4,26.0,0,2026-07-31 16:42:18
4566,22,64.3,738.1,29.3,25.43,0,2026-07-31 16:50:18
4567,36,68.4,661.8,29.2,27.29,0,2026-07-31 16:58:18
4568,38,69.5,595.5,29.3,28.74,0,2026-07-31 17:06:18
4569,24,66.3,643.4,31.8,26.65,0,2026-07-31 17:14:18
4570,32,70.4,698.7,29.6,28.05,0,2026-07-31 17:22:18
4571,13,69.8,600.3,28.8,27.26,0,2026-07-31 17:30:18
4572,41,70.5,583.2,30.2,27.53,0,2026-07-31 17:38:18
4573,18,75.8,784.6,31.1,30.84,0,2026-07-31 17:46:18
4574,27,74.9,742.4,30.4,30.03,0,2026-07-31 17:54:18
4575,35,75.6,809.5,32.9,30.01,0,2026-07-31 18:02:18
4576,40,77.1,624.2,31.2,31.09,0,2026-07-31 18:10:18
4577,10,76.6,636.3,31.3,30.76,0,2026-07-31 18:18:18
4578,23,75.7,901.3,33.2,30.33,0,2026-07-31 18:26:18
4579,32,79.1,739.6,30.5,32.5,0,2026-07-31 18:34:18
4580,47,77.3,889.7,31.2,31.81,0,2026-07-31 18:42:18
4581,19,83.3,861.7,34.4,33.81,0,2026-07-31 18:50:18
4582,8,82.0,788.7,33.3,32.5,0,2026-07-31 18:58:18
4583,6,82.9,927.8,31.7,32.27,0,2026-07-31 19:06:18
4584,44,84.3,967.3,32.7,33.8,0,2026-07-31 19:14:18
4585,17,87.7,704.7,33.4,34.53,1,2026-07-31 19:22:18
4586,34,86.4,714.1,33.0,34.58,1,2026-07-31 19:30:18
4587,22,86.7,735.3,34.1,35.36,1,2026-07-31 19:38:18
4588,14,86.3,968.0,31.6,33.64,1,2026-07-31 19:46:18
4589,6,88.4,796.9,32.0,35.92,1,2026-07-31 19:54:18
4590,25,90.7,1040.0,34.5,35.48,1,2026-07-31 20:02:18
4591,27,92.2,1089.1,33.9,37.04,1,2026-07-31 20:10:18
4592,11,93.0,1009.9,33.9,38.15,1,2026-07-31 20:18:18
4593,18,94.4,792.1,33.2,37.51,1,2026-07-31 20:26:18
4594,26,93.1,957.6,32.8,36.56,1,2026-07-31 20:34:18
4595,18,97.6,1007.1,33.5,39.27,1,2026-07-31 20:42:18
4596,13,94.6,821.9,35.9,37.86,1,2026-07-31 20:50:18
4597,27,98.6,1131.2,36.3,38.66,1,2026-07-31 20:58:18
4598,28,98.6,1063.3,33.0,39.67,1,2026-07-31 21:06:18
4599,23,97.0,827.4,36.2,39.15,1,2026-07-31 21:14:18
4600,29,5.0,40.7,20.4,1.99,0,2026-07-31 21:22:18
4601,7,5.0,47.9,21.4,2.27,0,2026-07-31 21:30:18
4602,27,5.0,50.0,19.3,1.04,0,2026-07-31 21:38:18
4603,23,5.0,51.4,19.7,2.53,0,2026-07-31 21:46:18
4604,16,5.0,58.8,22.4,3.0,0,2026-07-31 21:54:18
4605,50,5.0,55.5,21.3,1.53,0,2026-07-31 22:02:18
4606,39,8.2,78.0,20.1,4.02,0,2026-07-31 22:10:18
4607,29,5.7,63.4,19.4,2.53,0,2026-07-31 22:18:18
4608,42,10.6,109.9,20.1,3.4,0,2026-07-31 22:26:18
4609,14,8.4,72.7,22.4,4.01,0,2026-07-31 22:34:18
4610,7,9.2,76.7,19.6,4.31,0,2026-07-31 22:42:18
4611,19,12.6,151.2,21.9,5.88,0,2026-07-31 22:50:18
4612,37,9.8,103.6,23.1,3.37,0,2026-07-31 22:58:18
4613,15,13.0,135.8,23.7,5.66,0,2026-07-31 23:06:18
4614,17,15.6,144.7,23.0,5.86,0,2026-07-31 23:14:18
4615,18,14.8,151.5,21.2,6.73,0,2026-07-31 23:22:18
4616,2,16.0,131.4,22.8,7.27,0,2026-07-31 23:30:18
4617,28,18.4,194.6,22.5,7.64,0,2026-07-31 23:38:18
4618,1,16.2,144.9,23.6,5.84,0,2026-07-31 23:46:18
4619,44,21.0,218.7,24.7,7.86,0,2026-07-31 23:54:18
4620,46,18.7,152.9,24.3,8.1,0,2026-08-01 00:02:18
4621,6,22.5,231.4,24.2,8.46,0,2026-08-01 00:10:18
4622,2,21.9,193.3,25.1,8.12,0,2026-08-01 00:18:18
4623,23,21.6,258.8,21.7,8.35,0,2026-08-01 00:26:18
4624,38,24.5,249.7,22.6,10.68,0,2026-08-01 00:34:18
4625,15,27.3,294.6,25.5,10.94,0,2026-08-01 00:42:18
4626,17,27.2,254.1,24.3,11.6,0,2026-08-01 00:50:18
4627,15,24.8,210.0,23.0,9.49,0,2026-08-01 00:58:18
4628,43,27.1,305.4,23.2,11.36,0,2026-08-01 01:06:18
4629,24,30.4,345.1,22.7,11.4,0,2026-08-01 01:14:18
4630,49,32.1,312.7,26.1,12.93,0,2026-08-01 01:22:18
4631,37,31.0,320.9,24.8,11.49,0,2026-08-01 01:30:18
4632,4,30.0,346.4,24.1,11.35,0,2026-08-01 01:38:18
4633,48,32.3,385.0,25.6,13.5,0,2026-08-01 01:46:18
4634,40,31.5,360.1,24.5,12.21,0,2026-08-01 01:54:18
4635,50,37.5,315.3,24.0,14.78,0,2026-08-01 02:02:18
4636,11,33.8,284.2,25.4,14.23,0,2026-08-01 02:10:18
4637,23,36.9,311.8,27.5,15.15,0,2026-08-01 02:18:18
4638,9,39.2,344.1,27.6,14.99,0,2026-08-01 02:26:18
4639,20,40.7,470.6,25.8,15.54,0,2026-08-01 02:34:18
4640,28,40.0,321.8,24.7,16.84,0,2026-08-01 02:42:18
4641,27,42.8,460.8,27.9,16.84,0,2026-08-01 02:50:18
4642,49,40.3,353.9,27.9,15.69,0,2026-08-01 02:58:18
4643,39,43.8,420.8,24.9,18.01,0,2026-08-01 03:06:18
4644,9,45.8,412.2,26.8,17.74,0,2026-08-01 03:14:18
4645,11,43.3,358.8,26.6,18.27,0,2026-08-01 03:22:18
4646,44,44.2,481.5,28.1,17.52,0,2026-08-01 03:30:18
4647,35,49.6,403.9,25.7,20.29,0,2026-08-01 03:38:18
4648,43,47.8,504.9,25.5,20.07,0,2026-08-01 03:46:18
4649,39,48.2,491.2,27.7,19.25,0,2026-08-01 03:54:18
4650,7,52.9,446.5,27.8,20.53,0,2026-08-01 04:02:18
4651,14,50.3,597.1,26.1,19.34,0,2026-08-01 04:10:18
4652,9,54.1,617.5,27.2,21.72,0,2026-08-01 04:18:18
4653,31,53.1,606.9,29.6,20.69,0,2026-08-01 04:26:18
4654,42,54.9,518.5,29.1,22.95,0,2026-08-01 04:34:18
4655,46,53.4,484.1,26.4,21.71,0,2026-08-01 04:42:18
4656,36,57.4,590.1,27.5,23.25,0,2026-08-01 04:50:18
4657,23,59.9,541.4,30.7,23.72,0,2026-08-01 04:58:18
4658,35,57.4,476.0,28.9,22.69,0,2026-08-01 05:06:18
4659,20,61.6,626.6,30.7,23.88,0,2026-08-01 05:14:18
4660,39,58.4,477.9,29.0,24.17,0,2026-08-01 05:22:18
4661,43,61.7,616.3,29.1,25.46,0,2026-08-01 05:30:18
4662,42,62.7,596.3,29.2,25.7,0,2026-08-01 05:38:18
4663,38,60.2,690.1,27.5,24.73,0,2026-08-01 05:46:18
4664,29,64.7,662.0,31.1,26.36,0,2026-08-01 05:54:18
4665,30,65.3,759.3,28.7,27.02,0,2026-08-01 06:02:18
4666,8,67.2,654.6,28.4,27.47,0,2026-08-01 06:10:18
4667,48,64.9,631.6,28.8,26.11,0,2026-08-01 06:18:18
4668,42,66.9,557.9,30.3,26.75,0,2026-08-01 06:26:18
4669,50,69.3,713.9,31.6,28.03,0,2026-08-01 06:34:18
4670,8,69.9,582.0,29.6,27.0,0,2026-08-01 06:42:18
4671,23,73.8,782.2,32.1,30.2,0,2026-08-01 06:50:18
4672,31,69.7,737.7,28.8,27.38,0,2026-08-01 06:58:18
4673,29,74.8,731.9,29.9,30.2,0,2026-08-01 07:06:18
4674,40,76.4,664.7,32.8,30.59,0,2026-08-01 07:14:18
4675,17,76.4,685.6,30.1,31.42,0,2026-08-01 07:22:18
4676,43,78.9,875.5,30.2,31.5,0,2026-08-01 07:30:18
4677,11,77.8,823.2,32.4,32.09,0,2026-08-01 07:38:18
4678,4,75.6,652.7,31.9,31.12,0,2026-08-01 07:46:18
4679,49,78.4,935.1,30.7,31.34,0,2026-08-01 07:54:18
4680,37,80.0,757.8,31.9,32.18,0,2026-08-01 08:02:18
4681,26,81.3,923.9,30.5,32.59,0,2026-08-01 08:10:18
4682,18,84.7,679.0,33.0,33.46,0,2026-08-01 08:18:18
4683,30,81.0,927.9,33.0,32.12,0,2026-08-01 08:26:18
4684,37,81.2,899.9,31.1,32.15,0,2026-08-01 08:34:18
4685,3,85.1,776.7,33.7,34.48,1,2026-08-01 08:42:18
4686,33,86.5,1010.9,33.8,33.62,1,2026-08-01 08:50:18
4687,31,86.3,964.0,34.3,34.86,1,2026-08-01 08:58:18
4688,15,89.4,1070.3,33.8,34.83,1,2026-08-01 09:06:18
4689,50,87.0,777.1,32.5,34.41,1,2026-08-01 09:14:18
4690,45,92.5,751.7,35.3,37.31,1,2026-08-01 09:22:18
4691,37,93.0,797.3,32.0,36.5,1,2026-08-01 09:30:18
4692,2,94.3,796.7,34.3,37.67,1,2026-08-01 09:38:18
4693,10,94.0,991.3,35.5,37.17,1,2026-08-01 09:46:18
4694,47,93.6,1105.1,32.8,36.81,1,2026-08-01 09:54:18
4695,28,94.3,774.1,32.6,38.38,1,2026-08-01 10:02:18
4696,11,93.2,976.5,32.2,37.76,1,2026-08-01 10:10:18
4697,14,94.9,1034.3,35.9,38.87,1,2026-08-01 10:18:18
4698,8,96.6,921.4,32.9,39.43,1,2026-08-01 10:26:18
4699,33,96.2,1095.1,34.3,38.96,1,2026-08-01 10:34:18
4700,13,5.0,56.7,21.8,2.06,0,2026-08-01 10:42:18
4701,5,5.0,54.3,21.5,1.68,0,2026-08-01 10:50:18
4702,7,5.0,46.5,21.7,2.53,0,2026-08-01 10:58:18
4703,21,5.0,56.4,19.5,2.28,0,2026-08-01 11:06:18
4704,46,5.0,58.7,21.2,1.03,0,2026-08-01 11:14:18
4705,6,5.0,41.2,21.1,1.06,0,2026-08-01 11:22:18
4706,22,6.0,64.2,19.2,1.76,0,2026-08-01 11:30:18
4707,4,5.0,42.2,21.1,1.62,0,2026-08-01 11:38:18
4708,16,6.3,66.1,19.2,1.87,0,2026-08-01 11:46:18
4709,36,10.1,108.4,21.5,4.32,0,2026-08-01 11:54:18
4710,29,9.0,96.3,23.2,3.76,0,2026-08-01 12:02:18
4711,19,13.5,111.6,21.7,5.03,0,2026-08-01 12:10:18
4712,6,12.1,138.4,21.5,4.89,0,2026-08-01 12:18:18
4713,22,12.7,118.5,20.1,5.64,0,2026-08-01 12:26:18
4714,16,14.2,136.0,20.8,5.98,0,2026-08-01 12:34:18
4715,16,12.0,97.7,21.2,4.28,0,2026-08-01 12:42:18
4716,20,15.0,135.7,21.3,5.25,0,2026-08-01 12:50:18
4717,20,17.1,165.7,21.3,7.35,0,2026-08-01 12:58:18
4718,8,17.4,165.2,20.8,6.79,0,2026-08-01 13:06:18
4719,50,20.5,214.6,22.9,8.67,0,2026-08-01 13:14:18
4720,25,20.3,206.7,23.2,7.51,0,2026-08-01 13:22:18
4721,2,19.8,209.0,23.7,8.89,0,2026-08-01 13:30:18
4722,48,22.4,195.7,25.1,8.0,0,2026-08-01 13:38:18
4723,6,21.4,214.8,23.9,8.53,0,2026-08-01 13:46:18
4724,28,24.8,216.3,22.8,9.77,0,2026-08-01 13:54:18
4725,16,24.1,213.2,25.3,9.04,0,2026-08-01 14:02:18
4726,41,25.4,283.8,25.2,10.46,0,2026-08-01 14:10:18
4727,10,29.9,296.8,24.4,11.9,0,2026-08-01 14:18:18
4728,8,25.1,258.1,24.9,10.25,0,2026-08-01 14:26:18
4729,3,28.4,325.7,22.5,12.25,0,2026-08-01 14:34:18
4730,15,30.4,290.3,25.6,12.92,0,2026-08-01 14:42:18
4731,40,31.8,324.5,23.2,12.33,0,2026-08-01 14:50:18
4732,49,33.1,380.8,23.4,13.79,0,2026-08-01 14:58:18
4733,44,30.7,282.2,25.4,11.61,0,2026-08-01 15:06:18
4734,35,31.2,304.7,25.6,12.18,0,2026-08-01 15:14:18
4735,1,33.2,360.0,24.7,12.68,0,2026-08-01 15:22:18
4736,30,35.5,307.1,26.3,13.58,0,2026-08-01 15:30:18
4737,22,35.9,366.5,26.5,14.07,0,2026-08-01 15:38:18
4738,19,40.5,357.8,25.3,16.46,0,2026-08-01 15:46:18
4739,9,37.0,392.3,24.0,14.82,0,2026-08-01 15:54:18
4740,19,40.8,464.3,24.6,16.14,0,2026-08-01 16:02:18
4741,11,39.7,334.5,24.9,15.51,0,2026-08-01 16:10:18
4742,1,43.2,493.0,25.3,16.91,0,2026-08-01 16:18:18
4743,36,41.5,394.1,25.8,17.16,0,2026-08-01 16:26:18
4744,34,43.2,371.4,26.7,17.29,0,2026-08-01 16:34:18
4745,38,45.5,396.6,27.6,18.94,0,2026-08-01 16:42:18
4746,29,48.9,403.3,28.0,19.44,0,2026-08-01 16:50:18
4747,42,45.5,467.3,25.2,17.93,0,2026-08-01 16:58:18
4748,6,48.8,499.8,28.2,19.31,0,2026-08-01 17:06:18
4749,41,50.3,457.4,27.6,19.27,0,2026-08-01 17:14:18
4750,3,52.6,514.0,26.0,21.71,0,2026-08-01 17:22:18
4751,7,53.7,632.5,28.3,20.93,0,2026-08-01 17:30:18
4752,13,53.4,530.3,27.1,21.28,0,2026-08-01 17:38:18
4753,18,52.0,549.6,26.9,20.59,0,2026-08-01 17:46:18
4754,1,52.2,487.6,29.0,21.11,0,2026-08-01 17:54:18
4755,49,53.6,513.4,29.0,21.84,0,2026-08-01 18:02:18
4756,44,56.6,532.9,28.5,22.21,0,2026-08-01 18:10:18
4757,6,59.9,534.2,28.1,24.53,0,2026-08-01 18:18:18
4758,39,57.0,530.8,28.8,23.33,0,2026-08-01 18:26:18
4759,2,59.1,663.6,26.9,23.5,0,2026-08-01 18:34:18
4760,16,63.0,645.3,31.2,24.85,0,2026-08-01 18:42:18
4761,19,63.9,636.1,29.7,26.07,0,2026-08-01 18:50:18
4762,34,64.2,646.6,31.1,25.05,0,2026-08-01 18:58:18
4763,1,65.7,690.2,30.7,25.77,0,2026-08-01 19:06:18
4764,2,64.0,758.3,29.6,24.94,0,2026-08-01 19:14:18
4765,7,62.9,690.3,27.7,25.93,0,2026-08-01 19:22:18
4766,22,64.0,666.2,28.1,26.04,0,2026-08-01 19:30:18
4767,3,66.7,705.7,29.7,26.04,0,2026-08-01 19:38:18
4768,17,70.5,652.3,29.6,28.36,0,2026-08-01 19:46:18
4769,32,66.3,702.7,30.5,26.78,0,2026-08-01 19:54:18
4770,40,67.7,549.9,31.1,27.46,0,2026-08-01 20:02:18
4771,37,70.6,607.0,31.8,28.6,0,2026-08-01 20:10:18
4772,33,71.1,740.7,29.1,28.65,0,2026-08-01 20:18:18
4773,28,72.9,830.3,30.8,29.83,0,2026-08-01 20:26:18
4774,33,72.3,698.0,30.4,28.2,0,2026-08-01 20:34:18
4775,50,72.5,715.9,29.0,29.03,0,2026-08-01 20:42:18
4776,8,76.4,774.0,31.0,30.98,0,2026-08-01 20:50:18
4777,15,74.8,895.6,29.9,29.22,0,2026-08-01 20:58:18
4778,21,78.5,632.7,33.2,31.32,0,2026-08-01 21:06:18
4779,11,81.1,921.7,32.9,32.82,0,2026-08-01 21:14:18
4780,42,77.6,722.6,32.3,30.89,0,2026-08-01 21:22:18
4781,32,79.4,651.9,30.2,32.43,0,2026-08-01 21:30:18
4782,17,80.9,826.8,32.7,32.69,0,2026-08-01 21:38:18
4783,13,83.9,854.4,31.7,33.0,0,2026-08-01 21:46:18
4784,2,81.7,754.8,33.1,32.11,0,2026-08-01 21:54:18
4785,22,85.8,915.0,31.0,33.79,1,2026-08-01 22:02:18
4786,35,87.6,922.8,31.2,34.58,1,2026-08-01 22:10:18
4787,1,89.8,727.7,32.0,36.19,1,2026-08-01 22:18:18
4788,20,85.8,740.1,34.9,34.82,1,2026-08-01 22:26:18
4789,12,87.0,1033.2,34.9,35.78,1,2026-08-01 22:34:18
4790,28,89.1,968.4,32.8,36.61,1,2026-08-01 22:42:18
4791,12,89.2,973.5,33.1,36.08,1,2026-08-01 22:50:18
4792,14,94.5,1073.3,34.0,36.87,1,2026-08-01 22:58:18
4793,4,92.6,961.2,34.9,36.66,1,2026-08-01 23:06:18
4794,12,91.1,772.0,33.4,35.47,1,2026-08-01 23:14:18
4795,28,94.2,1113.9,32.7,37.67,1,2026-08-01 23:22:18
4796,18,96.1,1064.6,33.0,39.17,1,2026-08-01 23:30:18
4797,28,99.0,941.9,33.0,38.83,1,2026-08-01 23:38:18
4798,17,100.0,1145.3,36.2,40.97,1,2026-08-01 23:46:18
4799,6,99.4,952.5,34.0,39.32,1,2026-08-01 23:54:18
4800,36,5.0,45.1,21.9,2.16,0,2026-08-02 00:02:18
4801,49,5.0,52.3,22.3,1.65,0,2026-08-02 00:10:18
4802,27,5.0,54.2,22.0,2.81,0,2026-08-02 00:18:18
4803,39,5.0,41.5,19.3,2.48,0,2026-08-02 00:26:18
4804,18,5.0,53.2,22.7,1.65,0,2026-08-02 00:34:18
4805,30,5.0,41.4,19.6,2.29,0,2026-08-02 00:42:18
4806,38,7.8,71.5,19.8,3.89,0,2026-08-02 00:50:18
4807,7,5.0,51.2,22.7,2.95,0,2026-08-02 00:58:18
4808,7,6.0,55.1,22.6,2.01,0,2026-08-02 01:06:18
4809,10,9.4,91.7,22.2,4.16,0,2026-08-02 01:14:18
4810,19,11.7,123.0,21.7,3.8,0,2026-08-02 01:22:18
4811,2,10.9,119.6,22.8,3.95,0,2026-08-02 01:30:18
4812,6,14.8,146.2,24.2,5.62,0,2026-08-02 01:38:18
4813,28,10.3,92.0,21.0,4.8,0,2026-08-02 01:46:18
4814,6,15.6,164.4,22.7,7.06,0,2026-08-02 01:54:18
4815,20,14.6,172.9,23.7,5.67,0,2026-08-02 02:02:18
4816,47,15.0,130.6,22.3,6.47,0,2026-08-02 02:10:18
4817,41,16.9,151.4,21.8,6.51,0,2026-08-02 02:18:18
4818,30,16.6,162.8,21.5,6.45,0,2026-08-02 02:26:18
4819,41,17.2,152.8,23.6,7.38,0,2026-08-02 02:34:18
4820,33,17.8,164.5,23.7,7.56,0,2026-08-02 02:42:18
4821,34,18.2,174.5,24.2,7.34,0,2026-08-02 02:50:18
4822,47,24.6,233.3,21.8,9.76,0,2026-08-02 02:58:18
4823,19,25.5,279.5,23.3,10.23,0,2026-08-02 03:06:18
4824,33,23.1,271.0,23.4,9.09,0,2026-08-02 03:14:18
4825,8,28.0,320.6,25.1,11.82,0,2026-08-02 03:22:18
4826,2,25.2,299.7,22.1,9.76,0,2026-08-02 03:30:18
4827,12,25.5,249.8,25.1,11.07,0,2026-08-02 03:38:18
4828,35,28.4,339.7,23.1,10.47,0,2026-08-02 03:46:18
4829,24,31.1,361.3,25.9,12.66,0,2026-08-02 03:54:18
4830,28,30.4,257.9,24.3,13.0,0,2026-08-02 04:02:18
4831,40,31.4,334.5,26.7,12.54,0,2026-08-02 04:10:18
4832,6,32.4,302.4,26.2,13.76,0,2026-08-02 04:18:18
4833,41,30.1,341.7,24.6,13.02,0,2026-08-02 04:26:18
4834,18,34.3,305.7,23.5,14.54,0,2026-08-02 04:34:18
4835,40,34.5,292.7,24.5,14.57,0,2026-08-02 04:42:18
4836,21,38.8,425.3,25.9,15.37,0,2026-08-02 04:50:18
4837,29,39.0,370.9,26.0,15.0,0,2026-08-02 04:58:18
4838,17,38.8,315.3,27.1,14.63,0,2026-08-02 05:06:18
4839,35,39.9,387.9,24.8,16.83,0,2026-08-02 05:14:18
4840,31,41.2,469.1,25.2,16.55,0,2026-08-02 05:22:18
4841,32,41.9,339.0,26.2,16.37,0,2026-08-02 05:30:18
4842,5,39.4,358.5,27.5,16.61,0,2026-08-02 05:38:18
4843,41,42.8,380.2,24.6,16.92,0,2026-08-02 05:46:18
4844,16,44.4,443.9,26.3,18.37,0,2026-08-02 05:54:18
4845,6,46.9,518.4,25.2,19.69,0,2026-08-02 06:02:18
4846,16,48.6,549.0,25.9,18.45,0,2026-08-02 06:10:18
4847,25,44.8,414.4,26.5,17.64,0,2026-08-02 06:18:18
4848,17,46.7,445.9,25.3,18.96,0,2026-08-02 06:26:18
4849,27,47.1,551.3,28.6,19.33,0,2026-08-02 06:34:18
4850,43,51.4,417.4,28.4,19.8,0,2026-08-02 06:42:18
4851,14,51.4,416.8,28.4,21.37,0,2026-08-02 06:50:18
4852,35,52.5,474.7,25.9,21.81,0,2026-08-02 06:58:18
4853,41,51.9,558.0,28.0,21.23,0,2026-08-02 07:06:18
4854,12,54.4,562.7,27.7,21.77,0,2026-08-02 07:14:18
4855,22,55.0,499.0,26.8,22.22,0,2026-08-02 07:22:18
4856,14,58.5,642.7,28.5,23.16,0,2026-08-02 07:30:18
4857,5,55.8,652.3,30.0,21.99,0,2026-08-02 07:38:18
4858,34,57.4,570.2,28.1,23.29,0,2026-08-02 07:46:18
4859,17,56.3,514.0,29.9,22.59,0,2026-08-02 07:54:18
4860,38,57.6,507.9,29.5,23.99,0,2026-08-02 08:02:18
4861,12,60.1,678.6,27.5,23.63,0,2026-08-02 08:10:18
4862,26,62.7,739.0,29.8,25.98,0,2026-08-02 08:18:18
4863,39,60.8,571.5,30.0,24.14,0,2026-08-02 08:26:18
4864,9,62.2,691.8,27.5,24.35,0,2026-08-02 08:34:18
4865,10,67.3,682.3,29.3,26.21,0,2026-08-02 08:42:18
4866,24,68.6,622.1,30.7,28.3,0,2026-08-02 08:50:18
4867,19,67.4,630.7,29.4,26.13,0,2026-08-02 08:58:18
4868,4,70.3,634.4,31.4,27.87,0,2026-08-02 09:06:18
4869,2,70.9,575.0,29.8,27.54,0,2026-08-02 09:14:18
4870,40,70.9,846.3,29.7,27.84,0,2026-08-02 09:22:18
4871,10,68.9,789.1,31.2,27.81,0,2026-08-02 09:30:18
4872,12,73.0,773.4,30.9,29.92,0,2026-08-02 09:38:18
4873,35,71.2,723.7,32.2,29.41,0,2026-08-02 09:46:18
4874,13,73.0,731.1,29.5,29.47,0,2026-08-02 09:54:18
4875,24,75.6,607.4,29.6,29.92,0,2026-08-02 10:02:18
4876,49,74.5,877.0,31.1,29.08,0,2026-08-02 10:10:18
4877,31,75.3,613.3,30.0,29.53,0,2026-08-02 10:18:18
4878,19,79.8,793.0,33.8,32.04,0,2026-08-02 10:26:18
4879,23,76.0,782.1,32.3,30.68,0,2026-08-02 10:34:18
4880,22,82.5,789.2,32.6,32.58,0,2026-08-02 10:42:18
4881,45,81.4,864.3,33.0,33.55,0,2026-08-02 10:50:18
4882,22,80.0,736.2,32.6,31.84,0,2026-08-02 10:58:18
4883,4,81.1,652.8,31.7,31.71,0,2026-08-02 11:06:18
4884,32,81.4,871.2,31.6,33.01,0,2026-08-02 11:14:18
4885,31,82.6,982.8,31.7,33.56,0,2026-08-02 11:22:18
4886,42,85.0,733.4,34.6,33.12,1,2026-08-02 11:30:18
4887,48,88.6,870.2,34.6,35.02,1,2026-08-02 11:38:18
4888,20,88.5,907.5,31.8,36.22,1,2026-08-02 11:46:18
4889,26,86.9,787.1,34.9,35.0,1,2026-08-02 11:54:18
4890,43,90.2,978.4,34.3,36.06,1,2026-08-02 12:02:18
4891,8,91.7,850.4,32.5,37.09,1,2026-08-02 12:10:18
4892,9,94.5,899.4,34.9,38.57,1,2026-08-02 12:18:18
4893,12,92.2,783.3,34.5,36.44,1,2026-08-02 12:26:18
4894,49,95.5,774.6,35.0,37.26,1,2026-08-02 12:34:18
4895,38,96.1,897.6,34.3,38.34,1,2026-08-02 12:42:18
4896,33,96.8,836.1,34.7,38.66,1,2026-08-02 12:50:18
4897,43,94.1,1026.8,34.5,38.37,1,2026-08-02 12:58:18
4898,24,96.8,885.1,35.5,39.06,1,2026-08-02 13:06:18
4899,23,96.1,879.6,34.4,38.57,1,2026-08-02 13:14:18
4900,35,5.0,52.4,20.4,2.19,0,2026-08-02 13:22:18
4901,43,5.0,52.7,19.1,1.82,0,2026-08-02 13:30:18
4902,46,5.0,44.8,20.4,1.33,0,2026-08-02 13:38:18
4903,27,5.2,44.2,22.5,2.71,0,2026-08-02 13:46:18
4904,28,5.0,48.8,19.9,2.43,0,2026-08-02 13:54:18
4905,3,5.0,58.5,20.8,2.41,0,2026-08-02 14:02:18
4906,38,6.0,60.4,22.1,3.37,0,2026-08-02 14:10:18
4907,15,5.0,40.6,21.7,2.94,0,2026-08-02 14:18:18
4908,17,5.5,61.0,21.3,2.86,0,2026-08-02 14:26:18
4909,3,8.4,97.3,23.2,3.71,0,2026-08-02 14:34:18
4910,19,11.2,105.3,21.3,3.8,0,2026-08-02 14:42:18
4911,45,11.2,110.8,21.3,4.07,0,2026-08-02 14:50:18
4912,38,13.0,132.8,22.9,4.34,0,2026-08-02 14:58:18
4913,21,12.4,114.0,23.5,4.15,0,2026-08-02 15:06:18
4914,1,13.5,130.9,22.6,5.16,0,2026-08-02 15:14:18
4915,5,13.8,159.6,20.6,6.47,0,2026-08-02 15:22:18
4916,15,17.0,192.5,20.9,7.0,0,2026-08-02 15:30:18
4917,28,14.8,149.7,23.3,5.51,0,2026-08-02 15:38:18
4918,24,15.5,172.6,21.7,6.39,0,2026-08-02 15:46:18
4919,9,20.3,210.4,22.1,7.24,0,2026-08-02 15:54:18
4920,15,18.0,155.5,22.5,7.53,0,2026-08-02 16:02:18
4921,41,20.4,202.1,21.6,7.31,0,2026-08-02 16:10:18
4922,15,21.6,185.6,24.1,8.71,0,2026-08-02 16:18:18
4923,41,25.9,239.9,22.1,10.06,0,2026-08-02 16:26:18
4924,6,22.8,251.1,21.5,9.82,0,2026-08-02 16:34:18
4925,30,24.0,221.6,23.6,9.33,0,2026-08-02 16:42:18
4926,13,27.9,297.3,23.7,11.51,0,2026-08-02 16:50:18
4927,45,24.8,247.7,22.7,10.22,0,2026-08-02 16:58:18
4928,43,28.0,303.2,22.3,12.0,0,2026-08-02 17:06:18
4929,37,27.0,257.9,23.6,10.44,0,2026-08-02 17:14:18
4930,50,30.8,347.9,23.6,12.02,0,2026-08-02 17:22:18
4931,35,33.4,365.2,26.7,12.55,0,2026-08-02 17:30:18
4932,40,31.5,327.5,26.2,13.08,0,2026-08-02 17:38:18
4933,49,31.9,372.5,22.8,13.6,0,2026-08-02 17:46:18
4934,26,36.7,418.2,24.9,14.76,0,2026-08-02 17:54:18
4935,26,37.8,303.2,23.8,15.47,0,2026-08-02 18:02:18
4936,2,33.6,402.6,23.1,13.68,0,2026-08-02 18:10:18
4937,39,38.5,443.0,27.0,16.31,0,2026-08-02 18:18:18
4938,50,36.4,335.4,25.6,14.69,0,2026-08-02 18:26:18
4939,31,36.3,424.9,24.3,14.56,0,2026-08-02 18:34:18
4940,24,38.1,327.6,26.8,15.44,0,2026-08-02 18:42:18
4941,9,38.3,412.4,24.5,14.49,0,2026-08-02 18:50:18
4942,23,44.6,412.4,27.2,18.81,0,2026-08-02 18:58:18
4943,10,43.8,399.5,27.2,17.97,0,2026-08-02 19:06:18
4944,6,46.2,528.1,28.2,17.61,0,2026-08-02 19:14:18
4945,31,44.4,501.6,27.2,17.11,0,2026-08-02 19:22:18
4946,32,46.2,484.8,25.1,18.32,0,2026-08-02 19:30:18
4947,6,44.6,454.0,26.9,18.28,0,2026-08-02 19:38:18
4948,26,49.0,396.3,26.5,20.4,0,2026-08-02 19:46:18
4949,22,48.3,479.2,28.7,20.08,0,2026-08-02 19:54:18
4950,3,53.0,587.7,27.6,20.66,0,2026-08-02 20:02:18
4951,2,48.2,523.6,27.6,18.37,0,2026-08-02 20:10:18
4952,45,54.3,614.9,28.9,22.63,0,2026-08-02 20:18:18
4953,13,51.2,582.9,28.0,20.78,0,2026-08-02 20:26:18
4954,15,56.8,624.3,27.7,22.39,0,2026-08-02 20:34:18
4955,14,55.0,610.5,26.4,21.92,0,2026-08-02 20:42:18
4956,50,54.9,558.5,26.8,21.27,0,2026-08-02 20:50:18
4957,32,55.1,641.4,26.8,22.47,0,2026-08-02 20:58:18
4958,44,60.8,523.9,28.4,23.98,0,2026-08-02 21:06:18
4959,30,59.9,562.6,28.9,24.8,0,2026-08-02 21:14:18
4960,29,61.3,623.9,30.8,23.81,0,2026-08-02 21:22:18
4961,23,63.9,627.5,27.9,24.84,0,2026-08-02 21:30:18
4962,30,62.4,590.1,30.8,24.52,0,2026-08-02 21:38:18
4963,49,60.3,722.0,30.7,24.59,0,2026-08-02 21:46:18
4964,38,66.3,757.2,29.1,27.03,0,2026-08-02 21:54:18
4965,50,64.6,625.4,29.8,25.87,0,2026-08-02 22:02:18
4966,9,63.6,675.6,28.7,24.59,0,2026-08-02 22:10:18
4967,38,68.1,673.6,30.9,26.31,0,2026-08-02 22:18:18
4968,20,70.3,727.3,30.3,28.37,0,2026-08-02 22:26:18
4969,31,69.8,583.4,29.5,27.88,0,2026-08-02 22:34:18
4970,38,72.9,777.0,31.2,29.37,0,2026-08-02 22:42:18
4971,27,72.3,848.5,31.1,29.22,0,2026-08-02 22:50:18
4972,32,74.8,765.2,33.1,30.12,0,2026-08-02 22:58:18
4973,7,73.9,803.3,31.2,29.9,0,2026-08-02 23:06:18
4974,45,72.6,709.2,30.4,29.28,0,2026-08-02 23:14:18
4975,6,73.4,624.5,29.4,30.17,0,2026-08-02 23:22:18
4976,13,75.4,775.9,31.0,30.16,0,2026-08-02 23:30:18
4977,35,76.2,664.2,31.1,29.82,0,2026-08-02 23:38:18
4978,13,78.1,719.4,30.6,31.64,0,2026-08-02 23:46:18
4979,38,81.8,689.4,30.4,32.52,0,2026-08-02 23:54:18
4980,24,79.2,898.5,33.0,31.58,0,2026-08-03 00:02:18
4981,26,83.1,767.4,31.8,33.11,0,2026-08-03 00:10:18
4982,23,80.1,646.9,33.2,32.32,0,2026-08-03 00:18:18
4983,9,84.1,786.5,34.1,32.87,0,2026-08-03 00:26:18
4984,24,82.8,917.2,31.2,33.09,0,2026-08-03 00:34:18
4985,12,85.3,883.6,32.8,34.06,1,2026-08-03 00:42:18
4986,19,83.5,835.8,31.9,33.76,0,2026-08-03 00:50:18
4987,15,87.8,794.0,34.5,34.98,1,2026-08-03 00:58:18
4988,42,88.4,1005.2,34.5,34.47,1,2026-08-03 01:06:18
4989,17,87.5,918.5,33.1,34.25,1,2026-08-03 01:14:18
4990,22,90.3,1070.8,34.4,35.9,1,2026-08-03 01:22:18
4991,11,91.6,812.0,32.2,36.69,1,2026-08-03 01:30:18
4992,36,91.0,874.7,34.2,36.41,1,2026-08-03 01:38:18
4993,36,92.0,826.5,34.1,36.77,1,2026-08-03 01:46:18
4994,42,95.4,899.2,33.0,38.71,1,2026-08-03 01:54:18
4995,17,95.6,961.3,33.6,37.85,1,2026-08-03 02:02:18
4996,49,95.9,972.0,34.2,37.56,1,2026-08-03 02:10:18
4997,38,96.6,911.3,35.9,37.64,1,2026-08-03 02:18:18
4998,7,98.9,1070.2,36.7,38.58,1,2026-08-03 02:26:18
4999,24,96.5,1110.7,34.0,39.35,1,2026-08-03 02:34:18
5000,25,5.0,50.3,20.1,2.95,0,2026-08-03 02:42:18
5001,4,5.0,40.4,22.4,1.7,0,2026-08-03 02:50:18
5002,22,5.0,51.8,22.5,1.39,0,2026-08-03 02:58:18
5003,16,5.7,49.0,22.2,2.35,0,2026-08-03 03:06:18
5004,48,5.0,43.6,21.9,1.45,0,2026-08-03 03:14:18
5005,24,5.0,47.3,18.9,2.37,0,2026-08-03 03:22:18
5006,22,7.0,67.7,20.1,1.99,0,2026-08-03 03:30:18
5007,19,8.9,77.3,21.9,3.38,0,2026-08-03 03:38:18
5008,8,8.9,89.5,19.9,3.83,0,2026-08-03 03:46:18
5009,17,8.3,76.7,22.4,4.09,0,2026-08-03 03:54:18
5010,48,10.8,97.8,20.6,5.16,0,2026-08-03 04:02:18
5011,19,9.8,94.5,22.9,3.59,0,2026-08-03 04:10:18
5012,28,10.0,82.7,21.8,4.73,0,2026-08-03 04:18:18
5013,48,15.9,145.0,24.2,6.45,0,2026-08-03 04:26:18
5014,36,15.1,170.1,22.6,6.02,0,2026-08-03 04:34:18
5015,3,17.2,156.9,20.7,7.37,0,2026-08-03 04:42:18
5016,45,16.8,194.9,22.7,6.34,0,2026-08-03 04:50:18
5017,8,19.1,180.7,21.6,7.0,0,2026-08-03 04:58:18
5018,10,19.2,193.8,23.3,7.73,0,2026-08-03 05:06:18
5019,1,20.1,178.3,23.4,8.62,0,2026-08-03 05:14:18
5020,37,18.3,157.9,23.7,6.46,0,2026-08-03 05:22:18
5021,14,22.7,234.8,23.0,8.56,0,2026-08-03 05:30:18
5022,49,23.7,216.3,23.5,10.38,0,2026-08-03 05:38:18
5023,38,25.8,269.9,22.7,10.09,0,2026-08-03 05:46:18
5024,7,21.9,243.7,25.1,8.47,0,2026-08-03 05:54:18
5025,5,27.2,322.3,24.4,10.86,0,2026-08-03 06:02:18
5026,40,27.4,233.8,23.4,11.87,0,2026-08-03 06:10:18
5027,19,29.4,319.6,23.1,12.76,0,2026-08-03 06:18:18
5028,17,26.6,221.2,25.6,11.16,0,2026-08-03 06:26:18
5029,29,30.7,254.1,22.8,13.26,0,2026-08-03 06:34:18
5030,30,28.2,248.8,22.6,11.22,0,2026-08-03 06:42:18
5031,43,30.3,354.9,25.4,11.22,0,2026-08-03 06:50:18
5032,30,33.2,367.4,25.5,12.61,0,2026-08-03 06:58:18
5033,44,30.9,281.3,22.7,12.92,0,2026-08-03 07:06:18
5034,37,34.3,324.3,23.8,13.32,0,2026-08-03 07:14:18
5035,40,34.5,355.2,23.7,13.29,0,2026-08-03 07:22:18
5036,7,33.9,353.5,26.7,14.53,0,2026-08-03 07:30:18
5037,46,36.4,355.3,26.0,13.96,0,2026-08-03 07:38:18
5038,48,38.0,325.7,25.4,15.57,0,2026-08-03 07:46:18
5039,39,36.2,333.9,24.5,15.36,0,2026-08-03 07:54:18
5040,9,38.4,444.5,23.8,16.12,0,2026-08-03 08:02:18
5041,48,39.6,455.3,27.7,16.13,0,2026-08-03 08:10:18
5042,25,39.0,456.4,26.9,14.7,0,2026-08-03 08:18:18
5043,48,40.2,340.6,27.1,16.06,0,2026-08-03 08:26:18
5044,49,46.2,554.0,27.1,18.71,0,2026-08-03 08:34:18
5045,13,46.5,461.8,25.6,18.45,0,2026-08-03 08:42:18
5046,48,45.4,491.4,28.7,18.17,0,2026-08-03 08:50:18
5047,46,46.4,489.7,28.5,17.57,0,2026-08-03 08:58:18
5048,28,49.1,464.1,28.8,20.28,0,2026-08-03 09:06:18
5049,39,50.7,485.9,25.7,19.55,0,2026-08-03 09:14:18
5050,50,51.0,423.1,27.5,19.93,0,2026-08-03 09:22:18
5051,5,51.2,417.6,27.7,20.09,0,2026-08-03 09:30:18
5052,24,53.4,557.1,29.7,21.95,0,2026-08-03 09:38:18
5053,46,52.1,498.9,27.6,21.09,0,2026-08-03 09:46:18
5054,26,52.3,439.8,27.5,20.3,0,2026-08-03 09:54:18
5055,5,55.2,651.4,26.6,23.03,0,2026-08-03 10:02:18
5056,30,54.5,568.4,26.8,22.16,0,2026-08-03 10:10:18
5057,35,55.4,524.0,27.2,22.84,0,2026-08-03 10:18:18
5058,50,60.8,702.5,27.3,25.1,0,2026-08-03 10:26:18
5059,39,57.9,586.3,27.0,22.36,0,2026-08-03 10:34:18
5060,6,58.8,529.9,28.7,24.49,0,2026-08-03 10:42:18
5061,25,58.0,601.0,29.0,23.3,0,2026-08-03 10:50:18
5062,33,61.0,646.0,27.7,24.75,0,2026-08-03 10:58:18
5063,44,62.6,561.4,29.3,24.47,0,2026-08-03 11:06:18
5064,41,65.4,613.0,29.7,26.55,0,2026-08-03 11:14:18
5065,23,63.5,706.3,27.7,24.96,0,2026-08-03 11:22:18
5066,5,67.0,790.2,30.5,26.88,0,2026-08-03 11:30:18
5067,25,64.7,629.5,28.7,25.21,0,2026-08-03 11:38:18
5068,39,70.1,733.9,29.5,27.73,0,2026-08-03 11:46:18
5069,26,69.3,586.1,31.8,28.49,0,2026-08-03 11:54:18
5070,10,71.2,707.4,32.3,29.08,0,2026-08-03 12:02:18
5071,29,70.6,673.7,31.3,29.21,0,2026-08-03 12:10:18
5072,11,70.1,773.6,30.0,27.86,0,2026-08-03 12:18:18
5073,11,74.4,714.9,29.2,30.35,0,2026-08-03 12:26:18
5074,38,73.6,768.0,30.8,29.87,0,2026-08-03 12:34:18
5075,15,72.6,784.7,29.5,29.95,0,2026-08-03 12:42:18
5076,16,78.3,736.8,33.5,31.15,0,2026-08-03 12:50:18
5077,49,74.8,627.6,31.2,29.37,0,2026-08-03 12:58:18
5078,3,76.0,893.1,31.9,31.38,0,2026-08-03 13:06:18
5079,42,80.1,795.0,31.1,32.65,0,2026-08-03 13:14:18
5080,15,82.7,963.0,31.1,33.33,0,2026-08-03 13:22:18
5081,46,81.1,754.5,33.7,33.06,0,2026-08-03 13:30:18
5082,33,82.2,925.3,31.1,33.24,0,2026-08-03 13:38:18
5083,43,83.3,748.9,31.5,32.43,0,2026-08-03 13:46:18
5084,23,82.3,981.7,32.5,33.9,0,2026-08-03 13:54:18
5085,4,82.0,686.6,32.6,32.87,0,2026-08-03 14:02:18
5086,34,86.1,717.0,33.3,34.01,1,2026-08-03 14:10:18
5087,28,87.2,1021.8,34.8,35.28,1,2026-08-03 14:18:18
5088,24,90.8,1001.7,34.4,36.81,1,2026-08-03 14:26:18
5089,35,86.2,919.4,32.4,33.75,1,2026-08-03 14:34:18
5090,40,89.5,895.4,33.1,35.26,1,2026-08-03 14:42:18
5091,38,92.7,896.5,34.4,36.85,1,2026-08-03 14:50:18
5092,40,94.4,826.7,32.3,38.7,1,2026-08-03 14:58:18
5093,37,94.3,1043.2,33.5,38.49,1,2026-08-03 15:06:18
5094,33,92.3,991.8,34.9,36.56,1,2026-08-03 15:14:18
5095,10,96.3,980.9,34.6,37.57,1,2026-08-03 15:22:18
5096,12,96.6,896.1,35.6,38.58,1,2026-08-03 15:30:18
5097,14,95.7,906.3,33.0,38.36,1,2026-08-03 15:38:18
5098,7,95.6,939.1,32.5,37.89,1,2026-08-03 15:46:18
5099,49,100.0,875.1,36.9,40.41,1,2026-08-03 15:54:18
5100,9,5.0,58.5,19.9,1.97,0,2026-08-03 16:02:18
5101,1,5.0,49.6,19.4,2.35,0,2026-08-03 16:10:18
5102,29,5.0,41.5,20.5,2.49,0,2026-08-03 16:18:18
5103,31,5.0,52.5,21.0,2.9,0,2026-08-03 16:26:18
5104,45,5.0,44.5,22.5,2.56,0,2026-08-03 16:34:18
5105,45,6.3,62.6,20.3,2.78,0,2026-08-03 16:42:18
5106,1,5.0,41.4,20.8,2.72,0,2026-08-03 16:50:18
5107,6,5.0,50.0,22.2,2.72,0,2026-08-03 16:58:18
5108,13,9.9,81.4,22.4,3.8,0,2026-08-03 17:06:18
5109,21,6.0,59.9,22.3,2.01,0,2026-08-03 17:14:18
5110,41,10.1,108.7,20.3,4.83,0,2026-08-03 17:22:18
5111,32,13.5,155.4,21.0,6.15,0,2026-08-03 17:30:18
5112,8,13.1,145.6,22.2,5.43,0,2026-08-03 17:38:18
5113,5,15.7,174.3,22.4,5.9,0,2026-08-03 17:46:18
5114,6,13.2,137.8,21.5,5.04,0,2026-08-03 17:54:18
5115,6,14.4,165.6,23.5,5.93,0,2026-08-03 18:02:18
5116,43,18.4,154.6,23.9,7.54,0,2026-08-03 18:10:18
5117,19,17.7,186.0,24.6,6.52,0,2026-08-03 18:18:18
5118,11,18.7,187.6,24.6,7.39,0,2026-08-03 18:26:18
5119,36,21.9,200.0,23.2,8.52,0,2026-08-03 18:34:18
5120,49,17.5,167.8,20.9,7.17,0,2026-08-03 18:42:18
5121,26,18.6,189.6,21.9,7.96,0,2026-08-03 18:50:18
5122,45,21.7,176.4,22.5,8.84,0,2026-08-03 18:58:18
5123,12,20.2,163.0,22.6,9.03,0,2026-08-03 19:06:18
5124,42,23.3,237.9,21.9,9.23,0,2026-08-03 19:14:18
5125,49,26.3,213.7,24.7,10.63,0,2026-08-03 19:22:18
5126,8,25.3,262.4,24.5,11.01,0,2026-08-03 19:30:18
5127,3,24.1,250.0,22.1,9.55,0,2026-08-03 19:38:18
5128,16,27.9,280.7,22.6,11.73,0,2026-08-03 19:46:18
5129,42,27.2,281.5,24.4,11.7,0,2026-08-03 19:54:18
5130,29,28.1,250.6,25.3,10.92,0,2026-08-03 20:02:18
5131,50,32.3,381.1,22.9,13.08,0,2026-08-03 20:10:18
5132,13,32.8,334.0,22.9,12.94,0,2026-08-03 20:18:18
5133,6,34.7,281.9,23.4,14.01,0,2026-08-03 20:26:18
5134,50,35.1,342.7,26.2,14.45,0,2026-08-03 20:34:18
5135,9,33.0,331.7,25.1,13.73,0,2026-08-03 20:42:18
5136,27,35.7,361.7,23.9,14.68,0,2026-08-03 20:50:18
5137,6,39.6,423.4,27.4,15.05,0,2026-08-03 20:58:18
5138,40,40.5,381.3,25.8,16.67,0,2026-08-03 21:06:18
5139,32,36.1,360.6,26.1,15.1,0,2026-08-03 21:14:18
5140,35,40.4,411.7,26.5,16.06,0,2026-08-03 21:22:18
5141,46,42.6,510.7,27.2,16.73,0,2026-08-03 21:30:18
5142,2,39.2,451.9,27.8,15.56,0,2026-08-03 21:38:18
5143,23,41.0,414.1,25.4,16.53,0,2026-08-03 21:46:18
5144,48,46.6,406.4,28.8,19.35,0,2026-08-03 21:54:18
5145,22,43.3,365.0,26.6,17.54,0,2026-08-03 22:02:18
5146,39,45.7,392.9,28.5,17.93,0,2026-08-03 22:10:18
5147,44,46.2,546.2,27.1,17.91,0,2026-08-03 22:18:18
5148,30,47.8,535.9,27.7,18.86,0,2026-08-03 22:26:18
5149,49,50.1,460.8,27.1,20.98,0,2026-08-03 22:34:18
5150,21,50.7,418.9,28.1,19.62,0,2026-08-03 22:42:18
5151,34,48.1,508.9,27.9,19.37,0,2026-08-03 22:50:18
5152,43,51.3,595.3,28.1,20.28,0,2026-08-03 22:58:18
5153,8,50.1,585.7,29.4,20.27,0,2026-08-03 23:06:18
5154,26,51.8,521.5,29.2,21.29,0,2026-08-03 23:14:18
5155,18,52.2,584.9,29.4,20.66,0,2026-08-03 23:22:18
5156,24,57.5,461.0,29.8,23.85,0,2026-08-03 23:30:18
5157,45,58.3,576.1,26.9,23.63,0,2026-08-03 23:38:18
5158,13,55.1,612.0,27.9,21.9,0,2026-08-03 23:46:18
5159,15,60.0,615.2,30.2,23.24,0,2026-08-03 23:54:18
5160,11,61.1,613.8,28.2,24.89,0,2026-08-04 00:02:18
5161,49,60.5,689.5,28.3,24.62,0,2026-08-04 00:10:18
5162,33,62.6,687.0,31.0,24.5,0,2026-08-04 00:18:18
5163,21,62.4,549.0,27.6,23.97,0,2026-08-04 00:26:18
5164,30,61.1,546.8,30.2,23.76,0,2026-08-04 00:34:18
5165,19,65.5,599.5,29.2,26.49,0,2026-08-04 00:42:18
5166,12,66.2,627.4,30.3,26.29,0,2026-08-04 00:50:18
5167,37,67.2,794.8,28.4,26.76,0,2026-08-04 00:58:18
5168,4,69.0,826.3,32.2,28.32,0,2026-08-04 01:06:18
5169,30,66.5,765.2,29.5,27.29,0,2026-08-04 01:14:18
5170,25,70.3,715.1,29.1,28.74,0,2026-08-04 01:22:18
5171,24,69.5,714.5,29.6,28.62,0,2026-08-04 01:30:18
5172,30,73.1,851.7,29.1,28.66,0,2026-08-04 01:38:18
5173,19,72.7,670.6,32.0,29.57,0,2026-08-04 01:46:18
5174,13,72.7,863.7,30.3,29.35,0,2026-08-04 01:54:18
5175,7,75.5,686.9,33.2,29.38,0,2026-08-04 02:02:18
5176,10,77.6,733.2,32.0,31.27,0,2026-08-04 02:10:18
5177,31,77.1,900.5,30.2,30.58,0,2026-08-04 02:18:18
5178,50,76.5,851.6,29.5,31.4,0,2026-08-04 02:26:18
5179,29,78.3,741.1,31.7,30.46,0,2026-08-04 02:34:18
5180,9,77.8,892.5,30.5,32.02,0,2026-08-04 02:42:18
5181,24,79.0,787.7,31.9,30.6,0,2026-08-04 02:50:18
5182,30,79.2,723.3,33.5,32.4,0,2026-08-04 02:58:18
5183,17,82.5,801.0,32.0,33.96,0,2026-08-04 03:06:18
5184,48,81.4,907.2,32.0,32.25,0,2026-08-04 03:14:18
5185,50,87.8,1047.0,34.1,35.37,1,2026-08-04 03:22:18
5186,27,87.5,952.4,32.7,34.73,1,2026-08-04 03:30:18
5187,5,90.0,842.0,33.5,36.09,1,2026-08-04 03:38:18
5188,18,85.7,900.5,33.4,33.63,1,2026-08-04 03:46:18
5189,6,88.0,1016.2,34.0,35.31,1,2026-08-04 03:54:18
5190,8,88.6,814.1,33.9,36.08,1,2026-08-04 04:02:18
5191,17,91.1,864.7,33.2,35.99,1,2026-08-04 04:10:18
5192,39,93.2,1020.5,34.8,36.57,1,2026-08-04 04:18:18
5193,4,90.6,891.1,32.0,36.48,1,2026-08-04 04:26:18
5194,41,92.2,1058.3,35.6,37.38,1,2026-08-04 04:34:18
5195,45,95.2,1079.9,34.4,37.3,1,2026-08-04 04:42:18
5196,42,97.2,889.5,34.0,38.81,1,2026-08-04 04:50:18
5197,33,94.2,969.8,35.6,38.27,1,2026-08-04 04:58:18
5198,47,98.7,984.4,36.7,38.99,1,2026-08-04 05:06:18
5199,49,100.0,1105.9,35.1,39.21,1,2026-08-04 05:14:18
5200,15,5.0,54.2,21.3,2.38,0,2026-08-04 05:22:18
5201,9,5.0,54.1,21.4,2.34,0,2026-08-04 05:30:18
5202,12,5.0,51.6,20.7,2.52,0,2026-08-04 05:38:18
5203,9,5.0,48.8,22.0,2.94,0,2026-08-04 05:46:18
5204,32,5.0,42.9,20.5,2.4,0,2026-08-04 05:54:18
5205,48,7.4,67.6,22.8,3.45,0,2026-08-04 06:02:18
5206,18,6.7,71.3,21.9,2.56,0,2026-08-04 06:10:18
5207,34,9.7,79.5,21.1,3.23,0,2026-08-04 06:18:18
5208,33,6.3,65.4,19.2,1.81,0,2026-08-04 06:26:18
5209,25,7.6,90.4,22.6,2.58,0,2026-08-04 06:34:18
5210,21,8.7,72.7,21.1,3.6,0,2026-08-04 06:42:18
5211,46,9.8,113.7,21.6,4.85,0,2026-08-04 06:50:18
5212,5,11.0,94.8,21.7,4.14,0,2026-08-04 06:58:18
5213,14,15.9,176.2,24.1,6.95,0,2026-08-04 07:06:18
5214,5,11.5,100.3,20.6,4.9,0,2026-08-04 07:14:18
5215,19,15.8,160.0,22.3,7.23,0,2026-08-04 07:22:18
5216,32,18.2,212.8,21.0,8.22,0,2026-08-04 07:30:18
5217,46,16.5,177.4,23.1,7.09,0,2026-08-04 07:38:18
5218,45,19.8,216.3,24.8,7.88,0,2026-08-04 07:46:18
5219,33,17.3,180.8,22.6,7.75,0,2026-08-04 07:54:18
5220,31,21.6,230.8,23.1,8.89,0,2026-08-04 08:02:18
5221,14,23.7,256.3,24.9,10.24,0,2026-08-04 08:10:18
5222,3,22.4,262.8,23.7,8.66,0,2026-08-04 08:18:18
5223,10,24.1,201.5,21.7,9.28,0,2026-08-04 08:26:18
5224,37,26.0,309.7,24.7,11.12,0,2026-08-04 08:34:18
5225,16,25.0,262.4,23.5,9.06,0,2026-08-04 08:42:18
5226,18,28.0,259.2,22.7,10.74,0,2026-08-04 08:50:18
5227,8,25.5,303.5,24.0,9.4,0,2026-08-04 08:58:18
5228,28,25.4,223.9,25.4,9.73,0,2026-08-04 09:06:18
5229,32,30.2,245.5,24.8,13.04,0,2026-08-04 09:14:18
5230,1,32.4,315.2,23.8,12.1,0,2026-08-04 09:22:18
5231,24,28.9,244.9,25.8,12.09,0,2026-08-04 09:30:18
5232,3,32.9,372.4,25.6,13.39,0,2026-08-04 09:38:18
5233,13,33.3,352.3,25.3,13.38,0,2026-08-04 09:46:18
5234,12,35.4,413.0,26.7,14.05,0,2026-08-04 09:54:18
5235,9,32.7,376.6,26.1,12.5,0,2026-08-04 10:02:18
5236,21,35.1,381.6,27.3,13.05,0,2026-08-04 10:10:18
5237,33,39.2,422.8,24.9,15.18,0,2026-08-04 10:18:18
5238,20,38.8,337.0,25.2,15.38,0,2026-08-04 10:26:18
5239,28,39.9,452.7,24.7,16.84,0,2026-08-04 10:34:18
5240,33,37.8,404.2,25.6,15.31,0,2026-08-04 10:42:18
5241,6,39.4,416.6,26.1,16.08,0,2026-08-04 10:50:18
5242,20,41.4,408.1,27.6,15.99,0,2026-08-04 10:58:18
5243,16,45.9,389.2,28.4,18.79,0,2026-08-04 11:06:18
5244,38,44.7,414.9,26.2,18.8,0,2026-08-04 11:14:18
5245,30,43.4,397.6,28.5,17.15,0,2026-08-04 11:22:18
5246,28,47.9,454.2,28.9,19.28,0,2026-08-04 11:30:18
5247,6,48.8,432.9,27.0,19.6,0,2026-08-04 11:38:18
5248,35,50.8,491.0,29.4,20.98,0,2026-08-04 11:46:18
5249,49,48.9,559.7,25.6,20.05,0,2026-08-04 11:54:18
5250,37,49.9,550.4,28.4,20.34,0,2026-08-04 12:02:18
5251,29,48.4,496.8,25.8,19.75,0,2026-08-04 12:10:18
5252,38,52.9,515.9,26.3,20.64,0,2026-08-04 12:18:18
5253,37,52.6,469.4,26.0,20.59,0,2026-08-04 12:26:18
5254,49,54.3,470.5,26.2,22.31,0,2026-08-04 12:34:18
5255,14,55.8,640.2,28.6,22.85,0,2026-08-04 12:42:18
5256,7,56.1,595.5,26.6,22.69,0,2026-08-04 12:50:18
5257,32,56.7,510.0,26.6,21.83,0,2026-08-04 12:58:18
5258,32,57.5,477.4,27.5,22.71,0,2026-08-04 13:06:18
5259,1,60.0,509.8,29.7,23.74,0,2026-08-04 13:14:18
5260,23,59.7,635.2,29.6,23.66,0,2026-08-04 13:22:18
5261,41,60.4,598.9,27.7,24.56,0,2026-08-04 13:30:18
5262,29,62.4,739.1,30.3,24.73,0,2026-08-04 13:38:18
5263,35,64.8,540.3,29.2,26.85,0,2026-08-04 13:46:18
5264,45,64.2,648.6,31.5,26.38,0,2026-08-04 13:54:18
5265,12,64.8,685.6,31.4,26.22,0,2026-08-04 14:02:18
5266,19,67.6,690.2,30.5,26.71,0,2026-08-04 14:10:18
5267,46,67.6,742.2,28.3,27.86,0,2026-08-04 14:18:18
5268,18,66.1,766.7,30.9,25.83,0,2026-08-04 14:26:18
5269,36,68.1,618.2,29.7,26.25,0,2026-08-04 14:34:18
5270,35,67.8,751.5,30.9,27.43,0,2026-08-04 14:42:18
5271,21,72.8,788.4,32.5,29.63,0,2026-08-04 14:50:18
5272,29,71.1,723.7,30.2,28.48,0,2026-08-04 14:58:18
5273,19,75.8,879.0,30.9,30.43,0,2026-08-04 15:06:18
5274,24,73.6,734.2,29.8,29.2,0,2026-08-04 15:14:18
5275,26,75.0,624.8,29.7,30.19,0,2026-08-04 15:22:18
5276,12,74.6,788.1,33.0,30.82,0,2026-08-04 15:30:18
5277,2,78.8,866.2,33.7,32.26,0,2026-08-04 15:38:18
5278,15,75.2,711.0,31.3,30.74,0,2026-08-04 15:46:18
5279,16,79.9,706.6,31.3,32.5,0,2026-08-04 15:54:18
5280,41,77.1,816.7,33.3,29.92,0,2026-08-04 16:02:18
5281,24,78.2,711.9,32.3,31.75,0,2026-08-04 16:10:18
5282,36,83.9,937.7,32.2,32.78,0,2026-08-04 16:18:18
5283,10,80.8,760.8,33.6,33.06,0,2026-08-04 16:26:18
5284,41,83.6,986.9,33.6,33.12,0,2026-08-04 16:34:18
5285,35,87.8,970.5,31.3,34.97,1,2026-08-04 16:42:18
5286,11,84.5,842.4,34.4,33.87,0,2026-08-04 16:50:18
5287,24,88.4,923.4,32.6,34.98,1,2026-08-04 16:58:18
5288,11,90.2,845.0,32.3,36.99,1,2026-08-04 17:06:18
5289,49,87.6,889.9,32.0,34.58,1,2026-08-04 17:14:18
5290,39,87.1,967.8,33.6,34.4,1,2026-08-04 17:22:18
5291,19,93.2,908.3,34.6,36.39,1,2026-08-04 17:30:18
5292,22,89.2,861.1,34.3,35.21,1,2026-08-04 17:38:18
5293,48,92.3,826.6,35.8,37.07,1,2026-08-04 17:46:18
5294,20,95.9,829.3,35.8,38.21,1,2026-08-04 17:54:18
5295,7,92.4,1011.9,34.0,36.96,1,2026-08-04 18:02:18
5296,29,95.7,1000.9,32.8,37.4,1,2026-08-04 18:10:18
5297,1,96.0,974.7,32.8,38.89,1,2026-08-04 18:18:18
5298,7,97.0,937.0,34.6,38.16,1,2026-08-04 18:26:18
5299,11,97.3,1018.5,33.4,39.07,1,2026-08-04 18:34:18
5300,13,5.0,55.3,20.3,1.39,0,2026-08-04 18:42:18
5301,22,5.0,59.5,20.4,2.66,0,2026-08-04 18:50:18
5302,40,5.0,41.6,18.9,2.84,0,2026-08-04 18:58:18
5303,44,5.0,50.4,19.5,2.95,0,2026-08-04 19:06:18
5304,7,6.4,53.5,19.9,2.85,0,2026-08-04 19:14:18
5305,15,5.0,43.1,21.9,2.5,0,2026-08-04 19:22:18
5306,21,5.7,60.5,22.0,2.02,0,2026-08-04 19:30:18
5307,7,9.1,88.7,19.9,2.69,0,2026-08-04 19:38:18
5308,23,7.4,81.4,21.7,3.23,0,2026-08-04 19:46:18
5309,48,9.3,109.0,23.0,3.24,0,2026-08-04 19:54:18
5310,18,8.1,75.6,20.6,2.97,0,2026-08-04 20:02:18
5311,13,10.2,93.4,22.4,3.46,0,2026-08-04 20:10:18
5312,9,9.1,74.2,19.8,2.94,0,2026-08-04 20:18:18
5313,44,14.5,154.2,22.1,4.96,0,2026-08-04 20:26:18
5314,37,13.5,110.5,21.5,5.56,0,2026-08-04 20:34:18
5315,28,14.0,140.8,23.5,6.36,0,2026-08-04 20:42:18
5316,6,15.3,154.4,24.2,5.71,0,2026-08-04 20:50:18
5317,49,14.0,155.9,23.6,5.9,0,2026-08-04 20:58:18
5318,17,18.1,208.1,22.6,7.12,0,2026-08-04 21:06:18
5319,38,21.3,204.8,21.3,8.66,0,2026-08-04 21:14:18
5320,4,18.9,207.0,23.0,8.08,0,2026-08-04 21:22:18
5321,18,23.9,232.3,23.4,9.97,0,2026-08-04 21:30:18
5322,7,19.5,203.3,21.3,7.65,0,2026-08-04 21:38:18
5323,49,23.0,203.2,21.9,9.58,0,2026-08-04 21:46:18
5324,16,26.8,239.1,26.0,9.9,0,2026-08-04 21:54:18
5325,19,27.4,292.0,24.2,10.47,0,2026-08-04 22:02:18
5326,17,24.1,205.6,24.9,9.28,0,2026-08-04 22:10:18
5327,9,26.2,236.5,23.8,10.71,0,2026-08-04 22:18:18
5328,48,28.2,252.1,25.5,11.43,0,2026-08-04 22:26:18
5329,37,26.8,280.6,23.4,9.72,0,2026-08-04 22:34:18
5330,38,28.4,335.4,25.3,11.57,0,2026-08-04 22:42:18
5331,39,32.8,388.8,25.0,13.49,0,2026-08-04 22:50:18
5332,5,33.1,347.6,25.7,13.74,0,2026-08-04 22:58:18
5333,42,30.6,316.6,24.3,12.5,0,2026-08-04 23:06:18
5334,13,32.2,385.4,24.6,12.65,0,2026-08-04 23:14:18
5335,38,34.0,361.8,26.3,14.27,0,2026-08-04 23:22:18
5336,31,36.2,313.1,26.3,14.81,0,2026-08-04 23:30:18
5337,3,34.6,409.4,26.0,13.31,0,2026-08-04 23:38:18
5338,40,36.0,420.2,27.0,13.64,0,2026-08-04 23:46:18
5339,28,36.8,402.4,25.9,15.54,0,2026-08-04 23:54:18
5340,29,41.0,463.5,27.3,17.32,0,2026-08-05 00:02:18
5341,18,38.4,395.7,25.8,15.19,0,2026-08-05 00:10:18
5342,1,44.4,496.0,27.5,18.55,0,2026-08-05 00:18:18
5343,21,43.8,454.4,27.6,16.74,0,2026-08-05 00:26:18
5344,35,42.6,397.5,27.8,16.34,0,2026-08-05 00:34:18
5345,21,45.6,432.3,26.8,18.2,0,2026-08-05 00:42:18
5346,43,44.3,455.2,26.1,18.71,0,2026-08-05 00:50:18
5347,13,45.6,497.2,28.4,18.41,0,2026-08-05 00:58:18
5348,37,47.3,399.8,27.8,19.28,0,2026-08-05 01:06:18
5349,31,50.0,591.9,26.6,20.7,0,2026-08-05 01:14:18
5350,8,50.7,572.1,28.3,20.95,0,2026-08-05 01:22:18
5351,41,49.9,487.6,28.1,20.31,0,2026-08-05 01:30:18
5352,24,49.5,535.3,29.3,19.72,0,2026-08-05 01:38:18
5353,34,53.5,552.7,29.2,21.75,0,2026-08-05 01:46:18
5354,2,52.8,542.7,26.3,22.03,0,2026-08-05 01:54:18
5355,36,56.2,672.0,28.6,22.73,0,2026-08-05 02:02:18
5356,1,53.2,433.7,29.2,21.72,0,2026-08-05 02:10:18
5357,47,58.3,616.6,30.5,23.96,0,2026-08-05 02:18:18
5358,39,57.9,565.1,27.6,22.67,0,2026-08-05 02:26:18
5359,24,57.8,504.6,29.9,23.99,0,2026-08-05 02:34:18
5360,29,60.3,689.3,28.1,23.43,0,2026-08-05 02:42:18
5361,6,63.7,695.5,28.0,25.09,0,2026-08-05 02:50:18
5362,18,59.6,506.8,27.2,23.01,0,2026-08-05 02:58:18
5363,5,63.4,740.5,28.2,26.21,0,2026-08-05 03:06:18
5364,36,61.3,699.8,29.7,23.64,0,2026-08-05 03:14:18
5365,36,64.7,744.9,28.3,25.38,0,2026-08-05 03:22:18
5366,41,65.2,565.9,29.3,25.51,0,2026-08-05 03:30:18
5367,18,65.0,764.6,28.1,25.61,0,2026-08-05 03:38:18
5368,21,66.4,653.2,28.8,25.77,0,2026-08-05 03:46:18
5369,11,70.1,784.8,30.8,28.88,0,2026-08-05 03:54:18
5370,30,69.2,744.7,31.1,27.45,0,2026-08-05 04:02:18
5371,18,70.7,723.5,29.4,27.6,0,2026-08-05 04:10:18
5372,13,73.6,840.1,32.9,29.24,0,2026-08-05 04:18:18
5373,8,75.2,758.3,31.6,30.39,0,2026-08-05 04:26:18
5374,13,71.7,763.6,31.5,29.06,0,2026-08-05 04:34:18
5375,48,75.5,708.6,30.4,30.0,0,2026-08-05 04:42:18
5376,42,78.5,758.7,31.2,30.43,0,2026-08-05 04:50:18
5377,41,75.1,858.9,31.4,29.5,0,2026-08-05 04:58:18
5378,29,80.1,875.5,33.6,32.49,0,2026-08-05 05:06:18
5379,25,78.6,787.5,31.7,32.18,0,2026-08-05 05:14:18
5380,16,80.1,940.3,30.6,31.19,0,2026-08-05 05:22:18
5381,46,82.2,952.4,30.8,33.5,0,2026-08-05 05:30:18
5382,47,80.5,874.4,30.7,32.09,0,2026-08-05 05:38:18
5383,24,81.3,833.8,32.7,32.66,0,2026-08-05 05:46:18
5384,37,86.8,825.7,32.8,34.41,1,2026-08-05 05:54:18
5385,39,85.3,695.1,32.0,34.37,1,2026-08-05 06:02:18
5386,45,87.0,908.7,31.2,35.3,1,2026-08-05 06:10:18
5387,38,86.9,940.1,34.5,34.58,1,2026-08-05 06:18:18
5388,17,91.0,742.4,33.7,35.85,1,2026-08-05 06:26:18
5389,9,88.6,802.4,34.4,34.95,1,2026-08-05 06:34:18
5390,41,92.6,855.2,34.6,36.11,1,2026-08-05 06:42:18
5391,12,91.9,811.9,32.5,37.14,1,2026-08-05 06:50:18
5392,35,91.0,863.2,32.0,36.19,1,2026-08-05 06:58:18
5393,5,91.7,850.4,32.0,37.2,1,2026-08-05 07:06:18
5394,41,95.2,1032.0,33.0,37.8,1,2026-08-05 07:14:18
5395,38,92.2,935.4,34.0,37.85,1,2026-08-05 07:22:18
5396,4,95.5,1132.4,32.8,37.33,1,2026-08-05 07:30:18
5397,36,99.2,912.5,35.3,38.83,1,2026-08-05 07:38:18
5398,31,99.9,804.8,33.0,39.87,1,2026-08-05 07:46:18
5399,38,97.0,977.7,36.0,39.71,1,2026-08-05 07:54:18
5400,46,5.0,42.3,19.4,1.61,0,2026-08-05 08:02:18
5401,1,5.0,40.9,19.3,1.49,0,2026-08-05 08:10:18
5402,5,5.0,57.1,22.5,2.66,0,2026-08-05 08:18:18
5403,18,5.0,40.7,20.8,2.27,0,2026-08-05 08:26:18
5404,12,5.0,57.4,21.3,2.48,0,2026-08-05 08:34:18
5405,5,5.0,53.7,19.4,2.26,0,2026-08-05 08:42:18
5406,2,5.0,45.0,21.2,2.49,0,2026-08-05 08:50:18
5407,20,9.8,81.5,20.9,3.23,0,2026-08-05 08:58:18
5408,49,9.3,96.6,21.8,4.18,0,2026-08-05 09:06:18
5409,1,9.4,102.0,22.3,3.16,0,2026-08-05 09:14:18
5410,38,10.1,91.7,23.2,3.99,0,2026-08-05 09:22:18
5411,41,9.8,79.4,21.8,2.94,0,2026-08-05 09:30:18
5412,40,14.2,149.9,23.5,6.44,0,2026-08-05 09:38:18
5413,11,10.4,93.4,21.2,3.44,0,2026-08-05 09:46:18
5414,20,12.3,125.0,21.9,5.38,0,2026-08-05 09:54:18
5415,23,15.9,135.6,23.0,6.43,0,2026-08-05 10:02:18
5416,36,18.1,161.7,21.3,7.16,0,2026-08-05 10:10:18
5417,4,19.2,157.7,23.5,8.48,0,2026-08-05 10:18:18
5418,44,17.2,179.3,23.6,7.75,0,2026-08-05 10:26:18
5419,28,16.3,151.9,23.4,5.74,0,2026-08-05 10:34:18
5420,16,17.8,197.0,22.5,7.29,0,2026-08-05 10:42:18
5421,28,18.3,205.8,22.0,7.01,0,2026-08-05 10:50:18
5422,2,21.3,250.6,25.1,8.79,0,2026-08-05 10:58:18
5423,19,23.8,283.3,24.1,9.16,0,2026-08-05 11:06:18
5424,1,26.9,289.4,23.3,10.82,0,2026-08-05 11:14:18
5425,16,23.7,263.7,21.6,9.82,0,2026-08-05 11:22:18
5426,44,25.6,233.3,24.0,9.49,0,2026-08-05 11:30:18
5427,32,27.7,297.2,24.7,12.02,0,2026-08-05 11:38:18
5428,29,28.5,314.1,23.5,10.93,0,2026-08-05 11:46:18
5429,2,31.4,337.9,23.8,13.34,0,2026-08-05 11:54:18
5430,40,27.2,302.6,25.3,10.54,0,2026-08-05 12:02:18
5431,7,31.3,303.0,24.6,12.68,0,2026-08-05 12:10:18
5432,5,29.5,253.8,24.0,11.23,0,2026-08-05 12:18:18
5433,44,36.0,337.8,25.6,13.8,0,2026-08-05 12:26:18
5434,44,34.3,355.6,24.9,12.86,0,2026-08-05 12:34:18
5435,44,36.5,375.8,27.3,14.0,0,2026-08-05 12:42:18
5436,40,34.0,356.7,26.5,12.99,0,2026-08-05 12:50:18
5437,26,35.3,380.4,25.6,14.27,0,2026-08-05 12:58:18
5438,30,35.4,286.3,24.8,13.77,0,2026-08-05 13:06:18
5439,30,36.1,376.0,26.0,14.57,0,2026-08-05 13:14:18
5440,49,37.9,407.1,25.6,15.31,0,2026-08-05 13:22:18
5441,28,40.3,393.7,25.4,16.58,0,2026-08-05 13:30:18
5442,14,39.2,346.0,24.6,15.54,0,2026-08-05 13:38:18
5443,42,43.9,428.7,26.7,17.93,0,2026-08-05 13:46:18
5444,7,44.5,403.8,25.9,17.65,0,2026-08-05 13:54:18
5445,41,47.9,394.3,25.3,18.58,0,2026-08-05 14:02:18
5446,23,45.7,464.3,25.7,17.53,0,2026-08-05 14:10:18
5447,33,47.7,396.3,27.5,18.61,0,2026-08-05 14:18:18
5448,12,46.3,395.8,28.1,18.76,0,2026-08-05 14:26:18
5449,28,46.7,400.9,25.2,18.35,0,2026-08-05 14:34:18
5450,27,48.7,527.0,28.2,19.09,0,2026-08-05 14:42:18
5451,19,50.2,519.3,25.9,20.84,0,2026-08-05 14:50:18
5452,47,53.1,621.4,28.3,20.26,0,2026-08-05 14:58:18
5453,34,54.2,534.2,30.0,22.5,0,2026-08-05 15:06:18
5454,6,53.3,460.3,28.9,22.2,0,2026-08-05 15:14:18
5455,26,52.7,577.3,27.6,20.72,0,2026-08-05 15:22:18
5456,38,53.7,530.0,28.0,21.0,0,2026-08-05 15:30:18
5457,14,57.8,639.9,28.3,23.93,0,2026-08-05 15:38:18
5458,40,60.7,498.6,29.8,25.0,0,2026-08-05 15:46:18
5459,2,59.1,637.1,29.9,23.02,0,2026-08-05 15:54:18
5460,40,57.3,674.7,30.1,23.56,0,2026-08-05 16:02:18
5461,45,61.4,679.3,30.4,25.37,0,2026-08-05 16:10:18
5462,28,62.8,535.8,30.9,25.77,0,2026-08-05 16:18:18
5463,28,65.4,700.0,27.9,25.71,0,2026-08-05 16:26:18
5464,44,65.4,733.1,28.4,25.8,0,2026-08-05 16:34:18
5465,24,62.9,693.3,31.3,25.65,0,2026-08-05 16:42:18
5466,27,66.9,700.6,28.8,25.97,0,2026-08-05 16:50:18
5467,12,64.0,759.3,31.0,24.63,0,2026-08-05 16:58:18
5468,5,69.4,726.1,29.5,27.51,0,2026-08-05 17:06:18
5469,11,68.5,676.9,30.8,28.11,0,2026-08-05 17:14:18
5470,5,72.6,758.7,30.3,29.27,0,2026-08-05 17:22:18
5471,20,71.5,690.8,32.5,28.51,0,2026-08-05 17:30:18
5472,7,69.0,589.9,31.6,27.52,0,2026-08-05 17:38:18
5473,8,74.0,761.1,32.3,29.32,0,2026-08-05 17:46:18
5474,5,71.6,686.5,29.0,29.13,0,2026-08-05 17:54:18
5475,34,73.9,604.3,31.0,28.77,0,2026-08-05 18:02:18
5476,46,76.7,641.1,32.5,31.35,0,2026-08-05 18:10:18
5477,41,79.6,820.7,30.0,31.39,0,2026-08-05 18:18:18
5478,28,80.9,873.5,33.1,32.63,0,2026-08-05 18:26:18
5479,15,79.2,730.9,30.4,31.37,0,2026-08-05 18:34:18
5480,20,82.4,925.8,33.3,33.29,0,2026-08-05 18:42:18
5481,33,80.7,748.3,32.9,32.99,0,2026-08-05 18:50:18
5482,35,84.8,883.9,33.5,33.61,0,2026-08-05 18:58:18
5483,18,80.1,799.9,32.0,31.42,0,2026-08-05 19:06:18
5484,37,82.0,975.6,32.3,33.08,0,2026-08-05 19:14:18
5485,44,84.6,804.9,32.5,33.85,0,2026-08-05 19:22:18
5486,46,83.0,940.2,33.5,32.9,0,2026-08-05 19:30:18
5487,49,87.7,723.4,31.6,34.62,1,2026-08-05 19:38:18
5488,18,90.5,808.3,33.9,36.18,1,2026-08-05 19:46:18
5489,34,89.9,998.7,33.0,36.55,1,2026-08-05 19:54:18
5490,15,92.8,1085.0,33.5,38.01,1,2026-08-05 20:02:18
5491,22,91.1,849.5,35.1,37.05,1,2026-08-05 20:10:18
5492,22,91.4,837.0,35.3,36.87,1,2026-08-05 20:18:18
5493,15,91.2,926.8,34.2,36.12,1,2026-08-05 20:26:18
5494,17,96.5,1017.2,34.1,39.06,1,2026-08-05 20:34:18
5495,39,97.0,1119.5,33.9,38.8,1,2026-08-05 20:42:18
5496,25,95.8,794.2,33.3,37.88,1,2026-08-05 20:50:18
5497,20,94.5,1042.9,34.8,37.08,1,2026-08-05 20:58:18
5498,46,96.7,854.0,35.8,37.89,1,2026-08-05 21:06:18
5499,21,100.0,837.3,33.1,39.11,1,2026-08-05 21:14:18
5500,16,5.0,41.9,22.5,2.12,0,2026-08-05 21:22:18
5501,44,5.0,44.6,21.2,1.56,0,2026-08-05 21:30:18
5502,4,5.0,59.3,21.9,2.08,0,2026-08-05 21:38:18
5503,9,5.0,40.6,22.3,1.9,0,2026-08-05 21:46:18
5504,50,5.0,41.5,21.1,2.62,0,2026-08-05 21:54:18
5505,5,5.0,40.2,20.4,2.61,0,2026-08-05 22:02:18
5506,21,5.0,42.5,19.2,1.85,0,2026-08-05 22:10:18
5507,28,7.1,75.7,22.7,2.2,0,2026-08-05 22:18:18
5508,19,10.1,108.1,23.5,4.29,0,2026-08-05 22:26:18
5509,5,10.4,99.5,22.0,3.38,0,2026-08-05 22:34:18
5510,18,10.5,113.7,20.5,4.83,0,2026-08-05 22:42:18
5511,17,11.9,114.9,21.2,4.82,0,2026-08-05 22:50:18
5512,14,10.5,120.0,20.7,4.74,0,2026-08-05 22:58:18
5513,37,13.6,133.9,23.0,6.02,0,2026-08-05 23:06:18
5514,28,12.0,108.5,21.1,4.27,0,2026-08-05 23:14:18
5515,24,13.0,125.9,23.8,5.55,0,2026-08-05 23:22:18
5516,3,15.0,149.8,21.8,6.77,0,2026-08-05 23:30:18
5517,13,16.9,140.7,20.9,5.86,0,2026-08-05 23:38:18
5518,38,18.0,214.2,21.7,7.05,0,2026-08-05 23:46:18
5519,25,17.2,189.7,21.1,7.4,0,2026-08-05 23:54:18
5520,50,17.8,162.8,24.6,6.16,0,2026-08-06 00:02:18
5521,40,22.0,192.7,23.9,8.62,0,2026-08-06 00:10:18
5522,44,22.7,203.2,21.8,9.83,0,2026-08-06 00:18:18
5523,4,25.3,292.8,24.2,9.33,0,2026-08-06 00:26:18
5524,16,24.8,294.7,21.9,10.72,0,2026-08-06 00:34:18
5525,14,23.6,203.2,22.5,10.12,0,2026-08-06 00:42:18
5526,27,26.8,258.6,26.0,10.1,0,2026-08-06 00:50:18
5527,46,25.4,233.3,22.4,10.56,0,2026-08-06 00:58:18
5528,30,26.8,302.3,23.0,11.51,0,2026-08-06 01:06:18
5529,20,29.7,313.7,26.3,11.77,0,2026-08-06 01:14:18
5530,45,32.9,356.3,26.0,13.4,0,2026-08-06 01:22:18
5531,6,30.2,246.9,26.5,11.36,0,2026-08-06 01:30:18
5532,39,29.1,251.0,23.9,10.7,0,2026-08-06 01:38:18
5533,26,32.5,312.8,26.6,13.33,0,2026-08-06 01:46:18
5534,22,36.7,354.7,27.1,13.75,0,2026-08-06 01:54:18
5535,23,34.0,310.7,25.4,13.7,0,2026-08-06 02:02:18
5536,36,38.7,340.9,24.6,16.46,0,2026-08-06 02:10:18
5537,8,36.7,391.5,25.1,14.49,0,2026-08-06 02:18:18
5538,43,38.0,369.0,25.2,15.2,0,2026-08-06 02:26:18
5539,23,38.6,456.8,27.2,14.67,0,2026-08-06 02:34:18
5540,1,42.4,452.2,24.4,16.88,0,2026-08-06 02:42:18
5541,34,42.6,493.1,26.0,17.39,0,2026-08-06 02:50:18
5542,3,42.6,417.8,26.2,16.47,0,2026-08-06 02:58:18
5543,25,45.4,541.6,25.7,18.57,0,2026-08-06 03:06:18
5544,39,44.0,390.6,26.3,17.75,0,2026-08-06 03:14:18
5545,28,44.6,456.4,25.2,17.88,0,2026-08-06 03:22:18
5546,47,44.9,407.9,25.6,18.89,0,2026-08-06 03:30:18
5547,28,46.5,497.5,27.7,18.93,0,2026-08-06 03:38:18
5548,21,49.4,493.1,26.6,20.3,0,2026-08-06 03:46:18
5549,21,48.3,421.7,27.7,19.32,0,2026-08-06 03:54:18
5550,49,50.3,596.6,28.4,20.66,0,2026-08-06 04:02:18
5551,7,50.4,460.5,26.2,19.62,0,2026-08-06 04:10:18
5552,46,50.6,508.7,27.0,20.18,0,2026-08-06 04:18:18
5553,42,53.6,558.7,26.8,20.96,0,2026-08-06 04:26:18
5554,41,53.6,523.2,27.2,22.31,0,2026-08-06 04:34:18
5555,28,53.5,596.9,26.3,22.26,0,2026-08-06 04:42:18
5556,29,56.9,539.4,28.9,23.7,0,2026-08-06 04:50:18
5557,8,56.1,549.4,28.7,21.66,0,2026-08-06 04:58:18
5558,1,60.8,640.3,30.4,23.57,0,2026-08-06 05:06:18
5559,23,61.8,710.7,30.0,25.59,0,2026-08-06 05:14:18
5560,17,62.8,749.2,30.7,25.71,0,2026-08-06 05:22:18
5561,43,61.4,689.6,29.5,24.92,0,2026-08-06 05:30:18
5562,3,61.5,612.3,30.9,25.6,0,2026-08-06 05:38:18
5563,38,63.1,616.7,28.9,25.72,0,2026-08-06 05:46:18
5564,18,63.3,604.6,31.5,24.77,0,2026-08-06 05:54:18
5565,45,66.0,544.0,29.4,26.55,0,2026-08-06 06:02:18
5566,20,68.7,688.6,28.7,28.31,0,2026-08-06 06:10:18
5567,2,69.4,722.5,31.2,27.57,0,2026-08-06 06:18:18
5568,44,68.8,824.9,28.8,27.25,0,2026-08-06 06:26:18
5569,30,68.7,694.7,28.6,28.4,0,2026-08-06 06:34:18
5570,19,69.1,716.1,29.9,28.15,0,2026-08-06 06:42:18
5571,9,68.1,607.8,30.8,26.7,0,2026-08-06 06:50:18
5572,39,73.3,621.6,32.1,29.18,0,2026-08-06 06:58:18
5573,46,74.2,721.8,30.6,28.81,0,2026-08-06 07:06:18
5574,45,73.8,714.0,32.5,28.7,0,2026-08-06 07:14:18
5575,47,77.7,783.3,32.6,30.85,0,2026-08-06 07:22:18
5576,34,78.4,798.1,30.3,31.75,0,2026-08-06 07:30:18
5577,34,76.2,714.1,31.7,29.57,0,2026-08-06 07:38:18
5578,18,78.5,714.5,30.7,30.46,0,2026-08-06 07:46:18
5579,40,81.0,707.8,33.2,31.44,0,2026-08-06 07:54:18
5580,39,77.5,721.2,31.8,31.48,0,2026-08-06 08:02:18
5581,42,78.9,729.4,30.1,30.77,0,2026-08-06 08:10:18
5582,46,80.2,732.9,32.1,32.32,0,2026-08-06 08:18:18
5583,11,83.7,704.4,33.1,33.39,0,2026-08-06 08:26:18
5584,42,81.9,809.5,33.4,33.27,0,2026-08-06 08:34:18
5585,14,87.3,1002.5,31.8,34.71,1,2026-08-06 08:42:18
5586,32,84.4,949.2,34.2,33.04,0,2026-08-06 08:50:18
5587,46,89.0,811.7,34.6,34.88,1,2026-08-06 08:58:18
5588,22,85.9,692.5,33.2,33.97,1,2026-08-06 09:06:18
5589,16,88.9,843.4,34.3,36.19,1,2026-08-06 09:14:18
5590,2,88.7,980.7,31.4,34.93,1,2026-08-06 09:22:18
5591,9,89.8,779.7,33.1,35.13,1,2026-08-06 09:30:18
5592,6,89.3,804.0,34.5,35.83,1,2026-08-06 09:38:18
5593,33,93.4,960.3,35.1,36.41,1,2026-08-06 09:46:18
5594,40,91.1,879.4,32.9,36.89,1,2026-08-06 09:54:18
5595,16,96.4,915.8,34.4,38.26,1,2026-08-06 10:02:18
5596,35,98.2,1170.4,36.0,39.74,1,2026-08-06 10:10:18
5597,27,94.5,1100.4,32.2,38.56,1,2026-08-06 10:18:18
5598,44,99.5,994.5,34.2,39.93,1,2026-08-06 10:26:18
5599,14,100.0,1035.7,33.5,39.1,1,2026-08-06 10:34:18
5600,35,5.0,45.6,18.8,2.46,0,2026-08-06 10:42:18
5601,30,5.0,59.2,21.8,2.78,0,2026-08-06 10:50:18
5602,13,5.0,50.0,22.5,2.67,0,2026-08-06 10:58:18
5603,10,5.0,58.8,21.9,1.22,0,2026-08-06 11:06:18
5604,7,5.9,51.4,22.0,1.51,0,2026-08-06 11:14:18
5605,39,5.0,41.0,20.5,2.98,0,2026-08-06 11:22:18
5606,35,5.0,41.0,22.2,1.62,0,2026-08-06 11:30:18
5607,8,9.9,117.5,23.4,4.82,0,2026-08-06 11:38:18
5608,37,8.1,69.4,20.9,3.34,0,2026-08-06 11:46:18
5609,16,7.4,82.4,20.8,1.96,0,2026-08-06 11:54:18
5610,39,12.2,107.0,20.3,5.04,0,2026-08-06 12:02:18
5611,30,9.0,102.6,21.3,3.3,0,2026-08-06 12:10:18
5612,7,14.8,174.8,23.6,6.0,0,2026-08-06 12:18:18
5613,4,14.0,122.2,22.2,6.25,0,2026-08-06 12:26:18
5614,41,13.2,110.8,22.0,4.53,0,2026-08-06 12:34:18
5615,49,15.2,132.6,22.2,6.81,0,2026-08-06 12:42:18
5616,30,17.1,172.0,21.4,6.31,0,2026-08-06 12:50:18
5617,28,14.5,144.0,22.5,5.38,0,2026-08-06 12:58:18
5618,18,18.4,199.7,24.3,7.83,0,2026-08-06 13:06:18
5619,7,20.7,189.9,23.7,8.88,0,2026-08-06 13:14:18
5620,3,18.0,165.3,23.7,7.39,0,2026-08-06 13:22:18
5621,14,23.2,189.4,22.9,8.78,0,2026-08-06 13:30:18
5622,46,19.3,159.1,22.9,7.72,0,2026-08-06 13:38:18
5623,38,21.8,220.4,21.9,9.05,0,2026-08-06 13:46:18
5624,23,24.0,248.9,25.2,9.26,0,2026-08-06 13:54:18
5625,47,25.1,250.4,23.9,10.31,0,2026-08-06 14:02:18
5626,34,27.4,248.5,24.5,10.48,0,2026-08-06 14:10:18
5627,24,25.8,285.3,25.6,10.68,0,2026-08-06 14:18:18
5628,42,30.8,298.4,25.1,12.23,0,2026-08-06 14:26:18
5629,24,31.5,278.8,24.2,13.26,0,2026-08-06 14:34:18
5630,32,30.1,279.3,24.5,12.53,0,2026-08-06 14:42:18
5631,15,32.2,275.6,26.8,12.41,0,2026-08-06 14:50:18
5632,1,30.6,298.4,24.1,11.68,0,2026-08-06 14:58:18
5633,40,32.6,271.1,24.4,12.52,0,2026-08-06 15:06:18
5634,36,34.4,300.2,26.6,14.05,0,2026-08-06 15:14:18
5635,1,33.8,347.5,26.5,14.0,0,2026-08-06 15:22:18
5636,28,36.3,392.5,24.9,14.57,0,2026-08-06 15:30:18
5637,36,39.5,352.4,26.7,14.98,0,2026-08-06 15:38:18
5638,44,41.0,358.0,24.4,15.5,0,2026-08-06 15:46:18
5639,18,40.4,353.0,26.2,15.18,0,2026-08-06 15:54:18
5640,26,42.6,354.0,27.1,16.73,0,2026-08-06 16:02:18
5641,49,39.8,459.5,26.9,16.59,0,2026-08-06 16:10:18
5642,11,39.7,431.7,24.5,15.05,0,2026-08-06 16:18:18
5643,22,43.1,477.1,27.6,16.59,0,2026-08-06 16:26:18
5644,29,42.6,480.3,27.2,17.13,0,2026-08-06 16:34:18
5645,50,44.2,525.5,27.8,18.13,0,2026-08-06 16:42:18
5646,30,43.7,438.2,26.1,17.78,0,2026-08-06 16:50:18
5647,32,48.8,422.2,29.0,20.09,0,2026-08-06 16:58:18
5648,1,50.4,450.4,26.3,20.24,0,2026-08-06 17:06:18
5649,36,51.9,531.4,26.1,20.12,0,2026-08-06 17:14:18
5650,33,51.9,498.2,26.6,20.3,0,2026-08-06 17:22:18
5651,42,49.6,564.4,29.0,19.82,0,2026-08-06 17:30:18
5652,13,52.7,605.4,26.1,20.24,0,2026-08-06 17:38:18
5653,1,52.7,597.7,26.2,20.38,0,2026-08-06 17:46:18
5654,29,55.5,607.2,28.5,22.62,0,2026-08-06 17:54:18
5655,9,53.6,549.3,26.2,21.34,0,2026-08-06 18:02:18
5656,34,58.0,645.4,28.5,23.49,0,2026-08-06 18:10:18
5657,1,56.2,495.5,30.2,22.09,0,2026-08-06 18:18:18
5658,1,56.7,547.3,26.7,22.87,0,2026-08-06 18:26:18
5659,43,57.2,626.2,27.4,23.57,0,2026-08-06 18:34:18
5660,17,58.1,642.1,28.7,22.83,0,2026-08-06 18:42:18
5661,38,61.7,519.2,30.3,24.19,0,2026-08-06 18:50:18
5662,21,61.5,684.6,30.2,23.79,0,2026-08-06 18:58:18
5663,33,64.7,613.7,31.5,25.84,0,2026-08-06 19:06:18
5664,50,62.4,604.5,27.7,24.34,0,2026-08-06 19:14:18
5665,14,66.0,599.2,30.3,27.36,0,2026-08-06 19:22:18
5666,44,68.5,583.0,29.3,26.64,0,2026-08-06 19:30:18
5667,7,64.7,549.8,29.5,25.94,0,2026-08-06 19:38:18
5668,17,68.0,749.9,28.6,26.58,0,2026-08-06 19:46:18
5669,35,68.7,651.6,31.4,28.39,0,2026-08-06 19:54:18
5670,43,71.2,651.4,28.7,28.35,0,2026-08-06 20:02:18
5671,14,69.2,722.4,31.7,27.92,0,2026-08-06 20:10:18
5672,16,71.7,623.4,32.5,29.67,0,2026-08-06 20:18:18
5673,15,72.0,842.4,29.0,29.41,0,2026-08-06 20:26:18
5674,42,71.2,746.2,29.2,28.02,0,2026-08-06 20:34:18
5675,32,75.2,695.1,30.3,29.36,0,2026-08-06 20:42:18
5676,47,78.3,743.2,31.3,30.96,0,2026-08-06 20:50:18
5677,34,79.8,934.2,33.1,31.01,0,2026-08-06 20:58:18
5678,40,78.2,753.6,32.8,30.99,0,2026-08-06 21:06:18
5679,50,76.9,866.7,31.5,31.3,0,2026-08-06 21:14:18
5680,14,81.3,755.7,31.9,32.47,0,2026-08-06 21:22:18
5681,28,78.7,639.7,33.3,32.28,0,2026-08-06 21:30:18
5682,8,84.1,790.7,33.7,33.49,0,2026-08-06 21:38:18
5683,28,84.3,782.9,32.6,33.04,0,2026-08-06 21:46:18
5684,41,82.3,766.9,32.3,32.28,0,2026-08-06 21:54:18
5685,23,83.8,976.2,32.9,34.43,0,2026-08-06 22:02:18
5686,16,84.1,709.9,32.6,33.25,0,2026-08-06 22:10:18
5687,7,87.2,856.9,32.5,35.77,1,2026-08-06 22:18:18
5688,41,89.9,894.6,32.3,36.36,1,2026-08-06 22:26:18
5689,6,89.9,736.8,34.1,35.28,1,2026-08-06 22:34:18
5690,2,89.5,894.8,33.4,36.55,1,2026-08-06 22:42:18
5691,3,91.5,1021.4,33.8,36.97,1,2026-08-06 22:50:18
5692,11,94.5,878.2,32.6,36.8,1,2026-08-06 22:58:18
5693,35,90.5,1026.7,32.1,35.48,1,2026-08-06 23:06:18
5694,24,93.4,975.8,34.6,37.19,1,2026-08-06 23:14:18
5695,5,94.2,782.2,34.6,37.12,1,2026-08-06 23:22:18
5696,48,97.2,983.5,35.0,39.57,1,2026-08-06 23:30:18
5697,12,95.3,799.9,33.2,37.75,1,2026-08-06 23:38:18
5698,34,97.0,991.5,36.5,38.39,1,2026-08-06 23:46:18
5699,49,96.8,1106.7,34.9,38.47,1,2026-08-06 23:54:18
5700,29,5.0,58.7,19.7,2.33,0,2026-08-07 00:02:18
5701,41,5.0,49.8,21.1,1.32,0,2026-08-07 00:10:18
5702,15,5.0,51.6,20.4,2.41,0,2026-08-07 00:18:18
5703,31,5.6,62.9,20.8,1.25,0,2026-08-07 00:26:18
5704,43,5.0,49.9,19.6,2.21,0,2026-08-07 00:34:18
5705,20,5.0,48.9,18.9,1.77,0,2026-08-07 00:42:18
5706,46,5.5,62.9,22.0,2.01,0,2026-08-07 00:50:18
5707,26,8.6,79.4,19.4,4.4,0,2026-08-07 00:58:18
5708,3,9.2,74.0,19.8,4.11,0,2026-08-07 01:06:18
5709,35,8.0,83.0,21.3,2.8,0,2026-08-07 01:14:18
5710,37,8.8,89.2,21.8,4.04,0,2026-08-07 01:22:18
5711,10,11.9,113.7,21.0,5.32,0,2026-08-07 01:30:18
5712,37,13.6,158.7,23.9,6.31,0,2026-08-07 01:38:18
5713,41,10.6,104.9,22.4,5.03,0,2026-08-07 01:46:18
5714,36,16.2,167.8,22.3,6.9,0,2026-08-07 01:54:18
5715,19,15.6,160.9,24.2,6.76,0,2026-08-07 02:02:18
5716,43,13.3,145.2,21.3,4.78,0,2026-08-07 02:10:18
5717,27,17.4,194.1,23.3,7.92,0,2026-08-07 02:18:18
5718,35,20.6,173.9,24.4,8.54,0,2026-08-07 02:26:18
5719,50,16.3,148.1,22.2,7.33,0,2026-08-07 02:34:18
5720,45,21.1,252.2,21.9,8.34,0,2026-08-07 02:42:18
5721,1,22.2,245.4,23.1,8.91,0,2026-08-07 02:50:18
5722,45,21.8,242.2,23.8,8.98,0,2026-08-07 02:58:18
5723,3,25.8,285.1,24.6,9.66,0,2026-08-07 03:06:18
5724,29,24.7,292.7,22.3,10.38,0,2026-08-07 03:14:18
5725,50,25.3,242.4,25.4,11.09,0,2026-08-07 03:22:18
5726,45,27.3,258.5,22.7,10.05,0,2026-08-07 03:30:18
5727,3,25.0,241.6,22.9,9.01,0,2026-08-07 03:38:18
5728,45,25.6,211.1,25.7,10.49,0,2026-08-07 03:46:18
5729,22,30.0,252.6,24.2,12.7,0,2026-08-07 03:54:18
5730,18,29.4,325.9,25.6,11.52,0,2026-08-07 04:02:18
5731,26,34.0,282.0,23.1,13.43,0,2026-08-07 04:10:18
5732,34,32.2,285.7,26.2,13.36,0,2026-08-07 04:18:18
5733,14,31.4,261.0,23.1,12.6,0,2026-08-07 04:26:18
5734,34,31.1,296.6,25.3,12.32,0,2026-08-07 04:34:18
5735,11,32.2,340.7,23.4,12.86,0,2026-08-07 04:42:18
5736,16,33.7,292.1,26.7,13.16,0,2026-08-07 04:50:18
5737,32,37.6,381.6,27.2,16.0,0,2026-08-07 04:58:18
5738,9,39.9,426.5,26.7,15.28,0,2026-08-07 05:06:18
5739,1,40.4,391.4,26.6,15.63,0,2026-08-07 05:14:18
5740,8,40.4,353.7,26.7,16.97,0,2026-08-07 05:22:18
5741,32,41.6,497.4,28.1,15.87,0,2026-08-07 05:30:18
5742,49,42.4,419.9,24.4,15.97,0,2026-08-07 05:38:18
5743,43,40.9,365.5,27.6,16.38,0,2026-08-07 05:46:18
5744,17,42.7,374.9,25.1,16.67,0,2026-08-07 05:54:18
5745,31,45.1,439.0,26.7,18.77,0,2026-08-07 06:02:18
5746,10,47.7,509.0,28.2,19.65,0,2026-08-07 06:10:18
5747,13,47.1,459.9,26.7,17.94,0,2026-08-07 06:18:18
5748,22,48.5,579.3,26.1,19.79,0,2026-08-07 06:26:18
5749,22,48.8,445.9,28.6,19.55,0,2026-08-07 06:34:18
5750,19,51.5,539.8,25.9,21.2,0,2026-08-07 06:42:18
5751,22,53.5,558.7,27.5,22.33,0,2026-08-07 06:50:18
5752,23,53.5,588.6,29.9,20.82,0,2026-08-07 06:58:18
5753,5,51.2,496.3,26.9,20.46,0,2026-08-07 07:06:18
5754,50,57.0,636.3,28.1,22.49,0,2026-08-07 07:14:18
5755,19,54.5,512.6,30.1,21.67,0,2026-08-07 07:22:18
5756,14,56.3,554.7,27.4,22.01,0,2026-08-07 07:30:18
5757,4,55.9,528.1,29.7,22.45,0,2026-08-07 07:38:18
5758,34,58.4,500.5,28.8,22.92,0,2026-08-07 07:46:18
5759,28,56.3,580.5,27.6,23.21,0,2026-08-07 07:54:18
5760,41,59.6,574.2,29.2,23.53,0,2026-08-07 08:02:18
5761,27,60.2,609.6,27.3,24.24,0,2026-08-07 08:10:18
5762,24,59.4,542.8,27.2,24.13,0,2026-08-07 08:18:18
5763,49,65.5,659.7,31.7,26.1,0,2026-08-07 08:26:18
5764,4,66.9,652.4,28.9,26.62,0,2026-08-07 08:34:18
5765,47,62.9,541.4,28.1,24.46,0,2026-08-07 08:42:18
5766,16,68.7,710.5,29.3,26.67,0,2026-08-07 08:50:18
5767,15,64.4,662.3,31.1,25.97,0,2026-08-07 08:58:18
5768,10,66.7,780.3,31.2,25.68,0,2026-08-07 09:06:18
5769,7,70.3,610.5,30.8,28.4,0,2026-08-07 09:14:18
5770,50,67.9,728.9,30.2,26.99,0,2026-08-07 09:22:18
5771,46,73.5,670.2,30.1,29.65,0,2026-08-07 09:30:18
5772,47,72.6,810.7,32.5,28.26,0,2026-08-07 09:38:18
5773,24,74.1,699.4,29.4,29.56,0,2026-08-07 09:46:18
5774,4,72.2,774.4,31.7,28.12,0,2026-08-07 09:54:18
5775,33,76.8,747.3,29.6,29.83,0,2026-08-07 10:02:18
5776,6,74.7,840.8,32.7,30.14,0,2026-08-07 10:10:18
5777,33,74.7,723.1,32.6,29.88,0,2026-08-07 10:18:18
5778,3,80.0,643.8,33.4,32.13,0,2026-08-07 10:26:18
5779,7,76.9,797.7,30.7,30.68,0,2026-08-07 10:34:18
5780,9,78.9,907.0,33.2,30.65,0,2026-08-07 10:42:18
5781,49,79.5,864.5,32.3,32.7,0,2026-08-07 10:50:18
5782,28,80.5,896.7,32.1,32.8,0,2026-08-07 10:58:18
5783,1,83.4,885.8,32.2,34.17,0,2026-08-07 11:06:18
5784,25,84.6,981.3,34.6,33.87,0,2026-08-07 11:14:18
5785,10,83.2,877.3,34.3,33.85,0,2026-08-07 11:22:18
5786,13,86.4,996.7,32.7,35.23,1,2026-08-07 11:30:18
5787,5,87.1,866.1,34.1,33.94,1,2026-08-07 11:38:18
5788,30,89.0,1043.4,32.9,34.78,1,2026-08-07 11:46:18
5789,27,87.1,900.5,34.0,34.08,1,2026-08-07 11:54:18
5790,32,92.2,894.4,33.4,36.47,1,2026-08-07 12:02:18
5791,35,93.1,936.2,34.1,37.87,1,2026-08-07 12:10:18
5792,29,90.1,1008.6,35.3,36.2,1,2026-08-07 12:18:18
5793,12,91.9,912.7,35.7,36.51,1,2026-08-07 12:26:18
5794,49,94.9,911.8,32.8,37.2,1,2026-08-07 12:34:18
5795,36,96.3,820.9,32.9,37.95,1,2026-08-07 12:42:18
5796,8,97.3,1112.2,35.9,38.49,1,2026-08-07 12:50:18
5797,39,96.6,1030.2,34.2,38.34,1,2026-08-07 12:58:18
5798,50,96.2,1122.8,34.2,39.27,1,2026-08-07 13:06:18
5799,48,98.5,1020.4,35.4,39.45,1,2026-08-07 13:14:18
5800,8,5.0,56.9,18.9,1.76,0,2026-08-07 13:22:18
5801,48,5.0,41.4,22.2,2.36,0,2026-08-07 13:30:18
5802,27,5.0,58.8,20.7,1.92,0,2026-08-07 13:38:18
5803,11,5.0,42.6,20.8,2.8,0,2026-08-07 13:46:18
5804,29,5.0,42.3,20.0,2.15,0,2026-08-07 13:54:18
5805,37,5.0,56.9,22.0,2.43,0,2026-08-07 14:02:18
5806,8,5.0,60.0,21.1,1.16,0,2026-08-07 14:10:18
5807,50,6.2,69.8,21.3,1.76,0,2026-08-07 14:18:18
5808,8,10.7,114.2,22.8,4.45,0,2026-08-07 14:26:18
5809,49,10.2,120.3,21.7,4.84,0,2026-08-07 14:34:18
5810,28,12.5,105.6,21.2,5.96,0,2026-08-07 14:42:18
5811,37,9.6,77.9,20.8,4.43,0,2026-08-07 14:50:18
5812,44,14.0,148.8,23.3,5.99,0,2026-08-07 14:58:18
5813,3,10.3,89.3,22.4,4.1,0,2026-08-07 15:06:18
5814,13,11.9,125.0,22.2,5.39,0,2026-08-07 15:14:18
5815,7,17.0,189.4,23.3,6.8,0,2026-08-07 15:22:18
5816,35,16.3,141.3,22.9,7.43,0,2026-08-07 15:30:18
5817,35,15.0,122.4,24.1,6.66,0,2026-08-07 15:38:18
5818,31,17.3,206.0,20.7,6.62,0,2026-08-07 15:46:18
5819,50,21.3,229.2,23.9,8.52,0,2026-08-07 15:54:18
5820,18,22.9,270.7,23.1,9.86,0,2026-08-07 16:02:18
5821,18,18.7,149.6,23.7,8.11,0,2026-08-07 16:10:18
5822,6,24.1,216.8,21.6,8.83,0,2026-08-07 16:18:18
5823,22,22.6,269.1,24.5,8.37,0,2026-08-07 16:26:18
5824,47,21.8,240.3,25.1,9.54,0,2026-08-07 16:34:18
5825,27,27.3,238.9,25.7,10.97,0,2026-08-07 16:42:18
5826,16,26.9,233.0,22.2,10.52,0,2026-08-07 16:50:18
5827,48,26.5,294.9,22.8,9.88,0,2026-08-07 16:58:18
5828,19,25.3,269.7,23.8,10.98,0,2026-08-07 17:06:18
5829,41,28.0,234.9,26.1,11.7,0,2026-08-07 17:14:18
5830,2,30.2,283.7,25.0,12.26,0,2026-08-07 17:22:18
5831,46,31.3,296.6,24.7,13.49,0,2026-08-07 17:30:18
5832,4,29.3,281.4,24.1,12.68,0,2026-08-07 17:38:18
5833,42,35.5,306.5,24.2,13.73,0,2026-08-07 17:46:18
5834,33,36.1,374.6,26.3,15.41,0,2026-08-07 17:54:18
5835,29,34.0,363.6,26.2,13.37,0,2026-08-07 18:02:18
5836,4,34.8,412.1,25.2,14.44,0,2026-08-07 18:10:18
5837,3,37.6,420.2,24.5,14.24,0,2026-08-07 18:18:18
5838,11,36.1,408.4,25.1,13.94,0,2026-08-07 18:26:18
5839,24,36.1,320.5,23.8,14.04,0,2026-08-07 18:34:18
5840,31,42.2,483.0,25.5,16.22,0,2026-08-07 18:42:18
5841,16,42.4,360.4,25.9,16.31,0,2026-08-07 18:50:18
5842,34,41.9,377.3,26.1,16.97,0,2026-08-07 18:58:18
5843,47,42.4,381.9,25.3,16.1,0,2026-08-07 19:06:18
5844,40,44.4,455.0,27.0,17.88,0,2026-08-07 19:14:18
5845,33,43.5,521.9,26.7,17.73,0,2026-08-07 19:22:18
5846,35,43.0,499.9,25.3,17.8,0,2026-08-07 19:30:18
5847,37,47.3,421.5,27.3,18.1,0,2026-08-07 19:38:18
5848,19,47.1,545.4,25.6,19.63,0,2026-08-07 19:46:18
5849,7,47.1,528.9,25.3,19.66,0,2026-08-07 19:54:18
5850,27,49.8,522.8,29.2,20.8,0,2026-08-07 20:02:18
5851,5,52.4,590.5,28.8,21.27,0,2026-08-07 20:10:18
5852,40,54.5,594.2,27.8,21.11,0,2026-08-07 20:18:18
5853,20,55.8,507.9,27.3,22.06,0,2026-08-07 20:26:18
5854,17,55.3,593.9,27.9,22.97,0,2026-08-07 20:34:18
5855,43,56.4,618.9,29.6,21.59,0,2026-08-07 20:42:18
5856,27,55.7,613.9,28.3,22.67,0,2026-08-07 20:50:18
5857,20,55.3,445.6,28.7,22.08,0,2026-08-07 20:58:18
5858,32,61.0,679.3,30.9,23.64,0,2026-08-07 21:06:18
5859,43,58.1,580.7,27.6,22.86,0,2026-08-07 21:14:18
5860,29,59.4,486.0,30.0,23.25,0,2026-08-07 21:22:18
5861,45,60.8,555.7,29.7,23.65,0,2026-08-07 21:30:18
5862,5,64.8,520.0,29.1,26.06,0,2026-08-07 21:38:18
5863,17,65.6,764.0,31.4,26.82,0,2026-08-07 21:46:18
5864,47,62.9,546.9,27.6,24.22,0,2026-08-07 21:54:18
5865,13,62.0,691.8,27.8,25.45,0,2026-08-07 22:02:18
5866,20,65.5,580.0,30.2,26.04,0,2026-08-07 22:10:18
5867,43,70.0,828.4,30.4,28.76,0,2026-08-07 22:18:18
5868,32,67.8,675.4,32.0,26.4,0,2026-08-07 22:26:18
5869,41,69.8,618.5,29.2,27.54,0,2026-08-07 22:34:18
5870,38,68.4,627.4,32.0,26.58,0,2026-08-07 22:42:18
5871,37,68.7,632.0,29.2,28.32,0,2026-08-07 22:50:18
5872,33,73.0,755.2,32.1,29.37,0,2026-08-07 22:58:18
5873,6,72.5,741.1,28.9,29.08,0,2026-08-07 23:06:18
5874,48,71.0,795.1,29.7,28.54,0,2026-08-07 23:14:18
5875,20,73.3,879.0,30.2,29.93,0,2026-08-07 23:22:18
5876,42,73.5,704.1,30.4,28.76,0,2026-08-07 23:30:18
5877,49,77.0,728.9,32.9,30.91,0,2026-08-07 23:38:18
5878,34,78.3,922.4,31.5,31.54,0,2026-08-07 23:46:18
5879,45,79.7,934.9,31.1,32.25,0,2026-08-07 23:54:18
5880,33,82.0,902.3,32.4,32.82,0,2026-08-08 00:02:18
5881,42,83.9,881.4,32.8,34.03,0,2026-08-08 00:10:18
5882,21,81.2,783.4,31.1,31.53,0,2026-08-08 00:18:18
5883,28,81.7,970.1,31.4,32.16,0,2026-08-08 00:26:18
5884,16,83.6,771.3,33.9,32.78,0,2026-08-08 00:34:18
5885,26,87.4,759.0,33.8,34.0,1,2026-08-08 00:42:18
5886,46,86.8,825.4,31.9,33.79,1,2026-08-08 00:50:18
5887,34,88.0,961.4,35.0,35.29,1,2026-08-08 00:58:18
5888,2,86.0,927.1,32.6,34.92,1,2026-08-08 01:06:18
5889,26,88.4,765.3,32.8,35.13,1,2026-08-08 01:14:18
5890,20,90.7,927.7,33.9,35.96,1,2026-08-08 01:22:18
5891,8,88.1,928.9,32.5,34.4,1,2026-08-08 01:30:18
5892,13,93.5,829.5,33.1,38.28,1,2026-08-08 01:38:18
5893,44,92.2,876.0,33.1,37.63,1,2026-08-08 01:46:18
5894,15,94.4,777.2,32.8,37.47,1,2026-08-08 01:54:18
5895,32,93.1,891.0,35.0,36.57,1,2026-08-08 02:02:18
5896,4,95.2,1018.4,35.3,37.7,1,2026-08-08 02:10:18
5897,46,95.5,1133.0,35.9,37.78,1,2026-08-08 02:18:18
5898,46,95.1,1139.1,32.3,39.03,1,2026-08-08 02:26:18
5899,42,97.1,1079.7,33.8,38.2,1,2026-08-08 02:34:18
5900,24,5.0,42.2,19.0,1.5,0,2026-08-08 02:42:18
5901,20,5.0,58.0,19.5,2.9,0,2026-08-08 02:50:18
5902,8,5.0,42.2,20.8,2.49,0,2026-08-08 02:58:18
5903,36,5.0,50.8,18.8,1.14,0,2026-08-08 03:06:18
5904,37,5.0,40.4,20.2,2.01,0,2026-08-08 03:14:18
5905,8,6.6,63.9,20.9,1.75,0,2026-08-08 03:22:18
5906,35,7.1,57.0,19.4,3.38,0,2026-08-08 03:30:18
5907,30,5.6,54.9,20.1,1.26,0,2026-08-08 03:38:18
5908,36,10.3,108.3,21.8,3.76,0,2026-08-08 03:46:18
5909,36,7.4,88.4,19.7,2.71,0,2026-08-08 03:54:18
5910,46,10.8,117.9,22.4,5.25,0,2026-08-08 04:02:18
5911,43,11.3,114.3,20.7,5.06,0,2026-08-08 04:10:18
5912,39,14.9,162.6,23.6,6.51,0,2026-08-08 04:18:18
5913,39,12.2,117.7,20.3,4.0,0,2026-08-08 04:26:18
5914,23,12.2,115.4,23.2,5.26,0,2026-08-08 04:34:18
5915,14,17.1,163.0,21.3,7.57,0,2026-08-08 04:42:18
5916,46,18.0,183.8,22.6,7.49,0,2026-08-08 04:50:18
5917,23,16.6,192.3,22.3,7.41,0,2026-08-08 04:58:18
5918,18,15.3,144.2,20.3,5.27,0,2026-08-08 05:06:18
5919,11,21.9,217.2,22.6,8.1,0,2026-08-08 05:14:18
5920,15,21.6,178.9,22.8,8.19,0,2026-08-08 05:22:18
5921,33,18.6,197.2,24.7,7.28,0,2026-08-08 05:30:18
5922,28,24.5,202.4,25.3,9.35,0,2026-08-08 05:38:18
5923,19,23.0,203.4,25.2,9.05,0,2026-08-08 05:46:18
5924,5,26.9,273.1,24.7,9.93,0,2026-08-08 05:54:18
5925,42,26.5,281.7,25.1,11.44,0,2026-08-08 06:02:18
5926,7,25.7,250.6,25.6,11.17,0,2026-08-08 06:10:18
5927,23,24.4,200.0,23.4,10.76,0,2026-08-08 06:18:18
5928,11,29.4,352.5,24.2,11.55,0,2026-08-08 06:26:18
5929,16,26.4,212.4,25.1,9.75,0,2026-08-08 06:34:18
5930,47,30.9,277.6,26.0,12.64,0,2026-08-08 06:42:18
5931,50,34.0,395.7,26.1,13.06,0,2026-08-08 06:50:18
5932,15,30.0,246.8,25.0,11.26,0,2026-08-08 06:58:18
5933,41,31.3,374.2,24.6,13.19,0,2026-08-08 07:06:18
5934,43,32.5,296.7,26.1,13.04,0,2026-08-08 07:14:18
5935,17,37.9,332.3,27.2,14.27,0,2026-08-08 07:22:18
5936,46,35.7,393.2,26.8,14.89,0,2026-08-08 07:30:18
5937,38,37.1,425.1,24.3,14.41,0,2026-08-08 07:38:18
5938,30,39.0,429.0,24.0,14.73,0,2026-08-08 07:46:18
5939,8,38.7,416.6,24.8,15.55,0,2026-08-08 07:54:18
5940,20,40.4,424.1,27.2,16.9,0,2026-08-08 08:02:18
5941,3,43.6,371.9,25.4,17.04,0,2026-08-08 08:10:18
5942,16,39.8,452.0,24.8,16.64,0,2026-08-08 08:18:18
5943,36,45.5,435.8,28.8,18.18,0,2026-08-08 08:26:18
5944,19,46.7,426.8,25.4,18.43,0,2026-08-08 08:34:18
5945,31,42.0,499.9,24.9,16.38,0,2026-08-08 08:42:18
5946,37,45.0,519.1,27.9,17.23,0,2026-08-08 08:50:18
5947,47,49.5,552.3,26.4,20.72,0,2026-08-08 08:58:18
5948,26,45.4,382.2,25.6,18.26,0,2026-08-08 09:06:18
5949,30,50.0,559.0,27.0,19.79,0,2026-08-08 09:14:18
5950,34,49.3,484.8,28.4,20.51,0,2026-08-08 09:22:18
5951,42,50.8,543.3,27.2,20.0,0,2026-08-08 09:30:18
5952,7,51.6,531.1,26.2,19.72,0,2026-08-08 09:38:18
5953,29,51.7,477.7,29.7,21.44,0,2026-08-08 09:46:18
5954,16,55.9,493.0,29.7,22.26,0,2026-08-08 09:54:18
5955,43,54.4,586.3,28.6,20.88,0,2026-08-08 10:02:18
5956,45,55.1,546.5,27.0,21.92,0,2026-08-08 10:10:18
5957,43,55.6,487.2,27.7,21.6,0,2026-08-08 10:18:18
5958,2,56.9,632.4,28.1,22.25,0,2026-08-08 10:26:18
5959,32,56.8,551.1,30.1,23.0,0,2026-08-08 10:34:18
5960,41,62.7,608.0,27.9,25.63,0,2026-08-08 10:42:18
5961,47,58.9,692.2,28.4,22.93,0,2026-08-08 10:50:18
5962,32,59.9,629.8,30.9,23.95,0,2026-08-08 10:58:18
5963,46,60.1,577.0,30.8,24.64,0,2026-08-08 11:06:18
5964,20,65.1,684.2,29.9,25.13,0,2026-08-08 11:14:18
5965,25,67.3,620.7,30.5,27.37,0,2026-08-08 11:22:18
5966,25,64.0,513.8,28.1,25.71,0,2026-08-08 11:30:18
5967,6,69.7,684.7,30.2,28.46,0,2026-08-08 11:38:18
5968,28,67.8,610.5,31.2,27.04,0,2026-08-08 11:46:18
5969,28,67.0,585.1,28.3,26.7,0,2026-08-08 11:54:18
5970,10,71.0,586.9,31.3,28.39,0,2026-08-08 12:02:18
5971,33,70.5,577.5,31.8,27.63,0,2026-08-08 12:10:18
5972,45,72.0,624.5,31.3,28.91,0,2026-08-08 12:18:18
5973,26,71.3,711.2,29.8,29.03,0,2026-08-08 12:26:18
5974,31,74.8,635.5,32.9,29.52,0,2026-08-08 12:34:18
5975,12,73.6,868.7,31.5,28.78,0,2026-08-08 12:42:18
5976,11,77.2,923.3,32.5,30.67,0,2026-08-08 12:50:18
5977,44,74.2,753.7,29.4,28.72,0,2026-08-08 12:58:18
5978,30,79.0,781.7,31.0,31.15,0,2026-08-08 13:06:18
5979,18,79.3,921.0,32.0,32.15,0,2026-08-08 13:14:18
5980,13,79.7,901.4,33.0,32.52,0,2026-08-08 13:22:18
5981,20,82.3,691.3,31.2,33.68,0,2026-08-08 13:30:18
5982,38,79.8,778.6,33.3,31.48,0,2026-08-08 13:38:18
5983,7,82.4,868.5,33.8,32.33,0,2026-08-08 13:46:18
5984,47,82.9,939.7,33.7,33.26,0,2026-08-08 13:54:18
5985,43,84.8,877.5,33.2,34.75,0,2026-08-08 14:02:18
5986,12,87.0,790.4,34.0,33.91,1,2026-08-08 14:10:18
5987,32,88.8,960.9,33.0,36.42,1,2026-08-08 14:18:18
5988,21,88.2,867.1,33.1,36.19,1,2026-08-08 14:26:18
5989,8,91.1,920.2,35.0,35.92,1,2026-08-08 14:34:18
5990,46,90.2,1038.1,32.8,36.3,1,2026-08-08 14:42:18
5991,20,88.6,885.3,33.4,36.22,1,2026-08-08 14:50:18
5992,13,92.3,1083.9,35.1,36.6,1,2026-08-08 14:58:18
5993,21,92.1,853.1,34.4,37.56,1,2026-08-08 15:06:18
5994,10,94.4,1076.5,34.2,37.01,1,2026-08-08 15:14:18
5995,10,92.7,750.1,33.4,36.56,1,2026-08-08 15:22:18
5996,30,98.6,1102.2,35.6,39.16,1,2026-08-08 15:30:18
5997,32,94.3,993.6,34.3,37.92,1,2026-08-08 15:38:18
5998,36,96.6,802.2,32.9,39.03,1,2026-08-08 15:46:18
5999,30,100.0,828.1,35.1,39.71,1,2026-08-08 15:54:18
6000,45,5.0,57.0,20.9,1.93,0,2026-08-08 16:02:18
6001,24,5.0,50.7,20.9,1.43,0,2026-08-08 16:10:18
6002,3,5.0,58.2,20.3,1.86,0,2026-08-08 16:18:18
6003,43,5.0,51.0,19.1,1.54,0,2026-08-08 16:26:18
6004,37,5.0,50.4,20.5,2.11,0,2026-08-08 16:34:18
6005,41,5.0,46.3,19.7,2.97,0,2026-08-08 16:42:18
6006,47,5.0,47.1,21.9,2.7,0,2026-08-08 16:50:18
6007,28,6.3,71.6,19.1,2.36,0,2026-08-08 16:58:18
6008,16,5.7,52.7,20.2,1.5,0,2026-08-08 17:06:18
6009,41,8.0,71.3,22.0,3.26,0,2026-08-08 17:14:18
6010,26,11.1,114.4,23.6,3.64,0,2026-08-08 17:22:18
6011,31,12.2,140.3,20.7,5.72,0,2026-08-08 17:30:18
6012,36,11.3,123.5,20.8,4.6,0,2026-08-08 17:38:18
6013,23,12.1,143.2,20.2,5.35,0,2026-08-08 17:46:18
6014,12,15.8,136.6,22.5,6.12,0,2026-08-08 17:54:18
6015,33,12.5,146.8,21.1,5.22,0,2026-08-08 18:02:18
6016,32,18.2,202.4,23.5,8.12,0,2026-08-08 18:10:18
6017,49,15.4,159.2,23.7,6.26,0,2026-08-08 18:18:18
6018,1,15.7,167.1,20.9,5.39,0,2026-08-08 18:26:18
6019,42,16.7,182.1,24.5,7.16,0,2026-08-08 18:34:18
6020,36,21.8,251.0,23.4,9.31,0,2026-08-08 18:42:18
6021,17,21.2,233.3,22.9,8.23,0,2026-08-08 18:50:18
6022,39,23.2,188.2,23.8,9.54,0,2026-08-08 18:58:18
6023,4,20.5,169.8,24.9,7.62,0,2026-08-08 19:06:18
6024,29,26.2,249.3,22.4,9.52,0,2026-08-08 19:14:18
6025,31,24.5,272.0,24.5,10.55,0,2026-08-08 19:22:18
6026,50,27.9,322.3,23.2,10.66,0,2026-08-08 19:30:18
6027,44,28.0,242.1,22.7,11.05,0,2026-08-08 19:38:18
6028,15,29.2,325.9,24.7,12.14,0,2026-08-08 19:46:18
6029,48,27.9,316.6,22.9,11.77,0,2026-08-08 19:54:18
6030,25,31.8,316.8,23.2,11.98,0,2026-08-08 20:02:18
6031,15,31.6,306.4,24.8,13.24,0,2026-08-08 20:10:18
6032,32,30.5,263.0,25.2,11.69,0,2026-08-08 20:18:18
6033,48,31.6,341.8,22.8,13.45,0,2026-08-08 20:26:18
6034,8,36.8,296.7,23.7,15.23,0,2026-08-08 20:34:18
6035,45,33.9,328.7,27.0,14.39,0,2026-08-08 20:42:18
6036,1,37.8,441.9,23.8,15.22,0,2026-08-08 20:50:18
6037,7,38.4,346.6,24.7,16.09,0,2026-08-08 20:58:18
6038,2,39.7,356.9,26.3,16.7,0,2026-08-08 21:06:18
6039,37,41.8,443.7,24.7,17.48,0,2026-08-08 21:14:18
6040,27,40.7,445.4,26.5,16.32,0,2026-08-08 21:22:18
6041,7,39.9,402.2,25.3,16.1,0,2026-08-08 21:30:18
6042,13,43.5,389.3,27.7,16.91,0,2026-08-08 21:38:18
6043,16,40.6,414.8,27.4,16.87,0,2026-08-08 21:46:18
6044,47,43.3,485.4,27.1,16.81,0,2026-08-08 21:54:18
6045,43,46.4,423.7,28.0,19.29,0,2026-08-08 22:02:18
6046,7,47.9,498.1,29.0,18.7,0,2026-08-08 22:10:18
6047,42,48.1,576.6,26.9,18.92,0,2026-08-08 22:18:18
6048,40,46.3,526.8,26.4,17.85,0,2026-08-08 22:26:18
6049,38,51.0,436.3,29.5,21.21,0,2026-08-08 22:34:18
6050,50,49.3,442.4,27.6,19.03,0,2026-08-08 22:42:18
6051,48,52.2,474.8,26.9,21.47,0,2026-08-08 22:50:18
6052,38,53.9,625.0,28.4,20.64,0,2026-08-08 22:58:18
6053,5,55.4,557.8,28.6,22.77,0,2026-08-08 23:06:18
6054,26,52.7,436.0,28.3,20.4,0,2026-08-08 23:14:18
6055,41,56.7,591.1,30.3,23.15,0,2026-08-08 23:22:18
6056,29,58.1,586.6,28.4,24.12,0,2026-08-08 23:30:18
6057,45,58.1,651.4,29.4,23.51,0,2026-08-08 23:38:18
6058,40,58.7,559.6,28.7,23.16,0,2026-08-08 23:46:18
6059,15,56.3,655.5,27.4,22.41,0,2026-08-08 23:54:18
6060,5,58.3,576.6,27.7,23.46,0,2026-08-09 00:02:18
6061,5,63.3,634.3,28.9,25.77,0,2026-08-09 00:10:18
6062,46,61.6,712.1,30.6,25.41,0,2026-08-09 00:18:18
6063,39,61.1,633.1,29.6,24.38,0,2026-08-09 00:26:18
6064,33,66.0,583.2,28.5,26.04,0,2026-08-09 00:34:18
6065,12,62.1,508.7,30.8,25.7,0,2026-08-09 00:42:18
6066,42,66.0,567.6,28.2,26.28,0,2026-08-09 00:50:18
6067,40,64.8,698.4,30.6,25.72,0,2026-08-09 00:58:18
6068,5,66.3,671.1,31.9,27.32,0,2026-08-09 01:06:18
6069,28,71.3,604.6,29.7,28.95,0,2026-08-09 01:14:18
6070,28,71.0,717.4,30.4,27.7,0,2026-08-09 01:22:18
6071,23,68.2,625.5,31.4,27.28,0,2026-08-09 01:30:18
6072,44,69.2,642.5,32.3,28.02,0,2026-08-09 01:38:18
6073,1,75.5,697.1,32.0,29.88,0,2026-08-09 01:46:18
6074,28,73.0,774.5,29.8,28.48,0,2026-08-09 01:54:18
6075,8,77.7,844.4,33.0,30.38,0,2026-08-09 02:02:18
6076,15,78.7,828.7,30.5,31.58,0,2026-08-09 02:10:18
6077,16,76.2,798.8,29.5,30.62,0,2026-08-09 02:18:18
6078,42,79.7,729.8,33.0,32.75,0,2026-08-09 02:26:18
6079,21,80.3,960.3,33.4,31.68,0,2026-08-09 02:34:18
6080,25,77.4,796.1,30.0,31.35,0,2026-08-09 02:42:18
6081,45,79.5,828.9,31.5,32.25,0,2026-08-09 02:50:18
6082,6,79.5,645.0,32.3,32.29,0,2026-08-09 02:58:18
6083,25,83.8,932.7,34.1,34.17,0,2026-08-09 03:06:18
6084,46,82.1,676.6,34.0,32.42,0,2026-08-09 03:14:18
6085,27,88.0,783.8,32.3,35.13,1,2026-08-09 03:22:18
6086,38,88.7,727.3,34.6,35.4,1,2026-08-09 03:30:18
6087,46,85.1,892.4,31.9,33.24,1,2026-08-09 03:38:18
6088,13,85.4,686.8,32.2,34.3,1,2026-08-09 03:46:18
6089,27,90.7,1051.9,35.5,35.31,1,2026-08-09 03:54:18
6090,48,93.0,970.8,35.5,37.59,1,2026-08-09 04:02:18
6091,40,90.1,903.6,35.1,35.58,1,2026-08-09 04:10:18
6092,14,89.4,988.1,34.2,35.31,1,2026-08-09 04:18:18
6093,1,94.7,944.7,33.7,37.88,1,2026-08-09 04:26:18
6094,32,95.4,774.3,36.1,38.88,1,2026-08-09 04:34:18
6095,37,95.1,763.6,36.1,38.28,1,2026-08-09 04:42:18
6096,4,94.9,1045.2,33.5,38.38,1,2026-08-09 04:50:18
6097,20,97.7,1060.1,33.2,38.92,1,2026-08-09 04:58:18
6098,14,99.5,894.2,36.6,39.26,1,2026-08-09 05:06:18
6099,32,99.0,1057.2,35.6,39.3,1,2026-08-09 05:14:18
6100,50,5.0,49.9,20.1,2.13,0,2026-08-09 05:22:18
6101,1,5.0,52.0,19.5,1.36,0,2026-08-09 05:30:18
6102,12,5.0,47.9,20.3,1.51,0,2026-08-09 05:38:18
6103,13,5.0,47.7,20.3,1.16,0,2026-08-09 05:46:18
6104,41,5.0,45.3,22.6,2.86,0,2026-08-09 05:54:18
6105,32,7.6,78.2,21.9,3.1,0,2026-08-09 06:02:18
6106,46,8.1,86.2,21.9,2.93,0,2026-08-09 06:10:18
6107,26,7.2,66.2,20.3,3.62,0,2026-08-09 06:18:18
6108,27,9.8,98.5,21.7,3.29,0,2026-08-09 06:26:18
6109,27,8.0,79.4,20.9,3.86,0,2026-08-09 06:34:18
6110,48,7.1,66.0,19.4,2.56,0,2026-08-09 06:42:18
6111,46,12.9,133.4,22.1,5.4,0,2026-08-09 06:50:18
6112,28,14.5,156.6,21.0,4.91,0,2026-08-09 06:58:18
6113,23,14.8,118.5,20.6,5.8,0,2026-08-09 07:06:18
6114,39,14.6,125.6,24.2,5.8,0,2026-08-09 07:14:18
6115,11,15.3,160.6,23.6,6.88,0,2026-08-09 07:22:18
6116,48,17.4,154.8,23.8,6.29,0,2026-08-09 07:30:18
6117,39,16.1,151.9,22.1,5.45,0,2026-08-09 07:38:18
6118,10,17.8,195.4,22.3,7.52,0,2026-08-09 07:46:18
6119,45,18.0,194.4,21.8,6.47,0,2026-08-09 07:54:18
6120,22,20.5,235.1,23.7,9.05,0,2026-08-09 08:02:18
6121,50,23.9,238.9,23.9,9.47,0,2026-08-09 08:10:18
6122,26,24.7,275.6,23.6,10.48,0,2026-08-09 08:18:18
6123,41,21.4,219.4,22.2,7.68,0,2026-08-09 08:26:18
6124,12,23.2,243.0,24.4,8.36,0,2026-08-09 08:34:18
6125,46,22.6,221.1,24.8,9.47,0,2026-08-09 08:42:18
6126,7,28.8,281.4,26.1,10.81,0,2026-08-09 08:50:18
6127,5,28.2,232.8,22.5,11.58,0,2026-08-09 08:58:18
6128,1,28.1,274.5,25.4,10.99,0,2026-08-09 09:06:18
6129,18,28.8,285.4,24.7,12.12,0,2026-08-09 09:14:18
6130,8,32.4,386.1,24.9,12.04,0,2026-08-09 09:22:18
6131,29,28.6,306.2,24.6,11.31,0,2026-08-09 09:30:18
6132,16,33.0,386.9,24.3,12.33,0,2026-08-09 09:38:18
6133,1,34.5,318.9,27.1,13.99,0,2026-08-09 09:46:18
6134,31,35.1,361.0,27.1,13.83,0,2026-08-09 09:54:18
6135,48,36.4,405.5,25.1,14.51,0,2026-08-09 10:02:18
6136,41,33.7,333.3,25.6,13.4,0,2026-08-09 10:10:18
6137,20,37.7,316.7,24.6,15.76,0,2026-08-09 10:18:18
6138,42,37.7,365.6,26.8,14.69,0,2026-08-09 10:26:18
6139,7,37.0,341.3,26.8,15.49,0,2026-08-09 10:34:18
6140,36,40.8,405.2,24.4,16.7,0,2026-08-09 10:42:18
6141,11,38.9,348.1,27.3,16.52,0,2026-08-09 10:50:18
6142,9,43.5,490.1,24.7,18.14,0,2026-08-09 10:58:18
6143,9,41.4,445.2,26.7,17.08,0,2026-08-09 11:06:18
6144,48,45.1,386.6,28.0,17.91,0,2026-08-09 11:14:18
6145,4,42.9,461.8,25.5,16.86,0,2026-08-09 11:22:18
6146,18,45.7,513.6,27.5,18.95,0,2026-08-09 11:30:18
6147,21,46.2,536.8,27.5,18.88,0,2026-08-09 11:38:18
6148,38,46.2,418.2,28.0,19.11,0,2026-08-09 11:46:18
6149,6,48.5,526.6,26.6,18.47,0,2026-08-09 11:54:18
6150,40,47.1,433.9,26.8,18.62,0,2026-08-09 12:02:18
6151,8,51.4,540.9,27.0,20.7,0,2026-08-09 12:10:18
6152,44,49.0,519.9,27.5,20.04,0,2026-08-09 12:18:18
6153,48,53.5,548.5,28.7,21.71,0,2026-08-09 12:26:18
6154,12,54.2,556.6,26.2,20.78,0,2026-08-09 12:34:18
6155,34,57.0,606.3,26.9,22.89,0,2026-08-09 12:42:18
6156,9,56.3,566.0,30.4,23.11,0,2026-08-09 12:50:18
6157,13,56.3,620.4,29.1,23.11,0,2026-08-09 12:58:18
6158,36,58.8,480.7,29.0,22.6,0,2026-08-09 13:06:18
6159,37,56.5,503.3,26.8,22.76,0,2026-08-09 13:14:18
6160,33,60.1,526.4,28.9,24.69,0,2026-08-09 13:22:18
6161,23,63.6,570.4,30.8,24.97,0,2026-08-09 13:30:18
6162,20,63.0,732.9,29.4,24.29,0,2026-08-09 13:38:18
6163,49,66.0,738.8,30.3,26.65,0,2026-08-09 13:46:18
6164,31,65.8,553.6,28.2,26.23,0,2026-08-09 13:54:18
6165,5,62.6,726.5,28.6,24.64,0,2026-08-09 14:02:18
6166,18,63.6,721.2,29.4,26.3,0,2026-08-09 14:10:18
6167,41,69.4,597.8,32.2,28.54,0,2026-08-09 14:18:18
6168,48,66.3,718.1,30.2,26.24,0,2026-08-09 14:26:18
6169,13,69.2,813.4,28.8,28.22,0,2026-08-09 14:34:18
6170,29,69.5,744.2,30.1,28.44,0,2026-08-09 14:42:18
6171,7,68.5,665.9,30.4,27.63,0,2026-08-09 14:50:18
6172,2,74.5,875.5,30.0,29.26,0,2026-08-09 14:58:18
6173,16,70.1,587.2,31.1,28.44,0,2026-08-09 15:06:18
6174,44,72.8,596.4,29.7,28.7,0,2026-08-09 15:14:18
6175,12,72.8,841.5,29.2,30.08,0,2026-08-09 15:22:18
6176,6,78.2,634.5,30.0,31.94,0,2026-08-09 15:30:18
6177,19,76.0,651.5,32.5,30.46,0,2026-08-09 15:38:18
6178,21,75.1,853.5,33.0,30.59,0,2026-08-09 15:46:18
6179,47,80.8,876.3,33.1,33.31,0,2026-08-09 15:54:18
6180,38,80.4,809.9,33.8,33.01,0,2026-08-09 16:02:18
6181,31,82.1,982.1,34.3,32.26,0,2026-08-09 16:10:18
6182,40,79.2,897.8,32.9,32.38,0,2026-08-09 16:18:18
6183,4,80.3,923.7,30.7,31.27,0,2026-08-09 16:26:18
6184,14,83.5,738.9,31.3,34.4,0,2026-08-09 16:34:18
6185,33,86.1,1017.6,32.3,34.89,1,2026-08-09 16:42:18
6186,7,84.9,734.1,33.9,34.49,0,2026-08-09 16:50:18
6187,4,84.9,846.2,30.8,33.74,0,2026-08-09 16:58:18
6188,28,90.1,855.6,32.4,35.28,1,2026-08-09 17:06:18
6189,31,91.1,952.7,35.5,36.89,1,2026-08-09 17:14:18
6190,41,92.2,833.4,35.4,36.25,1,2026-08-09 17:22:18
6191,38,93.6,760.7,32.9,37.58,1,2026-08-09 17:30:18
6192,21,91.9,974.2,32.0,37.57,1,2026-08-09 17:38:18
6193,46,91.4,1045.1,32.7,36.37,1,2026-08-09 17:46:18
6194,38,95.5,1077.8,32.6,38.3,1,2026-08-09 17:54:18
6195,29,95.2,994.8,34.3,37.94,1,2026-08-09 18:02:18
6196,26,93.2,913.8,35.0,37.6,1,2026-08-09 18:10:18
6197,24,97.2,1012.8,36.3,38.1,1,2026-08-09 18:18:18
6198,13,97.7,1014.2,33.7,39.9,1,2026-08-09 18:26:18
6199,26,96.7,1153.6,35.3,39.15,1,2026-08-09 18:34:18
6200,9,5.0,49.0,20.7,2.01,0,2026-08-09 18:42:18
6201,42,5.0,42.8,20.9,1.33,0,2026-08-09 18:50:18
6202,47,5.0,50.0,20.5,2.72,0,2026-08-09 18:58:18
6203,47,5.0,51.2,21.8,2.52,0,2026-08-09 19:06:18
6204,12,5.0,50.4,21.4,1.88,0,2026-08-09 19:14:18
6205,12,5.4,52.1,20.1,2.23,0,2026-08-09 19:22:18
6206,21,5.0,59.5,22.2,2.7,0,2026-08-09 19:30:18
6207,9,8.0,85.9,22.5,3.74,0,2026-08-09 19:38:18
6208,16,9.6,107.0,21.4,4.04,0,2026-08-09 19:46:18
6209,39,9.4,104.5,21.4,3.44,0,2026-08-09 19:54:18
6210,33,7.7,77.2,22.2,2.83,0,2026-08-09 20:02:18
6211,30,9.2,98.6,22.0,4.47,0,2026-08-09 20:10:18
6212,15,10.6,105.2,19.6,4.69,0,2026-08-09 20:18:18
6213,38,15.2,174.3,21.0,5.78,0,2026-08-09 20:26:18
6214,7,12.9,123.8,20.1,5.46,0,2026-08-09 20:34:18
6215,19,16.8,191.8,22.0,6.12,0,2026-08-09 20:42:18
6216,38,15.3,146.4,22.3,6.67,0,2026-08-09 20:50:18
6217,27,18.8,211.1,21.2,7.88,0,2026-08-09 20:58:18
6218,29,16.4,146.7,20.7,6.9,0,2026-08-09 21:06:18
6219,26,16.4,191.3,22.8,7.43,0,2026-08-09 21:14:18
6220,2,19.5,178.1,22.7,7.07,0,2026-08-09 21:22:18
6221,8,19.4,174.9,24.5,8.15,0,2026-08-09 21:30:18
6222,35,23.8,193.3,25.4,9.87,0,2026-08-09 21:38:18
6223,48,23.5,251.3,22.0,9.5,0,2026-08-09 21:46:18
6224,28,26.5,222.9,25.7,10.81,0,2026-08-09 21:54:18
6225,43,26.2,306.9,22.5,11.35,0,2026-08-09 22:02:18
6226,2,25.9,305.5,24.6,9.78,0,2026-08-09 22:10:18
6227,2,26.1,229.0,24.3,10.67,0,2026-08-09 22:18:18
6228,7,29.3,301.1,24.5,11.15,0,2026-08-09 22:26:18
6229,19,26.3,264.8,24.4,9.69,0,2026-08-09 22:34:18
6230,48,28.3,257.9,22.7,10.52,0,2026-08-09 22:42:18
6231,35,28.1,283.1,24.2,11.96,0,2026-08-09 22:50:18
6232,4,30.8,305.2,25.9,11.97,0,2026-08-09 22:58:18
6233,24,34.3,299.5,25.0,13.38,0,2026-08-09 23:06:18
6234,42,34.6,360.7,23.7,13.28,0,2026-08-09 23:14:18
6235,13,34.8,385.6,23.8,14.81,0,2026-08-09 23:22:18
6236,23,38.6,379.7,25.5,15.59,0,2026-08-09 23:30:18
6237,7,35.4,341.8,26.4,14.38,0,2026-08-09 23:38:18
6238,42,39.6,330.5,24.8,15.97,0,2026-08-09 23:46:18
6239,14,37.0,396.1,24.2,14.13,0,2026-08-09 23:54:18
6240,40,39.6,455.5,27.9,15.99,0,2026-08-10 00:02:18
6241,28,41.7,394.6,25.7,15.94,0,2026-08-10 00:10:18
6242,36,43.2,476.0,26.0,16.31,0,2026-08-10 00:18:18
6243,37,45.4,540.9,27.6,18.09,0,2026-08-10 00:26:18
6244,27,45.0,454.3,27.2,18.78,0,2026-08-10 00:34:18
6245,49,45.7,399.2,25.3,17.84,0,2026-08-10 00:42:18
6246,23,43.4,508.4,24.8,17.19,0,2026-08-10 00:50:18
6247,4,46.2,501.0,26.3,19.23,0,2026-08-10 00:58:18
6248,43,50.8,416.0,28.9,20.16,0,2026-08-10 01:06:18
6249,19,49.3,564.6,28.8,19.76,0,2026-08-10 01:14:18
6250,8,48.0,503.4,29.0,18.84,0,2026-08-10 01:22:18
6251,2,52.3,545.3,26.0,21.48,0,2026-08-10 01:30:18
6252,37,54.6,551.0,28.5,21.58,0,2026-08-10 01:38:18
6253,40,52.5,462.3,26.8,21.67,0,2026-08-10 01:46:18
6254,2,55.4,622.4,27.6,21.3,0,2026-08-10 01:54:18
6255,33,52.7,455.5,27.7,21.91,0,2026-08-10 02:02:18
6256,27,56.9,465.8,27.7,21.82,0,2026-08-10 02:10:18
6257,7,55.8,449.0,28.6,22.55,0,2026-08-10 02:18:18
6258,17,61.0,510.5,27.3,24.47,0,2026-08-10 02:26:18
6259,35,60.5,633.8,27.7,25.12,0,2026-08-10 02:34:18
6260,9,60.2,572.6,27.8,23.18,0,2026-08-10 02:42:18
6261,8,60.4,517.9,27.7,24.96,0,2026-08-10 02:50:18
6262,23,60.0,487.4,28.7,24.65,0,2026-08-10 02:58:18
6263,26,61.7,708.0,30.1,24.18,0,2026-08-10 03:06:18
6264,44,62.2,676.9,31.0,24.56,0,2026-08-10 03:14:18
6265,50,65.1,617.8,30.4,25.41,0,2026-08-10 03:22:18
6266,14,64.5,650.6,29.6,24.91,0,2026-08-10 03:30:18
6267,8,67.4,696.6,29.9,27.84,0,2026-08-10 03:38:18
6268,33,65.9,708.5,31.9,25.6,0,2026-08-10 03:46:18
6269,39,67.6,606.3,31.1,27.97,0,2026-08-10 03:54:18
6270,9,71.1,666.0,32.3,28.89,0,2026-08-10 04:02:18
6271,19,73.4,801.5,29.6,30.32,0,2026-08-10 04:10:18
6272,5,73.6,607.2,31.8,30.15,0,2026-08-10 04:18:18
6273,38,75.8,624.5,29.4,29.81,0,2026-08-10 04:26:18
6274,19,73.4,642.8,29.8,28.62,0,2026-08-10 04:34:18
6275,9,76.7,721.2,31.9,31.38,0,2026-08-10 04:42:18
6276,36,78.4,635.0,30.6,31.45,0,2026-08-10 04:50:18
6277,28,78.9,894.3,32.7,32.12,0,2026-08-10 04:58:18
6278,47,79.5,839.5,30.8,31.05,0,2026-08-10 05:06:18
6279,12,76.9,746.5,31.8,31.56,0,2026-08-10 05:14:18
6280,17,82.7,689.2,33.3,33.98,0,2026-08-10 05:22:18
6281,35,80.6,767.3,32.1,31.74,0,2026-08-10 05:30:18
6282,7,85.0,964.3,33.2,33.61,1,2026-08-10 05:38:18
6283,28,84.8,927.5,33.1,34.48,0,2026-08-10 05:46:18
6284,15,82.8,973.6,33.4,33.84,0,2026-08-10 05:54:18
6285,30,85.4,954.1,31.0,33.97,1,2026-08-10 06:02:18
6286,39,86.4,692.0,32.2,34.07,1,2026-08-10 06:10:18
6287,6,87.6,957.6,34.7,34.79,1,2026-08-10 06:18:18
6288,5,86.6,880.3,32.7,34.08,1,2026-08-10 06:26:18
6289,7,90.9,753.9,33.8,35.93,1,2026-08-10 06:34:18
6290,1,91.9,1021.7,33.3,36.3,1,2026-08-10 06:42:18
6291,12,91.8,908.8,35.6,37.0,1,2026-08-10 06:50:18
6292,37,93.0,1029.8,34.7,36.89,1,2026-08-10 06:58:18
6293,48,92.5,1067.0,34.8,37.08,1,2026-08-10 07:06:18
6294,20,93.0,990.8,32.4,37.23,1,2026-08-10 07:14:18
6295,18,96.4,790.0,35.4,37.87,1,2026-08-10 07:22:18
6296,37,95.6,1069.6,35.3,38.76,1,2026-08-10 07:30:18
6297,5,95.4,944.2,34.7,38.45,1,2026-08-10 07:38:18
6298,7,100.0,898.2,34.6,39.5,1,2026-08-10 07:46:18
6299,26,100.0,867.7,34.9,40.31,1,2026-08-10 07:54:18
6300,27,5.0,48.5,19.4,2.64,0,2026-08-10 08:02:18
6301,33,5.0,59.2,20.3,2.12,0,2026-08-10 08:10:18
6302,30,5.0,47.4,19.6,1.7,0,2026-08-10 08:18:18
6303,21,5.0,57.6,19.9,2.85,0,2026-08-10 08:26:18
6304,23,5.0,52.7,21.2,2.88,0,2026-08-10 08:34:18
6305,8,5.0,49.9,22.0,1.53,0,2026-08-10 08:42:18
6306,34,6.9,73.8,20.5,2.31,0,2026-08-10 08:50:18
6307,31,8.3,84.6,22.5,2.89,0,2026-08-10 08:58:18
6308,37,6.3,52.6,22.5,1.63,0,2026-08-10 09:06:18
6309,23,8.1,73.7,19.2,3.8,0,2026-08-10 09:14:18
6310,42,10.4,86.1,20.4,4.76,0,2026-08-10 09:22:18
6311,40,8.1,83.1,20.7,3.13,0,2026-08-10 09:30:18
6312,44,14.7,144.8,23.7,5.89,0,2026-08-10 09:38:18
6313,46,12.0,123.8,23.1,4.52,0,2026-08-10 09:46:18
6314,21,14.4,141.9,20.9,4.95,0,2026-08-10 09:54:18
6315,14,12.2,143.2,23.0,4.16,0,2026-08-10 10:02:18
6316,32,15.9,156.2,23.6,5.6,0,2026-08-10 10:10:18
6317,2,19.7,222.7,21.3,7.93,0,2026-08-10 10:18:18
6318,19,18.8,175.2,23.9,6.9,0,2026-08-10 10:26:18
6319,13,17.9,159.9,21.5,7.17,0,2026-08-10 10:34:18
6320,44,21.1,235.8,24.9,8.66,0,2026-08-10 10:42:18
6321,5,19.1,164.5,23.0,8.17,0,2026-08-10 10:50:18
6322,23,24.1,280.0,22.2,9.7,0,2026-08-10 10:58:18
6323,29,20.7,202.9,23.3,8.99,0,2026-08-10 11:06:18
6324,50,23.6,270.3,23.6,10.39,0,2026-08-10 11:14:18
6325,39,27.2,236.5,25.4,10.57,0,2026-08-10 11:22:18
6326,44,24.6,287.8,24.7,9.57,0,2026-08-10 11:30:18
6327,5,29.2,329.4,22.5,11.8,0,2026-08-10 11:38:18
6328,12,30.4,350.1,26.2,12.39,0,2026-08-10 11:46:18
6329,11,26.8,272.9,25.7,11.45,0,2026-08-10 11:54:18
6330,40,31.3,269.0,24.0,13.19,0,2026-08-10 12:02:18
6331,11,32.0,377.2,24.0,11.81,0,2026-08-10 12:10:18
6332,20,34.6,403.6,27.0,14.09,0,2026-08-10 12:18:18
6333,4,31.4,355.7,24.1,12.06,0,2026-08-10 12:26:18
6334,4,33.7,288.6,26.6,13.57,0,2026-08-10 12:34:18
6335,46,34.9,404.9,27.0,13.71,0,2026-08-10 12:42:18
6336,50,37.1,386.9,23.6,14.9,0,2026-08-10 12:50:18
6337,41,37.9,320.0,26.5,14.44,0,2026-08-10 12:58:18
6338,10,36.5,315.7,23.8,15.6,0,2026-08-10 13:06:18
6339,39,36.1,299.5,25.6,14.58,0,2026-08-10 13:14:18
6340,41,37.3,425.5,27.3,14.31,0,2026-08-10 13:22:18
6341,11,41.7,440.3,27.8,16.14,0,2026-08-10 13:30:18
6342,34,41.1,446.1,24.4,17.33,0,2026-08-10 13:38:18
6343,6,41.3,441.3,24.5,17.37,0,2026-08-10 13:46:18
6344,49,42.2,409.5,26.7,15.93,0,2026-08-10 13:54:18
6345,11,44.4,446.0,25.8,18.24,0,2026-08-10 14:02:18
6346,10,47.8,405.6,28.8,18.93,0,2026-08-10 14:10:18
6347,16,47.7,528.7,26.3,19.36,0,2026-08-10 14:18:18
6348,49,45.4,528.9,24.9,18.86,0,2026-08-10 14:26:18
6349,36,50.6,531.2,27.7,19.35,0,2026-08-10 14:34:18
6350,43,52.1,594.4,29.7,20.45,0,2026-08-10 14:42:18
6351,20,48.3,428.9,27.6,18.59,0,2026-08-10 14:50:18
6352,38,53.3,526.9,29.4,20.44,0,2026-08-10 14:58:18
6353,17,52.7,488.3,29.3,22.08,0,2026-08-10 15:06:18
6354,19,53.5,635.9,27.9,21.18,0,2026-08-10 15:14:18
6355,15,53.5,609.0,29.1,21.46,0,2026-08-10 15:22:18
6356,44,56.3,514.9,27.4,23.19,0,2026-08-10 15:30:18
6357,42,54.3,606.8,27.2,22.13,0,2026-08-10 15:38:18
6358,47,57.2,570.0,26.7,22.52,0,2026-08-10 15:46:18
6359,20,58.6,572.9,27.8,22.63,0,2026-08-10 15:54:18
6360,46,57.5,609.5,28.0,22.22,0,2026-08-10 16:02:18
6361,42,59.5,541.9,30.8,23.97,0,2026-08-10 16:10:18
6362,23,64.0,637.1,29.3,24.8,0,2026-08-10 16:18:18
6363,4,62.7,711.3,30.5,26.03,0,2026-08-10 16:26:18
6364,22,65.6,759.1,30.3,25.84,0,2026-08-10 16:34:18
6365,32,66.4,740.2,30.7,26.19,0,2026-08-10 16:42:18
6366,10,64.6,683.2,28.3,26.22,0,2026-08-10 16:50:18
6367,6,66.0,601.5,30.7,26.12,0,2026-08-10 16:58:18
6368,20,65.9,747.8,29.9,25.58,0,2026-08-10 17:06:18
6369,9,67.6,749.1,29.5,26.93,0,2026-08-10 17:14:18
6370,5,69.0,713.6,29.7,28.24,0,2026-08-10 17:22:18
6371,42,72.5,654.6,30.5,28.28,0,2026-08-10 17:30:18
6372,28,71.2,679.5,30.5,28.12,0,2026-08-10 17:38:18
6373,19,72.5,589.0,31.9,29.03,0,2026-08-10 17:46:18
6374,3,75.0,631.2,32.8,29.28,0,2026-08-10 17:54:18
6375,30,72.6,610.7,30.5,29.9,0,2026-08-10 18:02:18
6376,5,77.7,911.3,31.0,31.8,0,2026-08-10 18:10:18
6377,12,78.6,834.8,32.2,32.27,0,2026-08-10 18:18:18
6378,44,77.2,727.5,33.4,31.48,0,2026-08-10 18:26:18
6379,15,80.3,875.6,32.7,31.15,0,2026-08-10 18:34:18
6380,14,77.2,867.4,33.2,31.06,0,2026-08-10 18:42:18
6381,14,78.5,638.4,32.5,30.97,0,2026-08-10 18:50:18
6382,14,80.0,731.0,30.3,31.72,0,2026-08-10 18:58:18
6383,39,85.1,850.0,30.9,34.6,1,2026-08-10 19:06:18
6384,23,82.3,814.3,31.3,32.41,0,2026-08-10 19:14:18
6385,36,87.6,1041.2,31.5,34.23,1,2026-08-10 19:22:18
6386,29,86.7,731.0,31.6,35.42,1,2026-08-10 19:30:18
6387,22,87.1,780.1,32.5,35.16,1,2026-08-10 19:38:18
6388,13,87.6,1008.9,33.2,35.26,1,2026-08-10 19:46:18
6389,5,91.7,925.8,33.4,37.65,1,2026-08-10 19:54:18
6390,44,87.5,1035.7,31.2,34.99,1,2026-08-10 20:02:18
6391,50,89.1,828.3,33.5,36.31,1,2026-08-10 20:10:18
6392,37,93.6,822.7,32.2,38.19,1,2026-08-10 20:18:18
6393,41,94.4,799.1,34.2,37.63,1,2026-08-10 20:26:18
6394,15,94.0,969.9,34.7,37.48,1,2026-08-10 20:34:18
6395,1,93.8,929.5,33.1,37.99,1,2026-08-10 20:42:18
6396,28,96.7,1124.9,33.0,38.05,1,2026-08-10 20:50:18
6397,43,95.1,1014.2,32.4,38.37,1,2026-08-10 20:58:18
6398,29,100.0,826.2,34.7,39.7,1,2026-08-10 21:06:18
6399,40,98.1,785.7,34.8,39.43,1,2026-08-10 21:14:18
6400,26,5.0,47.7,21.8,2.39,0,2026-08-10 21:22:18
6401,35,5.0,42.8,19.9,2.99,0,2026-08-10 21:30:18
6402,16,5.0,58.0,22.3,2.53,0,2026-08-10 21:38:18
6403,49,5.0,45.7,20.2,1.05,0,2026-08-10 21:46:18
6404,26,5.0,41.1,21.7,1.46,0,2026-08-10 21:54:18
6405,23,5.0,53.1,22.3,2.28,0,2026-08-10 22:02:18
6406,42,5.5,53.0,22.2,2.09,0,2026-08-10 22:10:18
6407,16,5.3,52.4,22.0,2.82,0,2026-08-10 22:18:18
6408,47,7.6,83.2,19.7,2.46,0,2026-08-10 22:26:18
6409,1,9.5,98.2,21.3,4.43,0,2026-08-10 22:34:18
6410,40,11.8,103.0,23.5,5.32,0,2026-08-10 22:42:18
6411,38,13.4,120.5,21.2,4.44,0,2026-08-10 22:50:18
6412,7,11.3,108.2,20.1,5.48,0,2026-08-10 22:58:18
6413,44,10.2,114.5,21.2,4.91,0,2026-08-10 23:06:18
6414,21,14.6,173.8,20.7,5.84,0,2026-08-10 23:14:18
6415,48,14.2,134.3,22.4,6.3,0,2026-08-10 23:22:18
6416,4,16.3,133.2,24.3,5.95,0,2026-08-10 23:30:18
6417,28,16.0,160.5,23.0,6.53,0,2026-08-10 23:38:18
6418,44,19.6,223.5,24.6,8.06,0,2026-08-10 23:46:18
6419,5,18.3,148.6,23.5,6.59,0,2026-08-10 23:54:18
6420,34,17.3,207.3,20.6,6.95,0,2026-08-11 00:02:18
6421,26,18.9,199.2,24.1,8.43,0,2026-08-11 00:10:18
6422,38,24.1,216.9,22.0,9.15,0,2026-08-11 00:18:18
6423,2,23.9,217.8,22.0,8.95,0,2026-08-11 00:26:18
6424,40,25.5,239.4,23.9,9.55,0,2026-08-11 00:34:18
6425,35,25.0,284.8,23.1,9.53,0,2026-08-11 00:42:18
6426,35,26.2,269.0,23.2,10.76,0,2026-08-11 00:50:18
6427,6,29.1,269.4,23.4,12.39,0,2026-08-11 00:58:18
6428,44,29.3,258.9,23.3,11.64,0,2026-08-11 01:06:18
6429,25,27.5,275.2,22.4,11.66,0,2026-08-11 01:14:18
6430,24,31.6,269.8,24.2,12.92,0,2026-08-11 01:22:18
6431,39,33.1,270.4,25.6,14.0,0,2026-08-11 01:30:18
6432,9,30.7,352.5,23.9,12.58,0,2026-08-11 01:38:18
6433,32,31.6,313.9,23.2,13.28,0,2026-08-11 01:46:18
6434,49,32.8,322.1,26.3,13.88,0,2026-08-11 01:54:18
6435,46,35.8,309.2,25.1,14.11,0,2026-08-11 02:02:18
6436,23,38.8,320.1,23.9,16.37,0,2026-08-11 02:10:18
6437,45,38.2,327.3,27.5,15.27,0,2026-08-11 02:18:18
6438,18,38.8,344.4,27.4,15.06,0,2026-08-11 02:26:18
6439,28,37.1,366.0,27.1,14.85,0,2026-08-11 02:34:18
6440,9,38.1,361.2,24.8,14.3,0,2026-08-11 02:42:18
6441,28,42.4,398.3,24.7,17.78,0,2026-08-11 02:50:18
6442,38,41.3,402.8,26.0,17.42,0,2026-08-11 02:58:18
6443,20,42.3,461.1,26.6,17.2,0,2026-08-11 03:06:18
6444,47,41.2,476.5,28.0,15.8,0,2026-08-11 03:14:18
6445,26,46.9,561.1,26.4,17.86,0,2026-08-11 03:22:18
6446,2,43.2,438.6,28.0,17.17,0,2026-08-11 03:30:18
6447,27,47.7,548.1,25.2,18.34,0,2026-08-11 03:38:18
6448,28,48.7,514.3,27.6,20.32,0,2026-08-11 03:46:18
6449,34,51.0,500.7,27.7,21.26,0,2026-08-11 03:54:18
6450,50,49.4,589.8,29.3,20.68,0,2026-08-11 04:02:18
6451,40,53.7,553.6,29.4,21.0,0,2026-08-11 04:10:18
6452,44,52.7,423.4,26.7,21.79,0,2026-08-11 04:18:18
6453,37,50.6,509.1,28.1,20.25,0,2026-08-11 04:26:18
6454,46,54.3,470.2,26.9,21.91,0,2026-08-11 04:34:18
6455,7,56.7,515.9,27.3,21.89,0,2026-08-11 04:42:18
6456,31,56.3,610.4,29.1,21.53,0,2026-08-11 04:50:18
6457,10,57.3,482.0,26.9,22.41,0,2026-08-11 04:58:18
6458,32,57.0,504.2,28.9,22.08,0,2026-08-11 05:06:18
6459,6,57.1,611.3,28.1,22.16,0,2026-08-11 05:14:18
6460,23,61.7,569.3,29.3,23.94,0,2026-08-11 05:22:18
6461,23,58.7,683.7,30.0,22.49,0,2026-08-11 05:30:18
6462,25,59.3,567.1,29.7,23.17,0,2026-08-11 05:38:18
6463,50,64.1,535.5,30.2,24.69,0,2026-08-11 05:46:18
6464,34,63.1,511.4,28.3,24.76,0,2026-08-11 05:54:18
6465,42,62.9,669.1,28.6,24.87,0,2026-08-11 06:02:18
6466,23,63.9,729.0,30.4,24.7,0,2026-08-11 06:10:18
6467,44,64.5,710.0,28.6,25.11,0,2026-08-11 06:18:18
6468,14,67.2,621.7,31.2,27.52,0,2026-08-11 06:26:18
6469,19,72.0,841.8,29.7,29.06,0,2026-08-11 06:34:18
6470,11,68.6,721.5,29.0,26.68,0,2026-08-11 06:42:18
6471,46,71.1,605.5,28.9,28.27,0,2026-08-11 06:50:18
6472,10,69.6,656.1,32.1,28.37,0,2026-08-11 06:58:18
6473,7,70.4,791.3,29.6,28.0,0,2026-08-11 07:06:18
6474,8,72.1,820.2,32.6,28.57,0,2026-08-11 07:14:18
6475,3,73.1,652.2,30.7,28.48,0,2026-08-11 07:22:18
6476,5,73.1,844.6,30.0,29.68,0,2026-08-11 07:30:18
6477,41,78.5,894.4,30.8,31.63,0,2026-08-11 07:38:18
6478,6,75.5,649.3,31.3,29.99,0,2026-08-11 07:46:18
6479,1,81.0,941.8,33.1,32.73,0,2026-08-11 07:54:18
6480,6,81.2,675.1,31.1,32.15,0,2026-08-11 08:02:18
6481,37,78.8,755.9,32.0,30.81,0,2026-08-11 08:10:18
6482,28,80.0,816.0,30.2,32.23,0,2026-08-11 08:18:18
6483,45,83.0,992.6,30.9,33.08,0,2026-08-11 08:26:18
6484,19,84.7,899.9,34.1,33.33,0,2026-08-11 08:34:18
6485,11,84.4,882.2,31.2,33.35,0,2026-08-11 08:42:18
6486,36,88.8,804.2,34.4,35.63,1,2026-08-11 08:50:18
6487,45,88.9,1010.4,34.6,36.1,1,2026-08-11 08:58:18
6488,32,89.7,751.2,33.5,35.87,1,2026-08-11 09:06:18
6489,8,86.2,927.3,34.3,34.68,1,2026-08-11 09:14:18
6490,36,90.0,737.8,32.5,36.5,1,2026-08-11 09:22:18
6491,7,91.0,822.9,35.2,36.33,1,2026-08-11 09:30:18
6492,13,92.4,1048.6,33.6,36.29,1,2026-08-11 09:38:18
6493,34,90.5,915.0,34.2,36.19,1,2026-08-11 09:46:18
6494,41,91.5,912.0,32.9,36.43,1,2026-08-11 09:54:18
6495,36,97.5,1094.3,35.9,38.46,1,2026-08-11 10:02:18
6496,13,98.9,995.6,35.5,40.0,1,2026-08-11 10:10:18
6497,22,97.4,933.2,35.5,38.58,1,2026-08-11 10:18:18
6498,8,99.9,963.2,34.6,40.42,1,2026-08-11 10:26:18
6499,31,97.4,978.4,33.5,38.52,1,2026-08-11 10:34:18
6500,47,5.0,56.0,22.1,1.95,0,2026-08-11 10:42:18
6501,28,5.0,47.4,20.9,2.58,0,2026-08-11 10:50:18
6502,2,5.0,40.8,21.2,2.51,0,2026-08-11 10:58:18
6503,8,5.0,47.3,22.5,2.1,0,2026-08-11 11:06:18
6504,32,5.0,40.3,18.9,2.04,0,2026-08-11 11:14:18
6505,23,7.9,86.7,23.1,3.48,0,2026-08-11 11:22:18
6506,23,8.4,69.5,20.6,3.78,0,2026-08-11 11:30:18
6507,7,6.1,68.6,20.9,1.96,0,2026-08-11 11:38:18
6508,27,7.9,71.1,19.7,3.84,0,2026-08-11 11:46:18
6509,17,10.5,101.9,22.7,3.49,0,2026-08-11 11:54:18
6510,36,7.4,82.8,19.2,2.05,0,2026-08-11 12:02:18
6511,32,11.5,116.6,19.8,4.88,0,2026-08-11 12:10:18
6512,15,11.5,117.4,22.6,4.98,0,2026-08-11 12:18:18
6513,33,14.1,147.6,20.9,5.11,0,2026-08-11 12:26:18
6514,5,16.9,170.1,23.3,7.29,0,2026-08-11 12:34:18
6515,18,14.6,170.5,20.9,5.31,0,2026-08-11 12:42:18
6516,22,17.5,168.2,24.0,6.18,0,2026-08-11 12:50:18
6517,4,17.0,192.3,20.8,5.85,0,2026-08-11 12:58:18
6518,49,19.1,190.4,24.1,8.23,0,2026-08-11 13:06:18
6519,27,19.3,176.5,23.2,8.68,0,2026-08-11 13:14:18
6520,3,19.8,178.6,22.2,7.21,0,2026-08-11 13:22:18
6521,48,20.7,181.8,23.9,9.08,0,2026-08-11 13:30:18
6522,24,19.5,205.3,23.4,7.52,0,2026-08-11 13:38:18
6523,25,22.0,223.4,22.5,9.59,0,2026-08-11 13:46:18
6524,44,22.9,251.6,23.6,8.69,0,2026-08-11 13:54:18
6525,35,24.8,265.2,23.8,9.3,0,2026-08-11 14:02:18
6526,21,27.9,322.6,24.9,11.72,0,2026-08-11 14:10:18
6527,37,26.6,317.2,23.7,10.85,0,2026-08-11 14:18:18
6528,46,29.6,277.3,24.3,11.65,0,2026-08-11 14:26:18
6529,3,28.2,321.2,25.7,10.37,0,2026-08-11 14:34:18
6530,38,32.1,383.1,26.2,12.83,0,2026-08-11 14:42:18
6531,11,28.6,306.0,24.5,12.12,0,2026-08-11 14:50:18
6532,5,33.5,386.0,23.7,12.56,0,2026-08-11 14:58:18
6533,25,34.0,397.8,23.7,13.53,0,2026-08-11 15:06:18
6534,31,33.0,347.8,25.3,13.71,0,2026-08-11 15:14:18
6535,2,34.3,293.2,24.1,12.77,0,2026-08-11 15:22:18
6536,38,36.7,391.4,26.5,15.04,0,2026-08-11 15:30:18
6537,39,35.2,288.3,23.9,15.05,0,2026-08-11 15:38:18
6538,2,35.2,288.5,24.0,14.08,0,2026-08-11 15:46:18
6539,7,41.7,414.0,27.5,16.87,0,2026-08-11 15:54:18
6540,10,42.7,494.7,28.2,16.67,0,2026-08-11 16:02:18
6541,10,41.5,369.3,27.9,16.16,0,2026-08-11 16:10:18
6542,29,44.9,383.3,28.7,17.45,0,2026-08-11 16:18:18
6543,6,41.3,442.8,24.3,16.07,0,2026-08-11 16:26:18
6544,47,43.2,453.5,27.0,16.99,0,2026-08-11 16:34:18
6545,50,45.2,395.9,26.9,18.64,0,2026-08-11 16:42:18
6546,35,47.6,435.6,28.3,18.72,0,2026-08-11 16:50:18
6547,33,47.8,502.1,26.8,18.54,0,2026-08-11 16:58:18
6548,1,45.7,532.0,25.0,18.87,0,2026-08-11 17:06:18
6549,17,52.0,519.5,29.7,20.27,0,2026-08-11 17:14:18
6550,17,51.3,461.1,28.5,20.63,0,2026-08-11 17:22:18
6551,8,49.3,526.0,26.3,20.06,0,2026-08-11 17:30:18
6552,25,54.3,540.0,30.0,22.6,0,2026-08-11 17:38:18
6553,47,52.9,609.0,26.3,20.56,0,2026-08-11 17:46:18
6554,10,56.2,591.1,28.9,21.67,0,2026-08-11 17:54:18
6555,18,54.6,463.6,29.2,21.76,0,2026-08-11 18:02:18
6556,1,55.0,564.6,27.9,21.91,0,2026-08-11 18:10:18
6557,7,57.5,657.1,30.0,22.77,0,2026-08-11 18:18:18
6558,10,60.3,515.1,28.9,24.45,0,2026-08-11 18:26:18
6559,45,58.1,672.9,28.0,23.5,0,2026-08-11 18:34:18
6560,2,59.8,551.0,28.1,23.06,0,2026-08-11 18:42:18
6561,21,58.9,695.5,27.0,23.0,0,2026-08-11 18:50:18
6562,22,60.1,587.7,29.8,24.91,0,2026-08-11 18:58:18
6563,31,61.8,591.4,28.4,24.37,0,2026-08-11 19:06:18
6564,7,61.4,501.4,28.5,25.4,0,2026-08-11 19:14:18
6565,23,67.4,747.0,28.8,26.71,0,2026-08-11 19:22:18
6566,41,65.8,588.2,29.6,25.63,0,2026-08-11 19:30:18
6567,44,68.3,715.6,31.6,26.85,0,2026-08-11 19:38:18
6568,7,65.5,684.8,30.6,26.68,0,2026-08-11 19:46:18
6569,8,68.5,799.1,30.7,26.58,0,2026-08-11 19:54:18
6570,22,69.0,801.9,31.6,26.75,0,2026-08-11 20:02:18
6571,6,70.2,647.7,30.6,28.69,0,2026-08-11 20:10:18
6572,32,71.6,657.0,31.6,28.94,0,2026-08-11 20:18:18
6573,32,71.6,687.2,30.8,28.56,0,2026-08-11 20:26:18
6574,3,72.8,639.2,31.5,28.92,0,2026-08-11 20:34:18
6575,38,76.6,727.0,30.8,30.37,0,2026-08-11 20:42:18
6576,45,77.4,871.5,32.3,31.16,0,2026-08-11 20:50:18
6577,10,77.4,654.4,30.9,30.18,0,2026-08-11 20:58:18
6578,38,80.6,767.1,31.5,32.82,0,2026-08-11 21:06:18
6579,29,79.6,711.2,30.6,32.32,0,2026-08-11 21:14:18
6580,32,82.4,873.0,30.8,33.55,0,2026-08-11 21:22:18
6581,44,79.7,849.8,33.4,32.45,0,2026-08-11 21:30:18
6582,30,80.4,939.7,33.9,32.1,0,2026-08-11 21:38:18
6583,36,81.6,866.0,32.6,32.05,0,2026-08-11 21:46:18
6584,31,83.8,700.2,33.9,33.3,0,2026-08-11 21:54:18
6585,11,85.9,775.0,33.4,34.07,1,2026-08-11 22:02:18
6586,39,87.3,931.4,32.3,35.08,1,2026-08-11 22:10:18
6587,26,88.5,709.1,34.8,35.51,1,2026-08-11 22:18:18
6588,18,88.5,882.3,32.6,36.32,1,2026-08-11 22:26:18
6589,12,90.2,1009.0,32.6,35.55,1,2026-08-11 22:34:18
6590,47,91.4,980.5,32.1,36.7,1,2026-08-11 22:42:18
6591,17,93.1,806.2,33.2,36.7,1,2026-08-11 22:50:18
6592,15,94.3,852.1,33.4,37.33,1,2026-08-11 22:58:18
6593,14,95.1,1090.5,33.8,39.0,1,2026-08-11 23:06:18
6594,25,96.2,799.5,35.7,39.46,1,2026-08-11 23:14:18
6595,7,92.1,785.2,32.5,36.41,1,2026-08-11 23:22:18
6596,39,97.2,1037.8,36.0,38.32,1,2026-08-11 23:30:18
6597,26,95.4,936.8,34.4,37.31,1,2026-08-11 23:38:18
6598,50,95.5,928.3,33.3,38.42,1,2026-08-11 23:46:18
6599,23,99.6,888.4,35.9,40.18,1,2026-08-11 23:54:18
6600,24,5.0,53.4,18.9,2.74,0,2026-08-12 00:02:18
6601,24,5.0,50.4,22.6,2.69,0,2026-08-12 00:10:18
6602,43,5.0,57.5,22.0,1.31,0,2026-08-12 00:18:18
6603,2,5.0,40.0,19.0,2.93,0,2026-08-12 00:26:18
6604,37,5.0,45.1,20.6,1.19,0,2026-08-12 00:34:18
6605,18,6.8,63.0,19.5,2.7,0,2026-08-12 00:42:18
6606,38,7.5,70.3,21.4,2.2,0,2026-08-12 00:50:18
6607,38,6.3,69.4,21.4,1.57,0,2026-08-12 00:58:18
6608,37,7.3,64.3,20.9,2.64,0,2026-08-12 01:06:18
6609,40,9.3,106.6,22.9,2.82,0,2026-08-12 01:14:18
6610,29,11.8,108.8,21.6,4.12,0,2026-08-12 01:22:18
6611,33,8.4,71.9,21.7,3.85,0,2026-08-12 01:30:18
6612,15,9.2,77.5,22.3,4.66,0,2026-08-12 01:38:18
6613,1,15.1,143.1,21.0,6.83,0,2026-08-12 01:46:18
6614,42,16.4,171.5,20.7,6.75,0,2026-08-12 01:54:18
6615,22,16.3,160.1,21.5,7.04,0,2026-08-12 02:02:18
6616,6,13.2,151.9,22.4,5.96,0,2026-08-12 02:10:18
6617,46,15.5,165.4,22.5,5.86,0,2026-08-12 02:18:18
6618,23,18.1,168.1,23.8,7.97,0,2026-08-12 02:26:18
6619,10,17.1,201.7,20.7,6.02,0,2026-08-12 02:34:18
6620,20,18.4,191.8,21.5,7.47,0,2026-08-12 02:42:18
6621,40,21.1,199.1,25.0,9.3,0,2026-08-12 02:50:18
6622,20,23.5,241.3,25.1,8.96,0,2026-08-12 02:58:18
6623,28,23.7,226.4,24.1,10.27,0,2026-08-12 03:06:18
6624,30,23.7,271.2,21.7,8.86,0,2026-08-12 03:14:18
6625,14,22.9,268.0,22.6,8.36,0,2026-08-12 03:22:18
6626,38,23.1,277.2,21.5,9.46,0,2026-08-12 03:30:18
6627,38,29.2,327.1,25.5,12.19,0,2026-08-12 03:38:18
6628,29,25.6,215.1,23.9,11.2,0,2026-08-12 03:46:18
6629,9,26.4,264.6,24.6,10.86,0,2026-08-12 03:54:18
6630,32,30.2,311.5,23.4,12.3,0,2026-08-12 04:02:18
6631,44,30.9,363.3,24.1,13.0,0,2026-08-12 04:10:18
6632,11,29.3,266.4,22.5,11.36,0,2026-08-12 04:18:18
6633,35,34.1,367.1,25.0,13.13,0,2026-08-12 04:26:18
6634,26,34.9,374.9,23.8,13.46,0,2026-08-12 04:34:18
6635,23,36.2,432.1,24.3,13.59,0,2026-08-12 04:42:18
6636,5,35.1,372.6,26.8,15.03,0,2026-08-12 04:50:18
6637,38,39.0,352.1,26.6,14.96,0,2026-08-12 04:58:18
6638,40,38.1,350.4,24.5,14.48,0,2026-08-12 05:06:18
6639,11,38.2,406.0,26.3,15.94,0,2026-08-12 05:14:18
6640,41,37.5,337.8,27.5,14.61,0,2026-08-12 05:22:18
6641,18,41.2,411.4,26.9,15.69,0,2026-08-12 05:30:18
6642,7,39.5,376.5,25.9,15.41,0,2026-08-12 05:38:18
6643,45,42.3,411.7,26.7,16.72,0,2026-08-12 05:46:18
6644,18,43.3,436.0,25.4,16.71,0,2026-08-12 05:54:18
6645,4,45.6,495.7,26.2,18.05,0,2026-08-12 06:02:18
6646,41,48.6,412.0,27.4,19.83,0,2026-08-12 06:10:18
6647,24,48.1,509.8,26.2,18.94,0,2026-08-12 06:18:18
6648,20,46.6,413.8,27.2,18.93,0,2026-08-12 06:26:18
6649,12,48.5,487.9,27.7,20.23,0,2026-08-12 06:34:18
6650,12,52.6,592.3,27.8,20.15,0,2026-08-12 06:42:18
6651,32,53.1,509.9,28.5,20.42,0,2026-08-12 06:50:18
6652,17,51.6,473.7,28.8,20.77,0,2026-08-12 06:58:18
6653,10,53.8,573.2,29.0,21.84,0,2026-08-12 07:06:18
6654,17,55.0,499.8,26.4,21.14,0,2026-08-12 07:14:18
6655,32,57.3,475.0,29.9,23.09,0,2026-08-12 07:22:18
6656,22,55.9,554.8,27.7,22.27,0,2026-08-12 07:30:18
6657,42,59.4,570.5,29.4,24.04,0,2026-08-12 07:38:18
6658,48,58.6,507.5,28.7,23.38,0,2026-08-12 07:46:18
6659,30,60.9,504.6,30.5,23.77,0,2026-08-12 07:54:18
6660,13,61.0,524.1,29.2,24.71,0,2026-08-12 08:02:18
6661,5,62.0,579.8,27.4,24.19,0,2026-08-12 08:10:18
6662,13,62.0,518.8,29.0,23.99,0,2026-08-12 08:18:18
6663,21,60.3,511.0,29.2,24.94,0,2026-08-12 08:26:18
6664,40,66.0,656.5,28.5,25.84,0,2026-08-12 08:34:18
6665,47,67.3,713.8,28.3,27.85,0,2026-08-12 08:42:18
6666,9,64.7,518.4,31.7,25.23,0,2026-08-12 08:50:18
6667,42,66.5,777.0,28.4,26.01,0,2026-08-12 08:58:18
6668,9,65.0,739.7,28.4,25.28,0,2026-08-12 09:06:18
6669,36,71.7,636.3,30.2,28.87,0,2026-08-12 09:14:18
6670,50,69.0,574.8,31.1,26.99,0,2026-08-12 09:22:18
6671,3,72.6,712.3,30.1,29.79,0,2026-08-12 09:30:18
6672,16,69.0,779.2,29.3,28.33,0,2026-08-12 09:38:18
6673,16,75.3,781.2,31.1,30.46,0,2026-08-12 09:46:18
6674,47,75.2,730.2,30.5,29.48,0,2026-08-12 09:54:18
6675,5,73.0,741.7,29.2,28.8,0,2026-08-12 10:02:18
6676,27,73.7,785.8,32.9,30.14,0,2026-08-12 10:10:18
6677,2,74.1,770.4,31.7,30.45,0,2026-08-12 10:18:18
6678,45,77.6,769.0,31.3,31.68,0,2026-08-12 10:26:18
6679,11,80.6,869.1,33.0,31.84,0,2026-08-12 10:34:18
6680,15,82.9,903.2,34.1,33.63,0,2026-08-12 10:42:18
6681,31,80.2,917.9,31.6,32.89,0,2026-08-12 10:50:18
6682,18,81.3,713.6,31.4,31.74,0,2026-08-12 10:58:18
6683,17,81.1,720.5,33.1,33.3,0,2026-08-12 11:06:18
6684,28,84.3,991.4,32.5,33.37,0,2026-08-12 11:14:18
6685,3,85.1,949.9,33.2,33.06,1,2026-08-12 11:22:18
6686,7,87.3,1006.3,34.4,35.62,1,2026-08-12 11:30:18
6687,50,85.1,712.2,33.1,33.3,1,2026-08-12 11:38:18
6688,32,86.8,1013.4,34.6,35.59,1,2026-08-12 11:46:18
6689,29,88.3,934.2,31.8,34.58,1,2026-08-12 11:54:18
6690,16,92.2,749.4,32.2,36.18,1,2026-08-12 12:02:18
6691,10,92.6,986.0,35.4,37.64,1,2026-08-12 12:10:18
6692,41,89.6,975.2,34.2,35.29,1,2026-08-12 12:18:18
6693,19,95.4,870.7,32.7,38.58,1,2026-08-12 12:26:18
6694,42,91.1,1050.3,31.9,35.84,1,2026-08-12 12:34:18
6695,31,97.4,917.8,34.4,38.77,1,2026-08-12 12:42:18
6696,35,95.4,1068.9,33.6,38.68,1,2026-08-12 12:50:18
6697,4,99.6,1035.7,34.5,40.09,1,2026-08-12 12:58:18
6698,41,98.3,888.0,36.1,39.72,1,2026-08-12 13:06:18
6699,43,100.0,895.8,35.0,39.1,1,2026-08-12 13:14:18
6700,31,5.0,44.7,22.6,2.26,0,2026-08-12 13:22:18
6701,49,5.0,42.9,22.1,1.27,0,2026-08-12 13:30:18
6702,36,5.0,57.3,20.4,1.55,0,2026-08-12 13:38:18
6703,38,5.0,41.3,22.0,1.86,0,2026-08-12 13:46:18
6704,3,5.0,57.6,21.7,1.4,0,2026-08-12 13:54:18
6705,32,5.0,54.2,19.5,2.93,0,2026-08-12 14:02:18
6706,46,5.0,51.0,22.7,1.05,0,2026-08-12 14:10:18
6707,40,5.0,40.6,19.7,1.97,0,2026-08-12 14:18:18
6708,11,10.1,95.5,21.9,3.36,0,2026-08-12 14:26:18
6709,8,7.8,93.6,20.6,3.33,0,2026-08-12 14:34:18
6710,37,7.6,90.0,22.9,2.23,0,2026-08-12 14:42:18
6711,49,8.3,78.5,19.9,4.24,0,2026-08-12 14:50:18
6712,34,14.9,162.3,21.1,5.31,0,2026-08-12 14:58:18
6713,16,14.7,118.9,23.5,6.09,0,2026-08-12 15:06:18
6714,6,11.8,130.4,23.0,5.19,0,2026-08-12 15:14:18
6715,5,16.8,168.8,21.0,6.48,0,2026-08-12 15:22:18
6716,4,18.1,185.4,23.3,8.02,0,2026-08-12 15:30:18
6717,14,15.4,183.6,22.7,6.24,0,2026-08-12 15:38:18
6718,21,19.3,192.5,23.9,7.16,0,2026-08-12 15:46:18
6719,33,20.3,171.3,23.8,8.54,0,2026-08-12 15:54:18
6720,1,20.6,224.6,21.7,8.49,0,2026-08-12 16:02:18
6721,48,18.6,211.9,23.0,6.55,0,2026-08-12 16:10:18
6722,27,21.5,190.8,22.9,8.76,0,2026-08-12 16:18:18
6723,6,23.3,245.6,23.0,9.19,0,2026-08-12 16:26:18
6724,29,21.6,257.3,22.4,9.04,0,2026-08-12 16:34:18
6725,9,27.4,267.9,25.8,10.55,0,2026-08-12 16:42:18
6726,36,23.8,195.3,24.8,9.56,0,2026-08-12 16:50:18
6727,29,26.5,228.7,22.8,10.81,0,2026-08-12 16:58:18
6728,23,26.1,220.1,23.7,9.78,0,2026-08-12 17:06:18
6729,17,31.0,339.2,26.2,12.04,0,2026-08-12 17:14:18
6730,44,30.9,290.9,25.2,11.86,0,2026-08-12 17:22:18
6731,10,30.4,323.4,26.4,12.21,0,2026-08-12 17:30:18
6732,33,34.8,397.3,24.0,13.08,0,2026-08-12 17:38:18
6733,6,35.2,324.6,25.5,13.7,0,2026-08-12 17:46:18
6734,20,35.6,405.7,27.3,14.16,0,2026-08-12 17:54:18
6735,31,36.0,325.8,23.7,15.27,0,2026-08-12 18:02:18
6736,33,35.8,415.8,25.9,13.36,0,2026-08-12 18:10:18
6737,26,35.0,302.2,25.6,13.75,0,2026-08-12 18:18:18
6738,22,35.0,408.8,25.2,13.48,0,2026-08-12 18:26:18
6739,47,37.8,435.1,24.0,14.92,0,2026-08-12 18:34:18
6740,33,41.2,392.8,24.6,17.03,0,2026-08-12 18:42:18
6741,20,40.7,360.5,26.8,15.67,0,2026-08-12 18:50:18
6742,37,40.4,466.7,27.9,15.57,0,2026-08-12 18:58:18
6743,28,44.2,458.6,28.3,17.01,0,2026-08-12 19:06:18
6744,48,46.5,499.9,25.2,19.56,0,2026-08-12 19:14:18
6745,1,44.4,452.7,28.5,17.55,0,2026-08-12 19:22:18
6746,26,43.5,360.0,27.6,17.36,0,2026-08-12 19:30:18
6747,32,45.4,503.4,25.1,18.74,0,2026-08-12 19:38:18
6748,42,46.0,454.5,28.1,18.98,0,2026-08-12 19:46:18
6749,10,49.6,411.0,27.9,20.72,0,2026-08-12 19:54:18
6750,45,49.4,518.2,27.3,18.94,0,2026-08-12 20:02:18
6751,43,52.8,596.4,29.3,20.54,0,2026-08-12 20:10:18
6752,31,51.2,566.9,27.0,20.48,0,2026-08-12 20:18:18
6753,19,54.6,634.8,27.8,21.49,0,2026-08-12 20:26:18
6754,36,54.6,576.6,26.4,22.63,0,2026-08-12 20:34:18
6755,13,54.3,509.5,28.5,20.94,0,2026-08-12 20:42:18
6756,4,54.0,456.9,27.7,21.72,0,2026-08-12 20:50:18
6757,16,57.8,612.6,27.9,22.22,0,2026-08-12 20:58:18
6758,36,57.4,475.1,27.1,23.05,0,2026-08-12 21:06:18
6759,19,60.9,569.3,31.1,25.21,0,2026-08-12 21:14:18
6760,13,62.0,547.0,31.0,25.45,0,2026-08-12 21:22:18
6761,43,60.6,526.2,27.6,24.41,0,2026-08-12 21:30:18
6762,18,61.0,591.8,29.6,24.31,0,2026-08-12 21:38:18
6763,3,61.2,498.8,31.0,24.18,0,2026-08-12 21:46:18
6764,2,63.4,573.6,28.5,26.31,0,2026-08-12 21:54:18
6765,41,62.2,596.6,29.2,25.72,0,2026-08-12 22:02:18
6766,12,63.7,530.3,27.9,25.61,0,2026-08-12 22:10:18
6767,17,66.7,598.4,30.8,25.75,0,2026-08-12 22:18:18
6768,43,68.7,587.6,31.9,27.0,0,2026-08-12 22:26:18
6769,16,66.3,584.3,30.4,27.22,0,2026-08-12 22:34:18
6770,7,67.7,679.2,30.2,27.52,0,2026-08-12 22:42:18
6771,23,72.5,603.1,31.1,28.92,0,2026-08-12 22:50:18
6772,31,74.3,863.7,30.2,30.54,0,2026-08-12 22:58:18
6773,5,73.4,664.0,29.7,29.43,0,2026-08-12 23:06:18
6774,27,72.2,648.1,30.6,28.87,0,2026-08-12 23:14:18
6775,6,74.2,669.3,30.9,29.52,0,2026-08-12 23:22:18
6776,22,76.2,638.8,31.9,30.34,0,2026-08-12 23:30:18
6777,38,77.3,702.4,32.6,31.84,0,2026-08-12 23:38:18
6778,48,76.6,877.6,30.7,31.06,0,2026-08-12 23:46:18
6779,16,79.8,932.8,30.1,31.37,0,2026-08-12 23:54:18
6780,5,81.6,765.8,31.0,32.1,0,2026-08-13 00:02:18
6781,43,78.6,748.7,31.0,30.98,0,2026-08-13 00:10:18
6782,34,82.3,867.7,31.1,32.96,0,2026-08-13 00:18:18
6783,48,80.2,765.2,31.3,31.27,0,2026-08-13 00:26:18
6784,22,86.2,993.8,34.8,34.0,1,2026-08-13 00:34:18
6785,40,85.6,874.8,33.4,33.88,1,2026-08-13 00:42:18
6786,14,83.3,815.0,32.3,33.84,0,2026-08-13 00:50:18
6787,39,85.9,972.9,33.8,34.27,1,2026-08-13 00:58:18
6788,20,89.2,818.4,33.5,35.61,1,2026-08-13 01:06:18
6789,43,88.8,757.0,31.6,35.7,1,2026-08-13 01:14:18
6790,11,88.1,813.1,32.2,35.4,1,2026-08-13 01:22:18
6791,39,91.5,1006.2,35.4,37.2,1,2026-08-13 01:30:18
6792,23,89.2,768.6,31.6,36.22,1,2026-08-13 01:38:18
6793,10,95.4,999.5,32.5,39.09,1,2026-08-13 01:46:18
6794,11,91.1,933.0,34.2,36.2,1,2026-08-13 01:54:18
6795,18,95.5,1038.2,33.3,38.0,1,2026-08-13 02:02:18
6796,49,96.2,883.8,33.0,37.86,1,2026-08-13 02:10:18
6797,9,97.5,932.0,34.9,39.58,1,2026-08-13 02:18:18
6798,21,100.0,1160.1,33.8,39.96,1,2026-08-13 02:26:18
6799,44,100.0,1106.3,35.4,39.47,1,2026-08-13 02:34:18
6800,1,5.0,52.6,19.3,2.17,0,2026-08-13 02:42:18
6801,6,5.0,57.9,20.2,1.11,0,2026-08-13 02:50:18
6802,29,5.0,48.6,20.7,2.4,0,2026-08-13 02:58:18
6803,14,5.0,41.2,21.9,1.05,0,2026-08-13 03:06:18
6804,38,5.0,57.7,20.4,1.11,0,2026-08-13 03:14:18
6805,11,5.0,57.9,21.1,1.58,0,2026-08-13 03:22:18
6806,44,5.7,48.3,22.4,3.08,0,2026-08-13 03:30:18
6807,9,8.1,65.3,19.7,3.11,0,2026-08-13 03:38:18
6808,16,7.0,67.1,21.0,2.9,0,2026-08-13 03:46:18
6809,36,10.2,88.8,21.3,4.5,0,2026-08-13 03:54:18
6810,31,10.8,126.5,21.7,5.12,0,2026-08-13 04:02:18
6811,22,12.5,132.0,20.7,4.25,0,2026-08-13 04:10:18
6812,14,11.3,111.4,22.4,4.28,0,2026-08-13 04:18:18
6813,14,13.3,138.7,23.4,4.71,0,2026-08-13 04:26:18
6814,22,14.5,124.5,20.8,5.52,0,2026-08-13 04:34:18
6815,12,14.3,157.4,21.9,6.1,0,2026-08-13 04:42:18
6816,3,18.1,216.8,20.9,7.64,0,2026-08-13 04:50:18
6817,25,15.2,170.5,20.3,6.84,0,2026-08-13 04:58:18
6818,21,15.5,147.2,21.0,6.67,0,2026-08-13 05:06:18
6819,21,17.4,154.7,20.7,7.82,0,2026-08-13 05:14:18
6820,26,20.9,223.6,23.0,8.14,0,2026-08-13 05:22:18
6821,34,19.9,216.6,21.6,8.14,0,2026-08-13 05:30:18
6822,40,21.0,226.4,23.7,9.1,0,2026-08-13 05:38:18
6823,40,25.3,207.2,22.4,9.32,0,2026-08-13 05:46:18
6824,5,21.3,224.2,22.4,9.42,0,2026-08-13 05:54:18
6825,38,27.7,312.2,26.0,11.3,0,2026-08-13 06:02:18
6826,26,23.9,262.7,24.5,8.76,0,2026-08-13 06:10:18
6827,34,27.5,254.5,25.1,11.26,0,2026-08-13 06:18:18
6828,14,26.7,278.0,24.0,10.25,0,2026-08-13 06:26:18
6829,40,30.2,334.4,25.0,12.39,0,2026-08-13 06:34:18
6830,3,29.2,298.4,22.6,11.12,0,2026-08-13 06:42:18
6831,27,30.1,280.2,24.3,11.59,0,2026-08-13 06:50:18
6832,4,33.9,337.1,26.9,14.2,0,2026-08-13 06:58:18
6833,48,35.7,339.6,24.2,13.93,0,2026-08-13 07:06:18
6834,31,36.7,382.7,24.0,15.37,0,2026-08-13 07:14:18
6835,4,34.3,388.9,25.1,12.78,0,2026-08-13 07:22:18
6836,30,37.6,365.0,23.8,15.02,0,2026-08-13 07:30:18
6837,2,36.1,413.4,26.1,14.14,0,2026-08-13 07:38:18
6838,50,39.7,324.1,26.2,15.08,0,2026-08-13 07:46:18
6839,26,39.6,389.3,26.3,15.93,0,2026-08-13 07:54:18
6840,34,39.3,454.6,26.1,15.73,0,2026-08-13 08:02:18
6841,45,42.5,390.6,28.3,16.42,0,2026-08-13 08:10:18
6842,26,39.7,434.2,24.8,15.79,0,2026-08-13 08:18:18
6843,38,41.8,396.8,25.7,17.12,0,2026-08-13 08:26:18
6844,20,43.6,351.0,28.0,17.04,0,2026-08-13 08:34:18
6845,14,45.5,485.5,28.8,18.27,0,2026-08-13 08:42:18
6846,2,43.7,387.5,26.4,17.55,0,2026-08-13 08:50:18
6847,39,44.5,425.5,27.5,17.17,0,2026-08-13 08:58:18
6848,2,45.4,539.8,27.2,17.28,0,2026-08-13 09:06:18
6849,23,51.3,424.8,28.8,21.39,0,2026-08-13 09:14:18
6850,50,50.1,595.0,29.2,19.66,0,2026-08-13 09:22:18
6851,35,51.1,601.7,28.4,20.55,0,2026-08-13 09:30:18
6852,44,52.1,507.2,26.1,20.24,0,2026-08-13 09:38:18
6853,42,53.0,459.7,28.2,22.16,0,2026-08-13 09:46:18
6854,42,53.3,548.4,29.9,21.05,0,2026-08-13 09:54:18
6855,27,54.5,635.9,29.4,20.94,0,2026-08-13 10:02:18
6856,31,56.1,560.1,27.7,22.47,0,2026-08-13 10:10:18
6857,10,55.6,647.4,29.4,22.87,0,2026-08-13 10:18:18
6858,22,58.6,507.5,27.0,23.67,0,2026-08-13 10:26:18
6859,6,58.3,488.9,28.3,22.73,0,2026-08-13 10:34:18
6860,37,60.3,664.2,29.7,24.12,0,2026-08-13 10:42:18
6861,22,63.7,558.2,29.4,25.29,0,2026-08-13 10:50:18
6862,47,59.9,673.1,27.4,23.07,0,2026-08-13 10:58:18
6863,4,61.6,661.8,29.0,25.13,0,2026-08-13 11:06:18
6864,4,64.8,658.4,30.4,25.33,0,2026-08-13 11:14:18
6865,44,66.9,645.6,30.8,27.18,0,2026-08-13 11:22:18
6866,26,67.1,619.5,28.9,26.7,0,2026-08-13 11:30:18
6867,42,68.1,659.5,30.6,26.3,0,2026-08-13 11:38:18
6868,14,68.7,579.2,29.6,26.52,0,2026-08-13 11:46:18
6869,25,71.9,779.7,31.1,28.77,0,2026-08-13 11:54:18
6870,36,71.9,690.3,31.0,29.43,0,2026-08-13 12:02:18
6871,45,68.0,781.2,31.9,27.08,0,2026-08-13 12:10:18
6872,40,71.2,710.8,32.0,27.74,0,2026-08-13 12:18:18
6873,15,73.3,795.4,32.7,30.12,0,2026-08-13 12:26:18
6874,41,71.2,752.1,31.2,28.91,0,2026-08-13 12:34:18
6875,5,74.2,654.2,32.6,28.86,0,2026-08-13 12:42:18
6876,5,75.9,668.7,32.1,30.41,0,2026-08-13 12:50:18
6877,33,78.8,767.1,33.4,30.82,0,2026-08-13 12:58:18
6878,21,80.8,848.0,33.7,31.83,0,2026-08-13 13:06:18
6879,50,77.3,806.2,33.6,29.97,0,2026-08-13 13:14:18
6880,44,81.7,826.8,33.7,32.57,0,2026-08-13 13:22:18
6881,44,82.2,939.8,31.4,33.78,0,2026-08-13 13:30:18
6882,14,84.2,864.9,30.9,33.6,0,2026-08-13 13:38:18
6883,6,83.4,692.9,31.8,32.85,0,2026-08-13 13:46:18
6884,12,81.3,721.9,32.2,32.84,0,2026-08-13 13:54:18
6885,47,85.2,928.1,31.0,34.94,1,2026-08-13 14:02:18
6886,35,86.7,964.2,32.2,34.92,1,2026-08-13 14:10:18
6887,44,88.1,797.3,33.3,36.01,1,2026-08-13 14:18:18
6888,10,88.4,726.9,33.7,35.94,1,2026-08-13 14:26:18
6889,22,86.5,782.2,33.7,35.01,1,2026-08-13 14:34:18
6890,40,89.5,941.0,34.8,35.44,1,2026-08-13 14:42:18
6891,46,89.8,969.2,32.1,36.57,1,2026-08-13 14:50:18
6892,32,89.1,995.1,34.1,35.1,1,2026-08-13 14:58:18
6893,44,92.7,1077.4,35.2,37.56,1,2026-08-13 15:06:18
6894,46,96.5,1071.2,32.7,38.81,1,2026-08-13 15:14:18
6895,1,93.5,838.2,34.3,37.09,1,2026-08-13 15:22:18
6896,36,97.6,1022.3,32.8,39.51,1,2026-08-13 15:30:18
6897,37,95.2,972.4,34.9,38.74,1,2026-08-13 15:38:18
6898,18,100.0,826.4,35.6,39.77,1,2026-08-13 15:46:18
6899,14,100.0,1022.9,35.2,39.96,1,2026-08-13 15:54:18
6900,17,5.0,49.3,21.1,1.73,0,2026-08-13 16:02:18
6901,7,5.0,59.6,20.6,2.66,0,2026-08-13 16:10:18
6902,31,5.0,54.8,22.1,2.49,0,2026-08-13 16:18:18
6903,11,5.0,53.9,20.0,2.5,0,2026-08-13 16:26:18
6904,23,5.7,45.9,20.0,3.19,0,2026-08-13 16:34:18
6905,29,7.2,64.8,19.8,2.63,0,2026-08-13 16:42:18
6906,12,8.1,81.4,21.2,3.97,0,2026-08-13 16:50:18
6907,46,8.6,90.6,21.8,3.77,0,2026-08-13 16:58:18
6908,33,6.1,72.0,19.1,2.01,0,2026-08-13 17:06:18
6909,47,8.9,77.3,21.8,3.84,0,2026-08-13 17:14:18
6910,35,11.8,124.6,23.4,4.38,0,2026-08-13 17:22:18
6911,21,13.4,156.5,20.3,4.91,0,2026-08-13 17:30:18
6912,18,12.1,130.1,20.7,3.87,0,2026-08-13 17:38:18
6913,44,10.3,104.1,19.9,4.41,0,2026-08-13 17:46:18
6914,26,14.5,151.7,23.7,5.91,0,2026-08-13 17:54:18
6915,21,14.8,154.5,24.1,5.0,0,2026-08-13 18:02:18
6916,46,14.5,163.7,21.0,5.22,0,2026-08-13 18:10:18
6917,3,18.2,162.1,21.2,7.12,0,2026-08-13 18:18:18
6918,14,19.5,184.5,22.0,7.63,0,2026-08-13 18:26:18
6919,8,21.7,186.9,24.6,8.09,0,2026-08-13 18:34:18
6920,33,21.6,248.3,23.6,9.27,0,2026-08-13 18:42:18
6921,3,21.8,205.0,25.0,8.26,0,2026-08-13 18:50:18
6922,30,22.6,249.6,22.1,9.32,0,2026-08-13 18:58:18
6923,12,23.9,220.0,25.1,10.14,0,2026-08-13 19:06:18
6924,4,26.3,240.8,23.5,11.24,0,2026-08-13 19:14:18
6925,14,27.2,278.6,24.1,11.63,0,2026-08-13 19:22:18
6926,18,24.2,243.6,22.9,9.62,0,2026-08-13 19:30:18
6927,20,29.3,305.5,23.9,11.29,0,2026-08-13 19:38:18
6928,50,26.2,225.3,25.9,9.51,0,2026-08-13 19:46:18
6929,10,30.5,249.7,25.1,12.45,0,2026-08-13 19:54:18
6930,16,29.0,266.7,22.6,11.91,0,2026-08-13 20:02:18
6931,24,32.5,329.0,26.6,12.32,0,2026-08-13 20:10:18
6932,23,34.8,342.0,26.9,12.98,0,2026-08-13 20:18:18
6933,26,31.9,289.7,25.8,13.15,0,2026-08-13 20:26:18
6934,6,35.7,386.6,26.5,13.61,0,2026-08-13 20:34:18
6935,18,32.0,365.6,26.4,12.56,0,2026-08-13 20:42:18
6936,14,36.6,399.9,24.6,13.71,0,2026-08-13 20:50:18
6937,47,35.3,308.6,27.2,14.39,0,2026-08-13 20:58:18
6938,11,39.6,400.4,27.8,16.32,0,2026-08-13 21:06:18
6939,16,38.6,343.6,26.7,15.8,0,2026-08-13 21:14:18
6940,18,41.9,420.6,26.1,16.56,0,2026-08-13 21:22:18
6941,26,38.3,406.1,26.4,15.4,0,2026-08-13 21:30:18
6942,47,39.4,414.6,27.2,16.55,0,2026-08-13 21:38:18
6943,49,42.3,506.8,26.7,16.43,0,2026-08-13 21:46:18
6944,38,42.2,380.1,27.6,16.26,0,2026-08-13 21:54:18
6945,37,43.1,393.5,26.8,16.47,0,2026-08-13 22:02:18
6946,27,43.1,478.8,27.1,17.51,0,2026-08-13 22:10:18
6947,21,49.3,500.5,27.0,19.41,0,2026-08-13 22:18:18
6948,23,45.8,464.0,28.6,19.26,0,2026-08-13 22:26:18
6949,49,48.1,392.5,26.4,18.92,0,2026-08-13 22:34:18
6950,19,52.0,538.9,26.8,19.85,0,2026-08-13 22:42:18
6951,9,49.1,483.1,26.6,19.09,0,2026-08-13 22:50:18
6952,48,51.8,493.4,26.2,21.55,0,2026-08-13 22:58:18
6953,20,53.0,481.6,26.1,21.15,0,2026-08-13 23:06:18
6954,39,52.6,482.8,27.8,21.13,0,2026-08-13 23:14:18
6955,11,54.7,470.2,28.4,21.27,0,2026-08-13 23:22:18
6956,40,57.9,488.8,28.5,22.21,0,2026-08-13 23:30:18
6957,14,55.3,475.6,30.2,21.64,0,2026-08-13 23:38:18
6958,50,60.5,493.0,27.9,23.36,0,2026-08-13 23:46:18
6959,27,60.1,677.9,30.6,23.74,0,2026-08-13 23:54:18
6960,30,57.0,594.4,26.7,23.64,0,2026-08-14 00:02:18
6961,30,62.6,657.1,29.4,25.56,0,2026-08-14 00:10:18
6962,27,60.8,663.1,29.3,23.55,0,2026-08-14 00:18:18
6963,45,62.5,742.4,29.5,25.24,0,2026-08-14 00:26:18
6964,5,62.5,519.8,27.5,25.25,0,2026-08-14 00:34:18
6965,6,64.2,723.4,31.3,26.14,0,2026-08-14 00:42:18
6966,10,65.5,656.4,29.5,25.45,0,2026-08-14 00:50:18
6967,28,69.0,701.5,30.1,27.19,0,2026-08-14 00:58:18
6968,26,66.7,556.7,28.8,27.27,0,2026-08-14 01:06:18
6969,43,67.9,719.5,30.2,26.46,0,2026-08-14 01:14:18
6970,46,71.7,769.2,32.3,28.46,0,2026-08-14 01:22:18
6971,2,69.7,793.4,30.6,28.24,0,2026-08-14 01:30:18
6972,14,71.3,646.4,30.3,29.27,0,2026-08-14 01:38:18
6973,38,75.7,888.0,31.0,30.49,0,2026-08-14 01:46:18
6974,28,72.2,605.1,31.7,28.89,0,2026-08-14 01:54:18
6975,24,74.2,772.2,29.7,28.74,0,2026-08-14 02:02:18
6976,25,76.7,754.8,32.6,30.38,0,2026-08-14 02:10:18
6977,31,75.7,699.3,32.4,30.71,0,2026-08-14 02:18:18
6978,29,79.8,774.3,32.1,31.31,0,2026-08-14 02:26:18
6979,28,79.3,832.5,31.4,30.77,0,2026-08-14 02:34:18
6980,9,77.6,871.6,33.6,30.24,0,2026-08-14 02:42:18
6981,16,80.2,867.3,31.4,32.71,0,2026-08-14 02:50:18
6982,18,82.2,855.7,33.2,32.56,0,2026-08-14 02:58:18
6983,35,85.0,808.0,34.6,33.18,1,2026-08-14 03:06:18
6984,17,83.0,886.2,34.1,32.22,0,2026-08-14 03:14:18
6985,34,82.8,712.2,33.6,33.48,0,2026-08-14 03:22:18
6986,50,84.6,843.7,32.4,33.26,0,2026-08-14 03:30:18
6987,14,87.6,824.5,31.6,34.31,1,2026-08-14 03:38:18
6988,28,88.1,926.1,34.1,35.22,1,2026-08-14 03:46:18
6989,3,90.9,947.8,32.3,37.04,1,2026-08-14 03:54:18
6990,10,92.9,921.0,34.7,37.31,1,2026-08-14 04:02:18
6991,25,92.4,1049.7,32.0,37.32,1,2026-08-14 04:10:18
6992,9,93.1,1106.5,32.4,37.58,1,2026-08-14 04:18:18
6993,11,95.9,1139.3,36.4,38.98,1,2026-08-14 04:26:18
6994,34,94.1,980.5,32.5,38.43,1,2026-08-14 04:34:18
6995,20,96.1,1037.2,33.1,37.98,1,2026-08-14 04:42:18
6996,45,99.0,1017.9,34.8,39.35,1,2026-08-14 04:50:18
6997,46,96.8,882.7,35.1,37.79,1,2026-08-14 04:58:18
6998,12,100.0,1149.2,34.1,39.54,1,2026-08-14 05:06:18
6999,30,100.0,921.1,33.9,39.28,1,2026-08-14 05:14:18
7000,21,5.0,44.7,20.6,2.59,0,2026-08-14 05:22:18
7001,31,5.0,55.8,19.1,1.85,0,2026-08-14 05:30:18
7002,9,5.0,47.1,21.1,1.14,0,2026-08-14 05:38:18
7003,33,5.0,41.5,21.9,2.68,0,2026-08-14 05:46:18
7004,14,5.0,59.2,19.2,1.1,0,2026-08-14 05:54:18
7005,13,5.7,53.4,21.8,2.72,0,2026-08-14 06:02:18
7006,44,6.1,67.4,22.0,1.78,0,2026-08-14 06:10:18
7007,14,7.0,67.5,20.7,2.82,0,2026-08-14 06:18:18
7008,41,10.4,90.8,20.8,3.26,0,2026-08-14 06:26:18
7009,24,9.0,105.1,21.8,4.2,0,2026-08-14 06:34:18
7010,18,9.2,108.1,22.1,3.52,0,2026-08-14 06:42:18
7011,45,8.2,76.4,22.3,2.62,0,2026-08-14 06:50:18
7012,50,9.6,88.9,23.4,4.02,0,2026-08-14 06:58:18
7013,11,14.0,144.8,20.9,5.86,0,2026-08-14 07:06:18
7014,22,16.8,184.9,20.6,6.01,0,2026-08-14 07:14:18
7015,49,15.3,174.4,21.9,5.66,0,2026-08-14 07:22:18
7016,3,14.9,126.5,20.4,5.28,0,2026-08-14 07:30:18
7017,20,17.4,162.5,24.0,7.62,0,2026-08-14 07:38:18
7018,45,19.1,156.9,24.6,7.02,0,2026-08-14 07:46:18
7019,3,18.9,167.6,22.0,7.35,0,2026-08-14 07:54:18
7020,28,18.5,190.3,24.1,8.32,0,2026-08-14 08:02:18
7021,1,20.3,186.9,24.2,7.63,0,2026-08-14 08:10:18
7022,9,20.5,221.4,21.5,7.83,0,2026-08-14 08:18:18
7023,36,23.6,223.8,21.6,9.05,0,2026-08-14 08:26:18
7024,11,22.7,269.7,24.5,9.48,0,2026-08-14 08:34:18
7025,20,25.5,226.9,22.9,10.78,0,2026-08-14 08:42:18
7026,40,27.4,263.2,22.4,11.22,0,2026-08-14 08:50:18
7027,11,28.9,240.5,23.0,12.17,0,2026-08-14 08:58:18
7028,28,29.4,242.0,25.9,10.8,0,2026-08-14 09:06:18
7029,7,29.2,250.7,24.5,11.37,0,2026-08-14 09:14:18
7030,44,31.8,344.9,23.9,12.61,0,2026-08-14 09:22:18
7031,41,30.8,267.2,24.0,13.0,0,2026-08-14 09:30:18
7032,43,31.1,337.9,26.4,12.88,0,2026-08-14 09:38:18
7033,49,32.8,376.5,23.9,12.4,0,2026-08-14 09:46:18
7034,5,32.6,368.2,25.1,13.86,0,2026-08-14 09:54:18
7035,14,32.3,285.2,26.3,13.71,0,2026-08-14 10:02:18
7036,25,34.4,282.7,26.3,14.3,0,2026-08-14 10:10:18
7037,42,39.3,391.9,27.3,16.38,0,2026-08-14 10:18:18
7038,34,38.5,407.8,25.7,15.54,0,2026-08-14 10:26:18
7039,3,41.7,478.0,27.4,16.7,0,2026-08-14 10:34:18
7040,8,42.1,437.6,26.1,17.8,0,2026-08-14 10:42:18
7041,21,41.5,442.9,27.2,17.04,0,2026-08-14 10:50:18
7042,33,41.8,353.8,26.0,17.17,0,2026-08-14 10:58:18
7043,15,41.2,351.9,27.0,16.94,0,2026-08-14 11:06:18
7044,4,46.3,385.9,27.3,18.7,0,2026-08-14 11:14:18
7045,45,42.5,358.3,27.0,17.45,0,2026-08-14 11:22:18
7046,14,45.2,365.7,28.5,18.57,0,2026-08-14 11:30:18
7047,40,45.4,410.7,28.1,18.8,0,2026-08-14 11:38:18
7048,13,47.5,528.1,26.4,19.14,0,2026-08-14 11:46:18
7049,9,50.1,467.3,26.5,19.21,0,2026-08-14 11:54:18
7050,47,48.1,385.3,25.7,20.2,0,2026-08-14 12:02:18
7051,1,51.6,481.1,27.1,20.84,0,2026-08-14 12:10:18
7052,25,49.0,437.7,28.0,20.26,0,2026-08-14 12:18:18
7053,41,55.1,625.7,26.8,22.53,0,2026-08-14 12:26:18
7054,31,52.4,518.6,28.6,20.96,0,2026-08-14 12:34:18
7055,13,57.1,641.8,29.6,22.46,0,2026-08-14 12:42:18
7056,23,56.6,531.0,27.0,23.57,0,2026-08-14 12:50:18
7057,49,55.9,553.6,30.0,23.07,0,2026-08-14 12:58:18
7058,14,55.2,466.2,27.9,22.52,0,2026-08-14 13:06:18
7059,7,56.1,662.1,29.1,21.79,0,2026-08-14 13:14:18
7060,50,59.2,600.7,27.5,23.89,0,2026-08-14 13:22:18
7061,24,61.6,701.2,29.9,24.0,0,2026-08-14 13:30:18
7062,30,61.0,551.0,29.6,25.26,0,2026-08-14 13:38:18
7063,49,61.8,523.6,27.8,24.65,0,2026-08-14 13:46:18
7064,36,62.4,685.9,31.1,25.21,0,2026-08-14 13:54:18
7065,39,63.8,535.3,27.7,25.08,0,2026-08-14 14:02:18
7066,20,64.5,556.9,28.4,25.38,0,2026-08-14 14:10:18
7067,27,68.6,715.3,29.4,28.03,0,2026-08-14 14:18:18
7068,15,67.2,620.9,30.0,26.7,0,2026-08-14 14:26:18
7069,6,70.3,580.6,30.8,27.67,0,2026-08-14 14:34:18
7070,46,71.9,858.4,31.1,29.64,0,2026-08-14 14:42:18
7071,14,69.7,684.3,31.3,26.93,0,2026-08-14 14:50:18
7072,21,72.8,681.6,30.8,28.65,0,2026-08-14 14:58:18
7073,30,75.2,711.6,33.3,29.89,0,2026-08-14 15:06:18
7074,19,72.6,690.8,32.2,28.99,0,2026-08-14 15:14:18
7075,18,74.5,626.8,32.1,29.09,0,2026-08-14 15:22:18
7076,33,73.1,795.8,31.0,29.71,0,2026-08-14 15:30:18
7077,4,78.8,878.7,31.7,30.93,0,2026-08-14 15:38:18
7078,12,80.1,740.5,30.1,31.89,0,2026-08-14 15:46:18
7079,37,79.8,715.4,32.7,32.82,0,2026-08-14 15:54:18
7080,35,82.9,852.0,33.6,33.79,0,2026-08-14 16:02:18
7081,7,83.4,801.6,33.0,33.78,0,2026-08-14 16:10:18
7082,41,83.9,760.8,31.1,33.67,0,2026-08-14 16:18:18
7083,34,84.5,718.5,32.6,33.27,0,2026-08-14 16:26:18
7084,11,81.1,956.3,31.0,33.41,0,2026-08-14 16:34:18
7085,28,83.5,736.7,32.7,32.85,0,2026-08-14 16:42:18
7086,1,84.6,909.9,31.3,34.19,0,2026-08-14 16:50:18
7087,30,86.8,1040.9,34.2,34.86,1,2026-08-14 16:58:18
7088,12,88.2,1038.1,33.3,36.24,1,2026-08-14 17:06:18
7089,32,89.1,748.0,33.7,35.53,1,2026-08-14 17:14:18
7090,38,92.8,794.9,32.3,36.8,1,2026-08-14 17:22:18
7091,29,91.2,877.9,34.7,37.47,1,2026-08-14 17:30:18
7092,39,92.1,1029.0,32.1,37.59,1,2026-08-14 17:38:18
7093,45,94.0,915.1,35.9,37.16,1,2026-08-14 17:46:18
7094,46,96.9,915.3,32.8,38.78,1,2026-08-14 17:54:18
7095,30,94.3,802.5,32.5,38.2,1,2026-08-14 18:02:18
7096,42,93.3,1016.1,34.9,37.94,1,2026-08-14 18:10:18
7097,47,95.6,1081.5,32.6,38.92,1,2026-08-14 18:18:18
7098,17,95.4,872.8,32.6,38.16,1,2026-08-14 18:26:18
7099,33,98.7,971.7,35.1,38.99,1,2026-08-14 18:34:18
7100,2,5.0,51.2,21.7,1.07,0,2026-08-14 18:42:18
7101,39,5.0,60.0,20.0,2.58,0,2026-08-14 18:50:18
7102,20,5.0,58.1,21.5,2.79,0,2026-08-14 18:58:18
7103,29,5.0,47.6,22.3,1.32,0,2026-08-14 19:06:18
7104,23,5.0,56.5,22.3,1.13,0,2026-08-14 19:14:18
7105,17,6.2,57.5,20.3,1.83,0,2026-08-14 19:22:18
7106,37,5.7,60.5,19.4,2.83,0,2026-08-14 19:30:18
7107,9,7.8,80.5,20.1,3.79,0,2026-08-14 19:38:18
7108,33,6.5,55.8,21.5,1.92,0,2026-08-14 19:46:18
7109,9,10.0,87.7,20.3,4.7,0,2026-08-14 19:54:18
7110,29,11.6,132.9,22.5,3.68,0,2026-08-14 20:02:18
7111,42,10.3,114.9,20.8,3.15,0,2026-08-14 20:10:18
7112,34,9.3,100.2,23.2,3.81,0,2026-08-14 20:18:18
7113,29,10.0,87.9,23.5,3.31,0,2026-08-14 20:26:18
7114,41,13.8,155.8,21.1,5.07,0,2026-08-14 20:34:18
7115,1,12.6,123.4,20.0,4.41,0,2026-08-14 20:42:18
7116,44,15.9,183.1,21.1,7.28,0,2026-08-14 20:50:18
7117,25,19.7,223.7,21.0,8.71,0,2026-08-14 20:58:18
7118,46,16.4,168.4,21.6,7.31,0,2026-08-14 21:06:18
7119,29,20.1,214.6,22.6,8.6,0,2026-08-14 21:14:18
7120,43,18.8,215.9,23.3,7.37,0,2026-08-14 21:22:18
7121,29,23.5,253.4,22.9,9.03,0,2026-08-14 21:30:18
7122,24,24.1,210.3,22.4,9.38,0,2026-08-14 21:38:18
7123,27,24.7,280.4,25.7,10.35,0,2026-08-14 21:46:18
7124,32,26.5,238.6,22.9,10.25,0,2026-08-14 21:54:18
7125,41,27.3,294.3,22.8,11.32,0,2026-08-14 22:02:18
7126,49,25.3,203.0,25.2,9.74,0,2026-08-14 22:10:18
7127,49,29.2,287.7,24.5,11.13,0,2026-08-14 22:18:18
7128,21,29.9,327.5,25.8,12.73,0,2026-08-14 22:26:18
7129,15,30.8,283.0,26.3,11.47,0,2026-08-14 22:34:18
7130,7,32.8,361.7,23.9,12.71,0,2026-08-14 22:42:18
7131,1,30.8,341.6,23.4,11.98,0,2026-08-14 22:50:18
7132,33,30.6,272.6,26.3,12.95,0,2026-08-14 22:58:18
7133,25,32.3,300.7,24.6,13.7,0,2026-08-14 23:06:18
7134,42,31.3,347.1,26.5,12.41,0,2026-08-14 23:14:18
7135,40,37.6,392.0,24.5,14.89,0,2026-08-14 23:22:18
7136,19,36.5,344.4,27.1,14.02,0,2026-08-14 23:30:18
7137,7,38.6,397.2,25.9,15.45,0,2026-08-14 23:38:18
7138,50,39.9,386.8,27.7,16.62,0,2026-08-14 23:46:18
7139,26,39.1,332.0,24.8,15.93,0,2026-08-14 23:54:18
7140,26,37.5,399.0,24.6,15.42,0,2026-08-15 00:02:18
7141,33,43.8,523.4,25.7,17.04,0,2026-08-15 00:10:18
7142,18,43.9,525.9,24.7,16.86,0,2026-08-15 00:18:18
7143,33,40.5,343.6,27.6,15.36,0,2026-08-15 00:26:18
7144,19,42.5,348.5,25.2,17.2,0,2026-08-15 00:34:18
7145,42,44.3,374.5,27.0,18.15,0,2026-08-15 00:42:18
7146,15,43.4,407.0,27.6,16.77,0,2026-08-15 00:50:18
7147,12,44.4,485.6,25.0,17.07,0,2026-08-15 00:58:18
7148,45,46.5,472.0,27.5,19.46,0,2026-08-15 01:06:18
7149,45,50.2,496.2,25.8,19.27,0,2026-08-15 01:14:18
7150,49,49.8,421.5,28.7,19.04,0,2026-08-15 01:22:18
7151,5,51.7,481.5,26.0,20.15,0,2026-08-15 01:30:18
7152,4,51.8,601.2,29.2,20.64,0,2026-08-15 01:38:18
7153,12,52.5,491.3,26.5,20.41,0,2026-08-15 01:46:18
7154,22,56.7,679.7,28.8,22.54,0,2026-08-15 01:54:18
7155,16,55.5,531.5,28.6,22.2,0,2026-08-15 02:02:18
7156,27,55.9,584.5,29.3,22.69,0,2026-08-15 02:10:18
7157,2,54.4,620.6,27.3,21.8,0,2026-08-15 02:18:18
7158,20,56.1,461.0,29.4,21.9,0,2026-08-15 02:26:18
7159,15,59.2,486.5,27.3,24.45,0,2026-08-15 02:34:18
7160,38,60.5,565.6,27.2,24.29,0,2026-08-15 02:42:18
7161,9,63.5,524.0,29.0,26.03,0,2026-08-15 02:50:18
7162,46,62.6,592.4,29.0,25.67,0,2026-08-15 02:58:18
7163,48,60.3,548.1,28.3,23.66,0,2026-08-15 03:06:18
7164,49,63.8,733.6,28.1,26.32,0,2026-08-15 03:14:18
7165,26,63.8,715.0,30.3,26.4,0,2026-08-15 03:22:18
7166,48,67.6,713.3,28.5,27.24,0,2026-08-15 03:30:18
7167,18,65.5,691.0,28.7,26.09,0,2026-08-15 03:38:18
7168,47,65.8,712.9,29.0,26.12,0,2026-08-15 03:46:18
7169,30,67.1,633.0,29.1,25.97,0,2026-08-15 03:54:18
7170,23,67.3,732.5,28.6,26.77,0,2026-08-15 04:02:18
7171,19,70.0,587.2,31.2,27.53,0,2026-08-15 04:10:18
7172,49,73.6,761.6,32.1,29.7,0,2026-08-15 04:18:18
7173,27,73.6,714.7,29.3,29.26,0,2026-08-15 04:26:18
7174,5,72.0,751.0,31.9,28.5,0,2026-08-15 04:34:18
7175,18,76.7,833.9,32.0,30.61,0,2026-08-15 04:42:18
7176,48,73.3,805.8,29.7,29.34,0,2026-08-15 04:50:18
7177,13,74.8,714.2,29.4,30.26,0,2026-08-15 04:58:18
7178,2,75.3,749.4,30.8,30.64,0,2026-08-15 05:06:18
7179,50,78.1,764.5,31.2,30.97,0,2026-08-15 05:14:18
7180,30,81.7,746.7,33.3,33.19,0,2026-08-15 05:22:18
7181,19,83.7,738.1,34.2,34.16,0,2026-08-15 05:30:18
7182,13,80.7,882.7,32.5,31.72,0,2026-08-15 05:38:18
7183,37,82.7,827.6,33.2,32.38,0,2026-08-15 05:46:18
7184,25,84.5,779.4,31.3,34.4,0,2026-08-15 05:54:18
7185,20,85.1,1015.2,34.5,34.75,1,2026-08-15 06:02:18
7186,19,85.2,752.9,32.1,34.01,1,2026-08-15 06:10:18
7187,11,85.1,826.7,31.6,33.54,1,2026-08-15 06:18:18
7188,7,88.2,893.4,35.1,35.76,1,2026-08-15 06:26:18
7189,37,88.5,893.3,33.4,34.72,1,2026-08-15 06:34:18
7190,2,88.4,1022.2,31.7,34.75,1,2026-08-15 06:42:18
7191,2,90.7,971.0,33.3,35.56,1,2026-08-15 06:50:18
7192,36,91.6,881.0,33.8,37.3,1,2026-08-15 06:58:18
7193,43,95.2,842.3,35.1,39.02,1,2026-08-15 07:06:18
7194,45,95.1,1115.4,33.2,38.67,1,2026-08-15 07:14:18
7195,33,93.9,871.2,34.7,37.84,1,2026-08-15 07:22:18
7196,38,96.8,1144.9,35.8,38.67,1,2026-08-15 07:30:18
7197,8,98.4,1011.5,36.0,39.03,1,2026-08-15 07:38:18
7198,7,96.7,977.6,33.0,38.14,1,2026-08-15 07:46:18
7199,18,96.4,786.9,35.0,39.54,1,2026-08-15 07:54:18
7200,47,5.0,42.4,20.5,2.66,0,2026-08-15 08:02:18
7201,45,5.0,41.1,22.2,2.75,0,2026-08-15 08:10:18
7202,24,5.0,51.9,20.9,2.77,0,2026-08-15 08:18:18
7203,23,5.0,43.5,21.3,2.49,0,2026-08-15 08:26:18
7204,29,5.0,41.0,19.0,2.33,0,2026-08-15 08:34:18
7205,35,5.0,46.7,22.0,2.09,0,2026-08-15 08:42:18
7206,38,5.0,40.4,19.1,1.9,0,2026-08-15 08:50:18
7207,33,7.3,59.9,22.0,3.8,0,2026-08-15 08:58:18
7208,39,10.8,126.2,21.9,4.94,0,2026-08-15 09:06:18
7209,20,8.8,85.0,20.7,2.56,0,2026-08-15 09:14:18
7210,13,10.0,106.8,20.2,4.29,0,2026-08-15 09:22:18
7211,13,9.3,111.4,22.7,3.8,0,2026-08-15 09:30:18
7212,31,12.1,131.9,22.7,5.2,0,2026-08-15 09:38:18
7213,8,10.1,108.4,22.2,3.6,0,2026-08-15 09:46:18
7214,29,15.3,166.8,22.6,6.27,0,2026-08-15 09:54:18
7215,47,13.2,121.7,22.2,5.02,0,2026-08-15 10:02:18
7216,14,16.4,173.4,20.8,6.49,0,2026-08-15 10:10:18
7217,21,16.1,169.7,21.0,7.33,0,2026-08-15 10:18:18
7218,41,18.6,182.9,23.9,7.79,0,2026-08-15 10:26:18
7219,36,18.7,154.7,21.8,7.5,0,2026-08-15 10:34:18
7220,11,22.4,238.1,22.9,8.11,0,2026-08-15 10:42:18
7221,38,22.5,235.4,23.4,9.59,0,2026-08-15 10:50:18
7222,19,24.4,238.1,23.3,10.71,0,2026-08-15 10:58:18
7223,18,20.7,211.0,23.0,8.57,0,2026-08-15 11:06:18
7224,11,25.3,241.4,25.5,9.4,0,2026-08-15 11:14:18
7225,5,22.8,268.0,23.7,8.25,0,2026-08-15 11:22:18
7226,19,23.5,254.6,24.5,9.91,0,2026-08-15 11:30:18
7227,37,24.1,208.1,23.9,10.22,0,2026-08-15 11:38:18
7228,41,29.0,330.3,23.0,11.86,0,2026-08-15 11:46:18
7229,28,32.0,316.8,24.5,12.35,0,2026-08-15 11:54:18
7230,42,32.5,364.7,25.2,13.14,0,2026-08-15 12:02:18
7231,24,32.2,283.2,24.9,12.9,0,2026-08-15 12:10:18
7232,22,34.1,368.5,24.9,13.62,0,2026-08-15 12:18:18
7233,15,30.1,297.8,26.4,11.6,0,2026-08-15 12:26:18
7234,29,31.6,254.9,26.5,12.91,0,2026-08-15 12:34:18
7235,26,36.7,415.5,27.1,15.18,0,2026-08-15 12:42:18
7236,26,34.7,377.3,24.9,14.21,0,2026-08-15 12:50:18
7237,41,35.7,396.9,27.3,13.39,0,2026-08-15 12:58:18
7238,2,39.7,421.0,25.7,16.61,0,2026-08-15 13:06:18
7239,27,38.6,316.0,24.1,14.78,0,2026-08-15 13:14:18
7240,49,38.1,420.4,25.7,15.28,0,2026-08-15 13:22:18
7241,44,43.1,471.8,27.1,17.91,0,2026-08-15 13:30:18
7242,28,40.2,389.9,26.1,16.91,0,2026-08-15 13:38:18
7243,33,42.4,493.2,24.4,16.61,0,2026-08-15 13:46:18
7244,30,46.2,520.5,27.9,19.25,0,2026-08-15 13:54:18
7245,15,44.6,520.9,26.0,16.94,0,2026-08-15 14:02:18
7246,20,46.3,501.2,27.6,18.37,0,2026-08-15 14:10:18
7247,15,45.8,375.7,28.7,18.91,0,2026-08-15 14:18:18
7248,19,46.5,375.1,26.3,17.92,0,2026-08-15 14:26:18
7249,2,46.5,469.8,27.4,17.61,0,2026-08-15 14:34:18
7250,2,49.6,514.6,27.8,19.63,0,2026-08-15 14:42:18
7251,24,52.9,606.3,27.9,21.32,0,2026-08-15 14:50:18
7252,14,51.4,575.5,28.7,20.74,0,2026-08-15 14:58:18
7253,25,53.6,524.8,27.9,21.06,0,2026-08-15 15:06:18
7254,7,53.0,600.3,29.4,20.6,0,2026-08-15 15:14:18
7255,42,52.1,558.7,27.7,19.88,0,2026-08-15 15:22:18
7256,27,58.7,652.6,29.6,23.11,0,2026-08-15 15:30:18
7257,43,56.9,574.5,30.3,22.76,0,2026-08-15 15:38:18
7258,14,60.1,582.1,28.1,24.44,0,2026-08-15 15:46:18
7259,48,61.5,720.1,30.3,24.22,0,2026-08-15 15:54:18
7260,11,57.8,524.6,29.8,23.48,0,2026-08-15 16:02:18
7261,38,60.0,504.2,30.8,24.3,0,2026-08-15 16:10:18
7262,26,61.2,569.0,28.1,23.78,0,2026-08-15 16:18:18
7263,34,60.7,672.2,29.8,24.12,0,2026-08-15 16:26:18
7264,10,63.7,593.6,28.2,25.21,0,2026-08-15 16:34:18
7265,40,65.3,611.0,29.7,26.81,0,2026-08-15 16:42:18
7266,15,68.2,619.1,31.4,28.17,0,2026-08-15 16:50:18
7267,28,64.9,647.0,31.5,26.73,0,2026-08-15 16:58:18
7268,29,70.0,772.9,28.8,27.22,0,2026-08-15 17:06:18
7269,22,66.1,544.5,29.1,25.65,0,2026-08-15 17:14:18
7270,43,70.0,827.2,30.7,28.32,0,2026-08-15 17:22:18
7271,33,68.6,747.7,29.8,28.21,0,2026-08-15 17:30:18
7272,12,74.9,742.8,30.1,30.08,0,2026-08-15 17:38:18
7273,15,75.1,685.2,31.6,30.26,0,2026-08-15 17:46:18
7274,42,75.4,683.7,29.7,30.29,0,2026-08-15 17:54:18
7275,40,75.8,687.5,32.8,29.99,0,2026-08-15 18:02:18
7276,34,75.4,823.9,32.7,30.35,0,2026-08-15 18:10:18
7277,24,76.5,854.5,29.8,30.2,0,2026-08-15 18:18:18
7278,20,80.7,879.6,31.6,31.38,0,2026-08-15 18:26:18
7279,14,80.6,775.5,30.9,31.37,0,2026-08-15 18:34:18
7280,39,82.8,680.4,34.0,33.72,0,2026-08-15 18:42:18
7281,10,78.8,859.9,31.9,32.0,0,2026-08-15 18:50:18
7282,26,80.5,883.9,30.9,31.53,0,2026-08-15 18:58:18
7283,17,83.1,818.4,34.0,32.39,0,2026-08-15 19:06:18
7284,10,86.3,1035.4,32.7,33.56,1,2026-08-15 19:14:18
7285,45,84.8,1014.1,32.8,33.24,0,2026-08-15 19:22:18
7286,14,88.6,877.1,31.8,35.24,1,2026-08-15 19:30:18
7287,24,85.8,770.7,33.9,33.51,1,2026-08-15 19:38:18
7288,42,90.8,861.8,33.9,36.92,1,2026-08-15 19:46:18
7289,10,88.5,899.8,34.7,36.08,1,2026-08-15 19:54:18
7290,10,88.8,964.5,33.1,34.68,1,2026-08-15 20:02:18
7291,18,90.9,972.6,35.3,36.81,1,2026-08-15 20:10:18
7292,7,93.9,776.3,33.4,37.13,1,2026-08-15 20:18:18
7293,22,93.5,821.3,32.7,36.95,1,2026-08-15 20:26:18
7294,8,93.8,1073.2,34.9,38.37,1,2026-08-15 20:34:18
7295,9,97.5,990.0,34.9,38.69,1,2026-08-15 20:42:18
7296,13,93.4,920.0,34.8,37.51,1,2026-08-15 20:50:18
7297,29,95.6,846.3,33.5,37.48,1,2026-08-15 20:58:18
7298,48,100.0,989.0,34.0,39.75,1,2026-08-15 21:06:18
7299,28,96.4,833.3,32.6,37.97,1,2026-08-15 21:14:18
7300,32,5.0,40.8,19.1,1.11,0,2026-08-15 21:22:18
7301,25,5.0,43.7,22.6,1.89,0,2026-08-15 21:30:18
7302,30,5.0,47.8,21.4,2.03,0,2026-08-15 21:38:18
7303,6,5.9,48.1,19.9,2.01,0,2026-08-15 21:46:18
7304,4,5.0,44.9,21.0,2.86,0,2026-08-15 21:54:18
7305,40,5.0,41.9,20.3,2.52,0,2026-08-15 22:02:18
7306,4,5.0,45.0,22.1,2.22,0,2026-08-15 22:10:18
7307,4,5.0,51.7,20.1,2.91,0,2026-08-15 22:18:18
7308,27,5.3,55.7,20.5,2.63,0,2026-08-15 22:26:18
7309,9,7.8,69.6,22.3,2.47,0,2026-08-15 22:34:18
7310,35,9.6,114.3,23.3,3.33,0,2026-08-15 22:42:18
7311,18,9.7,95.3,22.3,3.63,0,2026-08-15 22:50:18
7312,25,10.2,121.4,21.5,4.49,0,2026-08-15 22:58:18
7313,29,13.7,116.1,21.7,4.74,0,2026-08-15 23:06:18
7314,30,14.5,161.5,23.5,6.77,0,2026-08-15 23:14:18
7315,9,14.9,165.7,23.9,6.21,0,2026-08-15 23:22:18
7316,34,18.2,176.3,24.0,6.64,0,2026-08-15 23:30:18
7317,50,15.2,181.6,21.2,6.99,0,2026-08-15 23:38:18
7318,14,15.2,158.7,23.7,6.7,0,2026-08-15 23:46:18
7319,49,19.1,211.3,24.6,7.82,0,2026-08-15 23:54:18
7320,45,17.9,186.4,21.9,7.87,0,2026-08-16 00:02:18
7321,32,19.9,167.6,24.8,8.37,0,2026-08-16 00:10:18
7322,17,24.6,286.5,24.8,9.02,0,2026-08-16 00:18:18
7323,15,23.8,220.1,24.9,9.86,0,2026-08-16 00:26:18
7324,39,21.7,208.2,24.2,9.49,0,2026-08-16 00:34:18
7325,46,22.7,190.6,23.3,9.71,0,2026-08-16 00:42:18
7326,40,23.2,256.5,24.3,8.46,0,2026-08-16 00:50:18
7327,3,25.0,238.5,21.8,9.29,0,2026-08-16 00:58:18
7328,44,29.8,348.6,25.8,10.93,0,2026-08-16 01:06:18
7329,3,27.2,269.6,23.9,11.59,0,2026-08-16 01:14:18
7330,27,29.1,284.4,23.4,12.23,0,2026-08-16 01:22:18
7331,8,28.7,246.7,26.3,10.84,0,2026-08-16 01:30:18
7332,2,31.2,316.9,26.1,11.5,0,2026-08-16 01:38:18
7333,50,31.0,277.3,23.4,11.78,0,2026-08-16 01:46:18
7334,12,35.4,355.1,24.2,14.11,0,2026-08-16 01:54:18
7335,33,36.6,350.8,24.2,14.98,0,2026-08-16 02:02:18
7336,47,33.0,305.1,24.9,13.58,0,2026-08-16 02:10:18
7337,50,34.6,335.9,25.4,14.78,0,2026-08-16 02:18:18
7338,2,36.2,343.1,26.8,13.82,0,2026-08-16 02:26:18
7339,7,40.5,453.7,25.1,15.47,0,2026-08-16 02:34:18
7340,12,40.0,386.0,27.1,15.73,0,2026-08-16 02:42:18
7341,26,39.1,448.3,27.1,16.12,0,2026-08-16 02:50:18
7342,11,44.5,514.6,27.2,18.42,0,2026-08-16 02:58:18
7343,19,40.3,447.0,27.9,16.19,0,2026-08-16 03:06:18
7344,28,42.9,466.6,26.1,16.28,0,2026-08-16 03:14:18
7345,18,47.2,483.3,27.2,18.93,0,2026-08-16 03:22:18
7346,50,45.5,407.4,28.0,18.22,0,2026-08-16 03:30:18
7347,34,48.7,417.9,26.2,18.9,0,2026-08-16 03:38:18
7348,9,45.1,488.1,24.8,18.62,0,2026-08-16 03:46:18
7349,15,51.5,467.2,26.0,20.14,0,2026-08-16 03:54:18
7350,44,50.6,493.6,28.2,19.35,0,2026-08-16 04:02:18
7351,18,49.2,447.0,28.8,19.81,0,2026-08-16 04:10:18
7352,27,52.0,487.1,27.2,20.92,0,2026-08-16 04:18:18
7353,47,52.0,500.6,26.4,20.79,0,2026-08-16 04:26:18
7354,29,54.1,543.2,29.3,21.38,0,2026-08-16 04:34:18
7355,27,53.6,436.7,27.2,21.84,0,2026-08-16 04:42:18
7356,41,56.0,463.4,28.5,23.34,0,2026-08-16 04:50:18
7357,38,57.4,662.6,27.5,23.44,0,2026-08-16 04:58:18
7358,41,58.2,472.5,29.3,22.57,0,2026-08-16 05:06:18
7359,45,61.0,698.0,28.4,25.22,0,2026-08-16 05:14:18
7360,39,57.3,510.2,29.4,22.25,0,2026-08-16 05:22:18
7361,11,61.3,507.3,29.6,25.07,0,2026-08-16 05:30:18
7362,7,62.2,573.5,31.1,25.7,0,2026-08-16 05:38:18
7363,28,64.8,730.8,29.1,25.26,0,2026-08-16 05:46:18
7364,46,61.4,522.3,29.5,24.72,0,2026-08-16 05:54:18
7365,29,66.6,750.4,30.2,25.82,0,2026-08-16 06:02:18
7366,39,68.8,754.3,28.5,28.14,0,2026-08-16 06:10:18
7367,13,67.5,703.4,28.7,27.13,0,2026-08-16 06:18:18
7368,28,70.6,696.8,30.2,28.3,0,2026-08-16 06:26:18
7369,23,71.3,630.0,28.8,27.89,0,2026-08-16 06:34:18
7370,29,69.4,787.5,30.6,28.19,0,2026-08-16 06:42:18
7371,32,68.4,816.0,31.2,28.06,0,2026-08-16 06:50:18
7372,34,69.5,808.8,29.4,27.91,0,2026-08-16 06:58:18
7373,21,74.7,598.6,30.0,29.73,0,2026-08-16 07:06:18
7374,28,72.9,847.8,30.7,29.25,0,2026-08-16 07:14:18
7375,21,72.9,689.2,32.7,29.02,0,2026-08-16 07:22:18
7376,38,77.3,742.0,31.5,31.75,0,2026-08-16 07:30:18
7377,32,74.0,823.1,32.8,29.28,0,2026-08-16 07:38:18
7378,50,78.9,734.3,30.9,32.01,0,2026-08-16 07:46:18
7379,45,79.0,729.4,31.5,31.63,0,2026-08-16 07:54:18
7380,7,82.8,808.3,32.0,33.28,0,2026-08-16 08:02:18
7381,41,82.9,741.9,31.8,32.77,0,2026-08-16 08:10:18
7382,42,79.8,749.6,33.4,32.86,0,2026-08-16 08:18:18
7383,31,84.8,834.0,31.3,33.42,0,2026-08-16 08:26:18
7384,19,83.6,936.5,31.7,33.38,0,2026-08-16 08:34:18
7385,37,84.2,715.1,30.8,34.43,0,2026-08-16 08:42:18
7386,30,88.0,976.2,32.9,34.36,1,2026-08-16 08:50:18
7387,50,89.6,772.0,31.7,36.6,1,2026-08-16 08:58:18
7388,18,87.2,716.2,31.5,35.34,1,2026-08-16 09:06:18
7389,33,89.7,1040.4,32.0,34.9,1,2026-08-16 09:14:18
7390,23,87.0,795.3,34.3,34.18,1,2026-08-16 09:22:18
7391,11,93.7,802.9,35.5,37.71,1,2026-08-16 09:30:18
7392,13,91.3,749.0,32.8,36.57,1,2026-08-16 09:38:18
7393,11,94.6,999.2,36.0,37.5,1,2026-08-16 09:46:18
7394,35,96.4,871.4,35.2,37.9,1,2026-08-16 09:54:18
7395,49,92.8,1098.1,34.7,37.15,1,2026-08-16 10:02:18
7396,21,97.7,958.3,33.5,39.15,1,2026-08-16 10:10:18
7397,35,97.1,1114.8,34.3,38.92,1,2026-08-16 10:18:18
7398,18,97.1,807.2,35.5,39.21,1,2026-08-16 10:26:18
7399,49,97.5,1143.7,36.2,39.95,1,2026-08-16 10:34:18
7400,20,5.0,58.5,20.3,2.97,0,2026-08-16 10:42:18
7401,37,5.0,47.9,20.2,2.11,0,2026-08-16 10:50:18
7402,23,5.0,47.3,19.8,1.79,0,2026-08-16 10:58:18
7403,24,5.0,51.2,20.4,1.72,0,2026-08-16 11:06:18
7404,47,5.0,47.4,19.5,1.24,0,2026-08-16 11:14:18
7405,26,5.0,56.2,20.3,1.1,0,2026-08-16 11:22:18
7406,15,6.1,56.4,19.7,3.05,0,2026-08-16 11:30:18
7407,39,7.3,80.7,22.6,2.7,0,2026-08-16 11:38:18
7408,29,10.9,93.0,21.6,4.08,0,2026-08-16 11:46:18
7409,33,8.9,95.0,22.0,3.19,0,2026-08-16 11:54:18
7410,34,9.7,101.6,19.5,3.02,0,2026-08-16 12:02:18
7411,1,8.4,84.6,21.7,3.12,0,2026-08-16 12:10:18
7412,17,9.8,79.2,21.2,4.19,0,2026-08-16 12:18:18
7413,50,12.1,118.7,22.4,5.83,0,2026-08-16 12:26:18
7414,14,14.4,147.3,20.5,5.91,0,2026-08-16 12:34:18
7415,31,14.1,150.6,23.4,5.48,0,2026-08-16 12:42:18
7416,14,16.1,183.1,20.9,6.13,0,2026-08-16 12:50:18
7417,30,16.8,169.4,22.0,5.75,0,2026-08-16 12:58:18
7418,26,20.0,235.6,22.4,8.36,0,2026-08-16 13:06:18
7419,16,18.8,189.1,23.1,7.17,0,2026-08-16 13:14:18
7420,43,19.9,186.8,24.9,8.24,0,2026-08-16 13:22:18
7421,13,22.1,201.5,22.0,9.71,0,2026-08-16 13:30:18
7422,47,22.5,192.4,21.5,9.26,0,2026-08-16 13:38:18
7423,38,21.3,178.8,21.6,8.09,0,2026-08-16 13:46:18
7424,8,21.7,182.7,22.5,8.16,0,2026-08-16 13:54:18
7425,28,22.7,217.6,24.6,9.7,0,2026-08-16 14:02:18
7426,27,27.1,253.4,23.9,9.96,0,2026-08-16 14:10:18
7427,41,28.4,247.6,22.8,12.22,0,2026-08-16 14:18:18
7428,2,29.9,346.2,22.9,11.58,0,2026-08-16 14:26:18
7429,36,27.4,225.5,25.9,10.55,0,2026-08-16 14:34:18
7430,47,30.8,324.5,24.7,12.17,0,2026-08-16 14:42:18
7431,42,30.7,303.2,24.5,12.42,0,2026-08-16 14:50:18
7432,19,32.4,311.4,24.5,13.01,0,2026-08-16 14:58:18
7433,35,32.7,380.6,24.0,12.34,0,2026-08-16 15:06:18
7434,3,32.4,266.7,24.8,13.32,0,2026-08-16 15:14:18
7435,1,33.1,362.5,26.7,12.71,0,2026-08-16 15:22:18
7436,1,36.7,304.9,24.3,15.48,0,2026-08-16 15:30:18
7437,46,39.7,398.8,26.0,16.32,0,2026-08-16 15:38:18
7438,16,37.7,443.0,25.8,15.26,0,2026-08-16 15:46:18
7439,31,40.9,335.0,27.3,15.99,0,2026-08-16 15:54:18
7440,31,39.6,320.1,27.6,15.04,0,2026-08-16 16:02:18
7441,39,38.4,455.6,27.3,14.88,0,2026-08-16 16:10:18
7442,43,44.9,420.4,25.1,17.26,0,2026-08-16 16:18:18
7443,45,44.1,362.3,25.4,17.59,0,2026-08-16 16:26:18
7444,35,41.9,417.6,24.5,16.58,0,2026-08-16 16:34:18
7445,15,45.2,485.3,26.9,17.46,0,2026-08-16 16:42:18
7446,46,43.8,362.1,24.7,16.76,0,2026-08-16 16:50:18
7447,6,45.4,372.7,26.5,18.74,0,2026-08-16 16:58:18
7448,41,50.2,594.3,28.4,19.11,0,2026-08-16 17:06:18
7449,20,47.6,514.5,27.5,19.02,0,2026-08-16 17:14:18
7450,43,49.4,413.1,27.9,19.45,0,2026-08-16 17:22:18
7451,18,53.5,514.1,27.0,21.04,0,2026-08-16 17:30:18
7452,32,51.0,417.2,28.2,20.69,0,2026-08-16 17:38:18
7453,18,52.9,513.4,27.0,21.23,0,2026-08-16 17:46:18
7454,25,51.3,452.3,26.0,21.3,0,2026-08-16 17:54:18
7455,42,55.7,555.8,27.0,22.3,0,2026-08-16 18:02:18
7456,19,56.5,477.3,27.5,21.61,0,2026-08-16 18:10:18
7457,20,58.8,680.8,28.5,23.41,0,2026-08-16 18:18:18
7458,7,56.9,521.5,27.9,22.17,0,2026-08-16 18:26:18
7459,39,58.9,569.5,28.9,24.13,0,2026-08-16 18:34:18
7460,42,61.6,699.8,29.0,24.5,0,2026-08-16 18:42:18
7461,24,60.9,567.8,29.0,23.44,0,2026-08-16 18:50:18
7462,33,60.2,496.7,27.3,23.96,0,2026-08-16 18:58:18
7463,3,65.2,685.1,31.5,26.9,0,2026-08-16 19:06:18
7464,20,63.0,548.7,29.2,25.71,0,2026-08-16 19:14:18
7465,28,65.0,738.7,28.1,25.36,0,2026-08-16 19:22:18
7466,1,64.5,549.9,28.5,25.0,0,2026-08-16 19:30:18
7467,5,67.7,569.7,30.1,26.82,0,2026-08-16 19:38:18
7468,34,68.4,582.0,30.9,26.71,0,2026-08-16 19:46:18
7469,12,67.8,709.8,28.8,26.5,0,2026-08-16 19:54:18
7470,50,68.9,704.5,32.1,26.83,0,2026-08-16 20:02:18
7471,48,73.1,734.9,29.1,29.71,0,2026-08-16 20:10:18
7472,1,71.2,785.5,31.1,28.73,0,2026-08-16 20:18:18
7473,34,74.6,663.0,31.0,29.0,0,2026-08-16 20:26:18
7474,41,74.5,871.2,32.7,28.98,0,2026-08-16 20:34:18
7475,38,75.7,735.0,32.4,30.29,0,2026-08-16 20:42:18
7476,35,76.4,678.0,33.3,31.16,0,2026-08-16 20:50:18
7477,47,77.3,637.9,30.4,30.7,0,2026-08-16 20:58:18
7478,26,75.1,607.9,30.8,30.65,0,2026-08-16 21:06:18
7479,5,77.9,761.9,31.5,31.68,0,2026-08-16 21:14:18
7480,14,80.2,696.4,31.1,33.03,0,2026-08-16 21:22:18
7481,13,81.6,913.6,31.8,33.36,0,2026-08-16 21:30:18
7482,43,84.2,874.1,32.7,33.23,0,2026-08-16 21:38:18
7483,37,83.5,847.8,32.7,33.67,0,2026-08-16 21:46:18
7484,38,83.0,799.2,31.7,33.54,0,2026-08-16 21:54:18
7485,9,87.8,895.0,31.4,34.84,1,2026-08-16 22:02:18
7486,48,86.3,727.6,31.0,34.74,1,2026-08-16 22:10:18
7487,49,87.5,1031.5,34.2,34.99,1,2026-08-16 22:18:18
7488,8,90.5,1081.3,34.3,35.6,1,2026-08-16 22:26:18
7489,18,89.1,791.3,34.0,34.71,1,2026-08-16 22:34:18
7490,48,90.1,1012.1,32.1,35.58,1,2026-08-16 22:42:18
7491,44,89.5,834.0,33.0,35.91,1,2026-08-16 22:50:18
7492,10,89.9,1053.8,31.5,35.16,1,2026-08-16 22:58:18
7493,11,93.1,903.5,34.6,37.92,1,2026-08-16 23:06:18
7494,43,94.5,766.4,33.0,38.73,1,2026-08-16 23:14:18
7495,7,93.8,833.5,32.5,37.4,1,2026-08-16 23:22:18
7496,31,97.3,944.9,35.0,37.94,1,2026-08-16 23:30:18
7497,46,99.3,1151.8,34.6,38.91,1,2026-08-16 23:38:18
7498,13,99.5,1114.0,33.8,40.52,1,2026-08-16 23:46:18
7499,17,100.0,1117.0,36.1,39.07,1,2026-08-16 23:54:18
7500,28,5.0,44.6,21.9,1.21,0,2026-08-17 00:02:18
7501,16,5.0,51.3,19.2,1.44,0,2026-08-17 00:10:18
7502,31,5.0,53.7,22.4,1.37,0,2026-08-17 00:18:18
7503,27,5.0,51.1,19.2,1.13,0,2026-08-17 00:26:18
7504,49,5.4,55.8,19.8,3.06,0,2026-08-17 00:34:18
7505,28,7.5,80.2,20.9,3.64,0,2026-08-17 00:42:18
7506,37,5.6,46.6,21.5,1.55,0,2026-08-17 00:50:18
7507,32,9.5,85.4,20.2,4.73,0,2026-08-17 00:58:18
7508,24,9.9,92.1,23.4,4.12,0,2026-08-17 01:06:18
7509,36,8.1,79.8,20.2,3.93,0,2026-08-17 01:14:18
7510,41,11.2,117.8,23.5,5.47,0,2026-08-17 01:22:18
7511,10,12.0,103.8,20.9,5.53,0,2026-08-17 01:30:18
7512,3,14.4,120.5,22.3,5.12,0,2026-08-17 01:38:18
7513,14,12.6,143.2,20.1,4.52,0,2026-08-17 01:46:18
7514,33,13.0,144.6,23.5,5.55,0,2026-08-17 01:54:18
7515,16,14.2,150.9,23.5,5.88,0,2026-08-17 02:02:18
7516,10,15.7,184.5,21.2,5.5,0,2026-08-17 02:10:18
7517,41,15.4,124.8,22.1,5.98,0,2026-08-17 02:18:18
7518,15,17.2,193.7,20.7,7.55,0,2026-08-17 02:26:18
7519,48,17.7,171.3,20.7,6.09,0,2026-08-17 02:34:18
7520,37,17.1,186.2,23.1,7.69,0,2026-08-17 02:42:18
7521,24,19.7,194.6,21.3,7.88,0,2026-08-17 02:50:18
7522,35,24.4,267.1,23.5,9.32,0,2026-08-17 02:58:18
7523,4,23.0,268.1,22.9,9.91,0,2026-08-17 03:06:18
7524,36,26.3,223.4,22.8,10.9,0,2026-08-17 03:14:18
7525,29,25.8,207.2,25.5,10.52,0,2026-08-17 03:22:18
7526,25,25.6,205.1,23.8,10.58,0,2026-08-17 03:30:18
7527,13,28.5,248.1,23.6,12.03,0,2026-08-17 03:38:18
7528,45,25.4,247.9,25.1,10.82,0,2026-08-17 03:46:18
7529,6,31.9,363.2,26.7,12.41,0,2026-08-17 03:54:18
7530,6,32.5,345.2,23.8,13.82,0,2026-08-17 04:02:18
7531,3,31.5,285.5,24.7,13.32,0,2026-08-17 04:10:18
7532,22,33.8,310.8,23.1,14.19,0,2026-08-17 04:18:18
7533,21,34.7,327.5,26.4,14.53,0,2026-08-17 04:26:18
7534,5,33.1,321.3,23.1,12.32,0,2026-08-17 04:34:18
7535,43,36.3,351.1,25.1,14.0,0,2026-08-17 04:42:18
7536,30,35.3,339.4,25.4,14.56,0,2026-08-17 04:50:18
7537,29,34.8,333.0,23.9,14.79,0,2026-08-17 04:58:18
7538,42,38.3,340.7,26.9,16.19,0,2026-08-17 05:06:18
7539,29,38.4,318.0,27.0,14.47,0,2026-08-17 05:14:18
7540,15,40.3,349.4,24.2,16.51,0,2026-08-17 05:22:18
7541,15,38.4,309.6,25.2,15.89,0,2026-08-17 05:30:18
7542,43,44.0,502.6,26.3,17.14,0,2026-08-17 05:38:18
7543,27,41.2,413.0,24.4,17.44,0,2026-08-17 05:46:18
7544,32,43.5,350.0,27.9,17.84,0,2026-08-17 05:54:18
7545,4,44.8,530.3,25.7,17.94,0,2026-08-17 06:02:18
7546,1,47.9,443.2,26.7,18.7,0,2026-08-17 06:10:18
7547,32,47.8,431.9,28.8,19.73,0,2026-08-17 06:18:18
7548,4,48.7,531.0,27.0,19.35,0,2026-08-17 06:26:18
7549,32,49.6,573.0,27.3,19.75,0,2026-08-17 06:34:18
7550,35,47.6,426.8,26.9,18.74,0,2026-08-17 06:42:18
7551,22,49.4,408.7,27.2,19.04,0,2026-08-17 06:50:18
7552,43,52.2,420.8,26.4,20.71,0,2026-08-17 06:58:18
7553,13,52.4,500.4,28.7,20.78,0,2026-08-17 07:06:18
7554,50,55.3,551.2,29.0,21.42,0,2026-08-17 07:14:18
7555,13,55.9,660.8,29.8,22.49,0,2026-08-17 07:22:18
7556,46,56.7,475.7,27.3,22.1,0,2026-08-17 07:30:18
7557,42,57.5,550.3,28.8,22.88,0,2026-08-17 07:38:18
7558,46,58.3,528.1,28.3,23.22,0,2026-08-17 07:46:18
7559,37,58.9,638.6,28.5,23.03,0,2026-08-17 07:54:18
7560,23,58.5,515.2,27.6,23.27,0,2026-08-17 08:02:18
7561,10,58.7,666.2,30.7,22.95,0,2026-08-17 08:10:18
7562,47,64.7,737.1,31.2,26.52,0,2026-08-17 08:18:18
7563,33,63.8,524.7,29.8,25.07,0,2026-08-17 08:26:18
7564,45,62.9,745.5,27.5,25.31,0,2026-08-17 08:34:18
7565,23,67.9,787.2,31.1,26.36,0,2026-08-17 08:42:18
7566,32,66.1,613.9,28.0,26.03,0,2026-08-17 08:50:18
7567,9,65.6,786.4,27.9,27.15,0,2026-08-17 08:58:18
7568,18,66.1,703.6,29.2,26.39,0,2026-08-17 09:06:18
7569,46,69.1,610.4,29.3,27.53,0,2026-08-17 09:14:18
7570,27,69.5,559.7,30.0,28.79,0,2026-08-17 09:22:18
7571,32,70.3,738.7,30.0,27.82,0,2026-08-17 09:30:18
7572,43,74.6,660.3,30.2,30.43,0,2026-08-17 09:38:18
7573,8,74.7,820.2,32.6,29.82,0,2026-08-17 09:46:18
7574,49,71.8,725.7,29.0,28.33,0,2026-08-17 09:54:18
7575,38,77.9,731.1,33.4,30.51,0,2026-08-17 10:02:18
7576,30,78.5,883.8,33.4,31.49,0,2026-08-17 10:10:18
7577,28,78.6,689.7,30.4,30.5,0,2026-08-17 10:18:18
7578,35,78.0,716.7,33.1,30.37,0,2026-08-17 10:26:18
7579,9,77.4,884.2,30.4,30.04,0,2026-08-17 10:34:18
7580,35,77.0,920.4,30.8,31.53,0,2026-08-17 10:42:18
7581,47,80.5,951.2,32.5,32.21,0,2026-08-17 10:50:18
7582,23,80.7,786.4,30.4,31.81,0,2026-08-17 10:58:18
7583,18,81.2,714.3,32.8,31.59,0,2026-08-17 11:06:18
7584,36,86.3,837.6,32.8,35.51,1,2026-08-17 11:14:18
7585,27,87.6,1004.6,33.7,35.14,1,2026-08-17 11:22:18
7586,16,87.5,991.7,31.7,34.95,1,2026-08-17 11:30:18
7587,26,86.2,788.6,33.3,34.02,1,2026-08-17 11:38:18
7588,41,90.0,1048.6,31.5,36.95,1,2026-08-17 11:46:18
7589,17,86.8,746.3,33.3,34.09,1,2026-08-17 11:54:18
7590,40,90.8,806.1,34.9,35.67,1,2026-08-17 12:02:18
7591,42,93.0,902.7,32.7,37.5,1,2026-08-17 12:10:18
7592,24,92.1,745.3,34.7,37.35,1,2026-08-17 12:18:18
7593,46,92.9,1029.2,34.5,36.24,1,2026-08-17 12:26:18
7594,28,93.2,1024.3,35.2,37.48,1,2026-08-17 12:34:18
7595,48,97.2,1017.4,33.6,38.66,1,2026-08-17 12:42:18
7596,9,98.9,866.4,36.7,38.66,1,2026-08-17 12:50:18
7597,45,97.9,810.4,36.6,38.97,1,2026-08-17 12:58:18
7598,36,95.8,839.2,35.4,37.88,1,2026-08-17 13:06:18
7599,2,97.7,793.8,35.5,39.61,1,2026-08-17 13:14:18
7600,13,5.0,59.5,21.2,2.86,0,2026-08-17 13:22:18
7601,6,5.0,44.1,19.0,1.82,0,2026-08-17 13:30:18
7602,36,5.0,52.1,20.9,2.55,0,2026-08-17 13:38:18
7603,44,5.0,44.1,20.0,1.84,0,2026-08-17 13:46:18
7604,44,6.3,65.5,21.8,2.01,0,2026-08-17 13:54:18
7605,11,5.2,55.9,20.0,1.37,0,2026-08-17 14:02:18
7606,3,5.0,54.2,20.1,1.96,0,2026-08-17 14:10:18
7607,28,6.9,56.1,19.1,2.87,0,2026-08-17 14:18:18
7608,25,5.7,45.7,20.7,2.8,0,2026-08-17 14:26:18
7609,47,11.1,115.0,22.8,4.58,0,2026-08-17 14:34:18
7610,20,7.8,87.9,22.7,2.3,0,2026-08-17 14:42:18
7611,22,13.1,121.6,21.3,4.82,0,2026-08-17 14:50:18
7612,15,12.1,132.5,23.0,5.63,0,2026-08-17 14:58:18
7613,48,12.7,122.2,23.4,4.92,0,2026-08-17 15:06:18
7614,28,13.4,123.4,23.4,6.15,0,2026-08-17 15:14:18
7615,48,13.6,123.7,23.6,5.67,0,2026-08-17 15:22:18
7616,19,17.2,175.3,22.9,6.46,0,2026-08-17 15:30:18
7617,28,16.6,144.4,24.0,6.9,0,2026-08-17 15:38:18
7618,43,15.6,145.9,23.7,6.29,0,2026-08-17 15:46:18
7619,4,18.9,161.0,23.3,8.28,0,2026-08-17 15:54:18
7620,25,19.8,221.9,24.4,8.9,0,2026-08-17 16:02:18
7621,26,22.4,206.3,24.7,8.82,0,2026-08-17 16:10:18
7622,7,22.1,265.0,23.3,8.09,0,2026-08-17 16:18:18
7623,6,22.4,237.6,23.3,8.05,0,2026-08-17 16:26:18
7624,9,23.7,211.2,23.5,8.59,0,2026-08-17 16:34:18
7625,34,23.3,202.2,25.4,8.81,0,2026-08-17 16:42:18
7626,29,25.8,239.7,23.8,10.79,0,2026-08-17 16:50:18
7627,30,29.6,301.9,24.6,11.58,0,2026-08-17 16:58:18
7628,5,30.2,351.9,23.6,11.62,0,2026-08-17 17:06:18
7629,7,26.6,224.9,25.0,11.16,0,2026-08-17 17:14:18
7630,33,30.1,338.0,22.8,12.92,0,2026-08-17 17:22:18
7631,34,30.6,335.8,25.5,11.37,0,2026-08-17 17:30:18
7632,42,31.9,274.2,26.3,12.02,0,2026-08-17 17:38:18
7633,50,31.3,263.9,25.9,12.15,0,2026-08-17 17:46:18
7634,49,31.6,269.9,25.2,12.86,0,2026-08-17 17:54:18
7635,16,37.7,401.9,25.4,14.71,0,2026-08-17 18:02:18
7636,1,38.4,426.6,26.4,15.53,0,2026-08-17 18:10:18
7637,49,36.1,396.5,25.9,14.62,0,2026-08-17 18:18:18
7638,33,38.9,376.2,25.2,16.33,0,2026-08-17 18:26:18
7639,5,40.0,376.3,26.0,16.71,0,2026-08-17 18:34:18
7640,8,40.9,481.1,24.3,15.7,0,2026-08-17 18:42:18
7641,7,39.6,453.4,24.0,16.05,0,2026-08-17 18:50:18
7642,5,44.8,404.5,27.4,18.44,0,2026-08-17 18:58:18
7643,23,41.7,379.5,27.7,17.44,0,2026-08-17 19:06:18
7644,28,41.8,419.1,26.9,17.46,0,2026-08-17 19:14:18
7645,22,48.0,420.6,28.3,20.09,0,2026-08-17 19:22:18
7646,1,46.5,514.7,27.2,18.65,0,2026-08-17 19:30:18
7647,34,47.9,522.8,27.9,19.53,0,2026-08-17 19:38:18
7648,22,46.1,533.6,27.3,19.39,0,2026-08-17 19:46:18
7649,1,49.7,405.3,26.2,19.31,0,2026-08-17 19:54:18
7650,19,50.9,424.5,28.3,20.39,0,2026-08-17 20:02:18
7651,5,52.0,488.2,26.6,20.21,0,2026-08-17 20:10:18
7652,22,53.1,436.7,29.5,20.32,0,2026-08-17 20:18:18
7653,13,55.9,595.5,30.1,23.23,0,2026-08-17 20:26:18
7654,30,56.9,513.7,28.0,22.38,0,2026-08-17 20:34:18
7655,40,57.6,493.1,28.6,23.94,0,2026-08-17 20:42:18
7656,18,54.7,626.6,28.4,22.65,0,2026-08-17 20:50:18
7657,22,56.1,477.3,27.1,21.74,0,2026-08-17 20:58:18
7658,5,58.6,627.2,28.6,24.16,0,2026-08-17 21:06:18
7659,46,56.8,665.4,26.7,23.27,0,2026-08-17 21:14:18
7660,42,60.3,540.5,30.1,24.95,0,2026-08-17 21:22:18
7661,41,63.4,549.4,31.5,25.79,0,2026-08-17 21:30:18
7662,20,64.6,666.4,28.4,26.33,0,2026-08-17 21:38:18
7663,8,65.0,599.9,31.2,26.04,0,2026-08-17 21:46:18
7664,2,65.9,644.7,29.8,26.92,0,2026-08-17 21:54:18
7665,27,64.6,544.8,29.8,24.98,0,2026-08-17 22:02:18
7666,21,67.5,795.5,29.7,26.36,0,2026-08-17 22:10:18
7667,2,66.2,646.4,31.8,26.42,0,2026-08-17 22:18:18
7668,6,66.4,586.8,31.0,27.33,0,2026-08-17 22:26:18
7669,33,66.5,550.9,30.8,26.48,0,2026-08-17 22:34:18
7670,37,71.8,583.7,28.9,28.23,0,2026-08-17 22:42:18
7671,34,69.0,651.6,30.6,28.31,0,2026-08-17 22:50:18
7672,48,70.9,585.9,31.9,28.04,0,2026-08-17 22:58:18
7673,7,70.5,742.0,31.8,28.79,0,2026-08-17 23:06:18
7674,13,73.4,789.3,30.4,28.46,0,2026-08-17 23:14:18
7675,31,76.5,743.5,32.9,30.76,0,2026-08-17 23:22:18
7676,5,75.8,896.8,30.2,30.6,0,2026-08-17 23:30:18
7677,47,75.5,747.5,31.6,29.23,0,2026-08-17 23:38:18
7678,48,76.2,609.7,33.2,30.93,0,2026-08-17 23:46:18
7679,30,76.2,812.6,33.4,31.46,0,2026-08-17 23:54:18
7680,33,80.6,768.4,32.7,33.17,0,2026-08-18 00:02:18
7681,24,79.4,835.8,33.8,32.73,0,2026-08-18 00:10:18
7682,17,84.9,737.4,30.8,33.09,0,2026-08-18 00:18:18
7683,12,84.7,857.0,31.0,33.42,0,2026-08-18 00:26:18
7684,3,82.5,677.2,32.6,33.14,0,2026-08-18 00:34:18
7685,3,87.8,918.1,34.3,34.69,1,2026-08-18 00:42:18
7686,17,86.9,765.1,34.2,34.36,1,2026-08-18 00:50:18
7687,35,89.3,823.9,34.1,36.55,1,2026-08-18 00:58:18
7688,38,86.9,1014.8,31.7,34.0,1,2026-08-18 01:06:18
7689,9,87.1,982.3,33.5,35.49,1,2026-08-18 01:14:18
7690,12,89.3,832.7,34.9,36.33,1,2026-08-18 01:22:18
7691,14,91.1,761.0,35.5,35.77,1,2026-08-18 01:30:18
7692,14,94.0,1055.6,33.4,38.16,1,2026-08-18 01:38:18
7693,7,94.4,916.5,35.3,37.57,1,2026-08-18 01:46:18
7694,16,94.3,1021.5,34.7,36.8,1,2026-08-18 01:54:18
7695,34,92.4,919.8,35.8,37.67,1,2026-08-18 02:02:18
7696,48,93.8,1075.5,33.8,36.55,1,2026-08-18 02:10:18
7697,23,95.1,1134.4,34.9,37.22,1,2026-08-18 02:18:18
7698,16,99.8,1096.3,36.6,40.71,1,2026-08-18 02:26:18
7699,18,97.6,1138.4,36.0,39.89,1,2026-08-18 02:34:18
7700,27,5.0,58.9,20.5,1.27,0,2026-08-18 02:42:18
7701,32,5.0,58.5,19.2,2.58,0,2026-08-18 02:50:18
7702,40,5.0,44.4,19.9,1.8,0,2026-08-18 02:58:18
7703,33,5.0,56.1,20.3,2.15,0,2026-08-18 03:06:18
7704,12,5.0,42.2,20.1,2.85,0,2026-08-18 03:14:18
7705,50,5.0,49.9,20.4,1.58,0,2026-08-18 03:22:18
7706,45,5.0,45.6,22.7,2.81,0,2026-08-18 03:30:18
7707,30,6.6,59.9,19.1,3.46,0,2026-08-18 03:38:18
7708,40,9.5,107.8,22.4,4.53,0,2026-08-18 03:46:18
7709,32,6.2,64.5,20.8,2.59,0,2026-08-18 03:54:18
7710,47,8.4,75.0,19.9,3.1,0,2026-08-18 04:02:18
7711,12,11.9,117.3,21.0,4.22,0,2026-08-18 04:10:18
7712,30,10.4,97.2,23.4,4.05,0,2026-08-18 04:18:18
7713,36,14.2,133.3,23.6,5.11,0,2026-08-18 04:26:18
7714,45,13.6,145.7,21.8,5.23,0,2026-08-18 04:34:18
7715,33,15.2,172.1,22.8,6.42,0,2026-08-18 04:42:18
7716,2,18.2,155.4,21.1,6.43,0,2026-08-18 04:50:18
7717,11,17.3,163.2,24.0,7.8,0,2026-08-18 04:58:18
7718,7,15.7,155.0,23.1,6.53,0,2026-08-18 05:06:18
7719,24,22.0,229.5,22.2,8.71,0,2026-08-18 05:14:18
7720,25,17.7,202.9,24.3,7.42,0,2026-08-18 05:22:18
7721,37,21.5,213.3,21.5,7.99,0,2026-08-18 05:30:18
7722,17,21.6,176.5,22.2,8.1,0,2026-08-18 05:38:18
7723,17,23.4,261.4,25.3,9.1,0,2026-08-18 05:46:18
7724,24,22.1,213.0,24.2,8.47,0,2026-08-18 05:54:18
7725,50,24.3,212.6,22.4,9.7,0,2026-08-18 06:02:18
7726,10,25.8,292.4,23.4,11.19,0,2026-08-18 06:10:18
7727,1,28.4,257.5,22.8,12.02,0,2026-08-18 06:18:18
7728,49,25.2,232.4,24.2,9.71,0,2026-08-18 06:26:18
7729,24,29.0,324.2,25.0,12.41,0,2026-08-18 06:34:18
7730,11,32.5,315.7,26.1,12.86,0,2026-08-18 06:42:18
7731,34,29.6,311.9,24.0,12.74,0,2026-08-18 06:50:18
7732,23,33.1,342.2,26.7,12.74,0,2026-08-18 06:58:18
7733,16,34.6,396.1,25.1,13.94,0,2026-08-18 07:06:18
7734,9,32.6,284.0,24.8,13.68,0,2026-08-18 07:14:18
7735,3,36.5,327.8,24.5,15.41,0,2026-08-18 07:22:18
7736,7,37.7,345.7,27.5,15.31,0,2026-08-18 07:30:18
7737,19,34.3,327.1,26.1,13.3,0,2026-08-18 07:38:18
7738,49,40.9,378.2,26.4,16.69,0,2026-08-18 07:46:18
7739,49,36.3,415.4,24.1,15.19,0,2026-08-18 07:54:18
7740,1,40.4,419.7,26.8,15.26,0,2026-08-18 08:02:18
7741,28,43.4,476.8,25.1,18.11,0,2026-08-18 08:10:18
7742,15,40.9,351.1,27.1,15.64,0,2026-08-18 08:18:18
7743,1,42.0,480.2,25.3,16.28,0,2026-08-18 08:26:18
7744,50,42.1,482.3,26.3,16.37,0,2026-08-18 08:34:18
7745,11,47.7,522.5,25.4,18.82,0,2026-08-18 08:42:18
7746,19,48.6,395.0,26.6,20.02,0,2026-08-18 08:50:18
7747,20,47.5,473.1,26.3,18.32,0,2026-08-18 08:58:18
7748,13,47.7,560.1,25.6,18.24,0,2026-08-18 09:06:18
7749,11,51.0,528.7,26.0,20.82,0,2026-08-18 09:14:18
7750,12,48.4,440.2,28.3,20.06,0,2026-08-18 09:22:18
7751,28,48.5,399.2,26.1,19.61,0,2026-08-18 09:30:18
7752,33,51.4,463.0,28.9,20.4,0,2026-08-18 09:38:18
7753,13,52.4,538.9,28.6,20.61,0,2026-08-18 09:46:18
7754,25,52.9,572.9,29.5,21.13,0,2026-08-18 09:54:18
7755,49,52.1,583.5,27.7,21.51,0,2026-08-18 10:02:18
7756,14,56.9,676.0,29.4,23.62,0,2026-08-18 10:10:18
7757,24,55.0,598.6,28.2,22.83,0,2026-08-18 10:18:18
7758,49,59.4,629.6,28.5,24.27,0,2026-08-18 10:26:18
7759,15,61.9,523.1,29.9,25.37,0,2026-08-18 10:34:18
7760,46,61.6,496.7,29.5,24.64,0,2026-08-18 10:42:18
7761,34,63.0,561.1,31.1,24.25,0,2026-08-18 10:50:18
7762,5,63.7,566.5,28.6,25.84,0,2026-08-18 10:58:18
7763,15,65.4,565.2,31.0,26.27,0,2026-08-18 11:06:18
7764,10,63.5,607.4,30.1,24.63,0,2026-08-18 11:14:18
7765,24,64.0,692.6,27.9,26.3,0,2026-08-18 11:22:18
7766,20,67.8,717.9,31.1,27.02,0,2026-08-18 11:30:18
7767,37,66.2,540.6,30.8,26.67,0,2026-08-18 11:38:18
7768,21,68.6,573.6,28.7,27.8,0,2026-08-18 11:46:18
7769,30,69.7,558.9,29.6,27.68,0,2026-08-18 11:54:18
7770,14,68.7,812.7,31.3,26.82,0,2026-08-18 12:02:18
7771,10,71.3,583.4,30.8,28.18,0,2026-08-18 12:10:18
7772,30,71.4,697.3,30.8,28.81,0,2026-08-18 12:18:18
7773,24,70.8,614.5,32.3,28.58,0,2026-08-18 12:26:18
7774,23,75.0,808.3,30.3,29.07,0,2026-08-18 12:34:18
7775,49,72.4,813.1,31.2,28.94,0,2026-08-18 12:42:18
7776,24,73.7,796.5,32.7,30.28,0,2026-08-18 12:50:18
7777,48,74.6,792.2,31.6,28.94,0,2026-08-18 12:58:18
7778,10,75.5,722.4,31.5,29.98,0,2026-08-18 13:06:18
7779,29,79.6,894.7,30.3,31.08,0,2026-08-18 13:14:18
7780,16,81.3,891.4,32.3,32.48,0,2026-08-18 13:22:18
7781,42,81.6,759.6,33.3,31.68,0,2026-08-18 13:30:18
7782,49,83.4,787.9,33.0,33.87,0,2026-08-18 13:38:18
7783,28,82.9,889.6,31.1,33.01,0,2026-08-18 13:46:18
7784,46,82.0,676.6,31.5,31.86,0,2026-08-18 13:54:18
7785,18,85.6,695.7,33.3,33.89,1,2026-08-18 14:02:18
7786,17,83.6,999.6,31.3,33.47,0,2026-08-18 14:10:18
7787,37,87.0,711.4,32.4,33.89,1,2026-08-18 14:18:18
7788,49,87.6,1020.8,32.7,35.93,1,2026-08-18 14:26:18
7789,7,91.2,1091.9,33.0,35.67,1,2026-08-18 14:34:18
7790,22,90.7,798.9,33.4,36.17,1,2026-08-18 14:42:18
7791,35,89.8,857.4,35.1,35.22,1,2026-08-18 14:50:18
7792,41,93.0,870.9,34.4,37.53,1,2026-08-18 14:58:18
7793,21,91.0,909.7,34.3,35.48,1,2026-08-18 15:06:18
7794,40,95.8,1072.6,36.3,38.71,1,2026-08-18 15:14:18
7795,13,93.8,1113.7,33.9,37.69,1,2026-08-18 15:22:18
7796,3,96.8,806.9,34.6,39.25,1,2026-08-18 15:30:18
7797,2,94.7,961.6,34.5,37.98,1,2026-08-18 15:38:18
7798,47,98.9,863.2,34.6,38.9,1,2026-08-18 15:46:18
7799,25,96.2,1138.6,34.1,37.83,1,2026-08-18 15:54:18
7800,42,5.0,54.6,21.9,2.25,0,2026-08-18 16:02:18
7801,38,5.0,47.8,21.8,1.95,0,2026-08-18 16:10:18
7802,37,5.0,43.8,22.4,1.65,0,2026-08-18 16:18:18
7803,9,5.7,65.2,19.0,1.83,0,2026-08-18 16:26:18
7804,20,5.0,57.7,22.3,2.73,0,2026-08-18 16:34:18
7805,6,5.0,44.9,22.2,2.19,0,2026-08-18 16:42:18
7806,40,5.0,42.6,20.3,2.95,0,2026-08-18 16:50:18
7807,41,8.9,72.0,21.5,2.63,0,2026-08-18 16:58:18
7808,23,8.1,67.0,21.7,3.41,0,2026-08-18 17:06:18
7809,5,6.3,63.9,22.6,2.15,0,2026-08-18 17:14:18
7810,15,12.1,110.6,23.0,4.45,0,2026-08-18 17:22:18
7811,42,9.3,96.8,20.7,3.55,0,2026-08-18 17:30:18
7812,17,10.0,116.5,20.3,3.3,0,2026-08-18 17:38:18
7813,9,13.2,109.7,23.8,4.79,0,2026-08-18 17:46:18
7814,20,12.4,144.6,22.7,4.68,0,2026-08-18 17:54:18
7815,41,13.9,128.1,21.2,5.56,0,2026-08-18 18:02:18
7816,15,17.1,170.4,22.2,6.87,0,2026-08-18 18:10:18
7817,16,17.4,171.8,22.7,5.99,0,2026-08-18 18:18:18
7818,20,19.2,153.7,22.1,6.89,0,2026-08-18 18:26:18
7819,12,19.8,182.5,21.6,7.54,0,2026-08-18 18:34:18
7820,35,21.3,198.2,24.2,8.65,0,2026-08-18 18:42:18
7821,45,20.9,211.2,24.1,7.91,0,2026-08-18 18:50:18
7822,34,19.9,234.9,24.7,7.61,0,2026-08-18 18:58:18
7823,31,21.9,219.7,23.4,9.52,0,2026-08-18 19:06:18
7824,35,23.8,256.5,23.6,10.22,0,2026-08-18 19:14:18
7825,35,22.5,257.0,23.8,9.28,0,2026-08-18 19:22:18
7826,38,24.3,246.7,23.4,9.33,0,2026-08-18 19:30:18
7827,32,28.5,252.0,23.4,11.69,0,2026-08-18 19:38:18
7828,3,27.3,225.5,23.9,10.27,0,2026-08-18 19:46:18
7829,48,30.5,296.9,26.1,12.45,0,2026-08-18 19:54:18
7830,48,27.1,320.0,25.9,10.17,0,2026-08-18 20:02:18
7831,22,29.8,295.9,25.1,11.4,0,2026-08-18 20:10:18
7832,9,30.8,309.1,26.1,12.42,0,2026-08-18 20:18:18
7833,13,31.3,294.7,24.1,11.98,0,2026-08-18 20:26:18
7834,6,33.4,355.9,24.1,13.0,0,2026-08-18 20:34:18
7835,2,33.4,286.7,24.6,13.9,0,2026-08-18 20:42:18
7836,21,35.9,405.6,25.5,15.22,0,2026-08-18 20:50:18
7837,11,39.2,384.4,27.4,16.59,0,2026-08-18 20:58:18
7838,25,36.1,317.1,24.4,15.03,0,2026-08-18 21:06:18
7839,32,37.7,367.1,26.6,15.82,0,2026-08-18 21:14:18
7840,30,41.8,379.3,25.8,17.2,0,2026-08-18 21:22:18
7841,38,40.2,403.5,25.7,16.85,0,2026-08-18 21:30:18
7842,14,44.5,502.8,26.3,18.61,0,2026-08-18 21:38:18
7843,10,41.8,457.7,28.0,17.06,0,2026-08-18 21:46:18
7844,45,47.0,550.2,26.5,18.33,0,2026-08-18 21:54:18
7845,37,45.1,473.1,25.2,17.15,0,2026-08-18 22:02:18
7846,34,47.2,514.0,25.4,19.23,0,2026-08-18 22:10:18
7847,18,46.6,499.2,26.3,18.27,0,2026-08-18 22:18:18
7848,5,45.5,371.2,25.0,18.6,0,2026-08-18 22:26:18
7849,22,51.9,421.7,28.2,20.12,0,2026-08-18 22:34:18
7850,4,49.1,458.6,26.8,19.64,0,2026-08-18 22:42:18
7851,16,50.2,563.6,28.5,19.81,0,2026-08-18 22:50:18
7852,31,52.6,571.2,28.5,20.5,0,2026-08-18 22:58:18
7853,50,51.9,603.4,28.7,21.09,0,2026-08-18 23:06:18
7854,3,54.2,477.3,29.1,21.42,0,2026-08-18 23:14:18
7855,27,55.0,458.4,29.6,22.17,0,2026-08-18 23:22:18
7856,34,54.7,617.0,27.0,20.99,0,2026-08-18 23:30:18
7857,4,55.4,552.5,27.5,21.68,0,2026-08-18 23:38:18
7858,35,59.7,574.2,27.9,22.97,0,2026-08-18 23:46:18
7859,48,56.4,476.3,26.6,22.72,0,2026-08-18 23:54:18
7860,33,58.6,586.8,30.3,23.6,0,2026-08-19 00:02:18
7861,32,63.5,538.3,30.2,25.48,0,2026-08-19 00:10:18
7862,46,62.2,728.4,30.1,23.88,0,2026-08-19 00:18:18
7863,36,60.2,576.5,28.3,23.69,0,2026-08-19 00:26:18
7864,26,63.7,705.7,28.3,26.33,0,2026-08-19 00:34:18
7865,13,64.3,681.2,27.9,25.27,0,2026-08-19 00:42:18
7866,24,63.5,520.0,29.6,24.67,0,2026-08-19 00:50:18
7867,15,68.4,797.0,29.8,26.42,0,2026-08-19 00:58:18
7868,20,67.4,561.1,30.2,26.25,0,2026-08-19 01:06:18
7869,22,67.1,652.9,30.8,26.77,0,2026-08-19 01:14:18
7870,6,69.1,782.2,28.6,28.53,0,2026-08-19 01:22:18
7871,40,70.3,816.8,29.3,28.93,0,2026-08-19 01:30:18
7872,27,71.2,699.2,32.2,28.03,0,2026-08-19 01:38:18
7873,21,75.4,842.2,30.9,29.77,0,2026-08-19 01:46:18
7874,47,73.4,643.1,29.7,29.13,0,2026-08-19 01:54:18
7875,45,74.4,772.6,32.7,28.83,0,2026-08-19 02:02:18
7876,46,77.3,873.3,30.4,31.69,0,2026-08-19 02:10:18
7877,43,78.6,697.9,30.9,30.5,0,2026-08-19 02:18:18
7878,13,77.1,779.1,29.9,29.85,0,2026-08-19 02:26:18
7879,44,76.8,771.9,30.1,29.73,0,2026-08-19 02:34:18
7880,40,79.2,891.3,33.0,30.77,0,2026-08-19 02:42:18
7881,5,83.1,730.5,34.0,33.91,0,2026-08-19 02:50:18
7882,2,81.9,799.7,33.9,33.21,0,2026-08-19 02:58:18
7883,8,81.3,671.6,32.9,31.55,0,2026-08-19 03:06:18
7884,23,85.3,886.0,34.0,33.37,1,2026-08-19 03:14:18
7885,2,85.1,713.2,32.4,34.16,1,2026-08-19 03:22:18
7886,32,86.1,751.2,32.3,34.75,1,2026-08-19 03:30:18
7887,16,88.2,776.9,34.1,34.81,1,2026-08-19 03:38:18
7888,36,87.4,797.0,34.4,35.29,1,2026-08-19 03:46:18
7889,47,88.4,742.3,31.3,35.17,1,2026-08-19 03:54:18
7890,20,89.1,1040.1,33.5,36.55,1,2026-08-19 04:02:18
7891,34,89.2,961.2,34.1,36.11,1,2026-08-19 04:10:18
7892,49,91.8,857.6,35.1,37.11,1,2026-08-19 04:18:18
7893,17,93.8,927.5,32.5,37.39,1,2026-08-19 04:26:18
7894,14,95.0,1067.3,34.4,38.47,1,2026-08-19 04:34:18
7895,25,94.8,869.7,35.6,38.1,1,2026-08-19 04:42:18
7896,23,98.2,861.8,33.0,38.28,1,2026-08-19 04:50:18
7897,17,95.5,1105.8,36.0,38.47,1,2026-08-19 04:58:18
7898,9,100.0,997.9,33.3,40.89,1,2026-08-19 05:06:18
7899,3,98.0,1104.9,33.9,39.96,1,2026-08-19 05:14:18
7900,11,5.0,52.3,20.4,1.08,0,2026-08-19 05:22:18
7901,33,5.0,44.3,20.1,2.77,0,2026-08-19 05:30:18
7902,2,5.0,40.7,21.3,1.62,0,2026-08-19 05:38:18
7903,39,5.0,55.0,20.3,1.43,0,2026-08-19 05:46:18
7904,21,5.0,52.6,21.1,2.86,0,2026-08-19 05:54:18
7905,35,6.4,66.9,20.7,2.9,0,2026-08-19 06:02:18
7906,3,6.5,63.3,21.3,1.94,0,2026-08-19 06:10:18
7907,14,6.2,52.7,22.3,2.4,0,2026-08-19 06:18:18
7908,22,5.6,60.2,22.2,2.63,0,2026-08-19 06:26:18
7909,44,11.7,109.2,23.2,4.71,0,2026-08-19 06:34:18
7910,12,7.9,67.4,20.2,3.95,0,2026-08-19 06:42:18
7911,17,10.9,108.8,23.2,3.9,0,2026-08-19 06:50:18
7912,35,13.2,149.8,21.0,5.2,0,2026-08-19 06:58:18
7913,19,10.7,123.1,20.5,3.88,0,2026-08-19 07:06:18
7914,6,15.7,129.1,24.1,5.83,0,2026-08-19 07:14:18
7915,15,15.8,166.5,23.8,6.65,0,2026-08-19 07:22:18
7916,9,16.1,185.5,23.7,5.61,0,2026-08-19 07:30:18
7917,43,19.6,195.1,24.0,7.42,0,2026-08-19 07:38:18
7918,47,19.6,211.4,24.9,7.88,0,2026-08-19 07:46:18
7919,27,18.9,201.1,24.6,6.87,0,2026-08-19 07:54:18
7920,24,17.2,168.7,21.0,7.35,0,2026-08-19 08:02:18
7921,30,23.5,269.6,23.7,9.91,0,2026-08-19 08:10:18
7922,46,22.9,236.4,21.8,8.97,0,2026-08-19 08:18:18
7923,1,22.4,216.7,21.9,9.08,0,2026-08-19 08:26:18
7924,6,22.9,232.0,22.8,9.79,0,2026-08-19 08:34:18
7925,35,26.0,216.8,22.4,10.25,0,2026-08-19 08:42:18
7926,18,28.1,279.3,24.4,11.36,0,2026-08-19 08:50:18
7927,2,28.9,245.3,22.5,11.52,0,2026-08-19 08:58:18
7928,4,27.1,235.8,22.6,10.9,0,2026-08-19 09:06:18
7929,29,27.3,249.8,23.5,10.94,0,2026-08-19 09:14:18
7930,6,29.5,265.4,23.6,11.76,0,2026-08-19 09:22:18
7931,27,29.3,331.2,23.9,10.97,0,2026-08-19 09:30:18
7932,40,32.1,311.9,23.0,12.17,0,2026-08-19 09:38:18
7933,15,30.4,321.8,23.7,12.56,0,2026-08-19 09:46:18
7934,11,36.0,401.5,23.7,14.19,0,2026-08-19 09:54:18
7935,32,37.4,390.1,24.5,15.09,0,2026-08-19 10:02:18
7936,44,38.7,349.6,24.9,14.8,0,2026-08-19 10:10:18
7937,20,39.6,339.6,24.1,15.74,0,2026-08-19 10:18:18
7938,4,36.9,425.0,26.2,15.25,0,2026-08-19 10:26:18
7939,21,36.1,428.4,26.9,15.4,0,2026-08-19 10:34:18
7940,13,40.6,473.9,27.6,15.99,0,2026-08-19 10:42:18
7941,49,39.6,339.9,25.6,16.42,0,2026-08-19 10:50:18
7942,19,40.8,489.5,25.2,16.67,0,2026-08-19 10:58:18
7943,46,44.5,467.4,27.9,17.74,0,2026-08-19 11:06:18
7944,18,44.1,521.9,27.4,18.21,0,2026-08-19 11:14:18
7945,2,46.1,472.1,25.5,18.17,0,2026-08-19 11:22:18
7946,21,44.5,400.6,27.2,17.03,0,2026-08-19 11:30:18
7947,42,45.2,369.8,26.7,17.15,0,2026-08-19 11:38:18
7948,34,50.1,588.8,26.2,20.03,0,2026-08-19 11:46:18
7949,4,51.4,611.2,27.2,21.44,0,2026-08-19 11:54:18
7950,49,47.1,532.5,28.1,18.27,0,2026-08-19 12:02:18
7951,5,54.0,560.6,27.0,22.53,0,2026-08-19 12:10:18
7952,30,54.3,457.3,27.5,21.75,0,2026-08-19 12:18:18
7953,29,55.0,649.7,29.3,21.83,0,2026-08-19 12:26:18
7954,45,52.9,555.1,26.7,21.5,0,2026-08-19 12:34:18
7955,38,52.6,595.3,27.3,20.23,0,2026-08-19 12:42:18
7956,2,56.0,566.0,26.5,22.53,0,2026-08-19 12:50:18
7957,23,55.1,604.2,28.3,21.87,0,2026-08-19 12:58:18
7958,30,57.1,598.3,28.5,22.11,0,2026-08-19 13:06:18
7959,44,61.2,519.0,28.3,24.1,0,2026-08-19 13:14:18
7960,38,59.9,487.2,29.3,24.01,0,2026-08-19 13:22:18
7961,36,60.0,553.9,27.1,24.05,0,2026-08-19 13:30:18
7962,41,62.3,622.6,27.4,25.16,0,2026-08-19 13:38:18
7963,8,65.6,649.7,30.9,27.0,0,2026-08-19 13:46:18
7964,39,61.0,716.5,30.0,24.44,0,2026-08-19 13:54:18
7965,11,64.0,754.2,30.9,26.29,0,2026-08-19 14:02:18
7966,19,66.0,557.2,28.7,27.19,0,2026-08-19 14:10:18
7967,31,67.7,558.5,30.5,27.84,0,2026-08-19 14:18:18
7968,7,69.1,809.2,31.2,28.08,0,2026-08-19 14:26:18
7969,40,68.7,576.5,31.0,26.52,0,2026-08-19 14:34:18
7970,19,69.8,682.0,29.4,28.48,0,2026-08-19 14:42:18
7971,10,73.4,648.2,29.3,29.39,0,2026-08-19 14:50:18
7972,42,71.8,715.2,30.4,28.02,0,2026-08-19 14:58:18
7973,6,73.7,740.1,31.0,28.56,0,2026-08-19 15:06:18
7974,8,74.6,833.8,29.6,30.78,0,2026-08-19 15:14:18
7975,25,75.1,729.8,32.7,30.77,0,2026-08-19 15:22:18
7976,15,76.7,897.2,31.3,29.88,0,2026-08-19 15:30:18
7977,34,78.0,879.3,29.8,32.0,0,2026-08-19 15:38:18
7978,39,77.9,793.8,31.1,30.49,0,2026-08-19 15:46:18
7979,17,79.8,767.1,33.5,31.51,0,2026-08-19 15:54:18
7980,42,81.7,658.9,34.1,33.0,0,2026-08-19 16:02:18
7981,40,81.1,678.1,31.7,31.83,0,2026-08-19 16:10:18
7982,18,80.9,839.1,32.5,31.72,0,2026-08-19 16:18:18
7983,7,85.4,842.9,33.7,33.89,1,2026-08-19 16:26:18
7984,37,85.5,763.1,32.4,34.53,1,2026-08-19 16:34:18
7985,41,87.7,938.6,34.7,35.25,1,2026-08-19 16:42:18
7986,35,89.0,811.8,33.4,35.25,1,2026-08-19 16:50:18
7987,27,85.3,1000.9,32.2,34.55,1,2026-08-19 16:58:18
7988,41,88.8,915.3,35.2,34.62,1,2026-08-19 17:06:18
7989,13,89.5,944.8,32.3,34.88,1,2026-08-19 17:14:18
7990,37,87.4,744.1,33.7,34.46,1,2026-08-19 17:22:18
7991,20,90.4,777.3,32.0,36.79,1,2026-08-19 17:30:18
7992,39,93.0,969.6,35.0,36.87,1,2026-08-19 17:38:18
7993,35,92.1,914.3,33.7,37.1,1,2026-08-19 17:46:18
7994,14,92.7,743.4,34.8,37.45,1,2026-08-19 17:54:18
7995,45,93.6,1121.5,33.0,37.26,1,2026-08-19 18:02:18
7996,21,95.2,1072.4,33.9,37.59,1,2026-08-19 18:10:18
7997,39,94.2,871.9,36.0,36.84,1,2026-08-19 18:18:18
7998,48,95.6,800.3,32.5,38.23,1,2026-08-19 18:26:18
7999,17,96.9,1056.5,34.6,38.85,1,2026-08-19 18:34:18
8000,2,5.0,41.3,19.8,2.53,0,2026-08-19 18:42:18
8001,13,5.0,45.7,22.4,1.62,0,2026-08-19 18:50:18
8002,47,5.0,41.0,19.3,1.17,0,2026-08-19 18:58:18
8003,49,5.0,56.7,20.1,2.09,0,2026-08-19 19:06:18
8004,14,5.0,47.4,20.0,2.35,0,2026-08-19 19:14:18
8005,27,7.3,62.5,19.9,2.1,0,2026-08-19 19:22:18
8006,49,7.1,74.4,20.7,2.82,0,2026-08-19 19:30:18
8007,48,7.3,86.6,20.7,3.54,0,2026-08-19 19:38:18
8008,49,9.5,112.0,19.4,3.25,0,2026-08-19 19:46:18
8009,37,8.5,81.9,20.8,3.3,0,2026-08-19 19:54:18
8010,27,8.5,87.2,20.5,3.39,0,2026-08-19 20:02:18
8011,36,8.9,81.8,20.3,3.49,0,2026-08-19 20:10:18
8012,38,12.5,110.6,21.7,4.44,0,2026-08-19 20:18:18
8013,38,12.8,119.4,23.8,4.71,0,2026-08-19 20:26:18
8014,7,12.6,138.6,22.2,4.45,0,2026-08-19 20:34:18
8015,36,18.0,153.6,21.7,7.83,0,2026-08-19 20:42:18
8016,49,17.8,147.8,22.3,7.0,0,2026-08-19 20:50:18
8017,49,18.2,217.8,23.2,6.66,0,2026-08-19 20:58:18
8018,5,19.7,220.6,22.9,7.3,0,2026-08-19 21:06:18
8019,50,17.9,213.4,22.6,6.43,0,2026-08-19 21:14:18
8020,1,18.1,166.1,23.6,6.84,0,2026-08-19 21:22:18
8021,5,23.8,241.9,23.9,10.42,0,2026-08-19 21:30:18
8022,13,21.1,195.9,22.3,7.92,0,2026-08-19 21:38:18
8023,9,20.4,233.3,21.7,8.79,0,2026-08-19 21:46:18
8024,46,24.4,232.7,23.9,10.47,0,2026-08-19 21:54:18
8025,22,23.8,245.7,24.8,10.21,0,2026-08-19 22:02:18
8026,14,27.5,229.2,23.3,10.22,0,2026-08-19 22:10:18
8027,28,27.8,254.8,22.6,10.33,0,2026-08-19 22:18:18
8028,38,27.9,270.2,22.9,10.63,0,2026-08-19 22:26:18
8029,1,28.7,301.1,25.4,10.68,0,2026-08-19 22:34:18
8030,39,32.5,343.3,23.7,12.51,0,2026-08-19 22:42:18
8031,5,29.6,323.3,25.3,12.73,0,2026-08-19 22:50:18
8032,40,31.6,367.6,26.6,13.48,0,2026-08-19 22:58:18
8033,12,32.3,372.0,24.9,12.62,0,2026-08-19 23:06:18
8034,11,36.9,349.8,25.5,14.06,0,2026-08-19 23:14:18
8035,21,33.3,304.7,25.1,13.98,0,2026-08-19 23:22:18
8036,34,36.1,301.4,26.4,15.09,0,2026-08-19 23:30:18
8037,13,38.2,409.4,26.2,15.26,0,2026-08-19 23:38:18
8038,20,40.1,332.4,25.1,15.96,0,2026-08-19 23:46:18
8039,43,37.5,334.0,26.7,15.0,0,2026-08-19 23:54:18
8040,5,39.5,446.3,26.9,16.37,0,2026-08-20 00:02:18
8041,40,41.6,484.4,27.5,16.51,0,2026-08-20 00:10:18
8042,24,40.7,340.0,27.0,15.94,0,2026-08-20 00:18:18
8043,24,45.6,368.3,28.1,17.35,0,2026-08-20 00:26:18
8044,14,44.3,461.2,28.4,16.85,0,2026-08-20 00:34:18
8045,9,45.7,388.1,26.3,18.58,0,2026-08-20 00:42:18
8046,33,47.5,515.4,26.1,19.11,0,2026-08-20 00:50:18
8047,3,47.8,394.4,26.2,18.31,0,2026-08-20 00:58:18
8048,5,49.3,566.1,27.7,20.66,0,2026-08-20 01:06:18
8049,1,48.6,458.2,26.7,20.17,0,2026-08-20 01:14:18
8050,45,48.8,480.1,26.8,18.74,0,2026-08-20 01:22:18
8051,38,52.2,417.9,28.0,21.5,0,2026-08-20 01:30:18
8052,44,51.9,520.5,27.9,19.81,0,2026-08-20 01:38:18
8053,25,50.9,410.4,26.2,19.58,0,2026-08-20 01:46:18
8054,44,52.8,535.1,29.5,21.53,0,2026-08-20 01:54:18
8055,17,54.6,549.7,29.0,22.82,0,2026-08-20 02:02:18
8056,28,58.0,680.1,29.1,24.1,0,2026-08-20 02:10:18
8057,16,55.3,575.1,30.1,21.35,0,2026-08-20 02:18:18
8058,38,60.4,671.0,29.3,23.76,0,2026-08-20 02:26:18
8059,28,58.4,566.3,28.1,23.01,0,2026-08-20 02:34:18
8060,16,60.5,598.3,30.6,23.77,0,2026-08-20 02:42:18
8061,41,59.4,608.4,30.0,24.31,0,2026-08-20 02:50:18
8062,50,59.1,540.3,29.3,24.18,0,2026-08-20 02:58:18
8063,40,62.7,535.2,29.8,25.88,0,2026-08-20 03:06:18
8064,22,63.6,619.5,31.2,25.35,0,2026-08-20 03:14:18
8065,19,64.1,611.8,30.7,25.18,0,2026-08-20 03:22:18
8066,37,68.3,768.6,31.3,27.54,0,2026-08-20 03:30:18
8067,23,65.7,783.7,29.2,26.0,0,2026-08-20 03:38:18
8068,42,69.9,749.3,29.1,27.71,0,2026-08-20 03:46:18
8069,23,70.7,798.6,31.3,27.9,0,2026-08-20 03:54:18
8070,35,68.0,773.7,31.6,28.1,0,2026-08-20 04:02:18
8071,16,72.7,808.8,31.0,28.36,0,2026-08-20 04:10:18
8072,43,72.2,729.5,32.4,28.19,0,2026-08-20 04:18:18
8073,8,74.8,859.5,32.6,30.01,0,2026-08-20 04:26:18
8074,29,76.4,667.1,33.0,30.3,0,2026-08-20 04:34:18
8075,44,72.4,766.8,30.5,28.88,0,2026-08-20 04:42:18
8076,24,74.7,812.9,30.7,30.05,0,2026-08-20 04:50:18
8077,25,78.6,651.0,30.7,30.95,0,2026-08-20 04:58:18
8078,45,79.6,640.1,33.6,31.76,0,2026-08-20 05:06:18
8079,10,78.4,893.4,33.2,30.54,0,2026-08-20 05:14:18
8080,47,79.6,671.7,33.7,30.95,0,2026-08-20 05:22:18
8081,29,80.1,948.3,33.5,31.06,0,2026-08-20 05:30:18
8082,19,84.0,1006.2,32.3,33.13,0,2026-08-20 05:38:18
8083,11,83.9,955.2,31.3,34.27,0,2026-08-20 05:46:18
8084,11,81.2,697.2,33.8,33.2,0,2026-08-20 05:54:18
8085,8,87.4,927.6,32.7,34.5,1,2026-08-20 06:02:18
8086,5,86.1,900.2,34.0,34.24,1,2026-08-20 06:10:18
8087,1,88.1,818.0,33.7,34.49,1,2026-08-20 06:18:18
8088,34,88.2,985.4,33.0,34.8,1,2026-08-20 06:26:18
8089,9,86.6,767.5,32.3,34.54,1,2026-08-20 06:34:18
8090,49,87.3,1033.8,31.6,34.12,1,2026-08-20 06:42:18
8091,18,90.2,903.2,32.7,36.12,1,2026-08-20 06:50:18
8092,48,92.0,951.5,32.0,35.94,1,2026-08-20 06:58:18
8093,42,95.1,1126.3,35.0,38.4,1,2026-08-20 07:06:18
8094,7,91.3,984.3,34.8,37.04,1,2026-08-20 07:14:18
8095,49,94.0,765.8,34.7,37.45,1,2026-08-20 07:22:18
8096,38,93.7,932.2,32.3,36.88,1,2026-08-20 07:30:18
8097,23,99.9,1059.8,34.0,40.17,1,2026-08-20 07:38:18
8098,38,95.4,784.6,34.5,38.71,1,2026-08-20 07:46:18
8099,28,97.4,841.6,34.5,38.77,1,2026-08-20 07:54:18
8100,23,5.0,53.9,20.4,1.27,0,2026-08-20 08:02:18
8101,45,5.0,51.7,19.8,1.91,0,2026-08-20 08:10:18
8102,15,5.0,53.9,19.9,2.19,0,2026-08-20 08:18:18
8103,22,5.0,58.5,22.7,1.39,0,2026-08-20 08:26:18
8104,10,6.4,55.5,21.5,1.61,0,2026-08-20 08:34:18
8105,11,5.0,58.8,20.3,1.14,0,2026-08-20 08:42:18
8106,30,5.0,50.0,19.6,2.85,0,2026-08-20 08:50:18
8107,9,5.6,61.1,19.0,2.02,0,2026-08-20 08:58:18
8108,22,7.2,64.5,23.0,3.05,0,2026-08-20 09:06:18
8109,28,6.5,72.7,20.4,1.78,0,2026-08-20 09:14:18
8110,14,9.2,102.9,20.6,3.64,0,2026-08-20 09:22:18
8111,1,10.9,89.2,19.8,4.6,0,2026-08-20 09:30:18
8112,35,12.0,128.2,20.9,4.03,0,2026-08-20 09:38:18
8113,20,13.2,150.5,20.7,5.91,0,2026-08-20 09:46:18
8114,47,11.5,102.5,20.6,3.63,0,2026-08-20 09:54:18
8115,21,12.1,139.7,20.0,5.26,0,2026-08-20 10:02:18
8116,25,16.5,162.3,24.0,6.42,0,2026-08-20 10:10:18
8117,45,17.6,165.1,22.3,6.69,0,2026-08-20 10:18:18
8118,37,18.2,156.7,21.8,6.29,0,2026-08-20 10:26:18
8119,38,21.5,175.5,23.9,9.19,0,2026-08-20 10:34:18
8120,45,18.2,205.0,22.1,7.31,0,2026-08-20 10:42:18
8121,46,18.5,157.9,21.5,6.99,0,2026-08-20 10:50:18
8122,3,20.5,230.4,23.1,8.59,0,2026-08-20 10:58:18
8123,37,24.4,224.5,23.4,9.36,0,2026-08-20 11:06:18
8124,11,22.0,188.4,24.8,8.4,0,2026-08-20 11:14:18
8125,23,25.4,222.4,22.9,9.78,0,2026-08-20 11:22:18
8126,5,27.1,231.3,25.5,10.05,0,2026-08-20 11:30:18
8127,31,24.0,239.8,25.0,9.08,0,2026-08-20 11:38:18
8128,19,28.1,285.4,22.6,10.66,0,2026-08-20 11:46:18
8129,30,29.0,341.3,22.6,10.75,0,2026-08-20 11:54:18
8130,2,30.1,360.6,25.8,12.95,0,2026-08-20 12:02:18
8131,39,33.6,298.8,24.2,13.68,0,2026-08-20 12:10:18
8132,39,33.7,367.5,25.9,13.86,0,2026-08-20 12:18:18
8133,44,31.0,334.5,25.1,13.05,0,2026-08-20 12:26:18
8134,7,31.9,319.6,26.7,13.19,0,2026-08-20 12:34:18
8135,4,37.6,397.6,25.6,14.06,0,2026-08-20 12:42:18
8136,38,34.8,407.8,23.4,14.04,0,2026-08-20 12:50:18
8137,9,35.1,358.0,25.0,14.38,0,2026-08-20 12:58:18
8138,43,38.2,397.9,27.7,16.17,0,2026-08-20 13:06:18
8139,4,41.5,483.0,27.8,16.49,0,2026-08-20 13:14:18
8140,34,39.8,416.0,26.6,16.41,0,2026-08-20 13:22:18
8141,39,39.5,472.1,27.1,16.08,0,2026-08-20 13:30:18
8142,16,40.5,354.4,26.0,15.84,0,2026-08-20 13:38:18
8143,7,42.8,456.3,27.8,16.15,0,2026-08-20 13:46:18
8144,24,45.7,427.2,26.8,18.85,0,2026-08-20 13:54:18
8145,10,44.9,417.6,25.3,18.58,0,2026-08-20 14:02:18
8146,46,44.4,510.5,27.1,16.83,0,2026-08-20 14:10:18
8147,35,49.8,461.0,27.4,20.49,0,2026-08-20 14:18:18
8148,27,48.0,478.1,25.3,18.32,0,2026-08-20 14:26:18
8149,39,49.0,522.3,29.0,20.22,0,2026-08-20 14:34:18
8150,46,51.7,504.6,26.4,21.05,0,2026-08-20 14:42:18
8151,31,51.5,594.3,26.2,19.81,0,2026-08-20 14:50:18
8152,19,52.1,448.1,28.4,20.72,0,2026-08-20 14:58:18
8153,28,54.1,599.6,28.6,22.27,0,2026-08-20 15:06:18
8154,39,52.3,618.8,26.4,21.34,0,2026-08-20 15:14:18
8155,42,56.5,517.9,29.5,22.58,0,2026-08-20 15:22:18
8156,48,58.3,472.7,29.2,23.49,0,2026-08-20 15:30:18
8157,44,58.1,588.5,28.5,22.48,0,2026-08-20 15:38:18
8158,1,59.7,593.6,29.0,24.26,0,2026-08-20 15:46:18
8159,49,57.1,502.2,29.1,22.92,0,2026-08-20 15:54:18
8160,6,60.5,679.4,28.8,24.4,0,2026-08-20 16:02:18
8161,45,61.8,736.6,30.4,24.35,0,2026-08-20 16:10:18
8162,32,63.7,728.1,30.1,25.72,0,2026-08-20 16:18:18
8163,23,65.0,542.7,30.0,26.22,0,2026-08-20 16:26:18
8164,20,64.6,586.9,31.1,25.72,0,2026-08-20 16:34:18
8165,1,66.1,561.3,29.8,26.65,0,2026-08-20 16:42:18
8166,50,67.5,744.9,31.5,27.43,0,2026-08-20 16:50:18
8167,12,68.5,594.9,28.4,28.35,0,2026-08-20 16:58:18
8168,33,70.5,763.7,30.5,27.29,0,2026-08-20 17:06:18
8169,44,66.3,607.3,31.3,27.27,0,2026-08-20 17:14:18
8170,23,68.2,779.8,28.7,26.87,0,2026-08-20 17:22:18
8171,21,74.0,618.6,29.5,29.71,0,2026-08-20 17:30:18
8172,14,73.0,732.0,32.3,28.77,0,2026-08-20 17:38:18
8173,16,72.2,821.1,30.2,29.27,0,2026-08-20 17:46:18
8174,22,73.7,799.5,29.5,28.63,0,2026-08-20 17:54:18
8175,30,72.3,633.5,29.9,28.31,0,2026-08-20 18:02:18
8176,30,74.6,884.4,30.5,29.15,0,2026-08-20 18:10:18
8177,26,75.2,700.0,30.3,30.92,0,2026-08-20 18:18:18
8178,17,77.4,718.2,31.6,30.28,0,2026-08-20 18:26:18
8179,48,78.7,761.1,32.6,31.51,0,2026-08-20 18:34:18
8180,1,80.5,832.0,31.7,32.43,0,2026-08-20 18:42:18
8181,35,82.3,690.0,33.6,33.63,0,2026-08-20 18:50:18
8182,27,80.1,719.9,30.9,31.17,0,2026-08-20 18:58:18
8183,39,83.6,671.9,34.4,32.57,0,2026-08-20 19:06:18
8184,12,85.8,912.5,31.4,34.96,1,2026-08-20 19:14:18
8185,16,82.6,945.7,30.8,32.39,0,2026-08-20 19:22:18
8186,44,87.4,994.5,33.3,35.26,1,2026-08-20 19:30:18
8187,24,84.3,685.3,33.5,33.97,0,2026-08-20 19:38:18
8188,27,88.3,801.2,32.2,35.13,1,2026-08-20 19:46:18
8189,27,87.5,794.9,32.5,34.75,1,2026-08-20 19:54:18
8190,49,92.0,915.1,34.6,37.74,1,2026-08-20 20:02:18
8191,14,92.9,1084.3,33.3,36.88,1,2026-08-20 20:10:18
8192,4,92.4,973.5,34.3,36.49,1,2026-08-20 20:18:18
8193,16,95.3,981.8,35.8,38.9,1,2026-08-20 20:26:18
8194,40,91.7,1018.4,34.7,37.02,1,2026-08-20 20:34:18
8195,47,94.2,889.0,32.3,38.15,1,2026-08-20 20:42:18
8196,12,97.1,984.7,36.5,39.61,1,2026-08-20 20:50:18
8197,26,96.9,783.8,36.1,37.99,1,2026-08-20 20:58:18
8198,2,100.0,948.2,35.5,39.21,1,2026-08-20 21:06:18
8199,32,100.0,877.6,35.2,40.66,1,2026-08-20 21:14:18
8200,28,5.0,40.9,19.0,1.84,0,2026-08-20 21:22:18
8201,10,5.0,54.6,22.4,1.24,0,2026-08-20 21:30:18
8202,49,5.0,51.0,20.0,1.71,0,2026-08-20 21:38:18
8203,26,5.3,56.6,21.6,1.81,0,2026-08-20 21:46:18
8204,37,5.0,59.1,22.6,2.68,0,2026-08-20 21:54:18
8205,6,5.0,46.8,20.3,2.01,0,2026-08-20 22:02:18
8206,24,5.5,46.1,22.4,1.78,0,2026-08-20 22:10:18
8207,4,5.0,49.7,19.1,2.97,0,2026-08-20 22:18:18
8208,15,8.8,76.9,23.1,2.61,0,2026-08-20 22:26:18
8209,23,11.1,90.9,21.6,3.61,0,2026-08-20 22:34:18
8210,42,11.6,137.5,21.7,4.04,0,2026-08-20 22:42:18
8211,47,11.8,109.1,21.0,5.4,0,2026-08-20 22:50:18
8212,16,11.9,114.7,23.4,4.06,0,2026-08-20 22:58:18
8213,22,11.1,119.9,20.8,3.83,0,2026-08-20 23:06:18
8214,26,16.6,138.4,21.0,7.49,0,2026-08-20 23:14:18
8215,43,12.0,135.6,23.6,4.19,0,2026-08-20 23:22:18
8216,50,13.5,126.3,22.8,4.67,0,2026-08-20 23:30:18
8217,24,15.3,141.0,22.6,5.78,0,2026-08-20 23:38:18
8218,47,20.2,209.7,25.0,7.67,0,2026-08-20 23:46:18
8219,44,19.2,211.0,24.8,6.71,0,2026-08-20 23:54:18
8220,24,17.4,194.2,22.3,6.53,0,2026-08-21 00:02:18
8221,31,18.3,182.5,23.0,6.53,0,2026-08-21 00:10:18
8222,46,21.0,219.6,23.7,9.3,0,2026-08-21 00:18:18
8223,42,21.6,192.4,21.7,8.72,0,2026-08-21 00:26:18
8224,41,24.8,207.0,24.8,10.73,0,2026-08-21 00:34:18
8225,5,25.0,268.4,22.1,10.33,0,2026-08-21 00:42:18
8226,33,24.7,245.0,22.2,9.22,0,2026-08-21 00:50:18
8227,1,28.6,305.4,25.6,11.17,0,2026-08-21 00:58:18
8228,21,29.3,235.6,24.3,11.31,0,2026-08-21 01:06:18
8229,30,29.9,269.7,26.3,12.06,0,2026-08-21 01:14:18
8230,29,32.5,348.8,23.8,12.87,0,2026-08-21 01:22:18
8231,27,31.5,319.9,26.7,12.73,0,2026-08-21 01:30:18
8232,18,30.8,303.6,25.4,13.02,0,2026-08-21 01:38:18
8233,9,35.5,371.2,24.5,15.06,0,2026-08-21 01:46:18
8234,7,31.4,305.1,22.8,12.43,0,2026-08-21 01:54:18
8235,9,37.6,341.0,26.2,15.73,0,2026-08-21 02:02:18
8236,42,38.2,383.6,24.7,15.21,0,2026-08-21 02:10:18
8237,40,37.1,301.8,24.2,14.92,0,2026-08-21 02:18:18
8238,7,36.4,321.5,24.4,14.01,0,2026-08-21 02:26:18
8239,43,38.5,343.7,26.1,14.44,0,2026-08-21 02:34:18
8240,23,42.5,375.8,27.8,17.47,0,2026-08-21 02:42:18
8241,30,41.8,485.4,26.2,17.47,0,2026-08-21 02:50:18
8242,28,41.0,489.1,25.4,15.83,0,2026-08-21 02:58:18
8243,28,42.9,503.8,26.1,16.56,0,2026-08-21 03:06:18
8244,8,43.9,418.2,28.5,17.41,0,2026-08-21 03:14:18
8245,45,45.3,407.4,25.0,18.07,0,2026-08-21 03:22:18
8246,5,44.0,388.5,26.6,18.27,0,2026-08-21 03:30:18
8247,7,46.7,550.4,25.3,19.37,0,2026-08-21 03:38:18
8248,26,46.4,490.7,28.9,17.89,0,2026-08-21 03:46:18
8249,23,48.9,524.5,28.7,20.01,0,2026-08-21 03:54:18
8250,23,47.6,543.9,25.4,19.68,0,2026-08-21 04:02:18
8251,18,53.7,472.9,27.0,21.9,0,2026-08-21 04:10:18
8252,22,50.3,473.6,27.2,20.54,0,2026-08-21 04:18:18
8253,18,55.0,521.7,27.9,22.31,0,2026-08-21 04:26:18
8254,5,52.8,572.3,28.9,21.31,0,2026-08-21 04:34:18
8255,17,56.9,650.1,28.3,22.39,0,2026-08-21 04:42:18
8256,19,58.7,649.1,28.1,23.09,0,2026-08-21 04:50:18
8257,6,54.8,559.0,29.7,21.23,0,2026-08-21 04:58:18
8258,46,59.4,547.6,28.4,23.97,0,2026-08-21 05:06:18
8259,7,58.4,490.7,29.7,22.85,0,2026-08-21 05:14:18
8260,8,62.6,635.5,28.9,25.51,0,2026-08-21 05:22:18
8261,21,60.3,668.1,27.6,23.79,0,2026-08-21 05:30:18
8262,20,63.7,534.9,30.5,26.1,0,2026-08-21 05:38:18
8263,34,62.8,699.0,28.6,24.66,0,2026-08-21 05:46:18
8264,36,61.2,580.4,30.9,24.0,0,2026-08-21 05:54:18
8265,2,65.5,609.4,28.8,25.85,0,2026-08-21 06:02:18
8266,21,68.9,674.3,31.8,27.46,0,2026-08-21 06:10:18
8267,43,64.1,673.2,27.8,24.95,0,2026-08-21 06:18:18
8268,16,66.9,592.2,31.8,26.71,0,2026-08-21 06:26:18
8269,3,69.3,685.5,29.4,27.4,0,2026-08-21 06:34:18
8270,37,67.8,750.3,28.5,27.47,0,2026-08-21 06:42:18
8271,26,71.1,749.3,31.8,27.45,0,2026-08-21 06:50:18
8272,14,71.5,829.9,28.9,27.96,0,2026-08-21 06:58:18
8273,43,70.3,671.3,32.1,28.39,0,2026-08-21 07:06:18
8274,23,72.4,694.3,30.1,28.72,0,2026-08-21 07:14:18
8275,38,72.6,631.1,29.9,28.77,0,2026-08-21 07:22:18
8276,48,74.9,761.7,31.3,29.74,0,2026-08-21 07:30:18
8277,45,76.5,901.9,31.0,30.27,0,2026-08-21 07:38:18
8278,16,78.6,835.4,32.5,32.31,0,2026-08-21 07:46:18
8279,10,80.8,753.9,31.5,32.12,0,2026-08-21 07:54:18
8280,28,81.5,694.1,30.7,33.51,0,2026-08-21 08:02:18
8281,1,81.2,827.2,34.1,32.27,0,2026-08-21 08:10:18
8282,7,84.2,716.7,33.0,33.45,0,2026-08-21 08:18:18
8283,27,83.1,964.4,31.7,32.43,0,2026-08-21 08:26:18
8284,25,81.4,894.5,32.8,31.92,0,2026-08-21 08:34:18
8285,22,87.0,992.6,32.4,34.34,1,2026-08-21 08:42:18
8286,42,84.5,912.6,30.7,33.72,0,2026-08-21 08:50:18
8287,44,89.6,1015.6,33.7,36.7,1,2026-08-21 08:58:18
8288,34,89.4,852.2,34.4,35.7,1,2026-08-21 09:06:18
8289,31,87.2,1044.3,32.1,34.79,1,2026-08-21 09:14:18
8290,39,90.5,804.1,35.5,36.67,1,2026-08-21 09:22:18
8291,19,91.3,935.2,35.2,36.5,1,2026-08-21 09:30:18
8292,3,90.7,851.9,35.4,35.83,1,2026-08-21 09:38:18
8293,26,93.8,940.8,32.3,36.62,1,2026-08-21 09:46:18
8294,29,95.0,947.2,35.5,37.48,1,2026-08-21 09:54:18
8295,31,93.8,862.9,32.3,38.41,1,2026-08-21 10:02:18
8296,21,99.0,1020.7,33.9,39.29,1,2026-08-21 10:10:18
8297,5,94.3,808.9,36.0,37.07,1,2026-08-21 10:18:18
8298,9,97.7,1170.5,33.8,38.99,1,2026-08-21 10:26:18
8299,14,97.7,1161.0,34.7,39.23,1,2026-08-21 10:34:18
8300,27,5.0,44.2,20.6,2.14,0,2026-08-21 10:42:18
8301,8,5.0,57.6,20.4,1.22,0,2026-08-21 10:50:18
8302,7,5.0,51.1,22.5,1.96,0,2026-08-21 10:58:18
8303,33,5.0,44.9,21.9,1.59,0,2026-08-21 11:06:18
8304,24,5.0,42.0,20.5,2.5,0,2026-08-21 11:14:18
8305,6,5.0,55.4,21.3,2.24,0,2026-08-21 11:22:18
8306,38,5.0,55.7,20.0,2.73,0,2026-08-21 11:30:18
8307,22,5.4,50.4,22.7,2.97,0,2026-08-21 11:38:18
8308,4,10.8,107.2,22.9,3.32,0,2026-08-21 11:46:18
8309,18,8.0,82.0,20.2,2.65,0,2026-08-21 11:54:18
8310,25,8.8,94.9,22.3,4.16,0,2026-08-21 12:02:18
8311,49,9.0,103.0,20.1,4.55,0,2026-08-21 12:10:18
8312,43,13.6,148.8,21.4,6.4,0,2026-08-21 12:18:18
8313,2,14.2,138.2,20.9,4.96,0,2026-08-21 12:26:18
8314,1,12.5,123.5,20.2,5.05,0,2026-08-21 12:34:18
8315,16,17.3,196.1,24.0,7.61,0,2026-08-21 12:42:18
8316,20,14.2,163.5,22.8,6.62,0,2026-08-21 12:50:18
8317,16,18.4,210.6,21.1,6.68,0,2026-08-21 12:58:18
8318,16,16.1,181.9,23.1,7.31,0,2026-08-21 13:06:18
8319,27,19.5,156.3,22.5,7.18,0,2026-08-21 13:14:18
8320,13,22.2,181.5,23.6,9.57,0,2026-08-21 13:22:18
8321,16,21.6,178.1,25.1,8.05,0,2026-08-21 13:30:18
8322,27,19.1,216.6,20.9,6.91,0,2026-08-21 13:38:18
8323,35,20.4,194.1,22.8,8.16,0,2026-08-21 13:46:18
8324,34,22.2,260.2,21.6,9.38,0,2026-08-21 13:54:18
8325,27,22.0,194.6,24.3,9.54,0,2026-08-21 14:02:18
8326,4,27.6,297.9,22.2,12.04,0,2026-08-21 14:10:18
8327,8,27.2,315.4,24.9,11.1,0,2026-08-21 14:18:18
8328,16,29.4,336.1,24.2,11.41,0,2026-08-21 14:26:18
8329,1,26.4,227.1,25.8,11.14,0,2026-08-21 14:34:18
8330,31,30.0,253.5,24.7,12.83,0,2026-08-21 14:42:18
8331,29,32.5,332.1,24.8,12.33,0,2026-08-21 14:50:18
8332,12,33.3,292.7,25.7,12.83,0,2026-08-21 14:58:18
8333,33,34.5,318.6,24.2,13.95,0,2026-08-21 15:06:18
8334,2,35.6,302.9,25.8,13.62,0,2026-08-21 15:14:18
8335,20,37.2,377.8,27.0,14.05,0,2026-08-21 15:22:18
8336,20,37.0,430.7,26.2,14.3,0,2026-08-21 15:30:18
8337,48,38.9,425.7,25.1,14.91,0,2026-08-21 15:38:18
8338,45,39.0,384.4,27.3,14.65,0,2026-08-21 15:46:18
8339,36,36.0,408.9,27.3,15.33,0,2026-08-21 15:54:18
8340,37,41.4,373.2,27.0,17.24,0,2026-08-21 16:02:18
8341,16,43.7,450.0,26.0,16.77,0,2026-08-21 16:10:18
8342,32,44.0,511.1,28.0,16.85,0,2026-08-21 16:18:18
8343,33,44.2,396.5,25.6,17.09,0,2026-08-21 16:26:18
8344,24,42.7,401.1,26.0,17.75,0,2026-08-21 16:34:18
8345,39,44.3,484.1,25.1,17.67,0,2026-08-21 16:42:18
8346,23,46.3,529.5,27.6,18.09,0,2026-08-21 16:50:18
8347,48,48.7,523.2,25.5,20.45,0,2026-08-21 16:58:18
8348,6,50.6,542.9,27.8,20.63,0,2026-08-21 17:06:18
8349,23,46.6,405.2,25.3,17.84,0,2026-08-21 17:14:18
8350,1,47.9,478.8,27.7,19.02,0,2026-08-21 17:22:18
8351,11,51.4,585.8,29.6,21.3,0,2026-08-21 17:30:18
8352,16,54.4,603.4,29.4,21.15,0,2026-08-21 17:38:18
8353,19,51.8,593.5,27.4,20.35,0,2026-08-21 17:46:18
8354,9,53.3,512.8,26.2,20.42,0,2026-08-21 17:54:18
8355,11,52.6,584.8,28.8,21.24,0,2026-08-21 18:02:18
8356,11,57.7,667.6,29.9,23.2,0,2026-08-21 18:10:18
8357,2,56.9,503.9,27.6,23.25,0,2026-08-21 18:18:18
8358,49,55.3,480.4,29.3,22.95,0,2026-08-21 18:26:18
8359,39,56.4,480.2,27.9,23.37,0,2026-08-21 18:34:18
8360,24,57.8,519.6,30.2,22.66,0,2026-08-21 18:42:18
8361,24,63.1,711.6,28.0,25.6,0,2026-08-21 18:50:18
8362,19,61.9,577.2,29.7,24.9,0,2026-08-21 18:58:18
8363,8,61.7,651.1,27.7,24.38,0,2026-08-21 19:06:18
8364,31,61.7,522.7,28.4,25.11,0,2026-08-21 19:14:18
8365,16,62.9,609.0,27.7,25.05,0,2026-08-21 19:22:18
8366,3,64.4,613.1,28.7,25.65,0,2026-08-21 19:30:18
8367,25,66.2,697.9,28.6,27.41,0,2026-08-21 19:38:18
8368,11,70.9,803.3,31.0,28.92,0,2026-08-21 19:46:18
8369,15,68.9,614.9,28.6,26.56,0,2026-08-21 19:54:18
8370,24,69.1,723.4,28.6,26.65,0,2026-08-21 20:02:18
8371,23,68.2,592.2,30.0,27.71,0,2026-08-21 20:10:18
8372,35,70.9,815.0,28.8,27.89,0,2026-08-21 20:18:18
8373,11,71.9,774.9,32.4,28.47,0,2026-08-21 20:26:18
8374,14,76.1,840.6,32.3,30.38,0,2026-08-21 20:34:18
8375,23,75.2,707.2,29.4,30.35,0,2026-08-21 20:42:18
8376,13,76.4,884.9,32.6,30.75,0,2026-08-21 20:50:18
8377,19,74.5,815.1,29.8,30.73,0,2026-08-21 20:58:18
8378,41,75.6,876.2,30.7,29.94,0,2026-08-21 21:06:18
8379,36,80.6,790.2,30.5,31.77,0,2026-08-21 21:14:18
8380,20,81.9,792.5,34.1,32.18,0,2026-08-21 21:22:18
8381,31,81.7,926.6,30.4,31.89,0,2026-08-21 21:30:18
8382,21,79.9,694.5,31.1,31.45,0,2026-08-21 21:38:18
8383,16,85.9,830.8,34.3,33.38,1,2026-08-21 21:46:18
8384,1,81.4,783.8,31.7,33.5,0,2026-08-21 21:54:18
8385,45,86.8,757.9,33.8,35.03,1,2026-08-21 22:02:18
8386,15,87.2,904.1,31.6,34.53,1,2026-08-21 22:10:18
8387,13,85.7,1023.6,33.8,34.38,1,2026-08-21 22:18:18
8388,2,87.1,725.0,34.7,35.53,1,2026-08-21 22:26:18
8389,40,87.6,910.7,33.8,34.11,1,2026-08-21 22:34:18
8390,47,92.6,927.9,32.8,37.8,1,2026-08-21 22:42:18
8391,2,90.1,925.7,33.2,36.42,1,2026-08-21 22:50:18
8392,4,90.1,1027.6,32.4,36.72,1,2026-08-21 22:58:18
8393,29,92.8,948.0,33.0,36.2,1,2026-08-21 23:06:18
8394,4,91.8,1000.7,32.1,36.77,1,2026-08-21 23:14:18
8395,44,92.7,957.0,33.5,36.57,1,2026-08-21 23:22:18
8396,48,98.4,1016.9,36.0,38.54,1,2026-08-21 23:30:18
8397,20,97.2,781.9,34.9,39.49,1,2026-08-21 23:38:18
8398,18,97.5,821.7,34.8,38.57,1,2026-08-21 23:46:18
8399,21,98.6,1158.3,35.6,39.43,1,2026-08-21 23:54:18
8400,21,5.0,49.8,20.5,2.99,0,2026-08-22 00:02:18
8401,46,5.0,40.4,18.9,1.09,0,2026-08-22 00:10:18
8402,12,5.0,49.6,21.0,1.62,0,2026-08-22 00:18:18
8403,46,5.8,52.6,20.1,1.48,0,2026-08-22 00:26:18
8404,17,5.0,46.4,18.8,2.61,0,2026-08-22 00:34:18
8405,5,6.8,66.7,22.0,3.39,0,2026-08-22 00:42:18
8406,20,5.7,54.0,19.1,2.85,0,2026-08-22 00:50:18
8407,5,8.8,101.8,19.3,3.86,0,2026-08-22 00:58:18
8408,48,6.0,70.6,19.8,2.35,0,2026-08-22 01:06:18
8409,26,7.0,82.5,21.7,3.32,0,2026-08-22 01:14:18
8410,4,9.8,109.5,21.6,2.92,0,2026-08-22 01:22:18
8411,43,10.2,87.3,22.8,4.57,0,2026-08-22 01:30:18
8412,41,10.7,105.4,21.9,3.99,0,2026-08-22 01:38:18
8413,8,10.3,114.8,21.4,4.43,0,2026-08-22 01:46:18
8414,49,14.2,134.8,22.6,5.34,0,2026-08-22 01:54:18
8415,47,17.9,171.7,23.9,7.05,0,2026-08-22 02:02:18
8416,8,15.1,165.9,22.3,5.89,0,2026-08-22 02:10:18
8417,43,19.6,182.6,21.0,7.84,0,2026-08-22 02:18:18
8418,37,16.7,162.0,22.4,7.31,0,2026-08-22 02:26:18
8419,47,21.7,249.4,23.2,9.23,0,2026-08-22 02:34:18
8420,19,19.1,182.4,22.1,7.54,0,2026-08-22 02:42:18
8421,40,20.0,181.0,23.8,7.09,0,2026-08-22 02:50:18
8422,11,24.4,278.6,23.7,10.6,0,2026-08-22 02:58:18
8423,33,25.3,279.4,25.8,9.71,0,2026-08-22 03:06:18
8424,5,24.6,285.1,23.8,10.16,0,2026-08-22 03:14:18
8425,39,27.8,247.7,22.6,11.72,0,2026-08-22 03:22:18
8426,40,27.2,254.0,26.0,11.62,0,2026-08-22 03:30:18
8427,1,28.6,230.8,24.0,10.78,0,2026-08-22 03:38:18
8428,2,27.2,263.2,24.0,9.92,0,2026-08-22 03:46:18
8429,18,26.4,228.2,22.7,10.42,0,2026-08-22 03:54:18
8430,17,32.9,356.2,23.4,13.75,0,2026-08-22 04:02:18
8431,43,30.2,357.1,24.7,12.75,0,2026-08-22 04:10:18
8432,38,29.5,237.9,24.2,11.76,0,2026-08-22 04:18:18
8433,15,33.7,353.1,26.1,13.07,0,2026-08-22 04:26:18
8434,5,33.0,366.8,23.1,14.2,0,2026-08-22 04:34:18
8435,40,35.9,387.3,26.1,14.33,0,2026-08-22 04:42:18
8436,34,35.2,410.5,25.9,13.2,0,2026-08-22 04:50:18
8437,3,39.6,365.5,27.4,15.53,0,2026-08-22 04:58:18
8438,3,35.0,314.7,24.8,14.65,0,2026-08-22 05:06:18
8439,47,36.8,335.2,27.5,15.71,0,2026-08-22 05:14:18
8440,2,40.2,406.7,26.7,15.39,0,2026-08-22 05:22:18
8441,49,39.8,348.4,25.0,16.79,0,2026-08-22 05:30:18
8442,50,44.5,381.9,28.6,17.32,0,2026-08-22 05:38:18
8443,2,41.5,492.0,26.7,17.28,0,2026-08-22 05:46:18
8444,36,44.5,447.6,27.1,17.84,0,2026-08-22 05:54:18
8445,22,46.7,482.4,28.5,19.05,0,2026-08-22 06:02:18
8446,18,46.3,545.8,27.7,18.4,0,2026-08-22 06:10:18
8447,1,45.7,400.1,27.6,17.66,0,2026-08-22 06:18:18
8448,40,49.4,530.3,27.9,18.96,0,2026-08-22 06:26:18
8449,15,49.8,474.1,29.4,19.5,0,2026-08-22 06:34:18
8450,41,52.5,491.2,27.2,21.74,0,2026-08-22 06:42:18
8451,32,53.9,539.2,28.4,21.36,0,2026-08-22 06:50:18
8452,1,50.5,491.1,26.4,21.18,0,2026-08-22 06:58:18
8453,47,51.2,423.6,26.2,21.13,0,2026-08-22 07:06:18
8454,40,55.5,504.6,28.4,23.12,0,2026-08-22 07:14:18
8455,13,56.1,610.2,29.3,23.21,0,2026-08-22 07:22:18
8456,25,56.7,655.5,26.5,21.85,0,2026-08-22 07:30:18
8457,9,54.8,467.5,26.9,21.51,0,2026-08-22 07:38:18
8458,7,60.6,570.5,27.5,23.76,0,2026-08-22 07:46:18
8459,34,61.7,693.4,30.8,25.42,0,2026-08-22 07:54:18
8460,49,62.0,584.7,30.9,24.65,0,2026-08-22 08:02:18
8461,16,61.2,568.2,28.0,24.79,0,2026-08-22 08:10:18
8462,11,59.6,539.2,29.6,23.82,0,2026-08-22 08:18:18
8463,21,60.3,496.6,30.5,24.29,0,2026-08-22 08:26:18
8464,3,62.7,614.1,31.0,26.06,0,2026-08-22 08:34:18
8465,29,66.7,618.6,28.1,26.49,0,2026-08-22 08:42:18
8466,14,64.5,711.3,30.8,25.12,0,2026-08-22 08:50:18
8467,5,66.1,611.1,29.8,26.34,0,2026-08-22 08:58:18
8468,49,66.2,652.3,29.4,25.67,0,2026-08-22 09:06:18
8469,3,66.3,637.9,29.9,26.24,0,2026-08-22 09:14:18
8470,9,67.8,758.8,31.3,26.83,0,2026-08-22 09:22:18
8471,43,71.3,763.6,32.4,27.91,0,2026-08-22 09:30:18
8472,2,74.4,852.6,30.8,30.7,0,2026-08-22 09:38:18
8473,38,74.0,863.7,29.6,28.9,0,2026-08-22 09:46:18
8474,20,73.9,628.3,30.6,29.73,0,2026-08-22 09:54:18
8475,31,75.2,659.7,32.1,29.27,0,2026-08-22 10:02:18
8476,34,78.5,714.8,30.4,32.18,0,2026-08-22 10:10:18
8477,50,75.0,861.4,32.7,29.17,0,2026-08-22 10:18:18
8478,3,78.4,746.5,33.2,30.38,0,2026-08-22 10:26:18
8479,25,77.4,873.9,32.7,31.36,0,2026-08-22 10:34:18
8480,46,81.7,814.8,33.4,31.78,0,2026-08-22 10:42:18
8481,35,81.8,877.3,33.5,31.98,0,2026-08-22 10:50:18
8482,36,80.5,656.8,30.4,32.68,0,2026-08-22 10:58:18
8483,9,83.5,865.2,31.9,33.92,0,2026-08-22 11:06:18
8484,11,81.9,740.2,30.4,32.03,0,2026-08-22 11:14:18
8485,48,83.8,809.3,32.4,32.87,0,2026-08-22 11:22:18
8486,23,87.7,834.9,34.5,35.35,1,2026-08-22 11:30:18
8487,25,85.8,1003.3,31.1,33.75,1,2026-08-22 11:38:18
8488,7,85.3,700.8,31.5,33.29,1,2026-08-22 11:46:18
8489,27,90.2,1017.9,33.5,36.41,1,2026-08-22 11:54:18
8490,49,88.6,821.9,31.7,36.24,1,2026-08-22 12:02:18
8491,12,89.7,923.7,33.4,36.26,1,2026-08-22 12:10:18
8492,1,92.2,924.2,31.9,37.33,1,2026-08-22 12:18:18
8493,34,93.7,1002.1,33.0,37.55,1,2026-08-22 12:26:18
8494,16,95.0,813.4,32.5,38.83,1,2026-08-22 12:34:18
8495,44,92.3,837.0,35.6,37.0,1,2026-08-22 12:42:18
8496,28,95.2,929.7,35.8,37.77,1,2026-08-22 12:50:18
8497,28,98.6,855.9,35.8,39.37,1,2026-08-22 12:58:18
8498,44,98.8,1149.7,34.1,39.66,1,2026-08-22 13:06:18
8499,30,98.2,893.8,36.7,38.66,1,2026-08-22 13:14:18
8500,50,5.0,45.2,22.5,1.26,0,2026-08-22 13:22:18
8501,48,5.0,40.6,21.5,2.03,0,2026-08-22 13:30:18
8502,35,5.0,44.0,20.7,2.92,0,2026-08-22 13:38:18
8503,37,5.0,49.2,21.6,1.56,0,2026-08-22 13:46:18
8504,46,6.1,58.1,20.5,1.7,0,2026-08-22 13:54:18
8505,23,5.3,61.8,19.5,2.06,0,2026-08-22 14:02:18
8506,15,6.0,67.7,20.5,2.69,0,2026-08-22 14:10:18
8507,27,6.1,68.9,19.1,2.83,0,2026-08-22 14:18:18
8508,26,7.7,70.4,20.0,3.84,0,2026-08-22 14:26:18
8509,38,8.3,86.1,21.9,4.18,0,2026-08-22 14:34:18
8510,16,12.4,142.8,21.6,4.25,0,2026-08-22 14:42:18
8511,6,8.8,72.4,21.9,3.84,0,2026-08-22 14:50:18
8512,15,12.1,124.4,23.1,4.68,0,2026-08-22 14:58:18
8513,27,15.6,148.2,21.9,5.96,0,2026-08-22 15:06:18
8514,50,16.0,191.9,22.0,7.15,0,2026-08-22 15:14:18
8515,7,17.6,173.9,20.9,7.95,0,2026-08-22 15:22:18
8516,34,13.4,143.5,21.5,5.12,0,2026-08-22 15:30:18
8517,48,15.4,170.8,21.9,7.09,0,2026-08-22 15:38:18
8518,23,21.0,230.9,23.7,7.85,0,2026-08-22 15:46:18
8519,10,19.6,234.4,24.6,7.57,0,2026-08-22 15:54:18
8520,17,19.9,192.3,24.5,7.73,0,2026-08-22 16:02:18
8521,9,23.7,191.6,23.7,10.14,0,2026-08-22 16:10:18
8522,29,24.1,195.9,24.4,8.82,0,2026-08-22 16:18:18
8523,26,24.6,226.7,23.8,9.2,0,2026-08-22 16:26:18
8524,45,22.2,199.5,22.4,8.04,0,2026-08-22 16:34:18
8525,41,27.9,247.8,24.3,10.9,0,2026-08-22 16:42:18
8526,36,24.4,197.7,24.5,10.72,0,2026-08-22 16:50:18
8527,46,26.8,242.0,23.6,11.18,0,2026-08-22 16:58:18
8528,31,28.3,259.0,25.7,10.41,0,2026-08-22 17:06:18
8529,4,31.0,319.7,24.4,12.72,0,2026-08-22 17:14:18
8530,35,27.9,261.7,22.4,11.16,0,2026-08-22 17:22:18
8531,12,30.1,292.1,25.7,12.14,0,2026-08-22 17:30:18
8532,12,31.4,256.3,23.2,11.87,0,2026-08-22 17:38:18
8533,12,30.6,323.2,22.8,12.24,0,2026-08-22 17:46:18
8534,14,31.4,300.0,24.4,12.31,0,2026-08-22 17:54:18
8535,15,32.9,286.0,25.0,12.79,0,2026-08-22 18:02:18
8536,10,33.9,385.4,25.7,14.31,0,2026-08-22 18:10:18
8537,6,38.2,444.0,25.3,14.34,0,2026-08-22 18:18:18
8538,32,35.1,329.7,24.3,14.92,0,2026-08-22 18:26:18
8539,43,41.2,341.5,28.0,17.44,0,2026-08-22 18:34:18
8540,18,37.5,390.3,25.6,15.36,0,2026-08-22 18:42:18
8541,44,43.0,411.1,27.8,18.16,0,2026-08-22 18:50:18
8542,49,44.8,440.0,26.0,18.2,0,2026-08-22 18:58:18
8543,11,43.6,485.1,27.4,17.2,0,2026-08-22 19:06:18
8544,1,41.4,495.5,26.8,16.36,0,2026-08-22 19:14:18
8545,36,43.7,381.0,25.7,17.77,0,2026-08-22 19:22:18
8546,42,47.9,472.7,26.5,19.75,0,2026-08-22 19:30:18
8547,6,47.7,460.1,26.0,19.56,0,2026-08-22 19:38:18
8548,11,50.6,451.2,27.2,20.41,0,2026-08-22 19:46:18
8549,17,47.9,433.9,29.1,19.33,0,2026-08-22 19:54:18
8550,50,51.5,505.8,27.4,20.59,0,2026-08-22 20:02:18
8551,20,50.1,541.8,26.2,19.62,0,2026-08-22 20:10:18
8552,40,51.2,545.0,27.1,21.43,0,2026-08-22 20:18:18
8553,29,54.8,586.9,28.6,21.96,0,2026-08-22 20:26:18
8554,50,52.6,424.6,29.7,20.04,0,2026-08-22 20:34:18
8555,23,55.6,646.7,29.4,22.31,0,2026-08-22 20:42:18
8556,5,57.7,646.3,28.6,23.51,0,2026-08-22 20:50:18
8557,42,58.0,545.3,26.8,23.89,0,2026-08-22 20:58:18
8558,18,59.7,540.8,30.1,23.18,0,2026-08-22 21:06:18
8559,37,57.6,677.4,27.8,22.3,0,2026-08-22 21:14:18
8560,26,61.9,586.0,30.8,25.42,0,2026-08-22 21:22:18
8561,48,63.4,534.9,28.6,25.95,0,2026-08-22 21:30:18
8562,41,63.3,585.7,31.4,24.77,0,2026-08-22 21:38:18
8563,32,61.9,586.1,28.9,25.66,0,2026-08-22 21:46:18
8564,9,61.8,708.0,27.8,24.04,0,2026-08-22 21:54:18
8565,14,64.2,682.1,30.5,26.51,0,2026-08-22 22:02:18
8566,3,65.9,649.8,31.1,26.25,0,2026-08-22 22:10:18
8567,24,67.3,647.5,32.0,27.47,0,2026-08-22 22:18:18
8568,33,67.5,628.0,28.5,26.79,0,2026-08-22 22:26:18
8569,43,70.5,599.7,31.5,27.35,0,2026-08-22 22:34:18
8570,33,71.3,669.1,29.8,27.6,0,2026-08-22 22:42:18
8571,26,74.0,653.2,32.0,30.48,0,2026-08-22 22:50:18
8572,29,72.8,764.9,30.3,28.25,0,2026-08-22 22:58:18
8573,43,73.6,692.0,32.1,28.89,0,2026-08-22 23:06:18
8574,1,71.9,793.4,31.6,29.4,0,2026-08-22 23:14:18
8575,2,77.3,848.7,32.6,30.61,0,2026-08-22 23:22:18
8576,38,73.3,662.7,31.6,29.55,0,2026-08-22 23:30:18
8577,44,78.5,703.7,32.9,31.42,0,2026-08-22 23:38:18
8578,48,75.5,773.4,30.7,30.73,0,2026-08-22 23:46:18
8579,45,81.7,728.0,31.7,32.65,0,2026-08-22 23:54:18
8580,6,77.0,863.7,32.0,30.55,0,2026-08-23 00:02:18
8581,15,80.1,701.2,31.9,31.5,0,2026-08-23 00:10:18
8582,6,83.1,994.8,32.3,33.34,0,2026-08-23 00:18:18
8583,29,82.9,955.7,32.8,33.38,0,2026-08-23 00:26:18
8584,44,85.1,821.4,32.7,34.72,1,2026-08-23 00:34:18
8585,30,88.0,772.8,31.9,34.85,1,2026-08-23 00:42:18
8586,22,84.9,783.3,33.1,34.36,0,2026-08-23 00:50:18
8587,44,86.5,804.1,32.5,34.61,1,2026-08-23 00:58:18
8588,13,85.9,843.2,33.9,33.78,1,2026-08-23 01:06:18
8589,2,90.9,784.8,35.4,36.72,1,2026-08-23 01:14:18
8590,46,89.5,830.4,31.7,36.15,1,2026-08-23 01:22:18
8591,10,89.0,1067.4,32.9,35.63,1,2026-08-23 01:30:18
8592,25,93.5,891.2,32.3,37.66,1,2026-08-23 01:38:18
8593,50,90.4,773.0,35.0,37.03,1,2026-08-23 01:46:18
8594,48,95.6,855.0,34.1,38.09,1,2026-08-23 01:54:18
8595,6,92.4,837.9,32.4,36.16,1,2026-08-23 02:02:18
8596,33,96.3,942.5,34.7,38.12,1,2026-08-23 02:10:18
8597,49,95.9,791.6,33.9,37.85,1,2026-08-23 02:18:18
8598,25,96.9,1070.8,36.2,39.66,1,2026-08-23 02:26:18
8599,29,97.5,1165.7,33.2,38.06,1,2026-08-23 02:34:18
8600,11,5.0,47.6,22.3,1.09,0,2026-08-23 02:42:18
8601,12,5.0,54.5,19.0,1.09,0,2026-08-23 02:50:18
8602,41,5.0,58.6,22.3,2.2,0,2026-08-23 02:58:18
8603,34,5.0,46.2,20.0,1.16,0,2026-08-23 03:06:18
8604,7,5.0,42.5,19.3,1.93,0,2026-08-23 03:14:18
8605,9,5.0,53.5,22.6,2.14,0,2026-08-23 03:22:18
8606,47,8.6,94.1,20.8,3.72,0,2026-08-23 03:30:18
8607,14,6.4,52.1,22.4,3.34,0,2026-08-23 03:38:18
8608,46,6.4,67.7,22.2,1.82,0,2026-08-23 03:46:18
8609,37,9.7,103.5,20.8,4.76,0,2026-08-23 03:54:18
8610,26,10.3,122.8,23.0,4.19,0,2026-08-23 04:02:18
8611,41,11.7,127.9,20.5,4.52,0,2026-08-23 04:10:18
8612,48,11.0,111.6,20.9,4.93,0,2026-08-23 04:18:18
8613,23,11.2,110.2,19.8,5.2,0,2026-08-23 04:26:18
8614,23,15.7,168.0,21.2,6.78,0,2026-08-23 04:34:18
8615,24,14.5,144.8,23.1,6.57,0,2026-08-23 04:42:18
8616,23,14.0,125.9,23.6,4.82,0,2026-08-23 04:50:18
8617,45,16.3,174.8,21.8,5.58,0,2026-08-23 04:58:18
8618,30,17.8,206.3,24.2,6.65,0,2026-08-23 05:06:18
8619,31,16.5,156.4,20.6,5.92,0,2026-08-23 05:14:18
8620,22,20.7,197.2,22.5,7.52,0,2026-08-23 05:22:18
8621,47,19.4,192.7,23.1,8.15,0,2026-08-23 05:30:18
8622,40,19.8,195.7,24.2,7.45,0,2026-08-23 05:38:18
8623,13,21.2,197.9,21.9,7.78,0,2026-08-23 05:46:18
8624,19,24.3,284.3,22.0,9.57,0,2026-08-23 05:54:18
8625,30,26.1,236.7,23.4,10.65,0,2026-08-23 06:02:18
8626,15,26.6,228.8,24.9,11.06,0,2026-08-23 06:10:18
8627,10,27.7,225.1,24.2,11.75,0,2026-08-23 06:18:18
8628,26,26.1,210.0,22.5,9.45,0,2026-08-23 06:26:18
8629,14,29.5,319.8,25.6,11.12,0,2026-08-23 06:34:18
8630,48,28.8,306.9,24.5,12.02,0,2026-08-23 06:42:18
8631,26,32.2,260.6,26.5,13.78,0,2026-08-23 06:50:18
8632,41,31.8,286.3,24.5,12.16,0,2026-08-23 06:58:18
8633,44,34.0,286.0,24.1,13.49,0,2026-08-23 07:06:18
8634,24,35.1,337.2,26.6,13.53,0,2026-08-23 07:14:18
8635,5,32.2,351.4,24.5,13.09,0,2026-08-23 07:22:18
8636,40,37.5,432.4,24.8,15.63,0,2026-08-23 07:30:18
8637,29,36.9,311.4,25.7,15.33,0,2026-08-23 07:38:18
8638,32,40.4,343.0,25.9,17.1,0,2026-08-23 07:46:18
8639,40,37.3,397.8,26.2,15.77,0,2026-08-23 07:54:18
8640,40,37.4,317.6,24.2,14.84,0,2026-08-23 08:02:18
8641,37,43.4,397.6,25.7,18.11,0,2026-08-23 08:10:18
8642,12,42.4,341.5,28.0,16.16,0,2026-08-23 08:18:18
8643,26,45.9,479.8,26.2,18.8,0,2026-08-23 08:26:18
8644,31,42.4,343.6,25.1,17.06,0,2026-08-23 08:34:18
8645,16,42.0,451.8,28.2,16.17,0,2026-08-23 08:42:18
8646,16,47.5,521.3,27.6,18.85,0,2026-08-23 08:50:18
8647,5,49.9,589.0,27.2,19.19,0,2026-08-23 08:58:18
8648,6,45.5,427.1,25.3,17.31,0,2026-08-23 09:06:18
8649,41,48.9,478.3,27.1,19.85,0,2026-08-23 09:14:18
8650,40,51.0,593.6,26.1,20.36,0,2026-08-23 09:22:18
8651,23,52.8,525.3,29.6,20.31,0,2026-08-23 09:30:18
8652,26,50.8,606.5,26.5,19.61,0,2026-08-23 09:38:18
8653,7,55.0,556.1,26.7,22.31,0,2026-08-23 09:46:18
8654,50,54.1,620.4,29.7,22.38,0,2026-08-23 09:54:18
8655,22,53.9,499.3,26.1,21.47,0,2026-08-23 10:02:18
8656,12,54.9,574.0,27.0,22.64,0,2026-08-23 10:10:18
8657,13,58.2,630.6,27.5,23.81,0,2026-08-23 10:18:18
8658,8,56.0,593.6,26.9,23.3,0,2026-08-23 10:26:18
8659,43,58.4,589.8,29.0,22.95,0,2026-08-23 10:34:18
8660,37,60.8,538.9,28.3,24.19,0,2026-08-23 10:42:18
8661,12,62.3,595.0,30.8,23.95,0,2026-08-23 10:50:18
8662,16,60.0,600.7,27.2,24.56,0,2026-08-23 10:58:18
8663,38,61.5,660.7,29.2,24.72,0,2026-08-23 11:06:18
8664,14,64.7,541.8,28.0,25.49,0,2026-08-23 11:14:18
8665,21,64.4,535.3,29.3,25.4,0,2026-08-23 11:22:18
8666,42,67.0,795.3,28.6,26.44,0,2026-08-23 11:30:18
8667,4,64.4,618.4,29.8,25.65,0,2026-08-23 11:38:18
8668,5,65.5,600.1,29.9,26.02,0,2026-08-23 11:46:18
8669,26,69.6,727.4,31.0,28.72,0,2026-08-23 11:54:18
8670,19,72.7,718.9,32.1,29.28,0,2026-08-23 12:02:18
8671,38,69.5,657.8,31.7,27.43,0,2026-08-23 12:10:18
8672,5,70.8,763.8,31.9,28.83,0,2026-08-23 12:18:18
8673,12,72.5,731.7,31.0,28.06,0,2026-08-23 12:26:18
8674,17,76.8,867.9,32.4,31.71,0,2026-08-23 12:34:18
8675,37,73.4,847.1,32.7,29.37,0,2026-08-23 12:42:18
8676,16,78.2,917.9,30.6,30.5,0,2026-08-23 12:50:18
8677,22,77.9,630.4,31.3,32.11,0,2026-08-23 12:58:18
8678,50,75.3,892.9,30.7,30.42,0,2026-08-23 13:06:18
8679,21,81.2,807.1,33.8,32.43,0,2026-08-23 13:14:18
8680,17,81.1,759.0,30.4,32.02,0,2026-08-23 13:22:18
8681,16,83.2,966.0,32.5,32.45,0,2026-08-23 13:30:18
8682,17,81.7,687.6,33.4,33.32,0,2026-08-23 13:38:18
8683,34,80.9,832.3,31.0,31.93,0,2026-08-23 13:46:18
8684,35,85.1,994.0,33.8,34.81,1,2026-08-23 13:54:18
8685,35,83.0,926.4,32.4,32.33,0,2026-08-23 14:02:18
8686,44,83.6,688.4,30.9,33.94,0,2026-08-23 14:10:18
8687,24,85.7,855.4,31.0,33.95,1,2026-08-23 14:18:18
8688,47,86.2,954.7,33.9,34.47,1,2026-08-23 14:26:18
8689,50,88.5,1041.1,34.3,34.64,1,2026-08-23 14:34:18
8690,21,92.7,902.5,35.5,37.42,1,2026-08-23 14:42:18
8691,14,89.8,758.1,31.6,36.92,1,2026-08-23 14:50:18
8692,32,92.7,1094.2,33.1,37.26,1,2026-08-23 14:58:18
8693,46,90.8,959.8,31.9,36.55,1,2026-08-23 15:06:18
8694,45,93.6,869.4,34.4,36.7,1,2026-08-23 15:14:18
8695,13,92.9,834.6,35.3,36.92,1,2026-08-23 15:22:18
8696,37,96.0,1119.5,36.1,38.01,1,2026-08-23 15:30:18
8697,34,95.2,975.4,35.9,38.94,1,2026-08-23 15:38:18
8698,25,97.3,1097.6,34.5,39.18,1,2026-08-23 15:46:18
8699,45,100.0,887.1,33.9,39.01,1,2026-08-23 15:54:18
8700,38,5.0,55.1,19.9,1.16,0,2026-08-23 16:02:18
8701,42,5.0,48.0,22.2,2.91,0,2026-08-23 16:10:18
8702,20,5.0,57.9,21.2,1.98,0,2026-08-23 16:18:18
8703,47,6.0,69.8,21.6,2.42,0,2026-08-23 16:26:18
8704,25,6.2,56.1,20.1,2.99,0,2026-08-23 16:34:18
8705,28,5.0,51.9,20.6,2.39,0,2026-08-23 16:42:18
8706,6,5.0,53.5,19.7,1.29,0,2026-08-23 16:50:18
8707,36,7.2,72.6,19.1,3.82,0,2026-08-23 16:58:18
8708,31,7.5,65.7,21.0,2.44,0,2026-08-23 17:06:18
8709,45,11.9,100.1,21.0,5.18,0,2026-08-23 17:14:18
8710,34,9.7,92.7,22.6,4.05,0,2026-08-23 17:22:18
8711,35,8.6,91.5,22.3,3.05,0,2026-08-23 17:30:18
8712,30,11.5,114.8,23.6,4.7,0,2026-08-23 17:38:18
8713,26,12.8,149.7,23.1,4.45,0,2026-08-23 17:46:18
8714,38,12.6,123.5,20.9,4.53,0,2026-08-23 17:54:18
8715,26,15.8,162.8,22.0,6.46,0,2026-08-23 18:02:18
8716,39,15.3,164.7,21.5,5.85,0,2026-08-23 18:10:18
8717,1,17.9,201.0,24.2,6.99,0,2026-08-23 18:18:18
8718,31,20.4,192.1,23.2,9.07,0,2026-08-23 18:26:18
8719,45,16.8,164.6,23.3,7.58,0,2026-08-23 18:34:18
8720,1,18.4,188.4,23.0,7.88,0,2026-08-23 18:42:18
8721,26,22.4,195.4,22.1,9.61,0,2026-08-23 18:50:18
8722,13,23.5,203.6,23.8,9.99,0,2026-08-23 18:58:18
8723,4,22.8,200.7,21.6,8.15,0,2026-08-23 19:06:18
8724,50,23.7,190.4,23.9,8.55,0,2026-08-23 19:14:18
8725,13,25.3,255.7,23.1,10.69,0,2026-08-23 19:22:18
8726,33,24.0,244.8,25.2,9.28,0,2026-08-23 19:30:18
8727,17,28.3,264.9,23.8,10.56,0,2026-08-23 19:38:18
8728,2,25.8,248.1,22.8,9.84,0,2026-08-23 19:46:18
8729,48,31.3,364.8,26.0,12.42,0,2026-08-23 19:54:18
8730,15,30.2,334.4,24.1,11.89,0,2026-08-23 20:02:18
8731,47,28.6,292.8,24.3,10.82,0,2026-08-23 20:10:18
8732,25,32.3,357.2,25.3,13.38,0,2026-08-23 20:18:18
8733,43,30.0,357.0,23.6,12.97,0,2026-08-23 20:26:18
8734,44,35.3,318.6,23.6,13.26,0,2026-08-23 20:34:18
8735,21,34.8,370.8,26.7,14.63,0,2026-08-23 20:42:18
8736,13,35.3,312.3,25.3,13.15,0,2026-08-23 20:50:18
8737,39,37.8,362.6,27.2,14.62,0,2026-08-23 20:58:18
8738,6,35.5,368.8,24.0,14.33,0,2026-08-23 21:06:18
8739,2,37.1,404.2,27.3,14.12,0,2026-08-23 21:14:18
8740,27,39.6,435.6,24.3,16.43,0,2026-08-23 21:22:18
8741,35,42.4,429.5,25.0,17.7,0,2026-08-23 21:30:18
8742,12,42.9,512.7,24.9,16.66,0,2026-08-23 21:38:18
8743,40,40.0,437.8,27.0,15.95,0,2026-08-23 21:46:18
8744,29,43.4,408.1,24.8,16.61,0,2026-08-23 21:54:18
8745,18,42.4,371.7,25.6,16.67,0,2026-08-23 22:02:18
8746,50,44.9,478.3,27.6,17.61,0,2026-08-23 22:10:18
8747,47,44.0,473.4,26.8,17.3,0,2026-08-23 22:18:18
8748,5,46.5,465.7,26.4,19.31,0,2026-08-23 22:26:18
8749,23,47.7,570.0,27.1,18.85,0,2026-08-23 22:34:18
8750,27,50.8,571.2,29.2,20.93,0,2026-08-23 22:42:18
8751,6,52.4,622.0,27.3,21.23,0,2026-08-23 22:50:18
8752,44,49.0,494.4,26.3,20.49,0,2026-08-23 22:58:18
8753,39,50.6,579.1,27.2,19.34,0,2026-08-23 23:06:18
8754,35,52.6,561.7,26.5,20.62,0,2026-08-23 23:14:18
8755,35,57.4,530.7,28.0,22.45,0,2026-08-23 23:22:18
8756,37,55.5,631.2,26.5,21.73,0,2026-08-23 23:30:18
8757,8,55.6,573.8,29.4,21.7,0,2026-08-23 23:38:18
8758,39,57.3,649.0,29.8,23.4,0,2026-08-23 23:46:18
8759,27,59.2,646.1,27.2,24.41,0,2026-08-23 23:54:18
8760,3,59.0,640.0,30.8,23.74,0,2026-08-24 00:02:18
8761,43,63.5,740.5,31.2,25.66,0,2026-08-24 00:10:18
8762,2,62.1,724.7,29.6,24.87,0,2026-08-24 00:18:18
8763,28,63.4,579.2,29.3,24.4,0,2026-08-24 00:26:18
8764,41,65.3,582.0,31.1,25.82,0,2026-08-24 00:34:18
8765,30,64.8,519.9,30.6,25.58,0,2026-08-24 00:42:18
8766,16,67.2,668.9,30.9,26.83,0,2026-08-24 00:50:18
8767,8,66.2,669.7,29.9,25.51,0,2026-08-24 00:58:18
8768,4,65.0,602.2,29.3,26.18,0,2026-08-24 01:06:18
8769,44,66.2,652.8,30.9,26.15,0,2026-08-24 01:14:18
8770,3,68.7,583.1,30.1,27.46,0,2026-08-24 01:22:18
8771,42,71.0,830.8,32.2,28.36,0,2026-08-24 01:30:18
8772,5,70.1,717.6,30.0,27.98,0,2026-08-24 01:38:18
8773,9,74.3,796.9,29.2,29.87,0,2026-08-24 01:46:18
8774,34,72.2,618.9,30.5,29.14,0,2026-08-24 01:54:18
8775,28,74.5,698.2,31.7,29.22,0,2026-08-24 02:02:18
8776,24,74.6,636.2,30.9,30.35,0,2026-08-24 02:10:18
8777,42,76.8,762.7,31.1,31.56,0,2026-08-24 02:18:18
8778,31,80.6,830.9,31.2,32.36,0,2026-08-24 02:26:18
8779,35,76.5,697.0,31.4,29.82,0,2026-08-24 02:34:18
8780,44,80.9,686.8,33.4,32.79,0,2026-08-24 02:42:18
8781,38,81.5,923.0,31.2,32.8,0,2026-08-24 02:50:18
8782,47,84.0,679.1,34.4,34.59,0,2026-08-24 02:58:18
8783,12,81.0,683.2,32.2,32.38,0,2026-08-24 03:06:18
8784,33,85.2,913.8,31.9,34.33,1,2026-08-24 03:14:18
8785,16,88.0,856.8,34.2,35.76,1,2026-08-24 03:22:18
8786,36,86.1,755.1,33.5,34.14,1,2026-08-24 03:30:18
8787,32,84.2,834.5,31.8,33.26,0,2026-08-24 03:38:18
8788,23,90.4,968.5,34.9,37.01,1,2026-08-24 03:46:18
8789,10,86.1,771.5,32.9,34.7,1,2026-08-24 03:54:18
8790,44,90.6,838.7,33.2,35.84,1,2026-08-24 04:02:18
8791,3,88.6,744.5,33.5,34.77,1,2026-08-24 04:10:18
8792,23,93.0,1113.2,35.5,37.28,1,2026-08-24 04:18:18
8793,40,90.9,890.5,32.2,36.0,1,2026-08-24 04:26:18
8794,40,94.4,1041.2,32.8,36.97,1,2026-08-24 04:34:18
8795,17,96.2,1064.7,32.5,38.44,1,2026-08-24 04:42:18
8796,50,96.6,800.1,33.7,38.0,1,2026-08-24 04:50:18
8797,32,98.1,999.1,33.2,39.61,1,2026-08-24 04:58:18
8798,29,100.0,1155.4,36.5,40.31,1,2026-08-24 05:06:18
8799,6,96.6,795.6,33.6,37.79,1,2026-08-24 05:14:18
8800,1,5.0,57.4,19.0,1.56,0,2026-08-24 05:22:18
8801,8,5.0,52.5,19.6,1.47,0,2026-08-24 05:30:18
8802,13,5.0,58.4,22.0,1.56,0,2026-08-24 05:38:18
8803,45,5.0,42.3,22.4,1.06,0,2026-08-24 05:46:18
8804,24,6.4,72.2,22.0,2.91,0,2026-08-24 05:54:18
8805,10,5.6,52.2,22.4,2.81,0,2026-08-24 06:02:18
8806,12,5.5,49.7,19.3,2.51,0,2026-08-24 06:10:18
8807,19,7.9,80.6,22.0,3.64,0,2026-08-24 06:18:18
8808,48,10.5,109.8,20.0,4.23,0,2026-08-24 06:26:18
8809,13,10.3,96.7,21.5,3.9,0,2026-08-24 06:34:18
8810,5,9.1,88.0,19.5,4.48,0,2026-08-24 06:42:18
8811,22,11.8,118.7,21.3,5.71,0,2026-08-24 06:50:18
8812,45,11.1,117.3,22.6,4.28,0,2026-08-24 06:58:18
8813,15,15.6,130.6,24.3,7.04,0,2026-08-24 07:06:18
8814,36,12.5,112.1,23.7,4.71,0,2026-08-24 07:14:18
8815,13,13.6,138.9,20.9,5.51,0,2026-08-24 07:22:18
8816,33,18.6,163.0,22.7,8.36,0,2026-08-24 07:30:18
8817,16,16.7,163.4,21.0,6.51,0,2026-08-24 07:38:18
8818,15,18.3,216.1,23.1,6.39,0,2026-08-24 07:46:18
8819,24,20.1,176.1,23.8,7.83,0,2026-08-24 07:54:18
8820,1,17.1,203.3,22.0,6.28,0,2026-08-24 08:02:18
8821,42,18.9,166.9,22.2,7.58,0,2026-08-24 08:10:18
8822,38,23.8,261.8,25.5,9.97,0,2026-08-24 08:18:18
8823,23,25.4,303.7,23.2,10.71,0,2026-08-24 08:26:18
8824,8,24.6,228.3,24.7,9.88,0,2026-08-24 08:34:18
8825,14,22.4,191.3,25.2,9.9,0,2026-08-24 08:42:18
8826,10,28.2,248.8,23.9,10.6,0,2026-08-24 08:50:18
8827,39,28.5,282.2,24.4,11.49,0,2026-08-24 08:58:18
8828,42,26.4,244.3,25.5,11.41,0,2026-08-24 09:06:18
8829,14,31.6,283.4,23.0,13.07,0,2026-08-24 09:14:18
8830,4,30.8,285.6,25.6,11.9,0,2026-08-24 09:22:18
8831,33,30.6,316.8,26.4,13.19,0,2026-08-24 09:30:18
8832,5,33.9,303.1,24.5,14.16,0,2026-08-24 09:38:18
8833,28,33.4,347.2,24.5,12.58,0,2026-08-24 09:46:18
8834,45,32.9,388.2,25.4,12.97,0,2026-08-24 09:54:18
8835,19,37.8,378.6,25.9,15.98,0,2026-08-24 10:02:18
8836,25,33.5,382.3,25.1,13.23,0,2026-08-24 10:10:18
8837,20,35.7,394.0,26.4,14.86,0,2026-08-24 10:18:18
8838,9,39.3,409.3,24.4,15.37,0,2026-08-24 10:26:18
8839,10,39.3,378.2,27.3,14.96,0,2026-08-24 10:34:18
8840,11,38.5,331.9,26.5,15.26,0,2026-08-24 10:42:18
8841,7,42.0,427.1,27.8,16.16,0,2026-08-24 10:50:18
8842,16,41.2,460.9,25.0,16.74,0,2026-08-24 10:58:18
8843,43,41.6,399.5,24.9,16.66,0,2026-08-24 11:06:18
8844,7,45.7,409.8,25.8,18.39,0,2026-08-24 11:14:18
8845,45,44.7,360.5,26.2,18.41,0,2026-08-24 11:22:18
8846,49,46.9,405.2,26.2,18.15,0,2026-08-24 11:30:18
8847,25,46.4,474.4,27.9,18.7,0,2026-08-24 11:38:18
8848,27,45.7,423.3,25.5,17.28,0,2026-08-24 11:46:18
8849,29,48.2,530.7,25.2,18.98,0,2026-08-24 11:54:18
8850,45,52.7,528.8,28.5,20.96,0,2026-08-24 12:02:18
8851,11,51.0,586.7,29.3,20.78,0,2026-08-24 12:10:18
8852,36,52.9,574.9,27.8,21.73,0,2026-08-24 12:18:18
8853,16,52.6,462.6,27.0,21.27,0,2026-08-24 12:26:18
8854,22,53.9,637.3,29.4,21.13,0,2026-08-24 12:34:18
8855,31,55.8,549.2,30.1,23.26,0,2026-08-24 12:42:18
8856,40,56.6,531.3,26.9,23.63,0,2026-08-24 12:50:18
8857,36,56.1,657.0,29.8,21.88,0,2026-08-24 12:58:18
8858,25,59.3,477.7,27.2,22.9,0,2026-08-24 13:06:18
8859,4,56.6,561.6,28.9,22.32,0,2026-08-24 13:14:18
8860,13,57.0,521.6,29.4,22.77,0,2026-08-24 13:22:18
8861,32,58.3,601.5,28.3,23.92,0,2026-08-24 13:30:18
8862,35,60.7,548.7,27.3,23.33,0,2026-08-24 13:38:18
8863,29,62.6,678.1,29.5,25.1,0,2026-08-24 13:46:18
8864,21,61.7,583.2,29.9,24.43,0,2026-08-24 13:54:18
8865,5,65.5,686.3,31.1,25.58,0,2026-08-24 14:02:18
8866,32,67.5,770.5,30.2,27.09,0,2026-08-24 14:10:18
8867,18,64.1,655.7,31.1,24.89,0,2026-08-24 14:18:18
8868,37,66.1,676.2,29.5,25.98,0,2026-08-24 14:26:18
8869,15,68.3,750.1,31.3,27.88,0,2026-08-24 14:34:18
8870,25,68.8,577.9,30.1,28.33,0,2026-08-24 14:42:18
8871,18,73.2,767.1,30.3,29.85,0,2026-08-24 14:50:18
8872,50,71.4,653.9,32.4,29.15,0,2026-08-24 14:58:18
8873,29,72.1,749.6,30.5,28.5,0,2026-08-24 15:06:18
8874,36,74.6,707.6,32.8,29.0,0,2026-08-24 15:14:18
8875,45,77.6,713.6,32.1,30.42,0,2026-08-24 15:22:18
8876,44,76.2,794.6,32.7,30.93,0,2026-08-24 15:30:18
8877,33,79.1,856.1,30.6,32.13,0,2026-08-24 15:38:18
8878,34,78.9,809.5,33.4,30.81,0,2026-08-24 15:46:18
8879,1,81.6,925.6,32.1,33.15,0,2026-08-24 15:54:18
8880,21,80.5,867.7,33.8,31.37,0,2026-08-24 16:02:18
8881,7,81.4,830.1,30.6,32.45,0,2026-08-24 16:10:18
8882,6,81.7,892.1,30.5,32.05,0,2026-08-24 16:18:18
8883,32,82.6,906.1,31.4,32.08,0,2026-08-24 16:26:18
8884,11,81.2,726.2,33.7,33.05,0,2026-08-24 16:34:18
8885,30,82.0,779.5,30.9,33.19,0,2026-08-24 16:42:18
8886,49,84.4,868.0,31.5,33.56,0,2026-08-24 16:50:18
8887,14,88.8,847.7,31.5,36.28,1,2026-08-24 16:58:18
8888,29,86.3,947.8,32.2,33.65,1,2026-08-24 17:06:18
8889,1,90.0,938.5,35.4,35.84,1,2026-08-24 17:14:18
8890,5,92.3,998.8,35.7,36.85,1,2026-08-24 17:22:18
8891,30,91.6,773.4,34.2,37.57,1,2026-08-24 17:30:18
8892,31,91.0,1044.6,35.1,36.33,1,2026-08-24 17:38:18
8893,32,93.7,897.8,34.2,36.94,1,2026-08-24 17:46:18
8894,10,91.7,953.0,32.1,36.06,1,2026-08-24 17:54:18
8895,9,94.7,1088.1,33.5,38.54,1,2026-08-24 18:02:18
8896,49,95.4,845.4,34.5,38.9,1,2026-08-24 18:10:18
8897,2,96.6,854.0,33.2,38.16,1,2026-08-24 18:18:18
8898,25,96.5,1133.4,34.4,37.86,1,2026-08-24 18:26:18
8899,9,100.0,888.2,33.7,39.93,1,2026-08-24 18:34:18
8900,34,5.0,57.1,21.6,1.48,0,2026-08-24 18:42:18
8901,19,5.0,41.7,18.8,2.19,0,2026-08-24 18:50:18
8902,31,5.0,50.2,22.5,2.38,0,2026-08-24 18:58:18
8903,26,5.0,41.8,19.0,1.67,0,2026-08-24 19:06:18
8904,38,5.0,51.3,20.3,2.01,0,2026-08-24 19:14:18
8905,39,7.9,66.6,21.6,2.22,0,2026-08-24 19:22:18
8906,49,8.4,92.4,20.0,2.5,0,2026-08-24 19:30:18
8907,21,5.0,54.8,22.6,1.87,0,2026-08-24 19:38:18
8908,46,6.3,73.1,19.4,2.41,0,2026-08-24 19:46:18
8909,39,8.2,88.5,20.8,3.35,0,2026-08-24 19:54:18
8910,48,10.2,106.5,23.5,3.9,0,2026-08-24 20:02:18
8911,20,8.1,66.9,20.0,2.98,0,2026-08-24 20:10:18
8912,5,11.3,126.5,21.6,4.03,0,2026-08-24 20:18:18
8913,13,15.5,157.5,23.0,6.96,0,2026-08-24 20:26:18
8914,23,13.8,138.7,24.0,5.18,0,2026-08-24 20:34:18
8915,34,16.5,174.7,22.5,6.5,0,2026-08-24 20:42:18
8916,44,13.2,147.6,22.5,6.01,0,2026-08-24 20:50:18
8917,7,17.7,178.3,20.7,7.0,0,2026-08-24 20:58:18
8918,49,15.7,143.3,21.4,5.96,0,2026-08-24 21:06:18
8919,34,16.9,166.1,21.8,7.5,0,2026-08-24 21:14:18
8920,15,20.9,208.1,24.6,7.72,0,2026-08-24 21:22:18
8921,4,23.0,223.1,25.2,9.25,0,2026-08-24 21:30:18
8922,29,22.4,187.8,23.8,8.15,0,2026-08-24 21:38:18
8923,25,23.4,227.5,24.0,9.63,0,2026-08-24 21:46:18
8924,11,24.0,236.2,25.1,9.1,0,2026-08-24 21:54:18
8925,12,27.9,245.4,23.0,10.49,0,2026-08-24 22:02:18
8926,26,23.9,255.5,22.8,10.44,0,2026-08-24 22:10:18
8927,18,26.2,244.6,22.7,10.9,0,2026-08-24 22:18:18
8928,35,30.0,297.3,25.1,12.7,0,2026-08-24 22:26:18
8929,44,31.9,376.7,23.1,13.33,0,2026-08-24 22:34:18
8930,48,28.3,232.2,24.4,10.36,0,2026-08-24 22:42:18
8931,8,31.4,321.1,24.5,11.81,0,2026-08-24 22:50:18
8932,48,33.7,339.6,25.8,13.68,0,2026-08-24 22:58:18
8933,27,32.4,343.2,23.4,12.02,0,2026-08-24 23:06:18
8934,12,36.9,330.7,25.5,15.35,0,2026-08-24 23:14:18
8935,9,36.3,384.5,24.9,14.41,0,2026-08-24 23:22:18
8936,11,38.2,341.8,26.4,15.34,0,2026-08-24 23:30:18
8937,24,34.8,354.9,23.4,13.82,0,2026-08-24 23:38:18
8938,17,40.5,458.7,26.3,16.78,0,2026-08-24 23:46:18
8939,38,38.6,310.0,25.1,14.45,0,2026-08-24 23:54:18
8940,4,39.5,352.6,26.0,14.92,0,2026-08-25 00:02:18
8941,20,41.6,454.7,26.4,16.16,0,2026-08-25 00:10:18
8942,15,42.6,439.4,24.9,17.27,0,2026-08-25 00:18:18
8943,7,42.6,505.7,26.9,17.35,0,2026-08-25 00:26:18
8944,28,46.3,498.5,26.0,18.56,0,2026-08-25 00:34:18
8945,15,47.3,524.2,27.7,19.43,0,2026-08-25 00:42:18
8946,11,48.8,565.6,27.5,20.51,0,2026-08-25 00:50:18
8947,3,45.7,441.6,27.0,17.28,0,2026-08-25 00:58:18
8948,45,46.7,516.0,25.1,18.1,0,2026-08-25 01:06:18
8949,21,51.8,571.8,29.2,20.65,0,2026-08-25 01:14:18
8950,50,51.7,441.3,25.8,19.89,0,2026-08-25 01:22:18
8951,49,52.0,528.5,29.7,20.66,0,2026-08-25 01:30:18
8952,45,50.6,479.2,28.5,21.18,0,2026-08-25 01:38:18
8953,38,51.3,601.8,28.6,21.1,0,2026-08-25 01:46:18
8954,13,53.9,619.8,26.8,22.48,0,2026-08-25 01:54:18
8955,47,53.9,534.4,29.9,22.09,0,2026-08-25 02:02:18
8956,22,56.5,551.9,29.2,21.76,0,2026-08-25 02:10:18
8957,13,59.7,543.4,27.6,24.7,0,2026-08-25 02:18:18
8958,27,58.8,551.8,29.8,24.25,0,2026-08-25 02:26:18
8959,41,61.3,637.5,30.7,24.93,0,2026-08-25 02:34:18
8960,45,61.7,693.8,29.0,23.95,0,2026-08-25 02:42:18
8961,23,63.8,552.4,29.1,25.77,0,2026-08-25 02:50:18
8962,11,61.2,503.6,30.0,24.11,0,2026-08-25 02:58:18
8963,4,63.6,547.1,30.0,26.15,0,2026-08-25 03:06:18
8964,14,65.6,660.5,30.3,26.38,0,2026-08-25 03:14:18
8965,19,63.5,696.5,28.9,25.12,0,2026-08-25 03:22:18
8966,15,64.1,611.9,29.3,24.68,0,2026-08-25 03:30:18
8967,39,69.5,622.9,29.7,28.59,0,2026-08-25 03:38:18
8968,49,69.0,643.3,29.0,27.41,0,2026-08-25 03:46:18
8969,45,67.3,690.6,30.6,26.78,0,2026-08-25 03:54:18
8970,12,70.1,613.4,31.9,28.99,0,2026-08-25 04:02:18
8971,25,68.5,726.5,31.0,27.58,0,2026-08-25 04:10:18
8972,17,74.2,810.6,30.2,29.71,0,2026-08-25 04:18:18
8973,20,72.9,756.9,29.0,29.27,0,2026-08-25 04:26:18
8974,23,72.3,732.2,31.3,29.43,0,2026-08-25 04:34:18
8975,18,75.2,738.2,33.2,30.7,0,2026-08-25 04:42:18
8976,39,74.4,866.9,29.7,30.47,0,2026-08-25 04:50:18
8977,48,74.3,844.9,31.6,28.9,0,2026-08-25 04:58:18
8978,23,76.0,817.8,31.0,29.81,0,2026-08-25 05:06:18
8979,36,76.7,695.1,32.3,29.84,0,2026-08-25 05:14:18
8980,45,78.4,688.7,29.9,30.91,0,2026-08-25 05:22:18
8981,34,83.6,940.7,31.6,33.96,0,2026-08-25 05:30:18
8982,33,84.6,754.5,31.0,34.51,0,2026-08-25 05:38:18
8983,42,82.7,916.9,34.3,32.24,0,2026-08-25 05:46:18
8984,43,84.8,835.2,31.5,33.32,0,2026-08-25 05:54:18
8985,48,87.2,782.5,33.3,34.29,1,2026-08-25 06:02:18
8986,44,85.5,820.0,32.9,33.51,1,2026-08-25 06:10:18
8987,44,85.3,916.9,34.4,33.95,1,2026-08-25 06:18:18
8988,43,88.5,715.1,34.8,35.16,1,2026-08-25 06:26:18
8989,18,88.4,1047.5,34.4,35.66,1,2026-08-25 06:34:18
8990,11,88.1,936.2,31.4,34.61,1,2026-08-25 06:42:18
8991,48,90.9,1046.0,33.7,36.67,1,2026-08-25 06:50:18
8992,7,92.6,988.2,34.9,36.09,1,2026-08-25 06:58:18
8993,25,91.9,1039.7,34.4,37.75,1,2026-08-25 07:06:18
8994,40,91.6,876.7,35.7,37.58,1,2026-08-25 07:14:18
8995,12,95.8,1110.6,35.1,38.87,1,2026-08-25 07:22:18
8996,24,98.5,795.1,35.4,39.64,1,2026-08-25 07:30:18
8997,45,94.6,975.0,34.0,37.93,1,2026-08-25 07:38:18
8998,32,100.0,1094.2,36.8,40.41,1,2026-08-25 07:46:18
8999,28,98.9,1085.8,34.9,40.44,1,2026-08-25 07:54:18
9000,12,5.0,58.7,22.0,2.66,0,2026-08-25 08:02:18
9001,17,5.0,45.9,20.4,2.69,0,2026-08-25 08:10:18
9002,38,5.0,43.4,20.9,2.88,0,2026-08-25 08:18:18
9003,42,5.0,45.6,19.8,2.86,0,2026-08-25 08:26:18
9004,14,5.0,56.6,21.6,2.77,0,2026-08-25 08:34:18
9005,31,6.1,72.4,20.3,2.96,0,2026-08-25 08:42:18
9006,8,6.7,59.2,22.1,1.8,0,2026-08-25 08:50:18
9007,42,7.5,65.3,21.1,2.69,0,2026-08-25 08:58:18
9008,7,5.9,56.1,22.7,1.77,0,2026-08-25 09:06:18
9009,11,7.1,61.8,20.8,1.85,0,2026-08-25 09:14:18
9010,3,11.9,128.3,21.0,5.19,0,2026-08-25 09:22:18
9011,7,10.0,96.8,20.0,3.75,0,2026-08-25 09:30:18
9012,20,11.2,105.7,23.1,4.72,0,2026-08-25 09:38:18
9013,11,12.2,114.8,22.8,5.27,0,2026-08-25 09:46:18
9014,44,14.1,152.5,21.9,4.77,0,2026-08-25 09:54:18
9015,44,14.3,149.5,21.3,4.84,0,2026-08-25 10:02:18
9016,50,16.0,146.2,21.9,6.67,0,2026-08-25 10:10:18
9017,29,16.6,185.6,21.6,7.28,0,2026-08-25 10:18:18
9018,39,17.5,170.4,22.5,6.72,0,2026-08-25 10:26:18
9019,44,21.9,229.7,25.0,8.72,0,2026-08-25 10:34:18
9020,50,18.4,192.1,21.5,7.19,0,2026-08-25 10:42:18
9021,44,18.1,174.2,22.2,7.05,0,2026-08-25 10:50:18
9022,38,24.3,214.6,23.1,10.46,0,2026-08-25 10:58:18
9023,20,25.3,301.2,24.9,9.29,0,2026-08-25 11:06:18
9024,14,21.3,201.0,23.3,8.99,0,2026-08-25 11:14:18
9025,35,26.3,303.2,25.4,9.81,0,2026-08-25 11:22:18
9026,43,24.5,265.2,25.3,10.57,0,2026-08-25 11:30:18
9027,18,27.2,262.0,25.6,10.43,0,2026-08-25 11:38:18
9028,2,28.2,235.1,24.2,12.03,0,2026-08-25 11:46:18
9029,20,29.4,314.4,22.7,12.67,0,2026-08-25 11:54:18
9030,10,28.6,324.3,22.3,11.63,0,2026-08-25 12:02:18
9031,49,33.7,366.3,23.7,14.28,0,2026-08-25 12:10:18
9032,35,32.7,318.8,23.9,12.96,0,2026-08-25 12:18:18
9033,5,33.3,348.3,24.1,12.84,0,2026-08-25 12:26:18
9034,21,32.5,336.8,24.3,13.86,0,2026-08-25 12:34:18
9035,34,36.2,317.2,27.2,13.78,0,2026-08-25 12:42:18
9036,4,35.7,308.0,23.8,14.55,0,2026-08-25 12:50:18
9037,47,34.0,300.9,26.5,14.24,0,2026-08-25 12:58:18
9038,26,35.9,290.9,24.4,13.62,0,2026-08-25 13:06:18
9039,27,36.8,371.2,27.0,14.6,0,2026-08-25 13:14:18
9040,44,39.7,365.0,27.1,15.41,0,2026-08-25 13:22:18
9041,45,40.0,451.3,27.0,16.01,0,2026-08-25 13:30:18
9042,4,43.7,442.3,26.8,16.93,0,2026-08-25 13:38:18
9043,34,44.0,391.8,26.2,16.95,0,2026-08-25 13:46:18
9044,34,45.7,410.7,25.2,18.09,0,2026-08-25 13:54:18
9045,9,46.3,443.5,25.0,19.31,0,2026-08-25 14:02:18
9046,42,44.2,393.2,26.8,17.07,0,2026-08-25 14:10:18
9047,19,44.5,394.5,27.9,17.29,0,2026-08-25 14:18:18
9048,22,47.5,553.2,28.0,20.0,0,2026-08-25 14:26:18
9049,18,49.7,440.0,29.3,20.45,0,2026-08-25 14:34:18
9050,9,49.6,462.6,29.1,20.76,0,2026-08-25 14:42:18
9051,50,53.2,510.6,26.2,21.19,0,2026-08-25 14:50:18
9052,20,54.7,539.5,29.4,20.92,0,2026-08-25 14:58:18
9053,40,52.5,511.4,28.7,20.58,0,2026-08-25 15:06:18
9054,8,55.6,496.6,29.6,21.73,0,2026-08-25 15:14:18
9055,14,54.5,489.9,26.9,22.62,0,2026-08-25 15:22:18
9056,12,55.8,531.7,27.6,23.32,0,2026-08-25 15:30:18
9057,15,58.6,565.4,29.5,23.45,0,2026-08-25 15:38:18
9058,43,56.5,514.4,27.4,23.09,0,2026-08-25 15:46:18
9059,23,57.2,574.2,27.2,22.2,0,2026-08-25 15:54:18
9060,28,60.1,663.4,28.0,23.25,0,2026-08-25 16:02:18
9061,41,63.2,704.7,31.0,25.91,0,2026-08-25 16:10:18
9062,19,65.0,680.4,28.7,26.34,0,2026-08-25 16:18:18
9063,45,62.4,736.6,28.7,25.29,0,2026-08-25 16:26:18
9064,16,63.0,650.5,28.9,24.51,0,2026-08-25 16:34:18
9065,13,64.0,600.4,29.4,24.97,0,2026-08-25 16:42:18
9066,12,65.4,757.6,29.5,26.15,0,2026-08-25 16:50:18
9067,44,64.8,539.9,31.1,25.59,0,2026-08-25 16:58:18
9068,29,69.4,658.4,29.3,28.4,0,2026-08-25 17:06:18
9069,30,70.0,686.0,32.4,27.33,0,2026-08-25 17:14:18
9070,19,69.0,687.5,32.2,26.99,0,2026-08-25 17:22:18
9071,4,73.3,803.0,32.1,29.19,0,2026-08-25 17:30:18
9072,1,70.7,717.3,28.8,28.99,0,2026-08-25 17:38:18
9073,7,73.6,593.5,31.7,29.9,0,2026-08-25 17:46:18
9074,31,77.0,786.2,33.5,31.72,0,2026-08-25 17:54:18
9075,24,77.8,622.9,30.4,31.0,0,2026-08-25 18:02:18
9076,31,73.7,794.9,30.6,30.43,0,2026-08-25 18:10:18
9077,22,78.7,640.6,30.2,31.4,0,2026-08-25 18:18:18
9078,35,80.8,724.2,30.2,32.44,0,2026-08-25 18:26:18
9079,33,78.3,848.3,31.3,32.31,0,2026-08-25 18:34:18
9080,28,81.4,954.6,30.6,33.13,0,2026-08-25 18:42:18
9081,24,78.5,838.1,33.5,31.54,0,2026-08-25 18:50:18
9082,42,83.5,740.7,31.9,33.29,0,2026-08-25 18:58:18
9083,32,81.9,950.4,32.8,32.95,0,2026-08-25 19:06:18
9084,44,82.2,942.0,32.8,32.8,0,2026-08-25 19:14:18
9085,48,85.0,831.0,31.6,34.99,1,2026-08-25 19:22:18
9086,13,87.3,731.3,31.9,34.47,1,2026-08-25 19:30:18
9087,48,85.6,800.3,34.4,35.1,1,2026-08-25 19:38:18
9088,32,88.0,947.8,34.6,34.79,1,2026-08-25 19:46:18
9089,5,87.4,1023.4,33.7,35.61,1,2026-08-25 19:54:18
9090,6,91.0,955.7,31.9,36.47,1,2026-08-25 20:02:18
9091,19,93.6,938.5,34.4,37.06,1,2026-08-25 20:10:18
9092,33,90.8,1054.9,33.2,36.02,1,2026-08-25 20:18:18
9093,2,95.0,815.9,35.5,38.86,1,2026-08-25 20:26:18
9094,30,92.6,1001.9,34.9,37.31,1,2026-08-25 20:34:18
9095,18,96.4,828.0,33.8,37.77,1,2026-08-25 20:42:18
9096,12,98.8,816.6,36.3,39.18,1,2026-08-25 20:50:18
9097,9,96.5,920.8,33.1,38.78,1,2026-08-25 20:58:18
9098,4,97.4,871.5,36.6,39.91,1,2026-08-25 21:06:18
9099,3,96.1,872.2,33.3,38.75,1,2026-08-25 21:14:18
9100,50,5.0,51.1,19.8,2.61,0,2026-08-25 21:22:18
9101,16,5.0,52.9,20.3,1.27,0,2026-08-25 21:30:18
9102,47,5.0,42.1,21.8,1.17,0,2026-08-25 21:38:18
9103,18,5.0,49.2,20.8,2.8,0,2026-08-25 21:46:18
9104,40,5.0,54.1,21.0,2.13,0,2026-08-25 21:54:18
9105,10,5.0,44.6,21.1,1.74,0,2026-08-25 22:02:18
9106,10,8.6,78.7,21.4,4.32,0,2026-08-25 22:10:18
9107,24,5.1,46.8,20.4,1.35,0,2026-08-25 22:18:18
9108,17,7.8,70.3,21.9,3.34,0,2026-08-25 22:26:18
9109,7,6.7,69.3,19.1,1.82,0,2026-08-25 22:34:18
9110,28,9.5,114.0,22.9,3.44,0,2026-08-25 22:42:18
9111,1,10.7,113.7,21.8,5.13,0,2026-08-25 22:50:18
9112,35,10.4,89.2,21.8,3.2,0,2026-08-25 22:58:18
9113,48,13.7,136.9,20.8,5.0,0,2026-08-25 23:06:18
9114,12,16.8,164.8,23.5,6.21,0,2026-08-25 23:14:18
9115,42,13.4,153.1,23.7,4.8,0,2026-08-25 23:22:18
9116,50,16.7,174.2,24.2,5.79,0,2026-08-25 23:30:18
9117,50,16.3,166.0,21.4,5.81,0,2026-08-25 23:38:18
9118,36,16.6,188.7,21.0,6.75,0,2026-08-25 23:46:18
9119,9,21.7,230.7,22.7,8.44,0,2026-08-25 23:54:18
9120,23,21.4,208.1,23.5,8.63,0,2026-08-26 00:02:18
9121,7,22.0,260.9,23.5,8.76,0,2026-08-26 00:10:18
9122,18,22.3,207.2,21.7,9.26,0,2026-08-26 00:18:18
9123,23,22.2,235.7,22.8,8.12,0,2026-08-26 00:26:18
9124,24,23.7,250.8,25.2,9.86,0,2026-08-26 00:34:18
9125,22,26.9,302.0,25.8,11.18,0,2026-08-26 00:42:18
9126,47,27.1,267.4,22.2,10.67,0,2026-08-26 00:50:18
9127,36,28.8,271.9,26.1,12.21,0,2026-08-26 00:58:18
9128,21,29.2,295.8,22.7,10.88,0,2026-08-26 01:06:18
9129,49,31.8,305.6,26.0,12.97,0,2026-08-26 01:14:18
9130,45,31.1,355.6,24.7,12.56,0,2026-08-26 01:22:18
9131,12,31.5,305.3,25.0,13.03,0,2026-08-26 01:30:18
9132,24,31.5,341.4,26.4,12.48,0,2026-08-26 01:38:18
9133,29,35.7,286.6,25.8,14.58,0,2026-08-26 01:46:18
9134,16,36.7,352.4,23.8,15.12,0,2026-08-26 01:54:18
9135,46,36.8,311.7,26.3,14.41,0,2026-08-26 02:02:18
9136,21,35.5,399.3,26.1,14.35,0,2026-08-26 02:10:18
9137,17,34.2,319.9,24.7,13.8,0,2026-08-26 02:18:18
9138,25,40.4,343.3,26.0,15.85,0,2026-08-26 02:26:18
9139,47,41.8,371.8,25.5,17.07,0,2026-08-26 02:34:18
9140,45,38.2,366.9,25.5,15.89,0,2026-08-26 02:42:18
9141,37,41.3,340.4,28.2,16.78,0,2026-08-26 02:50:18
9142,37,44.0,503.9,28.2,16.62,0,2026-08-26 02:58:18
9143,36,45.7,485.3,25.0,17.73,0,2026-08-26 03:06:18
9144,50,44.2,396.4,27.4,16.96,0,2026-08-26 03:14:18
9145,47,44.5,408.8,27.9,16.96,0,2026-08-26 03:22:18
9146,15,48.9,567.1,29.2,19.38,0,2026-08-26 03:30:18
9147,26,45.6,525.8,28.8,19.06,0,2026-08-26 03:38:18
9148,3,50.3,489.9,28.4,20.78,0,2026-08-26 03:46:18
9149,41,47.4,494.5,25.8,19.8,0,2026-08-26 03:54:18
9150,35,47.8,515.3,28.3,19.83,0,2026-08-26 04:02:18
9151,23,51.0,528.2,28.7,21.33,0,2026-08-26 04:10:18
9152,40,53.9,532.9,29.8,21.03,0,2026-08-26 04:18:18
9153,41,54.5,615.9,26.9,22.63,0,2026-08-26 04:26:18
9154,18,52.8,564.4,27.6,20.68,0,2026-08-26 04:34:18
9155,6,56.1,548.2,27.4,21.94,0,2026-08-26 04:42:18
9156,10,55.1,611.1,30.0,21.7,0,2026-08-26 04:50:18
9157,31,57.7,508.9,29.5,23.07,0,2026-08-26 04:58:18
9158,13,59.5,653.9,30.3,24.1,0,2026-08-26 05:06:18
9159,39,57.2,523.4,30.4,23.57,0,2026-08-26 05:14:18
9160,8,58.2,554.9,29.7,24.05,0,2026-08-26 05:22:18
9161,10,58.1,559.9,28.7,23.57,0,2026-08-26 05:30:18
9162,22,59.9,510.0,30.7,23.45,0,2026-08-26 05:38:18
9163,19,61.2,508.2,28.8,23.51,0,2026-08-26 05:46:18
9164,23,66.2,564.4,28.2,27.13,0,2026-08-26 05:54:18
9165,15,67.3,680.6,29.7,27.2,0,2026-08-26 06:02:18
9166,25,65.1,758.1,31.1,26.46,0,2026-08-26 06:10:18
9167,50,65.9,673.2,30.5,27.09,0,2026-08-26 06:18:18
9168,36,66.0,583.2,30.5,26.39,0,2026-08-26 06:26:18
9169,32,68.7,685.7,28.6,28.13,0,2026-08-26 06:34:18
9170,47,67.6,619.0,30.3,27.52,0,2026-08-26 06:42:18
9171,31,69.1,564.9,30.6,26.65,0,2026-08-26 06:50:18
9172,24,70.9,834.8,30.5,28.73,0,2026-08-26 06:58:18
9173,16,71.8,847.2,29.4,27.78,0,2026-08-26 07:06:18
9174,3,75.1,779.2,30.1,30.44,0,2026-08-26 07:14:18
9175,49,74.6,615.9,29.9,29.65,0,2026-08-26 07:22:18
9176,36,79.0,747.6,31.2,31.59,0,2026-08-26 07:30:18
9177,33,79.9,719.7,30.0,31.11,0,2026-08-26 07:38:18
9178,2,78.3,709.9,30.3,32.32,0,2026-08-26 07:46:18
9179,17,77.4,636.1,30.1,31.03,0,2026-08-26 07:54:18
9180,13,79.0,835.8,31.3,31.02,0,2026-08-26 08:02:18
9181,45,80.6,704.5,31.7,32.58,0,2026-08-26 08:10:18
9182,47,81.8,807.5,30.3,32.44,0,2026-08-26 08:18:18
9183,27,84.3,1008.2,33.6,33.34,0,2026-08-26 08:26:18
9184,27,86.4,958.0,33.8,35.35,1,2026-08-26 08:34:18
9185,32,85.9,943.6,32.8,34.33,1,2026-08-26 08:42:18
9186,32,87.3,700.3,33.4,33.93,1,2026-08-26 08:50:18
9187,9,86.3,773.7,31.5,35.12,1,2026-08-26 08:58:18
9188,27,88.9,853.2,31.6,35.47,1,2026-08-26 09:06:18
9189,14,89.2,861.9,31.6,35.52,1,2026-08-26 09:14:18
9190,35,91.9,836.8,32.9,36.17,1,2026-08-26 09:22:18
9191,31,92.8,995.6,34.8,36.97,1,2026-08-26 09:30:18
9192,17,94.3,1123.0,34.6,37.23,1,2026-08-26 09:38:18
9193,13,95.8,890.8,32.4,37.94,1,2026-08-26 09:46:18
9194,16,96.8,994.5,33.5,39.66,1,2026-08-26 09:54:18
9195,45,93.9,894.5,32.4,36.59,1,2026-08-26 10:02:18
9196,28,98.5,1101.8,35.4,40.16,1,2026-08-26 10:10:18
9197,50,96.5,913.6,36.3,38.51,1,2026-08-26 10:18:18
9198,17,95.7,945.7,32.8,38.2,1,2026-08-26 10:26:18
9199,46,99.4,912.4,35.4,39.36,1,2026-08-26 10:34:18
9200,48,5.0,44.1,22.2,2.22,0,2026-08-26 10:42:18
9201,12,5.0,51.2,19.1,2.69,0,2026-08-26 10:50:18
9202,33,5.0,53.2,19.3,2.78,0,2026-08-26 10:58:18
9203,40,5.0,45.1,20.9,1.31,0,2026-08-26 11:06:18
9204,36,5.0,43.1,20.6,1.19,0,2026-08-26 11:14:18
9205,46,5.0,55.6,21.7,1.26,0,2026-08-26 11:22:18
9206,50,5.0,44.1,21.8,3.0,0,2026-08-26 11:30:18
9207,40,6.4,76.1,19.0,2.45,0,2026-08-26 11:38:18
9208,30,7.4,64.4,21.8,3.81,0,2026-08-26 11:46:18
9209,6,8.9,101.6,21.4,3.43,0,2026-08-26 11:54:18
9210,32,9.5,96.3,21.2,4.09,0,2026-08-26 12:02:18
9211,9,10.4,101.0,21.5,4.05,0,2026-08-26 12:10:18
9212,50,9.8,86.5,21.3,3.96,0,2026-08-26 12:18:18
9213,29,15.3,157.4,22.5,5.94,0,2026-08-26 12:26:18
9214,10,16.4,145.0,21.1,5.98,0,2026-08-26 12:34:18
9215,5,14.7,158.9,22.7,5.89,0,2026-08-26 12:42:18
9216,33,16.6,176.3,21.4,7.42,0,2026-08-26 12:50:18
9217,16,14.4,122.9,24.0,6.23,0,2026-08-26 12:58:18
9218,29,16.6,170.5,22.6,7.15,0,2026-08-26 13:06:18
9219,34,19.8,237.5,24.1,8.58,0,2026-08-26 13:14:18
9220,40,18.0,188.8,24.0,7.2,0,2026-08-26 13:22:18
9221,35,23.9,269.3,25.1,9.45,0,2026-08-26 13:30:18
9222,31,23.4,270.7,23.6,9.66,0,2026-08-26 13:38:18
9223,8,21.0,190.5,22.7,8.15,0,2026-08-26 13:46:18
9224,42,24.2,248.8,22.8,10.39,0,2026-08-26 13:54:18
9225,10,24.9,276.1,25.7,10.4,0,2026-08-26 14:02:18
9226,3,28.8,314.0,26.0,12.24,0,2026-08-26 14:10:18
9227,17,27.1,324.2,23.4,10.07,0,2026-08-26 14:18:18
9228,13,29.6,314.8,26.1,12.65,0,2026-08-26 14:26:18
9229,36,29.0,259.9,22.8,12.45,0,2026-08-26 14:34:18
9230,40,27.5,300.7,25.4,11.8,0,2026-08-26 14:42:18
9231,9,32.9,291.8,26.2,12.26,0,2026-08-26 14:50:18
9232,4,29.8,356.7,26.3,11.45,0,2026-08-26 14:58:18
9233,47,32.0,356.0,23.1,12.81,0,2026-08-26 15:06:18
9234,12,35.6,377.6,27.0,15.21,0,2026-08-26 15:14:18
9235,15,37.1,388.2,25.6,14.59,0,2026-08-26 15:22:18
9236,3,37.9,430.5,26.3,15.67,0,2026-08-26 15:30:18
9237,21,35.6,296.9,26.2,14.68,0,2026-08-26 15:38:18
9238,32,40.7,419.4,27.5,15.41,0,2026-08-26 15:46:18
9239,45,37.9,351.2,27.1,14.52,0,2026-08-26 15:54:18
9240,19,37.9,313.0,23.7,14.39,0,2026-08-26 16:02:18
9241,26,38.9,368.3,27.6,15.12,0,2026-08-26 16:10:18
9242,29,44.0,391.8,25.9,17.63,0,2026-08-26 16:18:18
9243,29,44.4,447.8,28.4,18.08,0,2026-08-26 16:26:18
9244,46,42.0,500.2,25.4,16.56,0,2026-08-26 16:34:18
9245,49,47.0,554.8,25.3,19.42,0,2026-08-26 16:42:18
9246,8,43.4,485.8,27.2,18.06,0,2026-08-26 16:50:18
9247,9,44.2,452.4,27.6,16.94,0,2026-08-26 16:58:18
9248,7,47.2,545.1,25.2,18.16,0,2026-08-26 17:06:18
9249,11,50.1,525.8,29.3,19.8,0,2026-08-26 17:14:18
9250,49,47.3,517.4,28.7,18.79,0,2026-08-26 17:22:18
9251,26,53.6,601.8,28.0,20.48,0,2026-08-26 17:30:18
9252,40,51.5,418.8,29.3,20.07,0,2026-08-26 17:38:18
9253,49,53.5,481.0,29.3,20.43,0,2026-08-26 17:46:18
9254,12,53.3,552.6,26.5,21.92,0,2026-08-26 17:54:18
9255,19,56.5,487.9,28.1,22.16,0,2026-08-26 18:02:18
9256,6,58.7,477.2,29.5,24.37,0,2026-08-26 18:10:18
9257,26,58.7,606.9,28.2,22.96,0,2026-08-26 18:18:18
9258,29,55.9,648.1,29.4,23.3,0,2026-08-26 18:26:18
9259,7,56.7,584.2,28.1,23.0,0,2026-08-26 18:34:18
9260,31,59.9,656.3,27.2,23.04,0,2026-08-26 18:42:18
9261,9,60.5,556.3,28.6,23.28,0,2026-08-26 18:50:18
9262,37,62.5,610.1,29.2,25.04,0,2026-08-26 18:58:18
9263,15,62.6,579.4,31.2,25.23,0,2026-08-26 19:06:18
9264,5,65.9,595.7,29.1,27.17,0,2026-08-26 19:14:18
9265,11,64.6,589.7,31.4,26.65,0,2026-08-26 19:22:18
9266,50,64.3,586.1,28.7,25.5,0,2026-08-26 19:30:18
9267,10,64.8,572.8,28.5,26.82,0,2026-08-26 19:38:18
9268,36,69.4,658.9,28.8,28.37,0,2026-08-26 19:46:18
9269,10,70.1,784.0,29.6,27.43,0,2026-08-26 19:54:18
9270,18,68.2,546.3,30.1,27.5,0,2026-08-26 20:02:18
9271,21,72.8,816.8,28.9,29.45,0,2026-08-26 20:10:18
9272,29,71.6,633.3,32.6,29.63,0,2026-08-26 20:18:18
9273,26,70.5,774.5,30.4,29.1,0,2026-08-26 20:26:18
9274,12,73.6,735.7,30.8,29.85,0,2026-08-26 20:34:18
9275,20,77.2,811.1,33.4,30.08,0,2026-08-26 20:42:18
9276,16,76.9,770.3,30.3,30.08,0,2026-08-26 20:50:18
9277,30,79.7,741.5,31.3,32.07,0,2026-08-26 20:58:18
9278,29,79.0,679.8,33.6,32.47,0,2026-08-26 21:06:18
9279,21,77.8,771.9,31.2,30.35,0,2026-08-26 21:14:18
9280,49,79.5,792.0,33.9,32.29,0,2026-08-26 21:22:18
9281,35,80.5,888.3,31.2,33.08,0,2026-08-26 21:30:18
9282,18,82.4,790.5,30.7,32.31,0,2026-08-26 21:38:18
9283,25,82.8,876.5,30.9,32.49,0,2026-08-26 21:46:18
9284,25,84.6,925.5,34.1,32.96,0,2026-08-26 21:54:18
9285,48,84.9,717.8,32.4,33.85,0,2026-08-26 22:02:18
9286,20,86.6,876.7,31.3,34.83,1,2026-08-26 22:10:18
9287,26,89.7,867.4,34.6,35.47,1,2026-08-26 22:18:18
9288,29,88.3,804.3,34.7,35.33,1,2026-08-26 22:26:18
9289,40,90.4,814.5,35.2,36.16,1,2026-08-26 22:34:18
9290,46,90.2,848.9,31.9,36.83,1,2026-08-26 22:42:18
9291,28,92.8,774.9,33.2,37.0,1,2026-08-26 22:50:18
9292,39,91.1,914.5,32.3,36.37,1,2026-08-26 22:58:18
9293,22,90.2,984.3,33.1,35.71,1,2026-08-26 23:06:18
9294,23,94.5,950.8,35.1,36.98,1,2026-08-26 23:14:18
9295,15,96.2,783.8,32.4,38.94,1,2026-08-26 23:22:18
9296,30,93.8,801.0,32.8,38.3,1,2026-08-26 23:30:18
9297,49,95.1,1115.7,32.5,38.25,1,2026-08-26 23:38:18
9298,30,97.2,1091.3,34.7,39.66,1,2026-08-26 23:46:18
9299,38,99.9,1136.1,37.0,39.22,1,2026-08-26 23:54:18
9300,46,5.0,41.8,22.2,1.7,0,2026-08-27 00:02:18
9301,42,5.0,58.2,18.8,2.23,0,2026-08-27 00:10:18
9302,32,5.0,40.1,18.8,2.84,0,2026-08-27 00:18:18
9303,12,5.2,61.0,18.9,1.96,0,2026-08-27 00:26:18
9304,11,6.9,77.9,20.9,3.7,0,2026-08-27 00:34:18
9305,46,6.4,55.8,19.3,3.29,0,2026-08-27 00:42:18
9306,50,5.8,59.8,21.8,1.62,0,2026-08-27 00:50:18
9307,49,5.4,63.3,21.5,1.4,0,2026-08-27 00:58:18
9308,20,10.3,89.6,21.0,4.64,0,2026-08-27 01:06:18
9309,6,8.2,87.8,20.4,3.11,0,2026-08-27 01:14:18
9310,28,9.1,86.7,22.7,4.21,0,2026-08-27 01:22:18
9311,30,11.6,139.2,22.5,4.31,0,2026-08-27 01:30:18
9312,38,12.2,139.0,23.2,4.45,0,2026-08-27 01:38:18
9313,7,14.1,136.9,21.5,5.85,0,2026-08-27 01:46:18
9314,9,15.4,129.2,24.0,6.16,0,2026-08-27 01:54:18
9315,48,12.6,115.3,20.5,5.66,0,2026-08-27 02:02:18
9316,34,13.5,140.6,21.7,5.24,0,2026-08-27 02:10:18
9317,3,19.7,163.1,21.6,7.47,0,2026-08-27 02:18:18
9318,46,17.9,180.7,21.3,6.3,0,2026-08-27 02:26:18
9319,43,17.0,195.8,21.8,7.52,0,2026-08-27 02:34:18
9320,12,21.9,198.3,23.7,8.44,0,2026-08-27 02:42:18
9321,28,22.2,227.8,23.6,8.39,0,2026-08-27 02:50:18
9322,5,21.1,177.2,21.2,8.22,0,2026-08-27 02:58:18
9323,22,25.7,253.8,25.5,10.75,0,2026-08-27 03:06:18
9324,9,22.5,190.5,22.6,9.52,0,2026-08-27 03:14:18
9325,17,24.3,278.9,23.7,9.07,0,2026-08-27 03:22:18
9326,47,24.0,253.7,22.4,9.25,0,2026-08-27 03:30:18
9327,15,26.9,229.4,24.5,10.09,0,2026-08-27 03:38:18
9328,35,26.3,257.7,24.1,11.5,0,2026-08-27 03:46:18
9329,43,28.4,296.6,25.2,10.73,0,2026-08-27 03:54:18
9330,23,28.9,342.9,25.6,12.49,0,2026-08-27 04:02:18
9331,35,30.9,316.7,22.7,12.41,0,2026-08-27 04:10:18
9332,6,30.3,359.4,26.5,11.94,0,2026-08-27 04:18:18
9333,8,32.8,320.5,23.1,12.2,0,2026-08-27 04:26:18
9334,4,33.7,393.4,26.9,14.15,0,2026-08-27 04:34:18
9335,35,33.1,347.6,24.3,12.83,0,2026-08-27 04:42:18
9336,37,37.7,312.7,27.1,15.03,0,2026-08-27 04:50:18
9337,47,38.7,460.8,25.1,14.69,0,2026-08-27 04:58:18
9338,2,37.3,384.9,25.2,14.39,0,2026-08-27 05:06:18
9339,6,39.0,317.7,27.5,15.73,0,2026-08-27 05:14:18
9340,49,41.7,479.4,27.8,17.09,0,2026-08-27 05:22:18
9341,30,40.5,418.9,24.3,16.66,0,2026-08-27 05:30:18
9342,38,39.1,378.3,25.3,15.0,0,2026-08-27 05:38:18
9343,22,42.4,459.5,28.2,17.22,0,2026-08-27 05:46:18
9344,2,44.2,432.0,27.6,17.92,0,2026-08-27 05:54:18
9345,34,46.3,524.4,25.1,18.31,0,2026-08-27 06:02:18
9346,19,47.4,444.7,27.0,19.76,0,2026-08-27 06:10:18
9347,42,47.5,445.0,28.0,18.01,0,2026-08-27 06:18:18
9348,33,48.3,511.2,27.3,19.95,0,2026-08-27 06:26:18
9349,40,51.5,445.4,26.9,21.27,0,2026-08-27 06:34:18
9350,37,51.8,454.8,26.8,20.0,0,2026-08-27 06:42:18
9351,31,53.3,638.5,27.4,20.41,0,2026-08-27 06:50:18
9352,4,53.0,461.0,29.8,20.56,0,2026-08-27 06:58:18
9353,33,52.7,535.6,26.4,20.92,0,2026-08-27 07:06:18
9354,6,53.1,532.4,28.0,20.31,0,2026-08-27 07:14:18
9355,35,55.2,573.3,29.4,22.41,0,2026-08-27 07:22:18
9356,21,56.5,568.6,30.2,22.22,0,2026-08-27 07:30:18
9357,45,54.1,453.2,27.7,20.79,0,2026-08-27 07:38:18
9358,8,60.2,678.2,27.5,23.95,0,2026-08-27 07:46:18
9359,42,56.1,606.8,28.8,23.03,0,2026-08-27 07:54:18
9360,4,60.3,633.8,27.8,24.36,0,2026-08-27 08:02:18
9361,18,63.3,715.4,29.3,24.58,0,2026-08-27 08:10:18
9362,12,59.7,521.4,29.3,24.29,0,2026-08-27 08:18:18
9363,32,61.0,703.1,28.7,23.92,0,2026-08-27 08:26:18
9364,21,66.7,611.5,28.7,27.66,0,2026-08-27 08:34:18
9365,5,66.0,626.3,28.9,25.87,0,2026-08-27 08:42:18
9366,14,65.3,570.5,31.0,25.46,0,2026-08-27 08:50:18
9367,44,64.1,748.5,31.4,24.86,0,2026-08-27 08:58:18
9368,9,66.8,730.9,30.9,25.74,0,2026-08-27 09:06:18
9369,47,70.5,745.5,31.5,28.77,0,2026-08-27 09:14:18
9370,9,71.0,569.5,30.1,27.43,0,2026-08-27 09:22:18
9371,46,73.8,619.2,30.3,28.64,0,2026-08-27 09:30:18
9372,30,74.7,893.1,31.0,30.23,0,2026-08-27 09:38:18
9373,50,71.4,659.3,32.0,29.32,0,2026-08-27 09:46:18
9374,12,71.5,755.2,29.5,29.12,0,2026-08-27 09:54:18
9375,33,72.3,625.8,31.5,28.78,0,2026-08-27 10:02:18
9376,49,74.4,772.4,30.5,30.16,0,2026-08-27 10:10:18
9377,12,79.6,656.3,31.7,30.84,0,2026-08-27 10:18:18
9378,1,77.8,644.1,32.9,31.14,0,2026-08-27 10:26:18
9379,23,81.1,710.4,34.1,33.0,0,2026-08-27 10:34:18
9380,2,81.2,934.6,32.0,31.89,0,2026-08-27 10:42:18
9381,19,78.9,936.1,31.2,31.06,0,2026-08-27 10:50:18
9382,45,80.7,661.9,33.4,32.94,0,2026-08-27 10:58:18
9383,9,83.4,906.0,33.9,33.62,0,2026-08-27 11:06:18
9384,2,81.9,749.0,31.5,33.4,0,2026-08-27 11:14:18
9385,25,85.5,1003.9,32.3,34.16,1,2026-08-27 11:22:18
9386,36,85.5,830.3,31.8,35.02,1,2026-08-27 11:30:18
9387,38,89.8,853.1,32.8,35.95,1,2026-08-27 11:38:18
9388,9,89.8,914.0,33.5,36.82,1,2026-08-27 11:46:18
9389,1,88.4,982.9,32.2,35.51,1,2026-08-27 11:54:18
9390,26,88.7,1015.7,35.1,36.39,1,2026-08-27 12:02:18
9391,45,93.6,1066.3,34.7,37.48,1,2026-08-27 12:10:18
9392,15,93.2,954.8,35.4,37.56,1,2026-08-27 12:18:18
9393,33,91.8,818.4,35.7,37.65,1,2026-08-27 12:26:18
9394,44,92.9,760.8,32.0,36.32,1,2026-08-27 12:34:18
9395,23,95.7,965.1,36.2,38.76,1,2026-08-27 12:42:18
9396,15,97.2,802.9,35.9,38.23,1,2026-08-27 12:50:18
9397,23,96.5,1052.9,32.8,37.79,1,2026-08-27 12:58:18
9398,31,95.8,828.8,36.2,37.85,1,2026-08-27 13:06:18
9399,16,100.0,1150.5,36.2,39.17,1,2026-08-27 13:14:18
9400,21,5.0,42.6,20.9,1.75,0,2026-08-27 13:22:18
9401,26,5.0,52.2,21.5,2.02,0,2026-08-27 13:30:18
9402,39,5.0,45.0,19.2,2.92,0,2026-08-27 13:38:18
9403,28,5.0,42.1,21.2,1.94,0,2026-08-27 13:46:18
9404,6,5.4,50.6,19.5,2.51,0,2026-08-27 13:54:18
9405,48,6.0,55.4,20.5,1.46,0,2026-08-27 14:02:18
9406,24,6.8,76.7,21.1,2.52,0,2026-08-27 14:10:18
9407,10,9.5,102.8,22.8,3.27,0,2026-08-27 14:18:18
9408,42,8.4,77.9,21.5,3.96,0,2026-08-27 14:26:18
9409,1,9.9,114.9,19.8,4.66,0,2026-08-27 14:34:18
9410,24,12.7,133.0,20.4,5.43,0,2026-08-27 14:42:18
9411,37,9.7,113.7,23.0,3.97,0,2026-08-27 14:50:18
9412,36,11.3,122.5,21.1,4.06,0,2026-08-27 14:58:18
9413,8,13.1,141.5,21.2,5.22,0,2026-08-27 15:06:18
9414,36,14.2,117.0,23.9,5.59,0,2026-08-27 15:14:18
9415,14,15.3,133.0,23.9,7.05,0,2026-08-27 15:22:18
9416,39,14.5,133.3,21.9,5.32,0,2026-08-27 15:30:18
9417,48,18.7,166.0,24.6,8.48,0,2026-08-27 15:38:18
9418,30,15.9,127.8,22.2,5.58,0,2026-08-27 15:46:18
9419,6,17.9,204.6,21.7,6.68,0,2026-08-27 15:54:18
9420,25,17.7,197.5,23.6,6.55,0,2026-08-27 16:02:18
9421,17,22.7,189.4,24.3,8.68,0,2026-08-27 16:10:18
9422,21,20.6,195.5,23.2,8.82,0,2026-08-27 16:18:18
9423,3,20.7,236.2,24.8,7.77,0,2026-08-27 16:26:18
9424,45,24.8,269.1,23.1,9.83,0,2026-08-27 16:34:18
9425,39,27.6,310.9,26.0,11.4,0,2026-08-27 16:42:18
9426,41,26.3,220.7,25.9,10.52,0,2026-08-27 16:50:18
9427,12,24.3,245.3,21.9,9.3,0,2026-08-27 16:58:18
9428,13,25.8,237.6,23.5,10.48,0,2026-08-27 17:06:18
9429,4,30.4,257.1,25.9,12.23,0,2026-08-27 17:14:18
9430,39,30.3,333.3,23.6,11.61,0,2026-08-27 17:22:18
9431,47,31.3,284.1,24.4,12.78,0,2026-08-27 17:30:18
9432,28,33.1,303.9,25.9,13.8,0,2026-08-27 17:38:18
9433,11,31.7,377.0,24.7,11.85,0,2026-08-27 17:46:18
9434,1,31.5,259.1,23.5,12.99,0,2026-08-27 17:54:18
9435,17,35.8,312.9,24.0,15.14,0,2026-08-27 18:02:18
9436,20,35.8,427.7,23.5,14.31,0,2026-08-27 18:10:18
9437,30,37.0,430.1,23.8,15.11,0,2026-08-27 18:18:18
9438,25,37.1,375.2,24.3,14.48,0,2026-08-27 18:26:18
9439,36,37.5,401.3,24.8,14.95,0,2026-08-27 18:34:18
9440,6,41.0,373.1,24.4,16.29,0,2026-08-27 18:42:18
9441,31,39.1,436.6,25.9,14.85,0,2026-08-27 18:50:18
9442,38,42.6,379.4,27.8,17.62,0,2026-08-27 18:58:18
9443,2,41.9,474.4,25.6,16.68,0,2026-08-27 19:06:18
9444,38,45.1,507.3,28.8,18.47,0,2026-08-27 19:14:18
9445,19,47.6,558.9,25.9,18.65,0,2026-08-27 19:22:18
9446,18,43.7,474.5,26.5,18.26,0,2026-08-27 19:30:18
9447,48,46.2,550.2,28.0,18.95,0,2026-08-27 19:38:18
9448,29,48.4,504.0,26.2,20.09,0,2026-08-27 19:46:18
9449,46,47.4,472.0,27.8,18.14,0,2026-08-27 19:54:18
9450,48,50.3,458.2,28.7,20.06,0,2026-08-27 20:02:18
9451,47,51.3,437.5,29.1,21.47,0,2026-08-27 20:10:18
9452,48,55.0,513.7,29.3,21.55,0,2026-08-27 20:18:18
9453,46,50.8,501.7,26.0,21.25,0,2026-08-27 20:26:18
9454,43,56.2,567.9,29.3,21.56,0,2026-08-27 20:34:18
9455,7,52.9,609.6,29.2,21.53,0,2026-08-27 20:42:18
9456,44,55.9,467.5,26.7,21.75,0,2026-08-27 20:50:18
9457,27,58.4,497.2,30.7,23.96,0,2026-08-27 20:58:18
9458,21,59.2,646.6,26.9,23.51,0,2026-08-27 21:06:18
9459,23,56.2,635.3,27.7,23.14,0,2026-08-27 21:14:18
9460,37,62.5,512.0,29.0,25.31,0,2026-08-27 21:22:18
9461,28,59.0,540.0,29.7,23.03,0,2026-08-27 21:30:18
9462,23,61.6,725.1,28.6,25.48,0,2026-08-27 21:38:18
9463,33,64.9,601.1,31.1,26.02,0,2026-08-27 21:46:18
9464,34,63.0,682.8,28.0,25.56,0,2026-08-27 21:54:18
9465,25,67.9,648.7,31.1,27.63,0,2026-08-27 22:02:18
9466,28,63.3,706.9,31.1,24.46,0,2026-08-27 22:10:18
9467,18,65.5,682.8,29.0,26.13,0,2026-08-27 22:18:18
9468,14,69.9,625.6,29.6,28.35,0,2026-08-27 22:26:18
9469,37,67.8,726.1,28.8,27.94,0,2026-08-27 22:34:18
9470,20,69.1,691.5,30.3,28.08,0,2026-08-27 22:42:18
9471,23,71.4,672.0,29.2,27.73,0,2026-08-27 22:50:18
9472,46,70.0,728.8,29.4,28.28,0,2026-08-27 22:58:18
9473,16,74.4,885.8,32.3,28.9,0,2026-08-27 23:06:18
9474,48,73.7,763.9,32.9,29.84,0,2026-08-27 23:14:18
9475,36,73.4,602.0,32.7,29.43,0,2026-08-27 23:22:18
9476,50,74.8,763.5,31.0,29.16,0,2026-08-27 23:30:18
9477,23,78.1,752.7,32.2,32.06,0,2026-08-27 23:38:18
9478,41,77.2,711.5,29.9,31.83,0,2026-08-27 23:46:18
9479,41,78.7,668.8,32.8,30.64,0,2026-08-27 23:54:18
9480,50,78.1,761.4,30.5,31.82,0,2026-08-28 00:02:18
9481,25,78.8,775.6,32.3,32.07,0,2026-08-28 00:10:18
9482,41,82.4,800.5,32.0,32.65,0,2026-08-28 00:18:18
9483,40,81.6,876.3,32.3,33.16,0,2026-08-28 00:26:18
9484,20,83.4,944.2,31.6,33.54,0,2026-08-28 00:34:18
9485,47,85.1,753.1,30.8,33.34,1,2026-08-28 00:42:18
9486,36,87.6,895.7,32.0,34.49,1,2026-08-28 00:50:18
9487,24,86.7,1006.5,31.9,34.06,1,2026-08-28 00:58:18
9488,22,85.9,857.1,31.0,34.97,1,2026-08-28 01:06:18
9489,35,88.8,962.1,35.3,35.17,1,2026-08-28 01:14:18
9490,16,89.1,764.0,32.5,35.23,1,2026-08-28 01:22:18
9491,8,91.1,1003.4,34.9,37.04,1,2026-08-28 01:30:18
9492,49,92.1,795.5,35.8,37.2,1,2026-08-28 01:38:18
9493,12,95.6,1129.3,34.4,37.52,1,2026-08-28 01:46:18
9494,1,93.7,1032.4,34.6,36.83,1,2026-08-28 01:54:18
9495,29,93.1,934.8,34.1,38.1,1,2026-08-28 02:02:18
9496,46,96.1,805.7,33.7,38.43,1,2026-08-28 02:10:18
9497,46,97.2,968.9,35.2,39.04,1,2026-08-28 02:18:18
9498,36,99.6,1092.1,36.4,40.26,1,2026-08-28 02:26:18
9499,18,97.3,1129.9,32.8,39.0,1,2026-08-28 02:34:18
9500,42,5.0,46.7,22.2,1.03,0,2026-08-28 02:42:18
9501,19,5.0,55.0,21.6,1.61,0,2026-08-28 02:50:18
9502,8,5.0,55.8,19.6,1.92,0,2026-08-28 02:58:18
9503,29,5.0,52.1,19.2,2.69,0,2026-08-28 03:06:18
9504,6,6.1,50.4,22.3,3.42,0,2026-08-28 03:14:18
9505,15,6.4,54.1,19.8,2.58,0,2026-08-28 03:22:18
9506,24,5.7,56.9,19.0,1.66,0,2026-08-28 03:30:18
9507,37,8.5,101.8,21.8,4.21,0,2026-08-28 03:38:18
9508,13,11.0,128.7,20.6,3.63,0,2026-08-28 03:46:18
9509,11,12.0,112.3,23.0,3.91,0,2026-08-28 03:54:18
9510,6,11.3,101.1,20.0,5.17,0,2026-08-28 04:02:18
9511,48,12.4,130.8,22.5,4.08,0,2026-08-28 04:10:18
9512,30,14.5,171.7,21.6,5.73,0,2026-08-28 04:18:18
9513,11,14.8,136.9,22.9,5.37,0,2026-08-28 04:26:18
9514,18,11.6,128.7,22.5,3.94,0,2026-08-28 04:34:18
9515,2,12.3,144.4,23.0,5.57,0,2026-08-28 04:42:18
9516,43,14.0,134.7,21.0,4.75,0,2026-08-28 04:50:18
9517,44,19.9,164.7,24.3,8.64,0,2026-08-28 04:58:18
9518,10,15.1,161.8,21.9,6.89,0,2026-08-28 05:06:18
9519,6,21.3,255.2,25.0,7.82,0,2026-08-28 05:14:18
9520,22,22.5,250.0,23.0,9.22,0,2026-08-28 05:22:18
9521,10,19.6,208.0,24.8,7.86,0,2026-08-28 05:30:18
9522,25,21.1,171.5,22.6,9.39,0,2026-08-28 05:38:18
9523,39,24.3,236.6,25.0,9.65,0,2026-08-28 05:46:18
9524,22,22.2,212.5,22.6,9.56,0,2026-08-28 05:54:18
9525,38,24.9,220.9,23.8,10.74,0,2026-08-28 06:02:18
9526,22,24.2,207.6,22.3,9.05,0,2026-08-28 06:10:18
9527,12,26.6,256.3,22.4,10.14,0,2026-08-28 06:18:18
9528,38,26.0,292.4,22.5,10.4,0,2026-08-28 06:26:18
9529,14,28.5,258.4,24.2,10.91,0,2026-08-28 06:34:18
9530,36,31.0,325.4,24.0,11.78,0,2026-08-28 06:42:18
9531,31,31.0,328.3,25.6,12.54,0,2026-08-28 06:50:18
9532,43,30.6,286.8,23.5,11.91,0,2026-08-28 06:58:18
9533,10,32.7,379.2,24.5,13.18,0,2026-08-28 07:06:18
9534,50,32.4,368.7,23.5,12.87,0,2026-08-28 07:14:18
9535,11,36.8,429.0,26.0,15.02,0,2026-08-28 07:22:18
9536,8,37.6,415.5,24.8,14.66,0,2026-08-28 07:30:18
9537,31,34.8,353.4,24.3,13.01,0,2026-08-28 07:38:18
9538,41,40.8,394.5,26.8,16.06,0,2026-08-28 07:46:18
9539,22,39.4,451.3,24.3,15.13,0,2026-08-28 07:54:18
9540,37,40.2,466.8,24.8,16.91,0,2026-08-28 08:02:18
9541,26,39.9,334.6,27.4,15.18,0,2026-08-28 08:10:18
9542,9,40.7,367.1,26.4,16.51,0,2026-08-28 08:18:18
9543,37,41.1,339.4,24.4,16.29,0,2026-08-28 08:26:18
9544,13,45.2,458.6,24.9,18.58,0,2026-08-28 08:34:18
9545,11,47.2,433.0,28.2,19.73,0,2026-08-28 08:42:18
9546,6,44.0,428.7,26.6,17.83,0,2026-08-28 08:50:18
9547,34,44.7,499.3,25.3,18.07,0,2026-08-28 08:58:18
9548,47,48.8,542.3,26.0,19.71,0,2026-08-28 09:06:18
9549,5,48.1,472.5,28.5,20.12,0,2026-08-28 09:14:18
9550,4,47.6,392.7,26.8,19.61,0,2026-08-28 09:22:18
9551,2,52.4,577.2,28.7,21.63,0,2026-08-28 09:30:18
9552,9,50.4,585.6,28.7,19.74,0,2026-08-28 09:38:18
9553,42,53.7,480.6,27.4,22.35,0,2026-08-28 09:46:18
9554,14,52.3,461.7,29.0,20.47,0,2026-08-28 09:54:18
9555,1,56.2,516.4,29.7,21.58,0,2026-08-28 10:02:18
9556,22,58.9,651.8,27.2,24.27,0,2026-08-28 10:10:18
9557,6,59.6,706.3,30.1,24.2,0,2026-08-28 10:18:18
9558,20,56.3,635.5,26.8,22.25,0,2026-08-28 10:26:18
9559,43,61.5,658.6,29.4,24.52,0,2026-08-28 10:34:18
9560,43,62.0,706.2,28.9,24.73,0,2026-08-28 10:42:18
9561,33,60.9,610.9,28.7,24.13,0,2026-08-28 10:50:18
9562,37,61.5,606.0,29.0,24.49,0,2026-08-28 10:58:18
9563,3,61.5,705.8,27.3,25.18,0,2026-08-28 11:06:18
9564,40,63.3,522.5,27.5,24.4,0,2026-08-28 11:14:18
9565,11,67.6,683.0,30.4,27.79,0,2026-08-28 11:22:18
9566,5,68.1,682.3,30.1,26.97,0,2026-08-28 11:30:18
9567,32,65.4,638.7,28.5,25.33,0,2026-08-28 11:38:18
9568,49,66.4,662.6,30.9,27.05,0,2026-08-28 11:46:18
9569,9,66.2,788.9,30.8,26.76,0,2026-08-28 11:54:18
9570,42,68.0,584.0,29.0,27.5,0,2026-08-28 12:02:18
9571,29,69.1,613.2,30.9,27.24,0,2026-08-28 12:10:18
9572,33,70.8,671.2,30.3,28.08,0,2026-08-28 12:18:18
9573,5,71.7,799.9,28.8,29.17,0,2026-08-28 12:26:18
9574,12,75.2,645.6,32.8,29.8,0,2026-08-28 12:34:18
9575,20,73.4,865.9,31.2,29.03,0,2026-08-28 12:42:18
9576,5,74.3,822.3,31.2,30.17,0,2026-08-28 12:50:18
9577,23,77.1,617.3,29.6,31.84,0,2026-08-28 12:58:18
9578,43,79.6,660.4,33.0,31.3,0,2026-08-28 13:06:18
9579,5,79.4,855.5,31.5,32.71,0,2026-08-28 13:14:18
9580,31,81.9,786.4,32.4,32.67,0,2026-08-28 13:22:18
9581,28,83.4,879.6,33.8,32.59,0,2026-08-28 13:30:18
9582,44,79.8,718.7,30.7,32.21,0,2026-08-28 13:38:18
9583,36,85.7,889.4,32.7,34.02,1,2026-08-28 13:46:18
9584,35,81.8,694.0,31.6,33.01,0,2026-08-28 13:54:18
9585,35,86.0,972.9,31.0,34.53,1,2026-08-28 14:02:18
9586,17,86.5,778.3,34.3,35.02,1,2026-08-28 14:10:18
9587,4,88.3,779.8,35.1,36.31,1,2026-08-28 14:18:18
9588,11,90.6,987.4,33.8,36.79,1,2026-08-28 14:26:18
9589,38,88.6,812.6,34.1,35.49,1,2026-08-28 14:34:18
9590,30,88.3,1049.0,31.5,34.35,1,2026-08-28 14:42:18
9591,29,90.8,745.1,33.4,36.92,1,2026-08-28 14:50:18
9592,9,92.7,787.6,33.4,37.53,1,2026-08-28 14:58:18
9593,33,93.2,1096.2,35.2,36.42,1,2026-08-28 15:06:18
9594,12,92.6,1064.7,35.7,36.21,1,2026-08-28 15:14:18
9595,31,97.4,1038.6,33.7,38.03,1,2026-08-28 15:22:18
9596,48,93.5,751.0,35.9,38.16,1,2026-08-28 15:30:18
9597,11,95.5,821.1,35.9,39.0,1,2026-08-28 15:38:18
9598,39,97.0,1101.1,34.7,38.86,1,2026-08-28 15:46:18
9599,4,98.1,903.3,35.7,39.36,1,2026-08-28 15:54:18
9600,43,5.0,40.0,19.1,2.3,0,2026-08-28 16:02:18
9601,10,5.0,43.6,19.2,1.36,0,2026-08-28 16:10:18
9602,37,5.0,47.3,19.1,1.32,0,2026-08-28 16:18:18
9603,36,5.0,44.6,21.6,1.09,0,2026-08-28 16:26:18
9604,24,5.0,54.0,19.8,1.2,0,2026-08-28 16:34:18
9605,26,5.5,53.6,20.1,1.77,0,2026-08-28 16:42:18
9606,32,8.4,86.2,23.2,4.18,0,2026-08-28 16:50:18
9607,26,7.4,67.8,19.3,2.8,0,2026-08-28 16:58:18
9608,12,10.6,85.5,21.4,4.62,0,2026-08-28 17:06:18
9609,2,9.2,94.1,20.0,4.63,0,2026-08-28 17:14:18
9610,6,9.8,83.2,20.7,4.07,0,2026-08-28 17:22:18
9611,12,13.7,119.3,23.5,6.48,0,2026-08-28 17:30:18
9612,47,13.5,122.2,21.5,4.51,0,2026-08-28 17:38:18
9613,42,11.4,126.9,22.6,3.93,0,2026-08-28 17:46:18
9614,17,13.8,133.0,23.0,4.84,0,2026-08-28 17:54:18
9615,16,14.2,147.1,22.0,5.13,0,2026-08-28 18:02:18
9616,14,16.2,168.7,23.6,6.55,0,2026-08-28 18:10:18
9617,21,15.1,130.7,20.8,5.48,0,2026-08-28 18:18:18
9618,34,17.6,169.4,24.3,6.72,0,2026-08-28 18:26:18
9619,46,16.1,178.0,21.8,6.57,0,2026-08-28 18:34:18
9620,7,19.5,200.0,24.3,8.46,0,2026-08-28 18:42:18
9621,33,19.8,215.9,24.8,8.35,0,2026-08-28 18:50:18
9622,12,23.8,201.5,24.7,9.07,0,2026-08-28 18:58:18
9623,31,21.3,180.3,23.3,8.76,0,2026-08-28 19:06:18
9624,48,23.1,228.5,23.5,8.48,0,2026-08-28 19:14:18
9625,4,23.8,249.6,24.1,9.78,0,2026-08-28 19:22:18
9626,14,25.9,306.0,22.0,9.48,0,2026-08-28 19:30:18
9627,12,28.4,227.2,24.8,12.19,0,2026-08-28 19:38:18
9628,5,30.0,281.8,25.7,12.7,0,2026-08-28 19:46:18
9629,35,27.4,266.5,24.0,11.35,0,2026-08-28 19:54:18
9630,17,32.1,356.3,23.8,13.06,0,2026-08-28 20:02:18
9631,1,33.7,310.4,24.7,12.87,0,2026-08-28 20:10:18
9632,33,29.7,331.1,24.1,11.6,0,2026-08-28 20:18:18
9633,15,30.5,323.3,25.9,12.13,0,2026-08-28 20:26:18
9634,33,36.4,379.3,25.2,14.4,0,2026-08-28 20:34:18
9635,44,37.2,399.4,26.9,14.83,0,2026-08-28 20:42:18
9636,10,36.9,356.0,27.1,14.7,0,2026-08-28 20:50:18
9637,15,34.8,305.0,25.0,14.22,0,2026-08-28 20:58:18
9638,49,36.3,354.0,25.5,14.34,0,2026-08-28 21:06:18
9639,45,37.2,407.0,23.8,15.76,0,2026-08-28 21:14:18
9640,25,39.7,459.1,25.3,15.57,0,2026-08-28 21:22:18
9641,45,39.6,385.1,25.7,15.36,0,2026-08-28 21:30:18
9642,1,39.7,318.5,25.6,16.08,0,2026-08-28 21:38:18
9643,17,45.1,402.6,25.4,18.54,0,2026-08-28 21:46:18
9644,32,43.0,459.9,28.4,17.87,0,2026-08-28 21:54:18
9645,13,46.6,486.7,25.8,18.91,0,2026-08-28 22:02:18
9646,24,43.9,477.1,26.1,17.82,0,2026-08-28 22:10:18
9647,46,49.6,400.4,28.0,18.97,0,2026-08-28 22:18:18
9648,39,48.0,539.6,28.8,19.29,0,2026-08-28 22:26:18
9649,16,48.9,582.1,27.7,20.01,0,2026-08-28 22:34:18
9650,14,50.7,436.9,26.5,19.37,0,2026-08-28 22:42:18
9651,47,53.3,468.3,26.1,21.85,0,2026-08-28 22:50:18
9652,22,53.0,490.5,27.3,21.11,0,2026-08-28 22:58:18
9653,40,51.5,546.0,26.5,20.42,0,2026-08-28 23:06:18
9654,41,52.3,467.5,27.7,20.57,0,2026-08-28 23:14:18
9655,7,57.9,482.6,29.8,23.8,0,2026-08-28 23:22:18
9656,2,56.3,545.9,29.8,23.5,0,2026-08-28 23:30:18
9657,47,58.4,578.4,26.9,22.98,0,2026-08-28 23:38:18
9658,20,60.9,511.0,29.8,24.49,0,2026-08-28 23:46:18
9659,31,58.8,617.0,30.2,23.52,0,2026-08-28 23:54:18
9660,45,61.1,515.2,30.6,24.57,0,2026-08-29 00:02:18
9661,3,58.2,616.1,30.5,24.25,0,2026-08-29 00:10:18
9662,25,62.5,569.5,29.0,24.12,0,2026-08-29 00:18:18
9663,45,61.9,709.1,27.3,25.25,0,2026-08-29 00:26:18
9664,32,66.7,631.8,30.8,26.1,0,2026-08-29 00:34:18
9665,50,63.4,531.0,28.5,25.7,0,2026-08-29 00:42:18
9666,4,65.5,777.6,29.5,26.48,0,2026-08-29 00:50:18
9667,30,64.7,734.3,29.4,26.2,0,2026-08-29 00:58:18
9668,41,67.8,703.6,29.7,27.48,0,2026-08-29 01:06:18
9669,50,70.6,787.5,31.5,27.85,0,2026-08-29 01:14:18
9670,3,70.0,665.5,30.8,27.13,0,2026-08-29 01:22:18
9671,13,73.5,817.2,32.4,28.94,0,2026-08-29 01:30:18
9672,28,70.0,698.7,32.1,28.13,0,2026-08-29 01:38:18
9673,14,73.9,863.8,30.7,28.58,0,2026-08-29 01:46:18
9674,25,73.2,790.8,30.8,29.36,0,2026-08-29 01:54:18
9675,21,72.7,761.1,31.7,28.94,0,2026-08-29 02:02:18
9676,27,78.8,701.4,29.9,31.7,0,2026-08-29 02:10:18
9677,24,79.1,845.7,30.9,31.69,0,2026-08-29 02:18:18
9678,35,77.5,640.2,30.1,31.55,0,2026-08-29 02:26:18
9679,24,82.0,708.2,32.3,32.31,0,2026-08-29 02:34:18
9680,48,77.9,729.8,31.8,31.13,0,2026-08-29 02:42:18
9681,19,78.3,700.3,32.4,30.7,0,2026-08-29 02:50:18
9682,1,83.0,713.4,33.6,32.83,0,2026-08-29 02:58:18
9683,50,84.6,915.2,30.8,33.27,0,2026-08-29 03:06:18
9684,16,86.0,865.0,32.3,34.63,1,2026-08-29 03:14:18
9685,42,84.6,910.1,33.0,33.44,0,2026-08-29 03:22:18
9686,39,88.6,1007.6,33.1,36.09,1,2026-08-29 03:30:18
9687,5,84.4,695.4,30.8,33.22,0,2026-08-29 03:38:18
9688,14,90.1,736.1,34.3,35.83,1,2026-08-29 03:46:18
9689,27,87.3,920.6,33.0,35.05,1,2026-08-29 03:54:18
9690,50,90.0,870.2,33.4,36.35,1,2026-08-29 04:02:18
9691,29,90.5,841.1,35.1,36.53,1,2026-08-29 04:10:18
9692,10,94.2,1035.3,32.7,37.33,1,2026-08-29 04:18:18
9693,5,94.4,755.6,34.0,38.16,1,2026-08-29 04:26:18
9694,34,93.3,1018.9,34.2,37.16,1,2026-08-29 04:34:18
9695,16,96.7,1083.8,35.8,37.97,1,2026-08-29 04:42:18
9696,33,94.8,1106.6,35.5,37.3,1,2026-08-29 04:50:18
9697,18,99.4,1009.7,36.0,38.9,1,2026-08-29 04:58:18
9698,50,96.8,862.5,34.0,38.08,1,2026-08-29 05:06:18
9699,38,100.0,1036.0,36.8,40.71,1,2026-08-29 05:14:18
9700,17,5.0,58.1,19.7,2.65,0,2026-08-29 05:22:18
9701,6,5.0,51.7,22.4,2.92,0,2026-08-29 05:30:18
9702,15,5.0,59.6,20.5,2.48,0,2026-08-29 05:38:18
9703,25,5.0,53.1,20.1,1.45,0,2026-08-29 05:46:18
9704,20,5.0,58.4,22.1,1.83,0,2026-08-29 05:54:18
9705,29,7.8,91.1,22.0,3.72,0,2026-08-29 06:02:18
9706,23,8.6,73.7,22.7,3.23,0,2026-08-29 06:10:18
9707,5,9.3,105.3,23.0,2.75,0,2026-08-29 06:18:18
9708,6,6.8,77.8,19.1,3.63,0,2026-08-29 06:26:18
9709,50,6.1,65.5,22.2,2.69,0,2026-08-29 06:34:18
9710,5,7.5,79.6,21.9,3.12,0,2026-08-29 06:42:18
9711,20,10.7,90.0,23.1,5.22,0,2026-08-29 06:50:18
9712,18,11.7,107.3,22.9,5.62,0,2026-08-29 06:58:18
9713,48,15.5,129.8,21.6,5.52,0,2026-08-29 07:06:18
9714,6,15.2,162.7,22.6,5.66,0,2026-08-29 07:14:18
9715,41,17.0,160.1,23.4,6.76,0,2026-08-29 07:22:18
9716,9,14.2,114.5,20.2,6.48,0,2026-08-29 07:30:18
9717,37,15.5,161.4,21.8,6.24,0,2026-08-29 07:38:18
9718,13,16.2,161.9,21.5,5.84,0,2026-08-29 07:46:18
9719,9,20.2,170.9,21.0,7.98,0,2026-08-29 07:54:18
9720,26,19.2,225.3,23.9,7.43,0,2026-08-29 08:02:18
9721,49,18.1,156.3,23.0,8.14,0,2026-08-29 08:10:18
9722,16,23.7,262.1,24.8,9.71,0,2026-08-29 08:18:18
9723,41,22.5,210.7,24.6,9.14,0,2026-08-29 08:26:18
9724,6,23.5,230.0,24.4,8.97,0,2026-08-29 08:34:18
9725,26,26.9,286.9,23.4,11.62,0,2026-08-29 08:42:18
9726,14,26.9,242.2,23.3,10.4,0,2026-08-29 08:50:18
9727,7,25.4,301.5,22.4,10.51,0,2026-08-29 08:58:18
9728,40,27.3,270.9,24.2,11.41,0,2026-08-29 09:06:18
9729,19,31.8,304.5,25.7,12.77,0,2026-08-29 09:14:18
9730,36,27.9,298.4,24.0,10.88,0,2026-08-29 09:22:18
9731,24,33.5,391.8,25.6,13.23,0,2026-08-29 09:30:18
9732,33,34.8,339.1,24.7,13.03,0,2026-08-29 09:38:18
9733,1,30.3,274.6,24.3,12.71,0,2026-08-29 09:46:18
9734,23,36.2,422.2,24.6,14.45,0,2026-08-29 09:54:18
9735,14,32.9,332.5,24.4,14.0,0,2026-08-29 10:02:18
9736,40,34.5,376.9,25.8,14.15,0,2026-08-29 10:10:18
9737,43,37.7,382.5,25.1,14.18,0,2026-08-29 10:18:18
9738,9,36.9,338.0,24.5,15.66,0,2026-08-29 10:26:18
9739,49,38.6,415.7,26.9,14.99,0,2026-08-29 10:34:18
9740,6,40.6,466.4,26.9,16.98,0,2026-08-29 10:42:18
9741,35,42.6,410.3,24.7,17.0,0,2026-08-29 10:50:18
9742,20,39.4,457.3,24.8,16.09,0,2026-08-29 10:58:18
9743,44,45.0,482.4,28.4,18.2,0,2026-08-29 11:06:18
9744,50,43.4,489.7,27.4,17.61,0,2026-08-29 11:14:18
9745,13,44.1,444.7,28.3,17.27,0,2026-08-29 11:22:18
9746,4,47.3,529.4,25.8,17.93,0,2026-08-29 11:30:18
9747,8,49.7,428.8,27.4,20.24,0,2026-08-29 11:38:18
9748,11,46.8,419.7,29.0,18.32,0,2026-08-29 11:46:18
9749,32,46.4,487.5,25.0,18.17,0,2026-08-29 11:54:18
9750,9,47.3,413.1,26.2,19.91,0,2026-08-29 12:02:18
9751,47,52.6,468.7,26.6,20.75,0,2026-08-29 12:10:18
9752,7,52.8,429.8,27.9,21.8,0,2026-08-29 12:18:18
9753,18,55.8,543.1,28.9,22.81,0,2026-08-29 12:26:18
9754,39,54.0,480.8,29.5,20.85,0,2026-08-29 12:34:18
9755,42,55.5,636.5,27.1,21.87,0,2026-08-29 12:42:18
9756,29,56.5,562.5,26.7,22.84,0,2026-08-29 12:50:18
9757,41,56.8,619.4,30.5,23.19,0,2026-08-29 12:58:18
9758,16,59.8,637.0,29.1,23.98,0,2026-08-29 13:06:18
9759,35,61.1,498.4,29.7,23.76,0,2026-08-29 13:14:18
9760,2,61.9,643.1,30.5,25.28,0,2026-08-29 13:22:18
9761,21,63.3,689.9,28.9,25.3,0,2026-08-29 13:30:18
9762,9,64.2,584.1,30.3,25.69,0,2026-08-29 13:38:18
9763,24,60.4,509.3,27.3,24.1,0,2026-08-29 13:46:18
9764,44,66.4,699.0,30.7,26.65,0,2026-08-29 13:54:18
9765,5,64.9,645.3,31.2,26.47,0,2026-08-29 14:02:18
9766,15,67.5,684.3,29.9,26.3,0,2026-08-29 14:10:18
9767,48,65.9,751.5,30.2,26.21,0,2026-08-29 14:18:18
9768,26,66.5,545.0,31.8,26.19,0,2026-08-29 14:26:18
9769,39,71.1,604.7,31.3,27.81,0,2026-08-29 14:34:18
9770,6,69.5,796.2,32.4,27.46,0,2026-08-29 14:42:18
9771,16,71.2,578.8,30.7,28.19,0,2026-08-29 14:50:18
9772,25,73.4,689.5,30.0,28.76,0,2026-08-29 14:58:18
9773,20,72.2,673.1,31.4,29.68,0,2026-08-29 15:06:18
9774,14,71.1,646.6,32.3,29.29,0,2026-08-29 15:14:18
9775,29,75.9,855.8,31.6,30.98,0,2026-08-29 15:22:18
9776,30,75.7,655.2,30.7,30.3,0,2026-08-29 15:30:18
9777,10,78.0,733.7,30.2,31.39,0,2026-08-29 15:38:18
9778,25,75.9,729.6,29.4,29.84,0,2026-08-29 15:46:18
9779,21,79.6,707.1,33.8,32.63,0,2026-08-29 15:54:18
9780,35,81.5,730.5,30.5,32.64,0,2026-08-29 16:02:18
9781,19,79.6,718.8,32.0,31.01,0,2026-08-29 16:10:18
9782,27,80.8,766.4,33.9,32.63,0,2026-08-29 16:18:18
9783,49,83.2,978.3,32.9,32.98,0,2026-08-29 16:26:18
9784,28,85.9,723.3,32.9,34.96,1,2026-08-29 16:34:18
9785,43,84.6,723.9,33.9,32.95,0,2026-08-29 16:42:18
9786,23,88.1,820.2,33.0,35.78,1,2026-08-29 16:50:18
9787,25,87.1,711.5,33.1,35.12,1,2026-08-29 16:58:18
9788,33,88.7,730.0,33.7,35.34,1,2026-08-29 17:06:18
9789,47,91.7,1074.0,35.7,36.5,1,2026-08-29 17:14:18
9790,27,91.5,860.2,35.5,35.79,1,2026-08-29 17:22:18
9791,46,91.5,838.8,32.7,36.89,1,2026-08-29 17:30:18
9792,10,94.4,861.7,34.3,37.5,1,2026-08-29 17:38:18
9793,13,94.6,967.6,32.5,37.59,1,2026-08-29 17:46:18
9794,3,93.7,890.8,32.2,38.16,1,2026-08-29 17:54:18
9795,41,96.5,968.5,35.6,38.67,1,2026-08-29 18:02:18
9796,3,98.0,1048.9,36.4,38.76,1,2026-08-29 18:10:18
9797,43,96.6,848.6,33.6,37.64,1,2026-08-29 18:18:18
9798,48,100.0,884.2,36.0,40.64,1,2026-08-29 18:26:18
9799,17,97.2,818.8,35.2,37.97,1,2026-08-29 18:34:18
9800,27,5.0,59.8,19.6,2.07,0,2026-08-29 18:42:18
9801,36,5.0,56.3,21.5,1.38,0,2026-08-29 18:50:18
9802,28,5.0,57.3,18.9,1.4,0,2026-08-29 18:58:18
9803,32,5.0,42.7,21.9,1.85,0,2026-08-29 19:06:18
9804,29,5.0,44.4,19.5,2.81,0,2026-08-29 19:14:18
9805,14,5.9,66.2,19.4,2.99,0,2026-08-29 19:22:18
9806,39,5.0,43.4,22.5,1.43,0,2026-08-29 19:30:18
9807,38,5.0,47.9,22.5,1.0,0,2026-08-29 19:38:18
9808,16,9.3,89.5,21.8,4.46,0,2026-08-29 19:46:18
9809,30,8.5,92.8,22.2,3.13,0,2026-08-29 19:54:18
9810,17,7.2,58.7,20.0,3.8,0,2026-08-29 20:02:18
9811,38,9.0,101.3,21.7,3.98,0,2026-08-29 20:10:18
9812,15,9.6,93.7,20.0,3.21,0,2026-08-29 20:18:18
9813,27,14.1,165.1,21.7,4.87,0,2026-08-29 20:26:18
9814,37,14.6,145.7,21.2,6.08,0,2026-08-29 20:34:18
9815,24,13.5,158.6,20.2,6.28,0,2026-08-29 20:42:18
9816,35,18.5,214.7,21.3,6.56,0,2026-08-29 20:50:18
9817,26,15.5,162.5,21.9,5.87,0,2026-08-29 20:58:18
9818,42,20.4,230.3,22.7,8.53,0,2026-08-29 21:06:18
9819,21,21.6,176.3,24.8,9.6,0,2026-08-29 21:14:18
9820,30,20.3,195.4,22.0,8.47,0,2026-08-29 21:22:18
9821,17,21.1,229.7,23.4,7.58,0,2026-08-29 21:30:18
9822,18,20.5,211.4,23.0,7.25,0,2026-08-29 21:38:18
9823,28,24.4,209.3,25.6,9.61,0,2026-08-29 21:46:18
9824,13,21.5,217.8,24.6,9.08,0,2026-08-29 21:54:18
9825,16,27.6,227.1,22.4,10.84,0,2026-08-29 22:02:18
9826,13,24.3,285.7,25.4,10.29,0,2026-08-29 22:10:18
9827,16,24.9,271.7,24.7,10.1,0,2026-08-29 22:18:18
9828,43,27.0,230.5,24.6,11.43,0,2026-08-29 22:26:18
9829,24,28.7,301.4,24.9,11.0,0,2026-08-29 22:34:18
9830,46,27.0,275.0,24.5,11.15,0,2026-08-29 22:42:18
9831,1,33.8,340.3,26.6,13.39,0,2026-08-29 22:50:18
9832,33,31.7,292.1,23.1,12.71,0,2026-08-29 22:58:18
9833,45,31.2,355.3,25.3,13.48,0,2026-08-29 23:06:18
9834,16,34.9,410.8,23.3,14.13,0,2026-08-29 23:14:18
9835,17,32.9,355.3,24.4,12.81,0,2026-08-29 23:22:18
9836,16,35.2,291.7,23.8,14.65,0,2026-08-29 23:30:18
9837,4,39.6,356.3,27.9,15.77,0,2026-08-29 23:38:18
9838,45,35.4,289.4,23.7,14.84,0,2026-08-29 23:46:18
9839,30,37.6,392.7,25.4,14.21,0,2026-08-29 23:54:18
9840,40,40.0,394.9,26.2,15.97,0,2026-08-30 00:02:18
9841,19,39.0,398.6,24.7,16.16,0,2026-08-30 00:10:18
9842,21,40.8,334.9,25.9,15.8,0,2026-08-30 00:18:18
9843,34,40.3,470.2,25.7,15.3,0,2026-08-30 00:26:18
9844,28,43.7,396.6,27.3,17.56,0,2026-08-30 00:34:18
9845,12,46.5,411.9,25.2,19.26,0,2026-08-30 00:42:18
9846,43,45.6,460.3,27.1,18.39,0,2026-08-30 00:50:18
9847,3,48.9,497.7,27.2,19.62,0,2026-08-30 00:58:18
9848,46,45.9,402.4,25.4,18.98,0,2026-08-30 01:06:18
9849,44,51.4,504.6,28.4,21.55,0,2026-08-30 01:14:18
9850,8,52.2,497.1,28.0,20.42,0,2026-08-30 01:22:18
9851,47,48.1,541.3,28.0,18.54,0,2026-08-30 01:30:18
9852,44,49.1,558.7,26.6,19.95,0,2026-08-30 01:38:18
9853,24,54.0,528.6,27.7,21.38,0,2026-08-30 01:46:18
9854,25,56.9,615.1,27.7,22.56,0,2026-08-30 01:54:18
9855,21,56.3,451.4,27.5,22.1,0,2026-08-30 02:02:18
9856,50,54.3,615.0,29.2,21.6,0,2026-08-30 02:10:18
9857,47,59.1,650.5,27.3,24.28,0,2026-08-30 02:18:18
9858,18,59.3,561.6,30.0,24.27,0,2026-08-30 02:26:18
9859,32,59.4,639.7,30.2,24.04,0,2026-08-30 02:34:18
9860,20,60.6,605.5,30.3,23.3,0,2026-08-30 02:42:18
9861,23,59.5,529.2,30.7,24.33,0,2026-08-30 02:50:18
9862,16,63.2,601.7,29.1,24.98,0,2026-08-30 02:58:18
9863,15,63.9,577.5,30.7,25.79,0,2026-08-30 03:06:18
9864,32,66.2,689.8,31.7,26.38,0,2026-08-30 03:14:18
9865,33,64.2,706.7,29.1,25.26,0,2026-08-30 03:22:18
9866,47,68.7,809.4,30.8,26.62,0,2026-08-30 03:30:18
9867,10,68.3,608.2,30.4,26.95,0,2026-08-30 03:38:18
9868,13,67.5,625.9,30.2,26.56,0,2026-08-30 03:46:18
9869,30,71.2,661.9,32.0,28.94,0,2026-08-30 03:54:18
9870,43,70.7,700.5,30.2,28.6,0,2026-08-30 04:02:18
9871,33,70.0,593.1,30.9,28.58,0,2026-08-30 04:10:18
9872,11,73.2,744.9,32.6,30.26,0,2026-08-30 04:18:18
9873,16,74.1,717.7,32.8,29.57,0,2026-08-30 04:26:18
9874,39,74.8,825.7,31.6,30.53,0,2026-08-30 04:34:18
9875,11,73.1,613.8,29.4,30.02,0,2026-08-30 04:42:18
9876,46,73.5,623.9,30.7,29.71,0,2026-08-30 04:50:18
9877,27,77.7,766.6,30.3,30.62,0,2026-08-30 04:58:18
9878,29,79.9,853.6,30.3,32.93,0,2026-08-30 05:06:18
9879,12,78.0,779.8,30.9,31.08,0,2026-08-30 05:14:18
9880,28,79.9,831.5,31.0,32.13,0,2026-08-30 05:22:18
9881,49,83.0,756.1,33.4,32.97,0,2026-08-30 05:30:18
9882,30,84.1,844.2,31.2,32.87,0,2026-08-30 05:38:18
9883,7,83.6,725.5,33.4,34.02,0,2026-08-30 05:46:18
9884,28,82.7,852.8,33.6,32.92,0,2026-08-30 05:54:18
9885,14,82.0,731.9,32.5,32.63,0,2026-08-30 06:02:18
9886,8,85.2,741.0,34.2,33.72,1,2026-08-30 06:10:18
9887,12,88.9,964.4,32.7,34.77,1,2026-08-30 06:18:18
9888,38,88.8,802.9,34.7,35.93,1,2026-08-30 06:26:18
9889,49,91.5,765.0,35.4,37.02,1,2026-08-30 06:34:18
9890,17,89.2,873.0,33.7,36.18,1,2026-08-30 06:42:18
9891,4,88.3,750.0,32.4,36.26,1,2026-08-30 06:50:18
9892,50,93.5,834.5,35.2,37.18,1,2026-08-30 06:58:18
9893,25,95.9,1079.5,34.3,38.26,1,2026-08-30 07:06:18
9894,8,93.0,765.8,32.7,37.24,1,2026-08-30 07:14:18
9895,36,95.1,898.7,32.6,37.12,1,2026-08-30 07:22:18
9896,1,93.9,1039.8,33.5,36.79,1,2026-08-30 07:30:18
9897,13,98.3,1068.5,35.6,40.23,1,2026-08-30 07:38:18
9898,18,100.0,1041.3,34.2,39.57,1,2026-08-30 07:46:18
9899,50,98.9,988.1,36.5,38.85,1,2026-08-30 07:54:18
9900,14,5.0,54.2,20.8,1.49,0,2026-08-30 08:02:18
9901,6,5.0,43.9,19.9,1.52,0,2026-08-30 08:10:18
9902,45,5.0,51.9,19.1,1.2,0,2026-08-30 08:18:18
9903,40,5.0,41.0,20.2,1.62,0,2026-08-30 08:26:18
9904,13,5.0,49.3,19.9,2.9,0,2026-08-30 08:34:18
9905,25,5.0,52.7,22.4,2.4,0,2026-08-30 08:42:18
9906,8,5.6,59.5,22.3,3.22,0,2026-08-30 08:50:18
9907,32,8.5,87.9,20.8,3.23,0,2026-08-30 08:58:18
9908,8,9.2,96.9,22.6,3.87,0,2026-08-30 09:06:18
9909,42,9.0,94.2,20.9,4.43,0,2026-08-30 09:14:18
9910,44,10.0,102.0,23.5,3.31,0,2026-08-30 09:22:18
9911,3,11.6,102.4,22.8,4.71,0,2026-08-30 09:30:18
9912,6,14.0,143.1,22.9,5.87,0,2026-08-30 09:38:18
9913,11,10.3,117.2,21.4,4.8,0,2026-08-30 09:46:18
9914,16,13.7,149.3,23.4,6.34,0,2026-08-30 09:54:18
9915,2,14.8,126.5,20.6,5.33,0,2026-08-30 10:02:18
9916,46,14.3,168.2,21.5,6.17,0,2026-08-30 10:10:18
9917,42,14.0,130.1,23.0,5.84,0,2026-08-30 10:18:18
9918,33,17.2,139.2,22.8,7.05,0,2026-08-30 10:26:18
9919,35,20.1,208.6,24.1,7.68,0,2026-08-30 10:34:18
9920,21,19.9,161.8,21.1,7.67,0,2026-08-30 10:42:18
9921,48,22.8,245.7,22.9,9.61,0,2026-08-30 10:50:18
9922,7,24.2,279.9,22.3,9.91,0,2026-08-30 10:58:18
9923,40,23.9,229.3,21.8,8.71,0,2026-08-30 11:06:18
9924,32,26.0,290.7,23.7,11.23,0,2026-08-30 11:14:18
9925,43,22.8,201.3,24.2,9.68,0,2026-08-30 11:22:18
9926,27,26.2,310.2,25.7,10.41,0,2026-08-30 11:30:18
9927,12,26.6,275.0,22.3,11.12,0,2026-08-30 11:38:18
9928,26,29.2,347.7,23.1,10.75,0,2026-08-30 11:46:18
9929,46,30.7,317.1,23.6,12.0,0,2026-08-30 11:54:18
9930,40,28.6,301.9,23.4,10.76,0,2026-08-30 12:02:18
9931,50,31.9,361.6,24.7,13.61,0,2026-08-30 12:10:18
9932,22,32.4,326.7,23.3,13.4,0,2026-08-30 12:18:18
9933,46,36.0,324.8,27.2,15.11,0,2026-08-30 12:26:18
9934,45,35.6,334.9,24.5,13.63,0,2026-08-30 12:34:18
9935,47,33.5,379.7,24.8,12.45,0,2026-08-30 12:42:18
9936,21,38.1,429.4,26.2,14.5,0,2026-08-30 12:50:18
9937,12,35.4,395.6,23.7,13.95,0,2026-08-30 12:58:18
9938,3,35.9,379.0,25.4,14.04,0,2026-08-30 13:06:18
9939,38,41.3,433.6,27.6,17.28,0,2026-08-30 13:14:18
9940,32,41.6,404.2,26.2,16.86,0,2026-08-30 13:22:18
9941,18,42.4,460.2,27.9,17.29,0,2026-08-30 13:30:18
9942,22,41.5,342.9,27.7,15.79,0,2026-08-30 13:38:18
9943,3,43.3,484.5,26.8,17.5,0,2026-08-30 13:46:18
9944,46,46.9,416.2,28.2,19.34,0,2026-08-30 13:54:18
9945,8,45.5,481.2,26.2,18.17,0,2026-08-30 14:02:18
9946,17,44.0,463.3,28.1,18.33,0,2026-08-30 14:10:18
9947,10,46.2,472.8,28.8,19.02,0,2026-08-30 14:18:18
9948,48,45.1,411.3,26.9,18.7,0,2026-08-30 14:26:18
9949,20,48.3,553.3,26.1,18.66,0,2026-08-30 14:34:18
9950,40,50.0,423.4,25.6,19.83,0,2026-08-30 14:42:18
9951,30,53.0,585.0,28.7,21.75,0,2026-08-30 14:50:18
9952,20,50.8,487.0,26.5,21.14,0,2026-08-30 14:58:18
9953,50,53.1,437.9,28.2,21.69,0,2026-08-30 15:06:18
9954,50,53.5,627.0,29.4,21.49,0,2026-08-30 15:14:18
9955,12,56.6,471.5,27.9,23.47,0,2026-08-30 15:22:18
9956,33,54.5,556.2,26.7,21.76,0,2026-08-30 15:30:18
9957,11,57.8,654.7,30.4,24.03,0,2026-08-30 15:38:18
9958,50,58.3,589.1,28.4,22.8,0,2026-08-30 15:46:18
9959,44,56.4,609.1,29.3,22.3,0,2026-08-30 15:54:18
9960,33,61.2,689.8,31.0,24.88,0,2026-08-30 16:02:18
9961,9,59.9,516.2,29.3,24.93,0,2026-08-30 16:10:18
9962,19,62.4,748.7,29.7,24.91,0,2026-08-30 16:18:18
9963,16,60.2,711.4,30.7,24.31,0,2026-08-30 16:26:18
9964,23,65.1,690.2,29.7,26.76,0,2026-08-30 16:34:18
9965,13,67.0,636.5,31.0,27.42,0,2026-08-30 16:42:18
9966,47,65.9,752.2,29.7,25.88,0,2026-08-30 16:50:18
9967,19,64.0,666.2,28.2,26.53,0,2026-08-30 16:58:18
9968,11,70.0,638.4,32.4,28.35,0,2026-08-30 17:06:18
9969,34,69.0,566.4,29.6,27.97,0,2026-08-30 17:14:18
9970,41,68.5,755.9,28.4,26.69,0,2026-08-30 17:22:18
9971,4,68.5,597.7,31.7,27.9,0,2026-08-30 17:30:18
9972,37,71.6,676.3,29.1,28.55,0,2026-08-30 17:38:18
9973,16,75.2,792.0,32.9,29.21,0,2026-08-30 17:46:18
9974,22,73.3,720.2,32.7,28.36,0,2026-08-30 17:54:18
9975,13,75.3,811.0,31.3,30.03,0,2026-08-30 18:02:18
9976,20,79.0,812.7,31.7,31.53,0,2026-08-30 18:10:18
9977,31,77.8,888.9,32.3,30.6,0,2026-08-30 18:18:18
9978,14,78.4,783.0,33.6,31.89,0,2026-08-30 18:26:18
9979,44,78.5,794.0,30.6,31.27,0,2026-08-30 18:34:18
9980,22,80.4,803.0,31.1,32.39,0,2026-08-30 18:42:18
9981,28,81.6,972.1,31.7,33.16,0,2026-08-30 18:50:18
9982,20,83.4,848.4,33.1,34.14,0,2026-08-30 18:58:18
9983,11,80.4,898.6,33.2,31.58,0,2026-08-30 19:06:18
9984,4,81.3,737.7,31.1,32.12,0,2026-08-30 19:14:18
9985,25,83.4,782.2,32.5,32.79,0,2026-08-30 19:22:18
9986,4,85.9,856.3,31.8,34.25,1,2026-08-30 19:30:18
9987,12,86.6,811.2,33.7,35.0,1,2026-08-30 19:38:18
9988,1,86.6,1014.9,31.2,34.74,1,2026-08-30 19:46:18
9989,46,88.8,736.1,31.8,35.55,1,2026-08-30 19:54:18
9990,37,91.7,933.4,35.6,35.78,1,2026-08-30 20:02:18
9991,15,93.3,971.9,34.1,36.58,1,2026-08-30 20:10:18
9992,23,93.6,752.5,33.3,37.71,1,2026-08-30 20:18:18
9993,19,95.0,961.3,32.5,37.83,1,2026-08-30 20:26:18
9994,45,91.6,1002.2,34.6,36.52,1,2026-08-30 20:34:18
9995,46,96.5,1023.6,34.5,39.16,1,2026-08-30 20:42:18
9996,33,97.7,931.1,33.2,38.58,1,2026-08-30 20:50:18
9997,4,97.8,956.5,34.7,39.48,1,2026-08-30 20:58:18
9998,28,98.8,960.4,34.0,40.39,1,2026-08-30 21:06:18
9999,48,98.5,1132.6,35.5,39.31,1,2026-08-30 21:14:18
10000,42,5.0,42.9,20.2,1.05,0,2026-08-30 21:22:18
